hour,bus_id_modom,vm_pu,va_degree,vn_kv,matched
h_01,WAANDE,1.0020115323137284,0.2261862701804705,138.0,True
h_01,WABCOF,0.9810764522447692,-20.437360427347887,69.0,True
h_01,WABISF,0.9720086598702253,-23.485137541259,69.0,True
h_01,WABRUF,0.927327911165878,-11.632882995176715,69.0,True
h_01,WACIBF,0.9981487514727323,-20.402565586566897,69.0,True
h_01,WACLAE,0.9984078062239988,-14.660256144931639,138.0,True
h_01,WACLAK,0.9998488237137954,-14.667672005913635,34.5,True
h_01,WADMIF,,,,False
h_01,WADOMF,1.011591928954573,-14.599356242103733,69.0,True
h_01,WAGUAE,1.0018397138040116,-10.400384876954472,138.0,True
h_01,WAGUBE,1.0018397138040116,-10.400384876954472,138.0,True
h_01,WAHMIF,0.9767384027907834,-25.69539992888213,69.0,True
h_01,WAHO1E,0.9863873765005903,-10.221383523849816,138.0,True
h_01,WAHO2E,0.9863873765005903,-10.221383523849816,138.0,True
h_01,WAHOBF,0.9811660058957772,-13.59201385384733,69.0,True
h_01,WAHONF,0.9811660058957772,-13.59201385384733,69.0,True
h_01,WAIAMF,,,,False
h_01,WAIAZF,,,,False
h_01,WAIBAF,,,,False
h_01,WAIISF,,,,False
h_01,WAISAF,,,,False
h_01,WAISCF,0.9869673151188088,-18.82724404030264,69.0,True
h_01,WAISOF,0.9953456089838563,-27.484374739027665,69.0,True
h_01,WAIUNF,,,,False
h_01,WAIZSF,,,,False
h_01,WAORIF,0.9543669991216746,-12.246580319802014,69.0,True
h_01,WAPERF,0.980938989459434,-30.648193951574115,69.0,True
h_01,WAPFAF,1.0002562954572116,-20.213752003700606,69.0,True
h_01,WAQUIF,0.9889434337602704,-21.519546286108152,69.0,True
h_01,WASOEF,0.960418649864248,-19.852576663263363,69.0,True
h_01,WAZUAF,0.9716974626247613,-19.694774970567916,69.0,True
h_01,WBALDF,1.0008330784041641,-20.167845922894642,69.0,True
h_01,WBANIF,0.9743272143107692,-19.53497938273727,69.0,True
h_01,WBAPEF,0.9720896518878033,-20.01427096496532,69.0,True
h_01,WBARAF,0.9801998267114599,-17.947471950768467,69.0,True
h_01,WBARCE,,,,False
h_01,WBASIF,0.9483887429561475,-12.110536784167195,69.0,True
h_01,WBAYAE,1.0057040543379565,-12.694717939914666,138.0,True
h_01,WBAYAK,1.0055300032917327,-12.697411415627954,34.5,True
h_01,WBAYOF,0.9801863031178454,-14.141316730385736,69.0,True
h_01,WBCARF,,,,False
h_01,WBCARK,0.9999999999999996,-11.849495697183228,13.800000190734863,True
h_01,WBCHIE,0.9940258045043522,-4.357086011482567,138.0,True
h_01,WBCHIF,0.9629767104830941,-9.084599079770205,69.0,True
h_01,WBDERF,0.9619214070662027,-24.06721725716641,69.0,True
h_01,WBDERK,1.0,-24.299066532267865,13.800000190734863,True
h_01,WBENEF,0.954818260027947,-18.39905993414292,69.0,True
h_01,WBERSF,,,,False
h_01,WBLECF,0.9355092148385562,-15.912940315951168,69.0,True
h_01,WBMATF,0.9713803207376497,-19.877949140686372,69.0,True
h_01,WBNVFF,,,,False
h_01,WBON2E,0.9968345802954769,-14.594760822918568,138.0,True
h_01,WBON2F,,,,False
h_01,WBON3C,,,,False
h_01,WBON3D,1.008161992559521,-8.354265973481123,345.0,True
h_01,WBON3E,0.9969073445341553,-14.590937978949158,138.0,True
h_01,WBONAF,0.9877817976156258,-19.391526875993748,69.0,True
h_01,WBOPEF,,,,False
h_01,WBPOPF,0.9864455216650896,-10.477841281828477,69.0,True
h_01,WBVISF,0.9579557814707024,-15.907158358082215,69.0,True
h_01,WCABAF,0.9836974461585324,-28.800916879981404,69.0,True
h_01,WCALAE,1.0052588666977897,-12.487896842962883,138.0,True
h_01,WCALBE,1.0052588666977897,-12.487896842962883,138.0,True
h_01,WCANAE,,,,True
h_01,WCANAF,,,,True
h_01,WCAPOF,0.9418698520505002,-10.324814223484292,69.0,True
h_01,WCATAF,0.9415126300526684,-11.138082024721886,69.0,True
h_01,WCAYAF,0.9613321963487698,-10.685066884019719,69.0,True
h_01,WCBOHF,0.9839815522746553,-14.086214644407603,69.0,True
h_01,WCBYNF,0.9507964625235429,-16.680989098948608,69.0,True
h_01,WCC21E,1.0005740493505386,-14.959786914940295,138.0,True
h_01,WCCA2F,0.9941730429234212,-18.116590284968048,69.0,True
h_01,WCCABF,0.9940133123022248,-18.184264248954225,69.0,True
h_01,WCCARF,0.9405285278563996,-11.122035986248841,69.0,True
h_01,WCCIBF,0.9987204601615951,-21.0822281708502,69.0,True
h_01,WCDAGF,0.9691486379392101,-16.389953542824937,69.0,True
h_01,WCEMEE,1.0019256243466763,-5.333902593479615,138.0,True
h_01,WCENOF,0.9656128257843267,-25.912464979373055,69.0,True
h_01,WCEPPF,,,,False
h_01,WCES1K,1.0199999809265137,-5.422014697146378,13.800000190734863,True
h_01,WCES2K,1.0199999809265137,-5.422014697146378,13.800000190734863,True
h_01,WCES3K,1.019999980926514,-5.4024768939740095,13.800000190734863,True
h_01,WCESPF,0.9528380662618299,-24.50433819214585,69.0,True
h_01,WCESPK,,,,False
h_01,WCINDF,,,,False
h_01,WCLUIE,0.9959966366998845,-6.533541746863446,138.0,True
h_01,WCNACF,,,,False
h_01,WCNPEE,0.9860891489797857,-9.819099332150012,138.0,True
h_01,WCNSLF,,,,False
h_01,WCOAPE,0.9889484415620697,-6.961499687789689,138.0,True
h_01,WCOCOF,0.9885655987473144,-20.758750894389276,69.0,True
h_01,WCODAF,0.9675381196535343,-26.751551002483072,69.0,True
h_01,WCOHEF,1.0102871995335825,-14.868025097805258,69.0,True
h_01,WCONSF,1.0081686799630782,-29.641600621568564,69.0,True
h_01,WCORMF,0.9741690778205495,-23.55845655281315,69.0,True
h_01,WCOTAE,0.959428207667671,-10.518380888232883,138.0,True
h_01,WCOTBE,0.959428207667671,-10.518380888232883,138.0,True
h_01,WCOTUF,0.9695824844478953,-28.76654744212508,69.0,True
h_01,WCPVCF,0.9720316502313697,-16.256765410513324,69.0,True
h_01,WCSATF,0.9734325271633858,-16.14232412362775,69.0,True
h_01,WCSO1K,0.959428207667671,-10.518380888232883,34.5,True
h_01,WCSO2K,0.959428207667671,-10.518380888232883,34.5,True
h_01,WCSO3K,0.959428207667671,-10.518380888232883,34.5,True
h_01,WCSOLK,,,,False
h_01,WCTP1D,,,,False
h_01,WCTP2D,,,,False
h_01,WCUMAE,0.97240188589696,-9.00323807183442,138.0,True
h_01,WCUMBE,0.97240188589696,-9.00323807183442,138.0,True
h_01,WCVEGF,0.9905937887175347,-24.972480189423003,69.0,True
h_01,WCZFSF,1.0034628578863778,-20.000002112872075,69.0,True
h_01,WDAJAE,0.9728818991495359,-17.94943968084692,138.0,True
h_01,WDAJAF,,,,False
h_01,WDESPF,0.9521395061207508,-9.38389402371459,69.0,True
h_01,WDISDF,0.9494378504123528,-16.806795384564133,69.0,True
h_01,WDJAOE,0.9614352890818713,-10.149012535351348,138.0,True
h_01,WDJAOF,0.9177991304307426,-14.846924900080575,69.0,True
h_01,WDPEDF,0.9937825981835692,-21.57373189491815,69.0,True
h_01,WDRODF,0.9863494661205491,-17.271589672319685,69.0,True
h_01,WDRODK,0.9959977843838195,-17.29967062545134,12.470000267028809,True
h_01,WDRODM,,,,False
h_01,WDURAF,,,,False
h_01,WDUVEF,0.9660823795203284,-26.054410785399824,69.0,True
h_01,WEABAF,,,,False
h_01,WEBRIE,0.9773692298443827,-9.543842511388405,138.0,True
h_01,WECHIF,0.955455725729087,-26.297090087872963,69.0,True
h_01,WELJIF,0.9966262608795698,-21.246565668620622,69.0,True
h_01,WEM21K,1.0000000000000004,-9.55270118983966,13.800000190734863,True
h_01,WEMA2E,,,,False
h_01,WEMA2F,,,,False
h_01,WEMA3F,0.9520912442544126,-9.38421076135182,69.0,True
h_01,WEMB2F,,,,False
h_01,WEMB3F,0.9531463645973818,-9.197320272812016,69.0,True
h_01,WEMBAE,0.9851330580220343,-10.730260015220345,138.0,True
h_01,WENADE,1.0020108179960037,0.22601906777594225,138.0,True
h_01,WENE4E,1.0024945617584193,-5.25060709823052,138.0,True
h_01,WEPINF,0.973718997693088,-18.563600812901917,69.0,True
h_01,WERIOF,1.0009307944715486,-28.24978486182838,69.0,True
h_01,WESEIE,0.9628501286049554,-9.692130138440152,138.0,True
h_01,WESM3F,,,,False
h_01,WESM3K,,,,False
h_01,WESOCE,0.9964802510732931,-5.854860111404436,138.0,True
h_01,WESP1E,0.9988446211184042,-15.148039848822359,138.0,True
h_01,WFALCE,0.9969135859086731,-14.591034966938132,138.0,True
h_01,WFALCF,0.9993983955444385,-18.4184470977438,69.0,True
h_01,WFALCK,,,,True
h_01,WFALCM,,,,False
h_01,WFANTF,0.9805860129198336,-23.551821421744084,69.0,True
h_01,WFNEGF,,,,False
h_01,WFOCHF,0.998771867685961,-20.3138230996786,69.0,True
h_01,WFOLAF,,,,False
h_01,WGALAF,0.9448103435902251,-10.574310585710597,69.0,True
h_01,WGBOJF,0.9868205653343948,-13.544217972539547,69.0,True
h_01,WGHACF,0.9865463081860553,-10.473662639057109,69.0,True
h_01,WGIRAE,1.0042194151783475,-11.985649294383233,138.0,True
h_01,WGIRAK,1.0113719313211522,-12.004883916948538,34.5,True
h_01,WGMALF,0.9772873626254371,-13.8728704472835,69.0,True
h_01,WGNLLE,0.9936863939591996,-15.04971413204885,138.0,True
h_01,WGNLLK,0.9953127539872236,-15.057607878912698,34.5,True
h_01,WGOYAF,0.9867865353444326,-18.83445339679381,69.0,True
h_01,WGPALF,0.9800928794662596,-14.320699770326666,69.0,True
h_01,WGPETF,0.9772491529593269,-13.880859612473339,69.0,True
h_01,WGPLAF,0.9430420891489456,-10.756459023360872,69.0,True
h_01,WGRCHF,0.9407687356023,-10.976910981016525,69.0,True
h_01,WGRSFF,0.9661452213034635,-26.30026081170497,69.0,True
h_01,WGU1AD,,,,False
h_01,WGU1BD,,,,False
h_01,WGUA2F,0.9906373082369758,-16.779241847747024,69.0,True
h_01,WGUANE,,,,True
h_01,WGUANF,0.9906938274801363,-16.779201973031103,69.0,True
h_01,WGUAVF,0.9645029154467726,-10.596691123798811,69.0,True
h_01,WGUAYE,0.9863428674572817,-15.985377124369329,138.0,True
h_01,WGUAYF,0.9134610945245444,-16.44800714135739,69.0,True
h_01,WGUERD,1.0021461453193738,-7.202961401381584,345.0,True
h_01,WGUERE,0.9936155223766298,-7.173038561170181,138.0,True
h_01,WGUERF,0.9371342469021265,-12.38744816797128,69.0,True
h_01,WGVEGF,0.9943948991108279,-23.853921399486353,69.0,True
h_01,WHAIBF,0.9928586441270437,-13.380039237692642,69.0,True
h_01,WHAINE,0.9923890717922509,-10.103198066749826,138.0,True
h_01,WHAINF,0.9928586441270437,-13.380039237692642,69.0,True
h_01,WHAT2K,1.0000000000000002,-27.81800467676546,13.800000190734863,True
h_01,WHATIF,0.975811282878618,-27.762632749918975,69.0,True
h_01,WHATIK,0.9999999999999999,-27.886079004110712,12.5,True
h_01,WHENUF,,,,False
h_01,WHERRE,0.9873693984618506,-10.969490921049601,138.0,True
h_01,WHGMOE,,,,False
h_01,WHGUEE,,,,False
h_01,WHIGUF,0.9733516597057732,-21.43533591350096,69.0,True
h_01,WHJBOF,0.9888591669546861,-24.17992412294602,69.0,True
h_01,WHLINF,,,,False
h_01,WHMA2E,0.9732290407035143,-8.288394577286832,138.0,True
h_01,WHMA2F,0.9595932518009233,-10.082599878433221,69.0,True
h_01,WHMAYF,0.9582708517952592,-10.186393329822058,69.0,True
h_01,WHMSAF,0.9816867041106333,-17.47454303123592,69.0,True
h_01,WHNACF,,,,False
h_01,WHNS1E,0.984579850328344,-8.724562792250403,138.0,True
h_01,WHNS1F,0.9691844093464534,-11.887923440112932,69.0,True
h_01,WHNUEF,0.9537733476733795,-16.403876357278143,69.0,True
h_01,WIAANE,0.9957229066126551,-4.6073688720657655,138.0,True
h_01,WIBARF,0.9934249384413553,-18.21009038981458,69.0,True
h_01,WICAEF,0.9880743603310471,-17.930407508797085,69.0,True
h_01,WICNAF,,,,False
h_01,WIDALF,0.9891678751384019,-24.34404566474545,69.0,True
h_01,WIGASE,,,,False
h_01,WIISAF,0.9490435640219699,-9.587296412750925,69.0,True
h_01,WIMB2F,0.9885671754137095,-22.92110658824495,69.0,True
h_01,WIMBEF,0.9870172101094308,-23.006475062191278,69.0,True
h_01,WINCAF,0.9734347183573879,-16.19184342691561,69.0,True
h_01,WINCAK,1.0,-17.029747994527213,12.470000267028809,True
h_01,WINVBF,0.9606181392838807,-12.658500040421709,69.0,True
h_01,WINVIF,0.940771602618784,-10.984157399329927,69.0,True
h_01,WIPSIF,,,,False
h_01,WITA1E,0.993999902563227,-9.904146807753447,138.0,True
h_01,WJARAF,0.9917422100609208,-26.999463836358366,69.0,True
h_01,WJDOLE,0.9988904759000053,-6.0248690337887325,138.0,True
h_01,WJIBPE,0.9606330392041954,-26.670897800844873,69.0,True
h_01,WJIGBE,1.0026048171465802,-10.10452668428145,138.0,True
h_01,WJIGUE,1.0026048171465802,-10.10452668428145,138.0,True
h_01,WJIMEF,0.992606287645978,-26.960265006457366,69.0,True
h_01,WJSAUD,1.014025045130287,-6.68457864382219,345.0,True
h_01,WJSAUE,,,,False
h_01,WKDMBF,0.9782365746766992,-14.5487464661507,69.0,True
h_01,WKDMEF,0.9711726190623827,-14.655096648428588,69.0,True
h_01,WKINDF,0.985565284159489,-19.20068856074819,69.0,True
h_01,WKQA1F,0.988959666082932,-17.37297899975614,69.0,True
h_01,WKQAZE,1.0072939161536578,-13.752330728335856,138.0,True
h_01,WKVEIF,,,,False
h_01,WLALFF,,,,False
h_01,WLANGE,0.992728010116407,-16.0576720194484,138.0,True
h_01,WLBARF,,,,False
h_01,WLCALF,0.9429846646818587,-10.949290282467507,69.0,True
h_01,WLCBOF,0.9812999505395114,-21.347487029992003,69.0,True
h_01,WLCOCK,1.0043462575553606,-15.309963586879688,34.5,True
h_01,WLCUAF,0.9471331496203738,-9.792929860615496,69.0,True
h_01,WLDAMF,0.9674281228879024,-26.15889925375158,69.0,True
h_01,WLDAMK,1.0000000000000004,-27.92139866754603,12.5,True
h_01,WLDIAF,0.9864432649549209,-10.477933369722722,69.0,True
h_01,WLGALE,0.9880342967735363,-16.656134683672395,138.0,True
h_01,WLGU2K,1.0039407555198603,-15.482182649285491,34.5,True
h_01,WLGUZE,1.0039407555198603,-15.482182649285491,138.0,True
h_01,WLGUZK,1.00392698753191,-15.48361490473632,34.5,True
h_01,WLISAE,0.9858984046927723,-9.91900072027362,138.0,True
h_01,WLLAGF,,,,False
h_01,WLMFAF,0.9771618174537199,-18.201214773015614,69.0,True
h_01,WLMI5E,0.9852022304335263,-9.076358098474248,138.0,True
h_01,WLMI6E,0.98520902500132,-9.077345083611174,138.0,True
h_01,WLMI7E,0.9853455170046341,-9.023915460531308,138.0,True
h_01,WLMI7K,1.0,-9.040959309321174,13.800000190734863,True
h_01,WLMINE,0.9851530129733361,-9.075608187583363,138.0,True
h_01,WLMINF,0.9477996755323673,-9.948213687966367,69.0,True
h_01,WLORIE,1.0001952708644397,-5.648532571037366,138.0,True
h_01,WLORIK,1.049000024795532,-5.738813772197889,12.470000267028809,True
h_01,WLPARF,0.9349841459697418,-12.613135535863286,69.0,True
h_01,WLPENF,0.9866764770219403,-23.358188488451678,69.0,True
h_01,WLPRAE,0.9854943449931621,-10.909538859799959,138.0,True
h_01,WLROME,0.9651741452327387,-9.986928813650096,138.0,True
h_01,WLROMF,0.9591342731841305,-14.906704805066061,69.0,True
h_01,WLRPUF,0.953002845508914,-15.495952709074809,69.0,True
h_01,WLTORF,0.9912604514196788,-17.05016385929132,69.0,True
h_01,WLUCIF,0.9947495851825728,-16.382150468109405,69.0,True
h_01,WLUPEF,0.9796387362605301,-23.71830412973816,69.0,True
h_01,WLVEGF,0.9906526291704855,-24.969365782826745,69.0,True
h_01,WLVICE,0.9846816460411891,-8.726014927877142,138.0,True
h_01,WLVICK,0.9846816460411891,-8.726014927877142,34.5,True
h_01,WLVPEF,0.9913603437965605,-25.39010241090424,69.0,True
h_01,WMAGUF,0.9890236519914325,-17.222858828759843,69.0,True
h_01,WMAIMF,0.9761977461545833,-23.028632624090708,69.0,True
h_01,WMARAF,0.9465413044976314,-12.055732956862112,69.0,True
h_01,WMARAK,0.9465413044976314,-12.055732956862112,13.800000190734863,True
h_01,WMARTF,0.9178670918984011,-14.848084142594242,69.0,True
h_01,WMARTK,0.9178670918984011,-14.848084142594242,34.5,True
h_01,WMAT1E,0.956058784788041,-25.79668303354133,138.0,True
h_01,WMATAE,0.98683922427959,-10.448274786292131,138.0,True
h_01,WMATBE,0.98683922427959,-10.448274786292131,138.0,True
h_01,WMEGAF,0.9468636573213333,-9.9859895450304,69.0,True
h_01,WMERCF,0.9772491529593269,-13.880859612473339,69.0,True
h_01,WMETAE,0.9868469786758237,-10.449936711234756,138.0,True
h_01,WMETAK,0.9900000095367435,-10.794194294713462,13.199999809265137,True
h_01,WMETBF,0.9865663135305315,-10.471788901886928,69.0,True
h_01,WMETEE,0.9937450702260809,-9.951006005379535,138.0,True
h_01,WMETEF,0.9870072932364694,-13.508474335303973,69.0,True
h_01,WMETRE,0.9875406605193727,-9.854777020266459,138.0,True
h_01,WMETRF,0.9865663135305315,-10.471788901886928,69.0,True
h_01,WMIR1E,0.9937720206510368,-7.173773658772678,138.0,True
h_01,WMIRAK,0.9937720206510368,-7.173773658772678,34.5,True
h_01,WMLTPF,0.9843255346401796,-13.7665148757495,69.0,True
h_01,WMOCAE,0.9742292700430688,-19.250683455483127,138.0,True
h_01,WMOCAF,0.9747559119090938,-24.01517952921208,69.0,True
h_01,WMONCE,0.9888130993744961,-16.540045613226535,138.0,True
h_01,WMONTE,0.9747606440369115,-17.39841623125111,138.0,True
h_01,WMOZAF,0.9517467586039039,-9.53628402120642,69.0,True
h_01,WMP2AE,0.9940694646854428,-7.175170393640775,138.0,True
h_01,WMP2BE,0.9940694646854428,-7.175170393640775,138.0,True
h_01,WMPALF,0.935051390808316,-12.612215592124898,69.0,True
h_01,WMPALK,0.935051390808316,-12.612215592124898,34.5,True
h_01,WMPL1D,,,,False
h_01,WMPL2D,,,,False
h_01,WMPLAF,0.7951483679257161,-25.130433790508942,69.0,True
h_01,WMPSOE,,,,False
h_01,WMPSOF,0.7951483829568754,-25.130434089015747,69.0,True
h_01,WMPSOK,0.7951483829568754,-25.130434089015747,20.0,True
h_01,WMRI2E,1.0074124625890941,-13.788858218127954,138.0,True
h_01,WMTFNE,1.019410422820439,-12.203752229755056,138.0,True
h_01,WMTFNK,1.0641023685151525,-12.25105466853149,34.5,True
h_01,WMULTF,0.9489857469407391,-9.589359762029416,69.0,True
h_01,WMVCIF,0.9973886889062901,-21.212987860584015,69.0,True
h_01,WMVIEF,0.9870288236091939,-19.08964174996155,69.0,True
h_01,WNAG2E,0.9576161384787941,-25.53607113025742,138.0,True
h_01,WNAG2F,,,,True
h_01,WNAGUF,0.9514665973391355,-28.95785735471164,69.0,True
h_01,WNARAD,0.9940599379460727,-12.058016053378156,345.0,True
h_01,WNARAE,,,,False
h_01,WNAV2E,0.9982758437127617,-15.291462043075043,138.0,True
h_01,WNAVAF,0.9741876202900558,-23.362492672994502,69.0,True
h_01,WNEYBF,0.9370432299723681,-27.578986663212905,69.0,True
h_01,WNIBAE,0.9870696529372476,-16.869803788261933,138.0,True
h_01,WNOVOF,0.984495900647324,-13.308806104054083,69.0,True
h_01,WOFALF,1.0102960369098277,-14.868448565124146,69.0,True
h_01,WOJIVF,0.9902780556453488,-13.460805541762099,69.0,True
h_01,WPAK0E,,,,False
h_01,WPAK2E,1.0070774124769608,-13.787236184413208,138.0,True
h_01,WPAK5E,1.0070774124769608,-13.787236184413208,138.0,True
h_01,WPAK6E,1.0070774124769608,-13.787236184413208,138.0,True
h_01,WPAL1E,0.9924354020521897,-10.41576541361177,138.0,True
h_01,WPALAF,0.9800928794662596,-14.320699770326666,69.0,True
h_01,WPALBE,1.013205153821327,-10.9248106832572,138.0,True
h_01,WPALBF,0.9905935026880488,-12.827286954330702,69.0,True
h_01,WPALEE,1.013205153821327,-10.9248106832572,138.0,True
h_01,WPAQ1K,1.049999952316284,-13.52109215893271,4.159999847412109,True
h_01,WPARAE,0.9893582052226769,-9.860407786409672,138.0,True
h_01,WPAYAE,,,,False
h_01,WPAYBE,,,,False
h_01,WPAYIF,0.9611304082259331,-30.140041470925627,69.0,True
h_01,WPBAJF,0.9948226023072645,-27.342163183817384,69.0,True
h_01,WPBBAE,,,,False
h_01,WPBLAD,,,,False
h_01,WPCA1K,1.0499999523162842,0.0,22.0,True
h_01,WPCA2K,1.0499999523162844,1.9961509984201724,22.0,True
h_01,WPCATE,,,,False
h_01,WPCGLF,0.9672590701010143,-16.48241604682988,69.0,True
h_01,WPCIBF,0.9497621516583041,-10.28198266273796,69.0,True
h_01,WPDISF,,,,False
h_01,WPDIVF,0.9705289532685594,-15.062952721632314,69.0,True
h_01,WPDORE,,,,True
h_01,WPDORF,1.001433397377057,-23.954798461510578,69.0,True
h_01,WPEBPE,1.005643404929949,-15.474597152423899,138.0,True
h_01,WPERAE,1.0052592020365598,-12.487898399648593,138.0,True
h_01,WPERBE,1.0052592020365598,-12.487898399648593,138.0,True
h_01,WPES1K,1.0052592020365598,-12.487898399648593,34.5,True
h_01,WPES2K,1.0052592020365598,-12.487898399648593,34.5,True
h_01,WPFLEF,,,,False
h_01,WPFMSK,0.9863428674572817,-15.985377124369329,20.0,True
h_01,WPGARF,0.9980596329368692,-23.27911746739838,69.0,True
h_01,WPHAIF,0.9927127394226749,-13.39167670662685,69.0,True
h_01,WPIDUF,0.9737560017937379,-15.9939138132113,69.0,True
h_01,WPIISF,,,,False
h_01,WPIMCF,0.9952898568482955,-20.597404016187774,69.0,True
h_01,WPIMEE,0.9858917939368868,-21.186360136819125,138.0,True
h_01,WPIMEF,0.9756077605735868,-28.82881533619083,69.0,True
h_01,WPINAF,1.0322017426990562,-16.06333237214039,69.0,True
h_01,WPIZAE,1.0034005462893847,-11.977395921530032,138.0,True
h_01,WPIZAF,0.9947519944153207,-16.381953549254366,69.0,True
h_01,WPIZBF,,,,False
h_01,WPLASF,0.9833772930231259,-13.393262722165606,69.0,True
h_01,WPLCCF,0.9776641445761894,-14.917059509041872,69.0,True
h_01,WPLINF,0.9753235866103082,-19.192640394180795,69.0,True
h_01,WPLM1E,1.00983838493862,-14.661313725810402,138.0,True
h_01,WPLM1K,1.019999980926514,-14.725995627908167,13.800000190734863,True
h_01,WPLM2K,1.0199999809265134,-14.757829653462212,13.800000190734863,True
h_01,WPP22E,1.0018311494906356,-16.892209724829083,138.0,True
h_01,WPPELF,1.0016464031795236,-23.893350149341465,69.0,True
h_01,WPPL2F,,,,True
h_01,WPPLAF,1.0093803121587377,-22.186987797980162,69.0,True
h_01,WPPLBF,,,,False
h_01,WPPLIF,0.9729852177847554,-23.431633249445035,69.0,True
h_01,WPPRIF,0.9968739642158447,-21.23497094888653,69.0,True
h_01,WPSCEF,0.9748569078005458,-17.908213907012577,69.0,True
h_01,WPSESK,,,,False
h_01,WPVIEE,,,,False
h_01,WQ1SPK,0.9999999999999999,-14.934459201894056,13.800000190734863,True
h_01,WQCORF,0.9851494202034945,-17.566627554868333,69.0,True
h_01,WQU11D,1.0080133914600446,-14.838695692820371,230.0,True
h_01,WQU12K,1.0000000000000002,-14.938470096091537,13.800000190734863,True
h_01,WQU21D,1.0080133914600446,-14.838695692820371,230.0,True
h_01,WQU21K,1.0000000000000002,-14.938470096091537,13.800000190734863,True
h_01,WQUINF,0.9880168116822015,-21.620776250940164,69.0,True
h_01,WQUISD,,,,True
h_01,WQUISE,,,,False
h_01,WRARRF,0.9809445064287999,-21.41469885967524,69.0,True
h_01,WRBL1K,,,,False
h_01,WRBL2K,,,,False
h_01,WRBLAF,1.0166104079041582,-17.775112748288496,69.0,True
h_01,WRCHAF,0.9559378276327861,-17.272222842410194,69.0,True
h_01,WREFIF,0.9856379390869262,-13.64315077735876,69.0,True
h_01,WRINCF,0.9841484909781585,-23.184052530836635,69.0,True
h_01,WRNUEF,0.9838104689152686,-23.202773052632196,69.0,True
h_01,WRPELF,0.9100597272340349,-16.522774847326804,69.0,True
h_01,WRSJUE,0.9528794682627905,-26.114036490962093,138.0,True
h_01,WRZMOK,,,,False
h_01,WSABAF,0.9988015820453608,-16.31521943872287,69.0,True
h_01,WSAJ1E,0.994203123529187,-15.346114050326568,138.0,True
h_01,WSALCE,0.9704683561173433,-20.40560083508795,138.0,True
h_01,WSALIF,0.9751594228917478,-22.04889510656384,69.0,True
h_01,WSAMAE,0.9386233525204837,-27.978582137321098,138.0,True
h_01,WSANCE,0.9445220105115039,-27.38799640531215,138.0,True
h_01,WSANTE,1.0035084796115354,-11.978484414274691,138.0,True
h_01,WSANTK,1.0035084796115354,-11.978484414274691,34.5,True
h_01,WSCANF,0.9712820043726645,-19.189718997950276,69.0,True
h_01,WSCANK,0.9712820043726645,-19.189718997950276,34.5,True
h_01,WSCNOE,0.994343423497148,-10.915464548487973,138.0,True
h_01,WSESTE,1.0010504195002319,-5.47030842819093,138.0,True
h_01,WSFELE,,,,True
h_01,WSFMAE,0.9700561225579123,-21.97795856087063,138.0,True
h_01,WSFMAF,0.9641527620105488,-25.568149532948066,69.0,True
h_01,WSIBBE,0.9942587821461873,-4.292172612249126,138.0,True
h_01,WSJMAF,0.9777159483898837,-21.828083586606272,69.0,True
h_01,WSJOCF,0.9711675007212355,-21.462719643329557,69.0,True
h_01,WSJU2E,1.0031355596262472,-15.00324780923247,138.0,True
h_01,WSJU2F,0.992791301097831,-16.60648063883884,69.0,True
h_01,WSJUAF,0.9898257795689573,-16.83726474932099,69.0,True
h_01,WSKAPF,0.9772847415856986,-13.879081311572222,69.0,True
h_01,WSLCOE,,,,False
h_01,WSLORK,1.0,-9.902109308689349,13.800000190734863,True
h_01,WSMARF,0.9606146245786001,-10.09966000733858,69.0,True
h_01,WSODOF,0.9870180293987453,-19.090724002203892,69.0,True
h_01,WSOSUF,0.9936242942716009,-27.737851672715937,69.0,True
h_01,WSPB1K,1.0499999523162837,-5.621585468835576,13.800000190734863,True
h_01,WSPBEE,1.0020183498530273,-5.386846608638557,138.0,True
h_01,WSPERF,0.9090687027234865,-15.633290777031768,69.0,True
h_01,WSPEVF,,,,False
h_01,WSPM2E,1.0024945617584193,-5.25060709823052,138.0,True
h_01,WSPMAE,0.9993989083312151,-5.713353815977076,138.0,True
h_01,WSPMAF,0.9865352488737186,-10.090636543714673,69.0,True
h_01,WSPMBE,0.9993989083312151,-5.713353815977076,138.0,True
h_01,WSPRIF,0.8776716497115801,-17.73701044344393,69.0,True
h_01,WSRODE,0.9760651492414835,-17.759159807288995,138.0,True
h_01,WSYASF,0.9780799129294948,-29.356389444350636,69.0,True
h_01,WSYEGF,0.9908933700952663,-16.78775351671746,69.0,True
h_01,WTAAGK,,,,False
h_01,WTAAVK,,,,False
h_01,WTAG1K,,,,False
h_01,WTAG2K,,,,False
h_01,WTAMAF,0.9681858148376311,-11.907026636928201,69.0,True
h_01,WTANOK,,,,False
h_01,WTAV1K,1.0,-16.1044168489087,13.800000190734863,True
h_01,WTAVBE,,,,False
h_01,WTBA1K,,,,False
h_01,WTBA2K,,,,False
h_01,WTCE1K,,,,False
h_01,WTCE2K,,,,False
h_01,WTCEMK,,,,False
h_01,WTDAJK,,,,False
h_01,WTEMPF,0.9460274024566434,-9.988170500330684,69.0,True
h_01,WTESAK,,,,False
h_01,WTFA1K,,,,False
h_01,WTFA2K,,,,False
h_01,WTFA3K,,,,False
h_01,WTHAGK,,,,False
h_01,WTHAIF,0.9656250360685927,-12.204875252781687,69.0,True
h_01,WTIM2E,0.9843461548508483,-9.42387864420294,138.0,True
h_01,WTIM2F,0.9528051005505436,-9.2952749447767,69.0,True
h_01,WTIMBF,0.9521395061207508,-9.38389402371459,69.0,True
h_01,WTIREF,1.0046674143413832,-29.11441474734124,69.0,True
h_01,WTIT1K,,,,False
h_01,WTIT2K,,,,False
h_01,WTJI1K,,,,False
h_01,WTJI2K,,,,False
h_01,WTJIMK,,,,False
h_01,WTLANK,,,,False
h_01,WTMAGK,,,,False
h_01,WTMBBF,,,,True
h_01,WTMI5K,,,,False
h_01,WTMI6K,,,,False
h_01,WTMNTK,,,,False
h_01,WTMONK,,,,False
h_01,WTMR1K,,,,False
h_01,WTMR2K,,,,False
h_01,WTNNAK,,,,False
h_01,WTORGF,1.01168106279696,-14.584478660299068,69.0,True
h_01,WTPA1K,,,,False
h_01,WTPG1K,,,,False
h_01,WTPG2K,,,,False
h_01,WTPG3K,,,,False
h_01,WTPI1K,,,,False
h_01,WTPI2K,,,,False
h_01,WTRINK,,,,False
h_01,WTRJCK,,,,False
h_01,WTROQF,1.0034437361439503,-20.711214435324276,69.0,True
h_01,WTSABK,,,,False
h_01,WTSE1K,,,,False
h_01,WTSFVK,,,,False
h_01,WTSPVK,,,,False
h_01,WTSYEK,,,,False
h_01,WTTA1K,,,,False
h_01,WTTA2K,,,,False
h_01,WTTITF,0.9515253754963936,-9.404650418851068,69.0,True
h_01,WTTO1K,,,,False
h_01,WTVA1K,,,,False
h_01,WTVA2K,,,,False
h_01,WTVE1K,,,,False
h_01,WTZFPF,,,,False
h_01,WUASDE,0.9867489570553741,-10.161317771190555,138.0,True
h_01,WUMEDF,0.9748786701109723,-17.90655469949571,69.0,True
h_01,WVALBE,1.0001795438242214,-10.906184854582671,138.0,True
h_01,WVALDE,1.0001795438242214,-10.906184854582671,138.0,True
h_01,WVALLF,0.9909521520978373,-16.782572454018474,69.0,True
h_01,WVALTF,0.9497272391079936,-17.294076450967,69.0,True
h_01,WVDU1E,,,,True
h_01,WVDUAF,,,,False
h_01,WVILAE,,,,False
h_01,WVILLF,0.9882582531529303,-17.147819498374137,69.0,True
h_01,WVMAOE,0.98815876197265,-16.47359402287902,138.0,True
h_01,WVMELE,0.9813730321691713,-10.174075782052181,138.0,True
h_01,WVNOBF,0.9607889454848395,-19.831950106819892,69.0,True
h_01,WVOLGF,0.9750055305418615,-17.900634025895503,69.0,True
h_01,WX1PAK,,,,False
h_01,WXABIF,0.9720187913329164,-23.484665462587927,69.0,True
h_01,WXABRF,0.9930361272430915,-18.168899050568186,69.0,True
h_01,WXAD2F,0.9891368563892851,-18.080513106930578,69.0,True
h_01,WXADOF,0.9892275113588448,-18.22128578048451,69.0,True
h_01,WXAHGF,0.9722165064435196,-14.573629955725298,69.0,True
h_01,WXAHMF,0.9769768781149214,-25.680608416605732,69.0,True
h_01,WXAISF,0.9869711954546928,-18.826958201960586,69.0,True
h_01,WXALDF,1.0115940572759734,-14.599157374622283,69.0,True
h_01,WXALIF,0.9747247503150744,-14.49279116492163,69.0,True
h_01,WXAORF,0.9594882799620974,-12.04591234060973,69.0,True
h_01,WXAPFF,1.0012056000940892,-20.148945924513573,69.0,True
h_01,WXAPPF,1.0003165461484307,-26.44281570517831,69.0,True
h_01,WXAQUF,,,,False
h_01,WXARDF,0.9892767797705703,-18.291615837840517,69.0,True
h_01,WXASOF,0.998287634365592,-27.269701490204948,69.0,True
h_01,WXBA1F,,,,False
h_01,WXBA2F,,,,True
h_01,WXBASF,0.9495767546260943,-12.08992772768865,69.0,True
h_01,WXBAYF,,,,False
h_01,WXBDEF,0.9616392823165114,-24.071134990296805,69.0,True
h_01,WXBLEF,0.9355024038917644,-15.910997757601425,69.0,True
h_01,WXBMAF,0.9724695993843485,-19.834540097357664,69.0,True
h_01,WXBOHF,0.9841391006237646,-14.075698533184031,69.0,True
h_01,WXBPEF,0.995226748946314,-19.033074009272077,69.0,True
h_01,WXCA1K,1.0052588666977897,-12.487896842962883,34.5,True
h_01,WXCABF,0.9548186870012807,-16.338951920860517,69.0,True
h_01,WXCANF,,,,False
h_01,WXCARF,0.9722290595164814,-14.53882006795412,69.0,True
h_01,WXCATF,0.952164333694957,-10.476597822232735,69.0,True
h_01,WXCB2F,,,,False
h_01,WXCBAF,0.9801312783410826,-14.145858786732031,69.0,True
h_01,WXCC1E,,,,False
h_01,WXCC3E,,,,False
h_01,WXCCOF,0.9892628513654281,-18.292842901264944,69.0,True
h_01,WXCDAF,0.9691771320902114,-16.38845047706567,69.0,True
h_01,WXCDLF,0.96755459084783,-26.750812252251833,69.0,True
h_01,WXCENF,0.9670839859139682,-25.84646737211264,69.0,True
h_01,WXCHAF,0.9559378276327861,-17.272222842410194,69.0,True
h_01,WXCIGF,0.9862109835062083,-10.103193615427722,69.0,True
h_01,WXCINF,0.9499546075276919,-17.28427841544817,69.0,True
h_01,WXCNAF,0.9800117878878881,-10.24932530721645,69.0,True
h_01,WXCOCF,,,,False
h_01,WXCODF,0.9865663135305315,-10.471788901886928,69.0,True
h_01,WXCORF,0.9754831497107569,-23.479437942897118,69.0,True
h_01,WXCSAF,0.9734882244875825,-16.130603694016767,69.0,True
h_01,WXCTAF,0.9873132522614302,-23.035070683095885,69.0,True
h_01,WXCU1K,0.9720990077703735,-9.004617235530873,34.5,True
h_01,WXCU2K,0.9720990077703735,-9.004617235530873,34.5,True
h_01,WXCU4K,0.9720990077703735,-9.004617235530873,34.5,True
h_01,WXDBRF,0.9862109835062083,-10.103193615427722,69.0,True
h_01,WXDISF,0.9500047993667432,-16.753000518722466,69.0,True
h_01,WXDROF,0.9856272327663618,-17.34865531428804,69.0,True
h_01,WXDURF,,,,False
h_01,WXEANF,1.001021840277791,-20.15811525853461,69.0,True
h_01,WXECHF,0.9592652769585978,-25.97597280632654,69.0,True
h_01,WXES2K,,,,False
h_01,WXES3K,,,,False
h_01,WXESPF,0.9531975607359341,-24.486433333762985,69.0,True
h_01,WXEV4K,1.0199999809265137,-5.279667489108502,13.800000190734863,True
h_01,WXGALF,0.9448334980240461,-10.57335256963429,69.0,True
h_01,WXGAVF,0.9649247761118266,-10.597833811009147,69.0,True
h_01,WXGBOF,0.9868205653343948,-13.544217972539547,69.0,True
h_01,WXGOYF,0.9869711954546928,-18.826958201960586,69.0,True
h_01,WXGPLF,0.9430420891489456,-10.756459023360872,69.0,True
h_01,WXGRCF,,,,False
h_01,WXGRMF,0.944066737519433,-11.974367128472867,69.0,True
h_01,WXGRSF,0.9661532110579787,-26.299948988859843,69.0,True
h_01,WXGU2F,0.9906576656768981,-16.77773665678816,69.0,True
h_01,WXHACF,0.9865510986325027,-10.47321823898973,69.0,True
h_01,WXHE1F,1.0117025845001835,-14.576999768354186,69.0,True
h_01,WXHE2F,,,,False
h_01,WXHHIF,0.9855227818472106,-10.12081261193274,69.0,True
h_01,WXHJBF,0.9888699142668254,-24.179612309203527,69.0,True
h_01,WXHMSF,0.9817002972253882,-17.473606535282592,69.0,True
h_01,WXHNAF,,,,False
h_01,WXHNUF,0.9542708115994873,-16.382769330569623,69.0,True
h_01,WXIBAF,0.9934336296266982,-18.209749587818315,69.0,True
h_01,WXICAF,0.9880780839305162,-17.930267831782338,69.0,True
h_01,WXICNF,,,,False
h_01,WXIDAF,0.9891747379435636,-24.343533433353542,69.0,True
h_01,WXIDUF,0.9737560017937379,-15.9939138132113,69.0,True
h_01,WXIISF,0.9490465955675434,-9.58717615798272,69.0,True
h_01,WXIMBF,0.988046840572141,-22.951779189044327,69.0,True
h_01,WXINAF,0.949681081603786,-9.563642640592551,69.0,True
h_01,WXINDF,0.9921029908489623,-24.50925502375386,69.0,True
h_01,WXINVF,0.9409139167076073,-10.970618306688491,69.0,True
h_01,WXIPRF,,,,False
h_01,WXIPSF,0.9737560017937379,-15.9939138132113,69.0,True
h_01,WXJIMF,0.992606287645978,-26.960265006457366,69.0,True
h_01,WXJINF,0.9660823795203284,-26.054410785399824,69.0,True
h_01,WXKINF,0.986747119011256,-19.122135962475237,69.0,True
h_01,WXKVEF,0.9428543186404653,-11.448467579228552,69.0,True
h_01,WXLADF,0.9405720150167817,-11.120545983831928,69.0,True
h_01,WXLALF,,,,False
h_01,WXLC1E,1.004364057138665,-15.30615611004206,138.0,True
h_01,WXLCAF,0.9429846646818587,-10.949290282467507,69.0,True
h_01,WXLCBF,0.9843457030209718,-21.220106186915704,69.0,True
h_01,WXLFAF,0.9739287362133396,-19.598894816266384,69.0,True
h_01,WXLPAF,0.935002674794735,-12.61139991601339,69.0,True
h_01,WXLPEF,0.9866764770219403,-23.358188488451678,69.0,True
h_01,WXLUCK,0.9946547481457109,-16.383908941554683,34.5,True
h_01,WXLULF,0.9947519944153207,-16.381953549254366,69.0,True
h_01,WXLUPF,,,,True
h_01,WXMAGF,0.9890236519914325,-17.222858828759843,69.0,True
h_01,WXMAIF,0.9765088243695506,-23.010013596075012,69.0,True
h_01,WXMALF,0.9775459393595338,-13.859807614565808,69.0,True
h_01,WXMARF,0.9465220385070914,-12.055411668128201,69.0,True
h_01,WXMATK,0.956058784788041,-25.79668303354133,34.5,True
h_01,WXMEGF,0.9470226738638803,-9.9728736898215,69.0,True
h_01,WXMETE,,,,False
h_01,WXMETF,0.9868205653343948,-13.544217972539547,69.0,True
h_01,WXMOZF,,,,False
h_01,WXMPAF,0.9351436109489342,-12.585581207177052,69.0,True
h_01,WXMPGK,,,,False
h_01,WXMPSF,0.7951483679257161,-25.130433790508942,69.0,True
h_01,WXMV2F,0.9870288236091939,-19.08964174996155,69.0,True
h_01,WXMVAF,,,,False
h_01,WXNAGF,,,,False
h_01,WXNOVF,0.9835571233045616,-13.38492406092319,69.0,True
h_01,WXOC2F,1.0002577261572052,-20.213721465471863,69.0,True
h_01,WXOFAF,1.010296929995557,-14.86834628509356,69.0,True
h_01,WXOLVF,0.9814848908689551,-22.41876401008028,69.0,True
h_01,WXPA1K,0.9999999999999997,-13.898088178511166,11.0,True
h_01,WXPA3K,0.9999999999999999,-13.882877267701716,15.0,True
h_01,WXPA4K,0.9999999999999999,-13.871667684337275,11.0,True
h_01,WXPC2F,0.9497621516583041,-10.28198266273796,69.0,True
h_01,WXPCGF,0.9672590701010143,-16.48241604682988,69.0,True
h_01,WXPCIF,0.9550945544968089,-9.791655411379658,69.0,True
h_01,WXPETF,0.977426007065091,-13.868359946112774,69.0,True
h_01,WXPFLF,1.0116898748838241,-14.581561394688622,69.0,True
h_01,WXPFSK,0.994203123529187,-15.346114050326568,34.5,True
h_01,WXPGAF,0.9980914671889115,-23.277557278917563,69.0,True
h_01,WXPGMF,0.9947519944153207,-16.381953549254366,69.0,True
h_01,WXPHAF,0.9927342137870971,-13.390738814317134,69.0,True
h_01,WXPI4K,0.9999999999999999,-21.2479605172043,13.800000190734863,True
h_01,WXPIDF,0.9947519944153207,-16.381953549254366,69.0,True
h_01,WXPINF,,,,False
h_01,WXPLCF,0.9777559263806901,-14.907785563054809,69.0,True
h_01,WXPPEF,1.0016464031795236,-23.893350149341465,69.0,True
h_01,WXPPLF,,,,False
h_01,WXPPRF,0.9968976234906615,-21.23408605595777,69.0,True
h_01,WXPS1K,0.9988446211184042,-15.148039848822359,34.5,True
h_01,WXPY1K,,,,False
h_01,WXQAZF,,,,False
h_01,WXQCOF,0.9851494202034945,-17.566627554868333,69.0,True
h_01,WXRARF,0.9840685796724777,-21.23632536827945,69.0,True
h_01,WXRIEF,,,,False
h_01,WXRINF,0.9871099092859718,-22.898776928995538,69.0,True
h_01,WXSADF,,,,False
h_01,WXSESE,1.0009436987841527,-5.514120314259846,138.0,True
h_01,WXSESF,0.9842943160902814,-10.291321802523177,69.0,True
h_01,WXSI1K,1.0,-4.303636172226782,13.800000190734863,True
h_01,WXSODF,0.9870237411666309,-19.090161383153056,69.0,True
h_01,WXSOSF,0.9936242942716009,-27.737851672715937,69.0,True
h_01,WXSPRF,0.8776716497115801,-17.73701044344393,69.0,True
h_01,WXSYEF,0.9903625764903808,-16.86137904676364,69.0,True
h_01,WXTAMF,0.9466752467324508,-9.982906709077561,69.0,True
h_01,WXTDAF,0.9174289851565467,-14.880501065910334,69.0,True
h_01,WXTH1F,0.9656248467601632,-12.204872183621791,69.0,True
h_01,WXTH2F,0.9656249487265738,-12.204873836750654,69.0,True
h_01,WXTISF,0.9899987815814121,-18.798718676056836,69.0,True
h_01,WXTREFF,0.9856379390869262,-13.64315077735876,69.0,True
h_01,WXTROF,1.0034607398661506,-20.710480555073126,69.0,True
h_01,WXTTIF,0.9515253754963936,-9.404650418851068,69.0,True
h_01,WXVALF,0.9497272391079936,-17.294076450967,69.0,True
h_01,WXVILF,0.9882582531529303,-17.147819498374137,69.0,True
h_01,WXVL1K,,,,False
h_01,WXWC2K,0.9940694646854428,-7.175170393640775,34.5,True
h_01,WXWC3K,0.9940694646854428,-7.175170393640775,34.5,True
h_01,WXYAGF,0.9874746633443126,-18.079368037221684,69.0,True
h_01,WXZAMF,0.9405720150167817,-11.120545983831928,69.0,True
h_01,WXZFBF,,,,False
h_01,WXZFHF,,,,False
h_01,WXZFNF,,,,False
h_01,WXZGUF,0.9942427594137562,-21.766634117378473,69.0,True
h_01,WXZHAF,0.9404972365263709,-11.001723936553148,69.0,True
h_01,WXZISF,,,,False
h_01,WXZPPF,,,,False
h_01,WXZSPF,0.9817154585630922,-10.605193440063584,69.0,True
h_01,WYAGUF,0.9874746633443126,-18.079368037221684,69.0,True
h_01,WYAMAF,0.8249480859335061,-22.167291818506044,69.0,True
h_01,WZFALF,,,,False
h_01,WZFAMF,,,,False
h_01,WZFBAF,,,,False
h_01,WZFDRF,,,,False
h_01,WZFESF,,,,False
h_01,WZFGIF,,,,False
h_01,WZFGUF,,,,False
h_01,WZFISF,,,,False
h_01,WZFLIF,,,,False
h_01,WZFMCF,,,,False
h_01,WZFPPF,,,,False
h_01,WZFS2F,,,,False
h_01,WZFSAE,,,,False
h_01,WZFSAF,,,,False
h_01,WZFSFF,,,,False
h_01,WZFSIF,,,,False
h_01,WZFSPF,,,,False
h_01,WZFVAF,,,,False
h_01,WZFVEF,,,,False
h_01,WZHAIF,0.9404974114930789,-11.001730848254127,69.0,True
h_01,ZXOJIF,,,,False
h_02,WAANDE,1.0023526572061658,-0.1690579054515021,138.0,True
h_02,WABCOF,0.9844597550792555,-20.159914951439024,69.0,True
h_02,WABISF,0.9777083950049611,-23.426491793168186,69.0,True
h_02,WABRUF,0.9312775706785702,-11.319990895105907,69.0,True
h_02,WACIBF,1.0019517732928704,-20.492362906929795,69.0,True
h_02,WACLAE,1.0023272129851786,-14.565832691789188,138.0,True
h_02,WACLAK,1.0037743979932385,-14.573170941038661,34.5,True
h_02,WADMIF,,,,False
h_02,WADOMF,1.0132259838073348,-14.329623312159633,69.0,True
h_02,WAGUAE,1.002230664273423,-10.430606760533665,138.0,True
h_02,WAGUBE,1.002230664273423,-10.430606760533665,138.0,True
h_02,WAHMIF,0.9757924310809042,-28.00541779116113,69.0,True
h_02,WAHO1E,0.9872512856732073,-10.218156122980842,138.0,True
h_02,WAHO2E,0.9872512856732073,-10.218156122980842,138.0,True
h_02,WAHOBF,0.9825603576442334,-13.514049929308356,69.0,True
h_02,WAHONF,0.9825603576442334,-13.514049929308356,69.0,True
h_02,WAIAMF,,,,False
h_02,WAIAZF,,,,False
h_02,WAIBAF,,,,False
h_02,WAIISF,,,,False
h_02,WAISAF,,,,False
h_02,WAISCF,0.9891074747790469,-18.619891955628216,69.0,True
h_02,WAISOF,1.0050452610004377,-27.375737042053224,69.0,True
h_02,WAIUNF,,,,False
h_02,WAIZSF,,,,False
h_02,WAORIF,0.9574190352653054,-12.008584159120534,69.0,True
h_02,WAPERF,0.9842019654697541,-32.007551721565825,69.0,True
h_02,WAPFAF,1.0039335120259703,-20.313978204744394,69.0,True
h_02,WAQUIF,0.9934642669367143,-21.553235372108496,69.0,True
h_02,WASOEF,0.9622751041228517,-19.673771759061065,69.0,True
h_02,WAZUAF,0.9747901205067933,-19.434003567478083,69.0,True
h_02,WBALDF,1.0044920257720014,-20.26978208881866,69.0,True
h_02,WBANIF,0.9773454944026059,-19.284299283845748,69.0,True
h_02,WBAPEF,0.9753552873602175,-19.745862538900063,69.0,True
h_02,WBARAF,0.9814570210900367,-17.815292259704048,69.0,True
h_02,WBARCE,,,,False
h_02,WBASIF,0.9515656727752378,-11.858424016959885,69.0,True
h_02,WBAYAE,1.0063606688188982,-12.711696182071497,138.0,True
h_02,WBAYAK,1.0061865041364246,-12.714389657784782,34.5,True
h_02,WBAYOF,0.981957091956348,-14.000266420721115,69.0,True
h_02,WBCARF,,,,False
h_02,WBCARK,0.9999999999999997,-11.780305976988613,13.800000190734863,True
h_02,WBCHIE,0.9950403073859989,-4.203022294944779,138.0,True
h_02,WBCHIF,0.9653394986222795,-8.839660873336607,69.0,True
h_02,WBDERF,0.9680566295829839,-23.96568067097402,69.0,True
h_02,WBDERK,1.0,-24.159558188502537,13.800000190734863,True
h_02,WBENEF,0.9639535088918249,-17.657834946302774,69.0,True
h_02,WBERSF,,,,False
h_02,WBLECF,0.9447686673327145,-15.18107351408391,69.0,True
h_02,WBMATF,0.9745808133442704,-19.61503106770841,69.0,True
h_02,WBNVFF,,,,False
h_02,WBON2E,0.9970032448469183,-14.918025111289522,138.0,True
h_02,WBON2F,,,,False
h_02,WBON3C,,,,False
h_02,WBON3D,1.0087276751038412,-8.509900049279576,345.0,True
h_02,WBON3E,0.9970781316563164,-14.913561548088536,138.0,True
h_02,WBONAF,0.9881944017332951,-20.13297437714921,69.0,True
h_02,WBOPEF,,,,False
h_02,WBPOPF,0.9878139519105006,-10.18068080291685,69.0,True
h_02,WBVISF,0.9652461515702347,-15.237620610118018,69.0,True
h_02,WCABAF,0.994326242367603,-28.58715939621511,69.0,True
h_02,WCALAE,1.005941729420078,-12.504818598002831,138.0,True
h_02,WCALBE,1.005941729420078,-12.504818598002831,138.0,True
h_02,WCANAE,,,,True
h_02,WCANAF,,,,True
h_02,WCAPOF,0.944429349905831,-10.009216328274874,69.0,True
h_02,WCATAF,0.9447651410730152,-10.85083131735826,69.0,True
h_02,WCAYAF,0.964263259914207,-10.362932901092433,69.0,True
h_02,WCBOHF,0.9858324419790897,-13.939897880507381,69.0,True
h_02,WCBYNF,0.9505165355058677,-17.777121202830166,69.0,True
h_02,WCC21E,1.0014165815312046,-14.896989334984708,138.0,True
h_02,WCCA2F,0.9954558019285952,-17.967882951711566,69.0,True
h_02,WCCABF,0.9953101804627479,-18.033477912491122,69.0,True
h_02,WCCARF,0.9434710935104663,-10.84748907274932,69.0,True
h_02,WCCIBF,0.9997366414326972,-22.00162391159318,69.0,True
h_02,WCDAGF,0.9680687563487993,-17.591301345972592,69.0,True
h_02,WCEMEE,1.0030698816598256,-5.141450065325062,138.0,True
h_02,WCENOF,0.9657732547845214,-28.093237332891558,69.0,True
h_02,WCEPPF,,,,False
h_02,WCES1K,1.0199999809265137,-5.225019317699544,13.800000190734863,True
h_02,WCES2K,1.0199999809265137,-5.225019317699544,13.800000190734863,True
h_02,WCES3K,1.0199999809265134,-5.206802948686929,13.800000190734863,True
h_02,WCESPF,0.9595096104909241,-24.376494474349432,69.0,True
h_02,WCESPK,,,,False
h_02,WCINDF,,,,False
h_02,WCLUIE,0.9970349626564355,-6.453173632208034,138.0,True
h_02,WCNACF,,,,False
h_02,WCNPEE,0.9872045068802583,-9.744986371337923,138.0,True
h_02,WCNSLF,,,,False
h_02,WCOAPE,0.991245674516035,-6.704866239569498,138.0,True
h_02,WCOCOF,0.9921193404039661,-20.471803545268383,69.0,True
h_02,WCODAF,0.9694453023839685,-28.555129161200828,69.0,True
h_02,WCOHEF,1.0119724162388843,-14.587578077743375,69.0,True
h_02,WCONSF,1.0081363089909157,-32.022177086540204,69.0,True
h_02,WCORMF,0.9752043424047417,-24.365710909939356,69.0,True
h_02,WCOTAE,0.9636544961844236,-10.128298896327706,138.0,True
h_02,WCOTBE,0.9636544961844236,-10.128298896327706,138.0,True
h_02,WCOTUF,0.9722735499621108,-29.874463115239855,69.0,True
h_02,WCPVCF,0.9708810938270626,-17.46075637922151,69.0,True
h_02,WCSATF,0.9722658596933543,-17.343256410348296,69.0,True
h_02,WCSO1K,0.9636544961844236,-10.128298896327706,34.5,True
h_02,WCSO2K,0.9636544961844236,-10.128298896327706,34.5,True
h_02,WCSO3K,0.9636544961844236,-10.128298896327706,34.5,True
h_02,WCSOLK,,,,False
h_02,WCTP1D,,,,False
h_02,WCTP2D,,,,False
h_02,WCUMAE,0.9760093207573172,-8.666830084909742,138.0,True
h_02,WCUMBE,0.9760093207573172,-8.666830084909742,138.0,True
h_02,WCVEGF,0.9880553465815283,-27.489333553615474,69.0,True
h_02,WCZFSF,1.0069554692039113,-20.11200513288404,69.0,True
h_02,WDAJAE,0.9774675769402815,-17.72567941936647,138.0,True
h_02,WDAJAF,,,,False
h_02,WDESPF,0.954161588731311,-9.118782487916631,69.0,True
h_02,WDISDF,0.9491722195928003,-17.90169411805522,69.0,True
h_02,WDJAOE,0.9620729364958385,-10.11127916715062,138.0,True
h_02,WDJAOF,0.9169561063029759,-14.903566240892873,69.0,True
h_02,WDPEDF,0.9960998920598354,-22.37083866246391,69.0,True
h_02,WDRODF,0.9873094360379857,-17.140311846354912,69.0,True
h_02,WDRODK,0.9962792417000865,-17.16639113489539,12.470000267028809,True
h_02,WDRODM,,,,False
h_02,WDURAF,,,,False
h_02,WDUVEF,0.96942839521823,-25.6562327928023,69.0,True
h_02,WEABAF,,,,False
h_02,WEBRIE,0.9788106156806929,-9.459321360739425,138.0,True
h_02,WECHIF,0.9574020160883308,-28.25419115118404,69.0,True
h_02,WELJIF,0.9984209642417615,-22.09679558443999,69.0,True
h_02,WEM21K,1.0,-9.473719533536771,13.800000190734863,True
h_02,WEMA2E,,,,False
h_02,WEMA2F,,,,False
h_02,WEMA3F,0.9540911169635113,-9.118794782032788,69.0,True
h_02,WEMB2F,,,,False
h_02,WEMB3F,0.9551516382116849,-8.935038163244437,69.0,True
h_02,WEMBAE,0.9863321244086151,-10.64443677095426,138.0,True
h_02,WENADE,1.0023519767887146,-0.16922388976095573,138.0,True
h_02,WENE4E,1.0036569667870094,-5.059446982497347,138.0,True
h_02,WEPINF,0.9748501938086089,-18.41747637280607,69.0,True
h_02,WERIOF,1.0003196532992111,-30.653235178373244,69.0,True
h_02,WESEIE,0.9664214823535379,-9.339712595900417,138.0,True
h_02,WESM3F,,,,False
h_02,WESM3K,,,,False
h_02,WESOCE,0.998000818856757,-5.643360799563327,138.0,True
h_02,WESP1E,1.001289354439641,-15.30966499458826,138.0,True
h_02,WFALCE,0.9970843741000879,-14.913658536077504,138.0,True
h_02,WFALCF,0.9997617452378926,-19.107203785757648,69.0,True
h_02,WFALCK,,,,True
h_02,WFALCM,,,,False
h_02,WFANTF,0.9793244733360291,-25.177798545380643,69.0,True
h_02,WFNEGF,,,,False
h_02,WFOCHF,1.0025358170180654,-20.408615072356977,69.0,True
h_02,WFOLAF,,,,False
h_02,WGALAF,0.9471229683814565,-10.290555583466277,69.0,True
h_02,WGBOJF,0.9884181067401899,-13.419370373057323,69.0,True
h_02,WGHACF,0.9879123521361104,-10.176654746154705,69.0,True
h_02,WGIRAE,1.0049679604042718,-12.002480501699136,138.0,True
h_02,WGIRAK,1.0121258080331352,-12.021715124264446,34.5,True
h_02,WGMALF,0.978694791359301,-13.793612353300894,69.0,True
h_02,WGNLLE,0.9980520469688511,-14.901208377926453,138.0,True
h_02,WGNLLK,0.9996860206196863,-14.909031989699917,34.5,True
h_02,WGOYAF,0.9889301693243303,-18.626952236840797,69.0,True
h_02,WGPALF,0.9794854347592499,-15.442403648471124,69.0,True
h_02,WGPETF,0.9786605087715484,-13.801365776440052,69.0,True
h_02,WGPLAF,0.9454364194834284,-10.464373052497077,69.0,True
h_02,WGRCHF,0.9432698846068548,-10.67433573585599,69.0,True
h_02,WGRSFF,0.9678692903021149,-28.181329204432853,69.0,True
h_02,WGU1AD,,,,False
h_02,WGU1BD,,,,False
h_02,WGUA2F,0.9917495442377737,-16.63742819535012,69.0,True
h_02,WGUANE,,,,True
h_02,WGUANF,0.991803712776556,-16.636734281479622,69.0,True
h_02,WGUAVF,0.9674124459789428,-10.269660431390143,69.0,True
h_02,WGUAYE,0.9909929577671117,-15.801502225228804,138.0,True
h_02,WGUAYF,0.9249949719431523,-15.658443760666433,69.0,True
h_02,WGUERD,1.0030112741079587,-7.254240592088869,345.0,True
h_02,WGUERE,0.9946009347284104,-7.190607843212958,138.0,True
h_02,WGUERF,0.9406669071716911,-12.111829254399737,69.0,True
h_02,WGVEGF,0.9910690009245549,-26.632388439961314,69.0,True
h_02,WHAIBF,0.99442654924423,-13.257406855266131,69.0,True
h_02,WHAINE,0.9932726141802052,-10.053104198097497,138.0,True
h_02,WHAINF,0.99442654924423,-13.257406855266131,69.0,True
h_02,WHAT2K,0.9999999999999999,-28.869731960602067,13.800000190734863,True
h_02,WHATIF,0.9777972980906253,-28.81857107071067,69.0,True
h_02,WHATIK,1.0,-28.934649866874057,12.5,True
h_02,WHENUF,,,,False
h_02,WHERRE,0.9885679938430951,-10.883651885223484,138.0,True
h_02,WHGMOE,,,,False
h_02,WHGUEE,,,,False
h_02,WHIGUF,0.9844185360179588,-20.62028924625286,69.0,True
h_02,WHJBOF,0.9864978814326073,-26.35874504457362,69.0,True
h_02,WHLINF,,,,False
h_02,WHMA2E,0.9760793378597338,-7.990383879628599,138.0,True
h_02,WHMA2F,0.9630000924491111,-9.717775393771902,69.0,True
h_02,WHMAYF,0.9617257994332202,-9.81766772465976,69.0,True
h_02,WHMSAF,0.9832159994622528,-17.862749256955727,69.0,True
h_02,WHNACF,,,,False
h_02,WHNS1E,0.985673276196664,-8.679026879950197,138.0,True
h_02,WHNS1F,0.9717537145254947,-11.676164157112279,69.0,True
h_02,WHNUEF,0.9534903653281531,-17.501100406378725,69.0,True
h_02,WIAANE,0.9966275322149238,-4.756858801947632,138.0,True
h_02,WIBARF,0.9947232781923443,-18.059216578669513,69.0,True
h_02,WICAEF,0.9898433514441283,-17.7494023935273,69.0,True
h_02,WICNAF,,,,False
h_02,WIDALF,0.9867562128133671,-26.59132439008135,69.0,True
h_02,WIGASE,,,,False
h_02,WIISAF,0.9511968062592234,-9.312405480745426,69.0,True
h_02,WIMB2F,0.9944198693665645,-22.941216541970558,69.0,True
h_02,WIMBEF,0.9928553600576415,-23.025388374131037,69.0,True
h_02,WINCAF,0.9722382769537259,-17.39769794936769,69.0,True
h_02,WINCAK,0.9999999999999998,-18.22397032411378,12.470000267028809,True
h_02,WINVBF,0.9636334896561916,-12.405146057327366,69.0,True
h_02,WINVIF,0.9432727820208051,-10.681186062725105,69.0,True
h_02,WIPSIF,,,,False
h_02,WITA1E,0.9948393152037052,-9.863732913755886,138.0,True
h_02,WJARAF,0.9907148365806168,-29.42727686313,69.0,True
h_02,WJDOLE,1.000024098899148,-5.858283891380254,138.0,True
h_02,WJIBPE,0.9642277165477773,-26.248671330447014,69.0,True
h_02,WJIGBE,1.0029298366627006,-10.13364035284066,138.0,True
h_02,WJIGUE,1.0029298366627006,-10.13364035284066,138.0,True
h_02,WJIMEF,0.9915417838999935,-29.389720902376048,69.0,True
h_02,WJSAUD,1.014570040983311,-6.749124273448915,345.0,True
h_02,WJSAUE,,,,False
h_02,WKDMBF,0.9803266344756473,-14.382642633938081,69.0,True
h_02,WKDMEF,0.9729122060631884,-14.53924301674758,69.0,True
h_02,WKINDF,0.9872538624596218,-19.02058981573383,69.0,True
h_02,WKQA1F,0.9905978181290881,-17.215388815816297,69.0,True
h_02,WKQAZE,1.0078094332762466,-13.769784180575867,138.0,True
h_02,WKVEIF,,,,False
h_02,WLALFF,,,,False
h_02,WLANGE,0.9935245014167273,-16.49589343286443,138.0,True
h_02,WLBARF,,,,False
h_02,WLCALF,0.9458750120264486,-10.679373698098077,69.0,True
h_02,WLCBOF,0.982108277716519,-22.090423437333023,69.0,True
h_02,WLCOCK,1.0052706772301951,-15.240876210481058,34.5,True
h_02,WLCUAF,0.9493778872827364,-9.508384681948352,69.0,True
h_02,WLDAMF,0.9706436602952004,-25.750736381511643,69.0,True
h_02,WLDAMK,0.9999999999999999,-27.436003575419484,12.5,True
h_02,WLDIAF,0.9878117311547234,-10.180771319389969,69.0,True
h_02,WLGALE,0.9895116856416543,-17.02189364613541,138.0,True
h_02,WLGU2K,1.007001959352988,-15.730726220466451,34.5,True
h_02,WLGUZE,1.007001959352988,-15.730726220466451,138.0,True
h_02,WLGUZK,1.006988555166223,-15.732116392466661,34.5,True
h_02,WLISAE,0.9868144704740667,-9.898832262037672,138.0,True
h_02,WLLAGF,,,,False
h_02,WLMFAF,0.978252374182299,-18.059431084958224,69.0,True
h_02,WLMI5E,0.9862882915051724,-9.013363013525918,138.0,True
h_02,WLMI6E,0.9862941082693012,-9.014312345070975,138.0,True
h_02,WLMI7E,0.9864315412435994,-8.961049174897855,138.0,True
h_02,WLMI7K,1.0,-8.97695397118621,13.800000190734863,True
h_02,WLMINE,0.9862426846572844,-9.012668918660715,138.0,True
h_02,WLMINF,0.9499618942726508,-9.682584537700937,69.0,True
h_02,WLORIE,1.0015785544985378,-5.440473837075142,138.0,True
h_02,WLORIK,1.0490000247955322,-5.528144081912062,12.470000267028809,True
h_02,WLPARF,0.9385582815159553,-12.333318075897786,69.0,True
h_02,WLPENF,0.9852908054464955,-25.214848648164903,69.0,True
h_02,WLPRAE,0.9867125175693483,-10.819989521597682,138.0,True
h_02,WLROME,0.9693650469786135,-9.610213469274512,138.0,True
h_02,WLROMF,0.9658627316087334,-14.278322777213427,69.0,True
h_02,WLRPUF,0.9601228467589976,-14.847485563097763,69.0,True
h_02,WLTORF,0.9927300287172305,-16.891357638394517,69.0,True
h_02,WLUCIF,0.9963254036078677,-16.248447562747085,69.0,True
h_02,WLUPEF,0.9859762511372734,-23.693539117967376,69.0,True
h_02,WLVEGF,0.9881158220401187,-27.48612680389229,69.0,True
h_02,WLVICE,0.9857751849588113,-8.680479015576937,138.0,True
h_02,WLVICK,0.9857751849588113,-8.680479015576937,34.5,True
h_02,WLVPEF,0.9889400829150359,-27.869573618725195,69.0,True
h_02,WMAGUF,0.9903346475876115,-17.066918143692284,69.0,True
h_02,WMAIMF,0.9771921147028519,-23.813844720682482,69.0,True
h_02,WMARAF,0.9497348204712194,-11.7973519439306,69.0,True
h_02,WMARAK,0.9497348204712194,-11.7973519439306,13.800000190734863,True
h_02,WMARTF,0.9170240053461286,-14.904725483406532,69.0,True
h_02,WMARTK,0.9170240053461286,-14.904725483406532,34.5,True
h_02,WMAT1E,0.9571821802513728,-28.949857042006514,138.0,True
h_02,WMATAE,0.9879394442569431,-10.372289765781204,138.0,True
h_02,WMATBE,0.9879394442569431,-10.372289765781204,138.0,True
h_02,WMEGAF,0.9490622635533057,-9.718639119480711,69.0,True
h_02,WMERCF,0.9786605087715484,-13.801365776440052,69.0,True
h_02,WMETAE,0.9879425437903362,-10.37387740192445,138.0,True
h_02,WMETAK,0.9900000095367433,-10.715825607735207,13.199999809265137,True
h_02,WMETBF,0.9879333833047893,-10.174670545403997,69.0,True
h_02,WMETEE,0.9945866323656928,-9.912575104985118,138.0,True
h_02,WMETEF,0.9885949718687876,-13.38444202039869,69.0,True
h_02,WMETRE,0.9886399625208974,-9.782508092041189,138.0,True
h_02,WMETRF,0.9879333833047893,-10.174670545403997,69.0,True
h_02,WMIR1E,0.9947575882090606,-7.191342940815455,138.0,True
h_02,WMIRAK,0.9947575882090606,-7.191342940815455,34.5,True
h_02,WMLTPF,0.9859564267994086,-13.638795109187758,69.0,True
h_02,WMOCAE,0.9744023680096008,-20.34626909826913,138.0,True
h_02,WMOCAF,0.9743076428615466,-25.650111642864584,69.0,True
h_02,WMONCE,0.9912238892908096,-16.469408337416702,138.0,True
h_02,WMONTE,0.9797965071959621,-17.15948339659822,138.0,True
h_02,WMOZAF,0.9537594187420406,-9.27443118989857,69.0,True
h_02,WMP2AE,0.9950553272318388,-7.19273967568355,138.0,True
h_02,WMP2BE,0.9950553272318388,-7.19273967568355,138.0,True
h_02,WMPALF,0.9386260900990822,-12.332369825023706,69.0,True
h_02,WMPALK,0.9386260900990822,-12.332369825023706,34.5,True
h_02,WMPL1D,,,,False
h_02,WMPL2D,,,,False
h_02,WMPLAF,0.7899807649503182,-25.572809510569204,69.0,True
h_02,WMPSOE,,,,False
h_02,WMPSOF,0.7899807798837918,-25.572809809076,69.0,True
h_02,WMPSOK,0.7899807798837918,-25.572809809076,20.0,True
h_02,WMRI2E,1.007795544915268,-13.804133739450565,138.0,True
h_02,WMTFNE,1.0197709843450982,-12.286140653712218,138.0,True
h_02,WMTFNK,1.0644787374081872,-12.333443092488654,34.5,True
h_02,WMULTF,0.9511408871850099,-9.314396291041714,69.0,True
h_02,WMVCIF,0.9991505343958659,-22.064647535609325,69.0,True
h_02,WMVIEF,0.989298321953471,-18.874135411400445,69.0,True
h_02,WNAG2E,0.9586009469609645,-28.700095253380944,138.0,True
h_02,WNAG2F,,,,True
h_02,WNAGUF,0.9534998452069164,-31.982747858180314,69.0,True
h_02,WNARAD,0.9947998178130779,-12.31137790131199,345.0,True
h_02,WNARAE,,,,False
h_02,WNAV2E,1.0006986317654278,-15.45986802749069,138.0,True
h_02,WNAVAF,0.9797834276533088,-23.31255802191191,69.0,True
h_02,WNEYBF,0.9412470433210803,-27.131966470363526,69.0,True
h_02,WNIBAE,0.9884794483286399,-17.24571777370518,138.0,True
h_02,WNOVOF,0.9856443252625768,-13.265535533983442,69.0,True
h_02,WOFALF,1.011981113738244,-14.588018671579459,69.0,True
h_02,WOJIVF,0.9918570136193804,-13.337480595914977,69.0,True
h_02,WPAK0E,,,,False
h_02,WPAK2E,1.007455949347566,-13.80242672621682,138.0,True
h_02,WPAK5E,1.007455949347566,-13.80242672621682,138.0,True
h_02,WPAK6E,1.007455949347566,-13.80242672621682,138.0,True
h_02,WPAL1E,0.9928677380722561,-10.497616478687469,138.0,True
h_02,WPALAF,0.9794854347592499,-15.442403648471124,69.0,True
h_02,WPALBE,1.0127686332148544,-11.30235808894541,138.0,True
h_02,WPALBF,0.9915058285164634,-12.81141295845766,69.0,True
h_02,WPALEE,1.0127686332148544,-11.30235808894541,138.0,True
h_02,WPAQ1K,1.0499999523162842,-13.900666617042061,4.159999847412109,True
h_02,WPARAE,0.9903863416477253,-9.803156455930301,138.0,True
h_02,WPAYAE,,,,False
h_02,WPAYBE,,,,False
h_02,WPAYIF,0.9637617368231827,-33.12119211616205,69.0,True
h_02,WPBAJF,0.9939222860976245,-29.76245023096488,69.0,True
h_02,WPBBAE,,,,False
h_02,WPBLAD,,,,False
h_02,WPCA1K,1.0499999523162842,0.0,22.0,True
h_02,WPCA2K,1.0499999523162842,1.951700557132745,22.0,True
h_02,WPCATE,,,,False
h_02,WPCGLF,0.9662279229766307,-17.681797020267776,69.0,True
h_02,WPCIBF,0.9524704470864999,-10.020988974424817,69.0,True
h_02,WPDISF,,,,False
h_02,WPDIVF,0.9700397129392231,-16.17602139868556,69.0,True
h_02,WPDORE,,,,True
h_02,WPDORF,1.0089576172405326,-24.029172250336348,69.0,True
h_02,WPEBPE,1.0065998624008983,-15.402443661241785,138.0,True
h_02,WPERAE,1.0059420649866402,-12.504820154688543,138.0,True
h_02,WPERBE,1.0059420649866402,-12.504820154688543,138.0,True
h_02,WPES1K,1.0059420649866402,-12.504820154688543,34.5,True
h_02,WPES2K,1.0059420649866402,-12.504820154688543,34.5,True
h_02,WPFLEF,,,,False
h_02,WPFMSK,0.9909929577671117,-15.801502225228804,20.0,True
h_02,WPGARF,1.00409476348667,-23.57820542785927,69.0,True
h_02,WPHAIF,0.9942810621936581,-13.268994222870967,69.0,True
h_02,WPIDUF,0.9726315065532571,-17.188170318047305,69.0,True
h_02,WPIISF,,,,False
h_02,WPIMCF,0.999265077510817,-20.676119292306293,69.0,True
h_02,WPIMEE,0.9846765831157094,-24.511236332806654,138.0,True
h_02,WPIMEF,0.9781482238284113,-30.262006440621622,69.0,True
h_02,WPINAF,1.0323652078155237,-16.7493063570002,69.0,True
h_02,WPIZAE,1.0041484811303791,-11.994227128845942,138.0,True
h_02,WPIZAF,0.9963278166571679,-16.248250643892057,69.0,True
h_02,WPIZBF,,,,False
h_02,WPLASF,0.9845845319488219,-13.343601641187412,69.0,True
h_02,WPLCCF,0.9768691690189542,-16.063701439680013,69.0,True
h_02,WPLINF,0.9781113911044207,-18.955232587251896,69.0,True
h_02,WPLM1E,1.010301962457773,-14.637472834616945,138.0,True
h_02,WPLM1K,1.0199999809265134,-14.700115946676794,13.800000190734863,True
h_02,WPLM2K,1.0199999809265137,-14.73118901893929,13.800000190734863,True
h_02,WPP22E,1.0053021770684065,-17.122299972318938,138.0,True
h_02,WPPELF,1.0091309701997053,-23.967343949772776,69.0,True
h_02,WPPL2F,,,,True
h_02,WPPLAF,1.0157755186634032,-22.26747166043675,69.0,True
h_02,WPPLBF,,,,False
h_02,WPPLIF,0.9786373239314011,-23.376942107008723,69.0,True
h_02,WPPRIF,0.998659544211891,-22.08563815658718,69.0,True
h_02,WPSCEF,0.976802821218775,-18.268959358189825,69.0,True
h_02,WPSESK,,,,False
h_02,WPVIEE,,,,False
h_02,WQ1SPK,1.0000000000000002,-15.084806344954576,13.800000190734863,True
h_02,WQCORF,0.9868749960763714,-17.404977342800436,69.0,True
h_02,WQU11D,1.008138949957726,-14.991696525846786,230.0,True
h_02,WQU12K,0.9999999999999998,-15.088722675261337,13.800000190734863,True
h_02,WQU21D,1.008138949957726,-14.991696525846786,230.0,True
h_02,WQU21K,0.9999999999999998,-15.088722675261337,13.800000190734863,True
h_02,WQUINF,0.9926031254664871,-21.649107531733648,69.0,True
h_02,WQUISD,,,,True
h_02,WQUISE,,,,False
h_02,WRARRF,0.9816994624176894,-22.159002092680712,69.0,True
h_02,WRBL1K,,,,False
h_02,WRBL2K,,,,False
h_02,WRBLAF,1.0168692387753073,-18.46233916352091,69.0,True
h_02,WRCHAF,0.9642492779268887,-16.56458752872681,69.0,True
h_02,WREFIF,0.9872546164584406,-13.516714913850253,69.0,True
h_02,WRINCF,0.9826662887580485,-24.832560961095425,69.0,True
h_02,WRNUEF,0.9823355390933727,-24.85038938939906,69.0,True
h_02,WRPELF,0.9219682083213098,-15.724493277075895,69.0,True
h_02,WRSJUE,0.9541765552022768,-29.253149986586806,138.0,True
h_02,WRZMOK,,,,False
h_02,WSABAF,0.9994191103626263,-16.15950060311311,69.0,True
h_02,WSAJ1E,0.995583714591738,-15.67696859873968,138.0,True
h_02,WSALCE,0.9704253373385467,-21.90275797688102,138.0,True
h_02,WSALIF,0.9776710899208076,-21.781054774702394,69.0,True
h_02,WSAMAE,0.9405708398111106,-31.038763549064118,138.0,True
h_02,WSANCE,0.9461951830283449,-30.47306460856642,138.0,True
h_02,WSANTE,1.004256494906036,-11.9953156215906,138.0,True
h_02,WSANTK,1.004256494906036,-11.9953156215906,34.5,True
h_02,WSCANF,0.9729658317790458,-19.0224646436743,69.0,True
h_02,WSCANK,0.9729658317790458,-19.0224646436743,34.5,True
h_02,WSCNOE,0.9948681632768163,-10.965407165540896,138.0,True
h_02,WSESTE,1.0023445730326954,-5.26328854985563,138.0,True
h_02,WSFELE,,,,True
h_02,WSFMAE,0.9700859432908617,-24.238592898336094,138.0,True
h_02,WSFMAF,0.9655291501003985,-27.57354013418805,69.0,True
h_02,WSIBBE,0.9952635872068692,-4.138140490985609,138.0,True
h_02,WSJMAF,0.98307319173392,-21.811257646427155,69.0,True
h_02,WSJOCF,0.9757048184709834,-21.135973148788487,69.0,True
h_02,WSJU2E,1.0038418366256434,-14.961810026530264,138.0,True
h_02,WSJU2F,0.9937048268276314,-16.487470021881553,69.0,True
h_02,WSJUAF,0.9908398694832995,-16.70307618246333,69.0,True
h_02,WSKAPF,0.9787020694694988,-13.799149608510987,69.0,True
h_02,WSLCOE,,,,False
h_02,WSLORK,1.0000000000000002,-9.862127257485039,13.800000190734863,True
h_02,WSMARF,0.964025091403076,-9.734835522677258,69.0,True
h_02,WSODOF,0.9892875170030407,-18.8752163061114,69.0,True
h_02,WSOSUF,1.0035603491550311,-27.603110691783392,69.0,True
h_02,WSPB1K,1.0499999523162842,-5.414078640415734,13.800000190734863,True
h_02,WSPBEE,1.0032699388872874,-5.185405715236821,138.0,True
h_02,WSPERF,0.9085044322984357,-15.665783037399258,69.0,True
h_02,WSPEVF,,,,False
h_02,WSPM2E,1.0036569667870094,-5.059446982497347,138.0,True
h_02,WSPMAE,1.0008318955320803,-5.502450019262879,138.0,True
h_02,WSPMAF,0.989163035840484,-9.740652217086268,69.0,True
h_02,WSPMBE,1.0008318955320803,-5.502450019262879,138.0,True
h_02,WSPRIF,0.8741310022236549,-17.97936770377004,69.0,True
h_02,WSRODE,0.9796478437681752,-17.602735398999695,138.0,True
h_02,WSYASF,0.989081578194504,-29.101181996351023,69.0,True
h_02,WSYEGF,0.9919946921089514,-16.640910535068873,69.0,True
h_02,WTAAGK,,,,False
h_02,WTAAVK,,,,False
h_02,WTAG1K,,,,False
h_02,WTAG2K,,,,False
h_02,WTAMAF,0.9707648420702186,-11.69422055256181,69.0,True
h_02,WTANOK,,,,False
h_02,WTAV1K,1.0000000000000002,-16.541659417093033,13.800000190734863,True
h_02,WTAVBE,,,,False
h_02,WTBA1K,,,,False
h_02,WTBA2K,,,,False
h_02,WTCE1K,,,,False
h_02,WTCE2K,,,,False
h_02,WTCEMK,,,,False
h_02,WTDAJK,,,,False
h_02,WTEMPF,0.9482505834156217,-9.721029176422403,69.0,True
h_02,WTESAK,,,,False
h_02,WTFA1K,,,,False
h_02,WTFA2K,,,,False
h_02,WTFA3K,,,,False
h_02,WTHAGK,,,,False
h_02,WTHAIF,0.9683809129058542,-11.976096037775806,69.0,True
h_02,WTIM2E,0.9854857284884806,-9.349668903761259,138.0,True
h_02,WTIM2F,0.954811084702924,-9.032581821592975,69.0,True
h_02,WTIMBF,0.954161588731311,-9.118782487916631,69.0,True
h_02,WTIREF,1.0044172894752275,-31.503815430854928,69.0,True
h_02,WTIT1K,,,,False
h_02,WTIT2K,,,,False
h_02,WTJI1K,,,,False
h_02,WTJI2K,,,,False
h_02,WTJIMK,,,,False
h_02,WTLANK,,,,False
h_02,WTMAGK,,,,False
h_02,WTMBBF,,,,True
h_02,WTMI5K,,,,False
h_02,WTMI6K,,,,False
h_02,WTMNTK,,,,False
h_02,WTMONK,,,,False
h_02,WTMR1K,,,,False
h_02,WTMR2K,,,,False
h_02,WTNNAK,,,,False
h_02,WTORGF,1.013335487313009,-14.310556761228504,69.0,True
h_02,WTPA1K,,,,False
h_02,WTPG1K,,,,False
h_02,WTPG2K,,,,False
h_02,WTPG3K,,,,False
h_02,WTPI1K,,,,False
h_02,WTPI2K,,,,False
h_02,WTRINK,,,,False
h_02,WTRJCK,,,,False
h_02,WTROQF,1.0044500858748222,-21.631625499924553,69.0,True
h_02,WTSABK,,,,False
h_02,WTSE1K,,,,False
h_02,WTSFVK,,,,False
h_02,WTSPVK,,,,False
h_02,WTSYEK,,,,False
h_02,WTTA1K,,,,False
h_02,WTTA2K,,,,False
h_02,WTTITF,0.9535824515100775,-9.137415831283402,69.0,True
h_02,WTTO1K,,,,False
h_02,WTVA1K,,,,False
h_02,WTVA2K,,,,False
h_02,WTVE1K,,,,False
h_02,WTZFPF,,,,False
h_02,WUASDE,0.987846124353942,-10.08747237959081,138.0,True
h_02,WUMEDF,0.9768244090226097,-18.267316124995155,69.0,True
h_02,WVALBE,1.0006684169481885,-10.937805951871109,138.0,True
h_02,WVALDE,1.0006684169481885,-10.937805951871109,138.0,True
h_02,WVALLF,0.9919119203006789,-16.66009268216053,69.0,True
h_02,WVALTF,0.9492215436903285,-18.470868400037915,69.0,True
h_02,WVDU1E,,,,True
h_02,WVDUAF,,,,False
h_02,WVILAE,,,,False
h_02,WVILLF,0.9894964930827725,-16.993556238584844,69.0,True
h_02,WVMAOE,0.9908612742492753,-16.481467797586483,138.0,True
h_02,WVMELE,0.9824582841438748,-10.159011015763776,138.0,True
h_02,WVNOBF,0.9626501179265777,-19.652925679948652,69.0,True
h_02,WVOLGF,0.9769487682854252,-18.26152126653154,69.0,True
h_02,WX1PAK,,,,False
h_02,WXABIF,0.9777174418723593,-23.426071963043423,69.0,True
h_02,WXABRF,0.9943390849866061,-18.019312633856558,69.0,True
h_02,WXAD2F,0.9912428423582318,-17.900052464388796,69.0,True
h_02,WXADOF,0.9913582545782715,-18.036245037609596,69.0,True
h_02,WXAHGF,0.9717940951329203,-15.689684389244599,69.0,True
h_02,WXAHMF,0.9760296110334339,-27.99069034118642,69.0,True
h_02,WXAISF,0.9891113990005244,-18.6196035323026,69.0,True
h_02,WXALDF,1.013228163987718,-14.329420222060069,69.0,True
h_02,WXALIF,0.9742435301405137,-15.61066251156961,69.0,True
h_02,WXAORF,0.9623478750695681,-11.815997994780693,69.0,True
h_02,WXAPFF,1.004831370372026,-20.25260177972519,69.0,True
h_02,WXAPPF,1.0094278114268436,-26.38892104046166,69.0,True
h_02,WXAQUF,,,,False
h_02,WXARDF,0.9914197233236014,-18.10428374937385,69.0,True
h_02,WXASOF,1.007920105691984,-27.167527552459184,69.0,True
h_02,WXBA1F,,,,False
h_02,WXBA2F,,,,True
h_02,WXBASF,0.9527055549960064,-11.838712761164444,69.0,True
h_02,WXBAYF,,,,False
h_02,WXBDEF,0.9678144206665932,-23.970175581658182,69.0,True
h_02,WXBLEF,0.9447607967655642,-15.179177015357906,69.0,True
h_02,WXBMAF,0.975638383020706,-19.573021212285553,69.0,True
h_02,WXBOHF,0.9859955050700338,-13.929035729860518,69.0,True
h_02,WXBPEF,0.9954339742632106,-19.784557350778268,69.0,True
h_02,WXCA1K,1.005941729420078,-12.504818598002831,34.5,True
h_02,WXCABF,0.9545080879919086,-17.437860608247664,69.0,True
h_02,WXCANF,,,,False
h_02,WXCARF,0.9739311715501687,-14.42727808502148,69.0,True
h_02,WXCATF,0.9551058800874137,-10.191956491942719,69.0,True
h_02,WXCB2F,,,,False
h_02,WXCBAF,0.9819013444900649,-14.004859511177632,69.0,True
h_02,WXCC1E,,,,False
h_02,WXCC3E,,,,False
h_02,WXCCOF,0.9914061772205934,-18.10547726103371,69.0,True
h_02,WXCDAF,0.9680970829610843,-17.58980536374461,69.0,True
h_02,WXCDLF,0.9694618776463612,-28.55438721577274,69.0,True
h_02,WXCENF,0.9672020717588415,-28.029142439567273,69.0,True
h_02,WXCHAF,0.9642492779268887,-16.56458752872681,69.0,True
h_02,WXCIGF,0.988843147797079,-9.753307220356302,69.0,True
h_02,WXCINF,0.949442181247444,-18.46135472753858,69.0,True
h_02,WXCNAF,0.9827221147526639,-9.905974115198221,69.0,True
h_02,WXCOCF,,,,False
h_02,WXCODF,0.9879333833047893,-10.174670545403997,69.0,True
h_02,WXCORF,0.9765170089661721,-24.286859436695835,69.0,True
h_02,WXCSAF,0.9723204301436555,-17.331759143826712,69.0,True
h_02,WXCTAF,0.9863331338178399,-24.70992547929856,69.0,True
h_02,WXCU1K,0.975705319007743,-8.668209248606201,34.5,True
h_02,WXCU2K,0.975705319007743,-8.668209248606201,34.5,True
h_02,WXCU4K,0.975705319007743,-8.668209248606201,34.5,True
h_02,WXDBRF,0.988843147797079,-9.753307220356302,69.0,True
h_02,WXDISF,0.9497388217557792,-17.847917025783907,69.0,True
h_02,WXDROF,0.9866091333233088,-17.217559730552924,69.0,True
h_02,WXDURF,,,,False
h_02,WXEANF,1.004662931840802,-20.2609840688916,69.0,True
h_02,WXECHF,0.960963224546062,-27.954450131109777,69.0,True
h_02,WXES2K,,,,False
h_02,WXES3K,,,,False
h_02,WXESPF,0.9598488822369373,-24.359713623416773,69.0,True
h_02,WXEV4K,1.0199999809265137,-5.086650438640448,13.800000190734863,True
h_02,WXGALF,0.9471458253803468,-10.289612096746758,69.0,True
h_02,WXGAVF,0.9678221599996026,-10.270764007563505,69.0,True
h_02,WXGBOF,0.9884181067401899,-13.419370373057323,69.0,True
h_02,WXGOYF,0.9891113990005244,-18.6196035323026,69.0,True
h_02,WXGPLF,0.9454364194834284,-10.464373052497077,69.0,True
h_02,WXGRCF,,,,False
h_02,WXGRMF,0.9472946221684231,-11.70962352457495,69.0,True
h_02,WXGRSF,0.9678770038873318,-28.18102851197984,69.0,True
h_02,WXGU2F,0.9917689641940767,-16.63599383358903,69.0,True
h_02,WXHACF,0.9879181724911305,-10.176121971560578,69.0,True
h_02,WXHE1F,1.0133324189177575,-14.308139559099688,69.0,True
h_02,WXHE2F,,,,False
h_02,WXHHIF,0.9881642231990033,-9.771544779404588,69.0,True
h_02,WXHJBF,0.9865084611392864,-26.35843733405121,69.0,True
h_02,WXHMSF,0.983229470961895,-17.861822567756672,69.0,True
h_02,WXHNAF,,,,False
h_02,WXHNUF,0.9539747403638895,-17.480541775078432,69.0,True
h_02,WXIBAF,0.9947324255373492,-18.05885859448697,69.0,True
h_02,WXICAF,0.9898469800018601,-17.749266054488857,69.0,True
h_02,WXICNF,,,,False
h_02,WXIDAF,0.9867629454475267,-26.590820612565704,69.0,True
h_02,WXIDUF,0.9726315065532571,-17.188170318047305,69.0,True
h_02,WXIISF,0.9511998275805181,-9.312285884677557,69.0,True
h_02,WXIMBF,0.993892527887881,-22.970616341926725,69.0,True
h_02,WXINAF,0.9518149822450725,-9.289509473060528,69.0,True
h_02,WXINDF,0.9892536883657469,-27.13533107843694,69.0,True
h_02,WXINVF,0.943408148365786,-10.668341820452248,69.0,True
h_02,WXIPRF,,,,False
h_02,WXIPSF,0.9726315065532571,-17.188170318047305,69.0,True
h_02,WXJIMF,0.9915417838999935,-29.389720902376048,69.0,True
h_02,WXJINF,0.96942839521823,-25.6562327928023,69.0,True
h_02,WXKINF,0.9884053298855927,-18.944170920718463,69.0,True
h_02,WXKVEF,0.9459999846656437,-11.175195374899717,69.0,True
h_02,WXLADF,0.9435148646625686,-10.845994035924905,69.0,True
h_02,WXLALF,,,,False
h_02,WXLC1E,1.005287706330273,-15.237163911988759,138.0,True
h_02,WXLCAF,0.9458750120264486,-10.679373698098077,69.0,True
h_02,WXLCBF,0.9850650093359753,-21.966124322407374,69.0,True
h_02,WXLFAF,0.9769793532679563,-19.345882458831838,69.0,True
h_02,WXLPAF,0.9385771878442941,-12.331554148912197,69.0,True
h_02,WXLPEF,0.9852908054464955,-25.214848648164903,69.0,True
h_02,WXLUCK,0.9962304163362613,-16.250206036192367,34.5,True
h_02,WXLULF,0.9963278166571679,-16.248250643892057,69.0,True
h_02,WXLUPF,,,,True
h_02,WXMAGF,0.9903346475876115,-17.066918143692284,69.0,True
h_02,WXMAIF,0.9774923929464864,-23.795889882849735,69.0,True
h_02,WXMALF,0.9789560389543913,-13.780434263778302,69.0,True
h_02,WXMARF,0.9497154894795554,-11.79703065519669,69.0,True
h_02,WXMATK,0.9571821802513728,-28.949857042006514,34.5,True
h_02,WXMEGF,0.9492121799850625,-9.706283666755057,69.0,True
h_02,WXMETE,,,,False
h_02,WXMETF,0.9884181067401899,-13.419370373057323,69.0,True
h_02,WXMOZF,,,,False
h_02,WXMPAF,0.9387228901540765,-12.305345709531105,69.0,True
h_02,WXMPGK,,,,False
h_02,WXMPSF,0.7899807649503182,-25.572809510569204,69.0,True
h_02,WXMV2F,0.989298321953471,-18.874135411400445,69.0,True
h_02,WXMVAF,,,,False
h_02,WXNAGF,,,,False
h_02,WXNOVF,0.9847599324939883,-13.335478214369813,69.0,True
h_02,WXOC2F,1.0039356647143998,-20.31393407563782,69.0,True
h_02,WXOFAF,1.0119821069334753,-14.58791076831634,69.0,True
h_02,WXOLVF,0.9865467155075961,-22.411773657946142,69.0,True
h_02,WXPA1K,1.0000000000000002,-13.909751808834818,11.0,True
h_02,WXPA3K,0.9999999999999999,-13.895259118375158,15.0,True
h_02,WXPA4K,0.9999999999999998,-13.883814032414426,11.0,True
h_02,WXPC2F,0.9524704470864999,-10.020988974424817,69.0,True
h_02,WXPCGF,0.9662279229766307,-17.681797020267776,69.0,True
h_02,WXPCIF,0.9576636373546943,-9.537082966229807,69.0,True
h_02,WXPETF,0.9788368598467033,-13.78891961132239,69.0,True
h_02,WXPFLF,1.0133346901198692,-14.309618046376691,69.0,True
h_02,WXPFSK,0.9955837145917382,-15.676968598739675,34.5,True
h_02,WXPGAF,1.0041252628771287,-23.57671939666097,69.0,True
h_02,WXPGMF,0.9963278166571679,-16.248250643892057,69.0,True
h_02,WXPHAF,0.9943024772894379,-13.268060384391053,69.0,True
h_02,WXPI4K,0.9999999999999999,-24.572293936163774,13.800000190734863,True
h_02,WXPIDF,0.9963278166571679,-16.248250643892057,69.0,True
h_02,WXPINF,,,,False
h_02,WXPLCF,0.9769594818194156,-16.054551107885565,69.0,True
h_02,WXPPEF,1.0091309701997053,-23.967343949772776,69.0,True
h_02,WXPPLF,,,,False
h_02,WXPPRF,0.9986819620530778,-22.084801052869018,69.0,True
h_02,WXPS1K,1.001289354439641,-15.30966499458826,34.5,True
h_02,WXPY1K,,,,False
h_02,WXQAZF,,,,False
h_02,WXQCOF,0.9868749960763714,-17.404977342800436,69.0,True
h_02,WXRARF,0.9847941536093718,-21.9821084273643,69.0,True
h_02,WXRIEF,,,,False
h_02,WXRINF,0.9853998980686365,-24.554625190065714,69.0,True
h_02,WXSADF,,,,False
h_02,WXSESE,1.0022612146141199,-5.307204179765285,138.0,True
h_02,WXSESF,0.9869817450150775,-9.935589472349086,69.0,True
h_02,WXSI1K,1.0,-4.148368055585104,13.800000190734863,True
h_02,WXSODF,0.9892932345670873,-18.874654394514046,69.0,True
h_02,WXSOSF,1.0035603491550311,-27.603110691783392,69.0,True
h_02,WXSPRF,0.8741310022236549,-17.97936770377004,69.0,True
h_02,WXSYEF,0.9914920272169803,-16.713030449105027,69.0,True
h_02,WXTAMF,0.9488765112332553,-9.71595511661609,69.0,True
h_02,WXTDAF,0.916596497538068,-14.936219189143285,69.0,True
h_02,WXTH1F,0.9683807230571415,-11.97609296861591,69.0,True
h_02,WXTH2F,0.9683808253145623,-11.976094621744773,69.0,True
h_02,WXTISF,0.9922232138098702,-18.594672760477078,69.0,True
h_02,WXTREFF,0.9872546164584406,-13.516714913850253,69.0,True
h_02,WXTROF,1.0044668214174666,-21.630903906266543,69.0,True
h_02,WXTTIF,0.9535824515100775,-9.137415831283402,69.0,True
h_02,WXVALF,0.9492215436903285,-18.470868400037915,69.0,True
h_02,WXVILF,0.9894964930827725,-16.993556238584844,69.0,True
h_02,WXVL1K,,,,False
h_02,WXWC2K,0.9950553272318388,-7.19273967568355,34.5,True
h_02,WXWC3K,0.9950553272318388,-7.19273967568355,34.5,True
h_02,WXYAGF,0.9892597245356816,-17.893776115557653,69.0,True
h_02,WXZAMF,0.9435148646625686,-10.845994035924905,69.0,True
h_02,WXZFBF,,,,False
h_02,WXZFHF,,,,False
h_02,WXZFNF,,,,False
h_02,WXZGUF,0.9969899182595819,-22.509415527624732,69.0,True
h_02,WXZHAF,0.9430026556440663,-10.698568429980316,69.0,True
h_02,WXZISF,,,,False
h_02,WXZPPF,,,,False
h_02,WXZSPF,0.9844711159924402,-10.24041334028895,69.0,True
h_02,WYAGUF,0.9892597245356816,-17.893776115557653,69.0,True
h_02,WYAMAF,0.8173983921222642,-22.792643761424316,69.0,True
h_02,WZFALF,,,,False
h_02,WZFAMF,,,,False
h_02,WZFBAF,,,,False
h_02,WZFDRF,,,,False
h_02,WZFESF,,,,False
h_02,WZFGIF,,,,False
h_02,WZFGUF,,,,False
h_02,WZFISF,,,,False
h_02,WZFLIF,,,,False
h_02,WZFMCF,,,,False
h_02,WZFPPF,,,,False
h_02,WZFS2F,,,,False
h_02,WZFSAE,,,,False
h_02,WZFSAF,,,,False
h_02,WZFSFF,,,,False
h_02,WZFSIF,,,,False
h_02,WZFSPF,,,,False
h_02,WZFVAF,,,,False
h_02,WZFVEF,,,,False
h_02,WZHAIF,0.9430028310768731,-10.698575341681288,69.0,True
h_02,ZXOJIF,,,,False
h_03,WAANDE,1.002742274355404,-0.3108448466024854,138.0,True
h_03,WABCOF,0.9882591912059596,-19.715305791963804,69.0,True
h_03,WABISF,0.9820830978401489,-23.864789984435678,69.0,True
h_03,WABRUF,0.934758540598558,-11.373318148385207,69.0,True
h_03,WACIBF,1.0050146541104208,-21.01795754834626,69.0,True
h_03,WACLAE,1.004926195787951,-14.968622687118412,138.0,True
h_03,WACLAK,1.006377600936369,-14.97589003141094,34.5,True
h_03,WADMIF,,,,False
h_03,WADOMF,1.0150706960587286,-14.226518048329957,69.0,True
h_03,WAGUAE,1.002826112312309,-10.466798206299478,138.0,True
h_03,WAGUBE,1.002826112312309,-10.466798206299478,138.0,True
h_03,WAHMIF,0.9783858442069655,-28.53761575929266,69.0,True
h_03,WAHO1E,0.9882432361526551,-10.367363027288897,138.0,True
h_03,WAHO2E,0.9882432361526551,-10.367363027288897,138.0,True
h_03,WAHOBF,0.9843035989036844,-13.536893681374197,69.0,True
h_03,WAHONF,0.9843035989036844,-13.536893681374197,69.0,True
h_03,WAIAMF,,,,False
h_03,WAIAZF,,,,False
h_03,WAIBAF,,,,False
h_03,WAIISF,,,,False
h_03,WAISAF,,,,False
h_03,WAISCF,0.9920276330742548,-18.34586687739447,69.0,True
h_03,WAISOF,1.0114387966894922,-27.811779683429865,69.0,True
h_03,WAIUNF,,,,False
h_03,WAIZSF,,,,False
h_03,WAORIF,0.9607254101443145,-12.023721763300392,69.0,True
h_03,WAPERF,0.9899751890525834,-32.08854857196074,69.0,True
h_03,WAPFAF,1.0069908697245145,-20.84044905650866,69.0,True
h_03,WAQUIF,0.9971009921996956,-22.040132264567827,69.0,True
h_03,WASOEF,0.9657283355676199,-19.105814491961883,69.0,True
h_03,WAZUAF,0.9778756072639502,-18.99538055893374,69.0,True
h_03,WBALDF,1.007568232930238,-20.795528964465724,69.0,True
h_03,WBANIF,0.9811479832541091,-18.90177531820251,69.0,True
h_03,WBAPEF,0.9794302006690581,-19.338651255448585,69.0,True
h_03,WBARAF,0.9839568684106843,-17.274429681572254,69.0,True
h_03,WBARCE,,,,False
h_03,WBASIF,0.954863007253819,-11.882489734608207,69.0,True
h_03,WBAYAE,1.0074306828778983,-12.597078711681835,138.0,True
h_03,WBAYAK,1.0072563330146393,-12.599772187395121,34.5,True
h_03,WBAYOF,0.9846771163537601,-13.886284146710361,69.0,True
h_03,WBCARF,,,,False
h_03,WBCARK,1.0000000000000002,-11.399752766365207,13.800000190734863,True
h_03,WBCHIE,0.9959587352432675,-4.415669604939329,138.0,True
h_03,WBCHIF,0.9676394882891601,-8.950151180879068,69.0,True
h_03,WBDERF,0.9727644697950376,-24.371412897430393,69.0,True
h_03,WBDERK,1.0,-24.536479458690586,13.800000190734863,True
h_03,WBENEF,0.9708451495811435,-17.590994822077917,69.0,True
h_03,WBERSF,,,,False
h_03,WBLECF,0.9506662590800181,-15.161771006108282,69.0,True
h_03,WBMATF,0.9785914295457939,-19.215928393689612,69.0,True
h_03,WBNVFF,,,,False
h_03,WBON2E,0.9966392323816741,-15.655043155822542,138.0,True
h_03,WBON2F,,,,False
h_03,WBON3C,,,,False
h_03,WBON3D,1.008791674732697,-8.899533762784703,345.0,True
h_03,WBON3E,0.9967174709969435,-15.64952555983735,138.0,True
h_03,WBONAF,0.9898213853656564,-21.643596743327194,69.0,True
h_03,WBOPEF,,,,False
h_03,WBPOPF,0.9883443000949048,-10.706371748420967,69.0,True
h_03,WBVISF,0.970588036417974,-15.229938221884652,69.0,True
h_03,WCABAF,1.0013776986438911,-28.950184673089318,69.0,True
h_03,WCALAE,1.0070243057675665,-12.413481668045385,138.0,True
h_03,WCALBE,1.0070243057675665,-12.413481668045385,138.0,True
h_03,WCANAE,,,,True
h_03,WCANAF,,,,True
h_03,WCAPOF,0.9465266449179881,-9.945264298424853,69.0,True
h_03,WCATAF,0.9477352823055046,-10.923114834469931,69.0,True
h_03,WCAYAF,0.9665758244207756,-10.492617425962418,69.0,True
h_03,WCBOHF,0.9887479818792516,-13.816071463721896,69.0,True
h_03,WCBYNF,0.9510501363447547,-19.058284659682634,69.0,True
h_03,WCC21E,1.0028500690106887,-14.525681886631109,138.0,True
h_03,WCCA2F,0.9974581012059571,-17.473950376496504,69.0,True
h_03,WCCABF,0.9973240375858394,-17.537067669625383,69.0,True
h_03,WCCARF,0.9466081502968406,-10.899314437399346,69.0,True
h_03,WCCIBF,1.0010272458442997,-22.82236188224816,69.0,True
h_03,WCDAGF,0.9683211010117118,-18.883237441287832,69.0,True
h_03,WCEMEE,1.003785159086336,-5.473816447109399,138.0,True
h_03,WCENOF,0.9696736128822404,-28.379643643952733,69.0,True
h_03,WCEPPF,,,,False
h_03,WCES1K,1.0199999809265134,-5.553687882978418,13.800000190734863,True
h_03,WCES2K,1.0199999809265134,-5.553687882978418,13.800000190734863,True
h_03,WCES3K,1.0199999809265137,-5.536294281676238,13.800000190734863,True
h_03,WCESPF,0.9646281087169408,-24.762312022126512,69.0,True
h_03,WCESPK,,,,False
h_03,WCINDF,,,,False
h_03,WCLUIE,0.9978742242002068,-6.708336423543496,138.0,True
h_03,WCNACF,,,,False
h_03,WCNPEE,0.9883280309663387,-9.848719794546755,138.0,True
h_03,WCNSLF,,,,False
h_03,WCOAPE,0.9927302160613267,-7.027124148173095,138.0,True
h_03,WCOCOF,0.9963203727535139,-20.026795297130988,69.0,True
h_03,WCODAF,0.9747266822980173,-28.568241124661203,69.0,True
h_03,WCOHEF,1.0138959376990628,-14.468164383514749,69.0,True
h_03,WCONSF,1.009405753363289,-32.78005004683534,69.0,True
h_03,WCORMF,0.978240540697144,-25.465978561791445,69.0,True
h_03,WCOTAE,0.966695331592628,-10.33390154267792,138.0,True
h_03,WCOTBE,0.966695331592628,-10.33390154267792,138.0,True
h_03,WCOTUF,0.976013934547448,-30.24799032053358,69.0,True
h_03,WCPVCF,0.971030440633205,-18.7568242694187,69.0,True
h_03,WCSATF,0.9723327701465448,-18.643648878405507,69.0,True
h_03,WCSO1K,0.966695331592628,-10.33390154267792,34.5,True
h_03,WCSO2K,0.966695331592628,-10.33390154267792,34.5,True
h_03,WCSO3K,0.966695331592628,-10.33390154267792,34.5,True
h_03,WCSOLK,,,,False
h_03,WCTP1D,,,,False
h_03,WCTP2D,,,,False
h_03,WCUMAE,0.9785160377881006,-8.923568378934936,138.0,True
h_03,WCUMBE,0.9785160377881006,-8.923568378934936,138.0,True
h_03,WCVEGF,0.9888952653467752,-28.409108880729228,69.0,True
h_03,WCZFSF,1.0099876455529495,-20.640225353572365,69.0,True
h_03,WDAJAE,0.9803377221125674,-18.083242633983097,138.0,True
h_03,WDAJAF,,,,False
h_03,WDESPF,0.9559494046973983,-9.084391620985798,69.0,True
h_03,WDISDF,0.9497456982656584,-19.179108607510546,69.0,True
h_03,WDJAOE,0.963833220795913,-10.226333375571988,138.0,True
h_03,WDJAOF,0.9198200799419184,-14.911698811897358,69.0,True
h_03,WDPEDF,0.9981496189914707,-23.145946287697633,69.0,True
h_03,WDRODF,0.9888964388933004,-16.70687471985785,69.0,True
h_03,WDRODK,0.9967445403579047,-16.729653917173696,12.470000267028809,True
h_03,WDRODM,,,,False
h_03,WDURAF,,,,False
h_03,WDUVEF,0.9741683510084133,-24.810508818577627,69.0,True
h_03,WEABAF,,,,False
h_03,WEBRIE,0.9802126230980935,-9.56943141087539,138.0,True
h_03,WECHIF,0.963219692561938,-28.159656357275086,69.0,True
h_03,WELJIF,1.0001004624334624,-22.8941259668621,69.0,True
h_03,WEM21K,1.0000000000000002,-9.578759606146312,13.800000190734863,True
h_03,WEMA2E,,,,False
h_03,WEMA2F,,,,False
h_03,WEMA3F,0.955859303536223,-9.084133386410613,69.0,True
h_03,WEMB2F,,,,False
h_03,WEMB3F,0.9569287979668502,-8.902687472460226,69.0,True
h_03,WEMBAE,0.9877436977062861,-10.685088940008416,138.0,True
h_03,WENADE,1.0027415937425586,-0.3110108284482071,138.0,True
h_03,WENE4E,1.0043825641953668,-5.392958466684023,138.0,True
h_03,WEPINF,0.9769163881355359,-17.941345342842094,69.0,True
h_03,WERIOF,1.0014949153682606,-31.443082856207138,69.0,True
h_03,WESEIE,0.9690016859380004,-9.558214283450411,138.0,True
h_03,WESM3F,,,,False
h_03,WESM3K,,,,False
h_03,WESOCE,0.9989904701855128,-5.9627779982374465,138.0,True
h_03,WESP1E,1.0027079533027363,-15.982311170244486,138.0,True
h_03,WFALCE,0.9967237111827132,-15.649622547826317,138.0,True
h_03,WFALCF,1.0010355299620646,-20.665179182660765,69.0,True
h_03,WFALCK,,,,True
h_03,WFALCM,,,,False
h_03,WFANTF,0.9811745633332005,-26.31117848411447,69.0,True
h_03,WFNEGF,,,,False
h_03,WFOCHF,1.0055970532513587,-20.934619646372433,69.0,True
h_03,WFOLAF,,,,False
h_03,WGALAF,0.9492312991155407,-10.23579200242427,69.0,True
h_03,WGBOJF,0.990841660083607,-13.333360299979372,69.0,True
h_03,WGHACF,0.9884420493845791,-10.702416758344349,69.0,True
h_03,WGIRAE,1.0060689941277712,-11.969430000770807,138.0,True
h_03,WGIRAK,1.0132346838291555,-11.988664623336117,34.5,True
h_03,WGMALF,0.980452936666482,-13.81494953575179,69.0,True
h_03,WGNLLE,1.000830428676969,-15.272351435878901,138.0,True
h_03,WGNLLK,1.0024693728508058,-15.280112054586565,34.5,True
h_03,WGOYAF,0.9918547485607107,-18.352740515364246,69.0,True
h_03,WGPALF,0.9790918914024714,-16.794562593984246,69.0,True
h_03,WGPETF,0.9804214732967954,-13.822513208188193,69.0,True
h_03,WGPLAF,0.947603758046414,-10.40326718120547,69.0,True
h_03,WGRCHF,0.9455212304586823,-10.604681581670965,69.0,True
h_03,WGRSFF,0.9732030142358563,-28.16662366477592,69.0,True
h_03,WGU1AD,,,,False
h_03,WGU1BD,,,,False
h_03,WGUA2F,0.9931055587461278,-16.2297438423322,69.0,True
h_03,WGUANE,,,,True
h_03,WGUANF,0.9931574730767295,-16.228753406207254,69.0,True
h_03,WGUAVF,0.9695943683177181,-10.412961386352087,69.0,True
h_03,WGUAYE,0.9938109252770481,-16.167834846503112,138.0,True
h_03,WGUAYF,0.9317779628648047,-15.61587862705448,69.0,True
h_03,WGUERD,1.0037411715881193,-7.473032241898853,345.0,True
h_03,WGUERE,0.9954918942461197,-7.377935542740685,138.0,True
h_03,WGUERF,0.9443084095766363,-12.12624268964231,69.0,True
h_03,WGVEGF,0.9913855891513247,-27.647900557159122,69.0,True
h_03,WHAIBF,0.9967857999564234,-13.177518059452593,69.0,True
h_03,WHAINE,0.9943645694059343,-10.118198456782453,138.0,True
h_03,WHAINF,0.9967857999564234,-13.177518059452593,69.0,True
h_03,WHAT2K,0.9999999999999998,-29.344533361395154,13.800000190734863,True
h_03,WHATIF,0.9809663347239607,-29.299985824924285,69.0,True
h_03,WHATIK,1.0000000000000002,-29.405070314278106,12.5,True
h_03,WHENUF,,,,False
h_03,WHERRE,0.990046087122417,-10.910554516983298,138.0,True
h_03,WHGMOE,,,,False
h_03,WHGUEE,,,,False
h_03,WHIGUF,0.9929927870450566,-20.489204296596295,69.0,True
h_03,WHJBOF,0.987670213748268,-27.37509090038902,69.0,True
h_03,WHLINF,,,,False
h_03,WHMA2E,0.9780540765508677,-8.249854615770921,138.0,True
h_03,WHMA2F,0.9653084270770159,-9.936953078958078,69.0,True
h_03,WHMAYF,0.964062985454933,-10.034495506575029,69.0,True
h_03,WHMSAF,0.9843968326601026,-18.666000829383748,69.0,True
h_03,WHNACF,,,,False
h_03,WHNS1E,0.9868500467980887,-8.824552670171107,138.0,True
h_03,WHNS1F,0.9745865566808773,-11.705782617737317,69.0,True
h_03,WHNUEF,0.9539568973222624,-18.789000117727287,69.0,True
h_03,WIAANE,0.9973282386846681,-4.928991597897454,138.0,True
h_03,WIBARF,0.9967118471350696,-17.563733622601895,69.0,True
h_03,WICAEF,0.9922505407904766,-17.48275462262036,69.0,True
h_03,WICNAF,,,,False
h_03,WIDALF,0.9878655367840926,-27.588031694666178,69.0,True
h_03,WIGASE,,,,False
h_03,WIISAF,0.9531146278282028,-9.266836516169505,69.0,True
h_03,WIMB2F,0.9987903483219833,-23.46526913435664,69.0,True
h_03,WIMBEF,0.9972868718718261,-23.543947023783954,69.0,True
h_03,WINCAF,0.97232433281192,-18.696444171942364,69.0,True
h_03,WINCAK,1.0000000000000002,-19.504855725735215,12.470000267028809,True
h_03,WINVBF,0.9667999583880319,-12.403121774357938,69.0,True
h_03,WINVIF,0.9455279944375393,-10.611048051427153,69.0,True
h_03,WIPSIF,,,,False
h_03,WITA1E,0.9958851218867973,-9.935452018799207,138.0,True
h_03,WJARAF,0.9918019409278312,-30.25229968502107,69.0,True
h_03,WJDOLE,1.0008720110675788,-6.154938169479954,138.0,True
h_03,WJIBPE,0.9691897495603057,-25.380794074057786,69.0,True
h_03,WJIGBE,1.0034243596738375,-10.168344693905713,138.0,True
h_03,WJIGUE,1.0034243596738375,-10.168344693905713,138.0,True
h_03,WJIMEF,0.9925975297786878,-30.216205158666675,69.0,True
h_03,WJSAUD,1.0151532415324063,-6.934045513893323,345.0,True
h_03,WJSAUE,,,,False
h_03,WKDMBF,0.9835530814250164,-14.232665966692712,69.0,True
h_03,WKDMEF,0.9752087687814212,-14.50195702422028,69.0,True
h_03,WKINDF,0.9896421805468454,-18.489324937254008,69.0,True
h_03,WKQA1F,0.9924862610837583,-16.832489700871207,69.0,True
h_03,WKQAZE,1.0087671555663957,-13.530682205606588,138.0,True
h_03,WKVEIF,,,,False
h_03,WLALFF,,,,False
h_03,WLANGE,0.9937273633385053,-17.829237096608587,138.0,True
h_03,WLBARF,,,,False
h_03,WLCALF,0.9489317221237457,-10.736804348007949,69.0,True
h_03,WLCBOF,0.9846711841297815,-23.403331737552886,69.0,True
h_03,WLCOCK,1.0067997981067687,-14.862244290256866,34.5,True
h_03,WLCUAF,0.9514380572871252,-9.449809165935356,69.0,True
h_03,WLDAMF,0.975205616901056,-24.89023406817425,69.0,True
h_03,WLDAMK,0.9999999999999997,-26.45247366189512,12.5,True
h_03,WLDIAF,0.9883420849846934,-10.706461990123383,69.0,True
h_03,WLGALE,0.9906183702044785,-17.79049746766067,138.0,True
h_03,WLGU2K,1.0084396242324585,-16.630042260285204,34.5,True
h_03,WLGUZE,1.0084396242324585,-16.630042260285204,138.0,True
h_03,WLGUZK,1.0084265639028982,-16.631394840019055,34.5,True
h_03,WLISAE,0.9878388178695184,-10.040642395466753,138.0,True
h_03,WLLAGF,,,,False
h_03,WLMFAF,0.9802065777778338,-17.594878411114912,69.0,True
h_03,WLMI5E,0.9874148555701912,-9.135607565165847,138.0,True
h_03,WLMI6E,0.9874196507518175,-9.136518429713831,138.0,True
h_03,WLMI7E,0.9875580651194308,-9.083427114644762,138.0,True
h_03,WLMI7K,1.0,-9.098153028839993,13.800000190734863,True
h_03,WLMINE,0.9873729940119768,-9.134971232267787,138.0,True
h_03,WLMINF,0.9518956371929695,-9.646535063936893,69.0,True
h_03,WLORIE,1.0023695317645298,-5.796496509287775,138.0,True
h_03,WLORIK,1.0490000247955324,-5.8825318039541905,12.470000267028809,True
h_03,WLPARF,0.9422524155240887,-12.342524523863231,69.0,True
h_03,WLPENF,0.9863120373579144,-26.110726559273374,69.0,True
h_03,WLPRAE,0.9881773519813832,-10.849124086020884,138.0,True
h_03,WLROME,0.9723263534296933,-9.834054528020301,138.0,True
h_03,WLROMF,0.9707739876602782,-14.301013083217537,69.0,True
h_03,WLRPUF,0.9654858483139095,-14.848053390795444,69.0,True
h_03,WLTORF,0.9944241446511352,-16.507060302078163,69.0,True
h_03,WLUCIF,0.9984245517071458,-16.028793672706726,69.0,True
h_03,WLUPEF,0.9907238171947624,-24.183139751770064,69.0,True
h_03,WLVEGF,0.9889477825118291,-28.406315964915947,69.0,True
h_03,WLVICE,0.9869520772265514,-8.82600480579785,138.0,True
h_03,WLVICK,0.9869520772265514,-8.82600480579785,34.5,True
h_03,WLVPEF,0.9898091655890792,-28.72827651214178,69.0,True
h_03,WMAGUF,0.9918981387237829,-16.662780793768935,69.0,True
h_03,WMAIMF,0.9801435630464603,-24.967685853676826,69.0,True
h_03,WMARAF,0.9530421985280679,-11.823890130384282,69.0,True
h_03,WMARAK,0.9530421985280679,-11.823890130384282,13.800000190734863,True
h_03,WMARTF,0.9198881910574577,-14.912858054411027,69.0,True
h_03,WMARTK,0.9198881910574577,-14.912858054411027,34.5,True
h_03,WMAT1E,0.9626418410452199,-27.89490941253251,138.0,True
h_03,WMATAE,0.9892058952466036,-10.429843745060305,138.0,True
h_03,WMATBE,0.9892058952466036,-10.429843745060305,138.0,True
h_03,WMEGAF,0.9510232418826468,-9.681572947355834,69.0,True
h_03,WMERCF,0.9804214732967954,-13.822513208188193,69.0,True
h_03,WMETAE,0.9892036364984835,-10.431346099817754,138.0,True
h_03,WMETAK,0.9900000095367434,-10.770642344155416,13.199999809265137,True
h_03,WMETBF,0.9884642463737746,-10.700311567015573,69.0,True
h_03,WMETEE,0.9956415341410255,-9.986038370260985,138.0,True
h_03,WMETEF,0.9910004646031482,-13.299935683407638,69.0,True
h_03,WMETRE,0.9896562068416469,-9.90494383414197,138.0,True
h_03,WMETRF,0.9884642463737746,-10.700311567015573,69.0,True
h_03,WMIR1E,0.9956486880563282,-7.378670640343181,138.0,True
h_03,WMIRAK,0.9956486880563282,-7.378670640343181,34.5,True
h_03,WMLTPF,0.9884692975456587,-13.544361247124373,69.0,True
h_03,WMOCAE,0.9771371690641675,-20.76302610764477,138.0,True
h_03,WMOCAF,0.9758437975879783,-26.494549406868266,69.0,True
h_03,WMONCE,0.9928645057480721,-16.940227637276667,138.0,True
h_03,WMONTE,0.9826669730132899,-17.518278945882606,138.0,True
h_03,WMOZAF,0.9555560881307936,-9.241672466533913,69.0,True
h_03,WMP2AE,0.9959466937925255,-7.380067375211276,138.0,True
h_03,WMP2BE,0.9959466937925255,-7.380067375211276,138.0,True
h_03,WMPALF,0.9423204519132704,-12.341579866463217,69.0,True
h_03,WMPALK,0.9423204519132704,-12.341579866463217,34.5,True
h_03,WMPL1D,,,,False
h_03,WMPL2D,,,,False
h_03,WMPLAF,0.7946133864612395,-25.41096452871906,69.0,True
h_03,WMPSOE,,,,False
h_03,WMPSOF,0.7946134014822859,-25.41096482722585,69.0,True
h_03,WMPSOK,0.7946134014822859,-25.41096482722585,20.0,True
h_03,WMRI2E,1.00850593163726,-13.561673849661188,138.0,True
h_03,WMTFNE,1.0205615193222652,-12.227819235454966,138.0,True
h_03,WMTFNK,1.06530393020862,-12.2751216742314,34.5,True
h_03,WMULTF,0.9530585089905942,-9.268830521986535,69.0,True
h_03,WMVCIF,1.0008417995702774,-22.86156926745677,69.0,True
h_03,WMVIEF,0.9923960903082011,-18.5992993403848,69.0,True
h_03,WNAG2E,0.9639278763104534,-27.655984266217427,138.0,True
h_03,WNAG2F,,,,True
h_03,WNAGUF,0.9599398427555389,-30.759896504805635,69.0,True
h_03,WNARAD,0.9948091538198236,-12.884461406456825,345.0,True
h_03,WNARAE,,,,False
h_03,WNAV2E,1.0021034107776159,-16.136793959662615,138.0,True
h_03,WNAVAF,0.9840828683399806,-23.757295012356852,69.0,True
h_03,WNEYBF,0.9472849177137753,-26.213364782437363,69.0,True
h_03,WNIBAE,0.9895734306738381,-18.021483053872654,138.0,True
h_03,WNOVOF,0.9870803537275127,-13.319935460645311,69.0,True
h_03,WOFALF,1.0139046780865553,-14.46860206350111,69.0,True
h_03,WOJIVF,0.9942438358705697,-13.254887850908958,69.0,True
h_03,WPAK0E,,,,False
h_03,WPAK2E,1.008157819606011,-13.559842260567045,138.0,True
h_03,WPAK5E,1.008157819606011,-13.559842260567045,138.0,True
h_03,WPAK6E,1.008157819606011,-13.559842260567045,138.0,True
h_03,WPAL1E,0.9933927158870808,-10.709546634475675,138.0,True
h_03,WPALAF,0.9790918914024714,-16.794562593984246,69.0,True
h_03,WPALBE,1.0144191010157426,-10.983661144492633,138.0,True
h_03,WPALBF,0.9926622677660223,-12.890319800791334,69.0,True
h_03,WPALEE,1.0144191010157426,-10.983661144492633,138.0,True
h_03,WPAQ1K,1.0499999523162842,-13.574314667074283,4.159999847412109,True
h_03,WPARAE,0.9913745120290364,-9.924050583893541,138.0,True
h_03,WPAYAE,,,,False
h_03,WPAYBE,,,,False
h_03,WPAYIF,0.9708299681446368,-31.856779435377074,69.0,True
h_03,WPBAJF,0.9950334987120621,-30.57735616656746,69.0,True
h_03,WPBBAE,,,,False
h_03,WPBLAD,,,,False
h_03,WPCA1K,1.0499999523162842,0.0,22.0,True
h_03,WPCA2K,1.0499999523162844,1.8047759974820832,22.0,True
h_03,WPCATE,,,,False
h_03,WPCGLF,0.9665479005893456,-18.970849587369536,69.0,True
h_03,WPCIBF,0.9552620004942154,-10.097939793214548,69.0,True
h_03,WPDISF,,,,False
h_03,WPDIVF,0.9699641624194185,-17.50539827086207,69.0,True
h_03,WPDORE,,,,True
h_03,WPDORF,1.0137616784745722,-24.59865905887469,69.0,True
h_03,WPEBPE,1.008179098641088,-15.019029215769846,138.0,True
h_03,WPERAE,1.0070246416952597,-12.413483224731092,138.0,True
h_03,WPERBE,1.0070246416952597,-12.413483224731092,138.0,True
h_03,WPES1K,1.0070246416952597,-12.413483224731092,34.5,True
h_03,WPES2K,1.0070246416952597,-12.413483224731092,34.5,True
h_03,WPFLEF,,,,False
h_03,WPFMSK,0.9938109252770481,-16.167834846503112,20.0,True
h_03,WPGARF,1.0080706689324461,-24.211590275316585,69.0,True
h_03,WPHAIF,0.9966388169105237,-13.189194186312779,69.0,True
h_03,WPIDUF,0.9726535265537624,-18.494080063371197,69.0,True
h_03,WPIISF,,,,False
h_03,WPIMCF,1.0023288883339319,-21.201155817720558,69.0,True
h_03,WPIMEE,0.9876630841087206,-23.658854686409445,138.0,True
h_03,WPIMEF,0.9832455453553106,-30.409938770834657,69.0,True
h_03,WPINAF,1.0274614442767316,-21.12058561859302,69.0,True
h_03,WPIZAE,1.0052486170398662,-11.961176627917608,138.0,True
h_03,WPIZAF,0.9984269698404754,-16.028596753851687,69.0,True
h_03,WPIZBF,,,,False
h_03,WPLASF,0.986076377805053,-13.39302970501945,69.0,True
h_03,WPLCCF,0.9766275769703067,-17.399812727022468,69.0,True
h_03,WPLINF,0.9809467577206653,-18.529286811740878,69.0,True
h_03,WPLM1E,1.0110547092537998,-14.348600891970808,138.0,True
h_03,WPLM1K,1.0199999809265137,-14.408547588210306,13.800000190734863,True
h_03,WPLM2K,1.0199999809265137,-14.438844158680944,13.800000190734863,True
h_03,WPP22E,1.0072694032647458,-17.93828619406535,138.0,True
h_03,WPPELF,1.01390939234482,-24.538257142179187,69.0,True
h_03,WPPL2F,,,,True
h_03,WPPLAF,1.019810971605675,-22.883938646463083,69.0,True
h_03,WPPLBF,,,,False
h_03,WPPLIF,0.9829780972572335,-23.81813040013873,69.0,True
h_03,WPPRIF,1.0003397458630907,-22.88294889309442,69.0,True
h_03,WPSCEF,0.9782815132186967,-19.052695806512126,69.0,True
h_03,WPSESK,,,,False
h_03,WPVIEE,,,,False
h_03,WQ1SPK,1.0,-15.561764212247475,13.800000190734863,True
h_03,WQCORF,0.9889389770051565,-17.014182052494363,69.0,True
h_03,WQU11D,1.0081094880207775,-15.471122903747798,230.0,True
h_03,WQU12K,0.9999999999999998,-15.565585636173347,13.800000190734863,True
h_03,WQU21D,1.0081094880207775,-15.471122903747798,230.0,True
h_03,WQU21K,0.9999999999999998,-15.565585636173347,13.800000190734863,True
h_03,WQUINF,0.996278266616668,-22.13319010881586,69.0,True
h_03,WQUISD,,,,True
h_03,WQUISE,,,,False
h_03,WRARRF,0.9842518766310545,-23.47075013915327,69.0,True
h_03,WRBL1K,,,,False
h_03,WRBL2K,,,,False
h_03,WRBLAF,1.0177751377023516,-20.01573548968907,69.0,True
h_03,WRCHAF,0.9704336937074083,-16.526128778825623,69.0,True
h_03,WREFIF,0.9897157387870459,-13.427242938447945,69.0,True
h_03,WRINCF,0.9843213240803821,-25.985546695327447,69.0,True
h_03,WRNUEF,0.9840092286246364,-26.002584197442733,69.0,True
h_03,WRPELF,0.9288904843174934,-15.678580968091648,69.0,True
h_03,WRSJUE,0.9597971127016063,-28.184168730238344,138.0,True
h_03,WRZMOK,,,,False
h_03,WSABAF,1.0002793829697405,-15.71572715207118,69.0,True
h_03,WSAJ1E,0.9964811194881741,-16.401749030860735,138.0,True
h_03,WSALCE,0.9737315460727399,-22.085528452140732,138.0,True
h_03,WSALIF,0.9812245642203123,-21.122444073295956,69.0,True
h_03,WSAMAE,0.9468740259416182,-29.880818108069832,138.0,True
h_03,WSANCE,0.9522246952234219,-29.342015165949146,138.0,True
h_03,WSANTE,1.0053567491544295,-11.962265120662266,138.0,True
h_03,WSANTK,1.0053567491544295,-11.962265120662266,34.5,True
h_03,WSCANF,0.975969048440936,-18.483473090735682,69.0,True
h_03,WSCANK,0.975969048440936,-18.483473090735682,34.5,True
h_03,WSCNOE,0.995613209014686,-11.079645400962571,138.0,True
h_03,WSESTE,1.0029080248049407,-5.671160312342166,138.0,True
h_03,WSFELE,,,,True
h_03,WSFMAE,0.9737430352705418,-24.012381195544688,138.0,True
h_03,WSFMAF,0.9709646230763705,-27.514331204579932,69.0,True
h_03,WSIBBE,0.9961732391165489,-4.350814852471198,138.0,True
h_03,WSJMAF,0.9860709492553285,-22.33737135358433,69.0,True
h_03,WSJOCF,0.9809983263634129,-20.646923375546628,69.0,True
h_03,WSJU2E,1.0049294249897955,-14.653259337065931,138.0,True
h_03,WSJU2F,0.995039819779305,-16.089137003058543,69.0,True
h_03,WSJUAF,0.9922687946726323,-16.287697850607202,69.0,True
h_03,WSKAPF,0.9804622894182918,-13.820353142130338,69.0,True
h_03,WSLCOE,,,,False
h_03,WSLORK,1.0000000000000002,-9.933621076081744,13.800000190734863,True
h_03,WSMARF,0.9663358829783868,-9.954013207863438,69.0,True
h_03,WSODOF,0.9923860747817211,-18.60030110455651,69.0,True
h_03,WSOSUF,1.010138030904789,-28.019493134788725,69.0,True
h_03,WSPB1K,1.0499999523162844,-5.777746800470691,13.800000190734863,True
h_03,WSPBEE,1.0039282091471722,-5.553737393188492,138.0,True
h_03,WSPERF,0.9116568537398106,-15.645909723344761,69.0,True
h_03,WSPEVF,,,,False
h_03,WSPM2E,1.0043825641953668,-5.392958466684023,138.0,True
h_03,WSPMAE,1.0016413163691127,-5.862552739640636,138.0,True
h_03,WSPMAF,0.9908745059248449,-9.950362441109652,69.0,True
h_03,WSPMBE,1.0016413163691127,-5.862552739640636,138.0,True
h_03,WSPRIF,0.8776791510885317,-17.940396800708246,69.0,True
h_03,WSRODE,0.9821508170122968,-17.99667965098237,138.0,True
h_03,WSYASF,0.9963840579542262,-29.43681991575752,69.0,True
h_03,WSYEGF,0.9933359664129198,-16.231043249715597,69.0,True
h_03,WTAAGK,,,,False
h_03,WTAAVK,,,,False
h_03,WTAG1K,,,,False
h_03,WTAG2K,,,,False
h_03,WTAMAF,0.9736299921365528,-11.723021098292532,69.0,True
h_03,WTANOK,,,,False
h_03,WTAV1K,1.0000000000000002,-17.87476245206505,13.800000190734863,True
h_03,WTAVBE,,,,False
h_03,WTBA1K,,,,False
h_03,WTBA2K,,,,False
h_03,WTCE1K,,,,False
h_03,WTCE2K,,,,False
h_03,WTCEMK,,,,False
h_03,WTDAJK,,,,False
h_03,WTEMPF,0.9502415079863412,-9.683662867651837,69.0,True
h_03,WTESAK,,,,False
h_03,WTFA1K,,,,False
h_03,WTFA2K,,,,False
h_03,WTFA3K,,,,False
h_03,WTHAGK,,,,False
h_03,WTHAIF,0.9713532449664475,-11.992760101942407,69.0,True
h_03,WTIM2E,0.9866381663448324,-9.459520958301525,138.0,True
h_03,WTIM2F,0.9565888717088684,-8.999869031477713,69.0,True
h_03,WTIMBF,0.9559494046973983,-9.084391620985798,69.0,True
h_03,WTIREF,1.0056641482374795,-32.27390131536779,69.0,True
h_03,WTIT1K,,,,False
h_03,WTIT2K,,,,False
h_03,WTJI1K,,,,False
h_03,WTJI2K,,,,False
h_03,WTJIMK,,,,False
h_03,WTLANK,,,,False
h_03,WTMAGK,,,,False
h_03,WTMBBF,,,,True
h_03,WTMI5K,,,,False
h_03,WTMI6K,,,,False
h_03,WTMNTK,,,,False
h_03,WTMONK,,,,False
h_03,WTMR1K,,,,False
h_03,WTMR2K,,,,False
h_03,WTNNAK,,,,False
h_03,WTORGF,1.0151510443424803,-14.213414288131633,69.0,True
h_03,WTPA1K,,,,False
h_03,WTPG1K,,,,False
h_03,WTPG2K,,,,False
h_03,WTPG3K,,,,False
h_03,WTPI1K,,,,False
h_03,WTPI2K,,,,False
h_03,WTRINK,,,,False
h_03,WTRJCK,,,,False
h_03,WTROQF,1.0057291332668175,-22.45359552761788,69.0,True
h_03,WTSABK,,,,False
h_03,WTSE1K,,,,False
h_03,WTSFVK,,,,False
h_03,WTSPVK,,,,False
h_03,WTSYEK,,,,False
h_03,WTTA1K,,,,False
h_03,WTTA2K,,,,False
h_03,WTTITF,0.9554172181826384,-9.099560645906115,69.0,True
h_03,WTTO1K,,,,False
h_03,WTVA1K,,,,False
h_03,WTVA2K,,,,False
h_03,WTVE1K,,,,False
h_03,WTZFPF,,,,False
h_03,WUASDE,0.9890443255733264,-10.165555078532867,138.0,True
h_03,WUMEDF,0.9783030649712688,-19.051057603330154,69.0,True
h_03,WVALBE,1.0014136792013268,-10.975886059073375,138.0,True
h_03,WVALDE,1.0014136792013268,-10.975886059073375,138.0,True
h_03,WVALLF,0.9933168657492383,-16.25652924039144,69.0,True
h_03,WVALTF,0.9502775427703825,-19.726881069775253,69.0,True
h_03,WVDU1E,,,,True
h_03,WVDUAF,,,,False
h_03,WVILAE,,,,False
h_03,WVILLF,0.9910010781526241,-16.581738665675424,69.0,True
h_03,WVMAOE,0.9926462073208397,-17.02026772866745,138.0,True
h_03,WVMELE,0.9835763542357516,-10.31160266526972,138.0,True
h_03,WVNOBF,0.9660966600169525,-19.085407546953434,69.0,True
h_03,WVOLGF,0.9784246746996306,-19.04539684296802,69.0,True
h_03,WX1PAK,,,,False
h_03,WXABIF,0.9820921349370887,-23.86437243909777,69.0,True
h_03,WXABRF,0.9963916327167153,-17.523245572332076,69.0,True
h_03,WXAD2F,0.9941140823445285,-17.6877565392442,69.0,True
h_03,WXADOF,0.9942635762991381,-17.81588079820863,69.0,True
h_03,WXAHGF,0.9715893023670168,-17.036015326428373,69.0,True
h_03,WXAHMF,0.9786203200463836,-28.523088467119827,69.0,True
h_03,WXAISF,0.992031514679328,-18.345582392417242,69.0,True
h_03,WXALDF,1.0150728285846493,-14.22631945196513,69.0,True
h_03,WXALIF,0.9739787468292422,-16.958867303708608,69.0,True
h_03,WXAORF,0.9654377894798427,-11.840145846134538,69.0,True
h_03,WXAPFF,1.0078868058173123,-20.779361590829588,69.0,True
h_03,WXAPPF,1.01539878298204,-26.863923013657498,69.0,True
h_03,WXAQUF,,,,False
h_03,WXARDF,0.9943417672344073,-17.879884648748103,69.0,True
h_03,WXASOF,1.0142719620455294,-27.607589634541714,69.0,True
h_03,WXBA1F,,,,False
h_03,WXBA2F,,,,True
h_03,WXBASF,0.9559710299897025,-11.863393376140746,69.0,True
h_03,WXBAYF,,,,False
h_03,WXBDEF,0.9725528965037166,-24.37634396985127,69.0,True
h_03,WXBLEF,0.9506577688403045,-15.159900828459623,69.0,True
h_03,WXBMAF,0.9796095196700072,-19.1756490509686,69.0,True
h_03,WXBOHF,0.9888936108078057,-13.80639389952381,69.0,True
h_03,WXBPEF,0.9968490597203701,-21.306089026908296,69.0,True
h_03,WXCA1K,1.0070243057675665,-12.413481668045385,34.5,True
h_03,WXCABF,0.9549288773817232,-18.728612008902836,69.0,True
h_03,WXCANF,,,,False
h_03,WXCARF,0.9761675528869704,-14.39683262255935,69.0,True
h_03,WXCATF,0.957735288795188,-10.289394683108101,69.0,True
h_03,WXCB2F,,,,False
h_03,WXCBAF,0.9846220028736083,-13.890812861074425,69.0,True
h_03,WXCC1E,,,,False
h_03,WXCC3E,,,,False
h_03,WXCCOF,0.994328617074835,-17.881042806290168,69.0,True
h_03,WXCDAF,0.9683484408885732,-18.881793304624356,69.0,True
h_03,WXCDLF,0.9747428340536111,-28.567521983765506,69.0,True
h_03,WXCENF,0.9710561178339382,-28.317866603255702,69.0,True
h_03,WXCHAF,0.9704336937074083,-16.526128778825623,69.0,True
h_03,WXCIGF,0.990560315583902,-9.962294830017708,69.0,True
h_03,WXCINF,0.9504886847556775,-19.71778593135584,69.0,True
h_03,WXCNAF,0.9845815796687561,-10.096008109115182,69.0,True
h_03,WXCOCF,,,,False
h_03,WXCODF,0.9884642463737746,-10.700311567015573,69.0,True
h_03,WXCORF,0.9795491028835341,-25.38761421183487,69.0,True
h_03,WXCSAF,0.9723850089497207,-18.632643210147545,69.0,True
h_03,WXCTAF,0.987467217426837,-25.58632094169393,69.0,True
h_03,WXCU1K,0.9782112552607748,-8.924947542631392,34.5,True
h_03,WXCU2K,0.9782112552607748,-8.924947542631392,34.5,True
h_03,WXCU4K,0.9782112552607748,-8.924947542631392,34.5,True
h_03,WXDBRF,0.990560315583902,-9.962294830017708,69.0,True
h_03,WXDISF,0.9502935808809309,-19.127130975816264,69.0,True
h_03,WXDROF,0.9882323908191725,-16.784423218569376,69.0,True
h_03,WXDURF,,,,False
h_03,WXEANF,1.007730376834718,-20.787196492912575,69.0,True
h_03,WXECHF,0.9666143355598257,-27.875543739010773,69.0,True
h_03,WXES2K,,,,False
h_03,WXES3K,,,,False
h_03,WXESPF,0.9649519087537188,-24.746380896492617,69.0,True
h_03,WXEV4K,1.0199999809265137,-5.41900496527855,13.800000190734863,True
h_03,WXGALF,0.949248287234231,-10.235090869473016,69.0,True
h_03,WXGAVF,0.970019108279706,-10.414105970602854,69.0,True
h_03,WXGBOF,0.990841660083607,-13.333360299979372,69.0,True
h_03,WXGOYF,0.992031514679328,-18.345582392417242,69.0,True
h_03,WXGPLF,0.947603758046414,-10.40326718120547,69.0,True
h_03,WXGRCF,,,,False
h_03,WXGRMF,0.950609980156139,-11.739799321444204,69.0,True
h_03,WXGRSF,0.9732106591346313,-28.1663272104113,69.0,True
h_03,WXGU2F,0.9931247879561795,-16.228325485463028,69.0,True
h_03,WXHACF,0.9884488204955723,-10.701802186039046,69.0,True
h_03,WXHE1F,1.0151704793907366,-14.206378608899064,69.0,True
h_03,WXHE2F,,,,False
h_03,WXHHIF,0.989897581454,-9.978458130626057,69.0,True
h_03,WXHJBF,0.987680651538847,-27.374787650484045,69.0,True
h_03,WXHMSF,0.9844102092949047,-18.66508175744912,69.0,True
h_03,WXHNAF,,,,False
h_03,WXHNUF,0.9544195940135809,-18.769369750966284,69.0,True
h_03,WXIBAF,0.9967227416578424,-17.563308986609083,69.0,True
h_03,WXICAF,0.992254337989463,-17.48261305125185,69.0,True
h_03,WXICNF,,,,False
h_03,WXIDAF,0.9878721408632528,-27.58753805020065,69.0,True
h_03,WXIDUF,0.9726535265537624,-18.494080063371197,69.0,True
h_03,WXIISF,0.9531176227483851,-9.26671816904363,69.0,True
h_03,WXIMBF,0.9982739760588781,-23.492040714354548,69.0,True
h_03,WXINAF,0.9537343075057402,-9.243931741660754,69.0,True
h_03,WXINDF,0.989878759409457,-28.095159917962572,69.0,True
h_03,WXINVF,0.9456576203534057,-10.59877760671705,69.0,True
h_03,WXIPRF,,,,False
h_03,WXIPSF,0.9726535265537624,-18.494080063371197,69.0,True
h_03,WXJIMF,0.9925975297786878,-30.216205158666675,69.0,True
h_03,WXJINF,0.9741683510084133,-24.810508818577627,69.0,True
h_03,WXKINF,0.9907918068640154,-18.413210088644757,69.0,True
h_03,WXKVEF,0.9491449426088882,-11.22546126899139,69.0,True
h_03,WXLADF,0.9466492441076719,-10.89791514762715,69.0,True
h_03,WXLALF,,,,False
h_03,WXLC1E,1.0068160249098985,-14.85863201815013,138.0,True
h_03,WXLCAF,0.9489317221237457,-10.736804348007949,69.0,True
h_03,WXLCBF,0.9875004631086649,-23.283613159552214,69.0,True
h_03,WXLFAF,0.9808179913674303,-18.960193402643416,69.0,True
h_03,WXLPAF,0.9422713571828799,-12.34076419035171,69.0,True
h_03,WXLPEF,0.9863120373579144,-26.110726559273374,69.0,True
h_03,WXLUCK,0.9983293643078,-16.030552146151997,34.5,True
h_03,WXLULF,0.9984269698404754,-16.028596753851687,69.0,True
h_03,WXLUPF,,,,True
h_03,WXMAGF,0.9918981387237829,-16.662780793768935,69.0,True
h_03,WXMAIF,0.9804333574768065,-24.95040954579582,69.0,True
h_03,WXMALF,0.9807153033928244,-13.801738919567532,69.0,True
h_03,WXMARF,0.9530228002177203,-11.823568841650369,69.0,True
h_03,WXMATK,0.9626418410452199,-27.89490941253251,34.5,True
h_03,WXMEGF,0.9511706394210553,-9.669444176973444,69.0,True
h_03,WXMETE,,,,False
h_03,WXMETF,0.990841660083607,-13.333360299979372,69.0,True
h_03,WXMOZF,,,,False
h_03,WXMPAF,0.9424170942055252,-12.31460522544642,69.0,True
h_03,WXMPGK,,,,False
h_03,WXMPSF,0.7946133864612395,-25.41096452871906,69.0,True
h_03,WXMV2F,0.9923960903082011,-18.5992993403848,69.0,True
h_03,WXMVAF,,,,False
h_03,WXNAGF,,,,False
h_03,WXNOVF,0.986251253662723,-13.384942806922572,69.0,True
h_03,WXOC2F,1.0069931184543008,-20.84040323569609,69.0,True
h_03,WXOFAF,1.0139056563588755,-14.468495116956467,69.0,True
h_03,WXOLVF,0.990515699945324,-22.87806473516201,69.0,True
h_03,WXPA1K,0.9999999999999998,-13.663054844279399,11.0,True
h_03,WXPA3K,1.0,-13.649469529762323,15.0,True
h_03,WXPA4K,0.9999999999999997,-13.63752638441166,11.0,True
h_03,WXPC2F,0.9552620004942154,-10.097939793214548,69.0,True
h_03,WXPCGF,0.9665479005893456,-18.970849587369536,69.0,True
h_03,WXPCIF,0.9602559371084683,-9.627911281413835,69.0,True
h_03,WXPETF,0.98059679100327,-13.810162150704976,69.0,True
h_03,WXPFLF,1.0151590424056507,-14.210670271125116,69.0,True
h_03,WXPFSK,0.9964811194881741,-16.401749030860735,34.5,True
h_03,WXPGAF,1.0081007902157486,-24.210128370357726,69.0,True
h_03,WXPGMF,0.9984269698404754,-16.028596753851687,69.0,True
h_03,WXPHAF,0.9966604482829424,-13.18825316608591,69.0,True
h_03,WXPI4K,0.9999999999999999,-23.7168551458014,13.800000190734863,True
h_03,WXPIDF,0.9984269698404754,-16.028596753851687,69.0,True
h_03,WXPINF,,,,False
h_03,WXPLCF,0.9767171917823885,-17.390722308420774,69.0,True
h_03,WXPPEF,1.01390939234482,-24.538257142179187,69.0,True
h_03,WXPPLF,,,,False
h_03,WXPPRF,1.0003630281071878,-22.88208106810154,69.0,True
h_03,WXPS1K,1.0027079533027363,-15.982311170244486,34.5,True
h_03,WXPY1K,,,,False
h_03,WXQAZF,,,,False
h_03,WXQCOF,0.9889389770051565,-17.014182052494363,69.0,True
h_03,WXRARF,0.9872414720271543,-23.299111193300313,69.0,True
h_03,WXRIEF,,,,False
h_03,WXRINF,0.9869602042636282,-25.722402931149052,69.0,True
h_03,WXSADF,,,,False
h_03,WXSESE,1.0028942515101933,-5.694380292205284,138.0,True
h_03,WXSESF,0.9887509792176084,-10.139913008255265,69.0,True
h_03,WXSI1K,1.0000000000000002,-4.359919561558317,13.800000190734863,True
h_03,WXSODF,0.9923913812339112,-18.599780430424058,69.0,True
h_03,WXSOSF,1.010138030904789,-28.019493134788725,69.0,True
h_03,WXSPRF,0.8776791510885317,-17.940396800708246,69.0,True
h_03,WXSYEF,0.9928667318452128,-16.302774847938874,69.0,True
h_03,WXTAMF,0.9508463065937027,-9.678770109112863,69.0,True
h_03,WXTDAF,0.9194718716135871,-14.943229149570433,69.0,True
h_03,WXTH1F,0.9713530545350163,-11.992757032782517,69.0,True
h_03,WXTH2F,0.9713531571063043,-11.992758685911378,69.0,True
h_03,WXTISF,0.9952588105261251,-18.34033897183415,69.0,True
h_03,WXTREFF,0.9897157387870459,-13.427242938447945,69.0,True
h_03,WXTROF,1.0057459781907678,-22.452870145080535,69.0,True
h_03,WXTTIF,0.9554172181826384,-9.099560645906115,69.0,True
h_03,WXVALF,0.9502775427703825,-19.726881069775253,69.0,True
h_03,WXVILF,0.9910010781526241,-16.581738665675424,69.0,True
h_03,WXVL1K,,,,False
h_03,WXWC2K,0.9959466937925255,-7.380067375211276,34.5,True
h_03,WXWC3K,0.9959466937925255,-7.380067375211276,34.5,True
h_03,WXYAGF,0.9916946041950448,-17.622531157265957,69.0,True
h_03,WXZAMF,0.9466492441076719,-10.89791514762715,69.0,True
h_03,WXZFBF,,,,False
h_03,WXZFHF,,,,False
h_03,WXZFNF,,,,False
h_03,WXZGUF,0.9992569040842297,-23.26903039178127,69.0,True
h_03,WXZHAF,0.9452632465344118,-10.628141813603262,69.0,True
h_03,WXZISF,,,,False
h_03,WXZPPF,,,,False
h_03,WXZSPF,0.9863064599659609,-10.436260678135223,69.0,True
h_03,WYAGUF,0.9916946041950448,-17.622531157265957,69.0,True
h_03,WYAMAF,0.8219251321560196,-22.65749212465494,69.0,True
h_03,WZFALF,,,,False
h_03,WZFAMF,,,,False
h_03,WZFBAF,,,,False
h_03,WZFDRF,,,,False
h_03,WZFESF,,,,False
h_03,WZFGIF,,,,False
h_03,WZFGUF,,,,False
h_03,WZFISF,,,,False
h_03,WZFLIF,,,,False
h_03,WZFMCF,,,,False
h_03,WZFPPF,,,,False
h_03,WZFS2F,,,,False
h_03,WZFSAE,,,,False
h_03,WZFSAF,,,,False
h_03,WZFSFF,,,,False
h_03,WZFSIF,,,,False
h_03,WZFSPF,,,,False
h_03,WZFVAF,,,,False
h_03,WZFVEF,,,,False
h_03,WZHAIF,0.9452634223877708,-10.628148725304234,69.0,True
h_03,ZXOJIF,,,,False
h_04,WAANDE,1.0034963029311015,0.36417943753514637,138.0,True
h_04,WABCOF,0.9908647095859384,-18.630519687979767,69.0,True
h_04,WABISF,0.9847261906592613,-23.57357807382188,69.0,True
h_04,WABRUF,0.938445286443276,-10.495955889143154,69.0,True
h_04,WACIBF,1.0071306200357002,-20.698992160299298,69.0,True
h_04,WACLAE,1.0048930989653344,-15.539577599551855,138.0,True
h_04,WACLAK,1.0063447118809326,-15.546806194411028,34.5,True
h_04,WADMIF,,,,False
h_04,WADOMF,1.0172366816349847,-13.207147613615573,69.0,True
h_04,WAGUAE,1.003746986058504,-9.541908060271716,138.0,True
h_04,WAGUBE,1.003746986058504,-9.541908060271716,138.0,True
h_04,WAHMIF,0.9801567841232517,-28.066636985519292,69.0,True
h_04,WAHO1E,0.9905849228786143,-9.439601563902059,138.0,True
h_04,WAHO2E,0.9905849228786143,-9.439601563902059,138.0,True
h_04,WAHOBF,0.9871687365723183,-12.513697207985942,69.0,True
h_04,WAHONF,0.9871687365723183,-12.513697207985942,69.0,True
h_04,WAIAMF,,,,False
h_04,WAIAZF,,,,False
h_04,WAIBAF,,,,False
h_04,WAIISF,,,,False
h_04,WAISAF,,,,False
h_04,WAISCF,0.9947592506661546,-17.2277103111584,69.0,True
h_04,WAISOF,1.015232260519397,-27.60861467098319,69.0,True
h_04,WAIUNF,,,,False
h_04,WAIZSF,,,,False
h_04,WAORIF,0.9644613017127233,-11.08659919091447,69.0,True
h_04,WAPERF,0.9923010967167156,-31.58384139893833,69.0,True
h_04,WAPFAF,1.0090405453451636,-20.527021571476382,69.0,True
h_04,WAQUIF,0.9994293540184412,-21.727501030192546,69.0,True
h_04,WASOEF,0.9682350010641747,-17.97288593600999,69.0,True
h_04,WAZUAF,0.9800367820336526,-17.9411842095168,69.0,True
h_04,WBALDF,1.009598373020452,-20.48345449740057,69.0,True
h_04,WBANIF,0.9839422473321355,-17.80009891096266,69.0,True
h_04,WBAPEF,0.9823688391370058,-18.22677910350921,69.0,True
h_04,WBARAF,0.986055247763273,-16.137493140168058,69.0,True
h_04,WBARCE,,,,False
h_04,WBASIF,0.9585066005198758,-10.96013366100261,69.0,True
h_04,WBAYAE,1.0085008927012187,-11.709895525270907,138.0,True
h_04,WBAYAK,1.0083263576232953,-11.712589000984194,34.5,True
h_04,WBAYOF,0.987546688069472,-12.84334804045117,69.0,True
h_04,WBCARF,,,,False
h_04,WBCARK,0.9999999999999998,-10.404938925087716,13.800000190734863,True
h_04,WBCHIE,0.9972905196306849,-3.6720056041574614,138.0,True
h_04,WBCHIF,0.9701949264212215,-8.12366090845075,69.0,True
h_04,WBDERF,0.9755484109837613,-24.063651436851277,69.0,True
h_04,WBDERK,0.9999999999999999,-24.211812420006495,13.800000190734863,True
h_04,WBENEF,0.9783181147651016,-16.57075870094844,69.0,True
h_04,WBERSF,,,,False
h_04,WBLECF,0.9566120254563807,-14.215375608102791,69.0,True
h_04,WBMATF,0.9815135467054584,-18.106035782469778,69.0,True
h_04,WBNVFF,,,,False
h_04,WBON2E,0.9978784166546403,-15.010607046934119,138.0,True
h_04,WBON2F,,,,False
h_04,WBON3C,,,,False
h_04,WBON3D,1.0098161882390486,-8.372508364149498,345.0,True
h_04,WBON3E,0.9979551777020049,-15.005173404000287,138.0,True
h_04,WBONAF,0.991305616906798,-20.947783633469175,69.0,True
h_04,WBOPEF,,,,False
h_04,WBPOPF,0.9902437784079176,-9.82181863282261,69.0,True
h_04,WBVISF,0.9762692404477974,-14.281654382074683,69.0,True
h_04,WCABAF,1.00567282295556,-28.69321123951424,69.0,True
h_04,WCALAE,1.0081640752738046,-11.524470770367016,138.0,True
h_04,WCALBE,1.0081640752738046,-11.524470770367016,138.0,True
h_04,WCANAE,,,,True
h_04,WCANAF,,,,True
h_04,WCAPOF,0.949052383923266,-8.921602274074317,69.0,True
h_04,WCATAF,0.9509807207251333,-10.062342544179717,69.0,True
h_04,WCAYAF,0.9690629331902567,-9.710675938373434,69.0,True
h_04,WCBOHF,0.9917075612025764,-12.770310784441127,69.0,True
h_04,WCBYNF,0.9544287381321795,-16.42568109869844,69.0,True
h_04,WCC21E,1.0040043653506274,-13.538049770885612,138.0,True
h_04,WCCA2F,0.9991286425248395,-16.384372043538622,69.0,True
h_04,WCCABF,0.9990097913480345,-16.445145602547115,69.0,True
h_04,WCCARF,0.949833852304909,-10.022791210358296,69.0,True
h_04,WCCIBF,1.0027805569528114,-22.44523798828236,69.0,True
h_04,WCDAGF,0.970741591440514,-16.250922219903405,69.0,True
h_04,WCEMEE,1.0047551993356587,-4.878920304499421,138.0,True
h_04,WCENOF,0.9713494415507984,-28.016241211815956,69.0,True
h_04,WCEPPF,,,,False
h_04,WCES1K,1.0199999809265134,-4.955343356872378,13.800000190734863,True
h_04,WCES2K,1.0199999809265134,-4.955343356872378,13.800000190734863,True
h_04,WCES3K,1.0199999809265137,-4.9390667822378,13.800000190734863,True
h_04,WCESPF,0.9676146782200191,-24.44481166142892,69.0,True
h_04,WCESPK,,,,False
h_04,WCINDF,,,,False
h_04,WCLUIE,0.9993518750633398,-6.028339923154673,138.0,True
h_04,WCNACF,,,,False
h_04,WCNPEE,0.9902552088766147,-8.956594774692569,138.0,True
h_04,WCNSLF,,,,False
h_04,WCOAPE,0.9944410008774882,-6.424997376712756,138.0,True
h_04,WCOCOF,0.9992103114484377,-18.922286054554014,69.0,True
h_04,WCODAF,0.9760722307174575,-28.29243578275239,69.0,True
h_04,WCOHEF,1.0161095464750594,-13.438728161768706,69.0,True
h_04,WCONSF,1.010721102445713,-32.04044835224631,69.0,True
h_04,WCORMF,0.9797501818772772,-24.789255406302757,69.0,True
h_04,WCOTAE,0.9699164496735252,-9.618095077009604,138.0,True
h_04,WCOTBE,0.9699164496735252,-9.618095077009604,138.0,True
h_04,WCOTUF,0.977781415252143,-29.666542773717595,69.0,True
h_04,WCPVCF,0.9733526041032935,-16.128731270555157,69.0,True
h_04,WCSATF,0.9746306217219777,-16.019756860857633,69.0,True
h_04,WCSO1K,0.9699164496735252,-9.618095077009604,34.5,True
h_04,WCSO2K,0.9699164496735252,-9.618095077009604,34.5,True
h_04,WCSO3K,0.9699164496735252,-9.618095077009604,34.5,True
h_04,WCSOLK,,,,False
h_04,WCTP1D,,,,False
h_04,WCTP2D,,,,False
h_04,WCUMAE,0.9812712934698831,-8.25283211204407,138.0,True
h_04,WCUMBE,0.9812712934698831,-8.25283211204407,138.0,True
h_04,WCVEGF,0.9906688374147833,-27.78276638537519,69.0,True
h_04,WCZFSF,1.0119427464324195,-20.332814886769608,69.0,True
h_04,WDAJAE,0.9788449138003505,-19.427361377785235,138.0,True
h_04,WDAJAF,,,,False
h_04,WDESPF,0.9582021727675127,-8.087312510842942,69.0,True
h_04,WDISDF,0.9531329419003429,-16.545332743781923,69.0,True
h_04,WDJAOE,0.9685918519915352,-9.27578809813729,138.0,True
h_04,WDJAOF,0.9304757544761727,-13.49283373855815,69.0,True
h_04,WDPEDF,1.000197232773929,-22.792099806086238,69.0,True
h_04,WDRODF,0.9897575252120169,-15.724805668543857,69.0,True
h_04,WDRODK,0.9969970046659361,-15.74579896867959,12.470000267028809,True
h_04,WDRODM,,,,False
h_04,WDURAF,,,,False
h_04,WDUVEF,0.9778273087586719,-23.45765167859262,69.0,True
h_04,WEABAF,,,,False
h_04,WEBRIE,0.9826011722268059,-8.679642403042031,138.0,True
h_04,WECHIF,0.9644745717539771,-27.95900821594736,69.0,True
h_04,WELJIF,1.0020562496271315,-22.528398089884387,69.0,True
h_04,WEM21K,1.0000000000000002,-8.68153034047404,13.800000190734863,True
h_04,WEMA2E,,,,False
h_04,WEMA2F,,,,False
h_04,WEMA3F,0.9580872980118452,-8.086727497109408,69.0,True
h_04,WEMB2F,,,,False
h_04,WEMB3F,0.959175702925942,-7.9075671831098235,69.0,True
h_04,WEMBAE,0.9896290454457481,-9.762723542041517,138.0,True
h_04,WENADE,1.003495637623666,0.36401401933786554,138.0,True
h_04,WENE4E,1.0053684943051653,-4.798996355190642,138.0,True
h_04,WEPINF,0.9780033830326613,-16.93935494190994,69.0,True
h_04,WERIOF,1.0028584448217701,-30.73059953202173,69.0,True
h_04,WESEIE,0.9716968473711024,-8.861577836623512,138.0,True
h_04,WESM3F,,,,False
h_04,WESM3K,,,,False
h_04,WESOCE,1.0002250169502285,-5.355742831212327,138.0,True
h_04,WESP1E,1.0029808804570512,-16.35116333284866,138.0,True
h_04,WFALCE,0.9979614256367307,-15.005270391989253,138.0,True
h_04,WFALCF,1.0022770195569701,-19.98350507766373,69.0,True
h_04,WFALCK,,,,True
h_04,WFALCM,,,,False
h_04,WFANTF,0.9829027167044614,-25.60695495568408,69.0,True
h_04,WFNEGF,,,,False
h_04,WFOCHF,1.0076924562307332,-20.618303099711177,69.0,True
h_04,WFOLAF,,,,False
h_04,WGALAF,0.9517615666285923,-9.224854854832182,69.0,True
h_04,WGBOJF,0.9934787063180309,-12.312589451233382,69.0,True
h_04,WGHACF,0.9903408845827782,-9.817901356964406,69.0,True
h_04,WGIRAE,1.0073836484622278,-11.075965705729505,138.0,True
h_04,WGIRAK,1.0145587017411408,-11.095200328294817,34.5,True
h_04,WGMALF,0.9833131008935023,-12.791389637436469,69.0,True
h_04,WGNLLE,1.0004620875862598,-15.989196375088596,138.0,True
h_04,WGNLLK,1.0021006469794194,-15.996924368412474,34.5,True
h_04,WGOYAF,0.9945850794439924,-17.23461543390016,69.0,True
h_04,WGPALF,0.9816611300153699,-14.227731504202358,69.0,True
h_04,WGPETF,0.9832853363710473,-12.798733287748297,69.0,True
h_04,WGPLAF,0.9501735829624786,-9.388078089920478,69.0,True
h_04,WGRCHF,0.9481624003954954,-9.582435027882113,69.0,True
h_04,WGRSFF,0.9744329235619097,-27.92737403907545,69.0,True
h_04,WGU1AD,,,,False
h_04,WGU1BD,,,,False
h_04,WGUA2F,0.9939915885028742,-15.24741969637172,69.0,True
h_04,WGUANE,,,,True
h_04,WGUANF,0.994043014873202,-15.24581492739058,69.0,True
h_04,WGUAVF,0.971952222832376,-9.649023429803078,69.0,True
h_04,WGUAYE,0.9931887136443556,-17.010250781256797,138.0,True
h_04,WGUAYF,0.9383899060808212,-14.651478188295547,69.0,True
h_04,WGUERD,1.005481804021712,-6.787363895326319,345.0,True
h_04,WGUERE,0.9973446210082221,-6.623406804833569,138.0,True
h_04,WGUERF,0.9480693273912106,-11.20471959185354,69.0,True
h_04,WGVEGF,0.9928369272581373,-27.040496320835835,69.0,True
h_04,WHAIBF,0.9993581557191565,-12.16263391805517,69.0,True
h_04,WHAINE,0.9959729669262977,-9.212552456641722,138.0,True
h_04,WHAINF,0.9993581557191565,-12.16263391805517,69.0,True
h_04,WHAT2K,1.0000000000000007,-28.741341773136575,13.800000190734863,True
h_04,WHATIF,0.9824007731154775,-28.699799698059,69.0,True
h_04,WHATIK,0.9999999999999999,-28.799673736289886,12.5,True
h_04,WHENUF,,,,False
h_04,WHERRE,0.9919365787244293,-9.981657654012578,138.0,True
h_04,WHGMOE,,,,False
h_04,WHGUEE,,,,False
h_04,WHIGUF,1.0016214816067146,-19.42805455245011,69.0,True
h_04,WHJBOF,0.9893471520126987,-26.727875322581003,69.0,True
h_04,WHLINF,,,,False
h_04,WHMA2E,0.9802179677569096,-7.587298218258975,138.0,True
h_04,WHMA2F,0.9678383426103944,-9.2302085911434,69.0,True
h_04,WHMAYF,0.9666246307717921,-9.325175426059904,69.0,True
h_04,WHMSAF,0.9858053402713537,-18.356755914384788,69.0,True
h_04,WHNACF,,,,False
h_04,WHNS1E,0.9891713937775146,-7.970640788635852,138.0,True
h_04,WHNS1F,0.9780231598485255,-10.774898117900527,69.0,True
h_04,WHNUEF,0.9572723196746089,-16.162930974190303,69.0,True
h_04,WIAANE,0.9988295554370699,-4.203368411569169,138.0,True
h_04,WIBARF,0.9985383135025496,-16.466359537905788,69.0,True
h_04,WICAEF,0.9944037732585996,-16.40322975102399,69.0,True
h_04,WICNAF,,,,False
h_04,WIDALF,0.9895603913023621,-26.945096466180527,69.0,True
h_04,WIGASE,,,,False
h_04,WIISAF,0.9554656464947439,-8.261787190577458,69.0,True
h_04,WIMB2F,1.001208993755682,-23.338005548093147,69.0,True
h_04,WIMBEF,0.9997399727871152,-23.411652553498946,69.0,True
h_04,WINCAF,0.9745993043084632,-16.07041320880252,69.0,True
h_04,WINCAK,0.9999999999999999,-16.856577979017267,12.470000267028809,True
h_04,WINVBF,0.9705319601165665,-11.443722917296975,69.0,True
h_04,WINVIF,0.9481673351144241,-9.588618289384568,69.0,True
h_04,WIPSIF,,,,False
h_04,WITA1E,0.9974854498813739,-9.035874142327838,138.0,True
h_04,WJARAF,0.9933463081490712,-29.558414583181534,69.0,True
h_04,WJDOLE,1.002164992982635,-5.508800407043393,138.0,True
h_04,WJIBPE,0.9729920629767361,-24.01347927427813,69.0,True
h_04,WJIGBE,1.0041882727511913,-9.241502920279215,138.0,True
h_04,WJIGUE,1.0041882727511913,-9.241502920279215,138.0,True
h_04,WJIMEF,0.9941152830092757,-29.523579747365506,69.0,True
h_04,WJSAUD,1.016625685685369,-6.313071481766229,345.0,True
h_04,WJSAUE,,,,False
h_04,WKDMBF,0.986713952989378,-13.169572437570077,69.0,True
h_04,WKDMEF,0.9784408122219665,-13.437390124923159,69.0,True
h_04,WKINDF,0.9916270091813577,-17.36996077406763,69.0,True
h_04,WKQA1F,0.9937960665332836,-15.838772582332206,69.0,True
h_04,WKQAZE,1.0094668735624834,-12.653684237456417,138.0,True
h_04,WKVEIF,,,,False
h_04,WLALFF,,,,False
h_04,WLANGE,0.9945831457572724,-17.547240246538024,138.0,True
h_04,WLBARF,,,,False
h_04,WLCALF,0.9521322445251644,-9.863321924647016,69.0,True
h_04,WLCBOF,0.9861888470219475,-22.716924285956768,69.0,True
h_04,WLCOCK,1.008024674411812,-13.869167462238504,34.5,True
h_04,WLCUAF,0.9538867628561015,-8.435449769009372,69.0,True
h_04,WLDAMF,0.9787195361413452,-23.526850108574987,69.0,True
h_04,WLDAMK,0.9999999999999998,-25.008624835773706,12.5,True
h_04,WLDIAF,0.990241587280199,-9.82190774192817,69.0,True
h_04,WLGALE,0.9918470895942204,-17.516158144768283,138.0,True
h_04,WLGU2K,1.0087535864890123,-17.05267320263098,34.5,True
h_04,WLGUZE,1.0087535864890123,-17.05267320263098,138.0,True
h_04,WLGUZK,1.0087407464614582,-17.05400255363008,34.5,True
h_04,WLISAE,0.9901236873079123,-9.124184919406835,138.0,True
h_04,WLLAGF,,,,False
h_04,WLMFAF,0.9812452026163067,-16.597941608393437,69.0,True
h_04,WLMI5E,0.9895056990141566,-8.250915626396397,138.0,True
h_04,WLMI6E,0.9895083122676028,-8.251775836992358,138.0,True
h_04,WLMI7E,0.989648738852048,-8.198990380652793,138.0,True
h_04,WLMI7K,0.9999999999999999,-8.211535564946512,13.800000190734863,True
h_04,WLMINE,0.989470788583294,-8.250386132283383,138.0,True
h_04,WLMINF,0.9542606512489645,-8.64911021306219,69.0,True
h_04,WLORIE,1.0033778855043745,-5.229332069236874,138.0,True
h_04,WLORIK,1.049000024795532,-5.313490349567162,12.470000267028809,True
h_04,WLPARF,0.9460555377976565,-11.41667242775885,69.0,True
h_04,WLPENF,0.9882794005919286,-25.58653362868089,69.0,True
h_04,WLPRAE,0.9900774250028943,-9.920549201391655,138.0,True
h_04,WLROME,0.9755464435804315,-9.12901298326497,138.0,True
h_04,WLROMF,0.9759794860922559,-13.38708609139303,69.0,True
h_04,WLRPUF,0.9711687598215603,-13.910978421851775,69.0,True
h_04,WLTORF,0.9955991693100962,-15.51237565572038,69.0,True
h_04,WLUCIF,1.0002810368968207,-15.005983124509552,69.0,True
h_04,WLUPEF,0.9933841083440517,-24.034189049893797,69.0,True
h_04,WLVEGF,0.9907215259987183,-27.779969486452902,69.0,True
h_04,WLVICE,0.9892736642100461,-7.972092924262592,138.0,True
h_04,WLVICK,0.9892736642100461,-7.972092924262592,34.5,True
h_04,WLVPEF,0.9917368245489115,-28.112047696906785,69.0,True
h_04,WMAGUF,0.9929582352356787,-15.668620398096474,69.0,True
h_04,WMAIMF,0.9816746363814226,-24.28439424582496,69.0,True
h_04,WMARAF,0.9566503528819394,-10.907135348879635,69.0,True
h_04,WMARAK,0.9566503528819394,-10.907135348879635,13.800000190734863,True
h_04,WMARTF,0.9305446546263235,-13.493992981071836,69.0,True
h_04,WMARTK,0.9305446546263235,-13.493992981071836,34.5,True
h_04,WMAT1E,0.9645311417925968,-28.23641889145705,138.0,True
h_04,WMATAE,0.9910170041376918,-9.517184248177315,138.0,True
h_04,WMATBE,0.9910170041376918,-9.517184248177315,138.0,True
h_04,WMEGAF,0.953394472442276,-8.684088627043248,69.0,True
h_04,WMERCF,0.9832853363710473,-12.798733287748297,69.0,True
h_04,WMETAE,0.9910070824684064,-9.518565073608734,138.0,True
h_04,WMETAK,0.9900000095367434,-9.854080573025884,13.199999809265137,True
h_04,WMETBF,0.9903630826197043,-9.815797832637314,69.0,True
h_04,WMETEE,0.9972738680552841,-9.084420907013268,138.0,True
h_04,WMETEF,0.9936242305651982,-12.280286790852902,69.0,True
h_04,WMETRE,0.9915558090300589,-9.019755484007986,138.0,True
h_04,WMETRF,0.9903630826197043,-9.815797832637314,69.0,True
h_04,WMIR1E,0.9975017066300363,-6.624141902436068,138.0,True
h_04,WMIRAK,0.9975017066300363,-6.624141902436068,34.5,True
h_04,WMLTPF,0.9911684055203125,-12.51769150375807,69.0,True
h_04,WMOCAE,0.9783137761876979,-20.600581360276106,138.0,True
h_04,WMOCAF,0.9780480933627795,-25.976763711494154,69.0,True
h_04,WMONCE,0.9895455221849568,-18.969186173700447,138.0,True
h_04,WMONTE,0.9818030077539176,-18.553060610597413,138.0,True
h_04,WMOZAF,0.9578192473031628,-8.24641045666832,69.0,True
h_04,WMP2AE,0.9978002669897377,-6.625538637304161,138.0,True
h_04,WMP2BE,0.9978002669897377,-6.625538637304161,138.0,True
h_04,WMPALF,0.9461236583470081,-11.415745209249737,69.0,True
h_04,WMPALK,0.9461236583470081,-11.415745209249737,34.5,True
h_04,WMPL1D,,,,False
h_04,WMPL2D,,,,False
h_04,WMPLAF,0.8230466407743195,-22.481719679932507,69.0,True
h_04,WMPSOE,,,,False
h_04,WMPSOF,0.8230466563328567,-22.481719978439298,69.0,True
h_04,WMPSOK,0.8230466563328567,-22.481719978439294,20.0,True
h_04,WMRI2E,1.009024841077635,-12.68227998328013,138.0,True
h_04,WMTFNE,1.021233777003817,-11.426319986347417,138.0,True
h_04,WMTFNK,1.0660056603216124,-11.473622425123855,34.5,True
h_04,WMULTF,0.955409814382646,-8.263766125401721,69.0,True
h_04,WMVCIF,1.002793496146162,-22.49607804300982,69.0,True
h_04,WMVIEF,0.9953335367531574,-17.46843866026406,69.0,True
h_04,WNAG2E,0.9657218927239046,-28.005015386770324,138.0,True
h_04,WNAG2F,,,,True
h_04,WNAGUF,0.9626390388588595,-30.97969774234518,69.0,True
h_04,WNARAD,0.9953623787298328,-12.51742535496325,345.0,True
h_04,WNARAE,,,,False
h_04,WNAV2E,1.002375410949504,-16.5058974463845,138.0,True
h_04,WNAVAF,0.9866919543208947,-23.469445985003755,69.0,True
h_04,WNEYBF,0.9519598984159057,-24.803966617494474,69.0,True
h_04,WNIBAE,0.990817312202696,-17.739769509362223,138.0,True
h_04,WNOVOF,0.9897785251397686,-12.310293155480338,69.0,True
h_04,WOFALF,1.0161183144200099,-13.43916490684954,69.0,True
h_04,WOJIVF,0.9968446256682156,-12.237263622031403,69.0,True
h_04,WPAK0E,,,,False
h_04,WPAK2E,1.0086705012479156,-12.680360071422081,138.0,True
h_04,WPAK5E,1.0086705012479156,-12.680360071422081,138.0,True
h_04,WPAK6E,1.0086705012479156,-12.680360071422081,138.0,True
h_04,WPAL1E,0.9957144194255745,-9.76429873723419,138.0,True
h_04,WPALAF,0.9816611300153699,-14.227731504202358,69.0,True
h_04,WPALBE,1.014653923818986,-10.488269436165492,138.0,True
h_04,WPALBF,0.9952110532224845,-11.891688985836414,69.0,True
h_04,WPALEE,1.014653923818986,-10.488269436165492,138.0,True
h_04,WPAQ1K,1.049999952316284,-13.07783586172633,4.159999847412109,True
h_04,WPARAE,0.9932428072501063,-9.046821317684193,138.0,True
h_04,WPAYAE,,,,False
h_04,WPAYBE,,,,False
h_04,WPAYIF,0.973891734093566,-32.05188430011447,69.0,True
h_04,WPBAJF,0.9965108225261319,-29.87882090595895,69.0,True
h_04,WPBBAE,,,,False
h_04,WPBLAD,,,,False
h_04,WPCA1K,1.0499999523162842,0.0,22.0,True
h_04,WPCA2K,1.0499999523162844,2.333031322734607,22.0,True
h_04,WPCATE,,,,False
h_04,WPCGLF,0.9690332922089433,-16.335570120581988,69.0,True
h_04,WPCIBF,0.9582342636263127,-9.241839130743672,69.0,True
h_04,WPDISF,,,,False
h_04,WPDIVF,0.972806765398968,-14.91781916441141,69.0,True
h_04,WPDORE,,,,True
h_04,WPDORF,1.0163824745053684,-24.493124099397967,69.0,True
h_04,WPEBPE,1.00944887440363,-14.021655152234494,138.0,True
h_04,WPERAE,1.008164411581707,-11.524472327052726,138.0,True
h_04,WPERBE,1.008164411581707,-11.524472327052726,138.0,True
h_04,WPES1K,1.008164411581707,-11.524472327052726,34.5,True
h_04,WPES2K,1.008164411581707,-11.524472327052726,34.5,True
h_04,WPFLEF,,,,False
h_04,WPFMSK,0.9931887136443556,-17.010250781256797,20.0,True
h_04,WPGARF,1.0105251921650982,-24.027194823585923,69.0,True
h_04,WPHAIF,0.9992019938416009,-12.174986965629191,69.0,True
h_04,WPIDUF,0.9749835163789964,-15.874807686771074,69.0,True
h_04,WPIISF,,,,False
h_04,WPIMCF,1.0045401360356696,-20.87606661721484,69.0,True
h_04,WPIMEE,0.9877992250570585,-24.137383862179483,138.0,True
h_04,WPIMEF,0.9850435829904965,-29.95879159711931,69.0,True
h_04,WPINAF,1.0280230875284382,-20.42692933716604,69.0,True
h_04,WPIZAE,1.0065621993680287,-11.067712332876308,138.0,True
h_04,WPIZAF,1.0002834595264627,-15.005786205654514,69.0,True
h_04,WPIZBF,,,,False
h_04,WPLASF,0.9887992632480138,-12.381542366887034,69.0,True
h_04,WPLCCF,0.9791218050269213,-14.814298408535699,69.0,True
h_04,WPLINF,0.9829318854239721,-17.4885296317026,69.0,True
h_04,WPLM1E,1.0115513967968006,-13.443034879135983,138.0,True
h_04,WPLM1K,1.0199999809265132,-13.50119832740328,13.800000190734863,True
h_04,WPLM2K,1.019999980926514,-13.530978473342813,13.800000190734863,True
h_04,WPP22E,1.0081999337530547,-18.16696818421022,138.0,True
h_04,WPPELF,1.0165139180827283,-24.43588691166186,69.0,True
h_04,WPPL2F,,,,True
h_04,WPPLAF,1.021918643086738,-22.863839291410592,69.0,True
h_04,WPPLBF,,,,False
h_04,WPPLIF,0.9856067265506337,-23.52834605811582,69.0,True
h_04,WPPRIF,1.002293903418472,-22.517315301181533,69.0,True
h_04,WPSCEF,0.9799308301112538,-18.72751673097231,69.0,True
h_04,WPSESK,,,,False
h_04,WPVIEE,,,,False
h_04,WQ1SPK,1.0000000000000004,-14.910417014612177,13.800000190734863,True
h_04,WQCORF,0.990287180666537,-16.01860473429904,69.0,True
h_04,WQU11D,1.0084465021600795,-14.82190176332341,230.0,True
h_04,WQU12K,1.0,-14.91417389124193,13.800000190734863,True
h_04,WQU21D,1.0084465021600795,-14.82190176332341,230.0,True
h_04,WQU21K,1.0,-14.91417389124193,13.800000190734863,True
h_04,WQUINF,0.9986308494267445,-21.820193895837935,69.0,True
h_04,WQUISD,,,,True
h_04,WQUISE,,,,False
h_04,WRARRF,0.9857124137019425,-22.785812189881735,69.0,True
h_04,WRBL1K,,,,False
h_04,WRBL2K,,,,False
h_04,WRBLAF,1.0186578734756397,-19.329709449010593,69.0,True
h_04,WRCHAF,0.9771048497779757,-15.539525518929931,69.0,True
h_04,WREFIF,0.9923793107726863,-12.404016153570653,69.0,True
h_04,WRINCF,0.9859139135579025,-25.294875395284333,69.0,True
h_04,WRNUEF,0.9856159871335884,-25.311407604760102,69.0,True
h_04,WRPELF,0.9356048718527858,-14.711650255891815,69.0,True
h_04,WRSJUE,0.9618045454134995,-28.515943088704194,138.0,True
h_04,WRZMOK,,,,False
h_04,WSABAF,1.0007498212291737,-14.727306750110582,69.0,True
h_04,WSAJ1E,0.9974862317011629,-16.173711629116877,138.0,True
h_04,WSALCE,0.9748782842752001,-22.003647895141967,138.0,True
h_04,WSALIF,0.9840410318068141,-19.90822245886546,69.0,True
h_04,WSAMAE,0.9492271673080129,-30.16363659287265,138.0,True
h_04,WSANCE,0.9544478840839473,-29.637188987654028,138.0,True
h_04,WSANTE,1.0066704727814033,-11.068800825620967,138.0,True
h_04,WSANTK,1.0066704727814033,-11.068800825620967,34.5,True
h_04,WSCANF,0.9782149624199421,-17.36755078476441,69.0,True
h_04,WSCANK,0.9782149624199421,-17.36755078476441,34.5,True
h_04,WSCNOE,0.9974314632014706,-10.137471784390623,138.0,True
h_04,WSESTE,1.0036652202919385,-5.160451859601971,138.0,True
h_04,WSFELE,,,,True
h_04,WSFMAE,0.9747917916544308,-24.097317915186846,138.0,True
h_04,WSFMAF,0.9719861226190991,-27.333612507390775,69.0,True
h_04,WSIBBE,0.9974922732285477,-3.6072006292915884,138.0,True
h_04,WSJMAF,0.9886184906600899,-21.98789798458015,69.0,True
h_04,WSJOCF,0.9843701195644443,-19.522516832540212,69.0,True
h_04,WSJU2E,1.0056115621839259,-13.737056834829497,138.0,True
h_04,WSJU2F,0.9957899474695743,-15.123925370984315,69.0,True
h_04,WSJUAF,0.9930453934,-15.315241565454095,69.0,True
h_04,WSKAPF,0.983321696298909,-12.796904931111179,69.0,True
h_04,WSLCOE,,,,False
h_04,WSLORK,1.0,-9.033644791416414,13.800000190734863,True
h_04,WSMARF,0.9688684913056654,-9.247268720048762,69.0,True
h_04,WSODOF,0.9953235467729944,-17.46943513511218,69.0,True
h_04,WSOSUF,1.0140687600875264,-27.801930742364135,69.0,True
h_04,WSPB1K,1.0499999523162844,-5.218985084802799,13.800000190734863,True
h_04,WSPBEE,1.0048070606044663,-4.999129561923527,138.0,True
h_04,WSPERF,0.9227061851546067,-14.184062665036985,69.0,True
h_04,WSPEVF,,,,False
h_04,WSPM2E,1.0053684943051653,-4.798996355190642,138.0,True
h_04,WSPMAE,1.0026624208388533,-5.300255429602882,138.0,True
h_04,WSPMAF,0.9925130464785085,-9.276780743191377,69.0,True
h_04,WSPMBE,1.0026624208388533,-5.300255429602882,138.0,True
h_04,WSPRIF,0.8952572602315351,-16.077086696181983,69.0,True
h_04,WSRODE,0.9797286305198211,-19.737221484681605,138.0,True
h_04,WSYASF,1.0008809683635103,-29.158712594919454,69.0,True
h_04,WSYEGF,0.9942208051085295,-15.24422261750837,69.0,True
h_04,WTAAGK,,,,False
h_04,WTAAVK,,,,False
h_04,WTAG1K,,,,False
h_04,WTAG2K,,,,False
h_04,WTAMAF,0.9770786035540657,-10.792163991022658,69.0,True
h_04,WTANOK,,,,False
h_04,WTAV1K,1.0000000000000002,-17.591711529868924,13.800000190734863,True
h_04,WTAVBE,,,,False
h_04,WTBA1K,,,,False
h_04,WTBA2K,,,,False
h_04,WTCE1K,,,,False
h_04,WTCE2K,,,,False
h_04,WTCEMK,,,,False
h_04,WTDAJK,,,,False
h_04,WTEMPF,0.9526296238366887,-8.685710529855623,69.0,True
h_04,WTESAK,,,,False
h_04,WTFA1K,,,,False
h_04,WTFA2K,,,,False
h_04,WTFA3K,,,,False
h_04,WTHAGK,,,,False
h_04,WTHAIF,0.9749133147768523,-11.050197034802775,69.0,True
h_04,WTIM2E,0.9886606908331165,-8.568236891738751,138.0,True
h_04,WTIM2F,0.9588365664292557,-8.0042938106277,69.0,True
h_04,WTIMBF,0.9582021727675127,-8.087312510842942,69.0,True
h_04,WTIREF,1.0070104583215354,-31.544652306463743,69.0,True
h_04,WTIT1K,,,,False
h_04,WTIT2K,,,,False
h_04,WTJI1K,,,,False
h_04,WTJI2K,,,,False
h_04,WTJIMK,,,,False
h_04,WTLANK,,,,False
h_04,WTMAGK,,,,False
h_04,WTMBBF,,,,True
h_04,WTMI5K,,,,False
h_04,WTMI6K,,,,False
h_04,WTMNTK,,,,False
h_04,WTMONK,,,,False
h_04,WTMR1K,,,,False
h_04,WTMR2K,,,,False
h_04,WTNNAK,,,,False
h_04,WTORGF,1.017302421129731,-13.197036763618145,69.0,True
h_04,WTPA1K,,,,False
h_04,WTPG1K,,,,False
h_04,WTPG2K,,,,False
h_04,WTPG3K,,,,False
h_04,WTPI1K,,,,False
h_04,WTPI2K,,,,False
h_04,WTRINK,,,,False
h_04,WTRJCK,,,,False
h_04,WTROQF,1.0074707975078414,-22.07792793086854,69.0,True
h_04,WTSABK,,,,False
h_04,WTSE1K,,,,False
h_04,WTSFVK,,,,False
h_04,WTSPVK,,,,False
h_04,WTSYEK,,,,False
h_04,WTTA1K,,,,False
h_04,WTTA2K,,,,False
h_04,WTTITF,0.9577022625456305,-8.10048996899054,69.0,True
h_04,WTTO1K,,,,False
h_04,WTVA1K,,,,False
h_04,WTVA2K,,,,False
h_04,WTVE1K,,,,False
h_04,WTZFPF,,,,False
h_04,WUASDE,0.9909003716679701,-9.262659733541312,138.0,True
h_04,WUMEDF,0.9799522733279409,-18.725889112164978,69.0,True
h_04,WVALBE,1.0025674041262562,-10.053496206838089,138.0,True
h_04,WVALDE,1.0025674041262562,-10.053496206838089,138.0,True
h_04,WVALLF,0.9941005196297586,-15.288802059940398,69.0,True
h_04,WVALTF,0.9534606937502695,-17.058734653972742,69.0,True
h_04,WVDU1E,,,,True
h_04,WVDUAF,,,,False
h_04,WVILAE,,,,False
h_04,WVILLF,0.9920085798749148,-15.588186875556284,69.0,True
h_04,WVMAOE,0.9907655928754585,-18.325918930488967,138.0,True
h_04,WVMELE,0.9861212969317777,-9.393605151800772,138.0,True
h_04,WVNOBF,0.9685974120936532,-17.952853454795587,69.0,True
h_04,WVOLGF,0.9800718025377892,-18.720332442762825,69.0,True
h_04,WX1PAK,,,,False
h_04,WXABIF,0.9847351943732743,-23.57316314516767,69.0,True
h_04,WXABRF,0.9980910632508887,-16.432416819003965,69.0,True
h_04,WXAD2F,0.9970360833451308,-16.579409314869945,69.0,True
h_04,WXADOF,0.9971910555630992,-16.70455756145297,69.0,True
h_04,WXAHGF,0.9743067354357774,-14.46392506513657,69.0,True
h_04,WXAHMF,0.980388295321359,-28.052312761910574,69.0,True
h_04,WXAISF,0.9947631237525042,-17.227427217941674,69.0,True
h_04,WXALDF,1.017238810486051,-13.206949731720071,69.0,True
h_04,WXALIF,0.9766490926932997,-14.388467578632723,69.0,True
h_04,WXAORF,0.9690098367835192,-10.91002973003389,69.0,True
h_04,WXAPFF,1.0099077947650035,-20.4677876978761,69.0,True
h_04,WXAPPF,1.0188729746952043,-26.689567976757935,69.0,True
h_04,WXAQUF,,,,False
h_04,WXARDF,0.9972717789339196,-16.76707598619537,69.0,True
h_04,WXASOF,1.0180306071381227,-27.40745979882831,69.0,True
h_04,WXBA1F,,,,False
h_04,WXBA2F,,,,True
h_04,WXBASF,0.9595883792753346,-10.941558598346523,69.0,True
h_04,WXBAYF,,,,False
h_04,WXBDEF,0.9753549563583711,-24.06883772741136,69.0,True
h_04,WXBLEF,0.95660352501222,-14.213503463801787,69.0,True
h_04,WXBMAF,0.982499770747486,-18.06713059691558,69.0,True
h_04,WXBOHF,0.9918383314956726,-12.761641493390194,69.0,True
h_04,WXBPEF,0.9981727174518082,-20.618744810307238,69.0,True
h_04,WXCA1K,1.0081640752738046,-11.524470770367016,34.5,True
h_04,WXCABF,0.958206515081513,-16.105072961238996,69.0,True
h_04,WXCANF,,,,False
h_04,WXCARF,0.9793597426225532,-13.336954763689688,69.0,True
h_04,WXCATF,0.9606081207756684,-9.458230026382179,69.0,True
h_04,WXCB2F,,,,False
h_04,WXCBAF,0.9874916240857391,-12.847859648490786,69.0,True
h_04,WXCC1E,,,,False
h_04,WXCC3E,,,,False
h_04,WXCCOF,0.9972589057829104,-16.768208604992054,69.0,True
h_04,WXCDAF,0.9707680661872766,-16.249526644605478,69.0,True
h_04,WXCDLF,0.9760885512388979,-28.29171014998661,69.0,True
h_04,WXCENF,0.9726878027963504,-27.95653175169745,69.0,True
h_04,WXCHAF,0.9771048497779757,-15.539525518929931,69.0,True
h_04,WXCIGF,0.9922066657412145,-9.287767830703654,69.0,True
h_04,WXCINF,0.9536627956878797,-17.050056888767273,69.0,True
h_04,WXCNAF,0.9864371254393587,-9.395658967042092,69.0,True
h_04,WXCOCF,,,,False
h_04,WXCODF,0.9903630826197043,-9.815797832637314,69.0,True
h_04,WXCORF,0.9810567127696762,-24.711131580078135,69.0,True
h_04,WXCSAF,0.9746820461024612,-16.00894815318714,69.0,True
h_04,WXCTAF,0.9894585336998354,-25.08667556784824,69.0,True
h_04,WXCU1K,0.9809656527514212,-8.254211275740522,34.5,True
h_04,WXCU2K,0.9809656527514212,-8.254211275740522,34.5,True
h_04,WXCU4K,0.9809656527514212,-8.254211275740522,34.5,True
h_04,WXDBRF,0.9922066657412145,-9.287767830703654,69.0,True
h_04,WXDISF,0.9536828658115324,-16.49334690105998,69.0,True
h_04,WXDROF,0.9891131480787455,-15.802516930987176,69.0,True
h_04,WXDURF,,,,False
h_04,WXEANF,1.0097550490159246,-20.475411971142464,69.0,True
h_04,WXECHF,0.9677674266625147,-27.683709077509928,69.0,True
h_04,WXES2K,,,,False
h_04,WXES3K,,,,False
h_04,WXESPF,0.9679309786324928,-24.42929730622417,69.0,True
h_04,WXEV4K,1.0199999809265137,-4.823473475733213,13.800000190734863,True
h_04,WXGALF,0.9517726374821571,-9.224397182162303,69.0,True
h_04,WXGAVF,0.9723739066846953,-9.650156152280339,69.0,True
h_04,WXGBOF,0.9934787063180309,-12.312589451233382,69.0,True
h_04,WXGOYF,0.9947631237525042,-17.227427217941674,69.0,True
h_04,WXGPLF,0.9501735829624786,-9.388078089920478,69.0,True
h_04,WXGRCF,,,,False
h_04,WXGRMF,0.9541883089237546,-10.829588174777093,69.0,True
h_04,WXGRSF,0.9744405480393782,-27.927078729844133,69.0,True
h_04,WXGU2F,0.9940104433254427,-15.246030152470574,69.0,True
h_04,WXHACF,0.9903477259282748,-9.817281854442006,69.0,True
h_04,WXHE1F,1.017332478856357,-13.187835058990782,69.0,True
h_04,WXHE2F,,,,False
h_04,WXHHIF,0.9915672907716482,-9.301127739969782,69.0,True
h_04,WXHJBF,0.9893574232897618,-26.727577383169375,69.0,True
h_04,WXHMSF,0.9858186531079371,-18.355842523603172,69.0,True
h_04,WXHNAF,,,,False
h_04,WXHNUF,0.9577171149733413,-16.14412414926291,69.0,True
h_04,WXIBAF,0.9985428913287551,-16.46617874592293,69.0,True
h_04,WXICAF,0.994407633077437,-16.40308640314504,69.0,True
h_04,WXICNF,,,,False
h_04,WXIDAF,0.9895670539631194,-26.944599310367632,69.0,True
h_04,WXIDUF,0.9749835163789964,-15.874807686771074,69.0,True
h_04,WXIISF,0.9554686235006675,-8.26166981359535,69.0,True
h_04,WXIMBF,1.0007017530103197,-23.361196956364843,69.0,True
h_04,WXINAF,0.9560820847501278,-8.239055907230526,69.0,True
h_04,WXINDF,0.9915202776650034,-27.476700819110334,69.0,True
h_04,WXINVF,0.9482925071435933,-9.57680226386332,69.0,True
h_04,WXIPRF,,,,False
h_04,WXIPSF,0.9749835163789964,-15.874807686771074,69.0,True
h_04,WXJIMF,0.9941152830092757,-29.523579747365506,69.0,True
h_04,WXJINF,0.9778273087586719,-23.45765167859262,69.0,True
h_04,WXKINF,0.9927680821008557,-17.2945581295277,69.0,True
h_04,WXKVEF,0.9525233088445885,-10.340256674939797,69.0,True
h_04,WXLADF,0.9498764314971051,-10.021346443674263,69.0,True
h_04,WXLALF,,,,False
h_04,WXLC1E,1.0080403594530234,-13.865622923978748,138.0,True
h_04,WXLCAF,0.9521322445251644,-9.863321924647016,69.0,True
h_04,WXLCBF,0.9889268515521528,-22.600413471837523,69.0,True
h_04,WXLFAF,0.9836327317814245,-17.8570703249818,69.0,True
h_04,WXLPAF,0.9460743654702283,-11.414929533138226,69.0,True
h_04,WXLPEF,0.9882794005919286,-25.58653362868089,69.0,True
h_04,WXLUCK,1.0001856725046345,-15.00774159795483,34.5,True
h_04,WXLULF,1.0002834595264627,-15.005786205654514,69.0,True
h_04,WXLUPF,,,,True
h_04,WXMAGF,0.9929582352356787,-15.668620398096474,69.0,True
h_04,WXMAIF,0.9819550841004181,-24.267700781827216,69.0,True
h_04,WXMALF,0.9835784635004736,-12.77806769886173,69.0,True
h_04,WXMARF,0.9566308811308798,-10.906814060145724,69.0,True
h_04,WXMATK,0.9645311417925968,-28.23641889145705,34.5,True
h_04,WXMEGF,0.9535450305234442,-8.671736585914056,69.0,True
h_04,WXMETE,,,,False
h_04,WXMETF,0.9934787063180309,-12.312589451233382,69.0,True
h_04,WXMOZF,,,,False
h_04,WXMPAF,0.9462180655778748,-11.389010665438596,69.0,True
h_04,WXMPGK,,,,False
h_04,WXMPSF,0.8230466407743195,-22.481719679932507,69.0,True
h_04,WXMV2F,0.9953335367531574,-17.46843866026406,69.0,True
h_04,WXMVAF,,,,False
h_04,WXNAGF,,,,False
h_04,WXNOVF,0.9889754470092149,-12.373417448054635,69.0,True
h_04,WXOC2F,1.009042885805332,-20.526974106398292,69.0,True
h_04,WXOFAF,1.016119289422679,-13.439058267266969,69.0,True
h_04,WXOLVF,0.9929846454006268,-22.576536491165083,69.0,True
h_04,WXPA1K,1.0000000000000007,-12.780758662594819,11.0,True
h_04,WXPA3K,1.0000000000000004,-12.767802773318033,15.0,True
h_04,WXPA4K,1.0000000000000004,-12.755491496092901,11.0,True
h_04,WXPC2F,0.9582342636263127,-9.241839130743672,69.0,True
h_04,WXPCGF,0.9690332922089433,-16.335570120581988,69.0,True
h_04,WXPCIF,0.9630585322387286,-8.784127615256788,69.0,True
h_04,WXPETF,0.983460061473092,-12.786459791795103,69.0,True
h_04,WXPFLF,1.0173145709369134,-13.193446058877592,69.0,True
h_04,WXPFSK,0.9974862317011629,-16.173711629116877,34.5,True
h_04,WXPGAF,1.0105542330625912,-24.02578857893042,69.0,True
h_04,WXPGMF,1.0002834595264627,-15.005786205654514,69.0,True
h_04,WXPHAF,0.9992249462470609,-12.173991173483412,69.0,True
h_04,WXPI4K,1.0,-24.194452273643694,13.800000190734863,True
h_04,WXPIDF,1.0002834595264627,-15.005786205654514,69.0,True
h_04,WXPINF,,,,False
h_04,WXPLCF,0.9792090932561536,-14.805434017736381,69.0,True
h_04,WXPPEF,1.0165139180827283,-24.43588691166186,69.0,True
h_04,WXPPLF,,,,False
h_04,WXPPRF,1.0023171138219547,-22.51645182761348,69.0,True
h_04,WXPS1K,1.0029808804570512,-16.35116333284866,34.5,True
h_04,WXPY1K,,,,False
h_04,WXQAZF,,,,False
h_04,WXQCOF,0.990287180666537,-16.01860473429904,69.0,True
h_04,WXRARF,0.9886742039686927,-22.615668722574384,69.0,True
h_04,WXRIEF,,,,False
h_04,WXRINF,0.9885110157445347,-25.04265696118195,69.0,True
h_04,WXSADF,,,,False
h_04,WXSESE,1.0037303119200598,-5.161061474488752,138.0,True
h_04,WXSESF,0.9904289404069148,-9.462576741130807,69.0,True
h_04,WXSI1K,0.9999999999999998,-3.6147264825691185,13.800000190734863,True
h_04,WXSODF,0.9953288401705092,-17.468917217414916,69.0,True
h_04,WXSOSF,1.0140687600875264,-27.801930742364135,69.0,True
h_04,WXSPRF,0.8952572602315351,-16.077086696181983,69.0,True
h_04,WXSYEF,0.9937767688106686,-15.314587770208545,69.0,True
h_04,WXTAMF,0.9532254901272184,-8.680901997725325,69.0,True
h_04,WXTDAF,0.9301416492577423,-13.522737278502854,69.0,True
h_04,WXTH1F,0.974913123647478,-11.050193965642883,69.0,True
h_04,WXTH2F,0.974913226594696,-11.050195618771744,69.0,True
h_04,WXTISF,0.9982003115052823,-17.216806371836466,69.0,True
h_04,WXTREFF,0.9923793107726863,-12.404016153570653,69.0,True
h_04,WXTROF,1.0074874111844243,-22.07721373241148,69.0,True
h_04,WXTTIF,0.9577022625456305,-8.10048996899054,69.0,True
h_04,WXVALF,0.9534606937502695,-17.058734653972742,69.0,True
h_04,WXVILF,0.9920085798749148,-15.588186875556284,69.0,True
h_04,WXVL1K,,,,False
h_04,WXWC2K,0.9978002669897377,-6.625538637304161,34.5,True
h_04,WXWC3K,0.9978002669897377,-6.625538637304161,34.5,True
h_04,WXYAGF,0.9938738539804829,-16.537486985346224,69.0,True
h_04,WXZAMF,0.9498764314971051,-10.021346443674263,69.0,True
h_04,WXZFBF,,,,False
h_04,WXZFHF,,,,False
h_04,WXZFNF,,,,False
h_04,WXZGUF,1.001344340537611,-22.933884968984913,69.0,True
h_04,WXZHAF,0.9479060003080629,-9.605528354921308,69.0,True
h_04,WXZISF,,,,False
h_04,WXZPPF,,,,False
h_04,WXZSPF,0.9880295410308706,-9.753018046186561,69.0,True
h_04,WYAGUF,0.9938738539804829,-16.537486985346224,69.0,True
h_04,WYAMAF,0.8490268972625584,-19.953657242580658,69.0,True
h_04,WZFALF,,,,False
h_04,WZFAMF,,,,False
h_04,WZFBAF,,,,False
h_04,WZFDRF,,,,False
h_04,WZFESF,,,,False
h_04,WZFGIF,,,,False
h_04,WZFGUF,,,,False
h_04,WZFISF,,,,False
h_04,WZFLIF,,,,False
h_04,WZFMCF,,,,False
h_04,WZFPPF,,,,False
h_04,WZFS2F,,,,False
h_04,WZFSAE,,,,False
h_04,WZFSAF,,,,False
h_04,WZFSFF,,,,False
h_04,WZFSIF,,,,False
h_04,WZFSPF,,,,False
h_04,WZFVAF,,,,False
h_04,WZFVEF,,,,False
h_04,WZHAIF,0.9479061766530702,-9.605535266622278,69.0,True
h_04,ZXOJIF,,,,False
h_05,WAANDE,1.0038429199438008,0.16061235394233495,138.0,True
h_05,WABCOF,0.9924315589359564,-18.292615073446193,69.0,True
h_05,WABISF,0.9882832728668175,-23.146992111433313,69.0,True
h_05,WABRUF,0.9421283661492034,-10.079440858183771,69.0,True
h_05,WACIBF,1.009725171026002,-20.36186173441999,69.0,True
h_05,WACLAE,1.0076973590197942,-15.119304176558893,138.0,True
h_05,WACLAK,1.0091533711636287,-15.126480101373302,34.5,True
h_05,WADMIF,,,,False
h_05,WADOMF,1.018389039636148,-12.90784676383424,69.0,True
h_05,WAGUAE,1.0040584626736575,-9.388500494368216,138.0,True
h_05,WAGUBE,1.0040584626736575,-9.388500494368216,138.0,True
h_05,WAHMIF,0.9818363071910161,-27.80290440888071,69.0,True
h_05,WAHO1E,0.9912611254736781,-9.304123984646541,138.0,True
h_05,WAHO2E,0.9912611254736781,-9.304123984646541,138.0,True
h_05,WAHOBF,0.9881720670050128,-12.325538329051671,69.0,True
h_05,WAHONF,0.9881720670050128,-12.325538329051671,69.0,True
h_05,WAIAMF,,,,False
h_05,WAIAZF,,,,False
h_05,WAIBAF,,,,False
h_05,WAIISF,,,,False
h_05,WAISAF,,,,False
h_05,WAISCF,0.9962906081663253,-16.909720113036162,69.0,True
h_05,WAISOF,1.0205908155117682,-27.08563509922987,69.0,True
h_05,WAIUNF,,,,False
h_05,WAIZSF,,,,False
h_05,WAORIF,0.9671887726569218,-10.749387101529841,69.0,True
h_05,WAPERF,0.9946435296844289,-31.310712162366052,69.0,True
h_05,WAPFAF,1.0116185372829454,-20.19153818014561,69.0,True
h_05,WAQUIF,1.0024042475664008,-21.357023516374014,69.0,True
h_05,WASOEF,0.970064071644155,-17.539174428263987,69.0,True
h_05,WAZUAF,0.9813685584994789,-17.608465409858397,69.0,True
h_05,WBALDF,1.0121745258818857,-20.148192839154376,69.0,True
h_05,WBANIF,0.9856163188837839,-17.46914103733901,69.0,True
h_05,WBAPEF,0.9841509015856987,-17.886904107967446,69.0,True
h_05,WBARAF,0.9873565055807816,-15.733324327902466,69.0,True
h_05,WBARCE,,,,False
h_05,WBASIF,0.9613021770862721,-10.60939064175109,69.0,True
h_05,WBAYAE,1.0090181809844967,-11.505819703288447,138.0,True
h_05,WBAYAK,1.0088435563826554,-11.508513179001731,34.5,True
h_05,WBAYOF,0.9901234729054311,-12.461176674296379,69.0,True
h_05,WBCARF,,,,False
h_05,WBCARK,0.9999999999999998,-10.079045636648916,13.800000190734863,True
h_05,WBCHIE,0.9981998625480625,-3.4053640765171824,138.0,True
h_05,WBCHIF,0.9724634399788806,-7.765251056073157,69.0,True
h_05,WBDERF,0.979294935504214,-23.614907102382453,69.0,True
h_05,WBDERK,1.0,-23.740469705392275,13.800000190734863,True
h_05,WBENEF,0.9856677963629842,-15.846176944592706,69.0,True
h_05,WBERSF,,,,False
h_05,WBLECF,0.9621908621460816,-13.573694495879325,69.0,True
h_05,WBMATF,0.9832748310424555,-17.768730978710813,69.0,True
h_05,WBNVFF,,,,False
h_05,WBON2E,0.99910978045996,-14.801317155052924,138.0,True
h_05,WBON2F,,,,False
h_05,WBON3C,,,,False
h_05,WBON3D,1.0110754342812498,-8.19889057937826,345.0,True
h_05,WBON3E,0.9991858384387063,-14.79577026362164,138.0,True
h_05,WBONAF,0.9927230194638718,-20.63993016914238,69.0,True
h_05,WBOPEF,,,,False
h_05,WBPOPF,0.9910860177951923,-9.632343687798004,69.0,True
h_05,WBVISF,0.9815512509832686,-13.637670207942394,69.0,True
h_05,WCABAF,1.0113930983103165,-28.127909352391253,69.0,True
h_05,WCALAE,1.008696722113165,-11.327240294246646,138.0,True
h_05,WCALBE,1.008696722113165,-11.327240294246646,138.0,True
h_05,WCANAE,,,,True
h_05,WCANAF,,,,True
h_05,WCAPOF,0.9505577058003998,-8.595405533232855,69.0,True
h_05,WCATAF,0.9541418897536229,-9.665015401910557,69.0,True
h_05,WCAYAF,0.971471136907737,-9.301574953948778,69.0,True
h_05,WCBOHF,0.9938014126770758,-12.434444145974624,69.0,True
h_05,WCBYNF,0.9544089059388952,-17.717157219985374,69.0,True
h_05,WCC21E,1.0047904102796914,-13.217581420367457,138.0,True
h_05,WCCA2F,1.0003544999295888,-15.98188860415846,69.0,True
h_05,WCCABF,1.0002495353474414,-16.04072759465303,69.0,True
h_05,WCCARF,0.9527749855965001,-9.62896676560721,69.0,True
h_05,WCCIBF,1.0049033438624586,-22.111866288791255,69.0,True
h_05,WCDAGF,0.9706905696437196,-17.533109352348163,69.0,True
h_05,WCEMEE,1.0056734355740002,-4.581308826058017,138.0,True
h_05,WCENOF,0.973022744823787,-27.84411743295077,69.0,True
h_05,WCEPPF,,,,False
h_05,WCES1K,1.0199999809265137,-4.654347841030062,13.800000190734863,True
h_05,WCES2K,1.0199999809265137,-4.654347841030062,13.800000190734863,True
h_05,WCES3K,1.0199999809265137,-4.639126379960972,13.800000190734863,True
h_05,WCESPF,0.9716340480529243,-23.98302848877603,69.0,True
h_05,WCESPK,,,,False
h_05,WCINDF,,,,False
h_05,WCLUIE,1.0003203485188803,-5.813009513705106,138.0,True
h_05,WCNACF,,,,False
h_05,WCNPEE,0.99111079955355,-8.775430185683664,138.0,True
h_05,WCNSLF,,,,False
h_05,WCOAPE,0.9961297483512119,-6.082211942159326,138.0,True
h_05,WCOCOF,1.0009570689379554,-18.5787967306936,69.0,True
h_05,WCODAF,0.9775508203479639,-28.203427626866578,69.0,True
h_05,WCOHEF,1.0173066603258933,-13.130184681881879,69.0,True
h_05,WCONSF,1.0117605012973838,-31.562882179055546,69.0,True
h_05,WCORMF,0.9812621637335026,-24.465216425978316,69.0,True
h_05,WCOTAE,0.972887009133416,-9.185784427566414,138.0,True
h_05,WCOTBE,0.972887009133416,-9.185784427566414,138.0,True
h_05,WCOTUF,0.9796066299555447,-29.34549080903304,69.0,True
h_05,WCPVCF,0.9732587981163088,-17.412645898512963,69.0,True
h_05,WCSATF,0.9744942194606683,-17.306064687573464,69.0,True
h_05,WCSO1K,0.972887009133416,-9.185784427566414,34.5,True
h_05,WCSO2K,0.972887009133416,-9.185784427566414,34.5,True
h_05,WCSO3K,0.972887009133416,-9.185784427566414,34.5,True
h_05,WCSOLK,,,,False
h_05,WCTP1D,,,,False
h_05,WCTP2D,,,,False
h_05,WCUMAE,0.9838334652959798,-7.8557955843580904,138.0,True
h_05,WCUMBE,0.9838334652959798,-7.8557955843580904,138.0,True
h_05,WCVEGF,0.992233355114133,-27.386607399051112,69.0,True
h_05,WCZFSF,1.014498487545229,-19.999162862457908,69.0,True
h_05,WDAJAE,0.9818308732944301,-18.92042960893378,138.0,True
h_05,WDAJAF,,,,False
h_05,WDESPF,0.9593832798803641,-7.791314637026045,69.0,True
h_05,WDISDF,0.9531277036832009,-17.835493537191088,69.0,True
h_05,WDJAOE,0.9705880673503039,-9.053219351504719,138.0,True
h_05,WDJAOF,0.9343503811074371,-13.118109325794345,69.0,True
h_05,WDPEDF,1.0027394201043403,-22.439810145838212,69.0,True
h_05,WDRODF,0.9902583683325613,-15.426199730657247,69.0,True
h_05,WDRODK,0.9971438481138212,-15.446155792017114,12.470000267028809,True
h_05,WDRODM,,,,False
h_05,WDURAF,,,,False
h_05,WDUVEF,0.9809597587785716,-22.83221389487799,69.0,True
h_05,WEABAF,,,,False
h_05,WEBRIE,0.9837653542230711,-8.482735759022162,138.0,True
h_05,WECHIF,0.9659864192038616,-27.91842606671712,69.0,True
h_05,WELJIF,1.0044099876991999,-22.185466482356155,69.0,True
h_05,WEM21K,0.9999999999999999,-8.490370339037977,13.800000190734863,True
h_05,WEMA2E,,,,False
h_05,WEMA2F,,,,False
h_05,WEMA3F,0.9592554378807818,-7.790551991792652,69.0,True
h_05,WEMB2F,,,,False
h_05,WEMB3F,0.9603500682183791,-7.613229018198499,69.0,True
h_05,WEMBAE,0.9904974612242402,-9.568344944020769,138.0,True
h_05,WENADE,1.0038422729873695,0.16044759764612415,138.0,True
h_05,WENE4E,1.006301634504814,-4.502315191340416,138.0,True
h_05,WEPINF,0.9786628042330806,-16.626503923308952,69.0,True
h_05,WERIOF,1.0040078184772654,-30.27148816906238,69.0,True
h_05,WESEIE,0.9742016708636007,-8.4573898568158,138.0,True
h_05,WESM3F,,,,False
h_05,WESM3K,,,,False
h_05,WESOCE,1.00138568342493,-5.045703960950586,138.0,True
h_05,WESP1E,1.0051827515261011,-16.0365012728071,138.0,True
h_05,WFALCE,0.999192094078275,-14.795867251610604,138.0,True
h_05,WFALCF,1.0034677229309583,-19.69438345427719,69.0,True
h_05,WFALCK,,,,True
h_05,WFALCM,,,,False
h_05,WFANTF,0.9844142066758547,-25.225626157645255,69.0,True
h_05,WFNEGF,,,,False
h_05,WFOCHF,1.0102818925076769,-20.281955315737235,69.0,True
h_05,WFOLAF,,,,False
h_05,WGALAF,0.9531493682284122,-8.910915598819384,69.0,True
h_05,WGBOJF,0.9953872313868556,-11.990650622937173,69.0,True
h_05,WGHACF,0.9911829297675595,-9.628432480370096,69.0,True
h_05,WGIRAE,1.0079511233997984,-10.895888255626275,138.0,True
h_05,WGIRAK,1.0151302184982485,-10.915122878191582,34.5,True
h_05,WGMALF,0.9843054787021362,-12.603806557328674,69.0,True
h_05,WGNLLE,1.003490783764882,-15.535157083353543,138.0,True
h_05,WGNLLK,1.0051346202200013,-15.542837918131175,34.5,True
h_05,WGOYAF,0.9961203216354643,-16.916467384276764,69.0,True
h_05,WGPALF,0.9809245598050302,-15.57122567301977,69.0,True
h_05,WGPETF,0.9842804805961253,-12.611001131739458,69.0,True
h_05,WGPLAF,0.9516263861142452,-9.067389920965214,69.0,True
h_05,WGRCHF,0.9496878635019345,-9.25460369698376,69.0,True
h_05,WGRSFF,0.975815161944923,-27.866809684591157,69.0,True
h_05,WGU1AD,,,,False
h_05,WGU1BD,,,,False
h_05,WGUA2F,0.9944737519792951,-14.952084835041434,69.0,True
h_05,WGUANE,,,,True
h_05,WGUANF,0.9945262068821686,-14.950132158023168,69.0,True
h_05,WGUAVF,0.9741783217146837,-9.238694900280786,69.0,True
h_05,WGUAYE,0.9963539309659516,-16.533148078247102,138.0,True
h_05,WGUAYF,0.9447175208773483,-13.990298194305677,69.0,True
h_05,WGUERD,1.0064633385644446,-6.643691387986387,345.0,True
h_05,WGUERE,0.998380070339365,-6.47988670167327,138.0,True
h_05,WGUERF,0.9511170128136893,-10.834235295742518,69.0,True
h_05,WGVEGF,0.994177158563106,-26.636710242544574,69.0,True
h_05,WHAIBF,1.001140801386322,-11.851602288805312,69.0,True
h_05,WHAINE,0.996715090753525,-9.029796596055146,138.0,True
h_05,WHAINF,1.001140801386322,-11.851602288805312,69.0,True
h_05,WHAT2K,1.0000000000000002,-28.413032873480397,13.800000190734863,True
h_05,WHATIF,0.983890940542814,-28.374602981655578,69.0,True
h_05,WHATIK,1.0000000000000004,-28.469087732362883,12.5,True
h_05,WHENUF,,,,False
h_05,WHERRE,0.9928361719698224,-9.782139165243011,138.0,True
h_05,WHGMOE,,,,False
h_05,WHGUEE,,,,False
h_05,WHIGUF,1.0106292824254013,-18.64230710765607,69.0,True
h_05,WHJBOF,0.9908854015785049,-26.342211977126787,69.0,True
h_05,WHLINF,,,,False
h_05,WHMA2E,0.9822253972365761,-7.220974153312548,138.0,True
h_05,WHMA2F,0.9701575003265115,-8.826113371210429,69.0,True
h_05,WHMAYF,0.9689708346667932,-8.918880351893982,69.0,True
h_05,WHMSAF,0.987803589007988,-18.084558761231094,69.0,True
h_05,WHNACF,,,,False
h_05,WHNS1E,0.9902804792711895,-7.788375400940529,138.0,True
h_05,WHNS1F,0.9803485627453775,-10.461028241085373,69.0,True
h_05,WHNUEF,0.9571899269548462,-17.459913864629634,69.0,True
h_05,WIAANE,0.9997481889546523,-4.180974005810883,138.0,True
h_05,WIBARF,0.9996436105884423,-16.067082392629306,69.0,True
h_05,WICAEF,0.9956080694083119,-16.101017986782477,69.0,True
h_05,WICNAF,,,,False
h_05,WIDALF,0.9911087139711791,-26.55707750216264,69.0,True
h_05,WIGASE,,,,False
h_05,WIISAF,0.9566947505090782,-7.961511555607415,69.0,True
h_05,WIMB2F,1.0051219777983917,-22.91181059889263,69.0,True
h_05,WIMBEF,1.003675276434532,-22.98352396230166,69.0,True
h_05,WINCAF,0.9744849752935263,-17.35517004327386,69.0,True
h_05,WINCAK,1.0000000000000002,-18.129924592270868,12.470000267028809,True
h_05,WINVBF,0.973136759532029,-11.103647416206028,69.0,True
h_05,WINVIF,0.9496952643390961,-9.26041043053237,69.0,True
h_05,WIPSIF,,,,False
h_05,WITA1E,0.9981939229944998,-8.858943283910326,138.0,True
h_05,WJARAF,0.9945971039754842,-29.11707625685389,69.0,True
h_05,WJDOLE,1.0031321989622743,-5.22803453061869,138.0,True
h_05,WJIBPE,0.9762818490694779,-23.372666118877476,69.0,True
h_05,WJIGBE,1.004447114349907,-9.087256704559628,138.0,True
h_05,WJIGUE,1.004447114349907,-9.087256704559628,138.0,True
h_05,WJIMEF,0.9953534133303751,-29.08285728953238,69.0,True
h_05,WJSAUD,1.0172848859369985,-6.185873756105556,345.0,True
h_05,WJSAUE,,,,False
h_05,WKDMBF,0.988989230748439,-12.818446822737615,69.0,True
h_05,WKDMEF,0.9797138255437412,-13.219908406288171,69.0,True
h_05,WKINDF,0.9933980723635344,-16.93141041733487,69.0,True
h_05,WKQA1F,0.9945929647085046,-15.536917649289324,69.0,True
h_05,WKQAZE,1.0098893556723212,-12.413048630952186,138.0,True
h_05,WKVEIF,,,,False
h_05,WLALFF,,,,False
h_05,WLANGE,0.9959461840997912,-17.291769713214638,138.0,True
h_05,WLBARF,,,,False
h_05,WLCALF,0.9550364229723992,-9.472870646602761,69.0,True
h_05,WLCBOF,0.9876370712437762,-22.40529839519497,69.0,True
h_05,WLCOCK,1.0088765870627339,-13.543565444930369,34.5,True
h_05,WLCUAF,0.9551959562779077,-8.128353076978684,69.0,True
h_05,WLDAMF,0.981712419277495,-22.89408015222487,69.0,True
h_05,WLDAMK,1.0000000000000002,-24.336814334552237,12.5,True
h_05,WLDIAF,0.9910838191301811,-9.632433024261218,69.0,True
h_05,WLGALE,0.9938081518391653,-17.251282262232053,138.0,True
h_05,WLGU2K,1.0111985357083215,-16.797376163354887,34.5,True
h_05,WLGUZE,1.0111985357083215,-16.797376163354887,138.0,True
h_05,WLGUZK,1.0111859488110955,-16.79867615708978,34.5,True
h_05,WLISAE,0.9908577888820108,-8.977280978520753,138.0,True
h_05,WLLAGF,,,,False
h_05,WLMFAF,0.9818508449156997,-16.29050839270367,69.0,True
h_05,WLMI5E,0.9904489274891977,-8.06637121686447,138.0,True
h_05,WLMI6E,0.9904506478585756,-8.067202074014133,138.0,True
h_05,WLMI7E,0.9905919220417901,-8.014557776352138,138.0,True
h_05,WLMI7K,1.0,-8.026122163236542,13.800000190734863,True
h_05,WLMINE,0.9904171529033265,-8.06588976589811,138.0,True
h_05,WLMINF,0.9553837888094043,-8.355495017696807,69.0,True
h_05,WLORIE,1.0044581289480345,-4.920156056515344,138.0,True
h_05,WLORIK,1.0490000247955322,-5.0023169765497295,12.470000267028809,True
h_05,WLPARF,0.9491365491120505,-11.042821271039482,69.0,True
h_05,WLPENF,0.9903045061100635,-25.189640783241032,69.0,True
h_05,WLPRAE,0.9909692296940991,-9.721879318646652,138.0,True
h_05,WLROME,0.9784993213194568,-8.704863337308751,138.0,True
h_05,WLROMF,0.9807251266522521,-12.780805554766607,69.0,True
h_05,WLRPUF,0.9762419935587883,-13.288707544162326,69.0,True
h_05,WLTORF,0.9963140665675714,-15.20993297470911,69.0,True
h_05,WLUCIF,1.0012785494247733,-14.736383242899501,69.0,True
h_05,WLUPEF,0.9976826474471132,-23.57355028527388,69.0,True
h_05,WLVEGF,0.9923049573079381,-27.382840885712728,69.0,True
h_05,WLVICE,0.9903828643720722,-7.7898275365672704,138.0,True
h_05,WLVICK,0.9903828643720722,-7.7898275365672704,34.5,True
h_05,WLVPEF,0.9934575056248333,-27.724687407014446,69.0,True
h_05,WMAGUF,0.9935729672954061,-15.366853420204116,69.0,True
h_05,WMAIMF,0.9831919976336898,-23.960584272363516,69.0,True
h_05,WMARAF,0.9595024369342692,-10.548779034365838,69.0,True
h_05,WMARAK,0.9595024369342692,-10.548779034365838,13.800000190734863,True
h_05,WMARTF,0.9344195681671129,-13.119268568308035,69.0,True
h_05,WMARTK,0.9344195681671129,-13.119268568308035,34.5,True
h_05,WMAT1E,0.9662864805602782,-28.767607040359643,138.0,True
h_05,WMATAE,0.9918488002351873,-9.327487251986263,138.0,True
h_05,WMATBE,0.9918488002351873,-9.327487251986263,138.0,True
h_05,WMEGAF,0.9544895871895334,-8.391312917199857,69.0,True
h_05,WMERCF,0.9842804805961253,-12.611001131739458,69.0,True
h_05,WMETAE,0.9918353590940526,-9.328812430443449,138.0,True
h_05,WMETAK,0.9900000095367433,-9.662596140735458,13.199999809265137,True
h_05,WMETBF,0.991204921998091,-9.626351268096489,69.0,True
h_05,WMETEE,0.9979917772699081,-8.908430953955289,138.0,True
h_05,WMETEF,0.9955166847732028,-11.959723168303489,69.0,True
h_05,WMETRE,0.9923814554618995,-8.842988467394521,138.0,True
h_05,WMETRF,0.991204921998091,-9.626351268096489,69.0,True
h_05,WMIR1E,0.9985373190484397,-6.4806217992757675,138.0,True
h_05,WMIRAK,0.9985373190484397,-6.4806217992757675,34.5,True
h_05,WMLTPF,0.9932440125637,-12.180820161909136,69.0,True
h_05,WMOCAE,0.9798504833174725,-20.509495058254437,138.0,True
h_05,WMOCAF,0.9804016324854087,-25.566922351519896,69.0,True
h_05,WMONCE,0.9912314426102232,-18.534955868114256,138.0,True
h_05,WMONTE,0.9851441394450466,-18.040186358947803,138.0,True
h_05,WMOZAF,0.9589903119575278,-7.9520768084548905,69.0,True
h_05,WMP2AE,0.9988361893753468,-6.482018534143863,138.0,True
h_05,WMP2BE,0.9988361893753468,-6.482018534143863,138.0,True
h_05,WMPALF,0.9492049645906709,-11.04188738235048,69.0,True
h_05,WMPALK,0.9492049645906709,-11.04188738235048,34.5,True
h_05,WMPL1D,,,,False
h_05,WMPL2D,,,,False
h_05,WMPLAF,0.8334461247478716,-21.569509357703367,69.0,True
h_05,WMPSOE,,,,False
h_05,WMPSOF,0.8334461405029963,-21.569509656210165,69.0,True
h_05,WMPSOK,0.8334461405029963,-21.569509656210165,20.0,True
h_05,WMRI2E,1.009338586714493,-12.439970396264046,138.0,True
h_05,WMTFNE,1.0216026212413192,-11.252716627963832,138.0,True
h_05,WMTFNK,1.0663906750496879,-11.300019066740271,34.5,True
h_05,WMULTF,0.9566379341087631,-7.963522955256346,69.0,True
h_05,WMVCIF,1.0051334240287122,-22.153757843566606,69.0,True
h_05,WMVIEF,0.9969767100614356,-17.145853096986894,69.0,True
h_05,WNAG2E,0.9673765631975703,-28.544106104232345,138.0,True
h_05,WNAG2F,,,,True
h_05,WNAGUF,0.9651503946472896,-31.397010899000893,69.0,True
h_05,WNARAD,0.997070228711034,-12.304980595278245,345.0,True
h_05,WNARAE,,,,False
h_05,WNAV2E,1.0045668390590103,-16.194233536622665,138.0,True
h_05,WNAVAF,0.9902056017938252,-23.047121774536087,69.0,True
h_05,WNEYBF,0.956005730869151,-24.128221533487455,69.0,True
h_05,WNIBAE,0.9927682085326364,-17.473563285657068,138.0,True
h_05,WNOVOF,0.9906326315674179,-12.14058582482383,69.0,True
h_05,WOFALF,1.0173155660245135,-13.130607386669734,69.0,True
h_05,WOJIVF,0.9986824302839641,-11.92119770499522,69.0,True
h_05,WPAK0E,,,,False
h_05,WPAK2E,1.0089805107709897,-12.437986070652158,138.0,True
h_05,WPAK5E,1.0089805107709897,-12.437986070652158,138.0,True
h_05,WPAK6E,1.0089805107709897,-12.437986070652158,138.0,True
h_05,WPAL1E,0.9960214488863731,-9.68713289712918,138.0,True
h_05,WPALAF,0.9809245598050302,-15.57122567301977,69.0,True
h_05,WPALBE,1.015104706654396,-10.324187351045667,138.0,True
h_05,WPALBF,0.9958759351371407,-11.739766914950188,69.0,True
h_05,WPALEE,1.015104706654396,-10.324187351045667,138.0,True
h_05,WPAQ1K,1.049999952316284,-12.911668320759002,4.159999847412109,True
h_05,WPARAE,0.9940309688897405,-8.875852175502018,138.0,True
h_05,WPAYAE,,,,False
h_05,WPAYBE,,,,False
h_05,WPAYIF,0.9767783213061427,-32.443455097751176,69.0,True
h_05,WPBAJF,0.997730617884103,-29.432440255797427,69.0,True
h_05,WPBBAE,,,,False
h_05,WPBLAD,,,,False
h_05,WPCA1K,1.0499999523162842,0.0,22.0,True
h_05,WPCA2K,1.049999952316284,2.44672476803881,22.0,True
h_05,WPCATE,,,,False
h_05,WPCGLF,0.9690098622024461,-17.6165776587402,69.0,True
h_05,WPCIBF,0.9609134017091084,-8.863158465425391,69.0,True
h_05,WPDISF,,,,False
h_05,WPDIVF,0.9723064664876342,-16.245312873878046,69.0,True
h_05,WPDORE,,,,True
h_05,WPDORF,1.0207050756706033,-24.057041698507888,69.0,True
h_05,WPEBPE,1.0103396582693633,-13.6923120781595,138.0,True
h_05,WPERAE,1.00869705859875,-11.327241850932356,138.0,True
h_05,WPERBE,1.00869705859875,-11.327241850932356,138.0,True
h_05,WPES1K,1.00869705859875,-11.327241850932356,34.5,True
h_05,WPES2K,1.00869705859875,-11.327241850932356,34.5,True
h_05,WPFLEF,,,,False
h_05,WPFMSK,0.9963539309659516,-16.533148078247102,20.0,True
h_05,WPGARF,1.0143270892950424,-23.616185135360773,69.0,True
h_05,WPHAIF,1.0009823337307557,-11.864111004985343,69.0,True
h_05,WPIDUF,0.9747974777673095,-17.16646342060071,69.0,True
h_05,WPIISF,,,,False
h_05,WPIMCF,1.0071503918442175,-20.537582095911247,69.0,True
h_05,WPIMEE,0.9878506585799767,-24.801670408808743,138.0,True
h_05,WPIMEF,0.9869098269193083,-29.73368919947307,69.0,True
h_05,WPINAF,1.028561809093622,-20.126301731581925,69.0,True
h_05,WPIZAE,1.007129211570499,-10.887634882773071,138.0,True
h_05,WPIZAF,1.00128097447034,-14.736186324044466,69.0,True
h_05,WPIZBF,,,,False
h_05,WPLASF,0.9896786561325319,-12.209094525950706,69.0,True
h_05,WPLCCF,0.9785793606552105,-16.140317265293074,69.0,True
h_05,WPLINF,0.984150873038773,-17.162832546123308,69.0,True
h_05,WPLM1E,1.011845733057504,-13.186443763162512,138.0,True
h_05,WPLM1K,1.0199999809265137,-13.243259215385565,13.800000190734863,True
h_05,WPLM2K,1.0199999809265134,-13.272514503556812,13.800000190734863,True
h_05,WPP22E,1.0108988216899943,-17.883517898181072,138.0,True
h_05,WPPELF,1.0208218350365654,-24.000941571959903,69.0,True
h_05,WPPL2F,,,,True
h_05,WPPLAF,1.0258196074152055,-22.46070744878553,69.0,True
h_05,WPPLBF,,,,False
h_05,WPPLIF,0.9891427427471303,-23.10382010531927,69.0,True
h_05,WPPRIF,1.0046466173645074,-22.174461629897138,69.0,True
h_05,WPSCEF,0.9820934732508207,-18.4440937368661,69.0,True
h_05,WPSESK,,,,False
h_05,WPVIEE,,,,False
h_05,WQ1SPK,1.0000000000000002,-14.649979428590974,13.800000190734863,True
h_05,WQCORF,0.9911050084628762,-15.71572535620856,69.0,True
h_05,WQU11D,1.0088047079760514,-14.563666671028248,230.0,True
h_05,WQU12K,1.0,-14.653669856192801,13.800000190734863,True
h_05,WQU21D,1.0088047079760514,-14.563666671028248,230.0,True
h_05,WQU21K,1.0,-14.653669856192801,13.800000190734863,True
h_05,WQUINF,1.0016321649822075,-21.44721768278196,69.0,True
h_05,WQUISD,,,,True
h_05,WQUISE,,,,False
h_05,WRARRF,0.9871509762942804,-22.47401852575024,69.0,True
h_05,WRBL1K,,,,False
h_05,WRBL2K,,,,False
h_05,WRBLAF,1.01950451538846,-19.036412400970423,69.0,True
h_05,WRCHAF,0.9835276320943768,-14.852618619466261,69.0,True
h_05,WREFIF,0.9943489941473524,-12.07664494401051,69.0,True
h_05,WRINCF,0.9873602360184411,-24.91993391477351,69.0,True
h_05,WRNUEF,0.9870723151191569,-24.93619743615898,69.0,True
h_05,WRPELF,0.9420488654201851,-14.047706971196583,69.0,True
h_05,WRSJUE,0.9636850472247454,-29.036907959687028,138.0,True
h_05,WRZMOK,,,,False
h_05,WSABAF,1.0010275998086327,-14.42406098898368,69.0,True
h_05,WSAJ1E,0.9993789484545113,-15.92146181086443,138.0,True
h_05,WSALCE,0.9762414380908061,-22.019455647801543,138.0,True
h_05,WSALIF,0.9864649930421558,-19.395362544545137,69.0,True
h_05,WSAMAE,0.9514498064211825,-30.637323138695727,138.0,True
h_05,WSANCE,0.9565276927727774,-30.124226286725634,138.0,True
h_05,WSANTE,1.0072375459759781,-10.888723375517733,138.0,True
h_05,WSANTK,1.0072375459759781,-10.888723375517733,34.5,True
h_05,WSCANF,0.9798562032423697,-16.94606063099894,69.0,True
h_05,WSCANK,0.9798562032423697,-16.94606063099894,34.5,True
h_05,WSCNOE,0.9978475446600288,-10.015732141486613,138.0,True
h_05,WSESTE,1.0046789201817041,-4.851814793130792,138.0,True
h_05,WSFELE,,,,True
h_05,WSFMAE,0.9758803009810466,-24.327567755954018,138.0,True
h_05,WSFMAF,0.9731969197185898,-27.31862561391925,69.0,True
h_05,WSIBBE,0.9983929178076467,-3.340589760615387,138.0,True
h_05,WSJMAF,0.9912970123035176,-21.642246334138683,69.0,True
h_05,WSJOCF,0.986400375615782,-19.167347047002973,69.0,True
h_05,WSJU2E,1.0060109689068835,-13.47494002572896,138.0,True
h_05,WSJU2F,0.9962229635461841,-14.83546069811042,69.0,True
h_05,WSJUAF,0.993491828333065,-15.022574389424241,69.0,True
h_05,WSKAPF,0.9843101849479785,-12.609660530014564,69.0,True
h_05,WSLCOE,,,,False
h_05,WSLORK,1.0,-8.856626020087097,13.800000190734863,True
h_05,WSMARF,0.9711901174890775,-8.843173500115785,69.0,True
h_05,WSODOF,0.9969666909259219,-17.146850783408958,69.0,True
h_05,WSOSUF,1.0195134086127464,-27.26865176056775,69.0,True
h_05,WSPB1K,1.0499999523162848,-4.910148502865319,13.800000190734863,True
h_05,WSPBEE,1.0057952499635474,-4.694760290709634,138.0,True
h_05,WSPERF,0.926692863712717,-13.79669097694553,69.0,True
h_05,WSPEVF,,,,False
h_05,WSPM2E,1.006301634504814,-4.502315191340416,138.0,True
h_05,WSPMAE,1.003776984389523,-4.988982586665395,138.0,True
h_05,WSPMAF,0.9945678390575993,-8.854577797110961,69.0,True
h_05,WSPMBE,1.003776984389523,-4.988982586665395,138.0,True
h_05,WSPRIF,0.9012716556392656,-15.56776959035866,69.0,True
h_05,WSRODE,0.982028489399419,-19.266044241931546,138.0,True
h_05,WSYASF,1.0067439004300391,-28.577405127854576,69.0,True
h_05,WSYEGF,0.9947095224878412,-14.946485555284967,69.0,True
h_05,WTAAGK,,,,False
h_05,WTAAVK,,,,False
h_05,WTAG1K,,,,False
h_05,WTAG2K,,,,False
h_05,WTAMAF,0.9794246534714298,-10.47687749143211,69.0,True
h_05,WTANOK,,,,False
h_05,WTAV1K,1.0,-17.334561599322853,13.800000190734863,True
h_05,WTAVBE,,,,False
h_05,WTBA1K,,,,False
h_05,WTBA2K,,,,False
h_05,WTCE1K,,,,False
h_05,WTCE2K,,,,False
h_05,WTCEMK,,,,False
h_05,WTDAJK,,,,False
h_05,WTEMPF,0.9536902432359394,-8.393379014716405,69.0,True
h_05,WTESAK,,,,False
h_05,WTFA1K,,,,False
h_05,WTFA2K,,,,False
h_05,WTFA3K,,,,False
h_05,WTHAGK,,,,False
h_05,WTHAIF,0.9773554272801105,-10.725590068916272,69.0,True
h_05,WTIM2E,0.9895841571815889,-8.380649062185128,138.0,True
h_05,WTIM2F,0.9600113430449116,-7.709719141829725,69.0,True
h_05,WTIMBF,0.9593832798803641,-7.791314637026045,69.0,True
h_05,WTIREF,1.0081051186445615,-31.073962346878925,69.0,True
h_05,WTIT1K,,,,False
h_05,WTIT2K,,,,False
h_05,WTJI1K,,,,False
h_05,WTJI2K,,,,False
h_05,WTJIMK,,,,False
h_05,WTLANK,,,,False
h_05,WTMAGK,,,,False
h_05,WTMBBF,,,,True
h_05,WTMI5K,,,,False
h_05,WTMI6K,,,,False
h_05,WTMNTK,,,,False
h_05,WTMONK,,,,False
h_05,WTMR1K,,,,False
h_05,WTMR2K,,,,False
h_05,WTNNAK,,,,False
h_05,WTORGF,1.0184483378053872,-12.899034729473156,69.0,True
h_05,WTPA1K,,,,False
h_05,WTPG1K,,,,False
h_05,WTPG2K,,,,False
h_05,WTPG3K,,,,False
h_05,WTPI1K,,,,False
h_05,WTPI2K,,,,False
h_05,WTRINK,,,,False
h_05,WTRJCK,,,,False
h_05,WTROQF,1.009579988106627,-21.746283114161418,69.0,True
h_05,WTSABK,,,,False
h_05,WTSE1K,,,,False
h_05,WTSFVK,,,,False
h_05,WTSPVK,,,,False
h_05,WTSYEK,,,,False
h_05,WTTA1K,,,,False
h_05,WTTA2K,,,,False
h_05,WTTITF,0.9589037230606313,-7.803439579290475,69.0,True
h_05,WTTO1K,,,,False
h_05,WTVA1K,,,,False
h_05,WTVA2K,,,,False
h_05,WTVE1K,,,,False
h_05,WTZFPF,,,,False
h_05,WUASDE,0.9917307339575631,-9.078491174831884,138.0,True
h_05,WUMEDF,0.9821149017242238,-18.442470642746255,69.0,True
h_05,WVALBE,1.0029570396374823,-9.901148751710034,138.0,True
h_05,WVALDE,1.0029570396374823,-9.901148751710034,138.0,True
h_05,WVALLF,0.9945525408886121,-14.998912062103312,69.0,True
h_05,WVALTF,0.9537320371792269,-18.32663204738498,69.0,True
h_05,WVDU1E,,,,True
h_05,WVDUAF,,,,False
h_05,WVILAE,,,,False
h_05,WVILLF,0.9925772348388604,-15.286911950647164,69.0,True
h_05,WVMAOE,0.9928127486787547,-17.932566059219184,138.0,True
h_05,WVMELE,0.9870391220770388,-9.24200745958711,138.0,True
h_05,WVNOBF,0.9704226971051062,-17.519385168280397,69.0,True
h_05,WVOLGF,0.9822329838127444,-18.43699175301769,69.0,True
h_05,WX1PAK,,,,False
h_05,WXABIF,0.9882921571918595,-23.14658404665042,69.0,True
h_05,WXABRF,0.9993377884765673,-16.029029649770862,69.0,True
h_05,WXAD2F,0.9985636043922985,-16.286687245739625,69.0,True
h_05,WXADOF,0.9987361845738076,-16.407953344077313,69.0,True
h_05,WXAHGF,0.9736955345797825,-15.803660128029978,69.0,True
h_05,WXAHMF,0.9820648644851584,-27.788780608439122,69.0,True
h_05,WXAISF,0.9962944928621914,-16.90943661124667,69.0,True
h_05,WXALDF,1.0183911250077837,-12.907652863638328,69.0,True
h_05,WXALIF,0.9759980417118017,-15.729410742959889,69.0,True
h_05,WXAORF,0.9715756854761353,-10.57951263517169,69.0,True
h_05,WXAPFF,1.012479037568596,-20.132850652558442,69.0,True
h_05,WXAPPF,1.0239431504289014,-26.192819777519368,69.0,True
h_05,WXAQUF,,,,False
h_05,WXARDF,0.9988255496120798,-16.46853078244009,69.0,True
h_05,WXASOF,1.0233405644412776,-26.888691001836673,69.0,True
h_05,WXBA1F,,,,False
h_05,WXBA2F,,,,True
h_05,WXBASF,0.9623665099443784,-10.591167002688069,69.0,True
h_05,WXBAYF,,,,False
h_05,WXBDEF,0.9791258672518504,-23.620433731987646,69.0,True
h_05,WXBLEF,0.9621818376916476,-13.571843976877181,69.0,True
h_05,WXBMAF,0.9842424303292885,-17.73062728442939,69.0,True
h_05,WXBOHF,0.9939236680246686,-12.426353195763953,69.0,True
h_05,WXBPEF,0.9994463770336407,-20.318389757235177,69.0,True
h_05,WXCA1K,1.008696722113165,-11.327240294246646,34.5,True
h_05,WXCABF,0.9580936310386601,-17.403925454941497,69.0,True
h_05,WXCANF,,,,False
h_05,WXCARF,0.9806033606773544,-13.122802824980553,69.0,True
h_05,WXCATF,0.9633468049364124,-9.0684955251641,69.0,True
h_05,WXCB2F,,,,False
h_05,WXCBAF,0.9900734660724932,-12.465265950315974,69.0,True
h_05,WXCC1E,,,,False
h_05,WXCC3E,,,,False
h_05,WXCCOF,0.9988129387222897,-16.4696406010699,69.0,True
h_05,WXCDAF,0.9707165257236217,-17.53174068840688,69.0,True
h_05,WXCDLF,0.9775672168788885,-28.20269972439732,69.0,True
h_05,WXCENF,0.9743207829953616,-27.786299036423355,69.0,True
h_05,WXCHAF,0.9835276320943768,-14.852618619466261,69.0,True
h_05,WXCIGF,0.9942655837173761,-8.865545370718252,69.0,True
h_05,WXCINF,0.9539303977475893,-18.318116997325664,69.0,True
h_05,WXCNAF,0.9885613357737362,-8.97688314715335,69.0,True
h_05,WXCOCF,,,,False
h_05,WXCODF,0.991204921998091,-9.626351268096489,69.0,True
h_05,WXCORF,0.9825666664412074,-24.38733238655031,69.0,True
h_05,WXCSAF,0.9745433081684515,-17.295745057167718,69.0,True
h_05,WXCTAF,0.9915581505838436,-24.698139782216135,69.0,True
h_05,WXCU1K,0.983527026527027,-7.857174748054544,34.5,True
h_05,WXCU2K,0.983527026527027,-7.857174748054544,34.5,True
h_05,WXCU4K,0.983527026527027,-7.857174748054544,34.5,True
h_05,WXDBRF,0.9942655837173761,-8.865545370718252,69.0,True
h_05,WXDISF,0.9536739767460387,-17.783850849077403,69.0,True
h_05,WXDROF,0.9896254325163737,-15.504005551594915,69.0,True
h_05,WXDURF,,,,False
h_05,WXEANF,1.0123270415877823,-20.140377908059552,69.0,True
h_05,WXECHF,0.9691479280742075,-27.65444238732373,69.0,True
h_05,WXES2K,,,,False
h_05,WXES3K,,,,False
h_05,WXESPF,0.9719402332669564,-23.968072078968444,69.0,True
h_05,WXEV4K,1.0199999809265137,-4.5253097971844065,13.800000190734863,True
h_05,WXGALF,0.9531607684628334,-8.910445154676092,69.0,True
h_05,WXGAVF,0.9746542002957435,-9.239981674227346,69.0,True
h_05,WXGBOF,0.9953872313868556,-11.990650622937173,69.0,True
h_05,WXGOYF,0.9962944928621914,-16.90943661124667,69.0,True
h_05,WXGPLF,0.9516263861142452,-9.067389920965214,69.0,True
h_05,WXGRCF,,,,False
h_05,WXGRMF,0.9571031368833833,-10.463326170084164,69.0,True
h_05,WXGRSF,0.975822747200739,-27.86651627737751,69.0,True
h_05,WXGU2F,0.9944927189405782,-14.950687715768778,69.0,True
h_05,WXHACF,0.9911896363168968,-9.627825081660058,69.0,True
h_05,WXHE1F,1.0184810446591177,-12.889298335710299,69.0,True
h_05,WXHE2F,,,,False
h_05,WXHHIF,0.993633762780454,-8.879224386001624,69.0,True
h_05,WXHJBF,0.9908955405543507,-26.341918304919687,69.0,True
h_05,WXHMSF,0.9878168653740779,-18.083649708312905,69.0,True
h_05,WXHNAF,,,,False
h_05,WXHNUF,0.9576202699784121,-17.441715568432354,69.0,True
h_05,WXIBAF,0.9996549457504292,-16.066642050866637,69.0,True
h_05,WXICAF,0.9956118727864676,-16.100876633037153,69.0,True
h_05,WXICNF,,,,False
h_05,WXIDAF,0.991115317592466,-26.556585500341797,69.0,True
h_05,WXIDUF,0.9747974777673095,-17.16646342060071,69.0,True
h_05,WXIISF,0.9566977267380133,-7.96139435502863,69.0,True
h_05,WXIMBF,1.0046132597905024,-22.934504687995595,69.0,True
h_05,WXINAF,0.9573210947858272,-7.938450202819909,69.0,True
h_05,WXINDF,0.9930018892934377,-27.076874551555907,69.0,True
h_05,WXINVF,0.9498154750503772,-9.249080823815596,69.0,True
h_05,WXIPRF,,,,False
h_05,WXIPSF,0.9747974777673095,-17.16646342060071,69.0,True
h_05,WXJIMF,0.9953534133303751,-29.08285728953238,69.0,True
h_05,WXJINF,0.9809597587785716,-22.83221389487799,69.0,True
h_05,WXKINF,0.9944643321276874,-16.86103987365475,69.0,True
h_05,WXKVEF,0.9555113413790126,-9.957659946878449,69.0,True
h_05,WXLADF,0.9528177984266404,-9.627518568644803,69.0,True
h_05,WXLALF,,,,False
h_05,WXLC1E,1.0088917326823121,-13.540087519789461,138.0,True
h_05,WXLCAF,0.9550364229723992,-9.472870646602761,69.0,True
h_05,WXLCBF,0.9903298540929082,-22.29044880532505,69.0,True
h_05,WXLFAF,0.9853213969507438,-17.524948081828626,69.0,True
h_05,WXLPAF,0.9491555111783762,-11.04107170623897,69.0,True
h_05,WXLPEF,0.9903045061100635,-25.189640783241032,69.0,True
h_05,WXLUCK,1.0011830899321383,-14.738141716344785,34.5,True
h_05,WXLULF,1.00128097447034,-14.736186324044466,69.0,True
h_05,WXLUPF,,,,True
h_05,WXMAGF,0.9935729672954061,-15.366853420204116,69.0,True
h_05,WXMAIF,0.9834654573398136,-23.944331551172983,69.0,True
h_05,WXMALF,0.9845733495595312,-12.59037291401417,69.0,True
h_05,WXMARF,0.9594829071316227,-10.54845774563192,69.0,True
h_05,WXMATK,0.9662864805602782,-28.767607040359643,34.5,True
h_05,WXMEGF,0.9546413708724777,-8.378876824856146,69.0,True
h_05,WXMETE,,,,False
h_05,WXMETF,0.9953872313868556,-11.990650622937173,69.0,True
h_05,WXMOZF,,,,False
h_05,WXMPAF,0.9493006866268788,-11.01506100388625,69.0,True
h_05,WXMPGK,,,,False
h_05,WXMPSF,0.8334461247478716,-21.569509357703367,69.0,True
h_05,WXMV2F,0.9969767100614356,-17.145853096986894,69.0,True
h_05,WXMVAF,,,,False
h_05,WXNAGF,,,,False
h_05,WXNOVF,0.9898553511454443,-12.200953281672243,69.0,True
h_05,WXOC2F,1.011620976399587,-20.191488971047196,69.0,True
h_05,WXOFAF,1.0173164609013554,-13.130505357004647,69.0,True
h_05,WXOLVF,0.9962287849537228,-22.18119540085769,69.0,True
h_05,WXPA1K,0.9999999999999999,-12.535865577707973,11.0,True
h_05,WXPA3K,0.9999999999999998,-12.523433081523347,15.0,True
h_05,WXPA4K,1.0,-12.510920322607515,11.0,True
h_05,WXPC2F,0.9609134017091084,-8.863158465425391,69.0,True
h_05,WXPCGF,0.9690098622024461,-17.6165776587402,69.0,True
h_05,WXPCIF,0.9655698542201402,-8.413799751744216,69.0,True
h_05,WXPETF,0.9844547875758346,-12.598769365107493,69.0,True
h_05,WXPFLF,1.018461523180545,-12.89523501595978,69.0,True
h_05,WXPFSK,0.9993789484545113,-15.92146181086443,34.5,True
h_05,WXPGAF,1.014355358108374,-23.61482125095407,69.0,True
h_05,WXPGMF,1.00128097447034,-14.736186324044466,69.0,True
h_05,WXPHAF,1.0010056185526541,-11.8631026170552,69.0,True
h_05,WXPI4K,1.0,-24.85783191250276,13.800000190734863,True
h_05,WXPIDF,1.00128097447034,-14.736186324044466,69.0,True
h_05,WXPINF,,,,False
h_05,WXPLCF,0.9786700386213432,-16.131148609539647,69.0,True
h_05,WXPPEF,1.0208218350365654,-24.000941571959903,69.0,True
h_05,WXPPLF,,,,False
h_05,WXPPRF,1.0046688541952309,-22.17363619712471,69.0,True
h_05,WXPS1K,1.0051827515261011,-16.0365012728071,34.5,True
h_05,WXPY1K,,,,False
h_05,WXQAZF,,,,False
h_05,WXQCOF,0.9911050084628762,-15.71572535620856,69.0,True
h_05,WXRARF,0.990081176258779,-22.30553855296538,69.0,True
h_05,WXRIEF,,,,False
h_05,WXRINF,0.9899567499354529,-24.67517387593376,69.0,True
h_05,WXSADF,,,,False
h_05,WXSESE,1.0047621839327818,-4.852593547400597,138.0,True
h_05,WXSESF,0.9925249375827827,-9.036398734326648,69.0,True
h_05,WXSI1K,1.0,-3.347026510494569,13.800000190734863,True
h_05,WXSODF,0.9969719996611852,-17.146332234321893,69.0,True
h_05,WXSOSF,1.0195134086127464,-27.26865176056775,69.0,True
h_05,WXSPRF,0.9012716556392656,-15.56776959035866,69.0,True
h_05,WXSYEF,0.9942818915035188,-15.016133260061531,69.0,True
h_05,WXTAMF,0.9543093580351698,-8.388388692380897,69.0,True
h_05,WXTDAF,0.9340220913416416,-13.147394337057575,69.0,True
h_05,WXTH1F,0.977355235671966,-10.725586999756379,69.0,True
h_05,WXTH2F,0.9773553388770625,-10.72558865288524,69.0,True
h_05,WXTISF,0.9998118200422709,-16.903991900543183,69.0,True
h_05,WXTREFF,0.9943489941473524,-12.07664494401051,69.0,True
h_05,WXTROF,1.009596503425453,-21.745574621639385,69.0,True
h_05,WXTTIF,0.9589037230606313,-7.803439579290475,69.0,True
h_05,WXVALF,0.9537320371792269,-18.32663204738498,69.0,True
h_05,WXVILF,0.9925772348388604,-15.286911950647164,69.0,True
h_05,WXVL1K,,,,False
h_05,WXWC2K,0.9988361893753468,-6.482018534143863,34.5,True
h_05,WXWC3K,0.9988361893753468,-6.482018534143863,34.5,True
h_05,WXYAGF,0.9950964310114807,-16.232106417031705,69.0,True
h_05,WXZAMF,0.9528177984266404,-9.627518568644803,69.0,True
h_05,WXZFBF,,,,False
h_05,WXZFHF,,,,False
h_05,WXZFNF,,,,False
h_05,WXZGUF,1.004027727714798,-22.575199257171228,69.0,True
h_05,WXZHAF,0.9494365172675101,-9.277226298659262,69.0,True
h_05,WXZISF,,,,False
h_05,WXZPPF,,,,False
h_05,WXZSPF,0.9901727046439469,-9.320588264908654,69.0,True
h_05,WYAGUF,0.9950964310114807,-16.232106417031705,69.0,True
h_05,WYAMAF,0.8576739101661093,-19.227358501262078,69.0,True
h_05,WZFALF,,,,False
h_05,WZFAMF,,,,False
h_05,WZFBAF,,,,False
h_05,WZFDRF,,,,False
h_05,WZFESF,,,,False
h_05,WZFGIF,,,,False
h_05,WZFGUF,,,,False
h_05,WZFISF,,,,False
h_05,WZFLIF,,,,False
h_05,WZFMCF,,,,False
h_05,WZFPPF,,,,False
h_05,WZFS2F,,,,False
h_05,WZFSAE,,,,False
h_05,WZFSAF,,,,False
h_05,WZFSFF,,,,False
h_05,WZFSIF,,,,False
h_05,WZFSPF,,,,False
h_05,WZFVAF,,,,False
h_05,WZFVEF,,,,False
h_05,WZHAIF,0.9494366938972494,-9.277233210360228,69.0,True
h_05,ZXOJIF,,,,False
h_06,WAANDE,1.0043055903283242,0.4972118307850236,138.0,True
h_06,WABCOF,0.9944751535684943,-18.255601350196656,69.0,True
h_06,WABISF,0.9915621828813718,-22.56069108669792,69.0,True
h_06,WABRUF,0.9461463004647103,-9.588515542318333,69.0,True
h_06,WACIBF,1.0123595950010682,-19.820932524780204,69.0,True
h_06,WACLAE,1.0088605683668912,-15.141770439462599,138.0,True
h_06,WACLAK,1.0103185284854574,-15.148906000644521,34.5,True
h_06,WADMIF,,,,False
h_06,WADOMF,1.0195262781738874,-12.589130173579754,69.0,True
h_06,WAGUAE,1.003218313752202,-10.242368170899496,138.0,True
h_06,WAGUBE,1.003218313752202,-10.242368170899496,138.0,True
h_06,WAHMIF,0.9851723177104563,-26.237380514391276,69.0,True
h_06,WAHO1E,0.9922734149758465,-9.128135850165181,138.0,True
h_06,WAHO2E,0.9922734149758465,-9.128135850165181,138.0,True
h_06,WAHOBF,0.9897562024888766,-12.089638326616573,69.0,True
h_06,WAHONF,0.9897562024888766,-12.089638326616573,69.0,True
h_06,WAIAMF,,,,False
h_06,WAIAZF,,,,False
h_06,WAIBAF,,,,False
h_06,WAIISF,,,,False
h_06,WAISAF,,,,False
h_06,WAISCF,0.9979659058182138,-16.81163196568568,69.0,True
h_06,WAISOF,1.0255796296794406,-26.40547689525113,69.0,True
h_06,WAIUNF,,,,False
h_06,WAIZSF,,,,False
h_06,WAORIF,0.9702421370030133,-10.329265143571572,69.0,True
h_06,WAPERF,1.0003746094543267,-29.450359163340064,69.0,True
h_06,WAPFAF,1.0142247818034993,-19.653165796252285,69.0,True
h_06,WAQUIF,1.0051801102754219,-20.805682020188605,69.0,True
h_06,WASOEF,0.9724707923633068,-17.333868391210412,69.0,True
h_06,WAZUAF,0.9832241054642612,-17.559823310968547,69.0,True
h_06,WBALDF,1.0147541274211807,-19.61114954687831,69.0,True
h_06,WBANIF,0.9873871033881012,-17.486155379038863,69.0,True
h_06,WBAPEF,0.9860748101652567,-17.890419337091025,69.0,True
h_06,WBARAF,0.9888467525810044,-15.615171282886639,69.0,True
h_06,WBARCE,,,,False
h_06,WBASIF,0.9643698552086382,-10.179507992783181,69.0,True
h_06,WBAYAE,1.0094325156393695,-11.686213434683149,138.0,True
h_06,WBAYAK,1.0092578193311652,-11.688906910396433,34.5,True
h_06,WBAYOF,0.9910728865596171,-12.255911120423738,69.0,True
h_06,WBCARF,,,,False
h_06,WBCARK,1.0000000000000002,-10.034170773897891,13.800000190734863,True
h_06,WBCHIE,0.9991358646661805,-3.058072152593043,138.0,True
h_06,WBCHIF,0.9748326229964595,-7.335474227840252,69.0,True
h_06,WBDERF,0.9827409799785971,-23.008673343849363,69.0,True
h_06,WBDERK,0.9999999999999999,-23.11360293918331,13.800000190734863,True
h_06,WBENEF,0.9913512665281954,-15.115938228716143,69.0,True
h_06,WBERSF,,,,False
h_06,WBLECF,0.9672781025988845,-12.870325773775843,69.0,True
h_06,WBMATF,0.9851755359476431,-17.77607400440741,69.0,True
h_06,WBNVFF,,,,False
h_06,WBON2E,1.0012761119255715,-14.341280348806336,138.0,True
h_06,WBON2F,,,,False
h_06,WBON3C,,,,False
h_06,WBON3D,1.0128396233193089,-7.887319463127559,345.0,True
h_06,WBON3E,1.0013492682396985,-14.335883531557718,138.0,True
h_06,WBONAF,0.9948456176205396,-19.842391746461008,69.0,True
h_06,WBOPEF,,,,False
h_06,WBPOPF,0.9918031612173763,-9.453292414867603,69.0,True
h_06,WBVISF,0.9862008516492403,-12.943971186170954,69.0,True
h_06,WCABAF,1.01683052191869,-27.397278299155914,69.0,True
h_06,WCALAE,1.0090934868198878,-11.528465510897169,138.0,True
h_06,WCALBE,1.0090934868198878,-11.528465510897169,138.0,True
h_06,WCANAE,,,,True
h_06,WCANAF,,,,True
h_06,WCAPOF,0.9518860501089134,-8.262876022354103,69.0,True
h_06,WCATAF,0.9575272301433744,-9.197002306479439,69.0,True
h_06,WCAYAF,0.9739381553029313,-8.840480979361066,69.0,True
h_06,WCBOHF,0.9951740254347725,-12.193206013516082,69.0,True
h_06,WCBYNF,0.955781396161983,-17.68947504459857,69.0,True
h_06,WCC21E,1.0058250792191044,-13.177706264164646,138.0,True
h_06,WCCA2F,1.0021866184280135,-15.807254922349102,69.0,True
h_06,WCCABF,1.0021116537690113,-15.862598700609182,69.0,True
h_06,WCCARF,0.9558350375813084,-9.166280571327498,69.0,True
h_06,WCCIBF,1.0076910007995348,-21.309935372118346,69.0,True
h_06,WCDAGF,0.9708704959972446,-17.60016266364627,69.0,True
h_06,WCEMEE,1.0065408303021244,-4.198315470342289,138.0,True
h_06,WCENOF,0.9772684800502525,-26.15507658391479,69.0,True
h_06,WCEPPF,,,,False
h_06,WCES1K,1.0199999809265141,-4.2682550344422685,13.800000190734863,True
h_06,WCES2K,1.0199999809265141,-4.2682550344422685,13.800000190734863,True
h_06,WCES3K,1.019999980926514,-4.254028657877935,13.800000190734863,True
h_06,WCESPF,0.9753258556900459,-23.365135620135373,69.0,True
h_06,WCESPK,,,,False
h_06,WCINDF,,,,False
h_06,WCLUIE,1.0012853430960216,-5.488365289005215,138.0,True
h_06,WCNACF,,,,False
h_06,WCNPEE,0.9919358177390107,-8.578271383449747,138.0,True
h_06,WCNSLF,,,,False
h_06,WCOAPE,0.9976894941743335,-5.657932112097723,138.0,True
h_06,WCOCOF,1.0030299620638958,-18.555663305599946,69.0,True
h_06,WCODAF,0.9826970318385349,-26.369235704213843,69.0,True
h_06,WCOHEF,1.018492902584751,-12.801391415805952,69.0,True
h_06,WCONSF,1.0125735788816506,-30.18447698349992,69.0,True
h_06,WCORMF,0.9842263992323005,-23.372095085777598,69.0,True
h_06,WCOTAE,0.9756313548364387,-8.6773142795212,138.0,True
h_06,WCOTBE,0.9756313548364387,-8.6773142795212,138.0,True
h_06,WCOTUF,0.9836522732380397,-27.658960577742366,69.0,True
h_06,WCPVCF,0.9733635652566773,-17.482715325037653,69.0,True
h_06,WCSATF,0.9745835605793285,-17.376147004320387,69.0,True
h_06,WCSO1K,0.9756313548364387,-8.6773142795212,34.5,True
h_06,WCSO2K,0.9756313548364387,-8.6773142795212,34.5,True
h_06,WCSO3K,0.9756313548364387,-8.6773142795212,34.5,True
h_06,WCSOLK,,,,False
h_06,WCTP1D,,,,False
h_06,WCTP2D,,,,False
h_06,WCUMAE,0.9861978599406289,-7.3800141643454165,138.0,True
h_06,WCUMBE,0.9861978599406289,-7.3800141643454165,138.0,True
h_06,WCVEGF,0.9942475959373374,-26.02128523470704,69.0,True
h_06,WCZFSF,1.0170880357418872,-19.462723069461042,69.0,True
h_06,WDAJAE,0.984206035608309,-18.695652686937727,138.0,True
h_06,WDAJAF,,,,False
h_06,WDESPF,0.9605315327756249,-7.475936646329723,69.0,True
h_06,WDISDF,0.9545437189037158,-17.803608733689593,69.0,True
h_06,WDJAOE,0.9726415659450077,-8.749534982067155,138.0,True
h_06,WDJAOF,0.9380920545314875,-12.655686644520166,69.0,True
h_06,WDPEDF,1.0057388114996404,-21.660145903840412,69.0,True
h_06,WDRODF,0.9907738789745721,-15.43850372282709,69.0,True
h_06,WDRODK,0.9972949918551658,-15.457393328549792,12.470000267028809,True
h_06,WDRODM,,,,False
h_06,WDURAF,,,,False
h_06,WDUVEF,0.9852174841124056,-22.351873820696674,69.0,True
h_06,WEABAF,,,,False
h_06,WEBRIE,0.9849589165176705,-8.228550968429094,138.0,True
h_06,WECHIF,0.9714160309008943,-26.042255372892807,69.0,True
h_06,WELJIF,1.0073600364083364,-21.39473309984355,69.0,True
h_06,WEM21K,1.0000000000000004,-8.262156864313551,13.800000190734863,True
h_06,WEMA2E,,,,False
h_06,WEMA2F,,,,False
h_06,WEMA3F,0.9603910801051342,-7.475003052251226,69.0,True
h_06,WEMB2F,,,,False
h_06,WEMB3F,0.9614946112532148,-7.299117115779714,69.0,True
h_06,WEMBAE,0.991289080658458,-9.377543548882366,138.0,True
h_06,WENADE,1.0043049182002728,0.4970461888345634,138.0,True
h_06,WENE4E,1.0071832292299996,-4.120161508549216,138.0,True
h_06,WEPINF,0.9793626737105032,-16.622125462577657,69.0,True
h_06,WERIOF,1.0050372418946587,-28.90218346234871,69.0,True
h_06,WESEIE,0.976549849058674,-7.974498099609877,138.0,True
h_06,WESM3F,,,,False
h_06,WESM3K,,,,False
h_06,WESOCE,1.0024937829417706,-4.6500862813925545,138.0,True
h_06,WESP1E,1.0072957770948998,-15.72883164671866,138.0,True
h_06,WFALCE,1.0013555374239314,-14.335980519546686,138.0,True
h_06,WFALCF,1.005348459517819,-18.935918741721082,69.0,True
h_06,WFALCK,,,,True
h_06,WFALCM,,,,False
h_06,WFANTF,0.9868187109729705,-24.078291465051592,69.0,True
h_06,WFNEGF,,,,False
h_06,WFOCHF,1.012907588221094,-19.742243848360793,69.0,True
h_06,WFOLAF,,,,False
h_06,WGALAF,0.9545912237148264,-8.571538536630175,69.0,True
h_06,WGBOJF,0.9965058314798738,-11.769922908715719,69.0,True
h_06,WGHACF,0.991919949094854,-9.448543284474544,69.0,True
h_06,WGIRAE,1.0082938481237305,-11.149206485003411,138.0,True
h_06,WGIRAK,1.0154753842665214,-11.168441107568722,34.5,True
h_06,WGMALF,0.9859590931176219,-12.36238795602161,69.0,True
h_06,WGNLLE,1.0047482213182288,-15.583774450579373,138.0,True
h_06,WGNLLK,1.0063943582262682,-15.591419495084395,34.5,True
h_06,WGOYAF,0.9977851853904158,-16.818764595265954,69.0,True
h_06,WGPALF,0.9813284755544471,-15.61870384834197,69.0,True
h_06,WGPETF,0.9859272932441183,-12.36984063149648,69.0,True
h_06,WGPLAF,0.9531310081822102,-8.72168037022794,69.0,True
h_06,WGRCHF,0.9512722727893264,-8.90109854964007,69.0,True
h_06,WGRSFF,0.9809703403136205,-26.025710026910584,69.0,True
h_06,WGU1AD,,,,False
h_06,WGU1BD,,,,False
h_06,WGUA2F,0.9950000879232818,-14.9660241916432,69.0,True
h_06,WGUANE,,,,True
h_06,WGUANF,0.9950572693617327,-14.963386972546845,69.0,True
h_06,WGUAVF,0.9764832263474426,-8.778353302957717,69.0,True
h_06,WGUAYE,0.9980446877880026,-16.51232376852838,138.0,True
h_06,WGUAYF,0.9504850285388505,-13.269424256006843,69.0,True
h_06,WGUERD,1.0076048238335353,-6.386824199897817,345.0,True
h_06,WGUERE,0.9994437112946348,-6.2061476083436675,138.0,True
h_06,WGUERF,0.9544173741627624,-10.38631574860247,69.0,True
h_06,WGVEGF,0.9961039448204688,-25.285655984198527,69.0,True
h_06,WHAIBF,1.002271979297088,-11.629433672423563,69.0,True
h_06,WHAINE,0.9974175667054422,-8.85024370644934,138.0,True
h_06,WHAINF,1.002271979297088,-11.629433672423563,69.0,True
h_06,WHAT2K,1.0000000000000002,-26.80615273386731,13.800000190734863,True
h_06,WHATIF,0.9872330140721369,-26.774555549658498,69.0,True
h_06,WHATIK,1.0000000000000007,-26.858129920205116,12.5,True
h_06,WHENUF,,,,False
h_06,WHERRE,0.9937037793588711,-9.584646066062062,138.0,True
h_06,WHGMOE,,,,False
h_06,WHGUEE,,,,False
h_06,WHIGUF,1.017823419094351,-17.855981326920464,69.0,True
h_06,WHJBOF,0.9930662839342482,-25.070453686976002,69.0,True
h_06,WHLINF,,,,False
h_06,WHMA2E,0.9841769841024446,-6.768788380905166,138.0,True
h_06,WHMA2F,0.9725400969417892,-8.32289925088403,69.0,True
h_06,WHMAYF,0.9713910123134816,-8.412696417477022,69.0,True
h_06,WHMSAF,0.9903441018133284,-17.49185563491348,69.0,True
h_06,WHNACF,,,,False
h_06,WHNS1E,0.99148342154194,-7.528726898191866,138.0,True
h_06,WHNS1F,0.9829194658340803,-10.066380306191121,69.0,True
h_06,WHNUEF,0.958488874722259,-17.439575307480744,69.0,True
h_06,WIAANE,1.0005823999456276,-3.8861258380852286,138.0,True
h_06,WIBARF,1.0016696197978314,-15.882626195930994,69.0,True
h_06,WICAEF,0.9969036534628709,-16.09491561160774,69.0,True
h_06,WICNAF,,,,False
h_06,WIDALF,0.9932678643002149,-25.265889979689405,69.0,True
h_06,WIGASE,,,,False
h_06,WIISAF,0.9579468021342418,-7.638156889796281,69.0,True
h_06,WIMB2F,1.008541750167389,-22.372013594622917,69.0,True
h_06,WIMBEF,1.007116611733174,-22.441237988374606,69.0,True
h_06,WINCAF,0.9745588838104478,-17.426469547672077,69.0,True
h_06,WINCAK,1.0,-18.190314642540958,12.470000267028809,True
h_06,WINVBF,0.9759784464692639,-10.683505766313818,69.0,True
h_06,WINVIF,0.9512830618374299,-8.906459659496411,69.0,True
h_06,WIPSIF,,,,False
h_06,WITA1E,0.9988999048001027,-8.683562664853243,138.0,True
h_06,WJARAF,0.9957823650479172,-27.756758208510107,69.0,True
h_06,WJDOLE,1.004067272713744,-4.865461337878597,138.0,True
h_06,WJIBPE,0.9807244618420496,-22.87414209696351,69.0,True
h_06,WJIGBE,1.0023993536229434,-10.349584375739234,138.0,True
h_06,WJIGUE,1.0023993536229434,-10.349584375739234,138.0,True
h_06,WJIMEF,0.9965509345458473,-27.72202674556322,69.0,True
h_06,WJSAUD,1.0180802496852241,-6.004405743301211,345.0,True
h_06,WJSAUE,,,,False
h_06,WKDMBF,0.9905008700868796,-12.565635908733597,69.0,True
h_06,WKDMEF,0.9816109208861556,-12.949666910237474,69.0,True
h_06,WKINDF,0.9959431133687002,-16.70733171742777,69.0,True
h_06,WKQA1F,0.9956541085987858,-15.529278505503745,69.0,True
h_06,WKQAZE,1.010363860088109,-12.481821318874637,138.0,True
h_06,WKVEIF,,,,False
h_06,WLALFF,,,,False
h_06,WLANGE,0.9978885803458374,-16.689146084003717,138.0,True
h_06,WLBARF,,,,False
h_06,WLCALF,0.9580503440455913,-9.01370136157485,69.0,True
h_06,WLCBOF,0.9902047835041852,-21.47480346462683,69.0,True
h_06,WLCOCK,1.009974696063605,-13.498819102236988,34.5,True
h_06,WLCUAF,0.9565258525624049,-7.797409083335784,69.0,True
h_06,WLDAMF,0.985793354690722,-22.40247621491461,69.0,True
h_06,WLDAMK,0.9999999999999999,-23.766829463689486,12.5,True
h_06,WLDIAF,0.9918009627763058,-9.453381678656598,69.0,True
h_06,WLGALE,0.9963585843379965,-16.690733927313246,138.0,True
h_06,WLGU2K,1.0134252090151192,-16.543855221083938,34.5,True
h_06,WLGUZE,1.0134252090151192,-16.543855221083938,138.0,True
h_06,WLGUZK,1.013412845843948,-16.5451293030344,34.5,True
h_06,WLISAE,0.991834652455577,-8.792378538528288,138.0,True
h_06,WLLAGF,,,,False
h_06,WLMFAF,0.9824813559742009,-16.293058914540257,69.0,True
h_06,WLMI5E,0.9914499816490717,-7.8299749012422355,138.0,True
h_06,WLMI6E,0.9914507251110453,-7.8307767597140545,138.0,True
h_06,WLMI7E,0.9915929186013849,-7.77828068461254,138.0,True
h_06,WLMI7K,1.0,-7.7888061963313735,13.800000190734863,True
h_06,WLMINE,0.9914215351740392,-7.829544334245313,138.0,True
h_06,WLMINF,0.9565840059678201,-8.03588072718322,69.0,True
h_06,WLORIE,1.0054597577719881,-4.527654678477881,138.0,True
h_06,WLORIK,1.049000024795532,-4.60797713637705,12.470000267028809,True
h_06,WLPARF,0.952475623291366,-10.591005257336118,69.0,True
h_06,WLPENF,0.993026069268349,-24.08190210590014,69.0,True
h_06,WLPRAE,0.9917851355310916,-9.529195613905273,138.0,True
h_06,WLROME,0.9812236078882115,-8.203442610906004,138.0,True
h_06,WLROMF,0.9850547559128323,-12.109377666341556,69.0,True
h_06,WLRPUF,0.9809951488133801,-12.597166628828242,69.0,True
h_06,WLTORF,0.9972660198018085,-15.20151225081396,69.0,True
h_06,WLUCIF,1.002180553035703,-14.826326813538302,69.0,True
h_06,WLUPEF,1.0012398533390432,-23.020320420670927,69.0,True
h_06,WLVEGF,0.9943462758036256,-26.016134821836882,69.0,True
h_06,WLVICE,0.9915859310150275,-7.530179033818611,138.0,True
h_06,WLVICK,0.9915859310150275,-7.530179033818611,34.5,True
h_06,WLVPEF,0.9955796937845711,-26.32403375503382,69.0,True
h_06,WMAGUF,0.9943422017799509,-15.365758900629409,69.0,True
h_06,WMAIMF,0.9860600118817646,-22.91199205017359,69.0,True
h_06,WMARAF,0.9626050431850677,-10.112658151851448,69.0,True
h_06,WMARAK,0.9626050431850677,-10.112658151851448,13.800000190734863,True
h_06,WMARTF,0.9381615186557285,-12.656845887033853,69.0,True
h_06,WMARTK,0.9381615186557285,-12.656845887033853,34.5,True
h_06,WMAT1E,0.9713264507400093,-26.079944827826704,138.0,True
h_06,WMATAE,0.9926137149454083,-9.138911280750724,138.0,True
h_06,WMATBE,0.9926137149454083,-9.138911280750724,138.0,True
h_06,WMEGAF,0.9556696190457947,-8.072633470173892,69.0,True
h_06,WMERCF,0.9859272932441183,-12.36984063149648,69.0,True
h_06,WMETAE,0.9925970372704918,-9.140185379752758,138.0,True
h_06,WMETAK,0.9900000095367432,-9.472379099859806,13.199999809265137,True
h_06,WMETBF,0.9919452700278095,-9.44617949068071,69.0,True
h_06,WMETEE,0.9987085963119235,-8.733755960914584,138.0,True
h_06,WMETEF,0.9966299866253996,-11.739426016201648,69.0,True
h_06,WMETRE,0.9931944323867935,-8.653445878915868,138.0,True
h_06,WMETRF,0.9919452700278095,-9.44617949068071,69.0,True
h_06,WMIR1E,0.9996011275312593,-6.2068827059461675,138.0,True
h_06,WMIRAK,0.9996011275312593,-6.2068827059461675,34.5,True
h_06,WMLTPF,0.9943247489844379,-11.963515703057404,69.0,True
h_06,WMOCAE,0.9838890872172382,-19.406432828615802,138.0,True
h_06,WMOCAF,0.9834881001917649,-24.490230629882014,69.0,True
h_06,WMONCE,0.9928139602653511,-18.205926823524106,138.0,True
h_06,WMONTE,0.9874054966236652,-17.911942412453485,138.0,True
h_06,WMOZAF,0.9601331902560488,-7.637804349791331,69.0,True
h_06,WMP2AE,0.9999003162646825,-6.208279440814262,138.0,True
h_06,WMP2BE,0.9999003162646825,-6.208279440814262,138.0,True
h_06,WMPALF,0.952544075801522,-10.590089891132443,69.0,True
h_06,WMPALK,0.952544075801522,-10.590089891132443,34.5,True
h_06,WMPL1D,,,,False
h_06,WMPL2D,,,,False
h_06,WMPLAF,0.8416307493352093,-20.731358896455248,69.0,True
h_06,WMPSOE,,,,False
h_06,WMPSOF,0.8416307652450525,-20.73135919496205,69.0,True
h_06,WMPSOK,0.8416307652450525,-20.73135919496205,20.0,True
h_06,WMRI2E,1.009690712373849,-12.506997318486505,138.0,True
h_06,WMTFNE,1.0220716961914023,-11.41711714818592,138.0,True
h_06,WMTFNK,1.0668803147023935,-11.464419586962356,34.5,True
h_06,WMULTF,0.9578908548364315,-7.640134793257793,69.0,True
h_06,WMVCIF,1.0080505787529392,-21.364467190341454,69.0,True
h_06,WMVIEF,0.9987839779613035,-17.015883389947845,69.0,True
h_06,WNAG2E,0.97232381701468,-25.86397484061673,138.0,True
h_06,WNAG2F,,,,True
h_06,WNAGUF,0.971126241290436,-28.552217805265894,69.0,True
h_06,WNARAD,0.99947195961523,-11.896286135126923,345.0,True
h_06,WNARAE,,,,False
h_06,WNAV2E,1.006693393579998,-15.881698082123341,138.0,True
h_06,WNAVAF,0.9934488108374687,-22.46447816690376,69.0,True
h_06,WNEYBF,0.9614256466955183,-23.583948875049586,69.0,True
h_06,WNIBAE,0.9952769281262857,-16.911589808547006,138.0,True
h_06,WNOVOF,0.9920858734523221,-11.939142331121353,69.0,True
h_06,WOFALF,1.018501973812364,-12.801797045792243,69.0,True
h_06,WOJIVF,0.9998092475542201,-11.69944828869423,69.0,True
h_06,WPAK0E,,,,False
h_06,WPAK2E,1.0093284262667697,-12.504947137774245,138.0,True
h_06,WPAK5E,1.0093284262667697,-12.504947137774245,138.0,True
h_06,WPAK6E,1.0093284262667697,-12.504947137774245,138.0,True
h_06,WPAL1E,0.9969490631410147,-9.56113397275811,138.0,True
h_06,WPALAF,0.9813284755544471,-15.61870384834197,69.0,True
h_06,WPALBE,1.0156456168941135,-10.245698283766387,138.0,True
h_06,WPALBF,0.9971195825877984,-11.569823498881778,69.0,True
h_06,WPALEE,1.0156456168941135,-10.245698283766387,138.0,True
h_06,WPAQ1K,1.0499999523162842,-12.830679292970224,4.159999847412109,True
h_06,WPARAE,0.9948362211215052,-8.694589401836758,138.0,True
h_06,WPAYAE,,,,False
h_06,WPAYBE,,,,False
h_06,WPAYIF,0.9833285888787275,-29.561662758330396,69.0,True
h_06,WPBAJF,0.9988812527278093,-28.069076229510706,69.0,True
h_06,WPBBAE,,,,False
h_06,WPBLAD,,,,False
h_06,WPCA1K,1.0499999523162842,0.0,22.0,True
h_06,WPCA2K,1.049999952316284,2.604678252818868,22.0,True
h_06,WPCATE,,,,False
h_06,WPCGLF,0.9692405238044357,-17.681454940804176,69.0,True
h_06,WPCIBF,0.9636944645157002,-8.414924562063337,69.0,True
h_06,WPDISF,,,,False
h_06,WPDIVF,0.9730350511439322,-16.269213184177538,69.0,True
h_06,WPDORE,,,,True
h_06,WPDORF,1.0245914371045988,-23.468482815762844,69.0,True
h_06,WPEBPE,1.0114775393411937,-13.643776393781858,138.0,True
h_06,WPERAE,1.0090938234378275,-11.528467067582879,138.0,True
h_06,WPERBE,1.0090938234378275,-11.528467067582879,138.0,True
h_06,WPES1K,1.0090938234378275,-11.528467067582879,34.5,True
h_06,WPES2K,1.0090938234378275,-11.528467067582879,34.5,True
h_06,WPFLEF,,,,False
h_06,WPFMSK,0.9980446877880026,-16.51232376852838,20.0,True
h_06,WPGARF,1.0179266405733447,-22.967965533472185,69.0,True
h_06,WPHAIF,1.0021157468178725,-11.641757211000126,69.0,True
h_06,WPIDUF,0.9749113633616023,-17.234707436598878,69.0,True
h_06,WPIISF,,,,False
h_06,WPIMCF,1.0098163097229698,-19.994345714801664,69.0,True
h_06,WPIMEE,0.9910140585354168,-22.266608763190366,138.0,True
h_06,WPIMEF,0.9920039690863262,-27.9351282151482,69.0,True
h_06,WPINAF,1.0294118865522377,-19.350183087680414,69.0,True
h_06,WPIZAE,1.0074716568270068,-11.140953112150209,138.0,True
h_06,WPIZAF,1.0021829802658764,-14.826129894683264,69.0,True
h_06,WPIZBF,,,,False
h_06,WPLASF,0.9911618814289846,-12.001994982158774,69.0,True
h_06,WPLCCF,0.9788754795373332,-16.19527456075747,69.0,True
h_06,WPLINF,0.9858395200284973,-17.123498582749804,69.0,True
h_06,WPLM1E,1.0121634391044096,-13.239782316504893,138.0,True
h_06,WPLM1K,1.0199999809265137,-13.295277501642346,13.800000190734863,True
h_06,WPLM2K,1.0199999809265134,-13.324067015029803,13.800000190734863,True
h_06,WPP22E,1.0134976880977953,-17.538424071034584,138.0,True
h_06,WPPELF,1.0246944305454568,-23.415093135260218,69.0,True
h_06,WPPL2F,,,,True
h_06,WPPLAF,1.0292965244567016,-21.94327823287535,69.0,True
h_06,WPPLBF,,,,False
h_06,WPPLIF,0.9924034199122412,-22.51938089200474,69.0,True
h_06,WPPRIF,1.0075881842746957,-21.384145241756986,69.0,True
h_06,WPSCEF,0.9845970743704404,-17.852971300064265,69.0,True
h_06,WPSESK,,,,False
h_06,WPVIEE,,,,False
h_06,WQ1SPK,1.0,-14.197127770986343,13.800000190734863,True
h_06,WQCORF,0.9923129932496694,-15.701596554943514,69.0,True
h_06,WQU11D,1.0093569493100591,-14.11307898338754,230.0,True
h_06,WQU12K,0.9999999999999997,-14.200758596294365,13.800000190734863,True
h_06,WQU21D,1.0093569493100591,-14.11307898338754,230.0,True
h_06,WQU21K,0.9999999999999997,-14.200758596294365,13.800000190734863,True
h_06,WQUINF,1.004442668151947,-20.894446542408357,69.0,True
h_06,WQUISD,,,,True
h_06,WQUISE,,,,False
h_06,WRARRF,0.989655712114874,-21.546123433132877,69.0,True
h_06,WRBL1K,,,,False
h_06,WRBL2K,,,,False
h_06,WRBLAF,1.0208414984016863,-18.2715267641675,69.0,True
h_06,WRCHAF,0.988752015125256,-14.13921062351548,69.0,True
h_06,WREFIF,0.9954595360916644,-11.856685425340535,69.0,True
h_06,WRINCF,0.9896464186456709,-23.78420146205758,69.0,True
h_06,WRNUEF,0.9893753861007104,-23.79996991292261,69.0,True
h_06,WRPELF,0.9479251070628784,-13.324292365687304,69.0,True
h_06,WRSJUE,0.9688360136095375,-26.339507855596885,138.0,True
h_06,WRZMOK,,,,False
h_06,WSABAF,1.0012967151220538,-14.434790287734549,69.0,True
h_06,WSAJ1E,1.001827152845487,-15.421951655533356,138.0,True
h_06,WSALCE,0.9806232203011209,-20.630341579918408,138.0,True
h_06,WSALIF,0.9898195405053931,-19.0698524758076,69.0,True
h_06,WSAMAE,0.9570261076642551,-27.887552141300098,138.0,True
h_06,WSANCE,0.9618890318425685,-27.39542174229346,138.0,True
h_06,WSANTE,1.0075800280684772,-11.14204160489487,138.0,True
h_06,WSANTK,1.0075800280684772,-11.14204160489487,34.5,True
h_06,WSCANF,0.9820813414242604,-16.752884312949874,69.0,True
h_06,WSCANK,0.9820813414242604,-16.752884312949874,34.5,True
h_06,WSCNOE,0.9984092541695385,-10.214372297482829,138.0,True
h_06,WSESTE,1.0056208089969847,-4.459707964051328,138.0,True
h_06,WSFELE,,,,True
h_06,WSFMAE,0.980160120913174,-22.431217793468537,138.0,True
h_06,WSFMAF,0.9783754227741717,-25.466212168251158,69.0,True
h_06,WSIBBE,0.9993199636394895,-2.993330618643628,138.0,True
h_06,WSJMAF,0.9941101303722087,-21.086674368363145,69.0,True
h_06,WSJOCF,0.9887107985621041,-19.134129328914753,69.0,True
h_06,WSJU2E,1.0064328903285864,-13.523173053651236,138.0,True
h_06,WSJU2F,0.996659722443983,-14.858992584044861,69.0,True
h_06,WSJUAF,0.9939267956656521,-15.043312033208803,69.0,True
h_06,WSKAPF,0.9859630006000663,-12.368059301231963,69.0,True
h_06,WSLCOE,,,,False
h_06,WSLORK,0.9999999999999999,-8.680951438831025,13.800000190734863,True
h_06,WSMARF,0.9735752500948062,-8.339959379789384,69.0,True
h_06,WSODOF,0.9987739260989179,-17.016882467360322,69.0,True
h_06,WSOSUF,1.0245740361875164,-26.579109202263524,69.0,True
h_06,WSPB1K,1.0499999523162842,-4.517540158625004,13.800000190734863,True
h_06,WSPBEE,1.0067184465430838,-4.306213211154506,138.0,True
h_06,WSPERF,0.930809995859457,-13.298743335511935,69.0,True
h_06,WSPEVF,,,,False
h_06,WSPM2E,1.0071832292299996,-4.120161508549216,138.0,True
h_06,WSPMAE,1.0048075847709876,-4.594757946653134,138.0,True
h_06,WSPMAF,0.9962858869497997,-8.396117113454839,69.0,True
h_06,WSPMBE,1.0048075847709876,-4.594757946653134,138.0,True
h_06,WSPRIF,0.9064896507048534,-15.008462289362127,69.0,True
h_06,WSRODE,0.9842398435637216,-18.952891433358072,138.0,True
h_06,WSYASF,1.0123882577522287,-27.82503165610043,69.0,True
h_06,WSYEGF,0.995265442893449,-14.955874289960528,69.0,True
h_06,WTAAGK,,,,False
h_06,WTAAVK,,,,False
h_06,WTAG1K,,,,False
h_06,WTAG2K,,,,False
h_06,WTAMAF,0.9820235003958091,-10.080642240101453,69.0,True
h_06,WTANOK,,,,False
h_06,WTAV1K,1.0,-16.729548416952454,13.800000190734863,True
h_06,WTAVBE,,,,False
h_06,WTBA1K,,,,False
h_06,WTBA2K,,,,False
h_06,WTCE1K,,,,False
h_06,WTCE2K,,,,False
h_06,WTCEMK,,,,False
h_06,WTDAJK,,,,False
h_06,WTEMPF,0.9548598848688246,-8.074451063447906,69.0,True
h_06,WTESAK,,,,False
h_06,WTFA1K,,,,False
h_06,WTFA2K,,,,False
h_06,WTFA3K,,,,False
h_06,WTHAGK,,,,False
h_06,WTHAIF,0.9800394017922739,-10.320492964416859,69.0,True
h_06,WTIM2E,0.9905210561588272,-8.15585126690699,138.0,True
h_06,WTIM2F,0.9611562860025338,-7.395377575142605,69.0,True
h_06,WTIMBF,0.9605315327756249,-7.475936646329723,69.0,True
h_06,WTIREF,1.009009514579446,-29.698919737417988,69.0,True
h_06,WTIT1K,,,,False
h_06,WTIT2K,,,,False
h_06,WTJI1K,,,,False
h_06,WTJI2K,,,,False
h_06,WTJIMK,,,,False
h_06,WTLANK,,,,False
h_06,WTMAGK,,,,False
h_06,WTMBBF,,,,True
h_06,WTMI5K,,,,False
h_06,WTMI6K,,,,False
h_06,WTMNTK,,,,False
h_06,WTMONK,,,,False
h_06,WTMR1K,,,,False
h_06,WTMR2K,,,,False
h_06,WTNNAK,,,,False
h_06,WTORGF,1.01958527773988,-12.58035740178223,69.0,True
h_06,WTPA1K,,,,False
h_06,WTPG1K,,,,False
h_06,WTPG2K,,,,False
h_06,WTPG3K,,,,False
h_06,WTPI1K,,,,False
h_06,WTPI2K,,,,False
h_06,WTRINK,,,,False
h_06,WTRJCK,,,,False
h_06,WTROQF,1.0123512673663544,-20.946527843833152,69.0,True
h_06,WTSABK,,,,False
h_06,WTSE1K,,,,False
h_06,WTSFVK,,,,False
h_06,WTSPVK,,,,False
h_06,WTSYEK,,,,False
h_06,WTTA1K,,,,False
h_06,WTTA2K,,,,False
h_06,WTTITF,0.9600901688613945,-7.48548459290064,69.0,True
h_06,WTTO1K,,,,False
h_06,WTVA1K,,,,False
h_06,WTVA2K,,,,False
h_06,WTVE1K,,,,False
h_06,WTZFPF,,,,False
h_06,WUASDE,0.9924889826885236,-8.89168180507084,138.0,True
h_06,WUMEDF,0.9846183305850069,-17.8513647038347,69.0,True
h_06,WVALBE,1.002737777522362,-10.48975781093329,138.0,True
h_06,WVALDE,1.002737777522362,-10.48975781093329,138.0,True
h_06,WVALLF,0.9950118880466309,-15.02076075201057,69.0,True
h_06,WVALTF,0.9545087550883967,-18.367075369239156,69.0,True
h_06,WVDU1E,,,,True
h_06,WVDUAF,,,,False
h_06,WVILAE,,,,False
h_06,WVILLF,0.9932619641407047,-15.289113057104512,69.0,True
h_06,WVMAOE,0.9947102619708745,-17.602659069618294,138.0,True
h_06,WVMELE,0.9882892846028919,-9.027246885234948,138.0,True
h_06,WVNOBF,0.9728218131226164,-17.314540175569718,69.0,True
h_06,WVOLGF,0.9847354038318501,-17.845945093423857,69.0,True
h_06,WX1PAK,,,,False
h_06,WXABIF,0.9915712951527511,-22.560274084095422,69.0,True
h_06,WXABRF,1.001189653841071,-15.85351356651579,69.0,True
h_06,WXAD2F,1.0002742276084877,-16.149288566510194,69.0,True
h_06,WXADOF,1.0004603345937897,-16.271415318902708,69.0,True
h_06,WXAHGF,0.9742185595209277,-15.847309173837386,69.0,True
h_06,WXAHMF,0.9853954696425948,-26.22362525229059,69.0,True
h_06,WXAISF,0.9979697747876519,-16.811350071602824,69.0,True
h_06,WXALDF,1.0195283158185313,-12.588940611584192,69.0,True
h_06,WXALIF,0.9764832112748603,-15.7742901840117,69.0,True
h_06,WXAORF,0.9744158715293089,-10.168078639721557,69.0,True
h_06,WXAPFF,1.015072917571345,-19.595340119157356,69.0,True
h_06,WXAPPF,1.0286060253117986,-25.54145460785153,69.0,True
h_06,WXAQUF,,,,False
h_06,WXARDF,1.0005567110876772,-16.332417253907156,69.0,True
h_06,WXASOF,1.0282579937143286,-26.214143434205816,69.0,True
h_06,WXBA1F,,,,False
h_06,WXBA2F,,,,True
h_06,WXBASF,0.9654086637497314,-10.161776157654824,69.0,True
h_06,WXBAYF,,,,False
h_06,WXBDEF,0.9825943451997257,-23.014509892388197,69.0,True
h_06,WXBLEF,0.9672683776705472,-12.868504851797123,69.0,True
h_06,WXBMAF,0.9861127031569542,-17.73923741219779,69.0,True
h_06,WXBOHF,0.995289341642482,-12.185582047716078,69.0,True
h_06,WXBPEF,1.001438315785554,-19.528023271036588,69.0,True
h_06,WXCA1K,1.0090934868198878,-11.528465510897169,34.5,True
h_06,WXCABF,0.959345601963071,-17.386546690918802,69.0,True
h_06,WXCANF,,,,False
h_06,WXCARF,0.982466338320756,-12.85645567288625,69.0,True
h_06,WXCATF,0.9662345632600674,-8.612722726613246,69.0,True
h_06,WXCB2F,,,,False
h_06,WXCBAF,0.9910288930596822,-12.259508657334893,69.0,True
h_06,WXCC1E,,,,False
h_06,WXCC3E,,,,False
h_06,WXCCOF,1.000544336644524,-16.333506246534768,69.0,True
h_06,WXCDAF,0.9708960354392575,-17.59881592164616,69.0,True
h_06,WXCDLF,0.9827128657352446,-26.368536370946746,69.0,True
h_06,WXCENF,0.978523032548346,-26.099429320340533,69.0,True
h_06,WXCHAF,0.988752015125256,-14.13921062351548,69.0,True
h_06,WXCIGF,0.9959911921739036,-8.40696171137765,69.0,True
h_06,WXCINF,0.954700030567365,-18.358870277249604,69.0,True
h_06,WXCNAF,0.9904620276003722,-8.517801051635585,69.0,True
h_06,WXCOCF,,,,False
h_06,WXCODF,0.9919452700278095,-9.44617949068071,69.0,True
h_06,WXCORF,0.9855269437568827,-23.29467795028886,69.0,True
h_06,WXCSAF,0.9746325466999429,-17.365849865140568,69.0,True
h_06,WXCTAF,0.9943855444259653,-23.643678114709203,69.0,True
h_06,WXCU1K,0.9858906847236795,-7.381393328041872,34.5,True
h_06,WXCU2K,0.9858906847236795,-7.381393328041872,34.5,True
h_06,WXCU4K,0.9858906847236795,-7.381393328041872,34.5,True
h_06,WXDBRF,0.9959911921739036,-8.40696171137765,69.0,True
h_06,WXDISF,0.9550647952545307,-17.754409209954925,69.0,True
h_06,WXDROF,0.9901527194584692,-15.516406785904593,69.0,True
h_06,WXDURF,,,,False
h_06,WXEANF,1.0149073393606967,-19.603319305460342,69.0,True
h_06,WXECHF,0.9744680056570731,-25.788770930158634,69.0,True
h_06,WXES2K,,,,False
h_06,WXES3K,,,,False
h_06,WXESPF,0.9756229463055188,-23.35067810421306,69.0,True
h_06,WXEV4K,1.0199999809265137,-4.141758016526211,13.800000190734863,True
h_06,WXGALF,0.9546012087612263,-8.571126408143778,69.0,True
h_06,WXGAVF,0.9769766270885671,-8.779687414346563,69.0,True
h_06,WXGBOF,0.9965058314798738,-11.769922908715719,69.0,True
h_06,WXGOYF,0.9979697747876519,-16.811350071602824,69.0,True
h_06,WXGPLF,0.9531310081822102,-8.72168037022794,69.0,True
h_06,WXGRCF,,,,False
h_06,WXGRMF,0.9602524021295348,-10.020713172543587,69.0,True
h_06,WXGRSF,0.9809782003931792,-26.02540774317872,69.0,True
h_06,WXGU2F,0.995019663721478,-14.964583052577295,69.0,True
h_06,WXHACF,0.9919270641543305,-9.447901176766347,69.0,True
h_06,WXHE1F,1.0196141336871047,-12.571414908051931,69.0,True
h_06,WXHE2F,,,,False
h_06,WXHHIF,0.9953783816912681,-8.420560472147644,69.0,True
h_06,WXHJBF,0.9930764760270121,-25.07015913025326,69.0,True
h_06,WXHMSF,0.9903574924108537,-17.490941121323704,69.0,True
h_06,WXHNAF,,,,False
h_06,WXHNUF,0.9588969538913448,-17.42234033946607,69.0,True
h_06,WXIBAF,1.001673508594311,-15.8824723868652,69.0,True
h_06,WXICAF,0.9969073454006089,-16.09477805061949,69.0,True
h_06,WXICNF,,,,False
h_06,WXIDAF,0.9932742270752866,-25.265416874015784,69.0,True
h_06,WXIDUF,0.9749113633616023,-17.234707436598878,69.0,True
h_06,WXIISF,0.9579497769418348,-7.638039892536548,69.0,True
h_06,WXIMBF,1.0080345320852988,-22.39342687630413,69.0,True
h_06,WXINAF,0.958564351172706,-7.615443514437671,69.0,True
h_06,WXINDF,0.9949985242915325,-25.71655215234415,69.0,True
h_06,WXINVF,0.951397703255154,-8.895672787989234,69.0,True
h_06,WXIPRF,,,,False
h_06,WXIPSF,0.9749113633616023,-17.234707436598878,69.0,True
h_06,WXJIMF,0.9965509345458473,-27.72202674556322,69.0,True
h_06,WXJINF,0.9852174841124056,-22.351873820696674,69.0,True
h_06,WXKINF,0.9969114228384642,-16.643538768806486,69.0,True
h_06,WXKVEF,0.9586965995723452,-9.502564900438431,69.0,True
h_06,WXLADF,0.9558766886021095,-9.16487601935139,69.0,True
h_06,WXLALF,,,,False
h_06,WXLC1E,1.009989350999331,-13.495402238914624,138.0,True
h_06,WXLCAF,0.9580503440455913,-9.01370136157485,69.0,True
h_06,WXLCBF,0.992885356698999,-21.360566582271364,69.0,True
h_06,WXLFAF,0.9871129027293721,-17.540282888327056,69.0,True
h_06,WXLPAF,0.9524944484221187,-10.58927421502094,69.0,True
h_06,WXLPEF,0.993026069268349,-24.08190210590014,69.0,True
h_06,WXLUCK,1.0020850075482095,-14.828085286983583,34.5,True
h_06,WXLULF,1.0021829802658764,-14.826129894683264,69.0,True
h_06,WXLUPF,,,,True
h_06,WXMAGF,0.9943422017799509,-15.365758900629409,69.0,True
h_06,WXMAIF,0.9863339812813989,-22.895756383014508,69.0,True
h_06,WXMALF,0.986216869546192,-12.349479165824414,69.0,True
h_06,WXMARF,0.962585450231683,-10.112336863117536,69.0,True
h_06,WXMATK,0.9713264507400093,-26.079944827826704,34.5,True
h_06,WXMEGF,0.9558276573701228,-8.05971355635296,69.0,True
h_06,WXMETE,,,,False
h_06,WXMETF,0.9965058314798738,-11.769922908715719,69.0,True
h_06,WXMOZF,,,,False
h_06,WXMPAF,0.9526373274353988,-10.563518529696708,69.0,True
h_06,WXMPGK,,,,False
h_06,WXMPSF,0.8416307493352093,-20.731358896455248,69.0,True
h_06,WXMV2F,0.9987839779613035,-17.015883389947845,69.0,True
h_06,WXMVAF,,,,False
h_06,WXNAGF,,,,False
h_06,WXNOVF,0.9913375439595369,-11.99391338116526,69.0,True
h_06,WXOC2F,1.0142272258549314,-19.65311661247703,69.0,True
h_06,WXOFAF,1.018502770777186,-12.801700622378995,69.0,True
h_06,WXOLVF,0.9992429394160285,-21.6149000682758,69.0,True
h_06,WXPA1K,1.0000000000000002,-12.600472465200323,11.0,True
h_06,WXPA3K,1.0,-12.588544654430434,15.0,True
h_06,WXPA4K,1.0,-12.575793881894391,11.0,True
h_06,WXPC2F,0.9636944645157002,-8.414924562063337,69.0,True
h_06,WXPCGF,0.9692405238044357,-17.681454940804176,69.0,True
h_06,WXPCIF,0.96818205163331,-7.9731779651824715,69.0,True
h_06,WXPETF,0.9860998958968686,-12.35774862576741,69.0,True
h_06,WXPFLF,1.019596958869106,-12.57686802175927,69.0,True
h_06,WXPFSK,1.001827152845487,-15.421951655533356,34.5,True
h_06,WXPGAF,1.0179545767524676,-22.96662238457754,69.0,True
h_06,WXPGMF,1.0021829802658764,-14.826129894683264,69.0,True
h_06,WXPHAF,1.0021387108304263,-11.640763806543236,69.0,True
h_06,WXPI4K,1.0,-22.32013512746773,13.800000190734863,True
h_06,WXPIDF,1.0021829802658764,-14.826129894683264,69.0,True
h_06,WXPINF,,,,False
h_06,WXPLCF,0.9789690735745761,-16.18585034741713,69.0,True
h_06,WXPPEF,1.0246944305454568,-23.415093135260218,69.0,True
h_06,WXPPLF,,,,False
h_06,WXPPRF,1.007609072822603,-21.38337195572063,69.0,True
h_06,WXPS1K,1.0072957770948998,-15.72883164671866,34.5,True
h_06,WXPY1K,,,,False
h_06,WXQAZF,,,,False
h_06,WXQCOF,0.9923129932496694,-15.701596554943514,69.0,True
h_06,WXRARF,0.9926352111178781,-21.37570921984078,69.0,True
h_06,WXRIEF,,,,False
h_06,WXRINF,0.9922281149059974,-23.552106214603363,69.0,True
h_06,WXSADF,,,,False
h_06,WXSESE,1.0057209577854977,-4.460643469540263,138.0,True
h_06,WXSESF,0.9942790673452588,-8.574482866104262,69.0,True
h_06,WXSI1K,1.0000000000000002,-2.998654155254897,13.800000190734863,True
h_06,WXSODF,0.9987792520475312,-17.0163631933838,69.0,True
h_06,WXSOSF,1.0245740361875164,-26.579109202263524,69.0,True
h_06,WXSPRF,0.9064896507048534,-15.008462289362127,69.0,True
h_06,WXSYEF,0.9948642682529045,-15.024062224810912,69.0,True
h_06,WXTAMF,0.9554898328073829,-8.069379757708216,69.0,True
h_06,WXTDAF,0.9377760704955045,-12.683735827765803,69.0,True
h_06,WXTH1F,0.9800392096579428,-10.320489895256962,69.0,True
h_06,WXTH2F,0.9800393131464569,-10.320491548385826,69.0,True
h_06,WXTISF,1.0015916444327861,-16.771542159248284,69.0,True
h_06,WXTREFF,0.9954595360916644,-11.856685425340535,69.0,True
h_06,WXTROF,1.0123677955058394,-20.945820740928177,69.0,True
h_06,WXTTIF,0.9600901688613945,-7.48548459290064,69.0,True
h_06,WXVALF,0.9545087550883967,-18.367075369239156,69.0,True
h_06,WXVILF,0.9932619641407047,-15.289113057104512,69.0,True
h_06,WXVL1K,,,,False
h_06,WXWC2K,0.9999003162646825,-6.208279440814262,34.5,True
h_06,WXWC3K,0.9999003162646825,-6.208279440814262,34.5,True
h_06,WXYAGF,0.9964254669207749,-16.216704705214223,69.0,True
h_06,WXZAMF,0.9558766886021095,-9.16487601935139,69.0,True
h_06,WXZFBF,,,,False
h_06,WXZFHF,,,,False
h_06,WXZFNF,,,,False
h_06,WXZGUF,1.0070890993949104,-21.810082749376182,69.0,True
h_06,WXZHAF,0.9510255012913253,-8.923294071996164,69.0,True
h_06,WXZISF,,,,False
h_06,WXZPPF,,,,False
h_06,WXZSPF,0.991968145571234,-8.853239466272314,69.0,True
h_06,WYAGUF,0.9964254669207749,-16.216704705214223,69.0,True
h_06,WYAMAF,0.8647592130543624,-18.509024642108866,69.0,True
h_06,WZFALF,,,,False
h_06,WZFAMF,,,,False
h_06,WZFBAF,,,,False
h_06,WZFDRF,,,,False
h_06,WZFESF,,,,False
h_06,WZFGIF,,,,False
h_06,WZFGUF,,,,False
h_06,WZFISF,,,,False
h_06,WZFLIF,,,,False
h_06,WZFMCF,,,,False
h_06,WZFPPF,,,,False
h_06,WZFS2F,,,,False
h_06,WZFSAE,,,,False
h_06,WZFSAF,,,,False
h_06,WZFSFF,,,,False
h_06,WZFSIF,,,,False
h_06,WZFSPF,,,,False
h_06,WZFVAF,,,,False
h_06,WZFVEF,,,,False
h_06,WZHAIF,0.9510256782166735,-8.923300983697136,69.0,True
h_06,ZXOJIF,,,,False
h_07,WAANDE,1.0048021121731991,1.0247414962900978,138.0,True
h_07,WABCOF,0.9997215623737339,-16.399126901700882,69.0,True
h_07,WABISF,0.9948215742459078,-21.36530720912198,69.0,True
h_07,WABRUF,0.9501079967695486,-8.184753966684696,69.0,True
h_07,WACIBF,1.012218958897166,-18.943554313841076,69.0,True
h_07,WACLAE,1.0130869796560729,-13.372411143728076,138.0,True
h_07,WACLAK,1.01455137374377,-13.37949765372272,34.5,True
h_07,WADMIF,,,,False
h_07,WADOMF,1.0206399654740888,-11.428734909329291,69.0,True
h_07,WAGUAE,1.0042458378620707,-8.943960570167938,138.0,True
h_07,WAGUBE,1.0042458378620707,-8.943960570167938,138.0,True
h_07,WAHMIF,0.9846641085871405,-26.840376960935902,69.0,True
h_07,WAHO1E,0.9937250637050057,-8.066460012246614,138.0,True
h_07,WAHO2E,0.9937250637050057,-8.066460012246614,138.0,True
h_07,WAHOBF,0.991908050328072,-10.888823293904595,69.0,True
h_07,WAHONF,0.991908050328072,-10.888823293904595,69.0,True
h_07,WAIAMF,,,,False
h_07,WAIAZF,,,,False
h_07,WAIBAF,,,,False
h_07,WAIISF,,,,False
h_07,WAISAF,,,,False
h_07,WAISCF,1.001616269004279,-15.19193048422157,69.0,True
h_07,WAISOF,1.0348487048704396,-24.7911771758493,69.0,True
h_07,WAIUNF,,,,False
h_07,WAIZSF,,,,False
h_07,WAORIF,0.974368908940629,-8.983066590219293,69.0,True
h_07,WAPERF,1.0028268976741197,-29.50137056845636,69.0,True
h_07,WAPFAF,1.0139759356062912,-18.78463194588402,69.0,True
h_07,WAQUIF,1.0059018844947667,-19.83633389018038,69.0,True
h_07,WASOEF,0.9766565267802098,-15.325220750924402,69.0,True
h_07,WAZUAF,0.9874436634179279,-15.726520490652723,69.0,True
h_07,WBALDF,1.0143294792051927,-18.750700847272068,69.0,True
h_07,WBANIF,0.9930414489343384,-15.66503547284876,69.0,True
h_07,WBAPEF,0.9921441624234115,-16.03511046899077,69.0,True
h_07,WBARAF,0.9914875900499851,-13.737939847708304,69.0,True
h_07,WBARCE,,,,False
h_07,WBASIF,0.9684411422834026,-8.802925764254791,69.0,True
h_07,WBAYAE,1.0112245167040377,-10.195490672121467,138.0,True
h_07,WBAYAK,1.0110495102651755,-10.198184147834757,34.5,True
h_07,WBAYOF,0.9936319173463412,-11.042541054074599,69.0,True
h_07,WBCARF,,,,False
h_07,WBCARK,1.0000000000000002,-8.30509482353104,13.800000190734863,True
h_07,WBCHIE,1.000315630261323,-1.838323191166889,138.0,True
h_07,WBCHIF,0.9774094588081076,-5.999990257250629,69.0,True
h_07,WBDERF,0.9866924157211391,-21.76759275998022,69.0,True
h_07,WBDERK,1.0000000000000002,-21.849041646780098,13.800000190734863,True
h_07,WBENEF,0.9949456665895804,-13.225349683063323,69.0,True
h_07,WBERSF,,,,False
h_07,WBLECF,0.9737790657160695,-10.87039411966057,69.0,True
h_07,WBMATF,0.9912142358872722,-15.928455104294581,69.0,True
h_07,WBNVFF,,,,False
h_07,WBON2E,1.0023045909860009,-13.370452700638594,138.0,True
h_07,WBON2F,,,,False
h_07,WBON3C,,,,False
h_07,WBON3D,1.0142773478681868,-6.947813895148433,345.0,True
h_07,WBON3E,1.0023778153163445,-13.364975811814721,138.0,True
h_07,WBONAF,0.9964756681943291,-18.9295099088354,69.0,True
h_07,WBOPEF,,,,False
h_07,WBPOPF,0.9924462491489905,-8.55963823051613,69.0,True
h_07,WBVISF,0.9915471877118488,-10.998135078109263,69.0,True
h_07,WCABAF,1.0268048255982636,-25.698430164308586,69.0,True
h_07,WCALAE,1.0110272099910578,-10.016384568231402,138.0,True
h_07,WCALBE,1.0110272099910578,-10.016384568231402,138.0,True
h_07,WCANAE,,,,True
h_07,WCANAF,,,,True
h_07,WCAPOF,0.9533219937871182,-7.151341652060848,69.0,True
h_07,WCATAF,0.9606772689910192,-7.821965992840547,69.0,True
h_07,WCAYAF,0.9767226448691132,-7.4465357835193995,69.0,True
h_07,WCBOHF,0.9976120743682397,-10.994820453654825,69.0,True
h_07,WCBYNF,0.9575304437414015,-16.366165281809966,69.0,True
h_07,WCC21E,1.00753683162978,-11.455535343868181,138.0,True
h_07,WCCA2F,1.0046021904017257,-13.901625004684496,69.0,True
h_07,WCCABF,1.0045454900272186,-13.953320785584959,69.0,True
h_07,WCCARF,0.9593086040751538,-7.779293794118577,69.0,True
h_07,WCCIBF,1.0077724642469976,-20.79500952649828,69.0,True
h_07,WCDAGF,0.9725219364910399,-16.249611682844368,69.0,True
h_07,WCEMEE,1.0077892746410486,-2.8941298773783797,138.0,True
h_07,WCENOF,0.976960535461616,-26.87246456643302,69.0,True
h_07,WCEPPF,,,,False
h_07,WCES1K,1.0199999809265137,-2.9603853804906706,13.800000190734863,True
h_07,WCES2K,1.0199999809265137,-2.9603853804906706,13.800000190734863,True
h_07,WCES3K,1.0199999809265134,-2.947589696344993,13.800000190734863,True
h_07,WCESPF,0.9799201103745581,-22.093486888765312,69.0,True
h_07,WCESPK,,,,False
h_07,WCINDF,,,,False
h_07,WCLUIE,1.002683527657169,-4.335466108977364,138.0,True
h_07,WCNACF,,,,False
h_07,WCNPEE,0.9928621529251523,-7.584702479668862,138.0,True
h_07,WCNSLF,,,,False
h_07,WCOAPE,1.0005771297154962,-4.110634830768315,138.0,True
h_07,WCOCOF,1.0088267021063866,-16.69131693770381,69.0,True
h_07,WCODAF,0.9824528115286657,-27.037773013535602,69.0,True
h_07,WCOHEF,1.019674341331926,-11.627302574133976,69.0,True
h_07,WCONSF,1.0125251954600374,-30.563333846584165,69.0,True
h_07,WCORMF,0.9860029732044673,-22.627564761124752,69.0,True
h_07,WCOTAE,0.9807823515563587,-6.772955369529522,138.0,True
h_07,WCOTBE,0.9807823515563587,-6.772955369529522,138.0,True
h_07,WCOTUF,0.985951956815969,-27.404714917364355,69.0,True
h_07,WCPVCF,0.9748172055181927,-16.14021320110396,69.0,True
h_07,WCSATF,0.9759392019852431,-16.040528267711284,69.0,True
h_07,WCSO1K,0.9807823515563587,-6.772955369529522,34.5,True
h_07,WCSO2K,0.9807823515563587,-6.772955369529522,34.5,True
h_07,WCSO3K,0.9807823515563587,-6.772955369529522,34.5,True
h_07,WCSOLK,,,,False
h_07,WCTP1D,,,,False
h_07,WCTP2D,,,,False
h_07,WCUMAE,0.9909181772421725,-5.531403150230461,138.0,True
h_07,WCUMBE,0.9909181772421725,-5.531403150230461,138.0,True
h_07,WCVEGF,0.9934404481862797,-26.45330460331741,69.0,True
h_07,WCZFSF,1.0168905541757423,-18.59614690335799,69.0,True
h_07,WDAJAE,0.9898339884767318,-16.584274924208707,138.0,True
h_07,WDAJAF,,,,False
h_07,WDESPF,0.9619139490959138,-6.370330287794904,69.0,True
h_07,WDISDF,0.9563281925269204,-16.476819219838784,69.0,True
h_07,WDJAOE,0.975787247504474,-7.580290774716578,138.0,True
h_07,WDJAOF,0.9438272826170376,-11.143417632568756,69.0,True
h_07,WDPEDF,1.0067877143680743,-21.021076922568938,69.0,True
h_07,WDRODF,0.99244648789519,-13.691913977489511,69.0,True
h_07,WDRODK,0.9977853870877168,-13.707351472363335,12.470000267028809,True
h_07,WDRODM,,,,False
h_07,WDURAF,,,,False
h_07,WDUVEF,0.9913905776089884,-19.970272431084194,69.0,True
h_07,WEABAF,,,,False
h_07,WEBRIE,0.9866575412348391,-7.155918844409085,138.0,True
h_07,WECHIF,0.9705557905119726,-26.951184343406624,69.0,True
h_07,WELJIF,1.0079998203526315,-20.804734095122388,69.0,True
h_07,WEM21K,1.0,-7.233353962413473,13.800000190734863,True
h_07,WEMA2E,,,,False
h_07,WEMA2F,,,,False
h_07,WEMA3F,0.9617583009926217,-6.369195628517025,69.0,True
h_07,WEMB2F,,,,False
h_07,WEMB3F,0.9628671410545049,-6.195322490388681,69.0,True
h_07,WEMBAE,0.9919487741739986,-8.389914537177399,138.0,True
h_07,WENADE,1.0048014952046334,1.0245778292272611,138.0,True
h_07,WENE4E,1.008453038083273,-2.8168783224267258,138.0,True
h_07,WEPINF,0.9816757668404171,-14.817807333061925,69.0,True
h_07,WERIOF,1.0049768807440622,-29.280474123714303,69.0,True
h_07,WESEIE,0.9806264495068714,-6.303871172664281,138.0,True
h_07,WESM3F,,,,False
h_07,WESM3K,,,,False
h_07,WESOCE,1.0042728026439471,-3.2836909038713147,138.0,True
h_07,WESP1E,1.0123311535535713,-13.556442049967133,138.0,True
h_07,WFALCE,1.0023840909400399,-13.365072799803691,138.0,True
h_07,WFALCF,1.0067066233188606,-18.02856551815864,69.0,True
h_07,WFALCK,,,,True
h_07,WFALCM,,,,False
h_07,WFANTF,0.9912340056243876,-23.03172310211626,69.0,True
h_07,WFNEGF,,,,False
h_07,WFOCHF,1.0127279375302454,-18.869445744953182,69.0,True
h_07,WFOLAF,,,,False
h_07,WGALAF,0.9562690564448998,-7.441113363664739,69.0,True
h_07,WGBOJF,0.998625235976898,-10.59740181029154,69.0,True
h_07,WGHACF,0.9925945413636365,-8.553682127080519,69.0,True
h_07,WGIRAE,1.0102142843448343,-9.739792980745396,138.0,True
h_07,WGIRAK,1.0174094987245375,-9.759027603310704,34.5,True
h_07,WGMALF,0.9881195779457214,-11.160382638974413,69.0,True
h_07,WGNLLE,1.0094795776292647,-13.760998744156563,138.0,True
h_07,WGNLLK,1.011133770056824,-13.768598803147992,34.5,True
h_07,WGOYAF,1.0013851078553309,-15.20094594051092,69.0,True
h_07,WGPALF,0.9823747370904119,-14.353656744468408,69.0,True
h_07,WGPETF,0.9880899482182511,-11.167698033446573,69.0,True
h_07,WGPLAF,0.9548964213907726,-7.583147701531242,69.0,True
h_07,WGRCHF,0.9531169195573158,-7.754114170847671,69.0,True
h_07,WGRSFF,0.9803465467589941,-26.799659278318913,69.0,True
h_07,WGU1AD,,,,False
h_07,WGU1BD,,,,False
h_07,WGUA2F,0.9966531042220528,-13.232224719488284,69.0,True
h_07,WGUANE,,,,True
h_07,WGUANF,0.9967086315004271,-13.228740782488467,69.0,True
h_07,WGUAVF,0.979236611870308,-7.380215760912556,69.0,True
h_07,WGUAYE,1.0033877656417887,-14.584244968785995,138.0,True
h_07,WGUAYF,0.957670281931107,-11.251657007564749,69.0,True
h_07,WGUERD,1.0091276433194227,-5.42224940400872,345.0,True
h_07,WGUERE,1.0009867918428907,-5.191154151111568,138.0,True
h_07,WGUERF,0.9591031343140318,-8.92337996422993,69.0,True
h_07,WGVEGF,0.9942085942805186,-25.964761184177153,69.0,True
h_07,WHAIBF,1.0042825401667579,-10.46626029181977,69.0,True
h_07,WHAINE,0.9982457565916344,-7.83624984289311,138.0,True
h_07,WHAINF,1.0042825401667579,-10.46626029181977,69.0,True
h_07,WHAT2K,0.9999999999999999,-26.466072936447986,13.800000190734863,True
h_07,WHATIF,0.989020597053039,-26.43813657171401,69.0,True
h_07,WHATIK,1.0000000000000002,-26.51565675814671,12.5,True
h_07,WHENUF,,,,False
h_07,WHERRE,0.9945217468838217,-8.574346267666048,138.0,True
h_07,WHGMOE,,,,False
h_07,WHGUEE,,,,False
h_07,WHIGUF,1.0174787656335103,-16.130267373670765,69.0,True
h_07,WHJBOF,0.9931426851598966,-25.023578172546934,69.0,True
h_07,WHLINF,,,,False
h_07,WHMA2E,0.9874580341587191,-5.232076257605956,138.0,True
h_07,WHMA2F,0.9764075774284423,-6.7160960145046875,69.0,True
h_07,WHMAYF,0.9753096742103047,-6.801818435366151,69.0,True
h_07,WHMSAF,0.9910334406030495,-16.61826754402343,69.0,True
h_07,WHNACF,,,,False
h_07,WHNS1E,0.993140690752174,-6.4573422877672115,138.0,True
h_07,WHNS1F,0.9863374923426294,-8.769421498642028,69.0,True
h_07,WHNUEF,0.9603058381623965,-16.113782870983528,69.0,True
h_07,WIAANE,1.0019224648454423,-3.041104048049283,138.0,True
h_07,WIBARF,1.0041130183809133,-13.972940814938077,69.0,True
h_07,WICAEF,1.0003609616918714,-14.431762049606334,69.0,True
h_07,WICNAF,,,,False
h_07,WIDALF,0.9931325768932997,-25.316241334382553,69.0,True
h_07,WIGASE,,,,False
h_07,WIISAF,0.959311931678464,-6.535652035487141,69.0,True
h_07,WIMB2F,1.0137972499475254,-20.979653845042897,69.0,True
h_07,WIMBEF,1.0124221071175667,-21.047244291054756,69.0,True
h_07,WINCAF,0.9759257795491976,-16.087523468338496,69.0,True
h_07,WINCAK,1.0,-16.8357857529015,12.470000267028809,True
h_07,WINVBF,0.979748345299365,-9.35354700049123,69.0,True
h_07,WINVIF,0.9531442187913078,-7.7584332800297995,69.0,True
h_07,WIPSIF,,,,False
h_07,WITA1E,0.9997453574235062,-7.668513570373297,138.0,True
h_07,WJARAF,0.9956547081753322,-28.139044983265123,69.0,True
h_07,WJDOLE,1.0053812112299547,-3.603315763586147,138.0,True
h_07,WJIBPE,0.987288764252179,-20.45558158117818,69.0,True
h_07,WJIGBE,1.0032529687426426,-9.048302225152254,138.0,True
h_07,WJIGUE,1.0032529687426426,-9.048302225152254,138.0,True
h_07,WJIMEF,0.9963953645564609,-28.105568664202067,69.0,True
h_07,WJSAUD,1.0192528488002803,-5.144853932752799,345.0,True
h_07,WJSAUE,,,,False
h_07,WKDMBF,0.993296122733491,-11.338338369523651,69.0,True
h_07,WKDMEF,0.9843805645438319,-11.682028594566535,69.0,True
h_07,WKINDF,0.9989376027875451,-14.747481465223698,69.0,True
h_07,WKQA1F,0.9981909110678723,-13.782434896221034,69.0,True
h_07,WKQAZE,1.0116146799365975,-10.92487773740527,138.0,True
h_07,WKVEIF,,,,False
h_07,WLALFF,,,,False
h_07,WLANGE,0.9985488557062355,-15.792314507465404,138.0,True
h_07,WLBARF,,,,False
h_07,WLCALF,0.9614520029037573,-7.631003009969338,69.0,True
h_07,WLCBOF,0.9919435957760433,-20.637958615210152,69.0,True
h_07,WLCOCK,1.0117648503943553,-11.770568425071689,34.5,True
h_07,WLCUAF,0.9578365506548018,-6.698465340130527,69.0,True
h_07,WLDAMF,0.9917445607343027,-20.001044609808023,69.0,True
h_07,WLDAMK,1.0000000000000002,-21.18374835512912,12.5,True
h_07,WLDIAF,0.992443961866218,-8.559730992491628,69.0,True
h_07,WLGALE,0.9975283629777048,-15.723812734493812,138.0,True
h_07,WLGU2K,1.0169417044437579,-15.075998464057806,34.5,True
h_07,WLGUZE,1.0169417044437579,-15.075998464057806,138.0,True
h_07,WLGUZK,1.0169295554473763,-15.077246145488033,34.5,True
h_07,WLISAE,0.9932260790612009,-7.743484773487408,138.0,True
h_07,WLLAGF,,,,False
h_07,WLMFAF,0.984590528482998,-14.509162585475986,69.0,True
h_07,WLMI5E,0.992731200162335,-6.79125651194721,138.0,True
h_07,WLMI6E,0.9927306347458389,-6.792025536113624,138.0,True
h_07,WLMI7E,0.992868204291665,-6.741786070046128,138.0,True
h_07,WLMI7K,0.9999999999999997,-6.75099107300987,13.800000190734863,True
h_07,WLMINE,0.9927070132632302,-6.790890913292962,138.0,True
h_07,WLMINF,0.9581799805320039,-6.918329523596307,69.0,True
h_07,WLORIE,1.007012202083714,-3.17511407712746,138.0,True
h_07,WLORIK,1.0490000247955318,-3.2527302353905614,12.470000267028809,True
h_07,WLPARF,0.9577057367479949,-9.01564487257613,69.0,True
h_07,WLPENF,0.9923968370151169,-24.125277838660196,69.0,True
h_07,WLPRAE,0.9924698175806332,-8.538093124191095,138.0,True
h_07,WLROME,0.9860883744124137,-6.361698897120877,138.0,True
h_07,WLROMF,0.9907935937113749,-10.142099681068174,69.0,True
h_07,WLRPUF,0.987353213859059,-10.600880978639397,69.0,True
h_07,WLTORF,0.9995417932357942,-13.452805069311687,69.0,True
h_07,WLUCIF,1.005382492768261,-13.202741259783219,69.0,True
h_07,WLUPEF,1.0073981103328744,-21.550621104710363,69.0,True
h_07,WLVEGF,0.9935341871540646,-26.448404154043605,69.0,True
h_07,WLVICE,0.9933504839942545,-6.433568324487376,138.0,True
h_07,WLVICK,0.9933504839942545,-6.433568324487376,34.5,True
h_07,WLVPEF,0.9949779580380222,-26.765431792808947,69.0,True
h_07,WMAGUF,0.9963443698328711,-13.615818567652836,69.0,True
h_07,WMAIMF,0.9879003128841246,-22.13158262612285,69.0,True
h_07,WMARAF,0.9667194043459296,-8.708947284849211,69.0,True
h_07,WMARAK,0.9667194043459296,-8.708947284849211,13.800000190734863,True
h_07,WMARTF,0.9442275651311464,-11.071010145360226,69.0,True
h_07,WMARTK,0.9442275651311464,-11.071010145360226,34.5,True
h_07,WMAT1E,0.9732560386024932,-28.689158847073333,138.0,True
h_07,WMATAE,0.9933564081727523,-8.145331018922588,138.0,True
h_07,WMATBE,0.9933564081727523,-8.145331018922588,138.0,True
h_07,WMEGAF,0.957242176785261,-6.95756252485168,69.0,True
h_07,WMERCF,0.9880899482182511,-11.167698033446573,69.0,True
h_07,WMETAE,0.9933365879439734,-8.146555607565015,138.0,True
h_07,WMETAK,0.9900000095367432,-8.47720786293671,13.199999809265137,True
h_07,WMETBF,0.9926288321844547,-8.55049183680597,69.0,True
h_07,WMETEE,0.9995854443030616,-7.716068443368424,138.0,True
h_07,WMETEF,0.998732455768911,-10.568360569114212,69.0,True
h_07,WMETRE,0.9940984003203875,-7.6662049256822025,138.0,True
h_07,WMETRF,0.9926288321844547,-8.55049183680597,69.0,True
h_07,WMIR1E,1.0011627135996468,-5.179002806247948,138.0,True
h_07,WMIRAK,1.0011627135996468,-5.179002806247948,34.5,True
h_07,WMLTPF,0.9965611352427175,-10.780151530934116,69.0,True
h_07,WMOCAE,0.9830571540149731,-19.365223584730337,138.0,True
h_07,WMOCAF,0.9836201141141968,-24.374884834027103,69.0,True
h_07,WMONCE,0.9962594455209125,-16.104819058059547,138.0,True
h_07,WMONTE,0.9934030133402776,-15.860816061956816,138.0,True
h_07,WMOZAF,0.961567496737888,-6.5294423180449455,69.0,True
h_07,WMP2AE,1.0015032976561273,-5.151569334954889,138.0,True
h_07,WMP2BE,1.0015032976561273,-5.151569334954889,138.0,True
h_07,WMPALF,0.9580426505688145,-8.955828023947088,69.0,True
h_07,WMPALK,0.9580426505688145,-8.955828023947088,34.5,True
h_07,WMPL1D,,,,False
h_07,WMPL2D,,,,False
h_07,WMPLAF,0.8544885279787067,-18.38498029250543,69.0,True
h_07,WMPSOE,,,,False
h_07,WMPSOF,0.8544960686701092,-18.383149819499906,69.0,True
h_07,WMPSOK,0.8544960686701091,-18.383149819499913,20.0,True
h_07,WMRI2E,1.010617291416878,-10.946322782985494,138.0,True
h_07,WMTFNE,1.023672668436287,-9.961262688821899,138.0,True
h_07,WMTFNK,1.0685514751296092,-10.00856512759834,34.5,True
h_07,WMULTF,0.9592573254136778,-6.537580478417062,69.0,True
h_07,WMVCIF,1.0087727690160726,-20.770714438075544,69.0,True
h_07,WMVIEF,1.002548282834609,-15.410958818026574,69.0,True
h_07,WNAG2E,0.9739124455200991,-28.52564981633272,138.0,True
h_07,WNAG2F,,,,True
h_07,WNAGUF,0.9747642231837393,-30.939501530799223,69.0,True
h_07,WNARAD,1.0011082706296037,-10.896333968136766,345.0,True
h_07,WNARAE,,,,False
h_07,WNAV2E,1.0108986793398018,-13.983375721307356,138.0,True
h_07,WNAVAF,0.9965632063542826,-21.278018330332173,69.0,True
h_07,WNEYBF,0.9692490217206116,-21.112264072114165,69.0,True
h_07,WNIBAE,0.996448655119517,-15.949914871291819,138.0,True
h_07,WNOVOF,0.9939985379776681,-10.74987669914146,69.0,True
h_07,WOFALF,1.0196838447204466,-11.62766185337685,69.0,True
h_07,WOJIVF,1.001870351550063,-10.531424404996871,69.0,True
h_07,WPAK0E,,,,False
h_07,WPAK2E,1.010243815944302,-10.94414115833786,138.0,True
h_07,WPAK5E,1.010243815944302,-10.94414115833786,138.0,True
h_07,WPAK6E,1.010243815944302,-10.94414115833786,138.0,True
h_07,WPAL1E,0.9982989224324023,-8.488595972442154,138.0,True
h_07,WPALAF,0.9823747370904119,-14.353656744468408,69.0,True
h_07,WPALBE,1.0166939138245552,-9.073106403100448,138.0,True
h_07,WPALBF,0.998914308334551,-10.383603500671294,69.0,True
h_07,WPALEE,1.0166939138245552,-9.073106403100448,138.0,True
h_07,WPAQ1K,1.049999952316284,-11.653250027894252,4.159999847412109,True
h_07,WPARAE,0.9957431971461688,-7.709468929072851,138.0,True
h_07,WPAYAE,,,,False
h_07,WPAYBE,,,,False
h_07,WPAYIF,0.9880578142889381,-31.871128299455894,69.0,True
h_07,WPBAJF,0.9987581111905192,-28.450863301223748,69.0,True
h_07,WPBBAE,,,,False
h_07,WPBLAD,,,,False
h_07,WPCA1K,1.0499999523162842,0.0,22.0,True
h_07,WPCA2K,1.0499999523162842,3.3364856149470974,22.0,True
h_07,WPCATE,,,,False
h_07,WPCGLF,0.9710276647961567,-16.324989220475747,69.0,True
h_07,WPCIBF,0.9667879865830757,-7.050202285831623,69.0,True
h_07,WPDISF,,,,False
h_07,WPDIVF,0.9743412670283668,-14.984018749962216,69.0,True
h_07,WPDORE,,,,True
h_07,WPDORF,1.031406839312027,-22.0549588243315,69.0,True
h_07,WPEBPE,1.013337733234102,-11.908840971701798,138.0,True
h_07,WPERAE,1.0110291252518413,-10.015288018230784,138.0,True
h_07,WPERBE,1.0110291252518413,-10.015288018230784,138.0,True
h_07,WPES1K,1.0110291252518413,-10.015288018230784,34.5,True
h_07,WPES2K,1.0110291252518413,-10.015288018230784,34.5,True
h_07,WPFLEF,,,,False
h_07,WPFMSK,1.0033877656417887,-14.584244968785995,20.0,True
h_07,WPGARF,1.023053974802464,-21.79308906892432,69.0,True
h_07,WPHAIF,1.0041158386601319,-10.479361228760991,69.0,True
h_07,WPIDUF,0.9762451950218028,-15.905240341554245,69.0,True
h_07,WPIISF,,,,False
h_07,WPIMCF,1.009863846839582,-19.10560383681787,69.0,True
h_07,WPIMEE,0.9885441395477332,-25.274274629182433,138.0,True
h_07,WPIMEF,0.9933486312998633,-28.099766454837024,69.0,True
h_07,WPINAF,1.0300258870373247,-18.43003656914091,69.0,True
h_07,WPIZAE,1.009353702663833,-9.743400920557917,138.0,True
h_07,WPIZAF,1.0053678032672078,-13.206162963005692,69.0,True
h_07,WPIZBF,,,,False
h_07,WPLASF,0.9931074505399465,-10.811482747961964,69.0,True
h_07,WPLCCF,0.9799883416720073,-14.911466081666765,69.0,True
h_07,WPLINF,0.9897098335486666,-15.309446822469946,69.0,True
h_07,WPLM1E,1.013045924196189,-11.63526489965048,138.0,True
h_07,WPLM1K,1.0199999809265137,-11.688252970401024,13.800000190734863,True
h_07,WPLM2K,1.0199999809265137,-11.71661714722203,13.800000190734863,True
h_07,WPP22E,1.0171236788424507,-16.143423130749756,138.0,True
h_07,WPPELF,1.0314727777453434,-22.000935532055365,69.0,True
h_07,WPPL2F,,,,True
h_07,WPPLAF,1.0351091875508498,-20.523118249358927,69.0,True
h_07,WPPLBF,,,,False
h_07,WPPLIF,0.9955959803192601,-21.32811827958854,69.0,True
h_07,WPPRIF,1.0082807098883584,-20.79183047083894,69.0,True
h_07,WPSCEF,0.9851380631751371,-16.988846645653105,69.0,True
h_07,WPSESK,,,,False
h_07,WPVIEE,,,,False
h_07,WQ1SPK,0.9999999999999998,-13.186021896925682,13.800000190734863,True
h_07,WQCORF,0.9949635123204349,-13.949497502973362,69.0,True
h_07,WQU11D,1.009704517395271,-13.103773509256433,230.0,True
h_07,WQU12K,0.9999999999999996,-13.189600970872688,13.800000190734863,True
h_07,WQU21D,1.009704517395271,-13.103773509256433,230.0,True
h_07,WQU21K,0.9999999999999996,-13.189600970872688,13.800000190734863,True
h_07,WQUINF,1.005355821729639,-19.915651486791422,69.0,True
h_07,WQUISD,,,,True
h_07,WQUISE,,,,False
h_07,WRARRF,0.9914251260696757,-20.706469749564032,69.0,True
h_07,WRBL1K,,,,False
h_07,WRBL2K,,,,False
h_07,WRBLAF,1.0218070330783156,-17.359526725702924,69.0,True
h_07,WRCHAF,0.9931359295438147,-12.222435423507122,69.0,True
h_07,WREFIF,0.997622675601197,-10.680162218441257,69.0,True
h_07,WRINCF,0.9938976166730628,-22.751986519749646,69.0,True
h_07,WRNUEF,0.9935499761080255,-22.77925948568497,69.0,True
h_07,WRPELF,0.9552363888915822,-11.303592949308964,69.0,True
h_07,WRSJUE,0.9709876763446799,-28.93100391478096,138.0,True
h_07,WRZMOK,,,,False
h_07,WSABAF,1.0020919383415126,-12.69862249340816,69.0,True
h_07,WSAJ1E,1.0033538169387217,-14.359204697835674,138.0,True
h_07,WSALCE,0.979301743954441,-21.105480884354428,138.0,True
h_07,WSALIF,0.9943719037075136,-16.937031643773345,69.0,True
h_07,WSAMAE,0.9602078278601955,-30.38404296015509,138.0,True
h_07,WSANCE,0.9645771503845749,-29.93551134773655,138.0,True
h_07,WSANTE,1.0094707427732925,-9.74176252653141,138.0,True
h_07,WSANTK,1.0094707427732925,-9.74176252653141,34.5,True
h_07,WSCANF,0.9858255038241717,-14.771346549757421,69.0,True
h_07,WSCANK,0.9858255038241717,-14.771346549757421,34.5,True
h_07,WSCNOE,0.9997556180811826,-9.030926017258187,138.0,True
h_07,WSESTE,1.0070597427605794,-3.1110457354229215,138.0,True
h_07,WSFELE,,,,True
h_07,WSFMAE,0.9786458436788429,-23.892320002347088,138.0,True
h_07,WSFMAF,0.9771116140352492,-26.4075881009079,69.0,True
h_07,WSIBBE,1.0004884334140436,-1.7736259512334092,138.0,True
h_07,WSJMAF,0.9952190312819734,-20.12861896200212,69.0,True
h_07,WSJOCF,0.9948712726560556,-17.25305627464961,69.0,True
h_07,WSJU2E,1.0076439459769908,-11.900884355327989,138.0,True
h_07,WSJU2F,0.9980065497224343,-13.154764038776957,69.0,True
h_07,WSJUAF,0.9952647848087014,-13.331644294909815,69.0,True
h_07,WSKAPF,0.9881317871103076,-11.16547420803584,69.0,True
h_07,WSLCOE,,,,False
h_07,WSLORK,1.0,-7.665016795712066,13.800000190734863,True
h_07,WSMARF,0.977446847054017,-6.73315614341005,69.0,True
h_07,WSODOF,1.0025363514963095,-15.412133114379683,69.0,True
h_07,WSOSUF,1.0338268630784264,-24.956861883469408,69.0,True
h_07,WSPB1K,1.049999952316284,-3.179985013717428,13.800000190734863,True
h_07,WSPBEE,1.0081026863998213,-2.973573614877042,138.0,True
h_07,WSPERF,0.9371403701690082,-11.730780653747619,69.0,True
h_07,WSPEVF,,,,False
h_07,WSPM2E,1.008453038083273,-2.8168783224267258,138.0,True
h_07,WSPMAE,1.0064212301189082,-3.2336566266273388,138.0,True
h_07,WSPMAF,0.9985385100568223,-6.979416255121674,69.0,True
h_07,WSPMBE,1.0064212301189082,-3.2336566266273388,138.0,True
h_07,WSPRIF,0.9145838666724989,-13.293213960183328,69.0,True
h_07,WSRODE,0.9891325346064036,-16.79931746711447,138.0,True
h_07,WSYASF,1.0227829016140526,-26.083075286967144,69.0,True
h_07,WSYEGF,0.9969146872513237,-13.215524713018786,69.0,True
h_07,WTAAGK,,,,False
h_07,WTAAVK,,,,False
h_07,WTAG1K,,,,False
h_07,WTAG2K,,,,False
h_07,WTAMAF,0.985484523402438,-8.78029869767012,69.0,True
h_07,WTANOK,,,,False
h_07,WTAV1K,1.0,-15.831910294299762,13.800000190734863,True
h_07,WTAVBE,,,,False
h_07,WTBA1K,,,,False
h_07,WTBA2K,,,,False
h_07,WTCE1K,,,,False
h_07,WTCE2K,,,,False
h_07,WTCEMK,,,,False
h_07,WTDAJK,,,,False
h_07,WTEMPF,0.9564792544354881,-6.956788676659379,69.0,True
h_07,WTESAK,,,,False
h_07,WTFA1K,,,,False
h_07,WTFA2K,,,,False
h_07,WTFA3K,,,,False
h_07,WTHAGK,,,,False
h_07,WTHAIF,0.9836042929640736,-9.010002876749589,69.0,True
h_07,WTIM2E,0.9916683503696586,-7.130745330407812,138.0,True
h_07,WTIM2F,0.9625292941504683,-6.291308617332722,69.0,True
h_07,WTIMBF,0.9619139490959138,-6.370330287794904,69.0,True
h_07,WTIREF,1.0089706673000307,-30.076952146069527,69.0,True
h_07,WTIT1K,,,,False
h_07,WTIT2K,,,,False
h_07,WTJI1K,,,,False
h_07,WTJI2K,,,,False
h_07,WTJIMK,,,,False
h_07,WTLANK,,,,False
h_07,WTMAGK,,,,False
h_07,WTMBBF,,,,True
h_07,WTMI5K,,,,False
h_07,WTMI6K,,,,False
h_07,WTMNTK,,,,False
h_07,WTMONK,,,,False
h_07,WTMR1K,,,,False
h_07,WTMR2K,,,,False
h_07,WTNNAK,,,,False
h_07,WTORGF,1.0206985444326229,-11.420143787624019,69.0,True
h_07,WTPA1K,,,,False
h_07,WTPG1K,,,,False
h_07,WTPG2K,,,,False
h_07,WTPG3K,,,,False
h_07,WTPI1K,,,,False
h_07,WTPI2K,,,,False
h_07,WTRINK,,,,False
h_07,WTRJCK,,,,False
h_07,WTROQF,1.0128053771847532,-20.40260532114217,69.0,True
h_07,WTSABK,,,,False
h_07,WTSE1K,,,,False
h_07,WTSFVK,,,,False
h_07,WTSPVK,,,,False
h_07,WTSYEK,,,,False
h_07,WTTA1K,,,,False
h_07,WTTA2K,,,,False
h_07,WTTITF,0.9614463770898588,-6.382767745369203,69.0,True
h_07,WTTO1K,,,,False
h_07,WTVA1K,,,,False
h_07,WTVA2K,,,,False
h_07,WTVE1K,,,,False
h_07,WTZFPF,,,,False
h_07,WUASDE,0.9932669634010156,-7.905639545663675,138.0,True
h_07,WUMEDF,0.985159249757132,-16.987245958742292,69.0,True
h_07,WVALBE,1.0040240719222082,-9.19465163090132,138.0,True
h_07,WVALDE,1.0040240719222082,-9.19465163090132,138.0,True
h_07,WVALLF,0.9965173479122836,-13.304935945515291,69.0,True
h_07,WVALTF,0.9577538042518596,-16.944751458064538,69.0,True
h_07,WVDU1E,,,,True
h_07,WVDUAF,,,,False
h_07,WVILAE,,,,False
h_07,WVILLF,0.9951386197189248,-13.539362186301878,69.0,True
h_07,WVMAOE,0.998755057809842,-15.566132715900153,138.0,True
h_07,WVMELE,0.9901245006665731,-7.924894489722222,138.0,True
h_07,WVNOBF,0.9770033778361689,-15.30619953898592,69.0,True
h_07,WVOLGF,0.9852750532990935,-16.98188678614751,69.0,True
h_07,WX1PAK,,,,False
h_07,WXABIF,0.9948308527443779,-21.36488408972633,69.0,True
h_07,WXABRF,1.0036715975686896,-13.944339111352734,69.0,True
h_07,WXAD2F,1.0038037472283008,-14.61858736167352,69.0,True
h_07,WXADOF,1.0040241552663678,-14.731229956766962,69.0,True
h_07,WXAHGF,0.9753743829449063,-14.578590479565285,69.0,True
h_07,WXAHMF,0.9848914566373946,-26.826364549782515,69.0,True
h_07,WXAISF,1.001620062440378,-15.191655044346186,69.0,True
h_07,WXALDF,1.02064303273096,-11.4284564037695,69.0,True
h_07,WXALIF,0.9776042164015889,-14.50675106449658,69.0,True
h_07,WXAORF,0.9782044410594751,-8.835453996523315,69.0,True
h_07,WXAPFF,1.0147846340586728,-18.729526476297703,69.0,True
h_07,WXAPPF,1.0370184219317564,-23.998744688420366,69.0,True
h_07,WXAQUF,,,,False
h_07,WXARDF,1.004137630523586,-14.78748441372805,69.0,True
h_07,WXASOF,1.0372173854433635,-24.621745432761692,69.0,True
h_07,WXBA1F,,,,False
h_07,WXBA2F,,,,True
h_07,WXBASF,0.9694273266772204,-8.786159404434887,69.0,True
h_07,WXBAYF,,,,False
h_07,WXBDEF,0.9865715078935176,-21.773781047988273,69.0,True
h_07,WXBLEF,0.9737688112184383,-10.868594105060582,69.0,True
h_07,WXBMAF,0.9920484637327432,-15.89585652705746,69.0,True
h_07,WXBOHF,0.9977346361436462,-10.986740143513593,69.0,True
h_07,WXBPEF,1.0028996416657792,-18.62420532074504,69.0,True
h_07,WXCA1K,1.0110272099910578,-10.016384568231402,34.5,True
h_07,WXCABF,0.9610594368346107,-16.067175711103722,69.0,True
h_07,WXCANF,,,,False
h_07,WXCARF,0.9851684716549374,-11.596396043551536,69.0,True
h_07,WXCATF,0.9691448707778393,-7.24350602878446,69.0,True
h_07,WXCB2F,,,,False
h_07,WXCBAF,0.9935832518160105,-11.046507455326148,69.0,True
h_07,WXCC1E,,,,False
h_07,WXCC3E,,,,False
h_07,WXCCOF,1.004125491743061,-14.78855091419516,69.0,True
h_07,WXCDAF,0.9725468563398662,-16.24829937054507,69.0,True
h_07,WXCDLF,0.9824690076956597,-27.037057554578418,69.0,True
h_07,WXCENF,0.9781015672324472,-26.821817142028607,69.0,True
h_07,WXCHAF,0.9931359295438147,-12.222435423507122,69.0,True
h_07,WXCIGF,0.9982459459679383,-6.990624583588993,69.0,True
h_07,WXCINF,0.9579259119406389,-16.93739091576513,69.0,True
h_07,WXCNAF,0.9928556840613143,-7.106698635085417,69.0,True
h_07,WXCOCF,,,,False
h_07,WXCODF,0.9926288321844547,-8.55049183680597,69.0,True
h_07,WXCORF,0.9873011568411165,-22.550425445700036,69.0,True
h_07,WXCSAF,0.9759876325857907,-16.030361932298387,69.0,True
h_07,WXCTAF,0.9939757438406053,-23.569442289865677,69.0,True
h_07,WXCU1K,0.9906095317680361,-5.532782313926916,34.5,True
h_07,WXCU2K,0.9906095317680361,-5.532782313926916,34.5,True
h_07,WXCU4K,0.9906095317680361,-5.532782313926916,34.5,True
h_07,WXDBRF,0.9982459459679383,-6.990624583588993,69.0,True
h_07,WXDISF,0.9568294017615809,-16.429574039505574,69.0,True
h_07,WXDROF,0.9918635367940685,-13.770131952889768,69.0,True
h_07,WXDURF,,,,False
h_07,WXEANF,1.014508142001228,-18.74159988603443,69.0,True
h_07,WXECHF,0.9734315231599565,-26.712033779855602,69.0,True
h_07,WXES2K,,,,False
h_07,WXES3K,,,,False
h_07,WXESPF,0.9801919628752601,-22.080318874531525,69.0,True
h_07,WXEV4K,1.0199999809265132,-2.836465371722531,13.800000190734863,True
h_07,WXGALF,0.9562909518486057,-7.440217924289304,69.0,True
h_07,WXGAVF,0.9797055532997399,-7.381475448496374,69.0,True
h_07,WXGBOF,0.998625235976898,-10.59740181029154,69.0,True
h_07,WXGOYF,1.001620062440378,-15.191655044346186,69.0,True
h_07,WXGPLF,0.9548964213907726,-7.583147701531242,69.0,True
h_07,WXGRCF,,,,False
h_07,WXGRMF,0.9642663959671105,-8.621887926003712,69.0,True
h_07,WXGRSF,0.9803561383229099,-26.799291292320184,69.0,True
h_07,WXGU2F,0.996671374880197,-13.230881753708747,69.0,True
h_07,WXHACF,0.9926050943520132,-8.552744925736558,69.0,True
h_07,WXHE1F,1.020723440478766,-11.412015589770364,69.0,True
h_07,WXHE2F,,,,False
h_07,WXHHIF,0.9976481109377192,-7.00476042501246,69.0,True
h_07,WXHJBF,0.9931524569856166,-25.023295706032165,69.0,True
h_07,WXHMSF,0.9910474378978786,-16.61731232673504,69.0,True
h_07,WXHNAF,,,,False
h_07,WXHNUF,0.9606650359434451,-16.09863772885943,69.0,True
h_07,WXIBAF,1.0041167677599694,-13.97279270413908,69.0,True
h_07,WXICAF,1.0003643065629086,-14.431636175085247,69.0,True
h_07,WXICNF,,,,False
h_07,WXIDAF,0.9931393910979796,-25.315734738369557,69.0,True
h_07,WXIDUF,0.9762451950218028,-15.905240341554245,69.0,True
h_07,WXIISF,0.9593145685938054,-6.535548103976164,69.0,True
h_07,WXIMBF,1.0132687674426628,-21.003362318064703,69.0,True
h_07,WXINAF,0.9599095046750692,-6.513698392212104,69.0,True
h_07,WXINDF,0.9937500949228162,-26.251379260784343,69.0,True
h_07,WXINVF,0.953252073175626,-7.748304605361915,69.0,True
h_07,WXIPRF,,,,False
h_07,WXIPSF,0.9762451950218028,-15.905240341554245,69.0,True
h_07,WXJIMF,0.9963953645564609,-28.105568664202067,69.0,True
h_07,WXJINF,0.9913905776089884,-19.970272431084194,69.0,True
h_07,WXKINF,0.9998882664117908,-14.685027771838577,69.0,True
h_07,WXKVEF,0.9622823221213949,-8.115389125969115,69.0,True
h_07,WXLADF,0.9593460017680946,-7.77803666463737,69.0,True
h_07,WXLALF,,,,False
h_07,WXLC1E,1.011779042122793,-11.767210354048853,138.0,True
h_07,WXLCAF,0.9614520029037573,-7.631003009969338,69.0,True
h_07,WXLCBF,0.9945122030688961,-20.527672174424275,69.0,True
h_07,WXLFAF,0.992824671908283,-15.714948350823477,69.0,True
h_07,WXLPAF,0.9577238933025896,-9.013983659404255,69.0,True
h_07,WXLPEF,0.9923968370151169,-24.125277838660196,69.0,True
h_07,WXLUCK,1.0052866420155215,-13.204499733228497,34.5,True
h_07,WXLULF,1.0053678032672078,-13.206162963005692,69.0,True
h_07,WXLUPF,,,,True
h_07,WXMAGF,0.9963443698328711,-13.615818567652836,69.0,True
h_07,WXMAIF,0.988150799747516,-22.11676516801589,69.0,True
h_07,WXMALF,0.9883789516061444,-11.147422573483668,69.0,True
h_07,WXMARF,0.9666465732765575,-8.720066097878371,69.0,True
h_07,WXMATK,0.9732560386024932,-28.689158847073333,34.5,True
h_07,WXMEGF,0.9574293424951739,-6.942344481654719,69.0,True
h_07,WXMETE,,,,False
h_07,WXMETF,0.998625235976898,-10.59740181029154,69.0,True
h_07,WXMOZF,,,,False
h_07,WXMPAF,0.9576377731720647,-9.037356967012181,69.0,True
h_07,WXMPGK,,,,False
h_07,WXMPSF,0.8544885279787067,-18.38498029250543,69.0,True
h_07,WXMV2F,1.002548282834609,-15.410958818026574,69.0,True
h_07,WXMVAF,,,,False
h_07,WXNAGF,,,,False
h_07,WXNOVF,0.9932853563637893,-10.803314035034283,69.0,True
h_07,WXOC2F,1.0139795561005087,-18.784560663700947,69.0,True
h_07,WXOFAF,1.0196843736765582,-11.627580648523326,69.0,True
h_07,WXOLVF,1.0011897060658583,-20.54214644788852,69.0,True
h_07,WXPA1K,0.9999999999999999,-11.036555698366708,11.0,True
h_07,WXPA3K,1.0000000000000002,-11.025416651846255,15.0,True
h_07,WXPA4K,0.9999999999999999,-11.011961797236184,11.0,True
h_07,WXPC2F,0.9667879865830757,-7.050202285831623,69.0,True
h_07,WXPCGF,0.9710276647961567,-16.324989220475747,69.0,True
h_07,WXPCIF,0.9710630733624321,-6.620684970522985,69.0,True
h_07,WXPETF,0.9882624578426996,-11.155638980409766,69.0,True
h_07,WXPFLF,1.0207086786696364,-11.416972712277023,69.0,True
h_07,WXPFSK,1.0033538169387217,-14.359204697835674,34.5,True
h_07,WXPGAF,1.0230805962160383,-21.79181527867903,69.0,True
h_07,WXPGMF,1.0053678032672078,-13.206162963005692,69.0,True
h_07,WXPHAF,1.0041403089088956,-10.478304921424767,69.0,True
h_07,WXPI4K,1.0,-25.328572014571137,13.800000190734863,True
h_07,WXPIDF,1.0053678032672078,-13.206162963005692,69.0,True
h_07,WXPINF,,,,False
h_07,WXPLCF,0.9801126865960008,-14.899334024817469,69.0,True
h_07,WXPPEF,1.0314727777453434,-22.000935532055365,69.0,True
h_07,WXPPLF,,,,False
h_07,WXPPRF,1.0082999027979136,-20.79112023157062,69.0,True
h_07,WXPS1K,1.0123311535535713,-13.556442049967133,34.5,True
h_07,WXPY1K,,,,False
h_07,WXQAZF,,,,False
h_07,WXQCOF,0.9949635123204349,-13.949497502973362,69.0,True
h_07,WXRARF,0.9942741833503715,-20.54231802112626,69.0,True
h_07,WXRIEF,,,,False
h_07,WXRINF,0.9943767409227103,-22.767368897529515,69.0,True
h_07,WXSADF,,,,False
h_07,WXSESE,1.0071856874447995,-3.1122199590801167,138.0,True
h_07,WXSESF,0.9965647532622145,-7.15450783542943,69.0,True
h_07,WXSI1K,0.9999999999999999,-1.777562815192193,13.800000190734863,True
h_07,WXSODF,1.0025426572058964,-15.41152252814529,69.0,True
h_07,WXSOSF,1.0338268630784264,-24.956861883469408,69.0,True
h_07,WXSPRF,0.9145838666724989,-13.293213960183328,69.0,True
h_07,WXSYEF,0.9965601687907223,-13.281806025276186,69.0,True
h_07,WXTAMF,0.9570976929037956,-6.951818312860938,69.0,True
h_07,WXTDAF,0.9435292600626515,-11.169643443512378,69.0,True
h_07,WXTH1F,0.9836041001308544,-9.009999807589695,69.0,True
h_07,WXTH2F,0.9836042039958078,-9.010001460718556,69.0,True
h_07,WXTISF,1.0052922217908042,-15.190989145374596,69.0,True
h_07,WXTREFF,0.997622675601197,-10.680162218441257,69.0,True
h_07,WXTROF,1.0128226265387796,-20.401867724419535,69.0,True
h_07,WXTTIF,0.9614463770898588,-6.382767745369203,69.0,True
h_07,WXVALF,0.9577538042518596,-16.944751458064538,69.0,True
h_07,WXVILF,0.9951386197189248,-13.539362186301878,69.0,True
h_07,WXVL1K,,,,False
h_07,WXWC2K,1.0015032976561273,-5.151569334954889,34.5,True
h_07,WXWC3K,1.0015032976561273,-5.151569334954889,34.5,True
h_07,WXYAGF,0.999906523662345,-14.549385850042537,69.0,True
h_07,WXZAMF,0.9593460017680946,-7.77803666463737,69.0,True
h_07,WXZFBF,,,,False
h_07,WXZFHF,,,,False
h_07,WXZFNF,,,,False
h_07,WXZGUF,1.0086018591403918,-21.112028973603792,69.0,True
h_07,WXZHAF,0.9528859694348324,-7.775442559658811,69.0,True
h_07,WXZISF,,,,False
h_07,WXZPPF,,,,False
h_07,WXZSPF,0.9942916843804559,-7.428117165388148,69.0,True
h_07,WYAGUF,0.999906523662345,-14.549385850042537,69.0,True
h_07,WYAMAF,0.8759300765292292,-16.445542269268184,69.0,True
h_07,WZFALF,,,,False
h_07,WZFAMF,,,,False
h_07,WZFBAF,,,,False
h_07,WZFDRF,,,,False
h_07,WZFESF,,,,False
h_07,WZFGIF,,,,False
h_07,WZFGUF,,,,False
h_07,WZFISF,,,,False
h_07,WZFLIF,,,,False
h_07,WZFMCF,,,,False
h_07,WZFPPF,,,,False
h_07,WZFS2F,,,,False
h_07,WZFSAE,,,,False
h_07,WZFSAF,,,,False
h_07,WZFSFF,,,,False
h_07,WZFSIF,,,,False
h_07,WZFSPF,,,,False
h_07,WZFVAF,,,,False
h_07,WZFVEF,,,,False
h_07,WZHAIF,0.9528861467062952,-7.775449471359777,69.0,True
h_07,ZXOJIF,,,,False
h_08,WAANDE,1.005010480200803,-1.407399320886913,138.0,True
h_08,WABCOF,1.00210559019601,-15.65615192220875,69.0,True
h_08,WABISF,0.993095135026788,-22.277935810725413,69.0,True
h_08,WABRUF,0.9537092546999206,-9.31754597042758,69.0,True
h_08,WACIBF,1.009658975748643,-19.935949889996888,69.0,True
h_08,WACLAE,1.0149938834766417,-13.491291623776476,138.0,True
h_08,WACLAK,1.0164609991024023,-13.498383364877006,34.5,True
h_08,WADMIF,,,,False
h_08,WADOMF,1.0211558282714126,-12.121759110544277,69.0,True
h_08,WAGUAE,1.0059978621956478,-8.762217837879675,138.0,True
h_08,WAGUBE,1.0059978621956478,-8.762217837879675,138.0,True
h_08,WAHMIF,0.9876343872707344,-26.782015960129495,69.0,True
h_08,WAHO1E,0.9952932763795264,-8.869605552831976,138.0,True
h_08,WAHO2E,0.9952932763795264,-8.869605552831976,138.0,True
h_08,WAHOBF,0.9939851590353,-11.490346657253493,69.0,True
h_08,WAHONF,0.9939851590353,-11.490346657253493,69.0,True
h_08,WAIAMF,,,,False
h_08,WAIAZF,,,,False
h_08,WAIBAF,,,,False
h_08,WAIISF,,,,False
h_08,WAISAF,,,,False
h_08,WAISCF,1.004820826051977,-14.8887887753871,69.0,True
h_08,WAISOF,1.036729763254611,-25.25416247249123,69.0,True
h_08,WAIUNF,,,,False
h_08,WAIZSF,,,,False
h_08,WAORIF,0.9788184596420716,-9.768817644637686,69.0,True
h_08,WAPERF,1.0078987897302287,-29.177053419681478,69.0,True
h_08,WAPFAF,1.011380120775222,-19.780392891459954,69.0,True
h_08,WAQUIF,1.0034197284343294,-20.824885828489947,69.0,True
h_08,WASOEF,0.9868252658917357,-12.792517129978469,69.0,True
h_08,WAZUAF,0.9895797236565951,-14.892611120008471,69.0,True
h_08,WBALDF,1.0116770288022872,-19.751170454377267,69.0,True
h_08,WBANIF,0.995753118468162,-15.060435065201995,69.0,True
h_08,WBAPEF,0.9947718798343913,-15.42267409986161,69.0,True
h_08,WBARAF,0.995218832330556,-12.263991437281947,69.0,True
h_08,WBARCE,,,,False
h_08,WBASIF,0.9728727464286018,-9.586157627134623,69.0,True
h_08,WBAYAE,1.0147896563029168,-9.314070002208316,138.0,True
h_08,WBAYAK,1.0146140328671611,-9.316763477921603,34.5,True
h_08,WBAYOF,0.9936090723876723,-11.921604850525426,69.0,True
h_08,WBCARF,,,,False
h_08,WBCARK,1.0,-6.926542565408776,13.800000190734863,True
h_08,WBCHIE,0.9993783330335786,-4.259121431209254,138.0,True
h_08,WBCHIF,0.9780674705654192,-7.615538649646069,69.0,True
h_08,WBDERF,0.9850335602196194,-22.68290771345674,69.0,True
h_08,WBDERK,0.9999999999999999,-22.774190993925465,13.800000190734863,True
h_08,WBENEF,1.017549602485573,-11.392548112638197,69.0,True
h_08,WBERSF,,,,False
h_08,WBLECF,0.991418607251584,-9.230463810326595,69.0,True
h_08,WBMATF,0.9939095716995099,-15.318244094031488,69.0,True
h_08,WBNVFF,,,,False
h_08,WBON2E,1.0032385452706194,-14.06514208555083,138.0,True
h_08,WBON2F,,,,False
h_08,WBON3C,,,,False
h_08,WBON3D,1.0146230244284409,-8.085536014192341,345.0,True
h_08,WBON3E,1.0033077950179652,-14.060742998822938,138.0,True
h_08,WBONAF,0.9974647071259796,-19.41768382108571,69.0,True
h_08,WBOPEF,,,,False
h_08,WBPOPF,0.992847108691962,-9.64781409152878,69.0,True
h_08,WBVISF,1.0094612856078224,-9.331061084223908,69.0,True
h_08,WCABAF,1.0289537342800676,-26.13792422215814,69.0,True
h_08,WCALAE,1.0149826759692917,-8.99074935847062,138.0,True
h_08,WCALBE,1.0149826759692917,-8.99074935847062,138.0,True
h_08,WCANAE,,,,True
h_08,WCANAF,,,,True
h_08,WCAPOF,0.9531553759171327,-8.255995311580385,69.0,True
h_08,WCATAF,0.9633028596461105,-8.988660142639333,69.0,True
h_08,WCAYAF,0.9795446209162584,-8.454141062173521,69.0,True
h_08,WCBOHF,0.9974769434734804,-11.886065682558227,69.0,True
h_08,WCBYNF,0.9587778554621391,-16.825396816164258,69.0,True
h_08,WCC21E,1.0109696220453657,-10.065470551909572,138.0,True
h_08,WCCA2F,1.0101007436206084,-11.762828925521386,69.0,True
h_08,WCCABF,1.010126438610339,-11.800516283385768,69.0,True
h_08,WCCARF,0.9611242825935462,-9.126740829723177,69.0,True
h_08,WCCIBF,1.008820967120948,-21.27679617074954,69.0,True
h_08,WCDAGF,0.9739979253377504,-16.625136192978754,69.0,True
h_08,WCEMEE,1.010104984576148,-3.5364701279311075,138.0,True
h_08,WCENOF,0.9807212854330897,-26.72729213795105,69.0,True
h_08,WCEPPF,,,,False
h_08,WCES1K,1.0199999809265134,-3.598663548815263,13.800000190734863,True
h_08,WCES2K,1.0199999809265134,-3.598663548815263,13.800000190734863,True
h_08,WCES3K,1.0199999809265137,-3.5885174958366193,13.800000190734863,True
h_08,WCESPF,0.9782507327485985,-23.00916472515749,69.0,True
h_08,WCESPK,,,,False
h_08,WCINDF,,,,False
h_08,WCLUIE,1.004938847451984,-5.1485346921569395,138.0,True
h_08,WCNACF,,,,False
h_08,WCNPEE,0.9935557783442793,-8.545032604967457,138.0,True
h_08,WCNSLF,,,,False
h_08,WCOAPE,1.0083458216204997,-3.791394361433881,138.0,True
h_08,WCOCOF,1.0112491661349925,-16.01426767216984,69.0,True
h_08,WCODAF,0.9867698195089998,-26.788889972351225,69.0,True
h_08,WCOHEF,1.0203117818619623,-12.295928691546248,69.0,True
h_08,WCONSF,1.0125995657093585,-30.704500014205692,69.0,True
h_08,WCORMF,0.9881194513734564,-22.875650971554848,69.0,True
h_08,WCOTAE,0.9953844779814915,-5.186913319743386,138.0,True
h_08,WCOTBE,0.9953844779814915,-5.186913319743386,138.0,True
h_08,WCOTUF,0.9891772017101227,-27.2381098736149,69.0,True
h_08,WCPVCF,0.976219938606123,-16.518712260056816,69.0,True
h_08,WCSATF,0.9773046219120911,-16.422759368192917,69.0,True
h_08,WCSO1K,0.9953844779814915,-5.186913319743386,34.5,True
h_08,WCSO2K,0.9953844779814915,-5.186913319743386,34.5,True
h_08,WCSO3K,0.9953844779814915,-5.186913319743386,34.5,True
h_08,WCSOLK,,,,False
h_08,WCTP1D,,,,False
h_08,WCTP2D,,,,False
h_08,WCUMAE,1.0042408366956852,-4.2064051256509805,138.0,True
h_08,WCUMBE,1.0042408366956852,-4.2064051256509805,138.0,True
h_08,WCVEGF,0.9950216761391182,-26.5553082752205,69.0,True
h_08,WCZFSF,1.0145175977402099,-19.586515521746925,69.0,True
h_08,WDAJAE,0.9907825272258723,-16.65225954354681,138.0,True
h_08,WDAJAF,,,,False
h_08,WDESPF,0.9622613016459048,-7.429118314445636,69.0,True
h_08,WDISDF,0.9575576209639391,-16.937576818780144,69.0,True
h_08,WDJAOE,0.9799222480870216,-8.3568172333456,138.0,True
h_08,WDJAOF,0.951857437345051,-11.092989697140863,69.0,True
h_08,WDPEDF,1.0073625567692384,-21.529884264865142,69.0,True
h_08,WDRODF,0.9940259541868259,-12.69878922337461,69.0,True
h_08,WDRODK,0.9982484725555906,-12.710978136195063,12.470000267028809,True
h_08,WDRODM,,,,False
h_08,WDURAF,,,,False
h_08,WDUVEF,1.01458902151207,-16.035009262547604,69.0,True
h_08,WEABAF,,,,False
h_08,WEBRIE,0.988428968701736,-8.116868910595734,138.0,True
h_08,WECHIF,0.9752197435555587,-26.67315011239109,69.0,True
h_08,WELJIF,1.008615961841259,-21.309022115011672,69.0,True
h_08,WEM21K,0.9999999999999999,-8.213741297152644,13.800000190734863,True
h_08,WEMA2E,,,,False
h_08,WEMA2F,,,,False
h_08,WEMA3F,0.9621018118481749,-7.427940846363741,69.0,True
h_08,WEMB2F,,,,False
h_08,WEMB3F,0.9632313997225066,-7.2527956863077705,69.0,True
h_08,WEMBAE,0.9921008044196515,-9.303102642901317,138.0,True
h_08,WENADE,1.0050100039545102,-1.4075579762943258,138.0,True
h_08,WENE4E,1.0108116458591028,-3.4598071943111384,138.0,True
h_08,WEPINF,0.9837812943728911,-13.777060507706391,69.0,True
h_08,WERIOF,1.005737840749702,-29.395307423051293,69.0,True
h_08,WESEIE,0.9907947694171951,-5.664713027314277,138.0,True
h_08,WESM3F,,,,False
h_08,WESM3K,,,,False
h_08,WESOCE,1.0081017376167491,-3.686774014822477,138.0,True
h_08,WESP1E,1.014462089229021,-13.64882051825461,138.0,True
h_08,WFALCE,1.003314076464019,-14.060839986811908,138.0,True
h_08,WFALCF,1.0076454902021441,-18.53436930943246,69.0,True
h_08,WFALCK,,,,True
h_08,WFALCM,,,,False
h_08,WFANTF,0.9928416454682768,-23.281686124905118,69.0,True
h_08,WFNEGF,,,,False
h_08,WFOCHF,1.0101336968862542,-19.86497630832395,69.0,True
h_08,WFOLAF,,,,False
h_08,WGALAF,0.9569258279804823,-8.471093749051619,69.0,True
h_08,WGBOJF,0.9985451460630034,-11.48453744349954,69.0,True
h_08,WGHACF,0.9930094619772533,-9.64158104579241,69.0,True
h_08,WGIRAE,1.0136758453916195,-9.07906344242999,138.0,True
h_08,WGIRAK,1.0208957146135738,-9.0982980649953,34.5,True
h_08,WGMALF,0.9901162607448437,-11.767020755865524,69.0,True
h_08,WGNLLE,1.011746248909064,-13.759865472648377,138.0,True
h_08,WGNLLK,1.013404133949109,-13.767468735225064,34.5,True
h_08,WGOYAF,1.0045443612145544,-14.89951917049605,69.0,True
h_08,WGPALF,0.9832853537135174,-14.838082722283817,69.0,True
h_08,WGPETF,0.9900866959666557,-11.774444701041892,69.0,True
h_08,WGPLAF,0.9556535051706083,-8.604966250912765,69.0,True
h_08,WGRCHF,0.9539738855522699,-8.766137021503361,69.0,True
h_08,WGRSFF,0.9846477274249852,-26.55246509285543,69.0,True
h_08,WGU1AD,,,,False
h_08,WGU1BD,,,,False
h_08,WGUA2F,0.9979312112459349,-12.278871577901658,69.0,True
h_08,WGUANE,,,,True
h_08,WGUANF,0.9979817136088626,-12.276119906873012,69.0,True
h_08,WGUAVF,0.9822748462517292,-8.311373877589386,69.0,True
h_08,WGUAYE,1.0060356202749308,-14.454010303010085,138.0,True
h_08,WGUAYF,0.9760418044669904,-9.589180041150273,69.0,True
h_08,WGUERD,1.0105462244933743,-6.379766330438843,345.0,True
h_08,WGUERE,1.0029645095110786,-6.189552311193425,138.0,True
h_08,WGUERF,0.9648064922893734,-9.443457056957149,69.0,True
h_08,WGVEGF,0.9954942564526972,-26.103980941271285,69.0,True
h_08,WHAIBF,1.0042651410781553,-11.34949736656027,69.0,True
h_08,WHAINE,0.9986624857704269,-8.676835851001213,138.0,True
h_08,WHAINF,1.0042651410781553,-11.34949736656027,69.0,True
h_08,WHAT2K,0.9999999999999998,-26.354207261941134,13.800000190734863,True
h_08,WHATIF,0.991643129449644,-26.33149521097054,69.0,True
h_08,WHATIK,1.0000000000000002,-26.401384654911826,12.5,True
h_08,WHENUF,,,,False
h_08,WHERRE,0.9948079909136279,-9.441310121380008,138.0,True
h_08,WHGMOE,,,,False
h_08,WHGUEE,,,,False
h_08,WHIGUF,1.0462124552605352,-14.072931158658653,69.0,True
h_08,WHJBOF,0.9947299440640759,-25.190705043034228,69.0,True
h_08,WHLINF,,,,False
h_08,WHMA2E,0.9949335193753724,-5.095683306924012,138.0,True
h_08,WHMA2F,0.9843676523228377,-6.516288117900204,69.0,True
h_08,WHMAYF,0.9833115643283923,-6.5983284712491965,69.0,True
h_08,WHMSAF,0.9922081766163944,-17.194455342297992,69.0,True
h_08,WHNACF,,,,False
h_08,WHNS1E,0.9949761719529912,-7.440698130792377,138.0,True
h_08,WHNS1F,0.9900886844958716,-9.585645587600572,69.0,True
h_08,WHNUEF,0.9616124279577376,-16.569410602999522,69.0,True
h_08,WIAANE,1.0036615171390673,-4.537297783844186,138.0,True
h_08,WIBARF,1.0097642493685817,-11.81737146168791,69.0,True
h_08,WICAEF,1.0029036232032198,-13.99082527060377,69.0,True
h_08,WICNAF,,,,False
h_08,WIDALF,0.9947239801737674,-25.470126730965603,69.0,True
h_08,WIGASE,,,,False
h_08,WIISAF,0.9597955068722801,-7.581843871229856,69.0,True
h_08,WIMB2F,1.0142813208242523,-21.616743435047734,69.0,True
h_08,WIMBEF,1.0129345164581318,-21.685446697681872,69.0,True
h_08,WINCAF,0.9773004214752062,-16.467157885783113,69.0,True
h_08,WINCAK,0.9999999999999998,-17.213144480056258,12.470000267028809,True
h_08,WINVBF,0.9838723380253649,-10.13495478472094,69.0,True
h_08,WINVIF,0.9540164761424543,-8.769385397595041,69.0,True
h_08,WIPSIF,,,,False
h_08,WITA1E,1.0002434720338789,-8.490171419280433,138.0,True
h_08,WJARAF,0.9970459607622681,-28.21793914306601,69.0,True
h_08,WJDOLE,1.00759344928875,-4.305372230090289,138.0,True
h_08,WJIBPE,1.0110049860669446,-16.46740027554517,69.0,True
h_08,WJIGBE,1.0047072628744795,-8.862120192685083,138.0,True
h_08,WJIGUE,1.0047072628744795,-8.862120192685083,138.0,True
h_08,WJIMEF,0.9977496639198169,-28.186174809991137,69.0,True
h_08,WJSAUD,1.020322891453226,-5.880291134511347,345.0,True
h_08,WJSAUE,,,,False
h_08,WKDMBF,0.9931667686755344,-12.22938510816926,69.0,True
h_08,WKDMEF,0.9869703667309516,-12.228000480171444,69.0,True
h_08,WKINDF,1.0068260920857712,-12.407586430623622,69.0,True
h_08,WKQA1F,0.999863078273518,-12.90973855660622,69.0,True
h_08,WKQAZE,1.0135722007878032,-10.016788377066312,138.0,True
h_08,WKVEIF,,,,False
h_08,WLALFF,,,,False
h_08,WLANGE,0.9993686854399785,-16.376399222475,138.0,True
h_08,WLBARF,,,,False
h_08,WLCALF,0.9632974621627218,-8.977415472803012,69.0,True
h_08,WLCBOF,0.9937655060918893,-21.00566301483814,69.0,True
h_08,WLCOCK,1.0152354389525173,-10.378259110394481,34.5,True
h_08,WLCUAF,0.9584727812906665,-7.731526257317153,69.0,True
h_08,WLDAMF,1.013852573785561,-16.019756819704114,69.0,True
h_08,WLDAMK,1.0,-17.021477355503865,12.5,True
h_08,WLDIAF,0.9928436636852733,-9.647953127147638,69.0,True
h_08,WLGALE,0.9985294710507504,-16.326645027438058,138.0,True
h_08,WLGU2K,1.0181205252066035,-15.511149534087927,34.5,True
h_08,WLGUZE,1.0181205252066035,-15.511149534087927,138.0,True
h_08,WLGUZK,1.0181083151608545,-15.512402033214354,34.5,True
h_08,WLISAE,0.9947290863679774,-8.60038076933692,138.0,True
h_08,WLLAGF,,,,False
h_08,WLMFAF,0.9864549516276004,-13.492255277567347,69.0,True
h_08,WLMI5E,0.9939396473355213,-7.78836218186342,138.0,True
h_08,WLMI6E,0.9939376726846836,-7.789112842551405,138.0,True
h_08,WLMI7E,0.9940574779017728,-7.7457718566523415,138.0,True
h_08,WLMI7K,1.0000000000000004,-7.753748466632273,13.800000190734863,True
h_08,WLMINE,0.9939194781043352,-7.788057701021517,138.0,True
h_08,WLMINF,0.9585746250913723,-7.9692849637010506,69.0,True
h_08,WLORIE,1.0102501538761024,-3.6419757609931787,138.0,True
h_08,WLORIK,1.0490000247955324,-3.714420323910864,12.470000267028809,True
h_08,WLPARF,0.9660028138329905,-8.946697401631223,69.0,True
h_08,WLPENF,0.9941112013479255,-24.392899577572273,69.0,True
h_08,WLPRAE,0.9926066926006313,-9.4409563599767,138.0,True
h_08,WLROME,0.9996900804786705,-5.068571852409887,138.0,True
h_08,WLROMF,1.0076076438852801,-8.543664752824679,69.0,True
h_08,WLRPUF,1.0046951270749687,-8.976425356737037,69.0,True
h_08,WLTORF,1.0010419038340048,-12.5788840938259,69.0,True
h_08,WLUCIF,1.0083253533986836,-12.629759158704605,69.0,True
h_08,WLUPEF,1.0083984298714879,-22.144976682689467,69.0,True
h_08,WLVEGF,0.9951189164040876,-26.55023571967768,69.0,True
h_08,WLVICE,0.9957232379699928,-7.29002743304471,138.0,True
h_08,WLVICK,0.9957232379699928,-7.29002743304471,34.5,True
h_08,WLVPEF,0.9966927831372002,-26.835165438337178,69.0,True
h_08,WMAGUF,0.9977501630408866,-12.696386978131521,69.0,True
h_08,WMAIMF,0.9899356900381612,-22.410350698145123,69.0,True
h_08,WMARAF,0.9713461530668497,-9.445167627372097,69.0,True
h_08,WMARAK,0.9713461530668497,-9.445167627372097,13.800000190734863,True
h_08,WMARTF,0.9536157047539959,-10.717861964659908,69.0,True
h_08,WMARTK,0.9536157047539959,-10.717861964659908,34.5,True
h_08,WMAT1E,0.9802158675019758,-27.397498998222318,138.0,True
h_08,WMATAE,0.9936797920327132,-9.05179862334422,138.0,True
h_08,WMATBE,0.9936797920327132,-9.05179862334422,138.0,True
h_08,WMEGAF,0.9575214631627093,-8.016488412561419,69.0,True
h_08,WMERCF,0.9900866959666557,-11.774444701041892,69.0,True
h_08,WMETAE,0.9936586034579038,-9.053001680336898,138.0,True
h_08,WMETAK,0.9900000095367432,-9.382983467905978,13.199999809265137,True
h_08,WMETBF,0.9930550083471305,-9.6372871615983,69.0,True
h_08,WMETEE,1.0000971870750386,-8.534584038753454,138.0,True
h_08,WMETEF,0.9986603850837296,-11.454855413243257,69.0,True
h_08,WMETRE,0.9947758898155595,-8.60923263989475,138.0,True
h_08,WMETRF,0.9930550083471305,-9.6372871615983,69.0,True
h_08,WMIR1E,1.0032360415280568,-6.108203058407152,138.0,True
h_08,WMIRAK,1.0032360415280568,-6.108203058407152,34.5,True
h_08,WMLTPF,0.996482118421345,-11.666712544585959,69.0,True
h_08,WMOCAE,0.9856235418779077,-19.641040365436616,138.0,True
h_08,WMOCAF,0.9855976088431319,-24.654930834867994,69.0,True
h_08,WMONCE,0.9973403078908224,-16.211983285426925,138.0,True
h_08,WMONTE,0.9954895886830456,-15.794935019227339,138.0,True
h_08,WMOZAF,0.9619661124642072,-7.58420258897983,69.0,True
h_08,WMP2AE,1.003796803320792,-5.923338679028484,138.0,True
h_08,WMP2BE,1.003796803320792,-5.923338679028484,138.0,True
h_08,WMPALF,0.9678044327483099,-8.564983410658355,69.0,True
h_08,WMPALK,0.9678044327483099,-8.564983410658355,34.5,True
h_08,WMPL1D,,,,False
h_08,WMPL2D,,,,False
h_08,WMPLAF,0.8805973446321098,-15.532835997411059,69.0,True
h_08,WMPSOE,,,,False
h_08,WMPSOF,0.8806458076231872,-15.521394970324232,69.0,True
h_08,WMPSOK,0.8806458076231872,-15.521394970324232,20.0,True
h_08,WMRI2E,1.012065733999158,-10.033274223534798,138.0,True
h_08,WMTFNE,1.026294383234041,-9.265923091856335,138.0,True
h_08,WMTFNK,1.071288128457268,-9.313225530632769,34.5,True
h_08,WMULTF,0.9597393387684804,-7.5838276623164,69.0,True
h_08,WMVCIF,1.00946724524416,-21.27163910737882,69.0,True
h_08,WMVIEF,1.006041511578147,-15.154355956471614,69.0,True
h_08,WNAG2E,0.9798855051149102,-27.459236977427224,138.0,True
h_08,WNAG2F,,,,True
h_08,WNAGUF,0.9818821672558794,-29.6891671613298,69.0,True
h_08,WNARAD,1.0025977858832453,-11.761290433482852,345.0,True
h_08,WNARAE,,,,False
h_08,WNAV2E,1.0126752642912236,-14.194446165985354,138.0,True
h_08,WNAVAF,0.9948178697957328,-22.190362598025015,69.0,True
h_08,WNEYBF,1.0023034695411104,-16.6672371250548,69.0,True
h_08,WNIBAE,0.997202918384612,-16.584506701221425,138.0,True
h_08,WNOVOF,0.9958825443667481,-11.303604241255913,69.0,True
h_08,WOFALF,1.0203214153136941,-12.296274334530779,69.0,True
h_08,WOJIVF,1.001827178625764,-11.41621097435729,69.0,True
h_08,WPAK0E,,,,False
h_08,WPAK2E,1.011674656329912,-10.030929197741514,138.0,True
h_08,WPAK5E,1.011674656329912,-10.030929197741514,138.0,True
h_08,WPAK6E,1.011674656329912,-10.030929197741514,138.0,True
h_08,WPAL1E,0.9997859694841985,-9.141937925472737,138.0,True
h_08,WPALAF,0.9832853537135174,-14.838082722283817,69.0,True
h_08,WPALBE,1.018060932684276,-9.26708325524881,138.0,True
h_08,WPALBF,1.0007195974231602,-10.899801859086244,69.0,True
h_08,WPALEE,1.018060932684276,-9.26708325524881,138.0,True
h_08,WPAQ1K,1.0499999523162842,-11.840933763578835,4.159999847412109,True
h_08,WPARAE,0.9964410817956381,-8.624372811757771,138.0,True
h_08,WPAYAE,,,,False
h_08,WPAYBE,,,,False
h_08,WPAYIF,0.9959780161754972,-30.56903706116967,69.0,True
h_08,WPBAJF,0.999926180467455,-28.541941058955025,69.0,True
h_08,WPBBAE,,,,False
h_08,WPBLAD,,,,False
h_08,WPCA1K,1.0499999523162842,0.0,22.0,True
h_08,WPCA2K,1.0499999523162844,2.700739411385719,22.0,True
h_08,WPCATE,,,,False
h_08,WPCGLF,0.9725628188776602,-16.697865195958872,69.0,True
h_08,WPCIBF,0.968176178923727,-8.498333223781662,69.0,True
h_08,WPDISF,,,,False
h_08,WPDIVF,0.9753892176551997,-15.458418641230967,69.0,True
h_08,WPDORE,,,,True
h_08,WPDORF,1.0328297973900886,-22.550921800163334,69.0,True
h_08,WPEBPE,1.016860701709,-10.511878526838732,138.0,True
h_08,WPERAE,1.0149926168874368,-8.984090854776511,138.0,True
h_08,WPERBE,1.0149926168874368,-8.984090854776511,138.0,True
h_08,WPES1K,1.0149926168874368,-8.984090854776511,34.5,True
h_08,WPES2K,1.0149926168874368,-8.984090854776511,34.5,True
h_08,WPFLEF,,,,False
h_08,WPFMSK,1.0060356202749308,-14.454010303010085,20.0,True
h_08,WPGARF,1.0242780072070172,-22.290006914852523,69.0,True
h_08,WPHAIF,1.0040944222396784,-11.36290604694294,69.0,True
h_08,WPIDUF,0.9775655347704798,-16.297973141618193,69.0,True
h_08,WPIISF,,,,False
h_08,WPIMCF,1.0073833608352207,-20.09351549716899,69.0,True
h_08,WPIMEE,0.9910471940456489,-24.71360086375558,138.0,True
h_08,WPIMEF,0.9977017396207941,-27.84554200487663,69.0,True
h_08,WPINAF,1.0304493152887109,-18.927595058532674,69.0,True
h_08,WPIZAE,1.0125379632548035,-9.171173565356169,138.0,True
h_08,WPIZAF,1.0082074600744335,-12.654936894328111,69.0,True
h_08,WPIZBF,,,,False
h_08,WPLASF,0.9950030404156224,-11.373564901000918,69.0,True
h_08,WPLCCF,0.981035361588538,-15.365471115776312,69.0,True
h_08,WPLINF,0.9917423666003954,-14.467678394759607,69.0,True
h_08,WPLM1E,1.0142274093952204,-10.702076672438446,138.0,True
h_08,WPLM1K,1.0199999809265134,-10.752662394110088,13.800000190734863,True
h_08,WPLM2K,1.0199999809265132,-10.78116885107429,13.800000190734863,True
h_08,WPP22E,1.0182330855026724,-16.630572561600975,138.0,True
h_08,WPPELF,1.0328894134439013,-22.497498028113554,69.0,True
h_08,WPPL2F,,,,True
h_08,WPPLAF,1.036314539569807,-21.03947774645739,69.0,True
h_08,WPPLBF,,,,False
h_08,WPPLIF,0.9938579417748238,-22.24085134462726,69.0,True
h_08,WPPRIF,1.0089305518207248,-21.294627677800143,69.0,True
h_08,WPSCEF,0.9864058740242648,-17.55769135836924,69.0,True
h_08,WPSESK,,,,False
h_08,WPVIEE,,,,False
h_08,WQ1SPK,1.0,-14.120244762121896,13.800000190734863,True
h_08,WQCORF,0.9963810653858215,-13.087497936759924,69.0,True
h_08,WQU11D,1.0099043247101642,-14.037679806732125,230.0,True
h_08,WQU12K,0.9999999999999998,-14.123845278307222,13.800000190734863,True
h_08,WQU21D,1.0099043247101642,-14.037679806732125,230.0,True
h_08,WQU21K,1.0,-14.123845278307218,13.800000190734863,True
h_08,WQUINF,1.0028943987077723,-20.90355661834986,69.0,True
h_08,WQUISD,,,,True
h_08,WQUISE,,,,False
h_08,WRARRF,0.992729799967952,-21.09562729834287,69.0,True
h_08,WRBL1K,,,,False
h_08,WRBL2K,,,,False
h_08,WRBLAF,1.0224741241054398,-17.86231398790173,69.0,True
h_08,WRCHAF,1.0136407589353111,-10.466661906327406,69.0,True
h_08,WREFIF,0.9975425232478639,-11.567195430817456,69.0,True
h_08,WRINCF,0.9954151776817627,-23.01073315887534,69.0,True
h_08,WRNUEF,0.9950797385847306,-23.037587910385206,69.0,True
h_08,WRPELF,0.9737397938743906,-9.637582074890208,69.0,True
h_08,WRSJUE,0.9780120936928273,-27.633080317663243,138.0,True
h_08,WRZMOK,,,,False
h_08,WSABAF,1.0028926371777889,-11.70710039234668,69.0,True
h_08,WSAJ1E,1.004521295624882,-14.92351922863992,138.0,True
h_08,WSALCE,0.9823347211675781,-21.207469681497155,138.0,True
h_08,WSALIF,1.0095296031925227,-13.932942609480078,69.0,True
h_08,WSAMAE,0.9665430423928554,-29.26933359487557,138.0,True
h_08,WSANCE,0.9708224096817213,-28.830907884649655,138.0,True
h_08,WSANTE,1.0127107144276624,-9.151662969222864,138.0,True
h_08,WSANTK,1.0127107144276624,-9.151662969222864,34.5,True
h_08,WSCANF,0.9957961498893577,-12.240280210985096,69.0,True
h_08,WSCANK,0.9957961498893577,-12.240280210985096,34.5,True
h_08,WSCNOE,1.0017147635987929,-9.264811780239715,138.0,True
h_08,WSESTE,1.010006888817769,-3.593112258884393,138.0,True
h_08,WSFELE,,,,True
h_08,WSFMAE,0.982028224661433,-23.682205347894648,138.0,True
h_08,WSFMAF,0.9814237709760866,-26.160748445692192,69.0,True
h_08,WSIBBE,0.9994836010873961,-4.222595684570641,138.0,True
h_08,WSJMAF,0.9935183186607213,-21.06781323562011,69.0,True
h_08,WSJOCF,0.9965026133010171,-16.604319455392755,69.0,True
h_08,WSJU2E,1.00912227457978,-10.964076159593901,138.0,True
h_08,WSJU2F,0.9994205878176621,-12.189772254389968,69.0,True
h_08,WSJUAF,0.9966441791785423,-12.361662868353097,69.0,True
h_08,WSKAPF,0.990133753449832,-11.771858210034583,69.0,True
h_08,WSLCOE,,,,False
h_08,WSLORK,0.9999999999999999,-8.483147650900467,13.800000190734863,True
h_08,WSMARF,0.9854153945004962,-6.533348246805562,69.0,True
h_08,WSODOF,1.0060301436967263,-15.155472887008901,69.0,True
h_08,WSOSUF,1.0357444598860976,-25.41629319098809,69.0,True
h_08,WSPB1K,1.0499999523162842,-3.7129113103834563,13.800000190734863,True
h_08,WSPBEE,1.0108540320000017,-3.512271708935571,138.0,True
h_08,WSPERF,0.9453456028296617,-11.660309351606363,69.0,True
h_08,WSPEVF,,,,False
h_08,WSPM2E,1.0108116458591028,-3.4598071943111384,138.0,True
h_08,WSPMAE,1.009837538277124,-3.6696917853480815,138.0,True
h_08,WSPMAF,1.00263994802184,-7.52932808135483,69.0,True
h_08,WSPMBE,1.009837538277124,-3.6696917853480815,138.0,True
h_08,WSPRIF,0.9281737914588443,-12.595068531268934,69.0,True
h_08,WSRODE,0.9902363258336063,-16.88326104156852,138.0,True
h_08,WSYASF,1.0251602055483984,-26.500589361623188,69.0,True
h_08,WSYEGF,0.9981599147580738,-12.267128193736493,69.0,True
h_08,WTAAGK,,,,False
h_08,WTAAVK,,,,False
h_08,WTAG1K,,,,False
h_08,WTAG2K,,,,False
h_08,WTAMAF,0.9892733169869855,-9.594845974107558,69.0,True
h_08,WTANOK,,,,False
h_08,WTAV1K,0.9999999999999998,-16.414985050193692,13.800000190734863,True
h_08,WTAVBE,,,,False
h_08,WTBA1K,,,,False
h_08,WTBA2K,,,,False
h_08,WTCE1K,,,,False
h_08,WTCE2K,,,,False
h_08,WTCEMK,,,,False
h_08,WTDAJK,,,,False
h_08,WTEMPF,0.9567997663485018,-8.010379876300103,69.0,True
h_08,WTESAK,,,,False
h_08,WTFA1K,,,,False
h_08,WTFA2K,,,,False
h_08,WTFA3K,,,,False
h_08,WTHAGK,,,,False
h_08,WTHAIF,0.9875110029618428,-9.811944185557788,69.0,True
h_08,WTIM2E,0.9926531363698143,-8.112737649729052,138.0,True
h_08,WTIM2F,0.9628936795417803,-7.348709204507112,69.0,True
h_08,WTIMBF,0.9622613016459048,-7.429118314445636,69.0,True
h_08,WTIREF,1.0092644172593572,-30.20962515106815,69.0,True
h_08,WTIT1K,,,,False
h_08,WTIT2K,,,,False
h_08,WTJI1K,,,,False
h_08,WTJI2K,,,,False
h_08,WTJIMK,,,,False
h_08,WTLANK,,,,False
h_08,WTMAGK,,,,False
h_08,WTMBBF,,,,True
h_08,WTMI5K,,,,False
h_08,WTMI6K,,,,False
h_08,WTMNTK,,,,False
h_08,WTMONK,,,,False
h_08,WTMR1K,,,,False
h_08,WTMR2K,,,,False
h_08,WTNNAK,,,,False
h_08,WTORGF,1.0211812120480086,-12.11997484645355,69.0,True
h_08,WTPA1K,,,,False
h_08,WTPG1K,,,,False
h_08,WTPG2K,,,,False
h_08,WTPG3K,,,,False
h_08,WTPI1K,,,,False
h_08,WTPI2K,,,,False
h_08,WTRINK,,,,False
h_08,WTRJCK,,,,False
h_08,WTROQF,1.0138481712110876,-20.88520548988169,69.0,True
h_08,WTSABK,,,,False
h_08,WTSE1K,,,,False
h_08,WTSFVK,,,,False
h_08,WTSPVK,,,,False
h_08,WTSYEK,,,,False
h_08,WTTA1K,,,,False
h_08,WTTA2K,,,,False
h_08,WTTITF,0.9618568941840029,-7.435981374698305,69.0,True
h_08,WTTO1K,,,,False
h_08,WTVA1K,,,,False
h_08,WTVA2K,,,,False
h_08,WTVE1K,,,,False
h_08,WTZFPF,,,,False
h_08,WUASDE,0.9937135968349247,-8.840778971035387,138.0,True
h_08,WUMEDF,0.986427173471679,-17.55608445852217,69.0,True
h_08,WVALBE,1.0062189486034832,-9.017981696415204,138.0,True
h_08,WVALDE,1.0062189486034832,-9.017981696415204,138.0,True
h_08,WVALLF,0.9980053361791176,-12.334467761686902,69.0,True
h_08,WVALTF,0.9599041245900664,-17.289471260052245,69.0,True
h_08,WVDU1E,,,,True
h_08,WVDUAF,,,,False
h_08,WVILAE,,,,False
h_08,WVILLF,0.9965032767457117,-12.60144011682292,69.0,True
h_08,WVMAOE,1.000360622254636,-15.698866170533185,138.0,True
h_08,WVMELE,0.9922504393539501,-8.712992532372569,138.0,True
h_08,WVNOBF,0.9871723383814182,-12.773677238211006,69.0,True
h_08,WVOLGF,0.9865510871109772,-17.55036481914192,69.0,True
h_08,WX1PAK,,,,False
h_08,WXABIF,0.9931026034188205,-22.277593357213455,69.0,True
h_08,WXABRF,1.009390844613042,-11.787579112510798,69.0,True
h_08,WXAD2F,1.0071646924508844,-14.498833094813328,69.0,True
h_08,WXADOF,1.0074070585218884,-14.594129595590314,69.0,True
h_08,WXAHGF,0.9762473396738068,-15.063992678133793,69.0,True
h_08,WXAHMF,0.9878222918356404,-26.77039004571037,69.0,True
h_08,WXAISF,1.0048235312562879,-14.888592271236368,69.0,True
h_08,WXALDF,1.0211597046956369,-12.121410723028948,69.0,True
h_08,WXALIF,0.9784891475753836,-14.99183965087568,69.0,True
h_08,WXAORF,0.9823283839718311,-9.6342414250942,69.0,True
h_08,WXAPFF,1.0122406523957173,-19.72470244926952,69.0,True
h_08,WXAPPF,1.0387528679933895,-24.473119114677417,69.0,True
h_08,WXAQUF,,,,False
h_08,WXARDF,1.0075309274379862,-14.641716123279725,69.0,True
h_08,WXASOF,1.0390676711592903,-25.08702892557124,69.0,True
h_08,WXBA1F,,,,False
h_08,WXBA2F,,,,True
h_08,WXBASF,0.973801265578388,-9.570439607322044,69.0,True
h_08,WXBAYF,,,,False
h_08,WXBDEF,0.9849018514976747,-22.688948806437853,69.0,True
h_08,WXBLEF,0.9914070638305906,-9.228712597071508,69.0,True
h_08,WXBMAF,0.9947262994770226,-15.28641440213692,69.0,True
h_08,WXBOHF,0.9976158965536572,-11.876909928243036,69.0,True
h_08,WXBPEF,1.0038894833628733,-19.11301275331724,69.0,True
h_08,WXCA1K,1.0149826759692917,-8.99074935847062,34.5,True
h_08,WXCABF,0.9623023575307529,-16.526764965523203,69.0,True
h_08,WXCANF,,,,False
h_08,WXCARF,0.9877021663825322,-12.148659483473946,69.0,True
h_08,WXCATF,0.971341501165764,-8.488792890220473,69.0,True
h_08,WXCB2F,,,,False
h_08,WXCBAF,0.9935325597052502,-11.927824687238157,69.0,True
h_08,WXCC1E,,,,False
h_08,WXCC3E,,,,False
h_08,WXCCOF,1.0075187552063818,-14.642782017600092,69.0,True
h_08,WXCDAF,0.9740245709985179,-16.62373636066074,69.0,True
h_08,WXCDLF,0.9867855412270005,-26.788198434282087,69.0,True
h_08,WXCENF,0.9817963340503582,-26.679743939337737,69.0,True
h_08,WXCHAF,1.0136407589353111,-10.466661906327406,69.0,True
h_08,WXCIGF,1.0023378267073533,-7.544210227478048,69.0,True
h_08,WXCINF,0.9600680427753282,-17.282475267442077,69.0,True
h_08,WXCNAF,0.9966306976446783,-7.76907711270331,69.0,True
h_08,WXCOCF,,,,False
h_08,WXCODF,0.9930550083471305,-9.6372871615983,69.0,True
h_08,WXCORF,0.9894148334937211,-22.798840679725476,69.0,True
h_08,WXCSAF,0.9773479461977997,-16.413676752773082,69.0,True
h_08,WXCTAF,0.9956619673902836,-23.873094674441614,69.0,True
h_08,WXCU1K,1.0039280415564829,-4.207784289347433,34.5,True
h_08,WXCU2K,1.0039280415564829,-4.207784289347433,34.5,True
h_08,WXCU4K,1.0039280415564829,-4.207784289347433,34.5,True
h_08,WXDBRF,1.0023378267073533,-7.544210227478048,69.0,True
h_08,WXDISF,0.9580701827625597,-16.889328763052173,69.0,True
h_08,WXDROF,0.9934790829733466,-12.77730374025162,69.0,True
h_08,WXDURF,,,,False
h_08,WXEANF,1.0119097033389695,-19.739349468243766,69.0,True
h_08,WXECHF,0.9779418437236639,-26.447774002337066,69.0,True
h_08,WXES2K,,,,False
h_08,WXES3K,,,,False
h_08,WXESPF,0.9785225515012549,-22.9959758889774,69.0,True
h_08,WXEV4K,1.0199999809265137,-3.47567517576337,13.800000190734863,True
h_08,WXGALF,0.9569671937046613,-8.469408242408743,69.0,True
h_08,WXGAVF,0.982735844137842,-8.31260658956854,69.0,True
h_08,WXGBOF,0.9985451460630034,-11.48453744349954,69.0,True
h_08,WXGOYF,1.0048235312562879,-14.888592271236368,69.0,True
h_08,WXGPLF,0.9556535051706083,-8.604966250912765,69.0,True
h_08,WXGRCF,,,,False
h_08,WXGRMF,0.9685013983979264,-9.447120091237235,69.0,True
h_08,WXGRSF,0.9846600833946674,-26.551994554404725,69.0,True
h_08,WXGU2F,0.997949063881001,-12.27756096974864,69.0,True
h_08,WXHACF,0.9930270106888106,-9.640043165785455,69.0,True
h_08,WXHE1F,1.0212301752196093,-12.106942116166488,69.0,True
h_08,WXHE2F,,,,False
h_08,WXHHIF,1.0017079903957709,-7.569696893372848,69.0,True
h_08,WXHJBF,0.9947401438108018,-25.190410756386257,69.0,True
h_08,WXHMSF,0.9922235695387992,-17.193406272654236,69.0,True
h_08,WXHNAF,,,,False
h_08,WXHNUF,0.961941445705683,-16.55555459595908,69.0,True
h_08,WXIBAF,1.009764657696579,-11.817351294878845,69.0,True
h_08,WXICAF,1.0029069746580466,-13.99069945821065,69.0,True
h_08,WXICNF,,,,False
h_08,WXIDAF,0.9947308027756249,-25.469620321392313,69.0,True
h_08,WXIDUF,0.9775655347704798,-16.297973141618193,69.0,True
h_08,WXIISF,0.9597977938919869,-7.58175334598935,69.0,True
h_08,WXIMBF,1.0137258491798051,-21.644442722646588,69.0,True
h_08,WXINAF,0.9604021490820565,-7.559579919755231,69.0,True
h_08,WXINDF,0.9952076793601962,-26.369044247043462,69.0,True
h_08,WXINVF,0.9541159347191674,-8.760053455072391,69.0,True
h_08,WXIPRF,,,,False
h_08,WXIPSF,0.9775655347704798,-16.297973141618193,69.0,True
h_08,WXJIMF,0.9977496639198169,-28.186174809991137,69.0,True
h_08,WXJINF,1.01458902151207,-16.035009262547604,69.0,True
h_08,WXKINF,1.0077505021794309,-12.347315134019995,69.0,True
h_08,WXKVEF,0.9653920261684267,-9.187809473484917,69.0,True
h_08,WXLADF,0.9611640469674696,-9.125407002785069,69.0,True
h_08,WXLALF,,,,False
h_08,WXLC1E,1.0152496605775982,-10.37490328924174,138.0,True
h_08,WXLCAF,0.9632974621627218,-8.977415472803012,69.0,True
h_08,WXLCBF,0.9961588591479661,-20.901135086354973,69.0,True
h_08,WXLFAF,0.995528087223139,-15.109528131937472,69.0,True
h_08,WXLPAF,0.9660203855155726,-8.945102747777863,69.0,True
h_08,WXLPEF,0.9941112013479255,-24.392899577572273,69.0,True
h_08,WXLUCK,1.0082292220806781,-12.631517632149885,34.5,True
h_08,WXLULF,1.0082074600744335,-12.654936894328111,69.0,True
h_08,WXLUPF,,,,True
h_08,WXMAGF,0.9977501630408866,-12.696386978131521,69.0,True
h_08,WXMAIF,0.9901795240033613,-22.395956127191905,69.0,True
h_08,WXMALF,0.9903820016127898,-11.753771068635475,69.0,True
h_08,WXMARF,0.9710663116482665,-9.500643462664211,69.0,True
h_08,WXMATK,0.9802158675019758,-27.397498998222318,34.5,True
h_08,WXMEGF,0.9577817470968093,-7.995456635254649,69.0,True
h_08,WXMETE,,,,False
h_08,WXMETF,0.9985451460630034,-11.48453744349954,69.0,True
h_08,WXMOZF,,,,False
h_08,WXMPAF,0.9647581693786128,-9.23322334898817,69.0,True
h_08,WXMPGK,,,,False
h_08,WXMPSF,0.8805973446321098,-15.532835997411059,69.0,True
h_08,WXMV2F,1.006041511578147,-15.154355956471614,69.0,True
h_08,WXMVAF,,,,False
h_08,WXNAGF,,,,False
h_08,WXNOVF,0.9951843185222745,-11.365257298258198,69.0,True
h_08,WXOC2F,1.0113948056930828,-19.780113175070156,69.0,True
h_08,WXOFAF,1.020321865431646,-12.296197606933852,69.0,True
h_08,WXOLVF,0.9990633640783314,-21.495845959497053,69.0,True
h_08,WXPA1K,1.0,-10.121568048159583,11.0,True
h_08,WXPA3K,0.9999999999999996,-10.111121618333629,15.0,True
h_08,WXPA4K,1.0,-10.09649013207648,11.0,True
h_08,WXPC2F,0.968176178923727,-8.498333223781662,69.0,True
h_08,WXPCGF,0.9725628188776602,-16.697865195958872,69.0,True
h_08,WXPCIF,0.9721546419954954,-8.139977238954645,69.0,True
h_08,WXPETF,0.9902631360296532,-11.762135895800702,69.0,True
h_08,WXPFLF,1.0212007499867957,-12.114886588008769,69.0,True
h_08,WXPFSK,1.004521295624882,-14.92351922863992,34.5,True
h_08,WXPGAF,1.0243027609119193,-22.28882353735546,69.0,True
h_08,WXPGMF,1.0082074600744335,-12.654936894328111,69.0,True
h_08,WXPHAF,1.004119470082584,-11.361824838367609,69.0,True
h_08,WXPI4K,1.0000000000000004,-24.766727147873585,13.800000190734863,True
h_08,WXPIDF,1.0082074600744335,-12.654936894328111,69.0,True
h_08,WXPINF,,,,False
h_08,WXPLCF,0.9811720568561594,-15.352260735679343,69.0,True
h_08,WXPPEF,1.0328894134439013,-22.497498028113554,69.0,True
h_08,WXPPLF,,,,False
h_08,WXPPRF,1.00895078467985,-21.293879576496664,69.0,True
h_08,WXPS1K,1.014462089229021,-13.64882051825461,34.5,True
h_08,WXPY1K,,,,False
h_08,WXQAZF,,,,False
h_08,WXQCOF,0.9963810653858215,-13.087497936759924,69.0,True
h_08,WXRARF,0.9959153798874676,-20.916150203692897,69.0,True
h_08,WXRIEF,,,,False
h_08,WXRINF,0.9958776426035618,-23.034461259042637,69.0,True
h_08,WXSADF,,,,False
h_08,WXSESE,1.0101856689085629,-3.594772592024583,138.0,True
h_08,WXSESF,1.0006621714514468,-7.704065097636172,69.0,True
h_08,WXSI1K,1.0,-4.227711786759926,13.800000190734863,True
h_08,WXSODF,1.0060361560854212,-15.154892195974464,69.0,True
h_08,WXSOSF,1.0357444598860976,-25.41629319098809,69.0,True
h_08,WXSPRF,0.9281737914588443,-12.595068531268934,69.0,True
h_08,WXSYEF,0.9978296518902141,-12.335554386777204,69.0,True
h_08,WXTAMF,0.9574389616609313,-8.005244650381831,69.0,True
h_08,WXTDAF,0.9515642373603934,-11.118547742529874,69.0,True
h_08,WXTH1F,0.9875108093627223,-9.811941116397897,69.0,True
h_08,WXTH2F,0.9875109136402097,-9.811942769526755,69.0,True
h_08,WXTISF,1.0087568347668228,-14.97936806853462,69.0,True
h_08,WXTREFF,0.9975425232478639,-11.567195430817456,69.0,True
h_08,WXTROF,1.0138670069029496,-20.884400952065445,69.0,True
h_08,WXTTIF,0.9618568941840029,-7.435981374698305,69.0,True
h_08,WXVALF,0.9599041245900664,-17.289471260052245,69.0,True
h_08,WXVILF,0.9965032767457117,-12.60144011682292,69.0,True
h_08,WXVL1K,,,,False
h_08,WXWC2K,1.003796803320792,-5.923338679028484,34.5,True
h_08,WXWC3K,1.003796803320792,-5.923338679028484,34.5,True
h_08,WXYAGF,1.002425353302997,-14.11911015635597,69.0,True
h_08,WXZAMF,0.9611640469674696,-9.125407002785069,69.0,True
h_08,WXZFBF,,,,False
h_08,WXZFHF,,,,False
h_08,WXZFNF,,,,False
h_08,WXZGUF,1.00924755119992,-21.619585286710855,69.0,True
h_08,WXZHAF,0.9537478477302136,-8.787308284839186,69.0,True
h_08,WXZISF,,,,False
h_08,WXZPPF,,,,False
h_08,WXZSPF,0.9983844492187,-7.977117084064146,69.0,True
h_08,WYAGUF,1.002425353302997,-14.11911015635597,69.0,True
h_08,WYAMAF,0.8966023335224829,-14.670736105679463,69.0,True
h_08,WZFALF,,,,False
h_08,WZFAMF,,,,False
h_08,WZFBAF,,,,False
h_08,WZFDRF,,,,False
h_08,WZFESF,,,,False
h_08,WZFGIF,,,,False
h_08,WZFGUF,,,,False
h_08,WZFISF,,,,False
h_08,WZFLIF,,,,False
h_08,WZFMCF,,,,False
h_08,WZFPPF,,,,False
h_08,WZFS2F,,,,False
h_08,WZFSAE,,,,False
h_08,WZFSAF,,,,False
h_08,WZFSFF,,,,False
h_08,WZFSIF,,,,False
h_08,WZFSPF,,,,False
h_08,WZFVAF,,,,False
h_08,WZFVEF,,,,False
h_08,WZHAIF,0.9537480251620176,-8.787315196540161,69.0,True
h_08,ZXOJIF,,,,False
h_09,WAANDE,1.0049283856523572,0.9988996466577637,138.0,True
h_09,WABCOF,1.001916192329971,-13.853901510189909,69.0,True
h_09,WABISF,0.9885254567793512,-21.372285718572606,69.0,True
h_09,WABRUF,0.9538351850553733,-6.396573281724291,69.0,True
h_09,WACIBF,1.0063880882297578,-18.9753604433674,69.0,True
h_09,WACLAE,1.0153611975008945,-11.167844592438964,138.0,True
h_09,WACLAK,1.0168284542541968,-11.174994826807168,34.5,True
h_09,WADMIF,,,,False
h_09,WADOMF,1.0184304511324356,-11.168675636838879,69.0,True
h_09,WAGUAE,1.0050843769382942,-7.537281810588897,138.0,True
h_09,WAGUBE,1.0050843769382942,-7.537281810588897,138.0,True
h_09,WAHMIF,0.9853466940667487,-26.09090543917386,69.0,True
h_09,WAHO1E,0.9940809649599963,-7.408235722132726,138.0,True
h_09,WAHO2E,0.9940809649599963,-7.408235722132726,138.0,True
h_09,WAHOBF,0.9933758950723853,-9.960129617566272,69.0,True
h_09,WAHONF,0.9933758950723853,-9.960129617566272,69.0,True
h_09,WAIAMF,,,,False
h_09,WAIAZF,,,,False
h_09,WAIBAF,,,,False
h_09,WAIISF,,,,False
h_09,WAISAF,,,,False
h_09,WAISCF,1.0052829710158675,-13.053077819393827,69.0,True
h_09,WAISOF,1.030418389755325,-24.336837589332323,69.0,True
h_09,WAIUNF,,,,False
h_09,WAIZSF,,,,False
h_09,WAORIF,0.977716804815609,-7.287222318985087,69.0,True
h_09,WAPERF,1.0054268356034182,-28.500991372169175,69.0,True
h_09,WAPFAF,1.008087216323671,-18.820772661528164,69.0,True
h_09,WAQUIF,0.999325459484345,-19.902517945570395,69.0,True
h_09,WASOEF,0.9917607993952586,-10.772356159780852,69.0,True
h_09,WAZUAF,0.9886385986066342,-13.20396741516472,69.0,True
h_09,WBALDF,1.0084179135419005,-18.790604439672183,69.0,True
h_09,WBANIF,0.9961733929770086,-13.12282756291018,69.0,True
h_09,WBAPEF,0.9950329393809633,-13.503274745190717,69.0,True
h_09,WBARAF,0.9938381793655661,-11.267426990432364,69.0,True
h_09,WBARCE,,,,False
h_09,WBASIF,0.972387323362518,-6.8580648051091755,69.0,True
h_09,WBAYAE,1.0169864324189632,-7.132616108281825,138.0,True
h_09,WBAYAK,1.016810428800609,-7.1353095839951095,34.5,True
h_09,WBAYOF,0.990998628394651,-11.051513049129177,69.0,True
h_09,WBCARF,,,,False
h_09,WBCARK,0.9999999999999998,-7.166394539174526,13.800000190734863,True
h_09,WBCHIE,0.9991137408457668,-1.5755612039173208,138.0,True
h_09,WBCHIF,0.977988282247799,-4.77103913367045,69.0,True
h_09,WBDERF,0.9803699350287897,-21.797966111681053,69.0,True
h_09,WBDERK,0.9999999999999999,-21.9170765636284,13.800000190734863,True
h_09,WBENEF,1.0270013280081394,-6.180765696821371,69.0,True
h_09,WBERSF,,,,False
h_09,WBLECF,0.9965386567060881,-4.176035572363142,69.0,True
h_09,WBMATF,0.9942620368971125,-13.389340365484866,69.0,True
h_09,WBNVFF,,,,False
h_09,WBON2E,1.000700265037875,-13.17640777398286,138.0,True
h_09,WBON2F,,,,False
h_09,WBON3C,,,,False
h_09,WBON3D,1.012117351635541,-7.627707681774307,345.0,True
h_09,WBON3E,1.0007692441248417,-13.173340452277213,138.0,True
h_09,WBONAF,0.9948776887207604,-18.714977797421543,69.0,True
h_09,WBOPEF,,,,False
h_09,WBPOPF,0.9906591672816955,-8.533938584947782,69.0,True
h_09,WBVISF,1.017397566071187,-4.167620253425561,69.0,True
h_09,WCABAF,1.0223341260075312,-25.264012153164465,69.0,True
h_09,WCALAE,1.0175728583076502,-6.532976030534379,138.0,True
h_09,WCALBE,1.0175728583076502,-6.532976030534379,138.0,True
h_09,WCANAE,,,,True
h_09,WCANAF,,,,True
h_09,WCAPOF,0.9495091964993599,-8.626280063699385,69.0,True
h_09,WCATAF,0.9633735660593391,-6.0695751343798,69.0,True
h_09,WCAYAF,0.9797232736805415,-5.398511947703237,69.0,True
h_09,WCBOHF,0.9940873207631357,-11.07832010281868,69.0,True
h_09,WCBYNF,0.9574007708367264,-15.629218449807883,69.0,True
h_09,WCC21E,1.0100157173736612,-8.944635224265069,138.0,True
h_09,WCCA2F,1.0088901926904135,-10.28940581188644,69.0,True
h_09,WCCABF,1.0088780548155791,-10.3285666653825,69.0,True
h_09,WCCARF,0.9613030274498394,-6.242561189288412,69.0,True
h_09,WCCIBF,1.0060636019365954,-20.394236913918334,69.0,True
h_09,WCDAGF,0.9740420913219776,-15.310626997381224,69.0,True
h_09,WCEMEE,1.0106253974063664,-0.22240994663524777,138.0,True
h_09,WCENOF,0.9785412785860335,-25.9535686977201,69.0,True
h_09,WCEPPF,,,,False
h_09,WCES1K,1.0199999809265137,-0.2859397157460961,13.800000190734863,True
h_09,WCES2K,1.0199999809265137,-0.2859397157460961,13.800000190734863,True
h_09,WCES3K,1.0199999809265132,-0.27639182690345715,13.800000190734863,True
h_09,WCESPF,0.9733493029247049,-22.135267404762878,69.0,True
h_09,WCESPK,,,,False
h_09,WCINDF,,,,False
h_09,WCLUIE,1.004562053674693,-2.5559772934389158,138.0,True
h_09,WCNACF,,,,False
h_09,WCNPEE,0.9915874721654014,-7.277794755321978,138.0,True
h_09,WCNSLF,,,,False
h_09,WCOAPE,1.0130957682127375,0.5784138505141714,138.0,True
h_09,WCOCOF,1.0111524500770472,-14.16713766221512,69.0,True
h_09,WCODAF,0.9850059457533942,-25.942280575415484,69.0,True
h_09,WCOHEF,1.0176184553263126,-11.336894872889658,69.0,True
h_09,WCONSF,1.0096883747102954,-30.444452877375227,69.0,True
h_09,WCORMF,0.985657173490923,-22.234922943153446,69.0,True
h_09,WCOTAE,1.0050977423827594,0.5025259651272553,138.0,True
h_09,WCOTBE,1.0050977423827594,0.5025259651272553,138.0,True
h_09,WCOTUF,0.9871463559869772,-26.61935677210245,69.0,True
h_09,WCPVCF,0.9763386443358035,-15.200998692385769,69.0,True
h_09,WCSATF,0.9774042347155282,-15.108568801131314,69.0,True
h_09,WCSO1K,1.0050977423827594,0.5025259651272553,34.5,True
h_09,WCSO2K,1.0050977423827594,0.5025259651272553,34.5,True
h_09,WCSO3K,1.0050977423827594,0.5025259651272553,34.5,True
h_09,WCSOLK,,,,False
h_09,WCTP1D,,,,False
h_09,WCTP2D,,,,False
h_09,WCUMAE,1.012039520764218,0.9352576776190328,138.0,True
h_09,WCUMBE,1.012039520764218,0.9352576776190328,138.0,True
h_09,WCVEGF,0.9926194134309357,-25.990737847797092,69.0,True
h_09,WCZFSF,1.0111634083919891,-18.629330089127144,69.0,True
h_09,WDAJAE,0.9898081357173284,-14.394568063626064,138.0,True
h_09,WDAJAF,,,,False
h_09,WDESPF,0.9592200044357979,-7.742409007303771,69.0,True
h_09,WDISDF,0.9560794210683737,-15.750948559160204,69.0,True
h_09,WDJAOE,0.9807469557684914,-6.299712737697584,138.0,True
h_09,WDJAOF,0.95421832302467,-8.132268037248918,69.0,True
h_09,WDPEDF,1.0041143198741125,-20.639537944613156,69.0,True
h_09,WDRODF,0.9936632377674278,-11.017157109100902,69.0,True
h_09,WDRODK,0.9981421274226653,-11.030091075046172,12.470000267028809,True
h_09,WDRODM,,,,False
h_09,WDURAF,,,,False
h_09,WDUVEF,1.0175266922382984,-14.257842212195548,69.0,True
h_09,WEABAF,,,,False
h_09,WEBRIE,0.987072144494633,-6.479476085742329,138.0,True
h_09,WECHIF,0.9733769709104465,-25.779917857078814,69.0,True
h_09,WELJIF,1.0055250516804084,-20.423898493529634,69.0,True
h_09,WEM21K,1.0,-6.789215972258761,13.800000190734863,True
h_09,WEMA2E,,,,False
h_09,WEMA2F,,,,False
h_09,WEMA3F,0.9590939518431402,-7.741671920131942,69.0,True
h_09,WEMB2F,,,,False
h_09,WEMB3F,0.9600433155889647,-7.611285284821509,69.0,True
h_09,WEMBAE,0.9896566097624139,-8.30389756709739,138.0,True
h_09,WENADE,1.0049278650376707,0.9987394110451147,138.0,True
h_09,WENE4E,1.01134436016927,-0.14500143043276342,138.0,True
h_09,WEPINF,0.9830492174450768,-12.129260096324789,69.0,True
h_09,WERIOF,1.0032902168489477,-29.052109383604176,69.0,True
h_09,WESEIE,0.9963091256374599,-1.0381921933039822,138.0,True
h_09,WESM3F,,,,False
h_09,WESM3K,,,,False
h_09,WESOCE,1.0097853800106011,-0.09889215310732778,138.0,True
h_09,WESP1E,1.0141126185887381,-11.56424663166587,138.0,True
h_09,WFALCE,1.0007755096776965,-13.173437440266179,138.0,True
h_09,WFALCF,1.0054570241942369,-17.797776907575198,69.0,True
h_09,WFALCK,,,,True
h_09,WFALCM,,,,False
h_09,WFANTF,0.9900149664915023,-22.727448792426536,69.0,True
h_09,WFNEGF,,,,False
h_09,WFOCHF,1.0068583465214607,-18.90473216866067,69.0,True
h_09,WFOLAF,,,,False
h_09,WGALAF,0.954988328410134,-8.495613222394084,69.0,True
h_09,WGBOJF,0.9956293307337315,-10.638320130365711,69.0,True
h_09,WGHACF,0.9908264153737351,-8.527747977074052,69.0,True
h_09,WGIRAE,1.0154672696030436,-6.930410964027472,138.0,True
h_09,WGIRAK,1.022699898178578,-6.9496455865927835,34.5,True
h_09,WGMALF,0.9894686837703929,-10.239533338009274,69.0,True
h_09,WGNLLE,1.0127544715799526,-11.22507214898464,138.0,True
h_09,WGNLLK,1.0144136784852318,-11.232724144383155,34.5,True
h_09,WGOYAF,1.0049632894569076,-13.065434214601806,69.0,True
h_09,WGPALF,0.9826708562264485,-13.577019882109527,69.0,True
h_09,WGPETF,0.9894301298454153,-10.247503964678469,69.0,True
h_09,WGPLAF,0.9537008489006173,-8.632069484336599,69.0,True
h_09,WGRCHF,0.9520011238639927,-8.795282038928887,69.0,True
h_09,WGRSFF,0.9829494615589506,-25.679320413036248,69.0,True
h_09,WGU1AD,,,,False
h_09,WGU1BD,,,,False
h_09,WGUA2F,0.9977006615513492,-10.579934366443185,69.0,True
h_09,WGUANE,,,,True
h_09,WGUANF,0.9977482004287415,-10.577609480286627,69.0,True
h_09,WGUAVF,0.982509980000753,-5.210349358717215,69.0,True
h_09,WGUAYE,1.0074537842708042,-11.76413691907528,138.0,True
h_09,WGUAYF,0.9789597250844121,-4.581403751955595,69.0,True
h_09,WGUERD,1.0102955974872356,-4.973579872446126,345.0,True
h_09,WGUERE,1.002242956053114,-4.25529535971544,138.0,True
h_09,WGUERF,0.9662953532422528,-6.166540480274394,69.0,True
h_09,WGVEGF,0.9934853092752758,-25.517705420983972,69.0,True
h_09,WHAIBF,1.0013128965358915,-10.505260636996393,69.0,True
h_09,WHAINE,0.9965775496782862,-7.726026045251403,138.0,True
h_09,WHAINF,1.0013128965358915,-10.505260636996393,69.0,True
h_09,WHAT2K,0.9999999999999998,-25.7605977796579,13.800000190734863,True
h_09,WHATIF,0.9898000065076101,-25.73407007539806,69.0,True
h_09,WHATIK,1.0000000000000007,-25.810770937943772,12.5,True
h_09,WHENUF,,,,False
h_09,WHERRE,0.9922495224651037,-8.509466872839921,138.0,True
h_09,WHGMOE,,,,False
h_09,WHGUEE,,,,False
h_09,WHIGUF,1.0585129040406178,-8.75866822772004,69.0,True
h_09,WHJBOF,0.9922702284624291,-24.61399194775966,69.0,True
h_09,WHLINF,,,,False
h_09,WHMA2E,0.9985738325272827,-0.9901098297225764,138.0,True
h_09,WHMA2F,0.9877419188738186,-2.435987866195508,69.0,True
h_09,WHMAYF,0.9866619006053818,-2.5194949293259135,69.0,True
h_09,WHMSAF,0.9901410577430221,-16.16255033051413,69.0,True
h_09,WHNACF,,,,False
h_09,WHNS1E,0.9941896254162651,-5.621497869514264,138.0,True
h_09,WHNS1F,0.9886720502267664,-7.25505379830784,69.0,True
h_09,WHNUEF,0.9604238472270338,-15.357369698455477,69.0,True
h_09,WIAANE,1.0030538427043403,-2.439211985962872,138.0,True
h_09,WIBARF,1.0070417257905437,-10.401563033763347,69.0,True
h_09,WICAEF,1.0037450767890983,-12.04565007246365,69.0,True
h_09,WICNAF,,,,False
h_09,WIDALF,0.9922738646983311,-24.89605227735621,69.0,True
h_09,WIGASE,,,,False
h_09,WIISAF,0.9567661270769147,-7.911893340737936,69.0,True
h_09,WIMB2F,1.0093924827886638,-20.61273036338053,69.0,True
h_09,WIMBEF,1.0079833665847369,-20.68747604538873,69.0,True
h_09,WINCAF,0.9774513680101491,-15.148069522321352,69.0,True
h_09,WINCAK,1.0000000000000002,-15.91159038095039,12.470000267028809,True
h_09,WINVBF,0.9824407315890267,-7.806455427070385,69.0,True
h_09,WINVIF,0.9520513310851738,-8.798242694966834,69.0,True
h_09,WIPSIF,,,,False
h_09,WITA1E,0.9980974958793939,-7.560339356869919,138.0,True
h_09,WJARAF,0.9950171257219594,-27.78241792281548,69.0,True
h_09,WJDOLE,1.0075232536035574,-1.2770782940271728,138.0,True
h_09,WJIBPE,1.0140264626173066,-14.682129672361786,69.0,True
h_09,WJIGBE,1.0042777422363962,-7.541819038733375,138.0,True
h_09,WJIGUE,1.0042777422363962,-7.541819038733375,138.0,True
h_09,WJIMEF,0.9957349407436121,-27.74995163956289,69.0,True
h_09,WJSAUD,1.019529853940116,-5.17126703432695,345.0,True
h_09,WJSAUE,,,,False
h_09,WKDMBF,0.9894150871196195,-11.451296082346808,69.0,True
h_09,WKDMEF,0.9868760744438677,-10.643911573689143,69.0,True
h_09,WKINDF,1.0060624574729011,-10.90483213543754,69.0,True
h_09,WKQA1F,0.9992987802222552,-11.2309212636022,69.0,True
h_09,WKQAZE,1.014020903152166,-8.238429119416592,138.0,True
h_09,WKVEIF,,,,False
h_09,WLALFF,,,,False
h_09,WLANGE,0.9977895561763375,-15.351917046092666,138.0,True
h_09,WLBARF,,,,False
h_09,WLCALF,0.9635475634864653,-6.088807511684333,69.0,True
h_09,WLCBOF,0.9914720395046388,-20.321405881846154,69.0,True
h_09,WLCOCK,1.0141653251778315,-9.266860350948217,34.5,True
h_09,WLCUAF,0.955175416151873,-8.080080596286148,69.0,True
h_09,WLDAMF,1.0166423505117823,-14.237924013439994,69.0,True
h_09,WLDAMK,0.9999999999999999,-15.236065745890501,12.5,True
h_09,WLDIAF,0.9906550940959782,-8.534103108457419,69.0,True
h_09,WLGALE,0.9963343799589256,-15.291467777223556,138.0,True
h_09,WLGU2K,1.0156980823220976,-13.97936695377328,34.5,True
h_09,WLGUZE,1.0156980823220976,-13.97936695377328,138.0,True
h_09,WLGUZK,1.0156855046374158,-13.980660241398231,34.5,True
h_09,WLISAE,0.9934882257778012,-7.095494015564296,138.0,True
h_09,WLLAGF,,,,False
h_09,WLMFAF,0.985820522967805,-11.834808204175221,69.0,True
h_09,WLMI5E,0.99274066626057,-6.1628588907090505,138.0,True
h_09,WLMI6E,0.9927397855524316,-6.163649603325746,138.0,True
h_09,WLMI7E,0.9928878690416555,-6.109747061573996,138.0,True
h_09,WLMI7K,1.0000000000000002,-6.118931729014626,13.800000190734863,True
h_09,WLMINE,0.9927165108328487,-6.16249377141175,138.0,True
h_09,WLMINF,0.9562760829532447,-8.078608823568166,69.0,True
h_09,WLORIE,1.0113658021276122,-0.1496455582823047,138.0,True
h_09,WLORIK,1.049000024795532,-0.2206374403339483,12.470000267028809,True
h_09,WLPARF,0.9707706015705341,-4.83033753651034,69.0,True
h_09,WLPENF,0.9912209230349408,-23.699814195578096,69.0,True
h_09,WLPRAE,0.9900241004653368,-8.489888859621407,138.0,True
h_09,WLROME,1.007551240704921,0.11604482078853103,138.0,True
h_09,WLROMF,1.0151467924544813,-3.4043654098505725,69.0,True
h_09,WLRPUF,1.012043507555984,-3.8445712827601546,69.0,True
h_09,WLTORF,1.000485600399363,-10.914606410254216,69.0,True
h_09,WLUCIF,1.0095917395696197,-10.583469841699893,69.0,True
h_09,WLUPEF,1.0031312419388805,-21.174597738418225,69.0,True
h_09,WLVEGF,0.9927217609257406,-25.985390358394717,69.0,True
h_09,WLVICE,0.9957854903980935,-5.267501867798363,138.0,True
h_09,WLVICK,0.9957854903980935,-5.267501867798363,34.5,True
h_09,WLVPEF,0.9942027963785207,-26.25794624448888,69.0,True
h_09,WMAGUF,0.9973675491421767,-11.00928930227677,69.0,True
h_09,WMAIMF,0.9874173074260737,-21.765578821925395,69.0,True
h_09,WMARAF,0.9715867513166441,-6.547323311167889,69.0,True
h_09,WMARAK,0.9715867513166441,-6.547323311167889,13.800000190734863,True
h_09,WMARTF,0.9577349461302084,-7.356998598397969,69.0,True
h_09,WMARTK,0.9577349461302084,-7.356998598397969,34.5,True
h_09,WMAT1E,0.9818105150128966,-25.308183994281233,138.0,True
h_09,WMATAE,0.9914693207386184,-8.009072710825366,138.0,True
h_09,WMATBE,0.9914693207386184,-8.009072710825366,138.0,True
h_09,WMEGAF,0.9550442788992467,-8.140021611160922,69.0,True
h_09,WMERCF,0.9894301298454153,-10.247503964678469,69.0,True
h_09,WMETAE,0.9914574852471034,-8.010423263266013,138.0,True
h_09,WMETAK,0.990000009536743,-8.344996685982451,13.199999809265137,True
h_09,WMETBF,0.9908804550190049,-8.522591074022468,69.0,True
h_09,WMETEE,0.997958306183653,-7.597828587069468,138.0,True
h_09,WMETEF,0.9957548041034316,-10.607791440184048,69.0,True
h_09,WMETRE,0.9927845166469251,-7.379863624887113,138.0,True
h_09,WMETRF,0.9908804550190049,-8.522591074022468,69.0,True
h_09,WMIR1E,1.0026559962754031,-4.0631983240290594,138.0,True
h_09,WMIRAK,1.0026559962754031,-4.0631983240290594,34.5,True
h_09,WMLTPF,0.9936230651539237,-10.816379347278799,69.0,True
h_09,WMOCAE,0.9836452318005772,-18.584355813195536,138.0,True
h_09,WMOCAF,0.9820552176153444,-23.977774161579525,69.0,True
h_09,WMONCE,0.9966249898251128,-14.204654758976114,138.0,True
h_09,WMONTE,0.9957758051671028,-13.287258627729663,138.0,True
h_09,WMOZAF,0.9592397370688127,-7.819439063525904,69.0,True
h_09,WMP2AE,1.0035545179828824,-3.624210547229089,138.0,True
h_09,WMP2BE,1.0035545179828824,-3.624210547229089,138.0,True
h_09,WMPALF,0.9746216702419082,-3.989992696798229,69.0,True
h_09,WMPALK,0.9746216702419082,-3.989992696798229,34.5,True
h_09,WMPL1D,,,,False
h_09,WMPL2D,,,,False
h_09,WMPLAF,0.8962166706224018,-9.482486657875832,69.0,True
h_09,WMPSOE,,,,False
h_09,WMPSOF,0.8963224192643046,-9.457941833677545,69.0,True
h_09,WMPSOK,0.8963224192643046,-9.457941833677545,20.0,True
h_09,WMRI2E,1.0123962220108698,-8.254581573834761,138.0,True
h_09,WMTFNE,1.02770995742772,-7.254167001196461,138.0,True
h_09,WMTFNK,1.0727657628021623,-7.301469439972897,34.5,True
h_09,WMULTF,0.9567203289884557,-7.9135154785563415,69.0,True
h_09,WMVCIF,1.0064124457322385,-20.384921213265947,69.0,True
h_09,WMVIEF,1.0064182304507983,-13.355184655276664,69.0,True
h_09,WNAG2E,0.980278373295872,-25.681211701278556,138.0,True
h_09,WNAG2F,,,,True
h_09,WNAGUF,0.98144849094661,-28.015412563126144,69.0,True
h_09,WNARAD,1.0012955860083106,-10.97116019174948,345.0,True
h_09,WNARAE,,,,False
h_09,WNAV2E,1.0117390745864627,-12.311922889995566,138.0,True
h_09,WNAVAF,0.9902676288696576,-21.281240976495244,69.0,True
h_09,WNEYBF,1.0073344787818324,-14.785279813746056,69.0,True
h_09,WNIBAE,0.9948870586265754,-15.571294147981158,138.0,True
h_09,WNOVOF,0.9949822439738628,-9.833203268756696,69.0,True
h_09,WOFALF,1.01762807544859,-11.337239183024817,69.0,True
h_09,WOJIVF,0.9988853016933353,-10.572078458865908,69.0,True
h_09,WPAK0E,,,,False
h_09,WPAK2E,1.0120010248228397,-8.252238091778072,138.0,True
h_09,WPAK5E,1.0120010248228397,-8.252238091778072,138.0,True
h_09,WPAK6E,1.0120010248228397,-8.252238091778072,138.0,True
h_09,WPAL1E,0.9984405181900379,-7.866585699064564,138.0,True
h_09,WPALAF,0.9826708562264485,-13.577019882109527,69.0,True
h_09,WPALBE,1.0173703954649458,-7.9957282840462955,138.0,True
h_09,WPALBF,0.9996023574404692,-9.467978860639882,69.0,True
h_09,WPALEE,1.0173703954649458,-7.9957282840462955,138.0,True
h_09,WPAQ1K,1.0499999523162837,-10.572755582449023,4.159999847412109,True
h_09,WPARAE,0.994455043947308,-7.432141062322467,138.0,True
h_09,WPAYAE,,,,False
h_09,WPAYBE,,,,False
h_09,WPAYIF,0.9950811137558081,-28.92927306261373,69.0,True
h_09,WPBAJF,0.9977610222745626,-28.133508084909284,69.0,True
h_09,WPBBAE,,,,False
h_09,WPBLAD,,,,False
h_09,WPCA1K,1.0499999523162842,0.0,22.0,True
h_09,WPCA2K,1.049999952316284,1.7213188513177435,22.0,True
h_09,WPCATE,,,,False
h_09,WPCGLF,0.9725745782661048,-15.384729022832204,69.0,True
h_09,WPCIBF,0.968287719749916,-5.6271096740648066,69.0,True
h_09,WPDISF,,,,False
h_09,WPDIVF,0.9745524065003665,-14.214875310837026,69.0,True
h_09,WPDORE,,,,True
h_09,WPDORF,1.0278440833583053,-21.522118717685395,69.0,True
h_09,WPEBPE,1.0156927970371552,-9.409987953999577,138.0,True
h_09,WPERAE,1.0175932332031117,-6.519105895565308,138.0,True
h_09,WPERBE,1.0175932332031117,-6.519105895565308,138.0,True
h_09,WPES1K,1.0175932332031117,-6.519105895565308,34.5,True
h_09,WPES2K,1.0175932332031117,-6.519105895565308,34.5,True
h_09,WPFLEF,,,,False
h_09,WPFMSK,1.0074537842708042,-11.76413691907528,20.0,True
h_09,WPGARF,1.0197722627650867,-21.307238131721274,69.0,True
h_09,WPHAIF,1.0011064565620766,-10.521450223113433,69.0,True
h_09,WPIDUF,0.9775927706708822,-14.989372665077035,69.0,True
h_09,WPIISF,,,,False
h_09,WPIMCF,1.004106991401949,-19.133718157768232,69.0,True
h_09,WPIMEE,0.9907511932063539,-23.318610943277605,138.0,True
h_09,WPIMEF,0.9957051111970913,-27.122285883970093,69.0,True
h_09,WPINAF,1.0294596461935828,-18.21177953500316,69.0,True
h_09,WPIZAE,1.0139687541548694,-7.1391777520233335,138.0,True
h_09,WPIZAF,1.0092833656604203,-10.648829547389685,69.0,True
h_09,WPIZBF,,,,False
h_09,WPLASF,0.9941398462890578,-9.895363015593876,69.0,True
h_09,WPLCCF,0.9806567504695146,-14.087468392367729,69.0,True
h_09,WPLINF,0.9908892625523941,-12.780385764587335,69.0,True
h_09,WPLM1E,1.0143877013447422,-8.941898971741281,138.0,True
h_09,WPLM1K,1.0199999809265137,-8.993178528134402,13.800000190734863,True
h_09,WPLM2K,1.0199999809265137,-9.022468795619464,13.800000190734863,True
h_09,WPP22E,1.0152629295941675,-15.265529394669516,138.0,True
h_09,WPPELF,1.0279177592720614,-21.465982580210653,69.0,True
h_09,WPPL2F,,,,True
h_09,WPPLAF,1.031660897870961,-19.947962193192552,69.0,True
h_09,WPPLBF,,,,False
h_09,WPPLIF,0.9893027879710434,-21.33306375316421,69.0,True
h_09,WPPRIF,1.0058485853898855,-20.40905258264904,69.0,True
h_09,WPSCEF,0.9844006120449141,-16.521810551721384,69.0,True
h_09,WPSESK,,,,False
h_09,WPVIEE,,,,False
h_09,WQ1SPK,0.9999999999999999,-13.560843553880781,13.800000190734863,True
h_09,WQCORF,0.9956363131516627,-11.416514131072539,69.0,True
h_09,WQU11D,1.0092436377455953,-13.474760341160554,230.0,True
h_09,WQU12K,1.0000000000000002,-13.564546079063767,13.800000190734863,True
h_09,WQU21D,1.0092436377455953,-13.474760341160554,230.0,True
h_09,WQU21K,1.0000000000000002,-13.564546079063767,13.800000190734863,True
h_09,WQUINF,0.9988223661078808,-19.982242610524175,69.0,True
h_09,WQUISD,,,,True
h_09,WQUISE,,,,False
h_09,WRARRF,0.989938963310229,-20.432758867434437,69.0,True
h_09,WRBL1K,,,,False
h_09,WRBL2K,,,,False
h_09,WRBLAF,1.0209182117237365,-17.133259556978068,69.0,True
h_09,WRCHAF,1.022402745578235,-5.277753559104717,69.0,True
h_09,WREFIF,0.9946362153665873,-10.720331064832363,69.0,True
h_09,WRINCF,0.9928788028814467,-22.42751890902564,69.0,True
h_09,WRNUEF,0.9925205976942105,-22.455215583089924,69.0,True
h_09,WRPELF,0.9762934570434223,-4.636856983423019,69.0,True
h_09,WRSJUE,0.9794460947700052,-25.555918901419126,138.0,True
h_09,WRZMOK,,,,False
h_09,WSABAF,1.002752353990882,-10.018076806648704,69.0,True
h_09,WSAJ1E,1.0027468416593714,-13.739385503514294,138.0,True
h_09,WSALCE,0.9805338536486238,-20.122498149373136,138.0,True
h_09,WSALIF,1.010389121461192,-12.318247483004193,69.0,True
h_09,WSAMAE,0.9660684243142031,-27.585775137685875,138.0,True
h_09,WSANCE,0.9705657355634024,-27.12862303920469,138.0,True
h_09,WSANTE,1.0142149986179019,-7.095764282234795,138.0,True
h_09,WSANTK,1.0142149986179019,-7.095764282234795,34.5,True
h_09,WSCANF,1.0007165447164406,-10.200114120926434,69.0,True
h_09,WSCANK,1.0007165447164406,-10.200114120926434,34.5,True
h_09,WSCNOE,1.0010439489803444,-7.885015903642039,138.0,True
h_09,WSESTE,1.0109531542455228,-0.11752654985165023,138.0,True
h_09,WSFELE,,,,True
h_09,WSFMAE,0.9805756927881001,-22.534901206590536,138.0,True
h_09,WSFMAF,0.9798576115036478,-25.2440012647468,69.0,True
h_09,WSIBBE,0.9992252207936743,-1.5376803375181929,138.0,True
h_09,WSJMAF,0.9900274310121046,-20.12508076269789,69.0,True
h_09,WSJOCF,0.995540792085319,-14.789563612625692,69.0,True
h_09,WSJU2E,1.0092306054706557,-9.214310986760376,138.0,True
h_09,WSJU2F,0.9993326211912787,-10.481517869822827,69.0,True
h_09,WSJUAF,0.9965423371471731,-10.65704067882722,69.0,True
h_09,WSKAPF,0.9894794473436324,-10.244759732734863,69.0,True
h_09,WSLCOE,,,,False
h_09,WSLORK,1.0000000000000002,-7.550996377161122,13.800000190734863,True
h_09,WSMARF,0.9887932525565167,-2.4530479951008664,69.0,True
h_09,WSODOF,1.0064073473998423,-13.356255230366202,69.0,True
h_09,WSOSUF,1.0294965922127497,-24.499764541791034,69.0,True
h_09,WSPB1K,1.0499999523162837,-0.2950495909043041,13.800000190734863,True
h_09,WSPBEE,1.0116591711417635,-0.09308713591063507,138.0,True
h_09,WSPERF,0.9477176543965186,-8.697196607274252,69.0,True
h_09,WSPEVF,,,,False
h_09,WSPM2E,1.01134436016927,-0.14500143043276342,138.0,True
h_09,WSPMAE,1.0110641289364866,-0.14609045369552381,138.0,True
h_09,WSPMAF,1.003471101402853,-4.199915555289152,69.0,True
h_09,WSPMBE,1.0110641289364866,-0.14609045369552381,138.0,True
h_09,WSPRIF,0.9342721240587012,-8.918548556502188,69.0,True
h_09,WSRODE,0.9893472752156858,-14.77917682680823,138.0,True
h_09,WSYASF,1.0183820395930823,-25.643770334319374,69.0,True
h_09,WSYEGF,0.997907885594497,-10.571241163388036,69.0,True
h_09,WTAAGK,,,,False
h_09,WTAAVK,,,,False
h_09,WTAG1K,,,,False
h_09,WTAG2K,,,,False
h_09,WTAMAF,0.9878835247575423,-7.251527245814251,69.0,True
h_09,WTANOK,,,,False
h_09,WTAV1K,1.0000000000000004,-15.3924329241356,13.800000190734863,True
h_09,WTAVBE,,,,False
h_09,WTBA1K,,,,False
h_09,WTBA2K,,,,False
h_09,WTCE1K,,,,False
h_09,WTCE2K,,,,False
h_09,WTCEMK,,,,False
h_09,WTDAJK,,,,False
h_09,WTEMPF,0.954457563150783,-8.122830446815929,69.0,True
h_09,WTESAK,,,,False
h_09,WTFA1K,,,,False
h_09,WTFA2K,,,,False
h_09,WTFA3K,,,,False
h_09,WTHAGK,,,,False
h_09,WTHAIF,0.9860881066396853,-7.482210974587975,69.0,True
h_09,WTIM2E,0.9909108845260205,-6.682055995225251,138.0,True
h_09,WTIM2F,0.9598217208039107,-7.674331717982061,69.0,True
h_09,WTIMBF,0.9592200044357979,-7.742409007303771,69.0,True
h_09,WTIREF,1.0064675571049937,-29.91904591887609,69.0,True
h_09,WTIT1K,,,,False
h_09,WTIT2K,,,,False
h_09,WTJI1K,,,,False
h_09,WTJI2K,,,,False
h_09,WTJIMK,,,,False
h_09,WTLANK,,,,False
h_09,WTMAGK,,,,False
h_09,WTMBBF,,,,True
h_09,WTMI5K,,,,False
h_09,WTMI6K,,,,False
h_09,WTMNTK,,,,False
h_09,WTMONK,,,,False
h_09,WTMR1K,,,,False
h_09,WTMR2K,,,,False
h_09,WTNNAK,,,,False
h_09,WTORGF,1.018450032729827,-11.168100531575213,69.0,True
h_09,WTPA1K,,,,False
h_09,WTPG1K,,,,False
h_09,WTPG2K,,,,False
h_09,WTPG3K,,,,False
h_09,WTPI1K,,,,False
h_09,WTPI2K,,,,False
h_09,WTRINK,,,,False
h_09,WTRJCK,,,,False
h_09,WTROQF,1.011111566035186,-20.000167675199034,69.0,True
h_09,WTSABK,,,,False
h_09,WTSE1K,,,,False
h_09,WTSFVK,,,,False
h_09,WTSPVK,,,,False
h_09,WTSYEK,,,,False
h_09,WTTA1K,,,,False
h_09,WTTA2K,,,,False
h_09,WTTITF,0.9587574312373224,-7.764967306416617,69.0,True
h_09,WTTO1K,,,,False
h_09,WTVA1K,,,,False
h_09,WTVA2K,,,,False
h_09,WTVE1K,,,,False
h_09,WTZFPF,,,,False
h_09,WUASDE,0.991560965678422,-7.709757685012458,138.0,True
h_09,WUMEDF,0.9844240122082056,-16.520047719960683,69.0,True
h_09,WVALBE,1.0062218691604776,-7.53413289649769,138.0,True
h_09,WVALDE,1.0062218691604776,-7.53413289649769,138.0,True
h_09,WVALLF,0.9978550310350789,-10.630711218707626,69.0,True
h_09,WVALTF,0.9595350952865926,-15.993259801794197,69.0,True
h_09,WVDU1E,,,,True
h_09,WVDUAF,,,,False
h_09,WVILAE,,,,False
h_09,WVILLF,0.9961781270932825,-10.910612364229877,69.0,True
h_09,WVMAOE,0.9993943724279195,-13.76063759776654,138.0,True
h_09,WVMELE,0.9911112243235577,-7.153311334095168,138.0,True
h_09,WVNOBF,0.9921186360936971,-10.753035764226105,69.0,True
h_09,WVOLGF,0.9845544949599513,-16.514019963580562,69.0,True
h_09,WX1PAK,,,,False
h_09,WXABIF,0.9885328271769095,-21.371946139319146,69.0,True
h_09,WXABRF,1.0084789051590068,-10.288005070169502,69.0,True
h_09,WXAD2F,1.0073182389520847,-12.766415956980167,69.0,True
h_09,WXADOF,1.007587419665463,-12.85342849970901,69.0,True
h_09,WXAHGF,0.9754278406816739,-13.809489435310203,69.0,True
h_09,WXAHMF,0.9855329802196398,-26.07935005548674,69.0,True
h_09,WXAISF,1.0052855347078926,-13.052891551297291,69.0,True
h_09,WXALDF,1.0184347511391596,-11.168289601743428,69.0,True
h_09,WXALIF,0.9777348030965486,-13.735228771330522,69.0,True
h_09,WXAORF,0.9812766099832435,-7.150597838633215,69.0,True
h_09,WXAPFF,1.0089465281368637,-18.7652751737723,69.0,True
h_09,WXAPPF,1.0329086484820904,-23.516407506406157,69.0,True
h_09,WXAQUF,,,,False
h_09,WXARDF,1.0077253091923968,-12.896856773298332,69.0,True
h_09,WXASOF,1.0329529031280849,-24.155810145923414,69.0,True
h_09,WXBA1F,,,,False
h_09,WXBA2F,,,,True
h_09,WXBASF,0.9733997168391278,-6.840924152226798,69.0,True
h_09,WXBAYF,,,,False
h_09,WXBDEF,0.980207864636365,-21.803589740300236,69.0,True
h_09,WXBLEF,0.9965261920312901,-4.17432228009775,69.0,True
h_09,WXBMAF,0.995068597631684,-13.357917250964123,69.0,True
h_09,WXBOHF,0.9942194372238606,-11.069582915822593,69.0,True
h_09,WXBPEF,1.001572323641952,-18.396055720721296,69.0,True
h_09,WXCA1K,1.0175728583076502,-6.532976030534379,34.5,True
h_09,WXCABF,0.9610772465035406,-15.316911803746443,69.0,True
h_09,WXCANF,,,,False
h_09,WXCARF,0.9875512697783185,-10.570686668342947,69.0,True
h_09,WXCATF,0.971404177517286,-5.554374321677445,69.0,True
h_09,WXCB2F,,,,False
h_09,WXCBAF,0.9909434877335348,-11.056015262240257,69.0,True
h_09,WXCC1E,,,,False
h_09,WXCC3E,,,,False
h_09,WXCCOF,1.0077127766055805,-12.897951328543126,69.0,True
h_09,WXCDAF,0.9740730793677568,-15.309002093179004,69.0,True
h_09,WXCDLF,0.9850223826210759,-25.941556393379603,69.0,True
h_09,WXCENF,0.9796557278591328,-25.904175949455094,69.0,True
h_09,WXCHAF,1.022402745578235,-5.277753559104717,69.0,True
h_09,WXCIGF,1.003166437193645,-4.216816236722608,69.0,True
h_09,WXCINF,0.9597038169451635,-15.986056563122517,69.0,True
h_09,WXCNAF,0.9972816058645974,-4.506925977793185,69.0,True
h_09,WXCOCF,,,,False
h_09,WXCODF,0.9908804550190049,-8.522591074022468,69.0,True
h_09,WXCORF,0.9869558159941884,-22.157729669196947,69.0,True
h_09,WXCSAF,0.9774494865774119,-15.099083407101903,69.0,True
h_09,WXCTAF,0.9926616354213514,-23.152065023270307,69.0,True
h_09,WXCU1K,1.0117242965359168,0.9338785139225796,34.5,True
h_09,WXCU2K,1.0117242965359168,0.9338785139225796,34.5,True
h_09,WXCU4K,1.0117242965359168,0.9338785139225796,34.5,True
h_09,WXDBRF,1.003166437193645,-4.216816236722608,69.0,True
h_09,WXDISF,0.9566550499055407,-15.696711667182983,69.0,True
h_09,WXDROF,0.9931080810605877,-11.095603598244399,69.0,True
h_09,WXDURF,,,,False
h_09,WXEANF,1.008649658519195,-18.778792468897976,69.0,True
h_09,WXECHF,0.9762198990348249,-25.54415892390859,69.0,True
h_09,WXES2K,,,,False
h_09,WXES3K,,,,False
h_09,WXESPF,0.9736295351799646,-22.121602143529152,69.0,True
h_09,WXEV4K,1.0199999809265137,-0.16003182690578072,13.800000190734863,True
h_09,WXGALF,0.9550347852398222,-8.493717148163203,69.0,True
h_09,WXGAVF,0.9829881260761097,-5.211630960629305,69.0,True
h_09,WXGBOF,0.9956293307337315,-10.638320130365711,69.0,True
h_09,WXGOYF,1.0052855347078926,-13.052891551297291,69.0,True
h_09,WXGPLF,0.9537008489006173,-8.632069484336599,69.0,True
h_09,WXGRCF,,,,False
h_09,WXGRMF,0.9686689267506822,-6.545157955106574,69.0,True
h_09,WXGRSF,0.9829630310241564,-25.678803278144194,69.0,True
h_09,WXGU2F,0.9977186171080014,-10.578615910216936,69.0,True
h_09,WXHACF,0.99084985281159,-8.525699727538283,69.0,True
h_09,WXHE1F,1.0185026555879848,-11.154293033676364,69.0,True
h_09,WXHE2F,,,,False
h_09,WXHHIF,1.002517332803821,-4.249193883158516,69.0,True
h_09,WXHJBF,0.9922813686940214,-24.613669907151827,69.0,True
h_09,WXHMSF,0.9901584400601928,-16.161363400698484,69.0,True
h_09,WXHNAF,,,,False
h_09,WXHNUF,0.9607355444482175,-15.344225574612315,69.0,True
h_09,WXIBAF,1.0071116216488112,-10.39889159802887,69.0,True
h_09,WXICAF,1.0037485092784546,-12.045521728426236,69.0,True
h_09,WXICNF,,,,False
h_09,WXIDAF,0.9922810780108928,-24.89551566717246,69.0,True
h_09,WXIDUF,0.9775927706708822,-14.989372665077035,69.0,True
h_09,WXIISF,0.956768102951383,-7.911814453138518,69.0,True
h_09,WXIMBF,1.0088297626211677,-20.643415250688513,69.0,True
h_09,WXINAF,0.9572622774980166,-7.8935689518192795,69.0,True
h_09,WXINDF,0.9929722492810947,-25.795181611346926,69.0,True
h_09,WXINVF,0.952151044931816,-8.788867504171796,69.0,True
h_09,WXIPRF,,,,False
h_09,WXIPSF,0.9775927706708822,-14.989372665077035,69.0,True
h_09,WXJIMF,0.9957349407436121,-27.74995163956289,69.0,True
h_09,WXJINF,1.0175266922382984,-14.257842212195548,69.0,True
h_09,WXKINF,1.0069851964986207,-10.844623589882142,69.0,True
h_09,WXKVEF,0.9655492379990696,-6.284519862468674,69.0,True
h_09,WXLADF,0.9613450885353019,-6.241150899422215,69.0,True
h_09,WXLALF,,,,False
h_09,WXLC1E,1.0141803572060284,-9.263405564999475,138.0,True
h_09,WXLCAF,0.9635475634864653,-6.088807511684333,69.0,True
h_09,WXLCBF,0.9937344772351341,-20.220820915026327,69.0,True
h_09,WXLFAF,0.9959317719334396,-13.173834989633143,69.0,True
h_09,WXLPAF,0.9707882201033133,-4.828746441282481,69.0,True
h_09,WXLPEF,0.9912209230349408,-23.699814195578096,69.0,True
h_09,WXLUCK,1.0094954875173974,-10.585228315145171,34.5,True
h_09,WXLULF,1.0092833656604203,-10.648829547389685,69.0,True
h_09,WXLUPF,,,,True
h_09,WXMAGF,0.9973675491421767,-11.00928930227677,69.0,True
h_09,WXMAIF,0.9876741505142033,-21.750378228841146,69.0,True
h_09,WXMALF,0.9897301815469053,-10.226485482570506,69.0,True
h_09,WXMARF,0.9710519246697316,-6.657698713161683,69.0,True
h_09,WXMATK,0.9818105150128966,-25.308183994281233,34.5,True
h_09,WXMEGF,0.9554442173269337,-8.107799570264545,69.0,True
h_09,WXMETE,,,,False
h_09,WXMETF,0.9956293307337315,-10.638320130365711,69.0,True
h_09,WXMOZF,,,,False
h_09,WXMPAF,0.967973970399713,-5.495092402122261,69.0,True
h_09,WXMPGK,,,,False
h_09,WXMPSF,0.8962166706224018,-9.482486657875832,69.0,True
h_09,WXMV2F,1.0064182304507983,-13.355184655276664,69.0,True
h_09,WXMVAF,,,,False
h_09,WXNAGF,,,,False
h_09,WXNOVF,0.9943274396673467,-9.886758734377105,69.0,True
h_09,WXOC2F,1.0081036247750828,-18.820459495586793,69.0,True
h_09,WXOFAF,1.0176285166605856,-11.337162893048543,69.0,True
h_09,WXOLVF,0.994767844077629,-20.580090894965174,69.0,True
h_09,WXPA1K,1.0,-8.345348174695198,11.0,True
h_09,WXPA3K,0.9999999999999999,-8.334556957037972,15.0,True
h_09,WXPA4K,1.0,-8.319584021180813,11.0,True
h_09,WXPC2F,0.968287719749916,-5.6271096740648066,69.0,True
h_09,WXPCGF,0.9725745782661048,-15.384729022832204,69.0,True
h_09,WXPCIF,0.9721828713603726,-5.2805368852462315,69.0,True
h_09,WXPETF,0.9896094627192817,-10.234985155464834,69.0,True
h_09,WXPFLF,1.0184709993306182,-11.162709411220977,69.0,True
h_09,WXPFSK,1.0027468416593714,-13.739385503514294,34.5,True
h_09,WXPGAF,1.019799047942172,-21.305952429987617,69.0,True
h_09,WXPGMF,1.0092833656604203,-10.648829547389685,69.0,True
h_09,WXPHAF,1.0011366386523324,-10.520143988194874,69.0,True
h_09,WXPI4K,0.9999999999999999,-23.373248634082337,13.800000190734863,True
h_09,WXPIDF,1.0092833656604203,-10.648829547389685,69.0,True
h_09,WXPINF,,,,False
h_09,WXPLCF,0.9807886758761799,-14.074674500785969,69.0,True
h_09,WXPPEF,1.0279177592720614,-21.465982580210653,69.0,True
h_09,WXPPLF,,,,False
h_09,WXPPRF,1.0058703566041367,-20.40824534163306,69.0,True
h_09,WXPS1K,1.0141126185887381,-11.56424663166587,34.5,True
h_09,WXPY1K,,,,False
h_09,WXQAZF,,,,False
h_09,WXQCOF,0.9956363131516627,-11.416514131072539,69.0,True
h_09,WXRARF,0.9934820071267716,-20.23637501558117,69.0,True
h_09,WXRIEF,,,,False
h_09,WXRINF,0.993399903990966,-22.4354417835515,69.0,True
h_09,WXSADF,,,,False
h_09,WXSESE,1.0111488991209114,-0.11934216385946161,138.0,True
h_09,WXSESF,1.0014393429321897,-4.379187859518048,69.0,True
h_09,WXSI1K,1.0000000000000002,-1.5431576439502923,13.800000190734863,True
h_09,WXSODF,1.006413107167363,-13.355698696656788,69.0,True
h_09,WXSOSF,1.0294965922127497,-24.499764541791034,69.0,True
h_09,WXSPRF,0.9342721240587012,-8.918548556502188,69.0,True
h_09,WXSYEF,0.997562588365466,-10.640696184866545,69.0,True
h_09,WXTAMF,0.955099799859427,-8.117658177970343,69.0,True
h_09,WXTDAF,0.9539222156282998,-8.15797211931292,69.0,True
h_09,WXTH1F,0.986087913319521,-7.482207905428086,69.0,True
h_09,WXTH2F,0.9860880174467553,-7.482209558556944,69.0,True
h_09,WXTISF,1.009062232928183,-13.202251440207675,69.0,True
h_09,WXTREFF,0.9946362153665873,-10.720331064832363,69.0,True
h_09,WXTROF,1.0111291872192336,-19.999412932726546,69.0,True
h_09,WXTTIF,0.9587574312373224,-7.764967306416617,69.0,True
h_09,WXVALF,0.9595350952865926,-15.993259801794197,69.0,True
h_09,WXVILF,0.9961781270932825,-10.910612364229877,69.0,True
h_09,WXVL1K,,,,False
h_09,WXWC2K,1.0035545179828824,-3.624210547229089,34.5,True
h_09,WXWC3K,1.0035545179828824,-3.624210547229089,34.5,True
h_09,WXYAGF,1.0032472193633928,-12.179831008831083,69.0,True
h_09,WXZAMF,0.9613450885353019,-6.241150899422215,69.0,True
h_09,WXZFBF,,,,False
h_09,WXZFHF,,,,False
h_09,WXZFNF,,,,False
h_09,WXZGUF,1.005861940406018,-20.71897074326654,69.0,True
h_09,WXZHAF,0.9517716264757099,-8.816979572899351,69.0,True
h_09,WXZISF,,,,False
h_09,WXZPPF,,,,False
h_09,WXZSPF,0.9990997655874924,-4.659369812166079,69.0,True
h_09,WYAGUF,1.0032472193633928,-12.179831008831083,69.0,True
h_09,WYAMAF,0.9077317705701249,-9.816254100738574,69.0,True
h_09,WZFALF,,,,False
h_09,WZFAMF,,,,False
h_09,WZFBAF,,,,False
h_09,WZFDRF,,,,False
h_09,WZFESF,,,,False
h_09,WZFGIF,,,,False
h_09,WZFGUF,,,,False
h_09,WZFISF,,,,False
h_09,WZFLIF,,,,False
h_09,WZFMCF,,,,False
h_09,WZFPPF,,,,False
h_09,WZFS2F,,,,False
h_09,WZFSAE,,,,False
h_09,WZFSAF,,,,False
h_09,WZFSFF,,,,False
h_09,WZFSIF,,,,False
h_09,WZFSPF,,,,False
h_09,WZFVAF,,,,False
h_09,WZFVEF,,,,False
h_09,WZHAIF,0.9517718035398646,-8.816986484600323,69.0,True
h_09,ZXOJIF,,,,False
h_10,WAANDE,1.0050832000296206,1.539438638402439,138.0,True
h_10,WABCOF,1.0049418363857798,-12.653886566965483,69.0,True
h_10,WABISF,0.9900473257221281,-21.26505334839303,69.0,True
h_10,WABRUF,0.9557845265543118,-5.204933433707265,69.0,True
h_10,WACIBF,1.0075012140722386,-18.862299196523857,69.0,True
h_10,WACLAE,1.018315700155292,-10.48887717844197,138.0,True
h_10,WACLAK,1.0197870783650564,-10.496049553048548,34.5,True
h_10,WADMIF,,,,False
h_10,WADOMF,1.0173943431849932,-10.886338280223741,69.0,True
h_10,WAGUAE,1.005571304400684,-6.522859193995947,138.0,True
h_10,WAGUBE,1.005571304400684,-6.522859193995947,138.0,True
h_10,WAHMIF,0.9854434591880331,-26.111051102950757,69.0,True
h_10,WAHO1E,0.9937733330799962,-6.885892822982353,138.0,True
h_10,WAHO2E,0.9937733330799962,-6.885892822982353,138.0,True
h_10,WAHOBF,0.9917800848968094,-9.607400866446694,69.0,True
h_10,WAHONF,0.9917800848968094,-9.607400866446694,69.0,True
h_10,WAIAMF,,,,False
h_10,WAIAZF,,,,False
h_10,WAIBAF,,,,False
h_10,WAIISF,,,,False
h_10,WAISAF,,,,False
h_10,WAISCF,1.0044928520345124,-12.257193250865274,69.0,True
h_10,WAISOF,1.0324591326168346,-24.16420404888213,69.0,True
h_10,WAIUNF,,,,False
h_10,WAIZSF,,,,False
h_10,WAORIF,0.9833458658986463,-5.666213301186006,69.0,True
h_10,WAPERF,1.0043334405062612,-28.75864929688403,69.0,True
h_10,WAPFAF,1.0091284323745704,-18.713092023943375,69.0,True
h_10,WAQUIF,1.000718835966926,-19.79081581222379,69.0,True
h_10,WASOEF,1.0019696729137268,-8.050938521658658,69.0,True
h_10,WAZUAF,0.9905180625838299,-12.124738056585006,69.0,True
h_10,WBALDF,1.009507028680085,-18.681036731784904,69.0,True
h_10,WBANIF,0.9995783957077612,-11.827556578626266,69.0,True
h_10,WBAPEF,0.9988787158029107,-12.183156897637632,69.0,True
h_10,WBARAF,1.0029790354216808,-8.421791507769505,69.0,True
h_10,WBARCE,,,,False
h_10,WBASIF,0.9773328731854293,-5.235286512467343,69.0,True
h_10,WBAYAE,1.0190273912040193,-5.595391950589473,138.0,True
h_10,WBAYAK,1.0188510343694175,-5.59808542630276,34.5,True
h_10,WBAYOF,0.9894415585835173,-10.726684459391718,69.0,True
h_10,WBCARF,,,,False
h_10,WBCARK,1.0,-5.166297641313227,13.800000190734863,True
h_10,WBCHIE,0.9998075993696514,-0.8690354722092909,138.0,True
h_10,WBCHIF,0.9795096358802444,-3.750439431321381,69.0,True
h_10,WBDERF,0.9817378824424063,-21.721472172749575,69.0,True
h_10,WBDERK,1.0000000000000002,-21.83239273742175,13.800000190734863,True
h_10,WBENEF,1.070245519733539,-3.2785831612101726,69.0,True
h_10,WBERSF,,,,False
h_10,WBLECF,1.009989194235844,-2.587375797561915,69.0,True
h_10,WBMATF,0.9979384370090076,-12.078781761887374,69.0,True
h_10,WBNVFF,,,,False
h_10,WBON2E,0.9993025250459959,-13.112470051977786,138.0,True
h_10,WBON2F,,,,False
h_10,WBON3C,,,,False
h_10,WBON3D,1.0107615600484736,-7.793346679679758,345.0,True
h_10,WBON3E,0.9993713275742968,-13.110128620447925,138.0,True
h_10,WBONAF,0.9933279515616524,-18.955963425427093,69.0,True
h_10,WBOPEF,,,,False
h_10,WBPOPF,0.9902170872162915,-8.14374543894618,69.0,True
h_10,WBVISF,1.0389155799294836,-2.0704847922336156,69.0,True
h_10,WCABAF,1.0245493571491564,-25.07585590568389,69.0,True
h_10,WCALAE,1.0197644769334446,-4.851819268779159,138.0,True
h_10,WCALBE,1.0197644769334446,-4.851819268779159,138.0,True
h_10,WCANAE,,,,True
h_10,WCANAF,,,,True
h_10,WCAPOF,0.949375848413042,-8.086662426993538,69.0,True
h_10,WCATAF,0.9656941289582474,-4.866210148303264,69.0,True
h_10,WCAYAF,0.9809232261762211,-4.481719032416531,69.0,True
h_10,WCBOHF,0.9923291982522858,-10.771042114594946,69.0,True
h_10,WCBYNF,0.9550047151974628,-15.57241221536547,69.0,True
h_10,WCC21E,1.013522366342022,-6.971528046124907,138.0,True
h_10,WCCA2F,1.013878540869333,-7.92444090000992,69.0,True
h_10,WCCABF,1.0138981380477516,-7.959277004774374,69.0,True
h_10,WCCARF,0.9635573019657029,-5.060450505971579,69.0,True
h_10,WCCIBF,1.006212761817,-20.364518697001653,69.0,True
h_10,WCDAGF,0.9722314284362615,-15.26141397015229,69.0,True
h_10,WCEMEE,1.0115981469900017,0.4479223403878592,138.0,True
h_10,WCENOF,0.9791328871990319,-25.886374770203005,69.0,True
h_10,WCEPPF,,,,False
h_10,WCES1K,1.0199999809265134,0.3849257009434225,13.800000190734863,True
h_10,WCES2K,1.0199999809265134,0.3849257009434225,13.800000190734863,True
h_10,WCES3K,1.0199999809265137,0.3933631340172244,13.800000190734863,True
h_10,WCESPF,0.9750088130570445,-22.038830527292212,69.0,True
h_10,WCESPK,,,,False
h_10,WCINDF,,,,False
h_10,WCLUIE,1.0053113891412147,-1.939308294579575,138.0,True
h_10,WCNACF,,,,False
h_10,WCNPEE,0.9913658689818992,-6.787441656151298,138.0,True
h_10,WCNSLF,,,,False
h_10,WCOAPE,1.016429965461628,1.3933589884567226,138.0,True
h_10,WCOCOF,1.0144537428266212,-12.922643220695075,69.0,True
h_10,WCODAF,0.9856881032872897,-25.88334601512178,69.0,True
h_10,WCOHEF,1.0165334622612465,-11.064598257705317,69.0,True
h_10,WCONSF,1.0086711109901743,-30.74437128204032,69.0,True
h_10,WCORMF,0.9838147104276784,-22.586319450751912,69.0,True
h_10,WCOTAE,1.011028254296214,1.3008128901283118,138.0,True
h_10,WCOTBE,1.011028254296214,1.3008128901283118,138.0,True
h_10,WCOTUF,0.9855780306001369,-27.043110742856314,69.0,True
h_10,WCPVCF,0.9746956784489145,-15.144698569622133,69.0,True
h_10,WCSATF,0.9758573071593728,-15.044413818395402,69.0,True
h_10,WCSO1K,1.011028254296214,1.3008128901283118,34.5,True
h_10,WCSO2K,1.011028254296214,1.3008128901283118,34.5,True
h_10,WCSO3K,1.011028254296214,1.3008128901283118,34.5,True
h_10,WCSOLK,,,,False
h_10,WCTP1D,,,,False
h_10,WCTP2D,,,,False
h_10,WCUMAE,1.0163468510345897,1.421816091469756,138.0,True
h_10,WCUMBE,1.0163468510345897,1.421816091469756,138.0,True
h_10,WCVEGF,0.9920267453735924,-26.15517191349045,69.0,True
h_10,WCZFSF,1.0120379043985963,-18.530538211407595,69.0,True
h_10,WDAJAE,0.9931350470294015,-13.627126810571799,138.0,True
h_10,WDAJAF,,,,False
h_10,WDESPF,0.9593416411263161,-7.1799943550084935,69.0,True
h_10,WDISDF,0.9535829395052331,-15.703822349846538,69.0,True
h_10,WDJAOE,0.9818831036427866,-5.539346677156355,138.0,True
h_10,WDJAOF,0.9549887095031168,-6.852108213923556,69.0,True
h_10,WDPEDF,1.0042497401062314,-20.6062799003125,69.0,True
h_10,WDRODF,0.9937810934564718,-10.553020766910048,69.0,True
h_10,WDRODK,0.9981766816377413,-10.565712583191473,12.470000267028809,True
h_10,WDRODM,,,,False
h_10,WDURAF,,,,False
h_10,WDUVEF,1.0268949679269572,-11.467351025747794,69.0,True
h_10,WEABAF,,,,False
h_10,WEBRIE,0.9872449198144725,-5.9086827642201865,138.0,True
h_10,WECHIF,0.9751772719147704,-25.54993124396993,69.0,True
h_10,WELJIF,1.005832127499697,-20.38454243306839,69.0,True
h_10,WEM21K,0.9999999999999999,-6.253924474320898,13.800000190734863,True
h_10,WEMA2E,,,,False
h_10,WEMA2F,,,,False
h_10,WEMA3F,0.9592142088293087,-7.17925331440209,69.0,True
h_10,WEMB2F,,,,False
h_10,WEMB3F,0.9601504813956517,-7.05050706745716,69.0,True
h_10,WEMBAE,0.9890427232288369,-7.879413027115856,138.0,True
h_10,WENADE,1.0050826408406035,1.5392770332118593,138.0,True
h_10,WENE4E,1.0123365158230215,0.5255383142742113,138.0,True
h_10,WEPINF,0.9845482845847168,-11.500161374919518,69.0,True
h_10,WERIOF,1.002334536571971,-29.326970638994446,69.0,True
h_10,WESEIE,0.9993518260351049,-0.34610395658534104,138.0,True
h_10,WESM3F,,,,False
h_10,WESM3K,,,,False
h_10,WESOCE,1.0110212144333315,0.579389503464544,138.0,True
h_10,WESP1E,1.013347567661534,-11.886675512679558,138.0,True
h_10,WFALCE,0.9993775843751641,-13.110225608436895,138.0,True
h_10,WFALCF,1.00415051992133,-18.008452969793364,69.0,True
h_10,WFALCK,,,,True
h_10,WFALCM,,,,False
h_10,WFANTF,0.9874162396033835,-23.29722247787931,69.0,True
h_10,WFNEGF,,,,False
h_10,WFOCHF,1.0079538149368514,-18.793957817987028,69.0,True
h_10,WFOLAF,,,,False
h_10,WGALAF,0.9568357072301847,-7.776498568182075,69.0,True
h_10,WGBOJF,0.9942916425471884,-10.295457538821793,69.0,True
h_10,WGHACF,0.9903882765053196,-8.137589559744635,69.0,True
h_10,WGIRAE,1.0167275509990323,-5.6497860394133825,138.0,True
h_10,WGIRAK,1.0239691558828246,-5.669020661978692,34.5,True
h_10,WGMALF,0.9878287265669498,-9.89026641454547,69.0,True
h_10,WGNLLE,1.0168272575578563,-10.294542919385195,138.0,True
h_10,WGNLLK,1.0184930349160832,-10.302209911652064,34.5,True
h_10,WGOYAF,1.0041493802440142,-12.270428811215298,69.0,True
h_10,WGPALF,0.9816993789236848,-13.406456453269884,69.0,True
h_10,WGPETF,0.987781795296232,-9.898760304698257,69.0,True
h_10,WGPLAF,0.9559187521540004,-7.879342142902799,69.0,True
h_10,WGRCHF,0.9546800697732766,-7.998841159848832,69.0,True
h_10,WGRSFF,0.9839103795703779,-25.566271843205886,69.0,True
h_10,WGU1AD,,,,False
h_10,WGU1BD,,,,False
h_10,WGUA2F,0.997757083450741,-9.967509321739795,69.0,True
h_10,WGUANE,,,,True
h_10,WGUANF,0.9977889182602773,-9.966245798582081,69.0,True
h_10,WGUAVF,0.9835107647396446,-4.3371460591171465,69.0,True
h_10,WGUAYE,1.012212739721582,-10.67140871160953,138.0,True
h_10,WGUAYF,0.9908056411155328,-3.0222126670883007,69.0,True
h_10,WGUERD,1.0105180209198228,-4.613464423601587,345.0,True
h_10,WGUERE,1.0026413465003559,-3.7114251520011234,138.0,True
h_10,WGUERF,0.9711157023040513,-4.298783136932381,69.0,True
h_10,WGVEGF,0.9931303831714104,-25.65097416424074,69.0,True
h_10,WHAIBF,0.9999832303032404,-10.162504470481489,69.0,True
h_10,WHAINE,0.9960821124593613,-7.289027736606145,138.0,True
h_10,WHAINF,0.9999832303032404,-10.162504470481489,69.0,True
h_10,WHAT2K,0.9999999999999997,-26.24698486419879,13.800000190734863,True
h_10,WHATIF,0.9881770223580348,-26.21712276113243,69.0,True
h_10,WHATIK,0.9999999999999999,-26.29947353018533,12.5,True
h_10,WHENUF,,,,False
h_10,WHERRE,0.9914634210602445,-8.107894337493425,138.0,True
h_10,WHGMOE,,,,False
h_10,WHGUEE,,,,False
h_10,WHIGUF,1.1225164785457684,-5.112454708288126,69.0,True
h_10,WHJBOF,0.9912758469752113,-24.89480855130664,69.0,True
h_10,WHLINF,,,,False
h_10,WHMA2E,1.0006324222022631,-0.31152123955241184,138.0,True
h_10,WHMA2F,0.9895691457355277,-1.780566027650683,69.0,True
h_10,WHMAYF,0.9884684701951922,-1.865418201114661,69.0,True
h_10,WHMSAF,0.9910026914593669,-16.02195969384753,69.0,True
h_10,WHNACF,,,,False
h_10,WHNS1E,0.9948611781402892,-5.000208669353194,138.0,True
h_10,WHNS1F,0.9949673934834353,-5.627258937657245,69.0,True
h_10,WHNUEF,0.9581311808649111,-15.289466394163858,69.0,True
h_10,WIAANE,1.0033688482409164,-1.8966882754832244,138.0,True
h_10,WIBARF,1.012329338741032,-8.021795363681544,69.0,True
h_10,WICAEF,1.0042290083505647,-11.002187791779923,69.0,True
h_10,WICNAF,,,,False
h_10,WIDALF,0.9913710858245388,-25.153224212630512,69.0,True
h_10,WIGASE,,,,False
h_10,WIISAF,0.9566912835528588,-7.373591738433304,69.0,True
h_10,WIMB2F,1.0103989676561556,-20.524191517154627,69.0,True
h_10,WIMBEF,1.008951478304603,-20.601242106689103,69.0,True
h_10,WINCAF,0.9758794714347832,-15.088768838740098,69.0,True
h_10,WINCAK,1.0,-15.870287904212919,12.470000267028809,True
h_10,WINVBF,0.9931980769963299,-5.784455922107773,69.0,True
h_10,WINVIF,0.9547745817925946,-7.99807352421507,69.0,True
h_10,WIPSIF,,,,False
h_10,WITA1E,0.997612018237598,-7.121496449225519,138.0,True
h_10,WJARAF,0.9941848524780454,-28.025666103750414,69.0,True
h_10,WJDOLE,1.0084396307167809,-0.6159947200685197,138.0,True
h_10,WJIBPE,1.0233838598808929,-11.889818223927216,69.0,True
h_10,WJIGBE,1.0046811864491625,-6.526475595291066,138.0,True
h_10,WJIGUE,1.0046811864491625,-6.526475595291066,138.0,True
h_10,WJIMEF,0.9949269648423178,-27.992074568482224,69.0,True
h_10,WJSAUD,1.0194492651259541,-4.928112703848292,345.0,True
h_10,WJSAUE,,,,False
h_10,WKDMBF,0.9872600510506175,-11.175859446999985,69.0,True
h_10,WKDMEF,0.9841617935585815,-10.410270919189465,69.0,True
h_10,WKINDF,1.0116908930638875,-8.486730018215217,69.0,True
h_10,WKQA1F,1.0007315794565546,-10.20817124213595,69.0,True
h_10,WKQAZE,1.0151545368218313,-6.748779054234936,138.0,True
h_10,WKVEIF,,,,False
h_10,WLALFF,,,,False
h_10,WLANGE,0.9977907191969492,-15.315025080210289,138.0,True
h_10,WLBARF,,,,False
h_10,WLCALF,0.9658389253323679,-4.904779867835052,69.0,True
h_10,WLCBOF,0.9899974780513492,-20.59758257460567,69.0,True
h_10,WLCOCK,1.0176257237125546,-7.299180257162258,34.5,True
h_10,WLCUAF,0.9546430758587434,-7.577241288226243,69.0,True
h_10,WLDAMF,1.0251837590966857,-11.465967873645846,69.0,True
h_10,WLDAMK,1.0000000000000002,-12.535061670520578,12.5,True
h_10,WLDIAF,0.9902129029008881,-8.14391449250676,69.0,True
h_10,WLGALE,0.996480641263629,-15.2385502990275,138.0,True
h_10,WLGU2K,1.0163739424999434,-13.890566497215097,34.5,True
h_10,WLGUZE,1.0163739424999434,-13.890566497215097,138.0,True
h_10,WLGUZK,1.0163611745006291,-13.891878480345461,34.5,True
h_10,WLISAE,0.9933159864323395,-6.5590176135432285,138.0,True
h_10,WLLAGF,,,,False
h_10,WLMFAF,0.9866564520679495,-11.270030913908274,69.0,True
h_10,WLMI5E,0.9929551084081122,-5.59340421226022,138.0,True
h_10,WLMI6E,0.9929538410359752,-5.594201446230322,138.0,True
h_10,WLMI7E,0.9931018852004257,-5.5404490491366225,138.0,True
h_10,WLMI7K,0.9999999999999997,-5.549412452319823,13.800000190734863,True
h_10,WLMINE,0.992931665924131,-5.593049949611886,138.0,True
h_10,WLMINF,0.9565858038813995,-7.498286425804457,69.0,True
h_10,WLORIE,1.0126313781257636,0.527887887727053,138.0,True
h_10,WLORIK,1.0490000247955322,0.4587303011911897,12.470000267028809,True
h_10,WLPARF,0.9776519480472695,-2.380142424702182,69.0,True
h_10,WLPENF,0.99126630431157,-23.732621888011177,69.0,True
h_10,WLPRAE,0.989250950188773,-8.088238105357329,138.0,True
h_10,WLROME,1.0139749219801095,0.8578288198656064,138.0,True
h_10,WLROMF,1.0303536582029424,-1.7623902081788314,69.0,True
h_10,WLRPUF,1.0271467224858324,-2.2050774372185797,69.0,True
h_10,WLTORF,1.0012749102020344,-10.041987879286488,69.0,True
h_10,WLUCIF,1.0113937181461965,-9.331801017449964,69.0,True
h_10,WLUPEF,1.0039946101609767,-21.09736049403744,69.0,True
h_10,WLVEGF,0.9921347934159431,-26.149527719200833,69.0,True
h_10,WLVICE,0.9968062662363366,-4.562052311792514,138.0,True
h_10,WLVICK,0.9968062662363366,-4.562052311792514,34.5,True
h_10,WLVPEF,0.9936541676046197,-26.394797811587964,69.0,True
h_10,WMAGUF,0.9979081849581619,-10.220844558783561,69.0,True
h_10,WMAIMF,0.9855583618641951,-22.105861134951336,69.0,True
h_10,WMARAF,0.9764777117546957,-4.888419651790529,69.0,True
h_10,WMARAK,0.9764777117546957,-4.888419651790529,13.800000190734863,True
h_10,WMARTF,0.9601165792064554,-5.700481339734527,69.0,True
h_10,WMARTK,0.9601165792064554,-5.700481339734527,34.5,True
h_10,WMAT1E,0.9848771708623258,-24.07524445657607,138.0,True
h_10,WMATAE,0.9909739040651409,-7.568590133659182,138.0,True
h_10,WMATBE,0.9909739040651409,-7.568590133659182,138.0,True
h_10,WMEGAF,0.955138715043424,-7.577218076752852,69.0,True
h_10,WMERCF,0.987781795296232,-9.898760304698257,69.0,True
h_10,WMETAE,0.9909641647581475,-7.569973845357717,138.0,True
h_10,WMETAK,0.9900000095367432,-7.905579157532847,13.199999809265137,True
h_10,WMETBF,0.9904491992402191,-8.131735325479221,69.0,True
h_10,WMETEE,0.9974641162021106,-7.158157752983195,138.0,True
h_10,WMETEF,0.994428335520192,-10.264022865007446,69.0,True
h_10,WMETRE,0.9924937489069178,-6.904399246874707,138.0,True
h_10,WMETRF,0.9904491992402191,-8.131735325479221,69.0,True
h_10,WMIR1E,1.0030857163676898,-3.495557078048296,138.0,True
h_10,WMIRAK,1.0030857163676898,-3.495557078048296,34.5,True
h_10,WMLTPF,0.9922590986858569,-10.475016326156336,69.0,True
h_10,WMOCAE,0.9842874570403002,-18.409925954847683,138.0,True
h_10,WMOCAF,0.9821242548246202,-23.997648537939213,69.0,True
h_10,WMONCE,0.9977478322227552,-13.915177833775934,138.0,True
h_10,WMONTE,0.9999915203201479,-12.31644097459889,138.0,True
h_10,WMOZAF,0.9595182925230649,-7.243378730210948,69.0,True
h_10,WMP2AE,1.0040091870679844,-3.0375156258771567,138.0,True
h_10,WMP2BE,1.0040091870679844,-3.0375156258771567,138.0,True
h_10,WMPALF,0.9829022379948984,-1.2254787448556568,69.0,True
h_10,WMPALK,0.9829022379948984,-1.2254787448556568,34.5,True
h_10,WMPL1D,,,,False
h_10,WMPL2D,,,,False
h_10,WMPLAF,0.9001752738422589,-6.889439845703979,69.0,True
h_10,WMPSOE,,,,False
h_10,WMPSOF,0.9003093406091609,-6.858451638790798,69.0,True
h_10,WMPSOK,0.9003093406091609,-6.858451638790798,20.0,True
h_10,WMRI2E,1.013234301249255,-6.7624564598585355,138.0,True
h_10,WMTFNE,1.0302734251536925,-5.596158308228854,138.0,True
h_10,WMTFNK,1.0754416154496877,-5.643460747005291,34.5,True
h_10,WMULTF,0.9566552738854652,-7.374865977774466,69.0,True
h_10,WMVCIF,1.0066336990502203,-20.349457867086592,69.0,True
h_10,WMVIEF,1.005262477291426,-12.643737129639845,69.0,True
h_10,WNAG2E,0.9823022602008674,-24.71394075452505,138.0,True
h_10,WNAG2F,,,,True
h_10,WNAGUF,0.9837152964027782,-27.010259237572892,69.0,True
h_10,WNARAD,1.0009396031506552,-11.040049189669002,345.0,True
h_10,WNARAE,,,,False
h_10,WNAV2E,1.011522738525037,-12.445917308588148,138.0,True
h_10,WNAVAF,0.9917831724283541,-21.170625702453325,69.0,True
h_10,WNEYBF,1.021765675512007,-11.742595184898,69.0,True
h_10,WNIBAE,0.9949412284703069,-15.527342046821454,138.0,True
h_10,WNOVOF,0.9937670031089626,-9.411008886132207,69.0,True
h_10,WOFALF,1.0165430577273165,-11.06494415563365,69.0,True
h_10,WOJIVF,0.9975491523391584,-10.229877858896442,69.0,True
h_10,WPAK0E,,,,False
h_10,WPAK2E,1.0128288694898109,-6.7600373564633305,138.0,True
h_10,WPAK5E,1.0128288694898109,-6.7600373564633305,138.0,True
h_10,WPAK6E,1.0128288694898109,-6.7600373564633305,138.0,True
h_10,WPAL1E,0.9981444332593487,-7.353086276505709,138.0,True
h_10,WPALAF,0.9816993789236848,-13.406456453269884,69.0,True
h_10,WPALBE,1.0175225995208128,-7.218482159345317,138.0,True
h_10,WPALBF,0.9987795515935075,-8.990585058848852,69.0,True
h_10,WPALEE,1.0175225995208128,-7.218482159345317,138.0,True
h_10,WPAQ1K,1.0499999523162842,-9.733516935740047,4.159999847412109,True
h_10,WPARAE,0.9941082419030358,-6.969046853667157,138.0,True
h_10,WPAYAE,,,,False
h_10,WPAYBE,,,,False
h_10,WPAYIF,0.9979968057307228,-27.878240464229403,69.0,True
h_10,WPBAJF,0.9968890053238101,-28.386096922331074,69.0,True
h_10,WPBBAE,,,,False
h_10,WPBLAD,,,,False
h_10,WPCA1K,1.0499999523162842,0.0,22.0,True
h_10,WPCA2K,1.0499999523162842,1.8137263765512508,22.0,True
h_10,WPCATE,,,,False
h_10,WPCGLF,0.9706657269730582,-15.339832177866198,69.0,True
h_10,WPCIBF,0.970352955471091,-4.502459832356246,69.0,True
h_10,WPDISF,,,,False
h_10,WPDIVF,0.9731066595048293,-14.079589858011536,69.0,True
h_10,WPDORE,,,,True
h_10,WPDORF,1.0294411310001,-21.383740739554604,69.0,True
h_10,WPEBPE,1.0190728427127538,-7.450754347588312,138.0,True
h_10,WPERAE,1.01979200131476,-4.833030171402958,138.0,True
h_10,WPERBE,1.01979200131476,-4.833030171402958,138.0,True
h_10,WPES1K,1.01979200131476,-4.833030171402958,34.5,True
h_10,WPES2K,1.01979200131476,-4.833030171402958,34.5,True
h_10,WPFLEF,,,,False
h_10,WPFMSK,1.0122127397215823,-10.671408711609528,20.0,True
h_10,WPGARF,1.020856578816254,-21.204368843435237,69.0,True
h_10,WPHAIF,0.9997860484533134,-10.17800343926286,69.0,True
h_10,WPIDUF,0.9760971682440982,-14.915093068905762,69.0,True
h_10,WPIISF,,,,False
h_10,WPIMCF,1.0052631279929558,-19.017857648268837,69.0,True
h_10,WPIMEE,0.9915124126588334,-22.728023243600393,138.0,True
h_10,WPIMEF,0.9951900174020192,-27.320541402382915,69.0,True
h_10,WPINAF,1.028868797454655,-18.434897838526265,69.0,True
h_10,WPIZAE,1.015206417997945,-5.865293475682941,138.0,True
h_10,WPIZAF,1.0109397181241624,-9.427814385855784,69.0,True
h_10,WPIZBF,,,,False
h_10,WPLASF,0.9928290255756704,-9.485670779412889,69.0,True
h_10,WPLCCF,0.9795091027618005,-13.948863821220353,69.0,True
h_10,WPLINF,0.9926835715529331,-11.713025481716468,69.0,True
h_10,WPLM1E,1.0146549978665191,-7.6889615820286155,138.0,True
h_10,WPLM1K,1.0199999809265137,-7.740262557812685,13.800000190734863,True
h_10,WPLM2K,1.0199999809265132,-7.770007958237343,13.800000190734863,True
h_10,WPP22E,1.0159443305771316,-15.187786769802065,138.0,True
h_10,WPPELF,1.0295104205880687,-21.32763389100407,69.0,True
h_10,WPPL2F,,,,True
h_10,WPPLAF,1.033036476184587,-19.821925715828254,69.0,True
h_10,WPPLBF,,,,False
h_10,WPPLIF,0.9908169747352293,-21.22456310922082,69.0,True
h_10,WPPRIF,1.006105246806513,-20.37192960440598,69.0,True
h_10,WPSCEF,0.9859964024216709,-16.3332053568826,69.0,True
h_10,WPSESK,,,,False
h_10,WPVIEE,,,,False
h_10,WQ1SPK,0.9999999999999996,-13.677867063835699,13.800000190734863,True
h_10,WQCORF,0.9971473768807421,-10.390182993512102,69.0,True
h_10,WQU11D,1.0088783958910006,-13.589746164938129,230.0,True
h_10,WQU12K,1.0,-13.681629476455534,13.800000190734863,True
h_10,WQU21D,1.0088783958910006,-13.589746164938129,230.0,True
h_10,WQU21K,1.0,-13.681629476455534,13.800000190734863,True
h_10,WQUINF,1.0001181879454693,-19.872082512383034,69.0,True
h_10,WQUISD,,,,True
h_10,WQUISE,,,,False
h_10,WRARRF,0.9889736908664571,-20.684486643247094,69.0,True
h_10,WRBL1K,,,,False
h_10,WRBL2K,,,,False
h_10,WRBLAF,1.0194997431626882,-17.500624668993222,69.0,True
h_10,WRCHAF,1.0559965190010374,-2.7400925105089167,69.0,True
h_10,WREFIF,0.9932835999479971,-10.378402493867927,69.0,True
h_10,WRINCF,0.990279418638134,-22.997976343816728,69.0,True
h_10,WRNUEF,0.9899827788480378,-23.018045380080498,69.0,True
h_10,WRPELF,0.9878493718287072,-3.0826902222480492,69.0,True
h_10,WRSJUE,0.9824367428718255,-24.328271858399347,138.0,True
h_10,WRZMOK,,,,False
h_10,WSABAF,0.997515037558975,-10.39650621792262,69.0,True
h_10,WSAJ1E,1.002871445503913,-13.643466756677672,138.0,True
h_10,WSALCE,0.981304910234015,-19.886092411998245,138.0,True
h_10,WSALIF,1.0179654326767469,-9.731976942049979,69.0,True
h_10,WSAMAE,0.9671412630857962,-26.7212072546784,138.0,True
h_10,WSANCE,0.9718624111313154,-26.24546892460524,138.0,True
h_10,WSANTE,1.0154730445358413,-5.815409940457086,138.0,True
h_10,WSANTK,1.0154730445358413,-5.815409940457086,34.5,True
h_10,WSCANF,1.0100639385855612,-7.524630216976271,69.0,True
h_10,WSCANK,1.0100639385855612,-7.524630216976271,34.5,True
h_10,WSCNOE,1.0010750018753012,-7.136761227662479,138.0,True
h_10,WSESTE,1.01213364014167,0.5602365212240245,138.0,True
h_10,WSFELE,,,,True
h_10,WSFMAE,0.9813985085377454,-22.189210796605384,138.0,True
h_10,WSFMAF,0.9813110972405975,-25.043226369072567,69.0,True
h_10,WSIBBE,0.9999124563581888,-0.8311562873538594,138.0,True
h_10,WSJMAF,0.9918416079647446,-19.964939279696218,69.0,True
h_10,WSJOCF,0.9979745132783179,-13.575468382873183,69.0,True
h_10,WSJU2E,1.0092410113255494,-8.091780638349793,138.0,True
h_10,WSJU2F,0.999965679658436,-9.84844948643344,69.0,True
h_10,WSJUAF,0.9970477475032223,-10.147735710659193,69.0,True
h_10,WSKAPF,0.9878270827971799,-9.896312295820897,69.0,True
h_10,WSLCOE,,,,False
h_10,WSLORK,1.0000000000000002,-7.112002979066918,13.800000190734863,True
h_10,WSMARF,0.9906224242836896,-1.7976261565560405,69.0,True
h_10,WSODOF,1.005252598866673,-12.64471356299607,69.0,True
h_10,WSOSUF,1.0316584477883008,-24.31690603270145,69.0,True
h_10,WSPB1K,1.049999952316284,0.3808018366489788,13.800000190734863,True
h_10,WSPBEE,1.0127767551047602,0.582025223552835,138.0,True
h_10,WSPERF,0.9483545035029449,-7.428074382673157,69.0,True
h_10,WSPEVF,,,,False
h_10,WSPM2E,1.0123365158230215,0.5255383142742113,138.0,True
h_10,WSPMAE,1.0123881733956102,0.5325328008690116,138.0,True
h_10,WSPMAF,1.0038352466757805,-3.540586460724493,69.0,True
h_10,WSPMBE,1.0123881733956102,0.5325328008690116,138.0,True
h_10,WSPRIF,0.9357378326136392,-7.340070097215271,69.0,True
h_10,WSRODE,0.9916740305147312,-14.266771891209178,138.0,True
h_10,WSYASF,1.0206624421969641,-25.448741409325713,69.0,True
h_10,WSYEGF,0.9978512304968717,-9.966470880068865,69.0,True
h_10,WTAAGK,,,,False
h_10,WTAAVK,,,,False
h_10,WTAG1K,,,,False
h_10,WTAG2K,,,,False
h_10,WTAMAF,0.9941333685744024,-5.6239362378059985,69.0,True
h_10,WTANOK,,,,False
h_10,WTAV1K,1.0000000000000004,-15.348909911490297,13.800000190734863,True
h_10,WTAVBE,,,,False
h_10,WTBA1K,,,,False
h_10,WTBA2K,,,,False
h_10,WTCE1K,,,,False
h_10,WTCE2K,,,,False
h_10,WTCEMK,,,,False
h_10,WTDAJK,,,,False
h_10,WTEMPF,0.9547381520817352,-7.545780812789302,69.0,True
h_10,WTESAK,,,,False
h_10,WTFA1K,,,,False
h_10,WTFA2K,,,,False
h_10,WTFA3K,,,,False
h_10,WTHAGK,,,,False
h_10,WTHAIF,0.9942382437332301,-5.692227494838798,69.0,True
h_10,WTIM2E,0.9909297793195282,-6.145408630258052,138.0,True
h_10,WTIM2F,0.9599289112089697,-7.113539424423803,69.0,True
h_10,WTIMBF,0.9593416411263161,-7.1799943550084935,69.0,True
h_10,WTIREF,1.0054504382994809,-30.20992125429629,69.0,True
h_10,WTIT1K,,,,False
h_10,WTIT2K,,,,False
h_10,WTJI1K,,,,False
h_10,WTJI2K,,,,False
h_10,WTJIMK,,,,False
h_10,WTLANK,,,,False
h_10,WTMAGK,,,,False
h_10,WTMBBF,,,,True
h_10,WTMI5K,,,,False
h_10,WTMI6K,,,,False
h_10,WTMNTK,,,,False
h_10,WTMONK,,,,False
h_10,WTMR1K,,,,False
h_10,WTMR2K,,,,False
h_10,WTNNAK,,,,False
h_10,WTORGF,1.017415502909555,-10.885482871644653,69.0,True
h_10,WTPA1K,,,,False
h_10,WTPG1K,,,,False
h_10,WTPG2K,,,,False
h_10,WTPG3K,,,,False
h_10,WTPI1K,,,,False
h_10,WTPI2K,,,,False
h_10,WTRINK,,,,False
h_10,WTRJCK,,,,False
h_10,WTROQF,1.0112655262437615,-19.970294556334043,69.0,True
h_10,WTSABK,,,,False
h_10,WTSE1K,,,,False
h_10,WTSFVK,,,,False
h_10,WTSPVK,,,,False
h_10,WTSYEK,,,,False
h_10,WTTA1K,,,,False
h_10,WTTA2K,,,,False
h_10,WTTITF,0.958750323478694,-7.2146767838279535,69.0,True
h_10,WTTO1K,,,,False
h_10,WTVA1K,,,,False
h_10,WTVA2K,,,,False
h_10,WTVE1K,,,,False
h_10,WTZFPF,,,,False
h_10,WUASDE,0.9911683471363519,-7.249736094956033,138.0,True
h_10,WUMEDF,0.9860214142267757,-16.331328257033828,69.0,True
h_10,WVALBE,1.0068320161115387,-6.521133006328831,138.0,True
h_10,WVALDE,1.0068320161115387,-6.521133006328831,138.0,True
h_10,WVALLF,0.9983964034202938,-10.004172640000549,69.0,True
h_10,WVALTF,0.9565451707399968,-15.997489331396524,69.0,True
h_10,WVDU1E,,,,True
h_10,WVDUAF,,,,False
h_10,WVILAE,,,,False
h_10,WVILLF,0.9963686902902718,-10.220515751160669,69.0,True
h_10,WVMAOE,1.0001293782566076,-13.642779139741666,138.0,True
h_10,WVMELE,0.9929044925513186,-6.436647792865137,138.0,True
h_10,WVNOBF,1.0023372661569592,-8.031298206534528,69.0,True
h_10,WVOLGF,0.9861545532902855,-16.32519077189153,69.0,True
h_10,WX1PAK,,,,False
h_10,WXABIF,0.990048825283749,-21.264979073448206,69.0,True
h_10,WXABRF,1.0136795310629614,-7.908320930734094,69.0,True
h_10,WXAD2F,1.0062454621252954,-12.096717987689333,69.0,True
h_10,WXADOF,1.0065032562537886,-12.178526262858263,69.0,True
h_10,WXAHGF,0.9743308951012088,-13.643082496967338,69.0,True
h_10,WXAHMF,0.9856332983299144,-26.099285030231332,69.0,True
h_10,WXAISF,1.0044961766443874,-12.256952235301855,69.0,True
h_10,WXALDF,1.0173988325216088,-10.885935422249675,69.0,True
h_10,WXALIF,0.9766777305299968,-13.56748600602369,69.0,True
h_10,WXAORF,0.9870221208563927,-5.525959344210707,69.0,True
h_10,WXAPFF,1.0099561080939383,-18.659489035508933,69.0,True
h_10,WXAPPF,1.034847616608627,-23.353243834779605,69.0,True
h_10,WXAQUF,,,,False
h_10,WXARDF,1.006635434753974,-12.219352363527442,69.0,True
h_10,WXASOF,1.0350269580735592,-23.981316595516233,69.0,True
h_10,WXBA1F,,,,False
h_10,WXBA2F,,,,True
h_10,WXBASF,0.9784000619382526,-5.217312768042346,69.0,True
h_10,WXBAYF,,,,False
h_10,WXBDEF,0.9816201396799815,-21.71955216397092,69.0,True
h_10,WXBLEF,1.009975581385858,-2.5857050583208925,69.0,True
h_10,WXBMAF,0.9987213827072539,-12.048389046566063,69.0,True
h_10,WXBOHF,0.9924470830991365,-10.763227188731097,69.0,True
h_10,WXBPEF,1.0001572011428712,-18.629910470542953,69.0,True
h_10,WXCA1K,1.0197644769334446,-4.851819268779159,34.5,True
h_10,WXCABF,0.9588568840150703,-15.244468626966915,69.0,True
h_10,WXCANF,,,,False
h_10,WXCARF,0.9849596432099849,-10.323541343445404,69.0,True
h_10,WXCATF,0.9732413702840321,-4.47322554733163,69.0,True
h_10,WXCB2F,,,,False
h_10,WXCBAF,0.9893730074234295,-10.732283439533889,69.0,True
h_10,WXCC1E,,,,False
h_10,WXCC3E,,,,False
h_10,WXCCOF,1.0066226730440517,-12.22046636644783,69.0,True
h_10,WXCDAF,0.9722666383889337,-15.259566780693067,69.0,True
h_10,WXCDLF,0.9857050004449752,-25.882602130586697,69.0,True
h_10,WXCENF,0.9802558284567023,-25.836637171360753,69.0,True
h_10,WXCHAF,1.0559965190010374,-2.7400925105089167,69.0,True
h_10,WXCIGF,1.0035316962098777,-3.555769362248212,69.0,True
h_10,WXCINF,0.9567280483208401,-15.989659557677342,69.0,True
h_10,WXCNAF,0.997850933892303,-3.7847710973872903,69.0,True
h_10,WXCOCF,,,,False
h_10,WXCODF,0.9904491992402191,-8.131735325479221,69.0,True
h_10,WXCORF,0.9851158032608951,-22.50883772098969,69.0,True
h_10,WXCSAF,0.9759043412915748,-15.034539549059257,69.0,True
h_10,WXCTAF,0.9927162010165261,-23.17309269598587,69.0,True
h_10,WXCU1K,1.0160302851839187,1.4204369277733027,34.5,True
h_10,WXCU2K,1.0160302851839187,1.4204369277733027,34.5,True
h_10,WXCU4K,1.0160302851839187,1.4204369277733027,34.5,True
h_10,WXDBRF,1.0035316962098777,-3.555769362248212,69.0,True
h_10,WXDISF,0.9542251244850274,-15.643187902430727,69.0,True
h_10,WXDROF,0.993503790825357,-10.5724471772214,69.0,True
h_10,WXDURF,,,,False
h_10,WXEANF,1.0097024940104062,-18.671052504551813,69.0,True
h_10,WXECHF,0.9778686948534686,-25.32706998952651,69.0,True
h_10,WXES2K,,,,False
h_10,WXES3K,,,,False
h_10,WXESPF,0.9752788772059348,-22.025683232435217,69.0,True
h_10,WXEV4K,1.019999980926514,0.5120655302562317,13.800000190734863,True
h_10,WXGALF,0.9568901419150131,-7.774282152939462,69.0,True
h_10,WXGAVF,0.9840203805460053,-4.338516470799522,69.0,True
h_10,WXGBOF,0.9942916425471884,-10.295457538821793,69.0,True
h_10,WXGOYF,1.0044961766443874,-12.256952235301855,69.0,True
h_10,WXGPLF,0.9559187521540004,-7.879342142902799,69.0,True
h_10,WXGRCF,,,,False
h_10,WXGRMF,0.9730208934315617,-4.960009532492678,69.0,True
h_10,WXGRSF,0.9839253952344945,-25.565700688366416,69.0,True
h_10,WXGU2F,0.9977754617453972,-9.966159948728412,69.0,True
h_10,WXHACF,0.9904164970083255,-8.135128399737955,69.0,True
h_10,WXHE1F,1.017470849883602,-10.871107117858514,69.0,True
h_10,WXHE2F,,,,False
h_10,WXHHIF,1.0029049695912258,-3.581669793969675,69.0,True
h_10,WXHJBF,0.9912877374307135,-24.89446460684992,69.0,True
h_10,WXHMSF,0.9910217304329948,-16.02066091267528,69.0,True
h_10,WXHNAF,,,,False
h_10,WXHNUF,0.9584771504076307,-15.27484498203537,69.0,True
h_10,WXIBAF,1.0123863302056513,-8.019627605271081,69.0,True
h_10,WXICAF,1.0042327381437894,-11.002049883792676,69.0,True
h_10,WXICNF,,,,False
h_10,WXIDAF,0.9913781781565535,-25.15269608956563,69.0,True
h_10,WXIDUF,0.9760971682440982,-14.915093068905762,69.0,True
h_10,WXIISF,0.9566932200048065,-7.3735143545590525,69.0,True
h_10,WXIMBF,1.009836152585945,-20.55524007877969,69.0,True
h_10,WXINAF,0.9570879864241342,-7.358871238866174,69.0,True
h_10,WXINDF,0.992479887380068,-25.946513470318322,69.0,True
h_10,WXINVF,0.9548381322217538,-7.992114624379479,69.0,True
h_10,WXIPRF,,,,False
h_10,WXIPSF,0.9760971682440982,-14.915093068905762,69.0,True
h_10,WXJIMF,0.9949269648423178,-27.992074568482224,69.0,True
h_10,WXJINF,1.0268949679269572,-11.467351025747794,69.0,True
h_10,WXKINF,1.0126063061608943,-8.427324928219996,69.0,True
h_10,WXKVEF,0.9687223632946051,-4.925614098672863,69.0,True
h_10,WXLADF,0.9636006536900877,-5.059000496577409,69.0,True
h_10,WXLALF,,,,False
h_10,WXLC1E,1.017641061797516,-7.295695028651936,138.0,True
h_10,WXLCAF,0.9658389253323679,-4.904779867835052,69.0,True
h_10,WXLCBF,0.9921517237148386,-20.5008332315125,69.0,True
h_10,WXLFAF,0.9993904779989323,-11.875374860709108,69.0,True
h_10,WXLPAF,0.9776694124356873,-2.3785760556605555,69.0,True
h_10,WXLPEF,0.99126630431157,-23.732621888011177,69.0,True
h_10,WXLUCK,1.0112972942976637,-9.333559490895242,34.5,True
h_10,WXLULF,1.0109397181241624,-9.427814385855784,69.0,True
h_10,WXLUPF,,,,True
h_10,WXMAGF,0.9979081849581619,-10.220844558783561,69.0,True
h_10,WXMAIF,0.9858313520728703,-22.089675222859245,69.0,True
h_10,WXMALF,0.9880864053879573,-9.87738675870774,69.0,True
h_10,WXMARF,0.9757846732829143,-5.032228661573244,69.0,True
h_10,WXMATK,0.9848771708623258,-24.07524445657607,34.5,True
h_10,WXMEGF,0.9557156731026045,-7.53089320842563,69.0,True
h_10,WXMETE,,,,False
h_10,WXMETF,0.9942916425471884,-10.295457538821793,69.0,True
h_10,WXMOZF,,,,False
h_10,WXMPAF,0.9738491883937235,-3.3059532714909485,69.0,True
h_10,WXMPGK,,,,False
h_10,WXMPSF,0.9001752738422589,-6.889439845703979,69.0,True
h_10,WXMV2F,1.005262477291426,-12.643737129639845,69.0,True
h_10,WXMVAF,,,,False
h_10,WXNAGF,,,,False
h_10,WXNOVF,0.9930240674638144,-9.476713287665637,69.0,True
h_10,WXOC2F,1.0091451366066433,-18.712773598048596,69.0,True
h_10,WXOFAF,1.0165435076530962,-11.064867344329832,69.0,True
h_10,WXOLVF,0.9961629122132487,-20.469857059844138,69.0,True
h_10,WXPA1K,0.9999999999999998,-6.8535087823663225,11.0,True
h_10,WXPA3K,0.9999999999999999,-6.84287498461864,15.0,True
h_10,WXPA4K,1.0,-6.8271878034272815,11.0,True
h_10,WXPC2F,0.970352955471091,-4.502459832356246,69.0,True
h_10,WXPCGF,0.9706657269730582,-15.339832177866198,69.0,True
h_10,WXPCIF,0.9740227188157029,-4.200245003688766,69.0,True
h_10,WXPETF,0.987963658735735,-9.886043757530677,69.0,True
h_10,WXPFLF,1.017437533317817,-10.879869615340198,69.0,True
h_10,WXPFSK,1.002871445503913,-13.643466756677672,34.5,True
h_10,WXPGAF,1.020885060225464,-21.203003496643788,69.0,True
h_10,WXPGMF,1.0109397181241624,-9.427814385855784,69.0,True
h_10,WXPHAF,0.9998148988415285,-10.176753089270763,69.0,True
h_10,WXPI4K,1.0,-22.782999472194714,13.800000190734863,True
h_10,WXPIDF,1.0109397181241624,-9.427814385855784,69.0,True
h_10,WXPINF,,,,False
h_10,WXPLCF,0.9796283103379654,-13.937180537929201,69.0,True
h_10,WXPPEF,1.0295104205880687,-21.32763389100407,69.0,True
h_10,WXPPLF,,,,False
h_10,WXPPRF,1.0061280558824892,-20.371084220623626,69.0,True
h_10,WXPS1K,1.013347567661534,-11.886675512679558,34.5,True
h_10,WXPY1K,,,,False
h_10,WXQAZF,,,,False
h_10,WXQCOF,0.9971473768807421,-10.390182993512102,69.0,True
h_10,WXRARF,0.9919315977131663,-20.514975774782673,69.0,True
h_10,WXRIEF,,,,False
h_10,WXRINF,0.9916135014743763,-22.893220643247382,69.0,True
h_10,WXSADF,,,,False
h_10,WXSESE,1.0123505492574074,0.5582277317931079,138.0,True
h_10,WXSESF,1.0017715426654752,-3.7225603034469525,69.0,True
h_10,WXSI1K,0.9999999999999999,-0.8358715029242932,13.800000190734863,True
h_10,WXSODF,1.0052578350025714,-12.644206089558018,69.0,True
h_10,WXSOSF,1.0316584477883008,-24.31690603270145,69.0,True
h_10,WXSPRF,0.9357378326136392,-7.340070097215271,69.0,True
h_10,WXSYEF,0.997557721994852,-10.018516966941304,69.0,True
h_10,WXTAMF,0.955374444664046,-7.540657851248483,69.0,True
h_10,WXTDAF,0.9546872055567426,-6.878260664247201,69.0,True
h_10,WXTH1F,0.9942380488152508,-5.692224425678913,69.0,True
h_10,WXTH2F,0.9942381538031099,-5.692226078807767,69.0,True
h_10,WXTISF,1.0079319220556275,-12.504566474621184,69.0,True
h_10,WXTREFF,0.9932835999479971,-10.378402493867927,69.0,True
h_10,WXTROF,1.011280801363347,-19.969640306105642,69.0,True
h_10,WXTTIF,0.958750323478694,-7.2146767838279535,69.0,True
h_10,WXVALF,0.9565451707399968,-15.997489331396524,69.0,True
h_10,WXVILF,0.9963686902902718,-10.220515751160669,69.0,True
h_10,WXVL1K,,,,False
h_10,WXWC2K,1.0040091870679844,-3.0375156258771567,34.5,True
h_10,WXWC3K,1.0040091870679844,-3.0375156258771567,34.5,True
h_10,WXYAGF,1.003627994818318,-11.153641191472436,69.0,True
h_10,WXZAMF,0.9636006536900877,-5.059000496577409,69.0,True
h_10,WXZFBF,,,,False
h_10,WXZFHF,,,,False
h_10,WXZFNF,,,,False
h_10,WXZGUF,1.0061018364933518,-20.67807483791097,69.0,True
h_10,WXZHAF,0.9544536830402001,-8.020506654847088,69.0,True
h_10,WXZISF,,,,False
h_10,WXZPPF,,,,False
h_10,WXZSPF,0.99939536792742,-4.006990288542567,69.0,True
h_10,WYAGUF,1.003627994818318,-11.153641191472436,69.0,True
h_10,WYAMAF,0.91034516590001,-7.738461122454877,69.0,True
h_10,WZFALF,,,,False
h_10,WZFAMF,,,,False
h_10,WZFBAF,,,,False
h_10,WZFDRF,,,,False
h_10,WZFESF,,,,False
h_10,WZFGIF,,,,False
h_10,WZFGUF,,,,False
h_10,WZFISF,,,,False
h_10,WZFLIF,,,,False
h_10,WZFMCF,,,,False
h_10,WZFPPF,,,,False
h_10,WZFS2F,,,,False
h_10,WZFSAE,,,,False
h_10,WZFSAF,,,,False
h_10,WZFSFF,,,,False
h_10,WZFSIF,,,,False
h_10,WZFSPF,,,,False
h_10,WZFVAF,,,,False
h_10,WZFVEF,,,,False
h_10,WZHAIF,0.9544538606033147,-8.020513566548065,69.0,True
h_10,ZXOJIF,,,,False
h_11,WAANDE,1.005245995514462,1.2164789586038947,138.0,True
h_11,WABCOF,1.0045919167428863,-13.090824036728595,69.0,True
h_11,WABISF,0.9940580181196,-20.960882513406077,69.0,True
h_11,WABRUF,0.9536192873948574,-5.74543103563431,69.0,True
h_11,WACIBF,1.0105908517937894,-18.68555169211673,69.0,True
h_11,WACLAE,1.0208977541086568,-10.414171713330079,138.0,True
h_11,WACLAK,1.0223728025169458,-10.421353139043102,34.5,True
h_11,WADMIF,,,,False
h_11,WADOMF,1.0168565810363202,-11.397607147983164,69.0,True
h_11,WAGUAE,1.005634606151448,-6.830439251693054,138.0,True
h_11,WAGUBE,1.005634606151448,-6.830439251693054,138.0,True
h_11,WAHMIF,0.9916766441588296,-24.758831371053013,69.0,True
h_11,WAHO1E,0.9941071275104372,-7.1750606320050805,138.0,True
h_11,WAHO2E,0.9941071275104372,-7.1750606320050805,138.0,True
h_11,WAHOBF,0.9924276594730231,-9.843649367007016,69.0,True
h_11,WAHONF,0.9924276594730231,-9.843649367007016,69.0,True
h_11,WAIAMF,,,,False
h_11,WAIAZF,,,,False
h_11,WAIBAF,,,,False
h_11,WAIISF,,,,False
h_11,WAISAF,,,,False
h_11,WAISCF,1.0043243174773893,-12.631463591028703,69.0,True
h_11,WAISOF,1.0377567700487567,-23.75030136296564,69.0,True
h_11,WAIUNF,,,,False
h_11,WAIZSF,,,,False
h_11,WAORIF,0.9821796818153679,-6.12032755257629,69.0,True
h_11,WAPERF,1.0105905731461675,-27.619192882361194,69.0,True
h_11,WAPFAF,1.0121412173881996,-18.542599792932094,69.0,True
h_11,WAQUIF,1.003958556679144,-19.581139029244067,69.0,True
h_11,WASOEF,0.9987547512038742,-9.177266609938297,69.0,True
h_11,WAZUAF,0.9896627535324911,-12.623460624551218,69.0,True
h_11,WBALDF,1.0125513037784832,-18.509381707742662,69.0,True
h_11,WBANIF,0.9988437542511929,-12.253867993334124,69.0,True
h_11,WBAPEF,0.9980362949116995,-12.61989438026838,69.0,True
h_11,WBARAF,1.0013811378511468,-9.181304818591919,69.0,True
h_11,WBARCE,,,,False
h_11,WBASIF,0.9757540294116396,-5.7228540765481,69.0,True
h_11,WBAYAE,1.0189373135507747,-5.965560007019736,138.0,True
h_11,WBAYAK,1.018760972305361,-5.968253482733023,34.5,True
h_11,WBAYOF,0.990252015095715,-10.956178141254783,69.0,True
h_11,WBCARF,,,,False
h_11,WBCARK,1.0,-5.860726533579242,13.800000190734863,True
h_11,WBCHIE,0.999743467445927,-1.2797455013177519,138.0,True
h_11,WBCHIF,0.9783762248134587,-4.244399822617093,69.0,True
h_11,WBDERF,0.9859864883549457,-21.391108232834487,69.0,True
h_11,WBDERK,1.0,-21.476738088446393,13.800000190734863,True
h_11,WBENEF,1.0676892756247942,-4.006970178807198,69.0,True
h_11,WBERSF,,,,False
h_11,WBLECF,1.0061344467626572,-3.366376932317824,69.0,True
h_11,WBMATF,0.9971201760823206,-12.511859679194078,69.0,True
h_11,WBNVFF,,,,False
h_11,WBON2E,1.000910531683342,-13.148621500993565,138.0,True
h_11,WBON2F,,,,False
h_11,WBON3C,,,,False
h_11,WBON3D,1.0119586433064758,-8.024603978864691,345.0,True
h_11,WBON3E,1.0009757858505024,-13.146783400430023,138.0,True
h_11,WBONAF,0.9947210651739505,-18.68998106158128,69.0,True
h_11,WBOPEF,,,,False
h_11,WBPOPF,0.9902575027630612,-8.470240456633057,69.0,True
h_11,WBVISF,1.0364341662896184,-2.7988718098307626,69.0,True
h_11,WCABAF,1.0303196437423914,-24.6140844748468,69.0,True
h_11,WCALAE,1.0200742571064483,-5.08261650212572,138.0,True
h_11,WCALBE,1.0200742571064483,-5.08261650212572,138.0,True
h_11,WCANAE,,,,True
h_11,WCANAF,,,,True
h_11,WCAPOF,0.9478903754096367,-8.640205144483366,69.0,True
h_11,WCATAF,0.9639788176353878,-5.390940522969888,69.0,True
h_11,WCAYAF,0.9789791426177447,-5.05049094183925,69.0,True
h_11,WCBOHF,0.9920504795108201,-11.092622749645278,69.0,True
h_11,WCBYNF,0.9546220878004021,-16.068054086639048,69.0,True
h_11,WCC21E,1.012298843051845,-7.660477471496136,138.0,True
h_11,WCCA2F,1.011829110543748,-8.981929745634593,69.0,True
h_11,WCCABF,1.0117971691428835,-9.026630956546294,69.0,True
h_11,WCCARF,0.961910060030616,-5.581194019842924,69.0,True
h_11,WCCIBF,1.0092217256981593,-19.944910949171412,69.0,True
h_11,WCDAGF,0.9713105335598904,-15.821449345776704,69.0,True
h_11,WCEMEE,1.0113882685985585,-0.030862378044238407,138.0,True
h_11,WCENOF,0.9866778552647192,-24.497356669641054,69.0,True
h_11,WCEPPF,,,,False
h_11,WCES1K,1.0199999809265137,-0.0950865289738746,13.800000190734863,True
h_11,WCES2K,1.0199999809265137,-0.0950865289738746,13.800000190734863,True
h_11,WCES3K,1.0199999809265137,-0.08641187960983987,13.800000190734863,True
h_11,WCESPF,0.9795823042634771,-21.693275957741267,69.0,True
h_11,WCESPK,,,,False
h_11,WCINDF,,,,False
h_11,WCLUIE,1.005628717652307,-2.317588531731181,138.0,True
h_11,WCNACF,,,,False
h_11,WCNPEE,0.9914270484713328,-7.105147650014031,138.0,True
h_11,WCNSLF,,,,False
h_11,WCOAPE,1.0156047624519453,0.8330529555092865,138.0,True
h_11,WCOCOF,1.01379441726905,-13.365491984274788,69.0,True
h_11,WCODAF,0.9939843612818692,-24.54519588875858,69.0,True
h_11,WCOHEF,1.0159051169143412,-11.594223252645959,69.0,True
h_11,WCONSF,1.0111758203018588,-29.352220772225564,69.0,True
h_11,WCORMF,0.9857708109939107,-22.140692321235687,69.0,True
h_11,WCOTAE,1.009295805116385,0.6307002824489614,138.0,True
h_11,WCOTBE,1.009295805116385,0.6307002824489614,138.0,True
h_11,WCOTUF,0.9894309164818259,-26.0824082218262,69.0,True
h_11,WCPVCF,0.9738553464213865,-15.701363273388615,69.0,True
h_11,WCSATF,0.9750638192430157,-15.596540828737426,69.0,True
h_11,WCSO1K,1.009295805116385,0.6307002824489614,34.5,True
h_11,WCSO2K,1.009295805116385,0.6307002824489614,34.5,True
h_11,WCSO3K,1.009295805116385,0.6307002824489614,34.5,True
h_11,WCSOLK,,,,False
h_11,WCTP1D,,,,False
h_11,WCTP2D,,,,False
h_11,WCUMAE,1.014951159061314,0.7969074188136512,138.0,True
h_11,WCUMBE,1.014951159061314,0.7969074188136512,138.0,True
h_11,WCVEGF,0.9959092049455398,-24.938682177407454,69.0,True
h_11,WCZFSF,1.014866637271454,-18.369837530622803,69.0,True
h_11,WDAJAE,0.9958148007283842,-13.452958355129702,138.0,True
h_11,WDAJAF,,,,False
h_11,WDESPF,0.9581553963221504,-7.705531381359609,69.0,True
h_11,WDISDF,0.9531938003482059,-16.20009857295919,69.0,True
h_11,WDJAOE,0.9843482413465917,-5.705725643814055,138.0,True
h_11,WDJAOF,0.962199003930888,-6.407600711850876,69.0,True
h_11,WDPEDF,1.0071636992877453,-20.208800837264075,69.0,True
h_11,WDRODF,0.9927930506654854,-11.121089008843391,69.0,True
h_11,WDRODK,0.9978869963014608,-11.135812770214192,12.470000267028809,True
h_11,WDRODM,,,,False
h_11,WDURAF,,,,False
h_11,WDUVEF,1.0114514416224922,-13.822222399641449,69.0,True
h_11,WEABAF,,,,False
h_11,WEBRIE,0.987371468345219,-6.234007021649497,138.0,True
h_11,WECHIF,0.9869699052258558,-23.91786745779104,69.0,True
h_11,WELJIF,1.0088856519208709,-19.972934074370293,69.0,True
h_11,WEM21K,1.0000000000000002,-6.576862308115284,13.800000190734863,True
h_11,WEMA2E,,,,False
h_11,WEMA2F,,,,False
h_11,WEMA3F,0.958041008719568,-7.704961960672571,69.0,True
h_11,WEMB2F,,,,False
h_11,WEMB3F,0.9589733253346414,-7.574732934092178,69.0,True
h_11,WEMBAE,0.9887313991303774,-8.222683951095002,138.0,True
h_11,WENADE,1.0052452919583754,1.2163122210487307,138.0,True
h_11,WENE4E,1.0121237750026657,0.0471429795960786,138.0,True
h_11,WEPINF,0.9831135134097879,-12.108108036568726,69.0,True
h_11,WERIOF,1.0049624906128223,-27.985230522243864,69.0,True
h_11,WESEIE,0.9979363766137743,-0.9640479720959221,138.0,True
h_11,WESM3F,,,,False
h_11,WESM3K,,,,False
h_11,WESOCE,1.0106185644465515,0.07782031438467815,138.0,True
h_11,WESP1E,1.0160430410730006,-11.769568289338531,138.0,True
h_11,WFALCE,1.0009820526964603,-13.146880388418992,138.0,True
h_11,WFALCF,1.0055068937223888,-17.775507545749797,69.0,True
h_11,WFALCK,,,,True
h_11,WFALCM,,,,False
h_11,WFANTF,0.9902815120918083,-22.513485752259506,69.0,True
h_11,WFNEGF,,,,False
h_11,WFOCHF,1.0110227363993614,-18.619992933704975,69.0,True
h_11,WFOLAF,,,,False
h_11,WGALAF,0.9556575159269934,-8.295746193286975,69.0,True
h_11,WGBOJF,0.9945608487264735,-10.574103002777713,69.0,True
h_11,WGHACF,0.9904330658189711,-8.463917138144097,69.0,True
h_11,WGIRAE,1.0168063733719133,-5.967532504619294,138.0,True
h_11,WGIRAK,1.0240485396651806,-5.986767127184605,34.5,True
h_11,WGMALF,0.9884476419812082,-10.128291126540997,69.0,True
h_11,WGNLLE,1.0194138798699268,-10.22232698757433,138.0,True
h_11,WGNLLK,1.0210838410172818,-10.230001844013408,34.5,True
h_11,WGOYAF,1.00396955289416,-12.645105473437368,69.0,True
h_11,WGPALF,0.9814059166839607,-13.892635362809685,69.0,True
h_11,WGPETF,0.9883966326771071,-10.13704396019643,69.0,True
h_11,WGPLAF,0.9547068302801367,-8.402057323069688,69.0,True
h_11,WGRCHF,0.9534347841327023,-8.525193073467456,69.0,True
h_11,WGRSFF,0.9926218826276576,-24.191503234584832,69.0,True
h_11,WGU1AD,,,,False
h_11,WGU1BD,,,,False
h_11,WGUA2F,0.9970224863761019,-10.507517569806865,69.0,True
h_11,WGUANE,,,,True
h_11,WGUANF,0.9970578080802436,-10.506247666243821,69.0,True
h_11,WGUAVF,0.9813820398789312,-4.91205544965107,69.0,True
h_11,WGUAYE,1.0148741353781332,-10.582218570028541,138.0,True
h_11,WGUAYF,0.985661761250995,-3.8308771404033397,69.0,True
h_11,WGUERD,1.0110080330275988,-4.898436922333708,345.0,True
h_11,WGUERE,1.0030543911205396,-4.031417501486404,138.0,True
h_11,WGUERF,0.9685974507153745,-4.851206917807207,69.0,True
h_11,WGVEGF,0.9961345404882859,-24.52776983980747,69.0,True
h_11,WHAIBF,1.0000510638761981,-10.45815893659469,69.0,True
h_11,WHAINE,0.9960773753469073,-7.602513804342467,138.0,True
h_11,WHAINF,1.0000510638761981,-10.45815893659469,69.0,True
h_11,WHAT2K,1.0000000000000002,-25.354675098616223,13.800000190734863,True
h_11,WHATIF,0.9912314520957447,-25.33089538116008,69.0,True
h_11,WHATIK,1.0000000000000004,-25.404446651875812,12.5,True
h_11,WHENUF,,,,False
h_11,WHERRE,0.9912092301784741,-8.450155856001178,138.0,True
h_11,WHGMOE,,,,False
h_11,WHGUEE,,,,False
h_11,WHIGUF,1.1198353870743716,-5.840841725884499,69.0,True
h_11,WHJBOF,0.9948964328933524,-23.851107863829192,69.0,True
h_11,WHLINF,,,,False
h_11,WHMA2E,0.9996178380590028,-0.8780797934291091,138.0,True
h_11,WHMA2F,0.9883579351039641,-2.3701573865599412,69.0,True
h_11,WHMAYF,0.9872400661742337,-2.456347454750694,69.0,True
h_11,WHMSAF,0.9938591437276982,-15.855090569427798,69.0,True
h_11,WHNACF,,,,False
h_11,WHNS1E,0.9952652664312801,-5.312112814725723,138.0,True
h_11,WHNS1F,0.9943258259850682,-6.049349147803591,69.0,True
h_11,WHNUEF,0.9576928842871499,-15.788391193510485,69.0,True
h_11,WIAANE,1.0036961121710073,-2.217906026300944,138.0,True
h_11,WIBARF,1.0105255029284788,-9.077995086313384,69.0,True
h_11,WICAEF,1.0047555220219393,-11.306566222368954,69.0,True
h_11,WICNAF,,,,False
h_11,WIDALF,0.9950528344472828,-24.074699934784082,69.0,True
h_11,WIGASE,,,,False
h_11,WIISAF,0.9551138393453393,-7.932886954664561,69.0,True
h_11,WIMB2F,1.0143339298951315,-20.23677328865796,69.0,True
h_11,WIMBEF,1.0128794531518253,-20.31378689943764,69.0,True
h_11,WINCAF,0.9750630053428782,-15.644491173007832,69.0,True
h_11,WINCAK,1.0,-16.436093320932567,12.470000267028809,True
h_11,WINVBF,0.9925470544756313,-6.207479451145202,69.0,True
h_11,WINVIF,0.9535220813623926,-8.524867914784815,69.0,True
h_11,WIPSIF,,,,False
h_11,WITA1E,0.9976329548409615,-7.432209893895693,138.0,True
h_11,WJARAF,0.9970666686046266,-26.72556846746934,69.0,True
h_11,WJDOLE,1.0083738295905211,-1.0678432738709465,138.0,True
h_11,WJIBPE,1.0077406106225082,-14.26654465737164,69.0,True
h_11,WJIGBE,1.0047333442770139,-6.834045487501681,138.0,True
h_11,WJIGUE,1.0047333442770139,-6.834045487501681,138.0,True
h_11,WJIMEF,0.9977874984658243,-26.69303295073987,69.0,True
h_11,WJSAUD,1.0198636258898341,-5.161908292362558,345.0,True
h_11,WJSAUE,,,,False
h_11,WKDMBF,0.9868173069112526,-11.510717260918858,69.0,True
h_11,WKDMEF,0.9847638360506071,-10.650803892913089,69.0,True
h_11,WKINDF,1.0077779100405226,-9.696832279464992,69.0,True
h_11,WKQA1F,1.0000748696867405,-10.707492636286924,69.0,True
h_11,WKQAZE,1.0149272783697325,-7.180758054955509,138.0,True
h_11,WKVEIF,,,,False
h_11,WLALFF,,,,False
h_11,WLANGE,0.9998055712418239,-15.161849150654172,138.0,True
h_11,WLBARF,,,,False
h_11,WLCALF,0.964224646396947,-5.423308648799288,69.0,True
h_11,WLCBOF,0.991485108680778,-20.27211625678986,69.0,True
h_11,WLCOCK,1.0163495373720781,-7.992157800171245,34.5,True
h_11,WLCUAF,0.9526814200595007,-8.171208025771111,69.0,True
h_11,WLDAMF,1.010467425904369,-13.850886232873377,69.0,True
h_11,WLDAMK,0.9999999999999996,-15.028301981633495,12.5,True
h_11,WLDIAF,0.990253127428109,-8.470417164373913,69.0,True
h_11,WLGALE,0.9991299679768659,-15.115425595733937,138.0,True
h_11,WLGU2K,1.019610207262159,-13.700907599918757,34.5,True
h_11,WLGUZE,1.019610207262159,-13.700907599918757,138.0,True
h_11,WLGUZK,1.0195973637934486,-13.702223148998886,34.5,True
h_11,WLISAE,0.9936238439592898,-6.853130526094071,138.0,True
h_11,WLLAGF,,,,False
h_11,WLMFAF,0.9853132582450113,-11.868769120787709,69.0,True
h_11,WLMI5E,0.9931522519084544,-5.908024587119435,138.0,True
h_11,WLMI6E,0.9931506779425464,-5.908824308565534,138.0,True
h_11,WLMI7E,0.993301253955234,-5.854290312118426,138.0,True
h_11,WLMI7K,0.9999999999999998,-5.863047680308328,13.800000190734863,True
h_11,WLMINE,0.9931294648571746,-5.9076803010112515,138.0,True
h_11,WLMINF,0.9552693135075948,-8.022623999771463,69.0,True
h_11,WLORIE,1.012275594430614,0.03203401732647334,138.0,True
h_11,WLORIK,1.049000024795532,-0.03781588861385003,12.470000267028809,True
h_11,WLPARF,0.9749457884041461,-2.9780731630363926,69.0,True
h_11,WLPENF,0.9946602300624502,-22.931235620164202,69.0,True
h_11,WLPRAE,0.9889815259210298,-8.42941673535915,138.0,True
h_11,WLROME,1.0123662844315522,0.2153651042881627,138.0,True
h_11,WLROMF,1.0279232998826948,-2.4880145669122475,69.0,True
h_11,WLRPUF,1.0245453027838844,-2.9384733554790814,69.0,True
h_11,WLTORF,1.0006854277390589,-10.541995168379037,69.0,True
h_11,WLUCIF,1.0114338235802962,-9.675244871037755,69.0,True
h_11,WLUPEF,1.0079597443020245,-20.80540960530074,69.0,True
h_11,WLVEGF,0.9960250307210404,-24.932660716900184,69.0,True
h_11,WLVICE,0.9971634364769315,-4.8855154915803585,138.0,True
h_11,WLVICK,0.9971634364769315,-4.8855154915803585,34.5,True
h_11,WLVPEF,0.9981281910332658,-25.092196440912197,69.0,True
h_11,WMAGUF,0.9971884998876026,-10.749035224221332,69.0,True
h_11,WMAIMF,0.9873544184656801,-21.699405255079686,69.0,True
h_11,WMARAF,0.974760412177538,-5.39304932489277,69.0,True
h_11,WMARAK,0.974760412177538,-5.39304932489277,13.800000190734863,True
h_11,WMARTF,0.967532805514014,-5.216579430044705,69.0,True
h_11,WMARTK,0.967532805514014,-5.216579430044705,34.5,True
h_11,WMAT1E,0.9881609395866185,-23.027165227221385,138.0,True
h_11,WMATAE,0.9908648419175616,-7.893981297533257,138.0,True
h_11,WMATBE,0.9908648419175616,-7.893981297533257,138.0,True
h_11,WMEGAF,0.9536670138033025,-8.11225728072486,69.0,True
h_11,WMERCF,0.9883966326771071,-10.13704396019643,69.0,True
h_11,WMETAE,0.990855564066746,-7.895372314027226,138.0,True
h_11,WMETAK,0.9900000095367432,-8.231204926774554,13.199999809265137,True
h_11,WMETBF,0.9904951262227681,-8.457960298672294,69.0,True
h_11,WMETEE,0.9974950676375498,-7.468012603032342,138.0,True
h_11,WMETEF,0.9946942535410448,-10.542963833259712,69.0,True
h_11,WMETRE,0.9925690805112228,-7.219909078323163,138.0,True
h_11,WMETRF,0.9904951262227681,-8.457960298672294,69.0,True
h_11,WMIR1E,1.0034919702677403,-3.821255757365725,138.0,True
h_11,WMIRAK,1.0034919702677403,-3.821255757365725,34.5,True
h_11,WMLTPF,0.9926881914222156,-10.738881210788039,69.0,True
h_11,WMOCAE,0.9888323021694708,-17.941703090849934,138.0,True
h_11,WMOCAF,0.9854089825099357,-23.27199342727776,69.0,True
h_11,WMONCE,0.9996525132170411,-13.709901350531394,138.0,True
h_11,WMONTE,1.002820473951636,-12.178527828511974,138.0,True
h_11,WMOZAF,0.9583794706768846,-7.763102178342472,69.0,True
h_11,WMP2AE,1.0044002301829988,-3.375308175029564,138.0,True
h_11,WMP2BE,1.0044002301829988,-3.375308175029564,138.0,True
h_11,WMPALF,0.9800817724559527,-1.8465768206666582,69.0,True
h_11,WMPALK,0.9800817724559527,-1.8465768206666582,34.5,True
h_11,WMPL1D,,,,False
h_11,WMPL2D,,,,False
h_11,WMPLAF,0.9280902482309262,-4.914123795118398,69.0,True
h_11,WMPSOE,,,,False
h_11,WMPSOF,0.9282169650722094,-4.885718089424306,69.0,True
h_11,WMPSOK,0.9282169650722094,-4.885718089424306,20.0,True
h_11,WMRI2E,1.0130655523244023,-7.195319967993553,138.0,True
h_11,WMTFNE,1.0301279443122509,-5.980256498214191,138.0,True
h_11,WMTFNK,1.0752897565864803,-6.027558936990629,34.5,True
h_11,WMULTF,0.9550775352265011,-7.934173778715239,69.0,True
h_11,WMVCIF,1.009678636502049,-19.938348749623145,69.0,True
h_11,WMVIEF,1.0048537248325968,-13.044389785439963,69.0,True
h_11,WNAG2E,0.9855312108908479,-23.6506918860979,138.0,True
h_11,WNAG2F,,,,True
h_11,WNAGUF,0.9870025421855025,-25.921409835299595,69.0,True
h_11,WNARAD,1.0032719702007153,-11.11202073382199,345.0,True
h_11,WNARAE,,,,False
h_11,WNAV2E,1.0142259723900675,-12.324521750320814,138.0,True
h_11,WNAVAF,0.9957388645324469,-20.871701590620074,69.0,True
h_11,WNEYBF,0.9992959473441323,-14.449894815127598,69.0,True
h_11,WNIBAE,0.9976166446044719,-15.395918737975803,138.0,True
h_11,WNOVOF,0.9941543594498885,-9.682211296633085,69.0,True
h_11,WOFALF,1.015914541177759,-11.594587386303337,69.0,True
h_11,WOJIVF,0.9976944246496058,-10.51969465503684,69.0,True
h_11,WPAK0E,,,,False
h_11,WPAK2E,1.012662131052447,-7.192934930258021,138.0,True
h_11,WPAK5E,1.012662131052447,-7.192934930258021,138.0,True
h_11,WPAK6E,1.012662131052447,-7.192934930258021,138.0,True
h_11,WPAL1E,0.9984375386073395,-7.637687624382746,138.0,True
h_11,WPALAF,0.9814059166839607,-13.892635362809685,69.0,True
h_11,WPALBE,1.0178938878214994,-7.44331636382726,138.0,True
h_11,WPALBF,0.9990568991356883,-9.277836995896449,69.0,True
h_11,WPALEE,1.0178938878214994,-7.44331636382726,138.0,True
h_11,WPAQ1K,1.0499999523162842,-9.527923363189092,4.159999847412109,True
h_11,WPARAE,0.994203423365061,-7.281419294590526,138.0,True
h_11,WPAYAE,,,,False
h_11,WPAYBE,,,,False
h_11,WPAYIF,1.0014926847122543,-26.777749487666792,69.0,True
h_11,WPBAJF,0.9996744671720916,-27.075313927697074,69.0,True
h_11,WPBBAE,,,,False
h_11,WPBLAD,,,,False
h_11,WPCA1K,1.0499999523162842,0.0,22.0,True
h_11,WPCA2K,1.0499999523162837,1.607790110027289,22.0,True
h_11,WPCATE,,,,False
h_11,WPCGLF,0.9696974430929225,-15.901927045750298,69.0,True
h_11,WPCIBF,0.9689183795428461,-5.011716706659698,69.0,True
h_11,WPDISF,,,,False
h_11,WPDIVF,0.9727611795188325,-14.57054573950753,69.0,True
h_11,WPDORE,,,,True
h_11,WPDORF,1.0339496507472563,-21.0319638501836,69.0,True
h_11,WPEBPE,1.0177513175702393,-8.1480286406207,138.0,True
h_11,WPERAE,1.0201039000397327,-5.062366033997299,138.0,True
h_11,WPERBE,1.0201039000397327,-5.062366033997299,138.0,True
h_11,WPES1K,1.0201039000397327,-5.062366033997299,34.5,True
h_11,WPES2K,1.0201039000397327,-5.062366033997299,34.5,True
h_11,WPFLEF,,,,False
h_11,WPFMSK,1.0148741353781332,-10.582218570028541,20.0,True
h_11,WPGARF,1.0248580370876879,-20.838832748392687,69.0,True
h_11,WPHAIF,0.9998406548543297,-10.474673603911388,69.0,True
h_11,WPIDUF,0.975338366271061,-15.461952520291778,69.0,True
h_11,WPIISF,,,,False
h_11,WPIMCF,1.0084328086153258,-18.835800205857677,69.0,True
h_11,WPIMEE,0.9942289184961687,-21.69478653816599,138.0,True
h_11,WPIMEF,1.0015685239735952,-26.162577392404035,69.0,True
h_11,WPINAF,1.02948053104641,-18.189997659732736,69.0,True
h_11,WPIZAE,1.0153027340157423,-6.177285490448719,138.0,True
h_11,WPIZAF,1.0109869653703414,-9.769743829549865,69.0,True
h_11,WPIZBF,,,,False
h_11,WPLASF,0.9932423057152407,-9.753070301066625,69.0,True
h_11,WPLCCF,0.9790698835869814,-14.453975277393505,69.0,True
h_11,WPLINF,0.9918732600665542,-12.211557595259773,69.0,True
h_11,WPLM1E,1.0143801439081954,-8.150412803292335,138.0,True
h_11,WPLM1K,1.0199999809265132,-8.202688041074156,13.800000190734863,True
h_11,WPLM2K,1.0199999809265132,-8.232712687988725,13.800000190734863,True
h_11,WPP22E,1.0192966419101122,-14.997143148459298,138.0,True
h_11,WPPELF,1.034011542601524,-20.977210478589708,69.0,True
h_11,WPPL2F,,,,True
h_11,WPPLAF,1.0372265361427853,-19.51641113880082,69.0,True
h_11,WPPLBF,,,,False
h_11,WPPLIF,0.9948043433850364,-20.922614626831788,69.0,True
h_11,WPPRIF,1.009152939780467,-19.96061462436602,69.0,True
h_11,WPSCEF,0.9889936608407587,-16.156779182053455,69.0,True
h_11,WPSESK,,,,False
h_11,WPVIEE,,,,False
h_11,WQ1SPK,1.0,-13.831126415185329,13.800000190734863,True
h_11,WQCORF,0.9960911283642512,-10.906747057404397,69.0,True
h_11,WQU11D,1.009241305050236,-13.742590143719628,230.0,True
h_11,WQU12K,1.0,-13.834921752673441,13.800000190734863,True
h_11,WQU21D,1.009241305050236,-13.742590143719628,230.0,True
h_11,WQU21K,1.0,-13.834921752673441,13.800000190734863,True
h_11,WQUINF,1.0033824973254404,-19.659111405647888,69.0,True
h_11,WQUISD,,,,True
h_11,WQUISE,,,,False
h_11,WRARRF,0.9899037519824254,-20.385635033823913,69.0,True
h_11,WRBL1K,,,,False
h_11,WRBL2K,,,,False
h_11,WRBLAF,1.0204641098021392,-17.262949795481934,69.0,True
h_11,WRCHAF,1.05347430813374,-3.468479528106001,69.0,True
h_11,WREFIF,0.9936036570069704,-10.65229998249582,69.0,True
h_11,WRINCF,0.9931624384646858,-22.211967547806044,69.0,True
h_11,WRNUEF,0.9928781230317641,-22.23198802273486,69.0,True
h_11,WRPELF,0.9824950821767362,-3.8957784397030473,69.0,True
h_11,WRSJUE,0.9859138735696343,-23.26470190921657,138.0,True
h_11,WRZMOK,,,,False
h_11,WSABAF,0.9970727636765047,-10.953543063261622,69.0,True
h_11,WSAJ1E,1.005386003753663,-13.573614150991927,138.0,True
h_11,WSALCE,0.98656187617835,-19.239216022826835,138.0,True
h_11,WSALIF,1.0081818957530022,-11.448531432550611,69.0,True
h_11,WSAMAE,0.9706610611556102,-25.614769259697404,138.0,True
h_11,WSANCE,0.9753591123930015,-25.142438122581,138.0,True
h_11,WSANTE,1.0155653813245313,-6.128713463513428,138.0,True
h_11,WSANTK,1.0155653813245313,-6.128713463513428,34.5,True
h_11,WSCANF,1.0071194505476009,-8.634758494913308,69.0,True
h_11,WSCANK,1.0071194505476009,-8.634758494913308,34.5,True
h_11,WSCNOE,1.0011994809772635,-7.4401337805142775,138.0,True
h_11,WSESTE,1.0118136234773012,0.06579757669931656,138.0,True
h_11,WSFELE,,,,True
h_11,WSFMAE,0.9875160184442037,-21.2215235819972,138.0,True
h_11,WSFMAF,0.9907266438903553,-23.60945652796717,69.0,True
h_11,WSIBBE,0.9998489233219412,-1.2418718695165865,138.0,True
h_11,WSJMAF,0.995554391456422,-19.74452408029077,69.0,True
h_11,WSJOCF,0.996903579086531,-14.034044724851954,69.0,True
h_11,WSJU2E,1.00878103080808,-8.566686046160164,138.0,True
h_11,WSJU2F,0.9992808690176467,-10.381926220953888,69.0,True
h_11,WSJUAF,0.9963146199985595,-10.68991763439994,69.0,True
h_11,WSKAPF,0.9884439647492345,-10.134454381190556,69.0,True
h_11,WSLCOE,,,,False
h_11,WSLORK,0.9999999999999999,-7.4218602407724275,13.800000190734863,True
h_11,WSMARF,0.9894099244626029,-2.3872175154652995,69.0,True
h_11,WSODOF,1.0048443824947277,-13.045315710720558,69.0,True
h_11,WSOSUF,1.0370607894565271,-23.892745606882652,69.0,True
h_11,WSPB1K,1.0499999523162842,-0.109776512997832,13.800000190734863,True
h_11,WSPBEE,1.0124932901325248,0.0932178132527541,138.0,True
h_11,WSPERF,0.9554678231568607,-6.987586984594475,69.0,True
h_11,WSPEVF,,,,False
h_11,WSPM2E,1.0121237750026657,0.0471429795960786,138.0,True
h_11,WSPMAE,1.0120042683127712,0.033636310384012894,138.0,True
h_11,WSPMAF,1.002329428250416,-4.133736504670398,69.0,True
h_11,WSPMBE,1.0120042683127712,0.033636310384012894,138.0,True
h_11,WSPRIF,0.9511858969004181,-6.2479856272208085,69.0,True
h_11,WSRODE,0.9940913200722412,-14.057151008599794,138.0,True
h_11,WSYASF,1.0266894238079676,-24.96113674589522,69.0,True
h_11,WSYEGF,0.9971367674254721,-10.506764372754416,69.0,True
h_11,WTAAGK,,,,False
h_11,WTAAVK,,,,False
h_11,WTAG1K,,,,False
h_11,WTAG2K,,,,False
h_11,WTAMAF,0.9934562513726697,-6.048366375642668,69.0,True
h_11,WTANOK,,,,False
h_11,WTAV1K,0.9999999999999998,-15.193280820418881,13.800000190734863,True
h_11,WTAVBE,,,,False
h_11,WTBA1K,,,,False
h_11,WTBA2K,,,,False
h_11,WTCE1K,,,,False
h_11,WTCE2K,,,,False
h_11,WTCEMK,,,,False
h_11,WTDAJK,,,,False
h_11,WTEMPF,0.9533143373616872,-8.073875610397153,69.0,True
h_11,WTESAK,,,,False
h_11,WTFA1K,,,,False
h_11,WTFA2K,,,,False
h_11,WTFA3K,,,,False
h_11,WTHAGK,,,,False
h_11,WTHAIF,0.9935927551981062,-6.1147027313716045,69.0,True
h_11,WTIM2E,0.9910065614414014,-6.467695376162418,138.0,True
h_11,WTIM2F,0.9587514846495709,-7.637920169083997,69.0,True
h_11,WTIMBF,0.9581553963221504,-7.705531381359609,69.0,True
h_11,WTIREF,1.008007302607197,-28.837814669846072,69.0,True
h_11,WTIT1K,,,,False
h_11,WTIT2K,,,,False
h_11,WTJI1K,,,,False
h_11,WTJI2K,,,,False
h_11,WTJIMK,,,,False
h_11,WTLANK,,,,False
h_11,WTMAGK,,,,False
h_11,WTMBBF,,,,True
h_11,WTMI5K,,,,False
h_11,WTMI6K,,,,False
h_11,WTMNTK,,,,False
h_11,WTMONK,,,,False
h_11,WTMR1K,,,,False
h_11,WTMR2K,,,,False
h_11,WTNNAK,,,,False
h_11,WTORGF,1.0168933403177058,-11.393618345490273,69.0,True
h_11,WTPA1K,,,,False
h_11,WTPG1K,,,,False
h_11,WTPG2K,,,,False
h_11,WTPG3K,,,,False
h_11,WTPI1K,,,,False
h_11,WTPI2K,,,,False
h_11,WTRINK,,,,False
h_11,WTRJCK,,,,False
h_11,WTROQF,1.0142649762914278,-19.55275013934139,69.0,True
h_11,WTSABK,,,,False
h_11,WTSE1K,,,,False
h_11,WTSFVK,,,,False
h_11,WTSPVK,,,,False
h_11,WTSYEK,,,,False
h_11,WTTA1K,,,,False
h_11,WTTA2K,,,,False
h_11,WTTITF,0.9574121763457657,-7.753020244776058,69.0,True
h_11,WTTO1K,,,,False
h_11,WTVA1K,,,,False
h_11,WTVA2K,,,,False
h_11,WTVE1K,,,,False
h_11,WTZFPF,,,,False
h_11,WUASDE,0.9912095171033001,-7.5607978055537455,138.0,True
h_11,WUMEDF,0.9890176457543272,-16.15498192346831,69.0,True
h_11,WVALBE,1.006911739152453,-6.828766963862519,138.0,True
h_11,WVALDE,1.006911739152453,-6.828766963862519,138.0,True
h_11,WVALLF,0.9976982692095699,-10.538686007411325,69.0,True
h_11,WVALTF,0.9550416223983551,-16.58398746252478,69.0,True
h_11,WVDU1E,,,,True
h_11,WVDUAF,,,,False
h_11,WVILAE,,,,False
h_11,WVILLF,0.9955879478755718,-10.76024277383075,69.0,True
h_11,WVMAOE,1.0026015526047112,-13.453783696567577,138.0,True
h_11,WVMELE,0.9934411757589077,-6.718896196459528,138.0,True
h_11,WVNOBF,0.9991182807863852,-9.15777871782219,69.0,True
h_11,WVOLGF,0.9891471461306601,-16.149026343879356,69.0,True
h_11,WX1PAK,,,,False
h_11,WXABIF,0.9940597455130717,-20.96079827682241,69.0,True
h_11,WXABRF,1.0115863064050798,-8.9683534938043,69.0,True
h_11,WXAD2F,1.0059321321789652,-12.47756552170254,69.0,True
h_11,WXADOF,1.0061765443841104,-12.561931819167977,69.0,True
h_11,WXAHGF,0.9739659957201086,-14.13156914109102,69.0,True
h_11,WXAHMF,0.9918675343322635,-24.74707416819109,69.0,True
h_11,WXAISF,1.004328259974321,-12.631178189004581,69.0,True
h_11,WXALDF,1.0168612006368716,-11.397192764661101,69.0,True
h_11,WXALIF,0.9763355343912598,-14.055230874514972,69.0,True
h_11,WXAORF,0.9859844876525108,-5.975041711079265,69.0,True
h_11,WXAPFF,1.0129284405319852,-18.49129364295003,69.0,True
h_11,WXAPPF,1.0399302861258009,-22.95841124102916,69.0,True
h_11,WXAQUF,,,,False
h_11,WXARDF,1.0063021442655276,-12.60403594782331,69.0,True
h_11,WXASOF,1.040313187369517,-23.569021846656693,69.0,True
h_11,WXBA1F,,,,False
h_11,WXBA2F,,,,True
h_11,WXBASF,0.9768674517981187,-5.7040743581648075,69.0,True
h_11,WXBAYF,,,,False
h_11,WXBDEF,0.9858962529340743,-21.3896334451567,69.0,True
h_11,WXBLEF,1.006120259470029,-3.3647334982156436,69.0,True
h_11,WXBMAF,0.9979199888157205,-12.480788089752046,69.0,True
h_11,WXBOHF,0.9921845479946972,-11.083739080361871,69.0,True
h_11,WXBPEF,1.0016459358570546,-18.35984104533364,69.0,True
h_11,WXCA1K,1.0200742571064483,-5.08261650212572,34.5,True
h_11,WXCABF,0.9584570548744482,-15.741008039516847,69.0,True
h_11,WXCANF,,,,False
h_11,WXCARF,0.9855667134078331,-10.563582419578527,69.0,True
h_11,WXCATF,0.9716187735599349,-5.001004549402919,69.0,True
h_11,WXCB2F,,,,False
h_11,WXCBAF,0.9901848174349416,-10.961662669446499,69.0,True
h_11,WXCC1E,,,,False
h_11,WXCC3E,,,,False
h_11,WXCCOF,1.0062892526114329,-12.605160705906922,69.0,True
h_11,WXCDAF,0.9713477265759324,-15.819497321899265,69.0,True
h_11,WXCDLF,0.9940008567932905,-24.544475675199166,69.0,True
h_11,WXCENF,0.9877912063513408,-24.448417615165532,69.0,True
h_11,WXCHAF,1.05347430813374,-3.468479528106001,69.0,True
h_11,WXCIGF,1.0020118317093032,-4.149357215932348,69.0,True
h_11,WXCINF,0.9552314915370186,-16.575846562945102,69.0,True
h_11,WXCNAF,0.996184788736266,-4.373079477452023,69.0,True
h_11,WXCOCF,,,,False
h_11,WXCODF,0.9904951262227681,-8.457960298672294,69.0,True
h_11,WXCORF,0.9870693026678873,-22.06351678551019,69.0,True
h_11,WXCSAF,0.9751103588063275,-15.586762355745332,69.0,True
h_11,WXCTAF,0.996080636788301,-22.444092783095275,69.0,True
h_11,WXCU1K,1.0146350279327225,0.7955282551171983,34.5,True
h_11,WXCU2K,1.0146350279327225,0.7955282551171983,34.5,True
h_11,WXCU4K,1.0146350279327225,0.7955282551171983,34.5,True
h_11,WXDBRF,1.0020118317093032,-4.149357215932348,69.0,True
h_11,WXDISF,0.953836871165293,-16.139356196400442,69.0,True
h_11,WXDROF,0.9924934563274018,-11.14021106084032,69.0,True
h_11,WXDURF,,,,False
h_11,WXEANF,1.0127136093377471,-18.501081178799108,69.0,True
h_11,WXECHF,0.9886212447921059,-23.782418357457317,69.0,True
h_11,WXES2K,,,,False
h_11,WXES3K,,,,False
h_11,WXESPF,0.9798401718980628,-21.680780671728463,69.0,True
h_11,WXEV4K,1.0199999809265134,0.03333646520727795,13.800000190734863,True
h_11,WXGALF,0.9557113588535416,-8.2935511140814,69.0,True
h_11,WXGAVF,0.982002525539717,-4.913747473277899,69.0,True
h_11,WXGBOF,0.9945608487264735,-10.574103002777713,69.0,True
h_11,WXGOYF,1.004328259974321,-12.631178189004581,69.0,True
h_11,WXGPLF,0.9547068302801367,-8.402057323069688,69.0,True
h_11,WXGRCF,,,,False
h_11,WXGRMF,0.9712259829799529,-5.471009886568693,69.0,True
h_11,WXGRSF,0.9926381787328004,-24.19088920037092,69.0,True
h_11,WXGU2F,0.997041596574768,-10.506113508272392,69.0,True
h_11,WXHACF,0.9904616787566279,-8.461422285281483,69.0,True
h_11,WXHE1F,1.0169407938377781,-11.380852569435996,69.0,True
h_11,WXHE2F,,,,False
h_11,WXHHIF,1.0013682028687623,-4.174792242260263,69.0,True
h_11,WXHJBF,0.9949084169744851,-23.850762480564878,69.0,True
h_11,WXHMSF,0.9938780847004572,-15.85380217520005,69.0,True
h_11,WXHNAF,,,,False
h_11,WXHNUF,0.9580570882386845,-15.77299352131819,69.0,True
h_11,WXIBAF,1.0105681577748948,-9.076368561144804,69.0,True
h_11,WXICAF,1.0047592692433325,-11.306427814119328,69.0,True
h_11,WXICNF,,,,False
h_11,WXIDAF,0.9950603434177786,-24.074142967819654,69.0,True
h_11,WXIDUF,0.975338366271061,-15.461952520291778,69.0,True
h_11,WXIISF,0.9551157799956107,-7.932809287282663,69.0,True
h_11,WXIMBF,1.0137700290555032,-20.267658040552792,69.0,True
h_11,WXINAF,0.9555135966799795,-7.918031660409547,69.0,True
h_11,WXINDF,0.9960048899949546,-24.76865744385146,69.0,True
h_11,WXINVF,0.953588460340311,-8.518635704440996,69.0,True
h_11,WXIPRF,,,,False
h_11,WXIPSF,0.975338366271061,-15.461952520291778,69.0,True
h_11,WXJIMF,0.9977874984658243,-26.69303295073987,69.0,True
h_11,WXJINF,1.0114514416224922,-13.822222399641449,69.0,True
h_11,WXKINF,1.0087083477639338,-9.636228130171,69.0,True
h_11,WXKVEF,0.9669999639998205,-5.442962018699605,69.0,True
h_11,WXLADF,0.9619547423531899,-5.579697123238718,69.0,True
h_11,WXLALF,,,,False
h_11,WXLC1E,1.0163651918861292,-7.988632412169749,138.0,True
h_11,WXLCAF,0.964224646396947,-5.423308648799288,69.0,True
h_11,WXLCBF,0.9937440690279881,-20.171621924826766,69.0,True
h_11,WXLFAF,0.9986427123770548,-12.302763766250003,69.0,True
h_11,WXLPAF,0.9749633214942298,-2.9764963935728477,69.0,True
h_11,WXLPEF,0.9946602300624502,-22.931235620164202,69.0,True
h_11,WXLUCK,1.0113373959082081,-9.67700334448303,34.5,True
h_11,WXLULF,1.0109869653703414,-9.769743829549865,69.0,True
h_11,WXLUPF,,,,True
h_11,WXMAGF,0.9971884998876026,-10.749035224221332,69.0,True
h_11,WXMAIF,0.9876422522063281,-21.682370967799994,69.0,True
h_11,WXMALF,0.9887043048951878,-10.11546992733972,69.0,True
h_11,WXMARF,0.9740836529172426,-5.533611347598019,69.0,True
h_11,WXMATK,0.9881609395866185,-23.027165227221385,34.5,True
h_11,WXMEGF,0.9543395186584211,-8.058240122753784,69.0,True
h_11,WXMETE,,,,False
h_11,WXMETF,0.9945608487264735,-10.574103002777713,69.0,True
h_11,WXMOZF,,,,False
h_11,WXMPAF,0.9712251245333756,-3.8844676541870515,69.0,True
h_11,WXMPGK,,,,False
h_11,WXMPSF,0.9280902482309262,-4.914123795118398,69.0,True
h_11,WXMV2F,1.0048537248325968,-13.044389785439963,69.0,True
h_11,WXMVAF,,,,False
h_11,WXNAGF,,,,False
h_11,WXNOVF,0.9934442749017676,-9.743798735918082,69.0,True
h_11,WXOC2F,1.0121568884481005,-18.542301736952968,69.0,True
h_11,WXOFAF,1.015915096240425,-11.594504587577052,69.0,True
h_11,WXOLVF,0.9997516419615653,-20.21788747223258,69.0,True
h_11,WXPA1K,0.9999999999999999,-7.287733057820033,11.0,True
h_11,WXPA3K,1.0,-7.276823026367808,15.0,True
h_11,WXPA4K,1.0000000000000002,-7.261243824378061,11.0,True
h_11,WXPC2F,0.9689183795428461,-5.011716706659698,69.0,True
h_11,WXPCGF,0.9696974430929225,-15.901927045750298,69.0,True
h_11,WXPCIF,0.9727122687815184,-4.703154985731478,69.0,True
h_11,WXPETF,0.9885803861396036,-10.124203311283024,69.0,True
h_11,WXPFLF,1.0169122867417857,-11.38863444094586,69.0,True
h_11,WXPFSK,1.005386003753663,-13.573614150991927,34.5,True
h_11,WXPGAF,1.0248866762612638,-20.837465207435173,69.0,True
h_11,WXPGMF,1.0109869653703414,-9.769743829549865,69.0,True
h_11,WXPHAF,0.9998714069323313,-10.473341063043693,69.0,True
h_11,WXPI4K,1.0,-21.748630795632234,13.800000190734863,True
h_11,WXPIDF,1.0109869653703414,-9.769743829549865,69.0,True
h_11,WXPINF,,,,False
h_11,WXPLCF,0.9791713894367476,-14.443852904698227,69.0,True
h_11,WXPPEF,1.034011542601524,-20.977210478589708,69.0,True
h_11,WXPPLF,,,,False
h_11,WXPPRF,1.0091759813935033,-19.95976321973231,69.0,True
h_11,WXPS1K,1.0160430410730006,-11.769568289338531,34.5,True
h_11,WXPY1K,,,,False
h_11,WXQAZF,,,,False
h_11,WXQCOF,0.9960911283642512,-10.906747057404397,69.0,True
h_11,WXRARF,0.9934898469759974,-20.187259979736904,69.0,True
h_11,WXRIEF,,,,False
h_11,WXRINF,0.9945999350147637,-22.11464998838104,69.0,True
h_11,WXSADF,,,,False
h_11,WXSESE,1.0120247951669643,0.06384109581575681,138.0,True
h_11,WXSESF,1.0002433100289985,-4.317921056570024,69.0,True
h_11,WXSI1K,0.9999999999999999,-1.246681809320739,13.800000190734863,True
h_11,WXSODF,1.0048493392292213,-13.044834558638714,69.0,True
h_11,WXSOSF,1.0370607894565271,-23.892745606882652,69.0,True
h_11,WXSPRF,0.9511858969004181,-6.2479856272208085,69.0,True
h_11,WXSYEF,0.9968297095433246,-10.558692007182366,69.0,True
h_11,WXTAMF,0.9539816486234551,-8.068495260141963,69.0,True
h_11,WXTDAF,0.9618948104871514,-6.433808172349518,69.0,True
h_11,WXTH1F,0.9935925604066732,-6.114699662211712,69.0,True
h_11,WXTH2F,0.9935926653263712,-6.114701315340572,69.0,True
h_11,WXTISF,1.0075524526509125,-12.898732816235901,69.0,True
h_11,WXTREFF,0.9936036570069704,-10.65229998249582,69.0,True
h_11,WXTROF,1.0142762779700008,-19.55226732597237,69.0,True
h_11,WXTTIF,0.9574121763457657,-7.753020244776058,69.0,True
h_11,WXVALF,0.9550416223983551,-16.58398746252478,69.0,True
h_11,WXVILF,0.9955879478755718,-10.76024277383075,69.0,True
h_11,WXVL1K,,,,False
h_11,WXWC2K,1.0044002301829988,-3.375308175029564,34.5,True
h_11,WXWC3K,1.0044002301829988,-3.375308175029564,34.5,True
h_11,WXYAGF,1.004198568920786,-11.454318332929732,69.0,True
h_11,WXZAMF,0.9619547423531899,-5.579697123238718,69.0,True
h_11,WXZFBF,,,,False
h_11,WXZFHF,,,,False
h_11,WXZFNF,,,,False
h_11,WXZGUF,1.0091341255752913,-20.284212760095933,69.0,True
h_11,WXZHAF,0.9531998610928544,-8.547357115181972,69.0,True
h_11,WXZISF,,,,False
h_11,WXZPPF,,,,False
h_11,WXZSPF,0.9978414818970781,-4.605827781306845,69.0,True
h_11,WYAGUF,1.004198568920786,-11.454318332929732,69.0,True
h_11,WYAMAF,0.9394444657371677,-5.576091713251627,69.0,True
h_11,WZFALF,,,,False
h_11,WZFAMF,,,,False
h_11,WZFBAF,,,,False
h_11,WZFDRF,,,,False
h_11,WZFESF,,,,False
h_11,WZFGIF,,,,False
h_11,WZFGUF,,,,False
h_11,WZFISF,,,,False
h_11,WZFLIF,,,,False
h_11,WZFMCF,,,,False
h_11,WZFPPF,,,,False
h_11,WZFS2F,,,,False
h_11,WZFSAE,,,,False
h_11,WZFSAF,,,,False
h_11,WZFSFF,,,,False
h_11,WZFSIF,,,,False
h_11,WZFSPF,,,,False
h_11,WZFVAF,,,,False
h_11,WZFVEF,,,,False
h_11,WZHAIF,0.9532000384227125,-8.547364026882944,69.0,True
h_11,ZXOJIF,,,,False
h_12,WAANDE,1.005104323247735,0.9104199555502571,138.0,True
h_12,WABCOF,1.0037961412150425,-13.539875658550965,69.0,True
h_12,WABISF,0.9971951671334572,-20.743268933168554,69.0,True
h_12,WABRUF,0.9504567828589047,-6.257708700025319,69.0,True
h_12,WACIBF,1.0130455535406437,-18.543625708808577,69.0,True
h_12,WACLAE,1.0232312592756907,-10.1848003279611,138.0,True
h_12,WACLAK,1.0247096043801946,-10.19199290335544,34.5,True
h_12,WADMIF,,,,False
h_12,WADOMF,1.0160147482319901,-11.921733317839092,69.0,True
h_12,WAGUAE,1.0054267865921844,-7.184250110621093,138.0,True
h_12,WAGUBE,1.0054267865921844,-7.184250110621093,138.0,True
h_12,WAHMIF,0.9909520821972787,-25.063374745430885,69.0,True
h_12,WAHO1E,0.9936756958395103,-7.519153079447832,138.0,True
h_12,WAHO2E,0.9936756958395103,-7.519153079447832,138.0,True
h_12,WAHOBF,0.9920961376624572,-10.170771113390007,69.0,True
h_12,WAHONF,0.9920961376624572,-10.170771113390007,69.0,True
h_12,WAIAMF,,,,False
h_12,WAIAZF,,,,False
h_12,WAIBAF,,,,False
h_12,WAIISF,,,,False
h_12,WAISAF,,,,False
h_12,WAISCF,1.0040611847608367,-12.972052008235336,69.0,True
h_12,WAISOF,1.0586285751599955,-22.282511055985786,69.0,True
h_12,WAIUNF,,,,False
h_12,WAIZSF,,,,False
h_12,WAORIF,0.9796977142855217,-6.567166214860902,69.0,True
h_12,WAPERF,1.0083960765055855,-28.08766377634104,69.0,True
h_12,WAPFAF,1.0145207397044707,-18.406804808132033,69.0,True
h_12,WAQUIF,1.006354722607964,-19.434284664851447,69.0,True
h_12,WASOEF,0.996132968472263,-9.87410021579364,69.0,True
h_12,WAZUAF,0.9889784277971642,-13.108355013317219,69.0,True
h_12,WBALDF,1.0149558378488852,-18.37274221710629,69.0,True
h_12,WBANIF,0.9981609004423015,-12.630097431408458,69.0,True
h_12,WBAPEF,0.9972568114544906,-13.007981356903757,69.0,True
h_12,WBARAF,0.9991951976731286,-9.941701434178121,69.0,True
h_12,WBARCE,,,,False
h_12,WBASIF,0.9730741486090472,-6.176577683657626,69.0,True
h_12,WBAYAE,1.0186748102292886,-6.342424104408538,138.0,True
h_12,WBAYAK,1.0184985144137182,-6.3451175801218245,34.5,True
h_12,WBAYOF,0.9888847652948386,-11.412967374577327,69.0,True
h_12,WBCARF,,,,False
h_12,WBCARK,1.0,-6.441469228894745,13.800000190734863,True
h_12,WBCHIE,0.9990766668890307,-1.6808787334049176,138.0,True
h_12,WBCHIF,0.9765492216929339,-4.712468789109063,69.0,True
h_12,WBDERF,0.9890554648709092,-21.165708260154123,69.0,True
h_12,WBDERK,1.0000000000000002,-21.233205258969154,13.800000190734863,True
h_12,WBENEF,1.0654933510122808,-4.4723161142898045,69.0,True
h_12,WBERSF,,,,False
h_12,WBLECF,1.002802812392942,-3.878876175344301,69.0,True
h_12,WBMATF,0.9963496532907101,-12.896145945718681,69.0,True
h_12,WBNVFF,,,,False
h_12,WBON2E,1.0011635447718699,-13.34052346574846,138.0,True
h_12,WBON2F,,,,False
h_12,WBON3C,,,,False
h_12,WBON3D,1.0128274873062193,-8.083987842435164,345.0,True
h_12,WBON3E,1.0012299802750602,-13.338458797208794,138.0,True
h_12,WBONAF,0.994131812574753,-19.05745182522204,69.0,True
h_12,WBOPEF,,,,False
h_12,WBPOPF,0.989665507666107,-8.873362868676905,69.0,True
h_12,WBVISF,1.0343025242969897,-3.2642177453134016,69.0,True
h_12,WCABAF,1.0573339080476978,-22.584432349441283,69.0,True
h_12,WCALAE,1.019852995208064,-5.43112104279946,138.0,True
h_12,WCALBE,1.019852995208064,-5.43112104279946,138.0,True
h_12,WCANAE,,,,True
h_12,WCANAF,,,,True
h_12,WCAPOF,0.9469849360508394,-9.053835085522254,69.0,True
h_12,WCATAF,0.9614882145339985,-5.879599481476732,69.0,True
h_12,WCAYAF,0.9767327097970518,-5.57492381583552,69.0,True
h_12,WCBOHF,0.9905942366250077,-11.556801751362624,69.0,True
h_12,WCBYNF,0.9537950901821238,-16.531795781203165,69.0,True
h_12,WCC21E,1.0112933463433194,-8.232745011468745,138.0,True
h_12,WCCA2F,1.0102869773535736,-9.637454956315073,69.0,True
h_12,WCCABF,1.0102415260054383,-9.684035236802687,69.0,True
h_12,WCCARF,0.9595501629383664,-6.070066188537074,69.0,True
h_12,WCCIBF,1.011044633182183,-19.877875116493364,69.0,True
h_12,WCDAGF,0.9711634072555486,-16.2346743364434,69.0,True
h_12,WCEMEE,1.0108882923886224,-0.4085281756038104,138.0,True
h_12,WCENOF,0.9859066960272591,-24.769737680241068,69.0,True
h_12,WCEPPF,,,,False
h_12,WCES1K,1.0199999809265137,-0.47459835782259985,13.800000190734863,True
h_12,WCES2K,1.0199999809265137,-0.47459835782259985,13.800000190734863,True
h_12,WCES3K,1.019999980926513,-0.465356081024517,13.800000190734863,True
h_12,WCESPF,0.9827111488004663,-21.465331587434942,69.0,True
h_12,WCESPK,,,,False
h_12,WCINDF,,,,False
h_12,WCLUIE,1.0052933922534324,-2.6500572613355513,138.0,True
h_12,WCNACF,,,,False
h_12,WCNPEE,0.9909224990783797,-7.4620207433787655,138.0,True
h_12,WCNSLF,,,,False
h_12,WCOAPE,1.0148436371600287,0.46813241390593335,138.0,True
h_12,WCOCOF,1.0128328203879209,-13.799035130142462,69.0,True
h_12,WCODAF,0.9931566381414477,-24.818736421676952,69.0,True
h_12,WCOHEF,1.0149899989863629,-12.133315433481942,69.0,True
h_12,WCONSF,1.0105275047927986,-29.781907188839003,69.0,True
h_12,WCORMF,0.9846917582163014,-22.563459843548614,69.0,True
h_12,WCOTAE,1.0080650158581466,0.26842687729954956,138.0,True
h_12,WCOTBE,1.0080650158581466,0.26842687729954956,138.0,True
h_12,WCOTUF,0.9880991884236303,-26.527297005045693,69.0,True
h_12,WCPVCF,0.9738000282342081,-16.110894490750926,69.0,True
h_12,WCSATF,0.9750000954083834,-16.00753515494881,69.0,True
h_12,WCSO1K,1.0080650158581466,0.26842687729954956,34.5,True
h_12,WCSO2K,1.0080650158581466,0.26842687729954956,34.5,True
h_12,WCSO3K,1.0080650158581466,0.26842687729954956,34.5,True
h_12,WCSOLK,,,,False
h_12,WCTP1D,,,,False
h_12,WCTP2D,,,,False
h_12,WCUMAE,1.0138653718479709,0.430598886833482,138.0,True
h_12,WCUMBE,1.0138653718479709,0.430598886833482,138.0,True
h_12,WCVEGF,0.9952700332653408,-25.292363697424268,69.0,True
h_12,WCZFSF,1.0170541488584757,-18.243833457474164,69.0,True
h_12,WDAJAE,0.9975178195766212,-13.209238935740933,138.0,True
h_12,WDAJAF,,,,False
h_12,WDESPF,0.9575384736556873,-8.092633786216334,69.0,True
h_12,WDISDF,0.9523225708606194,-16.66808035081383,69.0,True
h_12,WDJAOE,0.9833416935633063,-6.078028946450797,138.0,True
h_12,WDJAOF,0.9605692723425404,-6.815922525301596,69.0,True
h_12,WDPEDF,1.0107097945635601,-20.030481461542607,69.0,True
h_12,WDRODF,0.9912023439618118,-11.788246605432905,69.0,True
h_12,WDRODK,0.9974206143946122,-11.806250723685478,12.470000267028809,True
h_12,WDRODM,,,,False
h_12,WDURAF,,,,False
h_12,WDUVEF,1.0091379713293864,-14.633992944638148,69.0,True
h_12,WEABAF,,,,False
h_12,WEBRIE,0.9866034048629483,-6.605278101681715,138.0,True
h_12,WECHIF,0.9863116905673341,-24.14524242235109,69.0,True
h_12,WELJIF,1.0117031404036596,-19.84310730975416,69.0,True
h_12,WEM21K,1.0000000000000002,-6.94004385679436,13.800000190734863,True
h_12,WEMA2E,,,,False
h_12,WEMA2F,,,,False
h_12,WEMA3F,0.9574308575669914,-8.092157851267185,69.0,True
h_12,WEMB2F,,,,False
h_12,WEMB3F,0.9583808583006825,-7.959173219061718,69.0,True
h_12,WEMBAE,0.9882174391819475,-8.580875145932918,138.0,True
h_12,WENADE,1.0051030439214572,0.9102327296432414,138.0,True
h_12,WENE4E,1.0116156978810866,-0.33001547015730753,138.0,True
h_12,WEPINF,0.9808611224560084,-12.834659552785634,69.0,True
h_12,WERIOF,1.0042448919330167,-28.40338931141397,69.0,True
h_12,WESEIE,0.9967559790267038,-1.3548577783897189,138.0,True
h_12,WESM3F,,,,False
h_12,WESM3K,,,,False
h_12,WESOCE,1.0100227832036475,-0.29780051317515915,138.0,True
h_12,WESP1E,1.0186224674362532,-11.56528082897814,138.0,True
h_12,WFALCE,1.0012362487124624,-13.33855578519776,138.0,True
h_12,WFALCF,1.0051921972793885,-18.11479829162784,69.0,True
h_12,WFALCK,,,,True
h_12,WFALCM,,,,False
h_12,WFANTF,0.9885759228188162,-23.155958445640437,69.0,True
h_12,WFNEGF,,,,False
h_12,WFOCHF,1.0134578693005398,-18.48075232896797,69.0,True
h_12,WFOLAF,,,,False
h_12,WGALAF,0.9548126252778381,-8.701449977300047,69.0,True
h_12,WGBOJF,0.9930436029028497,-11.042809697180694,69.0,True
h_12,WGHACF,0.989847321782118,-8.866808740217776,69.0,True
h_12,WGIRAE,1.0165922178205709,-6.3059095542434545,138.0,True
h_12,WGIRAK,1.0238328587987375,-6.325144176808767,34.5,True
h_12,WGMALF,0.98812251928582,-10.454974432424127,69.0,True
h_12,WGNLLE,1.0215701154781824,-9.9875263197778,138.0,True
h_12,WGNLLK,1.0232435377714664,-9.995211578855873,34.5,True
h_12,WGOYAF,1.0036954519056753,-12.986107295572001,69.0,True
h_12,WGPALF,0.9810948589558776,-14.313496336222194,69.0,True
h_12,WGPETF,0.9880708520219358,-10.463776611922412,69.0,True
h_12,WGPLAF,0.953822634981832,-8.811422781952945,69.0,True
h_12,WGRCHF,0.9525067082866638,-8.938705495370815,69.0,True
h_12,WGRSFF,0.9919479288108596,-24.43942688632411,69.0,True
h_12,WGU1AD,,,,False
h_12,WGU1BD,,,,False
h_12,WGUA2F,0.9959658330002307,-11.12120830369941,69.0,True
h_12,WGUANE,,,,True
h_12,WGUANF,0.9960114425687059,-11.11913074792111,69.0,True
h_12,WGUAVF,0.9791753539891255,-5.438516870005085,69.0,True
h_12,WGUAYE,1.016881188219482,-10.344056874506686,138.0,True
h_12,WGUAYF,0.9812562445566015,-4.3682465190193005,69.0,True
h_12,WGUERD,1.0108618466734451,-5.138075514192944,345.0,True
h_12,WGUERE,1.0027417361250377,-4.3338105062315675,138.0,True
h_12,WGUERF,0.9650465390318049,-5.314470878304093,69.0,True
h_12,WGVEGF,0.9958367598861195,-24.824846694398484,69.0,True
h_12,WHAIBF,0.9987030072895277,-10.913735993031882,69.0,True
h_12,WHAINE,0.9956238786008487,-7.955191538769599,138.0,True
h_12,WHAINF,0.9987030072895277,-10.913735993031882,69.0,True
h_12,WHAT2K,1.0000000000000002,-25.801122186956956,13.800000190734863,True
h_12,WHATIF,0.9901436434973724,-25.775118956216353,69.0,True
h_12,WHATIK,1.0000000000000002,-25.852407399604957,12.5,True
h_12,WHENUF,,,,False
h_12,WHERRE,0.9906572698448178,-8.814859927635604,138.0,True
h_12,WHGMOE,,,,False
h_12,WHGUEE,,,,False
h_12,WHIGUF,1.1175322131598397,-6.306187661366679,69.0,True
h_12,WHJBOF,0.9941056180004612,-24.285047537301736,69.0,True
h_12,WHLINF,,,,False
h_12,WHMA2E,0.9985950613627389,-1.2702834770600775,138.0,True
h_12,WHMA2F,0.9870442429289947,-2.7958811713545884,69.0,True
h_12,WHMAYF,0.9859009014630328,-2.884019414469108,69.0,True
h_12,WHMSAF,0.995570133195274,-15.786919602028098,69.0,True
h_12,WHNACF,,,,False
h_12,WHNS1E,0.9946673126919778,-5.6627804877867165,138.0,True
h_12,WHNS1F,0.9924791299948853,-6.471229208036688,69.0,True
h_12,WHNUEF,0.9568682120249908,-16.25030311818371,69.0,True
h_12,WIAANE,1.0034434525044724,-2.5214319435569936,138.0,True
h_12,WIBARF,1.0090454814917518,-9.732599217664816,69.0,True
h_12,WICAEF,1.0044853537385408,-11.656325945286593,69.0,True
h_12,WICNAF,,,,False
h_12,WIDALF,0.9942999086852938,-24.492251232649092,69.0,True
h_12,WIGASE,,,,False
h_12,WIISAF,0.9550920342260816,-8.270839446863828,69.0,True
h_12,WIMB2F,1.0199013418199443,-19.848889339017536,69.0,True
h_12,WIMBEF,1.0183666524075679,-19.93077468371396,69.0,True
h_12,WINCAF,0.9750129200534113,-16.054055541014208,69.0,True
h_12,WINCAK,0.9999999999999998,-16.852522094119415,12.470000267028809,True
h_12,WINVBF,0.9907094098486372,-6.62885229146188,69.0,True
h_12,WINVIF,0.9525942134632314,-8.938524511131394,69.0,True
h_12,WIPSIF,,,,False
h_12,WITA1E,0.9972061618023896,-7.780930790894749,138.0,True
h_12,WJARAF,0.9963843717313178,-27.12597138747404,69.0,True
h_12,WJDOLE,1.0078438522037216,-1.4436754333094113,138.0,True
h_12,WJIBPE,1.0051915126985933,-15.099478637029558,69.0,True
h_12,WJIGBE,1.0045604882097638,-7.18850026952162,138.0,True
h_12,WJIGUE,1.0045604882097638,-7.18850026952162,138.0,True
h_12,WJIMEF,0.9971197805118992,-27.092756182093026,69.0,True
h_12,WJSAUD,1.0197799970709271,-5.363308240183629,345.0,True
h_12,WJSAUE,,,,False
h_12,WKDMBF,0.9853361160129145,-11.977602428457192,69.0,True
h_12,WKDMEF,0.9842252683446576,-10.999976668896455,69.0,True
h_12,WKINDF,1.005712643371898,-10.387612955649965,69.0,True
h_12,WKQA1F,0.9993500664317,-11.224484790605857,69.0,True
h_12,WKQAZE,1.0144925490905874,-7.641580546409103,138.0,True
h_12,WKVEIF,,,,False
h_12,WLALFF,,,,False
h_12,WLANGE,1.0008797086685728,-15.124331891599422,138.0,True
h_12,WLBARF,,,,False
h_12,WLCALF,0.9618368394980827,-5.911758047147173,69.0,True
h_12,WLCBOF,0.9905573878712662,-20.66546267567845,69.0,True
h_12,WLCOCK,1.0152823179370882,-8.569420082322008,34.5,True
h_12,WLCUAF,0.9530976447142719,-8.46782117582739,69.0,True
h_12,WLDAMF,1.008233289113863,-14.670307244483428,69.0,True
h_12,WLDAMK,0.9999999999999997,-15.921983996987837,12.5,True
h_12,WLDIAF,0.9896610758713122,-8.87354194711682,69.0,True
h_12,WLGALE,1.0006546243956245,-15.075004667249807,138.0,True
h_12,WLGU2K,1.023868152465001,-13.396195338197874,34.5,True
h_12,WLGUZE,1.023868152465001,-13.396195338197874,138.0,True
h_12,WLGUZK,1.023855240567596,-13.397512396255006,34.5,True
h_12,WLISAE,0.9931604349767947,-7.202233982614954,138.0,True
h_12,WLLAGF,,,,False
h_12,WLMFAF,0.9832453580508755,-12.576903266599949,69.0,True
h_12,WLMI5E,0.9925956874312069,-6.2691717425384725,138.0,True
h_12,WLMI6E,0.9925946460762708,-6.269988292170667,138.0,True
h_12,WLMI7E,0.992743229610586,-6.215898277623898,138.0,True
h_12,WLMI7K,1.0000000000000002,-6.225232537041615,13.800000190734863,True
h_12,WLMINE,0.9925710500010441,-6.2687992805616135,138.0,True
h_12,WLMINF,0.9543841905451331,-8.427683289401678,69.0,True
h_12,WLORIE,1.0116723781565882,-0.34845125223031903,138.0,True
h_12,WLORIK,1.0490000247955322,-0.41939935043153503,12.470000267028809,True
h_12,WLPARF,0.9715340660891459,-3.387701059075292,69.0,True
h_12,WLPENF,0.9951157939427847,-23.059376945120956,69.0,True
h_12,WLPRAE,0.988484085988965,-8.785874972867768,138.0,True
h_12,WLROME,1.0110796199686891,-0.16392679753664988,138.0,True
h_12,WLROMF,1.0257822621561463,-2.9557936735389707,69.0,True
h_12,WLRPUF,1.0221361781750344,-3.4182457411112135,69.0,True
h_12,WLTORF,1.0000348226051505,-11.059745317593338,69.0,True
h_12,WLUCIF,1.0110990067753205,-10.027917161998737,69.0,True
h_12,WLUPEF,1.0134115075676153,-20.424123140855855,69.0,True
h_12,WLVEGF,0.9954008074915255,-25.285571176074228,69.0,True
h_12,WLVICE,0.996600442319726,-5.227432263455113,138.0,True
h_12,WLVICK,0.996600442319726,-5.227432263455113,34.5,True
h_12,WLVPEF,0.9974489527079741,-25.44091187603431,69.0,True
h_12,WMAGUF,0.996288221785088,-11.323478399827916,69.0,True
h_12,WMAIMF,0.986265851962314,-22.120825051709783,69.0,True
h_12,WMARAF,0.9720193147133313,-5.846927987960335,69.0,True
h_12,WMARAK,0.9720193147133313,-5.846927987960335,13.800000190734863,True
h_12,WMARTF,0.9660069479684427,-5.598194751456858,69.0,True
h_12,WMARTK,0.9660069479684427,-5.598194751456858,34.5,True
h_12,WMAT1E,0.98989854693201,-22.8534481906228,138.0,True
h_12,WMATAE,0.990375974169025,-8.250190070424368,138.0,True
h_12,WMATBE,0.990375974169025,-8.250190070424368,138.0,True
h_12,WMEGAF,0.9527598528149056,-8.51850067591041,69.0,True
h_12,WMERCF,0.9880708520219358,-10.463776611922412,69.0,True
h_12,WMETAE,0.990368764769785,-8.251613852821507,138.0,True
h_12,WMETAK,0.9900000095367432,-8.58846594640709,13.199999809265137,True
h_12,WMETBF,0.9899115558475277,-8.860643512509464,69.0,True
h_12,WMETEE,0.9970534026848487,-7.81733040392743,138.0,True
h_12,WMETEF,0.9931911866093108,-11.010554795406225,69.0,True
h_12,WMETRE,0.9920705158596915,-7.576629035391813,138.0,True
h_12,WMETRF,0.9899115558475277,-8.860643512509464,69.0,True
h_12,WMIR1E,1.0031842760765568,-4.119476686351137,138.0,True
h_12,WMIRAK,1.0031842760765568,-4.119476686351137,34.5,True
h_12,WMLTPF,0.9912117752752604,-11.204363758367156,69.0,True
h_12,WMOCAE,0.9897749699805378,-17.92689598675924,138.0,True
h_12,WMOCAF,0.9858742312495967,-23.37829154316489,69.0,True
h_12,WMONCE,1.001046318005198,-13.46568507700284,138.0,True
h_12,WMONTE,1.004529979071183,-11.951732395278283,138.0,True
h_12,WMOZAF,0.9577257234636749,-8.15255760337533,69.0,True
h_12,WMP2AE,1.0041037119802092,-3.6646410311163873,138.0,True
h_12,WMP2BE,1.0041037119802092,-3.6646410311163873,138.0,True
h_12,WMPALF,0.9767796557888077,-2.226451445061789,69.0,True
h_12,WMPALK,0.9767796557888077,-2.226451445061789,34.5,True
h_12,WMPL1D,,,,False
h_12,WMPL2D,,,,False
h_12,WMPLAF,0.9247716898249314,-5.365879223833213,69.0,True
h_12,WMPSOE,,,,False
h_12,WMPSOF,0.924901288789982,-5.336722383014291,69.0,True
h_12,WMPSOK,0.924901288789982,-5.336722383014291,20.0,True
h_12,WMRI2E,1.012743219679046,-7.657587188597022,138.0,True
h_12,WMTFNE,1.0298709921089106,-6.357444480407886,138.0,True
h_12,WMTFNK,1.0750215393483118,-6.404746919184321,34.5,True
h_12,WMULTF,0.9550602772817129,-8.271964226512392,69.0,True
h_12,WMVCIF,1.0124802492748697,-19.809381822202358,69.0,True
h_12,WMVIEF,1.004601792491256,-13.380804584655444,69.0,True
h_12,WNAG2E,0.9872381968342201,-23.48782296970794,138.0,True
h_12,WNAG2F,,,,True
h_12,WNAGUF,0.9879863476533924,-25.840801280841397,69.0,True
h_12,WNARAD,1.0047243180370182,-11.11433386236374,345.0,True
h_12,WNARAE,,,,False
h_12,WNAV2E,1.0167778885972891,-12.128000067200011,138.0,True
h_12,WNAVAF,0.9989008915474845,-20.654851947205294,69.0,True
h_12,WNEYBF,0.9968219979784256,-15.271002716326452,69.0,True
h_12,WNIBAE,0.9991496541995678,-15.353169467093549,138.0,True
h_12,WNOVOF,0.9938087123590278,-10.012099396955914,69.0,True
h_12,WOFALF,1.0149993748861101,-12.133683970765746,69.0,True
h_12,WOJIVF,0.9962762167269432,-10.98066033986119,69.0,True
h_12,WPAK0E,,,,False
h_12,WPAK2E,1.012343670654499,-7.655255262806857,138.0,True
h_12,WPAK5E,1.012343670654499,-7.655255262806857,138.0,True
h_12,WPAK6E,1.012343670654499,-7.655255262806857,138.0,True
h_12,WPAL1E,0.998083471695569,-7.967111148622884,138.0,True
h_12,WPALAF,0.9810948589558776,-14.313496336222194,69.0,True
h_12,WPALBE,1.017385121864605,-7.890093489920243,138.0,True
h_12,WPALBF,0.9987155925132352,-9.608162153435394,69.0,True
h_12,WPALEE,1.017385121864605,-7.890093489920243,138.0,True
h_12,WPAQ1K,1.0499999523162844,-10.405752716659093,4.159999847412109,True
h_12,WPARAE,0.9937247873854255,-7.63535544358918,138.0,True
h_12,WPAYAE,,,,False
h_12,WPAYBE,,,,False
h_12,WPAYIF,1.0020874386475416,-26.727116453175697,69.0,True
h_12,WPBAJF,0.998976377923557,-27.481155832258743,69.0,True
h_12,WPBBAE,,,,False
h_12,WPBLAD,,,,False
h_12,WPCA1K,1.0499999523162842,0.0,22.0,True
h_12,WPCA2K,1.0499999523162837,1.4314384325556222,22.0,True
h_12,WPCATE,,,,False
h_12,WPCGLF,0.9695002644149797,-16.31718877250038,69.0,True
h_12,WPCIBF,0.9667454534268617,-5.492259824101577,69.0,True
h_12,WPDISF,,,,False
h_12,WPDIVF,0.9722616066638293,-15.00608032043144,69.0,True
h_12,WPDORE,,,,True
h_12,WPDORF,1.0467400491559844,-20.20634425876565,69.0,True
h_12,WPEBPE,1.0166182902662504,-8.731651115200288,138.0,True
h_12,WPERAE,1.0198832092334649,-5.410470456417746,138.0,True
h_12,WPERBE,1.0198832092334649,-5.410470456417746,138.0,True
h_12,WPES1K,1.0198832092334649,-5.410470456417746,34.5,True
h_12,WPES2K,1.0198832092334649,-5.410470456417746,34.5,True
h_12,WPFLEF,,,,False
h_12,WPFMSK,1.016881188219482,-10.344056874506686,20.0,True
h_12,WPGARF,1.0347574024784008,-20.213237498452354,69.0,True
h_12,WPHAIF,0.9984777197849489,-10.931417662432528,69.0,True
h_12,WPIDUF,0.9752656366329693,-15.872501426437212,69.0,True
h_12,WPIISF,,,,False
h_12,WPIMCF,1.0110017677564862,-18.686626332050228,69.0,True
h_12,WPIMEE,0.9946448346986033,-21.64747013770779,138.0,True
h_12,WPIMEF,1.0001070173176718,-26.557026754976466,69.0,True
h_12,WPINAF,1.029337828756357,-18.532505485190025,69.0,True
h_12,WPIZAE,1.0150758834433695,-6.519914567614507,138.0,True
h_12,WPIZAF,1.0106439831187917,-10.124175123383644,69.0,True
h_12,WPIZBF,,,,False
h_12,WPLASF,0.9928943422388326,-10.08291753747461,69.0,True
h_12,WPLCCF,0.97885248737931,-14.87052626728285,69.0,True
h_12,WPLINF,0.9911802113544924,-12.70348694614939,69.0,True
h_12,WPLM1E,1.01388842845517,-8.657635633280158,138.0,True
h_12,WPLM1K,1.0199999809265137,-8.711389566291475,13.800000190734863,True
h_12,WPLM2K,1.0199999809265137,-8.741714967177645,13.800000190734863,True
h_12,WPP22E,1.024103659566713,-14.69027812781472,138.0,True
h_12,WPPELF,1.04667104027046,-20.15982092204102,69.0,True
h_12,WPPL2F,,,,True
h_12,WPPLAF,1.0466455424633268,-18.89572480324532,69.0,True
h_12,WPPLBF,,,,False
h_12,WPPLIF,0.9979534594524453,-20.70537395527646,69.0,True
h_12,WPPRIF,1.011956709448999,-19.83141968665566,69.0,True
h_12,WPSCEF,0.9909355378992404,-16.072183915889152,69.0,True
h_12,WPSESK,,,,False
h_12,WPVIEE,,,,False
h_12,WQ1SPK,1.0,-13.981888094767152,13.800000190734863,True
h_12,WQCORF,0.9951863173637628,-11.431590521322189,69.0,True
h_12,WQU11D,1.0093598693149621,-13.892557409442539,230.0,True
h_12,WQU12K,1.0,-13.98571913847862,13.800000190734863,True
h_12,WQU21D,1.0093598693149621,-13.892557409442539,230.0,True
h_12,WQU21K,1.0,-13.98571913847862,13.800000190734863,True
h_12,WQUINF,1.0057947834927434,-19.510790307367543,69.0,True
h_12,WQUISD,,,,True
h_12,WQUISE,,,,False
h_12,WRARRF,0.988848615428889,-20.78602689710308,69.0,True
h_12,WRBL1K,,,,False
h_12,WRBL2K,,,,False
h_12,WRBLAF,1.0202400864807888,-17.60348102697096,69.0,True
h_12,WRCHAF,1.0513076195524338,-3.933825463588643,69.0,True
h_12,WREFIF,0.9920978678265879,-11.120175031777437,69.0,True
h_12,WRINCF,0.9914103542627571,-22.859348859743626,69.0,True
h_12,WRNUEF,0.991192359299837,-22.871964421093296,69.0,True
h_12,WRPELF,0.9779063560931738,-4.437032439514414,69.0,True
h_12,WRSJUE,0.9876143235621556,-23.093533569801494,138.0,True
h_12,WRZMOK,,,,False
h_12,WSABAF,0.996281495983404,-11.617363546728635,69.0,True
h_12,WSAJ1E,1.0070687015960513,-13.51619543578778,138.0,True
h_12,WSALCE,0.9873583818343215,-19.226530253278092,138.0,True
h_12,WSALIF,1.0059575082735754,-12.189160520814887,69.0,True
h_12,WSAMAE,0.975298922366526,-25.202180469518414,138.0,True
h_12,WSANCE,0.9787195990062473,-24.839584463961764,138.0,True
h_12,WSANTE,1.0153414441099868,-6.470369129972292,138.0,True
h_12,WSANTK,1.0153414441099868,-6.470369129972292,34.5,True
h_12,WSCANF,1.0049242298313361,-9.3044619731402,69.0,True
h_12,WSCANK,1.0049242298313361,-9.3044619731402,34.5,True
h_12,WSCNOE,1.0007258065578615,-7.8000555712804465,138.0,True
h_12,WSESTE,1.0112476161742034,-0.31476892617262187,138.0,True
h_12,WSFELE,,,,True
h_12,WSFMAE,0.987650898503141,-21.250843650596632,138.0,True
h_12,WSFMAF,0.9903186471545445,-23.816283853465418,69.0,True
h_12,WSIBBE,0.9991884565665158,-1.6430167946747474,138.0,True
h_12,WSJMAF,0.9982978531417281,-19.581794459111695,69.0,True
h_12,WSJOCF,0.9951790684185902,-14.496616376082226,69.0,True
h_12,WSJU2E,1.0079714904988832,-9.094765501193661,138.0,True
h_12,WSJU2F,0.9980740379228188,-11.002177461307136,69.0,True
h_12,WSJUAF,0.9949918502795991,-11.328150190256459,69.0,True
h_12,WSKAPF,0.9881334644589146,-10.460075953396258,69.0,True
h_12,WSLCOE,,,,False
h_12,WSLORK,1.0,-7.770226938694495,13.800000190734863,True
h_12,WSMARF,0.9880948340187067,-2.8129413002599426,69.0,True
h_12,WSODOF,1.0045921835482081,-13.381756046847753,69.0,True
h_12,WSOSUF,1.0593202217625801,-22.30188074857897,69.0,True
h_12,WSPB1K,1.0499999523162842,-0.4915646154916896,13.800000190734863,True
h_12,WSPBEE,1.0119461725879362,-0.2861172002790382,138.0,True
h_12,WSPERF,0.9536135590471961,-7.416099914628752,69.0,True
h_12,WSPEVF,,,,False
h_12,WSPM2E,1.0116156978810866,-0.33001547015730753,138.0,True
h_12,WSPMAE,1.0113794111423058,-0.3473657244299663,138.0,True
h_12,WSPMAF,1.0003262661440617,-4.670080803056289,69.0,True
h_12,WSPMBE,1.0113794111423058,-0.3473657244299663,138.0,True
h_12,WSPRIF,0.9491333597374152,-6.667970197640965,69.0,True
h_12,WSRODE,0.9954670736906033,-13.825271401742043,138.0,True
h_12,WSYASF,1.0574152721093135,-22.585637051599274,69.0,True
h_12,WSYEGF,0.9961460460271855,-11.115257627562876,69.0,True
h_12,WTAAGK,,,,False
h_12,WTAAVK,,,,False
h_12,WTAG1K,,,,False
h_12,WTAG2K,,,,False
h_12,WTAMAF,0.9915711828095015,-6.471719649696459,69.0,True
h_12,WTANOK,,,,False
h_12,WTAV1K,1.0,-15.154457642801296,13.800000190734863,True
h_12,WTAVBE,,,,False
h_12,WTBA1K,,,,False
h_12,WTBA2K,,,,False
h_12,WTCE1K,,,,False
h_12,WTCE2K,,,,False
h_12,WTCEMK,,,,False
h_12,WTDAJK,,,,False
h_12,WTEMPF,0.9523970986954601,-8.479765370299871,69.0,True
h_12,WTESAK,,,,False
h_12,WTFA1K,,,,False
h_12,WTFA2K,,,,False
h_12,WTFA3K,,,,False
h_12,WTHAGK,,,,False
h_12,WTHAIF,0.9917498027164087,-6.536373546412872,69.0,True
h_12,WTIM2E,0.9904625473522577,-6.8288288898024545,138.0,True
h_12,WTIM2F,0.9581588812233506,-8.022438620796768,69.0,True
h_12,WTIMBF,0.9575384736556873,-8.092633786216334,69.0,True
h_12,WTIREF,1.0073079876949507,-29.263887396288418,69.0,True
h_12,WTIT1K,,,,False
h_12,WTIT2K,,,,False
h_12,WTJI1K,,,,False
h_12,WTJI2K,,,,False
h_12,WTJIMK,,,,False
h_12,WTLANK,,,,False
h_12,WTMAGK,,,,False
h_12,WTMBBF,,,,True
h_12,WTMI5K,,,,False
h_12,WTMI6K,,,,False
h_12,WTMNTK,,,,False
h_12,WTMONK,,,,False
h_12,WTMR1K,,,,False
h_12,WTMR2K,,,,False
h_12,WTNNAK,,,,False
h_12,WTORGF,1.016056821098648,-11.91673835308508,69.0,True
h_12,WTPA1K,,,,False
h_12,WTPG1K,,,,False
h_12,WTPG2K,,,,False
h_12,WTPG3K,,,,False
h_12,WTPI1K,,,,False
h_12,WTPI2K,,,,False
h_12,WTRINK,,,,False
h_12,WTRJCK,,,,False
h_12,WTROQF,1.0160839397759593,-19.486870938936534,69.0,True
h_12,WTSABK,,,,False
h_12,WTSE1K,,,,False
h_12,WTSFVK,,,,False
h_12,WTSPVK,,,,False
h_12,WTSYEK,,,,False
h_12,WTTA1K,,,,False
h_12,WTTA2K,,,,False
h_12,WTTITF,0.9570296247911536,-8.119712009809724,69.0,True
h_12,WTTO1K,,,,False
h_12,WTVA1K,,,,False
h_12,WTVA2K,,,,False
h_12,WTVE1K,,,,False
h_12,WTZFPF,,,,False
h_12,WUASDE,0.9907432840329148,-7.912792201311012,138.0,True
h_12,WUMEDF,0.9909629310328814,-16.070143821172497,69.0,True
h_12,WVALBE,1.0066522524364934,-7.181670640258086,138.0,True
h_12,WVALDE,1.0066522524364934,-7.181670640258086,138.0,True
h_12,WVALLF,0.9963534283080051,-11.169022112546976,69.0,True
h_12,WVALTF,0.9542360274869891,-17.026398797353075,69.0,True
h_12,WVDU1E,,,,True
h_12,WVDUAF,,,,False
h_12,WVILAE,,,,False
h_12,WVILLF,0.9945715278019643,-11.358057522759825,69.0,True
h_12,WVMAOE,1.0047210341128328,-13.209517105157484,138.0,True
h_12,WVMELE,0.9928766837178331,-7.067620793329405,138.0,True
h_12,WVNOBF,0.9965060660841704,-9.854054787407641,69.0,True
h_12,WVOLGF,0.9911020565788476,-16.063768015844825,69.0,True
h_12,WX1PAK,,,,False
h_12,WXABIF,0.9971996419019279,-20.74306191352335,69.0,True
h_12,WXABRF,1.0100115924756234,-9.624662510818402,69.0,True
h_12,WXAD2F,1.0056565113143925,-12.81343390440434,69.0,True
h_12,WXADOF,1.0059031405933743,-12.897924238708494,69.0,True
h_12,WXAHGF,0.973579497047907,-14.55486836296433,69.0,True
h_12,WXAHMF,0.9911467249214588,-25.051386846755914,69.0,True
h_12,WXAISF,1.0040652211119854,-12.971759794281173,69.0,True
h_12,WXALDF,1.016019768510978,-11.921283756556347,69.0,True
h_12,WXALIF,0.9759730111472856,-14.47774628574778,69.0,True
h_12,WXAORF,0.9837376169847265,-6.4125966482392185,69.0,True
h_12,WXAPFF,1.015264854906898,-18.357827385402096,69.0,True
h_12,WXAPPF,1.058643646609714,-21.675759263369375,69.0,True
h_12,WXAQUF,,,,False
h_12,WXARDF,1.00602985795559,-12.9400900664389,69.0,True
h_12,WXASOF,1.0611867961396764,-22.104412881986153,69.0,True
h_12,WXBA1F,,,,False
h_12,WXBA2F,,,,True
h_12,WXBASF,0.9742325859339976,-6.156987911837594,69.0,True
h_12,WXBAYF,,,,False
h_12,WXBDEF,0.9889851027803075,-21.16455178537373,69.0,True
h_12,WXBLEF,1.0027886407640787,-3.8772341108187205,69.0,True
h_12,WXBMAF,0.9971722434955007,-12.864166589550866,69.0,True
h_12,WXBOHF,0.99073796777232,-11.547267380105787,69.0,True
h_12,WXBPEF,1.0012087542670154,-18.71938041904471,69.0,True
h_12,WXCA1K,1.019852995208064,-5.43112104279946,34.5,True
h_12,WXCABF,0.9576771022797461,-16.200128115092834,69.0,True
h_12,WXCANF,,,,False
h_12,WXCARF,0.9850508003136459,-10.910251673037273,69.0,True
h_12,WXCATF,0.9693633769765907,-5.493260157850935,69.0,True
h_12,WXCB2F,,,,False
h_12,WXCBAF,0.9888270825568977,-11.417685836525619,69.0,True
h_12,WXCC1E,,,,False
h_12,WXCC3E,,,,False
h_12,WXCCOF,1.0060168303181478,-12.941226007376512,69.0,True
h_12,WXCDAF,0.9712037354093089,-16.23255899869528,69.0,True
h_12,WXCDLF,0.9931737445462802,-24.817988999305104,69.0,True
h_12,WXCENF,0.9870591078644124,-24.71904945434222,69.0,True
h_12,WXCHAF,1.0513076195524338,-3.933825463588643,69.0,True
h_12,WXCIGF,1.0000024553089852,-4.685903156098552,69.0,True
h_12,WXCINF,0.9544338612290173,-17.017910361312698,69.0,True
h_12,WXCNAF,0.9941174137058472,-4.906723146017067,69.0,True
h_12,WXCOCF,,,,False
h_12,WXCODF,0.9899115558475277,-8.860643512509464,69.0,True
h_12,WXCORF,0.9859916835029919,-22.48611562586791,69.0,True
h_12,WXCSAF,0.9750488959786323,-15.997281365056905,69.0,True
h_12,WXCTAF,0.9967161953031293,-22.537918384729743,69.0,True
h_12,WXCU1K,1.013549578914113,0.4292197231370288,34.5,True
h_12,WXCU2K,1.013549578914113,0.4292197231370288,34.5,True
h_12,WXCU4K,1.013549578914113,0.4292197231370288,34.5,True
h_12,WXDBRF,1.0000024553089852,-4.685903156098552,69.0,True
h_12,WXDISF,0.9529939016143413,-16.604623333127215,69.0,True
h_12,WXDROF,0.9908668614616261,-11.806877231913388,69.0,True
h_12,WXDURF,,,,False
h_12,WXEANF,1.0150894510847348,-18.365889021966474,69.0,True
h_12,WXECHF,0.9880726506119337,-24.000746732186002,69.0,True
h_12,WXES2K,,,,False
h_12,WXES3K,,,,False
h_12,WXESPF,0.982967364955902,-21.452955789103054,69.0,True
h_12,WXEV4K,1.0199999809265137,-0.3446195824466328,13.800000190734863,True
h_12,WXGALF,0.9548617377535528,-8.699445476865286,69.0,True
h_12,WXGAVF,0.9797956211093913,-5.440212280473886,69.0,True
h_12,WXGBOF,0.9930436029028497,-11.042809697180694,69.0,True
h_12,WXGOYF,1.0040652211119854,-12.971759794281173,69.0,True
h_12,WXGPLF,0.953822634981832,-8.811422781952945,69.0,True
h_12,WXGRCF,,,,False
h_12,WXGRMF,0.9684176519945393,-5.934761420070748,69.0,True
h_12,WXGRSF,0.9919646066175839,-24.43879816533312,69.0,True
h_12,WXGU2F,0.9959860183056773,-11.119723796559303,69.0,True
h_12,WXHACF,0.9898769134605053,-8.86422807438529,69.0,True
h_12,WXHE1F,1.0161055669216394,-11.90369981381184,69.0,True
h_12,WXHE2F,,,,False
h_12,WXHHIF,0.9993521375798804,-4.711069801712842,69.0,True
h_12,WXHJBF,0.9941178582927618,-24.284694531002298,69.0,True
h_12,WXHMSF,0.995589053390879,-15.78563482869,69.0,True
h_12,WXHNAF,,,,False
h_12,WXHNUF,0.9572536126608653,-16.233996871716773,69.0,True
h_12,WXIBAF,1.0090843225248527,-9.731115535005985,69.0,True
h_12,WXICAF,1.0044889136117232,-11.656193563431135,69.0,True
h_12,WXICNF,,,,False
h_12,WXIDAF,0.9943074437845136,-24.491691913042743,69.0,True
h_12,WXIDUF,0.9752656366329693,-15.872501426437212,69.0,True
h_12,WXIISF,0.9550940036543997,-8.270760673912129,69.0,True
h_12,WXIMBF,1.0192853737872494,-19.883448757153,69.0,True
h_12,WXINAF,0.9554464935514464,-8.257628235700246,69.0,True
h_12,WXINDF,0.9955157273351839,-25.098266607363346,69.0,True
h_12,WXINVF,0.9526634477734935,-8.93201797530036,69.0,True
h_12,WXIPRF,,,,False
h_12,WXIPSF,0.9752656366329693,-15.872501426437212,69.0,True
h_12,WXJIMF,0.9971197805118992,-27.092756182093026,69.0,True
h_12,WXJINF,1.0091379713293864,-14.633992944638148,69.0,True
h_12,WXKINF,1.0067474518870558,-10.320132040926811,69.0,True
h_12,WXKVEF,0.9644024859491619,-5.921182036138862,69.0,True
h_12,WXLADF,0.9595893749897089,-6.068748663704397,69.0,True
h_12,WXLALF,,,,False
h_12,WXLC1E,1.0152982952357479,-8.565854066528651,138.0,True
h_12,WXLCAF,0.9618368394980827,-5.911758047147173,69.0,True
h_12,WXLCBF,0.9929125783638385,-20.561573293236066,69.0,True
h_12,WXLFAF,0.9979466001787215,-12.680393078407517,69.0,True
h_12,WXLPAF,0.9715512595189055,-3.386149106517462,69.0,True
h_12,WXLPEF,0.9951157939427847,-23.059376945120956,69.0,True
h_12,WXLUCK,1.0110026110238624,-10.029675635444011,34.5,True
h_12,WXLULF,1.0106439831187917,-10.124175123383644,69.0,True
h_12,WXLUPF,,,,True
h_12,WXMAGF,0.996288221785088,-11.323478399827916,69.0,True
h_12,WXMAIF,0.9865685273667851,-22.102893364848125,69.0,True
h_12,WXMALF,0.9883793823293188,-10.442139100312197,69.0,True
h_12,WXMARF,0.9713273384940876,-5.991191528348714,69.0,True
h_12,WXMATK,0.98989854693201,-22.8534481906228,34.5,True
h_12,WXMEGF,0.9534396531632479,-8.463850086906534,69.0,True
h_12,WXMETE,,,,False
h_12,WXMETF,0.9930436029028497,-11.042809697180694,69.0,True
h_12,WXMOZF,,,,False
h_12,WXMPAF,0.96773300823459,-4.319213796762584,69.0,True
h_12,WXMPGK,,,,False
h_12,WXMPSF,0.9247716898249314,-5.365879223833213,69.0,True
h_12,WXMV2F,1.004601792491256,-13.380804584655444,69.0,True
h_12,WXMVAF,,,,False
h_12,WXNAGF,,,,False
h_12,WXNOVF,0.993097940596022,-10.073567959720002,69.0,True
h_12,WXOC2F,1.0145347954524393,-18.406537753136092,69.0,True
h_12,WXOFAF,1.0149999548818274,-12.133599726176042,69.0,True
h_12,WXOLVF,1.0025129779321755,-20.038518007362924,69.0,True
h_12,WXPA1K,1.0,-7.751697742260523,11.0,True
h_12,WXPA3K,1.0000000000000004,-7.740415530095891,15.0,True
h_12,WXPA4K,0.9999999999999998,-7.7250654397307255,11.0,True
h_12,WXPC2F,0.9667454534268617,-5.492259824101577,69.0,True
h_12,WXPCGF,0.9695002644149797,-16.31718877250038,69.0,True
h_12,WXPCIF,0.9706822388811426,-5.178566957474438,69.0,True
h_12,WXPETF,0.9882557224802329,-10.450853689828902,69.0,True
h_12,WXPFLF,1.016076272071328,-11.91164782387335,69.0,True
h_12,WXPFSK,1.0070687015960513,-13.51619543578778,34.5,True
h_12,WXPGAF,1.0347864731870018,-20.21186265940202,69.0,True
h_12,WXPGMF,1.0106439831187917,-10.124175123383644,69.0,True
h_12,WXPHAF,0.998510610196207,-10.929990684827722,69.0,True
h_12,WXPI4K,1.0,-21.701555012864233,13.800000190734863,True
h_12,WXPIDF,1.0106439831187917,-10.124175123383644,69.0,True
h_12,WXPINF,,,,False
h_12,WXPLCF,0.9789472111860857,-14.861001907144216,69.0,True
h_12,WXPPEF,1.04667104027046,-20.15982092204102,69.0,True
h_12,WXPPLF,,,,False
h_12,WXPPRF,1.0119806538907101,-19.830537468016644,69.0,True
h_12,WXPS1K,1.0186224674362532,-11.56528082897814,34.5,True
h_12,WXPY1K,,,,False
h_12,WXQAZF,,,,False
h_12,WXQCOF,0.9951863173637628,-11.431590521322189,69.0,True
h_12,WXRARF,0.9926435806251116,-20.5778359742104,69.0,True
h_12,WXRIEF,,,,False
h_12,WXRINF,0.9934597174364486,-22.67271303604942,69.0,True
h_12,WXSADF,,,,False
h_12,WXSESE,1.011448640252179,-0.3166327822112725,138.0,True
h_12,WXSESF,0.998215513571391,-4.856765542210068,69.0,True
h_12,WXSI1K,0.9999999999999998,-1.6486158768182158,13.800000190734863,True
h_12,WXSODF,1.0045972791938431,-13.381261586674936,69.0,True
h_12,WXSOSF,1.0593202217625801,-22.30188074857897,69.0,True
h_12,WXSPRF,0.9491333597374152,-6.667970197640965,69.0,True
h_12,WXSYEF,0.9958338556106778,-11.165003871913937,69.0,True
h_12,WXTAMF,0.9530757168568647,-8.474288724208717,69.0,True
h_12,WXTDAF,0.9602577944489252,-6.842825627185594,69.0,True
h_12,WXTH1F,0.9917496082862821,-6.536370477252979,69.0,True
h_12,WXTH2F,0.9917497130113707,-6.536372130381841,69.0,True
h_12,WXTISF,1.0072917116727813,-13.235003400352912,69.0,True
h_12,WXTREFF,0.9920978678265879,-11.120175031777437,69.0,True
h_12,WXTROF,1.0160918961158354,-19.48653144423699,69.0,True
h_12,WXTTIF,0.9570296247911536,-8.119712009809724,69.0,True
h_12,WXVALF,0.9542360274869891,-17.026398797353075,69.0,True
h_12,WXVILF,0.9945715278019643,-11.358057522759825,69.0,True
h_12,WXVL1K,,,,False
h_12,WXWC2K,1.0041037119802092,-3.6646410311163873,34.5,True
h_12,WXWC3K,1.0041037119802092,-3.6646410311163873,34.5,True
h_12,WXYAGF,1.0039347620489998,-11.803633019605881,69.0,True
h_12,WXZAMF,0.9595893749897089,-6.068748663704397,69.0,True
h_12,WXZFBF,,,,False
h_12,WXZFHF,,,,False
h_12,WXZFNF,,,,False
h_12,WXZGUF,1.013381019033292,-20.056300348851934,69.0,True
h_12,WXZHAF,0.9522706307512679,-8.961064914786519,69.0,True
h_12,WXZISF,,,,False
h_12,WXZPPF,,,,False
h_12,WXZSPF,0.9957854989187667,-5.148604818245108,69.0,True
h_12,WYAGUF,1.0039347620489998,-11.803633019605881,69.0,True
h_12,WYAMAF,0.9367473359421491,-6.012590026268303,69.0,True
h_12,WZFALF,,,,False
h_12,WZFAMF,,,,False
h_12,WZFBAF,,,,False
h_12,WZFDRF,,,,False
h_12,WZFESF,,,,False
h_12,WZFGIF,,,,False
h_12,WZFGUF,,,,False
h_12,WZFISF,,,,False
h_12,WZFLIF,,,,False
h_12,WZFMCF,,,,False
h_12,WZFPPF,,,,False
h_12,WZFS2F,,,,False
h_12,WZFSAE,,,,False
h_12,WZFSAF,,,,False
h_12,WZFSFF,,,,False
h_12,WZFSIF,,,,False
h_12,WZFSPF,,,,False
h_12,WZFVAF,,,,False
h_12,WZFVEF,,,,False
h_12,WZHAIF,0.9522708079082556,-8.961071826487485,69.0,True
h_12,ZXOJIF,,,,False
h_13,WAANDE,1.0051098993818008,0.7677273491857556,138.0,True
h_13,WABCOF,1.0001479121501602,-14.135073772043423,69.0,True
h_13,WABISF,1.0025479642209782,-19.947892586679696,69.0,True
h_13,WABRUF,0.9467416540003699,-6.774299696588029,69.0,True
h_13,WACIBF,1.0170844582812686,-17.85793429920182,69.0,True
h_13,WACLAE,1.0250652517807615,-9.925351659241956,138.0,True
h_13,WACLAK,1.0265461495232195,-9.932558664267045,34.5,True
h_13,WADMIF,,,,False
h_13,WADOMF,1.015699254638758,-12.131433372407487,69.0,True
h_13,WAGUAE,1.00506164275392,-7.474283656812666,138.0,True
h_13,WAGUBE,1.00506164275392,-7.474283656812666,138.0,True
h_13,WAHMIF,0.9928065855249943,-24.333804252706763,69.0,True
h_13,WAHO1E,0.9936774840207184,-7.6572713774383185,138.0,True
h_13,WAHO2E,0.9936774840207184,-7.6572713774383185,138.0,True
h_13,WAHOBF,0.9923203190460794,-10.284078238874093,69.0,True
h_13,WAHONF,0.9923203190460794,-10.284078238874093,69.0,True
h_13,WAIAMF,,,,False
h_13,WAIAZF,,,,False
h_13,WAIBAF,,,,False
h_13,WAIISF,,,,False
h_13,WAISAF,,,,False
h_13,WAISCF,1.0020655133572105,-13.439949404617122,69.0,True
h_13,WAISOF,1.0640656554721537,-21.579392777741447,69.0,True
h_13,WAIUNF,,,,False
h_13,WAIZSF,,,,False
h_13,WAORIF,0.978192868674613,-6.936763915929648,69.0,True
h_13,WAPERF,1.0103812448727398,-27.38549828280951,69.0,True
h_13,WAPFAF,1.01858063883333,-17.72052567911632,69.0,True
h_13,WAQUIF,1.010981212796531,-18.70245397611675,69.0,True
h_13,WASOEF,0.9929149893247875,-10.619939350044126,69.0,True
h_13,WAZUAF,0.9856562951790968,-13.660485822748107,69.0,True
h_13,WBALDF,1.0190783720384133,-17.68379550076358,69.0,True
h_13,WBANIF,0.9950174579886566,-13.226350194039421,69.0,True
h_13,WBAPEF,0.9938979973690437,-13.616043696060961,69.0,True
h_13,WBARAF,0.9979792042408583,-10.47079051966056,69.0,True
h_13,WBARCE,,,,False
h_13,WBASIF,0.9712506850606559,-6.589004127448269,69.0,True
h_13,WBAYAE,1.0178007831073048,-6.735318736468125,138.0,True
h_13,WBAYAK,1.0176246385542598,-6.7380122121814106,34.5,True
h_13,WBAYOF,0.9888314006346701,-11.558413644938788,69.0,True
h_13,WBCARF,,,,False
h_13,WBCARK,0.9999999999999999,-6.935295194660125,13.800000190734863,True
h_13,WBCHIE,0.9985497365361572,-2.023747865187998,138.0,True
h_13,WBCHIF,0.9746476781061325,-5.15301056832238,69.0,True
h_13,WBDERF,0.9946741023098772,-20.338357107185047,69.0,True
h_13,WBDERK,1.0000000000000002,-20.372948175388206,13.800000190734863,True
h_13,WBENEF,1.0624499095617908,-5.211624710063337,69.0,True
h_13,WBERSF,,,,False
h_13,WBLECF,0.9994076743706569,-4.635627339200873,69.0,True
h_13,WBMATF,0.993055145892572,-13.500659781090173,69.0,True
h_13,WBNVFF,,,,False
h_13,WBON2E,1.0027852809203335,-13.055392614446347,138.0,True
h_13,WBON2F,,,,False
h_13,WBON3C,,,,False
h_13,WBON3D,1.015113210177486,-7.546882241896469,345.0,True
h_13,WBON3E,1.0028522025199667,-13.05278809593278,138.0,True
h_13,WBONAF,0.9951615458474042,-18.661597698935232,69.0,True
h_13,WBOPEF,,,,False
h_13,WBPOPF,0.989298210874519,-9.087251902042933,69.0,True
h_13,WBVISF,1.0313481753357359,-4.003526341087014,69.0,True
h_13,WCABAF,1.0625915129558714,-21.889526563821093,69.0,True
h_13,WCALAE,1.018908847964462,-5.857953028447504,138.0,True
h_13,WCALBE,1.018908847964462,-5.857953028447504,138.0,True
h_13,WCANAE,,,,True
h_13,WCANAF,,,,True
h_13,WCAPOF,0.9458077589516329,-9.370136788648798,69.0,True
h_13,WCATAF,0.9582964741433047,-6.377200093036068,69.0,True
h_13,WCAYAF,0.974072535389198,-6.092608875549905,69.0,True
h_13,WCBOHF,0.9912965981905616,-11.641328742918697,69.0,True
h_13,WCBYNF,0.9535885213016039,-16.616885441987076,69.0,True
h_13,WCC21E,1.0102621545389652,-8.722069962146136,138.0,True
h_13,WCCA2F,1.0084814610227915,-10.29037966843329,69.0,True
h_13,WCCABF,1.0084104320051286,-10.339934419056881,69.0,True
h_13,WCCARF,0.957132996494915,-6.537087572049208,69.0,True
h_13,WCCIBF,1.0142362478722422,-19.216475375068853,69.0,True
h_13,WCDAGF,0.9714117818145064,-16.25921997686557,69.0,True
h_13,WCEMEE,1.0104421553433436,-0.8163805351991933,138.0,True
h_13,WCENOF,0.987819846072507,-24.06026160363218,69.0,True
h_13,WCEPPF,,,,False
h_13,WCES1K,1.019999980926514,-0.8842388574667598,13.800000190734863,True
h_13,WCES2K,1.019999980926514,-0.8842388574667598,13.800000190734863,True
h_13,WCES3K,1.0199999809265141,-0.8744898727192373,13.800000190734863,True
h_13,WCESPF,0.9887261597264191,-20.619745151985313,69.0,True
h_13,WCESPK,,,,False
h_13,WCINDF,,,,False
h_13,WCLUIE,1.0051880436637863,-2.9141214976755916,138.0,True
h_13,WCNACF,,,,False
h_13,WCNPEE,0.990509742474445,-7.670773074402538,138.0,True
h_13,WCNSLF,,,,False
h_13,WCOAPE,1.013609405070193,-0.06811337585119104,138.0,True
h_13,WCOCOF,1.0090606098271917,-14.415602740265111,69.0,True
h_13,WCODAF,0.9949190293574627,-24.1442971925378,69.0,True
h_13,WCOHEF,1.0146594851523831,-12.346049661236613,69.0,True
h_13,WCONSF,1.0123167981399221,-28.836052738975138,69.0,True
h_13,WCORMF,0.9860395127895308,-22.066047862288425,69.0,True
h_13,WCOTAE,1.0057712003914725,-0.4291267740485003,138.0,True
h_13,WCOTBE,1.0057712003914725,-0.4291267740485003,138.0,True
h_13,WCOTUF,0.9896489962828715,-25.854705319503857,69.0,True
h_13,WCPVCF,0.9741172627281083,-16.13257261996673,69.0,True
h_13,WCSATF,0.9753135631832689,-16.029580219477236,69.0,True
h_13,WCSO1K,1.0057712003914725,-0.4291267740485003,34.5,True
h_13,WCSO2K,1.0057712003914725,-0.4291267740485003,34.5,True
h_13,WCSO3K,1.0057712003914725,-0.4291267740485003,34.5,True
h_13,WCSOLK,,,,False
h_13,WCTP1D,,,,False
h_13,WCTP2D,,,,False
h_13,WCUMAE,1.0119479932214441,-0.20156500799599864,138.0,True
h_13,WCUMBE,1.0119479932214441,-0.20156500799599864,138.0,True
h_13,WCVEGF,0.9970081395570431,-24.53250656091091,69.0,True
h_13,WCZFSF,1.021115014393853,-17.558277151590158,69.0,True
h_13,WDAJAE,0.9994740423462917,-12.881981873440715,138.0,True
h_13,WDAJAF,,,,False
h_13,WDESPF,0.9567397638767592,-8.374124137849668,69.0,True
h_13,WDISDF,0.9521085500585507,-16.75386757531344,69.0,True
h_13,WDJAOE,0.9823809112537422,-6.346357201159736,138.0,True
h_13,WDJAOF,0.9589170358479555,-7.283914017262794,69.0,True
h_13,WDPEDF,1.014957460179313,-19.32872107335833,69.0,True
h_13,WDRODF,0.9902947814946494,-11.802480298483538,69.0,True
h_13,WDRODK,0.9971545241756853,-11.82236099202754,12.470000267028809,True
h_13,WDRODM,,,,False
h_13,WDURAF,,,,False
h_13,WDUVEF,1.0062560702352046,-15.491290003532432,69.0,True
h_13,WEABAF,,,,False
h_13,WEBRIE,0.9860632111138042,-6.821669960545156,138.0,True
h_13,WECHIF,0.9882613480716791,-23.458661959564328,69.0,True
h_13,WELJIF,1.0154333374939821,-19.162462973967564,69.0,True
h_13,WEM21K,1.0,-7.147179188080942,13.800000190734863,True
h_13,WEMA2E,,,,False
h_13,WEMA2F,,,,False
h_13,WEMA3F,0.9566409204241273,-8.373767536875578,69.0,True
h_13,WEMB2F,,,,False
h_13,WEMB3F,0.9575929113424242,-8.239274739787506,69.0,True
h_13,WEMBAE,0.9878327445738784,-8.78396332891545,138.0,True
h_13,WENADE,1.0051080083404067,0.7675183599797998,138.0,True
h_13,WENE4E,1.0111625026282745,-0.7373598240430094,138.0,True
h_13,WEPINF,0.9795141950905336,-12.888927517257116,69.0,True
h_13,WERIOF,1.0059414382951972,-27.500811171412366,69.0,True
h_13,WESEIE,0.9951217338812776,-1.9399415102903677,138.0,True
h_13,WESM3F,,,,False
h_13,WESM3K,,,,False
h_13,WESOCE,1.0093666081807289,-0.737291727503016,138.0,True
h_13,WESP1E,1.0205665663178474,-11.262019729322775,138.0,True
h_13,WFALCE,1.002858481113676,-13.052885083921748,138.0,True
h_13,WFALCF,1.0062789448680582,-17.728136138601958,69.0,True
h_13,WFALCK,,,,True
h_13,WFALCM,,,,False
h_13,WFANTF,0.9895345377224088,-22.606737513071472,69.0,True
h_13,WFNEGF,,,,False
h_13,WFOCHF,1.0174974949441615,-17.7951324194835,69.0,True
h_13,WFOLAF,,,,False
h_13,WGALAF,0.9539984858504975,-8.980263616665683,69.0,True
h_13,WGBOJF,0.9932659649400112,-11.163719757114318,69.0,True
h_13,WGHACF,0.9894783330576339,-9.08072375793798,69.0,True
h_13,WGIRAE,1.015721338374027,-6.674235727303878,138.0,True
h_13,WGIRAK,1.0229557765451125,-6.693470349869187,34.5,True
h_13,WGMALF,0.9882910834555882,-10.572336064220611,69.0,True
h_13,WGNLLE,1.0234645758284264,-9.722300402404379,138.0,True
h_13,WGNLLK,1.0251410168702346,-9.729998006832236,34.5,True
h_13,WGOYAF,1.0017094713545698,-13.453664155888163,69.0,True
h_13,WGPALF,0.9811369019784127,-14.378823212649541,69.0,True
h_13,WGPETF,0.9882468897129719,-10.580802491091791,69.0,True
h_13,WGPLAF,0.952979360864904,-9.092621664409904,69.0,True
h_13,WGRCHF,0.951622457352218,-9.223873493217235,69.0,True
h_13,WGRSFF,0.9936953358227794,-23.76766810699128,69.0,True
h_13,WGU1AD,,,,False
h_13,WGU1BD,,,,False
h_13,WGUA2F,0.9945264976124262,-11.242618567376715,69.0,True
h_13,WGUANE,,,,True
h_13,WGUANF,0.9945757566349561,-11.24612897100105,69.0,True
h_13,WGUAVF,0.9764830821261685,-5.96114369152314,69.0,True
h_13,WGUAYE,1.0187602172033152,-10.087513498839566,138.0,True
h_13,WGUAYF,0.9774104846372897,-5.136462545181751,69.0,True
h_13,WGUERD,1.0111345960716829,-5.1194770838253865,345.0,True
h_13,WGUERE,1.0027894176251075,-4.47178813871128,138.0,True
h_13,WGUERF,0.9630439360852405,-5.795096875915122,69.0,True
h_13,WGVEGF,0.9975706490434945,-24.041290695483216,69.0,True
h_13,WHAIBF,0.9990084384521933,-11.02807890798444,69.0,True
h_13,WHAINE,0.9954559660869449,-8.128034855580694,138.0,True
h_13,WHAINF,0.9990084384521933,-11.02807890798444,69.0,True
h_13,WHAT2K,1.0000000000000002,-25.150393204615558,13.800000190734863,True
h_13,WHATIF,0.991440636250981,-25.12693709925565,69.0,True
h_13,WHATIK,1.0000000000000007,-25.200793390607764,12.5,True
h_13,WHENUF,,,,False
h_13,WHERRE,0.990433449656819,-8.996382483898083,138.0,True
h_13,WHGMOE,,,,False
h_13,WHGUEE,,,,False
h_13,WHIGUF,1.1143401295522184,-7.045496257139586,69.0,True
h_13,WHJBOF,0.9956938198857247,-23.60069940280234,69.0,True
h_13,WHLINF,,,,False
h_13,WHMA2E,0.997379581714321,-1.7869053766059337,138.0,True
h_13,WHMA2F,0.9857210444612685,-3.325970184045053,69.0,True
h_13,WHMAYF,0.9845683940865474,-3.4148912565918783,69.0,True
h_13,WHMSAF,0.9970919599295809,-15.378021217979503,69.0,True
h_13,WHNACF,,,,False
h_13,WHNS1E,0.994356676375089,-5.862239875558549,138.0,True
h_13,WHNS1F,0.9913739898028935,-6.805544182766355,69.0,True
h_13,WHNUEF,0.9566480439215495,-16.33569820230672,69.0,True
h_13,WIAANE,1.0034777252562006,-2.661074450598337,138.0,True
h_13,WIBARF,1.0069677398619685,-10.397975354588223,69.0,True
h_13,WICAEF,1.001560813631859,-12.262655530669656,69.0,True
h_13,WICNAF,,,,False
h_13,WIDALF,0.9959252028945426,-23.792393094935782,69.0,True
h_13,WIGASE,,,,False
h_13,WIISAF,0.9543053126017896,-8.549587918769905,69.0,True
h_13,WIMB2F,1.0248331104106414,-19.15606801907297,69.0,True
h_13,WIMBEF,1.0233526279710947,-19.233111790209122,69.0,True
h_13,WINCAF,0.9753207966713338,-16.07634769585086,69.0,True
h_13,WINCAK,1.0000000000000002,-16.880371299099856,12.470000267028809,True
h_13,WINVBF,0.9895323782858598,-6.969692064567173,69.0,True
h_13,WINVIF,0.9517087826275096,-9.223889067327189,69.0,True
h_13,WIPSIF,,,,False
h_13,WITA1E,0.9970734341772748,-7.946147463985242,138.0,True
h_13,WJARAF,0.9979979082205604,-26.269829899938188,69.0,True
h_13,WJDOLE,1.007469878999454,-1.8117941407969946,138.0,True
h_13,WJIBPE,1.002176976683507,-15.969281616995989,69.0,True
h_13,WJIGBE,1.0042570520475347,-7.479561789621964,138.0,True
h_13,WJIGUE,1.0042570520475347,-7.479561789621964,138.0,True
h_13,WJIMEF,0.9987077577296144,-26.237819077183765,69.0,True
h_13,WJSAUD,1.020070332883606,-5.29026913738066,345.0,True
h_13,WJSAUE,,,,False
h_13,WKDMBF,0.9862156357003339,-12.047568146214113,69.0,True
h_13,WKDMEF,0.9845471692175272,-11.102822279822947,69.0,True
h_13,WKINDF,1.003364592476179,-11.080367695937776,69.0,True
h_13,WKQA1F,0.9974280051972048,-11.66054826378874,69.0,True
h_13,WKQAZE,1.0139141519301806,-8.01364516287912,138.0,True
h_13,WKVEIF,,,,False
h_13,WLALFF,,,,False
h_13,WLANGE,1.002450857023958,-14.649217527752132,138.0,True
h_13,WLBARF,,,,False
h_13,WLCALF,0.9594854057777603,-6.375177366762497,69.0,True
h_13,WLCBOF,0.9916340585527026,-20.227299158563504,69.0,True
h_13,WLCOCK,1.014212394184551,-9.061474936746766,34.5,True
h_13,WLCUAF,0.9523718151702791,-8.7425881578107,69.0,True
h_13,WLDAMF,1.0054442765677998,-15.53778043647141,69.0,True
h_13,WLDAMK,1.0,-16.89329870095133,12.5,True
h_13,WLDIAF,0.9892937587104779,-9.087431864233483,69.0,True
h_13,WLGALE,1.0030098122161422,-14.58659112497063,138.0,True
h_13,WLGU2K,1.0265378099624733,-13.019054659870498,34.5,True
h_13,WLGUZE,1.0265378099624733,-13.019054659870498,138.0,True
h_13,WLGUZK,1.0265248034295096,-13.020377920649262,34.5,True
h_13,WLISAE,0.9931154016597813,-7.347338577414401,138.0,True
h_13,WLLAGF,,,,False
h_13,WLMFAF,0.9820597014199256,-12.615202431883693,69.0,True
h_13,WLMI5E,0.9922822473666216,-6.466522480234173,138.0,True
h_13,WLMI6E,0.992281461288587,-6.467351712444893,138.0,True
h_13,WLMI7E,0.9924304984411371,-6.412961711099709,138.0,True
h_13,WLMI7K,0.9999999999999999,-6.422619558884685,13.800000190734863,True
h_13,WLMINE,0.9922565678624439,-6.466134135929458,138.0,True
h_13,WLMINF,0.9535429600844241,-8.706503295552753,69.0,True
h_13,WLORIE,1.011058029297607,-0.781636143555907,138.0,True
h_13,WLORIK,1.049000024795532,-0.8537086736954244,12.470000267028809,True
h_13,WLPARF,0.9691948737816506,-3.9619421109984168,69.0,True
h_13,WLPENF,0.9986880164275066,-22.23800358254791,69.0,True
h_13,WLPRAE,0.98814923058246,-8.982387964033531,138.0,True
h_13,WLROME,1.0089488174884924,-0.8162978117669373,138.0,True
h_13,WLROMF,1.0228840651746045,-3.69221632633215,69.0,True
h_13,WLRPUF,1.0189677692767776,-4.166929289398316,69.0,True
h_13,WLTORF,0.9983095232782013,-11.497823866948856,69.0,True
h_13,WLUCIF,1.0090482753696635,-10.555836873544221,69.0,True
h_13,WLUPEF,1.0185721139675663,-19.710116640005335,69.0,True
h_13,WLVEGF,0.9971423468006417,-24.525549849003387,69.0,True
h_13,WLVICE,0.9962049475753525,-5.44731321349706,138.0,True
h_13,WLVICK,0.9962049475753525,-5.44731321349706,34.5,True
h_13,WLVPEF,0.9992318307378776,-24.683962814909005,69.0,True
h_13,WMAGUF,0.9946684445100861,-11.614293917684638,69.0,True
h_13,WMAIMF,0.9876024304999371,-21.63678096237818,69.0,True
h_13,WMARAF,0.9700516152487513,-6.284526665685631,69.0,True
h_13,WMARAK,0.9700516152487513,-6.284526665685631,13.800000190734863,True
h_13,WMARTF,0.9641202675957081,-6.119470042193,69.0,True
h_13,WMARTK,0.9641202675957081,-6.119470042193,34.5,True
h_13,WMAT1E,0.991396238991059,-22.265852582475127,138.0,True
h_13,WMATAE,0.9899801831142452,-8.455633052462405,138.0,True
h_13,WMATBE,0.9899801831142452,-8.455633052462405,138.0,True
h_13,WMEGAF,0.9519259238072656,-8.795941217297784,69.0,True
h_13,WMERCF,0.9882468897129719,-10.580802491091791,69.0,True
h_13,WMETAE,0.9899746483351823,-8.457083389222829,138.0,True
h_13,WMETAK,0.9900000095367434,-8.794761597228401,13.199999809265137,True
h_13,WMETBF,0.9895409343647688,-9.074719439144193,69.0,True
h_13,WMETEE,0.9969313486437589,-7.981110560013472,138.0,True
h_13,WMETEF,0.9934088533811417,-11.131869857229999,69.0,True
h_13,WMETRE,0.9917153183835435,-7.7740324459825105,138.0,True
h_13,WMETRF,0.9895409343647688,-9.074719439144193,69.0,True
h_13,WMIR1E,1.0032194866932709,-4.26765092399951,138.0,True
h_13,WMIRAK,1.0032194866932709,-4.26765092399951,34.5,True
h_13,WMLTPF,0.9913833730416215,-11.329549597933912,69.0,True
h_13,WMOCAE,0.9907783482786359,-17.487371625775662,138.0,True
h_13,WMOCAF,0.9905168638592124,-22.500036616762298,69.0,True
h_13,WMONCE,1.0020356147964227,-13.153997298658584,138.0,True
h_13,WMONTE,1.0065933636449242,-11.653225036027434,138.0,True
h_13,WMOZAF,0.9569404328688634,-8.431746719712278,69.0,True
h_13,WMP2AE,1.0041110013645553,-3.8344721338483247,138.0,True
h_13,WMP2BE,1.0041110013645553,-3.8344721338483247,138.0,True
h_13,WMPALF,0.9742151329194492,-2.850284526066132,69.0,True
h_13,WMPALK,0.9742151329194492,-2.850284526066132,34.5,True
h_13,WMPL1D,,,,False
h_13,WMPL2D,,,,False
h_13,WMPLAF,0.9195089852451434,-6.350790502768776,69.0,True
h_13,WMPSOE,,,,False
h_13,WMPSOF,0.919633174583849,-6.32269189141009,69.0,True
h_13,WMPSOK,0.919633174583849,-6.32269189141009,20.0,True
h_13,WMRI2E,1.0123145220928416,-8.03149211872942,138.0,True
h_13,WMTFNE,1.0289625131888351,-6.7588653593666645,138.0,True
h_13,WMTFNK,1.0740732318276531,-6.8061677981430995,34.5,True
h_13,WMULTF,0.9542712081892856,-8.550797218323888,69.0,True
h_13,WMVCIF,1.016220025368268,-19.128413779679054,69.0,True
h_13,WMVIEF,1.0029547635464227,-13.793389156759243,69.0,True
h_13,WNAG2E,0.9888466579079856,-22.862256760940806,138.0,True
h_13,WNAG2F,,,,True
h_13,WNAGUF,0.9903463955401576,-25.107442981267067,69.0,True
h_13,WNARAD,1.0068994665023479,-10.614011808632563,345.0,True
h_13,WNARAE,,,,False
h_13,WNAV2E,1.01880374285845,-11.795905668286677,138.0,True
h_13,WNAVAF,1.0041949401976962,-19.864984363403885,69.0,True
h_13,WNEYBF,0.9935196791102836,-16.15095281097171,69.0,True
h_13,WNIBAE,1.0014459815232997,-14.86723876735299,138.0,True
h_13,WNOVOF,0.9940162875704661,-10.137713864628076,69.0,True
h_13,WOFALF,1.0146688430012432,-12.346419855377873,69.0,True
h_13,WOJIVF,0.99655500420776,-11.096233212301131,69.0,True
h_13,WPAK0E,,,,False
h_13,WPAK2E,1.0119201338917645,-8.029226828894766,138.0,True
h_13,WPAK5E,1.0119201338917645,-8.029226828894766,138.0,True
h_13,WPAK6E,1.0119201338917645,-8.029226828894766,138.0,True
h_13,WPAL1E,0.9981776784493542,-8.084865778490487,138.0,True
h_13,WPALAF,0.9811369019784127,-14.378823212649541,69.0,True
h_13,WPALBE,1.0172714436715526,-8.0783024978065,138.0,True
h_13,WPALBF,0.9987334842171707,-9.756278512571392,69.0,True
h_13,WPALEE,1.0172714436715526,-8.0783024978065,138.0,True
h_13,WPAQ1K,1.0499999523162842,-10.655785374623672,4.159999847412109,True
h_13,WPARAE,0.9934393076270809,-7.818709804664857,138.0,True
h_13,WPAYAE,,,,False
h_13,WPAYBE,,,,False
h_13,WPAYIF,1.0047411796016612,-25.97488203620368,69.0,True
h_13,WPBAJF,1.0006087420950147,-26.611972344339613,69.0,True
h_13,WPBBAE,,,,False
h_13,WPBLAD,,,,False
h_13,WPCA1K,1.0499999523162842,0.0,22.0,True
h_13,WPCA2K,1.0499999523162837,1.4867211296960774,22.0,True
h_13,WPCATE,,,,False
h_13,WPCGLF,0.9697055519618908,-16.343630081770723,69.0,True
h_13,WPCIBF,0.9645627144769489,-5.947053486098885,69.0,True
h_13,WPDISF,,,,False
h_13,WPDIVF,0.9722064508122078,-15.078762384808266,69.0,True
h_13,WPDORE,,,,True
h_13,WPDORF,1.0513940460341789,-19.56292738988945,69.0,True
h_13,WPEBPE,1.0155349817960189,-9.224885041772849,138.0,True
h_13,WPERAE,1.0189376757532769,-5.8382442914842425,138.0,True
h_13,WPERBE,1.0189376757532769,-5.8382442914842425,138.0,True
h_13,WPES1K,1.0189376757532769,-5.8382442914842425,34.5,True
h_13,WPES2K,1.0189376757532769,-5.8382442914842425,34.5,True
h_13,WPFLEF,,,,False
h_13,WPFMSK,1.0187602172033152,-10.087513498839566,20.0,True
h_13,WPGARF,1.039806389256654,-19.527324287371073,69.0,True
h_13,WPHAIF,0.9988084296799032,-11.043810191643733,69.0,True
h_13,WPIDUF,0.975573411820048,-15.897243052650142,69.0,True
h_13,WPIISF,,,,False
h_13,WPIMCF,1.0150879470226177,-17.997563414113085,69.0,True
h_13,WPIMEE,0.9954333780972416,-21.045682445750877,138.0,True
h_13,WPIMEF,1.0019206689411753,-25.870909197501838,69.0,True
h_13,WPINAF,1.0298277597333945,-18.136391093104614,69.0,True
h_13,WPIZAE,1.0142373281932546,-6.878096354118869,138.0,True
h_13,WPIZAF,1.008613745776154,-10.647945778231714,69.0,True
h_13,WPIZBF,,,,False
h_13,WPLASF,0.9931385195900594,-10.204243313176487,69.0,True
h_13,WPLCCF,0.9789951133907686,-14.921492214077926,69.0,True
h_13,WPLINF,0.9881511341134062,-13.229795897923106,69.0,True
h_13,WPLM1E,1.0136719875267666,-8.923805984409563,138.0,True
h_13,WPLM1K,1.0199999809265134,-8.978445906344438,13.800000190734863,True
h_13,WPLM2K,1.0199999809265137,-9.009079779682196,13.800000190734863,True
h_13,WPP22E,1.0271340496859598,-14.253305092494097,138.0,True
h_13,WPPELF,1.0513107326670197,-19.518037168254885,69.0,True
h_13,WPPL2F,,,,True
h_13,WPPLAF,1.0509364737032207,-18.292362474126524,69.0,True
h_13,WPPLBF,,,,False
h_13,WPPLIF,1.0032668483089195,-19.91367375295127,69.0,True
h_13,WPPRIF,1.0156937020495302,-19.150520681938374,69.0,True
h_13,WPSCEF,0.9919382233118474,-15.695975298649278,69.0,True
h_13,WPSESK,,,,False
h_13,WPVIEE,,,,False
h_13,WQ1SPK,1.0,-13.583697061393092,13.800000190734863,True
h_13,WQCORF,0.99313493062684,-11.87356028310582,69.0,True
h_13,WQU11D,1.0098283223517106,-13.493992037187725,230.0,True
h_13,WQU12K,0.9999999999999999,-13.587564451583452,13.800000190734863,True
h_13,WQU21D,1.0098283223517106,-13.493992037187725,230.0,True
h_13,WQU21K,0.9999999999999999,-13.587564451583452,13.800000190734863,True
h_13,WQUINF,1.0104451755417039,-18.77604956410714,69.0,True
h_13,WQUISD,,,,True
h_13,WQUISE,,,,False
h_13,WRARRF,0.9901886994829727,-20.337703261063222,69.0,True
h_13,WRBL1K,,,,False
h_13,WRBL2K,,,,False
h_13,WRBLAF,1.0210126780995632,-17.21307292098109,69.0,True
h_13,WRCHAF,1.0483046977758501,-4.673134059362228,69.0,True
h_13,WREFIF,0.9923015869782226,-11.242684920598126,69.0,True
h_13,WRINCF,0.9924675397637385,-22.300234970654458,69.0,True
h_13,WRNUEF,0.9922421275374277,-22.31365075579719,69.0,True
h_13,WRPELF,0.9739835634628855,-5.207030034762069,69.0,True
h_13,WRSJUE,0.9891807774148561,-22.500403142831455,138.0,True
h_13,WRZMOK,,,,False
h_13,WSABAF,1.0007016397118385,-10.73956891681492,69.0,True
h_13,WSAJ1E,1.009322635346961,-13.059711839950056,138.0,True
h_13,WSALCE,0.988624626199957,-18.730106231812336,138.0,True
h_13,WSALIF,1.0033465277878362,-12.948000984313103,69.0,True
h_13,WSAMAE,0.9772089830665603,-24.5414320083254,138.0,True
h_13,WSANCE,0.9805560346946481,-24.18562347849465,138.0,True
h_13,WSANTE,1.0144956012779418,-6.830867230721093,138.0,True
h_13,WSANTK,1.0144956012779418,-6.830867230721093,34.5,True
h_13,WSCANF,1.00197307163244,-10.035249731962477,69.0,True
h_13,WSCANK,1.00197307163244,-10.035249731962477,34.5,True
h_13,WSCNOE,1.0004424652718946,-8.015097358878968,138.0,True
h_13,WSESTE,1.010685387206308,-0.745841778307849,138.0,True
h_13,WSFELE,,,,True
h_13,WSFMAE,0.9890051482100713,-20.675889247290698,138.0,True
h_13,WSFMAF,0.9920401271971454,-23.148860789703242,69.0,True
h_13,WSIBBE,0.9986665282435236,-1.9858965469273473,138.0,True
h_13,WSJMAF,1.0026724599876602,-18.870595770415807,69.0,True
h_13,WSJOCF,0.9905795942882425,-15.146576484183349,69.0,True
h_13,WSJU2E,1.0077954777953295,-9.301151519530826,138.0,True
h_13,WSJU2F,0.9973962501254301,-10.988645323978474,69.0,True
h_13,WSJUAF,0.9944392864427472,-11.208427117930713,69.0,True
h_13,WSKAPF,0.9882975806738209,-10.57797264704787,69.0,True
h_13,WSLCOE,,,,False
h_13,WSLORK,1.0,-7.934622010705225,13.800000190734863,True
h_13,WSMARF,0.9867702271637379,-3.3430303129504133,69.0,True
h_13,WSODOF,1.0029451653947319,-13.794341090907174,69.0,True
h_13,WSOSUF,1.0645637778273223,-21.609818580235,69.0,True
h_13,WSPB1K,1.049999952316284,-0.9167637396651402,13.800000190734863,True
h_13,WSPBEE,1.011420587817555,-0.7088471219178252,138.0,True
h_13,WSPERF,0.9519110669536682,-7.889408011076648,69.0,True
h_13,WSPEVF,,,,False
h_13,WSPM2E,1.0111625026282745,-0.7373598240430094,138.0,True
h_13,WSPMAE,1.010731710556579,-0.7850461534856544,138.0,True
h_13,WSPMAF,0.9984607617744755,-5.209994861871279,69.0,True
h_13,WSPMBE,1.010731710556579,-0.7850461534856544,138.0,True
h_13,WSPRIF,0.9462030606230466,-7.295826152209862,69.0,True
h_13,WSRODE,0.9968798192712711,-13.504790253639099,138.0,True
h_13,WSYASF,1.0626732816012106,-21.890731265979078,69.0,True
h_13,WSYEGF,0.9947286867409004,-11.276286187926894,69.0,True
h_13,WTAAGK,,,,False
h_13,WTAAVK,,,,False
h_13,WTAG1K,,,,False
h_13,WTAG2K,,,,False
h_13,WTAMAF,0.990439226264982,-6.808714303708335,69.0,True
h_13,WTANOK,,,,False
h_13,WTAV1K,0.9999999999999999,-14.677439800839919,13.800000190734863,True
h_13,WTAVBE,,,,False
h_13,WTBA1K,,,,False
h_13,WTBA2K,,,,False
h_13,WTCE1K,,,,False
h_13,WTCE2K,,,,False
h_13,WTCEMK,,,,False
h_13,WTDAJK,,,,False
h_13,WTEMPF,0.9515208512465257,-8.759071326218574,69.0,True
h_13,WTESAK,,,,False
h_13,WTFA1K,,,,False
h_13,WTFA2K,,,,False
h_13,WTFA3K,,,,False
h_13,WTHAGK,,,,False
h_13,WTHAIF,0.990614862890468,-6.873380109615802,69.0,True
h_13,WTIM2E,0.9900821826982127,-7.03422354860415,138.0,True
h_13,WTIM2F,0.9573707526118224,-8.302644323722205,69.0,True
h_13,WTIMBF,0.9567397638767592,-8.374124137849668,69.0,True
h_13,WTIREF,1.0090943104127872,-28.33398500714769,69.0,True
h_13,WTIT1K,,,,False
h_13,WTIT2K,,,,False
h_13,WTJI1K,,,,False
h_13,WTJI2K,,,,False
h_13,WTJIMK,,,,False
h_13,WTLANK,,,,False
h_13,WTMAGK,,,,False
h_13,WTMBBF,,,,True
h_13,WTMI5K,,,,False
h_13,WTMI6K,,,,False
h_13,WTMNTK,,,,False
h_13,WTMONK,,,,False
h_13,WTMR1K,,,,False
h_13,WTMR2K,,,,False
h_13,WTNNAK,,,,False
h_13,WTORGF,1.015745419614285,-12.125549290645923,69.0,True
h_13,WTPA1K,,,,False
h_13,WTPG1K,,,,False
h_13,WTPG2K,,,,False
h_13,WTPG3K,,,,False
h_13,WTPI1K,,,,False
h_13,WTPI2K,,,,False
h_13,WTRINK,,,,False
h_13,WTRJCK,,,,False
h_13,WTROQF,1.0192608909731382,-18.827827185725475,69.0,True
h_13,WTSABK,,,,False
h_13,WTSE1K,,,,False
h_13,WTSFVK,,,,False
h_13,WTSPVK,,,,False
h_13,WTSYEK,,,,False
h_13,WTTA1K,,,,False
h_13,WTTA2K,,,,False
h_13,WTTITF,0.9562573940141182,-8.398557205279051,69.0,True
h_13,WTTO1K,,,,False
h_13,WTVA1K,,,,False
h_13,WTVA2K,,,,False
h_13,WTVE1K,,,,False
h_13,WTZFPF,,,,False
h_13,WUASDE,0.9902426958625532,-8.135054660151216,138.0,True
h_13,WUMEDF,0.9919672472930009,-15.693819498421798,69.0,True
h_13,WVALBE,1.0061959469676216,-7.470233489340433,138.0,True
h_13,WVALDE,1.0061959469676216,-7.470233489340433,138.0,True
h_13,WVALLF,0.9955622347508971,-11.163751907296023,69.0,True
h_13,WVALTF,0.9540158834799854,-17.07158640416832,69.0,True
h_13,WVDU1E,,,,True
h_13,WVDUAF,,,,False
h_13,WVILAE,,,,False
h_13,WVILLF,0.9929985244885898,-11.586831578195051,69.0,True
h_13,WVMAOE,1.0058817383236816,-12.911046035252571,138.0,True
h_13,WVMELE,0.9926995887703403,-7.235133670502711,138.0,True
h_13,WVNOBF,0.9932927796329215,-10.599580405417834,69.0,True
h_13,WVOLGF,0.9921084216099273,-15.687358817596582,69.0,True
h_13,WX1PAK,,,,False
h_13,WXABIF,1.0025508030569048,-19.947759502558306,69.0,True
h_13,WXABRF,1.0081501959519572,-10.281296066663606,69.0,True
h_13,WXAD2F,1.0042456764627088,-13.179265576784553,69.0,True
h_13,WXADOF,1.0044596628885418,-13.269740481315768,69.0,True
h_13,WXAHGF,0.9735448911805686,-14.622586645828916,69.0,True
h_13,WXAHMF,0.9929983095524015,-24.322010584435645,69.0,True
h_13,WXAISF,1.0020696065578054,-13.439652524234177,69.0,True
h_13,WXALDF,1.0157037956478094,-12.131025368608162,69.0,True
h_13,WXALIF,0.9759627661580793,-14.544695732238248,69.0,True
h_13,WXAORF,0.9823278468885984,-6.7783477428751455,69.0,True
h_13,WXAPFF,1.0193394214687386,-17.671154765449376,69.0,True
h_13,WXAPPF,1.0636998057767224,-21.001202272457313,69.0,True
h_13,WXAQUF,,,,False
h_13,WXARDF,1.0045703312517174,-13.314896434957916,69.0,True
h_13,WXASOF,1.0663850403002169,-21.41737753804992,69.0,True
h_13,WXBA1F,,,,False
h_13,WXBA2F,,,,True
h_13,WXBASF,0.9724368392966108,-6.56890982854948,69.0,True
h_13,WXBAYF,,,,False
h_13,WXBDEF,0.9946401313523945,-20.33777635814385,69.0,True
h_13,WXBLEF,0.9993925981456252,-4.6340270777513854,69.0,True
h_13,WXBMAF,0.9939009859890884,-13.467669490785163,69.0,True
h_13,WXBOHF,0.9914199159063747,-11.63314740170377,69.0,True
h_13,WXBPEF,1.0022943482775182,-18.321469202793914,69.0,True
h_13,WXCA1K,1.018908847964462,-5.857953028447504,34.5,True
h_13,WXCABF,0.9574864075986984,-16.283698203528353,69.0,True
h_13,WXCANF,,,,False
h_13,WXCARF,0.9853620147973423,-11.014284606209348,69.0,True
h_13,WXCATF,0.9666425101687214,-5.980624646252068,69.0,True
h_13,WXCB2F,,,,False
h_13,WXCBAF,0.988773463420985,-11.563153051417988,69.0,True
h_13,WXCC1E,,,,False
h_13,WXCC3E,,,,False
h_13,WXCCOF,1.004557142454726,-13.316046833553647,69.0,True
h_13,WXCDAF,0.9714532259133574,-16.257047163541834,69.0,True
h_13,WXCDLF,0.9949358630945659,-24.143562946459472,69.0,True
h_13,WXCENF,0.9889469935000101,-24.010775690041527,69.0,True
h_13,WXCHAF,1.0483046977758501,-4.673134059362228,69.0,True
h_13,WXCIGF,0.998129162443189,-5.225658025994042,69.0,True
h_13,WXCINF,0.954219257951831,-17.06285893008623,69.0,True
h_13,WXCNAF,0.9920235623146565,-5.441649617693894,69.0,True
h_13,WXCOCF,,,,False
h_13,WXCODF,0.9895409343647688,-9.074719439144193,69.0,True
h_13,WXCORF,0.9873376479579473,-21.98891424518455,69.0,True
h_13,WXCSAF,0.9753598395713923,-16.019859482874356,69.0,True
h_13,WXCTAF,1.0004247477733994,-21.73377314620062,69.0,True
h_13,WXCU1K,1.0116327975016133,-0.20294417169245213,34.5,True
h_13,WXCU2K,1.0116327975016133,-0.20294417169245213,34.5,True
h_13,WXCU4K,1.0116327975016133,-0.20294417169245213,34.5,True
h_13,WXDBRF,0.998129162443189,-5.225658025994042,69.0,True
h_13,WXDISF,0.9527811052955707,-16.69028111332789,69.0,True
h_13,WXDROF,0.9899388236439697,-11.820829758005761,69.0,True
h_13,WXDURF,,,,False
h_13,WXEANF,1.0191910950692218,-17.678004878112617,69.0,True
h_13,WXECHF,0.9899223520110646,-23.32260085446884,69.0,True
h_13,WXES2K,,,,False
h_13,WXES3K,,,,False
h_13,WXESPF,0.9889676118793844,-20.608153024002217,69.0,True
h_13,WXEV4K,1.0199999809265141,-0.7526760552843323,13.800000190734863,True
h_13,WXGALF,0.9540433505345366,-8.978430433179831,69.0,True
h_13,WXGAVF,0.9771736993741887,-5.963047060932543,69.0,True
h_13,WXGBOF,0.9932659649400112,-11.163719757114318,69.0,True
h_13,WXGOYF,1.0020696065578054,-13.439652524234177,69.0,True
h_13,WXGPLF,0.952979360864904,-9.092621664409904,69.0,True
h_13,WXGRCF,,,,False
h_13,WXGRMF,0.96633368599357,-6.380058754058056,69.0,True
h_13,WXGRSF,0.9937119462785681,-23.767042996697757,69.0,True
h_13,WXGU2F,0.9945473277532909,-11.241084488258206,69.0,True
h_13,WXHACF,0.989506869378718,-9.078233132830198,69.0,True
h_13,WXHE1F,1.0157907354923488,-12.113210639052348,69.0,True
h_13,WXHE2F,,,,False
h_13,WXHHIF,0.9974529899241776,-5.250478899924143,69.0,True
h_13,WXHJBF,0.9957061430268482,-23.600344583737456,69.0,True
h_13,WXHMSF,0.9971108119595782,-15.376743019587403,69.0,True
h_13,WXHNAF,,,,False
h_13,WXHNUF,0.9570474148822355,-16.3187980081039,69.0,True
h_13,WXIBAF,1.0070180585940236,-10.396050678042684,69.0,True
h_13,WXICAF,1.0015642756016576,-12.262525988154199,69.0,True
h_13,WXICNF,,,,False
h_13,WXIDAF,0.9959324352666858,-23.791857037331464,69.0,True
h_13,WXIDUF,0.975573411820048,-15.897243052650142,69.0,True
h_13,WXIISF,0.9543073211047538,-8.549507583477249,69.0,True
h_13,WXIMBF,1.024233397046961,-19.187954299432295,69.0,True
h_13,WXINAF,0.9546841887970484,-8.535477936751061,69.0,True
h_13,WXINDF,0.9972553418378622,-24.328330747173805,69.0,True
h_13,WXINVF,0.951780794439924,-9.217115295872857,69.0,True
h_13,WXIPRF,,,,False
h_13,WXIPSF,0.975573411820048,-15.897243052650142,69.0,True
h_13,WXJIMF,0.9987077577296144,-26.237819077183765,69.0,True
h_13,WXJINF,1.0062560702352046,-15.491290003532432,69.0,True
h_13,WXKINF,1.0044978101424162,-11.006349768483204,69.0,True
h_13,WXKVEF,0.9619054528414696,-6.387489617090335,69.0,True
h_13,WXLADF,0.9571766584649051,-6.535617459565437,69.0,True
h_13,WXLALF,,,,False
h_13,WXLC1E,1.0142287103507892,-9.057866274297043,138.0,True
h_13,WXLCAF,0.9594854057777603,-6.375177366762497,69.0,True
h_13,WXLCBF,0.9941604089321382,-20.117876104709087,69.0,True
h_13,WXLFAF,0.9947763019521032,-13.27810812474194,69.0,True
h_13,WXLPAF,0.969211810107255,-3.9604094398220897,69.0,True
h_13,WXLPEF,0.9986880164275066,-22.23800358254791,69.0,True
h_13,WXLUCK,1.0089520751300132,-10.5575953469895,34.5,True
h_13,WXLULF,1.008613745776154,-10.647945778231714,69.0,True
h_13,WXLUPF,,,,True
h_13,WXMAGF,0.9946684445100861,-11.614293917684638,69.0,True
h_13,WXMAIF,0.9879028669492829,-21.619005886890246,69.0,True
h_13,WXMALF,0.9885571022599849,-10.559048249775621,69.0,True
h_13,WXMARF,0.9693906452283569,-6.422376893552995,69.0,True
h_13,WXMATK,0.991396238991059,-22.265852582475127,34.5,True
h_13,WXMEGF,0.9525863436083326,-8.742791537553062,69.0,True
h_13,WXMETE,,,,False
h_13,WXMETF,0.9932659649400112,-11.163719757114318,69.0,True
h_13,WXMOZF,,,,False
h_13,WXMPAF,0.9655486531900461,-4.852552182983356,69.0,True
h_13,WXMPGK,,,,False
h_13,WXMPSF,0.9195089852451434,-6.350790502768776,69.0,True
h_13,WXMV2F,1.0029547635464227,-13.793389156759243,69.0,True
h_13,WXMVAF,,,,False
h_13,WXNAGF,,,,False
h_13,WXNOVF,0.993331851066303,-10.195367087314114,69.0,True
h_13,WXOC2F,1.0185953425654601,-17.720247565043845,69.0,True
h_13,WXOFAF,1.0146694323741223,-12.34633506678433,69.0,True
h_13,WXOLVF,1.0074625199254206,-19.278781963999045,69.0,True
h_13,WXPA1K,1.0000000000000002,-8.127555647959692,11.0,True
h_13,WXPA3K,1.0000000000000002,-8.115830893880002,15.0,True
h_13,WXPA4K,1.0000000000000002,-8.100793462036505,11.0,True
h_13,WXPC2F,0.9645627144769489,-5.947053486098885,69.0,True
h_13,WXPCGF,0.9697055519618908,-16.343630081770723,69.0,True
h_13,WXPCIF,0.9686149231611197,-5.627498230892766,69.0,True
h_13,WXPETF,0.9884322774254661,-10.567845737149543,69.0,True
h_13,WXPFLF,1.0157635304230772,-12.120732351099234,69.0,True
h_13,WXPFSK,1.009322635346961,-13.059711839950056,34.5,True
h_13,WXPGAF,1.0398206992591188,-19.52664817555942,69.0,True
h_13,WXPGMF,1.008613745776154,-10.647945778231714,69.0,True
h_13,WXPHAF,0.9988376860062589,-11.042541042769944,69.0,True
h_13,WXPI4K,1.0,-21.099816655093125,13.800000190734863,True
h_13,WXPIDF,1.008613745776154,-10.647945778231714,69.0,True
h_13,WXPINF,,,,False
h_13,WXPLCF,0.9790874010876348,-14.91218457014851,69.0,True
h_13,WXPPEF,1.0513107326670197,-19.518037168254885,69.0,True
h_13,WXPPLF,,,,False
h_13,WXPPRF,1.015717343656743,-19.149652783380283,69.0,True
h_13,WXPS1K,1.0205665663178474,-11.262019729322775,34.5,True
h_13,WXPY1K,,,,False
h_13,WXQAZF,,,,False
h_13,WXQCOF,0.99313493062684,-11.87356028310582,69.0,True
h_13,WXRARF,0.9938863924659426,-20.13423175752227,69.0,True
h_13,WXRIEF,,,,False
h_13,WXRINF,0.9947083832400477,-22.106164684553722,69.0,True
h_13,WXSADF,,,,False
h_13,WXSESE,1.0108763314921843,-0.74761349130752,138.0,True
h_13,WXSESF,0.9963244495369654,-5.399243643600586,69.0,True
h_13,WXSI1K,1.0,-1.99212585329209,13.800000190734863,True
h_13,WXSODF,1.0029502552721168,-13.79384638478335,69.0,True
h_13,WXSOSF,1.0645637778273223,-21.609818580235,69.0,True
h_13,WXSPRF,0.9462030606230466,-7.295826152209862,69.0,True
h_13,WXSYEF,0.994383741463533,-11.339856193215457,69.0,True
h_13,WXTAMF,0.9522143979843768,-8.753469228318423,69.0,True
h_13,WXTDAF,0.9586026876726653,-7.3110997008391765,69.0,True
h_13,WXTH1F,0.9906146686828436,-6.873377040455912,69.0,True
h_13,WXTH2F,0.990614773288087,-6.873378693584768,69.0,True
h_13,WXTISF,1.005716104473011,-13.632239899361808,69.0,True
h_13,WXTREFF,0.9923015869782226,-11.242684920598126,69.0,True
h_13,WXTROF,1.019269439853292,-18.82746359329756,69.0,True
h_13,WXTTIF,0.9562573940141182,-8.398557205279051,69.0,True
h_13,WXVALF,0.9540158834799854,-17.07158640416832,69.0,True
h_13,WXVILF,0.9929985244885898,-11.586831578195051,69.0,True
h_13,WXVL1K,,,,False
h_13,WXWC2K,1.0041110013645553,-3.8344721338483247,34.5,True
h_13,WXWC3K,1.0041110013645553,-3.8344721338483247,34.5,True
h_13,WXYAGF,1.000928480619802,-12.418084109433837,69.0,True
h_13,WXZAMF,0.9571766584649051,-6.535617459565437,69.0,True
h_13,WXZFBF,,,,False
h_13,WXZFHF,,,,False
h_13,WXZFNF,,,,False
h_13,WXZGUF,1.0177147285776802,-19.35640514354225,69.0,True
h_13,WXZHAF,0.9513835593949663,-9.246501315948969,69.0,True
h_13,WXZISF,,,,False
h_13,WXZPPF,,,,False
h_13,WXZSPF,0.9938651907863529,-5.695116521501667,69.0,True
h_13,WYAGUF,1.000928480619802,-12.418084109433837,69.0,True
h_13,WYAMAF,0.9326525348136591,-6.821324197713552,69.0,True
h_13,WZFALF,,,,False
h_13,WZFAMF,,,,False
h_13,WZFBAF,,,,False
h_13,WZFDRF,,,,False
h_13,WZFESF,,,,False
h_13,WZFGIF,,,,False
h_13,WZFGUF,,,,False
h_13,WZFISF,,,,False
h_13,WZFLIF,,,,False
h_13,WZFMCF,,,,False
h_13,WZFPPF,,,,False
h_13,WZFS2F,,,,False
h_13,WZFSAE,,,,False
h_13,WZFSAF,,,,False
h_13,WZFSFF,,,,False
h_13,WZFSIF,,,,False
h_13,WZFSPF,,,,False
h_13,WZFVAF,,,,False
h_13,WZFVEF,,,,False
h_13,WZHAIF,0.9513837363869262,-9.24650822764994,69.0,True
h_13,ZXOJIF,,,,False
h_14,WAANDE,1.0046198278834622,0.5605756102047249,138.0,True
h_14,WABCOF,0.9918961248814451,-15.064996796343902,69.0,True
h_14,WABISF,0.994923807194742,-20.896412847460542,69.0,True
h_14,WABRUF,0.9421756241493612,-7.120142196894906,69.0,True
h_14,WACIBF,1.0118593201089867,-18.58637789953375,69.0,True
h_14,WACLAE,1.0208705737118602,-10.392434346185382,138.0,True
h_14,WACLAK,1.0223450766450746,-10.39969132158183,34.5,True
h_14,WADMIF,,,,False
h_14,WADOMF,1.0143339586894344,-12.536378700944784,69.0,True
h_14,WAGUAE,1.0043655958755133,-7.700385555213933,138.0,True
h_14,WAGUBE,1.0043655958755133,-7.700385555213933,138.0,True
h_14,WAHMIF,0.9892066285637044,-25.465056417829903,69.0,True
h_14,WAHO1E,0.9923278822012107,-7.954293455223196,138.0,True
h_14,WAHO2E,0.9923278822012107,-7.954293455223196,138.0,True
h_14,WAHOBF,0.9905990175661159,-10.648112673220522,69.0,True
h_14,WAHONF,0.9905990175661159,-10.648112673220522,69.0,True
h_14,WAIAMF,,,,False
h_14,WAIAZF,,,,False
h_14,WAIBAF,,,,False
h_14,WAIISF,,,,False
h_14,WAISAF,,,,False
h_14,WAISCF,0.9979274450312327,-14.103848935160334,69.0,True
h_14,WAISOF,1.055282572342347,-22.526837563181786,69.0,True
h_14,WAIUNF,,,,False
h_14,WAIZSF,,,,False
h_14,WAORIF,0.974901211774737,-7.237391418732406,69.0,True
h_14,WAPERF,1.0049559562983459,-28.7142610138353,69.0,True
h_14,WAPFAF,1.0133880980123477,-18.446089083279787,69.0,True
h_14,WAQUIF,1.0052880504524369,-19.47621268525723,69.0,True
h_14,WASOEF,0.9925624575747701,-10.81080261879589,69.0,True
h_14,WAZUAF,0.9785292484801026,-14.53628449954421,69.0,True
h_14,WBALDF,1.0138249423424188,-18.411795375484402,69.0,True
h_14,WBANIF,0.9875521448279584,-14.079175116229733,69.0,True
h_14,WBAPEF,0.985694111404702,-14.52180600135789,69.0,True
h_14,WBARAF,0.9966676505410283,-10.839116776934103,69.0,True
h_14,WBARCE,,,,False
h_14,WBASIF,0.9676139846032443,-6.875356515670366,69.0,True
h_14,WBAYAE,1.0168794726644743,-6.896208635104852,138.0,True
h_14,WBAYAK,1.0167034875569898,-6.8989021108181365,34.5,True
h_14,WBAYOF,0.9878862453606393,-11.862951382483905,69.0,True
h_14,WBCARF,,,,False
h_14,WBCARK,1.0,-7.224697748304268,13.800000190734863,True
h_14,WBCHIE,0.9974377173568342,-2.2258940667496274,138.0,True
h_14,WBCHIF,0.9711742471800388,-5.482115564210678,69.0,True
h_14,WBDERF,0.9863737615229591,-21.34717017694833,69.0,True
h_14,WBDERK,0.9999999999999998,-21.43050559984842,13.800000190734863,True
h_14,WBENEF,1.060773608527973,-5.180312759696979,69.0,True
h_14,WBERSF,,,,False
h_14,WBLECF,0.9972139510664775,-4.625051853869961,69.0,True
h_14,WBMATF,0.9851010215060738,-14.386785387872116,69.0,True
h_14,WBNVFF,,,,False
h_14,WBON2E,1.0006493155127654,-13.49868068623073,138.0,True
h_14,WBON2F,,,,False
h_14,WBON3C,,,,False
h_14,WBON3D,1.013278066755919,-7.795840340522061,345.0,True
h_14,WBON3E,1.0007192422538744,-13.495807126673885,138.0,True
h_14,WBONAF,0.9928293757969602,-19.389430174670043,69.0,True
h_14,WBOPEF,,,,False
h_14,WBPOPF,0.988097195263234,-9.373533333798541,69.0,True
h_14,WBVISF,1.029720945668737,-3.9722143907207017,69.0,True
h_14,WCABAF,1.053863363657241,-22.848698118050006,69.0,True
h_14,WCALAE,1.01802863788972,-5.944554805444626,138.0,True
h_14,WCALBE,1.01802863788972,-5.944554805444626,138.0,True
h_14,WCANAE,,,,True
h_14,WCANAF,,,,True
h_14,WCAPOF,0.9440325055178805,-9.761024759956046,69.0,True
h_14,WCATAF,0.9542211436306594,-6.704661363365422,69.0,True
h_14,WCAYAF,0.9708538916685527,-6.366966089947178,69.0,True
h_14,WCBOHF,0.9898037698160492,-11.995391415755071,69.0,True
h_14,WCBYNF,0.9528220036082652,-16.739125137120126,69.0,True
h_14,WCC21E,1.009458138839133,-9.005444636540664,138.0,True
h_14,WCCA2F,1.0075674892390634,-10.552087754092634,69.0,True
h_14,WCCABF,1.0074899293081614,-10.602705050226835,69.0,True
h_14,WCCARF,0.9520453833274773,-6.954165538005711,69.0,True
h_14,WCCIBF,1.0104960346895764,-19.961653372649398,69.0,True
h_14,WCDAGF,0.9710436355571612,-16.35027152887902,69.0,True
h_14,WCEMEE,1.0097372806556744,-0.9027105814286863,138.0,True
h_14,WCENOF,0.9838447368966468,-25.161133274345808,69.0,True
h_14,WCEPPF,,,,False
h_14,WCES1K,1.0199999809265137,-0.9732049680934223,13.800000190734863,True
h_14,WCES2K,1.0199999809265137,-0.9732049680934223,13.800000190734863,True
h_14,WCES3K,1.0199999809265141,-0.9626541072599256,13.800000190734863,True
h_14,WCESPF,0.9796341746786276,-21.66539001165972,69.0,True
h_14,WCESPK,,,,False
h_14,WCINDF,,,,False
h_14,WCLUIE,1.0041414248292053,-3.0701522215950985,138.0,True
h_14,WCNACF,,,,False
h_14,WCNPEE,0.9892552614545908,-7.979304018540504,138.0,True
h_14,WCNSLF,,,,False
h_14,WCOAPE,1.0131378600220238,-0.010105306272310944,138.0,True
h_14,WCOCOF,1.0007644597683436,-15.332169555023212,69.0,True
h_14,WCODAF,0.9911350567797221,-25.23038633948557,69.0,True
h_14,WCOHEF,1.0132586420370284,-12.758478662955586,69.0,True
h_14,WCONSF,1.0081987015684923,-30.478851557162038,69.0,True
h_14,WCORMF,0.9828597807555172,-23.013090236392053,69.0,True
h_14,WCOTAE,1.005275095086141,-0.2245602722099689,138.0,True
h_14,WCOTBE,1.005275095086141,-0.2245602722099689,138.0,True
h_14,WCOTUF,0.9854472823441909,-27.156796649955506,69.0,True
h_14,WCPVCF,0.9738495314171709,-16.21943380041193,69.0,True
h_14,WCSATF,0.9750918589314602,-16.114406252172483,69.0,True
h_14,WCSO1K,1.005275095086141,-0.2245602722099689,34.5,True
h_14,WCSO2K,1.005275095086141,-0.2245602722099689,34.5,True
h_14,WCSO3K,1.005275095086141,-0.2245602722099689,34.5,True
h_14,WCSOLK,,,,False
h_14,WCTP1D,,,,False
h_14,WCTP2D,,,,False
h_14,WCUMAE,1.0114345065282822,-0.06220815861369626,138.0,True
h_14,WCUMBE,1.0114345065282822,-0.06220815861369626,138.0,True
h_14,WCVEGF,0.9939951837540325,-25.702440213535446,69.0,True
h_14,WCZFSF,1.016031045234749,-18.277573489330564,69.0,True
h_14,WDAJAE,0.9936663787197791,-13.582812541904062,138.0,True
h_14,WDAJAF,,,,False
h_14,WDESPF,0.9551740096086513,-8.744553384774052,69.0,True
h_14,WDISDF,0.9513119265357264,-16.879003859704884,69.0,True
h_14,WDJAOE,0.9810078350044297,-6.5699367047580095,138.0,True
h_14,WDJAOF,0.9567689928704235,-7.412804831746536,69.0,True
h_14,WDPEDF,1.010001593618371,-20.12078138553062,69.0,True
h_14,WDRODF,0.9867002566630333,-12.543011685581359,69.0,True
h_14,WDRODK,0.9961006340751777,-12.570360715952063,12.470000267028809,True
h_14,WDRODM,,,,False
h_14,WDURAF,,,,False
h_14,WDUVEF,1.005127179100479,-15.823904604079475,69.0,True
h_14,WEABAF,,,,False
h_14,WEBRIE,0.9845003813890607,-7.1214991679489215,138.0,True
h_14,WECHIF,0.9845915680339891,-24.49244192008854,69.0,True
h_14,WELJIF,1.0110132304862047,-19.932694291474537,69.0,True
h_14,WEM21K,1.0,-7.4546759649767695,13.800000190734863,True
h_14,WEMA2E,,,,False
h_14,WEMA2F,,,,False
h_14,WEMA3F,0.9550923786718888,-8.74442640240653,69.0,True
h_14,WEMB2F,,,,False
h_14,WEMB3F,0.9560352622860532,-8.608277881404998,69.0,True
h_14,WEMBAE,0.9867448952186176,-9.09599694629379,138.0,True
h_14,WENADE,1.0046179139638662,0.5603657738229284,138.0,True
h_14,WENE4E,1.0104462537518175,-0.8229605378625353,138.0,True
h_14,WEPINF,0.9733290870399709,-13.870349494438962,69.0,True
h_14,WERIOF,1.00237140774735,-29.030142321016573,69.0,True
h_14,WESEIE,0.9941149220442526,-1.8915418676561457,138.0,True
h_14,WESM3F,,,,False
h_14,WESM3K,,,,False
h_14,WESOCE,1.0086321202145998,-0.7921791159829245,138.0,True
h_14,WESP1E,1.0173669849720903,-11.634098380788073,138.0,True
h_14,WFALCE,1.000725507493681,-13.495904114662853,138.0,True
h_14,WFALCF,1.0042605100108652,-18.418739816654732,69.0,True
h_14,WFALCK,,,,True
h_14,WFALCM,,,,False
h_14,WFANTF,0.9869682875056096,-23.587443467785807,69.0,True
h_14,WFNEGF,,,,False
h_14,WFOCHF,1.0122757832152787,-18.522610540547678,69.0,True
h_14,WFOLAF,,,,False
h_14,WGALAF,0.9522803340803399,-9.355243670559478,69.0,True
h_14,WGBOJF,0.9919235886377178,-11.50385903686876,69.0,True
h_14,WGHACF,0.9882767306859457,-9.366980259117138,69.0,True
h_14,WGIRAE,1.01451264124391,-6.836577920270717,138.0,True
h_14,WGIRAK,1.0217384705137893,-6.855812542836025,34.5,True
h_14,WGMALF,0.9865964062794675,-10.934994256180412,69.0,True
h_14,WGNLLE,1.0189669036130098,-10.178629461329788,138.0,True
h_14,WGNLLK,1.0206356716791918,-10.186371910307447,34.5,True
h_14,WGOYAF,0.997568631070229,-14.117725210545931,69.0,True
h_14,WGPALF,0.9807371596096771,-14.469977892580365,69.0,True
h_14,WGPETF,0.9865520840154384,-10.943435412876827,69.0,True
h_14,WGPLAF,0.9512387640615166,-9.469870063214698,69.0,True
h_14,WGRCHF,0.9498479463209294,-9.604723872446908,69.0,True
h_14,WGRSFF,0.9900842702135261,-24.821952095570204,69.0,True
h_14,WGU1AD,,,,False
h_14,WGU1BD,,,,False
h_14,WGUA2F,0.9922982226114069,-11.859691474004629,69.0,True
h_14,WGUANE,,,,True
h_14,WGUANF,0.9923524451169599,-11.863962268326267,69.0,True
h_14,WGUAVF,0.9733695686488384,-6.222106874089105,69.0,True
h_14,WGUAYE,1.0139302123007892,-10.561793174275095,138.0,True
h_14,WGUAYF,0.9746650163509419,-5.139049052095444,69.0,True
h_14,WGUERD,1.0098849186796164,-5.335939472765936,345.0,True
h_14,WGUERE,1.001615403870082,-4.679365063746193,138.0,True
h_14,WGUERF,0.9594424883411629,-5.99017991056908,69.0,True
h_14,WGVEGF,0.9950014918682871,-25.18208071885323,69.0,True
h_14,WHAIBF,0.997656509836215,-11.370014521931509,69.0,True
h_14,WHAINE,0.9944793046110736,-8.434524832917884,138.0,True
h_14,WHAINF,0.997656509836215,-11.370014521931509,69.0,True
h_14,WHAT2K,1.0000000000000007,-26.411987172257668,13.800000190734863,True
h_14,WHATIF,0.9880013262973159,-26.38156621454673,69.0,True
h_14,WHATIK,1.0,-26.46648043696904,12.5,True
h_14,WHENUF,,,,False
h_14,WHERRE,0.9892928157671541,-9.315801071783259,138.0,True
h_14,WHGMOE,,,,False
h_14,WHGUEE,,,,False
h_14,WHIGUF,1.1125819577133544,-7.014184306772988,69.0,True
h_14,WHJBOF,0.9927893496460455,-24.693215026919173,69.0,True
h_14,WHLINF,,,,False
h_14,WHMA2E,0.9961941334536646,-1.8116634789633101,138.0,True
h_14,WHMA2F,0.9838019183183264,-3.4335734973899816,69.0,True
h_14,WHMAYF,0.982585016823834,-3.5273163295969536,69.0,True
h_14,WHMSAF,0.9966222747282616,-15.596935844408709,69.0,True
h_14,WHNACF,,,,False
h_14,WHNS1E,0.9930086148094902,-6.121726836462855,138.0,True
h_14,WHNS1F,0.9885465648104268,-7.103736644969305,69.0,True
h_14,WHNUEF,0.9558835981485247,-16.456455438798553,69.0,True
h_14,WIAANE,1.0025400247933827,-2.86796228327145,138.0,True
h_14,WIBARF,1.0052876537099822,-10.689746351934131,69.0,True
h_14,WICAEF,0.9975714049885331,-12.909754278899152,69.0,True
h_14,WICNAF,,,,False
h_14,WIDALF,0.9929960670926077,-24.900565847453134,69.0,True
h_14,WIGASE,,,,False
h_14,WIISAF,0.9527857295809304,-8.915860201326915,69.0,True
h_14,WIMB2F,1.017644799898238,-19.99440725882893,69.0,True
h_14,WIMBEF,1.0160851069150458,-20.077997611640257,69.0,True
h_14,WINCAF,0.9751053576439576,-16.16098510799809,69.0,True
h_14,WINCAK,1.0000000000000002,-16.975587837106744,12.470000267028809,True
h_14,WINVBF,0.9865710336473161,-7.280210730274083,69.0,True
h_14,WINVIF,0.949931615496806,-9.6049743685378,69.0,True
h_14,WIPSIF,,,,False
h_14,WITA1E,0.9960944114221164,-8.248970306199588,138.0,True
h_14,WJARAF,0.994769143109556,-27.684292344542275,69.0,True
h_14,WJDOLE,1.00660017106045,-1.9266601937415209,138.0,True
h_14,WJIBPE,1.0009074175017167,-16.314528470007872,69.0,True
h_14,WJIGBE,1.0036788552895755,-7.707541542531366,138.0,True
h_14,WJIGUE,1.0036788552895755,-7.707541542531366,138.0,True
h_14,WJIMEF,0.9955509629688364,-27.648927135717646,69.0,True
h_14,WJSAUD,1.0189705069843544,-5.507454156641837,345.0,True
h_14,WJSAUE,,,,False
h_14,WKDMBF,0.9846001869929549,-12.411906714314178,69.0,True
h_14,WKDMEF,0.982569923504533,-11.495199151668855,69.0,True
h_14,WKINDF,1.0030287633200161,-11.324349320678413,69.0,True
h_14,WKQA1F,0.9940158695384308,-12.285766710384104,69.0,True
h_14,WKQAZE,1.0129327684742342,-8.27729455833384,138.0,True
h_14,WKVEIF,,,,False
h_14,WLALFF,,,,False
h_14,WLANGE,1.0003702071313214,-15.129901383454985,138.0,True
h_14,WLBARF,,,,False
h_14,WLCALF,0.9544405953534736,-6.788398682104817,69.0,True
h_14,WLCBOF,0.988853838545965,-21.054522783478667,69.0,True
h_14,WLCOCK,1.0133566863359373,-9.348757862640793,34.5,True
h_14,WLCUAF,0.9508929323786702,-9.105443289157234,69.0,True
h_14,WLDAMF,1.004358986837059,-15.87364299325297,69.0,True
h_14,WLDAMK,0.9999999999999998,-17.255651165878618,12.5,True
h_14,WLDIAF,0.9880927473777136,-9.373713341264898,69.0,True
h_14,WLGALE,0.999922500409164,-15.070649000377667,138.0,True
h_14,WLGU2K,1.0225386318720233,-13.432220608580542,34.5,True
h_14,WLGUZE,1.0225386318720233,-13.432220608580542,138.0,True
h_14,WLGUZK,1.022525398333296,-13.433572229535931,34.5,True
h_14,WLISAE,0.9917761323937545,-7.644115381339505,138.0,True
h_14,WLLAGF,,,,False
h_14,WLMFAF,0.977088324502144,-13.477067696678395,69.0,True
h_14,WLMI5E,0.990974511998646,-6.762927338841747,138.0,True
h_14,WLMI6E,0.9909750588058925,-6.763790363238131,138.0,True
h_14,WLMI7E,0.9911186626700308,-6.710696528440638,138.0,True
h_14,WLMI7K,1.0000000000000002,-6.7217139807315744,13.800000190734863,True
h_14,WLMINE,0.9909444847718,-6.76247261693757,138.0,True
h_14,WLMINF,0.9518062694357586,-9.078657759185313,69.0,True
h_14,WLORIE,1.010339564345549,-0.8474334468857969,138.0,True
h_14,WLORIK,1.0490000247955322,-0.920849245114588,12.470000267028809,True
h_14,WLPARF,0.9661314690838971,-3.9733450647371793,69.0,True
h_14,WLPENF,0.994808628560016,-23.243768930155056,69.0,True
h_14,WLPRAE,0.9870663710958312,-9.294461061447873,138.0,True
h_14,WLROME,1.008220730154634,-0.6862377803618717,138.0,True
h_14,WLROMF,1.0212989836060802,-3.65828872577545,69.0,True
h_14,WLRPUF,1.017061734347808,-4.147315028240409,69.0,True
h_14,WLTORF,0.9952466905142368,-12.126637550242103,69.0,True
h_14,WLUCIF,1.0056054294690613,-11.082270202948251,69.0,True
h_14,WLUPEF,1.0109923659969684,-20.584142955482125,69.0,True
h_14,WLVEGF,0.9941320754972904,-25.69532470230401,69.0,True
h_14,WLVICE,0.9950045657217965,-5.670327446640047,138.0,True
h_14,WLVICK,0.9950045657217965,-5.670327446640047,34.5,True
h_14,WLVPEF,0.9960657313504702,-25.85871300445936,69.0,True
h_14,WMAGUF,0.9920394917159009,-12.242667453791606,69.0,True
h_14,WMAIMF,0.9844713034281755,-22.55694409632198,69.0,True
h_14,WMARAF,0.9664441217204025,-6.548850732236906,69.0,True
h_14,WMARAK,0.9664441217204025,-6.548850732236906,13.800000190734863,True
h_14,WMARTF,0.9623984302921761,-6.144293257969141,69.0,True
h_14,WMARTK,0.9623984302921761,-6.144293257969141,34.5,True
h_14,WMAT1E,0.9907558792191616,-22.882568555393515,138.0,True
h_14,WMATAE,0.9888675331832217,-8.769220379957963,138.0,True
h_14,WMATBE,0.9888675331832217,-8.769220379957963,138.0,True
h_14,WMEGAF,0.950172118204444,-9.167821166858776,69.0,True
h_14,WMERCF,0.9865520840154384,-10.943435412876827,69.0,True
h_14,WMETAE,0.9888667060381986,-8.770745495424022,138.0,True
h_14,WMETAK,0.9900000095367434,-9.110749610788183,13.199999809265137,True
h_14,WMETBF,0.9883379458051011,-9.361109798375885,69.0,True
h_14,WMETEE,0.9959417054869185,-8.28373144064187,138.0,True
h_14,WMETEF,0.9920709849591519,-11.471659970480106,69.0,True
h_14,WMETRE,0.9904829025346972,-8.076897576466214,138.0,True
h_14,WMETRF,0.9883379458051011,-9.361109798375885,69.0,True
h_14,WMIR1E,1.0020668026970327,-4.457336059650371,138.0,True
h_14,WMIRAK,1.0020668026970327,-4.457336059650371,34.5,True
h_14,WMLTPF,0.9901451381938701,-11.660269768339196,69.0,True
h_14,WMOCAE,0.9880703486971535,-18.063183510026924,138.0,True
h_14,WMOCAF,0.9860337694557302,-23.50468035604245,69.0,True
h_14,WMONCE,0.9993134162238938,-13.723765191373928,138.0,True
h_14,WMONTE,1.0009364848772273,-12.254400240055816,138.0,True
h_14,WMOZAF,0.9553481578792692,-8.801854719732736,69.0,True
h_14,WMP2AE,1.0030060869543267,-3.9862378197136548,138.0,True
h_14,WMP2BE,1.0030060869543267,-3.9862378197136548,138.0,True
h_14,WMPALF,0.9715696057258446,-2.7600836966346813,69.0,True
h_14,WMPALK,0.9715696057258446,-2.7600836966346813,34.5,True
h_14,WMPL1D,,,,False
h_14,WMPL2D,,,,False
h_14,WMPLAF,0.9157318002435293,-6.2186842030746865,69.0,True
h_14,WMPSOE,,,,False
h_14,WMPSOF,0.9158670544075073,-6.187952919047306,69.0,True
h_14,WMPSOK,0.9158670544075073,-6.187952919047306,20.0,True
h_14,WMRI2E,1.0115873358786156,-8.298163798580717,138.0,True
h_14,WMTFNE,1.0281021982164058,-6.907672162511547,138.0,True
h_14,WMTFNK,1.07317519980901,-6.954974601287982,34.5,True
h_14,WMULTF,0.9527518202213392,-8.917064432982977,69.0,True
h_14,WMVCIF,1.0118065752632195,-19.898260727089866,69.0,True
h_14,WMVIEF,0.9987792560012629,-14.459317005767351,69.0,True
h_14,WNAG2E,0.9880795517803911,-23.536097123606456,138.0,True
h_14,WNAG2F,,,,True
h_14,WNAGUF,0.9904054673070357,-25.70868654829034,69.0,True
h_14,WNARAD,1.0042301691021662,-10.956287801385148,345.0,True
h_14,WNARAE,,,,False
h_14,WNAV2E,1.0155244285710656,-12.196902910526166,138.0,True
h_14,WNAVAF,0.9967381025604009,-20.801321855593564,69.0,True
h_14,WNEYBF,0.9920970525037184,-16.498895941021573,69.0,True
h_14,WNIBAE,0.9982835631906003,-15.37101859316901,138.0,True
h_14,WNOVOF,0.9923070341799798,-10.501694695200031,69.0,True
h_14,WOFALF,1.0132679937675348,-12.758848104713646,69.0,True
h_14,WOJIVF,0.9952055376782584,-11.437725144331049,69.0,True
h_14,WPAK0E,,,,False
h_14,WPAK2E,1.0112017153549802,-8.296006579124981,138.0,True
h_14,WPAK5E,1.0112017153549802,-8.296006579124981,138.0,True
h_14,WPAK6E,1.0112017153549802,-8.296006579124981,138.0,True
h_14,WPAL1E,0.9969565811494115,-8.3643912118763,138.0,True
h_14,WPALAF,0.9807371596096771,-14.469977892580365,69.0,True
h_14,WPALBE,1.0163918152170113,-8.343477829165295,138.0,True
h_14,WPALBF,0.9970485439212717,-10.118667261550259,69.0,True
h_14,WPALEE,1.0163918152170113,-8.343477829165295,138.0,True
h_14,WPAQ1K,1.0499999523162842,-10.925014466355547,4.159999847412109,True
h_14,WPARAE,0.9922272204883807,-8.115975531034007,138.0,True
h_14,WPAYAE,,,,False
h_14,WPAYBE,,,,False
h_14,WPAYIF,1.0078846430470594,-26.346538451853974,69.0,True
h_14,WPBAJF,0.9973227974980609,-28.05712962511397,69.0,True
h_14,WPBBAE,,,,False
h_14,WPBLAD,,,,False
h_14,WPCA1K,1.0499999523162842,0.0,22.0,True
h_14,WPCA2K,1.0499999523162842,1.2992695043657079,22.0,True
h_14,WPCATE,,,,False
h_14,WPCGLF,0.9692853502097333,-16.43687873416213,69.0,True
h_14,WPCIBF,0.9600866343746219,-6.328905328632467,69.0,True
h_14,WPDISF,,,,False
h_14,WPDIVF,0.9716809418339507,-15.179731599709324,69.0,True
h_14,WPDORE,,,,True
h_14,WPDORF,1.0443236927652804,-20.370636039119216,69.0,True
h_14,WPEBPE,1.0146533457221594,-9.514618456897296,138.0,True
h_14,WPERAE,1.0180599075611563,-5.923133926841198,138.0,True
h_14,WPERBE,1.0180599075611563,-5.923133926841198,138.0,True
h_14,WPES1K,1.0180599075611563,-5.923133926841198,34.5,True
h_14,WPES2K,1.0180599075611563,-5.923133926841198,34.5,True
h_14,WPFLEF,,,,False
h_14,WPFMSK,1.0139302123007892,-10.561793174275095,20.0,True
h_14,WPGARF,1.033388049046148,-20.330714225860024,69.0,True
h_14,WPHAIF,0.9974320823071967,-11.387648120555363,69.0,True
h_14,WPIDUF,0.9753432683351357,-15.981998021350156,69.0,True
h_14,WPIISF,,,,False
h_14,WPIMCF,1.0098078192141275,-18.730004348978014,69.0,True
h_14,WPIMEE,0.9944372815048155,-21.78272447433386,138.0,True
h_14,WPIMEF,0.9974051226949185,-27.109985403040433,69.0,True
h_14,WPINAF,1.0289156276180704,-18.84581569653408,69.0,True
h_14,WPIZAE,1.0129737522874318,-7.058989554601991,138.0,True
h_14,WPIZAF,1.0051317918164544,-11.183015165151238,69.0,True
h_14,WPIZBF,,,,False
h_14,WPLASF,0.9914267939857342,-10.568342458407258,69.0,True
h_14,WPLCCF,0.9786517150861409,-15.010808583992997,69.0,True
h_14,WPLINF,0.9817982625032371,-14.049481761394341,69.0,True
h_14,WPLM1E,1.0126469622893943,-9.285776858414813,138.0,True
h_14,WPLM1K,1.0199999809265143,-9.343260600560178,13.800000190734863,True
h_14,WPLM2K,1.0199999809265137,-9.374339177615523,13.800000190734863,True
h_14,WPP22E,1.0226580139174957,-14.740696072328884,138.0,True
h_14,WPPELF,1.0442607959904315,-20.323412850593918,69.0,True
h_14,WPPL2F,,,,True
h_14,WPPLAF,1.0445329194244288,-19.02760912431321,69.0,True
h_14,WPPLBF,,,,False
h_14,WPPLIF,0.9957309772944323,-20.855651595473315,69.0,True
h_14,WPPRIF,1.0112727199033988,-19.920734776860417,69.0,True
h_14,WPSCEF,0.9935079605154117,-15.783818823195551,69.0,True
h_14,WPSESK,,,,False
h_14,WPVIEE,,,,False
h_14,WQ1SPK,1.0000000000000007,-13.992498533021399,13.800000190734863,True
h_14,WQCORF,0.9895414258100372,-12.5072386102553,69.0,True
h_14,WQU11D,1.0092702386025718,-13.90066188578974,230.0,True
h_14,WQU12K,1.0,-13.996420260119011,13.800000190734863,True
h_14,WQU21D,1.0092702386025718,-13.90066188578974,230.0,True
h_14,WQU21K,1.0,-13.996420260119011,13.800000190734863,True
h_14,WQUINF,1.0047301031406006,-19.553169359493506,69.0,True
h_14,WQUISD,,,,True
h_14,WQUISE,,,,False
h_14,WRARRF,0.9874752843595292,-21.16252969662017,69.0,True
h_14,WRBL1K,,,,False
h_14,WRBL2K,,,,False
h_14,WRBLAF,1.0195769451497456,-17.911046295251527,69.0,True
h_14,WRCHAF,1.0466507146253778,-4.641822108995898,69.0,True
h_14,WREFIF,0.9909891397767713,-11.580056659991852,69.0,True
h_14,WRINCF,0.9899123356638491,-23.280233714432352,69.0,True
h_14,WRNUEF,0.9896747173241663,-23.293753822504666,69.0,True
h_14,WRPELF,0.9711444878612439,-5.211662124904419,69.0,True
h_14,WRSJUE,0.9883505042792248,-23.131791808662985,138.0,True
h_14,WRZMOK,,,,False
h_14,WSABAF,0.9992480432367662,-11.40966656312806,69.0,True
h_14,WSAJ1E,1.0064251306859495,-13.471664154664081,138.0,True
h_14,WSALCE,0.9861145654016706,-19.355486338881,138.0,True
h_14,WSALIF,1.0025493215448604,-13.234853411042161,69.0,True
h_14,WSAMAE,0.975538143017436,-25.308324609113296,138.0,True
h_14,WSANCE,0.9791604317038759,-24.9287439926286,138.0,True
h_14,WSANTE,1.0132445829854213,-7.007532424303357,138.0,True
h_14,WSANTK,1.0132445829854213,-7.007532424303357,34.5,True
h_14,WSCANF,1.0017642331479413,-10.213477410393926,69.0,True
h_14,WSCANK,1.0017642331479413,-10.213477410393926,34.5,True
h_14,WSCNOE,0.9993329334938315,-8.273692477034313,138.0,True
h_14,WSESTE,1.0099921313055282,-0.8140126357809938,138.0,True
h_14,WSFELE,,,,True
h_14,WSFMAE,0.9864744351163769,-21.433802279435056,138.0,True
h_14,WSFMAF,0.9887319826778384,-24.15205346743305,69.0,True
h_14,WSIBBE,0.997565074764293,-2.1880610826169744,138.0,True
h_14,WSJMAF,0.9969550006793974,-19.635903106382973,69.0,True
h_14,WSJOCF,0.9823785883164393,-16.06528441991177,69.0,True
h_14,WSJU2E,1.0061471444091452,-9.707581702301397,138.0,True
h_14,WSJU2F,0.9950692667624628,-11.588911973292849,69.0,True
h_14,WSJUAF,0.9919807796737631,-11.834734008625977,69.0,True
h_14,WSKAPF,0.9865976627879307,-10.940968527504966,69.0,True
h_14,WSLCOE,,,,False
h_14,WSLORK,1.0,-8.238211930301963,13.800000190734863,True
h_14,WSMARF,0.9848490583394873,-3.4506336262953408,69.0,True
h_14,WSODOF,0.9987704762330987,-14.460194596561566,69.0,True
h_14,WSOSUF,1.0559840726735512,-22.549268894599038,69.0,True
h_14,WSPB1K,1.049999952316284,-0.994333882316855,13.800000190734863,True
h_14,WSPBEE,1.0107178583157692,-0.7830732349830974,138.0,True
h_14,WSPERF,0.9495317867099459,-8.039494169837502,69.0,True
h_14,WSPEVF,,,,False
h_14,WSPM2E,1.0104462537518175,-0.8229605378625353,138.0,True
h_14,WSPMAE,1.0100070603136582,-0.8472571319488592,138.0,True
h_14,WSPMAF,0.996598907114624,-5.399413014221969,69.0,True
h_14,WSPMBE,1.0100070603136582,-0.8472571319488592,138.0,True
h_14,WSPRIF,0.943825020791806,-7.346462015682095,69.0,True
h_14,WSRODE,0.9927748662578102,-14.13885665850151,138.0,True
h_14,WSYASF,1.0539444606531878,-22.849902820207998,69.0,True
h_14,WSYEGF,0.9925382347266618,-11.89852251533521,69.0,True
h_14,WTAAGK,,,,False
h_14,WTAAVK,,,,False
h_14,WTAG1K,,,,False
h_14,WTAG2K,,,,False
h_14,WTAMAF,0.9875824987389582,-7.106702238131026,69.0,True
h_14,WTANOK,,,,False
h_14,WTAV1K,0.9999999999999998,-15.160633635913651,13.800000190734863,True
h_14,WTAVBE,,,,False
h_14,WTBA1K,,,,False
h_14,WTBA2K,,,,False
h_14,WTCE1K,,,,False
h_14,WTCE2K,,,,False
h_14,WTCEMK,,,,False
h_14,WTDAJK,,,,False
h_14,WTEMPF,0.9497052954623797,-9.132759213746388,69.0,True
h_14,WTESAK,,,,False
h_14,WTFA1K,,,,False
h_14,WTFA2K,,,,False
h_14,WTFA3K,,,,False
h_14,WTHAGK,,,,False
h_14,WTHAIF,0.9877319153593062,-7.176656690260672,69.0,True
h_14,WTIM2E,0.9887888290457755,-7.337645655135896,138.0,True
h_14,WTIM2F,0.9558127435809762,-8.671854176100632,69.0,True
h_14,WTIMBF,0.9551740096086513,-8.744553384774052,69.0,True
h_14,WTIREF,1.0050204388639374,-29.938426113492742,69.0,True
h_14,WTIT1K,,,,False
h_14,WTIT2K,,,,False
h_14,WTJI1K,,,,False
h_14,WTJI2K,,,,False
h_14,WTJIMK,,,,False
h_14,WTLANK,,,,False
h_14,WTMAGK,,,,False
h_14,WTMBBF,,,,True
h_14,WTMI5K,,,,False
h_14,WTMI6K,,,,False
h_14,WTMNTK,,,,False
h_14,WTMONK,,,,False
h_14,WTMR1K,,,,False
h_14,WTMR2K,,,,False
h_14,WTNNAK,,,,False
h_14,WTORGF,1.0143844858543696,-12.52964619216957,69.0,True
h_14,WTPA1K,,,,False
h_14,WTPG1K,,,,False
h_14,WTPG2K,,,,False
h_14,WTPG3K,,,,False
h_14,WTPI1K,,,,False
h_14,WTPI2K,,,,False
h_14,WTRINK,,,,False
h_14,WTRJCK,,,,False
h_14,WTROQF,1.0155425336578638,-19.569989307797602,69.0,True
h_14,WTSABK,,,,False
h_14,WTSE1K,,,,False
h_14,WTSFVK,,,,False
h_14,WTSPVK,,,,False
h_14,WTSYEK,,,,False
h_14,WTTA1K,,,,False
h_14,WTTA2K,,,,False
h_14,WTTITF,0.9547095468267908,-8.766967239918733,69.0,True
h_14,WTTO1K,,,,False
h_14,WTVA1K,,,,False
h_14,WTVA2K,,,,False
h_14,WTVE1K,,,,False
h_14,WTZFPF,,,,False
h_14,WUASDE,0.9890102080247389,-8.45542797258279,138.0,True
h_14,WUMEDF,0.9935357482111018,-15.78175542032643,69.0,True
h_14,WVALBE,1.005325821098482,-7.693628143177127,138.0,True
h_14,WVALDE,1.005325821098482,-7.693628143177127,138.0,True
h_14,WVALLF,0.9932288382077815,-11.764791285218594,69.0,True
h_14,WVALTF,0.952993498958555,-17.191880670295173,69.0,True
h_14,WVDU1E,,,,True
h_14,WVDUAF,,,,False
h_14,WVILAE,,,,False
h_14,WVILLF,0.9905682832445383,-12.214525752228242,69.0,True
h_14,WVMAOE,1.0028700366783003,-13.41217175164421,138.0,True
h_14,WVMELE,0.9910964342112338,-7.533195133759315,138.0,True
h_14,WVNOBF,0.9929366744443315,-10.790626560118262,69.0,True
h_14,WVOLGF,0.9936773480155431,-15.77528482150536,69.0,True
h_14,WX1PAK,,,,False
h_14,WXABIF,0.9949318061282333,-20.896047199627812,69.0,True
h_14,WXABRF,1.0072696987532828,-10.539157875947922,69.0,True
h_14,WXAD2F,1.000433918386742,-13.791294745444318,69.0,True
h_14,WXADOF,1.0005977335021248,-13.888685763223274,69.0,True
h_14,WXAHGF,0.9730364277604319,-14.717244947237441,69.0,True
h_14,WXAHMF,0.9894081600191629,-25.45263912587246,69.0,True
h_14,WXAISF,0.9979314995290145,-14.103553629398192,69.0,True
h_14,WXALDF,1.0143388132657083,-12.53594285056867,69.0,True
h_14,WXALIF,0.9754888541621631,-14.638227470579583,69.0,True
h_14,WXAORF,0.9791622852954548,-7.073641375360232,69.0,True
h_14,WXAPFF,1.0141602349561363,-18.395638692198183,69.0,True
h_14,WXAPPF,1.0556110858536902,-21.893587783428657,69.0,True
h_14,WXAQUF,,,,False
h_14,WXARDF,1.0006833910337996,-13.937303469395616,69.0,True
h_14,WXASOF,1.0579569564125795,-22.34074771589205,69.0,True
h_14,WXBA1F,,,,False
h_14,WXBA2F,,,,True
h_14,WXBASF,0.9688705925486347,-6.853993323168181,69.0,True
h_14,WXBAYF,,,,False
h_14,WXBDEF,0.9862860337537079,-21.345735708404735,69.0,True
h_14,WXBLEF,0.9971980580749044,-4.623488969966916,69.0,True
h_14,WXBMAF,0.9860077769847476,-14.351139133265162,69.0,True
h_14,WXBOHF,0.9899237640321311,-11.98741733877405,69.0,True
h_14,WXBPEF,1.0001491820498194,-19.038923115271196,69.0,True
h_14,WXCA1K,1.01802863788972,-5.944554805444626,34.5,True
h_14,WXCABF,0.95675461683022,-16.402403474075943,69.0,True
h_14,WXCANF,,,,False
h_14,WXCARF,0.9834126815835368,-11.403453040191778,69.0,True
h_14,WXCATF,0.9629441833116364,-6.29474829552339,69.0,True
h_14,WXCB2F,,,,False
h_14,WXCBAF,0.9878287778302155,-11.867657069572251,69.0,True
h_14,WXCC1E,,,,False
h_14,WXCC3E,,,,False
h_14,WXCCOF,1.0006699520112028,-13.938478149564538,69.0,True
h_14,WXCDAF,0.9710890882837102,-16.347889435170472,69.0,True
h_14,WXCDLF,0.9911518987510008,-25.229648939441482,69.0,True
h_14,WXCENF,0.9850854049511791,-25.106465765033263,69.0,True
h_14,WXCHAF,1.0466507146253778,-4.641822108995898,69.0,True
h_14,WXCIGF,0.9962543599174835,-5.415835672591835,69.0,True
h_14,WXCINF,0.9532047071127181,-17.182808298820134,69.0,True
h_14,WXCNAF,0.9897985753924017,-5.652101560320715,69.0,True
h_14,WXCOCF,,,,False
h_14,WXCODF,0.9883379458051011,-9.361109798375885,69.0,True
h_14,WXCORF,0.9841621471805683,-22.93545836540355,69.0,True
h_14,WXCSAF,0.9751384324764367,-16.10462092653042,69.0,True
h_14,WXCTAF,0.9964360868653989,-22.69763017954123,69.0,True
h_14,WXCU1K,1.011119470746323,-0.06358732231014984,34.5,True
h_14,WXCU2K,1.011119470746323,-0.06358732231014994,34.5,True
h_14,WXCU4K,1.011119470746323,-0.06358732231014984,34.5,True
h_14,WXDBRF,0.9962543599174835,-5.415835672591835,69.0,True
h_14,WXDISF,0.952000594518556,-16.813846704747927,69.0,True
h_14,WXDROF,0.9862632055277603,-12.560241876363571,69.0,True
h_14,WXDURF,,,,False
h_14,WXEANF,1.0139701986217775,-18.404354573592297,69.0,True
h_14,WXECHF,0.9864109750192247,-24.34291282842537,69.0,True
h_14,WXES2K,,,,False
h_14,WXES3K,,,,False
h_14,WXESPF,0.9799058096688962,-21.65222868905643,69.0,True
h_14,WXEV4K,1.0199999809265137,-0.8394035349669667,13.800000190734863,True
h_14,WXGALF,0.9523257693186323,-9.353383907816724,69.0,True
h_14,WXGAVF,0.9741093587232257,-6.224158971460023,69.0,True
h_14,WXGBOF,0.9919235886377178,-11.50385903686876,69.0,True
h_14,WXGOYF,0.9979314995290145,-14.103553629398192,69.0,True
h_14,WXGPLF,0.9512387640615166,-9.469870063214698,69.0,True
h_14,WXGRCF,,,,False
h_14,WXGRMF,0.9625285675704948,-6.662760100586769,69.0,True
h_14,WXGRSF,0.9901013274540551,-24.821307985759773,69.0,True
h_14,WXGU2F,0.9923185889149054,-11.858188145632226,69.0,True
h_14,WXHACF,0.9883042809257413,-9.3645717651708,69.0,True
h_14,WXHE1F,1.0144287945022485,-12.517501790379502,69.0,True
h_14,WXHE2F,,,,False
h_14,WXHHIF,0.9955413216748332,-5.4427611058523855,69.0,True
h_14,WXHJBF,0.9928022538597846,-24.69284248434062,69.0,True
h_14,WXHMSF,0.9966408689469071,-15.59567451213137,69.0,True
h_14,WXHNAF,,,,False
h_14,WXHNUF,0.956298445993777,-16.438887405923204,69.0,True
h_14,WXIBAF,1.0053737537432736,-10.686450995398353,69.0,True
h_14,WXICAF,0.9975747859852223,-12.909626924205444,69.0,True
h_14,WXICNF,,,,False
h_14,WXIDAF,0.9930033114404441,-24.900027327739643,69.0,True
h_14,WXIDUF,0.9753432683351357,-15.981998021350156,69.0,True
h_14,WXIISF,0.9527877500607557,-8.915779282538194,69.0,True
h_14,WXIMBF,1.017025183086153,-20.029467262217945,69.0,True
h_14,WXINAF,0.9531628729797781,-8.901791059150144,69.0,True
h_14,WXINDF,0.9944277562448203,-25.485985495507048,69.0,True
h_14,WXINVF,0.9500059851188497,-9.597965798398835,69.0,True
h_14,WXIPRF,,,,False
h_14,WXIPSF,0.9753432683351357,-15.981998021350156,69.0,True
h_14,WXJIMF,0.9955509629688364,-27.648927135717646,69.0,True
h_14,WXJINF,1.005127179100479,-15.823904604079475,69.0,True
h_14,WXKINF,1.0039956822121792,-11.26109355885287,69.0,True
h_14,WXKVEF,0.9576749094422564,-6.7197070520001665,69.0,True
h_14,WXLADF,0.9520896470533546,-6.952667304771599,69.0,True
h_14,WXLALF,,,,False
h_14,WXLC1E,1.0133734410834887,-9.34509492104733,138.0,True
h_14,WXLCAF,0.9544405953534736,-6.788398682104817,69.0,True
h_14,WXLCBF,0.9914140645224974,-20.9437510137984,69.0,True
h_14,WXLFAF,0.9872198092691293,-14.137397409084118,69.0,True
h_14,WXLPAF,0.966148991798433,-3.9717550117044076,69.0,True
h_14,WXLPEF,0.994808628560016,-23.243768930155056,69.0,True
h_14,WXLUCK,1.0055095574620727,-11.08402867639353,34.5,True
h_14,WXLULF,1.0051317918164544,-11.183015165151238,69.0,True
h_14,WXLUPF,,,,True
h_14,WXMAGF,0.9920394917159009,-12.242667453791606,69.0,True
h_14,WXMAIF,0.9847833457177331,-22.53842424794741,69.0,True
h_14,WXMALF,0.9868599639049563,-10.921806177480557,69.0,True
h_14,WXMARF,0.9657268017473994,-6.6994908792294705,69.0,True
h_14,WXMATK,0.9907558792191616,-22.882568555393515,34.5,True
h_14,WXMEGF,0.950818168957567,-9.115724324060903,69.0,True
h_14,WXMETE,,,,False
h_14,WXMETF,0.9919235886377178,-11.50385903686876,69.0,True
h_14,WXMOZF,,,,False
h_14,WXMPAF,0.9622039785980947,-4.947502983352332,69.0,True
h_14,WXMPGK,,,,False
h_14,WXMPSF,0.9157318002435293,-6.2186842030746865,69.0,True
h_14,WXMV2F,0.9987792560012629,-14.459317005767351,69.0,True
h_14,WXMVAF,,,,False
h_14,WXNAGF,,,,False
h_14,WXNOVF,0.991620311277135,-10.559442377421504,69.0,True
h_14,WXOC2F,1.0134021760022969,-18.445821315689855,69.0,True
h_14,WXOFAF,1.0132685779887636,-12.758763563153634,69.0,True
h_14,WXOLVF,1.0009328372024116,-20.128218118100822,69.0,True
h_14,WXPA1K,0.9999999999999999,-8.397158183418721,11.0,True
h_14,WXPA3K,0.9999999999999998,-8.384748417256557,15.0,True
h_14,WXPA4K,1.0000000000000002,-8.370251659139882,11.0,True
h_14,WXPC2F,0.9600866343746219,-6.328905328632467,69.0,True
h_14,WXPCGF,0.9692853502097333,-16.43687873416213,69.0,True
h_14,WXPCIF,0.964554702248755,-5.987149849643273,69.0,True
h_14,WXPETF,0.986735889750676,-10.930567110245422,69.0,True
h_14,WXPFLF,1.0144022025992032,-12.524905185663485,69.0,True
h_14,WXPFSK,1.0064251306859495,-13.471664154664081,34.5,True
h_14,WXPGAF,1.033402599942103,-20.33002258175449,69.0,True
h_14,WXPGMF,1.0051317918164544,-11.183015165151238,69.0,True
h_14,WXPHAF,0.99746484855898,-11.386225033006946,69.0,True
h_14,WXPI4K,1.0000000000000002,-21.838139252494223,13.800000190734863,True
h_14,WXPIDF,1.0051317918164544,-11.183015165151238,69.0,True
h_14,WXPINF,,,,False
h_14,WXPLCF,0.9787468272475377,-15.001248139400907,69.0,True
h_14,WXPPEF,1.0442607959904315,-20.323412850593918,69.0,True
h_14,WXPPLF,,,,False
h_14,WXPPRF,1.0112970485539003,-19.9198378397261,69.0,True
h_14,WXPS1K,1.0173669849720903,-11.634098380788073,34.5,True
h_14,WXPY1K,,,,False
h_14,WXQAZF,,,,False
h_14,WXQCOF,0.9895414258100372,-12.5072386102553,69.0,True
h_14,WXRARF,0.9911395949428284,-20.960132687770592,69.0,True
h_14,WXRIEF,,,,False
h_14,WXRINF,0.9920826572055039,-23.07783748936161,69.0,True
h_14,WXSADF,,,,False
h_14,WXSESE,1.0101706468232863,-0.8156705441710026,138.0,True
h_14,WXSESF,0.9944290083064478,-5.591932289300926,69.0,True
h_14,WXSI1K,1.0000000000000004,-2.195605169712781,13.800000190734863,True
h_14,WXSODF,0.9987751392676592,-14.459738633097308,69.0,True
h_14,WXSOSF,1.0559840726735512,-22.549268894599038,69.0,True
h_14,WXSPRF,0.943825020791806,-7.346462015682095,69.0,True
h_14,WXSYEF,0.9921441657807133,-11.963194098022415,69.0,True
h_14,WXTAMF,0.950429679005196,-9.126897225679633,69.0,True
h_14,WXTDAF,0.9564465322452946,-7.440768435634098,69.0,True
h_14,WXTH1F,0.9877317217168768,-7.176653621100776,69.0,True
h_14,WXTH2F,0.9877318260176917,-7.1766552742296374,69.0,True
h_14,WXTISF,1.001647446927781,-14.280472635763006,69.0,True
h_14,WXTREFF,0.9909891397767713,-11.580056659991852,69.0,True
h_14,WXTROF,1.0155510308513853,-19.569626588775442,69.0,True
h_14,WXTTIF,0.9547095468267908,-8.766967239918733,69.0,True
h_14,WXVALF,0.952993498958555,-17.191880670295173,69.0,True
h_14,WXVILF,0.9905682832445383,-12.214525752228242,69.0,True
h_14,WXVL1K,,,,False
h_14,WXWC2K,1.0030060869543267,-3.9862378197136548,34.5,True
h_14,WXWC3K,1.0030060869543267,-3.9862378197136548,34.5,True
h_14,WXYAGF,0.9968961904854023,-13.076096566663898,69.0,True
h_14,WXZAMF,0.9520896470533546,-6.952667304771599,69.0,True
h_14,WXZFBF,,,,False
h_14,WXZFHF,,,,False
h_14,WXZFNF,,,,False
h_14,WXZGUF,1.012597226759174,-20.14976423612932,69.0,True
h_14,WXZHAF,0.9496024357900085,-9.627852958338766,69.0,True
h_14,WXZISF,,,,False
h_14,WXZPPF,,,,False
h_14,WXZSPF,0.9919313194864118,-5.892951016702997,69.0,True
h_14,WYAGUF,0.9968961904854023,-13.076096566663898,69.0,True
h_14,WYAMAF,0.9295453029207874,-6.780272675223593,69.0,True
h_14,WZFALF,,,,False
h_14,WZFAMF,,,,False
h_14,WZFBAF,,,,False
h_14,WZFDRF,,,,False
h_14,WZFESF,,,,False
h_14,WZFGIF,,,,False
h_14,WZFGUF,,,,False
h_14,WZFISF,,,,False
h_14,WZFLIF,,,,False
h_14,WZFMCF,,,,False
h_14,WZFPPF,,,,False
h_14,WZFS2F,,,,False
h_14,WZFSAE,,,,False
h_14,WZFSAF,,,,False
h_14,WZFSFF,,,,False
h_14,WZFSIF,,,,False
h_14,WZFSPF,,,,False
h_14,WZFVAF,,,,False
h_14,WZFVEF,,,,False
h_14,WZHAIF,0.9496026124506148,-9.627859870039742,69.0,True
h_14,ZXOJIF,,,,False
h_15,WAANDE,1.0041021347211274,0.9509191905064865,138.0,True
h_15,WABCOF,0.9901468383350905,-14.65593092106758,69.0,True
h_15,WABISF,0.9881663154209035,-21.422495242240817,69.0,True
h_15,WABRUF,0.9414045023620149,-6.554863844942943,69.0,True
h_15,WACIBF,1.0063875809806664,-18.989926377600682,69.0,True
h_15,WACLAE,1.0169505740314833,-10.416504615397224,138.0,True
h_15,WACLAK,1.0184190833540918,-10.423811290883004,34.5,True
h_15,WADMIF,,,,False
h_15,WADOMF,1.013331010566871,-12.317260548422418,69.0,True
h_15,WAGUAE,1.0040159778145634,-7.2532324559214185,138.0,True
h_15,WAGUBE,1.0040159778145634,-7.2532324559214185,138.0,True
h_15,WAHMIF,0.98417086962172,-26.8243446317557,69.0,True
h_15,WAHO1E,0.9909602171179929,-7.655235247532346,138.0,True
h_15,WAHO2E,0.9909602171179929,-7.655235247532346,138.0,True
h_15,WAHOBF,0.9888355303834968,-10.418561253888237,69.0,True
h_15,WAHONF,0.9888355303834968,-10.418561253888237,69.0,True
h_15,WAIAMF,,,,False
h_15,WAIAZF,,,,False
h_15,WAIBAF,,,,False
h_15,WAIISF,,,,False
h_15,WAISAF,,,,False
h_15,WAISCF,0.9954704322171769,-13.900182404709108,69.0,True
h_15,WAISOF,1.047417589075377,-23.096977371685163,69.0,True
h_15,WAIUNF,,,,False
h_15,WAIZSF,,,,False
h_15,WAORIF,0.9737501344739882,-6.775457982197108,69.0,True
h_15,WAPERF,1.0011970238662462,-29.754003784719867,69.0,True
h_15,WAPFAF,1.0079626590814497,-18.84494235700335,69.0,True
h_15,WAQUIF,0.9989081014794691,-19.94579141943422,69.0,True
h_15,WASOEF,0.994212991033384,-10.183155363648881,69.0,True
h_15,WAZUAF,0.9776777497009099,-14.0700058505045,69.0,True
h_15,WBALDF,1.0084557509192338,-18.808344777735794,69.0,True
h_15,WBANIF,0.9854935820404611,-13.685685719261597,69.0,True
h_15,WBAPEF,0.9833608208735383,-14.148254127500982,69.0,True
h_15,WBARAF,0.9966042665564562,-10.316844230286273,69.0,True
h_15,WBARCE,,,,False
h_15,WBASIF,0.9670135711764443,-6.35986636550328,69.0,True
h_15,WBAYAE,1.0167482285708211,-6.3137716089015266,138.0,True
h_15,WBAYAK,1.0165722661769487,-6.316465084614813,34.5,True
h_15,WBAYOF,0.9916822896688633,-11.076257254602083,69.0,True
h_15,WBCARF,,,,False
h_15,WBCARK,0.9999999999999999,-6.700241837154674,13.800000190734863,True
h_15,WBCHIE,0.9967696994594795,-1.6791123214155201,138.0,True
h_15,WBCHIF,0.9709060213564938,-4.896725340078827,69.0,True
h_15,WBDERF,0.9792285765101418,-21.916804979406837,69.0,True
h_15,WBDERK,1.0000000000000002,-22.04276633601917,13.800000190734863,True
h_15,WBENEF,1.0600029643686073,-4.255112356067007,69.0,True
h_15,WBERSF,,,,False
h_15,WBLECF,0.9955890447084128,-3.732041142453339,69.0,True
h_15,WBMATF,0.9828688015351662,-14.00542529140614,69.0,True
h_15,WBNVFF,,,,False
h_15,WBON2E,0.9975144784158176,-13.6141303187516,138.0,True
h_15,WBON2F,,,,False
h_15,WBON3C,,,,False
h_15,WBON3D,1.0106242403311612,-7.7083115001983336,345.0,True
h_15,WBON3E,0.9975887069164338,-13.610996327617826,138.0,True
h_15,WBONAF,0.9896764834968822,-19.92389795184785,69.0,True
h_15,WBOPEF,,,,False
h_15,WBPOPF,0.9870802232581594,-9.042067419892275,69.0,True
h_15,WBVISF,1.0289728610386382,-3.047013987090752,69.0,True
h_15,WCABAF,1.0458322965646272,-23.44082414225209,69.0,True
h_15,WCALAE,1.017931452286103,-5.302838897598117,138.0,True
h_15,WCALBE,1.017931452286103,-5.302838897598117,138.0,True
h_15,WCANAE,,,,True
h_15,WCANAF,,,,True
h_15,WCAPOF,0.9419525078079393,-9.615459617260022,69.0,True
h_15,WCATAF,0.9536281299240045,-6.1330604625913185,69.0,True
h_15,WCAYAF,0.9709566627345444,-5.747263087812869,69.0,True
h_15,WCBOHF,0.9907417019976922,-11.461341259702243,69.0,True
h_15,WCBYNF,0.951315415727267,-16.64351138264382,69.0,True
h_15,WCC21E,1.0094236453390741,-8.478397206796231,138.0,True
h_15,WCCA2F,1.0078830856403307,-10.030210921626914,69.0,True
h_15,WCCABF,1.0078024015356708,-10.08341855887398,69.0,True
h_15,WCCARF,0.952180919462207,-6.345442005781546,69.0,True
h_15,WCCIBF,1.0052526018475558,-20.616574582325974,69.0,True
h_15,WCDAGF,0.9698118141171549,-16.289859280777414,69.0,True
h_15,WCEMEE,1.009319959703838,-0.15865900282275902,138.0,True
h_15,WCENOF,0.9792842345368478,-26.380581317426905,69.0,True
h_15,WCEPPF,,,,False
h_15,WCES1K,1.0199999809265134,-0.2312319940997663,13.800000190734863,True
h_15,WCES2K,1.0199999809265134,-0.2312319940997663,13.800000190734863,True
h_15,WCES3K,1.0199999809265137,-0.22020687220212862,13.800000190734863,True
h_15,WCESPF,0.9719560411904623,-22.260044505535422,69.0,True
h_15,WCESPK,,,,False
h_15,WCINDF,,,,False
h_15,WCLUIE,1.003043600970863,-2.529173214635173,138.0,True
h_15,WCNACF,,,,False
h_15,WCNPEE,0.9882047429737693,-7.658983474244263,138.0,True
h_15,WCNSLF,,,,False
h_15,WCOAPE,1.0131735260550543,0.9094427788019085,138.0,True
h_15,WCOCOF,0.9987804659098356,-14.935531783449546,69.0,True
h_15,WCODAF,0.9876884912871112,-26.231623156623446,69.0,True
h_15,WCOHEF,1.0122312870133872,-12.544495571899375,69.0,True
h_15,WCONSF,1.0064502882927353,-31.964847633028178,69.0,True
h_15,WCORMF,0.9797435762001623,-23.69274488257814,69.0,True
h_15,WCOTAE,1.0054514457495065,0.8419090403825628,138.0,True
h_15,WCOTBE,1.0054514457495065,0.8419090403825628,138.0,True
h_15,WCOTUF,0.9824469243370367,-28.143305684169167,69.0,True
h_15,WCPVCF,0.9726254792580412,-16.158589726390588,69.0,True
h_15,WCSATF,0.9738900164062345,-16.050635728785025,69.0,True
h_15,WCSO1K,1.0054514457495065,0.8419090403825628,34.5,True
h_15,WCSO2K,1.0054514457495065,0.8419090403825628,34.5,True
h_15,WCSO3K,1.0054514457495065,0.8419090403825628,34.5,True
h_15,WCSOLK,,,,False
h_15,WCTP1D,,,,False
h_15,WCTP2D,,,,False
h_15,WCUMAE,1.0115209792936437,0.9400001590130852,138.0,True
h_15,WCUMBE,1.0115209792936437,0.9400001590130852,138.0,True
h_15,WCVEGF,0.9888488088742625,-27.191412777861967,69.0,True
h_15,WCZFSF,1.0105641957482987,-18.674828323436103,69.0,True
h_15,WDAJAE,0.9893248495756035,-13.748657751746803,138.0,True
h_15,WDAJAF,,,,False
h_15,WDESPF,0.9533134071771082,-8.577265691568503,69.0,True
h_15,WDISDF,0.9497716439706523,-16.78673652294049,69.0,True
h_15,WDJAOE,0.9789759308926888,-6.241455918017752,138.0,True
h_15,WDJAOF,0.9542523308992122,-7.031983990610902,69.0,True
h_15,WDPEDF,1.0043734832324713,-20.764178691858728,69.0,True
h_15,WDRODF,0.9861433391180419,-12.079156510590238,69.0,True
h_15,WDRODK,0.9959373491528841,-12.10766780377563,12.470000267028809,True
h_15,WDRODM,,,,False
h_15,WDURAF,,,,False
h_15,WDUVEF,0.9970811685531212,-15.974368978117166,69.0,True
h_15,WEABAF,,,,False
h_15,WEBRIE,0.9825453411193319,-6.831289190818162,138.0,True
h_15,WECHIF,0.9809888208863825,-25.502906542103464,69.0,True
h_15,WELJIF,1.0056444503947153,-20.57609013531779,69.0,True
h_15,WEM21K,1.0,-7.137484267505299,13.800000190734863,True
h_15,WEMA2E,,,,False
h_15,WEMA2F,,,,False
h_15,WEMA3F,0.9532522359161506,-8.577410620788655,69.0,True
h_15,WEMB2F,,,,False
h_15,WEMB3F,0.9541651572205321,-8.440901631882861,69.0,True
h_15,WEMBAE,0.9859953034289186,-8.779965119305254,138.0,True
h_15,WENADE,1.0041015314674273,0.9507559965732193,138.0,True
h_15,WENE4E,1.0100228244837726,-0.07827428630406653,138.0,True
h_15,WEPINF,0.9724799800343915,-13.433437148285176,69.0,True
h_15,WERIOF,0.9999055351585144,-30.50641116613115,69.0,True
h_15,WESEIE,0.9939232788385294,-0.9732026816918761,138.0,True
h_15,WESM3F,,,,False
h_15,WESM3K,,,,False
h_15,WESOCE,1.008305063813976,-0.00964578332719003,138.0,True
h_15,WESP1E,1.0132419466337195,-11.755437927710355,138.0,True
h_15,WFALCE,0.9975949525567821,-13.611093315606793,138.0,True
h_15,WFALCF,1.001436880902742,-18.896530594823652,69.0,True
h_15,WFALCK,,,,True
h_15,WFALCM,,,,False
h_15,WFANTF,0.9813003730631666,-24.810919922318252,69.0,True
h_15,WFNEGF,,,,False
h_15,WFOCHF,1.0068248493751915,-18.923530525930126,69.0,True
h_15,WFOLAF,,,,False
h_15,WGALAF,0.9504119920047925,-9.182154951618246,69.0,True
h_15,WGBOJF,0.9935255922829516,-10.916012487451258,69.0,True
h_15,WGHACF,0.9872578978792489,-9.035561972799087,69.0,True
h_15,WGIRAE,1.0141043464607944,-6.290361715321988,138.0,True
h_15,WGIRAK,1.0213272676659784,-6.309596337887299,34.5,True
h_15,WGMALF,0.9848509676701286,-10.704724366402852,69.0,True
h_15,WGNLLE,1.015446093632908,-10.094599599560768,138.0,True
h_15,WGNLLK,1.0171088117250529,-10.102383834376825,34.5,True
h_15,WGOYAF,0.9951069697448154,-13.914273252525389,69.0,True
h_15,WGPALF,0.9798291053674064,-14.325914749494046,69.0,True
h_15,WGPETF,0.9848112424207441,-10.712909936871862,69.0,True
h_15,WGPLAF,0.9493269778642995,-9.30128782411335,69.0,True
h_15,WGRCHF,0.9478915378091356,-9.4407220053509,69.0,True
h_15,WGRSFF,0.9866357664070495,-25.82147974070495,69.0,True
h_15,WGU1AD,,,,False
h_15,WGU1BD,,,,False
h_15,WGUA2F,0.9919967230478449,-11.375878177381773,69.0,True
h_15,WGUANE,,,,True
h_15,WGUANF,0.9920506854839589,-11.380234536550432,69.0,True
h_15,WGUAVF,0.9738341565036267,-5.587459460856622,69.0,True
h_15,WGUAYE,1.010274412132856,-10.501443340864421,138.0,True
h_15,WGUAYF,0.9722373315766293,-4.264454073834108,69.0,True
h_15,WGUERD,1.0085339590546119,-5.041129672374788,345.0,True
h_15,WGUERE,1.0003287469412898,-4.296535074104407,138.0,True
h_15,WGUERF,0.9590202845102473,-5.420573019152366,69.0,True
h_15,WGVEGF,0.9906985477513456,-26.604593136381684,69.0,True
h_15,WHAIBF,0.9987265231411913,-10.82635526404563,69.0,True
h_15,WHAINE,0.9939342563225068,-8.11211445613094,138.0,True
h_15,WHAINF,0.9987265231411913,-10.82635526404563,69.0,True
h_15,WHAT2K,0.9999999999999998,-27.362249103150038,13.800000190734863,True
h_15,WHATIF,0.9854225239045773,-27.326556670053396,69.0,True
h_15,WHATIK,1.0000000000000002,-27.4199839771862,12.5,True
h_15,WHENUF,,,,False
h_15,WHERRE,0.9885003078732486,-9.01268609014559,138.0,True
h_15,WHGMOE,,,,False
h_15,WHGUEE,,,,False
h_15,WHIGUF,1.1117736751725418,-6.088983903142965,69.0,True
h_15,WHJBOF,0.9876369112062008,-26.04388900010096,69.0,True
h_15,WHLINF,,,,False
h_15,WHMA2E,0.9958751135407483,-0.9653407013077344,138.0,True
h_15,WHMA2F,0.9833186067757821,-2.6058058973938216,69.0,True
h_15,WHMAYF,0.982087365178254,-2.7006293285146596,69.0,True
h_15,WHMSAF,0.9921706534734467,-15.919864523501994,69.0,True
h_15,WHNACF,,,,False
h_15,WHNS1E,0.991659439701831,-5.763556641220595,138.0,True
h_15,WHNS1F,0.987261072989427,-6.6679965234168,69.0,True
h_15,WHNUEF,0.9544428288072236,-16.354522824021885,69.0,True
h_15,WIAANE,1.0015173501101515,-2.4819194103636617,138.0,True
h_15,WIBARF,1.006698223161071,-10.128593155343792,69.0,True
h_15,WICAEF,0.9958511142259262,-12.59703124505584,69.0,True
h_15,WICNAF,,,,False
h_15,WIDALF,0.987831920912797,-26.279661034336836,69.0,True
h_15,WIGASE,,,,False
h_15,WIISAF,0.9502881606263263,-8.802129983943935,69.0,True
h_15,WIMB2F,1.0111477761234182,-20.44039000073978,69.0,True
h_15,WIMBEF,1.0095757965520096,-20.52626536678164,69.0,True
h_15,WINCAF,0.973905696371463,-16.098954567458936,69.0,True
h_15,WINCAK,1.0000000000000002,-16.928851200471257,12.470000267028809,True
h_15,WINVBF,0.9851938800527658,-6.852825016987546,69.0,True
h_15,WINVIF,0.9479730150525474,-9.441226581533085,69.0,True
h_15,WIPSIF,,,,False
h_15,WITA1E,0.9954934031615479,-7.930748113979592,138.0,True
h_15,WJARAF,0.9915386716588367,-29.16838884395488,69.0,True
h_15,WJDOLE,1.0058786461302318,-1.2609769247160365,138.0,True
h_15,WJIBPE,0.992746930891585,-16.477986592369525,69.0,True
h_15,WJIGBE,1.0033881419985065,-7.261441760725937,138.0,True
h_15,WJIGUE,1.0033881419985065,-7.261441760725937,138.0,True
h_15,WJIMEF,0.9923148744020177,-29.1331631065092,69.0,True
h_15,WJSAUD,1.0178346303415136,-5.297158944450834,345.0,True
h_15,WJSAUE,,,,False
h_15,WKDMBF,0.9854482162672109,-11.884593021933316,69.0,True
h_15,WKDMEF,0.9805624453746946,-11.292839697188672,69.0,True
h_15,WKINDF,1.0021747470907194,-10.878073670783422,69.0,True
h_15,WKQA1F,0.9933557505276653,-11.812850752258713,69.0,True
h_15,WKQAZE,1.01273369887451,-7.737882950545913,138.0,True
h_15,WKVEIF,,,,False
h_15,WLALFF,,,,False
h_15,WLANGE,0.9971714359769422,-15.440300195929582,138.0,True
h_15,WLBARF,,,,False
h_15,WLCALF,0.9546011407688929,-6.177741416642461,69.0,True
h_15,WLCBOF,0.9856288045678273,-21.64467664994358,69.0,True
h_15,WLCOCK,1.0132848310600266,-8.824593989965827,34.5,True
h_15,WLCUAF,0.9478582121197536,-9.041807028980076,69.0,True
h_15,WLDAMF,0.9967442329760269,-16.034877622757143,69.0,True
h_15,WLDAMK,1.0,-17.370285381629188,12.5,True
h_15,WLDIAF,0.987075826129385,-9.042245569347129,69.0,True
h_15,WLGALE,0.9955147130442468,-15.355613618666204,138.0,True
h_15,WLGU2K,1.0178567656166568,-13.564528123217935,34.5,True
h_15,WLGUZE,1.0178567656166568,-13.564528123217935,138.0,True
h_15,WLGUZK,1.0178432927261964,-13.565910519468096,34.5,True
h_15,WLISAE,0.990434246183619,-7.335797879533752,138.0,True
h_15,WLLAGF,,,,False
h_15,WLMFAF,0.9763654037010983,-13.027596629304583,69.0,True
h_15,WLMI5E,0.9897259302528952,-6.43057008237842,138.0,True
h_15,WLMI6E,0.9897277421046944,-6.431465989152841,138.0,True
h_15,WLMI7E,0.9898719659623432,-6.3775491954214045,138.0,True
h_15,WLMI7K,1.0,-6.389862081429957,13.800000190734863,True
h_15,WLMINE,0.9896917519983299,-6.430051814263738,138.0,True
h_15,WLMINF,0.9500266746833729,-8.897021400115504,69.0,True
h_15,WLORIE,1.0101259247108514,-0.03821398219335504,138.0,True
h_15,WLORIK,1.0490000247955324,-0.11215948312772353,12.470000267028809,True
h_15,WLPARF,0.9658592415118618,-3.346090166828715,69.0,True
h_15,WLPENF,0.9886795411992504,-24.389651124169006,69.0,True
h_15,WLPRAE,0.9863073801776295,-8.98401606527479,138.0,True
h_15,WLROME,1.0081494686839283,0.3102477763490555,138.0,True
h_15,WLROMF,1.0205642936076462,-2.7324269230834846,69.0,True
h_15,WLRPUF,1.0161248857414622,-3.230439907931559,69.0,True
h_15,WLTORF,0.9946541486330661,-11.654419804296673,69.0,True
h_15,WLUCIF,1.0044452473345913,-10.659807198531073,69.0,True
h_15,WLUPEF,1.0043577013132206,-21.044975410696882,69.0,True
h_15,WLVEGF,0.9889740831315964,-27.184860791861333,69.0,True
h_15,WLVICE,0.9937965281127873,-5.277083367526995,138.0,True
h_15,WLVICK,0.9937965281127873,-5.277083367526995,34.5,True
h_15,WLVPEF,0.9903821880977057,-27.4096386666251,69.0,True
h_15,WMAGUF,0.991623230809342,-11.762403807501439,69.0,True
h_15,WMAIMF,0.9813417339506684,-23.212576724465283,69.0,True
h_15,WMARAF,0.9659121529147587,-6.004412036096137,69.0,True
h_15,WMARAK,0.9659121529147587,-6.004412036096137,13.800000190734863,True
h_15,WMARTF,0.9602893189389428,-5.6620991966072935,69.0,True
h_15,WMARTK,0.9602893189389428,-5.6620991966072935,34.5,True
h_15,WMAT1E,0.9882600823546785,-23.690392968470945,138.0,True
h_15,WMATAE,0.9881078035570108,-8.450791694357203,138.0,True
h_15,WMATBE,0.9881078035570108,-8.450791694357203,138.0,True
h_15,WMEGAF,0.9483880022488387,-8.986451363704754,69.0,True
h_15,WMERCF,0.9848112424207441,-10.712909936871862,69.0,True
h_15,WMETAE,0.9881101907792897,-8.452367979108098,138.0,True
h_15,WMETAK,0.9900000095367432,-8.793963248401747,13.199999809265137,True
h_15,WMETBF,0.9873180772700871,-9.029786570923683,69.0,True
h_15,WMETEE,0.9953601905238664,-7.963957051168638,138.0,True
h_15,WMETEF,0.9936432633217009,-10.886337130273624,69.0,True
h_15,WMETRE,0.98943537716281,-7.7590454426602,138.0,True
h_15,WMETRF,0.9873180772700871,-9.029786570923683,69.0,True
h_15,WMIR1E,1.0008002966759535,-4.057258871308496,138.0,True
h_15,WMIRAK,1.0008002966759535,-4.057258871308496,34.5,True
h_15,WMLTPF,0.9922244936283975,-11.029921957081294,69.0,True
h_15,WMOCAE,0.983124836981029,-18.618918144433973,138.0,True
h_15,WMOCAF,0.978712236339226,-24.659847134226823,69.0,True
h_15,WMONCE,0.9962966590798323,-13.973633217396873,138.0,True
h_15,WMONTE,0.9968881808706754,-12.293605395459654,138.0,True
h_15,WMOZAF,0.9535180124597175,-8.629434230830736,69.0,True
h_15,WMP2AE,1.0017849492412247,-3.54961185739816,138.0,True
h_15,WMP2BE,1.0017849492412247,-3.54961185739816,138.0,True
h_15,WMPALF,0.9714370563347986,-2.099645060639377,69.0,True
h_15,WMPALK,0.9714370563347986,-2.099645060639377,34.5,True
h_15,WMPL1D,,,,False
h_15,WMPL2D,,,,False
h_15,WMPLAF,0.9110136703884689,-5.911515554117158,69.0,True
h_15,WMPSOE,,,,False
h_15,WMPSOF,0.9111522200105354,-5.879871428508202,69.0,True
h_15,WMPSOK,0.9111522200105354,-5.879871428508202,20.0,True
h_15,WMRI2E,1.0114391496278656,-7.759722891969007,138.0,True
h_15,WMTFNE,1.0280336916507937,-6.3113371753921985,138.0,True
h_15,WMTFNK,1.0731036898488457,-6.358639614168636,34.5,True
h_15,WMULTF,0.950251316144182,-8.803442459727062,69.0,True
h_15,WMVCIF,1.006382271143097,-20.54398803909366,69.0,True
h_15,WMVIEF,0.9960785768511823,-14.293217730601103,69.0,True
h_15,WNAG2E,0.9853121846573252,-24.41340861306509,138.0,True
h_15,WNAG2F,,,,True
h_15,WNAGUF,0.9866202175095646,-26.734660818062583,69.0,True
h_15,WNARAD,1.000368625558995,-11.02013245681251,345.0,True
h_15,WNARAE,,,,False
h_15,WNAV2E,1.0113597039479945,-12.334342600733137,138.0,True
h_15,WNAVAF,0.9900390153827053,-21.320250132565434,69.0,True
h_15,WNEYBF,0.9794011325063735,-16.887405688252347,69.0,True
h_15,WNIBAE,0.9938180578936324,-15.6739716574945,138.0,True
h_15,WNOVOF,0.9906244524850125,-10.262476030344624,69.0,True
h_15,WOFALF,1.0122405368159786,-12.544875250992519,69.0,True
h_15,WOJIVF,0.996498774508772,-10.87546498127321,69.0,True
h_15,WPAK0E,,,,False
h_15,WPAK2E,1.0110552698074475,-7.757604965533604,138.0,True
h_15,WPAK5E,1.0110552698074475,-7.757604965533604,138.0,True
h_15,WPAK6E,1.0110552698074475,-7.757604965533604,138.0,True
h_15,WPAL1E,0.9956678607483256,-8.081943221283789,138.0,True
h_15,WPALAF,0.9798291053674064,-14.325914749494046,69.0,True
h_15,WPALBE,1.0157265069881165,-7.984868927453062,138.0,True
h_15,WPALBF,0.995446093579567,-9.871831996392308,69.0,True
h_15,WPALEE,1.0157265069881165,-7.984868927453062,138.0,True
h_15,WPAQ1K,1.0499999523162842,-10.56947631120879,4.159999847412109,True
h_15,WPARAE,0.9911790590940834,-7.80173160699859,138.0,True
h_15,WPAYAE,,,,False
h_15,WPAYBE,,,,False
h_15,WPAYIF,1.003529880517157,-27.409546064874647,69.0,True
h_15,WPBAJF,0.9943029684103852,-29.539620153606954,69.0,True
h_15,WPBBAE,,,,False
h_15,WPBLAD,,,,False
h_15,WPCA1K,1.0499999523162842,0.0,22.0,True
h_15,WPCA2K,1.0499999523162846,1.4757854538604671,22.0,True
h_15,WPCATE,,,,False
h_15,WPCGLF,0.9680447142060428,-16.376957553697068,69.0,True
h_15,WPCIBF,0.9600636771135033,-5.728819321994425,69.0,True
h_15,WPDISF,,,,False
h_15,WPDIVF,0.970580239781205,-15.050047558279399,69.0,True
h_15,WPDORE,,,,True
h_15,WPDORF,1.0374265926429806,-20.861547184800425,69.0,True
h_15,WPEBPE,1.0145734314570998,-8.991235943693148,138.0,True
h_15,WPERAE,1.0179650218871719,-5.279818894415129,138.0,True
h_15,WPERBE,1.0179650218871719,-5.279818894415129,138.0,True
h_15,WPES1K,1.0179650218871719,-5.279818894415129,34.5,True
h_15,WPES2K,1.0179650218871719,-5.279818894415129,34.5,True
h_15,WPFLEF,,,,False
h_15,WPFMSK,1.010274412132856,-10.501443340864421,20.0,True
h_15,WPGARF,1.0268869046214748,-20.86858952886594,69.0,True
h_15,WPHAIF,0.9984770463703557,-10.845898222269545,69.0,True
h_15,WPIDUF,0.9741575988724458,-15.911259558097589,69.0,True
h_15,WPIISF,,,,False
h_15,WPIMCF,1.00426000070976,-19.138900852896786,69.0,True
h_15,WPIMEE,0.9926463368339302,-22.64152233427653,138.0,True
h_15,WPIMEF,0.993965151514893,-28.119540269928407,69.0,True
h_15,WPINAF,1.0276398797242954,-19.349869642253186,69.0,True
h_15,WPIZAE,1.0125129436949611,-6.530211957931572,138.0,True
h_15,WPIZAF,1.0039361123191821,-10.76823435701225,69.0,True
h_15,WPIZBF,,,,False
h_15,WPLASF,0.989742177313452,-10.32975572482737,69.0,True
h_15,WPLCCF,0.9776351803638408,-14.892571524755706,69.0,True
h_15,WPLINF,0.9809861243462533,-13.58172627330555,69.0,True
h_15,WPLM1E,1.0124519199525852,-8.764048558343932,138.0,True
h_15,WPLM1K,1.019999980926514,-8.82252550293757,13.800000190734863,True
h_15,WPLM2K,1.0199999809265134,-8.854027387440793,13.800000190734863,True
h_15,WPP22E,1.0175862084556853,-14.93906526859589,138.0,True
h_15,WPPELF,1.037373556773882,-20.81206962172338,69.0,True
h_15,WPPL2F,,,,True
h_15,WPPLAF,1.0380278025481549,-19.44887425912205,69.0,True
h_15,WPPLBF,,,,False
h_15,WPPLIF,0.98899686401809,-21.37862628119577,69.0,True
h_15,WPPRIF,1.0058716456483043,-20.565496971648017,69.0,True
h_15,WPSCEF,0.988886804231718,-16.118363886501196,69.0,True
h_15,WPSESK,,,,False
h_15,WPVIEE,,,,False
h_15,WQ1SPK,0.9999999999999997,-14.078247990938475,13.800000190734863,True
h_15,WQCORF,0.9888797757513492,-12.034517054932476,69.0,True
h_15,WQU11D,1.0084743180163742,-13.983942960341643,230.0,True
h_15,WQU12K,1.0000000000000007,-14.082225506005939,13.800000190734863,True
h_15,WQU21D,1.0084743180163742,-13.983942960341643,230.0,True
h_15,WQU21K,1.0000000000000007,-14.082225506005939,13.800000190734863,True
h_15,WQUINF,0.9983775342377099,-20.02604758924011,69.0,True
h_15,WQUISD,,,,True
h_15,WQUISE,,,,False
h_15,WRARRF,0.9843242762277651,-21.75121450657754,69.0,True
h_15,WRBL1K,,,,False
h_15,WRBL2K,,,,False
h_15,WRBLAF,1.0175685440456759,-18.399143727091847,69.0,True
h_15,WRCHAF,1.0458903306436906,-3.716621705365928,69.0,True
h_15,WREFIF,0.9927501682437343,-10.978146394225671,69.0,True
h_15,WRINCF,0.9847088569583916,-24.457547895752697,69.0,True
h_15,WRNUEF,0.9844167143429688,-24.473269445994703,69.0,True
h_15,WRPELF,0.9685804654283984,-4.339949593630965,69.0,True
h_15,WRSJUE,0.9858617654540955,-23.939539458919626,138.0,True
h_15,WRZMOK,,,,False
h_15,WSABAF,0.9989507925641656,-10.948695577664358,69.0,True
h_15,WSAJ1E,1.0022992891506703,-13.659201194954838,138.0,True
h_15,WSALCE,0.9814536224655732,-20.01467319854534,138.0,True
h_15,WSALIF,0.9985443195095492,-13.02432217133986,69.0,True
h_15,WSAMAE,0.9724034103802414,-26.240120875198993,138.0,True
h_15,WSANCE,0.9760365459534637,-25.858632744744288,138.0,True
h_15,WSANTE,1.0127957306346642,-6.474780024022463,138.0,True
h_15,WSANTK,1.0127957306346642,-6.474780024022463,34.5,True
h_15,WSCANF,1.0032893522585045,-9.59024514984199,69.0,True
h_15,WSCANK,1.0032893522585045,-9.59024514984199,34.5,True
h_15,WSCNOE,0.9985284111378528,-7.900887807718761,138.0,True
h_15,WSESTE,1.0096922020164847,-0.02550469438991602,138.0,True
h_15,WSFELE,,,,True
h_15,WSFMAE,0.9828400450733243,-22.250168970247227,138.0,True
h_15,WSFMAF,0.9852870209350842,-25.14840133676804,69.0,True
h_15,WSIBBE,0.9969033968685479,-1.6412934288090362,138.0,True
h_15,WSJMAF,0.990925185798615,-20.081160608413757,69.0,True
h_15,WSJOCF,0.9807812946950378,-15.655416730751597,69.0,True
h_15,WSJU2E,1.0058414505524569,-9.193364437100685,138.0,True
h_15,WSJU2F,0.9946512139554483,-11.108370925026081,69.0,True
h_15,WSJUAF,0.9914967034379865,-11.363012554136823,69.0,True
h_15,WSKAPF,0.9848597597163495,-10.710220124817306,69.0,True
h_15,WSLCOE,,,,False
h_15,WSLORK,1.0000000000000002,-7.921642283937531,13.800000190734863,True
h_15,WSMARF,0.9843652323693438,-2.6228660262991825,69.0,True
h_15,WSODOF,0.9960696077957597,-14.294115721752286,69.0,True
h_15,WSOSUF,1.0480514113669541,-23.127579218235905,69.0,True
h_15,WSPB1K,1.049999952316284,-0.2236656026220226,13.800000190734863,True
h_15,WSPBEE,1.0103742960153077,-0.009891874956715153,138.0,True
h_15,WSPERF,0.9470454382053598,-7.6576717602932005,69.0,True
h_15,WSPEVF,,,,False
h_15,WSPM2E,1.0100228244837726,-0.07827428630406653,138.0,True
h_15,WSPMAE,1.0097485309550527,-0.04518836219496923,138.0,True
h_15,WSPMAF,0.9961494415288121,-4.71117664054176,69.0,True
h_15,WSPMBE,1.0097485309550527,-0.04518836219496923,138.0,True
h_15,WSPRIF,0.9407512244057636,-6.985397868381338,69.0,True
h_15,WSRODE,0.9888110202293401,-14.389606399717616,138.0,True
h_15,WSYASF,1.0459127755531188,-23.442028844410075,69.0,True
h_15,WSYEGF,0.992239417115789,-11.414981846249756,69.0,True
h_15,WTAAGK,,,,False
h_15,WTAAVK,,,,False
h_15,WTAG1K,,,,False
h_15,WTAG2K,,,,False
h_15,WTAMAF,0.9863086706760019,-6.668711336060206,69.0,True
h_15,WTANOK,,,,False
h_15,WTAV1K,1.0,-15.474914574509684,13.800000190734863,True
h_15,WTAVBE,,,,False
h_15,WTBA1K,,,,False
h_15,WTBA2K,,,,False
h_15,WTCE1K,,,,False
h_15,WTCE2K,,,,False
h_15,WTCEMK,,,,False
h_15,WTDAJK,,,,False
h_15,WTEMPF,0.9479138538422454,-8.951466143752498,69.0,True
h_15,WTESAK,,,,False
h_15,WTFA1K,,,,False
h_15,WTFA2K,,,,False
h_15,WTFA3K,,,,False
h_15,WTHAGK,,,,False
h_15,WTHAIF,0.9864084174651172,-6.744361982457654,69.0,True
h_15,WTIM2E,0.9875765929752934,-7.016535905312271,138.0,True
h_15,WTIM2F,0.9539422047917236,-8.50472744138194,69.0,True
h_15,WTIMBF,0.9533134071771082,-8.577265691568503,69.0,True
h_15,WTIREF,1.002977334483729,-31.421169741978282,69.0,True
h_15,WTIT1K,,,,False
h_15,WTIT2K,,,,False
h_15,WTJI1K,,,,False
h_15,WTJI2K,,,,False
h_15,WTJIMK,,,,False
h_15,WTLANK,,,,False
h_15,WTMAGK,,,,False
h_15,WTMBBF,,,,True
h_15,WTMI5K,,,,False
h_15,WTMI6K,,,,False
h_15,WTMNTK,,,,False
h_15,WTMONK,,,,False
h_15,WTMR1K,,,,False
h_15,WTMR2K,,,,False
h_15,WTNNAK,,,,False
h_15,WTORGF,1.0133744818396935,-12.311980258174207,69.0,True
h_15,WTPA1K,,,,False
h_15,WTPG1K,,,,False
h_15,WTPG2K,,,,False
h_15,WTPG3K,,,,False
h_15,WTPI1K,,,,False
h_15,WTPI2K,,,,False
h_15,WTRINK,,,,False
h_15,WTRJCK,,,,False
h_15,WTROQF,1.010331054009972,-20.22059230044508,69.0,True
h_15,WTSABK,,,,False
h_15,WTSE1K,,,,False
h_15,WTSFVK,,,,False
h_15,WTSPVK,,,,False
h_15,WTSYEK,,,,False
h_15,WTTA1K,,,,False
h_15,WTTA2K,,,,False
h_15,WTTITF,0.9526000066593823,-8.62061471591353,69.0,True
h_15,WTTO1K,,,,False
h_15,WTVA1K,,,,False
h_15,WTVA2K,,,,False
h_15,WTVE1K,,,,False
h_15,WTZFPF,,,,False
h_15,WUASDE,0.988135610798279,-8.134727113579725,138.0,True
h_15,WUMEDF,0.9889149296298249,-16.116266677395327,69.0,True
h_15,WVALBE,1.004889167519412,-7.24498275571904,138.0,True
h_15,WVALDE,1.004889167519412,-7.24498275571904,138.0,True
h_15,WVALLF,0.9929074104168838,-11.277319518185864,69.0,True
h_15,WVALTF,0.9516688274589965,-17.136661575221954,69.0,True
h_15,WVDU1E,,,,True
h_15,WVDUAF,,,,False
h_15,WVILAE,,,,False
h_15,WVILLF,0.9902335004142748,-11.730876741355852,69.0,True
h_15,WVMAOE,0.999062810075896,-13.640048892387759,138.0,True
h_15,WVMELE,0.9897673122481959,-7.211134999200617,138.0,True
h_15,WVNOBF,0.9945770490583526,-10.16355165430989,69.0,True
h_15,WVOLGF,0.9890581336852932,-16.109694170623932,69.0,True
h_15,WX1PAK,,,,False
h_15,WXABIF,0.9881684334992177,-21.422392888272594,69.0,True
h_15,WXABRF,1.0076436319136763,-10.012515743157243,69.0,True
h_15,WXAD2F,0.9978967660942977,-13.611148716153568,69.0,True
h_15,WXADOF,0.9980375879361858,-13.710402101245947,69.0,True
h_15,WXAHGF,0.9720142921507815,-14.576981954458681,69.0,True
h_15,WXAHMF,0.9843702129867912,-26.811996698077635,69.0,True
h_15,WXAISF,0.9954743488844043,-13.899896356329094,69.0,True
h_15,WXALDF,1.0133358409033941,-12.316826393111668,69.0,True
h_15,WXALIF,0.9745029704010043,-14.496742366501564,69.0,True
h_15,WXAORF,0.9780816536933792,-6.608829910296877,69.0,True
h_15,WXAPFF,1.0087494759618856,-18.79311945485607,69.0,True
h_15,WXAPPF,1.0480141705529145,-22.440006680932047,69.0,True
h_15,WXAQUF,,,,False
h_15,WXARDF,0.9981115969257859,-13.759956234262871,69.0,True
h_15,WXASOF,1.0501389418803317,-22.906553497833098,69.0,True
h_15,WXBA1F,,,,False
h_15,WXBA2F,,,,True
h_15,WXBASF,0.9681927029894002,-6.339803394321392,69.0,True
h_15,WXBAYF,,,,False
h_15,WXBDEF,0.9790945900192133,-21.91461949688018,69.0,True
h_15,WXBLEF,0.9955730334229015,-3.730484610541473,69.0,True
h_15,WXBMAF,0.9837928272762485,-13.969019144496718,69.0,True
h_15,WXBOHF,0.9908630356052459,-11.45328629744545,69.0,True
h_15,WXBPEF,0.9970694228662224,-19.568705659378132,69.0,True
h_15,WXCA1K,1.017931452286103,-5.302838897598117,34.5,True
h_15,WXCABF,0.955331633144284,-16.299293201547822,69.0,True
h_15,WXCANF,,,,False
h_15,WXCARF,0.9814317824420511,-11.198014874146292,69.0,True
h_15,WXCATF,0.9626132582353734,-5.707061063875634,69.0,True
h_15,WXCB2F,,,,False
h_15,WXCBAF,0.9916180260035771,-11.081496040158598,69.0,True
h_15,WXCC1E,,,,False
h_15,WXCC3E,,,,False
h_15,WXCCOF,0.9980979246204194,-13.76115255529789,69.0,True
h_15,WXCDAF,0.969856524310211,-16.287512848151525,69.0,True
h_15,WXCDLF,0.9877052390805562,-26.23088731640908,69.0,True
h_15,WXCENF,0.9805534786634976,-26.324400449504214,69.0,True
h_15,WXCHAF,1.0458903306436906,-3.716621705365928,69.0,True
h_15,WXCIGF,0.9958133301342851,-4.728057415421328,69.0,True
h_15,WXCINF,0.9518809971234357,-17.127535211913187,69.0,True
h_15,WXCNAF,0.9895623432339773,-4.979588880980145,69.0,True
h_15,WXCOCF,,,,False
h_15,WXCODF,0.9873180772700871,-9.029786570923683,69.0,True
h_15,WXCORF,0.9810501159671913,-23.61462000632028,69.0,True
h_15,WXCSAF,0.9739399289062871,-16.040136561438757,69.0,True
h_15,WXCTAF,0.9901766216841281,-23.766257169372665,69.0,True
h_15,WXCU1K,1.0112059165776468,0.9386209953166318,34.5,True
h_15,WXCU2K,1.0112059165776468,0.9386209953166318,34.5,True
h_15,WXCU4K,1.0112059165776468,0.9386209953166318,34.5,True
h_15,WXDBRF,0.9958133301342851,-4.728057415421328,69.0,True
h_15,WXDISF,0.950478662645913,-16.719743037454716,69.0,True
h_15,WXDROF,0.9856937241046372,-12.096212473054345,69.0,True
h_15,WXDURF,,,,False
h_15,WXEANF,1.0086151324006334,-18.800157840363916,69.0,True
h_15,WXECHF,0.9828773062687276,-25.347159719272724,69.0,True
h_15,WXES2K,,,,False
h_15,WXES3K,,,,False
h_15,WXESPF,0.9722475536205394,-22.245809133225126,69.0,True
h_15,WXEV4K,1.019999980926514,-0.09538415245220229,13.800000190734863,True
h_15,WXGALF,0.9504546158837747,-9.180406490499143,69.0,True
h_15,WXGAVF,0.9743765546728713,-5.588939282160978,69.0,True
h_15,WXGBOF,0.9935255922829516,-10.916012487451258,69.0,True
h_15,WXGOYF,0.9954743488844043,-13.899896356329094,69.0,True
h_15,WXGPLF,0.9493269778642995,-9.30128782411335,69.0,True
h_15,WXGRCF,,,,False
h_15,WXGRMF,0.9620140424946697,-6.1171572114426915,69.0,True
h_15,WXGRSF,0.9866532652575118,-25.820816795287975,69.0,True
h_15,WXGU2F,0.9920163433055901,-11.374429403080468,69.0,True
h_15,WXHACF,0.9872848630933084,-9.033201578662652,69.0,True
h_15,WXHE1F,1.013427855309932,-12.297964712044228,69.0,True
h_15,WXHE2F,,,,False
h_15,WXHHIF,0.9951213442200753,-4.756646382148587,69.0,True
h_15,WXHJBF,0.9876494038414961,-26.04352640779751,69.0,True
h_15,WXHMSF,0.9921891836600437,-15.918601896559878,69.0,True
h_15,WXHNAF,,,,False
h_15,WXHNUF,0.954866103857411,-16.336571496256788,69.0,True
h_15,WXIBAF,1.0067319013827571,-10.127303072784406,69.0,True
h_15,WXICAF,0.9958542675234681,-12.596911127978682,69.0,True
h_15,WXICNF,,,,False
h_15,WXIDAF,0.987839553796542,-26.279090786553983,69.0,True
h_15,WXIDUF,0.9741575988724458,-15.911259558097589,69.0,True
h_15,WXIISF,0.9502901875016366,-8.802048614411905,69.0,True
h_15,WXIMBF,1.0105226817378596,-20.47707071903166,69.0,True
h_15,WXINAF,0.9506950285883158,-8.786939733422585,69.0,True
h_15,WXINDF,0.9896252746100807,-26.94736908423724,69.0,True
h_15,WXINVF,0.9480504319171781,-9.433915864544291,69.0,True
h_15,WXIPRF,,,,False
h_15,WXIPSF,0.9741575988724458,-15.911259558097589,69.0,True
h_15,WXJIMF,0.9923148744020177,-29.1331631065092,69.0,True
h_15,WXJINF,0.9970811685531212,-15.974368978117166,69.0,True
h_15,WXKINF,1.0031927582437388,-10.8114469717831,69.0,True
h_15,WXKVEF,0.9573200837335059,-6.1485431565069435,69.0,True
h_15,WXLADF,0.9522250167520057,-6.343949597185848,69.0,True
h_15,WXLALF,,,,False
h_15,WXLC1E,1.013301994486763,-8.82088186327267,138.0,True
h_15,WXLCAF,0.9546011407688929,-6.177741416642461,69.0,True
h_15,WXLCBF,0.9883279793653325,-21.52894962818623,69.0,True
h_15,WXLFAF,0.9851270855489561,-13.746462609828589,69.0,True
h_15,WXLPAF,0.9658773681246084,-3.344445504121618,69.0,True
h_15,WXLPEF,0.9886795411992504,-24.389651124169006,69.0,True
h_15,WXLUCK,1.0043494859365811,-10.661565671976351,34.5,True
h_15,WXLULF,1.0039361123191821,-10.76823435701225,69.0,True
h_15,WXLUPF,,,,True
h_15,WXMAGF,0.991623230809342,-11.762403807501439,69.0,True
h_15,WXMAIF,0.9816564990763098,-23.193835873061627,69.0,True
h_15,WXMALF,0.9851171259715154,-10.691383458375132,69.0,True
h_15,WXMARF,0.9651417742244538,-6.166694438460033,69.0,True
h_15,WXMATK,0.9882600823546785,-23.690392968470945,34.5,True
h_15,WXMEGF,0.9490335947274416,-8.934293984323538,69.0,True
h_15,WXMETE,,,,False
h_15,WXMETF,0.9935255922829516,-10.916012487451258,69.0,True
h_15,WXMOZF,,,,False
h_15,WXMPAF,0.9618446554609981,-4.346991940543879,69.0,True
h_15,WXMPGK,,,,False
h_15,WXMPSF,0.9110136703884689,-5.911515554117158,69.0,True
h_15,WXMV2F,0.9960785768511823,-14.293217730601103,69.0,True
h_15,WXMVAF,,,,False
h_15,WXNAGF,,,,False
h_15,WXNOVF,0.9899316747952119,-10.321025574063668,69.0,True
h_15,WXOC2F,1.0079760981377572,-18.844685232929766,69.0,True
h_15,WXOFAF,1.0122411794096604,-12.544787348159831,69.0,True
h_15,WXOLVF,0.9944150030295514,-20.62211405742562,69.0,True
h_15,WXPA1K,1.0,-7.860610726108225,11.0,True
h_15,WXPA3K,1.0000000000000002,-7.847837829773337,15.0,True
h_15,WXPA4K,1.0000000000000002,-7.833418695639884,11.0,True
h_15,WXPC2F,0.9600636771135033,-5.728819321994425,69.0,True
h_15,WXPCGF,0.9680447142060428,-16.376957553697068,69.0,True
h_15,WXPCIF,0.9644268385773693,-5.393576452173909,69.0,True
h_15,WXPETF,0.9849939863412938,-10.700093330435436,69.0,True
h_15,WXPFLF,1.0133957396464908,-12.306507810122683,69.0,True
h_15,WXPFSK,1.0022992891506703,-13.659201194954838,34.5,True
h_15,WXPGAF,1.0269014891361534,-20.867891942525528,69.0,True
h_15,WXPGMF,1.0039361123191821,-10.76823435701225,69.0,True
h_15,WXPHAF,0.9985134142547728,-10.84432061942054,69.0,True
h_15,WXPI4K,0.9999999999999999,-22.69869384667008,13.800000190734863,True
h_15,WXPIDF,1.0039361123191821,-10.76823435701225,69.0,True
h_15,WXPINF,,,,False
h_15,WXPLCF,0.9777329839980894,-14.882763916512886,69.0,True
h_15,WXPPEF,1.037373556773882,-20.81206962172338,69.0,True
h_15,WXPPLF,,,,False
h_15,WXPPRF,1.0058965886626856,-20.56457252708151,69.0,True
h_15,WXPS1K,1.0132419466337195,-11.755437927710355,34.5,True
h_15,WXPY1K,,,,False
h_15,WXQAZF,,,,False
h_15,WXQCOF,0.9888797757513492,-12.034517054932476,69.0,True
h_15,WXRARF,0.98804326453918,-21.545740505629258,69.0,True
h_15,WXRIEF,,,,False
h_15,WXRINF,0.9871223653315668,-24.2124263109993,69.0,True
h_15,WXSADF,,,,False
h_15,WXSESE,1.0098653404066649,-0.02711330213671875,138.0,True
h_15,WXSESF,0.9939488023435155,-4.906456971840832,69.0,True
h_15,WXSI1K,0.9999999999999999,-1.6496418271423579,13.800000190734863,True
h_15,WXSODF,0.9960743692345595,-14.293649127023345,69.0,True
h_15,WXSOSF,1.0480514113669541,-23.127579218235905,69.0,True
h_15,WXSPRF,0.9407512244057636,-6.985397868381338,69.0,True
h_15,WXSYEF,0.9918379948277927,-11.4796294211687,69.0,True
h_15,WXTAMF,0.9486427066905143,-8.945556909264297,69.0,True
h_15,WXTDAF,0.9539284253477993,-7.060110670801202,69.0,True
h_15,WXTH1F,0.9864082240821559,-6.744358913297763,69.0,True
h_15,WXTH2F,0.9864083282432146,-6.7443605664266215,69.0,True
h_15,WXTISF,0.9989930210070009,-14.109791590551492,69.0,True
h_15,WXTREFF,0.9927501682437343,-10.978146394225671,69.0,True
h_15,WXTROF,1.0103373109877427,-20.22032365351166,69.0,True
h_15,WXTTIF,0.9526000066593823,-8.62061471591353,69.0,True
h_15,WXVALF,0.9516688274589965,-17.136661575221954,69.0,True
h_15,WXVILF,0.9902335004142748,-11.730876741355852,69.0,True
h_15,WXVL1K,,,,False
h_15,WXWC2K,1.0017849492412247,-3.54961185739816,34.5,True
h_15,WXWC3K,1.0017849492412247,-3.54961185739816,34.5,True
h_15,WXYAGF,0.9951309687098897,-12.773350489453392,69.0,True
h_15,WXZAMF,0.9522250167520057,-6.343949597185848,69.0,True
h_15,WXZFBF,,,,False
h_15,WXZFHF,,,,False
h_15,WXZFNF,,,,False
h_15,WXZGUF,1.0068724147555124,-20.781435307373126,69.0,True
h_15,WXZHAF,0.9476404130787744,-9.464322583753823,69.0,True
h_15,WXZISF,,,,False
h_15,WXZPPF,,,,False
h_15,WXZSPF,0.9914159283383658,-5.211820778355912,69.0,True
h_15,WYAGUF,0.9951309687098897,-12.773350489453392,69.0,True
h_15,WYAMAF,0.9256344946616838,-6.446872079226996,69.0,True
h_15,WZFALF,,,,False
h_15,WZFAMF,,,,False
h_15,WZFBAF,,,,False
h_15,WZFDRF,,,,False
h_15,WZFESF,,,,False
h_15,WZFGIF,,,,False
h_15,WZFGUF,,,,False
h_15,WZFISF,,,,False
h_15,WZFLIF,,,,False
h_15,WZFMCF,,,,False
h_15,WZFPPF,,,,False
h_15,WZFS2F,,,,False
h_15,WZFSAE,,,,False
h_15,WZFSAF,,,,False
h_15,WZFSFF,,,,False
h_15,WZFSIF,,,,False
h_15,WZFSPF,,,,False
h_15,WZFVAF,,,,False
h_15,WZFVEF,,,,False
h_15,WZHAIF,0.9476405893743733,-9.464329495454802,69.0,True
h_15,ZXOJIF,,,,False
h_16,WAANDE,1.0029611497049702,0.9698211385362184,138.0,True
h_16,WABCOF,0.9873246649083036,-14.086816131879864,69.0,True
h_16,WABISF,0.9809673648318974,-20.796566996903362,69.0,True
h_16,WABRUF,0.932142822604676,-7.464556411477581,69.0,True
h_16,WACIBF,1.0013796502119412,-18.321035202154782,69.0,True
h_16,WACLAE,1.0162082911665653,-8.000146408359619,138.0,True
h_16,WACLAK,1.0176752761537686,-8.007520921151894,34.5,True
h_16,WADMIF,,,,False
h_16,WADOMF,1.010527956303316,-12.487184078113877,69.0,True
h_16,WAGUAE,1.0056790348525073,-5.458200282145346,138.0,True
h_16,WAGUBE,1.0056790348525073,-5.458200282145346,138.0,True
h_16,WAHMIF,0.9807264310312885,-26.84109221466451,69.0,True
h_16,WAHO1E,0.9879918152477983,-7.624656772287901,138.0,True
h_16,WAHO2E,0.9879918152477983,-7.624656772287901,138.0,True
h_16,WAHOBF,0.985061533608306,-10.461371091291134,69.0,True
h_16,WAHONF,0.985061533608306,-10.461371091291134,69.0,True
h_16,WAIAMF,,,,False
h_16,WAIAZF,,,,False
h_16,WAIBAF,,,,False
h_16,WAIISF,,,,False
h_16,WAISAF,,,,False
h_16,WAISCF,0.992094701831409,-13.596019771452205,69.0,True
h_16,WAISOF,1.0417191471911205,-22.028369119941463,69.0,True
h_16,WAIUNF,,,,False
h_16,WAIZSF,,,,False
h_16,WAORIF,0.9605896989843301,-8.180921452667999,69.0,True
h_16,WAPERF,0.998359392883468,-29.66459810147461,69.0,True
h_16,WAPFAF,1.0031055748483129,-18.164500633906872,69.0,True
h_16,WAQUIF,0.993398323964562,-19.28271033708893,69.0,True
h_16,WASOEF,0.9874178640085337,-10.402190270123947,69.0,True
h_16,WAZUAF,0.9756869764416685,-13.499210297940907,69.0,True
h_16,WBALDF,1.0035620497137256,-18.128491192049445,69.0,True
h_16,WBANIF,0.9838537130378879,-12.94863857508586,69.0,True
h_16,WBAPEF,0.9815114572811797,-13.432429460164945,69.0,True
h_16,WBARAF,0.9866791259930481,-11.158352334729166,69.0,True
h_16,WBARCE,,,,False
h_16,WBASIF,0.9543882089492352,-7.716989227125401,69.0,True
h_16,WBAYAE,1.0159782415921237,-5.5327643471863786,138.0,True
h_16,WBAYAK,1.0158024124551859,-5.535457822899665,34.5,True
h_16,WBAYOF,0.9866283877117796,-11.346709216925188,69.0,True
h_16,WBCARF,,,,False
h_16,WBCARK,1.0,-6.631964113295745,13.800000190734863,True
h_16,WBCHIE,0.9940843676247649,-1.8710444542384606,138.0,True
h_16,WBCHIF,0.9646364875870895,-5.538136986805716,69.0,True
h_16,WBDERF,0.9711696208802103,-21.36013125093304,69.0,True
h_16,WBDERK,1.0,-21.534926487006448,13.800000190734863,True
h_16,WBENEF,1.0044829888962419,-7.102148457154543,69.0,True
h_16,WBERSF,,,,False
h_16,WBLECF,0.970865263199597,-5.186222085986117,69.0,True
h_16,WBMATF,0.9810677739842565,-13.282228990827157,69.0,True
h_16,WBNVFF,,,,False
h_16,WBON2E,0.9950797232642549,-13.290997178355894,138.0,True
h_16,WBON2F,,,,False
h_16,WBON3C,,,,False
h_16,WBON3D,1.009037988005601,-7.329127361396294,345.0,True
h_16,WBON3E,0.9951570763481444,-13.288070560925215,138.0,True
h_16,WBONAF,0.986905728731439,-19.816580122872043,69.0,True
h_16,WBOPEF,,,,False
h_16,WBPOPF,0.9844962360147426,-9.051404721594011,69.0,True
h_16,WBVISF,0.9981659973559163,-4.966792529351491,69.0,True
h_16,WCABAF,1.0399156273684427,-22.39774494371924,69.0,True
h_16,WCALAE,1.0172424392966937,-4.485574579686285,138.0,True
h_16,WCALBE,1.0172424392966937,-4.485574579686285,138.0,True
h_16,WCANAE,,,,True
h_16,WCANAF,,,,True
h_16,WCAPOF,0.937201043848141,-10.07931027542288,69.0,True
h_16,WCATAF,0.9447135194519596,-7.026890276805262,69.0,True
h_16,WCAYAF,0.9637705576415112,-6.3634223125412595,69.0,True
h_16,WCBOHF,0.9876114374439446,-11.553327068395838,69.0,True
h_16,WCBYNF,0.949051293529977,-16.678001188859305,69.0,True
h_16,WCC21E,1.0057003873814854,-8.37331271061035,138.0,True
h_16,WCCA2F,1.0025149753044749,-10.263235317222545,69.0,True
h_16,WCCABF,1.002367231091464,-10.327833203336645,69.0,True
h_16,WCCARF,0.9441059925954395,-7.191980722253397,69.0,True
h_16,WCCIBF,1.000741657518126,-20.150784153841,69.0,True
h_16,WCDAGF,0.9680969208423987,-16.357458049146107,69.0,True
h_16,WCEMEE,1.0065987905297018,-0.2516520360288752,138.0,True
h_16,WCENOF,0.9761787649537838,-26.28797265791069,69.0,True
h_16,WCEPPF,,,,False
h_16,WCES1K,1.0199999809265137,-0.3321867515311821,13.800000190734863,True
h_16,WCES2K,1.0199999809265137,-0.3321867515311821,13.800000190734863,True
h_16,WCES3K,1.0199999809265134,-0.3180482297274896,13.800000190734863,True
h_16,WCESPF,0.9629821360552648,-21.747253995872097,69.0,True
h_16,WCESPK,,,,False
h_16,WCINDF,,,,False
h_16,WCLUIE,1.0001989904740065,-2.5772811035839958,138.0,True
h_16,WCNACF,,,,False
h_16,WCNPEE,0.9855553377512762,-7.680779201967177,138.0,True
h_16,WCNSLF,,,,False
h_16,WCOAPE,1.0077724808964514,0.879120607792543,138.0,True
h_16,WCOCOF,0.996442359992068,-14.294553150683363,69.0,True
h_16,WCODAF,0.9851972367623811,-26.02373408400504,69.0,True
h_16,WCOHEF,1.0093633441534453,-12.728118227685501,69.0,True
h_16,WCONSF,1.003305813924399,-32.43052265453467,69.0,True
h_16,WCORMF,0.9775820030820552,-23.57981008841981,69.0,True
h_16,WCOTAE,0.9955853689560569,0.877357306084408,138.0,True
h_16,WCOTBE,0.9955853689560569,0.877357306084408,138.0,True
h_16,WCOTUF,0.9800976248472569,-28.099497551490423,69.0,True
h_16,WCPVCF,0.9708529886890459,-16.228245695356797,69.0,True
h_16,WCSATF,0.9720981947305645,-16.117694172593197,69.0,True
h_16,WCSO1K,0.9955853689560569,0.877357306084408,34.5,True
h_16,WCSO2K,0.9955853689560569,0.877357306084408,34.5,True
h_16,WCSO3K,0.9955853689560569,0.877357306084408,34.5,True
h_16,WCSOLK,,,,False
h_16,WCTP1D,,,,False
h_16,WCTP2D,,,,False
h_16,WCUMAE,1.0027318287479945,0.9773740767848168,138.0,True
h_16,WCUMBE,1.0027318287479945,0.9773740767848168,138.0,True
h_16,WCVEGF,0.985148112136896,-27.357305477061253,69.0,True
h_16,WCZFSF,1.0059802593710012,-17.97816962174039,69.0,True
h_16,WDAJAE,0.9889879480590058,-10.94818331105479,138.0,True
h_16,WDAJAF,,,,False
h_16,WDESPF,0.9489312614872354,-9.002990229491305,69.0,True
h_16,WDISDF,0.9474895523187121,-16.823163931611745,69.0,True
h_16,WDJAOE,0.975044625414782,-6.434261449289826,138.0,True
h_16,WDJAOF,0.9496616974285322,-7.66268981884523,69.0,True
h_16,WDPEDF,0.9989402524380718,-20.25838161744807,69.0,True
h_16,WDRODF,0.9860157047039014,-11.451569281374791,69.0,True
h_16,WDRODK,0.9958999274801652,-11.480347137781688,12.470000267028809,True
h_16,WDRODM,,,,False
h_16,WDURAF,,,,False
h_16,WDUVEF,0.9738172242933075,-17.925825964876182,69.0,True
h_16,WEABAF,,,,False
h_16,WEBRIE,0.9793731363431196,-6.914503658008833,138.0,True
h_16,WECHIF,0.9783867017006468,-25.261542978630896,69.0,True
h_16,WELJIF,1.0005745788957412,-20.089269753493973,69.0,True
h_16,WEM21K,0.9999999999999999,-7.214903321526584,13.800000190734863,True
h_16,WEMA2E,,,,False
h_16,WEMA2F,,,,False
h_16,WEMA3F,0.9489182869271322,-9.003776606756587,69.0,True
h_16,WEMB2F,,,,False
h_16,WEMB3F,0.9498134338011247,-8.861061423080935,69.0,True
h_16,WEMBAE,0.9836495585095271,-8.778525980435063,138.0,True
h_16,WENADE,1.002960545007948,0.9696578687019021,138.0,True
h_16,WENE4E,1.0072551052712362,-0.16931284567658192,138.0,True
h_16,WEPINF,0.9726767945033354,-12.775087901864248,69.0,True
h_16,WERIOF,0.996742292922403,-30.902641044389313,69.0,True
h_16,WESEIE,0.9868895787843774,-1.038902441907547,138.0,True
h_16,WESM3F,,,,False
h_16,WESM3K,,,,False
h_16,WESOCE,1.005050576887287,-0.09114715117992565,138.0,True
h_16,WESP1E,1.012163554398992,-9.57222018457392,138.0,True
h_16,WFALCE,0.9951633067646939,-13.288167548914183,138.0,True
h_16,WFALCF,0.9991454685173357,-18.746741087289784,69.0,True
h_16,WFALCK,,,,True
h_16,WFALCM,,,,False
h_16,WFANTF,0.9773116675725323,-24.97586396795256,69.0,True
h_16,WFNEGF,,,,False
h_16,WFOCHF,1.0018491259184277,-18.250002054252324,69.0,True
h_16,WFOLAF,,,,False
h_16,WGALAF,0.9438465932324049,-9.788395702811558,69.0,True
h_16,WGBOJF,0.9908109689176471,-10.97660859934516,69.0,True
h_16,WGHACF,0.9846711743975367,-9.045031542463176,69.0,True
h_16,WGIRAE,1.0136820315067052,-5.345380296976059,138.0,True
h_16,WGIRAK,1.020901944789038,-5.36461491954137,34.5,True
h_16,WGMALF,0.9810330960814483,-10.751824851995618,69.0,True
h_16,WGNLLE,1.0150433351478096,-7.525206625831733,138.0,True
h_16,WGNLLK,1.016705001465392,-7.533048617587272,34.5,True
h_16,WGOYAF,0.9917464210639562,-13.60957929251302,69.0,True
h_16,WGPALF,0.9782782417765352,-14.303173850462802,69.0,True
h_16,WGPETF,0.9809963753813218,-10.759938473425697,69.0,True
h_16,WGPLAF,0.9423086928268867,-9.951248159591204,69.0,True
h_16,WGRCHF,0.9402872157806205,-10.146541694924093,69.0,True
h_16,WGRSFF,0.9841942877120954,-25.59235182328188,69.0,True
h_16,WGU1AD,,,,False
h_16,WGU1BD,,,,False
h_16,WGUA2F,0.991632239336227,-10.762933439759163,69.0,True
h_16,WGUANE,,,,True
h_16,WGUANF,0.9916879469377201,-10.76693924236947,69.0,True
h_16,WGUAVF,0.9667192524652733,-6.156622256993187,69.0,True
h_16,WGUAYE,1.0094721330503857,-7.971010744947773,138.0,True
h_16,WGUAYF,0.9464601709035462,-5.755347465683325,69.0,True
h_16,WGUERD,1.0061082568260216,-4.925300128305834,345.0,True
h_16,WGUERE,0.997588683233623,-4.279492184637758,138.0,True
h_16,WGUERF,0.9457929253401407,-6.982107254299757,69.0,True
h_16,WGVEGF,0.9874994779023815,-26.723790626726252,69.0,True
h_16,WHAIBF,0.995987214871682,-10.886195886290297,69.0,True
h_16,WHAINE,0.9919392590462515,-8.074244699023136,138.0,True
h_16,WHAINF,0.995987214871682,-10.886195886290297,69.0,True
h_16,WHAT2K,1.0000000000000002,-27.316954505441068,13.800000190734863,True
h_16,WHATIF,0.983464015399402,-27.277154205145386,69.0,True
h_16,WHATIK,1.0000000000000004,-27.377926243221403,12.5,True
h_16,WHENUF,,,,False
h_16,WHERRE,0.9861673436809376,-9.007236256469419,138.0,True
h_16,WHGMOE,,,,False
h_16,WHGUEE,,,,False
h_16,WHIGUF,1.033396756183576,-9.757430249915059,69.0,True
h_16,WHJBOF,0.9839817558808555,-26.187969568546695,69.0,True
h_16,WHLINF,,,,False
h_16,WHMA2E,0.9905814822182536,-1.04732094750888,138.0,True
h_16,WHMA2F,0.9777732826378783,-2.722938742754758,69.0,True
h_16,WHMAYF,0.9765207610222418,-2.819809661526103,69.0,True
h_16,WHMSAF,0.9888233102191735,-15.22452095494261,69.0,True
h_16,WHNACF,,,,False
h_16,WHNS1E,0.9880797918295353,-5.864347168709539,138.0,True
h_16,WHNS1F,0.9738808175486513,-8.093312283749174,69.0,True
h_16,WHNUEF,0.9523066716309205,-16.378150655311316,69.0,True
h_16,WIAANE,0.9993295882864788,-2.4629554909761695,138.0,True
h_16,WIBARF,1.001699215907383,-10.356522366906267,69.0,True
h_16,WICAEF,0.9939237400417087,-12.037371538822889,69.0,True
h_16,WICNAF,,,,False
h_16,WIDALF,0.9841653734461179,-26.42820200411082,69.0,True
h_16,WIGASE,,,,False
h_16,WIISAF,0.9457605940211113,-9.235429768606753,69.0,True
h_16,WIMB2F,1.0056719566278387,-19.38763552143624,69.0,True
h_16,WIMBEF,1.0040720483357821,-19.481501232611965,69.0,True
h_16,WINCAF,0.9721212050234846,-16.168885067127444,69.0,True
h_16,WINCAK,0.9999999999999997,-17.026865621289673,12.470000267028809,True
h_16,WINVBF,0.9657621122175722,-8.820584901165338,69.0,True
h_16,WINVIF,0.94034240468568,-10.150423304876778,69.0,True
h_16,WIPSIF,,,,False
h_16,WITA1E,0.9935110784384694,-7.879441457186712,138.0,True
h_16,WJARAF,0.9882593181587832,-29.498581644987677,69.0,True
h_16,WJDOLE,1.0029323562042947,-1.3605008530943086,138.0,True
h_16,WJIBPE,0.969312961083447,-18.453764287967175,69.0,True
h_16,WJIGBE,1.0056191437840112,-5.206739933055449,138.0,True
h_16,WJIGUE,1.0056191437840112,-5.206739933055449,138.0,True
h_16,WJIMEF,0.9890880777329553,-29.46085014793126,69.0,True
h_16,WJSAUD,1.0161748711096101,-5.112028631892269,345.0,True
h_16,WJSAUE,,,,False
h_16,WKDMBF,0.9820493626932744,-11.999257190732756,69.0,True
h_16,WKDMEF,0.9765693474452438,-11.36206816332419,69.0,True
h_16,WKINDF,0.9945087448836333,-11.288916409510286,69.0,True
h_16,WKQA1F,0.9922422114725821,-11.21927969041091,69.0,True
h_16,WKQAZE,1.011744796040203,-7.153033344534704,138.0,True
h_16,WKVEIF,,,,False
h_16,WLALFF,,,,False
h_16,WLANGE,0.9950213216025019,-14.697278964639029,138.0,True
h_16,WLBARF,,,,False
h_16,WLCALF,0.9465740455805134,-7.018166119960697,69.0,True
h_16,WLCBOF,0.9832679730932833,-21.517112847867352,69.0,True
h_16,WLCOCK,1.0094727767681593,-8.724877875364442,34.5,True
h_16,WLCUAF,0.943330586911565,-9.47951525338845,69.0,True
h_16,WLDAMF,0.9746295436512982,-18.02889315429555,69.0,True
h_16,WLDAMK,1.0000000000000004,-19.41995179059277,12.5,True
h_16,WLDIAF,0.9844919562952357,-9.051578599032627,69.0,True
h_16,WLGALE,0.9923274687149407,-14.599139731974141,138.0,True
h_16,WLGU2K,1.016183881559996,-11.47240272687543,34.5,True
h_16,WLGUZE,1.016183881559996,-11.47240272687543,138.0,True
h_16,WLGUZK,1.016170023408913,-11.473826992972297,34.5,True
h_16,WLISAE,0.987452143840955,-7.335471655261971,138.0,True
h_16,WLLAGF,,,,False
h_16,WLMFAF,0.9764207984201164,-12.38304156937558,69.0,True
h_16,WLMI5E,0.9866389300802095,-6.5127816238461875,138.0,True
h_16,WLMI6E,0.9866439263484987,-6.513755089065628,138.0,True
h_16,WLMI7E,0.9867884605726721,-6.458219544752149,138.0,True
h_16,WLMI7K,1.0,-6.473750541579317,13.800000190734863,True
h_16,WLMINE,0.986594488936071,-6.51210552194452,138.0,True
h_16,WLMINF,0.9451657209132138,-9.345677848993734,69.0,True
h_16,WLORIE,1.0069185010994055,-0.12264622351092871,138.0,True
h_16,WLORIK,1.0490000247955322,-0.2021722086592941,12.470000267028809,True
h_16,WLPARF,0.9508836116428078,-5.385416349439184,69.0,True
h_16,WLPENF,0.9838097070886389,-24.302383437634408,69.0,True
h_16,WLPRAE,0.9839641203513887,-8.982337533523085,138.0,True
h_16,WLROME,0.9969694136693006,0.17462965537844038,138.0,True
h_16,WLROMF,0.9970357528748112,-4.1211283311283955,69.0,True
h_16,WLRPUF,0.9922012952213246,-4.641433327064252,69.0,True
h_16,WLTORF,0.9936546040146427,-11.062028511318367,69.0,True
h_16,WLUCIF,1.0033839280580468,-9.906020182117304,69.0,True
h_16,WLUPEF,0.9987327125588814,-20.00762874040286,69.0,True
h_16,WLVEGF,0.9852679601946711,-27.351010547464718,69.0,True
h_16,WLVICE,0.9903732939986747,-5.33759858375152,138.0,True
h_16,WLVICK,0.9903732939986747,-5.33759858375152,34.5,True
h_16,WLVPEF,0.9864911615961702,-27.57649612213545,69.0,True
h_16,WMAGUF,0.9910400975952608,-11.150728069366814,69.0,True
h_16,WMAIMF,0.9791773375718984,-23.093155861770406,69.0,True
h_16,WMARAF,0.9538216233922197,-7.305534308055459,69.0,True
h_16,WMARAK,0.9538216233922197,-7.305534308055459,13.800000190734863,True
h_16,WMARTF,0.9548248030347788,-6.495837170534572,69.0,True
h_16,WMARTK,0.9548248030347788,-6.495837170534572,34.5,True
h_16,WMAT1E,0.9868838549170093,-22.96207132209548,138.0,True
h_16,WMATAE,0.9857955509007706,-8.446101274435309,138.0,True
h_16,WMATBE,0.9857955509007706,-8.446101274435309,138.0,True
h_16,WMEGAF,0.9434833721666878,-9.437517453387958,69.0,True
h_16,WMERCF,0.9809963753813218,-10.759938473425697,69.0,True
h_16,WMETAE,0.985807720829433,-8.447833843631846,138.0,True
h_16,WMETAK,0.9900000095367434,-8.794286860031743,13.199999809265137,True
h_16,WMETBF,0.9847319800821337,-9.03916773300925,69.0,True
h_16,WMETEE,0.9933515131369706,-7.911116591985368,138.0,True
h_16,WMETEF,0.9909388184878867,-10.945846601333281,69.0,True
h_16,WMETRE,0.9868498067590503,-7.760641387109017,138.0,True
h_16,WMETRF,0.9847319800821337,-9.03916773300925,69.0,True
h_16,WMIR1E,0.9980954747347182,-4.0146453682025225,138.0,True
h_16,WMIRAK,0.9980954747347182,-4.0146453682025225,34.5,True
h_16,WMLTPF,0.9889639988760753,-11.138602520043863,69.0,True
h_16,WMOCAE,0.9809188392532443,-17.921482907158346,138.0,True
h_16,WMOCAF,0.9732820084692123,-24.54861335613904,69.0,True
h_16,WMONCE,0.997595521219498,-10.719544025347519,138.0,True
h_16,WMONTE,0.9960903780648309,-9.673041890210579,138.0,True
h_16,WMOZAF,0.949012773225515,-9.060856664156091,69.0,True
h_16,WMP2AE,0.9990376082343183,-3.538393314621102,138.0,True
h_16,WMP2BE,0.9990376082343183,-3.538393314621102,138.0,True
h_16,WMPALF,0.9553189772929981,-4.389936231817733,69.0,True
h_16,WMPALK,0.9553189772929981,-4.389936231817733,34.5,True
h_16,WMPL1D,,,,False
h_16,WMPL2D,,,,False
h_16,WMPLAF,0.9009879223447039,-7.63751631563799,69.0,True
h_16,WMPSOE,,,,False
h_16,WMPSOF,0.9011097177527159,-7.609392848182336,69.0,True
h_16,WMPSOK,0.9011097177527159,-7.609392848182336,20.0,True
h_16,WMRI2E,1.010705506129222,-7.178389715524252,138.0,True
h_16,WMTFNE,1.028977796921147,-5.150655433157055,138.0,True
h_16,WMTFNK,1.0740891856136734,-5.197957871933492,34.5,True
h_16,WMULTF,0.9457176518707322,-9.236967874670858,69.0,True
h_16,WMVCIF,1.0013295108695799,-20.056252446577087,69.0,True
h_16,WMVIEF,0.992212301465597,-14.080505974434352,69.0,True
h_16,WNAG2E,0.9834616397185721,-23.824363445316724,138.0,True
h_16,WNAG2F,,,,True
h_16,WNAGUF,0.9841869624238979,-26.232646456597813,69.0,True
h_16,WNARAD,0.998908182981899,-10.368999690109549,345.0,True
h_16,WNARAE,,,,False
h_16,WNAV2E,1.0098471286700115,-10.301593611119541,138.0,True
h_16,WNAVAF,0.9830704262950057,-20.678807446619444,69.0,True
h_16,WNEYBF,0.9455874794874884,-19.39754043913555,69.0,True
h_16,WNIBAE,0.9907936190858418,-14.911093332884088,138.0,True
h_16,WNOVOF,0.987156723251037,-10.229982398571227,69.0,True
h_16,WOFALF,1.009372586598044,-12.728495813498952,69.0,True
h_16,WOJIVF,0.993769779877071,-10.93564325961777,69.0,True
h_16,WPAK0E,,,,False
h_16,WPAK2E,1.0103304121693681,-7.1764033979414785,138.0,True
h_16,WPAK5E,1.0103304121693681,-7.1764033979414785,138.0,True
h_16,WPAK6E,1.0103304121693681,-7.1764033979414785,138.0,True
h_16,WPAL1E,0.9930518859927533,-7.915961408382313,138.0,True
h_16,WPALAF,0.9782782417765352,-14.303173850462802,69.0,True
h_16,WPALBE,1.0142906662346955,-7.691624851505375,138.0,True
h_16,WPALBF,0.9923373784155862,-9.778844329308656,69.0,True
h_16,WPALEE,1.0142906662346955,-7.691624851505375,138.0,True
h_16,WPAQ1K,1.049999952316284,-10.28287316827993,4.159999847412109,True
h_16,WPARAE,0.9886673484827101,-7.779587652130111,138.0,True
h_16,WPAYAE,,,,False
h_16,WPAYBE,,,,False
h_16,WPAYIF,1.0007984023562955,-26.92639158942095,69.0,True
h_16,WPBAJF,0.9910906519517549,-29.88700514325107,69.0,True
h_16,WPBBAE,,,,False
h_16,WPBLAD,,,,False
h_16,WPCA1K,1.0499999523162842,0.0,22.0,True
h_16,WPCA2K,1.0499999523162842,1.6252763456794528,22.0,True
h_16,WPCATE,,,,False
h_16,WPCGLF,0.9663666173498202,-16.44316908018587,69.0,True
h_16,WPCIBF,0.9525881182525865,-6.497852099634539,69.0,True
h_16,WPDISF,,,,False
h_16,WPDIVF,0.968811767347502,-15.04331685736803,69.0,True
h_16,WPDORE,,,,True
h_16,WPDORF,1.0324767216996165,-19.728733482316507,69.0,True
h_16,WPEBPE,1.0107821539909407,-8.888947717254014,138.0,True
h_16,WPERAE,1.0172757437862154,-4.4627230294006255,138.0,True
h_16,WPERBE,1.0172757437862154,-4.4627230294006255,138.0,True
h_16,WPES1K,1.0172757437862154,-4.4627230294006255,34.5,True
h_16,WPES2K,1.0172757437862154,-4.4627230294006255,34.5,True
h_16,WPFLEF,,,,False
h_16,WPFMSK,1.0094721330503857,-7.971010744947773,20.0,True
h_16,WPGARF,1.0217650656590769,-19.92864907749688,69.0,True
h_16,WPHAIF,0.9957088083159094,-10.90802421111014,69.0,True
h_16,WPIDUF,0.972360655751405,-15.972188226670148,69.0,True
h_16,WPIISF,,,,False
h_16,WPIMCF,0.9991068903290472,-18.479586691011157,69.0,True
h_16,WPIMEE,0.9915141581328955,-22.125943082704804,138.0,True
h_16,WPIMEF,0.9913348057068964,-28.010708031553122,69.0,True
h_16,WPINAF,1.026603366298267,-19.222169862064224,69.0,True
h_16,WPIZAE,1.012045286303881,-5.600368336631589,138.0,True
h_16,WPIZAF,1.0028294258672386,-10.02424806534025,69.0,True
h_16,WPIZBF,,,,False
h_16,WPLASF,0.9862105322895158,-10.309281090155029,69.0,True
h_16,WPLCCF,0.9759734322610368,-14.900340935466332,69.0,True
h_16,WPLINF,0.9791805058651706,-13.005463426176435,69.0,True
h_16,WPLM1E,1.0119402546062843,-8.178351338165733,138.0,True
h_16,WPLM1K,1.0199999809265137,-8.239105869495004,13.800000190734863,True
h_16,WPLM2K,1.0199999809265134,-8.271471686495794,13.800000190734863,True
h_16,WPP22E,1.014831519945265,-13.201608582516583,138.0,True
h_16,WPPELF,1.0324305521070474,-19.674572691140416,69.0,True
h_16,WPPL2F,,,,True
h_16,WPPLAF,1.0334903941612636,-18.179382692990607,69.0,True
h_16,WPPLBF,,,,False
h_16,WPPLIF,0.9819083895187164,-20.745361195920534,69.0,True
h_16,WPPRIF,1.0008103709338214,-20.078241002904836,69.0,True
h_16,WPSCEF,0.9851030426763238,-15.4513280277613,69.0,True
h_16,WPSESK,,,,False
h_16,WPVIEE,,,,False
h_16,WQ1SPK,1.0,-13.840200895544704,13.800000190734863,True
h_16,WQCORF,0.9891633796640464,-11.380747673867678,69.0,True
h_16,WQU11D,1.0078944746375504,-13.742282405020596,230.0,True
h_16,WQU12K,1.0000000000000002,-13.844287776253164,13.800000190734863,True
h_16,WQU21D,1.0078944746375504,-13.742282405020596,230.0,True
h_16,WQU21K,1.0000000000000002,-13.844287776253164,13.800000190734863,True
h_16,WQUINF,0.9927451471685088,-19.366420215839614,69.0,True
h_16,WQUISD,,,,True
h_16,WQUISE,,,,False
h_16,WRARRF,0.9823318551145968,-21.608538450508018,69.0,True
h_16,WRBL1K,,,,False
h_16,WRBL2K,,,,False
h_16,WRBLAF,1.0159382433949546,-18.257985986102838,69.0,True
h_16,WRCHAF,1.001361760369447,-6.142340840447623,69.0,True
h_16,WREFIF,0.9898391147215969,-11.055703220047391,69.0,True
h_16,WRINCF,0.9809161342292839,-24.603471986368195,69.0,True
h_16,WRNUEF,0.9805807781068164,-24.62107623215776,69.0,True
h_16,WRPELF,0.9426188914929424,-5.836584268499569,69.0,True
h_16,WRSJUE,0.9843520215196329,-23.221750376198347,138.0,True
h_16,WRZMOK,,,,False
h_16,WSABAF,0.998733653667275,-10.349716036781109,69.0,True
h_16,WSAJ1E,0.9996595734133126,-12.769639167498138,138.0,True
h_16,WSALCE,0.9790628911488175,-19.400126463395473,138.0,True
h_16,WSALIF,0.9837720645348321,-14.044497289042136,69.0,True
h_16,WSAMAE,0.969719084406983,-25.7656874657142,138.0,True
h_16,WSANCE,0.9734005976723352,-25.37923184429173,138.0,True
h_16,WSANTE,1.0123358766807125,-5.542299531393631,138.0,True
h_16,WSANTK,1.0123358766807125,-5.542299531393631,34.5,True
h_16,WSCANF,0.9975438612365461,-9.736325253255568,69.0,True
h_16,WSCANK,0.9975438612365461,-9.736325253255568,34.5,True
h_16,WSCNOE,0.9977022485983346,-7.099773985028357,138.0,True
h_16,WSESTE,1.0066612966978268,-0.11453046881078438,138.0,True
h_16,WSFELE,,,,True
h_16,WSFMAE,0.9805753137156271,-21.759811999408132,138.0,True
h_16,WSFMAF,0.9829415830900772,-24.885115490265132,69.0,True
h_16,WSIBBE,0.9942435864628929,-1.8332670439296417,138.0,True
h_16,WSJMAF,0.9847140240269586,-19.496267616872828,69.0,True
h_16,WSJOCF,0.9789543936124183,-14.996675389504963,69.0,True
h_16,WSJU2E,1.0052786594867664,-8.601667303067886,138.0,True
h_16,WSJU2F,0.9942900045360913,-10.499203145556338,69.0,True
h_16,WSJUAF,0.9911734419245175,-10.753289755628117,69.0,True
h_16,WSKAPF,0.9810396253430416,-10.757626882004859,69.0,True
h_16,WSLCOE,,,,False
h_16,WSLORK,0.9999999999999998,-7.871040835288172,13.800000190734863,True
h_16,WSMARF,0.9788140058940614,-2.7399988716601182,69.0,True
h_16,WSODOF,0.9922011226027221,-14.081619756137707,69.0,True
h_16,WSOSUF,1.042248150193809,-22.069235757974976,69.0,True
h_16,WSPB1K,1.049999952316284,-0.32361758045890676,13.800000190734863,True
h_16,WSPBEE,1.0074282448683758,-0.09938730096755972,138.0,True
h_16,WSPERF,0.9423965501138976,-8.296361749519598,69.0,True
h_16,WSPEVF,,,,False
h_16,WSPM2E,1.0072551052712362,-0.16931284567658192,138.0,True
h_16,WSPMAE,1.006428028668009,-0.1303805583864265,138.0,True
h_16,WSPMAF,0.9913804634973957,-5.032962404980245,69.0,True
h_16,WSPMBE,1.006428028668009,-0.1303805583864265,138.0,True
h_16,WSPRIF,0.9346980655004423,-7.893986481722676,69.0,True
h_16,WSRODE,0.9891664496530771,-11.344917259162353,138.0,True
h_16,WSYASF,1.0399956510568311,-22.398949645877227,69.0,True
h_16,WSYEGF,0.9918841816278525,-10.799796002385747,69.0,True
h_16,WTAAGK,,,,False
h_16,WTAAVK,,,,False
h_16,WTAG1K,,,,False
h_16,WTAG2K,,,,False
h_16,WTAMAF,0.9729503268438789,-8.092103928616694,69.0,True
h_16,WTANOK,,,,False
h_16,WTAV1K,0.9999999999999998,-14.734508091609593,13.800000190734863,True
h_16,WTAVBE,,,,False
h_16,WTBA1K,,,,False
h_16,WTBA2K,,,,False
h_16,WTCE1K,,,,False
h_16,WTCE2K,,,,False
h_16,WTCEMK,,,,False
h_16,WTDAJK,,,,False
h_16,WTEMPF,0.9429788379912656,-9.402129816518169,69.0,True
h_16,WTESAK,,,,False
h_16,WTFA1K,,,,False
h_16,WTFA2K,,,,False
h_16,WTFA3K,,,,False
h_16,WTHAGK,,,,False
h_16,WTHAIF,0.9705086982918385,-8.392544538601493,69.0,True
h_16,WTIM2E,0.9846375511977951,-7.0849133262249255,138.0,True
h_16,WTIM2F,0.9495894655410524,-8.92547356951444,69.0,True
h_16,WTIMBF,0.9489312614872354,-9.002990229491305,69.0,True
h_16,WTIREF,0.9998083669773093,-31.85973148807064,69.0,True
h_16,WTIT1K,,,,False
h_16,WTIT2K,,,,False
h_16,WTJI1K,,,,False
h_16,WTJI2K,,,,False
h_16,WTJIMK,,,,False
h_16,WTLANK,,,,False
h_16,WTMAGK,,,,False
h_16,WTMBBF,,,,True
h_16,WTMI5K,,,,False
h_16,WTMI6K,,,,False
h_16,WTMNTK,,,,False
h_16,WTMONK,,,,False
h_16,WTMR1K,,,,False
h_16,WTMR2K,,,,False
h_16,WTNNAK,,,,False
h_16,WTORGF,1.010569909576806,-12.482200631803071,69.0,True
h_16,WTPA1K,,,,False
h_16,WTPG1K,,,,False
h_16,WTPG2K,,,,False
h_16,WTPG3K,,,,False
h_16,WTPI1K,,,,False
h_16,WTPI2K,,,,False
h_16,WTRINK,,,,False
h_16,WTRJCK,,,,False
h_16,WTROQF,1.005845403649883,-19.751102799460433,69.0,True
h_16,WTSABK,,,,False
h_16,WTSE1K,,,,False
h_16,WTSFVK,,,,False
h_16,WTSPVK,,,,False
h_16,WTSYEK,,,,False
h_16,WTTA1K,,,,False
h_16,WTTA2K,,,,False
h_16,WTTITF,0.9482025016881984,-9.04539367973319,69.0,True
h_16,WTTO1K,,,,False
h_16,WTVA1K,,,,False
h_16,WTVA2K,,,,False
h_16,WTVE1K,,,,False
h_16,WTZFPF,,,,False
h_16,WUASDE,0.9856922046202785,-8.138842677057777,138.0,True
h_16,WUMEDF,0.985132430933741,-15.449131218856161,69.0,True
h_16,WVALBE,1.0052980779692873,-5.890475409207689,138.0,True
h_16,WVALDE,1.0052980779692873,-5.890475409207689,138.0,True
h_16,WVALLF,0.9925212488339066,-10.670002509106121,69.0,True
h_16,WVALTF,0.9504024651895032,-17.185912961214076,69.0,True
h_16,WVDU1E,,,,True
h_16,WVDUAF,,,,False
h_16,WVILAE,,,,False
h_16,WVILLF,0.9898432888722501,-11.111206477379948,69.0,True
h_16,WVMAOE,0.9987663710241311,-10.95427956044655,138.0,True
h_16,WVMELE,0.9839057215822303,-7.44156063275935,138.0,True
h_16,WVNOBF,0.9877785388761642,-10.382634399036531,69.0,True
h_16,WVOLGF,0.9852816258006106,-15.44226312928143,69.0,True
h_16,WX1PAK,,,,False
h_16,WXABIF,0.980977870676311,-20.79608212702699,69.0,True
h_16,WXABRF,1.0022541824383564,-10.24179777975585,69.0,True
h_16,WXAD2F,0.9941584359923878,-13.420777690054551,69.0,True
h_16,WXADOF,0.9942800079181823,-13.517378913802242,69.0,True
h_16,WXAHGF,0.9702333935575037,-14.561848301445666,69.0,True
h_16,WXAHMF,0.9809229458177073,-26.82887190273805,69.0,True
h_16,WXAISF,0.9920985926037682,-13.595734639485865,69.0,True
h_16,WXALDF,1.01053249269133,-12.48677445680327,69.0,True
h_16,WXALIF,0.9727951700650734,-14.479161626194593,69.0,True
h_16,WXAORF,0.9649939726492107,-8.00921962059299,69.0,True
h_16,WXAPFF,1.0039519872817582,-18.108656803521146,69.0,True
h_16,WXAPPF,1.0424785528865015,-21.355546850198152,69.0,True
h_16,WXAQUF,,,,False
h_16,WXARDF,0.9943441749603363,-13.565611610238708,69.0,True
h_16,WXASOF,1.0444318263345616,-21.8375458868318,69.0,True
h_16,WXBA1F,,,,False
h_16,WXBA2F,,,,True
h_16,WXBASF,0.9556461732686753,-7.69530773704875,69.0,True
h_16,WXBAYF,,,,False
h_16,WXBDEF,0.9709834789993359,-21.35708027239848,69.0,True
h_16,WXBLEF,0.9708504551581574,-5.184629160109774,69.0,True
h_16,WXBMAF,0.982022688988949,-13.24453937332437,69.0,True
h_16,WXBOHF,0.9877361563523523,-11.545022619316104,69.0,True
h_16,WXBPEF,0.9945588776800482,-19.44748809914483,69.0,True
h_16,WXCA1K,1.0172424392966937,-4.485574579686285,34.5,True
h_16,WXCABF,0.9531887255831274,-16.323215267052902,69.0,True
h_16,WXCANF,,,,False
h_16,WXCARF,0.9774623937595925,-11.264267347686335,69.0,True
h_16,WXCATF,0.9548169775603025,-6.461795422313888,69.0,True
h_16,WXCB2F,,,,False
h_16,WXCBAF,0.9865512889363277,-11.353020617331277,69.0,True
h_16,WXCC1E,,,,False
h_16,WXCC3E,,,,False
h_16,WXCCOF,0.9943300486314252,-13.566848938940637,69.0,True
h_16,WXCDAF,0.9681408497152921,-16.35514824773211,69.0,True
h_16,WXCDLF,0.9852145966663519,-26.02296950995761,69.0,True
h_16,WXCENF,0.9774628869583093,-26.23095583689046,69.0,True
h_16,WXCHAF,1.001361760369447,-6.142340840447623,69.0,True
h_16,WXCIGF,0.9910220904675507,-5.052272279296445,69.0,True
h_16,WXCINF,0.9506088932962299,-17.177020629350118,69.0,True
h_16,WXCNAF,0.9841184433553891,-5.374121092056927,69.0,True
h_16,WXCOCF,,,,False
h_16,WXCODF,0.9847319800821337,-9.03916773300925,69.0,True
h_16,WXCORF,0.9788914533255502,-23.50134046829033,69.0,True
h_16,WXCSAF,0.972149217372915,-16.106941919226177,69.0,True
h_16,WXCTAF,0.9852153619893215,-23.614471875390038,69.0,True
h_16,WXCU1K,1.0024195036258774,0.9759949130883631,34.5,True
h_16,WXCU2K,1.0024195036258774,0.9759949130883631,34.5,True
h_16,WXCU4K,1.0024195036258774,0.9759949130883631,34.5,True
h_16,WXDBRF,0.9910220904675507,-5.052272279296445,69.0,True
h_16,WXDISF,0.948196988936863,-16.755970287994142,69.0,True
h_16,WXDROF,0.9855632103113859,-11.468585283250105,69.0,True
h_16,WXDURF,,,,False
h_16,WXEANF,1.0037641889458753,-18.11811311316278,69.0,True
h_16,WXECHF,0.9803875535210612,-25.096138045913445,69.0,True
h_16,WXES2K,,,,False
h_16,WXES3K,,,,False
h_16,WXESPF,0.9633088785029305,-21.731150729733326,69.0,True
h_16,WXEV4K,1.019999980926514,-0.19079547527355667,13.800000190734863,True
h_16,WXGALF,0.9438927862853072,-9.78648817372067,69.0,True
h_16,WXGAVF,0.9673961768631548,-6.158505840862633,69.0,True
h_16,WXGBOF,0.9908109689176471,-10.97660859934516,69.0,True
h_16,WXGOYF,0.9920985926037682,-13.595734639485865,69.0,True
h_16,WXGPLF,0.9423086928268867,-9.951248159591204,69.0,True
h_16,WXGRCF,,,,False
h_16,WXGRMF,0.950253289896056,-7.403902522397497,69.0,True
h_16,WXGRSF,0.98421202845447,-25.5916781295799,69.0,True
h_16,WXGU2F,0.991652359400764,-10.761447266437507,69.0,True
h_16,WXHACF,0.9846989045278589,-9.042598754314742,69.0,True
h_16,WXHE1F,1.0106298624332857,-12.46679954481227,69.0,True
h_16,WXHE2F,,,,False
h_16,WXHHIF,0.9902595192259008,-5.088327959933362,69.0,True
h_16,WXHJBF,0.9839937973919513,-26.18761871057326,69.0,True
h_16,WXHMSF,0.9888421476126485,-15.223233080140563,69.0,True
h_16,WXHNAF,,,,False
h_16,WXHNUF,0.9527267426278926,-16.360295093366442,69.0,True
h_16,WXIBAF,1.0017114885020673,-10.3560469596671,69.0,True
h_16,WXICAF,0.993927048739466,-12.037246143108126,69.0,True
h_16,WXICNF,,,,False
h_16,WXIDAF,0.9841729523217152,-26.427633674906957,69.0,True
h_16,WXIDUF,0.972360655751405,-15.972188226670148,69.0,True
h_16,WXIISF,0.9457626330278476,-9.23534755507167,69.0,True
h_16,WXIMBF,1.0050188584896922,-19.432041789444458,69.0,True
h_16,WXINAF,0.9462291912032149,-9.217904711605755,69.0,True
h_16,WXINDF,0.9861266043887008,-27.094007568340874,69.0,True
h_16,WXINVF,0.9404621552386043,-10.139024837192954,69.0,True
h_16,WXIPRF,,,,False
h_16,WXIPSF,0.972360655751405,-15.972188226670148,69.0,True
h_16,WXJIMF,0.9890880777329553,-29.46085014793126,69.0,True
h_16,WXJINF,0.9738172242933075,-17.925825964876182,69.0,True
h_16,WXKINF,0.9955403978527396,-11.220887746575027,69.0,True
h_16,WXKVEF,0.9474415610553474,-7.1938261319096535,69.0,True
h_16,WXLADF,0.9441474433806317,-7.190565598363871,69.0,True
h_16,WXLALF,,,,False
h_16,WXLC1E,1.0094909332755178,-8.721038349234131,138.0,True
h_16,WXLCAF,0.9465740455805134,-7.018166119960697,69.0,True
h_16,WXLCBF,0.9861069039690428,-21.39662826594929,69.0,True
h_16,WXLFAF,0.9834590425465581,-13.012136746162362,69.0,True
h_16,WXLPAF,0.9509023679141737,-5.38368871401168,69.0,True
h_16,WXLPEF,0.9838097070886389,-24.302383437634408,69.0,True
h_16,WXLUCK,1.0032882678436679,-9.907778655562582,34.5,True
h_16,WXLULF,1.0028294258672386,-10.02424806534025,69.0,True
h_16,WXLUPF,,,,True
h_16,WXMAGF,0.9910400975952608,-11.150728069366814,69.0,True
h_16,WXMAIF,0.9794894450074492,-23.0745320796416,69.0,True
h_16,WXMALF,0.9813044682203373,-10.738171510654768,69.0,True
h_16,WXMARF,0.9529245887735714,-7.497925308048727,69.0,True
h_16,WXMATK,0.9868838549170093,-22.96207132209548,34.5,True
h_16,WXMEGF,0.9441395512408679,-9.384237461405764,69.0,True
h_16,WXMETE,,,,False
h_16,WXMETF,0.9908109689176471,-10.97660859934516,69.0,True
h_16,WXMOZF,,,,False
h_16,WXMPAF,0.9476865240191081,-6.1765262566175325,69.0,True
h_16,WXMPGK,,,,False
h_16,WXMPSF,0.9009879223447039,-7.63751631563799,69.0,True
h_16,WXMV2F,0.992212301465597,-14.080505974434352,69.0,True
h_16,WXMVAF,,,,False
h_16,WXNAGF,,,,False
h_16,WXNOVF,0.9864007245097907,-10.300487597435684,69.0,True
h_16,WXOC2F,1.0031168065686347,-18.1642841708097,69.0,True
h_16,WXOFAF,1.0093732153484016,-12.728408597962714,69.0,True
h_16,WXOLVF,0.9881647891307189,-19.970522442969095,69.0,True
h_16,WXPA1K,0.9999999999999999,-7.2839154102888655,11.0,True
h_16,WXPA3K,1.0,-7.270161261206432,15.0,True
h_16,WXPA4K,0.9999999999999999,-7.256246317451085,11.0,True
h_16,WXPC2F,0.9525881182525865,-6.497852099634539,69.0,True
h_16,WXPCGF,0.9663666173498202,-16.44316908018587,69.0,True
h_16,WXPCIF,0.9574445364123904,-6.108933055695676,69.0,True
h_16,WXPETF,0.9811802128545172,-10.746995096809346,69.0,True
h_16,WXPFLF,1.0105937365457502,-12.476186562355648,69.0,True
h_16,WXPFSK,0.9996595734133126,-12.769639167498138,34.5,True
h_16,WXPGAF,1.0217798926798014,-19.927936448971995,69.0,True
h_16,WXPGMF,1.0028294258672386,-10.02424806534025,69.0,True
h_16,WXPHAF,0.9957493335842185,-10.90626165587643,69.0,True
h_16,WXPI4K,1.0000000000000004,-22.18521654755041,13.800000190734863,True
h_16,WXPIDF,1.0028294258672386,-10.02424806534025,69.0,True
h_16,WXPINF,,,,False
h_16,WXPLCF,0.9760829288906726,-14.889481073326685,69.0,True
h_16,WXPPEF,1.0324305521070474,-19.674572691140416,69.0,True
h_16,WXPPLF,,,,False
h_16,WXPPRF,1.0008353343078684,-20.077311140239026,69.0,True
h_16,WXPS1K,1.012163554398992,-9.57222018457392,34.5,True
h_16,WXPY1K,,,,False
h_16,WXQAZF,,,,False
h_16,WXQCOF,0.9891633796640464,-11.380747673867678,69.0,True
h_16,WXRARF,0.9858246144584182,-21.4132262658433,69.0,True
h_16,WXRIEF,,,,False
h_16,WXRINF,0.9835527783243098,-24.323520033062344,69.0,True
h_16,WXSADF,,,,False
h_16,WXSESE,1.0067800983502304,-0.11563868135087531,138.0,True
h_16,WXSESF,0.9891080977384691,-5.235432136606411,69.0,True
h_16,WXSI1K,1.0,-1.8447949002165476,13.800000190734863,True
h_16,WXSODF,0.9922070352755296,-14.08104070606296,69.0,True
h_16,WXSOSF,1.042248150193809,-22.069235757974976,69.0,True
h_16,WXSPRF,0.9346980655004423,-7.893986481722676,69.0,True
h_16,WXSYEF,0.9914756750479655,-10.863526480140893,69.0,True
h_16,WXTAMF,0.9437343562310433,-9.395972695142314,69.0,True
h_16,WXTDAF,0.949331808993248,-7.691423986201436,69.0,True
h_16,WXTH1F,0.9705085080259785,-8.392541469441596,69.0,True
h_16,WXTH2F,0.9705086105080857,-8.39254312257046,69.0,True
h_16,WXTISF,0.9951594962740756,-13.904520611588577,69.0,True
h_16,WXTREFF,0.9898391147215969,-11.055703220047391,69.0,True
h_16,WXTROF,1.0058555876848736,-19.750664027666847,69.0,True
h_16,WXTTIF,0.9482025016881984,-9.04539367973319,69.0,True
h_16,WXVALF,0.9504024651895032,-17.185912961214076,69.0,True
h_16,WXVILF,0.9898432888722501,-11.111206477379948,69.0,True
h_16,WXVL1K,,,,False
h_16,WXWC2K,0.9990376082343183,-3.538393314621102,34.5,True
h_16,WXWC3K,0.9990376082343183,-3.538393314621102,34.5,True
h_16,WXYAGF,0.9931365900311667,-12.231658261098515,69.0,True
h_16,WXZAMF,0.9441474433806317,-7.190565598363871,69.0,True
h_16,WXZFBF,,,,False
h_16,WXZFHF,,,,False
h_16,WXZFNF,,,,False
h_16,WXZGUF,1.001469309362212,-20.227275278162118,69.0,True
h_16,WXZHAF,0.9400371920400942,-10.17073889138309,69.0,True
h_16,WXZISF,,,,False
h_16,WXZPPF,,,,False
h_16,WXZSPF,0.9864931980144073,-5.5521132984027695,69.0,True
h_16,WYAGUF,0.9931365900311667,-12.231658261098515,69.0,True
h_16,WYAMAF,0.9175871567625933,-7.767178778436526,69.0,True
h_16,WZFALF,,,,False
h_16,WZFAMF,,,,False
h_16,WZFBAF,,,,False
h_16,WZFDRF,,,,False
h_16,WZFESF,,,,False
h_16,WZFGIF,,,,False
h_16,WZFGUF,,,,False
h_16,WZFISF,,,,False
h_16,WZFLIF,,,,False
h_16,WZFMCF,,,,False
h_16,WZFPPF,,,,False
h_16,WZFS2F,,,,False
h_16,WZFSAE,,,,False
h_16,WZFSAF,,,,False
h_16,WZFSFF,,,,False
h_16,WZFSIF,,,,False
h_16,WZFSPF,,,,False
h_16,WZFVAF,,,,False
h_16,WZFVEF,,,,False
h_16,WZHAIF,0.9400373669212168,-10.170745803084062,69.0,True
h_16,ZXOJIF,,,,False
h_17,WAANDE,1.002210689685056,-0.6964573672080857,138.0,True
h_17,WABCOF,0.9875204716663809,-15.547510509795174,69.0,True
h_17,WABISF,0.9708212559716267,-21.917154918386426,69.0,True
h_17,WABRUF,0.9278231111360149,-10.186812001596453,69.0,True
h_17,WACIBF,0.993986855071847,-19.242574300328553,69.0,True
h_17,WACLAE,1.0095855459270138,-8.85416980898651,138.0,True
h_17,WACLAK,1.0110426610276957,-8.861591011497998,34.5,True
h_17,WADMIF,,,,False
h_17,WADOMF,1.0106126319114623,-13.368412308716447,69.0,True
h_17,WAGUAE,1.0053871033149036,-6.739565854946151,138.0,True
h_17,WAGUBE,1.0053871033149036,-6.739565854946151,138.0,True
h_17,WAHMIF,0.9707629944971248,-29.184294332336577,69.0,True
h_17,WAHO1E,0.9870670759095695,-8.87365082282397,138.0,True
h_17,WAHO2E,0.9870670759095695,-8.87365082282397,138.0,True
h_17,WAHOBF,0.9834383704245673,-11.808733618025812,69.0,True
h_17,WAHONF,0.9834383704245673,-11.808733618025812,69.0,True
h_17,WAIAMF,,,,False
h_17,WAIAZF,,,,False
h_17,WAIBAF,,,,False
h_17,WAIISF,,,,False
h_17,WAISAF,,,,False
h_17,WAISCF,0.9917428424705879,-15.109240158925466,69.0,True
h_17,WAISOF,1.007453693514335,-24.796592449745983,69.0,True
h_17,WAIUNF,,,,False
h_17,WAIZSF,,,,False
h_17,WAORIF,0.957237558924306,-10.469522363923948,69.0,True
h_17,WAPERF,0.9848102916212071,-32.12126696190471,69.0,True
h_17,WAPFAF,0.9958960608241755,-19.07121296137116,69.0,True
h_17,WAQUIF,0.985205938925638,-20.263207223453747,69.0,True
h_17,WASOEF,0.9855351395774562,-12.425517511511098,69.0,True
h_17,WAZUAF,0.9779694822470802,-14.685226841841688,69.0,True
h_17,WBALDF,0.9963321614488561,-19.03382736989189,69.0,True
h_17,WBANIF,0.9831382195552141,-14.668568995054194,69.0,True
h_17,WBAPEF,0.9810052058639953,-15.122553666892818,69.0,True
h_17,WBARAF,0.9847740077040671,-13.16678934813462,69.0,True
h_17,WBARCE,,,,False
h_17,WBASIF,0.9505643588388403,-10.225530635664304,69.0,True
h_17,WBAYAE,1.0139378353554358,-7.499161803231978,138.0,True
h_17,WBAYAK,1.0137623593391192,-7.501855278945261,34.5,True
h_17,WBAYOF,0.9837432780837962,-12.532943333248982,69.0,True
h_17,WBCARF,,,,False
h_17,WBCARK,0.9999999999999998,-8.435265021606549,13.800000190734863,True
h_17,WBCHIE,0.9927591819167422,-4.260041699548054,138.0,True
h_17,WBCHIF,0.9619370041790025,-8.13580698949091,69.0,True
h_17,WBDERF,0.9613957128044741,-22.470392263139335,69.0,True
h_17,WBDERK,1.0000000000000002,-22.70551779941827,13.800000190734863,True
h_17,WBENEF,0.9923745954755281,-11.795086217720275,69.0,True
h_17,WBERSF,,,,False
h_17,WBLECF,0.9592007555446439,-9.867548496543039,69.0,True
h_17,WBMATF,0.9804659351501959,-14.986534605930792,69.0,True
h_17,WBNVFF,,,,False
h_17,WBON2E,0.9937347153132111,-13.870425906947812,138.0,True
h_17,WBON2F,,,,False
h_17,WBON3C,,,,False
h_17,WBON3D,1.0073856593932224,-7.719517078348869,345.0,True
h_17,WBON3E,0.9938133918138755,-13.86715096123787,138.0,True
h_17,WBONAF,0.9836299431363096,-19.866408491171555,69.0,True
h_17,WBOPEF,,,,False
h_17,WBPOPF,0.9842525210764855,-10.105057550276147,69.0,True
h_17,WBVISF,0.9872460372178693,-9.617171246897298,69.0,True
h_17,WCABAF,0.9977814966127144,-25.919276491865737,69.0,True
h_17,WCALAE,1.0148941019496018,-6.678092657804509,138.0,True
h_17,WCALBE,1.0148941019496018,-6.678092657804509,138.0,True
h_17,WCANAE,,,,True
h_17,WCANAF,,,,True
h_17,WCAPOF,0.9373481269987876,-9.801541570234155,69.0,True
h_17,WCATAF,0.9410617359264831,-9.724418122216496,69.0,True
h_17,WCAYAF,0.9604637721244301,-9.233244363239443,69.0,True
h_17,WCBOHF,0.9863864350700027,-12.58449413659663,69.0,True
h_17,WCBYNF,0.9489656461440358,-17.732516969991035,69.0,True
h_17,WCC21E,1.0052536170831823,-10.169069964889053,138.0,True
h_17,WCCA2F,1.0025623162815926,-12.060243658091578,69.0,True
h_17,WCCABF,1.0024487216865132,-12.11947473953313,69.0,True
h_17,WCCARF,0.9406090497329888,-9.841296661300522,69.0,True
h_17,WCCIBF,0.9935238708882012,-21.334103384241615,69.0,True
h_17,WCDAGF,0.9690880129713753,-17.330273187569627,69.0,True
h_17,WCEMEE,1.0048130575695329,-3.264383708223642,138.0,True
h_17,WCENOF,0.9628450652383173,-28.946811655519724,69.0,True
h_17,WCEPPF,,,,False
h_17,WCES1K,1.019999980926514,-3.3490527369399428,13.800000190734863,True
h_17,WCES2K,1.019999980926514,-3.3490527369399428,13.800000190734863,True
h_17,WCES3K,1.019999980926514,-3.3328595501942933,13.800000190734863,True
h_17,WCESPF,0.9527618730984512,-22.88541325517398,69.0,True
h_17,WCESPK,,,,False
h_17,WCINDF,,,,False
h_17,WCLUIE,0.9985933198137259,-4.88860155575246,138.0,True
h_17,WCNACF,,,,False
h_17,WCNPEE,0.9852737550937075,-8.78587560430942,138.0,True
h_17,WCNSLF,,,,False
h_17,WCOAPE,1.0021331727267286,-2.9771224692589384,138.0,True
h_17,WCOCOF,0.9965854722604153,-15.838465318938459,69.0,True
h_17,WCODAF,0.9688658581639645,-28.89605896753929,69.0,True
h_17,WCOHEF,1.0094537952421871,-13.607947741295604,69.0,True
h_17,WCONSF,0.99863063955558,-34.69578762476242,69.0,True
h_17,WCORMF,0.9716930881005584,-24.250011666797903,69.0,True
h_17,WCOTAE,0.9847020384400217,-4.1053520832598425,138.0,True
h_17,WCOTBE,0.9847020384400217,-4.1053520832598425,138.0,True
h_17,WCOTUF,0.971000815098578,-30.0657682706294,69.0,True
h_17,WCPVCF,0.9715841565643262,-17.21171173523318,69.0,True
h_17,WCSATF,0.9727314714884602,-17.107932815004318,69.0,True
h_17,WCSO1K,0.9847020384400217,-4.1053520832598425,34.5,True
h_17,WCSO2K,0.9847020384400217,-4.1053520832598425,34.5,True
h_17,WCSO3K,0.9847020384400217,-4.1053520832598425,34.5,True
h_17,WCSOLK,,,,False
h_17,WCTP1D,,,,False
h_17,WCTP2D,,,,False
h_17,WCUMAE,0.9946546814590688,-3.321905526275397,138.0,True
h_17,WCUMBE,0.9946546814590688,-3.321905526275397,138.0,True
h_17,WCVEGF,0.9800070150708765,-29.182944447721667,69.0,True
h_17,WCZFSF,0.9990195232281157,-18.86741835356645,69.0,True
h_17,WDAJAE,0.98244594740558,-11.991478606401216,138.0,True
h_17,WDAJAF,,,,False
h_17,WDESPF,0.9490037849372402,-8.73204284524236,69.0,True
h_17,WDISDF,0.9474175101635942,-17.876386482217992,69.0,True
h_17,WDJAOE,0.9674709863685165,-8.457558723987344,138.0,True
h_17,WDJAOF,0.9310118242835748,-11.405108519787087,69.0,True
h_17,WDPEDF,0.9895574854522353,-21.53628710609071,69.0,True
h_17,WDRODF,0.9878599244850867,-12.439004510826228,69.0,True
h_17,WDRODK,0.9964406413679441,-12.463937815470732,12.470000267028809,True
h_17,WDRODM,,,,False
h_17,WDURAF,,,,False
h_17,WDUVEF,0.9798624450228358,-19.039160192533114,69.0,True
h_17,WEABAF,,,,False
h_17,WEBRIE,0.9781185345432643,-8.33601936023957,138.0,True
h_17,WECHIF,0.9568784358789191,-28.64726048579771,69.0,True
h_17,WELJIF,0.992081597218711,-21.326752791585843,69.0,True
h_17,WEM21K,1.0,-8.44061517050733,13.800000190734863,True
h_17,WEMA2E,,,,False
h_17,WEMA2F,,,,False
h_17,WEMA3F,0.9489899953518431,-8.732824230916565,69.0,True
h_17,WEMB2F,,,,False
h_17,WEMB3F,0.9500682639396814,-8.53870301261161,69.0,True
h_17,WEMBAE,0.9837093253581998,-9.710086750967545,138.0,True
h_17,WENADE,1.0022098874804621,-0.6966277004251261,138.0,True
h_17,WENE4E,1.0054374989250718,-3.181189153266257,138.0,True
h_17,WEPINF,0.9750800245123872,-13.747039714876319,69.0,True
h_17,WERIOF,0.992387882482642,-33.049725461236854,69.0,True
h_17,WESEIE,0.9796806947508476,-5.1777912278210625,138.0,True
h_17,WESM3F,,,,False
h_17,WESM3K,,,,False
h_17,WESOCE,1.0020637416345224,-3.3326786425452783,138.0,True
h_17,WESP1E,1.0048935599737088,-10.637838169887035,138.0,True
h_17,WFALCE,0.9938196138179695,-13.86724794922684,138.0,True
h_17,WFALCF,0.9962503841961989,-18.711386424960654,69.0,True
h_17,WFALCK,,,,True
h_17,WFALCM,,,,False
h_17,WFANTF,0.9720773876004472,-26.03972285856534,69.0,True
h_17,WFNEGF,,,,False
h_17,WFOCHF,0.9945050544595887,-19.164915648743445,69.0,True
h_17,WFOLAF,,,,False
h_17,WGALAF,0.9415659768782093,-9.912786744475307,69.0,True
h_17,WGBOJF,0.9896154883837688,-12.007414367827538,69.0,True
h_17,WGHACF,0.9844283328179356,-10.098655587610192,69.0,True
h_17,WGIRAE,1.0120819518361293,-7.143027354688805,138.0,True
h_17,WGIRAK,1.0192904686093915,-7.162261977254112,34.5,True
h_17,WGMALF,0.9793986920376799,-12.100458554054578,69.0,True
h_17,WGNLLE,1.0080603627770246,-8.462207200646779,138.0,True
h_17,WGNLLK,1.0097103123592672,-8.470091493067747,34.5,True
h_17,WGOYAF,0.9914150109030094,-15.12202877335708,69.0,True
h_17,WGPALF,0.9782385095786458,-15.355311176797223,69.0,True
h_17,WGPETF,0.9793629219637029,-12.10855799656217,69.0,True
h_17,WGPLAF,0.9397916758571674,-10.098258012842836,69.0,True
h_17,WGRCHF,0.937470007221848,-10.322497224191704,69.0,True
h_17,WGRSFF,0.967202113110948,-28.55090698111851,69.0,True
h_17,WGU1AD,,,,False
h_17,WGU1BD,,,,False
h_17,WGUA2F,0.9932111102490628,-11.877117354935395,69.0,True
h_17,WGUANE,,,,True
h_17,WGUANF,0.9932833102973601,-11.874246472882477,69.0,True
h_17,WGUAVF,0.9634054007956139,-9.073471241458428,69.0,True
h_17,WGUAYE,1.0017588185235757,-9.090779228366074,138.0,True
h_17,WGUAYF,0.9338861636569954,-10.464093125962677,69.0,True
h_17,WGUERD,1.0037615593660794,-6.128433937676653,345.0,True
h_17,WGUERE,0.9957769972707576,-5.947824905132208,138.0,True
h_17,WGUERF,0.9398130124638482,-9.958295650624823,69.0,True
h_17,WGVEGF,0.9830847395392446,-28.504111911612284,69.0,True
h_17,WHAIBF,0.9949992828984773,-11.897807406616051,69.0,True
h_17,WHAINE,0.991984331707855,-8.94533095725797,138.0,True
h_17,WHAINF,0.9949992828984773,-11.897807406616051,69.0,True
h_17,WHAT2K,1.0000000000000002,-29.04179377265784,13.800000190734863,True
h_17,WHATIF,0.9762952510998086,-28.98729211274774,69.0,True
h_17,WHATIK,0.9999999999999998,-29.110497937030157,12.5,True
h_17,WHENUF,,,,False
h_17,WHERRE,0.9862658001013938,-9.892456704783301,138.0,True
h_17,WHGMOE,,,,False
h_17,WHGUEE,,,,False
h_17,WHIGUF,1.0198587739050697,-14.494736834622758,69.0,True
h_17,WHJBOF,0.9786527392686545,-27.699378397165717,69.0,True
h_17,WHLINF,,,,False
h_17,WHMA2E,0.9850095013773343,-4.765395387563542,138.0,True
h_17,WHMA2F,0.9714412125448033,-6.533708873473281,69.0,True
h_17,WHMAYF,0.9701230773860428,-6.635989291065998,69.0,True
h_17,WHMSAF,0.9826429674698869,-16.024150442721144,69.0,True
h_17,WHNACF,,,,False
h_17,WHNS1E,0.9861238829506543,-7.454805767845289,138.0,True
h_17,WHNS1F,0.9712915112176588,-10.225227286539742,69.0,True
h_17,WHNUEF,0.9522344733952197,-17.431792848496517,69.0,True
h_17,WIAANE,0.9978842382283052,-4.129724846524195,138.0,True
h_17,WIBARF,1.0018598261978726,-12.145129810562691,69.0,True
h_17,WICAEF,0.9933967130609457,-13.672810473936286,69.0,True
h_17,WICNAF,,,,False
h_17,WIDALF,0.9788528481264624,-28.003458275474312,69.0,True
h_17,WIGASE,,,,False
h_17,WIISAF,0.9459847199211587,-8.935148225404141,69.0,True
h_17,WIMB2F,0.9920373765684594,-20.664521845490373,69.0,True
h_17,WIMBEF,0.990435917205469,-20.76037900982979,69.0,True
h_17,WINCAF,0.9727952410935645,-17.154338361476864,69.0,True
h_17,WINCAK,0.9999999999999997,-18.013453743225103,12.470000267028809,True
h_17,WINVBF,0.9630393807553463,-10.966266857156683,69.0,True
h_17,WINVIF,0.937504151022018,-10.328479655596395,69.0,True
h_17,WIPSIF,,,,False
h_17,WITA1E,0.9936480919917766,-8.724279384644046,138.0,True
h_17,WJARAF,0.9839424932229798,-31.53608224198344,69.0,True
h_17,WJDOLE,1.0014271567924697,-4.103100713918329,138.0,True
h_17,WJIBPE,0.9754763932548864,-19.554070534509673,69.0,True
h_17,WJIGBE,1.0056225593427734,-6.413610710346454,138.0,True
h_17,WJIGUE,1.0056225593427734,-6.413610710346454,138.0,True
h_17,WJIMEF,0.9848220752003887,-31.495865466530347,69.0,True
h_17,WJSAUD,1.0148706762044866,-5.688146420729069,345.0,True
h_17,WJSAUE,,,,False
h_17,WKDMBF,0.980625380050902,-13.046713902471033,69.0,True
h_17,WKDMEF,0.9747103777348395,-12.735831082422205,69.0,True
h_17,WKINDF,0.995494522348936,-13.00934889402055,69.0,True
h_17,WKQA1F,0.993947084141247,-12.375473246911211,69.0,True
h_17,WKQAZE,1.011411592410023,-8.884466689447812,138.0,True
h_17,WKVEIF,,,,False
h_17,WLALFF,,,,False
h_17,WLANGE,0.9912917090325789,-14.922521896001687,138.0,True
h_17,WLBARF,,,,False
h_17,WLCALF,0.9431115778189921,-9.664821889594606,69.0,True
h_17,WLCBOF,0.9786558410387346,-21.838700372220664,69.0,True
h_17,WLCOCK,1.0090204296704677,-10.520635974787556,34.5,True
h_17,WLCUAF,0.9438252907917645,-9.15831957237838,69.0,True
h_17,WLDAMF,0.9807316507395403,-19.096406130456806,69.0,True
h_17,WLDAMK,1.0,-20.420758775453344,12.5,True
h_17,WLDIAF,0.9842482633778997,-10.105230581905301,69.0,True
h_17,WLGALE,0.9862279811457672,-15.402898146331545,138.0,True
h_17,WLGU2K,1.007689690779787,-12.086548733111808,34.5,True
h_17,WLGUZE,1.007689690779787,-12.086548733111808,138.0,True
h_17,WLGUZK,1.0076756351535177,-12.088005470637674,34.5,True
h_17,WLISAE,0.986538493078657,-8.615592844049901,138.0,True
h_17,WLLAGF,,,,False
h_17,WLMFAF,0.978617671693306,-13.375936530754222,69.0,True
h_17,WLMI5E,0.9856812924691508,-7.878364027153311,138.0,True
h_17,WLMI6E,0.9856873004598888,-7.879359932155484,138.0,True
h_17,WLMI7E,0.9858267428179056,-7.825168198062052,138.0,True
h_17,WLMI7K,0.9999999999999999,-7.841707014107004,13.800000190734863,True
h_17,WLMINE,0.9856336676487671,-7.877638752588564,138.0,True
h_17,WLMINF,0.9441507123150845,-9.301137836231606,69.0,True
h_17,WLORIE,1.004421039736884,-3.317611160944128,138.0,True
h_17,WLORIK,1.049000024795532,-3.4012969902102634,12.470000267028809,True
h_17,WLPARF,0.9425400921070582,-9.00478689442339,69.0,True
h_17,WLPENF,0.9771140895813574,-25.861845679853122,69.0,True
h_17,WLPRAE,0.9840275185566241,-9.89271393911903,138.0,True
h_17,WLROME,0.9879628690042864,-4.293052634452961,138.0,True
h_17,WLROMF,0.986390196685362,-8.75405839449932,69.0,True
h_17,WLRPUF,0.9811835748759431,-9.293555755397835,69.0,True
h_17,WLTORF,0.9956843224590364,-12.06323599697169,69.0,True
h_17,WLUCIF,1.0021604883047293,-11.677109304728852,69.0,True
h_17,WLUPEF,0.9846723148913045,-21.328155575501043,69.0,True
h_17,WLVEGF,0.9801164837194614,-29.17715795844056,69.0,True
h_17,WLVICE,0.9876632480625518,-7.111394676935126,138.0,True
h_17,WLVICK,0.9876632480625518,-7.111394676935126,34.5,True
h_17,WLVPEF,0.9809749725997916,-29.491404313919126,69.0,True
h_17,WMAGUF,0.992670542175368,-12.253946291837932,69.0,True
h_17,WMAIMF,0.9735371979910546,-23.67255776472481,69.0,True
h_17,WMARAF,0.9493005547924434,-9.983820496322693,69.0,True
h_17,WMARAK,0.9493005547924434,-9.983820496322693,13.800000190734863,True
h_17,WMARTF,0.9350390056886927,-10.48790490548492,69.0,True
h_17,WMARTK,0.9350390056886926,-10.487904905484923,34.5,True
h_17,WMAT1E,0.9708995779220707,-27.71905125378467,138.0,True
h_17,WMATAE,0.9857620305721324,-9.399006787413324,138.0,True
h_17,WMATBE,0.9857620305721324,-9.399006787413324,138.0,True
h_17,WMEGAF,0.9424719438769223,-9.392731242024666,69.0,True
h_17,WMERCF,0.9793629219637029,-12.10855799656217,69.0,True
h_17,WMETAE,0.9857743423158253,-9.400741628344823,138.0,True
h_17,WMETAK,0.990000009536743,-9.747265233653982,13.199999809265137,True
h_17,WMETBF,0.9844896070156564,-10.092744319799534,69.0,True
h_17,WMETEE,0.9934487440203514,-8.763298778315622,138.0,True
h_17,WMETEF,0.9897614337692944,-11.974953927508581,69.0,True
h_17,WMETRE,0.9865703855114719,-8.842679091452716,138.0,True
h_17,WMETRF,0.9844896070156564,-10.092744319799534,69.0,True
h_17,WMIR1E,0.9961410154668957,-5.79618729236885,138.0,True
h_17,WMIRAK,0.9961410154668957,-5.79618729236885,34.5,True
h_17,WMLTPF,0.9872954243686932,-12.212885190004783,69.0,True
h_17,WMOCAE,0.9713375869223515,-19.42036111849764,138.0,True
h_17,WMOCAF,0.9657237218197527,-26.098014906989146,69.0,True
h_17,WMONCE,0.9939380422453424,-11.505598459353337,138.0,True
h_17,WMONTE,0.9885380115479834,-10.795815231585566,138.0,True
h_17,WMOZAF,0.9486977750386725,-8.87190516704485,69.0,True
h_17,WMP2AE,0.996805826833747,-5.531202790768575,138.0,True
h_17,WMP2BE,0.996805826833747,-5.531202790768575,138.0,True
h_17,WMPALF,0.9454581346779286,-8.356389058621092,69.0,True
h_17,WMPALK,0.9454581346779286,-8.356389058621092,34.5,True
h_17,WMPL1D,,,,False
h_17,WMPL2D,,,,False
h_17,WMPLAF,0.8340922139961506,-16.858011476983293,69.0,True
h_17,WMPSOE,,,,False
h_17,WMPSOF,0.8341764829198204,-16.836998366286885,69.0,True
h_17,WMPSOK,0.8341764829198204,-16.836998366286885,20.0,True
h_17,WMRI2E,1.0104585103072226,-8.910903841287992,138.0,True
h_17,WMTFNE,1.0280027592956362,-6.889943168240286,138.0,True
h_17,WMTFNK,1.073071401389115,-6.937245607016723,34.5,True
h_17,WMULTF,0.945935417677777,-8.936914610267431,69.0,True
h_17,WMVCIF,0.9928595035342482,-21.292328479795458,69.0,True
h_17,WMVIEF,0.9918655785388009,-15.552623755752544,69.0,True
h_17,WNAG2E,0.9691744757916458,-28.220362667898097,138.0,True
h_17,WNAG2F,,,,True
h_17,WNAGUF,0.9693302618866387,-30.786423527996067,69.0,True
h_17,WNARAD,0.9946222932640381,-10.940940338926332,345.0,True
h_17,WNARAE,,,,False
h_17,WNAV2E,1.0029372548807531,-11.247658299450265,138.0,True
h_17,WNAVAF,0.9729194859764613,-21.79759619458911,69.0,True
h_17,WNEYBF,0.9527971721982312,-20.443263499881144,69.0,True
h_17,WNIBAE,0.9849374709691341,-15.688207226472363,138.0,True
h_17,WNOVOF,0.985917976341309,-11.519784432736138,69.0,True
h_17,WOFALF,1.0094630816795598,-13.608320533983429,69.0,True
h_17,WOJIVF,0.9926973941705625,-11.954839249906811,69.0,True
h_17,WPAK0E,,,,False
h_17,WPAK2E,1.0100863878565578,-8.908956774197835,138.0,True
h_17,WPAK5E,1.0100863878565578,-8.908956774197835,138.0,True
h_17,WPAK6E,1.0100863878565578,-8.908956774197835,138.0,True
h_17,WPAL1E,0.9923874349233652,-9.018678974322068,138.0,True
h_17,WPALAF,0.9782385095786458,-15.355311176797223,69.0,True
h_17,WPALBE,1.01392758820113,-8.852839411948352,138.0,True
h_17,WPALBF,0.9915258394787282,-11.02006918435419,69.0,True
h_17,WPALEE,1.01392758820113,-8.852839411948352,138.0,True
h_17,WPAQ1K,1.0499999523162842,-11.445769996903467,4.159999847412109,True
h_17,WPARAE,0.9883825553298945,-8.836670225734109,138.0,True
h_17,WPAYAE,,,,False
h_17,WPAYBE,,,,False
h_17,WPAYIF,0.9849047676764083,-31.538315013572955,69.0,True
h_17,WPBAJF,0.9867886935499524,-31.954377824231287,69.0,True
h_17,WPBBAE,,,,False
h_17,WPBLAD,,,,False
h_17,WPCA1K,1.0499999523162842,0.0,22.0,True
h_17,WPCA2K,1.0499999523162842,2.82375960169329,22.0,True
h_17,WPCATE,,,,False
h_17,WPCGLF,0.9675146929506384,-17.409276265054732,69.0,True
h_17,WPCIBF,0.9494184553908039,-9.12561760264251,69.0,True
h_17,WPDISF,,,,False
h_17,WPDIVF,0.9687645493632498,-16.095517094623446,69.0,True
h_17,WPDORE,,,,True
h_17,WPDORF,1.0097852754122145,-21.562719372555613,69.0,True
h_17,WPEBPE,1.0103577968286463,-10.68185605381623,138.0,True
h_17,WPERAE,1.0149181964340686,-6.661598561948536,138.0,True
h_17,WPERBE,1.0149181964340686,-6.661598561948536,138.0,True
h_17,WPES1K,1.0149181964340686,-6.661598561948536,34.5,True
h_17,WPES2K,1.0149181964340686,-6.661598561948536,34.5,True
h_17,WPFLEF,,,,False
h_17,WPFMSK,1.0017588185235757,-9.090779228366074,20.0,True
h_17,WPGARF,1.0032251189449288,-21.593823361291808,69.0,True
h_17,WPHAIF,0.9947577309968918,-11.916810085813315,69.0,True
h_17,WPIDUF,0.9729405833567619,-16.967461033119935,69.0,True
h_17,WPIISF,,,,False
h_17,WPIMCF,0.9914955156140212,-19.415622954566256,69.0,True
h_17,WPIMEE,0.9842425536622545,-25.56843376000814,138.0,True
h_17,WPIMEF,0.9779285965834431,-30.462365682541495,69.0,True
h_17,WPINAF,1.0308256412042205,-16.355831400590183,69.0,True
h_17,WPIZAE,1.0105948062583792,-7.349693471816569,138.0,True
h_17,WPIZAF,1.0017850019157306,-11.757255429939113,69.0,True
h_17,WPIZBF,,,,False
h_17,WPLASF,0.9848908158694758,-11.60872413617832,69.0,True
h_17,WPLCCF,0.9761432386386764,-15.93409347143981,69.0,True
h_17,WPLINF,0.9813226414531661,-14.18658357893596,69.0,True
h_17,WPLM1E,1.0120376042425487,-9.781453120798167,138.0,True
h_17,WPLM1K,1.019999980926514,-9.842238236713854,13.800000190734863,True
h_17,WPLM2K,1.0199999809265141,-9.874787704906545,13.800000190734863,True
h_17,WPP22E,1.0048196489840198,-13.980034065892038,138.0,True
h_17,WPPELF,1.0099218870272966,-21.494400423476545,69.0,True
h_17,WPPL2F,,,,True
h_17,WPPLAF,1.015699254099353,-19.646984234565807,69.0,True
h_17,WPPLBF,,,,False
h_17,WPPLIF,0.9717633072443879,-21.865093829065803,69.0,True
h_17,WPPRIF,0.9923375791672248,-21.31473456397538,69.0,True
h_17,WPSCEF,0.9784051556737461,-16.285507868809148,69.0,True
h_17,WPSESK,,,,False
h_17,WPVIEE,,,,False
h_17,WQ1SPK,1.0,-14.359670997338675,13.800000190734863,True
h_17,WQCORF,0.9938178510956952,-12.40922860392505,69.0,True
h_17,WQU11D,1.0074736346267337,-14.260556824135637,230.0,True
h_17,WQU12K,1.0000000000000004,-14.363783182098361,13.800000190734863,True
h_17,WQU21D,1.0074736346267337,-14.260556824135637,230.0,True
h_17,WQU21K,1.0000000000000004,-14.363783182098361,13.800000190734863,True
h_17,WQUINF,0.9844472873479497,-20.353636017888057,69.0,True
h_17,WQUISD,,,,True
h_17,WQUISE,,,,False
h_17,WRARRF,0.9778172592418845,-21.9248459769977,69.0,True
h_17,WRBL1K,,,,False
h_17,WRBL2K,,,,False
h_17,WRBLAF,1.0143723685858452,-18.07899526390162,69.0,True
h_17,WRCHAF,0.9897843302932465,-10.81563461211532,69.0,True
h_17,WREFIF,0.9884806403782953,-12.101296786076142,69.0,True
h_17,WRINCF,0.9758734871884422,-25.64803854608729,69.0,True
h_17,WRNUEF,0.9755092710067397,-25.66617656239742,69.0,True
h_17,WRPELF,0.9298947550750224,-10.549489747726414,69.0,True
h_17,WRSJUE,0.9679901825558904,-28.011457718221738,138.0,True
h_17,WRZMOK,,,,False
h_17,WSABAF,0.9995432638818622,-11.488583062370147,69.0,True
h_17,WSAJ1E,0.9938418234854908,-13.63560542982021,138.0,True
h_17,WSALCE,0.9679800034465048,-21.343666965391225,138.0,True
h_17,WSALIF,0.9872197026357553,-15.52031630943748,69.0,True
h_17,WSAMAE,0.9507262720532176,-30.601467967436232,138.0,True
h_17,WSANCE,0.9563283664845331,-30.04290398811554,138.0,True
h_17,WSANTE,1.0108419399576827,-7.305739914113202,138.0,True
h_17,WSANTK,1.0108419399576827,-7.305739914113202,34.5,True
h_17,WSCANF,0.9952992922659537,-11.791709157851214,69.0,True
h_17,WSCANK,0.9952992922659537,-11.791709157851214,34.5,True
h_17,WSCNOE,0.9971179215723297,-8.330721582086564,138.0,True
h_17,WSESTE,1.004465128502218,-3.2769349470403673,138.0,True
h_17,WSFELE,,,,True
h_17,WSFMAE,0.9682049760455803,-24.48754191779374,138.0,True
h_17,WSFMAF,0.9648322728712757,-27.980514425278063,69.0,True
h_17,WSIBBE,0.9929310054748695,-4.222280478071421,138.0,True
h_17,WSJMAF,0.9758229856260021,-20.52464145098976,69.0,True
h_17,WSJOCF,0.9795347755924033,-16.52393308491279,69.0,True
h_17,WSJU2E,1.0056392482927794,-10.135491525201894,138.0,True
h_17,WSJU2F,0.9945358248774188,-11.767094781697264,69.0,True
h_17,WSJUAF,0.9912322047963794,-12.020005001621668,69.0,True
h_17,WSKAPF,0.979411206281906,-12.10587437178524,69.0,True
h_17,WSLCOE,,,,False
h_17,WSLORK,1.0,-8.719556043075384,13.800000190734863,True
h_17,WSMARF,0.9724751960662009,-6.55076900237864,69.0,True
h_17,WSODOF,0.9918544746140726,-15.553730706327187,69.0,True
h_17,WSOSUF,1.006242355846128,-25.000709264736802,69.0,True
h_17,WSPB1K,1.049999952316284,-3.438836297080301,13.800000190734863,True
h_17,WSPBEE,1.0053587632656107,-3.208898097547613,138.0,True
h_17,WSPERF,0.9233787015391193,-12.08376413610255,69.0,True
h_17,WSPEVF,,,,False
h_17,WSPM2E,1.0054374989250718,-3.181189153266257,138.0,True
h_17,WSPMAE,1.0038808895141333,-3.3365474789479275,138.0,True
h_17,WSPMAF,0.9881501508515663,-8.18281293319494,69.0,True
h_17,WSPMBE,1.0038808895141333,-3.3365474789479275,138.0,True
h_17,WSPRIF,0.8987874809624343,-13.278526260860975,69.0,True
h_17,WSRODE,0.9839091765936948,-12.272701858699516,138.0,True
h_17,WSYASF,0.9932977708472429,-26.35894312756256,69.0,True
h_17,WSYEGF,0.9935808013553558,-11.865442624277593,69.0,True
h_17,WTAAGK,,,,False
h_17,WTAAVK,,,,False
h_17,WTAG1K,,,,False
h_17,WTAG2K,,,,False
h_17,WTAMAF,0.9703156727025256,-10.236405813633493,69.0,True
h_17,WTANOK,,,,False
h_17,WTAV1K,0.9999999999999998,-10.623161089945382,13.800000190734863,True
h_17,WTAVBE,,,,False
h_17,WTBA1K,,,,False
h_17,WTBA2K,,,,False
h_17,WTCE1K,,,,False
h_17,WTCE2K,,,,False
h_17,WTCEMK,,,,False
h_17,WTDAJK,,,,False
h_17,WTEMPF,0.9419622926196586,-9.35762624863706,69.0,True
h_17,WTESAK,,,,False
h_17,WTFA1K,,,,False
h_17,WTFA2K,,,,False
h_17,WTFA3K,,,,False
h_17,WTHAGK,,,,False
h_17,WTHAIF,0.9678635554281685,-10.530094010282347,69.0,True
h_17,WTIM2E,0.9841339266063885,-8.308944686291893,138.0,True
h_17,WTIM2F,0.9497259034511533,-8.637293664844881,69.0,True
h_17,WTIMBF,0.9490037849372402,-8.73204284524236,69.0,True
h_17,WTIREF,0.9952227710541206,-34.07907547790388,69.0,True
h_17,WTIT1K,,,,False
h_17,WTIT2K,,,,False
h_17,WTJI1K,,,,False
h_17,WTJI2K,,,,False
h_17,WTJIMK,,,,False
h_17,WTLANK,,,,False
h_17,WTMAGK,,,,False
h_17,WTMBBF,,,,True
h_17,WTMI5K,,,,False
h_17,WTMI6K,,,,False
h_17,WTMNTK,,,,False
h_17,WTMONK,,,,False
h_17,WTMR1K,,,,False
h_17,WTMR2K,,,,False
h_17,WTNNAK,,,,False
h_17,WTORGF,1.0106461736503751,-13.364937574670599,69.0,True
h_17,WTPA1K,,,,False
h_17,WTPG1K,,,,False
h_17,WTPG2K,,,,False
h_17,WTPG3K,,,,False
h_17,WTPI1K,,,,False
h_17,WTPI2K,,,,False
h_17,WTRINK,,,,False
h_17,WTRJCK,,,,False
h_17,WTROQF,0.9986632951459696,-20.92871115001429,69.0,True
h_17,WTSABK,,,,False
h_17,WTSE1K,,,,False
h_17,WTSFVK,,,,False
h_17,WTSPVK,,,,False
h_17,WTSYEK,,,,False
h_17,WTTA1K,,,,False
h_17,WTTA2K,,,,False
h_17,WTTITF,0.948399207706479,-8.75152752000167,69.0,True
h_17,WTTO1K,,,,False
h_17,WTVA1K,,,,False
h_17,WTVA2K,,,,False
h_17,WTVE1K,,,,False
h_17,WTZFPF,,,,False
h_17,WUASDE,0.9855818612884373,-9.151558083538916,138.0,True
h_17,WUMEDF,0.9784343658542134,-16.283309469207808,69.0,True
h_17,WVALBE,1.004581861063358,-7.268850722766417,138.0,True
h_17,WVALDE,1.004581861063358,-7.268850722766417,138.0,True
h_17,WVALLF,0.9928513843642665,-11.93176464274084,69.0,True
h_17,WVALTF,0.9532947476617544,-18.07366118641148,69.0,True
h_17,WVDU1E,,,,True
h_17,WVDUAF,,,,False
h_17,WVILAE,,,,False
h_17,WVILLF,0.9915228060980205,-12.193554115619234,69.0,True
h_17,WVMAOE,0.9936743707108674,-11.816198269398495,138.0,True
h_17,WVMELE,0.9823805768308139,-8.823917128785064,138.0,True
h_17,WVNOBF,0.9858868845043196,-12.406403070872086,69.0,True
h_17,WVOLGF,0.9785891237037632,-16.27614112517923,69.0,True
h_17,WX1PAK,,,,False
h_17,WXABIF,0.9708410250382397,-21.916238989392845,69.0,True
h_17,WXABRF,1.0021925060209527,-12.050761835320527,69.0,True
h_17,WXAD2F,0.9936809117440807,-14.852793779992592,69.0,True
h_17,WXADOF,0.9938175807090794,-14.954522339138336,69.0,True
h_17,WXAHGF,0.970145497792566,-15.615506712021078,69.0,True
h_17,WXAHMF,0.9709652177687924,-29.17160783454073,69.0,True
h_17,WXAISF,0.9917466098025732,-15.108963898500072,69.0,True
h_17,WXALDF,1.0106153146321755,-13.368164789032058,69.0,True
h_17,WXALIF,0.9727225804318509,-15.53233063563844,69.0,True
h_17,WXAORF,0.9618402816957694,-10.289532450417285,69.0,True
h_17,WXAPFF,0.996792924829106,-19.010816484117267,69.0,True
h_17,WXAPPF,1.0113632037538585,-23.847651291908033,69.0,True
h_17,WXAQUF,,,,False
h_17,WXARDF,0.9938893461026758,-15.00531837717548,69.0,True
h_17,WXASOF,1.0103089201883224,-24.590166581416472,69.0,True
h_17,WXBA1F,,,,False
h_17,WXBA2F,,,,True
h_17,WXBASF,0.9517851891540297,-10.204402593865424,69.0,True
h_17,WXBAYF,,,,False
h_17,WXBDEF,0.9611101683244355,-22.474260072212875,69.0,True
h_17,WXBLEF,0.9591857624510781,-9.865972166771927,69.0,True
h_17,WXBMAF,0.9814188892948713,-14.948899185353607,69.0,True
h_17,WXBOHF,0.9865067974777884,-12.576468194518155,69.0,True
h_17,WXBPEF,0.9913562214492747,-19.492135361156173,69.0,True
h_17,WXCA1K,1.0148941019496018,-6.678092657804509,34.5,True
h_17,WXCABF,0.9531139355467417,-17.3770135124139,69.0,True
h_17,WXCANF,,,,False
h_17,WXCARF,0.9756290748247448,-12.635037966628603,69.0,True
h_17,WXCATF,0.951496165042242,-9.176850358924398,69.0,True
h_17,WXCB2F,,,,False
h_17,WXCBAF,0.9836818818606454,-12.537989810931904,69.0,True
h_17,WXCC1E,,,,False
h_17,WXCC3E,,,,False
h_17,WXCCOF,0.9938751253835072,-15.006563888330703,69.0,True
h_17,WXCDAF,0.9691264441976116,-17.32825220645204,69.0,True
h_17,WXCDLF,0.968883780581549,-28.895256426688444,69.0,True
h_17,WXCENF,0.9641738159555283,-28.88700773834373,69.0,True
h_17,WXCHAF,0.9897843302932465,-10.81563461211532,69.0,True
h_17,WXCIGF,0.9877964510064183,-8.199474482127735,69.0,True
h_17,WXCINF,0.9534780404715335,-18.065785986278428,69.0,True
h_17,WXCNAF,0.9808806703171118,-8.45512859720058,69.0,True
h_17,WXCOCF,,,,False
h_17,WXCODF,0.9844896070156564,-10.092744319799534,69.0,True
h_17,WXCORF,0.973010533178772,-24.17059115961852,69.0,True
h_17,WXCSAF,0.9727847482896299,-17.096713244448722,69.0,True
h_17,WXCTAF,0.9782413790224185,-25.112042328054628,69.0,True
h_17,WXCU1K,0.9943448721601669,-3.32328468997185,34.5,True
h_17,WXCU2K,0.9943448721601669,-3.32328468997185,34.5,True
h_17,WXCU4K,0.9943448721601669,-3.32328468997185,34.5,True
h_17,WXDBRF,0.9877964510064183,-8.199474482127735,69.0,True
h_17,WXDISF,0.9481122947438168,-17.810384236886033,69.0,True
h_17,WXDROF,0.9871721976179898,-12.516356763789632,69.0,True
h_17,WXDURF,,,,False
h_17,WXEANF,0.9965545308602465,-19.022349882710696,69.0,True
h_17,WXECHF,0.9603640748550663,-28.35367204425675,69.0,True
h_17,WXES2K,,,,False
h_17,WXES3K,,,,False
h_17,WXESPF,0.9531027552953524,-22.86843346308769,69.0,True
h_17,WXEV4K,1.019999980926514,-3.2055565493313756,13.800000190734863,True
h_17,WXGALF,0.9416139016915314,-9.910803138954112,69.0,True
h_17,WXGAVF,0.9640965333290316,-9.075403172162392,69.0,True
h_17,WXGBOF,0.9896154883837688,-12.007414367827538,69.0,True
h_17,WXGOYF,0.9917466098025732,-15.108963898500072,69.0,True
h_17,WXGPLF,0.9397916758571674,-10.098258012842836,69.0,True
h_17,WXGRCF,,,,False
h_17,WXGRMF,0.9459294288271801,-10.06878544969065,69.0,True
h_17,WXGRSF,0.9672197357969411,-28.550226068510938,69.0,True
h_17,WXGU2F,0.9932309169852442,-11.875656616161937,69.0,True
h_17,WXHACF,0.9844563247958356,-10.096199514654407,69.0,True
h_17,WXHE1F,1.010711767928103,-13.348375685085893,69.0,True
h_17,WXHE2F,,,,False
h_17,WXHHIF,0.9870317822730836,-8.228631599363256,69.0,True
h_17,WXHJBF,0.9786646207494307,-27.699030302077297,69.0,True
h_17,WXHMSF,0.9826614412756688,-16.02287946226186,69.0,True
h_17,WXHNAF,,,,False
h_17,WXHNUF,0.9526533157593066,-17.41398807739702,69.0,True
h_17,WXIBAF,1.0018682178551892,-12.144803326904235,69.0,True
h_17,WXICAF,0.993399534375356,-13.672700959153136,69.0,True
h_17,WXICNF,,,,False
h_17,WXIDAF,0.9788603571059765,-28.00289212379286,69.0,True
h_17,WXIDUF,0.9729405833567619,-16.967461033119935,69.0,True
h_17,WXIISF,0.9459868016477745,-8.935064376154754,69.0,True
h_17,WXIMBF,0.9914364276490089,-20.70740758860462,69.0,True
h_17,WXINAF,0.9465182612886299,-8.915246244443638,69.0,True
h_17,WXINDF,0.9812753448493645,-28.901233354592197,69.0,True
h_17,WXINVF,0.9376464115607933,-10.314898505152005,69.0,True
h_17,WXIPRF,,,,False
h_17,WXIPSF,0.9729405833567619,-16.967461033119935,69.0,True
h_17,WXJIMF,0.9848220752003887,-31.495865466530347,69.0,True
h_17,WXJINF,0.9798624450228358,-19.039160192533114,69.0,True
h_17,WXKINF,0.9964945690807201,-12.943452859071897,69.0,True
h_17,WXKVEF,0.9435578615395024,-9.863715886782554,69.0,True
h_17,WXLADF,0.9406520509129722,-9.83982337463996,69.0,True
h_17,WXLALF,,,,False
h_17,WXLC1E,1.0090387885463308,-10.516771081053207,138.0,True
h_17,WXLCAF,0.9431115778189921,-9.664821889594606,69.0,True
h_17,WXLCBF,0.9813997375033566,-21.72106016255748,69.0,True
h_17,WXLFAF,0.9827663510808352,-14.728991500593699,69.0,True
h_17,WXLPAF,0.9425584944701586,-9.003076661202769,69.0,True
h_17,WXLPEF,0.9771140895813574,-25.861845679853122,69.0,True
h_17,WXLUCK,1.002064944730159,-11.67886777817413,34.5,True
h_17,WXLULF,1.0017850019157306,-11.757255429939113,69.0,True
h_17,WXLUPF,,,,True
h_17,WXMAGF,0.992670542175368,-12.253946291837932,69.0,True
h_17,WXMAIF,0.9738552672483716,-23.653468649270415,69.0,True
h_17,WXMALF,0.9796720451494131,-12.086683297881113,69.0,True
h_17,WXMARF,0.9487032017590995,-10.110725235139647,69.0,True
h_17,WXMATK,0.9708995779220707,-27.71905125378467,34.5,True
h_17,WXMEGF,0.9431244273451554,-9.339692722787992,69.0,True
h_17,WXMETE,,,,False
h_17,WXMETF,0.9896154883837688,-12.007414367827538,69.0,True
h_17,WXMOZF,,,,False
h_17,WXMPAF,0.9404549132549176,-9.509072272569785,69.0,True
h_17,WXMPGK,,,,False
h_17,WXMPSF,0.8340922139961506,-16.858011476983293,69.0,True
h_17,WXMV2F,0.9918655785388009,-15.552623755752544,69.0,True
h_17,WXMVAF,,,,False
h_17,WXNAGF,,,,False
h_17,WXNOVF,0.98508418843864,-11.59977172683413,69.0,True
h_17,WXOC2F,0.9959011480565128,-19.071112408035123,69.0,True
h_17,WXOFAF,1.0094636829546622,-13.608234892196815,69.0,True
h_17,WXOLVF,0.9790025704917035,-21.017148609588315,69.0,True
h_17,WXPA1K,1.0000000000000002,-9.01760826292071,11.0,True
h_17,WXPA3K,0.9999999999999998,-9.003589689063809,15.0,True
h_17,WXPA4K,1.0,-8.98985433634324,11.0,True
h_17,WXPC2F,0.9494184553908039,-9.12561760264251,69.0,True
h_17,WXPCGF,0.9675146929506384,-17.409276265054732,69.0,True
h_17,WXPCIF,0.9544690855394714,-8.724022505922495,69.0,True
h_17,WXPETF,0.9795475686712702,-12.095536001468567,69.0,True
h_17,WXPFLF,1.0106722044070318,-13.358469732818659,69.0,True
h_17,WXPFSK,0.9938418234854908,-13.63560542982021,34.5,True
h_17,WXPGAF,1.003240702479788,-21.593060894240367,69.0,True
h_17,WXPGMF,1.0017850019157306,-11.757255429939113,69.0,True
h_17,WXPHAF,0.9947929577357819,-11.91527620581757,69.0,True
h_17,WXPI4K,1.0000000000000007,-25.632358358076075,13.800000190734863,True
h_17,WXPIDF,1.0017850019157306,-11.757255429939113,69.0,True
h_17,WXPINF,,,,False
h_17,WXPLCF,0.9762631468220647,-15.922311702263272,69.0,True
h_17,WXPPEF,1.0099218870272966,-21.494400423476545,69.0,True
h_17,WXPPLF,,,,False
h_17,WXPPRF,0.9923611756683025,-21.313847989382058,69.0,True
h_17,WXPS1K,1.0048935599737088,-10.637838169887035,34.5,True
h_17,WXPY1K,,,,False
h_17,WXQAZF,,,,False
h_17,WXQCOF,0.9938178510956952,-12.40922860392505,69.0,True
h_17,WXRARF,0.9811306437768053,-21.73716143111834,69.0,True
h_17,WXRIEF,,,,False
h_17,WXRINF,0.9784344561258634,-25.346963265988652,69.0,True
h_17,WXSADF,,,,False
h_17,WXSESE,1.0045445596879052,-3.2776780671891204,138.0,True
h_17,WXSESF,0.9858566238817419,-8.387785404100526,69.0,True
h_17,WXSI1K,1.0000000000000002,-4.235365609776942,13.800000190734863,True
h_17,WXSODF,0.9918603482047553,-15.553155216175435,69.0,True
h_17,WXSOSF,1.006242355846128,-25.000709264736802,69.0,True
h_17,WXSPRF,0.8987874809624343,-13.278526260860975,69.0,True
h_17,WXSYEF,0.9931685509508922,-11.932580959753718,69.0,True
h_17,WXTAMF,0.9427187358879033,-9.351454956289876,69.0,True
h_17,WXTDAF,0.9306686327458991,-11.435609485373341,69.0,True
h_17,WXTH1F,0.9678633656808824,-10.530090941122454,69.0,True
h_17,WXTH2F,0.9678634678836722,-10.530092594251315,69.0,True
h_17,WXTISF,0.994766875854307,-15.363498142764264,69.0,True
h_17,WXTREFF,0.9884806403782953,-12.101296786076142,69.0,True
h_17,WXTROF,0.9986768960831717,-20.928121187426274,69.0,True
h_17,WXTTIF,0.948399207706479,-8.75152752000167,69.0,True
h_17,WXVALF,0.9532947476617544,-18.07366118641148,69.0,True
h_17,WXVILF,0.9915228060980205,-12.193554115619234,69.0,True
h_17,WXVL1K,,,,False
h_17,WXWC2K,0.996805826833747,-5.531202790768575,34.5,True
h_17,WXWC3K,0.996805826833747,-5.531202790768575,34.5,True
h_17,WXYAGF,0.9926519580058687,-13.857605061541442,69.0,True
h_17,WXZAMF,0.9406520509129722,-9.83982337463996,69.0,True
h_17,WXZFBF,,,,False
h_17,WXZFHF,,,,False
h_17,WXZFNF,,,,False
h_17,WXZGUF,0.9910842651909471,-21.548435228666452,69.0,True
h_17,WXZHAF,0.9372175715315532,-10.3469829324179,69.0,True
h_17,WXZISF,,,,False
h_17,WXZPPF,,,,False
h_17,WXZSPF,0.9832175574987361,-8.708407457364652,69.0,True
h_17,WYAGUF,0.9926519580058687,-13.857605061541442,69.0,True
h_17,WYAMAF,0.8556954751726957,-15.915852232225554,69.0,True
h_17,WZFALF,,,,False
h_17,WZFAMF,,,,False
h_17,WZFBAF,,,,False
h_17,WZFDRF,,,,False
h_17,WZFESF,,,,False
h_17,WZFGIF,,,,False
h_17,WZFGUF,,,,False
h_17,WZFISF,,,,False
h_17,WZFLIF,,,,False
h_17,WZFMCF,,,,False
h_17,WZFPPF,,,,False
h_17,WZFS2F,,,,False
h_17,WZFSAE,,,,False
h_17,WZFSAF,,,,False
h_17,WZFSFF,,,,False
h_17,WZFSIF,,,,False
h_17,WZFSPF,,,,False
h_17,WZFVAF,,,,False
h_17,WZFVEF,,,,False
h_17,WZHAIF,0.9372177458881239,-10.346989844118868,69.0,True
h_17,ZXOJIF,,,,False
h_18,WAANDE,1.0015838175496565,0.3025528369649014,138.0,True
h_18,WABCOF,0.9871888489239575,-15.318144780585671,69.0,True
h_18,WABISF,0.9667606746807011,-22.299172710792178,69.0,True
h_18,WABRUF,0.9278001344146639,-9.867838667144277,69.0,True
h_18,WACIBF,0.9895095601422531,-19.606631884832908,69.0,True
h_18,WACLAE,1.00420857756198,-9.1375388858852,138.0,True
h_18,WACLAK,1.0056576975552116,-9.144995687653685,34.5,True
h_18,WADMIF,,,,False
h_18,WADOMF,1.009402377358152,-13.383927216072033,69.0,True
h_18,WAGUAE,1.0040627554056996,-7.114389291533664,138.0,True
h_18,WAGUBE,1.0040627554056996,-7.114389291533664,138.0,True
h_18,WAHMIF,0.9659451810583136,-30.611023955647045,69.0,True
h_18,WAHO1E,0.9850853713628569,-8.952586038237435,138.0,True
h_18,WAHO2E,0.9850853713628569,-8.952586038237435,138.0,True
h_18,WAHOBF,0.9809136044923281,-12.0090978066742,69.0,True
h_18,WAHONF,0.9809136044923281,-12.0090978066742,69.0,True
h_18,WAIAMF,,,,False
h_18,WAIAZF,,,,False
h_18,WAIBAF,,,,False
h_18,WAIISF,,,,False
h_18,WAISAF,,,,False
h_18,WAISCF,0.9901177751264819,-15.469689571794891,69.0,True
h_18,WAISOF,0.9910459447977243,-26.101626282851498,69.0,True
h_18,WAIUNF,,,,False
h_18,WAIZSF,,,,False
h_18,WAORIF,0.9551734033711315,-10.552999010421829,69.0,True
h_18,WAPERF,0.9776279392176792,-33.68581840554802,69.0,True
h_18,WAPFAF,0.9916527933497632,-19.416049482029287,69.0,True
h_18,WAQUIF,0.9812650155433312,-20.602210646732857,69.0,True
h_18,WASOEF,0.9779728452723401,-12.357391565354341,69.0,True
h_18,WAZUAF,0.9790647620784382,-14.065524415489328,69.0,True
h_18,WBALDF,0.9921480033114617,-19.37411930407028,69.0,True
h_18,WBANIF,0.9815759231049336,-14.9780416198749,69.0,True
h_18,WBAPEF,0.979534629307209,-15.389329401795663,69.0,True
h_18,WBARAF,0.9859681050100437,-11.879132337097886,69.0,True
h_18,WBARCE,,,,False
h_18,WBASIF,0.9489782375316421,-10.308745997138992,69.0,True
h_18,WBAYAE,1.0111870165261814,-7.873506494665454,138.0,True
h_18,WBAYAK,1.0110120165772454,-7.876199970378738,34.5,True
h_18,WBAYOF,0.9822744396234957,-12.619529712078045,69.0,True
h_18,WBCARF,,,,False
h_18,WBCARK,0.9999999999999999,-5.926953023722769,13.800000190734863,True
h_18,WBCHIE,0.993650540561467,-2.903600775918647,138.0,True
h_18,WBCHIF,0.9625832770814153,-7.4462109469142135,69.0,True
h_18,WBDERF,0.9583189929497424,-22.817877898442124,69.0,True
h_18,WBDERK,1.0,-23.072250816788525,13.800000190734863,True
h_18,WBENEF,0.9845306811388892,-13.193597814144944,69.0,True
h_18,WBERSF,,,,False
h_18,WBLECF,0.9521658896412456,-11.249382087446866,69.0,True
h_18,WBMATF,0.9789500790363146,-15.273913398882614,69.0,True
h_18,WBNVFF,,,,False
h_18,WBON2E,0.9911408938735164,-14.060186789711885,138.0,True
h_18,WBON2F,,,,False
h_18,WBON3C,,,,False
h_18,WBON3D,1.0052657398629017,-7.40352682706518,345.0,True
h_18,WBON3E,0.9912248825480509,-14.055824096284274,138.0,True
h_18,WBONAF,0.9811523005558989,-20.352533390707915,69.0,True
h_18,WBOPEF,,,,False
h_18,WBPOPF,0.9828632022595565,-10.063823476268007,69.0,True
h_18,WBVISF,0.9798387596669088,-11.000227249565427,69.0,True
h_18,WCABAF,0.9799625215742196,-27.385993345800472,69.0,True
h_18,WCALAE,1.0114987614779747,-7.445873749911562,138.0,True
h_18,WCALBE,1.0114987614779747,-7.445873749911562,138.0,True
h_18,WCANAE,,,,True
h_18,WCANAF,,,,True
h_18,WCAPOF,0.9371303035626841,-9.661009940436383,69.0,True
h_18,WCATAF,0.9412472181742929,-9.39834323394703,69.0,True
h_18,WCAYAF,0.9605320827498709,-8.960707816949768,69.0,True
h_18,WCBOHF,0.9848397589459023,-12.674286963523327,69.0,True
h_18,WCBYNF,0.948212357304514,-17.50757414315765,69.0,True
h_18,WCC21E,1.0057637530882277,-9.037358465801804,138.0,True
h_18,WCCA2F,1.001972062395971,-11.38252510859158,69.0,True
h_18,WCCABF,1.001855087845169,-11.441784731624155,69.0,True
h_18,WCCARF,0.9405148631174524,-9.403634451128536,69.0,True
h_18,WCCIBF,0.9884648133547729,-22.037889824564413,69.0,True
h_18,WCDAGF,0.9691245003448348,-16.810000811365583,69.0,True
h_18,WCEMEE,1.003555149099873,-3.295770355719435,138.0,True
h_18,WCENOF,0.9571674642838296,-30.467233107017968,69.0,True
h_18,WCEPPF,,,,False
h_18,WCES1K,1.0199999809265137,-3.383301738515896,13.800000190734863,True
h_18,WCES2K,1.0199999809265137,-3.383301738515896,13.800000190734863,True
h_18,WCES3K,1.0199999809265137,-3.3656566177011586,13.800000190734863,True
h_18,WCESPF,0.9502775659844306,-23.20373590441542,69.0,True
h_18,WCESPK,,,,False
h_18,WCINDF,,,,False
h_18,WCLUIE,0.9966869682848012,-4.889328087166143,138.0,True
h_18,WCNACF,,,,False
h_18,WCNPEE,0.983739970120547,-8.81084401776801,138.0,True
h_18,WCNSLF,,,,False
h_18,WCOAPE,0.9972024358046309,-3.828720535727797,138.0,True
h_18,WCOCOF,0.99548095208812,-15.850966874440095,69.0,True
h_18,WCODAF,0.9621804345173868,-30.48162668052791,69.0,True
h_18,WCOHEF,1.0082417965299202,-13.624048035327252,69.0,True
h_18,WCONSF,0.9949891750324441,-36.28171156679599,69.0,True
h_18,WCORMF,0.9685361360897273,-24.967194452140028,69.0,True
h_18,WCOTAE,0.9757272261131164,-5.879914170981509,138.0,True
h_18,WCOTBE,0.9757272261131164,-5.879914170981509,138.0,True
h_18,WCOTUF,0.9673820630015026,-31.247498874248855,69.0,True
h_18,WCPVCF,0.9717546776330924,-16.686432970200848,69.0,True
h_18,WCSATF,0.9729232074605676,-16.59503626204522,69.0,True
h_18,WCSO1K,0.9757272261131164,-5.879914170981509,34.5,True
h_18,WCSO2K,0.9757272261131164,-5.879914170981509,34.5,True
h_18,WCSO3K,0.9757272261131164,-5.879914170981509,34.5,True
h_18,WCSOLK,,,,False
h_18,WCTP1D,,,,False
h_18,WCTP2D,,,,False
h_18,WCUMAE,0.9874791756062635,-4.649898332080985,138.0,True
h_18,WCUMBE,0.9874791756062635,-4.649898332080985,138.0,True
h_18,WCVEGF,0.9766458444659617,-30.43473225737508,69.0,True
h_18,WCZFSF,0.995123158637687,-19.190955839350117,69.0,True
h_18,WDAJAE,0.9790933266310268,-11.754029822046569,138.0,True
h_18,WDAJAF,,,,False
h_18,WDESPF,0.9480704938306787,-8.655274769374556,69.0,True
h_18,WDISDF,0.9467420449972892,-17.644180990884937,69.0,True
h_18,WDJAOE,0.9616401036575322,-8.746123209887555,138.0,True
h_18,WDJAOF,0.9191979102823427,-12.791247664063926,69.0,True
h_18,WDPEDF,0.9840863669376957,-22.248224229417623,69.0,True
h_18,WDRODF,0.9900454761751957,-10.930799710288886,69.0,True
h_18,WDRODK,0.9970814297427677,-10.951196532442482,12.470000267028809,True
h_18,WDRODM,,,,False
h_18,WDURAF,,,,False
h_18,WDUVEF,0.9799199263815634,-18.307677297242613,69.0,True
h_18,WEABAF,,,,False
h_18,WEBRIE,0.9759727116245335,-8.370405828140093,138.0,True
h_18,WECHIF,0.9492342577626735,-30.357596871179645,69.0,True
h_18,WELJIF,0.98674670444355,-22.03574439993947,69.0,True
h_18,WEM21K,0.9999999999999999,-8.481907724112915,13.800000190734863,True
h_18,WEMA2E,,,,False
h_18,WEMA2F,,,,False
h_18,WEMA3F,0.948066974498764,-8.656191699474197,69.0,True
h_18,WEMB2F,,,,False
h_18,WEMB3F,0.9491216600164761,-8.462759730876249,69.0,True
h_18,WEMBAE,0.9824881396605911,-9.738582772143774,138.0,True
h_18,WENADE,1.0015829969938455,0.30238183063619806,138.0,True
h_18,WENE4E,1.0041570728490108,-3.211993328623566,138.0,True
h_18,WEPINF,0.9775863115330503,-12.211369054597116,69.0,True
h_18,WERIOF,0.9893039911042353,-34.53041715702662,69.0,True
h_18,WESEIE,0.9736831874795957,-6.198811661159931,138.0,True
h_18,WESM3F,,,,False
h_18,WESM3K,,,,False
h_18,WESOCE,0.9998277159341099,-3.554182693127756,138.0,True
h_18,WESP1E,0.9986485353121046,-11.223181976076317,138.0,True
h_18,WFALCE,0.99123108834617,-14.05592108427324,138.0,True
h_18,WFALCF,0.9939563443314285,-19.159166975451996,69.0,True
h_18,WFALCK,,,,True
h_18,WFALCM,,,,False
h_18,WFANTF,0.9689022601758542,-26.957363142975268,69.0,True
h_18,WFNEGF,,,,False
h_18,WFOCHF,0.990101014260205,-19.51974388933536,69.0,True
h_18,WFOLAF,,,,False
h_18,WGALAF,0.9402682570314341,-9.868457388239028,69.0,True
h_18,WGBOJF,0.9880729536493286,-12.098256989608576,69.0,True
h_18,WGHACF,0.9830341331876424,-10.05753516469067,69.0,True
h_18,WGIRAE,1.009073469054316,-7.791228564047489,138.0,True
h_18,WGIRAK,1.0162605580187383,-7.810463186612796,34.5,True
h_18,WGMALF,0.976933366946868,-12.29736057217875,69.0,True
h_18,WGNLLE,1.002730388276416,-8.726794480750891,138.0,True
h_18,WGNLLK,1.0043714067299132,-8.734709662475973,34.5,True
h_18,WGOYAF,0.9898252075041699,-15.481149129734579,69.0,True
h_18,WGPALF,0.9775773453362745,-15.128920495299514,69.0,True
h_18,WGPETF,0.9769062999449083,-12.304942755834109,69.0,True
h_18,WGPLAF,0.9384872669891051,-10.055856450008497,69.0,True
h_18,WGRCHF,0.9361898783558761,-10.278340996212307,69.0,True
h_18,WGRSFF,0.960358762657688,-30.165625897521462,69.0,True
h_18,WGU1AD,,,,False
h_18,WGU1BD,,,,False
h_18,WGUA2F,0.9942483669711762,-10.559451735390475,69.0,True
h_18,WGUANE,,,,True
h_18,WGUANF,0.9943151615568173,-10.563992192254581,69.0,True
h_18,WGUAVF,0.9634975923093299,-8.845514317127732,69.0,True
h_18,WGUAYE,0.9961990308736675,-9.412771730422403,138.0,True
h_18,WGUAYF,0.9272301531954938,-11.841507102458255,69.0,True
h_18,WGUERD,1.0014906367419307,-6.044701714642446,345.0,True
h_18,WGUERE,0.9933439031896112,-5.9187101839107585,138.0,True
h_18,WGUERF,0.9387003229073863,-10.25778933004855,69.0,True
h_18,WGVEGF,0.9800977805822971,-29.715382712992735,69.0,True
h_18,WHAIBF,0.9935250621378652,-11.981738626016053,69.0,True
h_18,WHAINE,0.990846540078401,-8.982768582569651,138.0,True
h_18,WHAINF,0.9935250621378652,-11.981738626016053,69.0,True
h_18,WHAT2K,1.0000000000000002,-30.1429241250693,13.800000190734863,True
h_18,WHATIF,0.9733063144463158,-30.0822232626224,69.0,True
h_18,WHATIK,0.9999999999999999,-30.21493598917271,12.5,True
h_18,WHENUF,,,,False
h_18,WHERRE,0.9850882428977745,-9.923905370171541,138.0,True
h_18,WHGMOE,,,,False
h_18,WHGUEE,,,,False
h_18,WHIGUF,1.0114589174852813,-15.907255066068291,69.0,True
h_18,WHJBOF,0.9752486452669046,-28.81362907104948,69.0,True
h_18,WHLINF,,,,False
h_18,WHMA2E,0.9807813898139504,-5.385044939804495,138.0,True
h_18,WHMA2F,0.9673598916918769,-7.143334415863206,69.0,True
h_18,WHMAYF,0.9660551629414954,-7.2450284994498055,69.0,True
h_18,WHMSAF,0.9777522053745052,-16.491506042246765,69.0,True
h_18,WHNACF,,,,False
h_18,WHNS1E,0.9837125286992665,-7.468796240324396,138.0,True
h_18,WHNS1F,0.9691163504815199,-10.300759575972119,69.0,True
h_18,WHNUEF,0.9515064518436366,-17.20597546096817,69.0,True
h_18,WIAANE,0.9958086429265153,-3.762273376201335,138.0,True
h_18,WIBARF,1.001183601443624,-11.470620507577621,69.0,True
h_18,WICAEF,0.9920181722960745,-14.073132048228382,69.0,True
h_18,WICNAF,,,,False
h_18,WIDALF,0.9754454116898263,-29.1456871879024,69.0,True
h_18,WIGASE,,,,False
h_18,WIISAF,0.9449930084613922,-8.858165887516613,69.0,True
h_18,WIMB2F,0.9842034865220955,-21.312442663673057,69.0,True
h_18,WIMBEF,0.9825957249351288,-21.40843998613168,69.0,True
h_18,WINCAF,0.9730206486992634,-16.62701522659835,69.0,True
h_18,WINCAK,1.0,-17.487664402813735,12.470000267028809,True
h_18,WINVBF,0.9606494256923326,-11.06255410441706,69.0,True
h_18,WINVIF,0.9362226270263083,-10.284301436299927,69.0,True
h_18,WIPSIF,,,,False
h_18,WITA1E,0.9924893884414068,-8.761907281935756,138.0,True
h_18,WJARAF,0.9812473760587077,-32.90947072535501,69.0,True
h_18,WJDOLE,0.9999465701677303,-4.126206158295252,138.0,True
h_18,WJIBPE,0.9755470990662598,-18.821385891928397,69.0,True
h_18,WJIGBE,1.0045215068452233,-6.791773385130357,138.0,True
h_18,WJIGUE,1.0045215068452233,-6.791773385130357,138.0,True
h_18,WJIMEF,0.9821498451575743,-32.868096131370734,69.0,True
h_18,WJSAUD,1.0132171058231554,-5.621407180871197,345.0,True
h_18,WJSAUE,,,,False
h_18,WKDMBF,0.9790890028602118,-13.136550249588671,69.0,True
h_18,WKDMEF,0.9720080073856198,-12.957341580439438,69.0,True
h_18,WKINDF,0.9948906720809357,-12.330442536646329,69.0,True
h_18,WKQA1F,0.9957579986137223,-11.525639473352165,69.0,True
h_18,WKQAZE,1.011276007879743,-8.3679174256935,138.0,True
h_18,WKVEIF,,,,False
h_18,WLALFF,,,,False
h_18,WLANGE,0.98791716635429,-15.350521060368855,138.0,True
h_18,WLBARF,,,,False
h_18,WLCALF,0.9430111109778155,-9.22703331564675,69.0,True
h_18,WLCBOF,0.9757517662827041,-22.429293682183072,69.0,True
h_18,WLCOCK,1.0095354974449164,-9.388490464232685,34.5,True
h_18,WLCUAF,0.9430149380293719,-9.069643405489346,69.0,True
h_18,WLDAMF,0.9808383633704295,-18.35985070058134,69.0,True
h_18,WLDAMK,1.0000000000000002,-19.69582714195353,12.5,True
h_18,WLDIAF,0.9828591404399126,-10.063988835722615,69.0,True
h_18,WLGALE,0.9818880945889997,-15.770146420378735,138.0,True
h_18,WLGU2K,1.000819961960627,-12.558798538527432,34.5,True
h_18,WLGUZE,1.000819961960627,-12.558798538527432,138.0,True
h_18,WLGUZK,1.0008057610327143,-12.56028043721153,34.5,True
h_18,WLISAE,0.9845488501903031,-8.687785034275796,138.0,True
h_18,WLLAGF,,,,False
h_18,WLMFAF,0.9810300543177849,-11.850236117054866,69.0,True
h_18,WLMI5E,0.9836937801013178,-7.931607940591514,138.0,True
h_18,WLMI6E,0.9837019754847098,-7.932644252056584,138.0,True
h_18,WLMI7E,0.9838276320342372,-7.882382948888871,138.0,True
h_18,WLMI7K,1.0000000000000002,-7.901023012011284,13.800000190734863,True
h_18,WLMINE,0.9836395478343841,-7.93078029199438,138.0,True
h_18,WLMINF,0.942846951248836,-9.24781412534027,69.0,True
h_18,WLORIE,1.0026818497488192,-3.479698716255812,138.0,True
h_18,WLORIK,1.0490000247955322,-3.566285728421584,12.470000267028809,True
h_18,WLPARF,0.9390327622445629,-9.898421050193631,69.0,True
h_18,WLPENF,0.9722990120347089,-26.892126490815514,69.0,True
h_18,WLPRAE,0.9828461545801581,-9.920561840911454,138.0,True
h_18,WLROME,0.980478459098412,-5.689567751200289,138.0,True
h_18,WLROMF,0.978945877534637,-10.143482397107864,69.0,True
h_18,WLRPUF,0.9737342129082429,-10.685002697403464,69.0,True
h_18,WLTORF,0.9973592197091807,-11.197796764042051,69.0,True
h_18,WLUCIF,0.9998821184979064,-12.188445178457188,69.0,True
h_18,WLUPEF,0.9764930270054298,-22.010187530049055,69.0,True
h_18,WLVEGF,0.9767394538273141,-30.429755693340642,69.0,True
h_18,WLVICE,0.984450012931824,-7.318395622125228,138.0,True
h_18,WLVICK,0.984450012931824,-7.318395622125228,34.5,True
h_18,WLVPEF,0.9774216591486063,-30.78586737990604,69.0,True
h_18,WMAGUF,0.9939168556610256,-11.176443990254283,69.0,True
h_18,WMAIMF,0.9704261764789901,-24.356114138338484,69.0,True
h_18,WMARAF,0.9475767471379628,-10.13246057192696,69.0,True
h_18,WMARAK,0.9475767471379628,-10.13246057192696,13.800000190734863,True
h_18,WMARTF,0.9213491135228647,-12.309814786445077,69.0,True
h_18,WMARTK,0.9213491135228647,-12.309814786445077,34.5,True
h_18,WMAT1E,0.9606830893253181,-31.170814275762254,138.0,True
h_18,WMATAE,0.9845130979976957,-9.427806302105052,138.0,True
h_18,WMATBE,0.9845130979976957,-9.427806302105052,138.0,True
h_18,WMEGAF,0.9411480906533944,-9.339548765688546,69.0,True
h_18,WMERCF,0.9769062999449083,-12.304942755834109,69.0,True
h_18,WMETAE,0.9845306935568887,-9.42962591040794,138.0,True
h_18,WMETAK,0.9900000095367429,-9.77878299888642,13.199999809265137,True
h_18,WMETBF,0.9830921086568521,-10.051941540020184,69.0,True
h_18,WMETEE,0.9922722751879732,-8.80213884984571,138.0,True
h_18,WMETEF,0.9882239137371187,-12.065300597922361,69.0,True
h_18,WMETRE,0.9850657061212184,-8.863425698523141,138.0,True
h_18,WMETRF,0.9830921086568521,-10.051941540020184,69.0,True
h_18,WMIR1E,0.9936014976981787,-5.846247431641222,138.0,True
h_18,WMIRAK,0.9936014976981787,-5.846247431641222,34.5,True
h_18,WMLTPF,0.9857222464498893,-12.307877354432648,69.0,True
h_18,WMOCAE,0.9648387990267265,-20.356927971442,138.0,True
h_18,WMOCAF,0.9606556199519932,-27.083463197545168,69.0,True
h_18,WMONCE,0.9932772244019933,-10.554700694494313,138.0,True
h_18,WMONTE,0.9838334081211692,-10.904174251047968,138.0,True
h_18,WMOZAF,0.9476547665824189,-8.80323845387574,69.0,True
h_18,WMP2AE,0.994098098415898,-5.704493094539749,138.0,True
h_18,WMP2BE,0.994098098415898,-5.704493094539749,138.0,True
h_18,WMPALF,0.9405457676507376,-9.57150298294796,69.0,True
h_18,WMPALK,0.9405457676507376,-9.57150298294796,34.5,True
h_18,WMPL1D,,,,False
h_18,WMPL2D,,,,False
h_18,WMPLAF,0.799851034234372,-21.564619560063385,69.0,True
h_18,WMPSOE,,,,False
h_18,WMPSOF,0.7998916310531134,-21.554068665550243,69.0,True
h_18,WMPSOK,0.7998916310531134,-21.554068665550243,20.0,True
h_18,WMRI2E,1.0103579305477037,-8.39483351565055,138.0,True
h_18,WMTFNE,1.0264549395975613,-6.983214040312405,138.0,True
h_18,WMTFNK,1.0714557237681235,-7.030516479088843,34.5,True
h_18,WMULTF,0.9449364477875806,-8.860194085105178,69.0,True
h_18,WMVCIF,0.9875468542994547,-22.000292705328384,69.0,True
h_18,WMVIEF,0.9900857512213489,-15.903002554785388,69.0,True
h_18,WNAG2E,0.9607893663894704,-31.249568433506575,138.0,True
h_18,WNAG2F,,,,True
h_18,WNAGUF,0.9604418960994735,-33.935033727369486,69.0,True
h_18,WNARAD,0.9902877534997571,-10.959894937090045,345.0,True
h_18,WNARAE,,,,False
h_18,WNAV2E,0.9970992592363838,-11.696659340639474,138.0,True
h_18,WNAVAF,0.9686897804233032,-22.185064750713295,69.0,True
h_18,WNEYBF,0.9528296525301787,-19.71296270503064,69.0,True
h_18,WNIBAE,0.9804803826218584,-16.07713785382534,138.0,True
h_18,WNOVOF,0.9837111511743469,-11.69635912074824,69.0,True
h_18,WOFALF,1.0082510411968724,-13.624424232318468,69.0,True
h_18,WOJIVF,0.9911928548666874,-12.041995173663219,69.0,True
h_18,WPAK0E,,,,False
h_18,WPAK2E,1.0099870131201707,-8.392904318135539,138.0,True
h_18,WPAK5E,1.0099870131201707,-8.392904318135539,138.0,True
h_18,WPAK6E,1.0099870131201707,-8.392904318135539,138.0,True
h_18,WPAL1E,0.9907068212151154,-9.090074373150136,138.0,True
h_18,WPALAF,0.9775773453362745,-15.128920495299514,69.0,True
h_18,WPALBE,1.013035511400021,-8.730582842976546,138.0,True
h_18,WPALBF,0.9896182450581258,-11.176167768252466,69.0,True
h_18,WPALEE,1.013035511400021,-8.730582842976546,138.0,True
h_18,WPAQ1K,1.0499999523162844,-11.3276518718142,4.159999847412109,True
h_18,WPARAE,0.9868940391632969,-8.856044078416678,138.0,True
h_18,WPAYAE,,,,False
h_18,WPAYBE,,,,False
h_18,WPAYIF,0.9755901368685871,-34.70758401153353,69.0,True
h_18,WPBAJF,0.9839868063302463,-33.35782803174339,69.0,True
h_18,WPBBAE,,,,False
h_18,WPBLAD,,,,False
h_18,WPCA1K,1.0499999523162842,0.0,22.0,True
h_18,WPCA2K,1.0499999523162842,2.8884777651232145,22.0,True
h_18,WPCATE,,,,False
h_18,WPCGLF,0.9674336217705618,-16.89404171828945,69.0,True
h_18,WPCIBF,0.9495435698552012,-8.594743698014323,69.0,True
h_18,WPDISF,,,,False
h_18,WPDIVF,0.968076168777452,-15.869494202414089,69.0,True
h_18,WPDORE,,,,True
h_18,WPDORF,0.9971092579986104,-22.553297028411304,69.0,True
h_18,WPEBPE,1.0108935589460022,-9.5477172473814,138.0,True
h_18,WPERAE,1.0115122514529848,-7.4367189872402815,138.0,True
h_18,WPERBE,1.0115122514529848,-7.4367189872402815,138.0,True
h_18,WPES1K,1.0115122514529848,-7.4367189872402815,34.5,True
h_18,WPES2K,1.0115122514529848,-7.4367189872402815,34.5,True
h_18,WPFLEF,,,,False
h_18,WPFMSK,0.9961990308736675,-9.412771730422403,20.0,True
h_18,WPGARF,0.9921681546035713,-22.529152686077584,69.0,True
h_18,WPHAIF,0.9933043514826442,-11.999156560619504,69.0,True
h_18,WPIDUF,0.9730617330297097,-16.481059262281075,69.0,True
h_18,WPIISF,,,,False
h_18,WPIMCF,0.9867159780185722,-19.7989753686013,69.0,True
h_18,WPIMEE,0.9801789926748739,-27.823462488566935,138.0,True
h_18,WPIMEF,0.9719160454420904,-31.90845071001474,69.0,True
h_18,WPINAF,1.029801466848814,-16.8154203409046,69.0,True
h_18,WPIZAE,1.0078612349447822,-7.909254935493016,138.0,True
h_18,WPIZAF,0.9996989751562387,-12.227728679718032,69.0,True
h_18,WPIZBF,,,,False
h_18,WPLASF,0.9826231766075993,-11.789425902336996,69.0,True
h_18,WPLCCF,0.9757657171086878,-15.618635214772109,69.0,True
h_18,WPLINF,0.9825351171717267,-13.518093356893631,69.0,True
h_18,WPLM1E,1.016092132871535,-7.5337791957355895,138.0,True
h_18,WPLM1K,1.0199999809265132,-7.5856522616439275,13.800000190734863,True
h_18,WPLM2K,1.0199999809265134,-7.618183466702749,13.800000190734863,True
h_18,WPP22E,0.9974923854956953,-14.488975944275879,138.0,True
h_18,WPPELF,0.9973024566053875,-22.480180223220245,69.0,True
h_18,WPPL2F,,,,True
h_18,WPPLAF,1.0048053061293625,-20.486891319151166,69.0,True
h_18,WPPLBF,,,,False
h_18,WPPLIF,0.9676252681788036,-22.249734301304926,69.0,True
h_18,WPPRIF,0.9870014531694004,-22.023703355094685,69.0,True
h_18,WPSCEF,0.9731540568398226,-16.777901553214168,69.0,True
h_18,WPSESK,,,,False
h_18,WPVIEE,,,,False
h_18,WQ1SPK,1.0,-14.327816295232529,13.800000190734863,True
h_18,WQCORF,0.9960831448489795,-11.539762848075366,69.0,True
h_18,WQU11D,1.0068014409327424,-14.227411130780377,230.0,True
h_18,WQU12K,1.0,-14.331945420929157,13.800000190734863,True
h_18,WQU21D,1.0068014409327424,-14.227411130780377,230.0,True
h_18,WQU21K,1.0,-14.331945420929157,13.800000190734863,True
h_18,WQUINF,0.9805135539963805,-20.69348882159351,69.0,True
h_18,WQUISD,,,,True
h_18,WQUISE,,,,False
h_18,WRARRF,0.9745832239253838,-22.53098376062142,69.0,True
h_18,WRBL1K,,,,False
h_18,WRBL2K,,,,False
h_18,WRBLAF,1.012893873294675,-18.486644422139616,69.0,True
h_18,WRCHAF,0.9821356782756844,-12.20704688967887,69.0,True
h_18,WREFIF,0.9869286837998702,-12.193607960842286,69.0,True
h_18,WRINCF,0.9727842972018214,-26.55687106516572,69.0,True
h_18,WRNUEF,0.9724077799841918,-26.574965744600416,69.0,True
h_18,WRPELF,0.9233046797727226,-11.926122963627108,69.0,True
h_18,WRSJUE,0.9575873837364844,-31.48035235431343,138.0,True
h_18,WRZMOK,,,,False
h_18,WSABAF,1.0007938269193228,-9.95521104098049,69.0,True
h_18,WSAJ1E,0.9891055213775819,-14.057894901609552,138.0,True
h_18,WSALCE,0.9610738204389279,-22.566312633917555,138.0,True
h_18,WSALIF,0.9869552190309978,-14.81835823654061,69.0,True
h_18,WSAMAE,0.9419467521901084,-33.67354368058872,138.0,True
h_18,WSANCE,0.9477748283478707,-33.09088684015631,138.0,True
h_18,WSANTE,1.0080480543923294,-7.884884138995279,138.0,True
h_18,WSANTK,1.0080480543923294,-7.884884138995279,34.5,True
h_18,WSCANF,0.9878916083700141,-11.735048800551306,69.0,True
h_18,WSCANK,0.9878916083700141,-11.735048800551306,34.5,True
h_18,WSCNOE,0.9954411276802129,-8.558670844751713,138.0,True
h_18,WSESTE,1.00289404861139,-3.4271417412073157,138.0,True
h_18,WSFELE,,,,True
h_18,WSFMAE,0.9619709501600406,-26.175799920677743,138.0,True
h_18,WSFMAF,0.9577107157151443,-29.642233543789427,69.0,True
h_18,WSIBBE,0.9938790595579621,-2.841664968693011,138.0,True
h_18,WSJMAF,0.9694522937944753,-21.019081141845973,69.0,True
h_18,WSJOCF,0.9778791237791169,-16.558044922688453,69.0,True
h_18,WSJU2E,1.0079529473675088,-8.550153650384665,138.0,True
h_18,WSJU2F,0.9966960107494074,-10.280013968221807,69.0,True
h_18,WSJUAF,0.9932810965349402,-10.529047154269776,69.0,True
h_18,WSKAPF,0.9769723472204971,-12.300936233987805,69.0,True
h_18,WSLCOE,,,,False
h_18,WSLORK,1.0000000000000002,-8.758820448038502,13.800000190734863,True
h_18,WSMARF,0.9683895311331044,-7.160394544768563,69.0,True
h_18,WSODOF,0.9900740078997895,-15.90417302632929,69.0,True
h_18,WSOSUF,0.9893880218673816,-26.354155496296357,69.0,True
h_18,WSPB1K,1.049999952316284,-3.5510765107323015,13.800000190734863,True
h_18,WSPBEE,1.0038840888063838,-3.3171419319412503,138.0,True
h_18,WSPERF,0.9110630604989469,-13.523288074246485,69.0,True
h_18,WSPEVF,,,,False
h_18,WSPM2E,1.0041570728490108,-3.211993328623566,138.0,True
h_18,WSPMAE,1.0020483415639014,-3.5216869789903473,138.0,True
h_18,WSPMAF,0.9871054968753833,-8.185342432382093,69.0,True
h_18,WSPMBE,1.0020483415639014,-3.5216869789903473,138.0,True
h_18,WSPRIF,0.8795408005165286,-15.436585087490789,69.0,True
h_18,WSRODE,0.9818173317918125,-11.638388029456252,138.0,True
h_18,WSYASF,0.9749712015886526,-27.882775322358558,69.0,True
h_18,WSYEGF,0.9945791780204791,-10.599986824689156,69.0,True
h_18,WTAAGK,,,,False
h_18,WTAAVK,,,,False
h_18,WTAG1K,,,,False
h_18,WTAG2K,,,,False
h_18,WTAMAF,0.9681567783929476,-10.312320627264938,69.0,True
h_18,WTANOK,,,,False
h_18,WTAV1K,1.0000000000000002,-11.039896269480792,13.800000190734863,True
h_18,WTAVBE,,,,False
h_18,WTBA1K,,,,False
h_18,WTBA2K,,,,False
h_18,WTCE1K,,,,False
h_18,WTCE2K,,,,False
h_18,WTCEMK,,,,False
h_18,WTDAJK,,,,False
h_18,WTEMPF,0.9405879470365793,-9.305743327213614,69.0,True
h_18,WTESAK,,,,False
h_18,WTFA1K,,,,False
h_18,WTFA2K,,,,False
h_18,WTFA3K,,,,False
h_18,WTHAGK,,,,False
h_18,WTHAIF,0.9655985263573635,-10.614118724323914,69.0,True
h_18,WTIM2E,0.9823915911494718,-8.34603122141367,138.0,True
h_18,WTIM2F,0.9487789609286585,-8.561547210934473,69.0,True
h_18,WTIMBF,0.9480704938306787,-8.655274769374556,69.0,True
h_18,WTIREF,0.9917372196003721,-35.625319981250286,69.0,True
h_18,WTIT1K,,,,False
h_18,WTIT2K,,,,False
h_18,WTJI1K,,,,False
h_18,WTJI2K,,,,False
h_18,WTJIMK,,,,False
h_18,WTLANK,,,,False
h_18,WTMAGK,,,,False
h_18,WTMBBF,,,,True
h_18,WTMI5K,,,,False
h_18,WTMI6K,,,,False
h_18,WTMNTK,,,,False
h_18,WTMONK,,,,False
h_18,WTMR1K,,,,False
h_18,WTMR2K,,,,False
h_18,WTNNAK,,,,False
h_18,WTORGF,1.0094463577922217,-13.378243643193915,69.0,True
h_18,WTPA1K,,,,False
h_18,WTPG1K,,,,False
h_18,WTPG2K,,,,False
h_18,WTPG3K,,,,False
h_18,WTPI1K,,,,False
h_18,WTPI2K,,,,False
h_18,WTRINK,,,,False
h_18,WTRJCK,,,,False
h_18,WTROQF,0.993627778552323,-21.62849968625511,69.0,True
h_18,WTSABK,,,,False
h_18,WTSE1K,,,,False
h_18,WTSFVK,,,,False
h_18,WTSPVK,,,,False
h_18,WTSYEK,,,,False
h_18,WTTA1K,,,,False
h_18,WTTA2K,,,,False
h_18,WTTITF,0.9474715296740199,-8.673761724508434,69.0,True
h_18,WTTO1K,,,,False
h_18,WTVA1K,,,,False
h_18,WTVA2K,,,,False
h_18,WTVE1K,,,,False
h_18,WTZFPF,,,,False
h_18,WUASDE,0.9842168060770796,-9.177654845642074,138.0,True
h_18,WUMEDF,0.9731813579933867,-16.77583206319606,69.0,True
h_18,WVALBE,1.002864660713894,-7.654232654570381,138.0,True
h_18,WVALDE,1.002864660713894,-7.654232654570381,138.0,True
h_18,WVALLF,0.9949035440457852,-10.45221546157007,69.0,True
h_18,WVALTF,0.9519984549965352,-17.612517334278955,69.0,True
h_18,WVDU1E,,,,True
h_18,WVDUAF,,,,False
h_18,WVILAE,,,,False
h_18,WVILLF,0.9926041998302716,-11.021807705650014,69.0,True
h_18,WVMAOE,0.990319418133799,-11.504266593920697,138.0,True
h_18,WVMELE,0.9800801209403399,-8.887788429501763,138.0,True
h_18,WVNOBF,0.9783027000715803,-12.339312933112002,69.0,True
h_18,WVOLGF,0.9733349395508227,-16.76867842326434,69.0,True
h_18,WX1PAK,,,,False
h_18,WXABIF,0.9667850807061005,-22.29803879440381,69.0,True
h_18,WXABRF,1.0012709520748042,-11.401806980612314,69.0,True
h_18,WXAD2F,0.9918307823680239,-15.169386712665402,69.0,True
h_18,WXADOF,0.991974235565227,-15.27544525724344,69.0,True
h_18,WXAHGF,0.9694497607947135,-15.390372787540366,69.0,True
h_18,WXAHMF,0.9661619098344201,-30.59739443408279,69.0,True
h_18,WXAISF,0.9901216100343636,-15.469407942378618,69.0,True
h_18,WXALDF,1.0094046359708195,-13.383716540085972,69.0,True
h_18,WXALIF,0.972037827084895,-15.306792330536009,69.0,True
h_18,WXAORF,0.9598582370808412,-10.36943524245381,69.0,True
h_18,WXAPFF,0.9926478307525909,-19.349292612893752,69.0,True
h_18,WXAPPF,0.9959822593488491,-25.05656160144342,69.0,True
h_18,WXAQUF,,,,False
h_18,WXARDF,0.9920495393933266,-15.328404207589687,69.0,True
h_18,WXASOF,0.9940007565362774,-25.88520981857699,69.0,True
h_18,WXBA1F,,,,False
h_18,WXBA2F,,,,True
h_18,WXBASF,0.9501895013406456,-10.287748020411074,69.0,True
h_18,WXBAYF,,,,False
h_18,WXBDEF,0.9580134353062075,-22.821452014938437,69.0,True
h_18,WXBLEF,0.9521519326502041,-11.24776309809245,69.0,True
h_18,WXBMAF,0.9799047624409702,-15.236151556305135,69.0,True
h_18,WXBOHF,0.9849713443358873,-12.665503443151847,69.0,True
h_18,WXBPEF,0.9889220262006857,-19.97491612398905,69.0,True
h_18,WXCA1K,1.0114987614779747,-7.445873749911562,34.5,True
h_18,WXCABF,0.9523801826394046,-17.151509035585374,69.0,True
h_18,WXCANF,,,,False
h_18,WXCARF,0.9729459252000336,-12.854160673966996,69.0,True
h_18,WXCATF,0.9517393295902165,-8.76777601349351,69.0,True
h_18,WXCB2F,,,,False
h_18,WXCBAF,0.9822190992511328,-12.624088005940127,69.0,True
h_18,WXCC1E,,,,False
h_18,WXCC3E,,,,False
h_18,WXCCOF,0.9920352363437978,-15.329658550390374,69.0,True
h_18,WXCDAF,0.9691577347145045,-16.808250702583884,69.0,True
h_18,WXCDLF,0.9621981257687656,-30.48082897296235,69.0,True
h_18,WXCENF,0.9584874024256947,-30.407473261563126,69.0,True
h_18,WXCHAF,0.9821356782756844,-12.20704688967887,69.0,True
h_18,WXCIGF,0.9867582163752675,-8.200042053949108,69.0,True
h_18,WXCINF,0.9521978044815215,-17.603943176999085,69.0,True
h_18,WXCNAF,0.9801543932999204,-8.390061984345369,69.0,True
h_18,WXCOCF,,,,False
h_18,WXCODF,0.9830921086568521,-10.051941540020184,69.0,True
h_18,WXCORF,0.9698579070635391,-24.887257046389305,69.0,True
h_18,WXCSAF,0.9729739541923449,-16.584351164298056,69.0,True
h_18,WXCTAF,0.9732936058989402,-26.083196605505844,69.0,True
h_18,WXCU1K,0.9871716012925065,-4.65127749577744,34.5,True
h_18,WXCU2K,0.9871716012925065,-4.65127749577744,34.5,True
h_18,WXCU4K,0.9871716012925065,-4.65127749577744,34.5,True
h_18,WXDBRF,0.9867582163752675,-8.200042053949108,69.0,True
h_18,WXDISF,0.9473775925080457,-17.583738760464282,69.0,True
h_18,WXDROF,0.9894076770361843,-11.008565347496308,69.0,True
h_18,WXDURF,,,,False
h_18,WXEANF,0.9923828808414114,-19.361957526845988,69.0,True
h_18,WXECHF,0.9529475660424849,-30.042491279347928,69.0,True
h_18,WXES2K,,,,False
h_18,WXES3K,,,,False
h_18,WXESPF,0.9505933451899478,-23.18796468827857,69.0,True
h_18,WXEV4K,1.0199999809265132,-3.2383991916977535,13.800000190734863,True
h_18,WXGALF,0.9403156134748313,-9.866494541999566,69.0,True
h_18,WXGAVF,0.9641030748011677,-8.84719553029704,69.0,True
h_18,WXGBOF,0.9880729536493286,-12.098256989608576,69.0,True
h_18,WXGOYF,0.9901216100343636,-15.469407942378618,69.0,True
h_18,WXGPLF,0.9384872669891051,-10.055856450008497,69.0,True
h_18,WXGRCF,,,,False
h_18,WXGRMF,0.9447537961514588,-10.105345131787333,69.0,True
h_18,WXGRSF,0.960375707022395,-30.164966367931022,69.0,True
h_18,WXGU2F,0.9942683453465435,-10.557979891083562,69.0,True
h_18,WXHACF,0.9830601523547464,-10.055246861366227,69.0,True
h_18,WXHE1F,1.009501137059659,-13.363895558872468,69.0,True
h_18,WXHE2F,,,,False
h_18,WXHHIF,0.9860256736045593,-8.222371054433154,69.0,True
h_18,WXHJBF,0.9752604874604679,-28.813280916288754,69.0,True
h_18,WXHMSF,0.9777695765698285,-16.490304860140203,69.0,True
h_18,WXHNAF,,,,False
h_18,WXHNUF,0.9519225760867536,-17.188272533578086,69.0,True
h_18,WXIBAF,1.0011958292520131,-11.470146576758504,69.0,True
h_18,WXICAF,0.9920210476640934,-14.073020635128204,69.0,True
h_18,WXICNF,,,,False
h_18,WXIDAF,0.9754527538722505,-29.145131640071085,69.0,True
h_18,WXIDUF,0.9730617330297097,-16.481059262281075,69.0,True
h_18,WXIISF,0.944995592509205,-8.858062479694095,69.0,True
h_18,WXIMBF,0.9836553714897722,-21.351902798959873,69.0,True
h_18,WXINAF,0.9456093303198662,-8.83519766027237,69.0,True
h_18,WXINDF,0.9780576187615795,-30.136626345591292,69.0,True
h_18,WXINVF,0.936363265650651,-10.270856690921983,69.0,True
h_18,WXIPRF,,,,False
h_18,WXIPSF,0.9730617330297097,-16.481059262281075,69.0,True
h_18,WXJIMF,0.9821498451575743,-32.868096131370734,69.0,True
h_18,WXJINF,0.9799199263815634,-18.307677297242613,69.0,True
h_18,WXKINF,0.9959165021632463,-12.262820583092113,69.0,True
h_18,WXKVEF,0.9430740914911105,-9.65956056231537,69.0,True
h_18,WXLADF,0.9405563822204204,-9.402211612538805,69.0,True
h_18,WXLALF,,,,False
h_18,WXLC1E,1.009553942758617,-9.384616288090962,138.0,True
h_18,WXLCAF,0.9430111109778155,-9.22703331564675,69.0,True
h_18,WXLCBF,0.9784964473469889,-22.311153474596615,69.0,True
h_18,WXLFAF,0.9812138940049748,-15.033886578619734,69.0,True
h_18,WXLPAF,0.9390524434880299,-9.896586513746726,69.0,True
h_18,WXLPEF,0.9722990120347089,-26.892126490815514,69.0,True
h_18,WXLUCK,0.9997867921376428,-12.190203651902468,34.5,True
h_18,WXLULF,0.9996989751562387,-12.227728679718032,69.0,True
h_18,WXLUPF,,,,True
h_18,WXMAGF,0.9939168556610256,-11.176443990254283,69.0,True
h_18,WXMAIF,0.9707457293156687,-24.33687462275901,69.0,True
h_18,WXMALF,0.9772107493794001,-12.283348346096338,69.0,True
h_18,WXMARF,0.9472673350343525,-10.195964580849644,69.0,True
h_18,WXMATK,0.9606830893253181,-31.170814275762254,34.5,True
h_18,WXMEGF,0.9417918788760632,-9.287138897904335,69.0,True
h_18,WXMETE,,,,False
h_18,WXMETF,0.9880729536493286,-12.098256989608576,69.0,True
h_18,WXMOZF,,,,False
h_18,WXMPAF,0.9380498043968225,-10.136191998317779,69.0,True
h_18,WXMPGK,,,,False
h_18,WXMPSF,0.799851034234372,-21.564619560063385,69.0,True
h_18,WXMV2F,0.9900857512213489,-15.903002554785388,69.0,True
h_18,WXMVAF,,,,False
h_18,WXNAGF,,,,False
h_18,WXNOVF,0.9828185850048093,-11.780358440924855,69.0,True
h_18,WXOC2F,0.991657030548382,-19.415964830758256,69.0,True
h_18,WXOFAF,1.0082516612808143,-13.624337472780809,69.0,True
h_18,WXOLVF,0.9749273044379263,-21.378621443123034,69.0,True
h_18,WXPA1K,0.9999999999999998,-8.5021591137075,11.0,True
h_18,WXPA3K,1.0000000000000002,-8.488008509871975,15.0,True
h_18,WXPA4K,0.9999999999999997,-8.474342760626538,11.0,True
h_18,WXPC2F,0.9495435698552012,-8.594743698014323,69.0,True
h_18,WXPCGF,0.9674336217705618,-16.89404171828945,69.0,True
h_18,WXPCIF,0.9548009533000567,-8.12571039450031,69.0,True
h_18,WXPETF,0.9770888957679968,-12.29203295781007,69.0,True
h_18,WXPFLF,1.0094681632196745,-13.372641203130339,69.0,True
h_18,WXPFSK,0.9891055213775819,-14.057894901609552,34.5,True
h_18,WXPGAF,0.9922016930935441,-22.52749952468934,69.0,True
h_18,WXPGMF,0.9996989751562387,-12.227728679718032,69.0,True
h_18,WXPHAF,0.9933365813043531,-11.997750925311074,69.0,True
h_18,WXPI4K,1.0000000000000002,-27.89002984581955,13.800000190734863,True
h_18,WXPIDF,0.9996989751562387,-12.227728679718032,69.0,True
h_18,WXPINF,,,,False
h_18,WXPLCF,0.975898043986116,-15.60574731132089,69.0,True
h_18,WXPPEF,0.9973024566053875,-22.480180223220245,69.0,True
h_18,WXPPLF,,,,False
h_18,WXPPRF,0.987027084666313,-22.022735355396957,69.0,True
h_18,WXPS1K,0.9986485353121046,-11.223181976076317,34.5,True
h_18,WXPY1K,,,,False
h_18,WXQAZF,,,,False
h_18,WXQCOF,0.9960831448489795,-11.539762848075366,69.0,True
h_18,WXRARF,0.9782129297842018,-22.32796699038161,69.0,True
h_18,WXRIEF,,,,False
h_18,WXRINF,0.9752289379050614,-26.247522399123437,69.0,True
h_18,WXSADF,,,,False
h_18,WXSESE,1.0029453159845299,-3.427622378791074,138.0,True
h_18,WXSESF,0.9848013596986338,-8.391457817591688,69.0,True
h_18,WXSI1K,1.0,-2.8536441072957,13.800000190734863,True
h_18,WXSODF,0.9900802145356192,-15.903564433328413,69.0,True
h_18,WXSOSF,0.9893880218673816,-26.354155496296357,69.0,True
h_18,WXSPRF,0.8795408005165286,-15.436585087490789,69.0,True
h_18,WXSYEF,0.9941821787374346,-10.686256363924029,69.0,True
h_18,WXTAMF,0.9413715927503464,-9.299341105884888,69.0,True
h_18,WXTDAF,0.9188392799311992,-12.823581508901508,69.0,True
h_18,WXTH1F,0.9655983370541308,-10.614115655164015,69.0,True
h_18,WXTH2F,0.965598439017742,-10.614117308292878,69.0,True
h_18,WXTISF,0.9929578373539267,-15.702808260025728,69.0,True
h_18,WXTREFF,0.9869286837998702,-12.193607960842286,69.0,True
h_18,WXTROF,0.9936454527210019,-21.627729368509726,69.0,True
h_18,WXTTIF,0.9474715296740199,-8.673761724508434,69.0,True
h_18,WXVALF,0.9519984549965352,-17.612517334278955,69.0,True
h_18,WXVILF,0.9926041998302716,-11.021807705650014,69.0,True
h_18,WXVL1K,,,,False
h_18,WXWC2K,0.994098098415898,-5.704493094539749,34.5,True
h_18,WXWC3K,0.994098098415898,-5.704493094539749,34.5,True
h_18,WXYAGF,0.991336969658467,-14.25100672167604,69.0,True
h_18,WXZAMF,0.9405563822204204,-9.402211612538805,69.0,True
h_18,WXZFBF,,,,False
h_18,WXZFHF,,,,False
h_18,WXZFNF,,,,False
h_18,WXZGUF,0.9850016303938254,-22.284911211953702,69.0,True
h_18,WXZHAF,0.9359322827553045,-10.303137718695808,69.0,True
h_18,WXZISF,,,,False
h_18,WXZPPF,,,,False
h_18,WXZSPF,0.9821501688975434,-8.713879736903372,69.0,True
h_18,WYAGUF,0.991336969658467,-14.25100672167604,69.0,True
h_18,WYAMAF,0.8267973568949254,-19.437267089196922,69.0,True
h_18,WZFALF,,,,False
h_18,WZFAMF,,,,False
h_18,WZFBAF,,,,False
h_18,WZFDRF,,,,False
h_18,WZFESF,,,,False
h_18,WZFGIF,,,,False
h_18,WZFGUF,,,,False
h_18,WZFISF,,,,False
h_18,WZFLIF,,,,False
h_18,WZFMCF,,,,False
h_18,WZFPPF,,,,False
h_18,WZFS2F,,,,False
h_18,WZFSAE,,,,False
h_18,WZFSAF,,,,False
h_18,WZFSFF,,,,False
h_18,WZFSIF,,,,False
h_18,WZFSPF,,,,False
h_18,WZFVAF,,,,False
h_18,WZFVEF,,,,False
h_18,WZHAIF,0.9359324568727647,-10.303144630396783,69.0,True
h_18,ZXOJIF,,,,False
h_19,WAANDE,1.0015787292778642,0.790998110480793,138.0,True
h_19,WABCOF,0.9868809079523232,-16.07722356771448,69.0,True
h_19,WABISF,0.9716963037977774,-20.940408609497993,69.0,True
h_19,WABRUF,0.9239576522375091,-10.546617289244924,69.0,True
h_19,WACIBF,0.9952785648645032,-18.25508138919133,69.0,True
h_19,WACLAE,1.0086436058218196,-8.37276137972242,138.0,True
h_19,WACLAK,1.0100994478252172,-8.380169533079725,34.5,True
h_19,WADMIF,,,,False
h_19,WADOMF,1.0102081779070238,-13.226798131268101,69.0,True
h_19,WAGUAE,1.0040370962799077,-7.334473071327837,138.0,True
h_19,WAGUBE,1.0040370962799077,-7.334473071327837,138.0,True
h_19,WAHMIF,0.9739748090708232,-26.11032207624102,69.0,True
h_19,WAHO1E,0.9856973542128699,-8.84420099053027,138.0,True
h_19,WAHO2E,0.9856973542128699,-8.84420099053027,138.0,True
h_19,WAHOBF,0.98196268778591,-11.871685237659962,69.0,True
h_19,WAHONF,0.98196268778591,-11.871685237659962,69.0,True
h_19,WAIAMF,,,,False
h_19,WAIAZF,,,,False
h_19,WAIBAF,,,,False
h_19,WAIISF,,,,False
h_19,WAISAF,,,,False
h_19,WAISCF,0.9918374353127173,-15.668499399473667,69.0,True
h_19,WAISOF,0.9969283727748374,-24.60907393888143,69.0,True
h_19,WAIUNF,,,,False
h_19,WAIZSF,,,,False
h_19,WAORIF,0.9520502960539684,-11.084579825346326,69.0,True
h_19,WAPERF,0.9863707119477947,-29.51420368518145,69.0,True
h_19,WAPFAF,0.9975912110533837,-18.051035056315595,69.0,True
h_19,WAQUIF,0.9870596008358193,-19.231855552527602,69.0,True
h_19,WASOEF,0.973816999878174,-14.073524199859897,69.0,True
h_19,WAZUAF,0.9794289202185384,-14.829887141239917,69.0,True
h_19,WBALDF,0.9981248602869849,-18.00619435089679,69.0,True
h_19,WBANIF,0.9808876568320486,-15.683356961966961,69.0,True
h_19,WBAPEF,0.9788635085824393,-16.100469940689088,69.0,True
h_19,WBARAF,0.9861617694345991,-12.8603017064503,69.0,True
h_19,WBARCE,,,,False
h_19,WBASIF,0.9451340135359092,-10.98103604108746,69.0,True
h_19,WBAYAE,1.009325831100463,-8.90806806826363,138.0,True
h_19,WBAYAK,1.009151153255499,-8.910761543976916,34.5,True
h_19,WBAYOF,0.9804678084467435,-12.737109118379278,69.0,True
h_19,WBCARF,,,,False
h_19,WBCARK,0.9999999999999999,-7.000781558397668,13.800000190734863,True
h_19,WBCHIE,0.9929461084465028,-3.1652898465032377,138.0,True
h_19,WBCHIF,0.9606127252216352,-7.953639741229595,69.0,True
h_19,WBDERF,0.962263758400611,-21.490765305325976,69.0,True
h_19,WBDERK,0.9999999999999999,-21.72048289452778,13.800000190734863,True
h_19,WBENEF,0.969150129341207,-15.855790042521987,69.0,True
h_19,WBERSF,,,,False
h_19,WBLECF,0.9402601423520695,-13.776884088770247,69.0,True
h_19,WBMATF,0.978261887437493,-15.982847354849525,69.0,True
h_19,WBNVFF,,,,False
h_19,WBON2E,0.9961219478475251,-12.963517860109672,138.0,True
h_19,WBON2F,,,,False
h_19,WBON3C,,,,False
h_19,WBON3D,1.0089244714597443,-6.716308431577181,345.0,True
h_19,WBON3E,0.996197473584084,-12.959875555001577,138.0,True
h_19,WBONAF,0.9868773290499945,-18.09528609646984,69.0,True
h_19,WBOPEF,,,,False
h_19,WBPOPF,0.9835975427553512,-9.809353339886155,69.0,True
h_19,WBVISF,0.9665355694323812,-13.581537071804334,69.0,True
h_19,WCABAF,0.9856235482065724,-25.901283442080338,69.0,True
h_19,WCALAE,1.0090777511996796,-8.731195560231615,138.0,True
h_19,WCALBE,1.0090777511996796,-8.731195560231615,138.0,True
h_19,WCANAE,,,,True
h_19,WCANAF,,,,True
h_19,WCAPOF,0.9379272953602108,-9.492074474444204,69.0,True
h_19,WCATAF,0.9379843131936809,-10.055446893725911,69.0,True
h_19,WCAYAF,0.9579532399071313,-9.661092295708919,69.0,True
h_19,WCBOHF,0.9842331606690193,-12.697130721239509,69.0,True
h_19,WCBYNF,0.9504631030078451,-16.223999004728917,69.0,True
h_19,WCC21E,1.0052282852933172,-10.115589528729593,138.0,True
h_19,WCCA2F,1.0015763072207946,-12.703630556987532,69.0,True
h_19,WCCABF,1.0014841908782302,-12.7610114535707,69.0,True
h_19,WCCARF,0.9379842298230437,-9.987111599352557,69.0,True
h_19,WCCIBF,0.9956396098752879,-19.79634702231746,69.0,True
h_19,WCDAGF,0.9696291346460224,-15.857250266645943,69.0,True
h_19,WCEMEE,1.0018324416906146,-4.010768785372204,138.0,True
h_19,WCENOF,0.9651950564782077,-26.008155923961333,69.0,True
h_19,WCEPPF,,,,False
h_19,WCES1K,1.0199999809265134,-4.100737720800348,13.800000190734863,True
h_19,WCES2K,1.0199999809265134,-4.100737720800348,13.800000190734863,True
h_19,WCES3K,1.0199999809265137,-4.081095152931636,13.800000190734863,True
h_19,WCESPF,0.953651581763303,-21.904729253656363,69.0,True
h_19,WCESPK,,,,False
h_19,WCINDF,,,,False
h_19,WCLUIE,0.9955743770083969,-5.268816288729782,138.0,True
h_19,WCNACF,,,,False
h_19,WCNPEE,0.9841066610129444,-8.705830939753396,138.0,True
h_19,WCNSLF,,,,False
h_19,WCOAPE,0.9906863423914655,-5.374921288982838,138.0,True
h_19,WCOCOF,0.9948643107961084,-16.598962339986134,69.0,True
h_19,WCODAF,0.9697283734791249,-26.223971146197538,69.0,True
h_19,WCOHEF,1.009034834520863,-13.469307919154916,69.0,True
h_19,WCONSF,0.9981194716022519,-31.690850057505024,69.0,True
h_19,WCORMF,0.9746796806070926,-22.264316078096478,69.0,True
h_19,WCOTAE,0.9632477070801598,-8.56941736622007,138.0,True
h_19,WCOTBE,0.9632477070801598,-8.56941736622007,138.0,True
h_19,WCOTUF,0.9728550274344175,-27.56479829426036,69.0,True
h_19,WCPVCF,0.9722339400914989,-15.734880194930291,69.0,True
h_19,WCSATF,0.9734344729446134,-15.629405591546622,69.0,True
h_19,WCSO1K,0.9632477070801598,-8.56941736622007,34.5,True
h_19,WCSO2K,0.9632477070801598,-8.56941736622007,34.5,True
h_19,WCSO3K,0.9632477070801598,-8.56941736622007,34.5,True
h_19,WCSOLK,,,,False
h_19,WCTP1D,,,,False
h_19,WCTP2D,,,,False
h_19,WCUMAE,0.9763792023822866,-7.044261646531266,138.0,True
h_19,WCUMBE,0.9763792023822866,-7.044261646531266,138.0,True
h_19,WCVEGF,0.9845616280711513,-25.88083520335832,69.0,True
h_19,WCZFSF,1.0012770043669827,-17.813194282542398,69.0,True
h_19,WDAJAE,0.9841110673048118,-10.873192421872213,138.0,True
h_19,WDAJAF,,,,False
h_19,WDESPF,0.9485465446089255,-8.51592617152654,69.0,True
h_19,WDISDF,0.9490692025865923,-16.353118697887133,69.0,True
h_19,WDJAOE,0.9577793162073623,-9.019780900501013,138.0,True
h_19,WDJAOF,0.9092523054994616,-14.020439699543585,69.0,True
h_19,WDPEDF,0.9915432401503265,-20.076304883592215,69.0,True
h_19,WDRODF,0.989990268644187,-11.813096045584492,69.0,True
h_19,WDRODK,0.9970652433088323,-11.83360719929247,12.470000267028809,True
h_19,WDRODM,,,,False
h_19,WDURAF,,,,False
h_19,WDUVEF,0.9817874077651623,-19.494858910934354,69.0,True
h_19,WEABAF,,,,False
h_19,WEBRIE,0.9753879180378278,-8.389802760497798,138.0,True
h_19,WECHIF,0.9569824663991631,-25.97071373187102,69.0,True
h_19,WELJIF,0.9941313924394126,-19.83218275685217,69.0,True
h_19,WEM21K,1.0000000000000002,-8.412910845120615,13.800000190734863,True
h_19,WEMA2E,,,,False
h_19,WEMA2F,,,,False
h_19,WEMA3F,0.948537811396661,-8.516765853476867,69.0,True
h_19,WEMB2F,,,,False
h_19,WEMB3F,0.9495963415047529,-8.323903056557727,69.0,True
h_19,WEMBAE,0.9831593005826872,-9.585818392264153,138.0,True
h_19,WENADE,1.001577834576775,0.7908244567674106,138.0,True
h_19,WENE4E,1.0024017113576993,-3.926780430425428,138.0,True
h_19,WEPINF,0.977536583347528,-13.092664679640048,69.0,True
h_19,WERIOF,0.9931389039122905,-29.981986945988584,69.0,True
h_19,WESEIE,0.964453522495664,-8.089164941772536,138.0,True
h_19,WESM3F,,,,False
h_19,WESM3K,,,,False
h_19,WESOCE,0.9965252958223209,-4.507010203309461,138.0,True
h_19,WESP1E,1.0033337816986674,-10.311392923720337,138.0,True
h_19,WFALCE,0.9962037105142868,-12.959972542990545,138.0,True
h_19,WFALCF,0.998856412102604,-17.06069884256645,69.0,True
h_19,WFALCK,,,,True
h_19,WFALCM,,,,False
h_19,WFANTF,0.9805765617761785,-22.652452505530228,69.0,True
h_19,WFNEGF,,,,False
h_19,WFOCHF,0.9959445384177545,-18.16035926513613,69.0,True
h_19,WFOLAF,,,,False
h_19,WGALAF,0.94069114632923,-9.73357619216277,69.0,True
h_19,WGBOJF,0.9863096381117017,-12.21087920382977,69.0,True
h_19,WGHACF,0.9837567303883867,-9.803152399795867,69.0,True
h_19,WGIRAE,1.0075557433281208,-8.668361564750317,138.0,True
h_19,WGIRAK,1.0147320223464367,-8.687596187315627,34.5,True
h_19,WGMALF,0.9780251481820604,-12.156671996501986,69.0,True
h_19,WGNLLE,1.006671816479392,-8.106602626446083,138.0,True
h_19,WGNLLK,1.0083195570151207,-8.1144774673224,34.5,True
h_19,WGOYAF,0.9915729481536631,-15.67887069765448,69.0,True
h_19,WGPALF,0.9792413574708076,-13.897930167820132,69.0,True
h_19,WGPETF,0.9780058583476351,-12.163770842907363,69.0,True
h_19,WGPLAF,0.9389218984051381,-9.919124626283564,69.0,True
h_19,WGRCHF,0.9366303632882258,-10.140970311090069,69.0,True
h_19,WGRSFF,0.9679742889476709,-25.860503208650098,69.0,True
h_19,WGU1AD,,,,False
h_19,WGU1BD,,,,False
h_19,WGUA2F,0.9943364889390708,-11.42128588624724,69.0,True
h_19,WGUANE,,,,True
h_19,WGUANF,0.9944037091815744,-11.42510866914255,69.0,True
h_19,WGUAVF,0.9610959730385336,-9.556299452005893,69.0,True
h_19,WGUAYE,0.9997586072650766,-8.903857433330009,138.0,True
h_19,WGUAYF,0.916178529251177,-14.356396524942543,69.0,True
h_19,WGUERD,1.0017379936516102,-5.905584267477867,345.0,True
h_19,WGUERE,0.9929410984868401,-5.960106080165288,138.0,True
h_19,WGUERF,0.9332222858115143,-11.287957648655848,69.0,True
h_19,WGVEGF,0.9877807113813237,-25.086038434713384,69.0,True
h_19,WHAIBF,0.9924085000508758,-12.043807226303878,69.0,True
h_19,WHAINE,0.9912133815419852,-8.859300528020173,138.0,True
h_19,WHAINF,0.9924085000508758,-12.043807226303878,69.0,True
h_19,WHAT2K,0.9999999999999999,-26.59261928854576,13.800000190734863,True
h_19,WHATIF,0.9781746347623377,-26.542022100113368,69.0,True
h_19,WHATIK,1.0000000000000002,-26.659023320819504,12.5,True
h_19,WHENUF,,,,False
h_19,WHERRE,0.9858293386667261,-9.763099256981564,138.0,True
h_19,WHGMOE,,,,False
h_19,WHGUEE,,,,False
h_19,WHIGUF,0.9943098754054858,-18.62604361351908,69.0,True
h_19,WHJBOF,0.984088437263961,-24.462157446735752,69.0,True
h_19,WHLINF,,,,False
h_19,WHMA2E,0.973727175782086,-6.84192273043914,138.0,True
h_19,WHMA2F,0.9591500625240476,-8.740924652390321,69.0,True
h_19,WHMAYF,0.9577457666377538,-8.850848776821389,69.0,True
h_19,WHMSAF,0.9803455210925544,-15.408820098734019,69.0,True
h_19,WHNACF,,,,False
h_19,WHNS1E,0.9830922609672039,-7.519297461179085,138.0,True
h_19,WHNS1F,0.9669369597213979,-10.722952246006514,69.0,True
h_19,WHNUEF,0.9536359446998635,-15.933330335212702,69.0,True
h_19,WIAANE,0.9953702870969489,-3.619213399652294,138.0,True
h_19,WIBARF,1.0009780578493765,-12.78351304363405,69.0,True
h_19,WICAEF,0.9926220544680583,-14.527642730280462,69.0,True
h_19,WICNAF,,,,False
h_19,WIDALF,0.9841113997997596,-24.752917579654977,69.0,True
h_19,WIGASE,,,,False
h_19,WIISAF,0.9456127516623635,-8.705971313952976,69.0,True
h_19,WIMB2F,0.9897621882214245,-19.961992933150352,69.0,True
h_19,WIMBEF,0.9881495889508437,-20.057092283888682,69.0,True
h_19,WINCAF,0.9734798197209827,-15.676408460069815,69.0,True
h_19,WINCAK,1.0000000000000002,-16.526949196462187,12.470000267028809,True
h_19,WINVBF,0.9583817198530745,-11.494316215385643,69.0,True
h_19,WINVIF,0.9366606116887383,-10.147031352250817,69.0,True
h_19,WIPSIF,,,,False
h_19,WITA1E,0.9929062286182452,-8.637582439260886,138.0,True
h_19,WJARAF,0.9856512832500026,-28.39800335991774,69.0,True
h_19,WJDOLE,0.9984874029518729,-4.730479628918346,138.0,True
h_19,WJIBPE,0.9773715199976354,-20.011657058828252,69.0,True
h_19,WJIGBE,1.0045006912639083,-7.011725805729513,138.0,True
h_19,WJIGUE,1.0045006912639083,-7.011725805729513,138.0,True
h_19,WJIMEF,0.9866141853070849,-28.354059935888053,69.0,True
h_19,WJSAUD,1.014051790964756,-5.402050700789937,345.0,True
h_19,WJSAUE,,,,False
h_19,WKDMBF,0.9788466579672856,-13.130670348474977,69.0,True
h_19,WKDMEF,0.9732886217118935,-12.794419078467127,69.0,True
h_19,WKINDF,0.9949545882045867,-13.63006460377618,69.0,True
h_19,WKQA1F,0.9959748988614915,-12.338843081958272,69.0,True
h_19,WKQAZE,1.0106630923771573,-9.321979185589786,138.0,True
h_19,WKVEIF,,,,False
h_19,WLALFF,,,,False
h_19,WLANGE,0.9921342954047517,-13.926857611641635,138.0,True
h_19,WLBARF,,,,False
h_19,WLCALF,0.9404445919046758,-9.811966445817932,69.0,True
h_19,WLCBOF,0.981509181178415,-20.018280342639667,69.0,True
h_19,WLCOCK,1.0090418377250598,-10.462988732551118,34.5,True
h_19,WLCUAF,0.9437905876679217,-8.903617057935381,69.0,True
h_19,WLDAMF,0.9825604609964087,-19.549283212013844,69.0,True
h_19,WLDAMK,1.0000000000000004,-20.983129455365763,12.5,True
h_19,WLDIAF,0.9835943293098512,-9.809484321519141,69.0,True
h_19,WLGALE,0.9875448743324355,-14.422386588254485,138.0,True
h_19,WLGU2K,1.0062557554173115,-11.46553530275673,34.5,True
h_19,WLGUZE,1.0062557554173115,-11.46553530275673,138.0,True
h_19,WLGUZK,1.0062417792675824,-11.466985867549502,34.5,True
h_19,WLISAE,0.9850005830608508,-8.597461267316955,138.0,True
h_19,WLLAGF,,,,False
h_19,WLMFAF,0.9809229244694374,-12.737042777624179,69.0,True
h_19,WLMI5E,0.9836680229754211,-7.88949583550707,138.0,True
h_19,WLMI6E,0.9836763567689892,-7.89052475198334,138.0,True
h_19,WLMI7E,0.9838114153477512,-7.836865656442862,138.0,True
h_19,WLMI7K,1.0000000000000002,-7.855522799698775,13.800000190734863,True
h_19,WLMINE,0.9836137050799436,-7.888666857356568,138.0,True
h_19,WLMINF,0.9432358585751016,-9.117073599922843,69.0,True
h_19,WLORIE,1.0003167009424156,-4.296453065691266,138.0,True
h_19,WLORIK,1.0490000247955324,-4.386781043877399,12.470000267028809,True
h_19,WLPARF,0.9310167736708405,-11.519303641309797,69.0,True
h_19,WLPENF,0.9811297913237704,-23.377128673458884,69.0,True
h_19,WLPRAE,0.9836181623341316,-9.752779990794743,138.0,True
h_19,WLROME,0.969160264097457,-8.074267262298276,138.0,True
h_19,WLROMF,0.9661209324140247,-12.692405631303288,69.0,True
h_19,WLRPUF,0.9604964501493686,-13.256164113745404,69.0,True
h_19,WLTORF,0.997553801328181,-12.010840789021893,69.0,True
h_19,WLUCIF,0.999131641197134,-12.883337580560557,69.0,True
h_19,WLUPEF,0.9821085396727979,-20.651305219975654,69.0,True
h_19,WLVEGF,0.9846448194421257,-25.87643858946136,69.0,True
h_19,WLVICE,0.9831939028781815,-7.520749596805826,138.0,True
h_19,WLVICK,0.9831939028781815,-7.520749596805826,34.5,True
h_19,WLVPEF,0.9854370773522005,-26.23073097486479,69.0,True
h_19,WMAGUF,0.9940524498791631,-12.014170862988165,69.0,True
h_19,WMAIMF,0.9765570024952066,-21.727581614371218,69.0,True
h_19,WMARAF,0.943395098991332,-10.910725663505893,69.0,True
h_19,WMARAK,0.943395098991332,-10.910725663505893,13.800000190734863,True
h_19,WMARTF,0.9093196340892415,-14.021598942057135,69.0,True
h_19,WMARTK,0.9093196340892414,-14.021598942057137,34.5,True
h_19,WMAT1E,0.9606848745756176,-26.12030839364828,138.0,True
h_19,WMATAE,0.9850385443975423,-9.291542049372094,138.0,True
h_19,WMATBE,0.9850385443975423,-9.291542049372094,138.0,True
h_19,WMEGAF,0.9416158533856461,-9.202275941820307,69.0,True
h_19,WMERCF,0.9780058583476351,-12.163770842907363,69.0,True
h_19,WMETAE,0.9850539169844148,-9.293325964985446,138.0,True
h_19,WMETAK,0.9900000095367432,-9.641374293064922,13.199999809265137,True
h_19,WMETBF,0.9838005425118049,-9.798987793632799,69.0,True
h_19,WMETEE,0.9926708507779654,-8.678796246035159,138.0,True
h_19,WMETEF,0.9864889111939654,-12.175710777868426,69.0,True
h_19,WMETRE,0.9855310900814928,-8.746173803108734,138.0,True
h_19,WMETRF,0.9838005425118049,-9.798987793632799,69.0,True
h_19,WMIR1E,0.9931222583459135,-5.9432034163223,138.0,True
h_19,WMIRAK,0.9931222583459135,-5.9432034163223,34.5,True
h_19,WMLTPF,0.9839556576072247,-12.421232525493888,69.0,True
h_19,WMOCAE,0.9730107818540442,-17.81082888863964,138.0,True
h_19,WMOCAF,0.9695966630871397,-23.78551010475741,69.0,True
h_19,WMONCE,0.996399956101817,-9.575967157093752,138.0,True
h_19,WMONTE,0.9882031893183898,-10.227163698972891,138.0,True
h_19,WMOZAF,0.9480763886828021,-8.668765444584166,69.0,True
h_19,WMP2AE,0.9934708742781714,-5.9080939011604166,138.0,True
h_19,WMP2BE,0.9934708742781714,-5.9080939011604166,138.0,True
h_19,WMPALF,0.931084195207228,-11.518340706854305,69.0,True
h_19,WMPALK,0.931084195207228,-11.518340706854305,34.5,True
h_19,WMPL1D,,,,False
h_19,WMPL2D,,,,False
h_19,WMPLAF,0.7716788028117096,-25.25795148817197,69.0,True
h_19,WMPSOE,,,,False
h_19,WMPSOF,0.7716895965089251,-25.255047619631075,69.0,True
h_19,WMPSOK,0.7716895965089251,-25.255047619631075,20.0,True
h_19,WMRI2E,1.009904989346394,-9.350150000921527,138.0,True
h_19,WMTFNE,1.0253822125492469,-7.859326641693409,138.0,True
h_19,WMTFNK,1.0703359673213306,-7.906629080469845,34.5,True
h_19,WMULTF,0.9455562702247933,-8.70799433955558,69.0,True
h_19,WMVCIF,0.9948871144298892,-19.79885375962327,69.0,True
h_19,WMVIEF,0.9921193411499467,-16.014421957981792,69.0,True
h_19,WNAG2E,0.9620373960690738,-25.876052905704796,138.0,True
h_19,WNAG2F,,,,True
h_19,WNAGUF,0.9594847943687828,-28.80522361153955,69.0,True
h_19,WNARAD,0.9955485205232678,-10.007639242471178,345.0,True
h_19,WNARAE,,,,False
h_19,WNAV2E,1.001948203538906,-10.726739848292947,138.0,True
h_19,WNAVAF,0.9738310974548045,-20.81967201692426,69.0,True
h_19,WNEYBF,0.9560852357362126,-20.827554959633243,69.0,True
h_19,WNIBAE,0.9861643138921273,-14.707588424411725,138.0,True
h_19,WNOVOF,0.9849809549150631,-11.556622524481117,69.0,True
h_19,WOFALF,1.0090439794808383,-13.469696000294439,69.0,True
h_19,WOJIVF,0.9898075322274873,-12.124848455032183,69.0,True
h_19,WPAK0E,,,,False
h_19,WPAK2E,1.0095396157047016,-9.348257306923262,138.0,True
h_19,WPAK5E,1.0095396157047016,-9.348257306923262,138.0,True
h_19,WPAK6E,1.0095396157047016,-9.348257306923262,138.0,True
h_19,WPAL1E,0.99179075805586,-8.919367606632514,138.0,True
h_19,WPALAF,0.9792413574708076,-13.897930167820132,69.0,True
h_19,WPALBE,1.0132716361144491,-8.93432354900913,138.0,True
h_19,WPALBF,0.9909181600643091,-11.046994667411292,69.0,True
h_19,WPALEE,1.0132716361144491,-8.93432354900913,138.0,True
h_19,WPAQ1K,1.0499999523162848,-11.530296457419963,4.159999847412109,True
h_19,WPARAE,0.9874355224983973,-8.732384947696326,138.0,True
h_19,WPAYAE,,,,False
h_19,WPAYBE,,,,False
h_19,WPAYIF,0.9707669663725058,-29.872140187905963,69.0,True
h_19,WPBAJF,0.9882735400285656,-28.83363716780756,69.0,True
h_19,WPBBAE,,,,False
h_19,WPBLAD,,,,False
h_19,WPCA1K,1.0499999523162842,0.0,22.0,True
h_19,WPCA2K,1.0499999523162844,3.0763244891782,22.0,True
h_19,WPCATE,,,,False
h_19,WPCGLF,0.9679469075108884,-15.940874086307963,69.0,True
h_19,WPCIBF,0.9472231653707374,-9.149352319607093,69.0,True
h_19,WPDISF,,,,False
h_19,WPDIVF,0.9699266986940226,-14.62302432410888,69.0,True
h_19,WPDORE,,,,True
h_19,WPDORF,1.0028303164026129,-21.08060339355978,69.0,True
h_19,WPEBPE,1.010440133887153,-10.618148924961455,138.0,True
h_19,WPERAE,1.0090813363640105,-8.728931844397131,138.0,True
h_19,WPERBE,1.0090813363640105,-8.728931844397131,138.0,True
h_19,WPES1K,1.0090813363640105,-8.728931844397131,34.5,True
h_19,WPES2K,1.0090813363640105,-8.728931844397131,34.5,True
h_19,WPFLEF,,,,False
h_19,WPFMSK,0.9997586072650766,-8.903857433330009,20.0,True
h_19,WPGARF,0.9983390339411855,-20.841580983948038,69.0,True
h_19,WPHAIF,0.9922005367628859,-12.060257003383581,69.0,True
h_19,WPIDUF,0.9736483736037698,-15.493259951926602,69.0,True
h_19,WPIISF,,,,False
h_19,WPIMCF,0.9922185534360308,-18.462568202723748,69.0,True
h_19,WPIMEE,0.9852846162558255,-21.88560567739787,138.0,True
h_19,WPIMEF,0.9792658093888944,-27.877646960192898,69.0,True
h_19,WPINAF,1.031989251239249,-14.691668933558274,69.0,True
h_19,WPIZAE,1.0066343093605659,-8.692385989080368,138.0,True
h_19,WPIZAF,0.9990923494699891,-12.892011719442982,69.0,True
h_19,WPIZBF,,,,False
h_19,WPLASF,0.9838888786355616,-11.647537041538868,69.0,True
h_19,WPLCCF,0.9770246581073707,-14.47247255782015,69.0,True
h_19,WPLINF,0.982904257365453,-14.290742169482384,69.0,True
h_19,WPLM1E,1.0158407793661237,-8.468218549267375,138.0,True
h_19,WPLM1K,1.0199999809265137,-8.520196502646186,13.800000190734863,True
h_19,WPLM2K,1.0199999809265132,-8.552394670892234,13.800000190734863,True
h_19,WPP22E,1.0031568874629069,-13.322786339349406,138.0,True
h_19,WPPELF,1.0030308146126106,-21.011345404675858,69.0,True
h_19,WPPL2F,,,,True
h_19,WPPLAF,1.01069857758738,-19.10664808132362,69.0,True
h_19,WPPLBF,,,,False
h_19,WPPLIF,0.9726573421150579,-20.8877801423858,69.0,True
h_19,WPPRIF,0.994373347538611,-19.820815011676856,69.0,True
h_19,WPSCEF,0.9730640955006276,-15.87016226715447,69.0,True
h_19,WPSESK,,,,False
h_19,WPVIEE,,,,False
h_19,WQ1SPK,0.9999999999999999,-13.36002136102572,13.800000190734863,True
h_19,WQCORF,0.9948752470207596,-12.414467420923515,69.0,True
h_19,WQU11D,1.0079869113676225,-13.262373085797531,230.0,True
h_19,WQU12K,0.9999999999999999,-13.36410239415675,13.800000190734863,True
h_19,WQU21D,1.0079869113676225,-13.262373085797531,230.0,True
h_19,WQU21K,0.9999999999999999,-13.36410239415675,13.800000190734863,True
h_19,WQUINF,0.9862397682821207,-19.324534932453137,69.0,True
h_19,WQUISD,,,,True
h_19,WQUISE,,,,False
h_19,WRARRF,0.9805282971902313,-20.11155777046627,69.0,True
h_19,WRBL1K,,,,False
h_19,WRBL2K,,,,False
h_19,WRBLAF,1.0163761729185488,-16.371850316701913,69.0,True
h_19,WRCHAF,0.9676846276871625,-14.831655346326672,69.0,True
h_19,WREFIF,0.9851676828411142,-12.306290755676482,69.0,True
h_19,WRINCF,0.9842316208012906,-22.273791941074908,69.0,True
h_19,WRNUEF,0.9837799956542796,-22.305571130507534,69.0,True
h_19,WRPELF,0.9124015723764278,-14.438868079054776,69.0,True
h_19,WRSJUE,0.9577585546456843,-26.416469413960776,138.0,True
h_19,WRZMOK,,,,False
h_19,WSABAF,1.000874351292864,-10.81742561891522,69.0,True
h_19,WSAJ1E,0.994324106380608,-12.919385572579337,138.0,True
h_19,WSALCE,0.9694461587792677,-19.371178864968094,138.0,True
h_19,WSALIF,0.987824894200033,-16.07438633758473,69.0,True
h_19,WSAMAE,0.9440645630525536,-28.19963315527252,138.0,True
h_19,WSANCE,0.9496908582403425,-27.63557407067153,138.0,True
h_19,WSANTE,1.0067621094918087,-8.687163388206168,138.0,True
h_19,WSANTK,1.0067621094918087,-8.687163388206168,34.5,True
h_19,WSCANF,0.9832270019696641,-13.4986119933179,69.0,True
h_19,WSCANK,0.9832270019696641,-13.4986119933179,34.5,True
h_19,WSCNOE,0.995741996074373,-8.611696207486654,138.0,True
h_19,WSESTE,1.0010306760284502,-4.150591688401565,138.0,True
h_19,WSFELE,,,,True
h_19,WSFMAE,0.9696313395926922,-21.73317839854306,138.0,True
h_19,WSFMAF,0.9654436171945115,-25.26229484486746,69.0,True
h_19,WSIBBE,0.9931894174245531,-3.100338282483468,138.0,True
h_19,WSJMAF,0.9729867666474463,-19.806455021876673,69.0,True
h_19,WSJOCF,0.9765349054701417,-17.334046309223837,69.0,True
h_19,WSJU2E,1.0077399518041554,-9.47316317473905,138.0,True
h_19,WSJU2F,0.9966904277639552,-11.157799988974752,69.0,True
h_19,WSJUAF,0.993399789046242,-11.39535245431152,69.0,True
h_19,WSKAPF,0.9780799817224282,-12.159168398626383,69.0,True
h_19,WSLCOE,,,,False
h_19,WSLORK,1.0,-8.634300776902744,13.800000190734863,True
h_19,WSMARF,0.9601709635794998,-8.757984781295677,69.0,True
h_19,WSODOF,0.9921068981126739,-16.01565738479391,69.0,True
h_19,WSOSUF,0.9950921790725622,-24.873108042873977,69.0,True
h_19,WSPB1K,1.0499999523162842,-4.295427255706137,13.800000190734863,True
h_19,WSPBEE,1.0019941510235952,-4.0583515287943195,138.0,True
h_19,WSPERF,0.9007350319263916,-14.794865952012929,69.0,True
h_19,WSPEVF,,,,False
h_19,WSPM2E,1.0024017113576993,-3.926780430425428,138.0,True
h_19,WSPMAE,0.9995585026552304,-4.356262847584007,138.0,True
h_19,WSPMAF,0.9847493047574701,-8.954543043523937,69.0,True
h_19,WSPMBE,0.9995585026552304,-4.356262847584007,138.0,True
h_19,WSPRIF,0.862689490459156,-17.272083062113932,69.0,True
h_19,WSRODE,0.9858220050483487,-10.689766208292774,138.0,True
h_19,WSYASF,0.9805499558402219,-26.403224647094856,69.0,True
h_19,WSYEGF,0.9946698975630452,-11.456796197723428,69.0,True
h_19,WTAAGK,,,,False
h_19,WTAAVK,,,,False
h_19,WTAG1K,,,,False
h_19,WTAG2K,,,,False
h_19,WTAMAF,0.9659220842233573,-10.742707134023844,69.0,True
h_19,WTANOK,,,,False
h_19,WTAV1K,1.0,-9.630299593242636,13.800000190734863,True
h_19,WTAVBE,,,,False
h_19,WTBA1K,,,,False
h_19,WTBA2K,,,,False
h_19,WTCE1K,,,,False
h_19,WTCE2K,,,,False
h_19,WTCEMK,,,,False
h_19,WTDAJK,,,,False
h_19,WTEMPF,0.9409883203515824,-9.173746470595962,69.0,True
h_19,WTESAK,,,,False
h_19,WTFA1K,,,,False
h_19,WTFA2K,,,,False
h_19,WTFA3K,,,,False
h_19,WTHAGK,,,,False
h_19,WTHAIF,0.9633821451720043,-11.04022614238817,69.0,True
h_19,WTIM2E,0.9825373699687706,-8.278397790440323,138.0,True
h_19,WTIM2F,0.9492538122933732,-8.422591762245357,69.0,True
h_19,WTIMBF,0.9485465446089255,-8.51592617152654,69.0,True
h_19,WTIREF,0.9952355372242795,-31.04745875322853,69.0,True
h_19,WTIT1K,,,,False
h_19,WTIT2K,,,,False
h_19,WTJI1K,,,,False
h_19,WTJI2K,,,,False
h_19,WTJIMK,,,,False
h_19,WTLANK,,,,False
h_19,WTMAGK,,,,False
h_19,WTMBBF,,,,True
h_19,WTMI5K,,,,False
h_19,WTMI6K,,,,False
h_19,WTMNTK,,,,False
h_19,WTMONK,,,,False
h_19,WTMR1K,,,,False
h_19,WTMR2K,,,,False
h_19,WTNNAK,,,,False
h_19,WTORGF,1.0102567698966483,-13.22017567605146,69.0,True
h_19,WTPA1K,,,,False
h_19,WTPG1K,,,,False
h_19,WTPG2K,,,,False
h_19,WTPG3K,,,,False
h_19,WTPI1K,,,,False
h_19,WTPI2K,,,,False
h_19,WTRINK,,,,False
h_19,WTRJCK,,,,False
h_19,WTROQF,1.0007603964328045,-19.393005532874156,69.0,True
h_19,WTSABK,,,,False
h_19,WTSE1K,,,,False
h_19,WTSFVK,,,,False
h_19,WTSPVK,,,,False
h_19,WTSYEK,,,,False
h_19,WTTA1K,,,,False
h_19,WTTA2K,,,,False
h_19,WTTITF,0.9480093133522477,-8.529265921516602,69.0,True
h_19,WTTO1K,,,,False
h_19,WTVA1K,,,,False
h_19,WTVA2K,,,,False
h_19,WTVE1K,,,,False
h_19,WTZFPF,,,,False
h_19,WUASDE,0.9847035869310244,-9.050293674811275,138.0,True
h_19,WUMEDF,0.9730888876398971,-15.868277192570586,69.0,True
h_19,WVALBE,1.002831893994437,-7.874470676504086,138.0,True
h_19,WVALDE,1.002831893994437,-7.874470676504086,138.0,True
h_19,WVALLF,0.9948479167873631,-11.333613208993423,69.0,True
h_19,WVALTF,0.9526131151546261,-16.654448053581646,69.0,True
h_19,WVDU1E,,,,True
h_19,WVDUAF,,,,False
h_19,WVILAE,,,,False
h_19,WVILLF,0.9927109882692774,-11.869873677753716,69.0,True
h_19,WVMAOE,0.994368786965233,-10.511408113286201,138.0,True
h_19,WVMELE,0.980337623346564,-8.829366613726886,138.0,True
h_19,WVNOBF,0.9740611999729835,-14.06001308624273,69.0,True
h_19,WVOLGF,0.9732365408791112,-15.861393363148329,69.0,True
h_19,WX1PAK,,,,False
h_19,WXABIF,0.9717227398951743,-20.9391871324615,69.0,True
h_19,WXABRF,1.0006659805865081,-12.743041477331,69.0,True
h_19,WXAD2F,0.9936975148733579,-15.23817691255649,69.0,True
h_19,WXADOF,0.9938627024184343,-15.34956927671927,69.0,True
h_19,WXAHGF,0.9712159743503236,-14.155746348514885,69.0,True
h_19,WXAHMF,0.9741848127196617,-26.097206737996697,69.0,True
h_19,WXAISF,0.9918412219401844,-15.668221762870782,69.0,True
h_19,WXALDF,1.0102104091189787,-13.226590009638947,69.0,True
h_19,WXALIF,0.973771569874457,-14.073335802498484,69.0,True
h_19,WXAORF,0.9569807067471798,-10.890856550644397,69.0,True
h_19,WXAPFF,0.9986484437053826,-17.980399801010247,69.0,True
h_19,WXAPPF,1.0017526220530584,-23.574935866857107,69.0,True
h_19,WXAQUF,,,,False
h_19,WXARDF,0.9939490323079162,-15.405192309611328,69.0,True
h_19,WXASOF,0.9997546280388263,-24.402589696242938,69.0,True
h_19,WXBA1F,,,,False
h_19,WXBA2F,,,,True
h_19,WXBASF,0.9464636480152384,-10.957900149787724,69.0,True
h_19,WXBAYF,,,,False
h_19,WXBDEF,0.9619838607423202,-21.494715510736977,69.0,True
h_19,WXBLEF,0.9402499539248412,-13.775097456640765,69.0,True
h_19,WXBMAF,0.9792217752107509,-15.944853416159384,69.0,True
h_19,WXBOHF,0.9843627614460735,-12.688473646836691,69.0,True
h_19,WXBPEF,0.9944618322855819,-17.72980127464603,69.0,True
h_19,WXCA1K,1.0090777511996796,-8.731195560231615,34.5,True
h_19,WXCABF,0.9545260351611813,-15.877974972696547,69.0,True
h_19,WXCANF,,,,False
h_19,WXCARF,0.9742013350470358,-12.694134715144727,69.0,True
h_19,WXCATF,0.9489739803845659,-9.395734933028136,69.0,True
h_19,WXCB2F,,,,False
h_19,WXCBAF,0.9804128880463905,-12.741641319543579,69.0,True
h_19,WXCC1E,,,,False
h_19,WXCC3E,,,,False
h_19,WXCCOF,0.9939349198059021,-15.406428971977423,69.0,True
h_19,WXCDAF,0.9696603717290172,-15.855605080349141,69.0,True
h_19,WXCDLF,0.9697458922108587,-26.223187326426757,69.0,True
h_19,WXCENF,0.9664886536446236,-25.95006912779508,69.0,True
h_19,WXCHAF,0.9676846276871625,-14.831655346326672,69.0,True
h_19,WXCIGF,0.9844012397394534,-8.968656587210662,69.0,True
h_19,WXCINF,0.9528112381847123,-16.645932079669848,69.0,True
h_19,WXCNAF,0.9777665824577847,-9.14206212534806,69.0,True
h_19,WXCOCF,,,,False
h_19,WXCODF,0.9838005425118049,-9.798987793632799,69.0,True
h_19,WXCORF,0.9759930590024055,-22.185379968089304,69.0,True
h_19,WXCSAF,0.9734834568197382,-15.619096779645304,69.0,True
h_19,WXCTAF,0.9821073675976092,-22.803890760094372,69.0,True
h_19,WXCU1K,0.9760750854241189,-7.045640810227719,34.5,True
h_19,WXCU2K,0.9760750854241189,-7.045640810227719,34.5,True
h_19,WXCU4K,0.9760750854241189,-7.045640810227719,34.5,True
h_19,WXDBRF,0.9844012397394534,-8.968656587210662,69.0,True
h_19,WXDISF,0.9496543048921274,-16.29758827414918,69.0,True
h_19,WXDROF,0.9893512083382476,-11.890851259865322,69.0,True
h_19,WXDURF,,,,False
h_19,WXEANF,0.9983698371490425,-17.993593138475326,69.0,True
h_19,WXECHF,0.9606892618749163,-25.65868253437437,69.0,True
h_19,WXES2K,,,,False
h_19,WXES3K,,,,False
h_19,WXESPF,0.9539918332741223,-21.887796659343124,69.0,True
h_19,WXEV4K,1.019999980926514,-3.955989335051609,13.800000190734863,True
h_19,WXGALF,0.9407366134682468,-9.731692270239895,69.0,True
h_19,WXGAVF,0.9616409004519564,-9.55780750001662,69.0,True
h_19,WXGBOF,0.9863096381117017,-12.21087920382977,69.0,True
h_19,WXGOYF,0.9918412219401844,-15.668221762870782,69.0,True
h_19,WXGPLF,0.9389218984051381,-9.919124626283564,69.0,True
h_19,WXGRCF,,,,False
h_19,WXGRMF,0.9407728830242414,-10.853412201194446,69.0,True
h_19,WXGRSF,0.9679897922079242,-25.859904049989158,69.0,True
h_19,WXGU2F,0.9943565244065202,-11.419809972367977,69.0,True
h_19,WXHACF,0.9837733044744189,-9.801684863081935,69.0,True
h_19,WXHE1F,1.010307969744224,-13.206574152813769,69.0,True
h_19,WXHE2F,,,,False
h_19,WXHHIF,0.9836638682171601,-8.989347039636142,69.0,True
h_19,WXHJBF,0.9840996256401464,-24.46183134909593,69.0,True
h_19,WXHMSF,0.9803616366631253,-15.407708576981147,69.0,True
h_19,WXHNAF,,,,False
h_19,WXHNUF,0.9540598276670307,-15.915338082080108,69.0,True
h_19,WXIBAF,1.0009826465816292,-12.783332262362489,69.0,True
h_19,WXICAF,0.9926254300865168,-14.527515002618635,69.0,True
h_19,WXICNF,,,,False
h_19,WXIDAF,0.9841185350823923,-24.752382366287414,69.0,True
h_19,WXIDUF,0.9736483736037698,-15.493259951926602,69.0,True
h_19,WXIISF,0.9456156943891112,-8.70585407566419,69.0,True
h_19,WXIMBF,0.9892068307688358,-20.000998914777828,69.0,True
h_19,WXINAF,0.9462351179814956,-8.682789818833058,69.0,True
h_19,WXINDF,0.9858667925388092,-25.55167101079083,69.0,True
h_19,WXINVF,0.936801260051498,-10.133591960946442,69.0,True
h_19,WXIPRF,,,,False
h_19,WXIPSF,0.9736483736037698,-15.493259951926602,69.0,True
h_19,WXJIMF,0.9866141853070849,-28.354059935888053,69.0,True
h_19,WXJINF,0.9817874077651623,-19.494858910934354,69.0,True
h_19,WXKINF,0.9959355901691282,-13.565378646067696,69.0,True
h_19,WXKVEF,0.9396931730593996,-10.334846385806705,69.0,True
h_19,WXLADF,0.9380236754839231,-9.985755911059194,69.0,True
h_19,WXLALF,,,,False
h_19,WXLC1E,1.009059971151955,-10.45915105372439,138.0,True
h_19,WXLCAF,0.9404445919046758,-9.811966445817932,69.0,True
h_19,WXLCBF,0.9843182783804096,-19.898611468064626,69.0,True
h_19,WXLFAF,0.9805261143797449,-15.740035468868712,69.0,True
h_19,WXLPAF,0.9310356858838422,-11.517525030742796,69.0,True
h_19,WXLPEF,0.9811297913237704,-23.377128673458884,69.0,True
h_19,WXLUCK,0.9990363863855742,-12.885096054005832,34.5,True
h_19,WXLULF,0.9990923494699891,-12.892011719442982,69.0,True
h_19,WXLUPF,,,,True
h_19,WXMAGF,0.9940524498791631,-12.014170862988165,69.0,True
h_19,WXMAIF,0.9768685605477185,-21.7089407438874,69.0,True
h_19,WXMALF,0.9783062899387058,-12.142486694953453,69.0,True
h_19,WXMARF,0.9433004914582886,-10.927037870039134,69.0,True
h_19,WXMATK,0.9606848745756176,-26.12030839364828,34.5,True
h_19,WXMEGF,0.9421951014978261,-9.155106011174045,69.0,True
h_19,WXMETE,,,,False
h_19,WXMETF,0.9863096381117017,-12.21087920382977,69.0,True
h_19,WXMOZF,,,,False
h_19,WXMPAF,0.9311823927003616,-11.491114430384869,69.0,True
h_19,WXMPGK,,,,False
h_19,WXMPSF,0.7716788028117096,-25.25795148817197,69.0,True
h_19,WXMV2F,0.9921193411499467,-16.014421957981792,69.0,True
h_19,WXMVAF,,,,False
h_19,WXNAGF,,,,False
h_19,WXNOVF,0.984074187374736,-11.638948983543072,69.0,True
h_19,WXOC2F,0.9975945865547152,-18.050967332889627,69.0,True
h_19,WXOFAF,1.0090446682864447,-13.469605338777932,69.0,True
h_19,WXOLVF,0.9803865914356603,-20.010979840464326,69.0,True
h_19,WXPA1K,1.0,-9.45697136472616,11.0,True
h_19,WXPA3K,0.9999999999999998,-9.442795427305809,15.0,True
h_19,WXPA4K,1.0000000000000002,-9.429526520464087,11.0,True
h_19,WXPC2F,0.9472231653707374,-9.149352319607093,69.0,True
h_19,WXPCGF,0.9679469075108884,-15.940874086307963,69.0,True
h_19,WXPCIF,0.9526256360364064,-8.660072613619578,69.0,True
h_19,WXPETF,0.9781864043150916,-12.15102024426299,69.0,True
h_19,WXPFLF,1.0102771772811974,-13.214865072722056,69.0,True
h_19,WXPFSK,0.994324106380608,-12.919385572579337,34.5,True
h_19,WXPGAF,0.9983744905455465,-20.83984434321502,69.0,True
h_19,WXPGMF,0.9990923494699891,-12.892011719442982,69.0,True
h_19,WXPHAF,0.9922309333868347,-12.058929713524625,69.0,True
h_19,WXPI4K,1.0,-21.948513281775625,13.800000190734863,True
h_19,WXPIDF,0.9990923494699891,-12.892011719442982,69.0,True
h_19,WXPINF,,,,False
h_19,WXPLCF,0.9771594134626698,-14.459384569257193,69.0,True
h_19,WXPPEF,1.0030308146126106,-21.011345404675858,69.0,True
h_19,WXPPLF,,,,False
h_19,WXPPRF,0.9943973759499579,-19.81991409990741,69.0,True
h_19,WXPS1K,1.0033337816986674,-10.311392923720337,34.5,True
h_19,WXPY1K,,,,False
h_19,WXQAZF,,,,False
h_19,WXQCOF,0.9948752470207596,-12.414467420923515,69.0,True
h_19,WXRARF,0.9840368643621075,-19.91521095173816,69.0,True
h_19,WXRIEF,,,,False
h_19,WXRINF,0.985117648147893,-22.216536423418322,69.0,True
h_19,WXSADF,,,,False
h_19,WXSESE,1.0009559991971173,-4.183063950769273,138.0,True
h_19,WXSESF,0.98246413585316,-9.159474676668177,69.0,True
h_19,WXSI1K,1.0,-3.1131014649303483,13.800000190734863,True
h_19,WXSODF,0.9921134695616094,-16.015014941462105,69.0,True
h_19,WXSOSF,0.9950921790725622,-24.873108042873977,69.0,True
h_19,WXSPRF,0.862689490459156,-17.272083062113932,69.0,True
h_19,WXSYEF,0.9942763634389667,-11.541282260272151,69.0,True
h_19,WXTAMF,0.941773820503607,-9.167331847276525,69.0,True
h_19,WXTDAF,0.9088836858070174,-14.054095398836738,69.0,True
h_19,WXTH1F,0.9633819563032877,-11.040223073228278,69.0,True
h_19,WXTH2F,0.9633820580328575,-11.04022472635714,69.0,True
h_19,WXTISF,0.9949397201868553,-15.80019382703666,69.0,True
h_19,WXTREFF,0.9851676828411142,-12.306290755676482,69.0,True
h_19,WXTROF,1.0007798869977915,-19.392162169672417,69.0,True
h_19,WXTTIF,0.9480093133522477,-8.529265921516602,69.0,True
h_19,WXVALF,0.9526131151546261,-16.654448053581646,69.0,True
h_19,WXVILF,0.9927109882692774,-11.869873677753716,69.0,True
h_19,WXVL1K,,,,False
h_19,WXWC2K,0.9934708742781714,-5.9080939011604166,34.5,True
h_19,WXWC3K,0.9934708742781714,-5.9080939011604166,34.5,True
h_19,WXYAGF,0.9920461086194381,-14.68500522577832,69.0,True
h_19,WXZAMF,0.9380236754839231,-9.985755911059194,69.0,True
h_19,WXZFBF,,,,False
h_19,WXZFHF,,,,False
h_19,WXZFNF,,,,False
h_19,WXZGUF,0.9923123542073176,-20.166192626724477,69.0,True
h_19,WXZHAF,0.9363751303391937,-10.165509095212636,69.0,True
h_19,WXZISF,,,,False
h_19,WXZPPF,,,,False
h_19,WXZSPF,0.9798346837588138,-9.480032420752908,69.0,True
h_19,WYAGUF,0.9920461086194381,-14.68500522577832,69.0,True
h_19,WYAMAF,0.802553999130732,-22.251328309013697,69.0,True
h_19,WZFALF,,,,False
h_19,WZFAMF,,,,False
h_19,WZFBAF,,,,False
h_19,WZFDRF,,,,False
h_19,WZFESF,,,,False
h_19,WZFGIF,,,,False
h_19,WZFGUF,,,,False
h_19,WZFISF,,,,False
h_19,WZFLIF,,,,False
h_19,WZFMCF,,,,False
h_19,WZFPPF,,,,False
h_19,WZFS2F,,,,False
h_19,WZFSAE,,,,False
h_19,WZFSAF,,,,False
h_19,WZFSFF,,,,False
h_19,WZFSIF,,,,False
h_19,WZFSPF,,,,False
h_19,WZFVAF,,,,False
h_19,WZFVEF,,,,False
h_19,WZHAIF,0.93637530453904,-10.165516006913608,69.0,True
h_19,ZXOJIF,,,,False
h_20,WAANDE,1.0007937658739368,0.4317295676441844,138.0,True
h_20,WABCOF,0.9798998816333744,-17.416871818983438,69.0,True
h_20,WABISF,0.9571343368479136,-23.641133322238733,69.0,True
h_20,WABRUF,0.9180815050675084,-12.09300992706623,69.0,True
h_20,WACIBF,0.9863064647562513,-20.36796967778616,69.0,True
h_20,WACLAE,0.9977777895860104,-11.753062424481003,138.0,True
h_20,WACLAK,0.9992171966347437,-11.760585347844836,34.5,True
h_20,WADMIF,,,,False
h_20,WADOMF,1.0085370148556807,-14.321674042668768,69.0,True
h_20,WAGUAE,1.0027051387171244,-8.379352864663783,138.0,True
h_20,WAGUBE,1.0027051387171244,-8.379352864663783,138.0,True
h_20,WAHMIF,0.9720874091204491,-25.626449646018827,69.0,True
h_20,WAHO1E,0.9840486615196905,-9.80430793114467,138.0,True
h_20,WAHO2E,0.9840486615196905,-9.80430793114467,138.0,True
h_20,WAHOBF,0.9794093492649808,-12.97907010846856,69.0,True
h_20,WAHONF,0.9794093492649808,-12.97907010846856,69.0,True
h_20,WAIAMF,,,,False
h_20,WAIAZF,,,,False
h_20,WAIBAF,,,,False
h_20,WAIISF,,,,False
h_20,WAISAF,,,,False
h_20,WAISCF,0.9874726192282424,-17.077819191516966,69.0,True
h_20,WAISOF,0.9778337776610448,-27.4321189640894,69.0,True
h_20,WAIUNF,,,,False
h_20,WAIZSF,,,,False
h_20,WAORIF,0.9467720682362715,-12.516321114994073,69.0,True
h_20,WAPERF,0.9784629015210718,-30.168035909676775,69.0,True
h_20,WAPFAF,0.9889360485012522,-20.136931610700923,69.0,True
h_20,WAQUIF,0.9764664029290069,-21.527764390063403,69.0,True
h_20,WASOEF,0.9653537248064203,-15.432431938105703,69.0,True
h_20,WAZUAF,0.9733355996443644,-16.007697109699308,69.0,True
h_20,WBALDF,0.9896227557886904,-20.082734995462836,69.0,True
h_20,WBANIF,0.9742658241018788,-17.165593324348176,69.0,True
h_20,WBAPEF,0.9718195247774728,-17.599305928882547,69.0,True
h_20,WBARAF,0.9822302569734807,-13.819660245826478,69.0,True
h_20,WBARCE,,,,False
h_20,WBASIF,0.9399211814447308,-12.439928337847663,69.0,True
h_20,WBAYAE,1.0073212320258598,-9.754621744071192,138.0,True
h_20,WBAYAK,1.0071469011045902,-9.757315219784475,34.5,True
h_20,WBAYOF,0.9778714665209732,-13.833282954835148,69.0,True
h_20,WBCARF,,,,False
h_20,WBCARK,1.0,-7.731143864294389,13.800000190734863,True
h_20,WBCHIE,0.9912982637814607,-4.441697683075166,138.0,True
h_20,WBCHIF,0.9565947886387776,-9.407972205255936,69.0,True
h_20,WBDERF,0.9463692269769376,-24.31399798122795,69.0,True
h_20,WBDERK,0.9999999999999999,-24.644320007452016,13.800000190734863,True
h_20,WBENEF,0.9541065598456123,-18.52572898230204,69.0,True
h_20,WBERSF,,,,False
h_20,WBLECF,0.9294209399411442,-16.26794591015012,69.0,True
h_20,WBMATF,0.9712141416826826,-17.484774809085735,69.0,True
h_20,WBNVFF,,,,False
h_20,WBON2E,0.9934732573195488,-14.106377893816628,138.0,True
h_20,WBON2F,,,,False
h_20,WBON3C,,,,False
h_20,WBON3D,1.005239608613943,-7.869155094478438,345.0,True
h_20,WBON3E,0.9935484552792774,-14.103082795385099,138.0,True
h_20,WBONAF,0.9844287431906027,-18.969105094787384,69.0,True
h_20,WBOPEF,,,,False
h_20,WBPOPF,0.9824424537324383,-10.687614633386348,69.0,True
h_20,WBVISF,0.9548739981799814,-16.12295334256229,69.0,True
h_20,WCABAF,0.9649827542826409,-28.894077171137802,69.0,True
h_20,WCALAE,1.0066606516508585,-9.747355810914142,138.0,True
h_20,WCALBE,1.0066606516508585,-9.747355810914142,138.0,True
h_20,WCANAE,,,,True
h_20,WCANAF,,,,True
h_20,WCAPOF,0.9368725527363537,-10.474293415501688,69.0,True
h_20,WCATAF,0.9327108246005169,-11.578121387508178,69.0,True
h_20,WCAYAF,0.9532339153651117,-11.241763759003259,69.0,True
h_20,WCBOHF,0.981636136071408,-13.788408739759356,69.0,True
h_20,WCBYNF,0.9494205684273566,-15.973019871592468,69.0,True
h_20,WCC21E,1.0027782455269008,-10.834463541328143,138.0,True
h_20,WCCA2F,0.9972072874992209,-13.795807457044274,69.0,True
h_20,WCCABF,0.9970694277955925,-13.859099187755152,69.0,True
h_20,WCCARF,0.9327277807729937,-11.512040778632349,69.0,True
h_20,WCCIBF,0.9912152038198174,-20.862287714613135,69.0,True
h_20,WCDAGF,0.9688878809775471,-15.60967719198859,69.0,True
h_20,WCEMEE,0.9997685881306156,-5.459596093229938,138.0,True
h_20,WCENOF,0.9617088843165316,-25.64380741360196,69.0,True
h_20,WCEPPF,,,,False
h_20,WCES1K,1.0199999809265137,-5.556039722872846,13.800000190734863,True
h_20,WCES2K,1.0199999809265137,-5.556039722872846,13.800000190734863,True
h_20,WCES3K,1.0199999809265132,-5.5340020518744675,13.800000190734863,True
h_20,WCESPF,0.9362249246806378,-24.804443410890894,69.0,True
h_20,WCESPK,,,,False
h_20,WCINDF,,,,False
h_20,WCLUIE,0.9934603792103265,-6.486700196404279,138.0,True
h_20,WCNACF,,,,False
h_20,WCNPEE,0.9827676842949566,-9.664825576794597,138.0,True
h_20,WCNSLF,,,,False
h_20,WCOAPE,0.9859608951984938,-7.151881664517666,138.0,True
h_20,WCOCOF,0.9874334376317372,-18.034753390661354,69.0,True
h_20,WCODAF,0.9644122579583131,-26.239158401470736,69.0,True
h_20,WCOHEF,1.0072988922462043,-14.577663865154669,69.0,True
h_20,WCONSF,0.9954544417335163,-31.470087064671002,69.0,True
h_20,WCORMF,0.9710097091829928,-23.2039032702991,69.0,True
h_20,WCOTAE,0.9549323514057825,-10.846671018275746,138.0,True
h_20,WCOTBE,0.9549323514057825,-10.846671018275746,138.0,True
h_20,WCOTUF,0.9671636856564706,-28.389343850873228,69.0,True
h_20,WCPVCF,0.9717024763064934,-15.47891143801509,69.0,True
h_20,WCSATF,0.9730008634538276,-15.369100146178262,69.0,True
h_20,WCSO1K,0.9549323514057825,-10.846671018275746,34.5,True
h_20,WCSO2K,0.9549323514057825,-10.846671018275746,34.5,True
h_20,WCSO3K,0.9549323514057825,-10.846671018275746,34.5,True
h_20,WCSOLK,,,,False
h_20,WCTP1D,,,,False
h_20,WCTP2D,,,,False
h_20,WCUMAE,0.9686560215641451,-9.260582466696881,138.0,True
h_20,WCUMBE,0.9686560215641451,-9.260582466696881,138.0,True
h_20,WCVEGF,0.9850898840993849,-25.17985692259574,69.0,True
h_20,WCZFSF,0.9930152836880348,-19.873075632054856,69.0,True
h_20,WDAJAE,0.9725638010473983,-14.621898471741341,138.0,True
h_20,WDAJAF,,,,False
h_20,WDESPF,0.9474940912539161,-9.49686781048883,69.0,True
h_20,WDISDF,0.9480220573808984,-16.10262843206447,69.0,True
h_20,WDJAOE,0.9542089509989259,-10.14524611956648,138.0,True
h_20,WDJAOF,0.9034494465707725,-15.36045855380507,69.0,True
h_20,WDPEDF,0.9845322133913497,-21.385864247420436,69.0,True
h_20,WDRODF,0.9865596154718109,-12.766936362315832,69.0,True
h_20,WDRODK,0.9960593989246297,-12.794578773691635,12.470000267028809,True
h_20,WDRODM,,,,False
h_20,WDURAF,,,,False
h_20,WDUVEF,0.97377655654632,-21.13785240247976,69.0,True
h_20,WEABAF,,,,False
h_20,WEBRIE,0.9734999316208687,-9.417772257771185,138.0,True
h_20,WECHIF,0.9517224457935929,-25.789371968257306,69.0,True
h_20,WELJIF,0.9880957688846467,-21.04553237530508,69.0,True
h_20,WEM21K,1.0000000000000004,-9.40794091656609,13.800000190734863,True
h_20,WEMA2E,,,,False
h_20,WEMA2F,,,,False
h_20,WEMA3F,0.947496884076237,-9.497878638575276,69.0,True
h_20,WEMB2F,,,,False
h_20,WEMB3F,0.9485366931559246,-9.304656651086818,69.0,True
h_20,WEMBAE,0.9819761154400855,-10.528181300083345,138.0,True
h_20,WENADE,1.0007929255687593,0.43155783251625496,138.0,True
h_20,WENE4E,1.0003030685938399,-5.373950853765743,138.0,True
h_20,WEPINF,0.9726895529500774,-14.173810284909823,69.0,True
h_20,WERIOF,0.9910107151009363,-29.679058134351738,69.0,True
h_20,WESEIE,0.9581473850146751,-10.017671781983942,138.0,True
h_20,WESM3F,,,,False
h_20,WESM3K,,,,False
h_20,WESOCE,0.9938138712065964,-6.008900997360035,138.0,True
h_20,WESP1E,0.9939475458408303,-13.456179155886007,138.0,True
h_20,WFALCE,0.9935546756246734,-14.103179783374067,138.0,True
h_20,WFALCF,0.9965189305909968,-17.97137164278181,69.0,True
h_20,WFALCK,,,,True
h_20,WFALCM,,,,False
h_20,WFANTF,0.9793516906121816,-22.834688009148184,69.0,True
h_20,WFNEGF,,,,False
h_20,WFOCHF,0.9870847293099613,-20.259491623237068,69.0,True
h_20,WFOLAF,,,,False
h_20,WGALAF,0.939519894653731,-10.724040301382335,69.0,True
h_20,WGBOJF,0.9840578572681336,-13.274786998731072,69.0,True
h_20,WGHACF,0.982587362562311,-10.681859833140454,69.0,True
h_20,WGIRAE,1.0050139381112067,-9.746100158766978,138.0,True
h_20,WGIRAK,1.0121721132146102,-9.765334781332285,34.5,True
h_20,WGMALF,0.975522894358698,-13.26095837835045,69.0,True
h_20,WGNLLE,0.994595778532107,-11.717991197386851,138.0,True
h_20,WGNLLK,0.9962230482162892,-11.725971902285508,34.5,True
h_20,WGOYAF,0.9872361046152873,-17.087163599198377,69.0,True
h_20,WGPALF,0.9792006632520128,-13.57238144970647,69.0,True
h_20,WGPETF,0.9754932346692696,-13.268559691180581,69.0,True
h_20,WGPLAF,0.9377143791669779,-10.912784460285541,69.0,True
h_20,WGRCHF,0.9353780555770526,-11.139391961201012,69.0,True
h_20,WGRSFF,0.9629599529904679,-25.773646862673314,69.0,True
h_20,WGU1AD,,,,False
h_20,WGU1BD,,,,False
h_20,WGUA2F,0.9912426848776007,-12.34357985512807,69.0,True
h_20,WGUANE,,,,True
h_20,WGUANF,0.9913215997003412,-12.349509434756799,69.0,True
h_20,WGUAVF,0.9564042779153721,-11.152886884928446,69.0,True
h_20,WGUAYE,0.9870359925167143,-12.648980868125943,138.0,True
h_20,WGUAYF,0.9052586242416132,-16.856069974722516,69.0,True
h_20,WGUERD,0.9993712905054636,-6.902233919042839,345.0,True
h_20,WGUERE,0.9907140098234197,-6.975663905208544,138.0,True
h_20,WGUERF,0.9273389785366025,-12.79196204397527,69.0,True
h_20,WGVEGF,0.9896780202901009,-24.052819245564933,69.0,True
h_20,WHAIBF,0.9902274920848659,-13.101423892948684,69.0,True
h_20,WHAINE,0.9900611743884226,-9.79895665999252,138.0,True
h_20,WHAINF,0.9902274920848659,-13.101423892948684,69.0,True
h_20,WHAT2K,0.9999999999999999,-27.455240885890372,13.800000190734863,True
h_20,WHATIF,0.9736857599194965,-27.39525767075128,69.0,True
h_20,WHATIK,1.0,-27.527466964455236,12.5,True
h_20,WHENUF,,,,False
h_20,WHERRE,0.9845422856532343,-10.714231307962072,138.0,True
h_20,WHGMOE,,,,False
h_20,WHGUEE,,,,False
h_20,WHIGUF,0.9752776128489691,-21.44925143788049,69.0,True
h_20,WHJBOF,0.9844322103696156,-24.080094672594175,69.0,True
h_20,WHLINF,,,,False
h_20,WHMA2E,0.9688177002483066,-8.572768504102209,138.0,True
h_20,WHMA2F,0.9536862501356261,-10.542026855033821,69.0,True
h_20,WHMAYF,0.9522346891560421,-10.656066243763785,69.0,True
h_20,WHMSAF,0.9749119365979304,-17.016698738559644,69.0,True
h_20,WHNACF,,,,False
h_20,WHNS1E,0.9809744640145692,-8.564285173426164,138.0,True
h_20,WHNS1F,0.9621067616082067,-12.117170559795435,69.0,True
h_20,WHNUEF,0.9526037463047873,-15.679706191070496,69.0,True
h_20,WIAANE,0.993401465446688,-4.404960255049685,138.0,True
h_20,WIBARF,0.9965897976267143,-13.880666770507256,69.0,True
h_20,WICAEF,0.988761054704044,-15.898809764033473,69.0,True
h_20,WICNAF,,,,False
h_20,WIDALF,0.9845111287122711,-24.30631260201454,69.0,True
h_20,WIGASE,,,,False
h_20,WIISAF,0.9445378970461143,-9.690501107787775,69.0,True
h_20,WIMB2F,0.9736575907294728,-22.761839211852127,69.0,True
h_20,WIMBEF,0.9718088070140747,-22.872207604641225,69.0,True
h_20,WINCAF,0.9730419822073632,-15.416659809996087,69.0,True
h_20,WINCAK,1.0000000000000002,-16.287011294966916,12.470000267028809,True
h_20,WINVBF,0.952534253546372,-12.983366356384206,69.0,True
h_20,WINVIF,0.9354065526756167,-11.14568851695559,69.0,True
h_20,WIPSIF,,,,False
h_20,WITA1E,0.9917490732025472,-9.57177745119924,138.0,True
h_20,WJARAF,0.9839099638874388,-28.007799545894464,69.0,True
h_20,WJDOLE,0.9964314911507863,-6.107662986301727,138.0,True
h_20,WJIBPE,0.970080388055802,-21.59327707509049,69.0,True
h_20,WJIGBE,1.003395805170394,-8.059395525350288,138.0,True
h_20,WJIGUE,1.003395805170394,-8.059395525350288,138.0,True
h_20,WJIMEF,0.9850067491090265,-27.957669453286083,69.0,True
h_20,WJSAUD,1.0123620261259243,-6.254641915120237,345.0,True
h_20,WJSAUE,,,,False
h_20,WKDMBF,0.9759860646596845,-14.244209577073985,69.0,True
h_20,WKDMEF,0.9701450566560148,-13.96678378380081,69.0,True
h_20,WKINDF,0.9891629199063092,-14.820699508652247,69.0,True
h_20,WKQA1F,0.9925377120767938,-13.264762828939721,69.0,True
h_20,WKQAZE,1.0098780230775475,-9.742075566405472,138.0,True
h_20,WKVEIF,,,,False
h_20,WLALFF,,,,False
h_20,WLANGE,0.9884802350511558,-15.476175311302324,138.0,True
h_20,WLBARF,,,,False
h_20,WLCALF,0.9352655648926139,-11.330599328502581,69.0,True
h_20,WLCBOF,0.9778940263937594,-20.970373678130247,69.0,True
h_20,WLCOCK,1.0064804890657002,-11.190204542972756,34.5,True
h_20,WLCUAF,0.9426204737177517,-9.895423227449658,69.0,True
h_20,WLDAMF,0.9748688147831592,-21.215045553607894,69.0,True
h_20,WLDAMK,1.0,-22.82280963951501,12.5,True
h_20,WLDIAF,0.9824394813702669,-10.687736021765664,69.0,True
h_20,WLGALE,0.9820001998710917,-16.071723123780192,138.0,True
h_20,WLGU2K,0.9968579437062185,-14.012645535911936,34.5,True
h_20,WLGUZE,0.9968579437062185,-14.012645535911936,138.0,True
h_20,WLGUZK,0.9968435017023436,-14.014158580465606,34.5,True
h_20,WLISAE,0.9833866232390478,-9.56182588780789,138.0,True
h_20,WLLAGF,,,,False
h_20,WLMFAF,0.9763516072189422,-13.789636792132253,69.0,True
h_20,WLMI5E,0.98202436912685,-8.898795891091975,138.0,True
h_20,WLMI6E,0.9820342961265365,-8.899873882226618,138.0,True
h_20,WLMI7E,0.982167857000805,-8.84596558211157,138.0,True
h_20,WLMI7K,1.0000000000000002,-8.866356719760288,13.800000190734863,True
h_20,WLMINE,0.9819645869972335,-8.897881918591816,138.0,True
h_20,WLMINF,0.9422043409830022,-10.098146300400536,69.0,True
h_20,WLORIE,0.9977796155305662,-5.79601766284926,138.0,True
h_20,WLORIK,1.0490000247955322,-5.890884232860918,12.470000267028809,True
h_20,WLPARF,0.9250936660210453,-13.027875205772688,69.0,True
h_20,WLPENF,0.97922554072069,-23.470597378150728,69.0,True
h_20,WLPRAE,0.9824346025102476,-10.692847125777002,138.0,True
h_20,WLROME,0.9610993186267479,-10.27773568902885,138.0,True
h_20,WLROMF,0.9554011967907952,-15.167343545732493,69.0,True
h_20,WLRPUF,0.9493002871994735,-15.756280587516125,69.0,True
h_20,WLTORF,0.9944703012270399,-12.93929538934109,69.0,True
h_20,WLUCIF,0.9952862085234129,-14.191442600565741,69.0,True
h_20,WLUPEF,0.9644196947097042,-23.596853984758827,69.0,True
h_20,WLVEGF,0.9851750936438216,-25.175357956955086,69.0,True
h_20,WLVICE,0.9810758869665152,-8.56573730905291,138.0,True
h_20,WLVICK,0.9810758869665152,-8.56573730905291,34.5,True
h_20,WLVPEF,0.9856398633014666,-25.58939538009037,69.0,True
h_20,WMAGUF,0.9907883173800389,-12.968443542604641,69.0,True
h_20,WMAIMF,0.9729392887119702,-22.674535549666906,69.0,True
h_20,WMARAF,0.9379499162016539,-12.404645101329722,69.0,True
h_20,WMARAK,0.9379499162016539,-12.404645101329722,13.800000190734863,True
h_20,WMARTF,0.9035163454686982,-15.361617796318365,69.0,True
h_20,WMARTK,0.9035163454686982,-15.361617796318365,34.5,True
h_20,WMAT1E,0.9560246204161084,-24.431283503106553,138.0,True
h_20,WMATAE,0.9838392895397278,-10.236544976255924,138.0,True
h_20,WMATBE,0.9838392895397278,-10.236544976255924,138.0,True
h_20,WMEGAF,0.9406731477637118,-10.177211827619448,69.0,True
h_20,WMERCF,0.9754932346692696,-13.268559691180581,69.0,True
h_20,WMETAE,0.9838597357041713,-10.238410418432816,138.0,True
h_20,WMETAK,0.9900000095367432,-10.588991057577967,13.199999809265137,True
h_20,WMETBF,0.9826241757496912,-10.678371936628563,69.0,True
h_20,WMETEE,0.9914919368049658,-9.613429099766103,138.0,True
h_20,WMETEF,0.9842512826842978,-13.238392729596123,69.0,True
h_20,WMETRE,0.9842142883160997,-9.691014548499847,138.0,True
h_20,WMETRF,0.9826241757496912,-10.678371936628563,69.0,True
h_20,WMIR1E,0.9908701135323948,-6.976354708928932,138.0,True
h_20,WMIRAK,0.9908701135323948,-6.976354708928932,34.5,True
h_20,WMLTPF,0.9816169845393565,-13.493198401689035,69.0,True
h_20,WMOCAE,0.96914121442109,-18.59478432532267,138.0,True
h_20,WMOCAF,0.9654272155259891,-24.21311253138446,69.0,True
h_20,WMONCE,0.989608612754623,-13.002769332280211,138.0,True
h_20,WMONTE,0.9751247749237394,-14.055648143876898,138.0,True
h_20,WMOZAF,0.9469958554045351,-9.651305251562974,69.0,True
h_20,WMP2AE,0.9911669540632092,-6.977563370605404,138.0,True
h_20,WMP2BE,0.9911669540632092,-6.977563370605404,138.0,True
h_20,WMPALF,0.925160094653429,-13.026965082748635,69.0,True
h_20,WMPALK,0.925160094653429,-13.026965082748635,34.5,True
h_20,WMPL1D,,,,False
h_20,WMPL2D,,,,False
h_20,WMPLAF,0.7588400296432225,-27.532787831744358,69.0,True
h_20,WMPSOE,,,,False
h_20,WMPSOF,0.758840043988024,-27.532788130251145,69.0,True
h_20,WMPSOK,0.758840043988024,-27.532788130251145,20.0,True
h_20,WMRI2E,1.009881567632613,-9.518471961771919,138.0,True
h_20,WMTFNE,1.02343876060541,-8.680943143766353,138.0,True
h_20,WMTFNK,1.0683073125516347,-8.728245582542788,34.5,True
h_20,WMULTF,0.9444844947459149,-9.692415155897184,69.0,True
h_20,WMVCIF,0.9888336258151057,-21.01272092454421,69.0,True
h_20,WMVIEF,0.9875431105224881,-17.43756053066525,69.0,True
h_20,WNAG2E,0.95763848655848,-24.16630001144404,138.0,True
h_20,WNAG2F,,,,True
h_20,WNAGUF,0.9526119746599966,-27.438523582323707,69.0,True
h_20,WNARAD,0.9900546893060123,-11.447565212841633,345.0,True
h_20,WNARAE,,,,False
h_20,WNAV2E,0.993321685490558,-13.61951383631789,138.0,True
h_20,WNAVAF,0.9595605264835741,-23.496809979713074,69.0,True
h_20,WNEYBF,0.9455100088537152,-22.611494695703545,69.0,True
h_20,WNIBAE,0.980837158150029,-16.328067235700228,138.0,True
h_20,WNOVOF,0.982697320761527,-12.628639786022912,69.0,True
h_20,WOFALF,1.0073077762731772,-14.578079232296073,69.0,True
h_20,WOJIVF,0.9875951921524413,-13.185434316832158,69.0,True
h_20,WPAK0E,,,,False
h_20,WPAK2E,1.009600822767053,-9.488694034071894,138.0,True
h_20,WPAK5E,1.009600822767053,-9.488694034071894,138.0,True
h_20,WPAK6E,1.009600822767053,-9.488694034071894,138.0,True
h_20,WPAL1E,0.9904157122342411,-9.82333161037524,138.0,True
h_20,WPALAF,0.9792006632520128,-13.57238144970647,69.0,True
h_20,WPALBE,1.0131927089059143,-9.345624440447642,138.0,True
h_20,WPALBF,0.9888703120004695,-12.09286921294387,69.0,True
h_20,WPALEE,1.0131927089059143,-9.345624440447642,138.0,True
h_20,WPAQ1K,1.0499999523162846,-11.941963681784642,4.159999847412109,True
h_20,WPARAE,0.9861245499272129,-9.664620343567275,138.0,True
h_20,WPAYAE,,,,False
h_20,WPAYBE,,,,False
h_20,WPAYIF,0.9623235601925071,-28.618397393560677,69.0,True
h_20,WPBAJF,0.9865115251546943,-28.463765324811224,69.0,True
h_20,WPBBAE,,,,False
h_20,WPBLAD,,,,False
h_20,WPCA1K,1.0499999523162842,0.0,22.0,True
h_20,WPCA2K,1.0499999523162842,2.3474512487156987,22.0,True
h_20,WPCATE,,,,False
h_20,WPCGLF,0.9670617206948617,-15.699482605914334,69.0,True
h_20,WPCIBF,0.9424748255495263,-10.643508133249629,69.0,True
h_20,WPDISF,,,,False
h_20,WPDIVF,0.9695441536456393,-14.32109871233733,69.0,True
h_20,WPDORE,,,,True
h_20,WPDORF,0.9866556918783036,-23.659815550453494,69.0,True
h_20,WPEBPE,1.0078157992440753,-11.351279644695794,138.0,True
h_20,WPERAE,1.0066609874572423,-9.747357367599852,138.0,True
h_20,WPERBE,1.0066609874572423,-9.747357367599852,138.0,True
h_20,WPES1K,1.0066609874572423,-9.747357367599852,34.5,True
h_20,WPES2K,1.0066609874572423,-9.747357367599852,34.5,True
h_20,WPFLEF,,,,False
h_20,WPFMSK,0.9870359925167143,-12.648980868125943,20.0,True
h_20,WPGARF,0.9846717288878153,-23.03327288023095,69.0,True
h_20,WPHAIF,0.990032698362489,-13.116886807177256,69.0,True
h_20,WPIDUF,0.9732484948039491,-15.226433178916436,69.0,True
h_20,WPIISF,,,,False
h_20,WPIMCF,0.9827906886926857,-20.604684372759,69.0,True
h_20,WPIMEE,0.9853601286978176,-19.838141227015985,138.0,True
h_20,WPIMEF,0.9728857274424237,-28.375959689540448,69.0,True
h_20,WPINAF,1.0309445909688228,-15.61513601565094,69.0,True
h_20,WPIZAE,1.004194155596157,-9.73793277584455,138.0,True
h_20,WPIZAF,0.9952886190558357,-14.1912456817107,69.0,True
h_20,WPIZBF,,,,False
h_20,WPLASF,0.9815548689175775,-12.725165256273618,69.0,True
h_20,WPLCCF,0.9768494325649694,-14.167485553764742,69.0,True
h_20,WPLINF,0.9773597698470675,-15.411927107795574,69.0,True
h_20,WPLM1E,1.0148603674856158,-9.00754366298809,138.0,True
h_20,WPLM1K,1.019999980926514,-9.062724372984949,13.800000190734863,True
h_20,WPLM2K,1.0199999809265137,-9.095716910514042,13.800000190734863,True
h_20,WPP22E,0.9933353492485795,-15.740804729440454,138.0,True
h_20,WPPELF,0.9869141133181777,-23.592047531635306,69.0,True
h_20,WPPL2F,,,,True
h_20,WPPLAF,0.9961189767574239,-21.702437656286858,69.0,True
h_20,WPPLBF,,,,False
h_20,WPPLIF,0.9582336173739995,-23.57724067593252,69.0,True
h_20,WPPRIF,0.9883361643286742,-21.03417694129877,69.0,True
h_20,WPSCEF,0.9671296897831637,-17.513588146784837,69.0,True
h_20,WPSESK,,,,False
h_20,WPVIEE,,,,False
h_20,WQ1SPK,0.9999999999999999,-14.626777198944563,13.800000190734863,True
h_20,WQCORF,0.9888766634824467,-13.451365648258154,69.0,True
h_20,WQU11D,1.0071132056409795,-14.52538612871408,230.0,True
h_20,WQU12K,1.0000000000000002,-14.630958500888214,13.800000190734863,True
h_20,WQU21D,1.0071132056409795,-14.52538612871408,230.0,True
h_20,WQU21K,1.0000000000000002,-14.630958500888214,13.800000190734863,True
h_20,WQUINF,0.9754098042241839,-21.63830015615764,69.0,True
h_20,WQUISD,,,,True
h_20,WQUISE,,,,False
h_20,WRARRF,0.976913215959572,-21.068732422854566,69.0,True
h_20,WRBL1K,,,,False
h_20,WRBL2K,,,,False
h_20,WRBLAF,1.0147145548326957,-17.29053785631576,69.0,True
h_20,WRCHAF,0.9541490852503708,-17.44172079470646,69.0,True
h_20,WREFIF,0.9828793547588682,-13.373541588472289,69.0,True
h_20,WRINCF,0.9834547383199892,-22.410703310186285,69.0,True
h_20,WRNUEF,0.982971616192806,-22.44438840913773,69.0,True
h_20,WRPELF,0.9015052601673498,-16.938998580623053,69.0,True
h_20,WRSJUE,0.9527739673114649,-24.754304715756163,138.0,True
h_20,WRZMOK,,,,False
h_20,WSABAF,0.9992987396231027,-11.741491073994172,69.0,True
h_20,WSAJ1E,0.988650439825049,-14.650143875644364,138.0,True
h_20,WSALCE,0.965982787711586,-19.674479283119613,138.0,True
h_20,WSALIF,0.9809415601697421,-17.44325107008783,69.0,True
h_20,WSAMAE,0.9381657996787859,-26.664413566136094,138.0,True
h_20,WSANCE,0.9441643271232278,-26.06488916830412,138.0,True
h_20,WSANTE,1.0043022074885313,-9.739010533752726,138.0,True
h_20,WSANTK,1.0043022074885313,-9.739010533752726,34.5,True
h_20,WSCANF,0.9755528944107567,-14.811593448762466,69.0,True
h_20,WSCANK,0.9755528944107568,-14.811593448762464,34.5,True
h_20,WSCNOE,0.9937337275426719,-9.640417548106727,138.0,True
h_20,WSESTE,0.9987733148698378,-5.616338561070206,138.0,True
h_20,WSFELE,,,,True
h_20,WSFMAE,0.9668191250417525,-21.079619039479848,138.0,True
h_20,WSFMAF,0.9609434103526896,-25.01441687318371,69.0,True
h_20,WSIBBE,0.9915573445282415,-4.376686020379351,138.0,True
h_20,WSJMAF,0.9604055320208219,-22.17054712827294,69.0,True
h_20,WSJOCF,0.9674011955802757,-18.840093396868966,69.0,True
h_20,WSJU2E,1.0060582530053026,-10.071500344841958,138.0,True
h_20,WSJU2F,0.9942070579714501,-12.002561449716563,69.0,True
h_20,WSJUAF,0.9907489028563947,-12.270668701072523,69.0,True
h_20,WSKAPF,0.9755657539365361,-13.264059489409176,69.0,True
h_20,WSLCOE,,,,False
h_20,WSLORK,1.0,-9.569167469454177,13.800000190734863,True
h_20,WSMARF,0.9547013356132539,-10.559086983939181,69.0,True
h_20,WSODOF,0.9875311380808216,-17.4387560460922,69.0,True
h_20,WSOSUF,0.9755598126865408,-27.740381042412427,69.0,True
h_20,WSPB1K,1.0499999523162842,-5.770504965403863,13.800000190734863,True
h_20,WSPBEE,0.9997655133983813,-5.52489605544605,138.0,True
h_20,WSPERF,0.894694552148043,-16.16128568560972,69.0,True
h_20,WSPEVF,,,,False
h_20,WSPM2E,1.0003030685938399,-5.373950853765743,138.0,True
h_20,WSPMAE,0.9969249001016508,-5.864843851960389,138.0,True
h_20,WSPMAF,0.9804023016021979,-10.628414291040924,69.0,True
h_20,WSPMBE,0.9969249001016508,-5.864843851960389,138.0,True
h_20,WSPRIF,0.8546850697307472,-18.79439266391669,69.0,True
h_20,WSRODE,0.9763367661834487,-14.31051552493739,138.0,True
h_20,WSYASF,0.9591495657147558,-29.481288369339133,69.0,True
h_20,WSYEGF,0.9916382577093873,-12.395441759419636,69.0,True
h_20,WTAAGK,,,,False
h_20,WTAAVK,,,,False
h_20,WTAG1K,,,,False
h_20,WTAG2K,,,,False
h_20,WTAMAF,0.9610622396638412,-12.139630286210588,69.0,True
h_20,WTANOK,,,,False
h_20,WTAV1K,0.9999999999999998,-11.167429088723823,13.800000190734863,True
h_20,WTAVBE,,,,False
h_20,WTBA1K,,,,False
h_20,WTBA2K,,,,False
h_20,WTCE1K,,,,False
h_20,WTCE2K,,,,False
h_20,WTCEMK,,,,False
h_20,WTDAJK,,,,False
h_20,WTEMPF,0.9400148064298046,-10.152791690177233,69.0,True
h_20,WTESAK,,,,False
h_20,WTFA1K,,,,False
h_20,WTFA2K,,,,False
h_20,WTFA3K,,,,False
h_20,WTHAGK,,,,False
h_20,WTHAIF,0.9581260199021876,-12.473210518078327,69.0,True
h_20,WTIM2E,0.981057230169629,-9.267808515646959,138.0,True
h_20,WTIM2F,0.9481937844923717,-9.40356605844028,69.0,True
h_20,WTIMBF,0.9474940912539161,-9.49686781048883,69.0,True
h_20,WTIREF,0.9927655863856502,-30.794213451315695,69.0,True
h_20,WTIT1K,,,,False
h_20,WTIT2K,,,,False
h_20,WTJI1K,,,,False
h_20,WTJI2K,,,,False
h_20,WTJIMK,,,,False
h_20,WTLANK,,,,False
h_20,WTMAGK,,,,False
h_20,WTMBBF,,,,True
h_20,WTMI5K,,,,False
h_20,WTMI6K,,,,False
h_20,WTMNTK,,,,False
h_20,WTMONK,,,,False
h_20,WTMR1K,,,,False
h_20,WTMR2K,,,,False
h_20,WTNNAK,,,,False
h_20,WTORGF,1.0085952596568015,-14.313064950721934,69.0,True
h_20,WTPA1K,,,,False
h_20,WTPG1K,,,,False
h_20,WTPG2K,,,,False
h_20,WTPG3K,,,,False
h_20,WTPI1K,,,,False
h_20,WTPI2K,,,,False
h_20,WTRINK,,,,False
h_20,WTRJCK,,,,False
h_20,WTROQF,0.9959821847484533,-20.48525962501965,69.0,True
h_20,WTSABK,,,,False
h_20,WTSE1K,,,,False
h_20,WTSFVK,,,,False
h_20,WTSPVK,,,,False
h_20,WTSYEK,,,,False
h_20,WTTA1K,,,,False
h_20,WTTA2K,,,,False
h_20,WTTITF,0.9469320259142578,-9.512053152560059,69.0,True
h_20,WTTO1K,,,,False
h_20,WTVA1K,,,,False
h_20,WTVA2K,,,,False
h_20,WTVE1K,,,,False
h_20,WTZFPF,,,,False
h_20,WUASDE,0.9834851694040032,-9.994227341265072,138.0,True
h_20,WUMEDF,0.9671580209849335,-17.511429895185856,69.0,True
h_20,WVALBE,1.001163035655037,-8.915792381872658,138.0,True
h_20,WVALDE,1.001163035655037,-8.915792381872658,138.0,True
h_20,WVALLF,0.9920449444842038,-12.201818710268263,69.0,True
h_20,WVALTF,0.9501850983993567,-16.482323984448673,69.0,True
h_20,WVDU1E,,,,True
h_20,WVDUAF,,,,False
h_20,WVILAE,,,,False
h_20,WVILLF,0.9893589987432226,-12.833494617581104,69.0,True
h_20,WVMAOE,0.9861919536561785,-13.767978656281587,138.0,True
h_20,WVMELE,0.9783824838797673,-9.827153022881877,138.0,True
h_20,WVNOBF,0.965597662636419,-15.41881909204427,69.0,True
h_20,WVOLGF,0.9673039581743571,-17.504586193924396,69.0,True
h_20,WX1PAK,,,,False
h_20,WXABIF,0.9571609758080563,-23.639883899386746,69.0,True
h_20,WXABRF,0.9961322182749719,-13.845414419226215,69.0,True
h_20,WXAD2F,0.9894588557576222,-16.59447932840369,69.0,True
h_20,WXADOF,0.9895762316120261,-16.714479124397318,69.0,True
h_20,WXAHGF,0.9709791236578655,-13.836354297983712,69.0,True
h_20,WXAHMF,0.9723120136986089,-25.61242754698789,69.0,True
h_20,WXAISF,0.987476391409467,-17.077541393030447,69.0,True
h_20,WXALDF,1.0085390599544586,-14.321481903355775,69.0,True
h_20,WXALIF,0.9735970569481537,-13.75196274447764,69.0,True
h_20,WXAORF,0.9519038444776133,-12.313647944916951,69.0,True
h_20,WXAPFF,0.990127083941897,-20.05758670321368,69.0,True
h_20,WXAPPF,0.983349592497971,-26.330121866760265,69.0,True
h_20,WXAQUF,,,,False
h_20,WXARDF,0.989638400315561,-16.7744187082945,69.0,True
h_20,WXASOF,0.9806338556470181,-27.223696695451256,69.0,True
h_20,WXBA1F,,,,False
h_20,WXBA2F,,,,True
h_20,WXBASF,0.9412126369677936,-12.417330289752714,69.0,True
h_20,WXBAYF,,,,False
h_20,WXBDEF,0.9459859631223017,-24.316406555447674,69.0,True
h_20,WXBLEF,0.9294150125826153,-16.265963748817324,69.0,True
h_20,WXBMAF,0.9722996807941086,-17.44150709452241,69.0,True
h_20,WXBOHF,0.9817732463500171,-13.779228749993447,69.0,True
h_20,WXBPEF,0.992241869332781,-18.59139414685507,69.0,True
h_20,WXCA1K,1.0066606516508585,-9.747355810914142,34.5,True
h_20,WXCABF,0.9535806763617771,-15.618927206492879,69.0,True
h_20,WXCANF,,,,False
h_20,WXCARF,0.9711219928229358,-13.859117814839546,69.0,True
h_20,WXCATF,0.9441630502448388,-10.914631540778666,69.0,True
h_20,WXCB2F,,,,False
h_20,WXCBAF,0.977816891364272,-13.837798727198164,69.0,True
h_20,WXCC1E,,,,False
h_20,WXCC3E,,,,False
h_20,WXCCOF,0.9896238597836415,-16.775695232618297,69.0,True
h_20,WXCDAF,0.9689197711148306,-15.60799672307369,69.0,True
h_20,WXCDLF,0.9644306237897421,-26.238332274371437,69.0,True
h_20,WXCENF,0.963135788057497,-25.57952856655317,69.0,True
h_20,WXCHAF,0.9541490852503708,-17.44172079470646,69.0,True
h_20,WXCIGF,0.980048800682201,-10.641936980124267,69.0,True
h_20,WXCINF,0.9504033833587102,-16.47292022334094,69.0,True
h_20,WXCNAF,0.9733184321319903,-10.793408362265982,69.0,True
h_20,WXCOCF,,,,False
h_20,WXCODF,0.9826241757496912,-10.678371936628563,69.0,True
h_20,WXCORF,0.9723280882955144,-23.124371297794486,69.0,True
h_20,WXCSAF,0.9730544255542418,-15.357823665542748,69.0,True
h_20,WXCTAF,0.9795197850313033,-23.106743680514413,69.0,True
h_20,WXCU1K,0.9683543101777594,-9.261961630393339,34.5,True
h_20,WXCU2K,0.9683543101777594,-9.261961630393339,34.5,True
h_20,WXCU4K,0.9683543101777594,-9.261961630393339,34.5,True
h_20,WXDBRF,0.980048800682201,-10.641936980124267,69.0,True
h_20,WXDISF,0.9485994417717796,-16.04776678193913,69.0,True
h_20,WXDROF,0.9858421830326628,-12.844041925335777,69.0,True
h_20,WXDURF,,,,False
h_20,WXEANF,0.9898611584507706,-20.070362800958463,69.0,True
h_20,WXECHF,0.9557601142289465,-25.447871875522214,69.0,True
h_20,WXES2K,,,,False
h_20,WXES3K,,,,False
h_20,WXESPF,0.9366234831221952,-24.784242334016035,69.0,True
h_20,WXEV4K,1.019999980926514,-5.406523883915288,13.800000190734863,True
h_20,WXGALF,0.9395580330320764,-10.722457159802579,69.0,True
h_20,WXGAVF,0.9569640909822192,-11.154446644506137,69.0,True
h_20,WXGBOF,0.9840578572681336,-13.274786998731072,69.0,True
h_20,WXGOYF,0.987476391409467,-17.077541393030447,69.0,True
h_20,WXGPLF,0.9377143791669779,-10.912784460285541,69.0,True
h_20,WXGRCF,,,,False
h_20,WXGRMF,0.9353563533365297,-12.341941688374858,69.0,True
h_20,WXGRSF,0.9629728388969071,-25.773145428433914,69.0,True
h_20,WXGU2F,0.9912660974505864,-12.34185013939285,69.0,True
h_20,WXHACF,0.9826001643236812,-10.680718132595327,69.0,True
h_20,WXHE1F,1.0086419962616329,-14.30036722042834,69.0,True
h_20,WXHE2F,,,,False
h_20,WXHHIF,0.9792987768493705,-10.66049639948013,69.0,True
h_20,WXHJBF,0.9844429354212451,-24.079782109920973,69.0,True
h_20,WXHMSF,0.9749276129306418,-17.01561145331208,69.0,True
h_20,WXHNAF,,,,False
h_20,WXHNUF,0.9530687861730963,-15.659948591609709,69.0,True
h_20,WXIBAF,0.9965925152484633,-13.880557358171849,69.0,True
h_20,WXICAF,0.9887645489794177,-15.89867770649863,69.0,True
h_20,WXICNF,,,,False
h_20,WXIDAF,0.984518369436175,-24.30576972936063,69.0,True
h_20,WXIDUF,0.9732484948039491,-15.226433178916436,69.0,True
h_20,WXIISF,0.9445409701768677,-9.690378681836433,69.0,True
h_20,WXIMBF,0.9730818757923804,-22.803575209887338,69.0,True
h_20,WXINAF,0.9451317072351645,-9.668339084057415,69.0,True
h_20,WXINDF,0.9869425768849167,-24.711988537075886,69.0,True
h_20,WXINVF,0.9355500450004118,-11.131959114658661,69.0,True
h_20,WXIPRF,,,,False
h_20,WXIPSF,0.9732484948039491,-15.226433178916436,69.0,True
h_20,WXJIMF,0.9850067491090265,-27.957669453286083,69.0,True
h_20,WXJINF,0.97377655654632,-21.13785240247976,69.0,True
h_20,WXKINF,0.9903773977507317,-14.740284653573323,69.0,True
h_20,WXKVEF,0.9343832839166043,-11.842356150319976,69.0,True
h_20,WXLADF,0.9327688543607948,-11.510621442715806,69.0,True
h_20,WXLALF,,,,False
h_20,WXLC1E,1.0064994853089129,-11.186257064195136,138.0,True
h_20,WXLCAF,0.9352655648926139,-11.330599328502581,69.0,True
h_20,WXLCBF,0.9811084327130504,-20.836508196729312,69.0,True
h_20,WXLFAF,0.9738403985835304,-17.225304436467155,69.0,True
h_20,WXLPAF,0.9251118939746437,-13.026149406637128,69.0,True
h_20,WXLPEF,0.97922554072069,-23.470597378150728,69.0,True
h_20,WXLUCK,0.9951913203261705,-14.193201074011013,34.5,True
h_20,WXLULF,0.9952886190558357,-14.1912456817107,69.0,True
h_20,WXLUPF,,,,True
h_20,WXMAGF,0.9907883173800389,-12.968443542604641,69.0,True
h_20,WXMAIF,0.9732660768217902,-22.654911545492023,69.0,True
h_20,WXMALF,0.975791816594976,-13.247351604630184,69.0,True
h_20,WXMARF,0.9379308250810372,-12.404323812595809,69.0,True
h_20,WXMATK,0.9560246204161084,-24.431283503106553,34.5,True
h_20,WXMEGF,0.9411964565403317,-10.134519849493406,69.0,True
h_20,WXMETE,,,,False
h_20,WXMETF,0.9840578572681336,-13.274786998731072,69.0,True
h_20,WXMOZF,,,,False
h_20,WXMPAF,0.9252498936949878,-13.000465909547023,69.0,True
h_20,WXMPGK,,,,False
h_20,WXMPSF,0.7588400296432225,-27.532787831744358,69.0,True
h_20,WXMV2F,0.9875431105224881,-17.43756053066525,69.0,True
h_20,WXMVAF,,,,False
h_20,WXNAGF,,,,False
h_20,WXNOVF,0.9817406230187534,-12.716536115225129,69.0,True
h_20,WXOC2F,0.9889393087749082,-20.136865541640624,69.0,True
h_20,WXOFAF,1.0073086202893529,-14.577979611835868,69.0,True
h_20,WXOLVF,0.9679312192228465,-22.48872444439947,69.0,True
h_20,WXPA1K,1.0,-9.600243208431865,11.0,True
h_20,WXPA3K,0.9999999999999999,-9.585588230321234,15.0,True
h_20,WXPA4K,1.0,-9.572194417495433,11.0,True
h_20,WXPC2F,0.9424748255495263,-10.643508133249629,69.0,True
h_20,WXPCGF,0.9670617206948617,-15.699482605914334,69.0,True
h_20,WXPCIF,0.9481760139610484,-10.137675560144862,69.0,True
h_20,WXPETF,0.9756726238516441,-13.255858130996408,69.0,True
h_20,WXPFLF,1.008613922670399,-14.30810764561928,69.0,True
h_20,WXPFSK,0.988650439825049,-14.650143875644364,34.5,True
h_20,WXPGAF,0.9847136522507529,-23.031192043047668,69.0,True
h_20,WXPGMF,0.9952886190558357,-14.1912456817107,69.0,True
h_20,WXPHAF,0.9900612005162314,-13.11563937470491,69.0,True
h_20,WXPI4K,1.0,-19.902306710467208,13.800000190734863,True
h_20,WXPIDF,0.9952886190558357,-14.1912456817107,69.0,True
h_20,WXPINF,,,,False
h_20,WXPLCF,0.9769858638144021,-14.154246877410579,69.0,True
h_20,WXPPEF,0.9869141133181777,-23.592047531635306,69.0,True
h_20,WXPPLF,,,,False
h_20,WXPPRF,0.9883589583145421,-21.033316973074836,69.0,True
h_20,WXPS1K,0.9939475458408303,-13.456179155886007,34.5,True
h_20,WXPY1K,,,,False
h_20,WXQAZF,,,,False
h_20,WXQCOF,0.9888766634824467,-13.451365648258154,69.0,True
h_20,WXRARF,0.9807879836044348,-20.85467647167572,69.0,True
h_20,WXRIEF,,,,False
h_20,WXRINF,0.9846774252026513,-22.32728377563925,69.0,True
h_20,WXSADF,,,,False
h_20,WXSESE,0.9986254874625062,-5.659967169109594,138.0,True
h_20,WXSESF,0.9780510715542894,-10.840065421287578,69.0,True
h_20,WXSI1K,1.0000000000000002,-4.391431781889177,13.800000190734863,True
h_20,WXSODF,0.9875374638919286,-17.43813440190114,69.0,True
h_20,WXSOSF,0.9755598126865408,-27.740381042412427,69.0,True
h_20,WXSPRF,0.8546850697307472,-18.79439266391669,69.0,True
h_20,WXSYEF,0.9911786921978076,-12.485002029611831,69.0,True
h_20,WXTAMF,0.9407839505967304,-10.146503948771677,69.0,True
h_20,WXTDAF,0.9030700796188171,-15.3952878991134,69.0,True
h_20,WXTH1F,0.9581258320639214,-12.47320744891843,69.0,True
h_20,WXTH2F,0.9581259332384637,-12.47320910204729,69.0,True
h_20,WXTISF,0.9904592981828423,-17.201411029579123,69.0,True
h_20,WXTREFF,0.9828793547588682,-13.373541588472289,69.0,True
h_20,WXTROF,0.996001276220758,-20.48442955641687,69.0,True
h_20,WXTTIF,0.9469320259142578,-9.512053152560059,69.0,True
h_20,WXVALF,0.9501850983993567,-16.482323984448673,69.0,True
h_20,WXVILF,0.9893589987432226,-12.833494617581104,69.0,True
h_20,WXVL1K,,,,False
h_20,WXWC2K,0.9911669540632092,-6.977563370605404,34.5,True
h_20,WXWC3K,0.9911669540632092,-6.977563370605404,34.5,True
h_20,WXYAGF,0.9881835441562742,-16.063112341709957,69.0,True
h_20,WXZAMF,0.9327688543607948,-11.510621442715806,69.0,True
h_20,WXZFBF,,,,False
h_20,WXZFHF,,,,False
h_20,WXZFNF,,,,False
h_20,WXZGUF,0.9845400447693192,-21.571850389191916,69.0,True
h_20,WXZHAF,0.9351129256345115,-11.164709430843521,69.0,True
h_20,WXZISF,,,,False
h_20,WXZPPF,,,,False
h_20,WXZSPF,0.9753461089379679,-11.1712068078754,69.0,True
h_20,WYAGUF,0.9881835441562742,-16.063112341709957,69.0,True
h_20,WYAMAF,0.7916038462039747,-24.146708314280737,69.0,True
h_20,WZFALF,,,,False
h_20,WZFAMF,,,,False
h_20,WZFBAF,,,,False
h_20,WZFDRF,,,,False
h_20,WZFESF,,,,False
h_20,WZFGIF,,,,False
h_20,WZFGUF,,,,False
h_20,WZFISF,,,,False
h_20,WZFLIF,,,,False
h_20,WZFMCF,,,,False
h_20,WZFPPF,,,,False
h_20,WZFS2F,,,,False
h_20,WZFSAE,,,,False
h_20,WZFSAF,,,,False
h_20,WZFSFF,,,,False
h_20,WZFSIF,,,,False
h_20,WZFSPF,,,,False
h_20,WZFVAF,,,,False
h_20,WZFVEF,,,,False
h_20,WZHAIF,0.9351130995995418,-11.164716342544493,69.0,True
h_20,ZXOJIF,,,,False
h_21,WAANDE,1.000117152979373,0.3395270472814297,138.0,True
h_21,WABCOF,0.9762831280570009,-16.31893787310643,69.0,True
h_21,WABISF,0.9456156639349569,-25.21081751130526,69.0,True
h_21,WABRUF,0.9133554004290149,-12.324195221389408,69.0,True
h_21,WACIBF,0.9779058462994983,-21.602992481810393,69.0,True
h_21,WACLAE,0.9902612197390337,-13.037246579534303,138.0,True
h_21,WACLAK,0.9916892750868184,-13.044847693931217,34.5,True
h_21,WADMIF,,,,False
h_21,WADOMF,1.0066216000913606,-14.489545221147683,69.0,True
h_21,WAGUAE,1.0019300221797232,-7.871924485236737,138.0,True
h_21,WAGUBE,1.0019300221797232,-7.871924485236737,138.0,True
h_21,WAHMIF,0.9663309792095273,-27.513210685298148,69.0,True
h_21,WAHO1E,0.9822061889961257,-9.815357588768894,138.0,True
h_21,WAHO2E,0.9822061889961257,-9.815357588768894,138.0,True
h_21,WAHOBF,0.9766082727111539,-13.10710533334389,69.0,True
h_21,WAHONF,0.9766082727111539,-13.10710533334389,69.0,True
h_21,WAIAMF,,,,False
h_21,WAIAZF,,,,False
h_21,WAIBAF,,,,False
h_21,WAIISF,,,,False
h_21,WAISAF,,,,False
h_21,WAISCF,0.9835139054205911,-16.937870489261382,69.0,True
h_21,WAISOF,0.9629387475594765,-29.16252726280737,69.0,True
h_21,WAIUNF,,,,False
h_21,WAIZSF,,,,False
h_21,WAORIF,0.94376295177732,-12.64807309322956,69.0,True
h_21,WAPERF,0.9694800346689083,-32.407151427249275,69.0,True
h_21,WAPFAF,0.9805963096802481,-21.365049925966627,69.0,True
h_21,WAQUIF,0.9667722591151063,-22.889644570643103,69.0,True
h_21,WASOEF,0.9617224914521874,-13.667110993795433,69.0,True
h_21,WAZUAF,0.9701421651158616,-14.58902904308242,69.0,True
h_21,WBALDF,0.9812740280156186,-21.310332405232778,69.0,True
h_21,WBANIF,0.9710711999563376,-16.507715406787295,69.0,True
h_21,WBAPEF,0.9684330748915666,-16.91616877922472,69.0,True
h_21,WBARAF,0.9804826556579531,-11.920116481854983,69.0,True
h_21,WBARCE,,,,False
h_21,WBASIF,0.9369352582075096,-12.582558950747014,69.0,True
h_21,WBAYAE,1.0065617475499098,-8.412960208993336,138.0,True
h_21,WBAYAK,1.0063875480679707,-8.415653684706623,34.5,True
h_21,WBAYOF,0.9748785707755766,-14.013999759835682,69.0,True
h_21,WBCARF,,,,False
h_21,WBCARK,1.0,-5.697580155835931,13.800000190734863,True
h_21,WBCHIE,0.9902613526311552,-4.534999751490073,138.0,True
h_21,WBCHIF,0.9540762682127613,-9.56964341554554,69.0,True
h_21,WBDERF,0.9341413113290254,-25.96517588760168,69.0,True
h_21,WBDERK,1.0000000000000002,-26.375237865910023,13.800000190734863,True
h_21,WBENEF,0.9489708155740546,-18.96665077761988,69.0,True
h_21,WBERSF,,,,False
h_21,WBLECF,0.9259894921327562,-16.623577042603934,69.0,True
h_21,WBMATF,0.9678722348675269,-16.8162995062491,69.0,True
h_21,WBNVFF,,,,False
h_21,WBON2E,0.9892956733294125,-14.707034771728452,138.0,True
h_21,WBON2F,,,,False
h_21,WBON3C,,,,False
h_21,WBON3D,1.0013267653257192,-8.227638228816396,345.0,True
h_21,WBON3E,0.9893757742484586,-14.703444453111045,138.0,True
h_21,WBONAF,0.9806083333286294,-20.00494044425007,69.0,True
h_21,WBOPEF,,,,False
h_21,WBPOPF,0.9812894727294326,-10.61697630312131,69.0,True
h_21,WBVISF,0.9507448703353326,-16.52253832930089,69.0,True
h_21,WCABAF,0.9489803286596642,-30.75831011536189,69.0,True
h_21,WCALAE,1.0056941523130474,-8.565628138607316,138.0,True
h_21,WCALBE,1.0056941523130474,-8.565628138607316,138.0,True
h_21,WCANAE,,,,True
h_21,WCANAF,,,,True
h_21,WCAPOF,0.935026735310954,-10.570784705829436,69.0,True
h_21,WCATAF,0.929229219286675,-11.763941122807655,69.0,True
h_21,WCAYAF,0.951161555466649,-11.37159376831095,69.0,True
h_21,WCBOHF,0.9788216704637477,-13.9496696078778,69.0,True
h_21,WCBYNF,0.94742972882336,-16.341014773862252,69.0,True
h_21,WCC21E,1.001956328779404,-8.794161259145636,138.0,True
h_21,WCCA2F,0.9952489765378473,-11.944868609709898,69.0,True
h_21,WCCABF,0.9950787546038309,-12.01237585459348,69.0,True
h_21,WCCARF,0.9294232234938125,-11.715027535080525,69.0,True
h_21,WCCIBF,0.984810691475801,-22.157425379909547,69.0,True
h_21,WCDAGF,0.9670839680246139,-16.024723843677663,69.0,True
h_21,WCEMEE,0.9989374560911473,-5.576947363582746,138.0,True
h_21,WCENOF,0.9548380023783426,-27.594340149882033,69.0,True
h_21,WCEPPF,,,,False
h_21,WCES1K,1.0199999809265137,-5.676527974352404,13.800000190734863,True
h_21,WCES2K,1.0199999809265137,-5.676527974352404,13.800000190734863,True
h_21,WCES3K,1.0199999809265137,-5.653523993536058,13.800000190734863,True
h_21,WCESPF,0.923049613266215,-26.50450806038676,69.0,True
h_21,WCESPK,,,,False
h_21,WCINDF,,,,False
h_21,WCLUIE,0.9922165849855877,-6.582052231145553,138.0,True
h_21,WCNACF,,,,False
h_21,WCNPEE,0.9814257571099871,-9.64924991553041,138.0,True
h_21,WCNSLF,,,,False
h_21,WCOAPE,0.9846234878758117,-7.2965653592557125,138.0,True
h_21,WCOCOF,0.9837864635393712,-17.128371532311498,69.0,True
h_21,WCODAF,0.9568320363132062,-28.27656866970508,69.0,True
h_21,WCOHEF,1.0053193685260469,-14.759004661113671,69.0,True
h_21,WCONSF,0.9931054651706168,-33.39834460292256,69.0,True
h_21,WCORMF,0.9657989855861071,-24.61527093191895,69.0,True
h_21,WCOTAE,0.9526031327063995,-11.061777351087896,138.0,True
h_21,WCOTBE,0.9526031327063995,-11.061777351087896,138.0,True
h_21,WCOTUF,0.960709608988911,-30.462927986810573,69.0,True
h_21,WCPVCF,0.9700098546398701,-15.889314642599498,69.0,True
h_21,WCSATF,0.9713758945776362,-15.773531302440565,69.0,True
h_21,WCSO1K,0.9526031327063995,-11.061777351087896,34.5,True
h_21,WCSO2K,0.9526031327063995,-11.061777351087896,34.5,True
h_21,WCSO3K,0.9526031327063995,-11.061777351087896,34.5,True
h_21,WCSOLK,,,,False
h_21,WCTP1D,,,,False
h_21,WCTP2D,,,,False
h_21,WCUMAE,0.9666624811664118,-9.445765199509397,138.0,True
h_21,WCUMBE,0.9666624811664118,-9.445765199509397,138.0,True
h_21,WCVEGF,0.9810520301973644,-26.949332880458627,69.0,True
h_21,WCZFSF,0.984762373808922,-21.093703124461502,69.0,True
h_21,WDAJAE,0.9650061431293403,-16.131116519490895,138.0,True
h_21,WDAJAF,,,,False
h_21,WDESPF,0.9459320007196634,-9.56598058809009,69.0,True
h_21,WDISDF,0.94601200512627,-16.472651902372384,69.0,True
h_21,WDJAOE,0.9522050924195676,-10.18296467981561,138.0,True
h_21,WDJAOF,0.8996281920057752,-15.553557368585471,69.0,True
h_21,WDPEDF,0.977056638497875,-22.721228977896132,69.0,True
h_21,WDRODF,0.9851601161398749,-10.89936848290131,69.0,True
h_21,WDRODK,0.9956490736716507,-10.929935115072885,12.470000267028809,True
h_21,WDRODM,,,,False
h_21,WDURAF,,,,False
h_21,WDUVEF,0.9670094828595648,-19.78737089308614,69.0,True
h_21,WEABAF,,,,False
h_21,WEBRIE,0.97182585566998,-9.44566180154221,138.0,True
h_21,WECHIF,0.943682846096389,-27.8398180931875,69.0,True
h_21,WELJIF,0.9810646602907793,-22.362463846947893,69.0,True
h_21,WEM21K,1.0000000000000002,-9.404826202594329,13.800000190734863,True
h_21,WEMA2E,,,,False
h_21,WEMA2F,,,,False
h_21,WEMA3F,0.9459519572721652,-9.567227676181727,69.0,True
h_21,WEMB2F,,,,False
h_21,WEMB3F,0.9469764683174192,-9.372594698136458,69.0,True
h_21,WEMBAE,0.9805544447380115,-10.536111602940121,138.0,True
h_21,WENADE,1.0001155154247399,0.3393267857592759,138.0,True
h_21,WENE4E,0.9994585813107173,-5.490424040814275,138.0,True
h_21,WEPINF,0.970405384560217,-12.38719312225475,69.0,True
h_21,WERIOF,0.988337017657185,-31.567031268580514,69.0,True
h_21,WESEIE,0.9561619912933469,-10.211414118768188,138.0,True
h_21,WESM3F,,,,False
h_21,WESM3K,,,,False
h_21,WESOCE,0.9928029886861902,-6.1347612089431705,138.0,True
h_21,WESP1E,0.9874136887802608,-14.525530345008093,138.0,True
h_21,WFALCE,0.9893819684697971,-14.703541441100016,138.0,True
h_21,WFALCF,0.9930339292214757,-18.953787075848755,69.0,True
h_21,WFALCK,,,,True
h_21,WFALCM,,,,False
h_21,WFANTF,0.9751789859501971,-24.323264115468085,69.0,True
h_21,WFNEGF,,,,False
h_21,WFOCHF,0.9787119938767657,-21.490657745145686,69.0,True
h_21,WFOLAF,,,,False
h_21,WGALAF,0.9379136564637602,-10.79327541921291,69.0,True
h_21,WGBOJF,0.9814949362327161,-13.41545288872596,69.0,True
h_21,WGHACF,0.9814022102846147,-10.612533244836658,69.0,True
h_21,WGIRAE,1.0035604519769175,-8.963760787165869,138.0,True
h_21,WGIRAK,1.0107082746783644,-8.982995409731181,34.5,True
h_21,WGMALF,0.9727801846509561,-13.385708185738258,69.0,True
h_21,WGNLLE,0.9863853732464541,-13.14979486197338,138.0,True
h_21,WGNLLK,0.9879987354083871,-13.157847439414248,34.5,True
h_21,WGOYAF,0.9832973025059685,-16.946483221868203,69.0,True
h_21,WGPALF,0.9778847272391704,-13.885328595889725,69.0,True
h_21,WGPETF,0.9727569825608977,-13.39288485835179,69.0,True
h_21,WGPLAF,0.9360576189323665,-10.98670752309908,69.0,True
h_21,WGRCHF,0.9336728092794564,-11.2188767230417,69.0,True
h_21,WGRSFF,0.9554397203765619,-27.793723455916957,69.0,True
h_21,WGU1AD,,,,False
h_21,WGU1BD,,,,False
h_21,WGUA2F,0.98993425605168,-10.490551906555703,69.0,True
h_21,WGUANE,,,,True
h_21,WGUANF,0.990016302057909,-10.499452723431764,69.0,True
h_21,WGUAVF,0.9545966225578856,-11.273522401941785,69.0,True
h_21,WGUAYE,0.9786409423855568,-14.125774752952086,138.0,True
h_21,WGUAYF,0.9020354054396735,-17.20902788426156,69.0,True
h_21,WGUERD,0.9974797853997748,-7.023088151330503,345.0,True
h_21,WGUERE,0.9891219165978298,-7.051923202210116,138.0,True
h_21,WGUERF,0.9240269926678135,-12.958074229500763,69.0,True
h_21,WGVEGF,0.9861929839928052,-25.784132053984816,69.0,True
h_21,WHAIBF,0.987769119037051,-13.233140323652773,69.0,True
h_21,WHAINE,0.9887019277904421,-9.803691150948922,138.0,True
h_21,WHAINF,0.987769119037051,-13.233140323652773,69.0,True
h_21,WHAT2K,1.0000000000000002,-29.44784258967834,13.800000190734863,True
h_21,WHATIF,0.9683146756999346,-29.37658558040327,69.0,True
h_21,WHATIK,0.9999999999999996,-29.526471985899775,12.5,True
h_21,WHENUF,,,,False
h_21,WHERRE,0.982990778404003,-10.73616944343864,138.0,True
h_21,WHGMOE,,,,False
h_21,WHGUEE,,,,False
h_21,WHIGUF,0.9694262116869131,-21.915913007847305,69.0,True
h_21,WHJBOF,0.980323667791411,-25.726509260588426,69.0,True
h_21,WHLINF,,,,False
h_21,WHMA2E,0.9671912936945388,-8.738912811312423,138.0,True
h_21,WHMA2F,0.9518361360991922,-10.735954995227761,69.0,True
h_21,WHMAYF,0.9503655045146305,-10.851622823144805,69.0,True
h_21,WHMSAF,0.968559511296038,-18.066622011575742,69.0,True
h_21,WHNACF,,,,False
h_21,WHNS1E,0.9793875811702422,-8.596567427180876,138.0,True
h_21,WHNS1F,0.9595974643011762,-12.22104626003139,69.0,True
h_21,WHNUEF,0.9505993199110127,-16.046650176205965,69.0,True
h_21,WIAANE,0.9921327032877808,-4.4855652956899785,138.0,True
h_21,WIBARF,0.9946272392131166,-12.03289559312128,69.0,True
h_21,WICAEF,0.9857812084252026,-15.51537266221325,69.0,True
h_21,WICNAF,,,,False
h_21,WIDALF,0.9804121371723846,-25.977626850847635,69.0,True
h_21,WIGASE,,,,False
h_21,WIISAF,0.9428031970866544,-9.77167200431016,69.0,True
h_21,WIMB2F,0.961937387836794,-24.272948495226956,69.0,True
h_21,WIMBEF,0.9600115105854693,-24.390385426375605,69.0,True
h_21,WINCAF,0.9714090749324793,-15.824492757734049,69.0,True
h_21,WINCAK,1.0000000000000002,-16.71380206980789,12.470000267028809,True
h_21,WINVBF,0.9500775503195276,-13.084766883158947,69.0,True
h_21,WINVIF,0.9336912886124407,-11.225817678793844,69.0,True
h_21,WIPSIF,,,,False
h_21,WITA1E,0.9903711685802565,-9.572123078367259,138.0,True
h_21,WJARAF,0.9809121556198278,-29.86016416195503,69.0,True
h_21,WJDOLE,0.9954592760823506,-6.207461107546473,138.0,True
h_21,WJIBPE,0.9621265826933013,-20.352323878717716,69.0,True
h_21,WJIGBE,1.002752778662406,-7.5536139408725465,138.0,True
h_21,WJIGUE,1.002752778662406,-7.5536139408725465,138.0,True
h_21,WJIMEF,0.9820312835358392,-29.808858767668994,69.0,True
h_21,WJSAUD,1.010763232467096,-6.3301192145873895,345.0,True
h_21,WJSAUE,,,,False
h_21,WKDMBF,0.9729261810601109,-14.426432395397477,69.0,True
h_21,WKDMEF,0.966697263718116,-14.166258637104944,69.0,True
h_21,WKINDF,0.9862802925705981,-13.034100519715246,69.0,True
h_21,WKQA1F,0.9911620333824919,-11.533665217817925,69.0,True
h_21,WKQAZE,1.010365576664264,-7.549392191335714,138.0,True
h_21,WKVEIF,,,,False
h_21,WLALFF,,,,False
h_21,WLANGE,0.9839866085508886,-16.48979678393834,138.0,True
h_21,WLBARF,,,,False
h_21,WLCALF,0.93197221186236,-11.530857088549418,69.0,True
h_21,WLCBOF,0.9732213293932883,-22.17622775439717,69.0,True
h_21,WLCOCK,1.0055924471919917,-9.155124221202936,34.5,True
h_21,WLCUAF,0.9408347022705423,-9.983850596715566,69.0,True
h_21,WLDAMF,0.9684061423699215,-19.880341566359178,69.0,True
h_21,WLDAMK,0.9999999999999998,-21.56708785121055,12.5,True
h_21,WLDIAF,0.9812869540376672,-10.617079471480459,69.0,True
h_21,WLGALE,0.9756985445423026,-17.072114317685543,138.0,True
h_21,WLGU2K,0.989024959100829,-15.128561839671871,34.5,True
h_21,WLGUZE,0.989024959100829,-15.128561839671871,138.0,True
h_21,WLGUZK,0.989010190748683,-15.13012132753927,34.5,True
h_21,WLISAE,0.9816727010494487,-9.566892401866951,138.0,True
h_21,WLLAGF,,,,False
h_21,WLMFAF,0.9742972698490959,-11.97977541168951,69.0,True
h_21,WLMI5E,0.980676463515225,-8.888629565731467,138.0,True
h_21,WLMI6E,0.9806877430513373,-8.889744593365453,138.0,True
h_21,WLMI7E,0.9808326460274692,-8.831109844235026,138.0,True
h_21,WLMI7K,1.0,-8.85291394106776,13.800000190734863,True
h_21,WLMINE,0.9806122003908477,-8.887645669858111,138.0,True
h_21,WLMINF,0.9406645409622554,-10.157408242173318,69.0,True
h_21,WLORIE,0.996891218041261,-5.916961226216574,138.0,True
h_21,WLORIK,1.049000024795532,-6.01351808690817,12.470000267028809,True
h_21,WLPARF,0.9217338510580393,-13.198937888933528,69.0,True
h_21,WLPENF,0.9736672132296125,-25.049000147595386,69.0,True
h_21,WLPRAE,0.9809752529190018,-10.704731306734606,138.0,True
h_21,WLROME,0.9588146676081438,-10.48349936771923,138.0,True
h_21,WLROMF,0.9517482973257587,-15.527429492309812,69.0,True
h_21,WLRPUF,0.9453350353283144,-16.13210791628221,69.0,True
h_21,WLTORF,0.9932361839061508,-11.20921588533791,69.0,True
h_21,WLUCIF,0.993025158352999,-13.596183307441217,69.0,True
h_21,WLUPEF,0.9519349848495001,-25.183333033888523,69.0,True
h_21,WLVEGF,0.9811506030310924,-26.944119842118372,69.0,True
h_21,WLVICE,0.9794888400543673,-8.598019562807616,138.0,True
h_21,WLVICK,0.9794888400543673,-8.598019562807616,34.5,True
h_21,WLVPEF,0.9813777349783562,-27.391007116658237,69.0,True
h_21,WMAGUF,0.9894095946166361,-11.192727171277355,69.0,True
h_21,WMAIMF,0.9678162080729602,-24.035943132412264,69.0,True
h_21,WMARAF,0.9348643869211213,-12.556413612406494,69.0,True
h_21,WMARAK,0.9348643869211213,-12.556413612406494,13.800000190734863,True
h_21,WMARTF,0.8996948079462882,-15.554716611099161,69.0,True
h_21,WMARTK,0.8996948079462882,-15.554716611099161,34.5,True
h_21,WMAT1E,0.9483772102395308,-26.760883761090927,138.0,True
h_21,WMATAE,0.982447322182966,-10.241242312378068,138.0,True
h_21,WMATBE,0.982447322182966,-10.241242312378068,138.0,True
h_21,WMEGAF,0.9392929842604819,-10.222527243204343,69.0,True
h_21,WMERCF,0.9727569825608977,-13.39288485835179,69.0,True
h_21,WMETAE,0.9824736570689115,-10.243202664670232,138.0,True
h_21,WMETAK,0.9900000095367432,-10.596730265628086,13.199999809265137,True
h_21,WMETBF,0.9814322236982065,-10.609649115971717,69.0,True
h_21,WMETEE,0.990083008519831,-9.615029357737797,138.0,True
h_21,WMETEF,0.981703501089203,-13.377736815119952,69.0,True
h_21,WMETRE,0.9828630908100661,-9.66601263088356,138.0,True
h_21,WMETRF,0.9814322236982065,-10.609649115971717,69.0,True
h_21,WMIR1E,0.9892777071120071,-7.052658299812614,138.0,True
h_21,WMIRAK,0.9892777071120071,-7.052658299812614,34.5,True
h_21,WMLTPF,0.9789409047229424,-13.644304253867144,69.0,True
h_21,WMOCAE,0.9623287625435847,-19.943550903344935,138.0,True
h_21,WMOCAF,0.9589385225771093,-25.80264567030137,69.0,True
h_21,WMONCE,0.9849469514181065,-14.363925439043726,138.0,True
h_21,WMONTE,0.9665069755760822,-15.602050728238549,138.0,True
h_21,WMOZAF,0.9454433438173004,-9.717869563479038,69.0,True
h_21,WMP2AE,0.989573805961881,-7.054055034680708,138.0,True
h_21,WMP2BE,0.989573805961881,-7.054055034680708,138.0,True
h_21,WMPALF,0.9218004112133169,-13.197992730414322,69.0,True
h_21,WMPALK,0.9218004112133169,-13.197992730414322,34.5,True
h_21,WMPL1D,,,,False
h_21,WMPL2D,,,,False
h_21,WMPLAF,0.7506946771912529,-28.099645961240306,69.0,True
h_21,WMPSOE,,,,False
h_21,WMPSOF,0.7506946913820782,-28.099646259747104,69.0,True
h_21,WMPSOK,0.7506946913820782,-28.099646259747104,20.0,True
h_21,WMRI2E,1.011218321326103,-6.8592944990341875,138.0,True
h_21,WMTFNE,1.0222307111484925,-7.4046065580807845,138.0,True
h_21,WMTFNK,1.0670463010300604,-7.451908996857225,34.5,True
h_21,WMULTF,0.9427455646679935,-9.773742198670115,69.0,True
h_21,WMVCIF,0.981822996905152,-22.328598380527804,69.0,True
h_21,WMVIEF,0.983257391386396,-17.383532578996768,69.0,True
h_21,WNAG2E,0.9501743476559814,-26.480638594197142,138.0,True
h_21,WNAG2F,,,,True
h_21,WNAGUF,0.943241491173128,-30.051909771757828,69.0,True
h_21,WNARAD,0.9841755136066731,-12.093931408202588,345.0,True
h_21,WNARAE,,,,False
h_21,WNAV2E,0.986760803544004,-14.69930691149898,138.0,True
h_21,WNAVAF,0.9482000754608252,-25.05051496507206,69.0,True
h_21,WNEYBF,0.9371374038153847,-21.35305126465447,69.0,True
h_21,WNIBAE,0.974550395640377,-17.339943062443897,138.0,True
h_21,WNOVOF,0.9800595668486877,-12.70563061588092,69.0,True
h_21,WOFALF,1.0053281995422667,-14.75942399229477,69.0,True
h_21,WOJIVF,0.9850911901979151,-13.321263663504643,69.0,True
h_21,WPAK0E,,,,False
h_21,WPAK2E,1.011075244435618,-6.778371618124509,138.0,True
h_21,WPAK5E,1.011075244435618,-6.778371618124509,138.0,True
h_21,WPAK6E,1.011075244435618,-6.778371618124509,138.0,True
h_21,WPAL1E,0.9884653556901337,-9.826561764790386,138.0,True
h_21,WPALAF,0.9778847272391704,-13.885328595889725,69.0,True
h_21,WPALBE,1.0123141801094646,-8.671731059856658,138.0,True
h_21,WPALBF,0.9863774793110877,-12.134093815955858,69.0,True
h_21,WPALEE,1.0123141801094646,-8.671731059856658,138.0,True
h_21,WPAQ1K,1.0499999523162842,-11.272151776404312,4.159999847412109,True
h_21,WPARAE,0.9847456569637604,-9.631193719229174,138.0,True
h_21,WPAYAE,,,,False
h_21,WPAYBE,,,,False
h_21,WPAYIF,0.9521462152710418,-31.285211918882638,69.0,True
h_21,WPBAJF,0.9836281060900242,-30.325167182768187,69.0,True
h_21,WPBBAE,,,,False
h_21,WPBLAD,,,,False
h_21,WPCA1K,1.0499999523162842,0.0,22.0,True
h_21,WPCA2K,1.0499999523162844,2.2841988505332145,22.0,True
h_21,WPCATE,,,,False
h_21,WPCGLF,0.9651824048652365,-16.11789229359982,69.0,True
h_21,WPCIBF,0.9394658154079335,-10.829120402125238,69.0,True
h_21,WPDISF,,,,False
h_21,WPDIVF,0.967991951996589,-14.65182023713333,69.0,True
h_21,WPDORE,,,,True
h_21,WPDORF,0.9744961944953097,-25.157627476262963,69.0,True
h_21,WPEBPE,1.0068839835935606,-9.320443895169483,138.0,True
h_21,WPERAE,1.0056944877970215,-8.565629695293028,138.0,True
h_21,WPERBE,1.0056944877970215,-8.565629695293028,138.0,True
h_21,WPES1K,1.0056944877970215,-8.565629695293028,34.5,True
h_21,WPES2K,1.0056944877970215,-8.565629695293028,34.5,True
h_21,WPFLEF,,,,False
h_21,WPFMSK,0.9786409423855568,-14.125774752952086,20.0,True
h_21,WPGARF,0.9739827776164344,-24.477133075352466,69.0,True
h_21,WPHAIF,0.987579844788886,-13.248211328003654,69.0,True
h_21,WPIDUF,0.9716531501826376,-15.621811410707682,69.0,True
h_21,WPIISF,,,,False
h_21,WPIMCF,0.9742701883995595,-21.848744549870016,69.0,True
h_21,WPIMEE,0.9817245282933629,-21.853625751524266,138.0,True
h_21,WPIMEF,0.9650821241994186,-30.495525376140957,69.0,True
h_21,WPINAF,1.0293881669367,-16.61590432981949,69.0,True
h_21,WPIZAE,1.0027421204251703,-8.95550741431267,138.0,True
h_21,WPIZAF,0.9930275634092733,-13.59598638858618,69.0,True
h_21,WPIZBF,,,,False
h_21,WPLASF,0.9788890167175056,-12.809693861793116,69.0,True
h_21,WPLCCF,0.9754321728315662,-14.508585571053578,69.0,True
h_21,WPLINF,0.974466010257217,-13.928443502892867,69.0,True
h_21,WPLM1E,1.0148327317008718,-6.8857977964711505,138.0,True
h_21,WPLM1K,1.0199999809265137,-6.941680728779648,13.800000190734863,True
h_21,WPLM2K,1.019999980926514,-6.975154595033949,13.800000190734863,True
h_21,WPP22E,0.9850043701264288,-16.877219377940506,138.0,True
h_21,WPPELF,0.9747910502952698,-25.086727089592255,69.0,True
h_21,WPPL2F,,,,True
h_21,WPPLAF,0.9850494601143789,-23.106398114927654,69.0,True
h_21,WPPLBF,,,,False
h_21,WPPLIF,0.9467810324417391,-25.140198943137317,69.0,True
h_21,WPPRIF,0.9813073832661051,-22.350913538431097,69.0,True
h_21,WPSCEF,0.9604589368949059,-18.58794963839548,69.0,True
h_21,WPSESK,,,,False
h_21,WPVIEE,,,,False
h_21,WQ1SPK,1.0,-15.199361078122433,13.800000190734863,True
h_21,WQCORF,0.9872830929040175,-11.729920069734542,69.0,True
h_21,WQU11D,1.0060050026737226,-15.094846593399932,230.0,True
h_21,WQU12K,1.0000000000000002,-15.203607941617927,13.800000190734863,True
h_21,WQU21D,1.0060050026737226,-15.094846593399932,230.0,True
h_21,WQU21K,1.0000000000000002,-15.203607941617927,13.800000190734863,True
h_21,WQUINF,0.9656251665132409,-23.00989802264668,69.0,True
h_21,WQUISD,,,,True
h_21,WQUISE,,,,False
h_21,WRARRF,0.9728605163449612,-22.247562247047597,69.0,True
h_21,WRBL1K,,,,False
h_21,WRBL2K,,,,False
h_21,WRBLAF,1.0122376618304318,-18.284715202337456,69.0,True
h_21,WRCHAF,0.9494603016779011,-17.863436409730866,69.0,True
h_21,WREFIF,0.9802720085617466,-13.518210040346204,69.0,True
h_21,WRINCF,0.9794364778923228,-23.88367748177085,69.0,True
h_21,WRNUEF,0.9789269200805104,-23.918112930928277,69.0,True
h_21,WRPELF,0.8983387088051171,-17.291029396544037,69.0,True
h_21,WRSJUE,0.9449048913263385,-27.10370377505573,138.0,True
h_21,WRZMOK,,,,False
h_21,WSABAF,0.9987660137050766,-9.842321375728568,69.0,True
h_21,WSAJ1E,0.9825379650665047,-15.569472729739728,138.0,True
h_21,WSALCE,0.9591927372498911,-21.197757515201836,138.0,True
h_21,WSALIF,0.9761672439532701,-15.832202188752406,69.0,True
h_21,WSAMAE,0.9290877977325093,-29.160730035401702,138.0,True
h_21,WSANCE,0.9355831530749114,-28.512530173706466,138.0,True
h_21,WSANTE,1.0028499829220747,-8.956595907057329,138.0,True
h_21,WSANTK,1.0028499829220747,-8.956595907057329,34.5,True
h_21,WSCANF,0.9724284686507352,-13.013853415573376,69.0,True
h_21,WSCANK,0.9724284686507352,-13.013853415573376,34.5,True
h_21,WSCNOE,0.9921454522795211,-9.399708602153398,138.0,True
h_21,WSESTE,0.9979306973922526,-5.737149958720442,138.0,True
h_21,WSFELE,,,,True
h_21,WSFMAE,0.9606788929370832,-22.885609359929283,138.0,True
h_21,WSFMAF,0.9535127299291497,-27.00787955762035,69.0,True
h_21,WSIBBE,0.9905303581350794,-4.4699500481143115,138.0,True
h_21,WSJMAF,0.9510086814842271,-23.486248473340325,69.0,True
h_21,WSJOCF,0.9634101209122999,-17.949728849513594,69.0,True
h_21,WSJU2E,1.0057421900795949,-7.987565093606996,138.0,True
h_21,WSJU2F,0.993421467805058,-10.071678286128718,69.0,True
h_21,WSJUAF,0.9898652741625715,-10.35376460689736,69.0,True
h_21,WSKAPF,0.9728254129122795,-13.388662739422255,69.0,True
h_21,WSLCOE,,,,False
h_21,WSLORK,0.9999999999999999,-9.570318003499846,13.800000190734863,True
h_21,WSMARF,0.9528492523506833,-10.753015124133121,69.0,True
h_21,WSODOF,0.9832457743140792,-17.384698659914644,69.0,True
h_21,WSOSUF,0.9604792510155565,-29.496170189857196,69.0,True
h_21,WSPB1K,1.049999952316284,-5.893821307261376,13.800000190734863,True
h_21,WSPBEE,0.9989203133967893,-5.64417705453974,138.0,True
h_21,WSPERF,0.8903457221667748,-16.405688933187314,69.0,True
h_21,WSPEVF,,,,False
h_21,WSPM2E,0.9994585813107173,-5.490424040814275,138.0,True
h_21,WSPMAE,0.9960217405006896,-5.98647557149714,138.0,True
h_21,WSPMAF,0.9796749037402961,-10.705964166527355,69.0,True
h_21,WSPMBE,0.9960217405006896,-5.98647557149714,138.0,True
h_21,WSPRIF,0.8496521960982444,-19.051932122268568,69.0,True
h_21,WSRODE,0.9700133240248482,-15.772700024782983,138.0,True
h_21,WSYASF,0.9425735878837446,-31.41249845132628,69.0,True
h_21,WSYEGF,0.9903453324591289,-10.563840654166343,69.0,True
h_21,WTAAGK,,,,False
h_21,WTAAVK,,,,False
h_21,WTAG1K,,,,False
h_21,WTAG2K,,,,False
h_21,WTAMAF,0.9585187097852226,-12.245421629329453,69.0,True
h_21,WTANOK,,,,False
h_21,WTAV1K,1.0000000000000002,-12.165936866610934,13.800000190734863,True
h_21,WTAVBE,,,,False
h_21,WTBA1K,,,,False
h_21,WTBA2K,,,,False
h_21,WTCE1K,,,,False
h_21,WTCE2K,,,,False
h_21,WTCEMK,,,,False
h_21,WTDAJK,,,,False
h_21,WTEMPF,0.9384617694440165,-10.210204766902079,69.0,True
h_21,WTESAK,,,,False
h_21,WTFA1K,,,,False
h_21,WTFA2K,,,,False
h_21,WTFA3K,,,,False
h_21,WTHAGK,,,,False
h_21,WTHAIF,0.9556386767826437,-12.57607505878831,69.0,True
h_21,WTIM2E,0.9797098245187139,-9.260218098298644,138.0,True
h_21,WTIM2F,0.9466329994225112,-9.471830416513528,69.0,True
h_21,WTIMBF,0.9459320007196634,-9.56598058809009,69.0,True
h_21,WTIREF,0.9902842651499418,-32.70654836509684,69.0,True
h_21,WTIT1K,,,,False
h_21,WTIT2K,,,,False
h_21,WTJI1K,,,,False
h_21,WTJI2K,,,,False
h_21,WTJIMK,,,,False
h_21,WTLANK,,,,False
h_21,WTMAGK,,,,False
h_21,WTMBBF,,,,True
h_21,WTMI5K,,,,False
h_21,WTMI6K,,,,False
h_21,WTMNTK,,,,False
h_21,WTMONK,,,,False
h_21,WTMR1K,,,,False
h_21,WTMR2K,,,,False
h_21,WTNNAK,,,,False
h_21,WTORGF,1.0066860725293694,-14.479678927121865,69.0,True
h_21,WTPA1K,,,,False
h_21,WTPG1K,,,,False
h_21,WTPG2K,,,,False
h_21,WTPG3K,,,,False
h_21,WTPI1K,,,,False
h_21,WTPI2K,,,,False
h_21,WTRINK,,,,False
h_21,WTRJCK,,,,False
h_21,WTROQF,0.9896124319783168,-21.775335995508897,69.0,True
h_21,WTSABK,,,,False
h_21,WTSE1K,,,,False
h_21,WTSFVK,,,,False
h_21,WTSPVK,,,,False
h_21,WTSYEK,,,,False
h_21,WTTA1K,,,,False
h_21,WTTA2K,,,,False
h_21,WTTITF,0.9453186672965952,-9.584816950738563,69.0,True
h_21,WTTO1K,,,,False
h_21,WTVA1K,,,,False
h_21,WTVA2K,,,,False
h_21,WTVE1K,,,,False
h_21,WTZFPF,,,,False
h_21,WUASDE,0.9821369754753156,-9.985855930044588,138.0,True
h_21,WUMEDF,0.9604842203776764,-18.586003999023855,69.0,True
h_21,WVALBE,1.0001919324697501,-8.406263917759475,138.0,True
h_21,WVALDE,1.0001919324697501,-8.406263917759475,138.0,True
h_21,WVALLF,0.9910783675205275,-10.28415230473713,69.0,True
h_21,WVALTF,0.9475000078433341,-16.93810600282882,69.0,True
h_21,WVDU1E,,,,True
h_21,WVDUAF,,,,False
h_21,WVILAE,,,,False
h_21,WVILLF,0.9879147318648865,-11.038048758066424,69.0,True
h_21,WVMAOE,0.9804361436109217,-15.03714051352299,138.0,True
h_21,WVMELE,0.9764238478306319,-9.865149135025913,138.0,True
h_21,WVNOBF,0.961966340067816,-13.653452670043738,69.0,True
h_21,WVOLGF,0.9606279083206396,-18.57921617123928,69.0,True
h_21,WX1PAK,,,,False
h_21,WXABIF,0.9456403493637234,-25.209645195279652,69.0,True
h_21,WXABRF,0.9941154162734409,-11.996988539412472,69.0,True
h_21,WXAD2F,0.9854878247037567,-16.557115043331358,69.0,True
h_21,WXADOF,0.9855625320306698,-16.675110851794468,69.0,True
h_21,WXAHGF,0.969527919080566,-14.153889638280448,69.0,True
h_21,WXAHMF,0.9665729099631875,-27.498054741955176,69.0,True
h_21,WXAISF,0.9835177316505851,-16.937587621241963,69.0,True
h_21,WXALDF,1.0066237034650005,-14.489347625621619,69.0,True
h_21,WXALIF,0.972188832384316,-14.068021399606419,69.0,True
h_21,WXAORF,0.9491159760497476,-12.436079270285852,69.0,True
h_21,WXAPFF,0.9818059279846817,-21.283703455633223,69.0,True
h_21,WXAPPF,0.9692478402927183,-27.98575746761783,69.0,True
h_21,WXAQUF,,,,False
h_21,WXARDF,0.9856033455735477,-16.734051438073987,69.0,True
h_21,WXASOF,0.9658987098853374,-28.939852475600173,69.0,True
h_21,WXBA1F,,,,False
h_21,WXBA2F,,,,True
h_21,WXBASF,0.9382217409781761,-12.559976122907491,69.0,True
h_21,WXBAYF,,,,False
h_21,WXBDEF,0.9336785727621797,-25.96634933415042,69.0,True
h_21,WXBLEF,0.925985032100921,-16.621526421436627,69.0,True
h_21,WXBMAF,0.9689870624011976,-16.771713780122447,69.0,True
h_21,WXBOHF,0.9789616337342378,-13.940272806969533,69.0,True
h_21,WXBPEF,0.9886109910373209,-19.615940858087047,69.0,True
h_21,WXCA1K,1.0056941523130474,-8.565628138607316,34.5,True
h_21,WXCABF,0.9516460123906619,-15.98142675116264,69.0,True
h_21,WXCANF,,,,False
h_21,WXCARF,0.9677444284959146,-14.050467825795952,69.0,True
h_21,WXCATF,0.9412925517400479,-11.079284452415818,69.0,True
h_21,WXCB2F,,,,False
h_21,WXCBAF,0.9748220240816842,-14.018691908739672,69.0,True
h_21,WXCC1E,,,,False
h_21,WXCC3E,,,,False
h_21,WXCCOF,0.98558851128193,-16.735356842853548,69.0,True
h_21,WXCDAF,0.9671164105641687,-16.02301142881645,69.0,True
h_21,WXCDLF,0.9568503842346939,-28.275736825634404,69.0,True
h_21,WXCENF,0.9563714832999658,-27.524785056440102,69.0,True
h_21,WXCHAF,0.9494603016779011,-17.863436409730866,69.0,True
h_21,WXCIGF,0.9793094020637221,-10.719965552635772,69.0,True
h_21,WXCINF,0.9477287653571331,-16.928224482882992,69.0,True
h_21,WXCNAF,0.972259564007457,-10.883611877254301,69.0,True
h_21,WXCOCF,,,,False
h_21,WXCODF,0.9814322236982065,-10.609649115971717,69.0,True
h_21,WXCORF,0.9671245300820644,-24.53488126196293,69.0,True
h_21,WXCSAF,0.9714322593069491,-15.761645458539547,69.0,True
h_21,WXCTAF,0.973652041108911,-24.641568394383814,69.0,True
h_21,WXCU1K,0.9663613907164825,-9.447144363205851,34.5,True
h_21,WXCU2K,0.9663613907164825,-9.447144363205851,34.5,True
h_21,WXCU4K,0.9663613907164825,-9.447144363205851,34.5,True
h_21,WXDBRF,0.9793094020637221,-10.719965552635772,69.0,True
h_21,WXDISF,0.9465958631537787,-16.417060785392046,69.0,True
h_21,WXDROF,0.9844107115163658,-10.976207915098078,69.0,True
h_21,WXDURF,,,,False
h_21,WXEANF,0.9815227378931564,-21.297326197214247,69.0,True
h_21,WXECHF,0.9479853486152621,-27.473057881734892,69.0,True
h_21,WXES2K,,,,False
h_21,WXES3K,,,,False
h_21,WXESPF,0.9234835370332541,-26.482202137484204,69.0,True
h_21,WXEV4K,1.0199999809265137,-5.524354772432493,13.800000190734863,True
h_21,WXGALF,0.9379429775029078,-10.792054898640316,69.0,True
h_21,WXGAVF,0.9551361894273216,-11.27502550238532,69.0,True
h_21,WXGBOF,0.9814949362327161,-13.41545288872596,69.0,True
h_21,WXGOYF,0.9835177316505851,-16.937587621241963,69.0,True
h_21,WXGPLF,0.9360576189323665,-10.98670752309908,69.0,True
h_21,WXGRCF,,,,False
h_21,WXGRMF,0.9321878333203791,-12.5027317115161,69.0,True
h_21,WXGRSF,0.9554512565285981,-27.79327051557439,69.0,True
h_21,WXGU2F,0.9899588139613804,-10.488735280210346,69.0,True
h_21,WXHACF,0.9814132922340563,-10.611539713402722,69.0,True
h_21,WXHE1F,1.0067320217032054,-14.467125735362739,69.0,True
h_21,WXHE2F,,,,False
h_21,WXHHIF,0.9785252307987062,-10.739816480479421,69.0,True
h_21,WXHJBF,0.9803347277163617,-25.72618565444161,69.0,True
h_21,WXHMSF,0.9685744461139386,-18.065579301874653,69.0,True
h_21,WXHNAF,,,,False
h_21,WXHNUF,0.9510974182804445,-16.025445818874672,69.0,True
h_21,WXIBAF,0.994628252287041,-12.032851826410095,69.0,True
h_21,WXICAF,0.9857849688814372,-15.515231485821019,69.0,True
h_21,WXICNF,,,,False
h_21,WXIDAF,0.9804195032786049,-25.977072312649575,69.0,True
h_21,WXIDUF,0.9716531501826376,-15.621811410707682,69.0,True
h_21,WXIISF,0.942806284755668,-9.771548794118472,69.0,True
h_21,WXIMBF,0.9613515028703544,-24.317273371564625,69.0,True
h_21,WXINAF,0.9434399457923169,-9.747891002400815,69.0,True
h_21,WXINDF,0.9831427850091828,-26.46477314403705,69.0,True
h_21,WXINVF,0.9338387846385516,-11.211679448295808,69.0,True
h_21,WXIPRF,,,,False
h_21,WXIPSF,0.9716531501826376,-15.621811410707682,69.0,True
h_21,WXJIMF,0.9820312835358392,-29.808858767668994,69.0,True
h_21,WXJINF,0.9670094828595648,-19.78737089308614,69.0,True
h_21,WXKINF,0.987564795056354,-12.948836486153311,69.0,True
h_21,WXKVEF,0.931084381615652,-12.02188199236361,69.0,True
h_21,WXLADF,0.929461254719416,-11.71370827216182,69.0,True
h_21,WXLALF,,,,False
h_21,WXLC1E,1.0056119554142473,-9.151112807938388,138.0,True
h_21,WXLCAF,0.93197221186236,-11.530857088549418,69.0,True
h_21,WXLCBF,0.9765553891803574,-22.038092651007176,69.0,True
h_21,WXLFAF,0.9706213233794224,-16.564807640698398,69.0,True
h_21,WXLPAF,0.92175238557345,-13.197177054302811,69.0,True
h_21,WXLPEF,0.9736672132296125,-25.049000147595386,69.0,True
h_21,WXLUCK,0.9929304857188506,-13.597941780886497,34.5,True
h_21,WXLULF,0.9930275634092733,-13.59598638858618,69.0,True
h_21,WXLUPF,,,,True
h_21,WXMAGF,0.9894095946166361,-11.192727171277355,69.0,True
h_21,WXMAIF,0.9681563119238309,-24.01541213614107,69.0,True
h_21,WXMALF,0.9730496922556545,-13.372033738065086,69.0,True
h_21,WXMARF,0.9348453586036574,-12.556092323672582,69.0,True
h_21,WXMATK,0.9483772102395308,-26.760883761090927,34.5,True
h_21,WXMEGF,0.9396720859869325,-10.19145955889647,69.0,True
h_21,WXMETE,,,,False
h_21,WXMETF,0.9814949362327161,-13.41545288872596,69.0,True
h_21,WXMOZF,,,,False
h_21,WXMPAF,0.9218950225111981,-13.171011190051038,69.0,True
h_21,WXMPGK,,,,False
h_21,WXMPSF,0.7506946771912529,-28.099645961240306,69.0,True
h_21,WXMV2F,0.983257391386396,-17.383532578996768,69.0,True
h_21,WXMVAF,,,,False
h_21,WXNAGF,,,,False
h_21,WXNOVF,0.9790725250622174,-12.801145776786306,69.0,True
h_21,WXOC2F,0.9805986445594056,-21.36500128839959,69.0,True
h_21,WXOFAF,1.0053290645758963,-14.759323070302292,69.0,True
h_21,WXOLVF,0.9573964782328689,-23.942338515750713,69.0,True
h_21,WXPA1K,1.0000000000000002,-6.889215670261738,11.0,True
h_21,WXPA3K,0.9999999999999998,-6.875078364323361,15.0,True
h_21,WXPA4K,0.9999999999999997,-6.860441761024608,11.0,True
h_21,WXPC2F,0.9394658154079335,-10.829120402125238,69.0,True
h_21,WXPCGF,0.9651824048652365,-16.11789229359982,69.0,True
h_21,WXPCIF,0.9453680033499106,-10.31333299816874,69.0,True
h_21,WXPETF,0.9729327402524455,-13.380405308779002,69.0,True
h_21,WXPFLF,1.0067044271383152,-14.47477812284894,69.0,True
h_21,WXPFSK,0.9825379650665047,-15.569472729739728,34.5,True
h_21,WXPGAF,0.9740239039158615,-24.475069354552137,69.0,True
h_21,WXPGMF,0.9930275634092733,-13.59598638858618,69.0,True
h_21,WXPHAF,0.9876075521684424,-13.246995608568096,69.0,True
h_21,WXPI4K,0.9999999999999994,-21.92080446640012,13.800000190734863,True
h_21,WXPIDF,0.9930275634092733,-13.59598638858618,69.0,True
h_21,WXPINF,,,,False
h_21,WXPLCF,0.975564181730224,-14.495721878336914,69.0,True
h_21,WXPPEF,0.9747910502952698,-25.086727089592255,69.0,True
h_21,WXPPLF,,,,False
h_21,WXPPRF,0.981331488437443,-22.349997758093355,69.0,True
h_21,WXPS1K,0.9874136887802608,-14.525530345008093,34.5,True
h_21,WXPY1K,,,,False
h_21,WXQAZF,,,,False
h_21,WXQCOF,0.9872830929040175,-11.729920069734542,69.0,True
h_21,WXRARF,0.9762500949613915,-22.055512254431054,69.0,True
h_21,WXRIEF,,,,False
h_21,WXRINF,0.9806278598946343,-23.782579215660277,69.0,True
h_21,WXSADF,,,,False
h_21,WXSESE,0.9977676589136028,-5.780710507196065,138.0,True
h_21,WXSESF,0.9772868607995844,-10.921017438510248,69.0,True
h_21,WXSI1K,0.9999999999999999,-4.485946715229568,13.800000190734863,True
h_21,WXSODF,0.9832519145592697,-17.384092355012893,69.0,True
h_21,WXSOSF,0.9604792510155565,-29.496170189857196,69.0,True
h_21,WXSPRF,0.8496521960982444,-19.051932122268568,69.0,True
h_21,WXSYEF,0.9898540123611546,-10.66076651653369,69.0,True
h_21,WXTAMF,0.9392495702507949,-10.203754087759927,69.0,True
h_21,WXTDAF,0.8992321821890668,-15.590108107049922,69.0,True
h_21,WXTH1F,0.9556384894320153,-12.576071989628417,69.0,True
h_21,WXTH2F,0.9556385903439034,-12.576073642757276,69.0,True
h_21,WXTISF,0.9862670850333202,-17.152886089008607,69.0,True
h_21,WXTREFF,0.9802720085617466,-13.518210040346204,69.0,True
h_21,WXTROF,0.9896318284899724,-21.7744872518954,69.0,True
h_21,WXTTIF,0.9453186672965952,-9.584816950738563,69.0,True
h_21,WXVALF,0.9475000078433341,-16.93810600282882,69.0,True
h_21,WXVILF,0.9879147318648865,-11.038048758066424,69.0,True
h_21,WXVL1K,,,,False
h_21,WXWC2K,0.989573805961881,-7.054055034680708,34.5,True
h_21,WXWC3K,0.989573805961881,-7.054055034680708,34.5,True
h_21,WXYAGF,0.9851474758244946,-15.700228735875047,69.0,True
h_21,WXZAMF,0.929461254719416,-11.71370827216182,69.0,True
h_21,WXZFBF,,,,False
h_21,WXZFHF,,,,False
h_21,WXZFNF,,,,False
h_21,WXZGUF,0.9767056411266479,-22.91861566207625,69.0,True
h_21,WXZHAF,0.9333942681831712,-11.245021572452334,69.0,True
h_21,WXZISF,,,,False
h_21,WXZPPF,,,,False
h_21,WXZSPF,0.974539803608734,-11.257519053113624,69.0,True
h_21,WYAGUF,0.9851474758244946,-15.700228735875047,69.0,True
h_21,WYAMAF,0.7847807717988428,-24.556541781695994,69.0,True
h_21,WZFALF,,,,False
h_21,WZFAMF,,,,False
h_21,WZFBAF,,,,False
h_21,WZFDRF,,,,False
h_21,WZFESF,,,,False
h_21,WZFGIF,,,,False
h_21,WZFGUF,,,,False
h_21,WZFISF,,,,False
h_21,WZFLIF,,,,False
h_21,WZFMCF,,,,False
h_21,WZFPPF,,,,False
h_21,WZFS2F,,,,False
h_21,WZFSAE,,,,False
h_21,WZFSAF,,,,False
h_21,WZFSFF,,,,False
h_21,WZFSIF,,,,False
h_21,WZFSPF,,,,False
h_21,WZFVAF,,,,False
h_21,WZFVEF,,,,False
h_21,WZHAIF,0.9333944418284684,-11.245028484153307,69.0,True
h_21,ZXOJIF,,,,False
h_22,WAANDE,1.0000464940833012,0.2624954617526983,138.0,True
h_22,WABCOF,0.9750097133872164,-16.731637634407505,69.0,True
h_22,WABISF,0.9466287869572645,-25.18908600155856,69.0,True
h_22,WABRUF,0.9145219803984934,-12.316515220533425,69.0,True
h_22,WACIBF,0.9789510768984677,-21.570213201494802,69.0,True
h_22,WACLAE,0.9895361925390612,-13.429901182748218,138.0,True
h_22,WACLAK,0.9909631708491733,-13.437507143567787,34.5,True
h_22,WADMIF,,,,False
h_22,WADOMF,1.0060448326806062,-14.74025628677321,69.0,True
h_22,WAGUAE,1.0017363747582704,-8.083771613154706,138.0,True
h_22,WAGUBE,1.0017363747582704,-8.083771613154706,138.0,True
h_22,WAHMIF,0.9666886686540351,-27.283465711453957,69.0,True
h_22,WAHO1E,0.9818242071851422,-9.958068457727286,138.0,True
h_22,WAHO2E,0.9818242071851422,-9.958068457727286,138.0,True
h_22,WAHOBF,0.9757741854799986,-13.329165063942316,69.0,True
h_22,WAHONF,0.9757741854799986,-13.329165063942316,69.0,True
h_22,WAIAMF,,,,False
h_22,WAIAZF,,,,False
h_22,WAIBAF,,,,False
h_22,WAIISF,,,,False
h_22,WAISAF,,,,False
h_22,WAISCF,0.9828926785967874,-17.208497100429845,69.0,True
h_22,WAISOF,0.9627682521932978,-29.264548968089827,69.0,True
h_22,WAIUNF,,,,False
h_22,WAIZSF,,,,False
h_22,WAORIF,0.9439494779715848,-12.715052609614784,69.0,True
h_22,WAPERF,0.9691938506892172,-32.2519707086933,69.0,True
h_22,WAPFAF,0.9815780126658261,-21.337338408633364,69.0,True
h_22,WAQUIF,0.9678161478279504,-22.85776260156686,69.0,True
h_22,WASOEF,0.9606810228717485,-14.075924574809695,69.0,True
h_22,WAZUAF,0.9684001693312956,-15.06839820652006,69.0,True
h_22,WBALDF,0.9822360874738374,-21.283860773565628,69.0,True
h_22,WBANIF,0.9703216356179112,-16.826499625748127,69.0,True
h_22,WBAPEF,0.9676434530508912,-17.242422457539853,69.0,True
h_22,WBARAF,0.9796021578545188,-12.337207110838005,69.0,True
h_22,WBARCE,,,,False
h_22,WBASIF,0.9375161060687365,-12.626915022822134,69.0,True
h_22,WBAYAE,1.006193675802023,-8.690225205163129,138.0,True
h_22,WBAYAK,1.006019540020009,-8.692918680876414,34.5,True
h_22,WBAYOF,0.973645209552926,-14.263574857515463,69.0,True
h_22,WBCARF,,,,False
h_22,WBCARK,1.0000000000000002,-6.059828342647032,13.800000190734863,True
h_22,WBCHIE,0.9903826484437942,-4.574410188088397,138.0,True
h_22,WBCHIF,0.9547608195230453,-9.579832562477447,69.0,True
h_22,WBDERF,0.9351295772775527,-25.940651675676687,69.0,True
h_22,WBDERK,0.9999999999999999,-26.3441911262459,13.800000190734863,True
h_22,WBENEF,0.9475802252076189,-19.034068003865016,69.0,True
h_22,WBERSF,,,,False
h_22,WBLECF,0.9266398820689545,-16.60995855243666,69.0,True
h_22,WBMATF,0.9670974926594625,-17.139200913805254,69.0,True
h_22,WBNVFF,,,,False
h_22,WBON2E,0.9894511504296406,-14.77333607969741,138.0,True
h_22,WBON2F,,,,False
h_22,WBON3C,,,,False
h_22,WBON3D,1.0013948365947023,-8.30820185362336,345.0,True
h_22,WBON3E,0.9895308698313823,-14.769778875623784,138.0,True
h_22,WBONAF,0.9807692624464677,-20.003421520478057,69.0,True
h_22,WBOPEF,,,,False
h_22,WBPOPF,0.9811561603297404,-10.728285271963806,69.0,True
h_22,WBVISF,0.9504231290742091,-16.551368435367205,69.0,True
h_22,WCABAF,0.9488207250080439,-30.861914748553595,69.0,True
h_22,WCALAE,1.0053322417726789,-8.833994557083505,138.0,True
h_22,WCALBE,1.0053322417726789,-8.833994557083505,138.0,True
h_22,WCANAE,,,,True
h_22,WCANAF,,,,True
h_22,WCAPOF,0.9348708357791905,-10.696052057176018,69.0,True
h_22,WCATAF,0.9303641542917425,-11.758040665416896,69.0,True
h_22,WCAYAF,0.9522005430127087,-11.337522856249604,69.0,True
h_22,WCBOHF,0.9777384412216025,-14.185493936795172,69.0,True
h_22,WCBYNF,0.9465742673010096,-16.593988555001697,69.0,True
h_22,WCC21E,1.0014319084768928,-9.1547051960762,138.0,True
h_22,WCCA2F,0.9944832002672075,-12.33894413898989,69.0,True
h_22,WCCABF,0.9943059231249042,-12.407199140683014,69.0,True
h_22,WCCARF,0.9301994152848286,-11.723903098116727,69.0,True
h_22,WCCIBF,0.9853726956815395,-22.118935120938644,69.0,True
h_22,WCDAGF,0.9665085526381795,-16.268750464940773,69.0,True
h_22,WCEMEE,0.9993174463875787,-5.558567299013573,138.0,True
h_22,WCENOF,0.9551140915614321,-27.34093962425814,69.0,True
h_22,WCEPPF,,,,False
h_22,WCES1K,1.019999980926514,-5.6673956394843,13.800000190734863,True
h_22,WCES2K,1.019999980926514,-5.6673956394843,13.800000190734863,True
h_22,WCES3K,1.0199999809265137,-5.644729936542126,13.800000190734863,True
h_22,WCESPF,0.9240583489962806,-26.47881071367623,69.0,True
h_22,WCESPK,,,,False
h_22,WCINDF,,,,False
h_22,WCLUIE,0.9922578885649453,-6.626832844245354,138.0,True
h_22,WCNACF,,,,False
h_22,WCNPEE,0.9812183185308575,-9.768552229446147,138.0,True
h_22,WCNSLF,,,,False
h_22,WCOAPE,0.9849221964262729,-7.28380563459603,138.0,True
h_22,WCOCOF,0.9828302720743154,-17.494504770928906,69.0,True
h_22,WCODAF,0.9570552544026343,-28.018654657151377,69.0,True
h_22,WCOHEF,1.0047011777101327,-15.018256314642601,69.0,True
h_22,WCONSF,0.9955523795070413,-32.863085666129905,69.0,True
h_22,WCORMF,0.965824820660294,-24.586904124014755,69.0,True
h_22,WCOTAE,0.9528924978455718,-11.04366501882307,138.0,True
h_22,WCOTBE,0.9528924978455718,-11.04366501882307,138.0,True
h_22,WCOTUF,0.9605460184994528,-30.345567250368312,69.0,True
h_22,WCPVCF,0.9695164957326445,-16.13009430480958,69.0,True
h_22,WCSATF,0.970928066148071,-16.01160467445097,69.0,True
h_22,WCSO1K,0.9528924978455718,-11.04366501882307,34.5,True
h_22,WCSO2K,0.9528924978455718,-11.04366501882307,34.5,True
h_22,WCSO3K,0.9528924978455718,-11.04366501882307,34.5,True
h_22,WCSOLK,,,,False
h_22,WCTP1D,,,,False
h_22,WCTP2D,,,,False
h_22,WCUMAE,0.9669436268946209,-9.429570282336218,138.0,True
h_22,WCUMBE,0.9669436268946209,-9.429570282336218,138.0,True
h_22,WCVEGF,0.9815919982382956,-26.751367435419816,69.0,True
h_22,WCZFSF,0.9856509126552776,-21.071522476509863,69.0,True
h_22,WDAJAE,0.964495137003864,-16.485281030846284,138.0,True
h_22,WDAJAF,,,,False
h_22,WDESPF,0.9458042393136274,-9.688557376623933,69.0,True
h_22,WDISDF,0.9451141317167668,-16.729758480665524,69.0,True
h_22,WDJAOE,0.9514828501756191,-10.328654881524034,138.0,True
h_22,WDJAOF,0.8984471025426471,-15.778498067916319,69.0,True
h_22,WDPEDF,0.977635433562725,-22.692398137501595,69.0,True
h_22,WDRODF,0.9854373856773025,-11.197064897688142,69.0,True
h_22,WDRODK,0.9957303675933167,-11.227051483456226,12.470000267028809,True
h_22,WDRODM,,,,False
h_22,WDURAF,,,,False
h_22,WDUVEF,0.9661903038274752,-20.218002536020347,69.0,True
h_22,WEABAF,,,,False
h_22,WEBRIE,0.9715553011601891,-9.564022044246219,138.0,True
h_22,WECHIF,0.9441340568480927,-27.5365786736327,69.0,True
h_22,WELJIF,0.9816235653963061,-22.329926708114147,69.0,True
h_22,WEM21K,1.0,-9.524849200072127,13.800000190734863,True
h_22,WEMA2E,,,,False
h_22,WEMA2F,,,,False
h_22,WEMA3F,0.945825602081538,-9.689823031552715,69.0,True
h_22,WEMB2F,,,,False
h_22,WEMB3F,0.9468456879442738,-9.49523270006703,69.0,True
h_22,WEMBAE,0.9802238573738924,-10.683054569604176,138.0,True
h_22,WENADE,1.0000441071419712,0.2622683994858647,138.0,True
h_22,WENE4E,0.999753759844651,-5.481937397972498,138.0,True
h_22,WEPINF,0.9709352586421263,-12.662080152791233,69.0,True
h_22,WERIOF,0.9900801508436838,-31.116109272326046,69.0,True
h_22,WESEIE,0.956515650180648,-10.193124374611273,138.0,True
h_22,WESM3F,,,,False
h_22,WESM3K,,,,False
h_22,WESOCE,0.9931160334529991,-6.124624624369686,138.0,True
h_22,WESP1E,0.9876615505626112,-14.648598142767826,138.0,True
h_22,WFALCE,0.9895370650237332,-14.769875863612755,138.0,True
h_22,WFALCF,0.9931522032156949,-18.961702549088095,69.0,True
h_22,WFALCK,,,,True
h_22,WFALCM,,,,False
h_22,WFANTF,0.9757411467329817,-24.199353028867876,69.0,True
h_22,WFNEGF,,,,False
h_22,WFOCHF,0.9797372454867795,-21.46031452562673,69.0,True
h_22,WFOLAF,,,,False
h_22,WGALAF,0.937644795343211,-10.931711377697205,69.0,True
h_22,WGBOJF,0.9805870122725682,-13.636295627392295,69.0,True
h_22,WGHACF,0.9812593188564699,-10.724194870969912,69.0,True
h_22,WGIRAE,1.00321069237013,-9.20981343547237,138.0,True
h_22,WGIRAK,1.010356023921539,-9.22904805803768,34.5,True
h_22,WGMALF,0.9719582471114238,-13.607255993145545,69.0,True
h_22,WGNLLE,0.9852193841207169,-13.652619807940525,138.0,True
h_22,WGNLLK,0.9868307971453364,-13.660678757691139,34.5,True
h_22,WGOYAF,0.9826886754357856,-17.21662892819702,69.0,True
h_22,WGPALF,0.9775656023237664,-14.095374287360535,69.0,True
h_22,WGPETF,0.9719427582398008,-13.613998261466191,69.0,True
h_22,WGPLAF,0.9357510375443704,-11.129354447359905,69.0,True
h_22,WGRCHF,0.9333443901929109,-11.364232858367757,69.0,True
h_22,WGRSFF,0.9557372420430301,-27.51927462039088,69.0,True
h_22,WGU1AD,,,,False
h_22,WGU1BD,,,,False
h_22,WGUA2F,0.9894461378392511,-10.852844502580062,69.0,True
h_22,WGUANE,,,,True
h_22,WGUANF,0.989511326353345,-10.864203328382311,69.0,True
h_22,WGUAVF,0.9556495031962755,-11.236614634763344,69.0,True
h_22,WGUAYE,0.9776171175310542,-14.599641329870536,138.0,True
h_22,WGUAYF,0.9033476812892534,-17.179474119895453,69.0,True
h_22,WGUERD,0.9973578545313717,-7.1143001603158655,345.0,True
h_22,WGUERE,0.9889658890899246,-7.143702787359085,138.0,True
h_22,WGUERF,0.925025376831002,-12.980937026783447,69.0,True
h_22,WGVEGF,0.9866574524464647,-25.602678860042456,69.0,True
h_22,WHAIBF,0.9868899110255515,-13.451721956885677,69.0,True
h_22,WHAINE,0.9884033587399187,-9.950909927776504,138.0,True
h_22,WHAINF,0.9868899110255515,-13.451721956885677,69.0,True
h_22,WHAT2K,1.0000000000000002,-29.344980574799457,13.800000190734863,True
h_22,WHATIF,0.9682193507310154,-29.27352187890946,69.0,True
h_22,WHATIK,1.0,-29.423728448100103,12.5,True
h_22,WHENUF,,,,False
h_22,WHERRE,0.9825860334792352,-10.895321735083458,138.0,True
h_22,WHGMOE,,,,False
h_22,WHGUEE,,,,False
h_22,WHIGUF,0.9664434305563123,-22.050218564988242,69.0,True
h_22,WHJBOF,0.9808729596589134,-25.559759664783083,69.0,True
h_22,WHLINF,,,,False
h_22,WHMA2E,0.967567969204287,-8.721830386540493,138.0,True
h_22,WHMA2F,0.9523049225097283,-10.707851040207967,69.0,True
h_22,WHMAYF,0.9508422026708373,-10.822872187772138,69.0,True
h_22,WHMSAF,0.9689172997249903,-18.08943278136153,69.0,True
h_22,WHNACF,,,,False
h_22,WHNS1E,0.9791359831921908,-8.708223469021819,138.0,True
h_22,WHNS1F,0.9597252532372866,-12.294962903928537,69.0,True
h_22,WHNUEF,0.9497589955563522,-16.297023571194835,69.0,True
h_22,WIAANE,0.9920005265743215,-4.572103292007011,138.0,True
h_22,WIBARF,0.9937043795994644,-12.43352968171243,69.0,True
h_22,WICAEF,0.9852280745585474,-15.79779440150175,69.0,True
h_22,WICNAF,,,,False
h_22,WIDALF,0.9809617304643319,-25.804472807041204,69.0,True
h_22,WIGASE,,,,False
h_22,WIISAF,0.942600256819203,-9.89900654558251,69.0,True
h_22,WIMB2F,0.9626824381147587,-24.30370703046592,69.0,True
h_22,WIMBEF,0.9608100255783389,-24.417139337945752,69.0,True
h_22,WINCAF,0.9709559461332631,-16.063633566224954,69.0,True
h_22,WINCAK,0.9999999999999999,-16.955374857858775,12.470000267028809,True
h_22,WINVBF,0.9502077534710854,-13.15835369040086,69.0,True
h_22,WINVIF,0.9333510793813071,-11.371805449958604,69.0,True
h_22,WIPSIF,,,,False
h_22,WITA1E,0.9900803668054327,-9.718963405790266,138.0,True
h_22,WJARAF,0.9820787536511928,-29.500300286855772,69.0,True
h_22,WJDOLE,0.9956223869975039,-6.22449499062196,138.0,True
h_22,WJIBPE,0.961121387001781,-20.8001194864369,69.0,True
h_22,WJIGBE,1.0025922744527254,-7.765816313729587,138.0,True
h_22,WJIGUE,1.0025922744527254,-7.765816313729587,138.0,True
h_22,WJIMEF,0.9831606894060483,-29.45075562170724,69.0,True
h_22,WJSAUD,1.010606717435347,-6.427197554038568,345.0,True
h_22,WJSAUE,,,,False
h_22,WKDMBF,0.9716505642677407,-14.67808031794462,69.0,True
h_22,WKDMEF,0.9654288223888179,-14.435287797857452,69.0,True
h_22,WKINDF,0.9854580157883135,-13.434317183176717,69.0,True
h_22,WKQA1F,0.9892143048944725,-12.041797932501316,69.0,True
h_22,WKQAZE,1.009949784215607,-7.874105847241551,138.0,True
h_22,WKVEIF,,,,False
h_22,WLALFF,,,,False
h_22,WLANGE,0.9842716041236166,-16.509720573728032,138.0,True
h_22,WLBARF,,,,False
h_22,WLCALF,0.9327959362179266,-11.538307286966727,69.0,True
h_22,WLCBOF,0.9731758087944469,-22.172524718244205,69.0,True
h_22,WLCOCK,1.0050636132001436,-9.515831303427442,34.5,True
h_22,WLCUAF,0.9406323704003513,-10.112541591432159,69.0,True
h_22,WLDAMF,0.9676340436266572,-20.31180867988489,69.0,True
h_22,WLDAMK,1.0,-21.98832033251226,12.5,True
h_22,WLDIAF,0.9811537492679819,-10.728384097519438,69.0,True
h_22,WLGALE,0.976073742734121,-17.103122623449647,138.0,True
h_22,WLGU2K,0.9891831384240336,-15.276740079790306,34.5,True
h_22,WLGUZE,0.9891831384240336,-15.276740079790306,138.0,True
h_22,WLGUZK,0.9891683674114002,-15.278299599174233,34.5,True
h_22,WLISAE,0.9813229730596155,-9.703418808693609,138.0,True
h_22,WLLAGF,,,,False
h_22,WLMFAF,0.9748174237178672,-12.255854253663337,69.0,True
h_22,WLMI5E,0.9804289129568612,-9.008615148186255,138.0,True
h_22,WLMI6E,0.9804404656196,-9.009735206535598,138.0,True
h_22,WLMI7E,0.9805855248036581,-8.950917927672121,138.0,True
h_22,WLMI7K,0.9999999999999998,-8.972983957448584,13.800000190734863,True
h_22,WLMINE,0.9803638268762622,-9.007618388633063,138.0,True
h_22,WLMINF,0.9406371452843774,-10.27444691943755,69.0,True
h_22,WLORIE,0.9971948672807758,-5.9066020416551,138.0,True
h_22,WLORIK,1.0490000247955322,-6.002659533313054,12.470000267028809,True
h_22,WLPARF,0.9227488907375819,-13.220037750365966,69.0,True
h_22,WLPENF,0.9744008275194821,-24.920103753831434,69.0,True
h_22,WLPRAE,0.9806024915200093,-10.858836757166207,138.0,True
h_22,WLROME,0.9590861965759283,-10.465667980394825,138.0,True
h_22,WLROMF,0.9516619723735734,-15.542117570148067,69.0,True
h_22,WLRPUF,0.9451547555286761,-16.151229006657708,69.0,True
h_22,WLTORF,0.991488886300143,-11.71879357644718,69.0,True
h_22,WLUCIF,0.9925341634756033,-13.875672917985163,69.0,True
h_22,WLUPEF,0.9526029721418036,-25.220046739262944,69.0,True
h_22,WLVEGF,0.9816821014179632,-26.746598026615196,69.0,True
h_22,WLVICE,0.9792372160636005,-8.709675604648563,138.0,True
h_22,WLVICK,0.9792372160636004,-8.709675604648561,34.5,True
h_22,WLVPEF,0.9818603695352335,-27.19133092072051,69.0,True
h_22,WMAGUF,0.9882556149484909,-11.630712261802223,69.0,True
h_22,WMAIMF,0.9678407823628841,-24.014125984240962,69.0,True
h_22,WMARAF,0.9355393049220682,-12.593279205705082,69.0,True
h_22,WMARAK,0.9355393049220682,-12.593279205705082,13.800000190734863,True
h_22,WMARTF,0.8985136310254905,-15.779657310430007,69.0,True
h_22,WMARTK,0.8985136310254905,-15.779657310430007,34.5,True
h_22,WMAT1E,0.9472079387261044,-26.265598050543446,138.0,True
h_22,WMATAE,0.9821573937350208,-10.382403149922354,138.0,True
h_22,WMATBE,0.9821573937350208,-10.382403149922354,138.0,True
h_22,WMEGAF,0.9393775995677207,-10.331062017108719,69.0,True
h_22,WMERCF,0.9719427582398008,-13.613998261466191,69.0,True
h_22,WMETAE,0.9821849551440561,-10.384383309092769,138.0,True
h_22,WMETAK,0.990000009536743,-10.738525770730407,13.199999809265137,True
h_22,WMETBF,0.9812860848185168,-10.721618402715524,69.0,True
h_22,WMETEE,0.9897823481596383,-9.762458365976723,138.0,True
h_22,WMETEF,0.9808035774266414,-13.597879883504156,69.0,True
h_22,WMETRE,0.9826797724453652,-9.781654765509419,138.0,True
h_22,WMETRF,0.9812860848185168,-10.721618402715524,69.0,True
h_22,WMIR1E,0.9891216550291679,-7.144437884961581,138.0,True
h_22,WMIRAK,0.9891216550291679,-7.144437884961581,34.5,True
h_22,WMLTPF,0.9779592697846112,-13.871405044999221,69.0,True
h_22,WMOCAE,0.9627748487538983,-19.824108616012335,138.0,True
h_22,WMOCAF,0.9599119059487958,-25.669950020423954,69.0,True
h_22,WMONCE,0.9848906326024549,-14.589703789979518,138.0,True
h_22,WMONTE,0.9656650264551987,-16.031199815223125,138.0,True
h_22,WMOZAF,0.9453230150457885,-9.840129608169523,69.0,True
h_22,WMP2AE,0.9894177071713861,-7.145834619829675,138.0,True
h_22,WMP2BE,0.9894177071713861,-7.145834619829675,138.0,True
h_22,WMPALF,0.9228150391556595,-13.21913812710929,69.0,True
h_22,WMPALK,0.9228150391556595,-13.21913812710929,34.5,True
h_22,WMPL1D,,,,False
h_22,WMPL2D,,,,False
h_22,WMPLAF,0.7507896248623124,-28.23868597290756,69.0,True
h_22,WMPSOE,,,,False
h_22,WMPSOF,0.750789639054932,-28.238686271414362,69.0,True
h_22,WMPSOK,0.750789639054932,-28.238686271414362,20.0,True
h_22,WMRI2E,1.0109111663271984,-7.1846043545384015,138.0,True
h_22,WMTFNE,1.0213152106692378,-7.806549642839466,138.0,True
h_22,WMTFNK,1.06609066411823,-7.8538520816159,34.5,True
h_22,WMULTF,0.9425400803980448,-9.901169006431312,69.0,True
h_22,WMVCIF,0.9823828111652443,-22.296067610666196,69.0,True
h_22,WMVIEF,0.9825991709017772,-17.650407498998963,69.0,True
h_22,WNAG2E,0.9490446674539054,-25.98210084684185,138.0,True
h_22,WNAG2F,,,,True
h_22,WNAGUF,0.9412782866583923,-29.668540787284204,69.0,True
h_22,WNARAD,0.9844359625458259,-12.158476453077034,345.0,True
h_22,WNARAE,,,,False
h_22,WNAV2E,0.9869701347253473,-14.835253059737813,138.0,True
h_22,WNAVAF,0.9491973142024953,-25.030227678577806,69.0,True
h_22,WNEYBF,0.9363162814519339,-21.785074910408905,69.0,True
h_22,WNIBAE,0.9749847968543257,-17.36073187217564,138.0,True
h_22,WNOVOF,0.9794263349266272,-12.90714296037803,69.0,True
h_22,WOFALF,1.0047101131127028,-15.018663393763347,69.0,True
h_22,WOJIVF,0.9841956997986852,-13.54160304696993,69.0,True
h_22,WPAK0E,,,,False
h_22,WPAK2E,1.0107718879784524,-7.103670842432473,138.0,True
h_22,WPAK5E,1.0107718879784524,-7.103670842432473,138.0,True
h_22,WPAK6E,1.0107718879784524,-7.103670842432473,138.0,True
h_22,WPAL1E,0.9881666164446559,-9.971592009724093,138.0,True
h_22,WPALAF,0.9775656023237664,-14.095374287360535,69.0,True
h_22,WPALBE,1.012098085079506,-8.863089824962447,138.0,True
h_22,WPALBF,0.9858993278388325,-12.322182490962126,69.0,True
h_22,WPALEE,1.012098085079506,-8.863089824962447,138.0,True
h_22,WPAQ1K,1.0499999523162842,-11.464515566767764,4.159999847412109,True
h_22,WPARAE,0.984587436780325,-9.74280967818651,138.0,True
h_22,WPAYAE,,,,False
h_22,WPAYBE,,,,False
h_22,WPAYIF,0.9498556164036587,-30.925306613452122,69.0,True
h_22,WPBAJF,0.9849591304756105,-29.93962535042717,69.0,True
h_22,WPBBAE,,,,False
h_22,WPBLAD,,,,False
h_22,WPCA1K,1.0499999523162842,0.0,22.0,True
h_22,WPCA2K,1.049999952316284,2.2024498987177723,22.0,True
h_22,WPCATE,,,,False
h_22,WPCGLF,0.9645462337004952,-16.364546851099448,69.0,True
h_22,WPCIBF,0.9402579778938316,-10.83698905548779,69.0,True
h_22,WPDISF,,,,False
h_22,WPDIVF,0.9674913098554154,-14.875200310522025,69.0,True
h_22,WPDORE,,,,True
h_22,WPDORF,0.9745328523683177,-25.241546187454063,69.0,True
h_22,WPEBPE,1.0063571128359345,-9.680885899009173,138.0,True
h_22,WPERAE,1.0053325771359254,-8.833996113769217,138.0,True
h_22,WPERBE,1.0053325771359254,-8.833996113769217,138.0,True
h_22,WPES1K,1.0053325771359254,-8.833996113769217,34.5,True
h_22,WPES2K,1.0053325771359254,-8.833996113769217,34.5,True
h_22,WPFLEF,,,,False
h_22,WPFMSK,0.9776171175310542,-14.599641329870536,20.0,True
h_22,WPGARF,0.974186217261325,-24.524571994331993,69.0,True
h_22,WPHAIF,0.9866853199714545,-13.467999143887274,69.0,True
h_22,WPIDUF,0.97122025226024,-15.856823563871496,69.0,True
h_22,WPIISF,,,,False
h_22,WPIMCF,0.9753949010990198,-21.811004603774045,69.0,True
h_22,WPIMEE,0.9818891071422852,-21.265938121986967,138.0,True
h_22,WPIMEF,0.9650255852383665,-30.316225706742856,69.0,True
h_22,WPINAF,1.0294409419305557,-16.623230206920873,69.0,True
h_22,WPIZAE,1.0023926460222499,-9.201560062619171,138.0,True
h_22,WPIZAF,0.9925365673427133,-13.875475999130126,69.0,True
h_22,WPIZBF,,,,False
h_22,WPLASF,0.9782257924086757,-13.013932423193278,69.0,True
h_22,WPLCCF,0.9750874863092095,-14.725772334406376,69.0,True
h_22,WPLINF,0.9726870340340269,-14.413903981868692,69.0,True
h_22,WPLM1E,1.014648662284624,-7.2109796916058455,138.0,True
h_22,WPLM1K,1.0199999809265137,-7.267288864154946,13.800000190734863,True
h_22,WPLM2K,1.0199999809265134,-7.300780199979354,13.800000190734863,True
h_22,WPP22E,0.9852284152864311,-16.996609604360028,138.0,True
h_22,WPPELF,0.9748295686970976,-25.17115840407181,69.0,True
h_22,WPPL2F,,,,True
h_22,WPPLAF,0.9851539934917848,-23.199991205784706,69.0,True
h_22,WPPLBF,,,,False
h_22,WPPLIF,0.9477846054675855,-25.119248783313683,69.0,True
h_22,WPPRIF,0.9818644137702254,-22.318465132704347,69.0,True
h_22,WPSCEF,0.9607853333954539,-18.61306491653673,69.0,True
h_22,WPSESK,,,,False
h_22,WPVIEE,,,,False
h_22,WQ1SPK,0.9999999999999998,-15.273197762121153,13.800000190734863,True
h_22,WQCORF,0.9852499159671652,-12.24208932628291,69.0,True
h_22,WQU11D,1.0060346399080962,-15.168685735816323,230.0,True
h_22,WQU12K,1.0000000000000002,-15.277445944863487,13.800000190734863,True
h_22,WQU21D,1.0060346399080962,-15.168685735816323,230.0,True
h_22,WQU21K,1.0000000000000002,-15.277445944863487,13.800000190734863,True
h_22,WQUINF,0.9666791732427615,-22.97733690715795,69.0,True
h_22,WQUISD,,,,True
h_22,WQUISE,,,,False
h_22,WRARRF,0.9726076190194972,-22.25442800742088,69.0,True
h_22,WRBL1K,,,,False
h_22,WRBL2K,,,,False
h_22,WRBLAF,1.0123217019747528,-18.292241471341377,69.0,True
h_22,WRCHAF,0.948549820958773,-17.912563740961776,69.0,True
h_22,WREFIF,0.97933734786758,-13.74124740384509,69.0,True
h_22,WRINCF,0.9799927188669822,-23.760217533915107,69.0,True
h_22,WRNUEF,0.97949017678295,-23.794311978328796,69.0,True
h_22,WRPELF,0.8997692021823799,-17.258833361400516,69.0,True
h_22,WRSJUE,0.9436871465761488,-26.612639325354287,138.0,True
h_22,WRZMOK,,,,False
h_22,WSABAF,0.9988089319506823,-10.157538122273067,69.0,True
h_22,WSAJ1E,0.9828770222662376,-15.617457326039831,138.0,True
h_22,WSALCE,0.9596037128391179,-20.99484830577757,138.0,True
h_22,WSALIF,0.9753003890160328,-16.246443398766008,69.0,True
h_22,WSAMAE,0.9275369461658749,-28.706149935517384,138.0,True
h_22,WSANCE,0.9341764972914223,-28.044347734209584,138.0,True
h_22,WSANTE,1.0025004709270546,-9.20264855536383,138.0,True
h_22,WSANTK,1.0025004709270546,-9.20264855536383,34.5,True
h_22,WSCANF,0.97147285393291,-13.416867157736116,69.0,True
h_22,WSCANK,0.97147285393291,-13.416867157736116,34.5,True
h_22,WSCNOE,0.9918984587285433,-9.575432728089027,138.0,True
h_22,WSESTE,0.9982191772986152,-5.726882810721048,138.0,True
h_22,WSFELE,,,,True
h_22,WSFMAE,0.9609454617422151,-22.525701611529495,138.0,True
h_22,WSFMAF,0.9539298885354727,-26.70784952843009,69.0,True
h_22,WSIBBE,0.9906504900764476,-4.509366195710278,138.0,True
h_22,WSJMAF,0.9528864549693155,-23.39638055014583,69.0,True
h_22,WSJOCF,0.9631446970641713,-18.29013047408731,69.0,True
h_22,WSJU2E,1.0055697449623568,-8.312075153244692,138.0,True
h_22,WSJU2F,0.993449034215913,-10.392414017223409,69.0,True
h_22,WSJUAF,0.9899392531704713,-10.670144180526153,69.0,True
h_22,WSKAPF,0.9720102810222898,-13.609835022856991,69.0,True
h_22,WSLCOE,,,,False
h_22,WSLORK,1.0,-9.717132312133595,13.800000190734863,True
h_22,WSMARF,0.9533185377285445,-10.724911169113323,69.0,True
h_22,WSODOF,0.9825876254131737,-17.651567385742673,69.0,True
h_22,WSOSUF,0.960336408911237,-29.597019757846184,69.0,True
h_22,WSPB1K,1.0499999523162846,-5.883527608913446,13.800000190734863,True
h_22,WSPBEE,0.9992117666167444,-5.634544192890215,138.0,True
h_22,WSPERF,0.888562353251796,-16.68650490335169,69.0,True
h_22,WSPEVF,,,,False
h_22,WSPM2E,0.999753759844651,-5.481937397972498,138.0,True
h_22,WSPMAE,0.9963292734446616,-5.975820000162153,138.0,True
h_22,WSPMAF,0.9804782808355764,-10.657651044710775,69.0,True
h_22,WSPMBE,0.9963292734446616,-5.975820000162153,138.0,True
h_22,WSPRIF,0.8489293516676372,-19.256404553493187,69.0,True
h_22,WSRODE,0.9698194663160821,-16.044895720588773,138.0,True
h_22,WSYASF,0.9424239077776609,-31.515219847689824,69.0,True
h_22,WSYEGF,0.9897455501343204,-10.942952182322395,69.0,True
h_22,WTAAGK,,,,False
h_22,WTAAVK,,,,False
h_22,WTAG1K,,,,False
h_22,WTAG2K,,,,False
h_22,WTAMAF,0.9586578242529626,-12.31851468891679,69.0,True
h_22,WTANOK,,,,False
h_22,WTAV1K,0.9999999999999998,-12.186822925622412,13.800000190734863,True
h_22,WTAVBE,,,,False
h_22,WTBA1K,,,,False
h_22,WTBA2K,,,,False
h_22,WTCE1K,,,,False
h_22,WTCE2K,,,,False
h_22,WTCEMK,,,,False
h_22,WTDAJK,,,,False
h_22,WTEMPF,0.9384815205469188,-10.32500778480273,69.0,True
h_22,WTESAK,,,,False
h_22,WTFA1K,,,,False
h_22,WTFA2K,,,,False
h_22,WTFA3K,,,,False
h_22,WTHAGK,,,,False
h_22,WTHAIF,0.9557674806963571,-12.64985695491626,69.0,True
h_22,WTIM2E,0.9794859784416986,-9.379705324666178,138.0,True
h_22,WTIM2F,0.9465021720071154,-9.594495843652618,69.0,True
h_22,WTIMBF,0.9458042393136274,-9.688557376623933,69.0,True
h_22,WTIREF,0.9925180693304573,-32.20265740319811,69.0,True
h_22,WTIT1K,,,,False
h_22,WTIT2K,,,,False
h_22,WTJI1K,,,,False
h_22,WTJI2K,,,,False
h_22,WTJIMK,,,,False
h_22,WTLANK,,,,False
h_22,WTMAGK,,,,False
h_22,WTMBBF,,,,True
h_22,WTMI5K,,,,False
h_22,WTMI6K,,,,False
h_22,WTMNTK,,,,False
h_22,WTMONK,,,,False
h_22,WTMR1K,,,,False
h_22,WTMR2K,,,,False
h_22,WTNNAK,,,,False
h_22,WTORGF,1.0061095476246489,-14.730362097341203,69.0,True
h_22,WTPA1K,,,,False
h_22,WTPG1K,,,,False
h_22,WTPG2K,,,,False
h_22,WTPG3K,,,,False
h_22,WTPI1K,,,,False
h_22,WTPI2K,,,,False
h_22,WTRINK,,,,False
h_22,WTRJCK,,,,False
h_22,WTROQF,0.990172106056161,-21.737257608506134,69.0,True
h_22,WTSABK,,,,False
h_22,WTSE1K,,,,False
h_22,WTSFVK,,,,False
h_22,WTSPVK,,,,False
h_22,WTSYEK,,,,False
h_22,WTTA1K,,,,False
h_22,WTTA2K,,,,False
h_22,WTTITF,0.9451695123449593,-9.708940621510717,69.0,True
h_22,WTTO1K,,,,False
h_22,WTVA1K,,,,False
h_22,WTVA2K,,,,False
h_22,WTVE1K,,,,False
h_22,WTZFPF,,,,False
h_22,WUASDE,0.9819036744956815,-10.114249550822421,138.0,True
h_22,WUMEDF,0.9608104174793431,-18.611134775741817,69.0,True
h_22,WVALBE,0.999949133253657,-8.61765386699937,138.0,True
h_22,WVALDE,0.999949133253657,-8.61765386699937,138.0,True
h_22,WVALLF,0.9912338254387264,-10.595631908135985,69.0,True
h_22,WVALTF,0.9462214167202153,-17.213878303539275,69.0,True
h_22,WVDU1E,,,,True
h_22,WVDUAF,,,,False
h_22,WVILAE,,,,False
h_22,WVILLF,0.9870403043127556,-11.44600315984451,69.0,True
h_22,WVMAOE,0.9804672852528538,-15.226904479418948,138.0,True
h_22,WVMELE,0.9759160810677826,-10.014044972209676,138.0,True
h_22,WVNOBF,0.9609268380589726,-14.062143656491072,69.0,True
h_22,WVOLGF,0.9609503369626614,-18.604524273973848,69.0,True
h_22,WX1PAK,,,,False
h_22,WXABIF,0.946649715793472,-25.188092129048858,69.0,True
h_22,WXABRF,0.9933401127967071,-12.391486203095763,69.0,True
h_22,WXAD2F,0.984840207697641,-16.810032093088473,69.0,True
h_22,WXADOF,0.9849126634012796,-16.929807541983013,69.0,True
h_22,WXAHGF,0.9692029705998854,-14.364203481923562,69.0,True
h_22,WXAHMF,0.966937750340178,-27.2678807841462,69.0,True
h_22,WXAISF,0.9828965403144052,-17.20821145265327,69.0,True
h_22,WXALDF,1.0060469312715232,-14.74005900545856,69.0,True
h_22,WXALIF,0.9718657328501382,-14.278248930438542,69.0,True
h_22,WXAORF,0.9493821507766694,-12.499977121577272,69.0,True
h_22,WXAPFF,0.9827594482074209,-21.25769182882096,69.0,True
h_22,WXAPPF,0.9691667754861142,-28.08007733680453,69.0,True
h_22,WXAQUF,,,,False
h_22,WXARDF,0.9849524778665323,-16.989636338283653,69.0,True
h_22,WXASOF,0.9657763313589255,-29.03845223228973,69.0,True
h_22,WXBA1F,,,,False
h_22,WXBA2F,,,,True
h_22,WXBASF,0.93878528945165,-12.60464857344582,69.0,True
h_22,WXBAYF,,,,False
h_22,WXBDEF,0.934673260333337,-25.941926591317944,69.0,True
h_22,WXBLEF,0.9266351859854092,-16.60791895514754,69.0,True
h_22,WXBMAF,0.9682150499690992,-17.09447051474145,69.0,True
h_22,WXBOHF,0.9778708565496224,-14.17659147713603,69.0,True
h_22,WXBPEF,0.9887691244878638,-19.614670132430835,69.0,True
h_22,WXCA1K,1.0053322417726789,-8.833994557083505,34.5,True
h_22,WXCABF,0.9508464657843732,-16.229217553259964,69.0,True
h_22,WXCANF,,,,False
h_22,WXCARF,0.9665231464184968,-14.31414143584223,69.0,True
h_22,WXCATF,0.9422870126333758,-11.070604039370721,69.0,True
h_22,WXCB2F,,,,False
h_22,WXCBAF,0.9735793722262902,-14.269040111439821,69.0,True
h_22,WXCC1E,,,,False
h_22,WXCC3E,,,,False
h_22,WXCCOF,0.9849376271510426,-16.990943889282185,69.0,True
h_22,WXCDAF,0.9665402720499033,-16.267074824500764,69.0,True
h_22,WXCDLF,0.9570737848948383,-28.017814753863394,69.0,True
h_22,WXCENF,0.9566725656712838,-27.270275796542503,69.0,True
h_22,WXCHAF,0.948549820958773,-17.912563740961776,69.0,True
h_22,WXCIGF,0.9801176828991697,-10.671577476317777,69.0,True
h_22,WXCINF,0.9464586514538008,-17.20361791890595,69.0,True
h_22,WXCNAF,0.9731336304848395,-10.838450339191386,69.0,True
h_22,WXCOCF,,,,False
h_22,WXCODF,0.9812860848185168,-10.721618402715524,69.0,True
h_22,WXCORF,0.9671503294392978,-24.506518740784266,69.0,True
h_22,WXCSAF,0.9709854930724982,-15.999489451375643,69.0,True
h_22,WXCTAF,0.9744091929392109,-24.52650994907293,69.0,True
h_22,WXCU1K,0.9666424488750428,-9.43094944603267,34.5,True
h_22,WXCU2K,0.9666424488750428,-9.43094944603267,34.5,True
h_22,WXCU4K,0.9666424488750428,-9.43094944603267,34.5,True
h_22,WXDBRF,0.9801176828991697,-10.671577476317777,69.0,True
h_22,WXDISF,0.9457286389278161,-16.671207918970875,69.0,True
h_22,WXDROF,0.9846943154498546,-11.27395710726005,69.0,True
h_22,WXDURF,,,,False
h_22,WXEANF,0.9824802152621018,-21.271102703594586,69.0,True
h_22,WXECHF,0.948421755299467,-27.171241693067735,69.0,True
h_22,WXES2K,,,,False
h_22,WXES3K,,,,False
h_22,WXESPF,0.9244917036888787,-26.4565583224933,69.0,True
h_22,WXEV4K,1.0199999809265137,-5.515393303478731,13.800000190734863,True
h_22,WXGALF,0.9376741285497668,-10.930490004503104,69.0,True
h_22,WXGAVF,0.9561664912731628,-11.23804937909003,69.0,True
h_22,WXGBOF,0.9805870122725682,-13.636295627392295,69.0,True
h_22,WXGOYF,0.9828965403144052,-17.20821145265327,69.0,True
h_22,WXGPLF,0.9357510375443704,-11.129354447359905,69.0,True
h_22,WXGRCF,,,,False
h_22,WXGRMF,0.9329536827952856,-12.532080585375054,69.0,True
h_22,WXGRSF,0.955747913881642,-27.518855363823167,69.0,True
h_22,WXGU2F,0.989469602698124,-10.851107784719023,69.0,True
h_22,WXHACF,0.9812689637830408,-10.723326145537806,69.0,True
h_22,WXHE1F,1.0061587188019137,-14.717136813483224,69.0,True
h_22,WXHE2F,,,,False
h_22,WXHHIF,0.9793417501023902,-10.691680567415036,69.0,True
h_22,WXHJBF,0.9808840028131223,-25.559436726389595,69.0,True
h_22,WXHMSF,0.9689316277128224,-18.088432747587298,69.0,True
h_22,WXHNAF,,,,False
h_22,WXHNUF,0.9502764171257587,-16.27497847337727,69.0,True
h_22,WXIBAF,0.9937124949990037,-12.433211239080807,69.0,True
h_22,WXICAF,0.9852321453543326,-15.79764292275618,69.0,True
h_22,WXICNF,,,,False
h_22,WXIDAF,0.980968827808211,-25.803938725784562,69.0,True
h_22,WXIDUF,0.97122025226024,-15.856823563871496,69.0,True
h_22,WXIISF,0.9426033483731401,-9.898883158566658,69.0,True
h_22,WXIMBF,0.9621110603012002,-24.34620443320707,69.0,True
h_22,WXINAF,0.9432627335384449,-9.874274490115324,69.0,True
h_22,WXINDF,0.9836487517178041,-26.273895524700148,69.0,True
h_22,WXINVF,0.933501171198526,-11.357413264483059,69.0,True
h_22,WXIPRF,,,,False
h_22,WXIPSF,0.97122025226024,-15.856823563871496,69.0,True
h_22,WXJIMF,0.9831606894060483,-29.45075562170724,69.0,True
h_22,WXJINF,0.9661903038274752,-20.218002536020347,69.0,True
h_22,WXKINF,0.9867499978092591,-13.348489128956183,69.0,True
h_22,WXKVEF,0.9319772080879087,-12.034421240395062,69.0,True
h_22,WXLADF,0.9302426679410891,-11.72240470536864,69.0,True
h_22,WXLALF,,,,False
h_22,WXLC1E,1.0050831569169834,-9.51181435477413,138.0,True
h_22,WXLCAF,0.9327959362179266,-11.538307286966727,69.0,True
h_22,WXLCBF,0.9765868600940352,-22.03162293034838,69.0,True
h_22,WXLFAF,0.9698678529406628,-16.88425627483595,69.0,True
h_22,WXLPAF,0.9227669606538549,-13.21832245099778,69.0,True
h_22,WXLPEF,0.9744008275194821,-24.920103753831434,69.0,True
h_22,WXLUCK,0.9924395376517278,-13.877431391430436,34.5,True
h_22,WXLULF,0.9925365673427133,-13.875475999130126,69.0,True
h_22,WXLUPF,,,,True
h_22,WXMAGF,0.9882556149484909,-11.630712261802223,69.0,True
h_22,WXMAIF,0.9681820801947902,-23.993523492175648,69.0,True
h_22,WXMALF,0.9722329943816386,-13.593305494548124,69.0,True
h_22,WXMARF,0.9355202628672598,-12.592957916971164,69.0,True
h_22,WXMATK,0.9472079387261044,-26.265598050543446,34.5,True
h_22,WXMEGF,0.9396764825694158,-10.30650034373717,69.0,True
h_22,WXMETE,,,,False
h_22,WXMETF,0.9805870122725682,-13.636295627392295,69.0,True
h_22,WXMOZF,,,,False
h_22,WXMPAF,0.9229030689865434,-13.19278351536805,69.0,True
h_22,WXMPGK,,,,False
h_22,WXMPSF,0.7507896248623124,-28.23868597290756,69.0,True
h_22,WXMV2F,0.9825991709017772,-17.650407498998963,69.0,True
h_22,WXMVAF,,,,False
h_22,WXNAGF,,,,False
h_22,WXNOVF,0.9784075170764439,-13.00546163388009,69.0,True
h_22,WXOC2F,0.981580275834385,-21.33729120717159,69.0,True
h_22,WXOFAF,1.0047109075701857,-15.018566494548828,69.0,True
h_22,WXOLVF,0.9584226056859345,-23.91531810065129,69.0,True
h_22,WXPA1K,1.0000000000000002,-7.21508408523736,11.0,True
h_22,WXPA3K,1.0,-7.20076624971744,15.0,True
h_22,WXPA4K,0.9999999999999998,-7.186374201404489,11.0,True
h_22,WXPC2F,0.9402579778938316,-10.83698905548779,69.0,True
h_22,WXPCGF,0.9645462337004952,-16.364546851099448,69.0,True
h_22,WXPCIF,0.9461151196822593,-10.322202360432394,69.0,True
h_22,WXPETF,0.972117018844064,-13.60161459826479,69.0,True
h_22,WXPFLF,1.0061291607920588,-14.72519856852903,69.0,True
h_22,WXPFSK,0.9828770222662376,-15.617457326039831,34.5,True
h_22,WXPGAF,0.9742269294935983,-24.522529424048816,69.0,True
h_22,WXPGMF,0.9925365673427133,-13.875475999130126,69.0,True
h_22,WXPHAF,0.9867152290065035,-13.466685820221901,69.0,True
h_22,WXPI4K,1.0,-21.333036719882934,13.800000190734863,True
h_22,WXPIDF,0.9925365673427133,-13.875475999130126,69.0,True
h_22,WXPINF,,,,False
h_22,WXPLCF,0.9752065798128418,-14.714051394626571,69.0,True
h_22,WXPPEF,0.9748295686970976,-25.17115840407181,69.0,True
h_22,WXPPLF,,,,False
h_22,WXPPRF,0.9818888973113825,-22.31753554494125,69.0,True
h_22,WXPS1K,0.9876615505626112,-14.648598142767826,34.5,True
h_22,WXPY1K,,,,False
h_22,WXQAZF,,,,False
h_22,WXQCOF,0.9852499159671652,-12.24208932628291,69.0,True
h_22,WXRARF,0.976265208996565,-22.049757696201617,69.0,True
h_22,WXRIEF,,,,False
h_22,WXRINF,0.9811447960238552,-23.664634152768333,69.0,True
h_22,WXSADF,,,,False
h_22,WXSESE,0.9980613465069477,-5.770466674794376,138.0,True
h_22,WXSESF,0.9780914491127556,-10.872424950418289,69.0,True
h_22,WXSI1K,0.9999999999999999,-4.525221688665029,13.800000190734863,True
h_22,WXSODF,0.982593728296959,-17.65096430882792,69.0,True
h_22,WXSOSF,0.960336408911237,-29.597019757846184,69.0,True
h_22,WXSPRF,0.8489293516676372,-19.256404553493187,69.0,True
h_22,WXSYEF,0.9891973916859003,-11.045739953817378,69.0,True
h_22,WXTAMF,0.9392593282699125,-10.318638947867406,69.0,True
h_22,WXTDAF,0.898035168223601,-15.816651520972947,69.0,True
h_22,WXTH1F,0.9557672933204773,-12.649853885756366,69.0,True
h_22,WXTH2F,0.9557673942459667,-12.649855538885227,69.0,True
h_22,WXTISF,0.9856099388276035,-17.415176705185594,69.0,True
h_22,WXTREFF,0.97933734786758,-13.74124740384509,69.0,True
h_22,WXTROF,0.9901911175740604,-21.73642616713084,69.0,True
h_22,WXTTIF,0.9451695123449593,-9.708940621510717,69.0,True
h_22,WXVALF,0.9462214167202153,-17.213878303539275,69.0,True
h_22,WXVILF,0.9870403043127556,-11.44600315984451,69.0,True
h_22,WXVL1K,,,,False
h_22,WXWC2K,0.9894177071713861,-7.145834619829675,34.5,True
h_22,WXWC3K,0.9894177071713861,-7.145834619829675,34.5,True
h_22,WXYAGF,0.9845891567182679,-15.982918329642054,69.0,True
h_22,WXZAMF,0.9302426679410891,-11.72240470536864,69.0,True
h_22,WXZFBF,,,,False
h_22,WXZFHF,,,,False
h_22,WXZFNF,,,,False
h_22,WXZGUF,0.977239418742899,-22.89803593900189,69.0,True
h_22,WXZHAF,0.9330563299205622,-11.39079045442637,69.0,True
h_22,WXZISF,,,,False
h_22,WXZPPF,,,,False
h_22,WXZSPF,0.9753457642204303,-11.208486369379447,69.0,True
h_22,WYAGUF,0.9845891567182679,-15.982918329642054,69.0,True
h_22,WYAMAF,0.7848079698044645,-24.703830055160623,69.0,True
h_22,WZFALF,,,,False
h_22,WZFAMF,,,,False
h_22,WZFBAF,,,,False
h_22,WZFDRF,,,,False
h_22,WZFESF,,,,False
h_22,WZFGIF,,,,False
h_22,WZFGUF,,,,False
h_22,WZFISF,,,,False
h_22,WZFLIF,,,,False
h_22,WZFMCF,,,,False
h_22,WZFPPF,,,,False
h_22,WZFS2F,,,,False
h_22,WZFSAE,,,,False
h_22,WZFSAF,,,,False
h_22,WZFSFF,,,,False
h_22,WZFSIF,,,,False
h_22,WZFSPF,,,,False
h_22,WZFVAF,,,,False
h_22,WZFVEF,,,,False
h_22,WZHAIF,0.9330565035029905,-11.390797366127345,69.0,True
h_22,ZXOJIF,,,,False
h_23,WAANDE,1.0001450789777566,0.09305707374290238,138.0,True
h_23,WABCOF,0.9762156958044788,-16.756912938515995,69.0,True
h_23,WABISF,0.9502288547300191,-25.096657802763076,69.0,True
h_23,WABRUF,0.9146684050771609,-12.460046052121115,69.0,True
h_23,WACIBF,0.9816757041507554,-21.550649970733986,69.0,True
h_23,WACLAE,0.9903164322356408,-13.755066678965584,138.0,True
h_23,WACLAK,0.9917447186723767,-13.762644490194981,34.5,True
h_23,WADMIF,,,,False
h_23,WADOMF,1.0061552863703163,-14.926345737482622,69.0,True
h_23,WAGUAE,1.001868230166866,-8.234886378486683,138.0,True
h_23,WAGUBE,1.001868230166866,-8.234886378486683,138.0,True
h_23,WAHMIF,0.9674814162110718,-27.40897434819456,69.0,True
h_23,WAHO1E,0.9819221688098181,-10.146427725314497,138.0,True
h_23,WAHO2E,0.9819221688098181,-10.146427725314497,138.0,True
h_23,WAHOBF,0.9756286095512947,-13.546224676433075,69.0,True
h_23,WAHONF,0.9756286095512947,-13.546224676433075,69.0,True
h_23,WAIAMF,,,,False
h_23,WAIAZF,,,,False
h_23,WAIBAF,,,,False
h_23,WAIISF,,,,False
h_23,WAISAF,,,,False
h_23,WAISCF,0.983319899803015,-17.328669152349594,69.0,True
h_23,WAISOF,0.9678615141734228,-29.140874992204072,69.0,True
h_23,WAIUNF,,,,False
h_23,WAIZSF,,,,False
h_23,WAORIF,0.9441896183014182,-12.8791702407225,69.0,True
h_23,WAPERF,0.9671986132334448,-32.78375939834811,69.0,True
h_23,WAPFAF,0.984199139320414,-21.326261799906728,69.0,True
h_23,WAQUIF,0.9708361095932877,-22.812191436554457,69.0,True
h_23,WASOEF,0.9620910045931756,-14.036401220223087,69.0,True
h_23,WAZUAF,0.9692316440681394,-15.102034526253828,69.0,True
h_23,WBALDF,0.9848418961784671,-21.27428898997359,69.0,True
h_23,WBANIF,0.9714142817024658,-16.886270903246533,69.0,True
h_23,WBAPEF,0.9688658450969307,-17.29051420357113,69.0,True
h_23,WBARAF,0.9803619101538574,-12.353508868175984,69.0,True
h_23,WBARCE,,,,False
h_23,WBASIF,0.937791946525283,-12.784094331695286,69.0,True
h_23,WBAYAE,1.006419353817786,-8.826045653476777,138.0,True
h_23,WBAYAK,1.0062451789790585,-8.828739129190064,34.5,True
h_23,WBAYOF,0.9733627272161948,-14.466079871580872,69.0,True
h_23,WBCARF,,,,False
h_23,WBCARK,0.9999999999999997,-6.11294671455836,13.800000190734863,True
h_23,WBCHIE,0.9905748300239212,-4.724558308466254,138.0,True
h_23,WBCHIF,0.9551034182203838,-9.717822558629706,69.0,True
h_23,WBDERF,0.9389058177091242,-25.82493420508376,69.0,True
h_23,WBDERK,0.9999999999999998,-26.203677775406724,13.800000190734863,True
h_23,WBENEF,0.945813750786809,-19.30063070212348,69.0,True
h_23,WBERSF,,,,False
h_23,WBLECF,0.926031378682647,-16.823969775607313,69.0,True
h_23,WBMATF,0.9682665914731785,-17.192211841681942,69.0,True
h_23,WBNVFF,,,,False
h_23,WBON2E,0.9900572260718224,-14.906077169404893,138.0,True
h_23,WBON2F,,,,False
h_23,WBON3C,,,,False
h_23,WBON3D,1.0019146650212112,-8.450150304581939,345.0,True
h_23,WBON3E,0.9901365339933723,-14.902426522909092,138.0,True
h_23,WBONAF,0.9814626323421156,-20.094799388518474,69.0,True
h_23,WBOPEF,,,,False
h_23,WBPOPF,0.9814107946186466,-10.89587386212981,69.0,True
h_23,WBVISF,0.9493591086361486,-16.792151077145856,69.0,True
h_23,WCABAF,0.9545096895232568,-30.669052160848587,69.0,True
h_23,WCALAE,1.0055542455362574,-8.974522821797954,138.0,True
h_23,WCALBE,1.0055542455362574,-8.974522821797954,138.0,True
h_23,WCANAE,,,,True
h_23,WCANAF,,,,True
h_23,WCAPOF,0.9353702475425876,-10.848518056607196,69.0,True
h_23,WCATAF,0.9307475848003411,-11.89353819306275,69.0,True
h_23,WCAYAF,0.9527032724981526,-11.45166840756233,69.0,True
h_23,WCBOHF,0.9773663799724094,-14.391435578274844,69.0,True
h_23,WCBYNF,0.946619023550211,-16.81888439749892,69.0,True
h_23,WCC21E,1.0019555718255784,-9.21075600400387,138.0,True
h_23,WCCA2F,0.9953690969789859,-12.326447140335645,69.0,True
h_23,WCCABF,0.9952027316169818,-12.39309238790785,69.0,True
h_23,WCCARF,0.9306008328423372,-11.859300197182558,69.0,True
h_23,WCCIBF,0.9869517775595467,-22.17172971184606,69.0,True
h_23,WCDAGF,0.9664284847258786,-16.508370366177832,69.0,True
h_23,WCEMEE,0.9994342505911089,-5.704377179799531,138.0,True
h_23,WCENOF,0.9553379099182006,-27.59742333692334,69.0,True
h_23,WCEPPF,,,,False
h_23,WCES1K,1.0199999809265137,-5.8120641686979075,13.800000190734863,True
h_23,WCES2K,1.0199999809265137,-5.8120641686979075,13.800000190734863,True
h_23,WCES3K,1.0199999809265134,-5.789532888670423,13.800000190734863,True
h_23,WCESPF,0.9280977331286835,-26.349372170547564,69.0,True
h_23,WCESPK,,,,False
h_23,WCINDF,,,,False
h_23,WCLUIE,0.9924328905971521,-6.784005865818347,138.0,True
h_23,WCNACF,,,,False
h_23,WCNPEE,0.9814446779892168,-9.936277502910206,138.0,True
h_23,WCNSLF,,,,False
h_23,WCOAPE,0.9849705123428126,-7.42911534160324,138.0,True
h_23,WCOCOF,0.984220135932349,-17.51792569581014,69.0,True
h_23,WCODAF,0.9563097616677475,-28.46300176808985,69.0,True
h_23,WCOHEF,1.0047942463321764,-15.207840256710899,69.0,True
h_23,WCONSF,0.9991177037837934,-32.325623113032556,69.0,True
h_23,WCORMF,0.9658980307682973,-24.771657530626797,69.0,True
h_23,WCOTAE,0.952952465560386,-11.178500908359972,138.0,True
h_23,WCOTBE,0.952952465560386,-11.178500908359972,138.0,True
h_23,WCOTUF,0.9601605818289969,-30.683664492456373,69.0,True
h_23,WCPVCF,0.9694336467572505,-16.369887362427363,69.0,True
h_23,WCSATF,0.9708524226841241,-16.250650393537757,69.0,True
h_23,WCSO1K,0.952952465560386,-11.178500908359972,34.5,True
h_23,WCSO2K,0.952952465560386,-11.178500908359972,34.5,True
h_23,WCSO3K,0.952952465560386,-11.178500908359972,34.5,True
h_23,WCSOLK,,,,False
h_23,WCTP1D,,,,False
h_23,WCTP2D,,,,False
h_23,WCUMAE,0.9669006904017196,-9.575027002223603,138.0,True
h_23,WCUMBE,0.9669006904017196,-9.575027002223603,138.0,True
h_23,WCVEGF,0.9831406249846647,-26.68368421223039,69.0,True
h_23,WCZFSF,0.9880950394891681,-21.070629094136606,69.0,True
h_23,WDAJAE,0.9652634270644685,-16.778395791771185,138.0,True
h_23,WDAJAF,,,,False
h_23,WDESPF,0.9462475213608218,-9.84658673058767,69.0,True
h_23,WDISDF,0.9451793392490536,-16.952743157289188,69.0,True
h_23,WDJAOE,0.9524353185440525,-10.471611390261415,138.0,True
h_23,WDJAOF,0.9002502480457697,-15.870670400673385,69.0,True
h_23,WDPEDF,0.9796684686834122,-22.72878360676787,69.0,True
h_23,WDRODF,0.9868652156737399,-11.118612078098979,69.0,True
h_23,WDRODK,0.9961489990529192,-11.14561711267093,12.470000267028809,True
h_23,WDRODM,,,,False
h_23,WDURAF,,,,False
h_23,WDUVEF,0.9686042234553855,-20.008577897983887,69.0,True
h_23,WEABAF,,,,False
h_23,WEBRIE,0.9718828875250443,-9.741261771899634,138.0,True
h_23,WECHIF,0.9436296195617209,-27.981373927993555,69.0,True
h_23,WELJIF,0.9834601667388023,-22.374055755120875,69.0,True
h_23,WEM21K,1.0,-9.707952277216904,13.800000190734863,True
h_23,WEMA2E,,,,False
h_23,WEMA2F,,,,False
h_23,WEMA3F,0.9462640276920427,-9.847780602802406,69.0,True
h_23,WEMB2F,,,,False
h_23,WEMB3F,0.9472841728732558,-9.653797090195475,69.0,True
h_23,WEMBAE,0.9803937012134508,-10.84482430803616,138.0,True
h_23,WENADE,1.0001426986824935,0.09283025751621421,138.0,True
h_23,WENE4E,0.9998715939390526,-5.628145152655828,138.0,True
h_23,WEPINF,0.9730551870095083,-12.520956952106141,69.0,True
h_23,WERIOF,0.9929426742963128,-30.687985476499225,69.0,True
h_23,WESEIE,0.9568319901072412,-10.314823482640321,138.0,True
h_23,WESM3F,,,,False
h_23,WESM3K,,,,False
h_23,WESOCE,0.9932836683445343,-6.2668367951757675,138.0,True
h_23,WESP1E,0.9889652914577538,-14.835183768132401,138.0,True
h_23,WFALCE,0.9901427329776272,-14.902523510898062,138.0,True
h_23,WFALCF,0.9937032326960835,-19.066496682890072,69.0,True
h_23,WFALCK,,,,True
h_23,WFALCM,,,,False
h_23,WFANTF,0.9769773375960279,-24.18433708417768,69.0,True
h_23,WFNEGF,,,,False
h_23,WFOCHF,0.9824298156474184,-21.44480000037894,69.0,True
h_23,WFOLAF,,,,False
h_23,WGALAF,0.938020504851252,-11.099924525825472,69.0,True
h_23,WGBOJF,0.9804687566469305,-13.823787011124415,69.0,True
h_23,WGHACF,0.9815099211731424,-10.891935830907267,69.0,True
h_23,WGIRAE,1.003425205497878,-9.362147229016443,138.0,True
h_23,WGIRAK,1.0105720649112124,-9.381381851581754,34.5,True
h_23,WGMALF,0.9718052301156678,-13.825004741977171,69.0,True
h_23,WGNLLE,0.9856346751539747,-14.064756504796526,138.0,True
h_23,WGNLLK,0.9872469190471769,-14.072792464990686,34.5,True
h_23,WGOYAF,0.9831229817225848,-17.336523967570987,69.0,True
h_23,WGPALF,0.9775982760773652,-14.323097945126532,69.0,True
h_23,WGPETF,0.971794593570272,-13.831484772029835,69.0,True
h_23,WGPLAF,0.9361044136198111,-11.299597468240423,69.0,True
h_23,WGRCHF,0.9336823232547423,-11.536056825214036,69.0,True
h_23,WGRSFF,0.9550484250871935,-27.966698360440848,69.0,True
h_23,WGU1AD,,,,False
h_23,WGU1BD,,,,False
h_23,WGUA2F,0.9903432064189938,-10.824426733204708,69.0,True
h_23,WGUANE,,,,True
h_23,WGUANF,0.9903993847802385,-10.836206625665886,69.0,True
h_23,WGUAVF,0.9561828273997299,-11.35260556628976,69.0,True
h_23,WGUAYE,0.9781420906012116,-14.985276460454067,138.0,True
h_23,WGUAYF,0.9029057170310869,-17.389988230724658,69.0,True
h_23,WGUERD,0.9976028957449816,-7.268166993936067,345.0,True
h_23,WGUERE,0.9891943478797072,-7.310552488978331,138.0,True
h_23,WGUERF,0.92516278841299,-13.138262557328174,69.0,True
h_23,WGVEGF,0.9879033671198086,-25.540509366374224,69.0,True
h_23,WHAIBF,0.9867404108798203,-13.641067482755592,69.0,True
h_23,WHAINE,0.9885261306459353,-10.112596623139614,138.0,True
h_23,WHAINF,0.9867404108798203,-13.641067482755592,69.0,True
h_23,WHAT2K,0.9999999999999997,-29.659560957462823,13.800000190734863,True
h_23,WHATIF,0.9679278443181505,-29.587540193671106,69.0,True
h_23,WHATIK,0.9999999999999999,-29.738182804394945,12.5,True
h_23,WHENUF,,,,False
h_23,WHERRE,0.982686875047316,-11.062228716162625,138.0,True
h_23,WHGMOE,,,,False
h_23,WHGUEE,,,,False
h_23,WHIGUF,0.9636833808502738,-22.357865547164586,69.0,True
h_23,WHJBOF,0.9822629698868983,-25.519767228537617,69.0,True
h_23,WHLINF,,,,False
h_23,WHMA2E,0.9679150915796308,-8.847193437487913,138.0,True
h_23,WHMA2F,0.9528740908924251,-10.8077606167411,69.0,True
h_23,WHMAYF,0.9514305145304606,-10.921289623943691,69.0,True
h_23,WHMSAF,0.9700972069947633,-18.225929276681164,69.0,True
h_23,WHNACF,,,,False
h_23,WHNS1E,0.979377244523541,-8.888527446980309,138.0,True
h_23,WHNS1F,0.9599898097974388,-12.461770843806494,69.0,True
h_23,WHNUEF,0.9497554605553559,-16.52568297748619,69.0,True
h_23,WIAANE,0.9921849994260198,-4.740023726662623,138.0,True
h_23,WIBARF,0.9944626252714902,-12.424750507425674,69.0,True
h_23,WICAEF,0.9856530689639457,-15.90945131809643,69.0,True
h_23,WICNAF,,,,False
h_23,WIDALF,0.9823815705846237,-25.759088125234587,69.0,True
h_23,WIGASE,,,,False
h_23,WIISAF,0.9430536745829647,-10.057584994505074,69.0,True
h_23,WIMB2F,0.9664577432496777,-24.25622068607155,69.0,True
h_23,WIMBEF,0.9646567405512926,-24.36393092569351,69.0,True
h_23,WINCAF,0.9708710597966547,-16.303535967837853,69.0,True
h_23,WINCAK,1.0000000000000004,-17.188730739854574,12.470000267028809,True
h_23,WINVBF,0.9504651858397369,-13.325564689897128,69.0,True
h_23,WINVIF,0.9336818186821539,-11.544027109070399,69.0,True
h_23,WIPSIF,,,,False
h_23,WITA1E,0.9902065508409034,-9.880239807253608,138.0,True
h_23,WJARAF,0.984427949152454,-29.186020813615688,69.0,True
h_23,WJDOLE,0.9957660736581121,-6.374766978286431,138.0,True
h_23,WJIBPE,0.9635750162430917,-20.585979946068193,69.0,True
h_23,WJIGBE,1.002701946611001,-7.916537541454571,138.0,True
h_23,WJIGUE,1.002701946611001,-7.916537541454571,138.0,True
h_23,WJIMEF,0.9854361004459397,-29.13995901355097,69.0,True
h_23,WJSAUD,1.0108107078582087,-6.557419845884952,345.0,True
h_23,WJSAUE,,,,False
h_23,WKDMBF,0.9711967551237656,-14.890932664615617,69.0,True
h_23,WKDMEF,0.9650128688670141,-14.681169355247897,69.0,True
h_23,WKINDF,0.98681917418443,-13.389965775265072,69.0,True
h_23,WKQA1F,0.9899302116301479,-12.07066554868556,69.0,True
h_23,WKQAZE,1.0102028015684723,-7.984824948454587,138.0,True
h_23,WKVEIF,,,,False
h_23,WLALFF,,,,False
h_23,WLANGE,0.9850867949879736,-16.655697147846425,138.0,True
h_23,WLBARF,,,,False
h_23,WLCALF,0.9331805883166877,-11.675247813835037,69.0,True
h_23,WLCBOF,0.9735322480648815,-22.3132552858521,69.0,True
h_23,WLCOCK,1.0056164869809165,-9.569803193975067,34.5,True
h_23,WLCUAF,0.9410329155366824,-10.274607269189664,69.0,True
h_23,WLDAMF,0.9699813361204725,-20.09225993008216,69.0,True
h_23,WLDAMK,1.0,-21.659287265945526,12.5,True
h_23,WLDIAF,0.9814084864369852,-10.89596849905698,69.0,True
h_23,WLGALE,0.9772583869574105,-17.243481060857807,138.0,True
h_23,WLGU2K,0.9909115433532243,-15.494248339717203,34.5,True
h_23,WLGUZE,0.9909115433532243,-15.494248339717203,138.0,True
h_23,WLGUZK,0.9908969295356528,-15.495788571708324,34.5,True
h_23,WLISAE,0.981433739135233,-9.894994504035859,138.0,True
h_23,WLLAGF,,,,False
h_23,WLMFAF,0.976798717949795,-12.129058286916653,69.0,True
h_23,WLMI5E,0.9805667006590817,-9.209018048780369,138.0,True
h_23,WLMI6E,0.9805781955092392,-9.210128518211814,138.0,True
h_23,WLMI7E,0.9807142580581212,-9.154593185257005,138.0,True
h_23,WLMI7K,1.0000000000000002,-9.176522749411149,13.800000190734863,True
h_23,WLMINE,0.9805020726392892,-9.208028450044681,138.0,True
h_23,WLMINF,0.941174395476463,-10.432203614328754,69.0,True
h_23,WLORIE,0.9973013372770506,-6.052124949003362,138.0,True
h_23,WLORIK,1.0490000247955322,-6.147871868548112,12.470000267028809,True
h_23,WLPARF,0.922877964076094,-13.378224818704606,69.0,True
h_23,WLPENF,0.9761236494772003,-24.887997904195977,69.0,True
h_23,WLPRAE,0.980740541698723,-11.022871271052251,138.0,True
h_23,WLROME,0.9590004706721033,-10.61133915492104,138.0,True
h_23,WLROMF,0.9508691843557671,-15.762360867385148,69.0,True
h_23,WLRPUF,0.9442064182634574,-16.37902620585784,69.0,True
h_23,WLTORF,0.9921311221630322,-11.747129598490991,69.0,True
h_23,WLUCIF,0.9930209613924335,-13.986252882337974,69.0,True
h_23,WLUPEF,0.9565334993996443,-25.155891833837583,69.0,True
h_23,WLVEGF,0.9832119027589026,-26.679900459635565,69.0,True
h_23,WLVICE,0.9794785023389605,-8.889979582607046,138.0,True
h_23,WLVICK,0.9794785023389605,-8.889979582607046,34.5,True
h_23,WLVPEF,0.9834627505861723,-27.141925465503473,69.0,True
h_23,WMAGUF,0.9890472054261279,-11.624189141464383,69.0,True
h_23,WMAIMF,0.9679619160396813,-24.188075300648897,69.0,True
h_23,WMARAF,0.9358062895188296,-12.748140390198458,69.0,True
h_23,WMARAK,0.9358062895188296,-12.748140390198458,13.800000190734863,True
h_23,WMARTF,0.9003169100484747,-15.871829643186581,69.0,True
h_23,WMARTK,0.9003169100484748,-15.871829643186581,34.5,True
h_23,WMAT1E,0.9451884488952336,-27.282100577824806,138.0,True
h_23,WMATAE,0.9823392486109916,-10.543494523288896,138.0,True
h_23,WMATBE,0.9823392486109916,-10.543494523288896,138.0,True
h_23,WMEGAF,0.9400217480750583,-10.481539395691145,69.0,True
h_23,WMERCF,0.971794593570272,-13.831484772029835,69.0,True
h_23,WMETAE,0.9823660406958287,-10.545462257233885,138.0,True
h_23,WMETAK,0.9900000095367429,-10.899219011048036,13.199999809265137,True
h_23,WMETBF,0.9815354428527434,-10.889476502901083,69.0,True
h_23,WMETEE,0.9899053368695475,-9.92411284009226,138.0,True
h_23,WMETEF,0.9806884389700132,-13.785127054564484,69.0,True
h_23,WMETRE,0.982924989435491,-9.942563461070177,138.0,True
h_23,WMETRF,0.9815354428527434,-10.889476502901083,69.0,True
h_23,WMIR1E,0.9893501498020906,-7.31128758658083,138.0,True
h_23,WMIRAK,0.9893501498020906,-7.31128758658083,34.5,True
h_23,WMLTPF,0.9778192496171138,-14.06092693456025,69.0,True
h_23,WMOCAE,0.9632558550400953,-20.1345467996236,138.0,True
h_23,WMOCAF,0.9620421412630413,-25.619312501926686,69.0,True
h_23,WMONCE,0.9855910164094914,-14.809162046976674,138.0,True
h_23,WMONTE,0.9663258927956262,-16.37596692390143,138.0,True
h_23,WMOZAF,0.9457804934054896,-9.99812847524603,69.0,True
h_23,WMP2AE,0.9896462703346499,-7.312684321448925,138.0,True
h_23,WMP2BE,0.9896462703346499,-7.312684321448925,138.0,True
h_23,WMPALF,0.9229449713393428,-13.377245446651921,69.0,True
h_23,WMPALK,0.9229449713393428,-13.377245446651921,34.5,True
h_23,WMPL1D,,,,False
h_23,WMPL2D,,,,False
h_23,WMPLAF,0.7558592497781464,-28.05713972674785,69.0,True
h_23,WMPSOE,,,,False
h_23,WMPSOF,0.7558592640666008,-28.05714002525463,69.0,True
h_23,WMPSOK,0.7558592640666004,-28.057140025254625,20.0,True
h_23,WMRI2E,1.0110986135236013,-7.294647569577915,138.0,True
h_23,WMTFNE,1.0210016129398227,-8.06275721124385,138.0,True
h_23,WMTFNK,1.0657633179589585,-8.110059650020286,34.5,True
h_23,WMULTF,0.9429956786196564,-10.059667760085361,69.0,True
h_23,WMVCIF,0.9842037364614105,-22.34093803224527,69.0,True
h_23,WMVIEF,0.9830253884617723,-17.77416667168814,69.0,True
h_23,WNAG2E,0.9470458161714318,-26.996689980989323,138.0,True
h_23,WNAG2F,,,,True
h_23,WNAGUF,0.9383574874181827,-30.81825418943701,69.0,True
h_23,WNARAD,0.9852767515936274,-12.306209498905782,345.0,True
h_23,WNARAE,,,,False
h_23,WNAV2E,0.9882519756263539,-15.028881598156469,138.0,True
h_23,WNAVAF,0.9527470201157809,-24.94279686556077,69.0,True
h_23,WNEYBF,0.9393351282689704,-21.54101285499455,69.0,True
h_23,WNIBAE,0.9762225657961366,-17.491910455272425,138.0,True
h_23,WNOVOF,0.9794153647373861,-13.102279664469812,69.0,True
h_23,WOFALF,1.0048034280042923,-15.208219954830742,69.0,True
h_23,WOJIVF,0.9840620070327806,-13.729659346163741,69.0,True
h_23,WPAK0E,,,,False
h_23,WPAK2E,1.0109570568239443,-7.213705411957566,138.0,True
h_23,WPAK5E,1.0109570568239443,-7.213705411957566,138.0,True
h_23,WPAK6E,1.0109570568239443,-7.213705411957566,138.0,True
h_23,WPAL1E,0.9883170471956823,-10.140089933534181,138.0,True
h_23,WPALAF,0.9775982760773652,-14.323097945126532,69.0,True
h_23,WPALBE,1.0122680231800127,-9.002501347520223,138.0,True
h_23,WPALBF,0.9860051471512452,-12.50198537167234,69.0,True
h_23,WPALEE,1.0122680231800127,-9.002501347520223,138.0,True
h_23,WPAQ1K,1.0499999523162844,-11.603136696796224,4.159999847412109,True
h_23,WPARAE,0.9848555307207129,-9.895459765327708,138.0,True
h_23,WPAYAE,,,,False
h_23,WPAYBE,,,,False
h_23,WPAYIF,0.9467307143367768,-32.08819163553833,69.0,True
h_23,WPBAJF,0.9874214603467542,-29.594782660334356,69.0,True
h_23,WPBBAE,,,,False
h_23,WPBLAD,,,,False
h_23,WPCA1K,1.0499999523162842,0.0,22.0,True
h_23,WPCA2K,1.0499999523162842,2.096084045598098,22.0,True
h_23,WPCATE,,,,False
h_23,WPCGLF,0.9644620971131246,-16.604355263212877,69.0,True
h_23,WPCIBF,0.9406388702968289,-10.973842322167156,69.0,True
h_23,WPDISF,,,,False
h_23,WPDIVF,0.9675155712963506,-15.103130940597094,69.0,True
h_23,WPDORE,,,,True
h_23,WPDORF,0.9785655700810917,-25.21122663684062,69.0,True
h_23,WPEBPE,1.0069115405385938,-9.734780511941512,138.0,True
h_23,WPERAE,1.0055545809735613,-8.974524378483663,138.0,True
h_23,WPERBE,1.0055545809735613,-8.974524378483663,138.0,True
h_23,WPES1K,1.0055545809735613,-8.974524378483663,34.5,True
h_23,WPES2K,1.0055545809735613,-8.974524378483663,34.5,True
h_23,WPFLEF,,,,False
h_23,WPFMSK,0.9781420906012116,-14.985276460454067,20.0,True
h_23,WPGARF,0.9777227155436219,-24.510106665121974,69.0,True
h_23,WPHAIF,0.9865280727167236,-13.65795060229328,69.0,True
h_23,WPIDUF,0.9711613816173686,-16.094124141753163,69.0,True
h_23,WPIISF,,,,False
h_23,WPIMCF,0.978256187261044,-21.782672171422345,69.0,True
h_23,WPIMEE,0.9810684991792439,-22.198771263306217,138.0,True
h_23,WPIMEF,0.9640092500072021,-30.745642137160825,69.0,True
h_23,WPINAF,1.0296874229297202,-16.72482892932733,69.0,True
h_23,WPIZAE,1.0026069842299314,-9.353893856163243,138.0,True
h_23,WPIZAF,0.9930233664385433,-13.986055963482936,69.0,True
h_23,WPIZBF,,,,False
h_23,WPLASF,0.97819086313116,-13.212336829863624,69.0,True
h_23,WPLCCF,0.9751035351007737,-14.95532614359685,69.0,True
h_23,WPLINF,0.9734920565604864,-14.446696194217468,69.0,True
h_23,WPLM1E,1.0149915951884003,-7.283725772082339,138.0,True
h_23,WPLM1K,1.0199999809265134,-7.338871363938385,13.800000190734863,True
h_23,WPLM2K,1.0199999809265134,-7.3720529484735815,13.800000190734863,True
h_23,WPP22E,0.9872915094560947,-17.164839599234025,138.0,True
h_23,WPPELF,0.9788426164594625,-25.142574214992706,69.0,True
h_23,WPPL2F,,,,True
h_23,WPPLAF,0.9886064418740217,-23.219723107583867,69.0,True
h_23,WPPLBF,,,,False
h_23,WPPLIF,0.9513617181137941,-25.02905190096021,69.0,True
h_23,WPPRIF,0.9836953614151369,-22.36287440074708,69.0,True
h_23,WPSCEF,0.9620413555700461,-18.74417449442478,69.0,True
h_23,WPSESK,,,,False
h_23,WPVIEE,,,,False
h_23,WQ1SPK,1.0,-15.370957933985673,13.800000190734863,True
h_23,WQCORF,0.9859627303667905,-12.270966618055505,69.0,True
h_23,WQU11D,1.0062016669768583,-15.267674057919484,230.0,True
h_23,WQU12K,0.9999999999999999,-15.37516755184483,13.800000190734863,True
h_23,WQU21D,1.0062016669768583,-15.267674057919484,230.0,True
h_23,WQU21K,0.9999999999999999,-15.37516755184483,13.800000190734863,True
h_23,WQUINF,0.9697356675020686,-22.92867925771194,69.0,True
h_23,WQUISD,,,,True
h_23,WQUISE,,,,False
h_23,WRARRF,0.9731039378391336,-22.38793778345482,69.0,True
h_23,WRBL1K,,,,False
h_23,WRBL2K,,,,False
h_23,WRBLAF,1.0127135168187487,-18.395075412576805,69.0,True
h_23,WRCHAF,0.9471010872181118,-18.166801472651343,69.0,True
h_23,WREFIF,0.9792172104143111,-13.92912049916549,69.0,True
h_23,WRINCF,0.9811245253561911,-23.75591048147915,69.0,True
h_23,WRNUEF,0.9806294477883203,-23.789802887242068,69.0,True
h_23,WRPELF,0.8993646429903768,-17.46858486054671,69.0,True
h_23,WRSJUE,0.9416441831034322,-27.631625905276334,138.0,True
h_23,WRZMOK,,,,False
h_23,WSABAF,0.9994007977129518,-10.102832716396186,69.0,True
h_23,WSAJ1E,0.9840179382835744,-15.764340306529629,138.0,True
h_23,WSALCE,0.9597867931428511,-21.407668151956642,138.0,True
h_23,WSALIF,0.9770979098720872,-16.14138381415373,69.0,True
h_23,WSAMAE,0.9253203546353858,-29.74460363894652,138.0,True
h_23,WSANCE,0.9320509352407175,-29.07340569103605,138.0,True
h_23,WSANTE,1.002714832190569,-9.354982348907903,138.0,True
h_23,WSANTK,1.002714832190569,-9.354982348907903,34.5,True
h_23,WSCANF,0.9727239368521546,-13.38776197958183,69.0,True
h_23,WSCANK,0.9727239368521546,-13.38776197958183,34.5,True
h_23,WSCNOE,0.992121517618769,-9.72791046887744,138.0,True
h_23,WSESTE,0.9983216892076939,-5.872450059467239,138.0,True
h_23,WSFELE,,,,True
h_23,WSFMAE,0.9607585498779904,-23.126386639713022,138.0,True
h_23,WSFMAF,0.9533192275735509,-27.161015459033415,69.0,True
h_23,WSIBBE,0.9908408411047651,-4.659517497490711,138.0,True
h_23,WSJMAF,0.9569884285694201,-23.280847350217297,69.0,True
h_23,WSJOCF,0.9654475725216664,-18.27750796691746,69.0,True
h_23,WSJU2E,1.0061686082015748,-8.366197020923689,138.0,True
h_23,WSJU2F,0.9943889475138289,-10.366995323694576,69.0,True
h_23,WSJUAF,0.9909341146258553,-10.633883118269438,69.0,True
h_23,WSKAPF,0.9718549841346655,-13.827846693595887,69.0,True
h_23,WSLCOE,,,,False
h_23,WSLORK,0.9999999999999999,-9.87795471012055,13.800000190734863,True
h_23,WSMARF,0.9538883119232259,-10.824820745646452,69.0,True
h_23,WSODOF,0.9830145524336473,-17.775257230075795,69.0,True
h_23,WSOSUF,0.9656341470130496,-29.45271985400746,69.0,True
h_23,WSPB1K,1.049999952316284,-6.027814276643613,13.800000190734863,True
h_23,WSPBEE,0.9993198493653852,-5.780326175714828,138.0,True
h_23,WSPERF,0.8903242971596524,-16.78063807375724,69.0,True
h_23,WSPEVF,,,,False
h_23,WSPM2E,0.9998715939390526,-5.628145152655828,138.0,True
h_23,WSPMAE,0.996434567400678,-6.12123637355242,138.0,True
h_23,WSPMAF,0.9807273586584254,-10.786442726337881,69.0,True
h_23,WSPMBE,0.996434567400678,-6.12123637355242,138.0,True
h_23,WSPRIF,0.851760591547007,-19.293360711382167,69.0,True
h_23,WSRODE,0.9706122605030408,-16.287563871363908,138.0,True
h_23,WSYASF,0.9482780515030291,-31.30215036847268,69.0,True
h_23,WSYEGF,0.9905867002713832,-10.916941828030962,69.0,True
h_23,WTAAGK,,,,False
h_23,WTAAVK,,,,False
h_23,WTAG1K,,,,False
h_23,WTAG2K,,,,False
h_23,WTAMAF,0.9589269987956416,-12.484869574911766,69.0,True
h_23,WTANOK,,,,False
h_23,WTAV1K,0.9999999999999998,-12.335553664448332,13.800000190734863,True
h_23,WTAVBE,,,,False
h_23,WTBA1K,,,,False
h_23,WTBA2K,,,,False
h_23,WTCE1K,,,,False
h_23,WTCE2K,,,,False
h_23,WTCEMK,,,,False
h_23,WTDAJK,,,,False
h_23,WTEMPF,0.9390993937290892,-10.480048565738326,69.0,True
h_23,WTESAK,,,,False
h_23,WTFA1K,,,,False
h_23,WTFA2K,,,,False
h_23,WTFA3K,,,,False
h_23,WTHAGK,,,,False
h_23,WTHAIF,0.9560290612160279,-12.816829556166406,69.0,True
h_23,WTIM2E,0.9796804085743536,-9.564154892292331,138.0,True
h_23,WTIM2F,0.9469408146103755,-9.752968326418102,69.0,True
h_23,WTIMBF,0.9462475213608218,-9.84658673058767,69.0,True
h_23,WTIREF,0.9958913220078759,-31.705686110672588,69.0,True
h_23,WTIT1K,,,,False
h_23,WTIT2K,,,,False
h_23,WTJI1K,,,,False
h_23,WTJI2K,,,,False
h_23,WTJIMK,,,,False
h_23,WTLANK,,,,False
h_23,WTMAGK,,,,False
h_23,WTMBBF,,,,True
h_23,WTMI5K,,,,False
h_23,WTMI6K,,,,False
h_23,WTMNTK,,,,False
h_23,WTMONK,,,,False
h_23,WTMR1K,,,,False
h_23,WTMR2K,,,,False
h_23,WTNNAK,,,,False
h_23,WTORGF,1.0062242112729864,-14.915599969168909,69.0,True
h_23,WTPA1K,,,,False
h_23,WTPG1K,,,,False
h_23,WTPG2K,,,,False
h_23,WTPG3K,,,,False
h_23,WTPI1K,,,,False
h_23,WTPI2K,,,,False
h_23,WTRINK,,,,False
h_23,WTRJCK,,,,False
h_23,WTROQF,0.9917412584009854,-21.79137842599334,69.0,True
h_23,WTSABK,,,,False
h_23,WTSE1K,,,,False
h_23,WTSFVK,,,,False
h_23,WTSPVK,,,,False
h_23,WTSYEK,,,,False
h_23,WTTA1K,,,,False
h_23,WTTA2K,,,,False
h_23,WTTITF,0.9456084707830558,-9.867529671768644,69.0,True
h_23,WTTO1K,,,,False
h_23,WTVA1K,,,,False
h_23,WTVA2K,,,,False
h_23,WTVE1K,,,,False
h_23,WTZFPF,,,,False
h_23,WUASDE,0.9821357614206443,-10.273147378816208,138.0,True
h_23,WUMEDF,0.9620651679570736,-18.742341431756078,69.0,True
h_23,WVALBE,1.000113950445478,-8.769262590681338,138.0,True
h_23,WVALDE,1.000113950445478,-8.769262590681338,138.0,True
h_23,WVALLF,0.992302675687558,-10.560741578457712,69.0,True
h_23,WVALTF,0.9461069852762262,-17.455078837347813,69.0,True
h_23,WVDU1E,,,,True
h_23,WVDUAF,,,,False
h_23,WVILAE,,,,False
h_23,WVILLF,0.9879045800179224,-11.425345964339124,69.0,True
h_23,WVMAOE,0.9814615224665904,-15.43083671489657,138.0,True
h_23,WVMELE,0.9758712860546851,-10.210909722989618,138.0,True
h_23,WVNOBF,0.9623394994674039,-14.022493043905882,69.0,True
h_23,WVOLGF,0.9622028607565158,-18.735841933115378,69.0,True
h_23,WX1PAK,,,,False
h_23,WXABIF,0.9502482998722289,-25.095737390650054,69.0,True
h_23,WXABRF,0.994244356080926,-12.37820373790692,69.0,True
h_23,WXAD2F,0.9852307586602088,-16.943405980913344,69.0,True
h_23,WXADOF,0.9853089643639289,-17.06190637486163,69.0,True
h_23,WXAHGF,0.9693127236080363,-14.589500968705398,69.0,True
h_23,WXAHMF,0.9677346090416188,-27.393152273640084,69.0,True
h_23,WXAISF,0.9833237941870173,-17.328381233036186,69.0,True
h_23,WXALDF,1.006157429424651,-14.926144571664157,69.0,True
h_23,WXALIF,0.9719509911436236,-14.504327314835136,69.0,True
h_23,WXAORF,0.9496422628032336,-12.663366098520678,69.0,True
h_23,WXAPFF,0.9853349639171329,-21.249466164960005,69.0,True
h_23,WXAPPF,0.9740285609256814,-27.98110422194966,69.0,True
h_23,WXAQUF,,,,False
h_23,WXARDF,0.9853515790590673,-17.12109808174843,69.0,True
h_23,WXASOF,0.9709085117855606,-28.91316854439836,69.0,True
h_23,WXBA1F,,,,False
h_23,WXBA2F,,,,True
h_23,WXBASF,0.9390550197351146,-12.761941201138681,69.0,True
h_23,WXBAYF,,,,False
h_23,WXBDEF,0.9384740408359763,-25.826594149743663,69.0,True
h_23,WXBLEF,0.9260267371890285,-16.821927738971755,69.0,True
h_23,WXBMAF,0.9693798256728123,-17.147707799642674,69.0,True
h_23,WXBOHF,0.9775132455301122,-14.381563167582112,69.0,True
h_23,WXBPEF,0.9894017337479677,-19.709181473014905,69.0,True
h_23,WXCA1K,1.0055542455362574,-8.974522821797954,34.5,True
h_23,WXCABF,0.9508689988796072,-16.45626252844559,69.0,True
h_23,WXCANF,,,,False
h_23,WXCARF,0.9661365437265682,-14.556731470571114,69.0,True
h_23,WXCATF,0.9426907956772356,-11.201293172894498,69.0,True
h_23,WXCB2F,,,,False
h_23,WXCBAF,0.9732962857750891,-14.47159660353561,69.0,True
h_23,WXCC1E,,,,False
h_23,WXCC3E,,,,False
h_23,WXCCOF,0.9853368758592714,-17.122393070331942,69.0,True
h_23,WXCDAF,0.9664588842340117,-16.50676355853863,69.0,True
h_23,WXCDLF,0.956328500757482,-28.462151775295844,69.0,True
h_23,WXCENF,0.9569005148592028,-27.52658948984785,69.0,True
h_23,WXCHAF,0.9471010872181118,-18.166801472651343,69.0,True
h_23,WXCIGF,0.9803721729422942,-10.800041539199892,69.0,True
h_23,WXCINF,0.9463447134812328,-17.44479604222335,69.0,True
h_23,WXCNAF,0.9734620265325244,-10.96324377551493,69.0,True
h_23,WXCOCF,,,,False
h_23,WXCODF,0.9815354428527434,-10.889476502901083,69.0,True
h_23,WXCORF,0.9672234383447977,-24.691284293034247,69.0,True
h_23,WXCSAF,0.9709101384907907,-16.23847332929919,69.0,True
h_23,WXCTAF,0.9761853573570806,-24.50531048670103,69.0,True
h_23,WXCU1K,0.9665995257557521,-9.576406165920057,34.5,True
h_23,WXCU2K,0.9665995257557521,-9.576406165920057,34.5,True
h_23,WXCU4K,0.9665995257557521,-9.576406165920057,34.5,True
h_23,WXDBRF,0.9803721729422942,-10.800041539199892,69.0,True
h_23,WXDISF,0.9457829723277079,-16.895227840686942,69.0,True
h_23,WXDROF,0.986154764723057,-11.195775668527455,69.0,True
h_23,WXDURF,,,,False
h_23,WXEANF,0.9850785732483097,-21.261946225350712,69.0,True
h_23,WXECHF,0.9478710826060512,-27.619748687605252,69.0,True
h_23,WXES2K,,,,False
h_23,WXES3K,,,,False
h_23,WXESPF,0.9285213860156929,-26.32771221093966,69.0,True
h_23,WXEV4K,1.0199999809265134,-5.661411587797177,13.800000190734863,True
h_23,WXGALF,0.9380480298318797,-11.098778550995942,69.0,True
h_23,WXGAVF,0.956669013825919,-11.353948649853217,69.0,True
h_23,WXGBOF,0.9804687566469305,-13.823787011124415,69.0,True
h_23,WXGOYF,0.9833237941870173,-17.328381233036186,69.0,True
h_23,WXGPLF,0.9361044136198111,-11.299597468240423,69.0,True
h_23,WXGRCF,,,,False
h_23,WXGRMF,0.9332332693044482,-12.68378982670105,69.0,True
h_23,WXGRSF,0.9550583582838809,-27.966307492878347,69.0,True
h_23,WXGU2F,0.9903654372456232,-10.822782730046207,69.0,True
h_23,WXHACF,0.9815190551480679,-10.89111173466928,69.0,True
h_23,WXHE1F,1.0062706839925555,-14.902934102117227,69.0,True
h_23,WXHE2F,,,,False
h_23,WXHHIF,0.9796054507367586,-10.819663855964325,69.0,True
h_23,WXHJBF,0.9822740895186255,-25.519442524164173,69.0,True
h_23,WXHMSF,0.9701111089633204,-18.22496011166877,69.0,True
h_23,WXHNAF,,,,False
h_23,WXHNUF,0.9502852357115822,-16.50311229606996,69.0,True
h_23,WXIBAF,0.9944775454560765,-12.424169375211024,69.0,True
h_23,WXICAF,0.9856568999156083,-15.909307802159997,69.0,True
h_23,WXICNF,,,,False
h_23,WXIDAF,0.9823886709350501,-25.758554587885666,69.0,True
h_23,WXIDUF,0.9711613816173686,-16.094124141753163,69.0,True
h_23,WXIISF,0.9430567605370047,-10.057461882803121,69.0,True
h_23,WXIMBF,0.9658973248912535,-24.296549663883454,69.0,True
h_23,WXINAF,0.943694055556616,-10.033676770066986,69.0,True
h_23,WXINDF,0.9850608547046891,-26.209170433549286,69.0,True
h_23,WXINVF,0.9338338036532101,-11.52945862903697,69.0,True
h_23,WXIPRF,,,,False
h_23,WXIPSF,0.9711613816173686,-16.094124141753163,69.0,True
h_23,WXJIMF,0.9854361004459397,-29.13995901355097,69.0,True
h_23,WXJINF,0.9686042234553855,-20.008577897983887,69.0,True
h_23,WXKINF,0.9880373038161693,-13.309120702709789,69.0,True
h_23,WXKVEF,0.9323177373552205,-12.177008329062621,69.0,True
h_23,WXLADF,0.9306445041614988,-11.857788003919602,69.0,True
h_23,WXLALF,,,,False
h_23,WXLC1E,1.005635712295785,-9.56582604502187,138.0,True
h_23,WXLCAF,0.9331805883166877,-11.675247813835037,69.0,True
h_23,WXLCBF,0.9768853072359307,-22.174465925869892,69.0,True
h_23,WXLFAF,0.9709772898953395,-16.94237569262404,69.0,True
h_23,WXLPAF,0.9228968860680941,-13.37642977054041,69.0,True
h_23,WXLPEF,0.9761236494772003,-24.887997904195977,69.0,True
h_23,WXLUCK,0.9929262891584133,-13.988011355783252,34.5,True
h_23,WXLULF,0.9930233664385433,-13.986055963482936,69.0,True
h_23,WXLUPF,,,,True
h_23,WXMAGF,0.9890472054261279,-11.624189141464383,69.0,True
h_23,WXMAIF,0.9683045174943385,-24.167396765025075,69.0,True
h_23,WXMALF,0.9720838660833186,-13.81085568851468,69.0,True
h_23,WXMARF,0.9357872420297918,-12.747819101464547,69.0,True
h_23,WXMATK,0.9451884488952336,-27.282100577824806,34.5,True
h_23,WXMEGF,0.9402573102362809,-10.462125641510328,69.0,True
h_23,WXMETE,,,,False
h_23,WXMETF,0.9804687566469305,-13.823787011124415,69.0,True
h_23,WXMOZF,,,,False
h_23,WXMPAF,0.923044724222704,-13.349792861425648,69.0,True
h_23,WXMPGK,,,,False
h_23,WXMPSF,0.7558592497781464,-28.05713972674785,69.0,True
h_23,WXMV2F,0.9830253884617723,-17.77416667168814,69.0,True
h_23,WXMVAF,,,,False
h_23,WXNAGF,,,,False
h_23,WXNOVF,0.9783721396495599,-13.2038866147987,69.0,True
h_23,WXOC2F,0.9842013778532182,-21.326215191858306,69.0,True
h_23,WXOFAF,1.00480406598551,-15.208132045750927,69.0,True
h_23,WXOLVF,0.9617120147946989,-23.849261468906867,69.0,True
h_23,WXPA1K,1.0,-7.323649342582943,11.0,True
h_23,WXPA3K,1.0000000000000004,-7.309637757753522,15.0,True
h_23,WXPA4K,0.9999999999999998,-7.295125098509033,11.0,True
h_23,WXPC2F,0.9406388702968289,-10.973842322167156,69.0,True
h_23,WXPCGF,0.9644620971131246,-16.604355263212877,69.0,True
h_23,WXPCIF,0.9464818779567784,-10.45936817720425,69.0,True
h_23,WXPETF,0.9719680002314336,-13.819159885344467,69.0,True
h_23,WXPFLF,1.00624277024096,-14.910655119569597,69.0,True
h_23,WXPFSK,0.9840179382835744,-15.764340306529629,34.5,True
h_23,WXPGAF,0.9777600476969526,-24.508239998197435,69.0,True
h_23,WXPGMF,0.9930233664385433,-13.986055963482936,69.0,True
h_23,WXPHAF,0.9865590954556417,-13.656588245612522,69.0,True
h_23,WXPI4K,0.9999999999999999,-22.265855138787472,13.800000190734863,True
h_23,WXPIDF,0.9930233664385433,-13.986055963482936,69.0,True
h_23,WXPINF,,,,False
h_23,WXPLCF,0.9752101808037423,-14.944710793779532,69.0,True
h_23,WXPPEF,0.9788426164594625,-25.142574214992706,69.0,True
h_23,WXPPLF,,,,False
h_23,WXPPRF,0.983719463414317,-22.36196095705065,69.0,True
h_23,WXPS1K,0.9889652914577538,-14.835183768132401,34.5,True
h_23,WXPY1K,,,,False
h_23,WXQAZF,,,,False
h_23,WXQCOF,0.9859627303667905,-12.270966618055505,69.0,True
h_23,WXRARF,0.9765752815979482,-22.192090967416682,69.0,True
h_23,WXRIEF,,,,False
h_23,WXRINF,0.9822851783914018,-23.665191284911927,69.0,True
h_23,WXSADF,,,,False
h_23,WXSESE,0.9981657089780719,-5.916042205118739,138.0,True
h_23,WXSESF,0.9783628759397062,-10.999193453717625,69.0,True
h_23,WXSI1K,0.9999999999999999,-4.675124623201041,13.800000190734863,True
h_23,WXSODF,0.9830202856418474,-17.77469028242396,69.0,True
h_23,WXSOSF,0.9656341470130496,-29.45271985400746,69.0,True
h_23,WXSPRF,0.851760591547007,-19.293360711382167,69.0,True
h_23,WXSYEF,0.9900431409071816,-11.020823674748755,69.0,True
h_23,WXTAMF,0.9398530913805508,-10.473880922472762,69.0,True
h_23,WXTDAF,0.8998389790360948,-15.908718063013644,69.0,True
h_23,WXTH1F,0.9560288737888654,-12.816826487006518,69.0,True
h_23,WXTH2F,0.9560289747419771,-12.81682814013538,69.0,True
h_23,WXTISF,0.9860263997056897,-17.542067029691367,69.0,True
h_23,WXTREFF,0.9792172104143111,-13.92912049916549,69.0,True
h_23,WXTROF,0.9917602445159247,-21.790549407294655,69.0,True
h_23,WXTTIF,0.9456084707830558,-9.867529671768644,69.0,True
h_23,WXVALF,0.9461069852762262,-17.455078837347813,69.0,True
h_23,WXVILF,0.9879045800179224,-11.425345964339124,69.0,True
h_23,WXVL1K,,,,False
h_23,WXWC2K,0.9896462703346499,-7.312684321448925,34.5,True
h_23,WXWC3K,0.9896462703346499,-7.312684321448925,34.5,True
h_23,WXYAGF,0.9850078471418774,-16.09471339718448,69.0,True
h_23,WXZAMF,0.9306445041614988,-11.857788003919602,69.0,True
h_23,WXZFBF,,,,False
h_23,WXZFHF,,,,False
h_23,WXZFNF,,,,False
h_23,WXZGUF,0.9794400289493982,-22.929122120784292,69.0,True
h_23,WXZHAF,0.9333932000206203,-11.562518423167155,69.0,True
h_23,WXZISF,,,,False
h_23,WXZPPF,,,,False
h_23,WXZSPF,0.9756427491355009,-11.332067184985231,69.0,True
h_23,WYAGUF,0.9850078471418774,-16.09471339718448,69.0,True
h_23,WYAMAF,0.789165001164343,-24.611293327287783,69.0,True
h_23,WZFALF,,,,False
h_23,WZFAMF,,,,False
h_23,WZFBAF,,,,False
h_23,WZFDRF,,,,False
h_23,WZFESF,,,,False
h_23,WZFGIF,,,,False
h_23,WZFGUF,,,,False
h_23,WZFISF,,,,False
h_23,WZFLIF,,,,False
h_23,WZFMCF,,,,False
h_23,WZFPPF,,,,False
h_23,WZFS2F,,,,False
h_23,WZFSAE,,,,False
h_23,WZFSAF,,,,False
h_23,WZFSFF,,,,False
h_23,WZFSIF,,,,False
h_23,WZFSPF,,,,False
h_23,WZFVAF,,,,False
h_23,WZFVEF,,,,False
h_23,WZHAIF,0.9333933736657188,-11.56252533486813,69.0,True
h_23,ZXOJIF,,,,False
h_24,WAANDE,1.000728624141381,0.004641614821548248,138.0,True
h_24,WABCOF,0.9780495855190252,-18.455321620863337,69.0,True
h_24,WABISF,0.9578501511292203,-24.416356618348,69.0,True
h_24,WABRUF,0.9178964247437472,-12.34163659097618,69.0,True
h_24,WACIBF,0.9878599641308056,-21.025400183437398,69.0,True
h_24,WACLAE,0.9950074220640791,-13.336923472728008,138.0,True
h_24,WACLAK,0.9964428953796473,-13.344436774548848,34.5,True
h_24,WADMIF,,,,False
h_24,WADOMF,1.008012829290256,-14.987632718360466,69.0,True
h_24,WAGUAE,1.00219877583216,-9.113795198643801,138.0,True
h_24,WAGUBE,1.00219877583216,-9.113795198643801,138.0,True
h_24,WAHMIF,0.9706533229850182,-26.84550582055474,69.0,True
h_24,WAHO1E,0.9833641341899185,-10.332750635128866,138.0,True
h_24,WAHO2E,0.9833641341899185,-10.332750635128866,138.0,True
h_24,WAHOBF,0.9774500529053171,-13.73241021181082,69.0,True
h_24,WAHONF,0.9774500529053171,-13.73241021181082,69.0,True
h_24,WAIAMF,,,,False
h_24,WAIAZF,,,,False
h_24,WAIBAF,,,,False
h_24,WAIISF,,,,False
h_24,WAISAF,,,,False
h_24,WAISCF,0.9850946817812051,-18.057333547211442,69.0,True
h_24,WAISOF,0.9780117983917024,-28.400953090111138,69.0,True
h_24,WAIUNF,,,,False
h_24,WAIZSF,,,,False
h_24,WAORIF,0.947043155939492,-12.841457500865701,69.0,True
h_24,WAPERF,0.9720254760979016,-31.99950276141354,69.0,True
h_24,WAPFAF,0.990217424587823,-20.81514167668548,69.0,True
h_24,WAQUIF,0.9774226988458881,-22.23984332153425,69.0,True
h_24,WASOEF,0.9636694728126514,-16.485076445776354,69.0,True
h_24,WAZUAF,0.9703976041683828,-17.170666235327545,69.0,True
h_24,WBALDF,0.9908268073427272,-20.766384245178298,69.0,True
h_24,WBANIF,0.9732468062133179,-18.066989548832183,69.0,True
h_24,WBAPEF,0.9708296261909143,-18.504588834558973,69.0,True
h_24,WBARAF,0.9811753224806514,-14.849386181094616,69.0,True
h_24,WBARCE,,,,False
h_24,WBASIF,0.9407600404118808,-12.726655294096775,69.0,True
h_24,WBAYAE,1.0064942542881619,-10.615905438605521,138.0,True
h_24,WBAYAK,1.006320066486869,-10.618598914318804,34.5,True
h_24,WBAYOF,0.9754543932844902,-14.53691745744591,69.0,True
h_24,WBCARF,,,,False
h_24,WBCARK,1.0000000000000002,-8.70852362821578,13.800000190734863,True
h_24,WBCHIE,0.9916796862126327,-4.721411055763099,138.0,True
h_24,WBCHIF,0.9574313676990439,-9.637847809970552,69.0,True
h_24,WBDERF,0.9467326991890981,-25.104288722587217,69.0,True
h_24,WBDERK,0.9999999999999999,-25.43227219838174,13.800000190734863,True
h_24,WBENEF,0.9486295030950245,-19.109342507639887,69.0,True
h_24,WBERSF,,,,False
h_24,WBLECF,0.9294243757080204,-16.616381372745856,69.0,True
h_24,WBMATF,0.9702108266098793,-18.387943985854616,69.0,True
h_24,WBNVFF,,,,False
h_24,WBON2E,0.9924769687563988,-14.863321216657283,138.0,True
h_24,WBON2F,,,,False
h_24,WBON3C,,,,False
h_24,WBON3D,1.0043604405083415,-8.45710640914973,345.0,True
h_24,WBON3E,0.9925544099960145,-14.859556232121827,138.0,True
h_24,WBONAF,0.9834188614460517,-20.026443192971858,69.0,True
h_24,WBOPEF,,,,False
h_24,WBPOPF,0.9829490804676595,-11.006944755974244,69.0,True
h_24,WBVISF,0.952127533636367,-16.60456883356053,69.0,True
h_24,WCABAF,0.9653005489340576,-29.851362782065763,69.0,True
h_24,WCALAE,1.0058182687919206,-10.594804876995198,138.0,True
h_24,WCALBE,1.0058182687919206,-10.594804876995198,138.0,True
h_24,WCANAE,,,,True
h_24,WCANAF,,,,True
h_24,WCAPOF,0.9373534278929252,-10.862014317833419,69.0,True
h_24,WCATAF,0.9337443083722442,-11.784963467118068,69.0,True
h_24,WCAYAF,0.9553192926828775,-11.306029091379104,69.0,True
h_24,WCBOHF,0.9796788037065552,-14.445457109847526,69.0,True
h_24,WCBYNF,0.9479487041789841,-16.922590641671956,69.0,True
h_24,WCC21E,1.0020273439266085,-11.812022090002227,138.0,True
h_24,WCCA2F,0.9961620623507961,-14.814718713596436,69.0,True
h_24,WCCABF,0.9960187913811828,-14.878665010023253,69.0,True
h_24,WCCARF,0.9335215289064975,-11.751924891067109,69.0,True
h_24,WCCIBF,0.9913248721444023,-21.735682295553566,69.0,True
h_24,WCDAGF,0.9672842621977288,-16.629069037848343,69.0,True
h_24,WCEMEE,1.000407780810282,-5.666728170166304,138.0,True
h_24,WCENOF,0.9591426520241163,-26.965963651781514,69.0,True
h_24,WCEPPF,,,,False
h_24,WCES1K,1.0199999809265134,-5.772202996595154,13.800000190734863,True
h_24,WCES2K,1.0199999809265134,-5.772202996595154,13.800000190734863,True
h_24,WCES3K,1.0199999809265137,-5.750789512669248,13.800000190734863,True
h_24,WCESPF,0.9363563333724818,-25.606280274964043,69.0,True
h_24,WCESPK,,,,False
h_24,WCINDF,,,,False
h_24,WCLUIE,0.9936214388252609,-6.813233163708731,138.0,True
h_24,WCNACF,,,,False
h_24,WCNPEE,0.9829495499131854,-10.058999682946775,138.0,True
h_24,WCNSLF,,,,False
h_24,WCOAPE,0.9863867470500294,-7.3628856812635695,138.0,True
h_24,WCOCOF,0.9863125504467183,-18.987337460958592,69.0,True
h_24,WCODAF,0.9607121081142427,-27.740653551821175,69.0,True
h_24,WCOHEF,1.0066750411276615,-15.263919601537097,69.0,True
h_24,WCONSF,1.003418911313573,-31.34369755404252,69.0,True
h_24,WCORMF,0.9690914112246728,-24.42200907135191,69.0,True
h_24,WCOTAE,0.9552069461547029,-11.045578262349355,138.0,True
h_24,WCOTBE,0.9552069461547029,-11.045578262349355,138.0,True
h_24,WCOTUF,0.9634224252249913,-30.020466489249703,69.0,True
h_24,WCPVCF,0.9702264162496694,-16.49324448145316,69.0,True
h_24,WCSATF,0.9716393255206854,-16.375321008019643,69.0,True
h_24,WCSO1K,0.9552069461547029,-11.045578262349355,34.5,True
h_24,WCSO2K,0.9552069461547029,-11.045578262349355,34.5,True
h_24,WCSO3K,0.9552069461547029,-11.045578262349355,34.5,True
h_24,WCSOLK,,,,False
h_24,WCTP1D,,,,False
h_24,WCTP2D,,,,False
h_24,WCUMAE,0.9688091659093564,-9.473815900813126,138.0,True
h_24,WCUMBE,0.9688091659093564,-9.473815900813126,138.0,True
h_24,WCVEGF,0.9853778030098008,-26.235495606041425,69.0,True
h_24,WCZFSF,0.9938237911631256,-20.57629407411624,69.0,True
h_24,WDAJAE,0.9697920986552524,-16.263567911495688,138.0,True
h_24,WDAJAF,,,,False
h_24,WDESPF,0.9481171655892459,-9.872325455683992,69.0,True
h_24,WDISDF,0.9465564189212728,-17.05183741160323,69.0,True
h_24,WDJAOE,0.9547137734055322,-10.548612249767958,138.0,True
h_24,WDJAOF,0.9044161653690471,-15.800977280036875,69.0,True
h_24,WDPEDF,0.984901805856891,-22.257271984174672,69.0,True
h_24,WDRODF,0.9876306671562632,-13.557134048650822,69.0,True
h_24,WDRODK,0.9963734246115563,-13.582544447340572,12.470000267028809,True
h_24,WDRODM,,,,False
h_24,WDURAF,,,,False
h_24,WDUVEF,0.9718722165439796,-22.230482699043208,69.0,True
h_24,WEABAF,,,,False
h_24,WEBRIE,0.9735067519569555,-9.841811731384215,138.0,True
h_24,WECHIF,0.9485076305875956,-27.224667951986948,69.0,True
h_24,WELJIF,0.9882339133817878,-21.923005329937823,69.0,True
h_24,WEM21K,1.0000000000000002,-9.821914915403323,13.800000190734863,True
h_24,WEMA2E,,,,False
h_24,WEMA2F,,,,False
h_24,WEMA3F,0.9481131219457911,-9.873239101550201,69.0,True
h_24,WEMB2F,,,,False
h_24,WEMB3F,0.9491415557887827,-9.68163708620432,69.0,True
h_24,WEMBAE,0.9820493399526903,-10.958006645780143,138.0,True
h_24,WENADE,1.0007262887593165,0.004416453135618891,138.0,True
h_24,WENE4E,1.000849316632368,-5.592679815335653,138.0,True
h_24,WEPINF,0.9744486715746732,-14.902013955259319,69.0,True
h_24,WERIOF,0.9963242809401988,-29.840167610204702,69.0,True
h_24,WESEIE,0.9590352764091116,-10.18716263682215,138.0,True
h_24,WESM3F,,,,False
h_24,WESM3K,,,,False
h_24,WESOCE,0.9944685753276048,-6.218608313241976,138.0,True
h_24,WESP1E,0.993068843750781,-14.560851320222795,138.0,True
h_24,WFALCE,0.992560624117955,-14.859653220110797,138.0,True
h_24,WFALCF,0.9955881010114271,-18.99144626807205,69.0,True
h_24,WFALCK,,,,True
h_24,WFALCM,,,,False
h_24,WFANTF,0.9755600547558069,-24.608345348132904,69.0,True
h_24,WFNEGF,,,,False
h_24,WFOCHF,0.9885616836895221,-20.926353603791085,69.0,True
h_24,WFOLAF,,,,False
h_24,WGALAF,0.940154344221687,-11.1094063990212,69.0,True
h_24,WGBOJF,0.982513098038753,-13.899890566854722,69.0,True
h_24,WGHACF,0.9830476827959768,-11.002985291033452,69.0,True
h_24,WGIRAE,1.0041387745981785,-10.557370861451155,138.0,True
h_24,WGIRAK,1.011290716381393,-10.576605484016467,34.5,True
h_24,WGMALF,0.973601838621978,-14.012441689849684,69.0,True
h_24,WGNLLE,0.9904571571236118,-13.614747129805368,138.0,True
h_24,WGNLLK,0.9920776694914262,-13.622725732863175,34.5,True
h_24,WGOYAF,0.9849045194176437,-18.064914414578716,69.0,True
h_24,WGPALF,0.9784325600733373,-14.46920745819229,69.0,True
h_24,WGPETF,0.9735934956233006,-14.018841145505121,69.0,True
h_24,WGPLAF,0.9382710398583632,-11.30507325760244,69.0,True
h_24,WGRCHF,0.9358865537893951,-11.537506638731971,69.0,True
h_24,WGRSFF,0.9594835079196302,-27.245194511794427,69.0,True
h_24,WGU1AD,,,,False
h_24,WGU1BD,,,,False
h_24,WGUA2F,0.9908573331018705,-13.258571480755567,69.0,True
h_24,WGUANE,,,,True
h_24,WGUANF,0.9909056656254367,-13.268564978173094,69.0,True
h_24,WGUAVF,0.9587274174129714,-11.205501508785881,69.0,True
h_24,WGUAYE,0.9830430305836872,-14.508977221534735,138.0,True
h_24,WGUAYF,0.9069588990957675,-17.164820224306336,69.0,True
h_24,WGUERD,0.9991002249493264,-7.357152363562924,345.0,True
h_24,WGUERE,0.9905893186787316,-7.397170196848176,138.0,True
h_24,WGUERF,0.9283926233659235,-13.056752282172136,69.0,True
h_24,WGVEGF,0.9899640244084364,-25.070415078031285,69.0,True
h_24,WHAIBF,0.9887761833706171,-13.717794545801366,69.0,True
h_24,WHAINE,0.9898574006487688,-10.26520566100474,138.0,True
h_24,WHAINF,0.9887761833706171,-13.717794545801366,69.0,True
h_24,WHAT2K,1.0,-29.033090569804788,13.800000190734863,True
h_24,WHATIF,0.9707154027662792,-28.96698174015711,69.0,True
h_24,WHATIK,0.9999999999999999,-29.10801624131203,12.5,True
h_24,WHENUF,,,,False
h_24,WHERRE,0.9843147050372266,-11.184778981269503,138.0,True
h_24,WHGMOE,,,,False
h_24,WHGUEE,,,,False
h_24,WHIGUF,0.9663464456323818,-22.17537415759815,69.0,True
h_24,WHJBOF,0.9837755614502539,-25.342001434222073,69.0,True
h_24,WHLINF,,,,False
h_24,WHMA2E,0.9698627199115352,-8.744519915263739,138.0,True
h_24,WHMA2F,0.9553222027218202,-10.645665515196391,69.0,True
h_24,WHMAYF,0.9539216864049445,-10.755713559487537,69.0,True
h_24,WHMSAF,0.9744906709838876,-17.858890173973847,69.0,True
h_24,WHNACF,,,,False
h_24,WHNS1E,0.9809232118223021,-8.991205596160894,138.0,True
h_24,WHNS1F,0.9625255864854383,-12.447549234551357,69.0,True
h_24,WHNUEF,0.9510289366477723,-16.635183301635823,69.0,True
h_24,WIAANE,0.9932995922625332,-4.828328586894665,138.0,True
h_24,WIBARF,0.995572349958917,-14.898971546338077,69.0,True
h_24,WICAEF,0.9871228887717732,-16.835291706895045,69.0,True
h_24,WICNAF,,,,False
h_24,WIDALF,0.9840547636085482,-25.5265394657661,69.0,True
h_24,WIGASE,,,,False
h_24,WIISAF,0.9448762222780371,-10.086257321908173,69.0,True
h_24,WIMB2F,0.9743625025833431,-23.646759621346973,69.0,True
h_24,WIMBEF,0.9726327916605185,-23.747857223839258,69.0,True
h_24,WINCAF,0.9716484885446995,-16.427481340814005,69.0,True
h_24,WINCAK,1.0,-17.29738415028809,12.470000267028809,True
h_24,WINVBF,0.9531854575685418,-13.292612186026869,69.0,True
h_24,WINVIF,0.9358832736674553,-11.545461084033695,69.0,True
h_24,WIPSIF,,,,False
h_24,WITA1E,0.9915190954543185,-10.044290941477941,138.0,True
h_24,WJARAF,0.9872000966734827,-28.474339009471482,69.0,True
h_24,WJDOLE,0.9968526700413192,-6.358467977005122,138.0,True
h_24,WJIBPE,0.9670246804994084,-22.790057230009918,69.0,True
h_24,WJIGBE,1.0029765496232834,-8.79459113701242,138.0,True
h_24,WJIGUE,1.0029765496232834,-8.79459113701242,138.0,True
h_24,WJIMEF,0.9881401442732358,-28.431503997428454,69.0,True
h_24,WJSAUD,1.011911768035386,-6.704065239882692,345.0,True
h_24,WJSAUE,,,,False
h_24,WKDMBF,0.9736697239251763,-14.930870879815007,69.0,True
h_24,WKDMEF,0.9669648252289074,-14.85149752425173,69.0,True
h_24,WKINDF,0.9879580949061084,-15.849742244211628,69.0,True
h_24,WKQA1F,0.9896472405412473,-14.443418510697352,69.0,True
h_24,WKQAZE,1.0091268567238407,-10.679732930515817,138.0,True
h_24,WKVEIF,,,,False
h_24,WLALFF,,,,False
h_24,WLANGE,0.9880033730187732,-16.34180749568455,138.0,True
h_24,WLBARF,,,,False
h_24,WLCALF,0.936062510563736,-11.571467921227217,69.0,True
h_24,WLCBOF,0.9765762577661413,-22.072783250945697,69.0,True
h_24,WLCOCK,1.0057256174282203,-12.168333019522672,34.5,True
h_24,WLCUAF,0.94287843235934,-10.301785239050485,69.0,True
h_24,WLDAMF,0.9731324006523392,-22.30334759621782,69.0,True
h_24,WLDAMK,1.0000000000000002,-23.77360062356456,12.5,True
h_24,WLDIAF,0.9829467799861772,-11.007038935603225,69.0,True
h_24,WLGALE,0.981388900303746,-16.93001112162891,138.0,True
h_24,WLGU2K,0.9957747884353896,-15.273123315162302,34.5,True
h_24,WLGUZE,0.9957747884353895,-15.273123315162302,138.0,True
h_24,WLGUZK,0.9957604640124115,-15.274625673797084,34.5,True
h_24,WLISAE,0.9828542370158371,-10.064507621972137,138.0,True
h_24,WLLAGF,,,,False
h_24,WLMFAF,0.9780492773391709,-14.5245367766648,69.0,True
h_24,WLMI5E,0.9819634548480245,-9.332638018019535,138.0,True
h_24,WLMI6E,0.9819735478538704,-9.333710127435683,138.0,True
h_24,WLMI7E,0.9821069821437658,-9.279796964627659,138.0,True
h_24,WLMI7K,1.0,-9.300252438223765,13.800000190734863,True
h_24,WLMINE,0.9819034702133951,-9.33172088988703,138.0,True
h_24,WLMINF,0.9433975595066133,-10.445291725179787,69.0,True
h_24,WLORIE,0.9983654244353891,-6.007459869451044,138.0,True
h_24,WLORIK,1.0490000247955324,-6.1012191559874935,12.470000267028809,True
h_24,WLPARF,0.9261446877504462,-13.292812377299152,69.0,True
h_24,WLPENF,0.9799066160886973,-24.3810524439038,69.0,True
h_24,WLPRAE,0.9824035292616516,-11.136374966318378,138.0,True
h_24,WLROME,0.9611255345187573,-10.49245586537317,138.0,True
h_24,WLROMF,0.9535237974838241,-15.586112138177622,69.0,True
h_24,WLRPUF,0.9469060507759627,-16.199800346619185,69.0,True
h_24,WLTORF,0.991877270333548,-14.120092613143495,69.0,True
h_24,WLUCIF,0.9941913058407704,-15.073283316807377,69.0,True
h_24,WLUPEF,0.9648085434815381,-24.50807806179244,69.0,True
h_24,WLVEGF,0.9854427748344456,-26.232047222011765,69.0,True
h_24,WLVICE,0.9810246294752838,-8.99265773178764,138.0,True
h_24,WLVICK,0.9810246294752838,-8.99265773178764,34.5,True
h_24,WLVPEF,0.9858152476693258,-26.6658809523427,69.0,True
h_24,WMAGUF,0.9892682309780113,-14.015048296767121,69.0,True
h_24,WMAIMF,0.9711599613189618,-23.862159548212894,69.0,True
h_24,WMARAF,0.9387945102938628,-12.682081740830714,69.0,True
h_24,WMARAK,0.9387945102938628,-12.682081740830714,13.800000190734863,True
h_24,WMARTF,0.9044831358508595,-15.802136522550324,69.0,True
h_24,WMARTK,0.9044831358508595,-15.802136522550324,34.5,True
h_24,WMAT1E,0.9488731624363614,-26.396766485673385,138.0,True
h_24,WMATAE,0.9838845726471959,-10.665640987272267,138.0,True
h_24,WMATBE,0.9838845726471959,-10.665640987272267,138.0,True
h_24,WMEGAF,0.942361736259172,-10.488047125479058,69.0,True
h_24,WMERCF,0.9735934956233006,-14.018841145505121,69.0,True
h_24,WMETAE,0.9839048272386771,-10.667503346967665,138.0,True
h_24,WMETAK,0.9900000095367429,-11.017988255893135,13.199999809265137,True
h_24,WMETBF,0.9830715952420448,-11.00069466740551,69.0,True
h_24,WMETEE,0.9912313089820775,-10.089310835764868,138.0,True
h_24,WMETEF,0.9827233819316058,-13.8620809600351,69.0,True
h_24,WMETRE,0.9844279042724259,-10.077223448598115,138.0,True
h_24,WMETRF,0.9830715952420448,-11.00069466740551,69.0,True
h_24,WMIR1E,0.9907453403143923,-7.397905294450674,138.0,True
h_24,WMIRAK,0.9907453403143923,-7.397905294450674,34.5,True
h_24,WMLTPF,0.9798864123178098,-14.134653767693829,69.0,True
h_24,WMOCAE,0.9674753246263218,-19.666688899768793,138.0,True
h_24,WMOCAF,0.9669135127127644,-25.046641079009973,69.0,True
h_24,WMONCE,0.9883381945928217,-14.384813812202811,138.0,True
h_24,WMONTE,0.9713141761345602,-15.859137617208432,138.0,True
h_24,WMOZAF,0.9476861160033594,-10.023392127717813,69.0,True
h_24,WMP2AE,0.9910418784387995,-7.399302029318767,138.0,True
h_24,WMP2BE,0.9910418784387995,-7.399302029318767,138.0,True
h_24,WMPALF,0.9262119259724002,-13.291833587770506,69.0,True
h_24,WMPALK,0.9262119259724002,-13.291833587770506,34.5,True
h_24,WMPL1D,,,,False
h_24,WMPL2D,,,,False
h_24,WMPLAF,0.7653018677208001,-27.52964113331891,69.0,True
h_24,WMPSOE,,,,False
h_24,WMPSOF,0.7653018821877536,-27.529641431825688,69.0,True
h_24,WMPSOK,0.7653018821877536,-27.529641431825688,20.0,True
h_24,WMRI2E,1.0093404614797377,-10.451052225118033,138.0,True
h_24,WMTFNE,1.0206106324773476,-9.995007685334043,138.0,True
h_24,WMTFNK,1.0653551965322503,-10.04231012411048,34.5,True
h_24,WMULTF,0.9448162996481485,-10.088405564001672,69.0,True
h_24,WMVCIF,0.9890143792910661,-21.888411459989626,69.0,True
h_24,WMVIEF,0.9848707212522434,-18.434444400641986,69.0,True
h_24,WNAG2E,0.9505766398804588,-26.12387259756634,138.0,True
h_24,WNAG2F,,,,True
h_24,WNAGUF,0.9424786929995908,-29.848779266741765,69.0,True
h_24,WNARAD,0.9888982586212738,-12.178507323474292,345.0,True
h_24,WNARAE,,,,False
h_24,WNAV2E,0.992380578115305,-14.745189570389874,138.0,True
h_24,WNAVAF,0.9602936722017076,-24.271595665617415,69.0,True
h_24,WNEYBF,0.9436728886848832,-23.703517722429453,69.0,True
h_24,WNIBAE,0.9803513815355906,-17.170043084738705,138.0,True
h_24,WNOVOF,0.9811770881393006,-13.339276623965079,69.0,True
h_24,WOFALF,1.0066840965005475,-15.264315276729443,69.0,True
h_24,WOJIVF,0.9861033401207809,-13.805728800288847,69.0,True
h_24,WPAK0E,,,,False
h_24,WPAK2E,1.0090684935127394,-10.420590006826274,138.0,True
h_24,WPAK5E,1.0090684935127394,-10.420590006826274,138.0,True
h_24,WPAK6E,1.0090684935127394,-10.420590006826274,138.0,True
h_24,WPAL1E,0.9897273164167817,-10.38980910623174,138.0,True
h_24,WPALAF,0.9784325600733373,-14.46920745819229,69.0,True
h_24,WPALBE,1.0127508609663411,-9.982049140617521,138.0,True
h_24,WPALBF,0.9876410165083036,-12.77957590972469,69.0,True
h_24,WPALEE,1.0127508609663411,-9.982049140617521,138.0,True
h_24,WPAQ1K,1.0499999523162844,-12.58044023410339,4.159999847412109,True
h_24,WPARAE,0.9863502991365848,-10.045210964162814,138.0,True
h_24,WPAYAE,,,,False
h_24,WPAYBE,,,,False
h_24,WPAYIF,0.9514956253616228,-31.072395441818426,69.0,True
h_24,WPBAJF,0.9903443391855682,-28.845648953428558,69.0,True
h_24,WPBBAE,,,,False
h_24,WPBLAD,,,,False
h_24,WPCA1K,1.0499999523162842,0.0,22.0,True
h_24,WPCA2K,1.049999952316284,1.973881845068979,22.0,True
h_24,WPCATE,,,,False
h_24,WPCGLF,0.9653556615652964,-16.72338539831649,69.0,True
h_24,WPCIBF,0.9433324774613179,-10.878541652975326,69.0,True
h_24,WPDISF,,,,False
h_24,WPDIVF,0.968505707312464,-15.237109849609602,69.0,True
h_24,WPDORE,,,,True
h_24,WPDORF,0.9870775464427277,-24.61363626236452,69.0,True
h_24,WPEBPE,1.0070134761422274,-12.334053400224311,138.0,True
h_24,WPERAE,1.0058186043172983,-10.59480643368091,138.0,True
h_24,WPERBE,1.0058186043172983,-10.59480643368091,138.0,True
h_24,WPES1K,1.0058186043172983,-10.59480643368091,34.5,True
h_24,WPES2K,1.0058186043172983,-10.59480643368091,34.5,True
h_24,WPFLEF,,,,False
h_24,WPFMSK,0.9830430305836872,-14.508977221534735,20.0,True
h_24,WPGARF,0.9853260508959595,-23.948391835019095,69.0,True
h_24,WPHAIF,0.9885916772314726,-13.732479850578475,69.0,True
h_24,WPIDUF,0.9719659830432958,-16.219530340831305,69.0,True
h_24,WPIISF,,,,False
h_24,WPIMCF,0.9846614707554646,-21.24278556806359,69.0,True
h_24,WPIMEE,0.9830029821071745,-21.452834792764786,138.0,True
h_24,WPIMEF,0.9682650371820671,-30.019600768991783,69.0,True
h_24,WPINAF,1.0305296272223243,-16.639546485302734,69.0,True
h_24,WPIZAE,1.0033199714658234,-10.549117488597956,138.0,True
h_24,WPIZAF,0.9941937137213944,-15.07308639795234,69.0,True
h_24,WPIZBF,,,,False
h_24,WPLASF,0.9799821261481444,-13.440482265264965,69.0,True
h_24,WPLCCF,0.9759444666273696,-15.092890348015429,69.0,True
h_24,WPLINF,0.9743976026279146,-16.58083493870512,69.0,True
h_24,WPLM1E,1.0146363626940837,-9.92365718910188,138.0,True
h_24,WPLM1K,1.019999980926514,-9.978932358960448,13.800000190734863,True
h_24,WPLM2K,1.0199999809265134,-10.011627952301819,13.800000190734863,True
h_24,WPP22E,0.9926821363640723,-16.881634034218486,138.0,True
h_24,WPPELF,0.9873279428164985,-24.547262163743348,69.0,True
h_24,WPPL2F,,,,True
h_24,WPPLAF,0.9962555916358395,-22.697311766747095,69.0,True
h_24,WPPLBF,,,,False
h_24,WPPLIF,0.9589518928152388,-24.352514756112107,69.0,True
h_24,WPPRIF,0.9884851741870975,-21.911147440227385,69.0,True
h_24,WPSCEF,0.9668657262326088,-18.346754571726212,69.0,True
h_24,WPSESK,,,,False
h_24,WPVIEE,,,,False
h_24,WQ1SPK,0.9999999999999998,-15.272514846352484,13.800000190734863,True
h_24,WQCORF,0.9857705603461078,-14.639832376080268,69.0,True
h_24,WQU11D,1.0068720852464577,-15.171812474506984,230.0,True
h_24,WQU12K,1.0,-15.27665859154221,13.800000190734863,True
h_24,WQU21D,1.0068720852464577,-15.171812474506984,230.0,True
h_24,WQU21K,1.0,-15.27665859154221,13.800000190734863,True
h_24,WQUINF,0.9763762847368551,-22.350968469057076,69.0,True
h_24,WQUISD,,,,True
h_24,WQUISE,,,,False
h_24,WRARRF,0.9771819457019513,-22.097602517656785,69.0,True
h_24,WRBL1K,,,,False
h_24,WRBL2K,,,,False
h_24,WRBLAF,1.0140533377323697,-18.313561619937506,69.0,True
h_24,WRCHAF,0.9498956109392138,-17.97721139451773,69.0,True
h_24,WREFIF,0.9812752623138468,-14.003939960574534,69.0,True
h_24,WRINCF,0.9794096669702738,-24.211522588803838,69.0,True
h_24,WRNUEF,0.9790413775498299,-24.230950168572136,69.0,True
h_24,WRPELF,0.9035170186959995,-17.24096617244376,69.0,True
h_24,WRSJUE,0.9455184309722761,-26.730047422667,138.0,True
h_24,WRZMOK,,,,False
h_24,WSABAF,0.9996639012883707,-12.56359593127642,69.0,True
h_24,WSAJ1E,0.9879629954350903,-15.504789215803694,138.0,True
h_24,WSALCE,0.9638981807812651,-20.865144840438965,138.0,True
h_24,WSALIF,0.9792318251881759,-18.50715775904672,69.0,True
h_24,WSAMAE,0.9295522420983416,-28.7883943577793,138.0,True
h_24,WSANCE,0.9360900750693827,-28.136759174015427,138.0,True
h_24,WSANTE,1.0034278961207388,-10.550205981342616,138.0,True
h_24,WSANTK,1.0034278961207388,-10.550205981342616,34.5,True
h_24,WSCANF,0.9740629307088136,-15.85173323103026,69.0,True
h_24,WSCANK,0.9740629307088136,-15.85173323103026,34.5,True
h_24,WSCNOE,0.993035954791615,-10.294313328552173,138.0,True
h_24,WSESTE,0.9993264133405472,-5.828296132691765,138.0,True
h_24,WSFELE,,,,True
h_24,WSFMAE,0.9643086682837256,-22.473269534261032,138.0,True
h_24,WSFMAF,0.9577869480971001,-26.442315913705876,69.0,True
h_24,WSIBBE,0.9919351216738949,-4.656410987036921,138.0,True
h_24,WSJMAF,0.9650276279022084,-22.623166977970634,69.0,True
h_24,WSJOCF,0.9685286486403758,-19.7075826269225,69.0,True
h_24,WSJU2E,1.0059782244294326,-10.975176105751585,138.0,True
h_24,WSJU2F,0.9946733500306404,-12.852452592122827,69.0,True
h_24,WSJUAF,0.991356081669326,-13.10477515422974,69.0,True
h_24,WSKAPF,0.9736674677500476,-14.014211960866977,69.0,True
h_24,WSLCOE,,,,False
h_24,WSLORK,1.0,-10.042075296384182,13.800000190734863,True
h_24,WSMARF,0.9563390294762173,-10.66272564410175,69.0,True
h_24,WSODOF,0.9848598285372319,-18.435538479207768,69.0,True
h_24,WSOSUF,0.9760167625527632,-28.68797958970354,69.0,True
h_24,WSPB1K,1.0499999523162842,-5.982250261465031,13.800000190734863,True
h_24,WSPBEE,1.0003175744627442,-5.73923373054178,138.0,True
h_24,WSPERF,0.8947569292479606,-16.68275428433107,69.0,True
h_24,WSPEVF,,,,False
h_24,WSPM2E,1.000849316632368,-5.592679815335653,138.0,True
h_24,WSPMAE,0.9975222046758939,-6.075062034863715,138.0,True
h_24,WSPMAF,0.9828057601563335,-10.632733587444104,69.0,True
h_24,WSPMBE,0.9975222046758939,-6.075062034863715,138.0,True
h_24,WSPRIF,0.8576664810992066,-19.122330351909024,69.0,True
h_24,WSRODE,0.9741426645528108,-15.822538054661818,138.0,True
h_24,WSYASF,0.9593019897173247,-30.454642034472705,69.0,True
h_24,WSYEGF,0.9910512149033216,-13.338079443636813,69.0,True
h_24,WTAAGK,,,,False
h_24,WTAAVK,,,,False
h_24,WTAG1K,,,,False
h_24,WTAG2K,,,,False
h_24,WTAMAF,0.9614829738612243,-12.468999481723062,69.0,True
h_24,WTANOK,,,,False
h_24,WTAV1K,1.0000000000000002,-12.031469668469956,13.800000190734863,True
h_24,WTAVBE,,,,False
h_24,WTBA1K,,,,False
h_24,WTBA2K,,,,False
h_24,WTCE1K,,,,False
h_24,WTCE2K,,,,False
h_24,WTCEMK,,,,False
h_24,WTDAJK,,,,False
h_24,WTEMPF,0.9414698614658591,-10.489178093308643,69.0,True
h_24,WTESAK,,,,False
h_24,WTFA1K,,,,False
h_24,WTFA2K,,,,False
h_24,WTFA3K,,,,False
h_24,WTHAGK,,,,False
h_24,WTHAIF,0.9586421759836824,-12.794954848221652,69.0,True
h_24,WTIM2E,0.9811299588696137,-9.682872073122114,138.0,True
h_24,WTIM2F,0.9487988638245257,-9.780420423262054,69.0,True
h_24,WTIMBF,0.9481171655892459,-9.872325455683992,69.0,True
h_24,WTIREF,0.9998950119950881,-30.77503153938985,69.0,True
h_24,WTIT1K,,,,False
h_24,WTIT2K,,,,False
h_24,WTJI1K,,,,False
h_24,WTJI2K,,,,False
h_24,WTJIMK,,,,False
h_24,WTLANK,,,,False
h_24,WTMAGK,,,,False
h_24,WTMBBF,,,,True
h_24,WTMI5K,,,,False
h_24,WTMI6K,,,,False
h_24,WTMNTK,,,,False
h_24,WTMONK,,,,False
h_24,WTMR1K,,,,False
h_24,WTMR2K,,,,False
h_24,WTNNAK,,,,False
h_24,WTORGF,1.0080769549178128,-14.977884239969617,69.0,True
h_24,WTPA1K,,,,False
h_24,WTPG1K,,,,False
h_24,WTPG2K,,,,False
h_24,WTPG3K,,,,False
h_24,WTPI1K,,,,False
h_24,WTPI2K,,,,False
h_24,WTRINK,,,,False
h_24,WTRJCK,,,,False
h_24,WTROQF,0.9960894556453207,-21.358840187588655,69.0,True
h_24,WTSABK,,,,False
h_24,WTSE1K,,,,False
h_24,WTSFVK,,,,False
h_24,WTSPVK,,,,False
h_24,WTSYEK,,,,False
h_24,WTTA1K,,,,False
h_24,WTTA2K,,,,False
h_24,WTTITF,0.9474562723450544,-9.895478332135408,69.0,True
h_24,WTTO1K,,,,False
h_24,WTVA1K,,,,False
h_24,WTVA2K,,,,False
h_24,WTVE1K,,,,False
h_24,WTZFPF,,,,False
h_24,WUASDE,0.9836923638157052,-10.391349128523762,138.0,True
h_24,WUMEDF,0.9668895245517714,-18.34493139293045,69.0,True
h_24,WVALBE,1.0005275646887142,-9.649251338954182,138.0,True
h_24,WVALDE,1.0005275646887142,-9.649251338954182,138.0,True
h_24,WVALLF,0.9927520955368285,-13.034228142873042,69.0,True
h_24,WVALTF,0.9474178275020221,-17.554744972622633,69.0,True
h_24,WVDU1E,,,,True
h_24,WVDUAF,,,,False
h_24,WVILAE,,,,False
h_24,WVILLF,0.9883448734309094,-13.82406964496494,69.0,True
h_24,WVMAOE,0.9850074089641165,-15.04641770284112,138.0,True
h_24,WVMELE,0.9774094505397639,-10.37608263233609,138.0,True
h_24,WVNOBF,0.9639203621136241,-16.471059420069324,69.0,True
h_24,WVOLGF,0.9670259537775243,-18.338522079872664,69.0,True
h_24,WX1PAK,,,,False
h_24,WXABIF,0.9578665106637045,-24.415587319647248,69.0,True
h_24,WXABRF,0.9950647435297485,-14.865324817124126,69.0,True
h_24,WXAD2F,0.9869668232658935,-17.535198008646457,69.0,True
h_24,WXADOF,0.9870591416667872,-17.662265796888054,69.0,True
h_24,WXAHGF,0.9702823044040534,-14.731147664762617,69.0,True
h_24,WXAHMF,0.9709087145095917,-26.829600944512542,69.0,True
h_24,WXAISF,0.9850986095201003,-18.057043701574123,69.0,True
h_24,WXALDF,1.008014965737102,-14.98743247854905,69.0,True
h_24,WXALIF,0.9728775799978141,-14.647410207723475,69.0,True
h_24,WXAORF,0.9523809138632838,-12.63078769293183,69.0,True
h_24,WXAPFF,0.9912800610771177,-20.74307929259774,69.0,True
h_24,WXAPPF,0.9837863963646187,-27.281336508540385,69.0,True
h_24,WXAQUF,,,,False
h_24,WXARDF,0.9871088888170788,-17.725742793611513,69.0,True
h_24,WXASOF,0.9810637764002759,-28.175114528458796,69.0,True
h_24,WXBA1F,,,,False
h_24,WXBA2F,,,,True
h_24,WXBASF,0.9419916230960542,-12.705120488580077,69.0,True
h_24,WXBAYF,,,,False
h_24,WXBDEF,0.946351798336413,-25.106733343279913,69.0,True
h_24,WXBLEF,0.9294190401051694,-16.61437128687538,69.0,True
h_24,WXBMAF,0.9712975165118369,-18.344585800071744,69.0,True
h_24,WXBOHF,0.9798181770063096,-14.436107858076014,69.0,True
h_24,WXBPEF,0.9911877224534287,-19.650144985092325,69.0,True
h_24,WXCA1K,1.0058182687919206,-10.594804876995198,34.5,True
h_24,WXCABF,0.9521284807072945,-16.566720554850928,69.0,True
h_24,WXCANF,,,,False
h_24,WXCARF,0.9680744599999691,-14.728856417543113,69.0,True
h_24,WXCATF,0.9454183740648787,-11.09106008591386,69.0,True
h_24,WXCB2F,,,,False
h_24,WXCBAF,0.9753899794764082,-14.542255296297988,69.0,True
h_24,WXCC1E,,,,False
h_24,WXCC3E,,,,False
h_24,WXCCOF,0.9870944493308678,-17.72701410001268,69.0,True
h_24,WXCDAF,0.9673132727152002,-16.627536151838147,69.0,True
h_24,WXCDLF,0.9607309108054511,-27.73980457957643,69.0,True
h_24,WXCENF,0.9606784630665969,-26.896614686469693,69.0,True
h_24,WXCHAF,0.9498956109392138,-17.97721139451773,69.0,True
h_24,WXCIGF,0.9824547348553462,-10.646423421131288,69.0,True
h_24,WXCINF,0.9476502128454373,-17.544706655761686,69.0,True
h_24,WXCNAF,0.9756787083935884,-10.81145444228627,69.0,True
h_24,WXCOCF,,,,False
h_24,WXCODF,0.9830715952420448,-11.00069466740551,69.0,True
h_24,WXCORF,0.9704124192773115,-24.342162948285164,69.0,True
h_24,WXCSAF,0.9716974509770799,-16.363067511177576,69.0,True
h_24,WXCTAF,0.9802407788340048,-24.00010697284198,69.0,True
h_24,WXCU1K,0.9685074068224535,-9.475195064509581,34.5,True
h_24,WXCU2K,0.9685074068224535,-9.475195064509581,34.5,True
h_24,WXCU4K,0.9685074068224535,-9.475195064509581,34.5,True
h_24,WXDBRF,0.9824547348553462,-10.646423421131288,69.0,True
h_24,WXDISF,0.9471327333154287,-16.996992559456984,69.0,True
h_24,WXDROF,0.9869377029427172,-13.63444284813289,69.0,True
h_24,WXDURF,,,,False
h_24,WXEANF,0.9910639071757832,-20.754093245617362,69.0,True
h_24,WXECHF,0.952570628969398,-26.879890033078528,69.0,True
h_24,WXES2K,,,,False
h_24,WXES3K,,,,False
h_24,WXESPF,0.9367645079300468,-25.58559504814342,69.0,True
h_24,WXEV4K,1.0199999809265137,-5.62437585086178,13.800000190734863,True
h_24,WXGALF,0.9401811231917454,-11.108293848112588,69.0,True
h_24,WXGAVF,0.9592065521562874,-11.206820052182442,69.0,True
h_24,WXGBOF,0.982513098038753,-13.899890566854722,69.0,True
h_24,WXGOYF,0.9850986095201003,-18.057043701574123,69.0,True
h_24,WXGPLF,0.9382710398583632,-11.30507325760244,69.0,True
h_24,WXGRCF,,,,False
h_24,WXGRMF,0.9362523697668692,-12.60870684371209,69.0,True
h_24,WXGRSF,0.9594919324318796,-27.244863751825864,69.0,True
h_24,WXGU2F,0.9908785852200916,-13.25700057800814,69.0,True
h_24,WXHACF,0.9830556565366998,-11.002263134142007,69.0,True
h_24,WXHE1F,1.0081262681138006,-14.964649484890293,69.0,True
h_24,WXHE2F,,,,False
h_24,WXHHIF,0.9817035141256948,-10.666149801598651,69.0,True
h_24,WXHJBF,0.9837866950271508,-25.341676821971607,69.0,True
h_24,WXHMSF,0.9745043109665728,-17.85794352580122,69.0,True
h_24,WXHNAF,,,,False
h_24,WXHNUF,0.9515520827754915,-16.612924405311148,69.0,True
h_24,WXIBAF,0.9955736682208799,-14.898916037520198,69.0,True
h_24,WXICAF,0.9871264769133488,-16.835156369739842,69.0,True
h_24,WXICNF,,,,False
h_24,WXIDAF,0.9840616495978844,-25.5260228509184,69.0,True
h_24,WXIDUF,0.9719659830432958,-16.219530340831305,69.0,True
h_24,WXIISF,0.944879266107592,-10.086136074722544,69.0,True
h_24,WXIMBF,0.9738109974217252,-23.68437575886867,69.0,True
h_24,WXINAF,0.9455352208864033,-10.061712512626631,69.0,True
h_24,WXINDF,0.9872157263842868,-25.752324509081262,69.0,True
h_24,WXINVF,0.9360332210729956,-11.531121626732725,69.0,True
h_24,WXIPRF,,,,False
h_24,WXIPSF,0.9719659830432958,-16.219530340831305,69.0,True
h_24,WXJIMF,0.9881401442732358,-28.431503997428454,69.0,True
h_24,WXJINF,0.9718722165439796,-22.230482699043208,69.0,True
h_24,WXKINF,0.9891729988101566,-15.769201992463309,69.0,True
h_24,WXKVEF,0.9352930737960404,-12.08363594831614,69.0,True
h_24,WXLADF,0.9335652943619844,-11.750414174193136,69.0,True
h_24,WXLALF,,,,False
h_24,WXLC1E,1.0057443494267093,-12.164415766145634,138.0,True
h_24,WXLCAF,0.936062510563736,-11.571467921227217,69.0,True
h_24,WXLCBF,0.9797856826928272,-21.939870598001193,69.0,True
h_24,WXLFAF,0.9728289018175914,-18.126291245267886,69.0,True
h_24,WXLPAF,0.9261636704933875,-13.291017911658999,69.0,True
h_24,WXLPEF,0.9799066160886973,-24.3810524439038,69.0,True
h_24,WXLUCK,0.9940965220289206,-15.075041790252659,34.5,True
h_24,WXLULF,0.9941937137213944,-15.07308639795234,69.0,True
h_24,WXLUPF,,,,True
h_24,WXMAGF,0.9892682309780113,-14.015048296767121,69.0,True
h_24,WXMAIF,0.9714883009402994,-23.84240635230329,69.0,True
h_24,WXMALF,0.9738852111154436,-13.998079860696716,69.0,True
h_24,WXMARF,0.9387754019822987,-12.681760452096803,69.0,True
h_24,WXMATK,0.9488731624363614,-26.396766485673385,34.5,True
h_24,WXMEGF,0.9425500914968188,-10.472497626232242,69.0,True
h_24,WXMETE,,,,False
h_24,WXMETF,0.982513098038753,-13.899890566854722,69.0,True
h_24,WXMOZF,,,,False
h_24,WXMPAF,0.9263119461071754,-13.264389022568874,69.0,True
h_24,WXMPGK,,,,False
h_24,WXMPSF,0.7653018677208001,-27.52964113331891,69.0,True
h_24,WXMV2F,0.9848707212522434,-18.434444400641986,69.0,True
h_24,WXMVAF,,,,False
h_24,WXNAGF,,,,False
h_24,WXNOVF,0.98015991259609,-13.432209770358845,69.0,True
h_24,WXOC2F,0.9902195603849446,-20.815097306891943,69.0,True
h_24,WXOFAF,1.0066848271952566,-15.264222121821353,69.0,True
h_24,WXOLVF,0.9687832669186054,-23.229448656391277,69.0,True
h_24,WXPA1K,0.9999999999999998,-10.531890253195805,11.0,True
h_24,WXPA3K,1.0,-10.517136078732557,15.0,True
h_24,WXPA4K,1.0000000000000002,-10.50420474514547,11.0,True
h_24,WXPC2F,0.9433324774613179,-10.878541652975326,69.0,True
h_24,WXPCGF,0.9653556615652964,-16.72338539831649,69.0,True
h_24,WXPCIF,0.9490263406479507,-10.370323844407231,69.0,True
h_24,WXPETF,0.9737688877055539,-14.006398237576413,69.0,True
h_24,WXPFLF,1.0080966243570983,-14.972717008796973,69.0,True
h_24,WXPFSK,0.9879629954350903,-15.504789215803694,34.5,True
h_24,WXPGAF,0.9853605974051187,-23.94667735654337,69.0,True
h_24,WXPGMF,0.9941937137213944,-15.07308639795234,69.0,True
h_24,WXPHAF,0.9886186995926376,-13.731295341376462,69.0,True
h_24,WXPI4K,0.9999999999999999,-21.517897696466164,13.800000190734863,True
h_24,WXPIDF,0.9941937137213944,-15.07308639795234,69.0,True
h_24,WXPINF,,,,False
h_24,WXPLCF,0.976040108898189,-15.083259517569354,69.0,True
h_24,WXPPEF,0.9873279428164985,-24.547262163743348,69.0,True
h_24,WXPPLF,,,,False
h_24,WXPPRF,0.9885097408358866,-21.910220935752893,69.0,True
h_24,WXPS1K,0.993068843750781,-14.560851320222795,34.5,True
h_24,WXPY1K,,,,False
h_24,WXQAZF,,,,False
h_24,WXQCOF,0.9857705603461078,-14.639832376080268,69.0,True
h_24,WXRARF,0.9795342075446687,-21.9548015061989,69.0,True
h_24,WXRIEF,,,,False
h_24,WXRINF,0.9823408294709187,-23.903881850618486,69.0,True
h_24,WXSADF,,,,False
h_24,WXSESE,0.9991885705611512,-5.871969344898265,138.0,True
h_24,WXSESF,0.9804825920515586,-10.841408040653938,69.0,True
h_24,WXSI1K,1.0000000000000002,-4.670687300920541,13.800000190734863,True
h_24,WXSODF,0.9848655914481306,-18.434969697077143,69.0,True
h_24,WXSOSF,0.9760167625527632,-28.68797958970354,69.0,True
h_24,WXSPRF,0.8576664810992066,-19.122330351909024,69.0,True
h_24,WXSYEF,0.9905032522458677,-13.437387310341578,69.0,True
h_24,WXTAMF,0.9421729989132742,-10.483438091353404,69.0,True
h_24,WXTDAF,0.9040149160959844,-15.83793910697951,69.0,True
h_24,WXTH1F,0.9586419880442254,-12.79495177906176,69.0,True
h_24,WXTH2F,0.9586420892732719,-12.79495343219062,69.0,True
h_24,WXTISF,0.987837089051522,-18.179778398591576,69.0,True
h_24,WXTREFF,0.9812752623138468,-14.003939960574534,69.0,True
h_24,WXTROF,0.9961082590940669,-21.358022719185684,69.0,True
h_24,WXTTIF,0.9474562723450544,-9.895478332135408,69.0,True
h_24,WXVALF,0.9474178275020221,-17.554744972622633,69.0,True
h_24,WXVILF,0.9883448734309094,-13.82406964496494,69.0,True
h_24,WXVL1K,,,,False
h_24,WXWC2K,0.9910418784387995,-7.399302029318767,34.5,True
h_24,WXWC3K,0.9910418784387995,-7.399302029318767,34.5,True
h_24,WXYAGF,0.9864964905871395,-17.004958900194133,69.0,True
h_24,WXZAMF,0.9335652943619844,-11.750414174193136,69.0,True
h_24,WXZFBF,,,,False
h_24,WXZFHF,,,,False
h_24,WXZFNF,,,,False
h_24,WXZGUF,0.9849384767992977,-22.448097161240856,69.0,True
h_24,WXZHAF,0.9356004778171085,-11.563540423175317,69.0,True
h_24,WXZISF,,,,False
h_24,WXZPPF,,,,False
h_24,WXZSPF,0.9778096935564665,-11.167860439804572,69.0,True
h_24,WYAGUF,0.9864964905871395,-17.004958900194133,69.0,True
h_24,WYAMAF,0.7974674740617085,-24.229759588749808,69.0,True
h_24,WZFALF,,,,False
h_24,WZFAMF,,,,False
h_24,WZFBAF,,,,False
h_24,WZFDRF,,,,False
h_24,WZFESF,,,,False
h_24,WZFGIF,,,,False
h_24,WZFGUF,,,,False
h_24,WZFISF,,,,False
h_24,WZFLIF,,,,False
h_24,WZFMCF,,,,False
h_24,WZFPPF,,,,False
h_24,WZFS2F,,,,False
h_24,WZFSAE,,,,False
h_24,WZFSAF,,,,False
h_24,WZFSFF,,,,False
h_24,WZFSIF,,,,False
h_24,WZFSPF,,,,False
h_24,WZFVAF,,,,False
h_24,WZFVEF,,,,False
h_24,WZHAIF,0.9356006518728409,-11.563547334876294,69.0,True
h_24,ZXOJIF,,,,False
