loc_name,for_name,ruta
Freq. 6 Steps,,\VM-PF.IntUser\PDD 31-12-2024.IntPrj\Library.IntPrjfolder\Equipment Type Library.IntPrjfolder\Relay\Frequency\Freq. 6 Steps.TypRelay\Freq. 6 Steps.BlkDef
EDAC CARGAS dF/dt,,\VM-PF.IntUser\PDD 31-12-2024.IntPrj\Library.IntPrjfolder\Equipment Type Library.IntPrjfolder\Relay\Frequency\EDAC_Cargas_dF/dt.TypRelay\EDAC CARGAS dF/dt.BlkDef
Frame Synchronous Generator IEEE,,\VM-PF.IntUser\PDD 31-12-2024.IntPrj\Library.IntPrjfolder\User Defined Models.IntPrjfolder\EDM 3 GT\DIgSILENT Library\Dynamic Models\IEEE\Frames\Frame Synchronous Generator IEEE.BlkDef
exc_IEEE_ST6B,,\VM-PF.IntUser\PDD 31-12-2024.IntPrj\Library.IntPrjfolder\User Defined Models.IntPrjfolder\EDM 3 GT\DIgSILENT Library\Dynamic Models\IEEE\Excitation Systems\exc_IEEE_ST6B.BlkDef
Const,,\VM-PF.IntUser\PDD 31-12-2024.IntPrj\Library.IntPrjfolder\User Defined Models.IntPrjfolder\EDM 3 GT\DIgSILENT Library\Dynamic Models\IEEE\Excitation Systems\exc_IEEE_ST6B.BlkDef\Used Macros\Const.BlkDef
Kg/(1+sTg),,\VM-PF.IntUser\PDD 31-12-2024.IntPrj\Library.IntPrjfolder\User Defined Models.IntPrjfolder\EDM 3 GT\DIgSILENT Library\Dynamic Models\IEEE\Excitation Systems\exc_IEEE_ST6B.BlkDef\Used Macros\Kg/(1+sTg).BlkDef
HVgate,,\VM-PF.IntUser\PDD 31-12-2024.IntPrj\Library.IntPrjfolder\User Defined Models.IntPrjfolder\EDM 3 GT\DIgSILENT Library\Dynamic Models\IEEE\Excitation Systems\exc_IEEE_ST6B.BlkDef\Used Macros\HVgate.BlkDef
Kci,,\VM-PF.IntUser\PDD 31-12-2024.IntPrj\Library.IntPrjfolder\User Defined Models.IntPrjfolder\EDM 3 GT\DIgSILENT Library\Dynamic Models\IEEE\Excitation Systems\exc_IEEE_ST6B.BlkDef\Used Macros\Kci.BlkDef
Kff,,\VM-PF.IntUser\PDD 31-12-2024.IntPrj\Library.IntPrjfolder\User Defined Models.IntPrjfolder\EDM 3 GT\DIgSILENT Library\Dynamic Models\IEEE\Excitation Systems\exc_IEEE_ST6B.BlkDef\Used Macros\Kff.BlkDef
Klr,,\VM-PF.IntUser\PDD 31-12-2024.IntPrj\Library.IntPrjfolder\User Defined Models.IntPrjfolder\EDM 3 GT\DIgSILENT Library\Dynamic Models\IEEE\Excitation Systems\exc_IEEE_ST6B.BlkDef\Used Macros\Klr.BlkDef
Km,,\VM-PF.IntUser\PDD 31-12-2024.IntPrj\Library.IntPrjfolder\User Defined Models.IntPrjfolder\EDM 3 GT\DIgSILENT Library\Dynamic Models\IEEE\Excitation Systems\exc_IEEE_ST6B.BlkDef\Used Macros\Km.BlkDef
LVgate,,\VM-PF.IntUser\PDD 31-12-2024.IntPrj\Library.IntPrjfolder\User Defined Models.IntPrjfolder\EDM 3 GT\DIgSILENT Library\Dynamic Models\IEEE\Excitation Systems\exc_IEEE_ST6B.BlkDef\Used Macros\LVgate.BlkDef
Limit,,\VM-PF.IntUser\PDD 31-12-2024.IntPrj\Library.IntPrjfolder\User Defined Models.IntPrjfolder\EDM 3 GT\DIgSILENT Library\Dynamic Models\IEEE\Excitation Systems\exc_IEEE_ST6B.BlkDef\Used Macros\Limit.BlkDef
Limits,,\VM-PF.IntUser\PDD 31-12-2024.IntPrj\Library.IntPrjfolder\User Defined Models.IntPrjfolder\EDM 3 GT\DIgSILENT Library\Dynamic Models\IEEE\Excitation Systems\exc_IEEE_ST6B.BlkDef\Used Macros\Limits.BlkDef
OEL_Router,,\VM-PF.IntUser\PDD 31-12-2024.IntPrj\Library.IntPrjfolder\User Defined Models.IntPrjfolder\EDM 3 GT\DIgSILENT Library\Dynamic Models\IEEE\Excitation Systems\exc_IEEE_ST6B.BlkDef\Used Macros\OEL_Router.BlkDef
Term. Fed,,\VM-PF.IntUser\PDD 31-12-2024.IntPrj\Library.IntPrjfolder\User Defined Models.IntPrjfolder\EDM 3 GT\DIgSILENT Library\Dynamic Models\IEEE\Excitation Systems\exc_IEEE_ST6B.BlkDef\Used Macros\Term. Fed.BlkDef
[Kpa + Kia/s],,\VM-PF.IntUser\PDD 31-12-2024.IntPrj\Library.IntPrjfolder\User Defined Models.IntPrjfolder\EDM 3 GT\DIgSILENT Library\Dynamic Models\IEEE\Excitation Systems\exc_IEEE_ST6B.BlkDef\Used Macros\[Kpa + Kia/s].BlkDef
gov_IEEE_GGOV1,,\VM-PF.IntUser\PDD 31-12-2024.IntPrj\Library.IntPrjfolder\User Defined Models.IntPrjfolder\EDM 3 GT\DIgSILENT Library\Dynamic Models\IEEE\Governors and Turbines/Engines\gov_IEEE_GGOV1.BlkDef
(1+sTc)/(1+sTb),,\VM-PF.IntUser\PDD 31-12-2024.IntPrj\Library.IntPrjfolder\User Defined Models.IntPrjfolder\EDM 3 GT\DIgSILENT Library\Dynamic Models\IEEE\Governors and Turbines/Engines\gov_IEEE_GGOV1.BlkDef\Used Macros\(1+sTc)/(1+sTb).BlkDef
(1+sTsa)/(1+sTsb),,\VM-PF.IntUser\PDD 31-12-2024.IntPrj\Library.IntPrjfolder\User Defined Models.IntPrjfolder\EDM 3 GT\DIgSILENT Library\Dynamic Models\IEEE\Governors and Turbines/Engines\gov_IEEE_GGOV1.BlkDef\Used Macros\(1+sTsa)/(1+sTsb).BlkDef
1/(1+sTfload),,\VM-PF.IntUser\PDD 31-12-2024.IntPrj\Library.IntPrjfolder\User Defined Models.IntPrjfolder\EDM 3 GT\DIgSILENT Library\Dynamic Models\IEEE\Governors and Turbines/Engines\gov_IEEE_GGOV1.BlkDef\Used Macros\1/(1+sTfload).BlkDef
1/(1+sTpelec),,\VM-PF.IntUser\PDD 31-12-2024.IntPrj\Library.IntPrjfolder\User Defined Models.IntPrjfolder\EDM 3 GT\DIgSILENT Library\Dynamic Models\IEEE\Governors and Turbines/Engines\gov_IEEE_GGOV1.BlkDef\Used Macros\1/(1+sTpelec).BlkDef
1/Kturb,,\VM-PF.IntUser\PDD 31-12-2024.IntPrj\Library.IntPrjfolder\User Defined Models.IntPrjfolder\EDM 3 GT\DIgSILENT Library\Dynamic Models\IEEE\Governors and Turbines/Engines\gov_IEEE_GGOV1.BlkDef\Used Macros\1/Kturb.BlkDef
1/s,,\VM-PF.IntUser\PDD 31-12-2024.IntPrj\Library.IntPrjfolder\User Defined Models.IntPrjfolder\EDM 3 GT\DIgSILENT Library\Dynamic Models\IEEE\Governors and Turbines/Engines\gov_IEEE_GGOV1.BlkDef\Used Macros\1/s.BlkDef
1/z,,\VM-PF.IntUser\PDD 31-12-2024.IntPrj\Library.IntPrjfolder\User Defined Models.IntPrjfolder\EDM 3 GT\DIgSILENT Library\Dynamic Models\IEEE\Governors and Turbines/Engines\gov_IEEE_GGOV1.BlkDef\Used Macros\1/z.BlkDef
Const,,\VM-PF.IntUser\PDD 31-12-2024.IntPrj\Library.IntPrjfolder\User Defined Models.IntPrjfolder\EDM 3 GT\DIgSILENT Library\Dynamic Models\IEEE\Governors and Turbines/Engines\gov_IEEE_GGOV1.BlkDef\Used Macros\Const.BlkDef
Damping,,\VM-PF.IntUser\PDD 31-12-2024.IntPrj\Library.IntPrjfolder\User Defined Models.IntPrjfolder\EDM 3 GT\DIgSILENT Library\Dynamic Models\IEEE\Governors and Turbines/Engines\gov_IEEE_GGOV1.BlkDef\Used Macros\Damping.BlkDef
Input,,\VM-PF.IntUser\PDD 31-12-2024.IntPrj\Library.IntPrjfolder\User Defined Models.IntPrjfolder\EDM 3 GT\DIgSILENT Library\Dynamic Models\IEEE\Governors and Turbines/Engines\gov_IEEE_GGOV1.BlkDef\Used Macros\Input.BlkDef
Ka dt,,\VM-PF.IntUser\PDD 31-12-2024.IntPrj\Library.IntPrjfolder\User Defined Models.IntPrjfolder\EDM 3 GT\DIgSILENT Library\Dynamic Models\IEEE\Governors and Turbines/Engines\gov_IEEE_GGOV1.BlkDef\Used Macros\Ka dt.BlkDef
Kigov/Kpgov,,\VM-PF.IntUser\PDD 31-12-2024.IntPrj\Library.IntPrjfolder\User Defined Models.IntPrjfolder\EDM 3 GT\DIgSILENT Library\Dynamic Models\IEEE\Governors and Turbines/Engines\gov_IEEE_GGOV1.BlkDef\Used Macros\Kigov/Kpgov.BlkDef
Kiload/Kpload,,\VM-PF.IntUser\PDD 31-12-2024.IntPrj\Library.IntPrjfolder\User Defined Models.IntPrjfolder\EDM 3 GT\DIgSILENT Library\Dynamic Models\IEEE\Governors and Turbines/Engines\gov_IEEE_GGOV1.BlkDef\Used Macros\Kiload/Kpload.BlkDef
Kimw/s,,\VM-PF.IntUser\PDD 31-12-2024.IntPrj\Library.IntPrjfolder\User Defined Models.IntPrjfolder\EDM 3 GT\DIgSILENT Library\Dynamic Models\IEEE\Governors and Turbines/Engines\gov_IEEE_GGOV1.BlkDef\Used Macros\Kimw/s.BlkDef
Kpgov,,\VM-PF.IntUser\PDD 31-12-2024.IntPrj\Library.IntPrjfolder\User Defined Models.IntPrjfolder\EDM 3 GT\DIgSILENT Library\Dynamic Models\IEEE\Governors and Turbines/Engines\gov_IEEE_GGOV1.BlkDef\Used Macros\Kpgov.BlkDef
Kpload,,\VM-PF.IntUser\PDD 31-12-2024.IntPrj\Library.IntPrjfolder\User Defined Models.IntPrjfolder\EDM 3 GT\DIgSILENT Library\Dynamic Models\IEEE\Governors and Turbines/Engines\gov_IEEE_GGOV1.BlkDef\Used Macros\Kpload.BlkDef
Kturb,,\VM-PF.IntUser\PDD 31-12-2024.IntPrj\Library.IntPrjfolder\User Defined Models.IntPrjfolder\EDM 3 GT\DIgSILENT Library\Dynamic Models\IEEE\Governors and Turbines/Engines\gov_IEEE_GGOV1.BlkDef\Used Macros\Kturb.BlkDef
LVgate,,\VM-PF.IntUser\PDD 31-12-2024.IntPrj\Library.IntPrjfolder\User Defined Models.IntPrjfolder\EDM 3 GT\DIgSILENT Library\Dynamic Models\IEEE\Governors and Turbines/Engines\gov_IEEE_GGOV1.BlkDef\Used Macros\LVgate.BlkDef
Limits,,\VM-PF.IntUser\PDD 31-12-2024.IntPrj\Library.IntPrjfolder\User Defined Models.IntPrjfolder\EDM 3 GT\DIgSILENT Library\Dynamic Models\IEEE\Governors and Turbines/Engines\gov_IEEE_GGOV1.BlkDef\Used Macros\Limits.BlkDef
Output,,\VM-PF.IntUser\PDD 31-12-2024.IntPrj\Library.IntPrjfolder\User Defined Models.IntPrjfolder\EDM 3 GT\DIgSILENT Library\Dynamic Models\IEEE\Governors and Turbines/Engines\gov_IEEE_GGOV1.BlkDef\Used Macros\Output.BlkDef
Selector,,\VM-PF.IntUser\PDD 31-12-2024.IntPrj\Library.IntPrjfolder\User Defined Models.IntPrjfolder\EDM 3 GT\DIgSILENT Library\Dynamic Models\IEEE\Governors and Turbines/Engines\gov_IEEE_GGOV1.BlkDef\Used Macros\Selector.BlkDef
R,,\VM-PF.IntUser\PDD 31-12-2024.IntPrj\Library.IntPrjfolder\User Defined Models.IntPrjfolder\EDM 3 GT\DIgSILENT Library\Dynamic Models\IEEE\Governors and Turbines/Engines\gov_IEEE_GGOV1.BlkDef\Used Macros\R.BlkDef
RRate and Limiter,,\VM-PF.IntUser\PDD 31-12-2024.IntPrj\Library.IntPrjfolder\User Defined Models.IntPrjfolder\EDM 3 GT\DIgSILENT Library\Dynamic Models\IEEE\Governors and Turbines/Engines\gov_IEEE_GGOV1.BlkDef\Used Macros\RRate and Limiter.BlkDef
Sel,,\VM-PF.IntUser\PDD 31-12-2024.IntPrj\Library.IntPrjfolder\User Defined Models.IntPrjfolder\EDM 3 GT\DIgSILENT Library\Dynamic Models\IEEE\Governors and Turbines/Engines\gov_IEEE_GGOV1.BlkDef\Used Macros\Sel.BlkDef
[Db],,\VM-PF.IntUser\PDD 31-12-2024.IntPrj\Library.IntPrjfolder\User Defined Models.IntPrjfolder\EDM 3 GT\DIgSILENT Library\Dynamic Models\IEEE\Governors and Turbines/Engines\gov_IEEE_GGOV1.BlkDef\Used Macros\[Db].BlkDef
e^sT,,\VM-PF.IntUser\PDD 31-12-2024.IntPrj\Library.IntPrjfolder\User Defined Models.IntPrjfolder\EDM 3 GT\DIgSILENT Library\Dynamic Models\IEEE\Governors and Turbines/Engines\gov_IEEE_GGOV1.BlkDef\Used Macros\e^sT.BlkDef
{1/(1+sTact)},,\VM-PF.IntUser\PDD 31-12-2024.IntPrj\Library.IntPrjfolder\User Defined Models.IntPrjfolder\EDM 3 GT\DIgSILENT Library\Dynamic Models\IEEE\Governors and Turbines/Engines\gov_IEEE_GGOV1.BlkDef\Used Macros\{1/(1+sTact)}.BlkDef
sK/(1+sT),,\VM-PF.IntUser\PDD 31-12-2024.IntPrj\Library.IntPrjfolder\User Defined Models.IntPrjfolder\EDM 3 GT\DIgSILENT Library\Dynamic Models\IEEE\Governors and Turbines/Engines\gov_IEEE_GGOV1.BlkDef\Used Macros\sK/(1+sT).BlkDef
s/(1+sT),,\VM-PF.IntUser\PDD 31-12-2024.IntPrj\Library.IntPrjfolder\User Defined Models.IntPrjfolder\EDM 3 GT\DIgSILENT Library\Dynamic Models\IEEE\Governors and Turbines/Engines\gov_IEEE_GGOV1.BlkDef\Used Macros\s/(1+sT).BlkDef
tlc_IEEE_LCFB1,,\Lib.IntLibrary\Dynamics\SymPlant\IEEE\Tlc\tlc_IEEE_LCFB1.BlkDef
K,,\Lib.IntLibrary\Dynamics\SymPlant\IEEE\Tlc\tlc_IEEE_LCFB1.BlkDef\Used Macros\K.BlkDef
DBand,,\Lib.IntLibrary\Dynamics\SymPlant\IEEE\Tlc\tlc_IEEE_LCFB1.BlkDef\Used Macros\DBand.BlkDef
1/(1+sTpelec),,\Lib.IntLibrary\Dynamics\SymPlant\IEEE\Tlc\tlc_IEEE_LCFB1.BlkDef\Used Macros\1/(1+sTpelec).BlkDef
[Ki/s],,\Lib.IntLibrary\Dynamics\SymPlant\IEEE\Tlc\tlc_IEEE_LCFB1.BlkDef\Used Macros\[Ki/s].BlkDef
+-Limits,,\Lib.IntLibrary\Dynamics\SymPlant\IEEE\Tlc\tlc_IEEE_LCFB1.BlkDef\Used Macros\+-Limits.BlkDef
1/(1+sT),,\Lib.IntLibrary\Dynamics\SymPlant\IEEE\Tlc\tlc_IEEE_LCFB1.BlkDef\Used Macros\1/(1+sT).BlkDef
Input,,\Lib.IntLibrary\Dynamics\SymPlant\IEEE\Tlc\tlc_IEEE_LCFB1.BlkDef\Used Macros\Input.BlkDef
vtc_IEEE_1,,\VM-PF.IntUser\PDD 31-12-2024.IntPrj\Library.IntPrjfolder\User Defined Models.IntPrjfolder\EDM 3 GT\DIgSILENT Library\Dynamic Models\IEEE\Voltage Transducer and Compensation\vtc_IEEE_1.BlkDef
1/(1+sT),,\VM-PF.IntUser\PDD 31-12-2024.IntPrj\Library.IntPrjfolder\User Defined Models.IntPrjfolder\EDM 3 GT\DIgSILENT Library\Dynamic Models\IEEE\Voltage Transducer and Compensation\vtc_IEEE_1.BlkDef\Used Macros\1/(1+sT).BlkDef
mod( (Vt) + (Rc+jXc).(It) ),,\VM-PF.IntUser\PDD 31-12-2024.IntPrj\Library.IntPrjfolder\User Defined Models.IntPrjfolder\EDM 3 GT\DIgSILENT Library\Dynamic Models\IEEE\Voltage Transducer and Compensation\vtc_IEEE_1.BlkDef\Used Macros\mod( (Vt) + (Rc+jXc).(It) ).BlkDef
Frame Synchronous Generator IEEE,,\VM-PF.IntUser\PDD 31-12-2024.IntPrj\Library.IntPrjfolder\User Defined Models.IntPrjfolder\EDM 3 TV\User Defined Models\Frame Synchronous Generator IEEE.BlkDef
exc_IEEE_ST6B,,\VM-PF.IntUser\PDD 31-12-2024.IntPrj\Library.IntPrjfolder\User Defined Models.IntPrjfolder\EDM 3 TV\User Defined Models\exc_IEEE_ST6B.BlkDef
Const,,\VM-PF.IntUser\PDD 31-12-2024.IntPrj\Library.IntPrjfolder\User Defined Models.IntPrjfolder\EDM 3 TV\User Defined Models\exc_IEEE_ST6B.BlkDef\Used Macros\Const.BlkDef
Kg/(1+sTg),,\VM-PF.IntUser\PDD 31-12-2024.IntPrj\Library.IntPrjfolder\User Defined Models.IntPrjfolder\EDM 3 TV\User Defined Models\exc_IEEE_ST6B.BlkDef\Used Macros\Kg/(1+sTg).BlkDef
HVgate,,\VM-PF.IntUser\PDD 31-12-2024.IntPrj\Library.IntPrjfolder\User Defined Models.IntPrjfolder\EDM 3 TV\User Defined Models\exc_IEEE_ST6B.BlkDef\Used Macros\HVgate.BlkDef
Kci,,\VM-PF.IntUser\PDD 31-12-2024.IntPrj\Library.IntPrjfolder\User Defined Models.IntPrjfolder\EDM 3 TV\User Defined Models\exc_IEEE_ST6B.BlkDef\Used Macros\Kci.BlkDef
Kff,,\VM-PF.IntUser\PDD 31-12-2024.IntPrj\Library.IntPrjfolder\User Defined Models.IntPrjfolder\EDM 3 TV\User Defined Models\exc_IEEE_ST6B.BlkDef\Used Macros\Kff.BlkDef
Klr,,\VM-PF.IntUser\PDD 31-12-2024.IntPrj\Library.IntPrjfolder\User Defined Models.IntPrjfolder\EDM 3 TV\User Defined Models\exc_IEEE_ST6B.BlkDef\Used Macros\Klr.BlkDef
Km,,\VM-PF.IntUser\PDD 31-12-2024.IntPrj\Library.IntPrjfolder\User Defined Models.IntPrjfolder\EDM 3 TV\User Defined Models\exc_IEEE_ST6B.BlkDef\Used Macros\Km.BlkDef
LVgate,,\VM-PF.IntUser\PDD 31-12-2024.IntPrj\Library.IntPrjfolder\User Defined Models.IntPrjfolder\EDM 3 TV\User Defined Models\exc_IEEE_ST6B.BlkDef\Used Macros\LVgate.BlkDef
Limit,,\VM-PF.IntUser\PDD 31-12-2024.IntPrj\Library.IntPrjfolder\User Defined Models.IntPrjfolder\EDM 3 TV\User Defined Models\exc_IEEE_ST6B.BlkDef\Used Macros\Limit.BlkDef
Limits,,\VM-PF.IntUser\PDD 31-12-2024.IntPrj\Library.IntPrjfolder\User Defined Models.IntPrjfolder\EDM 3 TV\User Defined Models\exc_IEEE_ST6B.BlkDef\Used Macros\Limits.BlkDef
OEL_Router,,\VM-PF.IntUser\PDD 31-12-2024.IntPrj\Library.IntPrjfolder\User Defined Models.IntPrjfolder\EDM 3 TV\User Defined Models\exc_IEEE_ST6B.BlkDef\Used Macros\OEL_Router.BlkDef
Term. Fed,,\VM-PF.IntUser\PDD 31-12-2024.IntPrj\Library.IntPrjfolder\User Defined Models.IntPrjfolder\EDM 3 TV\User Defined Models\exc_IEEE_ST6B.BlkDef\Used Macros\Term. Fed.BlkDef
[Kpa + Kia/s],,\VM-PF.IntUser\PDD 31-12-2024.IntPrj\Library.IntPrjfolder\User Defined Models.IntPrjfolder\EDM 3 TV\User Defined Models\exc_IEEE_ST6B.BlkDef\Used Macros\[Kpa + Kia/s].BlkDef
gov_IEEE_TGOV1,,\VM-PF.IntUser\PDD 31-12-2024.IntPrj\Library.IntPrjfolder\User Defined Models.IntPrjfolder\EDM 3 TV\User Defined Models\gov_IEEE_TGOV1.BlkDef
(1+sT2)/(1+sT3),,\VM-PF.IntUser\PDD 31-12-2024.IntPrj\Library.IntPrjfolder\User Defined Models.IntPrjfolder\EDM 3 TV\User Defined Models\gov_IEEE_TGOV1.BlkDef\Used Macros\(1+sT2)/(1+sT3).BlkDef
1/(1+sT1),,\VM-PF.IntUser\PDD 31-12-2024.IntPrj\Library.IntPrjfolder\User Defined Models.IntPrjfolder\EDM 3 TV\User Defined Models\gov_IEEE_TGOV1.BlkDef\Used Macros\1/(1+sT1).BlkDef
1/R,,\VM-PF.IntUser\PDD 31-12-2024.IntPrj\Library.IntPrjfolder\User Defined Models.IntPrjfolder\EDM 3 TV\User Defined Models\gov_IEEE_TGOV1.BlkDef\Used Macros\1/R.BlkDef
Dt,,\VM-PF.IntUser\PDD 31-12-2024.IntPrj\Library.IntPrjfolder\User Defined Models.IntPrjfolder\EDM 3 TV\User Defined Models\gov_IEEE_TGOV1.BlkDef\Used Macros\Dt.BlkDef
Output,,\VM-PF.IntUser\PDD 31-12-2024.IntPrj\Library.IntPrjfolder\User Defined Models.IntPrjfolder\EDM 3 TV\User Defined Models\gov_IEEE_TGOV1.BlkDef\Used Macros\Output.BlkDef
vtc_IEEE_1,,\VM-PF.IntUser\PDD 31-12-2024.IntPrj\Library.IntPrjfolder\User Defined Models.IntPrjfolder\EDM 3 TV\User Defined Models\vtc_IEEE_1.BlkDef
1/(1+sT),,\VM-PF.IntUser\PDD 31-12-2024.IntPrj\Library.IntPrjfolder\User Defined Models.IntPrjfolder\EDM 3 TV\User Defined Models\vtc_IEEE_1.BlkDef\Used Macros\1/(1+sT).BlkDef
mod( (Vt) + (Rc+jXc).(It) ),,\VM-PF.IntUser\PDD 31-12-2024.IntPrj\Library.IntPrjfolder\User Defined Models.IntPrjfolder\EDM 3 TV\User Defined Models\vtc_IEEE_1.BlkDef\Used Macros\mod( (Vt) + (Rc+jXc).(It) ).BlkDef
F50N_F51N,,\VM-PF.IntUser\PDD 31-12-2024.IntPrj\Library.IntPrjfolder\Equipment Type Library.IntPrjfolder\Relay\Generic relays\F50N_F51N Neutral overcurrent.TypRelay\F50N_F51N.BlkDef
F50_F51,,\VM-PF.IntUser\PDD 31-12-2024.IntPrj\Library.IntPrjfolder\Equipment Type Library.IntPrjfolder\Relay\Generic relays\F50_F51  Phase overcurrent.TypRelay\F50_F51.BlkDef
SYM Frame_no droop for identific,,\VM-PF.IntUser\PDD 31-12-2024.IntPrj\Library.IntPrjfolder\User Defined Models.IntPrjfolder\Quisqueya 2\SYM Frame_no droop for identific.BlkDef
avr_ESAC5A,,\VM-PF.IntUser\PDD 31-12-2024.IntPrj\Library.IntPrjfolder\User Defined Models.IntPrjfolder\Quisqueya 2\avr_ESAC5A.BlkDef
1/(1+sT),,\VM-PF.IntUser\PDD 31-12-2024.IntPrj\Library.IntPrjfolder\User Defined Models.IntPrjfolder\Quisqueya 2\avr_ESAC5A.BlkDef\Used Macros\1/(1+sT).BlkDef
{K/(1+sT)},,\VM-PF.IntUser\PDD 31-12-2024.IntPrj\Library.IntPrjfolder\User Defined Models.IntPrjfolder\Quisqueya 2\avr_ESAC5A.BlkDef\Used Macros\{K/(1+sT)}.BlkDef
(1+sTb)/(1+sTa),,\VM-PF.IntUser\PDD 31-12-2024.IntPrj\Library.IntPrjfolder\User Defined Models.IntPrjfolder\Quisqueya 2\avr_ESAC5A.BlkDef\Used Macros\(1+sTb)/(1+sTa).BlkDef
sTb/(1+sTa),,\VM-PF.IntUser\PDD 31-12-2024.IntPrj\Library.IntPrjfolder\User Defined Models.IntPrjfolder\Quisqueya 2\avr_ESAC5A.BlkDef\Used Macros\sTb/(1+sTa).BlkDef
{1/sT,,\VM-PF.IntUser\PDD 31-12-2024.IntPrj\Library.IntPrjfolder\User Defined Models.IntPrjfolder\Quisqueya 2\avr_ESAC5A.BlkDef\Used Macros\{1/sT.BlkDef
K,,\VM-PF.IntUser\PDD 31-12-2024.IntPrj\Library.IntPrjfolder\User Defined Models.IntPrjfolder\Quisqueya 2\avr_ESAC5A.BlkDef\Used Macros\K.BlkDef
Se(Efd),,\VM-PF.IntUser\PDD 31-12-2024.IntPrj\Library.IntPrjfolder\User Defined Models.IntPrjfolder\Quisqueya 2\avr_ESAC5A.BlkDef\Used Macros\Se(Efd).BlkDef
bias,,\VM-PF.IntUser\PDD 31-12-2024.IntPrj\Library.IntPrjfolder\User Defined Models.IntPrjfolder\Quisqueya 2\avr_ESAC5A.BlkDef\Used Macros\bias.BlkDef
gov_GGOV1,,\VM-PF.IntUser\PDD 31-12-2024.IntPrj\Library.IntPrjfolder\User Defined Models.IntPrjfolder\Quisqueya 2\gov_GGOV1.BlkDef
(Ldref/Kturb+Wfnl),,\VM-PF.IntUser\PDD 31-12-2024.IntPrj\Library.IntPrjfolder\User Defined Models.IntPrjfolder\Quisqueya 2\gov_GGOV1.BlkDef\Used Macros\(Ldref/Kturb+Wfnl).BlkDef
K,,\VM-PF.IntUser\PDD 31-12-2024.IntPrj\Library.IntPrjfolder\User Defined Models.IntPrjfolder\Quisqueya 2\gov_GGOV1.BlkDef\Used Macros\K.BlkDef
1/(1+sT),,\VM-PF.IntUser\PDD 31-12-2024.IntPrj\Library.IntPrjfolder\User Defined Models.IntPrjfolder\Quisqueya 2\gov_GGOV1.BlkDef\Used Macros\1/(1+sT).BlkDef
Const,,\VM-PF.IntUser\PDD 31-12-2024.IntPrj\Library.IntPrjfolder\User Defined Models.IntPrjfolder\Quisqueya 2\gov_GGOV1.BlkDef\Used Macros\Const.BlkDef
Deadband_Offset_Lim,,\VM-PF.IntUser\PDD 31-12-2024.IntPrj\Library.IntPrjfolder\User Defined Models.IntPrjfolder\Quisqueya 2\gov_GGOV1.BlkDef\Used Macros\Deadband_Offset_Lim.BlkDef
K/s,,\VM-PF.IntUser\PDD 31-12-2024.IntPrj\Library.IntPrjfolder\User Defined Models.IntPrjfolder\Quisqueya 2\gov_GGOV1.BlkDef\Used Macros\K/s.BlkDef
sK/(1+sT),,\VM-PF.IntUser\PDD 31-12-2024.IntPrj\Library.IntPrjfolder\User Defined Models.IntPrjfolder\Quisqueya 2\gov_GGOV1.BlkDef\Used Macros\sK/(1+sT).BlkDef
LVgate,,\VM-PF.IntUser\PDD 31-12-2024.IntPrj\Library.IntPrjfolder\User Defined Models.IntPrjfolder\Quisqueya 2\gov_GGOV1.BlkDef\Used Macros\LVgate.BlkDef
{{1/(1+sT)}},,\VM-PF.IntUser\PDD 31-12-2024.IntPrj\Library.IntPrjfolder\User Defined Models.IntPrjfolder\Quisqueya 2\gov_GGOV1.BlkDef\Used Macros\{{1/(1+sT)}}.BlkDef
P_base,,\VM-PF.IntUser\PDD 31-12-2024.IntPrj\Library.IntPrjfolder\User Defined Models.IntPrjfolder\Quisqueya 2\gov_GGOV1.BlkDef\Used Macros\P_base.BlkDef
Damping,,\VM-PF.IntUser\PDD 31-12-2024.IntPrj\Library.IntPrjfolder\User Defined Models.IntPrjfolder\Quisqueya 2\gov_GGOV1.BlkDef\Used Macros\Damping.BlkDef
Sel,,\VM-PF.IntUser\PDD 31-12-2024.IntPrj\Library.IntPrjfolder\User Defined Models.IntPrjfolder\Quisqueya 2\gov_GGOV1.BlkDef\Used Macros\Sel.BlkDef
Delay,,\VM-PF.IntUser\PDD 31-12-2024.IntPrj\Library.IntPrjfolder\User Defined Models.IntPrjfolder\Quisqueya 2\gov_GGOV1.BlkDef\Used Macros\Delay.BlkDef
Pt/Pturb,,\VM-PF.IntUser\PDD 31-12-2024.IntPrj\Library.IntPrjfolder\User Defined Models.IntPrjfolder\Quisqueya 2\gov_GGOV1.BlkDef\Used Macros\Pt/Pturb.BlkDef
(1+sTn)/(1+sTd),,\VM-PF.IntUser\PDD 31-12-2024.IntPrj\Library.IntPrjfolder\User Defined Models.IntPrjfolder\Quisqueya 2\gov_GGOV1.BlkDef\Used Macros\(1+sTn)/(1+sTd).BlkDef
fix delay,,\VM-PF.IntUser\PDD 31-12-2024.IntPrj\Library.IntPrjfolder\User Defined Models.IntPrjfolder\Quisqueya 2\gov_GGOV1.BlkDef\Used Macros\fix delay.BlkDef
{K/s,,\VM-PF.IntUser\PDD 31-12-2024.IntPrj\Library.IntPrjfolder\User Defined Models.IntPrjfolder\Quisqueya 2\gov_GGOV1.BlkDef\Used Macros\{K/s.BlkDef
Lim <max,,\VM-PF.IntUser\PDD 31-12-2024.IntPrj\Library.IntPrjfolder\User Defined Models.IntPrjfolder\Quisqueya 2\gov_GGOV1.BlkDef\Used Macros\Lim <max.BlkDef
1/(1+sT)_w/rate limit,,\VM-PF.IntUser\PDD 31-12-2024.IntPrj\Library.IntPrjfolder\User Defined Models.IntPrjfolder\Quisqueya 2\gov_GGOV1.BlkDef\Used Macros\1/(1+sT)_w/rate limit.BlkDef
(1+sTa)/(1+sTb),,\VM-PF.IntUser\PDD 31-12-2024.IntPrj\Library.IntPrjfolder\User Defined Models.IntPrjfolder\Quisqueya 2\gov_GGOV1.BlkDef\Used Macros\(1+sTa)/(1+sTb).BlkDef
K x delta,,\VM-PF.IntUser\PDD 31-12-2024.IntPrj\Library.IntPrjfolder\User Defined Models.IntPrjfolder\Quisqueya 2\gov_GGOV1.BlkDef\Used Macros\K x delta.BlkDef
Selector,,\VM-PF.IntUser\PDD 31-12-2024.IntPrj\Library.IntPrjfolder\User Defined Models.IntPrjfolder\Quisqueya 2\gov_GGOV1.BlkDef\Used Macros\Selector.BlkDef
s/(1+sT),,\VM-PF.IntUser\PDD 31-12-2024.IntPrj\Library.IntPrjfolder\User Defined Models.IntPrjfolder\Quisqueya 2\gov_GGOV1.BlkDef\Used Macros\s/(1+sT).BlkDef
pss_PSS2A,,\VM-PF.IntUser\PDD 31-12-2024.IntPrj\Library.IntPrjfolder\Equipment Type Library.IntPrjfolder\Standard Models_V15\pss_PSS2A.BlkDef
sT/(1+sT),,\VM-PF.IntUser\PDD 31-12-2024.IntPrj\Library.IntPrjfolder\Equipment Type Library.IntPrjfolder\Standard Models_V15\pss_PSS2A.BlkDef\Used Macros\sT/(1+sT).BlkDef
1/(1+sT),,\VM-PF.IntUser\PDD 31-12-2024.IntPrj\Library.IntPrjfolder\Equipment Type Library.IntPrjfolder\Standard Models_V15\pss_PSS2A.BlkDef\Used Macros\1/(1+sT).BlkDef
K/(1+sT),,\VM-PF.IntUser\PDD 31-12-2024.IntPrj\Library.IntPrjfolder\Equipment Type Library.IntPrjfolder\Standard Models_V15\pss_PSS2A.BlkDef\Used Macros\K/(1+sT).BlkDef
K,,\VM-PF.IntUser\PDD 31-12-2024.IntPrj\Library.IntPrjfolder\Equipment Type Library.IntPrjfolder\Standard Models_V15\pss_PSS2A.BlkDef\Used Macros\K.BlkDef
(1+sTb)/(1+sTa),,\VM-PF.IntUser\PDD 31-12-2024.IntPrj\Library.IntPrjfolder\Equipment Type Library.IntPrjfolder\Standard Models_V15\pss_PSS2A.BlkDef\Used Macros\(1+sTb)/(1+sTa).BlkDef
Limiter,,\VM-PF.IntUser\PDD 31-12-2024.IntPrj\Library.IntPrjfolder\Equipment Type Library.IntPrjfolder\Standard Models_V15\pss_PSS2A.BlkDef\Used Macros\Limiter.BlkDef
LeadLags,,\VM-PF.IntUser\PDD 31-12-2024.IntPrj\Library.IntPrjfolder\Equipment Type Library.IntPrjfolder\Standard Models_V15\pss_PSS2A.BlkDef\Used Macros\LeadLags.BlkDef
Input Selector 2,,\VM-PF.IntUser\PDD 31-12-2024.IntPrj\Library.IntPrjfolder\Equipment Type Library.IntPrjfolder\Standard Models_V15\pss_PSS2A.BlkDef\Used Macros\Input Selector 2.BlkDef
Input Selector 6 Dual,,\VM-PF.IntUser\PDD 31-12-2024.IntPrj\Library.IntPrjfolder\Equipment Type Library.IntPrjfolder\Standard Models_V15\pss_PSS2A.BlkDef\Used Macros\Input Selector 2.BlkDef\Used Macros\Input Selector 6 Dual.BlkDef
Ks,,\VM-PF.IntUser\PDD 31-12-2024.IntPrj\Library.IntPrjfolder\Equipment Type Library.IntPrjfolder\Standard Models_V15\pss_PSS2A.BlkDef\Used Macros\Input Selector 2.BlkDef\Used Macros\Ks.BlkDef
Accel. Power,,\VM-PF.IntUser\PDD 31-12-2024.IntPrj\Library.IntPrjfolder\Equipment Type Library.IntPrjfolder\Standard Models_V15\pss_PSS2A.BlkDef\Used Macros\Input Selector 2.BlkDef\Used Macros\Accel. Power.BlkDef
PB,,\VM-PF.IntUser\PDD 31-12-2024.IntPrj\Library.IntPrjfolder\Equipment Type Library.IntPrjfolder\Standard Models_V15\pss_PSS2A.BlkDef\Used Macros\Input Selector 2.BlkDef\Used Macros\PB.BlkDef
SYM Frame_no droop,,\Lib.IntLibrary\Dynamics\Arch\PF 2022 Models\DynPsse\Frm\SYM Frame_no droop.BlkDef
avr_ESST4B,,\Lib.IntLibrary\Dynamics\Arch\PF 2022 Models\DynPsse\avr_ESST4B.BlkDef
1/(1+sT),,\Lib.IntLibrary\Dynamics\Arch\PF 2022 Models\DynPsse\avr_ESST4B.BlkDef\Used Macros\1/(1+sT).BlkDef
Limiter,,\Lib.IntLibrary\Dynamics\Arch\PF 2022 Models\DynPsse\avr_ESST4B.BlkDef\Used Macros\Limiter.BlkDef
Power Components,,\Lib.IntLibrary\Dynamics\Arch\PF 2022 Models\DynPsse\avr_ESST4B.BlkDef\Used Macros\Power Components.BlkDef
Fex(In),,\Lib.IntLibrary\Dynamics\Arch\PF 2022 Models\DynPsse\avr_ESST4B.BlkDef\Used Macros\Fex(In).BlkDef
{Kp+Ki/s},,\Lib.IntLibrary\Dynamics\Arch\PF 2022 Models\DynPsse\avr_ESST4B.BlkDef\Used Macros\{Kp+Ki/s}.BlkDef
LVgate,,\Lib.IntLibrary\Dynamics\Arch\PF 2022 Models\DynPsse\avr_ESST4B.BlkDef\Used Macros\LVgate.BlkDef
K,,\Lib.IntLibrary\Dynamics\Arch\PF 2022 Models\DynPsse\avr_ESST4B.BlkDef\Used Macros\K.BlkDef
Delay,,\Lib.IntLibrary\Dynamics\Arch\PF 2022 Models\DynPsse\avr_ESST4B.BlkDef\Used Macros\Delay.BlkDef
bias,,\Lib.IntLibrary\Dynamics\Arch\PF 2022 Models\DynPsse\avr_ESST4B.BlkDef\Used Macros\bias.BlkDef
gov_IEEEG1,,\Lib.IntLibrary\Dynamics\Arch\PF 2022 Models\DynPsse\gov_IEEEG1.BlkDef
K,,\Lib.IntLibrary\Dynamics\Arch\PF 2022 Models\DynPsse\gov_IEEEG1.BlkDef\Used Macros\K.BlkDef
(1+sTb)/(1+sTa),,\Lib.IntLibrary\Dynamics\Arch\PF 2022 Models\DynPsse\gov_IEEEG1.BlkDef\Used Macros\(1+sTb)/(1+sTa).BlkDef
1/K,,\Lib.IntLibrary\Dynamics\Arch\PF 2022 Models\DynPsse\gov_IEEEG1.BlkDef\Used Macros\1/K.BlkDef
Limiter,,\Lib.IntLibrary\Dynamics\Arch\PF 2022 Models\DynPsse\gov_IEEEG1.BlkDef\Used Macros\Limiter.BlkDef
{1/s},,\Lib.IntLibrary\Dynamics\Arch\PF 2022 Models\DynPsse\gov_IEEEG1.BlkDef\Used Macros\{1/s}.BlkDef
1/(1+sT),,\Lib.IntLibrary\Dynamics\Arch\PF 2022 Models\DynPsse\gov_IEEEG1.BlkDef\Used Macros\1/(1+sT).BlkDef
Pt/Pturb,,\Lib.IntLibrary\Dynamics\Arch\PF 2022 Models\DynPsse\gov_IEEEG1.BlkDef\Used Macros\Pt/Pturb.BlkDef
Pt/Pturb x L1,,\Lib.IntLibrary\Dynamics\Arch\PF 2022 Models\DynPsse\gov_IEEEG1.BlkDef\Used Macros\Pt/Pturb x L1.BlkDef
pss_PSS2B,,\Lib.IntLibrary\Dynamics\Arch\PF 2022 Models\DynPsse\pss_PSS2B.BlkDef
sT/(1+sT),,\Lib.IntLibrary\Dynamics\Arch\PF 2022 Models\DynPsse\pss_PSS2B.BlkDef\Used Macros\sT/(1+sT).BlkDef
1/(1+sT),,\Lib.IntLibrary\Dynamics\Arch\PF 2022 Models\DynPsse\pss_PSS2B.BlkDef\Used Macros\1/(1+sT).BlkDef
K/(1+sT),,\Lib.IntLibrary\Dynamics\Arch\PF 2022 Models\DynPsse\pss_PSS2B.BlkDef\Used Macros\K/(1+sT).BlkDef
K,,\Lib.IntLibrary\Dynamics\Arch\PF 2022 Models\DynPsse\pss_PSS2B.BlkDef\Used Macros\K.BlkDef
(1+sTb)/(1+sTa),,\Lib.IntLibrary\Dynamics\Arch\PF 2022 Models\DynPsse\pss_PSS2B.BlkDef\Used Macros\(1+sTb)/(1+sTa).BlkDef
Limiter,,\Lib.IntLibrary\Dynamics\Arch\PF 2022 Models\DynPsse\pss_PSS2B.BlkDef\Used Macros\Limiter.BlkDef
LeadLags,,\Lib.IntLibrary\Dynamics\Arch\PF 2022 Models\DynPsse\pss_PSS2B.BlkDef\Used Macros\LeadLags.BlkDef
Input Selector 2,,\Lib.IntLibrary\Dynamics\Arch\PF 2022 Models\DynPsse\pss_PSS2B.BlkDef\Used Macros\Input Selector 2.BlkDef
Input Selector 6 Dual,,\Lib.IntLibrary\Dynamics\Arch\PF 2022 Models\DynPsse\pss_PSS2B.BlkDef\Used Macros\Input Selector 2.BlkDef\Used Macros\Input Selector 6 Dual.BlkDef
Ks,,\Lib.IntLibrary\Dynamics\Arch\PF 2022 Models\DynPsse\pss_PSS2B.BlkDef\Used Macros\Input Selector 2.BlkDef\Used Macros\Ks.BlkDef
Accel. Power,,\Lib.IntLibrary\Dynamics\Arch\PF 2022 Models\DynPsse\pss_PSS2B.BlkDef\Used Macros\Input Selector 2.BlkDef\Used Macros\Accel. Power.BlkDef
PB,,\Lib.IntLibrary\Dynamics\Arch\PF 2022 Models\DynPsse\pss_PSS2B.BlkDef\Used Macros\Input Selector 2.BlkDef\Used Macros\PB.BlkDef
SYM Frame_no droop_New,,\VM-PF.IntUser\PDD 31-12-2024.IntPrj\Library.IntPrjfolder\Equipment Type Library.IntPrjfolder\Standard Models\Frm\SYM Frame_no droop_New.BlkDef
gov_GAST,,\VM-PF.IntUser\PDD 31-12-2024.IntPrj\Library.IntPrjfolder\Equipment Type Library.IntPrjfolder\Standard Models\gov_GAST.BlkDef
1/K,,\VM-PF.IntUser\PDD 31-12-2024.IntPrj\Library.IntPrjfolder\Equipment Type Library.IntPrjfolder\Standard Models\gov_GAST.BlkDef\Used Macros\1/K.BlkDef
{1/(1+sT)},,\VM-PF.IntUser\PDD 31-12-2024.IntPrj\Library.IntPrjfolder\Equipment Type Library.IntPrjfolder\Standard Models\gov_GAST.BlkDef\Used Macros\{1/(1+sT)}.BlkDef
1/(1+sT),,\VM-PF.IntUser\PDD 31-12-2024.IntPrj\Library.IntPrjfolder\Equipment Type Library.IntPrjfolder\Standard Models\gov_GAST.BlkDef\Used Macros\1/(1+sT).BlkDef
Const,,\VM-PF.IntUser\PDD 31-12-2024.IntPrj\Library.IntPrjfolder\Equipment Type Library.IntPrjfolder\Standard Models\gov_GAST.BlkDef\Used Macros\Const.BlkDef
K,,\VM-PF.IntUser\PDD 31-12-2024.IntPrj\Library.IntPrjfolder\Equipment Type Library.IntPrjfolder\Standard Models\gov_GAST.BlkDef\Used Macros\K.BlkDef
LVgate,,\VM-PF.IntUser\PDD 31-12-2024.IntPrj\Library.IntPrjfolder\Equipment Type Library.IntPrjfolder\Standard Models\gov_GAST.BlkDef\Used Macros\LVgate.BlkDef
Pt/Pturb,,\VM-PF.IntUser\PDD 31-12-2024.IntPrj\Library.IntPrjfolder\Equipment Type Library.IntPrjfolder\Standard Models\gov_GAST.BlkDef\Used Macros\Pt/Pturb.BlkDef
avr_ST6B_IEEE,,\Lib.IntLibrary\Dynamics\Arch\PF 2022 Models\DynPsse\avr_ST6B_IEEE.BlkDef
1/(1+sT),,\Lib.IntLibrary\Dynamics\Arch\PF 2022 Models\DynPsse\avr_ST6B_IEEE.BlkDef\Used Macros\1/(1+sT).BlkDef
HVgate,,\Lib.IntLibrary\Dynamics\Arch\PF 2022 Models\DynPsse\avr_ST6B_IEEE.BlkDef\Used Macros\HVgate.BlkDef
Router,,\Lib.IntLibrary\Dynamics\Arch\PF 2022 Models\DynPsse\avr_ST6B_IEEE.BlkDef\Used Macros\Router.BlkDef
[Kp+sKd/(1+sTd)+Ki/s],,\Lib.IntLibrary\Dynamics\Arch\PF 2022 Models\DynPsse\avr_ST6B_IEEE.BlkDef\Used Macros\[Kp+sKd/(1+sTd)+Ki/s].BlkDef
Const,,\Lib.IntLibrary\Dynamics\Arch\PF 2022 Models\DynPsse\avr_ST6B_IEEE.BlkDef\Used Macros\Const.BlkDef
K,,\Lib.IntLibrary\Dynamics\Arch\PF 2022 Models\DynPsse\avr_ST6B_IEEE.BlkDef\Used Macros\K.BlkDef
Low Limit,,\Lib.IntLibrary\Dynamics\Arch\PF 2022 Models\DynPsse\avr_ST6B_IEEE.BlkDef\Used Macros\Low Limit.BlkDef
Limits,,\Lib.IntLibrary\Dynamics\Arch\PF 2022 Models\DynPsse\avr_ST6B_IEEE.BlkDef\Used Macros\Limits.BlkDef
LVgate,,\Lib.IntLibrary\Dynamics\Arch\PF 2022 Models\DynPsse\avr_ST6B_IEEE.BlkDef\Used Macros\LVgate.BlkDef
K/(1+sT).,,\Lib.IntLibrary\Dynamics\Arch\PF 2022 Models\DynPsse\avr_ST6B_IEEE.BlkDef\Used Macros\K/(1+sT)..BlkDef
TF selector,,\Lib.IntLibrary\Dynamics\Arch\PF 2022 Models\DynPsse\avr_ST6B_IEEE.BlkDef\Used Macros\TF selector.BlkDef
Bias,,\Lib.IntLibrary\Dynamics\Arch\PF 2022 Models\DynPsse\avr_ST6B_IEEE.BlkDef\Used Macros\Bias.BlkDef
exc_IEEE_AC7B,,\Lib.IntLibrary\Dynamics\SymPlant\IEEE\Exc\exc_IEEE_AC7B.BlkDef
[Kpr+Kir/s+sKdr/(1+sTdr)],,\Lib.IntLibrary\Dynamics\SymPlant\IEEE\Exc\exc_IEEE_AC7B.BlkDef\Used Macros\[Kpr+Kir/s+sKdr/(1+sTdr)].BlkDef
[Kpa+Kia/s],,\Lib.IntLibrary\Dynamics\SymPlant\IEEE\Exc\exc_IEEE_AC7B.BlkDef\Used Macros\[Kpa+Kia/s].BlkDef
Term. Fed,,\Lib.IntLibrary\Dynamics\SymPlant\IEEE\Exc\exc_IEEE_AC7B.BlkDef\Used Macros\Term. Fed.BlkDef
Lim,,\Lib.IntLibrary\Dynamics\SymPlant\IEEE\Exc\exc_IEEE_AC7B.BlkDef\Used Macros\Lim.BlkDef
Kf1,,\Lib.IntLibrary\Dynamics\SymPlant\IEEE\Exc\exc_IEEE_AC7B.BlkDef\Used Macros\Kf1.BlkDef
Kf2,,\Lib.IntLibrary\Dynamics\SymPlant\IEEE\Exc\exc_IEEE_AC7B.BlkDef\Used Macros\Kf2.BlkDef
sKf3/(1+sTf),,\Lib.IntLibrary\Dynamics\SymPlant\IEEE\Exc\exc_IEEE_AC7B.BlkDef\Used Macros\sKf3/(1+sTf).BlkDef
Kc(Ifd/Ve),,\Lib.IntLibrary\Dynamics\SymPlant\IEEE\Exc\exc_IEEE_AC7B.BlkDef\Used Macros\Kc(Ifd/Ve).BlkDef
Kd,,\Lib.IntLibrary\Dynamics\SymPlant\IEEE\Exc\exc_IEEE_AC7B.BlkDef\Used Macros\Kd.BlkDef
Ke,,\Lib.IntLibrary\Dynamics\SymPlant\IEEE\Exc\exc_IEEE_AC7B.BlkDef\Used Macros\Ke.BlkDef
[1/sTe],,\Lib.IntLibrary\Dynamics\SymPlant\IEEE\Exc\exc_IEEE_AC7B.BlkDef\Used Macros\[1/sTe].BlkDef
(Vfe_max-KdIfd)/(Ke+Se(Ve)),,\Lib.IntLibrary\Dynamics\SymPlant\IEEE\Exc\exc_IEEE_AC7B.BlkDef\Used Macros\(Vfe_max-KdIfd)/(Ke+Se(Ve)).BlkDef
Se(Ve),,\Lib.IntLibrary\Dynamics\SymPlant\IEEE\Exc\exc_IEEE_AC7B.BlkDef\Used Macros\Se(Ve).BlkDef
Fex(In),,\Lib.IntLibrary\Dynamics\SymPlant\IEEE\Exc\exc_IEEE_AC7B.BlkDef\Used Macros\Fex(In).BlkDef
gov_IEEE_IEEEG1,,\Lib.IntLibrary\Dynamics\SymPlant\IEEE\Gov\gov_IEEE_IEEEG1.BlkDef
1/(1+sT4),,\Lib.IntLibrary\Dynamics\SymPlant\IEEE\Gov\gov_IEEE_IEEEG1.BlkDef\Used Macros\1/(1+sT4).BlkDef
1/(1+sT5),,\Lib.IntLibrary\Dynamics\SymPlant\IEEE\Gov\gov_IEEE_IEEEG1.BlkDef\Used Macros\1/(1+sT5).BlkDef
1/(1+sT6),,\Lib.IntLibrary\Dynamics\SymPlant\IEEE\Gov\gov_IEEE_IEEEG1.BlkDef\Used Macros\1/(1+sT6).BlkDef
1/(1+sT7),,\Lib.IntLibrary\Dynamics\SymPlant\IEEE\Gov\gov_IEEE_IEEEG1.BlkDef\Used Macros\1/(1+sT7).BlkDef
1/T3,,\Lib.IntLibrary\Dynamics\SymPlant\IEEE\Gov\gov_IEEE_IEEEG1.BlkDef\Used Macros\1/T3.BlkDef
Adapt,,\Lib.IntLibrary\Dynamics\SymPlant\IEEE\Gov\gov_IEEE_IEEEG1.BlkDef\Used Macros\Adapt.BlkDef
DB,,\Lib.IntLibrary\Dynamics\SymPlant\IEEE\Gov\gov_IEEE_IEEEG1.BlkDef\Used Macros\DB.BlkDef
K(1+sT2)/(1+sT1),,\Lib.IntLibrary\Dynamics\SymPlant\IEEE\Gov\gov_IEEE_IEEEG1.BlkDef\Used Macros\K(1+sT2)/(1+sT1).BlkDef
K1,,\Lib.IntLibrary\Dynamics\SymPlant\IEEE\Gov\gov_IEEE_IEEEG1.BlkDef\Used Macros\K1.BlkDef
K2,,\Lib.IntLibrary\Dynamics\SymPlant\IEEE\Gov\gov_IEEE_IEEEG1.BlkDef\Used Macros\K2.BlkDef
K3,,\Lib.IntLibrary\Dynamics\SymPlant\IEEE\Gov\gov_IEEE_IEEEG1.BlkDef\Used Macros\K3.BlkDef
K4,,\Lib.IntLibrary\Dynamics\SymPlant\IEEE\Gov\gov_IEEE_IEEEG1.BlkDef\Used Macros\K4.BlkDef
K5,,\Lib.IntLibrary\Dynamics\SymPlant\IEEE\Gov\gov_IEEE_IEEEG1.BlkDef\Used Macros\K5.BlkDef
K6,,\Lib.IntLibrary\Dynamics\SymPlant\IEEE\Gov\gov_IEEE_IEEEG1.BlkDef\Used Macros\K6.BlkDef
K7,,\Lib.IntLibrary\Dynamics\SymPlant\IEEE\Gov\gov_IEEE_IEEEG1.BlkDef\Used Macros\K7.BlkDef
K8,,\Lib.IntLibrary\Dynamics\SymPlant\IEEE\Gov\gov_IEEE_IEEEG1.BlkDef\Used Macros\K8.BlkDef
Limit,,\Lib.IntLibrary\Dynamics\SymPlant\IEEE\Gov\gov_IEEE_IEEEG1.BlkDef\Used Macros\Limit.BlkDef
Output,,\Lib.IntLibrary\Dynamics\SymPlant\IEEE\Gov\gov_IEEE_IEEEG1.BlkDef\Used Macros\Output.BlkDef
[1/s],,\Lib.IntLibrary\Dynamics\SymPlant\IEEE\Gov\gov_IEEE_IEEEG1.BlkDef\Used Macros\[1/s].BlkDef
Pss_PSSSH_SPBIOE,,\VM-PF.IntUser\PDD 31-12-2024.IntPrj\Library.IntPrjfolder\User Defined Models.IntPrjfolder\San Pedro Bio Energy\Pss_PSSSH_SPBIOE.BlkDef
1/(1+sTd),,\VM-PF.IntUser\PDD 31-12-2024.IntPrj\Library.IntPrjfolder\User Defined Models.IntPrjfolder\San Pedro Bio Energy\Pss_PSSSH_SPBIOE.BlkDef\Used Macros\1/(1+sTd).BlkDef
1/sT1,,\VM-PF.IntUser\PDD 31-12-2024.IntPrj\Library.IntPrjfolder\User Defined Models.IntPrjfolder\San Pedro Bio Energy\Pss_PSSSH_SPBIOE.BlkDef\Used Macros\1/sT1.BlkDef
K2,,\VM-PF.IntUser\PDD 31-12-2024.IntPrj\Library.IntPrjfolder\User Defined Models.IntPrjfolder\San Pedro Bio Energy\Pss_PSSSH_SPBIOE.BlkDef\Used Macros\K2.BlkDef
K3,,\VM-PF.IntUser\PDD 31-12-2024.IntPrj\Library.IntPrjfolder\User Defined Models.IntPrjfolder\San Pedro Bio Energy\Pss_PSSSH_SPBIOE.BlkDef\Used Macros\K3.BlkDef
K4,,\VM-PF.IntUser\PDD 31-12-2024.IntPrj\Library.IntPrjfolder\User Defined Models.IntPrjfolder\San Pedro Bio Energy\Pss_PSSSH_SPBIOE.BlkDef\Used Macros\K4.BlkDef
K,,\VM-PF.IntUser\PDD 31-12-2024.IntPrj\Library.IntPrjfolder\User Defined Models.IntPrjfolder\San Pedro Bio Energy\Pss_PSSSH_SPBIOE.BlkDef\Used Macros\K.BlkDef
1/sT2,,\VM-PF.IntUser\PDD 31-12-2024.IntPrj\Library.IntPrjfolder\User Defined Models.IntPrjfolder\San Pedro Bio Energy\Pss_PSSSH_SPBIOE.BlkDef\Used Macros\1/sT2.BlkDef
1/sT3,,\VM-PF.IntUser\PDD 31-12-2024.IntPrj\Library.IntPrjfolder\User Defined Models.IntPrjfolder\San Pedro Bio Energy\Pss_PSSSH_SPBIOE.BlkDef\Used Macros\1/sT3.BlkDef
1/sT4,,\VM-PF.IntUser\PDD 31-12-2024.IntPrj\Library.IntPrjfolder\User Defined Models.IntPrjfolder\San Pedro Bio Energy\Pss_PSSSH_SPBIOE.BlkDef\Used Macros\1/sT4.BlkDef
MVA/MW,,\VM-PF.IntUser\PDD 31-12-2024.IntPrj\Library.IntPrjfolder\User Defined Models.IntPrjfolder\San Pedro Bio Energy\Pss_PSSSH_SPBIOE.BlkDef\Used Macros\MVA/MW.BlkDef
Limiter,,\VM-PF.IntUser\PDD 31-12-2024.IntPrj\Library.IntPrjfolder\User Defined Models.IntPrjfolder\San Pedro Bio Energy\Pss_PSSSH_SPBIOE.BlkDef\Used Macros\Limiter.BlkDef
K0,,\VM-PF.IntUser\PDD 31-12-2024.IntPrj\Library.IntPrjfolder\User Defined Models.IntPrjfolder\San Pedro Bio Energy\Pss_PSSSH_SPBIOE.BlkDef\Used Macros\K0.BlkDef
K1,,\VM-PF.IntUser\PDD 31-12-2024.IntPrj\Library.IntPrjfolder\User Defined Models.IntPrjfolder\San Pedro Bio Energy\Pss_PSSSH_SPBIOE.BlkDef\Used Macros\K1.BlkDef
vtc_IEEE_1,,\Lib.IntLibrary\Dynamics\SymPlant\IEEE\Vtc\vtc_IEEE_1.BlkDef
mod( (Vt) + (Rc+jXc).(It) ),,\Lib.IntLibrary\Dynamics\SymPlant\IEEE\Vtc\vtc_IEEE_1.BlkDef\Used Macros\mod( (Vt) + (Rc+jXc).(It) ).BlkDef
1/(1+sT),,\Lib.IntLibrary\Dynamics\SymPlant\IEEE\Vtc\vtc_IEEE_1.BlkDef\Used Macros\1/(1+sT).BlkDef
vco_IEEET1,,\VM-PF.IntUser\PDD 31-12-2024.IntPrj\Library.IntPrjfolder\User Defined Models.IntPrjfolder\Avr_Hi\vco_IEEET1.BlkDef
1/(1+sT) or 1,,\VM-PF.IntUser\PDD 31-12-2024.IntPrj\Library.IntPrjfolder\User Defined Models.IntPrjfolder\Avr_Hi\vco_IEEET1.BlkDef\Used Macros\1/(1+sT) or 1.BlkDef
bias,,\VM-PF.IntUser\PDD 31-12-2024.IntPrj\Library.IntPrjfolder\User Defined Models.IntPrjfolder\Avr_Hi\vco_IEEET1.BlkDef\Used Macros\bias.BlkDef
_{K/(1+sT)}_,,\VM-PF.IntUser\PDD 31-12-2024.IntPrj\Library.IntPrjfolder\User Defined Models.IntPrjfolder\Avr_Hi\vco_IEEET1.BlkDef\Used Macros\_{K/(1+sT)}_.BlkDef
1/(K+sT),,\VM-PF.IntUser\PDD 31-12-2024.IntPrj\Library.IntPrjfolder\User Defined Models.IntPrjfolder\Avr_Hi\vco_IEEET1.BlkDef\Used Macros\1/(K+sT).BlkDef
sK/(1+sT),,\VM-PF.IntUser\PDD 31-12-2024.IntPrj\Library.IntPrjfolder\User Defined Models.IntPrjfolder\Avr_Hi\vco_IEEET1.BlkDef\Used Macros\sK/(1+sT).BlkDef
Se(efd),,\VM-PF.IntUser\PDD 31-12-2024.IntPrj\Library.IntPrjfolder\User Defined Models.IntPrjfolder\Avr_Hi\vco_IEEET1.BlkDef\Used Macros\Se(efd).BlkDef
gov_HYGOV_MONCION1,,\VM-PF.IntUser\PDD 31-12-2024.IntPrj\Library.IntPrjfolder\User Defined Models.IntPrjfolder\Hidro_Gov\gov_HYGOV_MONCION1.BlkDef
1/sT,,\VM-PF.IntUser\PDD 31-12-2024.IntPrj\Library.IntPrjfolder\User Defined Models.IntPrjfolder\Hidro_Gov\gov_HYGOV_MONCION1.BlkDef\Used Macros\1/sT.BlkDef
Const,,\VM-PF.IntUser\PDD 31-12-2024.IntPrj\Library.IntPrjfolder\User Defined Models.IntPrjfolder\Hidro_Gov\gov_HYGOV_MONCION1.BlkDef\Used Macros\Const.BlkDef
(1/(1+sT)),,\VM-PF.IntUser\PDD 31-12-2024.IntPrj\Library.IntPrjfolder\User Defined Models.IntPrjfolder\Hidro_Gov\gov_HYGOV_MONCION1.BlkDef\Used Macros\(1/(1+sT)).BlkDef
K,,\VM-PF.IntUser\PDD 31-12-2024.IntPrj\Library.IntPrjfolder\User Defined Models.IntPrjfolder\Hidro_Gov\gov_HYGOV_MONCION1.BlkDef\Used Macros\K.BlkDef
Turb,,\VM-PF.IntUser\PDD 31-12-2024.IntPrj\Library.IntPrjfolder\User Defined Models.IntPrjfolder\Hidro_Gov\gov_HYGOV_MONCION1.BlkDef\Used Macros\Turb.BlkDef
One,,\VM-PF.IntUser\PDD 31-12-2024.IntPrj\Library.IntPrjfolder\User Defined Models.IntPrjfolder\Hidro_Gov\gov_HYGOV_MONCION1.BlkDef\Used Macros\One.BlkDef
1/(1+sT),,\VM-PF.IntUser\PDD 31-12-2024.IntPrj\Library.IntPrjfolder\User Defined Models.IntPrjfolder\Hidro_Gov\gov_HYGOV_MONCION1.BlkDef\Used Macros\1/(1+sT).BlkDef
{(1+Ts)/ksT},,\VM-PF.IntUser\PDD 31-12-2024.IntPrj\Library.IntPrjfolder\User Defined Models.IntPrjfolder\Hidro_Gov\gov_HYGOV_MONCION1.BlkDef\Used Macros\{(1+Ts)/ksT}.BlkDef
gov_HYGOV_MONCION2,,\VM-PF.IntUser\PDD 31-12-2024.IntPrj\Library.IntPrjfolder\User Defined Models.IntPrjfolder\Hidro_Gov\gov_HYGOV_MONCION2.BlkDef
1/sT,,\VM-PF.IntUser\PDD 31-12-2024.IntPrj\Library.IntPrjfolder\User Defined Models.IntPrjfolder\Hidro_Gov\gov_HYGOV_MONCION2.BlkDef\Used Macros\1/sT.BlkDef
Const,,\VM-PF.IntUser\PDD 31-12-2024.IntPrj\Library.IntPrjfolder\User Defined Models.IntPrjfolder\Hidro_Gov\gov_HYGOV_MONCION2.BlkDef\Used Macros\Const.BlkDef
(1/(1+sT)),,\VM-PF.IntUser\PDD 31-12-2024.IntPrj\Library.IntPrjfolder\User Defined Models.IntPrjfolder\Hidro_Gov\gov_HYGOV_MONCION2.BlkDef\Used Macros\(1/(1+sT)).BlkDef
K,,\VM-PF.IntUser\PDD 31-12-2024.IntPrj\Library.IntPrjfolder\User Defined Models.IntPrjfolder\Hidro_Gov\gov_HYGOV_MONCION2.BlkDef\Used Macros\K.BlkDef
Turb,,\VM-PF.IntUser\PDD 31-12-2024.IntPrj\Library.IntPrjfolder\User Defined Models.IntPrjfolder\Hidro_Gov\gov_HYGOV_MONCION2.BlkDef\Used Macros\Turb.BlkDef
One,,\VM-PF.IntUser\PDD 31-12-2024.IntPrj\Library.IntPrjfolder\User Defined Models.IntPrjfolder\Hidro_Gov\gov_HYGOV_MONCION2.BlkDef\Used Macros\One.BlkDef
1/(1+sT),,\VM-PF.IntUser\PDD 31-12-2024.IntPrj\Library.IntPrjfolder\User Defined Models.IntPrjfolder\Hidro_Gov\gov_HYGOV_MONCION2.BlkDef\Used Macros\1/(1+sT).BlkDef
{(1+Ts)/ksT},,\VM-PF.IntUser\PDD 31-12-2024.IntPrj\Library.IntPrjfolder\User Defined Models.IntPrjfolder\Hidro_Gov\gov_HYGOV_MONCION2.BlkDef\Used Macros\{(1+Ts)/ksT}.BlkDef
SYM Frame_no droop,,\VM-PF.IntUser\PDD 31-12-2024.IntPrj\Library.IntPrjfolder\User Defined Models.IntPrjfolder\SYM Frame_no droop.BlkDef
gov_GGOV1,,\Lib.IntLibrary\Dynamics\Arch\PF 2022 Models\DynPsse\gov_GGOV1.BlkDef
(Ldref/Kturb+Wfnl),,\Lib.IntLibrary\Dynamics\Arch\PF 2022 Models\DynPsse\gov_GGOV1.BlkDef\Used Macros\(Ldref/Kturb+Wfnl).BlkDef
K,,\Lib.IntLibrary\Dynamics\Arch\PF 2022 Models\DynPsse\gov_GGOV1.BlkDef\Used Macros\K.BlkDef
Lim <max,,\Lib.IntLibrary\Dynamics\Arch\PF 2022 Models\DynPsse\gov_GGOV1.BlkDef\Used Macros\Lim <max.BlkDef
1/(1+sT)_w/rate limit,,\Lib.IntLibrary\Dynamics\Arch\PF 2022 Models\DynPsse\gov_GGOV1.BlkDef\Used Macros\1/(1+sT)_w/rate limit.BlkDef
(1+sTa)/(1+sTb),,\Lib.IntLibrary\Dynamics\Arch\PF 2022 Models\DynPsse\gov_GGOV1.BlkDef\Used Macros\(1+sTa)/(1+sTb).BlkDef
K x delta,,\Lib.IntLibrary\Dynamics\Arch\PF 2022 Models\DynPsse\gov_GGOV1.BlkDef\Used Macros\K x delta.BlkDef
s/(1+sT),,\Lib.IntLibrary\Dynamics\Arch\PF 2022 Models\DynPsse\gov_GGOV1.BlkDef\Used Macros\s/(1+sT).BlkDef
K/s,,\Lib.IntLibrary\Dynamics\Arch\PF 2022 Models\DynPsse\gov_GGOV1.BlkDef\Used Macros\K/s.BlkDef
1/(1+sT),,\Lib.IntLibrary\Dynamics\Arch\PF 2022 Models\DynPsse\gov_GGOV1.BlkDef\Used Macros\1/(1+sT).BlkDef
Selector,,\Lib.IntLibrary\Dynamics\Arch\PF 2022 Models\DynPsse\gov_GGOV1.BlkDef\Used Macros\Selector.BlkDef
Const,,\Lib.IntLibrary\Dynamics\Arch\PF 2022 Models\DynPsse\gov_GGOV1.BlkDef\Used Macros\Const.BlkDef
Deadband_Offset_Lim,,\Lib.IntLibrary\Dynamics\Arch\PF 2022 Models\DynPsse\gov_GGOV1.BlkDef\Used Macros\Deadband_Offset_Lim.BlkDef
sK/(1+sT),,\Lib.IntLibrary\Dynamics\Arch\PF 2022 Models\DynPsse\gov_GGOV1.BlkDef\Used Macros\sK/(1+sT).BlkDef
LVgate,,\Lib.IntLibrary\Dynamics\Arch\PF 2022 Models\DynPsse\gov_GGOV1.BlkDef\Used Macros\LVgate.BlkDef
{{1/(1+sT)}},,\Lib.IntLibrary\Dynamics\Arch\PF 2022 Models\DynPsse\gov_GGOV1.BlkDef\Used Macros\{{1/(1+sT)}}.BlkDef
P_base,,\Lib.IntLibrary\Dynamics\Arch\PF 2022 Models\DynPsse\gov_GGOV1.BlkDef\Used Macros\P_base.BlkDef
Damping,,\Lib.IntLibrary\Dynamics\Arch\PF 2022 Models\DynPsse\gov_GGOV1.BlkDef\Used Macros\Damping.BlkDef
Sel,,\Lib.IntLibrary\Dynamics\Arch\PF 2022 Models\DynPsse\gov_GGOV1.BlkDef\Used Macros\Sel.BlkDef
Delay,,\Lib.IntLibrary\Dynamics\Arch\PF 2022 Models\DynPsse\gov_GGOV1.BlkDef\Used Macros\Delay.BlkDef
Pt/Pturb,,\Lib.IntLibrary\Dynamics\Arch\PF 2022 Models\DynPsse\gov_GGOV1.BlkDef\Used Macros\Pt/Pturb.BlkDef
(1+sTn)/(1+sTd),,\Lib.IntLibrary\Dynamics\Arch\PF 2022 Models\DynPsse\gov_GGOV1.BlkDef\Used Macros\(1+sTn)/(1+sTd).BlkDef
fix delay,,\Lib.IntLibrary\Dynamics\Arch\PF 2022 Models\DynPsse\gov_GGOV1.BlkDef\Used Macros\fix delay.BlkDef
{K/s,,\Lib.IntLibrary\Dynamics\Arch\PF 2022 Models\DynPsse\gov_GGOV1.BlkDef\Used Macros\{K/s.BlkDef
gov_HYGOV,,\VM-PF.IntUser\PDD 31-12-2024.IntPrj\Library.IntPrjfolder\Equipment Type Library.IntPrjfolder\Standard Models\gov_HYGOV.BlkDef
{(1+Ts)/ksT},,\VM-PF.IntUser\PDD 31-12-2024.IntPrj\Library.IntPrjfolder\Equipment Type Library.IntPrjfolder\Standard Models\gov_HYGOV.BlkDef\Used Macros\{(1+Ts)/ksT}.BlkDef
1/(1+sT),,\VM-PF.IntUser\PDD 31-12-2024.IntPrj\Library.IntPrjfolder\Equipment Type Library.IntPrjfolder\Standard Models\gov_HYGOV.BlkDef\Used Macros\1/(1+sT).BlkDef
(1/(1+sT)),,\VM-PF.IntUser\PDD 31-12-2024.IntPrj\Library.IntPrjfolder\Equipment Type Library.IntPrjfolder\Standard Models\gov_HYGOV.BlkDef\Used Macros\(1/(1+sT)).BlkDef
1/sT,,\VM-PF.IntUser\PDD 31-12-2024.IntPrj\Library.IntPrjfolder\Equipment Type Library.IntPrjfolder\Standard Models\gov_HYGOV.BlkDef\Used Macros\1/sT.BlkDef
K,,\VM-PF.IntUser\PDD 31-12-2024.IntPrj\Library.IntPrjfolder\Equipment Type Library.IntPrjfolder\Standard Models\gov_HYGOV.BlkDef\Used Macros\K.BlkDef
Turb,,\VM-PF.IntUser\PDD 31-12-2024.IntPrj\Library.IntPrjfolder\Equipment Type Library.IntPrjfolder\Standard Models\gov_HYGOV.BlkDef\Used Macros\Turb.BlkDef
Const,,\VM-PF.IntUser\PDD 31-12-2024.IntPrj\Library.IntPrjfolder\Equipment Type Library.IntPrjfolder\Standard Models\gov_HYGOV.BlkDef\Used Macros\Const.BlkDef
One,,\VM-PF.IntUser\PDD 31-12-2024.IntPrj\Library.IntPrjfolder\Equipment Type Library.IntPrjfolder\Standard Models\gov_HYGOV.BlkDef\Used Macros\One.BlkDef
vco_EXAC1,,\VM-PF.IntUser\PDD 31-12-2024.IntPrj\Library.IntPrjfolder\User Defined Models.IntPrjfolder\Avr_Hi\vco_EXAC1.BlkDef
1/(1+sT),,\VM-PF.IntUser\PDD 31-12-2024.IntPrj\Library.IntPrjfolder\User Defined Models.IntPrjfolder\Avr_Hi\vco_EXAC1.BlkDef\Used Macros\1/(1+sT).BlkDef
bias,,\VM-PF.IntUser\PDD 31-12-2024.IntPrj\Library.IntPrjfolder\User Defined Models.IntPrjfolder\Avr_Hi\vco_EXAC1.BlkDef\Used Macros\bias.BlkDef
_Fex_,,\VM-PF.IntUser\PDD 31-12-2024.IntPrj\Library.IntPrjfolder\User Defined Models.IntPrjfolder\Avr_Hi\vco_EXAC1.BlkDef\Used Macros\_Fex_.BlkDef
_(1+sTb)/(1+sTa)_,,\VM-PF.IntUser\PDD 31-12-2024.IntPrj\Library.IntPrjfolder\User Defined Models.IntPrjfolder\Avr_Hi\vco_EXAC1.BlkDef\Used Macros\_(1+sTb)/(1+sTa)_.BlkDef
_{K/(1+sT)}_,,\VM-PF.IntUser\PDD 31-12-2024.IntPrj\Library.IntPrjfolder\User Defined Models.IntPrjfolder\Avr_Hi\vco_EXAC1.BlkDef\Used Macros\_{K/(1+sT)}_.BlkDef
[1/sT,,\VM-PF.IntUser\PDD 31-12-2024.IntPrj\Library.IntPrjfolder\User Defined Models.IntPrjfolder\Avr_Hi\vco_EXAC1.BlkDef\Used Macros\[1/sT.BlkDef
reset,,\VM-PF.IntUser\PDD 31-12-2024.IntPrj\Library.IntPrjfolder\User Defined Models.IntPrjfolder\Avr_Hi\vco_EXAC1.BlkDef\Used Macros\reset.BlkDef
Se(efd)+Ke,,\VM-PF.IntUser\PDD 31-12-2024.IntPrj\Library.IntPrjfolder\User Defined Models.IntPrjfolder\Avr_Hi\vco_EXAC1.BlkDef\Used Macros\Se(efd)+Ke.BlkDef
K,,\VM-PF.IntUser\PDD 31-12-2024.IntPrj\Library.IntPrjfolder\User Defined Models.IntPrjfolder\Avr_Hi\vco_EXAC1.BlkDef\Used Macros\K.BlkDef
sK/(1+sT),,\VM-PF.IntUser\PDD 31-12-2024.IntPrj\Library.IntPrjfolder\User Defined Models.IntPrjfolder\Avr_Hi\vco_EXAC1.BlkDef\Used Macros\sK/(1+sT).BlkDef
gov_HYGOV_TAVERA1,,\VM-PF.IntUser\PDD 31-12-2024.IntPrj\Library.IntPrjfolder\User Defined Models.IntPrjfolder\Hidro_Gov\gov_HYGOV_TAVERA1.BlkDef
1/sT,,\VM-PF.IntUser\PDD 31-12-2024.IntPrj\Library.IntPrjfolder\User Defined Models.IntPrjfolder\Hidro_Gov\gov_HYGOV_TAVERA1.BlkDef\Used Macros\1/sT.BlkDef
Const,,\VM-PF.IntUser\PDD 31-12-2024.IntPrj\Library.IntPrjfolder\User Defined Models.IntPrjfolder\Hidro_Gov\gov_HYGOV_TAVERA1.BlkDef\Used Macros\Const.BlkDef
(1/(1+sT)),,\VM-PF.IntUser\PDD 31-12-2024.IntPrj\Library.IntPrjfolder\User Defined Models.IntPrjfolder\Hidro_Gov\gov_HYGOV_TAVERA1.BlkDef\Used Macros\(1/(1+sT)).BlkDef
K,,\VM-PF.IntUser\PDD 31-12-2024.IntPrj\Library.IntPrjfolder\User Defined Models.IntPrjfolder\Hidro_Gov\gov_HYGOV_TAVERA1.BlkDef\Used Macros\K.BlkDef
Turb,,\VM-PF.IntUser\PDD 31-12-2024.IntPrj\Library.IntPrjfolder\User Defined Models.IntPrjfolder\Hidro_Gov\gov_HYGOV_TAVERA1.BlkDef\Used Macros\Turb.BlkDef
One,,\VM-PF.IntUser\PDD 31-12-2024.IntPrj\Library.IntPrjfolder\User Defined Models.IntPrjfolder\Hidro_Gov\gov_HYGOV_TAVERA1.BlkDef\Used Macros\One.BlkDef
1/(1+sT),,\VM-PF.IntUser\PDD 31-12-2024.IntPrj\Library.IntPrjfolder\User Defined Models.IntPrjfolder\Hidro_Gov\gov_HYGOV_TAVERA1.BlkDef\Used Macros\1/(1+sT).BlkDef
{(1+Ts)/ksT},,\VM-PF.IntUser\PDD 31-12-2024.IntPrj\Library.IntPrjfolder\User Defined Models.IntPrjfolder\Hidro_Gov\gov_HYGOV_TAVERA1.BlkDef\Used Macros\{(1+Ts)/ksT}.BlkDef
Type 3 Frame,,\VM-PF.IntUser\PDD 31-12-2024.IntPrj\Library.IntPrjfolder\User Defined Models.IntPrjfolder\Guanillo\Type 3 Frame.BlkDef
Two-dimensional aerodynamic model,,\VM-PF.IntUser\PDD 31-12-2024.IntPrj\Library.IntPrjfolder\User Defined Models.IntPrjfolder\Guanillo\Two-dimensional aerodynamic model.BlkDef
Two mass model (Type 3),,\VM-PF.IntUser\PDD 31-12-2024.IntPrj\Library.IntPrjfolder\User Defined Models.IntPrjfolder\Guanillo\Two mass model (Type 3).BlkDef
Type 3 A generator set model,,\VM-PF.IntUser\PDD 31-12-2024.IntPrj\Library.IntPrjfolder\User Defined Models.IntPrjfolder\Guanillo\Type 3 A generator set model.BlkDef
Pitch angle control model,,\VM-PF.IntUser\PDD 31-12-2024.IntPrj\Library.IntPrjfolder\User Defined Models.IntPrjfolder\Guanillo\Pitch angle control model.BlkDef
P control model type 3,,\VM-PF.IntUser\PDD 31-12-2024.IntPrj\Library.IntPrjfolder\User Defined Models.IntPrjfolder\Guanillo\P control model type 3.BlkDef
Current limitation model,,\VM-PF.IntUser\PDD 31-12-2024.IntPrj\Library.IntPrjfolder\User Defined Models.IntPrjfolder\Guanillo\Current limitation model.BlkDef
Q control model,,\VM-PF.IntUser\PDD 31-12-2024.IntPrj\Library.IntPrjfolder\User Defined Models.IntPrjfolder\Guanillo\Q control model.BlkDef
QP and QU limitation model,,\VM-PF.IntUser\PDD 31-12-2024.IntPrj\Library.IntPrjfolder\User Defined Models.IntPrjfolder\Guanillo\QP and QU limitation model.BlkDef
Grid Protection Model,,\VM-PF.IntUser\PDD 31-12-2024.IntPrj\Library.IntPrjfolder\User Defined Models.IntPrjfolder\Guanillo\Grid Protection Model.BlkDef
Reference frame rotation model (PLL),,\VM-PF.IntUser\PDD 31-12-2024.IntPrj\Library.IntPrjfolder\User Defined Models.IntPrjfolder\Guanillo\Reference frame rotation model (PLL).BlkDef
Type 3 Frame,,\VM-PF.IntUser\PDD 31-12-2024.IntPrj\Library.IntPrjfolder\User Defined Models.IntPrjfolder\Guanillo1\3A_IEC61400-27-1_2MW\Library\IEC61400-27-1 (2015)\Type 3 Frame.BlkDef
Current limitation model,,\VM-PF.IntUser\PDD 31-12-2024.IntPrj\Library.IntPrjfolder\User Defined Models.IntPrjfolder\Guanillo1\3A_IEC61400-27-1_2MW\Library\IEC61400-27-1 (2015)\Current limitation model.BlkDef
P control model type 3,,\VM-PF.IntUser\PDD 31-12-2024.IntPrj\Library.IntPrjfolder\User Defined Models.IntPrjfolder\Guanillo1\3A_IEC61400-27-1_2MW\Library\IEC61400-27-1 (2015)\P control model type 3.BlkDef
Reference frame rotation model (PLL),,\VM-PF.IntUser\PDD 31-12-2024.IntPrj\Library.IntPrjfolder\User Defined Models.IntPrjfolder\Guanillo1\3A_IEC61400-27-1_2MW\Library\IEC61400-27-1 (2015)\Reference frame rotation model (PLL).BlkDef
Pitch angle control model,,\VM-PF.IntUser\PDD 31-12-2024.IntPrj\Library.IntPrjfolder\User Defined Models.IntPrjfolder\Guanillo1\3A_IEC61400-27-1_2MW\Library\IEC61400-27-1 (2015)\Pitch angle control model.BlkDef
Grid Protection Model,,\VM-PF.IntUser\PDD 31-12-2024.IntPrj\Library.IntPrjfolder\User Defined Models.IntPrjfolder\Guanillo1\3A_IEC61400-27-1_2MW\Library\IEC61400-27-1 (2015)\Grid Protection Model.BlkDef
Q control model,,\VM-PF.IntUser\PDD 31-12-2024.IntPrj\Library.IntPrjfolder\User Defined Models.IntPrjfolder\Guanillo1\3A_IEC61400-27-1_2MW\Library\IEC61400-27-1 (2015)\Q control model.BlkDef
QP and QU limitation model,,\VM-PF.IntUser\PDD 31-12-2024.IntPrj\Library.IntPrjfolder\User Defined Models.IntPrjfolder\Guanillo1\3A_IEC61400-27-1_2MW\Library\IEC61400-27-1 (2015)\QP and QU limitation model.BlkDef
Two mass model (Type 3),,\VM-PF.IntUser\PDD 31-12-2024.IntPrj\Library.IntPrjfolder\User Defined Models.IntPrjfolder\Guanillo1\3A_IEC61400-27-1_2MW\Library\IEC61400-27-1 (2015)\Two mass model (Type 3).BlkDef
Type 3 A generator set model,,\VM-PF.IntUser\PDD 31-12-2024.IntPrj\Library.IntPrjfolder\User Defined Models.IntPrjfolder\Guanillo1\3A_IEC61400-27-1_2MW\Library\IEC61400-27-1 (2015)\Type 3 A generator set model.BlkDef
Two-dimensional aerodynamic model,,\VM-PF.IntUser\PDD 31-12-2024.IntPrj\Library.IntPrjfolder\User Defined Models.IntPrjfolder\Guanillo1\3A_IEC61400-27-1_2MW\Library\IEC61400-27-1 (2015)\Two-dimensional aerodynamic model.BlkDef
Generator Control Frame,,\VM-PF.IntUser\PDD 31-12-2024.IntPrj\Library.IntPrjfolder\User Defined Models.IntPrjfolder\Pimentel 5\50DF-13.8KV_template_new R1_BB.IntFolder\Library\Modified 50SG template_R\UNITROL 1000 Modules Rev_R\Generator Control Frame.BlkDef
spi_SetPointInterface,,\VM-PF.IntUser\PDD 31-12-2024.IntPrj\Library.IntPrjfolder\User Defined Models.IntPrjfolder\Pimentel 5\50DF-13.8KV_template_new R1_BB.IntFolder\Library\Modified 50SG template_R\UNITROL 1000 Modules Rev_R\spi_SetPointInterface.BlkDef
UNITROL 1000 Frame,,\VM-PF.IntUser\PDD 31-12-2024.IntPrj\Library.IntPrjfolder\User Defined Models.IntPrjfolder\Pimentel 5\50DF-13.8KV_template_new R1_BB.IntFolder\Library\Modified 50SG template_R\UNITROL 1000 Modules Rev_R\UNITROL 1000 Frame.BlkDef
mea_Mesurements,,\VM-PF.IntUser\PDD 31-12-2024.IntPrj\Library.IntPrjfolder\User Defined Models.IntPrjfolder\Pimentel 5\50DF-13.8KV_template_new R1_BB.IntFolder\Library\Modified 50SG template_R\UNITROL 1000 Modules Rev_R\mea_Mesurements.BlkDef
exc_Exciter Machine,,\VM-PF.IntUser\PDD 31-12-2024.IntPrj\Library.IntPrjfolder\User Defined Models.IntPrjfolder\Pimentel 5\50DF-13.8KV_template_new R1_BB.IntFolder\Library\Modified 50SG template_R\UNITROL 1000 Modules Rev_R\exc_Exciter Machine.BlkDef
(Vfe_max-KdIfd)/(Ke+Se(Ve)),,\VM-PF.IntUser\PDD 31-12-2024.IntPrj\Library.IntPrjfolder\User Defined Models.IntPrjfolder\Pimentel 5\50DF-13.8KV_template_new R1_BB.IntFolder\Library\Modified 50SG template_R\UNITROL 1000 Modules Rev_R\exc_Exciter Machine.BlkDef\Used Macros\(Vfe_max-KdIfd)/(Ke+Se(Ve)).BlkDef
K,,\VM-PF.IntUser\PDD 31-12-2024.IntPrj\Library.IntPrjfolder\User Defined Models.IntPrjfolder\Pimentel 5\50DF-13.8KV_template_new R1_BB.IntFolder\Library\Modified 50SG template_R\UNITROL 1000 Modules Rev_R\exc_Exciter Machine.BlkDef\Used Macros\K.BlkDef
In,,\VM-PF.IntUser\PDD 31-12-2024.IntPrj\Library.IntPrjfolder\User Defined Models.IntPrjfolder\Pimentel 5\50DF-13.8KV_template_new R1_BB.IntFolder\Library\Modified 50SG template_R\UNITROL 1000 Modules Rev_R\exc_Exciter Machine.BlkDef\Used Macros\In.BlkDef
Fex(In),,\VM-PF.IntUser\PDD 31-12-2024.IntPrj\Library.IntPrjfolder\User Defined Models.IntPrjfolder\Pimentel 5\50DF-13.8KV_template_new R1_BB.IntFolder\Library\Modified 50SG template_R\UNITROL 1000 Modules Rev_R\exc_Exciter Machine.BlkDef\Used Macros\Fex(In).BlkDef
Se(Ve),,\VM-PF.IntUser\PDD 31-12-2024.IntPrj\Library.IntPrjfolder\User Defined Models.IntPrjfolder\Pimentel 5\50DF-13.8KV_template_new R1_BB.IntFolder\Library\Modified 50SG template_R\UNITROL 1000 Modules Rev_R\exc_Exciter Machine.BlkDef\Used Macros\Se(Ve).BlkDef
1/sT (p;s) _fb,,\VM-PF.IntUser\PDD 31-12-2024.IntPrj\Library.IntPrjfolder\User Defined Models.IntPrjfolder\Pimentel 5\50DF-13.8KV_template_new R1_BB.IntFolder\Library\Modified 50SG template_R\UNITROL 1000 Modules Rev_R\DIgSILENT Library\Dynamic Models\Macros\Integrators\1/sT (p;s) _fb.BlkDef
sup_Excitation Supplies,,\VM-PF.IntUser\PDD 31-12-2024.IntPrj\Library.IntPrjfolder\User Defined Models.IntPrjfolder\Pimentel 5\50DF-13.8KV_template_new R1_BB.IntFolder\Library\Modified 50SG template_R\UNITROL 1000 Modules Rev_R\sup_Excitation Supplies.BlkDef
K,,\VM-PF.IntUser\PDD 31-12-2024.IntPrj\Library.IntPrjfolder\User Defined Models.IntPrjfolder\Pimentel 5\50DF-13.8KV_template_new R1_BB.IntFolder\Library\Modified 50SG template_R\UNITROL 1000 Modules Rev_R\sup_Excitation Supplies.BlkDef\Used Macros1\K.BlkDef
Supply Mode,,\VM-PF.IntUser\PDD 31-12-2024.IntPrj\Library.IntPrjfolder\User Defined Models.IntPrjfolder\Pimentel 5\50DF-13.8KV_template_new R1_BB.IntFolder\Library\Modified 50SG template_R\UNITROL 1000 Modules Rev_R\sup_Excitation Supplies.BlkDef\Used Macros\Supply Mode.BlkDef
Const,,\VM-PF.IntUser\PDD 31-12-2024.IntPrj\Library.IntPrjfolder\User Defined Models.IntPrjfolder\Pimentel 5\50DF-13.8KV_template_new R1_BB.IntFolder\Library\Modified 50SG template_R\UNITROL 1000 Modules Rev_R\DIgSILENT Library\Dynamic Models\Macros\Constants\v001\Const.BlkDef
HVgate,,\VM-PF.IntUser\PDD 31-12-2024.IntPrj\Library.IntPrjfolder\User Defined Models.IntPrjfolder\Pimentel 5\50DF-13.8KV_template_new R1_BB.IntFolder\Library\Modified 50SG template_R\UNITROL 1000 Modules Rev_R\sup_Excitation Supplies.BlkDef\Used Macros\HVgate.BlkDef
abs,,\VM-PF.IntUser\PDD 31-12-2024.IntPrj\Library.IntPrjfolder\User Defined Models.IntPrjfolder\Pimentel 5\50DF-13.8KV_template_new R1_BB.IntFolder\Library\Modified 50SG template_R\UNITROL 1000 Modules Rev_R\sup_Excitation Supplies.BlkDef\Used Macros1\abs.BlkDef
In2,,\VM-PF.IntUser\PDD 31-12-2024.IntPrj\Library.IntPrjfolder\User Defined Models.IntPrjfolder\Pimentel 5\50DF-13.8KV_template_new R1_BB.IntFolder\Library\Modified 50SG template_R\UNITROL 1000 Modules Rev_R\sup_Excitation Supplies.BlkDef\Used Macros1\In2.BlkDef
Fex(In2),,\VM-PF.IntUser\PDD 31-12-2024.IntPrj\Library.IntPrjfolder\User Defined Models.IntPrjfolder\Pimentel 5\50DF-13.8KV_template_new R1_BB.IntFolder\Library\Modified 50SG template_R\UNITROL 1000 Modules Rev_R\sup_Excitation Supplies.BlkDef\Used Macros1\Fex(In2).BlkDef
High Limit,,\VM-PF.IntUser\PDD 31-12-2024.IntPrj\Library.IntPrjfolder\User Defined Models.IntPrjfolder\Pimentel 5\50DF-13.8KV_template_new R1_BB.IntFolder\Library\Modified 50SG template_R\UNITROL 1000 Modules Rev_R\DIgSILENT Library\Dynamic Models\Macros\Limiters\v001\High Limit.BlkDef
avr_AVR Unitrol 1000,,\VM-PF.IntUser\PDD 31-12-2024.IntPrj\Library.IntPrjfolder\User Defined Models.IntPrjfolder\Pimentel 5\50DF-13.8KV_template_new R1_BB.IntFolder\Library\Modified 50SG template_R\UNITROL 1000 Modules Rev_R\avr_AVR Unitrol 1000.BlkDef
bst_Boost Voltage,,\VM-PF.IntUser\PDD 31-12-2024.IntPrj\Library.IntPrjfolder\User Defined Models.IntPrjfolder\Pimentel 5\50DF-13.8KV_template_new R1_BB.IntFolder\Library\Modified 50SG template_R\UNITROL 1000 Modules Rev_R\bst_Boost Voltage.BlkDef
ssy_Speed Synthesizer,,\VM-PF.IntUser\PDD 31-12-2024.IntPrj\Library.IntPrjfolder\User Defined Models.IntPrjfolder\Pimentel 5\50DF-13.8KV_template_new R1_BB.IntFolder\Library\Modified 50SG template_R\UNITROL 1000 Modules Rev_R\ssy_Speed Synthesizer.BlkDef
uml_Stator Voltage Limiter,,\VM-PF.IntUser\PDD 31-12-2024.IntPrj\Library.IntPrjfolder\User Defined Models.IntPrjfolder\Pimentel 5\50DF-13.8KV_template_new R1_BB.IntFolder\Library\Modified 50SG template_R\UNITROL 1000 Modules Rev_R\uml_Stator Voltage Limiter.BlkDef
pfq_dir_PF/MVAR control,,\VM-PF.IntUser\PDD 31-12-2024.IntPrj\Library.IntPrjfolder\User Defined Models.IntPrjfolder\Pimentel 5\50DF-13.8KV_template_new R1_BB.IntFolder\Library\Modified 50SG template_R\UNITROL 1000 Modules Rev_R\pfq_dir_PF/MVAR control.BlkDef
ipq_Indirect PFQ Control,,\VM-PF.IntUser\PDD 31-12-2024.IntPrj\Library.IntPrjfolder\User Defined Models.IntPrjfolder\Pimentel 5\50DF-13.8KV_template_new R1_BB.IntFolder\Library\Modified 50SG template_R\UNITROL 1000 Modules Rev_R\ipq_Indirect PFQ Control.BlkDef
vhz_V/HZ limiter,,\VM-PF.IntUser\PDD 31-12-2024.IntPrj\Library.IntPrjfolder\User Defined Models.IntPrjfolder\Pimentel 5\50DF-13.8KV_template_new R1_BB.IntFolder\Library\Modified 50SG template_R\UNITROL 1000 Modules Rev_R\vhz_V/HZ limiter.BlkDef
asy_Asymmetry detection,,\VM-PF.IntUser\PDD 31-12-2024.IntPrj\Library.IntPrjfolder\User Defined Models.IntPrjfolder\Pimentel 5\50DF-13.8KV_template_new R1_BB.IntFolder\Library\Modified 50SG template_R\UNITROL 1000 Modules Rev_R\asy_Asymmetry detection.BlkDef
pql_PQ Limiter,,\VM-PF.IntUser\PDD 31-12-2024.IntPrj\Library.IntPrjfolder\User Defined Models.IntPrjfolder\Pimentel 5\50DF-13.8KV_template_new R1_BB.IntFolder\Library\Modified 50SG template_R\UNITROL 1000 Modules Rev_R\pql_PQ Limiter.BlkDef
iml_Stator Current Limiter,,\VM-PF.IntUser\PDD 31-12-2024.IntPrj\Library.IntPrjfolder\User Defined Models.IntPrjfolder\Pimentel 5\50DF-13.8KV_template_new R1_BB.IntFolder\Library\Modified 50SG template_R\UNITROL 1000 Modules Rev_R\iml_Stator Current Limiter.BlkDef
iel_IeMin Limiter,,\VM-PF.IntUser\PDD 31-12-2024.IntPrj\Library.IntPrjfolder\User Defined Models.IntPrjfolder\Pimentel 5\50DF-13.8KV_template_new R1_BB.IntFolder\Library\Modified 50SG template_R\UNITROL 1000 Modules Rev_R\iel_IeMin Limiter.BlkDef
ieh_IeMax Limiter,,\VM-PF.IntUser\PDD 31-12-2024.IntPrj\Library.IntPrjfolder\User Defined Models.IntPrjfolder\Pimentel 5\50DF-13.8KV_template_new R1_BB.IntFolder\Library\Modified 50SG template_R\UNITROL 1000 Modules Rev_R\ieh_IeMax Limiter.BlkDef
Control Mode Takover Frame,,\VM-PF.IntUser\PDD 31-12-2024.IntPrj\Library.IntPrjfolder\User Defined Models.IntPrjfolder\Pimentel 5\50DF-13.8KV_template_new R1_BB.IntFolder\Library\Modified 50SG template_R\UNITROL 1000 Modules Rev_R\Control Mode Takover Frame.BlkDef
sel_Selected Mode,,\VM-PF.IntUser\PDD 31-12-2024.IntPrj\Library.IntPrjfolder\User Defined Models.IntPrjfolder\Pimentel 5\50DF-13.8KV_template_new R1_BB.IntFolder\Library\Modified 50SG template_R\UNITROL 1000 Modules Rev_R\sel_Selected Mode.BlkDef
tov_Control Mode Takeover Logic,,\VM-PF.IntUser\PDD 31-12-2024.IntPrj\Library.IntPrjfolder\User Defined Models.IntPrjfolder\Pimentel 5\50DF-13.8KV_template_new R1_BB.IntFolder\Library\Modified 50SG template_R\UNITROL 1000 Modules Rev_R\tov_Control Mode Takeover Logic.BlkDef
Limiters Takeover Frame,,\VM-PF.IntUser\PDD 31-12-2024.IntPrj\Library.IntPrjfolder\User Defined Models.IntPrjfolder\Pimentel 5\50DF-13.8KV_template_new R1_BB.IntFolder\Library\Modified 50SG template_R\UNITROL 1000 Modules Rev_R\Limiters Takeover Frame.BlkDef
blk_Limiters Takeover Logic,,\VM-PF.IntUser\PDD 31-12-2024.IntPrj\Library.IntPrjfolder\User Defined Models.IntPrjfolder\Pimentel 5\50DF-13.8KV_template_new R1_BB.IntFolder\Library\Modified 50SG template_R\UNITROL 1000 Modules Rev_R\blk_Limiters Takeover Logic.BlkDef
OELUEL priority Frame,,\VM-PF.IntUser\PDD 31-12-2024.IntPrj\Library.IntPrjfolder\User Defined Models.IntPrjfolder\Pimentel 5\50DF-13.8KV_template_new R1_BB.IntFolder\Library\Modified 50SG template_R\UNITROL 1000 Modules Rev_R\OELUEL priority Frame.BlkDef
lip_Limiter Prioritisation Logic,,\VM-PF.IntUser\PDD 31-12-2024.IntPrj\Library.IntPrjfolder\User Defined Models.IntPrjfolder\Pimentel 5\50DF-13.8KV_template_new R1_BB.IntFolder\Library\Modified 50SG template_R\UNITROL 1000 Modules Rev_R\lip_Limiter Prioritisation Logic.BlkDef
iro_signal_Routing_ind_contr,,\VM-PF.IntUser\PDD 31-12-2024.IntPrj\Library.IntPrjfolder\User Defined Models.IntPrjfolder\Pimentel 5\50DF-13.8KV_template_new R1_BB.IntFolder\Library\Modified 50SG template_R\UNITROL 1000 Modules Rev_R\iro_signal_Routing_ind_contr.BlkDef
det_LVRT plus clear,,\VM-PF.IntUser\PDD 31-12-2024.IntPrj\Library.IntPrjfolder\User Defined Models.IntPrjfolder\Pimentel 5\50DF-13.8KV_template_new R1_BB.IntFolder\Library\Modified 50SG template_R\UNITROL 1000 Modules Rev_R\det_LVRT plus clear.BlkDef
ipp_Indirect PFQ with PI,,\VM-PF.IntUser\PDD 31-12-2024.IntPrj\Library.IntPrjfolder\User Defined Models.IntPrjfolder\Pimentel 5\50DF-13.8KV_template_new R1_BB.IntFolder\Library\Modified 50SG template_R\UNITROL 1000 Modules Rev_R\ipp_Indirect PFQ with PI.BlkDef
Governor_Engine Frame,,\VM-PF.IntUser\PDD 31-12-2024.IntPrj\Library.IntPrjfolder\User Defined Models.IntPrjfolder\Pimentel 5\50DF-13.8KV_template_new R1_BB.IntFolder\Library\Modified 50SG template_R\Library\User Defined Models\Wartsila_Engine_Governor_model\Governor_Engine Frame.BlkDef
Engine and Coupling,,\VM-PF.IntUser\PDD 31-12-2024.IntPrj\Library.IntPrjfolder\User Defined Models.IntPrjfolder\Pimentel 5\50DF-13.8KV_template_new R1_BB.IntFolder\Library\Modified 50SG template_R\Library\User Defined Models\Wartsila_Engine_Governor_model\Engine and Coupling.BlkDef
Fuel Control,,\VM-PF.IntUser\PDD 31-12-2024.IntPrj\Library.IntPrjfolder\User Defined Models.IntPrjfolder\Pimentel 5\50DF-13.8KV_template_new R1_BB.IntFolder\Library\Modified 50SG template_R\Library\User Defined Models\Wartsila_Engine_Governor_model\Fuel Control.BlkDef
Measurements,,\VM-PF.IntUser\PDD 31-12-2024.IntPrj\Library.IntPrjfolder\User Defined Models.IntPrjfolder\Pimentel 5\50DF-13.8KV_template_new R1_BB.IntFolder\Library\Modified 50SG template_R\Library\User Defined Models\Wartsila_Engine_Governor_model\Measurements.BlkDef
Engine Control,,\VM-PF.IntUser\PDD 31-12-2024.IntPrj\Library.IntPrjfolder\User Defined Models.IntPrjfolder\Pimentel 5\50DF-13.8KV_template_new R1_BB.IntFolder\Library\Modified 50SG template_R\Library\User Defined Models\Wartsila_Engine_Governor_model\Engine Control.BlkDef
FRT Enable,,\VM-PF.IntUser\PDD 31-12-2024.IntPrj\Library.IntPrjfolder\User Defined Models.IntPrjfolder\Pimentel 5\50DF-13.8KV_template_new R1_BB.IntFolder\Library\Modified 50SG template_R\Library\User Defined Models\Wartsila_Engine_Governor_model\FRT Enable.BlkDef
Speed_Droop_Control,,\VM-PF.IntUser\PDD 31-12-2024.IntPrj\Library.IntPrjfolder\User Defined Models.IntPrjfolder\Pimentel 5\50DF-13.8KV_template_new R1_BB.IntFolder\Library\Modified 50SG template_R\Library\User Defined Models\Wartsila_Engine_Governor_model\Speed_Droop_Control.BlkDef
Speed Con PID,,\VM-PF.IntUser\PDD 31-12-2024.IntPrj\Library.IntPrjfolder\User Defined Models.IntPrjfolder\Pimentel 5\50DF-13.8KV_template_new R1_BB.IntFolder\Library\Modified 50SG template_R\Library\User Defined Models\Wartsila_Engine_Governor_model\Speed Con PID.BlkDef
Speed Ref Rate Limit,,\VM-PF.IntUser\PDD 31-12-2024.IntPrj\Library.IntPrjfolder\User Defined Models.IntPrjfolder\Pimentel 5\50DF-13.8KV_template_new R1_BB.IntFolder\Library\Modified 50SG template_R\Library\User Defined Models\Wartsila_Engine_Governor_model\Speed Ref Rate Limit.BlkDef
MFC,,\VM-PF.IntUser\PDD 31-12-2024.IntPrj\Library.IntPrjfolder\User Defined Models.IntPrjfolder\Pimentel 5\50DF-13.8KV_template_new R1_BB.IntFolder\Library\Modified 50SG template_R\Library\User Defined Models\Wartsila_Engine_Governor_model\MFC.BlkDef
TruekW_Control,,\VM-PF.IntUser\PDD 31-12-2024.IntPrj\Library.IntPrjfolder\User Defined Models.IntPrjfolder\Pimentel 5\50DF-13.8KV_template_new R1_BB.IntFolder\Library\Modified 50SG template_R\Library\User Defined Models\Wartsila_Engine_Governor_model\TruekW_Control.BlkDef
TruekW Reference,,\VM-PF.IntUser\PDD 31-12-2024.IntPrj\Library.IntPrjfolder\User Defined Models.IntPrjfolder\Pimentel 5\50DF-13.8KV_template_new R1_BB.IntFolder\Library\Modified 50SG template_R\Library\User Defined Models\Wartsila_Engine_Governor_model\TruekW Reference.BlkDef
TruekW Con PID,,\VM-PF.IntUser\PDD 31-12-2024.IntPrj\Library.IntPrjfolder\User Defined Models.IntPrjfolder\Pimentel 5\50DF-13.8KV_template_new R1_BB.IntFolder\Library\Modified 50SG template_R\Library\User Defined Models\Wartsila_Engine_Governor_model\TruekW Con PID.BlkDef
gov_HYGOV_LTOROS1,,\VM-PF.IntUser\PDD 31-12-2024.IntPrj\Library.IntPrjfolder\User Defined Models.IntPrjfolder\Hidro_Gov\gov_HYGOV_LTOROS1.BlkDef
1/sT,,\VM-PF.IntUser\PDD 31-12-2024.IntPrj\Library.IntPrjfolder\User Defined Models.IntPrjfolder\Hidro_Gov\gov_HYGOV_LTOROS1.BlkDef\Used Macros\1/sT.BlkDef
Const,,\VM-PF.IntUser\PDD 31-12-2024.IntPrj\Library.IntPrjfolder\User Defined Models.IntPrjfolder\Hidro_Gov\gov_HYGOV_LTOROS1.BlkDef\Used Macros\Const.BlkDef
(1/(1+sT)),,\VM-PF.IntUser\PDD 31-12-2024.IntPrj\Library.IntPrjfolder\User Defined Models.IntPrjfolder\Hidro_Gov\gov_HYGOV_LTOROS1.BlkDef\Used Macros\(1/(1+sT)).BlkDef
K,,\VM-PF.IntUser\PDD 31-12-2024.IntPrj\Library.IntPrjfolder\User Defined Models.IntPrjfolder\Hidro_Gov\gov_HYGOV_LTOROS1.BlkDef\Used Macros\K.BlkDef
Turb,,\VM-PF.IntUser\PDD 31-12-2024.IntPrj\Library.IntPrjfolder\User Defined Models.IntPrjfolder\Hidro_Gov\gov_HYGOV_LTOROS1.BlkDef\Used Macros\Turb.BlkDef
One,,\VM-PF.IntUser\PDD 31-12-2024.IntPrj\Library.IntPrjfolder\User Defined Models.IntPrjfolder\Hidro_Gov\gov_HYGOV_LTOROS1.BlkDef\Used Macros\One.BlkDef
1/(1+sT),,\VM-PF.IntUser\PDD 31-12-2024.IntPrj\Library.IntPrjfolder\User Defined Models.IntPrjfolder\Hidro_Gov\gov_HYGOV_LTOROS1.BlkDef\Used Macros\1/(1+sT).BlkDef
{(1+Ts)/ksT},,\VM-PF.IntUser\PDD 31-12-2024.IntPrj\Library.IntPrjfolder\User Defined Models.IntPrjfolder\Hidro_Gov\gov_HYGOV_LTOROS1.BlkDef\Used Macros\{(1+Ts)/ksT}.BlkDef
gov_HYGOV_LTOROS2,,\VM-PF.IntUser\PDD 31-12-2024.IntPrj\Library.IntPrjfolder\User Defined Models.IntPrjfolder\Hidro_Gov\gov_HYGOV_LTOROS2.BlkDef
1/sT,,\VM-PF.IntUser\PDD 31-12-2024.IntPrj\Library.IntPrjfolder\User Defined Models.IntPrjfolder\Hidro_Gov\gov_HYGOV_LTOROS2.BlkDef\Used Macros\1/sT.BlkDef
Const,,\VM-PF.IntUser\PDD 31-12-2024.IntPrj\Library.IntPrjfolder\User Defined Models.IntPrjfolder\Hidro_Gov\gov_HYGOV_LTOROS2.BlkDef\Used Macros\Const.BlkDef
(1/(1+sT)),,\VM-PF.IntUser\PDD 31-12-2024.IntPrj\Library.IntPrjfolder\User Defined Models.IntPrjfolder\Hidro_Gov\gov_HYGOV_LTOROS2.BlkDef\Used Macros\(1/(1+sT)).BlkDef
K,,\VM-PF.IntUser\PDD 31-12-2024.IntPrj\Library.IntPrjfolder\User Defined Models.IntPrjfolder\Hidro_Gov\gov_HYGOV_LTOROS2.BlkDef\Used Macros\K.BlkDef
Turb,,\VM-PF.IntUser\PDD 31-12-2024.IntPrj\Library.IntPrjfolder\User Defined Models.IntPrjfolder\Hidro_Gov\gov_HYGOV_LTOROS2.BlkDef\Used Macros\Turb.BlkDef
One,,\VM-PF.IntUser\PDD 31-12-2024.IntPrj\Library.IntPrjfolder\User Defined Models.IntPrjfolder\Hidro_Gov\gov_HYGOV_LTOROS2.BlkDef\Used Macros\One.BlkDef
1/(1+sT),,\VM-PF.IntUser\PDD 31-12-2024.IntPrj\Library.IntPrjfolder\User Defined Models.IntPrjfolder\Hidro_Gov\gov_HYGOV_LTOROS2.BlkDef\Used Macros\1/(1+sT).BlkDef
{(1+Ts)/ksT},,\VM-PF.IntUser\PDD 31-12-2024.IntPrj\Library.IntPrjfolder\User Defined Models.IntPrjfolder\Hidro_Gov\gov_HYGOV_LTOROS2.BlkDef\Used Macros\{(1+Ts)/ksT}.BlkDef
gov_HYGOV_LDAMAS,,\VM-PF.IntUser\PDD 31-12-2024.IntPrj\Library.IntPrjfolder\User Defined Models.IntPrjfolder\Hidro_Gov\gov_HYGOV_LDAMAS.BlkDef
1/sT,,\VM-PF.IntUser\PDD 31-12-2024.IntPrj\Library.IntPrjfolder\User Defined Models.IntPrjfolder\Hidro_Gov\gov_HYGOV_LDAMAS.BlkDef\Used Macros\1/sT.BlkDef
Const,,\VM-PF.IntUser\PDD 31-12-2024.IntPrj\Library.IntPrjfolder\User Defined Models.IntPrjfolder\Hidro_Gov\gov_HYGOV_LDAMAS.BlkDef\Used Macros\Const.BlkDef
(1/(1+sT)),,\VM-PF.IntUser\PDD 31-12-2024.IntPrj\Library.IntPrjfolder\User Defined Models.IntPrjfolder\Hidro_Gov\gov_HYGOV_LDAMAS.BlkDef\Used Macros\(1/(1+sT)).BlkDef
K,,\VM-PF.IntUser\PDD 31-12-2024.IntPrj\Library.IntPrjfolder\User Defined Models.IntPrjfolder\Hidro_Gov\gov_HYGOV_LDAMAS.BlkDef\Used Macros\K.BlkDef
Turb,,\VM-PF.IntUser\PDD 31-12-2024.IntPrj\Library.IntPrjfolder\User Defined Models.IntPrjfolder\Hidro_Gov\gov_HYGOV_LDAMAS.BlkDef\Used Macros\Turb.BlkDef
One,,\VM-PF.IntUser\PDD 31-12-2024.IntPrj\Library.IntPrjfolder\User Defined Models.IntPrjfolder\Hidro_Gov\gov_HYGOV_LDAMAS.BlkDef\Used Macros\One.BlkDef
1/(1+sT),,\VM-PF.IntUser\PDD 31-12-2024.IntPrj\Library.IntPrjfolder\User Defined Models.IntPrjfolder\Hidro_Gov\gov_HYGOV_LDAMAS.BlkDef\Used Macros\1/(1+sT).BlkDef
{(1+Ts)/ksT},,\VM-PF.IntUser\PDD 31-12-2024.IntPrj\Library.IntPrjfolder\User Defined Models.IntPrjfolder\Hidro_Gov\gov_HYGOV_LDAMAS.BlkDef\Used Macros\{(1+Ts)/ksT}.BlkDef
vco_EXAC1,,\VM-PF.IntUser\PDD 31-12-2024.IntPrj\Library.IntPrjfolder\User Defined Models.IntPrjfolder\Avr_Mot\vco_EXAC1.BlkDef
1/(1+sT),,\VM-PF.IntUser\PDD 31-12-2024.IntPrj\Library.IntPrjfolder\User Defined Models.IntPrjfolder\Avr_Mot\vco_EXAC1.BlkDef\Used Macros\1/(1+sT).BlkDef
bias,,\VM-PF.IntUser\PDD 31-12-2024.IntPrj\Library.IntPrjfolder\User Defined Models.IntPrjfolder\Avr_Mot\vco_EXAC1.BlkDef\Used Macros\bias.BlkDef
_Fex_,,\VM-PF.IntUser\PDD 31-12-2024.IntPrj\Library.IntPrjfolder\User Defined Models.IntPrjfolder\Avr_Mot\vco_EXAC1.BlkDef\Used Macros\_Fex_.BlkDef
_(1+sTb)/(1+sTa)_,,\VM-PF.IntUser\PDD 31-12-2024.IntPrj\Library.IntPrjfolder\User Defined Models.IntPrjfolder\Avr_Mot\vco_EXAC1.BlkDef\Used Macros\_(1+sTb)/(1+sTa)_.BlkDef
_{K/(1+sT)}_,,\VM-PF.IntUser\PDD 31-12-2024.IntPrj\Library.IntPrjfolder\User Defined Models.IntPrjfolder\Avr_Mot\vco_EXAC1.BlkDef\Used Macros\_{K/(1+sT)}_.BlkDef
[1/sT,,\VM-PF.IntUser\PDD 31-12-2024.IntPrj\Library.IntPrjfolder\User Defined Models.IntPrjfolder\Avr_Mot\vco_EXAC1.BlkDef\Used Macros\[1/sT.BlkDef
reset,,\VM-PF.IntUser\PDD 31-12-2024.IntPrj\Library.IntPrjfolder\User Defined Models.IntPrjfolder\Avr_Mot\vco_EXAC1.BlkDef\Used Macros\reset.BlkDef
Se(efd)+Ke,,\VM-PF.IntUser\PDD 31-12-2024.IntPrj\Library.IntPrjfolder\User Defined Models.IntPrjfolder\Avr_Mot\vco_EXAC1.BlkDef\Used Macros\Se(efd)+Ke.BlkDef
K,,\VM-PF.IntUser\PDD 31-12-2024.IntPrj\Library.IntPrjfolder\User Defined Models.IntPrjfolder\Avr_Mot\vco_EXAC1.BlkDef\Used Macros\K.BlkDef
sK/(1+sT),,\VM-PF.IntUser\PDD 31-12-2024.IntPrj\Library.IntPrjfolder\User Defined Models.IntPrjfolder\Avr_Mot\vco_EXAC1.BlkDef\Used Macros\sK/(1+sT).BlkDef
Frequency U</f<,,\VM-PF.IntUser\PDD 31-12-2024.IntPrj\Library.IntPrjfolder\Equipment Type Library.IntPrjfolder\Relay\Frequency\Frq-U</f<.TypRelay\Frequency U</f<.BlkDef
Frequency f>/dfdt,,\VM-PF.IntUser\PDD 31-12-2024.IntPrj\Library.IntPrjfolder\Equipment Type Library.IntPrjfolder\Relay\Frequency\Frq f>/dfdt.TypRelay\Frequency f>/dfdt.BlkDef
gov_HYGOV_JIGUEY2,,\VM-PF.IntUser\PDD 31-12-2024.IntPrj\Library.IntPrjfolder\User Defined Models.IntPrjfolder\Hidro_Gov\gov_HYGOV_JIGUEY2.BlkDef
1/sT,,\VM-PF.IntUser\PDD 31-12-2024.IntPrj\Library.IntPrjfolder\User Defined Models.IntPrjfolder\Hidro_Gov\gov_HYGOV_JIGUEY2.BlkDef\Used Macros\1/sT.BlkDef
Const,,\VM-PF.IntUser\PDD 31-12-2024.IntPrj\Library.IntPrjfolder\User Defined Models.IntPrjfolder\Hidro_Gov\gov_HYGOV_JIGUEY2.BlkDef\Used Macros\Const.BlkDef
(1/(1+sT)),,\VM-PF.IntUser\PDD 31-12-2024.IntPrj\Library.IntPrjfolder\User Defined Models.IntPrjfolder\Hidro_Gov\gov_HYGOV_JIGUEY2.BlkDef\Used Macros\(1/(1+sT)).BlkDef
K,,\VM-PF.IntUser\PDD 31-12-2024.IntPrj\Library.IntPrjfolder\User Defined Models.IntPrjfolder\Hidro_Gov\gov_HYGOV_JIGUEY2.BlkDef\Used Macros\K.BlkDef
Turb,,\VM-PF.IntUser\PDD 31-12-2024.IntPrj\Library.IntPrjfolder\User Defined Models.IntPrjfolder\Hidro_Gov\gov_HYGOV_JIGUEY2.BlkDef\Used Macros\Turb.BlkDef
One,,\VM-PF.IntUser\PDD 31-12-2024.IntPrj\Library.IntPrjfolder\User Defined Models.IntPrjfolder\Hidro_Gov\gov_HYGOV_JIGUEY2.BlkDef\Used Macros\One.BlkDef
1/(1+sT),,\VM-PF.IntUser\PDD 31-12-2024.IntPrj\Library.IntPrjfolder\User Defined Models.IntPrjfolder\Hidro_Gov\gov_HYGOV_JIGUEY2.BlkDef\Used Macros\1/(1+sT).BlkDef
{(1+Ts)/ksT},,\VM-PF.IntUser\PDD 31-12-2024.IntPrj\Library.IntPrjfolder\User Defined Models.IntPrjfolder\Hidro_Gov\gov_HYGOV_JIGUEY2.BlkDef\Used Macros\{(1+Ts)/ksT}.BlkDef
Frame_Planta,,\VM-PF.IntUser\PDD 31-12-2024.IntPrj\Library.IntPrjfolder\User Defined Models.IntPrjfolder\Aguacate PIPAC\User Defined Models\Frame_Planta.BlkDef
pcu_Reivax_RTVX100,,\VM-PF.IntUser\PDD 31-12-2024.IntPrj\Library.IntPrjfolder\User Defined Models.IntPrjfolder\Aguacate PIPAC\User Defined Models\Aguacate\pcu_Reivax_RTVX100.BlkDef
Deadband_Offset,,\VM-PF.IntUser\PDD 31-12-2024.IntPrj\Library.IntPrjfolder\User Defined Models.IntPrjfolder\Aguacate PIPAC\User Defined Models\Aguacate\Macros\Deadband_Offset.BlkDef
(A0+sA1+ssA2)/(B0+sB1+ssB2)_,,\VM-PF.IntUser\PDD 31-12-2024.IntPrj\Library.IntPrjfolder\User Defined Models.IntPrjfolder\Aguacate PIPAC\User Defined Models\Aguacate\Macros\(A0+sA1+ssA2)/(B0+sB1+ssB2)_.BlkDef
(1+sTb)/(1+sTa),,\VM-PF.IntUser\PDD 31-12-2024.IntPrj\Library.IntPrjfolder\User Defined Models.IntPrjfolder\Aguacate PIPAC\User Defined Models\Aguacate\Macros\(1+sTb)/(1+sTa).BlkDef
K,,\VM-PF.IntUser\PDD 31-12-2024.IntPrj\Library.IntPrjfolder\User Defined Models.IntPrjfolder\Aguacate PIPAC\User Defined Models\Aguacate\Macros\K.BlkDef
Limiter,,\VM-PF.IntUser\PDD 31-12-2024.IntPrj\Library.IntPrjfolder\User Defined Models.IntPrjfolder\Aguacate PIPAC\User Defined Models\Aguacate\Macros\Limiter.BlkDef
{1/s},,\VM-PF.IntUser\PDD 31-12-2024.IntPrj\Library.IntPrjfolder\User Defined Models.IntPrjfolder\Aguacate PIPAC\User Defined Models\Aguacate\Macros\{1/s}.BlkDef
sK/(1+sT),,\VM-PF.IntUser\PDD 31-12-2024.IntPrj\Library.IntPrjfolder\User Defined Models.IntPrjfolder\Aguacate PIPAC\User Defined Models\Aguacate\Macros\sK/(1+sT).BlkDef
1/(1+sT),,\VM-PF.IntUser\PDD 31-12-2024.IntPrj\Library.IntPrjfolder\User Defined Models.IntPrjfolder\Aguacate PIPAC\User Defined Models\Aguacate\Macros\1/(1+sT).BlkDef
{K/s},,\VM-PF.IntUser\PDD 31-12-2024.IntPrj\Library.IntPrjfolder\User Defined Models.IntPrjfolder\Aguacate PIPAC\User Defined Models\Aguacate\Macros\{K/s}.BlkDef
avr_Reivax_RTVX_100,,\VM-PF.IntUser\PDD 31-12-2024.IntPrj\Library.IntPrjfolder\User Defined Models.IntPrjfolder\Aguacate PIPAC\User Defined Models\Aguacate\avr_Reivax_RTVX_100.BlkDef
pmu_TrWHydroFrancis,,\VM-PF.IntUser\PDD 31-12-2024.IntPrj\Library.IntPrjfolder\User Defined Models.IntPrjfolder\Aguacate PIPAC\User Defined Models\pmu_TrWHydroFrancis.BlkDef
Travelling Wave,,\VM-PF.IntUser\PDD 31-12-2024.IntPrj\Library.IntPrjfolder\User Defined Models.IntPrjfolder\Aguacate PIPAC\User Defined Models\pmu_TrWHydroFrancis.BlkDef\Used Macros\Travelling Wave.BlkDef
ValveChar,,\VM-PF.IntUser\PDD 31-12-2024.IntPrj\Library.IntPrjfolder\User Defined Models.IntPrjfolder\Aguacate PIPAC\User Defined Models\pmu_TrWHydroFrancis.BlkDef\Used Macros\ValveChar.BlkDef
Francis Turbine,,\VM-PF.IntUser\PDD 31-12-2024.IntPrj\Library.IntPrjfolder\User Defined Models.IntPrjfolder\Aguacate PIPAC\User Defined Models\pmu_TrWHydroFrancis.BlkDef\Used Macros\Francis Turbine.BlkDef
Frame_Planta,,\VM-PF.IntUser\PDD 31-12-2024.IntPrj\Library.IntPrjfolder\User Defined Models.IntPrjfolder\Palomino PIPAC\User Defined Models\Palomino\Frame_Planta.BlkDef
pcu_VOITH SIEMENS,,\VM-PF.IntUser\PDD 31-12-2024.IntPrj\Library.IntPrjfolder\User Defined Models.IntPrjfolder\Palomino PIPAC\User Defined Models\Palomino\pcu_VOITH SIEMENS.BlkDef
Deadband_Offset,,\VM-PF.IntUser\PDD 31-12-2024.IntPrj\Library.IntPrjfolder\User Defined Models.IntPrjfolder\Palomino PIPAC\User Defined Models\Palomino\Macros\Deadband_Offset.BlkDef
1/K,,\VM-PF.IntUser\PDD 31-12-2024.IntPrj\Library.IntPrjfolder\User Defined Models.IntPrjfolder\Palomino PIPAC\User Defined Models\Palomino\Macros\1/K.BlkDef
1/(1+sT),,\VM-PF.IntUser\PDD 31-12-2024.IntPrj\Library.IntPrjfolder\User Defined Models.IntPrjfolder\Palomino PIPAC\User Defined Models\Palomino\Macros\1/(1+sT).BlkDef
K,,\VM-PF.IntUser\PDD 31-12-2024.IntPrj\Library.IntPrjfolder\User Defined Models.IntPrjfolder\Palomino PIPAC\User Defined Models\Palomino\Macros\K.BlkDef
{1/s},,\VM-PF.IntUser\PDD 31-12-2024.IntPrj\Library.IntPrjfolder\User Defined Models.IntPrjfolder\Palomino PIPAC\User Defined Models\Palomino\Macros\{1/s}.BlkDef
Limiter,,\VM-PF.IntUser\PDD 31-12-2024.IntPrj\Library.IntPrjfolder\User Defined Models.IntPrjfolder\Palomino PIPAC\User Defined Models\Palomino\Macros\Limiter.BlkDef
sK/(1+sT),,\VM-PF.IntUser\PDD 31-12-2024.IntPrj\Library.IntPrjfolder\User Defined Models.IntPrjfolder\Palomino PIPAC\User Defined Models\Palomino\Macros\sK/(1+sT).BlkDef
1/sT,,\VM-PF.IntUser\PDD 31-12-2024.IntPrj\Library.IntPrjfolder\User Defined Models.IntPrjfolder\Palomino PIPAC\User Defined Models\Palomino\Macros\1/sT.BlkDef
vco_Unitrol F,,\VM-PF.IntUser\PDD 31-12-2024.IntPrj\Library.IntPrjfolder\User Defined Models.IntPrjfolder\Palomino PIPAC\User Defined Models\Palomino\vco_Unitrol F.BlkDef
[1/sT],,\VM-PF.IntUser\PDD 31-12-2024.IntPrj\Library.IntPrjfolder\User Defined Models.IntPrjfolder\Palomino PIPAC\User Defined Models\Palomino\vco_Unitrol F.BlkDef\Used Macros\[1/sT].BlkDef
K/(1+sT),,\VM-PF.IntUser\PDD 31-12-2024.IntPrj\Library.IntPrjfolder\User Defined Models.IntPrjfolder\Palomino PIPAC\User Defined Models\Palomino\vco_Unitrol F.BlkDef\Used Macros\K/(1+sT).BlkDef
Limit,,\VM-PF.IntUser\PDD 31-12-2024.IntPrj\Library.IntPrjfolder\User Defined Models.IntPrjfolder\Palomino PIPAC\User Defined Models\Palomino\vco_Unitrol F.BlkDef\Used Macros\Limit.BlkDef
(1/(1+sT)),,\VM-PF.IntUser\PDD 31-12-2024.IntPrj\Library.IntPrjfolder\User Defined Models.IntPrjfolder\Palomino PIPAC\User Defined Models\Palomino\vco_Unitrol F.BlkDef\Used Macros\(1/(1+sT)).BlkDef
K_lim,,\VM-PF.IntUser\PDD 31-12-2024.IntPrj\Library.IntPrjfolder\User Defined Models.IntPrjfolder\Palomino PIPAC\User Defined Models\Palomino\vco_Unitrol F.BlkDef\Used Macros\K_lim.BlkDef
Const,,\VM-PF.IntUser\PDD 31-12-2024.IntPrj\Library.IntPrjfolder\User Defined Models.IntPrjfolder\Palomino PIPAC\User Defined Models\Palomino\vco_Unitrol F.BlkDef\Used Macros\Const.BlkDef
K,,\VM-PF.IntUser\PDD 31-12-2024.IntPrj\Library.IntPrjfolder\User Defined Models.IntPrjfolder\Palomino PIPAC\User Defined Models\Palomino\vco_Unitrol F.BlkDef\Used Macros\K.BlkDef
pmu_TrWHydroFrancis,,\VM-PF.IntUser\PDD 31-12-2024.IntPrj\Library.IntPrjfolder\User Defined Models.IntPrjfolder\Palomino PIPAC\User Defined Models\pmu_TrWHydroFrancis.BlkDef
Travelling Wave,,\VM-PF.IntUser\PDD 31-12-2024.IntPrj\Library.IntPrjfolder\User Defined Models.IntPrjfolder\Palomino PIPAC\User Defined Models\pmu_TrWHydroFrancis.BlkDef\Used Macros\Travelling Wave.BlkDef
ValveChar,,\VM-PF.IntUser\PDD 31-12-2024.IntPrj\Library.IntPrjfolder\User Defined Models.IntPrjfolder\Palomino PIPAC\User Defined Models\pmu_TrWHydroFrancis.BlkDef\Used Macros\ValveChar.BlkDef
Francis Turbine,,\VM-PF.IntUser\PDD 31-12-2024.IntPrj\Library.IntPrjfolder\User Defined Models.IntPrjfolder\Palomino PIPAC\User Defined Models\pmu_TrWHydroFrancis.BlkDef\Used Macros\Francis Turbine.BlkDef
Frame IEC Type 3,,\VM-PF.IntUser\PDD 31-12-2024.IntPrj\Library.IntPrjfolder\User Defined Models.IntPrjfolder\Matafongo 1 y 2\2MW_plant\Library\5.2MW_plant.IntFolder\Library\DIgSILENT Library\Dynamic Models\Inverter Based Resources/Storage\Wind Turbines IEC 61400-27-1\Composite Model Frames\Frame IEC Type 3.BlkDef
Aerodynamics Two-Dimensional,,\VM-PF.IntUser\PDD 31-12-2024.IntPrj\Library.IntPrjfolder\User Defined Models.IntPrjfolder\Matafongo 1 y 2\2MW_plant\Library\5.2MW_plant.IntFolder\Library\DIgSILENT Library\Dynamic Models\Inverter Based Resources/Storage\Wind Turbines IEC 61400-27-1\Aerodynamics Two-Dimensional.BlkDef
dpomegaTheta,,\VM-PF.IntUser\PDD 31-12-2024.IntPrj\Library.IntPrjfolder\User Defined Models.IntPrjfolder\Matafongo 1 y 2\2MW_plant\Library\5.2MW_plant.IntFolder\Library\DIgSILENT Library\Dynamic Models\Inverter Based Resources/Storage\Wind Turbines IEC 61400-27-1\Aerodynamics Two-Dimensional.BlkDef\Used Macros\dpomegaTheta.BlkDef
Const,,\VM-PF.IntUser\PDD 31-12-2024.IntPrj\Library.IntPrjfolder\User Defined Models.IntPrjfolder\Matafongo 1 y 2\2MW_plant\Library\5.2MW_plant.IntFolder\Library\DIgSILENT Library\Dynamic Models\Inverter Based Resources/Storage\Wind Turbines IEC 61400-27-1\Aerodynamics Two-Dimensional.BlkDef\Used Macros\Const.BlkDef
K,,\VM-PF.IntUser\PDD 31-12-2024.IntPrj\Library.IntPrjfolder\User Defined Models.IntPrjfolder\Matafongo 1 y 2\2MW_plant\Library\5.2MW_plant.IntFolder\Library\DIgSILENT Library\Dynamic Models\Inverter Based Resources/Storage\Wind Turbines IEC 61400-27-1\Aerodynamics Two-Dimensional.BlkDef\Used Macros\K.BlkDef
pavail,,\VM-PF.IntUser\PDD 31-12-2024.IntPrj\Library.IntPrjfolder\User Defined Models.IntPrjfolder\Matafongo 1 y 2\2MW_plant\Library\5.2MW_plant.IntFolder\Library\DIgSILENT Library\Dynamic Models\Inverter Based Resources/Storage\Wind Turbines IEC 61400-27-1\Aerodynamics Two-Dimensional.BlkDef\Used Macros\pavail.BlkDef
Two Masses Type 3 and 4B,,\VM-PF.IntUser\PDD 31-12-2024.IntPrj\Library.IntPrjfolder\User Defined Models.IntPrjfolder\Matafongo 1 y 2\2MW_plant\Library\5.2MW_plant.IntFolder\Library\DIgSILENT Library\Dynamic Models\Inverter Based Resources/Storage\Wind Turbines IEC 61400-27-1\Two Masses Type 3 and 4B.BlkDef
1/(2 HWTR s),,\VM-PF.IntUser\PDD 31-12-2024.IntPrj\Library.IntPrjfolder\User Defined Models.IntPrjfolder\Matafongo 1 y 2\2MW_plant\Library\5.2MW_plant.IntFolder\Library\DIgSILENT Library\Dynamic Models\Inverter Based Resources/Storage\Wind Turbines IEC 61400-27-1\Two Masses Type 3 and 4B.BlkDef\Used Macros\1/(2 HWTR s).BlkDef
cshv + ksh/s,,\VM-PF.IntUser\PDD 31-12-2024.IntPrj\Library.IntPrjfolder\User Defined Models.IntPrjfolder\Matafongo 1 y 2\2MW_plant\Library\5.2MW_plant.IntFolder\Library\DIgSILENT Library\Dynamic Models\Inverter Based Resources/Storage\Wind Turbines IEC 61400-27-1\Two Masses Type 3 and 4B.BlkDef\Used Macros\cshv + ksh/s.BlkDef
Generator Set Type 3B,,\VM-PF.IntUser\PDD 31-12-2024.IntPrj\Library.IntPrjfolder\User Defined Models.IntPrjfolder\Matafongo 1 y 2\2MW_plant\Library\5.2MW_plant.IntFolder\Library\DIgSILENT Library\Dynamic Models\Inverter Based Resources/Storage\Wind Turbines IEC 61400-27-1\Generator Set Type 3B.BlkDef
-1,,\VM-PF.IntUser\PDD 31-12-2024.IntPrj\Library.IntPrjfolder\User Defined Models.IntPrjfolder\Matafongo 1 y 2\2MW_plant\Library\5.2MW_plant.IntFolder\Library\DIgSILENT Library\Dynamic Models\Inverter Based Resources/Storage\Wind Turbines IEC 61400-27-1\Generator Set Type 3B.BlkDef\Used Macros\-1.BlkDef
1/(1+sT),,\VM-PF.IntUser\PDD 31-12-2024.IntPrj\Library.IntPrjfolder\User Defined Models.IntPrjfolder\Matafongo 1 y 2\2MW_plant\Library\5.2MW_plant.IntFolder\Library\DIgSILENT Library\Dynamic Models\Inverter Based Resources/Storage\Wind Turbines IEC 61400-27-1\Generator Set Type 3B.BlkDef\Used Macros\1/(1+sT).BlkDef
1/Xs,,\VM-PF.IntUser\PDD 31-12-2024.IntPrj\Library.IntPrjfolder\User Defined Models.IntPrjfolder\Matafongo 1 y 2\2MW_plant\Library\5.2MW_plant.IntFolder\Library\DIgSILENT Library\Dynamic Models\Inverter Based Resources/Storage\Wind Turbines IEC 61400-27-1\Generator Set Type 3B.BlkDef\Used Macros\1/Xs.BlkDef
Const,,\VM-PF.IntUser\PDD 31-12-2024.IntPrj\Library.IntPrjfolder\User Defined Models.IntPrjfolder\Matafongo 1 y 2\2MW_plant\Library\5.2MW_plant.IntFolder\Library\DIgSILENT Library\Dynamic Models\Inverter Based Resources/Storage\Wind Turbines IEC 61400-27-1\Generator Set Type 3B.BlkDef\Used Macros\Const.BlkDef
GradLim,,\VM-PF.IntUser\PDD 31-12-2024.IntPrj\Library.IntPrjfolder\User Defined Models.IntPrjfolder\Matafongo 1 y 2\2MW_plant\Library\5.2MW_plant.IntFolder\Library\DIgSILENT Library\Dynamic Models\Inverter Based Resources/Storage\Wind Turbines IEC 61400-27-1\Generator Set Type 3B.BlkDef\Used Macros\GradLim.BlkDef
GradLim_pos,,\VM-PF.IntUser\PDD 31-12-2024.IntPrj\Library.IntPrjfolder\User Defined Models.IntPrjfolder\Matafongo 1 y 2\2MW_plant\Library\5.2MW_plant.IntFolder\Library\DIgSILENT Library\Dynamic Models\Inverter Based Resources/Storage\Wind Turbines IEC 61400-27-1\Generator Set Type 3B.BlkDef\Used Macros\GradLim_pos.BlkDef
Limits,,\VM-PF.IntUser\PDD 31-12-2024.IntPrj\Library.IntPrjfolder\User Defined Models.IntPrjfolder\Matafongo 1 y 2\2MW_plant\Library\5.2MW_plant.IntFolder\Library\DIgSILENT Library\Dynamic Models\Inverter Based Resources/Storage\Wind Turbines IEC 61400-27-1\Generator Set Type 3B.BlkDef\Used Macros\Limits.BlkDef
Limits_top,,\VM-PF.IntUser\PDD 31-12-2024.IntPrj\Library.IntPrjfolder\User Defined Models.IntPrjfolder\Matafongo 1 y 2\2MW_plant\Library\5.2MW_plant.IntFolder\Library\DIgSILENT Library\Dynamic Models\Inverter Based Resources/Storage\Wind Turbines IEC 61400-27-1\Generator Set Type 3B.BlkDef\Used Macros\Limits_top.BlkDef
ReIm-dq,,\VM-PF.IntUser\PDD 31-12-2024.IntPrj\Library.IntPrjfolder\User Defined Models.IntPrjfolder\Matafongo 1 y 2\2MW_plant\Library\5.2MW_plant.IntFolder\Library\DIgSILENT Library\Dynamic Models\Inverter Based Resources/Storage\Wind Turbines IEC 61400-27-1\Generator Set Type 3B.BlkDef\Used Macros\ReIm-dq.BlkDef
dq-ReIm,,\VM-PF.IntUser\PDD 31-12-2024.IntPrj\Library.IntPrjfolder\User Defined Models.IntPrjfolder\Matafongo 1 y 2\2MW_plant\Library\5.2MW_plant.IntFolder\Library\DIgSILENT Library\Dynamic Models\Inverter Based Resources/Storage\Wind Turbines IEC 61400-27-1\Generator Set Type 3B.BlkDef\Used Macros\dq-ReIm.BlkDef
crowbar,,\VM-PF.IntUser\PDD 31-12-2024.IntPrj\Library.IntPrjfolder\User Defined Models.IntPrjfolder\Matafongo 1 y 2\2MW_plant\Library\5.2MW_plant.IntFolder\Library\DIgSILENT Library\Dynamic Models\Inverter Based Resources/Storage\Wind Turbines IEC 61400-27-1\Generator Set Type 3B.BlkDef\Used Macros\crowbar.BlkDef
sT/(1+sT)_,,\VM-PF.IntUser\PDD 31-12-2024.IntPrj\Library.IntPrjfolder\User Defined Models.IntPrjfolder\Matafongo 1 y 2\2MW_plant\Library\5.2MW_plant.IntFolder\Library\DIgSILENT Library\Dynamic Models\Inverter Based Resources/Storage\Wind Turbines IEC 61400-27-1\Generator Set Type 3B.BlkDef\Used Macros\sT/(1+sT)_.BlkDef
Pitch Angle Control,,\VM-PF.IntUser\PDD 31-12-2024.IntPrj\Library.IntPrjfolder\User Defined Models.IntPrjfolder\Matafongo 1 y 2\2MW_plant\Library\5.2MW_plant.IntFolder\Library\DIgSILENT Library\Dynamic Models\Inverter Based Resources/Storage\Wind Turbines IEC 61400-27-1\Pitch Angle Control.BlkDef
1/(1+sT),,\VM-PF.IntUser\PDD 31-12-2024.IntPrj\Library.IntPrjfolder\User Defined Models.IntPrjfolder\Matafongo 1 y 2\2MW_plant\Library\5.2MW_plant.IntFolder\Library\DIgSILENT Library\Dynamic Models\Inverter Based Resources/Storage\Wind Turbines IEC 61400-27-1\Pitch Angle Control.BlkDef\Used Macros\1/(1+sT).BlkDef
Rate limiter {p;p},,\VM-PF.IntUser\PDD 31-12-2024.IntPrj\Library.IntPrjfolder\User Defined Models.IntPrjfolder\Matafongo 1 y 2\2MW_plant\Library\5.2MW_plant.IntFolder\Library\DIgSILENT Library\Dynamic Models\Inverter Based Resources/Storage\Wind Turbines IEC 61400-27-1\Pitch Angle Control.BlkDef\Used Macros\Rate limiter {p;p}.BlkDef
K,,\VM-PF.IntUser\PDD 31-12-2024.IntPrj\Library.IntPrjfolder\User Defined Models.IntPrjfolder\Matafongo 1 y 2\2MW_plant\Library\5.2MW_plant.IntFolder\Library\DIgSILENT Library\Dynamic Models\Inverter Based Resources/Storage\Wind Turbines IEC 61400-27-1\Pitch Angle Control.BlkDef\Used Macros\K.BlkDef
Limits,,\VM-PF.IntUser\PDD 31-12-2024.IntPrj\Library.IntPrjfolder\User Defined Models.IntPrjfolder\Matafongo 1 y 2\2MW_plant\Library\5.2MW_plant.IntFolder\Library\DIgSILENT Library\Dynamic Models\Inverter Based Resources/Storage\Wind Turbines IEC 61400-27-1\Pitch Angle Control.BlkDef\Used Macros\Limits.BlkDef
[K/s],,\VM-PF.IntUser\PDD 31-12-2024.IntPrj\Library.IntPrjfolder\User Defined Models.IntPrjfolder\Matafongo 1 y 2\2MW_plant\Library\5.2MW_plant.IntFolder\Library\DIgSILENT Library\Dynamic Models\Inverter Based Resources/Storage\Wind Turbines IEC 61400-27-1\Pitch Angle Control.BlkDef\Used Macros\[K/s].BlkDef
P Control Type 3,,\VM-PF.IntUser\PDD 31-12-2024.IntPrj\Library.IntPrjfolder\User Defined Models.IntPrjfolder\Matafongo 1 y 2\2MW_plant\Library\5.2MW_plant.IntFolder\Library\DIgSILENT Library\Dynamic Models\Inverter Based Resources/Storage\Wind Turbines IEC 61400-27-1\P Control Type 3.BlkDef
1/(1+sT),,\VM-PF.IntUser\PDD 31-12-2024.IntPrj\Library.IntPrjfolder\User Defined Models.IntPrjfolder\Matafongo 1 y 2\2MW_plant\Library\5.2MW_plant.IntFolder\Library\DIgSILENT Library\Dynamic Models\Inverter Based Resources/Storage\Wind Turbines IEC 61400-27-1\P Control Type 3.BlkDef\Used Macros\1/(1+sT).BlkDef
1/(1+sT)_lim,,\VM-PF.IntUser\PDD 31-12-2024.IntPrj\Library.IntPrjfolder\User Defined Models.IntPrjfolder\Matafongo 1 y 2\2MW_plant\Library\5.2MW_plant.IntFolder\Library\DIgSILENT Library\Dynamic Models\Inverter Based Resources/Storage\Wind Turbines IEC 61400-27-1\P Control Type 3.BlkDef\Used Macros\1/(1+sT)_lim.BlkDef
Limit lower [p;,,\VM-PF.IntUser\PDD 31-12-2024.IntPrj\Library.IntPrjfolder\User Defined Models.IntPrjfolder\Matafongo 1 y 2\2MW_plant\Library\5.2MW_plant.IntFolder\Library\DIgSILENT Library\Dynamic Models\Inverter Based Resources/Storage\Wind Turbines IEC 61400-27-1\P Control Type 3.BlkDef\Used Macros\Limit lower [p;.BlkDef
Switch,,\VM-PF.IntUser\PDD 31-12-2024.IntPrj\Library.IntPrjfolder\User Defined Models.IntPrjfolder\Matafongo 1 y 2\2MW_plant\Library\5.2MW_plant.IntFolder\Library\DIgSILENT Library\Dynamic Models\Inverter Based Resources/Storage\Wind Turbines IEC 61400-27-1\P Control Type 3.BlkDef\Used Macros\Switch.BlkDef
Switch1,,\VM-PF.IntUser\PDD 31-12-2024.IntPrj\Library.IntPrjfolder\User Defined Models.IntPrjfolder\Matafongo 1 y 2\2MW_plant\Library\5.2MW_plant.IntFolder\Library\DIgSILENT Library\Dynamic Models\Inverter Based Resources/Storage\Wind Turbines IEC 61400-27-1\P Control Type 3.BlkDef\Used Macros\Switch1.BlkDef
U Scaling,,\VM-PF.IntUser\PDD 31-12-2024.IntPrj\Library.IntPrjfolder\User Defined Models.IntPrjfolder\Matafongo 1 y 2\2MW_plant\Library\5.2MW_plant.IntFolder\Library\DIgSILENT Library\Dynamic Models\Inverter Based Resources/Storage\Wind Turbines IEC 61400-27-1\P Control Type 3.BlkDef\Used Macros\U Scaling.BlkDef
GradLim,,\VM-PF.IntUser\PDD 31-12-2024.IntPrj\Library.IntPrjfolder\User Defined Models.IntPrjfolder\Matafongo 1 y 2\2MW_plant\Library\5.2MW_plant.IntFolder\Library\DIgSILENT Library\Dynamic Models\Inverter Based Resources/Storage\Wind Turbines IEC 61400-27-1\P Control Type 3.BlkDef\Used Macros\GradLim.BlkDef
Limits,,\VM-PF.IntUser\PDD 31-12-2024.IntPrj\Library.IntPrjfolder\User Defined Models.IntPrjfolder\Matafongo 1 y 2\2MW_plant\Library\5.2MW_plant.IntFolder\Library\DIgSILENT Library\Dynamic Models\Inverter Based Resources/Storage\Wind Turbines IEC 61400-27-1\P Control Type 3.BlkDef\Used Macros\Limits.BlkDef
Lookup Table,,\VM-PF.IntUser\PDD 31-12-2024.IntPrj\Library.IntPrjfolder\User Defined Models.IntPrjfolder\Matafongo 1 y 2\2MW_plant\Library\5.2MW_plant.IntFolder\Library\DIgSILENT Library\Dynamic Models\Inverter Based Resources/Storage\Wind Turbines IEC 61400-27-1\P Control Type 3.BlkDef\Used Macros\Lookup Table.BlkDef
Const,,\VM-PF.IntUser\PDD 31-12-2024.IntPrj\Library.IntPrjfolder\User Defined Models.IntPrjfolder\Matafongo 1 y 2\2MW_plant\Library\5.2MW_plant.IntFolder\Library\DIgSILENT Library\Dynamic Models\Inverter Based Resources/Storage\Wind Turbines IEC 61400-27-1\P Control Type 3.BlkDef\Used Macros\Const.BlkDef
s2Kzw/(ss+s2zw+ww),,\VM-PF.IntUser\PDD 31-12-2024.IntPrj\Library.IntPrjfolder\User Defined Models.IntPrjfolder\Matafongo 1 y 2\2MW_plant\Library\5.2MW_plant.IntFolder\Library\DIgSILENT Library\Dynamic Models\Inverter Based Resources/Storage\Wind Turbines IEC 61400-27-1\P Control Type 3.BlkDef\Used Macros\s2Kzw/(ss+s2zw+ww).BlkDef
type 3 torque PI,,\VM-PF.IntUser\PDD 31-12-2024.IntPrj\Library.IntPrjfolder\User Defined Models.IntPrjfolder\Matafongo 1 y 2\2MW_plant\Library\5.2MW_plant.IntFolder\Library\DIgSILENT Library\Dynamic Models\Inverter Based Resources/Storage\Wind Turbines IEC 61400-27-1\P Control Type 3.BlkDef\Used Macros\type 3 torque PI.BlkDef
0,,\VM-PF.IntUser\PDD 31-12-2024.IntPrj\Library.IntPrjfolder\User Defined Models.IntPrjfolder\Matafongo 1 y 2\2MW_plant\Library\5.2MW_plant.IntFolder\Library\DIgSILENT Library\Dynamic Models\Inverter Based Resources/Storage\Wind Turbines IEC 61400-27-1\P Control Type 3.BlkDef\Used Macros\type 3 torque PI.BlkDef\Used Macros\0.BlkDef
1,,\VM-PF.IntUser\PDD 31-12-2024.IntPrj\Library.IntPrjfolder\User Defined Models.IntPrjfolder\Matafongo 1 y 2\2MW_plant\Library\5.2MW_plant.IntFolder\Library\DIgSILENT Library\Dynamic Models\Inverter Based Resources/Storage\Wind Turbines IEC 61400-27-1\P Control Type 3.BlkDef\Used Macros\type 3 torque PI.BlkDef\Used Macros\1.BlkDef
1/s_reset_set,,\VM-PF.IntUser\PDD 31-12-2024.IntPrj\Library.IntPrjfolder\User Defined Models.IntPrjfolder\Matafongo 1 y 2\2MW_plant\Library\5.2MW_plant.IntFolder\Library\DIgSILENT Library\Dynamic Models\Inverter Based Resources/Storage\Wind Turbines IEC 61400-27-1\P Control Type 3.BlkDef\Used Macros\type 3 torque PI.BlkDef\Used Macros\1/s_reset_set.BlkDef
Const,,\VM-PF.IntUser\PDD 31-12-2024.IntPrj\Library.IntPrjfolder\User Defined Models.IntPrjfolder\Matafongo 1 y 2\2MW_plant\Library\5.2MW_plant.IntFolder\Library\DIgSILENT Library\Dynamic Models\Inverter Based Resources/Storage\Wind Turbines IEC 61400-27-1\P Control Type 3.BlkDef\Used Macros\type 3 torque PI.BlkDef\Used Macros\Const.BlkDef
DelayFallback,,\VM-PF.IntUser\PDD 31-12-2024.IntPrj\Library.IntPrjfolder\User Defined Models.IntPrjfolder\Matafongo 1 y 2\2MW_plant\Library\5.2MW_plant.IntFolder\Library\DIgSILENT Library\Dynamic Models\Inverter Based Resources/Storage\Wind Turbines IEC 61400-27-1\P Control Type 3.BlkDef\Used Macros\type 3 torque PI.BlkDef\Used Macros\DelayFallback.BlkDef
GradLim_pos,,\VM-PF.IntUser\PDD 31-12-2024.IntPrj\Library.IntPrjfolder\User Defined Models.IntPrjfolder\Matafongo 1 y 2\2MW_plant\Library\5.2MW_plant.IntFolder\Library\DIgSILENT Library\Dynamic Models\Inverter Based Resources/Storage\Wind Turbines IEC 61400-27-1\P Control Type 3.BlkDef\Used Macros\type 3 torque PI.BlkDef\Used Macros\GradLim_pos.BlkDef
K,,\VM-PF.IntUser\PDD 31-12-2024.IntPrj\Library.IntPrjfolder\User Defined Models.IntPrjfolder\Matafongo 1 y 2\2MW_plant\Library\5.2MW_plant.IntFolder\Library\DIgSILENT Library\Dynamic Models\Inverter Based Resources/Storage\Wind Turbines IEC 61400-27-1\P Control Type 3.BlkDef\Used Macros\type 3 torque PI.BlkDef\Used Macros\K.BlkDef
Ki/Kps_reset_set_freeze,,\VM-PF.IntUser\PDD 31-12-2024.IntPrj\Library.IntPrjfolder\User Defined Models.IntPrjfolder\Matafongo 1 y 2\2MW_plant\Library\5.2MW_plant.IntFolder\Library\DIgSILENT Library\Dynamic Models\Inverter Based Resources/Storage\Wind Turbines IEC 61400-27-1\P Control Type 3.BlkDef\Used Macros\type 3 torque PI.BlkDef\Used Macros\Ki/Kps_reset_set_freeze.BlkDef
LargerThan,,\VM-PF.IntUser\PDD 31-12-2024.IntPrj\Library.IntPrjfolder\User Defined Models.IntPrjfolder\Matafongo 1 y 2\2MW_plant\Library\5.2MW_plant.IntFolder\Library\DIgSILENT Library\Dynamic Models\Inverter Based Resources/Storage\Wind Turbines IEC 61400-27-1\P Control Type 3.BlkDef\Used Macros\type 3 torque PI.BlkDef\Used Macros\LargerThan.BlkDef
Limits_top,,\VM-PF.IntUser\PDD 31-12-2024.IntPrj\Library.IntPrjfolder\User Defined Models.IntPrjfolder\Matafongo 1 y 2\2MW_plant\Library\5.2MW_plant.IntFolder\Library\DIgSILENT Library\Dynamic Models\Inverter Based Resources/Storage\Wind Turbines IEC 61400-27-1\P Control Type 3.BlkDef\Used Macros\type 3 torque PI.BlkDef\Used Macros\Limits_top.BlkDef
SmallerThan,,\VM-PF.IntUser\PDD 31-12-2024.IntPrj\Library.IntPrjfolder\User Defined Models.IntPrjfolder\Matafongo 1 y 2\2MW_plant\Library\5.2MW_plant.IntFolder\Library\DIgSILENT Library\Dynamic Models\Inverter Based Resources/Storage\Wind Turbines IEC 61400-27-1\P Control Type 3.BlkDef\Used Macros\type 3 torque PI.BlkDef\Used Macros\SmallerThan.BlkDef
logic >eq,,\VM-PF.IntUser\PDD 31-12-2024.IntPrj\Library.IntPrjfolder\User Defined Models.IntPrjfolder\Matafongo 1 y 2\2MW_plant\Library\5.2MW_plant.IntFolder\Library\DIgSILENT Library\Dynamic Models\Inverter Based Resources/Storage\Wind Turbines IEC 61400-27-1\P Control Type 3.BlkDef\Used Macros\type 3 torque PI.BlkDef\Used Macros\logic >eq.BlkDef
logic and,,\VM-PF.IntUser\PDD 31-12-2024.IntPrj\Library.IntPrjfolder\User Defined Models.IntPrjfolder\Matafongo 1 y 2\2MW_plant\Library\5.2MW_plant.IntFolder\Library\DIgSILENT Library\Dynamic Models\Inverter Based Resources/Storage\Wind Turbines IEC 61400-27-1\P Control Type 3.BlkDef\Used Macros\type 3 torque PI.BlkDef\Used Macros\logic and.BlkDef
logic or,,\VM-PF.IntUser\PDD 31-12-2024.IntPrj\Library.IntPrjfolder\User Defined Models.IntPrjfolder\Matafongo 1 y 2\2MW_plant\Library\5.2MW_plant.IntFolder\Library\DIgSILENT Library\Dynamic Models\Inverter Based Resources/Storage\Wind Turbines IEC 61400-27-1\P Control Type 3.BlkDef\Used Macros\type 3 torque PI.BlkDef\Used Macros\logic or.BlkDef
logic or_,,\VM-PF.IntUser\PDD 31-12-2024.IntPrj\Library.IntPrjfolder\User Defined Models.IntPrjfolder\Matafongo 1 y 2\2MW_plant\Library\5.2MW_plant.IntFolder\Library\DIgSILENT Library\Dynamic Models\Inverter Based Resources/Storage\Wind Turbines IEC 61400-27-1\P Control Type 3.BlkDef\Used Macros\type 3 torque PI.BlkDef\Used Macros\logic or_.BlkDef
min_3,,\VM-PF.IntUser\PDD 31-12-2024.IntPrj\Library.IntPrjfolder\User Defined Models.IntPrjfolder\Matafongo 1 y 2\2MW_plant\Library\5.2MW_plant.IntFolder\Library\DIgSILENT Library\Dynamic Models\Inverter Based Resources/Storage\Wind Turbines IEC 61400-27-1\P Control Type 3.BlkDef\Used Macros\type 3 torque PI.BlkDef\Used Macros\min_3.BlkDef
min,,\VM-PF.IntUser\PDD 31-12-2024.IntPrj\Library.IntPrjfolder\User Defined Models.IntPrjfolder\Matafongo 1 y 2\2MW_plant\Library\5.2MW_plant.IntFolder\Library\DIgSILENT Library\Dynamic Models\Inverter Based Resources/Storage\Wind Turbines IEC 61400-27-1\P Control Type 3.BlkDef\Used Macros\type 3 torque PI.BlkDef\Used Macros\min.BlkDef
Current Limitation,,\VM-PF.IntUser\PDD 31-12-2024.IntPrj\Library.IntPrjfolder\User Defined Models.IntPrjfolder\Matafongo 1 y 2\2MW_plant\Library\5.2MW_plant.IntFolder\Library\DIgSILENT Library\Dynamic Models\Inverter Based Resources/Storage\Wind Turbines IEC 61400-27-1\Current Limitation.BlkDef
-1,,\VM-PF.IntUser\PDD 31-12-2024.IntPrj\Library.IntPrjfolder\User Defined Models.IntPrjfolder\Matafongo 1 y 2\2MW_plant\Library\5.2MW_plant.IntFolder\Library\DIgSILENT Library\Dynamic Models\Inverter Based Resources/Storage\Wind Turbines IEC 61400-27-1\Current Limitation.BlkDef\Used Macros\-1.BlkDef
Const,,\VM-PF.IntUser\PDD 31-12-2024.IntPrj\Library.IntPrjfolder\User Defined Models.IntPrjfolder\Matafongo 1 y 2\2MW_plant\Library\5.2MW_plant.IntFolder\Library\DIgSILENT Library\Dynamic Models\Inverter Based Resources/Storage\Wind Turbines IEC 61400-27-1\Current Limitation.BlkDef\Used Macros\Const.BlkDef
FLT_Selp,,\VM-PF.IntUser\PDD 31-12-2024.IntPrj\Library.IntPrjfolder\User Defined Models.IntPrjfolder\Matafongo 1 y 2\2MW_plant\Library\5.2MW_plant.IntFolder\Library\DIgSILENT Library\Dynamic Models\Inverter Based Resources/Storage\Wind Turbines IEC 61400-27-1\Current Limitation.BlkDef\Used Macros\FLT_Selp.BlkDef
FLT_Selq,,\VM-PF.IntUser\PDD 31-12-2024.IntPrj\Library.IntPrjfolder\User Defined Models.IntPrjfolder\Matafongo 1 y 2\2MW_plant\Library\5.2MW_plant.IntFolder\Library\DIgSILENT Library\Dynamic Models\Inverter Based Resources/Storage\Wind Turbines IEC 61400-27-1\Current Limitation.BlkDef\Used Macros\FLT_Selq.BlkDef
switch_,,\VM-PF.IntUser\PDD 31-12-2024.IntPrj\Library.IntPrjfolder\User Defined Models.IntPrjfolder\Matafongo 1 y 2\2MW_plant\Library\5.2MW_plant.IntFolder\Library\DIgSILENT Library\Dynamic Models\Inverter Based Resources/Storage\Wind Turbines IEC 61400-27-1\Current Limitation.BlkDef\Used Macros\switch_.BlkDef
K,,\VM-PF.IntUser\PDD 31-12-2024.IntPrj\Library.IntPrjfolder\User Defined Models.IntPrjfolder\Matafongo 1 y 2\2MW_plant\Library\5.2MW_plant.IntFolder\Library\DIgSILENT Library\Dynamic Models\Inverter Based Resources/Storage\Wind Turbines IEC 61400-27-1\Current Limitation.BlkDef\Used Macros\K.BlkDef
Lookup Table,,\VM-PF.IntUser\PDD 31-12-2024.IntPrj\Library.IntPrjfolder\User Defined Models.IntPrjfolder\Matafongo 1 y 2\2MW_plant\Library\5.2MW_plant.IntFolder\Library\DIgSILENT Library\Dynamic Models\Inverter Based Resources/Storage\Wind Turbines IEC 61400-27-1\Current Limitation.BlkDef\Used Macros\Lookup Table.BlkDef
abs-block,,\VM-PF.IntUser\PDD 31-12-2024.IntPrj\Library.IntPrjfolder\User Defined Models.IntPrjfolder\Matafongo 1 y 2\2MW_plant\Library\5.2MW_plant.IntFolder\Library\DIgSILENT Library\Dynamic Models\Inverter Based Resources/Storage\Wind Turbines IEC 61400-27-1\Current Limitation.BlkDef\Used Macros\abs-block.BlkDef
min_,,\VM-PF.IntUser\PDD 31-12-2024.IntPrj\Library.IntPrjfolder\User Defined Models.IntPrjfolder\Matafongo 1 y 2\2MW_plant\Library\5.2MW_plant.IntFolder\Library\DIgSILENT Library\Dynamic Models\Inverter Based Resources/Storage\Wind Turbines IEC 61400-27-1\Current Limitation.BlkDef\Used Macros\min_.BlkDef
iqmx_sel,,\VM-PF.IntUser\PDD 31-12-2024.IntPrj\Library.IntPrjfolder\User Defined Models.IntPrjfolder\Matafongo 1 y 2\2MW_plant\Library\5.2MW_plant.IntFolder\Library\DIgSILENT Library\Dynamic Models\Inverter Based Resources/Storage\Wind Turbines IEC 61400-27-1\Current Limitation.BlkDef\Used Macros\iqmx_sel.BlkDef
sqr_,,\VM-PF.IntUser\PDD 31-12-2024.IntPrj\Library.IntPrjfolder\User Defined Models.IntPrjfolder\Matafongo 1 y 2\2MW_plant\Library\5.2MW_plant.IntFolder\Library\DIgSILENT Library\Dynamic Models\Inverter Based Resources/Storage\Wind Turbines IEC 61400-27-1\Current Limitation.BlkDef\Used Macros\sqr_.BlkDef
sqrt_,,\VM-PF.IntUser\PDD 31-12-2024.IntPrj\Library.IntPrjfolder\User Defined Models.IntPrjfolder\Matafongo 1 y 2\2MW_plant\Library\5.2MW_plant.IntFolder\Library\DIgSILENT Library\Dynamic Models\Inverter Based Resources/Storage\Wind Turbines IEC 61400-27-1\Current Limitation.BlkDef\Used Macros\sqrt_.BlkDef
Q Control,,\VM-PF.IntUser\PDD 31-12-2024.IntPrj\Library.IntPrjfolder\User Defined Models.IntPrjfolder\Matafongo 1 y 2\2MW_plant\Library\5.2MW_plant.IntFolder\Library\DIgSILENT Library\Dynamic Models\Inverter Based Resources/Storage\Wind Turbines IEC 61400-27-1\Q Control.BlkDef
Const,,\VM-PF.IntUser\PDD 31-12-2024.IntPrj\Library.IntPrjfolder\User Defined Models.IntPrjfolder\Matafongo 1 y 2\2MW_plant\Library\5.2MW_plant.IntFolder\Library\DIgSILENT Library\Dynamic Models\Inverter Based Resources/Storage\Wind Turbines IEC 61400-27-1\Q Control.BlkDef\Used Macros\Const.BlkDef
FRT detect,,\VM-PF.IntUser\PDD 31-12-2024.IntPrj\Library.IntPrjfolder\User Defined Models.IntPrjfolder\Matafongo 1 y 2\2MW_plant\Library\5.2MW_plant.IntFolder\Library\DIgSILENT Library\Dynamic Models\Inverter Based Resources/Storage\Wind Turbines IEC 61400-27-1\Q Control.BlkDef\Used Macros\FRT detect.BlkDef
IQLVRT,,\VM-PF.IntUser\PDD 31-12-2024.IntPrj\Library.IntPrjfolder\User Defined Models.IntPrjfolder\Matafongo 1 y 2\2MW_plant\Library\5.2MW_plant.IntFolder\Library\DIgSILENT Library\Dynamic Models\Inverter Based Resources/Storage\Wind Turbines IEC 61400-27-1\Q Control.BlkDef\Used Macros\IQLVRT.BlkDef
K,,\VM-PF.IntUser\PDD 31-12-2024.IntPrj\Library.IntPrjfolder\User Defined Models.IntPrjfolder\Matafongo 1 y 2\2MW_plant\Library\5.2MW_plant.IntFolder\Library\DIgSILENT Library\Dynamic Models\Inverter Based Resources/Storage\Wind Turbines IEC 61400-27-1\Q Control.BlkDef\Used Macros\K.BlkDef
[K]_selector,,\VM-PF.IntUser\PDD 31-12-2024.IntPrj\Library.IntPrjfolder\User Defined Models.IntPrjfolder\Matafongo 1 y 2\2MW_plant\Library\5.2MW_plant.IntFolder\Library\DIgSILENT Library\Dynamic Models\Inverter Based Resources/Storage\Wind Turbines IEC 61400-27-1\Q Control.BlkDef\Used Macros\[K]_selector.BlkDef
Lim_Freeze,,\VM-PF.IntUser\PDD 31-12-2024.IntPrj\Library.IntPrjfolder\User Defined Models.IntPrjfolder\Matafongo 1 y 2\2MW_plant\Library\5.2MW_plant.IntFolder\Library\DIgSILENT Library\Dynamic Models\Inverter Based Resources/Storage\Wind Turbines IEC 61400-27-1\Q Control.BlkDef\Used Macros\Lim_Freeze.BlkDef
Limits,,\VM-PF.IntUser\PDD 31-12-2024.IntPrj\Library.IntPrjfolder\User Defined Models.IntPrjfolder\Matafongo 1 y 2\2MW_plant\Library\5.2MW_plant.IntFolder\Library\DIgSILENT Library\Dynamic Models\Inverter Based Resources/Storage\Wind Turbines IEC 61400-27-1\Q Control.BlkDef\Used Macros\Limits.BlkDef
Mol,,\VM-PF.IntUser\PDD 31-12-2024.IntPrj\Library.IntPrjfolder\User Defined Models.IntPrjfolder\Matafongo 1 y 2\2MW_plant\Library\5.2MW_plant.IntFolder\Library\DIgSILENT Library\Dynamic Models\Inverter Based Resources/Storage\Wind Turbines IEC 61400-27-1\Q Control.BlkDef\Used Macros\Mol.BlkDef
Mpf,,\VM-PF.IntUser\PDD 31-12-2024.IntPrj\Library.IntPrjfolder\User Defined Models.IntPrjfolder\Matafongo 1 y 2\2MW_plant\Library\5.2MW_plant.IntFolder\Library\DIgSILENT Library\Dynamic Models\Inverter Based Resources/Storage\Wind Turbines IEC 61400-27-1\Q Control.BlkDef\Used Macros\Mpf.BlkDef
Mu,,\VM-PF.IntUser\PDD 31-12-2024.IntPrj\Library.IntPrjfolder\User Defined Models.IntPrjfolder\Matafongo 1 y 2\2MW_plant\Library\5.2MW_plant.IntFolder\Library\DIgSILENT Library\Dynamic Models\Inverter Based Resources/Storage\Wind Turbines IEC 61400-27-1\Q Control.BlkDef\Used Macros\Mu.BlkDef
Voltage droop,,\VM-PF.IntUser\PDD 31-12-2024.IntPrj\Library.IntPrjfolder\User Defined Models.IntPrjfolder\Matafongo 1 y 2\2MW_plant\Library\5.2MW_plant.IntFolder\Library\DIgSILENT Library\Dynamic Models\Inverter Based Resources/Storage\Wind Turbines IEC 61400-27-1\Q Control.BlkDef\Used Macros\Voltage droop.BlkDef
[1/(1+sT)],,\VM-PF.IntUser\PDD 31-12-2024.IntPrj\Library.IntPrjfolder\User Defined Models.IntPrjfolder\Matafongo 1 y 2\2MW_plant\Library\5.2MW_plant.IntFolder\Library\DIgSILENT Library\Dynamic Models\Inverter Based Resources/Storage\Wind Turbines IEC 61400-27-1\Q Control.BlkDef\Used Macros\[1/(1+sT)].BlkDef
[K/s]_freeze,,\VM-PF.IntUser\PDD 31-12-2024.IntPrj\Library.IntPrjfolder\User Defined Models.IntPrjfolder\Matafongo 1 y 2\2MW_plant\Library\5.2MW_plant.IntFolder\Library\DIgSILENT Library\Dynamic Models\Inverter Based Resources/Storage\Wind Turbines IEC 61400-27-1\Q Control.BlkDef\Used Macros\[K/s]_freeze.BlkDef
[K/s]_freeze_MqG,,\VM-PF.IntUser\PDD 31-12-2024.IntPrj\Library.IntPrjfolder\User Defined Models.IntPrjfolder\Matafongo 1 y 2\2MW_plant\Library\5.2MW_plant.IntFolder\Library\DIgSILENT Library\Dynamic Models\Inverter Based Resources/Storage\Wind Turbines IEC 61400-27-1\Q Control.BlkDef\Used Macros\[K/s]_freeze_MqG.BlkDef
biggerThanZero,,\VM-PF.IntUser\PDD 31-12-2024.IntPrj\Library.IntPrjfolder\User Defined Models.IntPrjfolder\Matafongo 1 y 2\2MW_plant\Library\5.2MW_plant.IntFolder\Library\DIgSILENT Library\Dynamic Models\Inverter Based Resources/Storage\Wind Turbines IEC 61400-27-1\Q Control.BlkDef\Used Macros\biggerThanZero.BlkDef
deadband,,\VM-PF.IntUser\PDD 31-12-2024.IntPrj\Library.IntPrjfolder\User Defined Models.IntPrjfolder\Matafongo 1 y 2\2MW_plant\Library\5.2MW_plant.IntFolder\Library\DIgSILENT Library\Dynamic Models\Inverter Based Resources/Storage\Wind Turbines IEC 61400-27-1\Q Control.BlkDef\Used Macros\deadband.BlkDef
extLimits,,\VM-PF.IntUser\PDD 31-12-2024.IntPrj\Library.IntPrjfolder\User Defined Models.IntPrjfolder\Matafongo 1 y 2\2MW_plant\Library\5.2MW_plant.IntFolder\Library\DIgSILENT Library\Dynamic Models\Inverter Based Resources/Storage\Wind Turbines IEC 61400-27-1\Q Control.BlkDef\Used Macros\extLimits.BlkDef
sT/(1+sT)_,,\VM-PF.IntUser\PDD 31-12-2024.IntPrj\Library.IntPrjfolder\User Defined Models.IntPrjfolder\Matafongo 1 y 2\2MW_plant\Library\5.2MW_plant.IntFolder\Library\DIgSILENT Library\Dynamic Models\Inverter Based Resources/Storage\Wind Turbines IEC 61400-27-1\Q Control.BlkDef\Used Macros\sT/(1+sT)_.BlkDef
tan(pf_init),,\VM-PF.IntUser\PDD 31-12-2024.IntPrj\Library.IntPrjfolder\User Defined Models.IntPrjfolder\Matafongo 1 y 2\2MW_plant\Library\5.2MW_plant.IntFolder\Library\DIgSILENT Library\Dynamic Models\Inverter Based Resources/Storage\Wind Turbines IEC 61400-27-1\Q Control.BlkDef\Used Macros\tan(pf_init).BlkDef
Q Limitation - QP and QU,,\VM-PF.IntUser\PDD 31-12-2024.IntPrj\Library.IntPrjfolder\User Defined Models.IntPrjfolder\Matafongo 1 y 2\2MW_plant\Library\5.2MW_plant.IntFolder\Library\DIgSILENT Library\Dynamic Models\Inverter Based Resources/Storage\Wind Turbines IEC 61400-27-1\Q Limitation - QP and QU.BlkDef
Freeze,,\VM-PF.IntUser\PDD 31-12-2024.IntPrj\Library.IntPrjfolder\User Defined Models.IntPrjfolder\Matafongo 1 y 2\2MW_plant\Library\5.2MW_plant.IntFolder\Library\DIgSILENT Library\Dynamic Models\Inverter Based Resources/Storage\Wind Turbines IEC 61400-27-1\Q Limitation - QP and QU.BlkDef\Used Macros\Freeze.BlkDef
Lookup Table_lin,,\VM-PF.IntUser\PDD 31-12-2024.IntPrj\Library.IntPrjfolder\User Defined Models.IntPrjfolder\Matafongo 1 y 2\2MW_plant\Library\5.2MW_plant.IntFolder\Library\DIgSILENT Library\Dynamic Models\Inverter Based Resources/Storage\Wind Turbines IEC 61400-27-1\Q Limitation - QP and QU.BlkDef\Used Macros\Lookup Table_lin.BlkDef
Max,,\VM-PF.IntUser\PDD 31-12-2024.IntPrj\Library.IntPrjfolder\User Defined Models.IntPrjfolder\Matafongo 1 y 2\2MW_plant\Library\5.2MW_plant.IntFolder\Library\DIgSILENT Library\Dynamic Models\Inverter Based Resources/Storage\Wind Turbines IEC 61400-27-1\Q Limitation - QP and QU.BlkDef\Used Macros\Max.BlkDef
Min,,\VM-PF.IntUser\PDD 31-12-2024.IntPrj\Library.IntPrjfolder\User Defined Models.IntPrjfolder\Matafongo 1 y 2\2MW_plant\Library\5.2MW_plant.IntFolder\Library\DIgSILENT Library\Dynamic Models\Inverter Based Resources/Storage\Wind Turbines IEC 61400-27-1\Q Limitation - QP and QU.BlkDef\Used Macros\Min.BlkDef
Protection,,\VM-PF.IntUser\PDD 31-12-2024.IntPrj\Library.IntPrjfolder\User Defined Models.IntPrjfolder\Matafongo 1 y 2\2MW_plant\Library\5.2MW_plant.IntFolder\Library\DIgSILENT Library\Dynamic Models\Inverter Based Resources/Storage\Wind Turbines IEC 61400-27-1\Protection.BlkDef
selector,,\VM-PF.IntUser\PDD 31-12-2024.IntPrj\Library.IntPrjfolder\User Defined Models.IntPrjfolder\Matafongo 1 y 2\2MW_plant\Library\5.2MW_plant.IntFolder\Library\DIgSILENT Library\Dynamic Models\Inverter Based Resources/Storage\Wind Turbines IEC 61400-27-1\Protection.BlkDef\Used Macros\selector.BlkDef
characteristic_max,,\VM-PF.IntUser\PDD 31-12-2024.IntPrj\Library.IntPrjfolder\User Defined Models.IntPrjfolder\Matafongo 1 y 2\2MW_plant\Library\5.2MW_plant.IntFolder\Library\DIgSILENT Library\Dynamic Models\Inverter Based Resources/Storage\Wind Turbines IEC 61400-27-1\Protection.BlkDef\Used Macros\characteristic_max.BlkDef
characteristic_min,,\VM-PF.IntUser\PDD 31-12-2024.IntPrj\Library.IntPrjfolder\User Defined Models.IntPrjfolder\Matafongo 1 y 2\2MW_plant\Library\5.2MW_plant.IntFolder\Library\DIgSILENT Library\Dynamic Models\Inverter Based Resources/Storage\Wind Turbines IEC 61400-27-1\Protection.BlkDef\Used Macros\characteristic_min.BlkDef
Measurement,,\VM-PF.IntUser\PDD 31-12-2024.IntPrj\Library.IntPrjfolder\User Defined Models.IntPrjfolder\Matafongo 1 y 2\2MW_plant\Library\5.2MW_plant.IntFolder\Library\DIgSILENT Library\Dynamic Models\Inverter Based Resources/Storage\Wind Turbines IEC 61400-27-1\Measurement.BlkDef
1/(1+sT),,\VM-PF.IntUser\PDD 31-12-2024.IntPrj\Library.IntPrjfolder\User Defined Models.IntPrjfolder\Matafongo 1 y 2\2MW_plant\Library\5.2MW_plant.IntFolder\Library\DIgSILENT Library\Dynamic Models\Inverter Based Resources/Storage\Wind Turbines IEC 61400-27-1\Measurement.BlkDef\Used Macros\1/(1+sT).BlkDef
GradLim,,\VM-PF.IntUser\PDD 31-12-2024.IntPrj\Library.IntPrjfolder\User Defined Models.IntPrjfolder\Matafongo 1 y 2\2MW_plant\Library\5.2MW_plant.IntFolder\Library\DIgSILENT Library\Dynamic Models\Inverter Based Resources/Storage\Wind Turbines IEC 61400-27-1\Measurement.BlkDef\Used Macros\GradLim.BlkDef
Reference Frame Rotation (PLL),,\VM-PF.IntUser\PDD 31-12-2024.IntPrj\Library.IntPrjfolder\User Defined Models.IntPrjfolder\Matafongo 1 y 2\2MW_plant\Library\5.2MW_plant.IntFolder\Library\DIgSILENT Library\Dynamic Models\Inverter Based Resources/Storage\Wind Turbines IEC 61400-27-1\Reference Frame Rotation (PLL).BlkDef
Frame IEC Type 3,,\VM-PF.IntUser\PDD 31-12-2024.IntPrj\Library.IntPrjfolder\User Defined Models.IntPrjfolder\Matafongo 1 y 2\5.2MW_plant.IntFolder\Library\DIgSILENT Library\Dynamic Models\Inverter Based Resources/Storage\Wind Turbines IEC 61400-27-1\Composite Model Frames\Frame IEC Type 3.BlkDef
Aerodynamics Two-Dimensional,,\VM-PF.IntUser\PDD 31-12-2024.IntPrj\Library.IntPrjfolder\User Defined Models.IntPrjfolder\Matafongo 1 y 2\5.2MW_plant.IntFolder\Library\DIgSILENT Library\Dynamic Models\Inverter Based Resources/Storage\Wind Turbines IEC 61400-27-1\Aerodynamics Two-Dimensional.BlkDef
dpomegaTheta,,\VM-PF.IntUser\PDD 31-12-2024.IntPrj\Library.IntPrjfolder\User Defined Models.IntPrjfolder\Matafongo 1 y 2\5.2MW_plant.IntFolder\Library\DIgSILENT Library\Dynamic Models\Inverter Based Resources/Storage\Wind Turbines IEC 61400-27-1\Aerodynamics Two-Dimensional.BlkDef\Used Macros\dpomegaTheta.BlkDef
Const,,\VM-PF.IntUser\PDD 31-12-2024.IntPrj\Library.IntPrjfolder\User Defined Models.IntPrjfolder\Matafongo 1 y 2\5.2MW_plant.IntFolder\Library\DIgSILENT Library\Dynamic Models\Inverter Based Resources/Storage\Wind Turbines IEC 61400-27-1\Aerodynamics Two-Dimensional.BlkDef\Used Macros\Const.BlkDef
K,,\VM-PF.IntUser\PDD 31-12-2024.IntPrj\Library.IntPrjfolder\User Defined Models.IntPrjfolder\Matafongo 1 y 2\5.2MW_plant.IntFolder\Library\DIgSILENT Library\Dynamic Models\Inverter Based Resources/Storage\Wind Turbines IEC 61400-27-1\Aerodynamics Two-Dimensional.BlkDef\Used Macros\K.BlkDef
pavail,,\VM-PF.IntUser\PDD 31-12-2024.IntPrj\Library.IntPrjfolder\User Defined Models.IntPrjfolder\Matafongo 1 y 2\5.2MW_plant.IntFolder\Library\DIgSILENT Library\Dynamic Models\Inverter Based Resources/Storage\Wind Turbines IEC 61400-27-1\Aerodynamics Two-Dimensional.BlkDef\Used Macros\pavail.BlkDef
Two Masses Type 3 and 4B,,\VM-PF.IntUser\PDD 31-12-2024.IntPrj\Library.IntPrjfolder\User Defined Models.IntPrjfolder\Matafongo 1 y 2\5.2MW_plant.IntFolder\Library\DIgSILENT Library\Dynamic Models\Inverter Based Resources/Storage\Wind Turbines IEC 61400-27-1\Two Masses Type 3 and 4B.BlkDef
1/(2 HWTR s),,\VM-PF.IntUser\PDD 31-12-2024.IntPrj\Library.IntPrjfolder\User Defined Models.IntPrjfolder\Matafongo 1 y 2\5.2MW_plant.IntFolder\Library\DIgSILENT Library\Dynamic Models\Inverter Based Resources/Storage\Wind Turbines IEC 61400-27-1\Two Masses Type 3 and 4B.BlkDef\Used Macros\1/(2 HWTR s).BlkDef
cshv + ksh/s,,\VM-PF.IntUser\PDD 31-12-2024.IntPrj\Library.IntPrjfolder\User Defined Models.IntPrjfolder\Matafongo 1 y 2\5.2MW_plant.IntFolder\Library\DIgSILENT Library\Dynamic Models\Inverter Based Resources/Storage\Wind Turbines IEC 61400-27-1\Two Masses Type 3 and 4B.BlkDef\Used Macros\cshv + ksh/s.BlkDef
Generator Set Type 3B,,\VM-PF.IntUser\PDD 31-12-2024.IntPrj\Library.IntPrjfolder\User Defined Models.IntPrjfolder\Matafongo 1 y 2\5.2MW_plant.IntFolder\Library\DIgSILENT Library\Dynamic Models\Inverter Based Resources/Storage\Wind Turbines IEC 61400-27-1\Generator Set Type 3B.BlkDef
-1,,\VM-PF.IntUser\PDD 31-12-2024.IntPrj\Library.IntPrjfolder\User Defined Models.IntPrjfolder\Matafongo 1 y 2\5.2MW_plant.IntFolder\Library\DIgSILENT Library\Dynamic Models\Inverter Based Resources/Storage\Wind Turbines IEC 61400-27-1\Generator Set Type 3B.BlkDef\Used Macros\-1.BlkDef
1/(1+sT),,\VM-PF.IntUser\PDD 31-12-2024.IntPrj\Library.IntPrjfolder\User Defined Models.IntPrjfolder\Matafongo 1 y 2\5.2MW_plant.IntFolder\Library\DIgSILENT Library\Dynamic Models\Inverter Based Resources/Storage\Wind Turbines IEC 61400-27-1\Generator Set Type 3B.BlkDef\Used Macros\1/(1+sT).BlkDef
1/Xs,,\VM-PF.IntUser\PDD 31-12-2024.IntPrj\Library.IntPrjfolder\User Defined Models.IntPrjfolder\Matafongo 1 y 2\5.2MW_plant.IntFolder\Library\DIgSILENT Library\Dynamic Models\Inverter Based Resources/Storage\Wind Turbines IEC 61400-27-1\Generator Set Type 3B.BlkDef\Used Macros\1/Xs.BlkDef
Const,,\VM-PF.IntUser\PDD 31-12-2024.IntPrj\Library.IntPrjfolder\User Defined Models.IntPrjfolder\Matafongo 1 y 2\5.2MW_plant.IntFolder\Library\DIgSILENT Library\Dynamic Models\Inverter Based Resources/Storage\Wind Turbines IEC 61400-27-1\Generator Set Type 3B.BlkDef\Used Macros\Const.BlkDef
GradLim,,\VM-PF.IntUser\PDD 31-12-2024.IntPrj\Library.IntPrjfolder\User Defined Models.IntPrjfolder\Matafongo 1 y 2\5.2MW_plant.IntFolder\Library\DIgSILENT Library\Dynamic Models\Inverter Based Resources/Storage\Wind Turbines IEC 61400-27-1\Generator Set Type 3B.BlkDef\Used Macros\GradLim.BlkDef
GradLim_pos,,\VM-PF.IntUser\PDD 31-12-2024.IntPrj\Library.IntPrjfolder\User Defined Models.IntPrjfolder\Matafongo 1 y 2\5.2MW_plant.IntFolder\Library\DIgSILENT Library\Dynamic Models\Inverter Based Resources/Storage\Wind Turbines IEC 61400-27-1\Generator Set Type 3B.BlkDef\Used Macros\GradLim_pos.BlkDef
Limits,,\VM-PF.IntUser\PDD 31-12-2024.IntPrj\Library.IntPrjfolder\User Defined Models.IntPrjfolder\Matafongo 1 y 2\5.2MW_plant.IntFolder\Library\DIgSILENT Library\Dynamic Models\Inverter Based Resources/Storage\Wind Turbines IEC 61400-27-1\Generator Set Type 3B.BlkDef\Used Macros\Limits.BlkDef
Limits_top,,\VM-PF.IntUser\PDD 31-12-2024.IntPrj\Library.IntPrjfolder\User Defined Models.IntPrjfolder\Matafongo 1 y 2\5.2MW_plant.IntFolder\Library\DIgSILENT Library\Dynamic Models\Inverter Based Resources/Storage\Wind Turbines IEC 61400-27-1\Generator Set Type 3B.BlkDef\Used Macros\Limits_top.BlkDef
ReIm-dq,,\VM-PF.IntUser\PDD 31-12-2024.IntPrj\Library.IntPrjfolder\User Defined Models.IntPrjfolder\Matafongo 1 y 2\5.2MW_plant.IntFolder\Library\DIgSILENT Library\Dynamic Models\Inverter Based Resources/Storage\Wind Turbines IEC 61400-27-1\Generator Set Type 3B.BlkDef\Used Macros\ReIm-dq.BlkDef
dq-ReIm,,\VM-PF.IntUser\PDD 31-12-2024.IntPrj\Library.IntPrjfolder\User Defined Models.IntPrjfolder\Matafongo 1 y 2\5.2MW_plant.IntFolder\Library\DIgSILENT Library\Dynamic Models\Inverter Based Resources/Storage\Wind Turbines IEC 61400-27-1\Generator Set Type 3B.BlkDef\Used Macros\dq-ReIm.BlkDef
crowbar,,\VM-PF.IntUser\PDD 31-12-2024.IntPrj\Library.IntPrjfolder\User Defined Models.IntPrjfolder\Matafongo 1 y 2\5.2MW_plant.IntFolder\Library\DIgSILENT Library\Dynamic Models\Inverter Based Resources/Storage\Wind Turbines IEC 61400-27-1\Generator Set Type 3B.BlkDef\Used Macros\crowbar.BlkDef
sT/(1+sT)_,,\VM-PF.IntUser\PDD 31-12-2024.IntPrj\Library.IntPrjfolder\User Defined Models.IntPrjfolder\Matafongo 1 y 2\5.2MW_plant.IntFolder\Library\DIgSILENT Library\Dynamic Models\Inverter Based Resources/Storage\Wind Turbines IEC 61400-27-1\Generator Set Type 3B.BlkDef\Used Macros\sT/(1+sT)_.BlkDef
Pitch Angle Control,,\VM-PF.IntUser\PDD 31-12-2024.IntPrj\Library.IntPrjfolder\User Defined Models.IntPrjfolder\Matafongo 1 y 2\5.2MW_plant.IntFolder\Library\DIgSILENT Library\Dynamic Models\Inverter Based Resources/Storage\Wind Turbines IEC 61400-27-1\Pitch Angle Control.BlkDef
1/(1+sT),,\VM-PF.IntUser\PDD 31-12-2024.IntPrj\Library.IntPrjfolder\User Defined Models.IntPrjfolder\Matafongo 1 y 2\5.2MW_plant.IntFolder\Library\DIgSILENT Library\Dynamic Models\Inverter Based Resources/Storage\Wind Turbines IEC 61400-27-1\Pitch Angle Control.BlkDef\Used Macros\1/(1+sT).BlkDef
Rate limiter {p;p},,\VM-PF.IntUser\PDD 31-12-2024.IntPrj\Library.IntPrjfolder\User Defined Models.IntPrjfolder\Matafongo 1 y 2\5.2MW_plant.IntFolder\Library\DIgSILENT Library\Dynamic Models\Inverter Based Resources/Storage\Wind Turbines IEC 61400-27-1\Pitch Angle Control.BlkDef\Used Macros\Rate limiter {p;p}.BlkDef
K,,\VM-PF.IntUser\PDD 31-12-2024.IntPrj\Library.IntPrjfolder\User Defined Models.IntPrjfolder\Matafongo 1 y 2\5.2MW_plant.IntFolder\Library\DIgSILENT Library\Dynamic Models\Inverter Based Resources/Storage\Wind Turbines IEC 61400-27-1\Pitch Angle Control.BlkDef\Used Macros\K.BlkDef
Limits,,\VM-PF.IntUser\PDD 31-12-2024.IntPrj\Library.IntPrjfolder\User Defined Models.IntPrjfolder\Matafongo 1 y 2\5.2MW_plant.IntFolder\Library\DIgSILENT Library\Dynamic Models\Inverter Based Resources/Storage\Wind Turbines IEC 61400-27-1\Pitch Angle Control.BlkDef\Used Macros\Limits.BlkDef
[K/s],,\VM-PF.IntUser\PDD 31-12-2024.IntPrj\Library.IntPrjfolder\User Defined Models.IntPrjfolder\Matafongo 1 y 2\5.2MW_plant.IntFolder\Library\DIgSILENT Library\Dynamic Models\Inverter Based Resources/Storage\Wind Turbines IEC 61400-27-1\Pitch Angle Control.BlkDef\Used Macros\[K/s].BlkDef
P Control Type 3,,\VM-PF.IntUser\PDD 31-12-2024.IntPrj\Library.IntPrjfolder\User Defined Models.IntPrjfolder\Matafongo 1 y 2\5.2MW_plant.IntFolder\Library\DIgSILENT Library\Dynamic Models\Inverter Based Resources/Storage\Wind Turbines IEC 61400-27-1\P Control Type 3.BlkDef
1/(1+sT),,\VM-PF.IntUser\PDD 31-12-2024.IntPrj\Library.IntPrjfolder\User Defined Models.IntPrjfolder\Matafongo 1 y 2\5.2MW_plant.IntFolder\Library\DIgSILENT Library\Dynamic Models\Inverter Based Resources/Storage\Wind Turbines IEC 61400-27-1\P Control Type 3.BlkDef\Used Macros\1/(1+sT).BlkDef
1/(1+sT)_lim,,\VM-PF.IntUser\PDD 31-12-2024.IntPrj\Library.IntPrjfolder\User Defined Models.IntPrjfolder\Matafongo 1 y 2\5.2MW_plant.IntFolder\Library\DIgSILENT Library\Dynamic Models\Inverter Based Resources/Storage\Wind Turbines IEC 61400-27-1\P Control Type 3.BlkDef\Used Macros\1/(1+sT)_lim.BlkDef
Limit lower [p;,,\VM-PF.IntUser\PDD 31-12-2024.IntPrj\Library.IntPrjfolder\User Defined Models.IntPrjfolder\Matafongo 1 y 2\5.2MW_plant.IntFolder\Library\DIgSILENT Library\Dynamic Models\Inverter Based Resources/Storage\Wind Turbines IEC 61400-27-1\P Control Type 3.BlkDef\Used Macros\Limit lower [p;.BlkDef
Switch,,\VM-PF.IntUser\PDD 31-12-2024.IntPrj\Library.IntPrjfolder\User Defined Models.IntPrjfolder\Matafongo 1 y 2\5.2MW_plant.IntFolder\Library\DIgSILENT Library\Dynamic Models\Inverter Based Resources/Storage\Wind Turbines IEC 61400-27-1\P Control Type 3.BlkDef\Used Macros\Switch.BlkDef
Switch1,,\VM-PF.IntUser\PDD 31-12-2024.IntPrj\Library.IntPrjfolder\User Defined Models.IntPrjfolder\Matafongo 1 y 2\5.2MW_plant.IntFolder\Library\DIgSILENT Library\Dynamic Models\Inverter Based Resources/Storage\Wind Turbines IEC 61400-27-1\P Control Type 3.BlkDef\Used Macros\Switch1.BlkDef
U Scaling,,\VM-PF.IntUser\PDD 31-12-2024.IntPrj\Library.IntPrjfolder\User Defined Models.IntPrjfolder\Matafongo 1 y 2\5.2MW_plant.IntFolder\Library\DIgSILENT Library\Dynamic Models\Inverter Based Resources/Storage\Wind Turbines IEC 61400-27-1\P Control Type 3.BlkDef\Used Macros\U Scaling.BlkDef
GradLim,,\VM-PF.IntUser\PDD 31-12-2024.IntPrj\Library.IntPrjfolder\User Defined Models.IntPrjfolder\Matafongo 1 y 2\5.2MW_plant.IntFolder\Library\DIgSILENT Library\Dynamic Models\Inverter Based Resources/Storage\Wind Turbines IEC 61400-27-1\P Control Type 3.BlkDef\Used Macros\GradLim.BlkDef
Limits,,\VM-PF.IntUser\PDD 31-12-2024.IntPrj\Library.IntPrjfolder\User Defined Models.IntPrjfolder\Matafongo 1 y 2\5.2MW_plant.IntFolder\Library\DIgSILENT Library\Dynamic Models\Inverter Based Resources/Storage\Wind Turbines IEC 61400-27-1\P Control Type 3.BlkDef\Used Macros\Limits.BlkDef
Lookup Table,,\VM-PF.IntUser\PDD 31-12-2024.IntPrj\Library.IntPrjfolder\User Defined Models.IntPrjfolder\Matafongo 1 y 2\5.2MW_plant.IntFolder\Library\DIgSILENT Library\Dynamic Models\Inverter Based Resources/Storage\Wind Turbines IEC 61400-27-1\P Control Type 3.BlkDef\Used Macros\Lookup Table.BlkDef
Const,,\VM-PF.IntUser\PDD 31-12-2024.IntPrj\Library.IntPrjfolder\User Defined Models.IntPrjfolder\Matafongo 1 y 2\5.2MW_plant.IntFolder\Library\DIgSILENT Library\Dynamic Models\Inverter Based Resources/Storage\Wind Turbines IEC 61400-27-1\P Control Type 3.BlkDef\Used Macros\Const.BlkDef
s2Kzw/(ss+s2zw+ww),,\VM-PF.IntUser\PDD 31-12-2024.IntPrj\Library.IntPrjfolder\User Defined Models.IntPrjfolder\Matafongo 1 y 2\5.2MW_plant.IntFolder\Library\DIgSILENT Library\Dynamic Models\Inverter Based Resources/Storage\Wind Turbines IEC 61400-27-1\P Control Type 3.BlkDef\Used Macros\s2Kzw/(ss+s2zw+ww).BlkDef
type 3 torque PI,,\VM-PF.IntUser\PDD 31-12-2024.IntPrj\Library.IntPrjfolder\User Defined Models.IntPrjfolder\Matafongo 1 y 2\5.2MW_plant.IntFolder\Library\DIgSILENT Library\Dynamic Models\Inverter Based Resources/Storage\Wind Turbines IEC 61400-27-1\P Control Type 3.BlkDef\Used Macros\type 3 torque PI.BlkDef
0,,\VM-PF.IntUser\PDD 31-12-2024.IntPrj\Library.IntPrjfolder\User Defined Models.IntPrjfolder\Matafongo 1 y 2\5.2MW_plant.IntFolder\Library\DIgSILENT Library\Dynamic Models\Inverter Based Resources/Storage\Wind Turbines IEC 61400-27-1\P Control Type 3.BlkDef\Used Macros\type 3 torque PI.BlkDef\Used Macros\0.BlkDef
1,,\VM-PF.IntUser\PDD 31-12-2024.IntPrj\Library.IntPrjfolder\User Defined Models.IntPrjfolder\Matafongo 1 y 2\5.2MW_plant.IntFolder\Library\DIgSILENT Library\Dynamic Models\Inverter Based Resources/Storage\Wind Turbines IEC 61400-27-1\P Control Type 3.BlkDef\Used Macros\type 3 torque PI.BlkDef\Used Macros\1.BlkDef
1/s_reset_set,,\VM-PF.IntUser\PDD 31-12-2024.IntPrj\Library.IntPrjfolder\User Defined Models.IntPrjfolder\Matafongo 1 y 2\5.2MW_plant.IntFolder\Library\DIgSILENT Library\Dynamic Models\Inverter Based Resources/Storage\Wind Turbines IEC 61400-27-1\P Control Type 3.BlkDef\Used Macros\type 3 torque PI.BlkDef\Used Macros\1/s_reset_set.BlkDef
Const,,\VM-PF.IntUser\PDD 31-12-2024.IntPrj\Library.IntPrjfolder\User Defined Models.IntPrjfolder\Matafongo 1 y 2\5.2MW_plant.IntFolder\Library\DIgSILENT Library\Dynamic Models\Inverter Based Resources/Storage\Wind Turbines IEC 61400-27-1\P Control Type 3.BlkDef\Used Macros\type 3 torque PI.BlkDef\Used Macros\Const.BlkDef
DelayFallback,,\VM-PF.IntUser\PDD 31-12-2024.IntPrj\Library.IntPrjfolder\User Defined Models.IntPrjfolder\Matafongo 1 y 2\5.2MW_plant.IntFolder\Library\DIgSILENT Library\Dynamic Models\Inverter Based Resources/Storage\Wind Turbines IEC 61400-27-1\P Control Type 3.BlkDef\Used Macros\type 3 torque PI.BlkDef\Used Macros\DelayFallback.BlkDef
GradLim_pos,,\VM-PF.IntUser\PDD 31-12-2024.IntPrj\Library.IntPrjfolder\User Defined Models.IntPrjfolder\Matafongo 1 y 2\5.2MW_plant.IntFolder\Library\DIgSILENT Library\Dynamic Models\Inverter Based Resources/Storage\Wind Turbines IEC 61400-27-1\P Control Type 3.BlkDef\Used Macros\type 3 torque PI.BlkDef\Used Macros\GradLim_pos.BlkDef
K,,\VM-PF.IntUser\PDD 31-12-2024.IntPrj\Library.IntPrjfolder\User Defined Models.IntPrjfolder\Matafongo 1 y 2\5.2MW_plant.IntFolder\Library\DIgSILENT Library\Dynamic Models\Inverter Based Resources/Storage\Wind Turbines IEC 61400-27-1\P Control Type 3.BlkDef\Used Macros\type 3 torque PI.BlkDef\Used Macros\K.BlkDef
Ki/Kps_reset_set_freeze,,\VM-PF.IntUser\PDD 31-12-2024.IntPrj\Library.IntPrjfolder\User Defined Models.IntPrjfolder\Matafongo 1 y 2\5.2MW_plant.IntFolder\Library\DIgSILENT Library\Dynamic Models\Inverter Based Resources/Storage\Wind Turbines IEC 61400-27-1\P Control Type 3.BlkDef\Used Macros\type 3 torque PI.BlkDef\Used Macros\Ki/Kps_reset_set_freeze.BlkDef
LargerThan,,\VM-PF.IntUser\PDD 31-12-2024.IntPrj\Library.IntPrjfolder\User Defined Models.IntPrjfolder\Matafongo 1 y 2\5.2MW_plant.IntFolder\Library\DIgSILENT Library\Dynamic Models\Inverter Based Resources/Storage\Wind Turbines IEC 61400-27-1\P Control Type 3.BlkDef\Used Macros\type 3 torque PI.BlkDef\Used Macros\LargerThan.BlkDef
Limits_top,,\VM-PF.IntUser\PDD 31-12-2024.IntPrj\Library.IntPrjfolder\User Defined Models.IntPrjfolder\Matafongo 1 y 2\5.2MW_plant.IntFolder\Library\DIgSILENT Library\Dynamic Models\Inverter Based Resources/Storage\Wind Turbines IEC 61400-27-1\P Control Type 3.BlkDef\Used Macros\type 3 torque PI.BlkDef\Used Macros\Limits_top.BlkDef
SmallerThan,,\VM-PF.IntUser\PDD 31-12-2024.IntPrj\Library.IntPrjfolder\User Defined Models.IntPrjfolder\Matafongo 1 y 2\5.2MW_plant.IntFolder\Library\DIgSILENT Library\Dynamic Models\Inverter Based Resources/Storage\Wind Turbines IEC 61400-27-1\P Control Type 3.BlkDef\Used Macros\type 3 torque PI.BlkDef\Used Macros\SmallerThan.BlkDef
logic >eq,,\VM-PF.IntUser\PDD 31-12-2024.IntPrj\Library.IntPrjfolder\User Defined Models.IntPrjfolder\Matafongo 1 y 2\5.2MW_plant.IntFolder\Library\DIgSILENT Library\Dynamic Models\Inverter Based Resources/Storage\Wind Turbines IEC 61400-27-1\P Control Type 3.BlkDef\Used Macros\type 3 torque PI.BlkDef\Used Macros\logic >eq.BlkDef
logic and,,\VM-PF.IntUser\PDD 31-12-2024.IntPrj\Library.IntPrjfolder\User Defined Models.IntPrjfolder\Matafongo 1 y 2\5.2MW_plant.IntFolder\Library\DIgSILENT Library\Dynamic Models\Inverter Based Resources/Storage\Wind Turbines IEC 61400-27-1\P Control Type 3.BlkDef\Used Macros\type 3 torque PI.BlkDef\Used Macros\logic and.BlkDef
logic or,,\VM-PF.IntUser\PDD 31-12-2024.IntPrj\Library.IntPrjfolder\User Defined Models.IntPrjfolder\Matafongo 1 y 2\5.2MW_plant.IntFolder\Library\DIgSILENT Library\Dynamic Models\Inverter Based Resources/Storage\Wind Turbines IEC 61400-27-1\P Control Type 3.BlkDef\Used Macros\type 3 torque PI.BlkDef\Used Macros\logic or.BlkDef
logic or_,,\VM-PF.IntUser\PDD 31-12-2024.IntPrj\Library.IntPrjfolder\User Defined Models.IntPrjfolder\Matafongo 1 y 2\5.2MW_plant.IntFolder\Library\DIgSILENT Library\Dynamic Models\Inverter Based Resources/Storage\Wind Turbines IEC 61400-27-1\P Control Type 3.BlkDef\Used Macros\type 3 torque PI.BlkDef\Used Macros\logic or_.BlkDef
min_3,,\VM-PF.IntUser\PDD 31-12-2024.IntPrj\Library.IntPrjfolder\User Defined Models.IntPrjfolder\Matafongo 1 y 2\5.2MW_plant.IntFolder\Library\DIgSILENT Library\Dynamic Models\Inverter Based Resources/Storage\Wind Turbines IEC 61400-27-1\P Control Type 3.BlkDef\Used Macros\type 3 torque PI.BlkDef\Used Macros\min_3.BlkDef
min,,\VM-PF.IntUser\PDD 31-12-2024.IntPrj\Library.IntPrjfolder\User Defined Models.IntPrjfolder\Matafongo 1 y 2\5.2MW_plant.IntFolder\Library\DIgSILENT Library\Dynamic Models\Inverter Based Resources/Storage\Wind Turbines IEC 61400-27-1\P Control Type 3.BlkDef\Used Macros\type 3 torque PI.BlkDef\Used Macros\min.BlkDef
Current Limitation,,\VM-PF.IntUser\PDD 31-12-2024.IntPrj\Library.IntPrjfolder\User Defined Models.IntPrjfolder\Matafongo 1 y 2\5.2MW_plant.IntFolder\Library\DIgSILENT Library\Dynamic Models\Inverter Based Resources/Storage\Wind Turbines IEC 61400-27-1\Current Limitation.BlkDef
-1,,\VM-PF.IntUser\PDD 31-12-2024.IntPrj\Library.IntPrjfolder\User Defined Models.IntPrjfolder\Matafongo 1 y 2\5.2MW_plant.IntFolder\Library\DIgSILENT Library\Dynamic Models\Inverter Based Resources/Storage\Wind Turbines IEC 61400-27-1\Current Limitation.BlkDef\Used Macros\-1.BlkDef
Const,,\VM-PF.IntUser\PDD 31-12-2024.IntPrj\Library.IntPrjfolder\User Defined Models.IntPrjfolder\Matafongo 1 y 2\5.2MW_plant.IntFolder\Library\DIgSILENT Library\Dynamic Models\Inverter Based Resources/Storage\Wind Turbines IEC 61400-27-1\Current Limitation.BlkDef\Used Macros\Const.BlkDef
FLT_Selp,,\VM-PF.IntUser\PDD 31-12-2024.IntPrj\Library.IntPrjfolder\User Defined Models.IntPrjfolder\Matafongo 1 y 2\5.2MW_plant.IntFolder\Library\DIgSILENT Library\Dynamic Models\Inverter Based Resources/Storage\Wind Turbines IEC 61400-27-1\Current Limitation.BlkDef\Used Macros\FLT_Selp.BlkDef
FLT_Selq,,\VM-PF.IntUser\PDD 31-12-2024.IntPrj\Library.IntPrjfolder\User Defined Models.IntPrjfolder\Matafongo 1 y 2\5.2MW_plant.IntFolder\Library\DIgSILENT Library\Dynamic Models\Inverter Based Resources/Storage\Wind Turbines IEC 61400-27-1\Current Limitation.BlkDef\Used Macros\FLT_Selq.BlkDef
switch_,,\VM-PF.IntUser\PDD 31-12-2024.IntPrj\Library.IntPrjfolder\User Defined Models.IntPrjfolder\Matafongo 1 y 2\5.2MW_plant.IntFolder\Library\DIgSILENT Library\Dynamic Models\Inverter Based Resources/Storage\Wind Turbines IEC 61400-27-1\Current Limitation.BlkDef\Used Macros\switch_.BlkDef
K,,\VM-PF.IntUser\PDD 31-12-2024.IntPrj\Library.IntPrjfolder\User Defined Models.IntPrjfolder\Matafongo 1 y 2\5.2MW_plant.IntFolder\Library\DIgSILENT Library\Dynamic Models\Inverter Based Resources/Storage\Wind Turbines IEC 61400-27-1\Current Limitation.BlkDef\Used Macros\K.BlkDef
Lookup Table,,\VM-PF.IntUser\PDD 31-12-2024.IntPrj\Library.IntPrjfolder\User Defined Models.IntPrjfolder\Matafongo 1 y 2\5.2MW_plant.IntFolder\Library\DIgSILENT Library\Dynamic Models\Inverter Based Resources/Storage\Wind Turbines IEC 61400-27-1\Current Limitation.BlkDef\Used Macros\Lookup Table.BlkDef
abs-block,,\VM-PF.IntUser\PDD 31-12-2024.IntPrj\Library.IntPrjfolder\User Defined Models.IntPrjfolder\Matafongo 1 y 2\5.2MW_plant.IntFolder\Library\DIgSILENT Library\Dynamic Models\Inverter Based Resources/Storage\Wind Turbines IEC 61400-27-1\Current Limitation.BlkDef\Used Macros\abs-block.BlkDef
min_,,\VM-PF.IntUser\PDD 31-12-2024.IntPrj\Library.IntPrjfolder\User Defined Models.IntPrjfolder\Matafongo 1 y 2\5.2MW_plant.IntFolder\Library\DIgSILENT Library\Dynamic Models\Inverter Based Resources/Storage\Wind Turbines IEC 61400-27-1\Current Limitation.BlkDef\Used Macros\min_.BlkDef
iqmx_sel,,\VM-PF.IntUser\PDD 31-12-2024.IntPrj\Library.IntPrjfolder\User Defined Models.IntPrjfolder\Matafongo 1 y 2\5.2MW_plant.IntFolder\Library\DIgSILENT Library\Dynamic Models\Inverter Based Resources/Storage\Wind Turbines IEC 61400-27-1\Current Limitation.BlkDef\Used Macros\iqmx_sel.BlkDef
sqr_,,\VM-PF.IntUser\PDD 31-12-2024.IntPrj\Library.IntPrjfolder\User Defined Models.IntPrjfolder\Matafongo 1 y 2\5.2MW_plant.IntFolder\Library\DIgSILENT Library\Dynamic Models\Inverter Based Resources/Storage\Wind Turbines IEC 61400-27-1\Current Limitation.BlkDef\Used Macros\sqr_.BlkDef
sqrt_,,\VM-PF.IntUser\PDD 31-12-2024.IntPrj\Library.IntPrjfolder\User Defined Models.IntPrjfolder\Matafongo 1 y 2\5.2MW_plant.IntFolder\Library\DIgSILENT Library\Dynamic Models\Inverter Based Resources/Storage\Wind Turbines IEC 61400-27-1\Current Limitation.BlkDef\Used Macros\sqrt_.BlkDef
Q Control,,\VM-PF.IntUser\PDD 31-12-2024.IntPrj\Library.IntPrjfolder\User Defined Models.IntPrjfolder\Matafongo 1 y 2\5.2MW_plant.IntFolder\Library\DIgSILENT Library\Dynamic Models\Inverter Based Resources/Storage\Wind Turbines IEC 61400-27-1\Q Control.BlkDef
Const,,\VM-PF.IntUser\PDD 31-12-2024.IntPrj\Library.IntPrjfolder\User Defined Models.IntPrjfolder\Matafongo 1 y 2\5.2MW_plant.IntFolder\Library\DIgSILENT Library\Dynamic Models\Inverter Based Resources/Storage\Wind Turbines IEC 61400-27-1\Q Control.BlkDef\Used Macros\Const.BlkDef
FRT detect,,\VM-PF.IntUser\PDD 31-12-2024.IntPrj\Library.IntPrjfolder\User Defined Models.IntPrjfolder\Matafongo 1 y 2\5.2MW_plant.IntFolder\Library\DIgSILENT Library\Dynamic Models\Inverter Based Resources/Storage\Wind Turbines IEC 61400-27-1\Q Control.BlkDef\Used Macros\FRT detect.BlkDef
IQLVRT,,\VM-PF.IntUser\PDD 31-12-2024.IntPrj\Library.IntPrjfolder\User Defined Models.IntPrjfolder\Matafongo 1 y 2\5.2MW_plant.IntFolder\Library\DIgSILENT Library\Dynamic Models\Inverter Based Resources/Storage\Wind Turbines IEC 61400-27-1\Q Control.BlkDef\Used Macros\IQLVRT.BlkDef
K,,\VM-PF.IntUser\PDD 31-12-2024.IntPrj\Library.IntPrjfolder\User Defined Models.IntPrjfolder\Matafongo 1 y 2\5.2MW_plant.IntFolder\Library\DIgSILENT Library\Dynamic Models\Inverter Based Resources/Storage\Wind Turbines IEC 61400-27-1\Q Control.BlkDef\Used Macros\K.BlkDef
[K]_selector,,\VM-PF.IntUser\PDD 31-12-2024.IntPrj\Library.IntPrjfolder\User Defined Models.IntPrjfolder\Matafongo 1 y 2\5.2MW_plant.IntFolder\Library\DIgSILENT Library\Dynamic Models\Inverter Based Resources/Storage\Wind Turbines IEC 61400-27-1\Q Control.BlkDef\Used Macros\[K]_selector.BlkDef
Lim_Freeze,,\VM-PF.IntUser\PDD 31-12-2024.IntPrj\Library.IntPrjfolder\User Defined Models.IntPrjfolder\Matafongo 1 y 2\5.2MW_plant.IntFolder\Library\DIgSILENT Library\Dynamic Models\Inverter Based Resources/Storage\Wind Turbines IEC 61400-27-1\Q Control.BlkDef\Used Macros\Lim_Freeze.BlkDef
Limits,,\VM-PF.IntUser\PDD 31-12-2024.IntPrj\Library.IntPrjfolder\User Defined Models.IntPrjfolder\Matafongo 1 y 2\5.2MW_plant.IntFolder\Library\DIgSILENT Library\Dynamic Models\Inverter Based Resources/Storage\Wind Turbines IEC 61400-27-1\Q Control.BlkDef\Used Macros\Limits.BlkDef
Mol,,\VM-PF.IntUser\PDD 31-12-2024.IntPrj\Library.IntPrjfolder\User Defined Models.IntPrjfolder\Matafongo 1 y 2\5.2MW_plant.IntFolder\Library\DIgSILENT Library\Dynamic Models\Inverter Based Resources/Storage\Wind Turbines IEC 61400-27-1\Q Control.BlkDef\Used Macros\Mol.BlkDef
Mpf,,\VM-PF.IntUser\PDD 31-12-2024.IntPrj\Library.IntPrjfolder\User Defined Models.IntPrjfolder\Matafongo 1 y 2\5.2MW_plant.IntFolder\Library\DIgSILENT Library\Dynamic Models\Inverter Based Resources/Storage\Wind Turbines IEC 61400-27-1\Q Control.BlkDef\Used Macros\Mpf.BlkDef
Mu,,\VM-PF.IntUser\PDD 31-12-2024.IntPrj\Library.IntPrjfolder\User Defined Models.IntPrjfolder\Matafongo 1 y 2\5.2MW_plant.IntFolder\Library\DIgSILENT Library\Dynamic Models\Inverter Based Resources/Storage\Wind Turbines IEC 61400-27-1\Q Control.BlkDef\Used Macros\Mu.BlkDef
Voltage droop,,\VM-PF.IntUser\PDD 31-12-2024.IntPrj\Library.IntPrjfolder\User Defined Models.IntPrjfolder\Matafongo 1 y 2\5.2MW_plant.IntFolder\Library\DIgSILENT Library\Dynamic Models\Inverter Based Resources/Storage\Wind Turbines IEC 61400-27-1\Q Control.BlkDef\Used Macros\Voltage droop.BlkDef
[1/(1+sT)],,\VM-PF.IntUser\PDD 31-12-2024.IntPrj\Library.IntPrjfolder\User Defined Models.IntPrjfolder\Matafongo 1 y 2\5.2MW_plant.IntFolder\Library\DIgSILENT Library\Dynamic Models\Inverter Based Resources/Storage\Wind Turbines IEC 61400-27-1\Q Control.BlkDef\Used Macros\[1/(1+sT)].BlkDef
[K/s]_freeze,,\VM-PF.IntUser\PDD 31-12-2024.IntPrj\Library.IntPrjfolder\User Defined Models.IntPrjfolder\Matafongo 1 y 2\5.2MW_plant.IntFolder\Library\DIgSILENT Library\Dynamic Models\Inverter Based Resources/Storage\Wind Turbines IEC 61400-27-1\Q Control.BlkDef\Used Macros\[K/s]_freeze.BlkDef
[K/s]_freeze_MqG,,\VM-PF.IntUser\PDD 31-12-2024.IntPrj\Library.IntPrjfolder\User Defined Models.IntPrjfolder\Matafongo 1 y 2\5.2MW_plant.IntFolder\Library\DIgSILENT Library\Dynamic Models\Inverter Based Resources/Storage\Wind Turbines IEC 61400-27-1\Q Control.BlkDef\Used Macros\[K/s]_freeze_MqG.BlkDef
biggerThanZero,,\VM-PF.IntUser\PDD 31-12-2024.IntPrj\Library.IntPrjfolder\User Defined Models.IntPrjfolder\Matafongo 1 y 2\5.2MW_plant.IntFolder\Library\DIgSILENT Library\Dynamic Models\Inverter Based Resources/Storage\Wind Turbines IEC 61400-27-1\Q Control.BlkDef\Used Macros\biggerThanZero.BlkDef
deadband,,\VM-PF.IntUser\PDD 31-12-2024.IntPrj\Library.IntPrjfolder\User Defined Models.IntPrjfolder\Matafongo 1 y 2\5.2MW_plant.IntFolder\Library\DIgSILENT Library\Dynamic Models\Inverter Based Resources/Storage\Wind Turbines IEC 61400-27-1\Q Control.BlkDef\Used Macros\deadband.BlkDef
extLimits,,\VM-PF.IntUser\PDD 31-12-2024.IntPrj\Library.IntPrjfolder\User Defined Models.IntPrjfolder\Matafongo 1 y 2\5.2MW_plant.IntFolder\Library\DIgSILENT Library\Dynamic Models\Inverter Based Resources/Storage\Wind Turbines IEC 61400-27-1\Q Control.BlkDef\Used Macros\extLimits.BlkDef
sT/(1+sT)_,,\VM-PF.IntUser\PDD 31-12-2024.IntPrj\Library.IntPrjfolder\User Defined Models.IntPrjfolder\Matafongo 1 y 2\5.2MW_plant.IntFolder\Library\DIgSILENT Library\Dynamic Models\Inverter Based Resources/Storage\Wind Turbines IEC 61400-27-1\Q Control.BlkDef\Used Macros\sT/(1+sT)_.BlkDef
tan(pf_init),,\VM-PF.IntUser\PDD 31-12-2024.IntPrj\Library.IntPrjfolder\User Defined Models.IntPrjfolder\Matafongo 1 y 2\5.2MW_plant.IntFolder\Library\DIgSILENT Library\Dynamic Models\Inverter Based Resources/Storage\Wind Turbines IEC 61400-27-1\Q Control.BlkDef\Used Macros\tan(pf_init).BlkDef
Q Limitation - QP and QU,,\VM-PF.IntUser\PDD 31-12-2024.IntPrj\Library.IntPrjfolder\User Defined Models.IntPrjfolder\Matafongo 1 y 2\5.2MW_plant.IntFolder\Library\DIgSILENT Library\Dynamic Models\Inverter Based Resources/Storage\Wind Turbines IEC 61400-27-1\Q Limitation - QP and QU.BlkDef
Freeze,,\VM-PF.IntUser\PDD 31-12-2024.IntPrj\Library.IntPrjfolder\User Defined Models.IntPrjfolder\Matafongo 1 y 2\5.2MW_plant.IntFolder\Library\DIgSILENT Library\Dynamic Models\Inverter Based Resources/Storage\Wind Turbines IEC 61400-27-1\Q Limitation - QP and QU.BlkDef\Used Macros\Freeze.BlkDef
Lookup Table_lin,,\VM-PF.IntUser\PDD 31-12-2024.IntPrj\Library.IntPrjfolder\User Defined Models.IntPrjfolder\Matafongo 1 y 2\5.2MW_plant.IntFolder\Library\DIgSILENT Library\Dynamic Models\Inverter Based Resources/Storage\Wind Turbines IEC 61400-27-1\Q Limitation - QP and QU.BlkDef\Used Macros\Lookup Table_lin.BlkDef
Max,,\VM-PF.IntUser\PDD 31-12-2024.IntPrj\Library.IntPrjfolder\User Defined Models.IntPrjfolder\Matafongo 1 y 2\5.2MW_plant.IntFolder\Library\DIgSILENT Library\Dynamic Models\Inverter Based Resources/Storage\Wind Turbines IEC 61400-27-1\Q Limitation - QP and QU.BlkDef\Used Macros\Max.BlkDef
Min,,\VM-PF.IntUser\PDD 31-12-2024.IntPrj\Library.IntPrjfolder\User Defined Models.IntPrjfolder\Matafongo 1 y 2\5.2MW_plant.IntFolder\Library\DIgSILENT Library\Dynamic Models\Inverter Based Resources/Storage\Wind Turbines IEC 61400-27-1\Q Limitation - QP and QU.BlkDef\Used Macros\Min.BlkDef
Protection,,\VM-PF.IntUser\PDD 31-12-2024.IntPrj\Library.IntPrjfolder\User Defined Models.IntPrjfolder\Matafongo 1 y 2\5.2MW_plant.IntFolder\Library\DIgSILENT Library\Dynamic Models\Inverter Based Resources/Storage\Wind Turbines IEC 61400-27-1\Protection.BlkDef
selector,,\VM-PF.IntUser\PDD 31-12-2024.IntPrj\Library.IntPrjfolder\User Defined Models.IntPrjfolder\Matafongo 1 y 2\5.2MW_plant.IntFolder\Library\DIgSILENT Library\Dynamic Models\Inverter Based Resources/Storage\Wind Turbines IEC 61400-27-1\Protection.BlkDef\Used Macros\selector.BlkDef
characteristic_max,,\VM-PF.IntUser\PDD 31-12-2024.IntPrj\Library.IntPrjfolder\User Defined Models.IntPrjfolder\Matafongo 1 y 2\5.2MW_plant.IntFolder\Library\DIgSILENT Library\Dynamic Models\Inverter Based Resources/Storage\Wind Turbines IEC 61400-27-1\Protection.BlkDef\Used Macros\characteristic_max.BlkDef
characteristic_min,,\VM-PF.IntUser\PDD 31-12-2024.IntPrj\Library.IntPrjfolder\User Defined Models.IntPrjfolder\Matafongo 1 y 2\5.2MW_plant.IntFolder\Library\DIgSILENT Library\Dynamic Models\Inverter Based Resources/Storage\Wind Turbines IEC 61400-27-1\Protection.BlkDef\Used Macros\characteristic_min.BlkDef
Measurement,,\VM-PF.IntUser\PDD 31-12-2024.IntPrj\Library.IntPrjfolder\User Defined Models.IntPrjfolder\Matafongo 1 y 2\5.2MW_plant.IntFolder\Library\DIgSILENT Library\Dynamic Models\Inverter Based Resources/Storage\Wind Turbines IEC 61400-27-1\Measurement.BlkDef
1/(1+sT),,\VM-PF.IntUser\PDD 31-12-2024.IntPrj\Library.IntPrjfolder\User Defined Models.IntPrjfolder\Matafongo 1 y 2\5.2MW_plant.IntFolder\Library\DIgSILENT Library\Dynamic Models\Inverter Based Resources/Storage\Wind Turbines IEC 61400-27-1\Measurement.BlkDef\Used Macros\1/(1+sT).BlkDef
GradLim,,\VM-PF.IntUser\PDD 31-12-2024.IntPrj\Library.IntPrjfolder\User Defined Models.IntPrjfolder\Matafongo 1 y 2\5.2MW_plant.IntFolder\Library\DIgSILENT Library\Dynamic Models\Inverter Based Resources/Storage\Wind Turbines IEC 61400-27-1\Measurement.BlkDef\Used Macros\GradLim.BlkDef
Reference Frame Rotation (PLL),,\VM-PF.IntUser\PDD 31-12-2024.IntPrj\Library.IntPrjfolder\User Defined Models.IntPrjfolder\Matafongo 1 y 2\5.2MW_plant.IntFolder\Library\DIgSILENT Library\Dynamic Models\Inverter Based Resources/Storage\Wind Turbines IEC 61400-27-1\Reference Frame Rotation (PLL).BlkDef
gov_GAST,,\VM-PF.IntUser\PDD 31-12-2024.IntPrj\Library.IntPrjfolder\User Defined Models.IntPrjfolder\Gov_LosMina\gov_GAST.BlkDef
Const,,\VM-PF.IntUser\PDD 31-12-2024.IntPrj\Library.IntPrjfolder\User Defined Models.IntPrjfolder\Gov_LosMina\gov_GAST.BlkDef\Used Macros\Const.BlkDef
1/K,,\VM-PF.IntUser\PDD 31-12-2024.IntPrj\Library.IntPrjfolder\User Defined Models.IntPrjfolder\Gov_LosMina\gov_GAST.BlkDef\Used Macros\1/K.BlkDef
LVgate,,\VM-PF.IntUser\PDD 31-12-2024.IntPrj\Library.IntPrjfolder\User Defined Models.IntPrjfolder\Gov_LosMina\gov_GAST.BlkDef\Used Macros\LVgate.BlkDef
K,,\VM-PF.IntUser\PDD 31-12-2024.IntPrj\Library.IntPrjfolder\User Defined Models.IntPrjfolder\Gov_LosMina\gov_GAST.BlkDef\Used Macros\K.BlkDef
{1/(1+sT)},,\VM-PF.IntUser\PDD 31-12-2024.IntPrj\Library.IntPrjfolder\User Defined Models.IntPrjfolder\Gov_LosMina\gov_GAST.BlkDef\Used Macros\{1/(1+sT)}.BlkDef
Turb,,\VM-PF.IntUser\PDD 31-12-2024.IntPrj\Library.IntPrjfolder\User Defined Models.IntPrjfolder\Gov_LosMina\gov_GAST.BlkDef\Used Macros\Turb.BlkDef
1/(1+sT),,\VM-PF.IntUser\PDD 31-12-2024.IntPrj\Library.IntPrjfolder\User Defined Models.IntPrjfolder\Gov_LosMina\gov_GAST.BlkDef\Used Macros\1/(1+sT).BlkDef
vco_EXAC1,,\VM-PF.IntUser\PDD 31-12-2024.IntPrj\Library.IntPrjfolder\User Defined Models.IntPrjfolder\Gov_LosMina\vco_EXAC1.BlkDef
1/(1+sT),,\VM-PF.IntUser\PDD 31-12-2024.IntPrj\Library.IntPrjfolder\User Defined Models.IntPrjfolder\Gov_LosMina\vco_EXAC1.BlkDef\Used Macros\1/(1+sT).BlkDef
bias,,\VM-PF.IntUser\PDD 31-12-2024.IntPrj\Library.IntPrjfolder\User Defined Models.IntPrjfolder\Gov_LosMina\vco_EXAC1.BlkDef\Used Macros\bias.BlkDef
_Fex_,,\VM-PF.IntUser\PDD 31-12-2024.IntPrj\Library.IntPrjfolder\User Defined Models.IntPrjfolder\Gov_LosMina\vco_EXAC1.BlkDef\Used Macros\_Fex_.BlkDef
_(1+sTb)/(1+sTa)_,,\VM-PF.IntUser\PDD 31-12-2024.IntPrj\Library.IntPrjfolder\User Defined Models.IntPrjfolder\Gov_LosMina\vco_EXAC1.BlkDef\Used Macros\_(1+sTb)/(1+sTa)_.BlkDef
_{K/(1+sT)}_,,\VM-PF.IntUser\PDD 31-12-2024.IntPrj\Library.IntPrjfolder\User Defined Models.IntPrjfolder\Gov_LosMina\vco_EXAC1.BlkDef\Used Macros\_{K/(1+sT)}_.BlkDef
[1/sT,,\VM-PF.IntUser\PDD 31-12-2024.IntPrj\Library.IntPrjfolder\User Defined Models.IntPrjfolder\Gov_LosMina\vco_EXAC1.BlkDef\Used Macros\[1/sT.BlkDef
reset,,\VM-PF.IntUser\PDD 31-12-2024.IntPrj\Library.IntPrjfolder\User Defined Models.IntPrjfolder\Gov_LosMina\vco_EXAC1.BlkDef\Used Macros\reset.BlkDef
Se(efd)+Ke,,\VM-PF.IntUser\PDD 31-12-2024.IntPrj\Library.IntPrjfolder\User Defined Models.IntPrjfolder\Gov_LosMina\vco_EXAC1.BlkDef\Used Macros\Se(efd)+Ke.BlkDef
K,,\VM-PF.IntUser\PDD 31-12-2024.IntPrj\Library.IntPrjfolder\User Defined Models.IntPrjfolder\Gov_LosMina\vco_EXAC1.BlkDef\Used Macros\K.BlkDef
sK/(1+sT),,\VM-PF.IntUser\PDD 31-12-2024.IntPrj\Library.IntPrjfolder\User Defined Models.IntPrjfolder\Gov_LosMina\vco_EXAC1.BlkDef\Used Macros\sK/(1+sT).BlkDef
SYM Frame_no droop-Los Mina 7,,\VM-PF.IntUser\PDD 31-12-2024.IntPrj\Library.IntPrjfolder\User Defined Models.IntPrjfolder\SYM Frame_no droop-Los Mina 7.BlkDef
gov_IEESGO,,\Lib.IntLibrary\Dynamics\Arch\PF 2022 Models\DynPsse\gov_IEESGO.BlkDef
(1+sTb)/(1+sTa),,\Lib.IntLibrary\Dynamics\Arch\PF 2022 Models\DynPsse\gov_IEESGO.BlkDef\Used Macros\(1+sTb)/(1+sTa).BlkDef
K/(1+sT),,\Lib.IntLibrary\Dynamics\Arch\PF 2022 Models\DynPsse\gov_IEESGO.BlkDef\Used Macros\K/(1+sT).BlkDef
Limiter,,\Lib.IntLibrary\Dynamics\Arch\PF 2022 Models\DynPsse\gov_IEESGO.BlkDef\Used Macros\Limiter.BlkDef
1/(1+sT),,\Lib.IntLibrary\Dynamics\Arch\PF 2022 Models\DynPsse\gov_IEESGO.BlkDef\Used Macros\1/(1+sT).BlkDef
1-K,,\Lib.IntLibrary\Dynamics\Arch\PF 2022 Models\DynPsse\gov_IEESGO.BlkDef\Used Macros\1-K.BlkDef
_K/(1+sT)_,,\Lib.IntLibrary\Dynamics\Arch\PF 2022 Models\DynPsse\gov_IEESGO.BlkDef\Used Macros\_K/(1+sT)_.BlkDef
Pt/Pturb,,\Lib.IntLibrary\Dynamics\Arch\PF 2022 Models\DynPsse\gov_IEESGO.BlkDef\Used Macros\Pt/Pturb.BlkDef
BESS,,\VM-PF.IntUser\PDD 31-12-2024.IntPrj\Library.IntPrjfolder\User Defined Models.IntPrjfolder\BESS EDM 4\User Defined Models\BESS\User Defined Models\Bess Itabo\BESS.BlkDef
APC,,\VM-PF.IntUser\PDD 31-12-2024.IntPrj\Library.IntPrjfolder\User Defined Models.IntPrjfolder\BESS EDM 4\User Defined Models\BESS\User Defined Models\Bess Itabo\APC.BlkDef
DBand,,\VM-PF.IntUser\PDD 31-12-2024.IntPrj\Library.IntPrjfolder\User Defined Models.IntPrjfolder\BESS EDM 4\User Defined Models\BESS\DIgSILENT Library\Dynamic Models\DSL Macros\Deadbands\v001\DBand.BlkDef
sT/(1+sT),,\VM-PF.IntUser\PDD 31-12-2024.IntPrj\Library.IntPrjfolder\User Defined Models.IntPrjfolder\BESS EDM 4\User Defined Models\BESS\DIgSILENT Library\Dynamic Models\DSL Macros\Filters\High Pass Filters\v001\sT/(1+sT).BlkDef
Ks,,\VM-PF.IntUser\PDD 31-12-2024.IntPrj\Library.IntPrjfolder\User Defined Models.IntPrjfolder\BESS EDM 4\User Defined Models\BESS\User Defined Models\Bess Itabo\Ks.BlkDef
RampRateRegulator,,\VM-PF.IntUser\PDD 31-12-2024.IntPrj\Library.IntPrjfolder\User Defined Models.IntPrjfolder\BESS EDM 4\User Defined Models\BESS\User Defined Models\Bess Itabo\RampRateRegulator.BlkDef
1/(1+sT),,\VM-PF.IntUser\PDD 31-12-2024.IntPrj\Library.IntPrjfolder\User Defined Models.IntPrjfolder\BESS EDM 4\User Defined Models\BESS\DIgSILENT Library\Dynamic Models\DSL Macros\Filters\Low Pass Filters\v001\1/(1+sT).BlkDef
K1/K2,,\VM-PF.IntUser\PDD 31-12-2024.IntPrj\Library.IntPrjfolder\User Defined Models.IntPrjfolder\BESS EDM 4\User Defined Models\BESS\DIgSILENT Library\Dynamic Models\DSL Macros\Gains\v001\K1/K2.BlkDef
ROCOF logic,,\VM-PF.IntUser\PDD 31-12-2024.IntPrj\Library.IntPrjfolder\User Defined Models.IntPrjfolder\BESS EDM 4\User Defined Models\BESS\User Defined Models\Bess Itabo\ROCOF logic.BlkDef
0,,\VM-PF.IntUser\PDD 31-12-2024.IntPrj\Library.IntPrjfolder\User Defined Models.IntPrjfolder\BESS EDM 4\User Defined Models\BESS\DIgSILENT Library\Dynamic Models\DSL Macros\Constants\v001\0.BlkDef
logic and,,\VM-PF.IntUser\PDD 31-12-2024.IntPrj\Library.IntPrjfolder\User Defined Models.IntPrjfolder\BESS EDM 4\User Defined Models\BESS\DIgSILENT Library\Dynamic Models\DSL Macros\Logic Functions\Logic Functions with Pick-up/Drop-off\v001\logic and.BlkDef
logic not,,\VM-PF.IntUser\PDD 31-12-2024.IntPrj\Library.IntPrjfolder\User Defined Models.IntPrjfolder\BESS EDM 4\User Defined Models\BESS\DIgSILENT Library\Dynamic Models\DSL Macros\Logic Functions\Logic Functions with Pick-up/Drop-off\v001\logic not.BlkDef
logic or,,\VM-PF.IntUser\PDD 31-12-2024.IntPrj\Library.IntPrjfolder\User Defined Models.IntPrjfolder\BESS EDM 4\User Defined Models\BESS\DIgSILENT Library\Dynamic Models\DSL Macros\Logic Functions\Logic Functions with Pick-up/Drop-off\v001\logic or.BlkDef
Control Flags,,\VM-PF.IntUser\PDD 31-12-2024.IntPrj\Library.IntPrjfolder\User Defined Models.IntPrjfolder\BESS EDM 4\User Defined Models\BESS\User Defined Models\Bess Itabo\Control Flags.BlkDef
Const,,\VM-PF.IntUser\PDD 31-12-2024.IntPrj\Library.IntPrjfolder\User Defined Models.IntPrjfolder\BESS EDM 4\User Defined Models\BESS\DIgSILENT Library\Dynamic Models\DSL Macros\Constants\v001\Const.BlkDef
BSM,,\VM-PF.IntUser\PDD 31-12-2024.IntPrj\Library.IntPrjfolder\User Defined Models.IntPrjfolder\BESS EDM 4\User Defined Models\BESS\User Defined Models\Bess Itabo\BSM.BlkDef
+-Limits,,\VM-PF.IntUser\PDD 31-12-2024.IntPrj\Library.IntPrjfolder\User Defined Models.IntPrjfolder\BESS EDM 4\User Defined Models\BESS\DIgSILENT Library\Dynamic Models\DSL Macros\Limiters\v001\+-Limits.BlkDef
Energy Calculation,,\VM-PF.IntUser\PDD 31-12-2024.IntPrj\Library.IntPrjfolder\User Defined Models.IntPrjfolder\BESS EDM 4\User Defined Models\BESS\User Defined Models\Bess Itabo\Energy Calculation.BlkDef
BOE,,\VM-PF.IntUser\PDD 31-12-2024.IntPrj\Library.IntPrjfolder\User Defined Models.IntPrjfolder\BESS EDM 4\User Defined Models\BESS\User Defined Models\Bess Itabo\BOE.BlkDef
BIE,,\VM-PF.IntUser\PDD 31-12-2024.IntPrj\Library.IntPrjfolder\User Defined Models.IntPrjfolder\BESS EDM 4\User Defined Models\BESS\User Defined Models\Bess Itabo\BIE.BlkDef
SOClimits,,\VM-PF.IntUser\PDD 31-12-2024.IntPrj\Library.IntPrjfolder\User Defined Models.IntPrjfolder\BESS EDM 4\User Defined Models\BESS\User Defined Models\Bess Itabo\SOClimits.BlkDef
K,,\VM-PF.IntUser\PDD 31-12-2024.IntPrj\Library.IntPrjfolder\User Defined Models.IntPrjfolder\BESS EDM 4\User Defined Models\BESS\DIgSILENT Library\Dynamic Models\DSL Macros\Gains\v001\K.BlkDef
+-Limits,,\VM-PF.IntUser\PDD 31-12-2024.IntPrj\Library.IntPrjfolder\User Defined Models.IntPrjfolder\BESS EDM 4\User Defined Models\BESS\User Defined Models\Bess Itabo\+-Limits.BlkDef
RPC,,\VM-PF.IntUser\PDD 31-12-2024.IntPrj\Library.IntPrjfolder\User Defined Models.IntPrjfolder\BESS EDM 4\User Defined Models\BESS\User Defined Models\Bess Itabo\RPC.BlkDef
1,,\VM-PF.IntUser\PDD 31-12-2024.IntPrj\Library.IntPrjfolder\User Defined Models.IntPrjfolder\BESS EDM 4\User Defined Models\BESS\DIgSILENT Library\Dynamic Models\DSL Macros\Constants\v001\1.BlkDef
Qlimiter,,\VM-PF.IntUser\PDD 31-12-2024.IntPrj\Library.IntPrjfolder\User Defined Models.IntPrjfolder\BESS EDM 4\User Defined Models\BESS\User Defined Models\Bess Itabo\Qlimiter.BlkDef
[Kp+Ki/s],,\VM-PF.IntUser\PDD 31-12-2024.IntPrj\Library.IntPrjfolder\User Defined Models.IntPrjfolder\BESS EDM 4\User Defined Models\BESS\User Defined Models\Bess Itabo\[Kp+Ki/s].BlkDef
Limits,,\VM-PF.IntUser\PDD 31-12-2024.IntPrj\Library.IntPrjfolder\User Defined Models.IntPrjfolder\BESS EDM 4\User Defined Models\BESS\User Defined Models\Bess Itabo\Limits.BlkDef
tan(),,\VM-PF.IntUser\PDD 31-12-2024.IntPrj\Library.IntPrjfolder\User Defined Models.IntPrjfolder\BESS EDM 4\User Defined Models\BESS\DIgSILENT Library\Dynamic Models\DSL Macros\Math Functions\Trigonometric Functions\v001\tan().BlkDef
acos(),,\VM-PF.IntUser\PDD 31-12-2024.IntPrj\Library.IntPrjfolder\User Defined Models.IntPrjfolder\BESS EDM 4\User Defined Models\BESS\DIgSILENT Library\Dynamic Models\DSL Macros\Math Functions\Trigonometric Functions\v001\acos().BlkDef
Kp+Ki/s,,\VM-PF.IntUser\PDD 31-12-2024.IntPrj\Library.IntPrjfolder\User Defined Models.IntPrjfolder\BESS EDM 4\User Defined Models\BESS\DIgSILENT Library\Dynamic Models\DSL Macros\PI(D) Controllers\v001\Kp+Ki/s.BlkDef
avr_EXAC3,,\VM-PF.IntUser\PDD 31-12-2024.IntPrj\Library.IntPrjfolder\Equipment Type Library.IntPrjfolder\Standard Models\avr_EXAC3.BlkDef
1/(1+sT),,\VM-PF.IntUser\PDD 31-12-2024.IntPrj\Library.IntPrjfolder\Equipment Type Library.IntPrjfolder\Standard Models\avr_EXAC3.BlkDef\Used Macros\1/(1+sT).BlkDef
(1+sTb)/(1+sTa),,\VM-PF.IntUser\PDD 31-12-2024.IntPrj\Library.IntPrjfolder\Equipment Type Library.IntPrjfolder\Standard Models\avr_EXAC3.BlkDef\Used Macros\(1+sTb)/(1+sTa).BlkDef
{K/(1+sT)},,\VM-PF.IntUser\PDD 31-12-2024.IntPrj\Library.IntPrjfolder\Equipment Type Library.IntPrjfolder\Standard Models\avr_EXAC3.BlkDef\Used Macros\{K/(1+sT)}.BlkDef
{1/sT,,\VM-PF.IntUser\PDD 31-12-2024.IntPrj\Library.IntPrjfolder\Equipment Type Library.IntPrjfolder\Standard Models\avr_EXAC3.BlkDef\Used Macros\{1/sT.BlkDef
K,,\VM-PF.IntUser\PDD 31-12-2024.IntPrj\Library.IntPrjfolder\Equipment Type Library.IntPrjfolder\Standard Models\avr_EXAC3.BlkDef\Used Macros\K.BlkDef
Vn(Efd),,\VM-PF.IntUser\PDD 31-12-2024.IntPrj\Library.IntPrjfolder\Equipment Type Library.IntPrjfolder\Standard Models\avr_EXAC3.BlkDef\Used Macros\Vn(Efd).BlkDef
(Fex),,\VM-PF.IntUser\PDD 31-12-2024.IntPrj\Library.IntPrjfolder\Equipment Type Library.IntPrjfolder\Standard Models\avr_EXAC3.BlkDef\Used Macros\(Fex).BlkDef
Se(Efd),,\VM-PF.IntUser\PDD 31-12-2024.IntPrj\Library.IntPrjfolder\Equipment Type Library.IntPrjfolder\Standard Models\avr_EXAC3.BlkDef\Used Macros\Se(Efd).BlkDef
Const,,\VM-PF.IntUser\PDD 31-12-2024.IntPrj\Library.IntPrjfolder\Equipment Type Library.IntPrjfolder\Standard Models\avr_EXAC3.BlkDef\Used Macros\Const.BlkDef
s/(1+sT),,\VM-PF.IntUser\PDD 31-12-2024.IntPrj\Library.IntPrjfolder\Equipment Type Library.IntPrjfolder\Standard Models\avr_EXAC3.BlkDef\Used Macros\s/(1+sT).BlkDef
HVgate,,\VM-PF.IntUser\PDD 31-12-2024.IntPrj\Library.IntPrjfolder\Equipment Type Library.IntPrjfolder\Standard Models\avr_EXAC3.BlkDef\Used Macros\HVgate.BlkDef
