loc_name,for_name,ruta,barra(bus1),barra(bus1)_for,barra(bus1)_id,barra(bus2),barra(bus2)_for,barra(bus2)_id,outserv,cpZone,cpArea,cpGrid,cpSubstat,typ_id,dline,nlnum,Inom,R0,R1,X0,X1,B0,B1,G1
69 kV Derivación Río Chavón,ZRCHAF_ZXCHAF-L1,\VM-PF.IntUser\PDD 31-12-2024.IntPrj\Network Model.IntPrjfolder\Network Data.IntPrjfolder\ESTE 69 kV.ElmNet\69 kV Derivación Río Chavón.ElmLne,Tap Chavón,WXCHAF,\VM-PF.IntUser\PDD 31-12-2024.IntPrj\Network Model.IntPrjfolder\Network Data.IntPrjfolder\ESTE 69 kV.ElmNet\Tap Chavón.ElmTerm,69 kV Río Chavón,WRCHAF,\VM-PF.IntUser\PDD 31-12-2024.IntPrj\Network Model.IntPrjfolder\Network Data.IntPrjfolder\ESTE 69 kV.ElmNet\69 kV Río Chavón.ElmTerm,0,ESTE PROFUNDO,ESTE,ESTE 69 kV,,P.MADERA/1C/69/1xF - 4/0 ACSR,0.029999999329447746,1,0.3569999933242798,0.019407976418733597,0.007860386744141579,0.04801061376929283,0.013679273426532745,0.053579334169626236,0.11219258606433868,-1.6653344997146072e-18
69 kV La Romana – Rancho Peligro_b,ZGUAYF_ZXBLEF-L1,\VM-PF.IntUser\PDD 31-12-2024.IntPrj\Network Model.IntPrjfolder\Network Data.IntPrjfolder\ESTE 69 kV.ElmNet\69 kV La Romana – Rancho Peligro_b.ElmLne,Tap Batey Lechuga,WXBLEF,\VM-PF.IntUser\PDD 31-12-2024.IntPrj\Network Model.IntPrjfolder\Network Data.IntPrjfolder\ESTE 69 kV.ElmNet\Tap Batey Lechuga.ElmTerm,Tap Guaymate,WXGYMF,\VM-PF.IntUser\PDD 31-12-2024.IntPrj\Network Model.IntPrjfolder\Network Data.IntPrjfolder\ESTE 69 kV.ElmNet\Tap Guaymate.ElmTerm,0,ESTE PROFUNDO,ESTE,ESTE 69 kV,,P.MADERA TP-IG 50 P/69 - 2/0 AAAC,12.550000190734863,1,0.2849999964237213,11.19015884399414,6.124405384063721,19.64138412475586,6.1678972244262695,24.183130264282227,42.84480667114258,5.22498732140038e-16
69 kV La Romana – Rancho Peligro_a,ZLROMF_ZXBLEF-L1,\VM-PF.IntUser\PDD 31-12-2024.IntPrj\Network Model.IntPrjfolder\Network Data.IntPrjfolder\ESTE 69 kV.ElmNet\69 kV La Romana – Rancho Peligro_a.ElmLne,4,,\VM-PF.IntUser\PDD 31-12-2024.IntPrj\Network Model.IntPrjfolder\Network Data.IntPrjfolder\ESTE 138 kV.ElmNet\La Romana.ElmSite\ZLROMF.ElmSubstat\4.ElmTerm,Tap Batey Lechuga,WXBLEF,\VM-PF.IntUser\PDD 31-12-2024.IntPrj\Network Model.IntPrjfolder\Network Data.IntPrjfolder\ESTE 69 kV.ElmNet\Tap Batey Lechuga.ElmTerm,0,ESTE PROFUNDO,ESTE,ESTE 69 kV,,P.MADERA TP-IG 50 P/69 - 2/0 CU,18.5,1,0.36000001430511475,13.043909072875977,5.576463222503662,28.951204299926758,9.089887619018555,35.6484375,63.15768051147461,7.7021722333370235e-16
69 kV Derivación Batey Lechuga,ZBLECF_ZXBLEF-L1,\VM-PF.IntUser\PDD 31-12-2024.IntPrj\Network Model.IntPrjfolder\Network Data.IntPrjfolder\ESTE 69 kV.ElmNet\69 kV Derivación Batey Lechuga.ElmLne,Tap Batey Lechuga,WXBLEF,\VM-PF.IntUser\PDD 31-12-2024.IntPrj\Network Model.IntPrjfolder\Network Data.IntPrjfolder\ESTE 69 kV.ElmNet\Tap Batey Lechuga.ElmTerm,69 kV Batey Lechuga,WBLECF,\VM-PF.IntUser\PDD 31-12-2024.IntPrj\Network Model.IntPrjfolder\Network Data.IntPrjfolder\ESTE 69 kV.ElmNet\69 kV Batey Lechuga.ElmTerm,0,ESTE PROFUNDO,ESTE,ESTE 69 kV,,P.MADERA TP-IG 50 P/69 - 2/0 CU,6.400000095367432,1,0.36000001430511475,4.512487411499023,1.929154872894287,10.015551567077637,3.1446099281311035,12.332432746887207,21.849143981933594,2.664535364979494e-16
69 kV La Romana – La Romana Pueblo_a,ZLRMAF_ZLROMF-L1,\VM-PF.IntUser\PDD 31-12-2024.IntPrj\Network Model.IntPrjfolder\Network Data.IntPrjfolder\ESTE 69 kV.ElmNet\69 kV La Romana – La Romana Pueblo_a.ElmLne,3,,\VM-PF.IntUser\PDD 31-12-2024.IntPrj\Network Model.IntPrjfolder\Network Data.IntPrjfolder\ESTE 138 kV.ElmNet\La Romana.ElmSite\ZLROMF.ElmSubstat\3.ElmTerm,Tap Capacitor 69 kV La Romana Pueblo,,\VM-PF.IntUser\PDD 31-12-2024.IntPrj\Network Model.IntPrjfolder\Network Data.IntPrjfolder\ESTE 69 kV.ElmNet\Tap Capacitor 69 kV La Romana Pueblo.ElmTerm,0,ESTE PROFUNDO,ESTE,ESTE 69 kV,,P.MADERA TVS-1/1C/69/1xF - 4/0 AAAC,2.3970000743865967,1,0.3799999952316284,1.6527708768844604,0.7365679144859314,3.7942821979522705,1.1140869855880737,4.459401607513428,8.722661018371582,-3.326505840765266e-17
69 kV Buena Vista – Higüey_c,ZBENEF_ZHIGUF-L1,\VM-PF.IntUser\PDD 31-12-2024.IntPrj\Network Model.IntPrjfolder\Network Data.IntPrjfolder\ESTE 69 kV.ElmNet\69 kV Buena Vista – Higüey_c.ElmLne,Tap Benedicto,WXBENF,\VM-PF.IntUser\PDD 31-12-2024.IntPrj\Network Model.IntPrjfolder\Network Data.IntPrjfolder\ESTE 69 kV.ElmNet\Tap Benedicto.ElmTerm,WHIGUF(5),,\VM-PF.IntUser\PDD 31-12-2024.IntPrj\Network Model.IntPrjfolder\Network Data.IntPrjfolder\ESTE 69 kV.ElmNet\ZHIGUF.ElmSubstat\WHIGUF(5).ElmTerm,0,ESTE PROFUNDO,ESTE,ESTE 69 kV,,P.MADERA TP-IG 55 P/69 - 4/0 AAAC,27.5,1,0.3799999952316284,19.54408073425293,8.448834419250488,42.570186614990234,13.029640197753906,53.20756149291992,97.54069519042969,-1.5265566588595902e-15
69 kV Hato Mayor 2 – SPM_b,ZCSULF_ZHMAYF-L1,\VM-PF.IntUser\PDD 31-12-2024.IntPrj\Network Model.IntPrjfolder\Network Data.IntPrjfolder\ESTE 69 kV.ElmNet\69 kV Hato Mayor 2 – SPM_b.ElmLne,Tap Hato Mayor,WXHMAF,\VM-PF.IntUser\PDD 31-12-2024.IntPrj\Network Model.IntPrjfolder\Network Data.IntPrjfolder\ESTE 69 kV.ElmNet\Tap Hato Mayor.ElmTerm,Tap Consuelo,WXCSUF,\VM-PF.IntUser\PDD 31-12-2024.IntPrj\Network Model.IntPrjfolder\Network Data.IntPrjfolder\ESTE 69 kV.ElmNet\Tap Consuelo.ElmTerm,0,ESTE CERCANO,ESTE,ESTE 69 kV,,P.MADERA TP-IG 50 P/69 - 559 AAAC,29.0,1,0.6629999876022339,15.19619369506836,3.3798928260803223,43.921600341796875,12.369938850402832,59.4062385559082,113.8804931640625,-8.049116928532385e-16
69 kV Hato Mayor 2 – SPM_a,ZEVALF_ZHMAYF-L1,\VM-PF.IntUser\PDD 31-12-2024.IntPrj\Network Model.IntPrjfolder\Network Data.IntPrjfolder\ESTE 69 kV.ElmNet\69 kV Hato Mayor 2 – SPM_a.ElmLne,Tap Hato Mayor,WXHMAF,\VM-PF.IntUser\PDD 31-12-2024.IntPrj\Network Model.IntPrjfolder\Network Data.IntPrjfolder\ESTE 69 kV.ElmNet\Tap Hato Mayor.ElmTerm,2,,\VM-PF.IntUser\PDD 31-12-2024.IntPrj\Network Model.IntPrjfolder\Network Data.IntPrjfolder\ESTE 138 kV.ElmNet\Hato Mayor 2.ElmSite\WHMA2F.ElmSubstat\2.ElmTerm,0,ESTE CERCANO,ESTE,ESTE 69 kV,,P.MADERA TVS/1C/69/1xF - 559 AAAC,0.8999999761581421,1,0.6629999876022339,0.46079084277153015,0.10459627211093903,1.3921024799346924,0.37391397356987,1.762068748474121,3.615964889526367,3.43475235008518e-17
69 kV SPM – ZF SPM Chentec_c,ZZSPAF_ZZSPMF-L1,\VM-PF.IntUser\PDD 31-12-2024.IntPrj\Network Model.IntPrjfolder\Network Data.IntPrjfolder\ESTE 69 kV.ElmNet\69 kV SPM – ZF SPM Chentec_c.ElmLne,Tap ZF SPM,WXZSPF,\VM-PF.IntUser\PDD 31-12-2024.IntPrj\Network Model.IntPrjfolder\Network Data.IntPrjfolder\ESTE 69 kV.ElmNet\Tap ZF SPM.ElmTerm,Tap ZF San Pedro AES,WXSPAF,\VM-PF.IntUser\PDD 31-12-2024.IntPrj\Network Model.IntPrjfolder\Network Data.IntPrjfolder\ESTE 69 kV.ElmNet\Tap ZF San Pedro AES.ElmTerm,0,ESTE CERCANO,ESTE,ESTE 69 kV,,P.MADERA TP-IG 55 P/69 - 559 AAAC,0.41999998688697815,1,0.6629999876022339,0.2184309959411621,0.048976339399814606,0.6327452659606934,0.18158058822155,0.8517380952835083,1.6267645359039307,3.205768904195801e-17
69 kV La Romana – Rancho Peligro_c,ZGUAYF_ZRPELF-L1,\VM-PF.IntUser\PDD 31-12-2024.IntPrj\Network Model.IntPrjfolder\Network Data.IntPrjfolder\ESTE 69 kV.ElmNet\69 kV La Romana – Rancho Peligro_c.ElmLne,Tap Guaymate,WXGYMF,\VM-PF.IntUser\PDD 31-12-2024.IntPrj\Network Model.IntPrjfolder\Network Data.IntPrjfolder\ESTE 69 kV.ElmNet\Tap Guaymate.ElmTerm,69 kV Rancho Peligro,WRPELF,\VM-PF.IntUser\PDD 31-12-2024.IntPrj\Network Model.IntPrjfolder\Network Data.IntPrjfolder\ESTE 69 kV.ElmNet\69 kV Rancho Peligro.ElmTerm,0,ESTE PROFUNDO,ESTE,ESTE 69 kV,,P.MADERA TP-IG 50 P/69 - 2/0 AAAC,7.300000190734863,1,0.2849999964237213,6.509016990661621,3.5624032020568848,11.424869537353516,3.5877010822296143,14.066681861877441,24.921680450439453,3.039235741669603e-16
69 kV Derivación Monte Plata,ZMPLAF_ZXMPSF-L1,\VM-PF.IntUser\PDD 31-12-2024.IntPrj\Network Model.IntPrjfolder\Network Data.IntPrjfolder\ESTE 69 kV.ElmNet\69 kV Derivación Monte Plata.ElmLne,69 kV Monte Plata,WMPLAF,\VM-PF.IntUser\PDD 31-12-2024.IntPrj\Network Model.IntPrjfolder\Network Data.IntPrjfolder\ESTE 69 kV.ElmNet\ZMPLAF.ElmSubstat\69 kV Monte Plata.ElmTerm,Tap Monte Plata Solar,WXMPSF,\VM-PF.IntUser\PDD 31-12-2024.IntPrj\Network Model.IntPrjfolder\Network Data.IntPrjfolder\ESTE 69 kV.ElmNet\Tap Monte Plata Solar.ElmTerm,0,ESTE CERCANO,ESTE,ESTE 69 kV,,T.ACERO S1(2)/1C/138/1xF/559 AAAC,0.05000000074505806,1,0.6629999876022339,0.021557020023465157,0.005816388875246048,0.07497365772724152,0.023726973682641983,0.08910605311393738,0.17587995529174805,4.1633365077804595e-18
69 kV SPM – ZF SPM Chentec_d,ZZSPAF_ZZSPCF-L1,\VM-PF.IntUser\PDD 31-12-2024.IntPrj\Network Model.IntPrjfolder\Network Data.IntPrjfolder\ESTE 69 kV.ElmNet\69 kV SPM – ZF SPM Chentec_d.ElmLne,Tap ZF San Pedro AES,WXSPAF,\VM-PF.IntUser\PDD 31-12-2024.IntPrj\Network Model.IntPrjfolder\Network Data.IntPrjfolder\ESTE 69 kV.ElmNet\Tap ZF San Pedro AES.ElmTerm,69 kV ZF San Pedro Chentec,WZSPCF,\VM-PF.IntUser\PDD 31-12-2024.IntPrj\Network Model.IntPrjfolder\Network Data.IntPrjfolder\ESTE 69 kV.ElmNet\69 kV ZF San Pedro Chentec.ElmTerm,0,ESTE CERCANO,ESTE,ESTE 69 kV,,P.MADERA TP-IG 50 P/69 - 4/0 CU,0.1899999976158142,1,0.47999998927116394,0.11270726472139359,0.036014582961797714,0.2940034866333008,0.09002240002155304,0.37409600615501404,0.674136221408844,2.1094237203180178e-17
69 kV Derivación San Pedro TG_a,ZXPVIF_ZXZSPF-L1,\VM-PF.IntUser\PDD 31-12-2024.IntPrj\Network Model.IntPrjfolder\Network Data.IntPrjfolder\ESTE 69 kV.ElmNet\69 kV Derivación San Pedro TG_a.ElmLne,Tap San Pedro Macorís,WXSPMF,\VM-PF.IntUser\PDD 31-12-2024.IntPrj\Network Model.IntPrjfolder\Network Data.IntPrjfolder\ESTE 69 kV.ElmNet\Tap San Pedro Macorís.ElmTerm,69 kV San Pedro TG,WSPEGF,\VM-PF.IntUser\PDD 31-12-2024.IntPrj\Network Model.IntPrjfolder\Network Data.IntPrjfolder\ESTE 69 kV.ElmNet\69 kV San Pedro TG.ElmTerm,1,ESTE CERCANO,ESTE,ESTE 69 kV,,P.MADERA TP-IG 50 P/69 - 4/0 AAAC,0.30000001192092896,1,0.3799999952316284,0.21326285600662231,0.0921691432595253,0.46421700716018677,0.14214158058166504,0.5906779170036316,1.0644257068634033,3.3306692062243676e-17
69 kV SPM – ZF SPM Chentec_b,ZXZSPF_ZZSPMF-L1,\VM-PF.IntUser\PDD 31-12-2024.IntPrj\Network Model.IntPrjfolder\Network Data.IntPrjfolder\ESTE 69 kV.ElmNet\69 kV SPM – ZF SPM Chentec_b.ElmLne,Tap San Pedro Macorís,WXSPMF,\VM-PF.IntUser\PDD 31-12-2024.IntPrj\Network Model.IntPrjfolder\Network Data.IntPrjfolder\ESTE 69 kV.ElmNet\Tap San Pedro Macorís.ElmTerm,Tap ZF SPM,WXZSPF,\VM-PF.IntUser\PDD 31-12-2024.IntPrj\Network Model.IntPrjfolder\Network Data.IntPrjfolder\ESTE 69 kV.ElmNet\Tap ZF SPM.ElmTerm,0,ESTE CERCANO,ESTE,ESTE 69 kV,,P.MADERA TP-IG 50 P/69 - 4/0 CU,2.549999952316284,1,0.47999998927116394,1.5126501321792603,0.4833536148071289,3.945836305618286,1.208195447921753,5.020761966705322,9.04761791229248,2.83106865985459e-16
69 kV Derivación Guavaberry,ZGUAVF_ZXGAVF-L1,\VM-PF.IntUser\PDD 31-12-2024.IntPrj\Network Model.IntPrjfolder\Network Data.IntPrjfolder\ESTE 69 kV.ElmNet\69 kV Derivación Guavaberry.ElmLne,Tap Guavaberry,WXGAVF,\VM-PF.IntUser\PDD 31-12-2024.IntPrj\Network Model.IntPrjfolder\Network Data.IntPrjfolder\ESTE 69 kV.ElmNet\Tap Guavaberry.ElmTerm,69 kV Guavaberry,WGUAVF,\VM-PF.IntUser\PDD 31-12-2024.IntPrj\Network Model.IntPrjfolder\Network Data.IntPrjfolder\ESTE 69 kV.ElmNet\69 kV Guavaberry.ElmTerm,0,ESTE CERCANO,ESTE,ESTE 69 kV,,P.MADERA TVS-1/1C/69/1xF - 4/0 AAAC,1.9199999570846558,1,0.3799999952316284,1.3238714933395386,0.5899917483329773,3.039224624633789,0.8923850059509277,3.571985960006714,6.9868621826171875,-2.6645351995433716e-17
69 kV La Romana – La Romana Pueblo_b,ZLRMAF_ZLROMF-L1_a,\VM-PF.IntUser\PDD 31-12-2024.IntPrj\Network Model.IntPrjfolder\Network Data.IntPrjfolder\ESTE 69 kV.ElmNet\69 kV La Romana – La Romana Pueblo_b.ElmLne,69 kV La Romana Pueblo,WLRMAF,\VM-PF.IntUser\PDD 31-12-2024.IntPrj\Network Model.IntPrjfolder\Network Data.IntPrjfolder\ESTE 69 kV.ElmNet\ZLRPUF.ElmSubstat\69 kV La Romana Pueblo.ElmTerm,Tap Capacitor 69 kV La Romana Pueblo,,\VM-PF.IntUser\PDD 31-12-2024.IntPrj\Network Model.IntPrjfolder\Network Data.IntPrjfolder\ESTE 69 kV.ElmNet\Tap Capacitor 69 kV La Romana Pueblo.ElmTerm,0,ESTE PROFUNDO,ESTE,ESTE 69 kV,,P.MADERA TVS-1/1C/69/1xF - 4/0 AAAC,0.003000020980834961,1,0.3799999952316284,0.002068563597276807,0.000921868602745235,0.004748821724206209,0.0013943613739684224,0.005581267178058624,0.010917048901319504,-4.163365459101899e-20
69 kV Hato Mayor 2 – Sabana de la Mar,ZHMA2F_ZSMARF-L1,\VM-PF.IntUser\PDD 31-12-2024.IntPrj\Network Model.IntPrjfolder\Network Data.IntPrjfolder\ESTE 69 kV.ElmNet\69 kV Hato Mayor 2 – Sabana de la Mar.ElmLne,3,,\VM-PF.IntUser\PDD 31-12-2024.IntPrj\Network Model.IntPrjfolder\Network Data.IntPrjfolder\ESTE 138 kV.ElmNet\Hato Mayor 2.ElmSite\WHMA2F.ElmSubstat\3.ElmTerm,69 kV Sabana de la Mar,WSMARF,\VM-PF.IntUser\PDD 31-12-2024.IntPrj\Network Model.IntPrjfolder\Network Data.IntPrjfolder\ESTE 69 kV.ElmNet\69 kV Sabana de la Mar.ElmTerm,0,ESTE CERCANO,ESTE,ESTE 69 kV,,P.MADERA TVS/1C/69/1xF - 559 AAAC,39.099998474121094,1,0.6629999876022339,20.018802642822266,4.544126987457275,60.47911834716797,16.24448585510254,76.55209350585938,157.0935821533203,1.4922090493319547e-15
69 kV Buena Vista – La Romana,ZBVISF_ZLROMF-L1,\VM-PF.IntUser\PDD 31-12-2024.IntPrj\Network Model.IntPrjfolder\Network Data.IntPrjfolder\ESTE 69 kV.ElmNet\69 kV Buena Vista – La Romana.ElmLne,2,,\VM-PF.IntUser\PDD 31-12-2024.IntPrj\Network Model.IntPrjfolder\Network Data.IntPrjfolder\ESTE 138 kV.ElmNet\La Romana.ElmSite\ZLROMF.ElmSubstat\2.ElmTerm,69 kV Buena Vista,WBVISF,\VM-PF.IntUser\PDD 31-12-2024.IntPrj\Network Model.IntPrjfolder\Network Data.IntPrjfolder\ESTE 69 kV.ElmNet\ZBVISF.ElmSubstat\69 kV Buena Vista.ElmTerm,0,ESTE PROFUNDO,ESTE,ESTE 69 kV,,P.MADERA TP-IG 50 P/69 - 559 AAAC,5.699999809265137,1,0.6629999876022339,2.9868381023406982,0.6643237471580505,8.632865905761719,2.43133282661438,11.676398277282715,22.383407592773438,-1.5820677571512889e-16
69 kV SPM – ZF SPM Chentec_a,ZSPMAF_ZXZSPF-L1,\VM-PF.IntUser\PDD 31-12-2024.IntPrj\Network Model.IntPrjfolder\Network Data.IntPrjfolder\ESTE 69 kV.ElmNet\69 kV SPM – ZF SPM Chentec_a.ElmLne,6,,\VM-PF.IntUser\PDD 31-12-2024.IntPrj\Network Model.IntPrjfolder\Network Data.IntPrjfolder\ESTE 138 kV.ElmNet\San Pedro.ElmSite\ZSPMAF.ElmSubstat\6.ElmTerm,Tap San Pedro Macorís,WXSPMF,\VM-PF.IntUser\PDD 31-12-2024.IntPrj\Network Model.IntPrjfolder\Network Data.IntPrjfolder\ESTE 69 kV.ElmNet\Tap San Pedro Macorís.ElmTerm,0,ESTE CERCANO,ESTE,ESTE 69 kV,,P.MADERA TP-IG 50 P/69 - 4/0 AAAC,0.7400000095367432,1,0.3799999952316284,0.5260483622550964,0.22735054790973663,1.1450685262680054,0.35061588883399963,1.457005500793457,2.6255834102630615,8.215650488105277e-17
69 kV SPM – Boca Chica(Cementos)_a,ZSPMAF_ZXCIGF-L1,\VM-PF.IntUser\PDD 31-12-2024.IntPrj\Network Model.IntPrjfolder\Network Data.IntPrjfolder\ESTE 69 kV.ElmNet\69 kV SPM – Boca Chica(Cementos)_a.ElmLne,7,,\VM-PF.IntUser\PDD 31-12-2024.IntPrj\Network Model.IntPrjfolder\Network Data.IntPrjfolder\ESTE 138 kV.ElmNet\San Pedro.ElmSite\ZSPMAF.ElmSubstat\7.ElmTerm,Tap César Iglesias,WXCIGF,\VM-PF.IntUser\PDD 31-12-2024.IntPrj\Network Model.IntPrjfolder\Network Data.IntPrjfolder\ESTE 69 kV.ElmNet\Tap César Iglesias.ElmTerm,0,ESTE CERCANO,ESTE,ESTE 69 kV,,P.MADERA TP-IG 50 P/69 - 477 ACSR,0.20000000298023224,1,0.6589999794960022,0.10431522876024246,0.0235860887914896,0.3024252951145172,0.08770836144685745,0.41308438777923584,0.7749218940734863,-2.775557602921922e-18
69 kV SPM – SE Sultana (Mitsubishi),ZSPMAF_ZSESEF-L1,\VM-PF.IntUser\PDD 31-12-2024.IntPrj\Network Model.IntPrjfolder\Network Data.IntPrjfolder\ESTE 69 kV.ElmNet\69 kV SPM – SE Sultana (Mitsubishi).ElmLne,4,,\VM-PF.IntUser\PDD 31-12-2024.IntPrj\Network Model.IntPrjfolder\Network Data.IntPrjfolder\ESTE 138 kV.ElmNet\San Pedro.ElmSite\ZSPMAF.ElmSubstat\4.ElmTerm,69 kV Servicio Estación Sultana del Este,WSESEF,\VM-PF.IntUser\PDD 31-12-2024.IntPrj\Network Model.IntPrjfolder\Network Data.IntPrjfolder\ESTE 69 kV.ElmNet\69 kV Servicio Estación Sultana del Este.ElmTerm,0,ESTE CERCANO,ESTE,ESTE 69 kV,,P.MADERA TP-IG 50 P/69 - 559 AAAC,1.2799999713897705,1,0.6629999876022339,0.6707285642623901,0.14918147027492523,1.9386085271835327,0.5459834933280945,2.622068405151367,5.026449203491211,-3.552713599391162e-17
69 kV Hato Mayor 2 – SPM_c,ZCSULF_ZSPMAF-L1,\VM-PF.IntUser\PDD 31-12-2024.IntPrj\Network Model.IntPrjfolder\Network Data.IntPrjfolder\ESTE 69 kV.ElmNet\69 kV Hato Mayor 2 – SPM_c.ElmLne,5,,\VM-PF.IntUser\PDD 31-12-2024.IntPrj\Network Model.IntPrjfolder\Network Data.IntPrjfolder\ESTE 138 kV.ElmNet\San Pedro.ElmSite\ZSPMAF.ElmSubstat\5.ElmTerm,Tap Consuelo,WXCSUF,\VM-PF.IntUser\PDD 31-12-2024.IntPrj\Network Model.IntPrjfolder\Network Data.IntPrjfolder\ESTE 69 kV.ElmNet\Tap Consuelo.ElmTerm,0,ESTE CERCANO,ESTE,ESTE 69 kV,,P.MADERA TP-IG 50 P/69 - 559 AAAC,12.0,1,0.6629999876022339,6.288080215454102,1.3985763788223267,18.174455642700195,5.118595600128174,24.581892013549805,47.122962951660156,-3.3306690738754696e-16
69 kV Derivación Guaymate,ZGUAYF_ZXGYMF-L1,\VM-PF.IntUser\PDD 31-12-2024.IntPrj\Network Model.IntPrjfolder\Network Data.IntPrjfolder\ESTE 69 kV.ElmNet\69 kV Derivación Guaymate.ElmLne,Tap Guaymate,WXGYMF,\VM-PF.IntUser\PDD 31-12-2024.IntPrj\Network Model.IntPrjfolder\Network Data.IntPrjfolder\ESTE 69 kV.ElmNet\Tap Guaymate.ElmTerm,69 kV Guaymate,WGUAYF,\VM-PF.IntUser\PDD 31-12-2024.IntPrj\Network Model.IntPrjfolder\Network Data.IntPrjfolder\ESTE 69 kV.ElmNet\69 kV Guaymate.ElmTerm,0,ESTE PROFUNDO,ESTE,ESTE 69 kV,,P.MADERA TP-IG 50 P/69 - 2/0 AAAC,0.029999999329447746,1,0.2849999964237213,0.0267493836581707,0.014640012755990028,0.04695151746273041,0.014743976294994354,0.057808276265859604,0.10241786390542984,1.2490008489365613e-18
69 kV Derivación Benedicto,ZBENEF_ZXBENF-L1,\VM-PF.IntUser\PDD 31-12-2024.IntPrj\Network Model.IntPrjfolder\Network Data.IntPrjfolder\ESTE 69 kV.ElmNet\69 kV Derivación Benedicto.ElmLne,69 kV Benedicto,WBENEF,\VM-PF.IntUser\PDD 31-12-2024.IntPrj\Network Model.IntPrjfolder\Network Data.IntPrjfolder\ESTE 69 kV.ElmNet\69 kV Benedicto.ElmTerm,Tap Benedicto,WXBENF,\VM-PF.IntUser\PDD 31-12-2024.IntPrj\Network Model.IntPrjfolder\Network Data.IntPrjfolder\ESTE 69 kV.ElmNet\Tap Benedicto.ElmTerm,0,ESTE PROFUNDO,ESTE,ESTE 69 kV,,P.MADERA/1C/69/1xF - 4/0 ACSR,0.009999999776482582,1,0.3569999933242798,0.006469325162470341,0.002620128681883216,0.01600353792309761,0.004559758119285107,0.017859777435660362,0.03739752992987633,-5.551114999048691e-19
69 kV Derivación Asoc Industrias ZF SPM,ZZSPMF_ZXZSPF-L1,\VM-PF.IntUser\PDD 31-12-2024.IntPrj\Network Model.IntPrjfolder\Network Data.IntPrjfolder\ESTE 69 kV.ElmNet\69 kV Derivación Asoc Industrias ZF SPM.ElmLne,69 kV Asociación Industrial ZF SPM,WZSPMF,\VM-PF.IntUser\PDD 31-12-2024.IntPrj\Network Model.IntPrjfolder\Network Data.IntPrjfolder\ESTE 69 kV.ElmNet\69 kV Asociación Industrial ZF SPM.ElmTerm,Tap ZF SPM,WXZSPF,\VM-PF.IntUser\PDD 31-12-2024.IntPrj\Network Model.IntPrjfolder\Network Data.IntPrjfolder\ESTE 69 kV.ElmNet\Tap ZF SPM.ElmTerm,0,ESTE CERCANO,ESTE,ESTE 69 kV,,P.MADERA/1C/69/1xF - 4/0 ACSR,0.009999999776482582,1,0.3569999933242798,0.006469325162470341,0.002620128681883216,0.01600353792309761,0.004559758119285107,0.017859777435660362,0.03739752992987633,-5.551114999048691e-19
69 kV Derivación ZF San Pedro AES,ZZSPAF_ZXSPAF-L1,\VM-PF.IntUser\PDD 31-12-2024.IntPrj\Network Model.IntPrjfolder\Network Data.IntPrjfolder\ESTE 69 kV.ElmNet\69 kV Derivación ZF San Pedro AES.ElmLne,Tap ZF San Pedro AES,WXSPAF,\VM-PF.IntUser\PDD 31-12-2024.IntPrj\Network Model.IntPrjfolder\Network Data.IntPrjfolder\ESTE 69 kV.ElmNet\Tap ZF San Pedro AES.ElmTerm,69 kV ZF San Pedro AES,WZSPAF,\VM-PF.IntUser\PDD 31-12-2024.IntPrj\Network Model.IntPrjfolder\Network Data.IntPrjfolder\ESTE 69 kV.ElmNet\69 kV ZF San Pedro AES.ElmTerm,0,ESTE CERCANO,ESTE,ESTE 69 kV,,P.MADERA/1C/69/1xF - 4/0 ACSR,0.009999999776482582,1,0.3569999933242798,0.006469325162470341,0.002620128681883216,0.01600353792309761,0.004559758119285107,0.017859777435660362,0.03739752992987633,-5.551114999048691e-19
69 kV Derivación Consuelo,ZCSULF_ZXCSUF-L1,\VM-PF.IntUser\PDD 31-12-2024.IntPrj\Network Model.IntPrjfolder\Network Data.IntPrjfolder\ESTE 69 kV.ElmNet\69 kV Derivación Consuelo.ElmLne,Tap Consuelo,WXCSUF,\VM-PF.IntUser\PDD 31-12-2024.IntPrj\Network Model.IntPrjfolder\Network Data.IntPrjfolder\ESTE 69 kV.ElmNet\Tap Consuelo.ElmTerm,69 kV Consuelo,WCSULF,\VM-PF.IntUser\PDD 31-12-2024.IntPrj\Network Model.IntPrjfolder\Network Data.IntPrjfolder\ESTE 69 kV.ElmNet\69 kV Consuelo.ElmTerm,0,ESTE CERCANO,ESTE,ESTE 69 kV,,P.MADERA/1C/69/1xF - 4/0 ACSR,0.25,1,0.3569999933242798,0.16173313558101654,0.06550321727991104,0.40008845925331116,0.11399395018815994,0.446494460105896,0.9349382519721985,-1.3877787807814457e-17
69 kV Derivación Hato Mayor,ZHMAYF_ZXHMAF-L1,\VM-PF.IntUser\PDD 31-12-2024.IntPrj\Network Model.IntPrjfolder\Network Data.IntPrjfolder\ESTE 69 kV.ElmNet\69 kV Derivación Hato Mayor.ElmLne,69 kV Hato Mayor,WHMAYF,\VM-PF.IntUser\PDD 31-12-2024.IntPrj\Network Model.IntPrjfolder\Network Data.IntPrjfolder\ESTE 69 kV.ElmNet\69 kV Hato Mayor.ElmTerm,Tap Hato Mayor,WXHMAF,\VM-PF.IntUser\PDD 31-12-2024.IntPrj\Network Model.IntPrjfolder\Network Data.IntPrjfolder\ESTE 69 kV.ElmNet\Tap Hato Mayor.ElmTerm,0,ESTE CERCANO,ESTE,ESTE 69 kV,,P.MADERA/1C/69/1xF - 4/0 ACSR,0.009999999776482582,1,0.3569999933242798,0.006469325162470341,0.002620128681883216,0.01600353792309761,0.004559758119285107,0.017859777435660362,0.03739752992987633,-5.551114999048691e-19
69 kV Derivación César Iglesias,ZCIGLF_ZXCIGF-L1,\VM-PF.IntUser\PDD 31-12-2024.IntPrj\Network Model.IntPrjfolder\Network Data.IntPrjfolder\ESTE 69 kV.ElmNet\69 kV Derivación César Iglesias.ElmLne,Tap César Iglesias,WXCIGF,\VM-PF.IntUser\PDD 31-12-2024.IntPrj\Network Model.IntPrjfolder\Network Data.IntPrjfolder\ESTE 69 kV.ElmNet\Tap César Iglesias.ElmTerm,69 kV César Iglesias,WCIGLF,\VM-PF.IntUser\PDD 31-12-2024.IntPrj\Network Model.IntPrjfolder\Network Data.IntPrjfolder\ESTE 69 kV.ElmNet\69 kV César Iglesias.ElmTerm,0,ESTE CERCANO,ESTE,ESTE 69 kV,,P.MADERA TP-IG 50 P/69 - 559 AAAC,0.029999999329447746,1,0.6629999876022339,0.015720199793577194,0.003496440825983882,0.04543613642454147,0.012796488590538502,0.06145472824573517,0.11780740320682526,-8.326672498573036e-19
69 kV Derivación Destilería Brugal,ZDBRUF_ZXDBRF-L1,\VM-PF.IntUser\PDD 31-12-2024.IntPrj\Network Model.IntPrjfolder\Network Data.IntPrjfolder\ESTE 69 kV.ElmNet\69 kV Derivación Destilería Brugal.ElmLne,69 kV Destilería Brugal,WDBRUF,\VM-PF.IntUser\PDD 31-12-2024.IntPrj\Network Model.IntPrjfolder\Network Data.IntPrjfolder\ESTE 69 kV.ElmNet\69 kV Destilería Brugal.ElmTerm,Tap Destilería Brugal,WXDBRF,\VM-PF.IntUser\PDD 31-12-2024.IntPrj\Network Model.IntPrjfolder\Network Data.IntPrjfolder\ESTE 69 kV.ElmNet\Tap Destilería Brugal.ElmTerm,0,ESTE CERCANO,ESTE,ESTE 69 kV,,P.MADERA/1C/69/1xF - 4/0 ACSR,0.029999999329447746,1,0.3569999933242798,0.019407976418733597,0.007860386744141579,0.04801061376929283,0.013679273426532745,0.053579334169626236,0.11219258606433868,-1.6653344997146072e-18
69 kV Derivación Harinas del Higuamo,ZHHIGF_ZXHHIF-L1,\VM-PF.IntUser\PDD 31-12-2024.IntPrj\Network Model.IntPrjfolder\Network Data.IntPrjfolder\ESTE 69 kV.ElmNet\69 kV Derivación Harinas del Higuamo.ElmLne,Tap Harinas Del Higüamo,WXHHIF,\VM-PF.IntUser\PDD 31-12-2024.IntPrj\Network Model.IntPrjfolder\Network Data.IntPrjfolder\ESTE 69 kV.ElmNet\Tap Harinas Del Higüamo.ElmTerm,69 kV Harinas del Higuamo,WHHIGF,\VM-PF.IntUser\PDD 31-12-2024.IntPrj\Network Model.IntPrjfolder\Network Data.IntPrjfolder\ESTE 69 kV.ElmNet\69 kV Harinas del Higuamo.ElmTerm,0,ESTE CERCANO,ESTE,ESTE 69 kV,,P.MADERA TP-IG 50 P/69 - 559 AAAC,0.10999999940395355,1,0.6629999876022339,0.05764073505997658,0.012820282950997353,0.16659916937351227,0.04692045971751213,0.22533400356769562,0.43196049332618713,-3.0531133011755682e-18
69 kV Derivación Cayacoa,ZCAYAF_ZXCAYF-L1,\VM-PF.IntUser\PDD 31-12-2024.IntPrj\Network Model.IntPrjfolder\Network Data.IntPrjfolder\ESTE 69 kV.ElmNet\69 kV Derivación Cayacoa.ElmLne,Tap Cayacoa,WXCAYF,\VM-PF.IntUser\PDD 31-12-2024.IntPrj\Network Model.IntPrjfolder\Network Data.IntPrjfolder\CENTRAL 69 kV.ElmNet\Tap Cayacoa.ElmTerm,69 kV Cayacoa,WCAYAF,\VM-PF.IntUser\PDD 31-12-2024.IntPrj\Network Model.IntPrjfolder\Network Data.IntPrjfolder\ESTE 69 kV.ElmNet\69 kV Cayacoa.ElmTerm,0,ESTE CERCANO,ESTE,ESTE 69 kV,,P.MADERA/1C/69/1xF - 4/0 ACSR,0.09000000357627869,1,0.3569999933242798,0.05822393298149109,0.023581160232424736,0.1440318524837494,0.041037824004888535,0.160738006234169,0.33657777309417725,-4.9960038093365514e-18
69 kV Derivación Yamasá,ZYAMAF_ZXYAMF-L1,\VM-PF.IntUser\PDD 31-12-2024.IntPrj\Network Model.IntPrjfolder\Network Data.IntPrjfolder\ESTE 69 kV.ElmNet\69 kV Derivación Yamasá.ElmLne,69 kV Yamasá,WYAMAF,\VM-PF.IntUser\PDD 31-12-2024.IntPrj\Network Model.IntPrjfolder\Network Data.IntPrjfolder\ESTE 69 kV.ElmNet\69 kV Yamasá.ElmTerm,Tap Yamasá,WXYAMF,\VM-PF.IntUser\PDD 31-12-2024.IntPrj\Network Model.IntPrjfolder\Network Data.IntPrjfolder\ESTE 69 kV.ElmNet\Tap Yamasá.ElmTerm,0,ESTE CERCANO,ESTE,ESTE 69 kV,,P.MADERA TP-IG 55 P/69 - 4/0 AAAC,0.675000011920929,1,0.3799999952316284,0.4797183573246002,0.2073804885149002,1.0449045896530151,0.3198184370994568,1.3060038089752197,2.3941807746887207,-3.7470027742843523e-17
69 kV Buena Vista – Higüey_a,ZBVISF_ZXCHAF-L1,\VM-PF.IntUser\PDD 31-12-2024.IntPrj\Network Model.IntPrjfolder\Network Data.IntPrjfolder\ESTE 69 kV.ElmNet\69 kV Buena Vista – Higüey_a.ElmLne,2,,\VM-PF.IntUser\PDD 31-12-2024.IntPrj\Network Model.IntPrjfolder\Network Data.IntPrjfolder\ESTE 69 kV.ElmNet\ZBVISF.ElmSubstat\2.ElmTerm,Tap Chavón,WXCHAF,\VM-PF.IntUser\PDD 31-12-2024.IntPrj\Network Model.IntPrjfolder\Network Data.IntPrjfolder\ESTE 69 kV.ElmNet\Tap Chavón.ElmTerm,0,ESTE PROFUNDO,ESTE,ESTE 69 kV,,P.MADERA TP-IG 55 P/69 - 4/0 AAAC,9.0,1,0.3799999952316284,6.396244525909424,2.76507306098938,13.932060241699219,4.264245986938477,17.41338348388672,31.922409057617188,-4.996003610813204e-16
69 kV Buena Vista – Higüey_b,ZBENEF_ZXCHAF-L1,\VM-PF.IntUser\PDD 31-12-2024.IntPrj\Network Model.IntPrjfolder\Network Data.IntPrjfolder\ESTE 69 kV.ElmNet\69 kV Buena Vista – Higüey_b.ElmLne,Tap Chavón,WXCHAF,\VM-PF.IntUser\PDD 31-12-2024.IntPrj\Network Model.IntPrjfolder\Network Data.IntPrjfolder\ESTE 69 kV.ElmNet\Tap Chavón.ElmTerm,Tap Benedicto,WXBENF,\VM-PF.IntUser\PDD 31-12-2024.IntPrj\Network Model.IntPrjfolder\Network Data.IntPrjfolder\ESTE 69 kV.ElmNet\Tap Benedicto.ElmTerm,0,ESTE PROFUNDO,ESTE,ESTE 69 kV,,P.MADERA TP-IG 55 P/69 - 4/0 AAAC,7.5,1,0.3799999952316284,5.330203533172607,2.304227590560913,11.610050201416016,3.5535383224487305,14.511152267456055,26.602006912231445,-4.163336342344337e-16
69 kV SPM – Boca Chica(Cementos)_g,ZCAYAF_ZXCATF-L1,\VM-PF.IntUser\PDD 31-12-2024.IntPrj\Network Model.IntPrjfolder\Network Data.IntPrjfolder\ESTE 69 kV.ElmNet\69 kV SPM – Boca Chica(Cementos)_g.ElmLne,Tap 1 Catalina,WXCATF,\VM-PF.IntUser\PDD 31-12-2024.IntPrj\Network Model.IntPrjfolder\Network Data.IntPrjfolder\CENTRAL 69 kV.ElmNet\Tap 1 Catalina.ElmTerm,Tap Cayacoa,WXCAYF,\VM-PF.IntUser\PDD 31-12-2024.IntPrj\Network Model.IntPrjfolder\Network Data.IntPrjfolder\CENTRAL 69 kV.ElmNet\Tap Cayacoa.ElmTerm,0,SANTO DOMINGO,CENTRAL,ESTE 69 kV,,P.MADERA TP-IG 50 P/69 - 559 AAAC,12.199999809265137,1,0.6629999876022339,6.392881393432617,1.4218859672546387,18.47736167907715,5.2039055824279785,24.991588592529297,47.90834426879883,-3.386180172167168e-16
69 kV SPM – Boca Chica(Cementos)_f,ZCAYAF_ZXGAVF-L1,\VM-PF.IntUser\PDD 31-12-2024.IntPrj\Network Model.IntPrjfolder\Network Data.IntPrjfolder\ESTE 69 kV.ElmNet\69 kV SPM – Boca Chica(Cementos)_f.ElmLne,Tap Cayacoa,WXCAYF,\VM-PF.IntUser\PDD 31-12-2024.IntPrj\Network Model.IntPrjfolder\Network Data.IntPrjfolder\CENTRAL 69 kV.ElmNet\Tap Cayacoa.ElmTerm,Tap Guavaberry,WXGAVF,\VM-PF.IntUser\PDD 31-12-2024.IntPrj\Network Model.IntPrjfolder\Network Data.IntPrjfolder\ESTE 69 kV.ElmNet\Tap Guavaberry.ElmTerm,0,ESTE CERCANO,ESTE,ESTE 69 kV,,P.MADERA TP-IG 50 P/69 - 559 AAAC,3.9000000953674316,1,0.6629999876022339,2.043626070022583,0.4545373320579529,5.906698226928711,1.6635435819625854,7.989114761352539,15.314963340759277,-1.0824674754793072e-16
69 kV SPM – Boca Chica(Cementos)_e,ZXCNAF_ZXGAVF-L1,\VM-PF.IntUser\PDD 31-12-2024.IntPrj\Network Model.IntPrjfolder\Network Data.IntPrjfolder\ESTE 69 kV.ElmNet\69 kV SPM – Boca Chica(Cementos)_e.ElmLne,Tap Guavaberry,WXGAVF,\VM-PF.IntUser\PDD 31-12-2024.IntPrj\Network Model.IntPrjfolder\Network Data.IntPrjfolder\ESTE 69 kV.ElmNet\Tap Guavaberry.ElmTerm,Tap Cementos Nacionales,WXCNAF,\VM-PF.IntUser\PDD 31-12-2024.IntPrj\Network Model.IntPrjfolder\Network Data.IntPrjfolder\CENTRAL 69 kV.ElmNet\Tap Cementos Nacionales.ElmTerm,0,ESTE CERCANO,ESTE,ESTE 69 kV,,P.MADERA TP-IG 50 P/69 - 559 AAAC,14.0,1,0.6629999876022339,7.336093425750732,1.6316723823547363,21.20353126525879,5.9716949462890625,28.67887306213379,54.97679138183594,-3.885780586188048e-16
69 kV SPM – Boca Chica(Cementos)_d,ZHHIGF_ZXCNAF-L1,\VM-PF.IntUser\PDD 31-12-2024.IntPrj\Network Model.IntPrjfolder\Network Data.IntPrjfolder\ESTE 69 kV.ElmNet\69 kV SPM – Boca Chica(Cementos)_d.ElmLne,Tap Harinas Del Higüamo,WXHHIF,\VM-PF.IntUser\PDD 31-12-2024.IntPrj\Network Model.IntPrjfolder\Network Data.IntPrjfolder\ESTE 69 kV.ElmNet\Tap Harinas Del Higüamo.ElmTerm,Tap Cementos Nacionales,WXCNAF,\VM-PF.IntUser\PDD 31-12-2024.IntPrj\Network Model.IntPrjfolder\Network Data.IntPrjfolder\CENTRAL 69 kV.ElmNet\Tap Cementos Nacionales.ElmTerm,0,ESTE CERCANO,ESTE,ESTE 69 kV,,P.MADERA TP-IG 50 P/69 - 477 ACSR,5.039999961853027,1,0.6589999794960022,2.6287436485290527,0.5943694114685059,7.62111759185791,2.2102506160736084,10.4097261428833,19.528032302856445,-6.994405002198927e-17
69 kV SPM – Boca Chica(Cementos)_c,ZHHIGF_ZXDBRF-L1,\VM-PF.IntUser\PDD 31-12-2024.IntPrj\Network Model.IntPrjfolder\Network Data.IntPrjfolder\ESTE 69 kV.ElmNet\69 kV SPM – Boca Chica(Cementos)_c.ElmLne,Tap Destilería Brugal,WXDBRF,\VM-PF.IntUser\PDD 31-12-2024.IntPrj\Network Model.IntPrjfolder\Network Data.IntPrjfolder\ESTE 69 kV.ElmNet\Tap Destilería Brugal.ElmTerm,Tap Harinas Del Higüamo,WXHHIF,\VM-PF.IntUser\PDD 31-12-2024.IntPrj\Network Model.IntPrjfolder\Network Data.IntPrjfolder\ESTE 69 kV.ElmNet\Tap Harinas Del Higüamo.ElmTerm,0,ESTE CERCANO,ESTE,ESTE 69 kV,,P.MADERA TP-IG 50 P/69 - 477 ACSR,0.6000000238418579,1,0.6589999794960022,0.312945693731308,0.07075826823711395,0.907275915145874,0.26312509179115295,1.2392531633377075,2.324765682220459,-8.326673015560919e-18
69 kV SPM – Boca Chica(Cementos)_b,ZXCIGF_ZXDBRF-L1,\VM-PF.IntUser\PDD 31-12-2024.IntPrj\Network Model.IntPrjfolder\Network Data.IntPrjfolder\ESTE 69 kV.ElmNet\69 kV SPM – Boca Chica(Cementos)_b.ElmLne,Tap César Iglesias,WXCIGF,\VM-PF.IntUser\PDD 31-12-2024.IntPrj\Network Model.IntPrjfolder\Network Data.IntPrjfolder\ESTE 69 kV.ElmNet\Tap César Iglesias.ElmTerm,Tap Destilería Brugal,WXDBRF,\VM-PF.IntUser\PDD 31-12-2024.IntPrj\Network Model.IntPrjfolder\Network Data.IntPrjfolder\ESTE 69 kV.ElmNet\Tap Destilería Brugal.ElmTerm,0,ESTE CERCANO,ESTE,ESTE 69 kV,,P.MADERA TP-IG 50 P/69 - 477 ACSR,0.07999999821186066,1,0.6589999794960022,0.041726090013980865,0.00943443551659584,0.12097011506557465,0.0350833460688591,0.16523374617099762,0.3099687397480011,-1.1102229998097382e-18
69 kV Derivación Sierra Prieta,ZSPRIF_ZXSPRF-L1,\VM-PF.IntUser\PDD 31-12-2024.IntPrj\Network Model.IntPrjfolder\Network Data.IntPrjfolder\ESTE 69 kV.ElmNet\69 kV Derivación Sierra Prieta.ElmLne,69 kV Sierra Prieta,WSPRIF,\VM-PF.IntUser\PDD 31-12-2024.IntPrj\Network Model.IntPrjfolder\Network Data.IntPrjfolder\ESTE 69 kV.ElmNet\69 kV Sierra Prieta.ElmTerm,Tap Sierra Prieta,WXSPRF,\VM-PF.IntUser\PDD 31-12-2024.IntPrj\Network Model.IntPrjfolder\Network Data.IntPrjfolder\ESTE 69 kV.ElmNet\Tap Sierra Prieta.ElmTerm,0,ESTE CERCANO,ESTE,ESTE 69 kV,,P.MADERA TP-IG 55 P/69 - 559 AAAC,0.07500000298023224,1,0.6629999876022339,0.03900553658604622,0.008745775558054447,0.11299023032188416,0.032425109297037125,0.15209609270095825,0.2904936969280243,5.7245878015957084e-18
69 kV Cítricos Nacionales – INCA km 22_d,ZCPVCF_ZXCDAF-L1,\VM-PF.IntUser\PDD 31-12-2024.IntPrj\Network Model.IntPrjfolder\Network Data.IntPrjfolder\CENTRAL 69 kV.ElmNet\69 kV Cítricos Nacionales – INCA km 22_d.ElmLne,Tap Campamento 16 Agosto,WXCDAF,\VM-PF.IntUser\PDD 31-12-2024.IntPrj\Network Model.IntPrjfolder\Network Data.IntPrjfolder\CENTRAL 69 kV.ElmNet\Tap Campamento 16 Agosto.ElmTerm,Tap CORVI PVC,WXCPVF,\VM-PF.IntUser\PDD 31-12-2024.IntPrj\Network Model.IntPrjfolder\Network Data.IntPrjfolder\CENTRAL 69 kV.ElmNet\Tap CORVI PVC.ElmTerm,0,SANTO DOMINGO,CENTRAL,CENTRAL 69 kV,,P.MADERA TP-IG 55 P/69 - 4/0 AAAC,2.299999952316284,1,0.3799999952316284,1.6345957517623901,0.706629753112793,3.560415506362915,1.0897517204284668,4.45008659362793,8.15794849395752,-1.2767564518491504e-16
69 kV Derivación Hato Nuevo,ZHNUEF_ZXHNUF-L1,\VM-PF.IntUser\PDD 31-12-2024.IntPrj\Network Model.IntPrjfolder\Network Data.IntPrjfolder\CENTRAL 69 kV.ElmNet\69 kV Derivación Hato Nuevo.ElmLne,Tap Hato Nuevo,WXHNUF,\VM-PF.IntUser\PDD 31-12-2024.IntPrj\Network Model.IntPrjfolder\Network Data.IntPrjfolder\CENTRAL 69 kV.ElmNet\Tap Hato Nuevo.ElmTerm,69 kV Hato Nuevo,WHNUEF,\VM-PF.IntUser\PDD 31-12-2024.IntPrj\Network Model.IntPrjfolder\Network Data.IntPrjfolder\CENTRAL 69 kV.ElmNet\69 kV Hato Nuevo.ElmTerm,0,SANTO DOMINGO,CENTRAL,CENTRAL 69 kV,,P.MADERA TP-IG 55 P/69 - 4/0 AAAC,0.6000000238418579,1,0.3799999952316284,0.4264163076877594,0.18433821201324463,0.9288040995597839,0.2842830717563629,1.1608922481536865,2.1281607151031494,-3.3306692062243676e-17
69 kV Derivación MERCASID_a,ZGPETF_ZXPETF-L1,\VM-PF.IntUser\PDD 31-12-2024.IntPrj\Network Model.IntPrjfolder\Network Data.IntPrjfolder\CENTRAL 69 kV.ElmNet\69 kV Derivación MERCASID_a.ElmLne,Tap Petroquímica,WXPETF,\VM-PF.IntUser\PDD 31-12-2024.IntPrj\Network Model.IntPrjfolder\Network Data.IntPrjfolder\CENTRAL 69 kV.ElmNet\Tap Petroquímica.ElmTerm,Tap Grupo Petroquímica,WXGPEF,\VM-PF.IntUser\PDD 31-12-2024.IntPrj\Network Model.IntPrjfolder\Network Data.IntPrjfolder\CENTRAL 69 kV.ElmNet\Tap Grupo Petroquímica.ElmTerm,0,DISTRITO NACIONAL,CENTRAL,CENTRAL 69 kV,,P.MADERA TP-IG 55 P/69 - 559 AAAC,0.20000000298023224,1,0.6629999876022339,0.10401476919651031,0.02332206629216671,0.3013072907924652,0.0864669531583786,0.40558958053588867,0.7746497988700867,1.5265566919468147e-17
69 kV Arroyo Hondo – Capotillo_b,ZXMALF_ZXPETF-L1,\VM-PF.IntUser\PDD 31-12-2024.IntPrj\Network Model.IntPrjfolder\Network Data.IntPrjfolder\CENTRAL 69 kV.ElmNet\69 kV Arroyo Hondo – Capotillo_b.ElmLne,Tap Malla,WXMALF,\VM-PF.IntUser\PDD 31-12-2024.IntPrj\Network Model.IntPrjfolder\Network Data.IntPrjfolder\CENTRAL 69 kV.ElmNet\Tap Malla.ElmTerm,Tap Petroquímica,WXPETF,\VM-PF.IntUser\PDD 31-12-2024.IntPrj\Network Model.IntPrjfolder\Network Data.IntPrjfolder\CENTRAL 69 kV.ElmNet\Tap Petroquímica.ElmTerm,0,DISTRITO NACIONAL,CENTRAL,CENTRAL 69 kV,,P.MADERA TP-IG 55 P/69 - 559 AAAC,0.1251000016927719,1,0.6629999876022339,0.06506123393774033,0.014587952755391598,0.18846771121025085,0.054085079580545425,0.2536962926387787,0.48454344272613525,9.548612340565078e-18
69 kV Arroyo Hondo – Capotillo_a,ZAHOBF_ZXMALF-L1,\VM-PF.IntUser\PDD 31-12-2024.IntPrj\Network Model.IntPrjfolder\Network Data.IntPrjfolder\CENTRAL 69 kV.ElmNet\69 kV Arroyo Hondo – Capotillo_a.ElmLne,WAHONF(1),,\VM-PF.IntUser\PDD 31-12-2024.IntPrj\Network Model.IntPrjfolder\Network Data.IntPrjfolder\CENTRAL 138 kV.ElmNet\Arroyo Hondo.ElmSite\ZAHONF.ElmSubstat\WAHONF(1).ElmTerm,Tap Malla,WXMALF,\VM-PF.IntUser\PDD 31-12-2024.IntPrj\Network Model.IntPrjfolder\Network Data.IntPrjfolder\CENTRAL 69 kV.ElmNet\Tap Malla.ElmTerm,0,DISTRITO NACIONAL,CENTRAL,CENTRAL 69 kV,,P.MADERA TP-IG 55 P/69 - 559 AAAC,3.3299999237060547,1,0.6629999876022339,1.731845736503601,0.3883123993873596,5.01676607131958,1.439674735069275,6.753066539764404,12.897918701171875,2.5417166464188046e-16
69 kV Bayona – Palamara_c,ZPDIVF_ZXCABF-L1,\VM-PF.IntUser\PDD 31-12-2024.IntPrj\Network Model.IntPrjfolder\Network Data.IntPrjfolder\CENTRAL 69 kV.ElmNet\69 kV Bayona – Palamara_c.ElmLne,Tap Productos Diversos,WXPDIF,\VM-PF.IntUser\PDD 31-12-2024.IntPrj\Network Model.IntPrjfolder\Network Data.IntPrjfolder\CENTRAL 69 kV.ElmNet\Tap Productos Diversos.ElmTerm,Tap 1 Cabayona,WXCABF,\VM-PF.IntUser\PDD 31-12-2024.IntPrj\Network Model.IntPrjfolder\Network Data.IntPrjfolder\CENTRAL 69 kV.ElmNet\Tap 1 Cabayona.ElmTerm,0,SANTO DOMINGO,CENTRAL,CENTRAL 69 kV,,P.MADERA TP-IG 55 P/69 - 559 AAAC,6.0,1,0.6629999876022339,3.1204428672790527,0.6996619701385498,9.039217948913574,2.594008445739746,12.16768741607666,23.23949432373047,4.579669976578771e-16
69 kV Derivación ZF Los Alcarrizos_b,ZCBYNF_ZZALCF-L1,\VM-PF.IntUser\PDD 31-12-2024.IntPrj\Network Model.IntPrjfolder\Network Data.IntPrjfolder\CENTRAL 69 kV.ElmNet\69 kV Derivación ZF Los Alcarrizos_b.ElmLne,Tap 2 Cabayona,WXCBYF,\VM-PF.IntUser\PDD 31-12-2024.IntPrj\Network Model.IntPrjfolder\Network Data.IntPrjfolder\CENTRAL 69 kV.ElmNet\Tap 2 Cabayona.ElmTerm,Tap 1 DISDO,WXDISF,\VM-PF.IntUser\PDD 31-12-2024.IntPrj\Network Model.IntPrjfolder\Network Data.IntPrjfolder\CENTRAL 69 kV.ElmNet\Tap 1 DISDO.ElmTerm,0,SANTO DOMINGO,CENTRAL,CENTRAL 69 kV,,P.MADERA TP-IG 55 P/69 - 559 AAAC,0.5699999928474426,1,0.6629999876022339,0.29644206166267395,0.06646788865327835,0.8587257266044617,0.24643079936504364,1.1559302806854248,2.207751989364624,4.3506864645149424e-17
69 kV Derivación ZF Los Alcarrizos_a,ZCBYNF_ZXCABF-L1,\VM-PF.IntUser\PDD 31-12-2024.IntPrj\Network Model.IntPrjfolder\Network Data.IntPrjfolder\CENTRAL 69 kV.ElmNet\69 kV Derivación ZF Los Alcarrizos_a.ElmLne,Tap 1 Cabayona,WXCABF,\VM-PF.IntUser\PDD 31-12-2024.IntPrj\Network Model.IntPrjfolder\Network Data.IntPrjfolder\CENTRAL 69 kV.ElmNet\Tap 1 Cabayona.ElmTerm,Tap 2 Cabayona,WXCBYF,\VM-PF.IntUser\PDD 31-12-2024.IntPrj\Network Model.IntPrjfolder\Network Data.IntPrjfolder\CENTRAL 69 kV.ElmNet\Tap 2 Cabayona.ElmTerm,0,SANTO DOMINGO,CENTRAL,CENTRAL 69 kV,,P.MADERA TP-IG 55 P/69 - 559 AAAC,1.9199999570846558,1,0.6629999876022339,0.9985417127609253,0.22389183938503265,2.892549753189087,0.8300827145576477,3.893659830093384,7.436637878417969,1.4654943183898237e-16
69 kV Novoplast – Plastifar_a,ZNOVOF_ZXNOVF-L1,\VM-PF.IntUser\PDD 31-12-2024.IntPrj\Network Model.IntPrjfolder\Network Data.IntPrjfolder\CENTRAL 69 kV.ElmNet\69 kV Novoplast – Plastifar_a.ElmLne,69 kV Novoplast,WNOVOF,\VM-PF.IntUser\PDD 31-12-2024.IntPrj\Network Model.IntPrjfolder\Network Data.IntPrjfolder\CENTRAL 69 kV.ElmNet\69 kV Novoplast.ElmTerm,Tap Novoplast,WXNOVF,\VM-PF.IntUser\PDD 31-12-2024.IntPrj\Network Model.IntPrjfolder\Network Data.IntPrjfolder\CENTRAL 69 kV.ElmNet\Tap Novoplast.ElmTerm,0,SANTO DOMINGO,CENTRAL,CENTRAL 69 kV,,P.MADERA TVS/1C/69/1xF - 559 AAAC,1.149999976158142,1,0.6629999876022339,0.5887883305549622,0.1336507946252823,1.7787976264953613,0.47777900099754333,2.2515323162078857,4.6203999519348145,4.388850261872424e-17
69 kV Cítricos Nacionales – INCA km 22_a,ZCINAF_ZXVALF-L1,\VM-PF.IntUser\PDD 31-12-2024.IntPrj\Network Model.IntPrjfolder\Network Data.IntPrjfolder\CENTRAL 69 kV.ElmNet\69 kV Cítricos Nacionales – INCA km 22_a.ElmLne,Tap Cítricos Nacionales,WXCINF,\VM-PF.IntUser\PDD 31-12-2024.IntPrj\Network Model.IntPrjfolder\Network Data.IntPrjfolder\CENTRAL 69 kV.ElmNet\Tap Cítricos Nacionales.ElmTerm,69 kV Cítricos Nacionales,WCINAF,\VM-PF.IntUser\PDD 31-12-2024.IntPrj\Network Model.IntPrjfolder\Network Data.IntPrjfolder\CENTRAL 69 kV.ElmNet\ZCINAF.ElmSubstat\69 kV Cítricos Nacionales.ElmTerm,0,SUR CERCANO,SUR,CENTRAL 69 kV,,P.MADERA TP-IG 50 P/69 - 4/0 AAAC,4.800000190734863,1,0.3799999952316284,3.412205696105957,1.4747062921524048,7.427472114562988,2.2742652893066406,9.450846672058105,17.030811309814453,5.329070729958988e-16
69 kV Derivación Campamento 16 Agosto,ZCDAGF_ZXCDAF-L1,\VM-PF.IntUser\PDD 31-12-2024.IntPrj\Network Model.IntPrjfolder\Network Data.IntPrjfolder\CENTRAL 69 kV.ElmNet\69 kV Derivación Campamento 16 Agosto.ElmLne,Tap Campamento 16 Agosto,WXCDAF,\VM-PF.IntUser\PDD 31-12-2024.IntPrj\Network Model.IntPrjfolder\Network Data.IntPrjfolder\CENTRAL 69 kV.ElmNet\Tap Campamento 16 Agosto.ElmTerm,69 kV Campamento 16 Agosto,WCDAGF,\VM-PF.IntUser\PDD 31-12-2024.IntPrj\Network Model.IntPrjfolder\Network Data.IntPrjfolder\CENTRAL 69 kV.ElmNet\69 kV Campamento 16 Agosto.ElmTerm,0,SANTO DOMINGO,CENTRAL,CENTRAL 69 kV,,P.MADERA/69 TH-1G- 4/0 AAAC,0.5519999861717224,1,0.3799999952316284,0.42845866084098816,0.16980627179145813,0.7076627016067505,0.2798216938972473,1.2739934921264648,1.834842562675476,6.128430942406142e-17
69 kV Cítricos Nacionales – INCA km 22_e,ZCPVCF_ZINCAF-L1,\VM-PF.IntUser\PDD 31-12-2024.IntPrj\Network Model.IntPrjfolder\Network Data.IntPrjfolder\CENTRAL 69 kV.ElmNet\69 kV Cítricos Nacionales – INCA km 22_e.ElmLne,Tap CORVI PVC,WXCPVF,\VM-PF.IntUser\PDD 31-12-2024.IntPrj\Network Model.IntPrjfolder\Network Data.IntPrjfolder\CENTRAL 69 kV.ElmNet\Tap CORVI PVC.ElmTerm,2,,\VM-PF.IntUser\PDD 31-12-2024.IntPrj\Network Model.IntPrjfolder\Network Data.IntPrjfolder\CENTRAL 69 kV.ElmNet\INCA km 22.ElmSite\ZINCAF.ElmSubstat\2.ElmTerm,0,SANTO DOMINGO,CENTRAL,CENTRAL 69 kV,,P.MADERA TP-IG 55 P/69 - 4/0 AAAC,0.925000011920929,1,0.3799999952316284,0.6573917865753174,0.28418806195259094,1.4319062232971191,0.4382697343826294,1.7897088527679443,3.280914306640625,-5.134781555065798e-17
69 kV Cítricos Nacionales – INCA km 22_c,ZXCDAF_ZXVALF-L1,\VM-PF.IntUser\PDD 31-12-2024.IntPrj\Network Model.IntPrjfolder\Network Data.IntPrjfolder\CENTRAL 69 kV.ElmNet\69 kV Cítricos Nacionales – INCA km 22_c.ElmLne,Tap Campamento 16 Agosto,WXCDAF,\VM-PF.IntUser\PDD 31-12-2024.IntPrj\Network Model.IntPrjfolder\Network Data.IntPrjfolder\CENTRAL 69 kV.ElmNet\Tap Campamento 16 Agosto.ElmTerm,Tap Parque Caribbean Glass,WXPCGF,\VM-PF.IntUser\PDD 31-12-2024.IntPrj\Network Model.IntPrjfolder\Network Data.IntPrjfolder\CENTRAL 69 kV.ElmNet\Tap Parque Caribbean Glass.ElmTerm,0,SANTO DOMINGO,CENTRAL,CENTRAL 69 kV,,P.MADERA/69 TH-1G- 4/0 AAAC,1.5700000524520874,1,0.3799999952316284,1.218623399734497,0.48296353220939636,2.0127363204956055,0.7958697080612183,3.6234960556030273,5.21866512298584,1.743050206895011e-16
69 kV Derivación Ciudad Satélite,ZCSATF_ZXCSAF-L1,\VM-PF.IntUser\PDD 31-12-2024.IntPrj\Network Model.IntPrjfolder\Network Data.IntPrjfolder\CENTRAL 69 kV.ElmNet\69 kV Derivación Ciudad Satélite.ElmLne,Tap Ciudad Satélite,WXCSAF,\VM-PF.IntUser\PDD 31-12-2024.IntPrj\Network Model.IntPrjfolder\Network Data.IntPrjfolder\CENTRAL 69 kV.ElmNet\Tap Ciudad Satélite.ElmTerm,69 kV Ciudad Satélite,WCSATF,\VM-PF.IntUser\PDD 31-12-2024.IntPrj\Network Model.IntPrjfolder\Network Data.IntPrjfolder\CENTRAL 69 kV.ElmNet\69 kV Ciudad Satélite.ElmTerm,0,SANTO DOMINGO,CENTRAL,CENTRAL 69 kV,,P.MADERA TP-IG 50 P/69 - 559 AAAC,0.17900000512599945,1,0.6629999876022339,0.09379719942808151,0.020862096920609474,0.27110230922698975,0.07635238766670227,0.3666799068450928,0.7029175758361816,-4.968248177472641e-18
69 kV Metropolitano – Listín Diario_d,ZBPOPF_ZLDIAF-L1,\VM-PF.IntUser\PDD 31-12-2024.IntPrj\Network Model.IntPrjfolder\Network Data.IntPrjfolder\CENTRAL 69 kV.ElmNet\69 kV Metropolitano – Listín Diario_d.ElmLne,Tap Banco Popular,WXBPOF,\VM-PF.IntUser\PDD 31-12-2024.IntPrj\Network Model.IntPrjfolder\Network Data.IntPrjfolder\CENTRAL 69 kV.ElmNet\Tap Banco Popular.ElmTerm,69 kV Listín Diario,WLDIAF,\VM-PF.IntUser\PDD 31-12-2024.IntPrj\Network Model.IntPrjfolder\Network Data.IntPrjfolder\CENTRAL 69 kV.ElmNet\69 kV Listín Diario.ElmTerm,0,DISTRITO NACIONAL,CENTRAL,CENTRAL 69 kV,,P.CONCRETO TVS-1/1C/69/1xF - 4/0 AAAC,0.15000000596046448,1,0.3799999952316284,0.1034274622797966,0.046093109995126724,0.23743943870067596,0.06971758604049683,0.2790614068508148,0.5458486080169678,-2.0816682538902298e-18
69 kV Derivación Oleoducto FALCONDO,ZOFALF_ZXOFAF-L1,\VM-PF.IntUser\PDD 31-12-2024.IntPrj\Network Model.IntPrjfolder\Network Data.IntPrjfolder\CENTRAL 69 kV.ElmNet\69 kV Derivación Oleoducto FALCONDO.ElmLne,Tap Oleoducto FALCONDO,WXOFAF,\VM-PF.IntUser\PDD 31-12-2024.IntPrj\Network Model.IntPrjfolder\Network Data.IntPrjfolder\CENTRAL 69 kV.ElmNet\Tap Oleoducto FALCONDO.ElmTerm,69 kV Oleoducto FALCONDO,WOFALF,\VM-PF.IntUser\PDD 31-12-2024.IntPrj\Network Model.IntPrjfolder\Network Data.IntPrjfolder\CENTRAL 69 kV.ElmNet\69 kV Oleoducto FALCONDO.ElmTerm,0,SUR CERCANO,SUR,CENTRAL 69 kV,,P.MADERA TP-IG 50 P/69 - 2/0 AAAC,0.800000011920929,1,0.2849999964237213,0.7133169174194336,0.39040035009384155,1.2520405054092407,0.3931727111339569,1.5415540933609009,2.731142997741699,3.3306692062243676e-17
69 kV Derivación Cervecería Bohemia,ZCBOHF_ZXBOHF-L1,\VM-PF.IntUser\PDD 31-12-2024.IntPrj\Network Model.IntPrjfolder\Network Data.IntPrjfolder\CENTRAL 69 kV.ElmNet\69 kV Derivación Cervecería Bohemia.ElmLne,Tap Bohemia,WXBOHF,\VM-PF.IntUser\PDD 31-12-2024.IntPrj\Network Model.IntPrjfolder\Network Data.IntPrjfolder\CENTRAL 69 kV.ElmNet\Tap Bohemia.ElmTerm,69 kV Cervecería Bohemia,WCBOHF,\VM-PF.IntUser\PDD 31-12-2024.IntPrj\Network Model.IntPrjfolder\Network Data.IntPrjfolder\CENTRAL 69 kV.ElmNet\69 kV Cervecería Bohemia.ElmTerm,0,SANTO DOMINGO,CENTRAL,CENTRAL 69 kV,,P.MADERA TP-IG 55 P/69 - 477 ACSR,0.8999999761581421,1,0.6589999794960022,0.46925443410873413,0.10613729059696198,1.3614689111709595,0.3946874737739563,1.8251529932022095,3.485924005508423,6.86950470017036e-17
69 kV Derivación CAASD Bayona 2,ZXCB2F_ZXCBAF-L1,\VM-PF.IntUser\PDD 31-12-2024.IntPrj\Network Model.IntPrjfolder\Network Data.IntPrjfolder\CENTRAL 69 kV.ElmNet\69 kV Derivación CAASD Bayona 2.ElmLne,Tap CAASD Bayona,WXCBAF,\VM-PF.IntUser\PDD 31-12-2024.IntPrj\Network Model.IntPrjfolder\Network Data.IntPrjfolder\CENTRAL 69 kV.ElmNet\Tap CAASD Bayona.ElmTerm,69 kV CAASD Bayona 2,WCBA2F,\VM-PF.IntUser\PDD 31-12-2024.IntPrj\Network Model.IntPrjfolder\Network Data.IntPrjfolder\CENTRAL 69 kV.ElmNet\69 kV CAASD Bayona 2.ElmTerm,0,SUR CERCANO,SUR,CENTRAL 69 kV,,P.MADERA TP-IG 55 P/69 - 559 AAAC,0.0010000000474974513,1,0.6629999876022339,0.0005200738669373095,0.00011661033931886777,0.0015065365005284548,0.00043233478209003806,0.002027947921305895,0.003873249050229788,7.632783899173774e-20
69 kV Metropolitano – Listín Diario_c,ZBPOPF_ZXHACF-L1,\VM-PF.IntUser\PDD 31-12-2024.IntPrj\Network Model.IntPrjfolder\Network Data.IntPrjfolder\CENTRAL 69 kV.ElmNet\69 kV Metropolitano – Listín Diario_c.ElmLne,Tap Haché,WXHACF,\VM-PF.IntUser\PDD 31-12-2024.IntPrj\Network Model.IntPrjfolder\Network Data.IntPrjfolder\CENTRAL 69 kV.ElmNet\Tap Haché.ElmTerm,Tap Banco Popular,WXBPOF,\VM-PF.IntUser\PDD 31-12-2024.IntPrj\Network Model.IntPrjfolder\Network Data.IntPrjfolder\CENTRAL 69 kV.ElmNet\Tap Banco Popular.ElmTerm,0,DISTRITO NACIONAL,CENTRAL,CENTRAL 69 kV,,P.CONCRETO TVS-1/1C/69/1xF - 4/0 AAAC,1.1430000066757202,1,0.3799999952316284,0.7881172895431519,0.3512294888496399,1.8092883825302124,0.5312479734420776,2.126447916030884,4.159366607666016,-1.5862311556976153e-17
69 kV Bayona – CAASD Bayona_a,ZBAYOF_ZXCBAF-L1,\VM-PF.IntUser\PDD 31-12-2024.IntPrj\Network Model.IntPrjfolder\Network Data.IntPrjfolder\CENTRAL 69 kV.ElmNet\69 kV Bayona – CAASD Bayona_a.ElmLne,2,,\VM-PF.IntUser\PDD 31-12-2024.IntPrj\Network Model.IntPrjfolder\Network Data.IntPrjfolder\CENTRAL 69 kV.ElmNet\ZBAYOF.ElmSubstat\2.ElmTerm,Tap CAASD Bayona,WXCBAF,\VM-PF.IntUser\PDD 31-12-2024.IntPrj\Network Model.IntPrjfolder\Network Data.IntPrjfolder\CENTRAL 69 kV.ElmNet\Tap CAASD Bayona.ElmTerm,0,SANTO DOMINGO,CENTRAL,CENTRAL 69 kV,,P.MADERA TP-IG 55 P/69 - 559 AAAC,0.6499999761581421,1,0.6629999876022339,0.33804798126220703,0.0757967159152031,0.9792486429214478,0.28101757168769836,1.3181661367416382,2.5176117420196533,4.961308876595872e-17
69 kV Derivación Grupo Haché,ZGHACF_ZXHACF-L1,\VM-PF.IntUser\PDD 31-12-2024.IntPrj\Network Model.IntPrjfolder\Network Data.IntPrjfolder\CENTRAL 69 kV.ElmNet\69 kV Derivación Grupo Haché.ElmLne,69 kV Grupo Haché,WGHACF,\VM-PF.IntUser\PDD 31-12-2024.IntPrj\Network Model.IntPrjfolder\Network Data.IntPrjfolder\CENTRAL 69 kV.ElmNet\69 kV Grupo Haché.ElmTerm,Tap Haché,WXHACF,\VM-PF.IntUser\PDD 31-12-2024.IntPrj\Network Model.IntPrjfolder\Network Data.IntPrjfolder\CENTRAL 69 kV.ElmNet\Tap Haché.ElmTerm,0,DISTRITO NACIONAL,CENTRAL,CENTRAL 69 kV,,P.MADERA TVS/1C/69/1xF - 4/0 AAAC,0.5899999737739563,1,0.3799999952316284,0.41453978419303894,0.18103447556495667,0.9370680451393127,0.2695888876914978,1.103879451751709,2.1643974781036377,-6.550315554120848e-17
69 kV Metropolitano – Listín Diario_b,ZXCODF_ZXHACF-L1,\VM-PF.IntUser\PDD 31-12-2024.IntPrj\Network Model.IntPrjfolder\Network Data.IntPrjfolder\CENTRAL 69 kV.ElmNet\69 kV Metropolitano – Listín Diario_b.ElmLne,Tap CODETEL,WXCODF,\VM-PF.IntUser\PDD 31-12-2024.IntPrj\Network Model.IntPrjfolder\Network Data.IntPrjfolder\CENTRAL 69 kV.ElmNet\Tap CODETEL.ElmTerm,Tap Haché,WXHACF,\VM-PF.IntUser\PDD 31-12-2024.IntPrj\Network Model.IntPrjfolder\Network Data.IntPrjfolder\CENTRAL 69 kV.ElmNet\Tap Haché.ElmTerm,0,DISTRITO NACIONAL,CENTRAL,CENTRAL 69 kV,,P.CONCRETO TVS-1/1C/69/1xF - 559 AAAC,0.28299999237060547,1,0.6629999876022339,0.14118768274784088,0.0330168679356575,0.43623292446136475,0.1197977215051651,0.5509371757507324,1.12769615650177,0.0
69 kV Hainamosa – Boca Chica(Tamarindo)b,ZTAMAF_ZXAORF-L1,\VM-PF.IntUser\PDD 31-12-2024.IntPrj\Network Model.IntPrjfolder\Network Data.IntPrjfolder\CENTRAL 69 kV.ElmNet\69 kV Hainamosa – Boca Chica(Tamarindo)b.ElmLne,Tap Tamarindo,WXTMRF,\VM-PF.IntUser\PDD 31-12-2024.IntPrj\Network Model.IntPrjfolder\Network Data.IntPrjfolder\CENTRAL 69 kV.ElmNet\Tap Tamarindo.ElmTerm,Tap Acueducto Oriental,WXAORF,\VM-PF.IntUser\PDD 31-12-2024.IntPrj\Network Model.IntPrjfolder\Network Data.IntPrjfolder\CENTRAL 69 kV.ElmNet\Tap Acueducto Oriental.ElmTerm,0,SANTO DOMINGO,CENTRAL,CENTRAL 69 kV,,P.MADERA TP-IG 50 P/69 - 559 AAAC,2.380000114440918,1,0.6629999876022339,1.2471359968185425,0.27738431096076965,3.604600429534912,1.015188217163086,4.87540864944458,9.346055030822754,-6.605827314157037e-17
69 kV Derivación Acueducto Oriental,ZAORIF_ZXAORF-L1,\VM-PF.IntUser\PDD 31-12-2024.IntPrj\Network Model.IntPrjfolder\Network Data.IntPrjfolder\CENTRAL 69 kV.ElmNet\69 kV Derivación Acueducto Oriental.ElmLne,Tap Acueducto Oriental,WXAORF,\VM-PF.IntUser\PDD 31-12-2024.IntPrj\Network Model.IntPrjfolder\Network Data.IntPrjfolder\CENTRAL 69 kV.ElmNet\Tap Acueducto Oriental.ElmTerm,69 kV Acueducto Oriental,WAORIF,\VM-PF.IntUser\PDD 31-12-2024.IntPrj\Network Model.IntPrjfolder\Network Data.IntPrjfolder\CENTRAL 69 kV.ElmNet\69 kV Acueducto Oriental.ElmTerm,0,SANTO DOMINGO,CENTRAL,CENTRAL 69 kV,,P.MADERA TP-IG 55 P/69 - 559 AAAC,3.9800000190734863,1,0.6629999876022339,2.0698938369750977,0.4641091227531433,5.9960150718688965,1.7206922769546509,8.071232795715332,15.415531158447266,3.03784766642729e-16
69 kV Dajao – Sabana Perdida_a,ZDJAOF_ZSPERF-L1,\VM-PF.IntUser\PDD 31-12-2024.IntPrj\Network Model.IntPrjfolder\Network Data.IntPrjfolder\CENTRAL 69 kV.ElmNet\69 kV Dajao – Sabana Perdida_a.ElmLne,WDJAOF(11),,\VM-PF.IntUser\PDD 31-12-2024.IntPrj\Network Model.IntPrjfolder\Network Data.IntPrjfolder\CENTRAL 138 kV.ElmNet\Dajao.ElmSite\ZDJAOF.ElmSubstat\WDJAOF(11).ElmTerm,Tap Terminal Dajao,WXTTDF,\VM-PF.IntUser\PDD 31-12-2024.IntPrj\Network Model.IntPrjfolder\Network Data.IntPrjfolder\CENTRAL 138 kV.ElmNet\Dajao.ElmSite\Tap Terminal Dajao.ElmTerm,0,SANTO DOMINGO,CENTRAL,CENTRAL 69 kV,,P.MADERA TVS-1/1C/69/2xF - 559 AAAC,0.2199999988079071,1,1.3259999752044678,0.09701810777187347,0.012927723117172718,0.30745282769203186,0.06146080046892166,0.513942301273346,1.3301578760147095,-4.884981281880909e-17
69 kV Los Mina – Templástica_a,ZLMINF_ZXMEGF-L1,\VM-PF.IntUser\PDD 31-12-2024.IntPrj\Network Model.IntPrjfolder\Network Data.IntPrjfolder\CENTRAL 69 kV.ElmNet\69 kV Los Mina – Templástica_a.ElmLne,Tap Megacentro,WXMEGF,\VM-PF.IntUser\PDD 31-12-2024.IntPrj\Network Model.IntPrjfolder\Network Data.IntPrjfolder\CENTRAL 69 kV.ElmNet\Tap Megacentro.ElmTerm,3,,\VM-PF.IntUser\PDD 31-12-2024.IntPrj\Network Model.IntPrjfolder\Network Data.IntPrjfolder\CENTRAL 69 kV.ElmNet\ZLMINF.ElmSubstat\3.ElmTerm,0,SANTO DOMINGO,CENTRAL,CENTRAL 69 kV,,P.MADERA TP-IG 55 P/69 - 559 AAAC,0.5519999861717224,1,0.6629999876022339,0.2870807349681854,0.06436890363693237,0.8316080570220947,0.23864877223968506,1.11942720413208,2.138033390045166,4.213296396981315e-17
69 kV Derivación Megacentro,ZMEGAF_ZXMEGF-L1,\VM-PF.IntUser\PDD 31-12-2024.IntPrj\Network Model.IntPrjfolder\Network Data.IntPrjfolder\CENTRAL 69 kV.ElmNet\69 kV Derivación Megacentro.ElmLne,Tap Megacentro,WXMEGF,\VM-PF.IntUser\PDD 31-12-2024.IntPrj\Network Model.IntPrjfolder\Network Data.IntPrjfolder\CENTRAL 69 kV.ElmNet\Tap Megacentro.ElmTerm,69 kV Megacentro,WMEGAF,\VM-PF.IntUser\PDD 31-12-2024.IntPrj\Network Model.IntPrjfolder\Network Data.IntPrjfolder\CENTRAL 69 kV.ElmNet\69 kV Megacentro.ElmTerm,0,SANTO DOMINGO,CENTRAL,CENTRAL 69 kV,,P.MADERA TVS-1/1C/69/1xF - 559 AAAC,2.200000047683716,1,0.6629999876022339,1.0975720882415771,0.25666823983192444,3.3912100791931152,0.931289792060852,4.282904148101807,8.766542434692383,0.0
69 kV Derivación Grupo Alaska,ZGALAF_ZXGALF-L1,\VM-PF.IntUser\PDD 31-12-2024.IntPrj\Network Model.IntPrjfolder\Network Data.IntPrjfolder\CENTRAL 69 kV.ElmNet\69 kV Derivación Grupo Alaska.ElmLne,Tap Grupo Alaska,WXGALF,\VM-PF.IntUser\PDD 31-12-2024.IntPrj\Network Model.IntPrjfolder\Network Data.IntPrjfolder\CENTRAL 69 kV.ElmNet\Tap Grupo Alaska.ElmTerm,69 kV Grupo Alaska,WGALAF,\VM-PF.IntUser\PDD 31-12-2024.IntPrj\Network Model.IntPrjfolder\Network Data.IntPrjfolder\CENTRAL 69 kV.ElmNet\69 kV Grupo Alaska.ElmTerm,0,SANTO DOMINGO,CENTRAL,CENTRAL 69 kV,,P.MADERA TP-IG 55 P/69 - 4/0 AAAC,0.32499998807907104,1,0.3799999952316284,0.23097549378871918,0.09984985738992691,0.50310218334198,0.15398664772510529,0.6288166046142578,1.1527535915374756,-1.8041123488414304e-17
69 kV Los Mina – Templástica_b,ZXMEGF_ZXTAMF-L1,\VM-PF.IntUser\PDD 31-12-2024.IntPrj\Network Model.IntPrjfolder\Network Data.IntPrjfolder\CENTRAL 69 kV.ElmNet\69 kV Los Mina – Templástica_b.ElmLne,Tap Megacentro,WXMEGF,\VM-PF.IntUser\PDD 31-12-2024.IntPrj\Network Model.IntPrjfolder\Network Data.IntPrjfolder\CENTRAL 69 kV.ElmNet\Tap Megacentro.ElmTerm,Tap Tamara,WXTAMF,\VM-PF.IntUser\PDD 31-12-2024.IntPrj\Network Model.IntPrjfolder\Network Data.IntPrjfolder\CENTRAL 69 kV.ElmNet\Tap Tamara.ElmTerm,0,SANTO DOMINGO,CENTRAL,CENTRAL 69 kV,,P.MADERA TP-IG 55 P/69 - 559 AAAC,0.25999999046325684,1,0.6629999876022339,0.13521918654441833,0.03031868487596512,0.3916994333267212,0.11240702867507935,0.5272664427757263,1.0070446729660034,1.9845235837255734e-17
69 kV Los Mina – Templástica_c,ZTEMPF_ZXTAMF-L1,\VM-PF.IntUser\PDD 31-12-2024.IntPrj\Network Model.IntPrjfolder\Network Data.IntPrjfolder\CENTRAL 69 kV.ElmNet\69 kV Los Mina – Templástica_c.ElmLne,69 kV Templastisa,WTEMPF,\VM-PF.IntUser\PDD 31-12-2024.IntPrj\Network Model.IntPrjfolder\Network Data.IntPrjfolder\CENTRAL 69 kV.ElmNet\69 kV Templastisa.ElmTerm,Tap Tamara,WXTAMF,\VM-PF.IntUser\PDD 31-12-2024.IntPrj\Network Model.IntPrjfolder\Network Data.IntPrjfolder\CENTRAL 69 kV.ElmNet\Tap Tamara.ElmTerm,0,SANTO DOMINGO,CENTRAL,CENTRAL 69 kV,,P.MADERA TP-IG 55 P/69 - 4/0 AAAC,0.3499999940395355,1,0.3799999952316284,0.24874283373355865,0.1075306162238121,0.5418023467063904,0.1658317893743515,0.6771871447563171,1.241426944732666,-1.9428902600067994e-17
69 kV Invivienda – Villa Duarte_b,ZXGPLF_ZXINVF-L1,\VM-PF.IntUser\PDD 31-12-2024.IntPrj\Network Model.IntPrjfolder\Network Data.IntPrjfolder\CENTRAL 69 kV.ElmNet\69 kV Invivienda – Villa Duarte_b.ElmLne,Tap Gomas Y Plásticos,WXGPLF,\VM-PF.IntUser\PDD 31-12-2024.IntPrj\Network Model.IntPrjfolder\Network Data.IntPrjfolder\CENTRAL 69 kV.ElmNet\Tap Gomas Y Plásticos.ElmTerm,Tap Invivienda,WXINVF,\VM-PF.IntUser\PDD 31-12-2024.IntPrj\Network Model.IntPrjfolder\Network Data.IntPrjfolder\CENTRAL 69 kV.ElmNet\Tap Invivienda.ElmTerm,0,SANTO DOMINGO,CENTRAL,CENTRAL 69 kV,,P.MADERA TP-IG 55 P/69 - 559 AAAC,1.5299999713897705,1,0.6629999876022339,0.795712947845459,0.17841380834579468,2.3050005435943604,0.6614721417427063,3.1027603149414062,5.926070690155029,1.1678158387336306e-16
69 kV Los Mina – Timbeque,ZLMINF_ZTMBBF-L1,\VM-PF.IntUser\PDD 31-12-2024.IntPrj\Network Model.IntPrjfolder\Network Data.IntPrjfolder\CENTRAL 69 kV.ElmNet\69 kV Los Mina – Timbeque.ElmLne,2,,\VM-PF.IntUser\PDD 31-12-2024.IntPrj\Network Model.IntPrjfolder\Network Data.IntPrjfolder\CENTRAL 69 kV.ElmNet\ZLMINF.ElmSubstat\2.ElmTerm,1,,\VM-PF.IntUser\PDD 31-12-2024.IntPrj\Network Model.IntPrjfolder\Network Data.IntPrjfolder\CENTRAL 69 kV.ElmNet\ZTIMBF.ElmSubstat\1.ElmTerm,0,SANTO DOMINGO,CENTRAL,CENTRAL 69 kV,,P.CONCRETO TVS-1/1C/69/1xF - 559 AAAC,6.320000171661377,1,0.6629999876022339,3.1530253887176514,0.7373378276824951,9.742022514343262,2.6753416061401367,12.30361557006836,25.183887481689453,0.0
69 kV Despacho – Timbeque,ZDESPF_ZTIMBF-L1,\VM-PF.IntUser\PDD 31-12-2024.IntPrj\Network Model.IntPrjfolder\Network Data.IntPrjfolder\CENTRAL 69 kV.ElmNet\69 kV Despacho – Timbeque.ElmLne,5,,\VM-PF.IntUser\PDD 31-12-2024.IntPrj\Network Model.IntPrjfolder\Network Data.IntPrjfolder\CENTRAL 69 kV.ElmNet\ZTIMBF.ElmSubstat\5.ElmTerm,69 kV Despacho,WDESPF,\VM-PF.IntUser\PDD 31-12-2024.IntPrj\Network Model.IntPrjfolder\Network Data.IntPrjfolder\CENTRAL 69 kV.ElmNet\ZDESPF.ElmSubstat\69 kV Despacho.ElmTerm,0,DISTRITO NACIONAL,CENTRAL,CENTRAL 69 kV,,P.MADERA TP-IG 50 P/69 - 4/0 CU,0.09399999678134918,1,0.47999998927116394,0.05576043576002121,0.017817741259932518,0.14545434713363647,0.04453739896416664,0.18507906794548035,0.3335200250148773,1.0436096074134447e-17
69 kV Capotillo – Timbeque,ZCAPOF_ZTIMBF-L1,\VM-PF.IntUser\PDD 31-12-2024.IntPrj\Network Model.IntPrjfolder\Network Data.IntPrjfolder\CENTRAL 69 kV.ElmNet\69 kV Capotillo – Timbeque.ElmLne,6,,\VM-PF.IntUser\PDD 31-12-2024.IntPrj\Network Model.IntPrjfolder\Network Data.IntPrjfolder\CENTRAL 69 kV.ElmNet\ZTIMBF.ElmSubstat\6.ElmTerm,2,,\VM-PF.IntUser\PDD 31-12-2024.IntPrj\Network Model.IntPrjfolder\Network Data.IntPrjfolder\CENTRAL 69 kV.ElmNet\ZCAPOF.ElmSubstat\2.ElmTerm,0,DISTRITO NACIONAL,CENTRAL,CENTRAL 69 kV,,P.MADERA TP-IG 55 P/69 - 559 AAAC,3.569999933242798,1,0.6629999876022339,1.856663465499878,0.41629886627197266,5.378334999084473,1.5434350967407227,7.239773750305176,13.827498435974121,2.724903667828104e-16
69 kV Dajao – Sabana Perdida_b,ZDJAOF_ZSPERF-L1_a,\VM-PF.IntUser\PDD 31-12-2024.IntPrj\Network Model.IntPrjfolder\Network Data.IntPrjfolder\CENTRAL 69 kV.ElmNet\69 kV Dajao – Sabana Perdida_b.ElmLne,Tap Terminal Dajao,WXTTDF,\VM-PF.IntUser\PDD 31-12-2024.IntPrj\Network Model.IntPrjfolder\Network Data.IntPrjfolder\CENTRAL 138 kV.ElmNet\Dajao.ElmSite\Tap Terminal Dajao.ElmTerm,69 kV Sabana Perdida,WSPERF,\VM-PF.IntUser\PDD 31-12-2024.IntPrj\Network Model.IntPrjfolder\Network Data.IntPrjfolder\CENTRAL 69 kV.ElmNet\69 kV Sabana Perdida.ElmTerm,0,SANTO DOMINGO,CENTRAL,CENTRAL 69 kV,,P.MADERA TP-IG 55 P/69 - 559 AAAC,4.949999809265137,1,0.6629999876022339,2.5743653774261475,0.5772210955619812,7.45735502243042,2.140056848526001,10.038341522216797,19.17258071899414,3.778227518919249e-16
69 kV Boca Chica – Mata de Palma_c,ZXKVEF_ZXKVNF-L1,\VM-PF.IntUser\PDD 31-12-2024.IntPrj\Network Model.IntPrjfolder\Network Data.IntPrjfolder\CENTRAL 69 kV.ElmNet\69 kV Boca Chica – Mata de Palma_c.ElmLne,Tap 2 Kilómetro 24,WXKVEF,\VM-PF.IntUser\PDD 31-12-2024.IntPrj\Network Model.IntPrjfolder\Network Data.IntPrjfolder\CENTRAL 69 kV.ElmNet\Tap 2 Kilómetro 24.ElmTerm,Tap 1 Kilómetro 24,WXKVNF,\VM-PF.IntUser\PDD 31-12-2024.IntPrj\Network Model.IntPrjfolder\Network Data.IntPrjfolder\CENTRAL 69 kV.ElmNet\Tap 1 Kilómetro 24.ElmTerm,1,SANTO DOMINGO,CENTRAL,CENTRAL 69 kV,,P.MADERA TP-IG 50 P/69 - 559 AAAC,4.71999979019165,1,0.6629999876022339,2.473311424255371,0.5501066446304321,7.148618698120117,2.0133142471313477,9.668876647949219,18.535032272338867,-1.3100631108241696e-16
69 kV INCA km 22 – Palamara_a,ZINCAF_ZXCSAF-L1,\VM-PF.IntUser\PDD 31-12-2024.IntPrj\Network Model.IntPrjfolder\Network Data.IntPrjfolder\CENTRAL 69 kV.ElmNet\69 kV INCA km 22 – Palamara_a.ElmLne,Tap Ciudad Satélite,WXCSAF,\VM-PF.IntUser\PDD 31-12-2024.IntPrj\Network Model.IntPrjfolder\Network Data.IntPrjfolder\CENTRAL 69 kV.ElmNet\Tap Ciudad Satélite.ElmTerm,69 kV INCA km 22,WINCAF,\VM-PF.IntUser\PDD 31-12-2024.IntPrj\Network Model.IntPrjfolder\Network Data.IntPrjfolder\CENTRAL 69 kV.ElmNet\INCA km 22.ElmSite\ZINCAF.ElmSubstat\69 kV INCA km 22.ElmTerm,0,SANTO DOMINGO,CENTRAL,CENTRAL 69 kV,,P.MADERA TP-IG 50 P/69 - 559 AAAC,0.35199999809265137,1,0.6629999876022339,0.18445035815238953,0.04102490469813347,0.5331173539161682,0.15014547109603882,0.721068799495697,1.382273554801941,-9.769962563761818e-18
69 kV Boca Chica – La Caleta,ZLCALF_ZXKVEF-L1,\VM-PF.IntUser\PDD 31-12-2024.IntPrj\Network Model.IntPrjfolder\Network Data.IntPrjfolder\CENTRAL 69 kV.ElmNet\69 kV Boca Chica – La Caleta.ElmLne,Tap 2 Kilómetro 24,WXKVEF,\VM-PF.IntUser\PDD 31-12-2024.IntPrj\Network Model.IntPrjfolder\Network Data.IntPrjfolder\CENTRAL 69 kV.ElmNet\Tap 2 Kilómetro 24.ElmTerm,Tap 1 La Caleta,WXLCAF,\VM-PF.IntUser\PDD 31-12-2024.IntPrj\Network Model.IntPrjfolder\Network Data.IntPrjfolder\CENTRAL 69 kV.ElmNet\Tap 1 La Caleta.ElmTerm,1,SANTO DOMINGO,CENTRAL,CENTRAL 69 kV,,P.MADERA TP-IG 50 P/69 - 559 AAAC,8.529999732971191,1,0.6629999876022339,4.4697771072387695,0.9941546320915222,12.919008255004883,3.6384682655334473,17.4736270904541,33.4965705871582,-2.3675505258977634e-16
69 kV Boca Chica – ZF Las Americas_d,ZXLCAF_ZXLC2F-L1,\VM-PF.IntUser\PDD 31-12-2024.IntPrj\Network Model.IntPrjfolder\Network Data.IntPrjfolder\CENTRAL 69 kV.ElmNet\69 kV Boca Chica – ZF Las Americas_d.ElmLne,Tap 1 La Caleta,WXLCAF,\VM-PF.IntUser\PDD 31-12-2024.IntPrj\Network Model.IntPrjfolder\Network Data.IntPrjfolder\CENTRAL 69 kV.ElmNet\Tap 1 La Caleta.ElmTerm,Tap 2 La Caleta,WXLC2F,\VM-PF.IntUser\PDD 31-12-2024.IntPrj\Network Model.IntPrjfolder\Network Data.IntPrjfolder\CENTRAL 69 kV.ElmNet\Tap 2 La Caleta.ElmTerm,0,SANTO DOMINGO,CENTRAL,CENTRAL 69 kV,,P.MADERA TP-IG 50 P/69 - 559 AAAC,0.4292300045490265,1,0.6629999876022339,0.224919393658638,0.05002591013908386,0.6500851511955261,0.18308790028095245,0.8792737722396851,1.6855491399765015,-1.1913525847757247e-17
69 kV Derivación Parque Cibernético,ZPCIBF_ZXPC2F-L1,\VM-PF.IntUser\PDD 31-12-2024.IntPrj\Network Model.IntPrjfolder\Network Data.IntPrjfolder\CENTRAL 69 kV.ElmNet\69 kV Derivación Parque Cibernético.ElmLne,Tap 2 Parque Cibernético,WXPC2F,\VM-PF.IntUser\PDD 31-12-2024.IntPrj\Network Model.IntPrjfolder\Network Data.IntPrjfolder\CENTRAL 69 kV.ElmNet\Tap 2 Parque Cibernético.ElmTerm,69 kV Parque Cibernético,WPCIBF,\VM-PF.IntUser\PDD 31-12-2024.IntPrj\Network Model.IntPrjfolder\Network Data.IntPrjfolder\CENTRAL 69 kV.ElmNet\69 kV Parque Cibernético.ElmTerm,0,SANTO DOMINGO,CENTRAL,CENTRAL 69 kV,,P.MADERA TVS-1/1C/69/1xF - 559 AAAC,0.02800000086426735,1,0.6629999876022339,0.013969099149107933,0.003266686573624611,0.043160855770111084,0.011852779425680637,0.054509688168764114,0.11157418042421341,0.0
69 kV Boca Chica – ZF Las Americas_b,ZXPCIF_ZXPC2F-L1,\VM-PF.IntUser\PDD 31-12-2024.IntPrj\Network Model.IntPrjfolder\Network Data.IntPrjfolder\CENTRAL 69 kV.ElmNet\69 kV Boca Chica – ZF Las Americas_b.ElmLne,Tap 2 Parque Cibernético,WXPC2F,\VM-PF.IntUser\PDD 31-12-2024.IntPrj\Network Model.IntPrjfolder\Network Data.IntPrjfolder\CENTRAL 69 kV.ElmNet\Tap 2 Parque Cibernético.ElmTerm,Tap 1 Parque Cibernético,WXPCIF,\VM-PF.IntUser\PDD 31-12-2024.IntPrj\Network Model.IntPrjfolder\Network Data.IntPrjfolder\CENTRAL 69 kV.ElmNet\Tap 1 Parque Cibernético.ElmTerm,0,SANTO DOMINGO,CENTRAL,CENTRAL 69 kV,,P.MADERA TVS-1/1C/69/1xF - 559 AAAC,2.4000000953674316,1,0.6629999876022339,1.1973514556884766,0.280001699924469,3.6995019912719727,1.015952467918396,4.6722588539123535,9.563501358032227,0.0
69 kV Derivación ZF Gildan,ZGUERF_ZZGILF-L1,\VM-PF.IntUser\PDD 31-12-2024.IntPrj\Network Model.IntPrjfolder\Network Data.IntPrjfolder\CENTRAL 69 kV.ElmNet\69 kV Derivación ZF Gildan.ElmLne,Tap Mata de Palma,WXMPAF,\VM-PF.IntUser\PDD 31-12-2024.IntPrj\Network Model.IntPrjfolder\Network Data.IntPrjfolder\CENTRAL 69 kV.ElmNet\Tap Mata de Palma.ElmTerm,69 kV ZF Gildan,WZGILF,\VM-PF.IntUser\PDD 31-12-2024.IntPrj\Network Model.IntPrjfolder\Network Data.IntPrjfolder\CENTRAL 69 kV.ElmNet\69 kV ZF Gildan.ElmTerm,0,SANTO DOMINGO,CENTRAL,CENTRAL 69 kV,,P.MADERA TP-IG 50 P/69 - 559 AAAC,0.5,1,0.6629999876022339,0.2620033323764801,0.05827401578426361,0.7572689652442932,0.21327482163906097,1.0242455005645752,1.9634568691253662,-1.3877787807814457e-17
69 kV Boca Chica – Mata de Palma_g,ZXGUEF_ZXMPAF-L1,\VM-PF.IntUser\PDD 31-12-2024.IntPrj\Network Model.IntPrjfolder\Network Data.IntPrjfolder\CENTRAL 69 kV.ElmNet\69 kV Boca Chica – Mata de Palma_g.ElmLne,Tap Mata de Palma,WXMPAF,\VM-PF.IntUser\PDD 31-12-2024.IntPrj\Network Model.IntPrjfolder\Network Data.IntPrjfolder\CENTRAL 69 kV.ElmNet\Tap Mata de Palma.ElmTerm,Tap Guerra,WXGUEF,\VM-PF.IntUser\PDD 31-12-2024.IntPrj\Network Model.IntPrjfolder\Network Data.IntPrjfolder\CENTRAL 69 kV.ElmNet\Tap Guerra.ElmTerm,0,SANTO DOMINGO,CENTRAL,CENTRAL 69 kV,,P.MADERA TP-IG 50 P/69 - 559 AAAC,8.600000381469727,1,0.6629999876022339,4.506457805633545,1.0023131370544434,13.025026321411133,3.6683268547058105,17.617023468017578,33.77145767211914,-2.386979608823205e-16
69 kV Derivación Acueducto Brujela_b,ZABRUF_ZCATAF-L1,\VM-PF.IntUser\PDD 31-12-2024.IntPrj\Network Model.IntPrjfolder\Network Data.IntPrjfolder\CENTRAL 69 kV.ElmNet\69 kV Derivación Acueducto Brujela_b.ElmLne,Tap Acueducto Brujuelas,WXACBF,\VM-PF.IntUser\PDD 31-12-2024.IntPrj\Network Model.IntPrjfolder\Network Data.IntPrjfolder\CENTRAL 69 kV.ElmNet\Tap Acueducto Brujuelas.ElmTerm,69 kV Acueducto Brujuela,WABRUF,\VM-PF.IntUser\PDD 31-12-2024.IntPrj\Network Model.IntPrjfolder\Network Data.IntPrjfolder\CENTRAL 69 kV.ElmNet\69 kV Acueducto Brujuela.ElmTerm,0,SANTO DOMINGO,CENTRAL,CENTRAL 69 kV,,P.MADERA TP-IG 55 P/69 - 559 AAAC,11.640000343322754,1,0.6629999876022339,6.053659439086914,1.3573442697525024,17.536083221435547,5.032376766204834,23.605314254760742,45.084617614746094,8.884560347485878e-16
69 kV Derivación Aero Las Américas,ZAAMEF_ZLCALF-L1,\VM-PF.IntUser\PDD 31-12-2024.IntPrj\Network Model.IntPrjfolder\Network Data.IntPrjfolder\CENTRAL 69 kV.ElmNet\69 kV Derivación Aero Las Américas.ElmLne,Tap 2 La Caleta,WXLC2F,\VM-PF.IntUser\PDD 31-12-2024.IntPrj\Network Model.IntPrjfolder\Network Data.IntPrjfolder\CENTRAL 69 kV.ElmNet\Tap 2 La Caleta.ElmTerm,69 kV Aero Las Américas,WAAMEF,\VM-PF.IntUser\PDD 31-12-2024.IntPrj\Network Model.IntPrjfolder\Network Data.IntPrjfolder\CENTRAL 69 kV.ElmNet\69 kV Aero Las Américas.ElmTerm,0,SANTO DOMINGO,CENTRAL,CENTRAL 69 kV,,P.MADERA TVS-1/1C/69/1xF - 559 AAAC,1.649999976158142,1,0.6629999876022339,0.8231790661811829,0.19250117242336273,2.543407440185547,0.6984673142433167,3.2121779918670654,6.574906826019287,0.0
69 kV Boca Chica – ZF Las Americas_e,ZLCALF_ZXZAMF-L1,\VM-PF.IntUser\PDD 31-12-2024.IntPrj\Network Model.IntPrjfolder\Network Data.IntPrjfolder\CENTRAL 69 kV.ElmNet\69 kV Boca Chica – ZF Las Americas_e.ElmLne,Tap 2 La Caleta,WXLC2F,\VM-PF.IntUser\PDD 31-12-2024.IntPrj\Network Model.IntPrjfolder\Network Data.IntPrjfolder\CENTRAL 69 kV.ElmNet\Tap 2 La Caleta.ElmTerm,Tap ZF Las Américas,WXZAMF,\VM-PF.IntUser\PDD 31-12-2024.IntPrj\Network Model.IntPrjfolder\Network Data.IntPrjfolder\CENTRAL 69 kV.ElmNet\Tap ZF Las Américas.ElmTerm,0,SANTO DOMINGO,CENTRAL,CENTRAL 69 kV,,P.CONCRETO TVS-1/1C/69/1xF - 559 AAAC,2.890000104904175,1,0.6629999876022339,1.4418106079101562,0.33716872334480286,4.454817295074463,1.2233761548995972,5.626178741455078,11.5160493850708,0.0
69 kV Boca Chica – ZF Las Americas_f,ZXZAMF_ZZAMEF-L1,\VM-PF.IntUser\PDD 31-12-2024.IntPrj\Network Model.IntPrjfolder\Network Data.IntPrjfolder\CENTRAL 69 kV.ElmNet\69 kV Boca Chica – ZF Las Americas_f.ElmLne,Tap ZF Las Américas,WXZAMF,\VM-PF.IntUser\PDD 31-12-2024.IntPrj\Network Model.IntPrjfolder\Network Data.IntPrjfolder\CENTRAL 69 kV.ElmNet\Tap ZF Las Américas.ElmTerm,69 kV ZF Las Américas,WZAMEF,\VM-PF.IntUser\PDD 31-12-2024.IntPrj\Network Model.IntPrjfolder\Network Data.IntPrjfolder\CENTRAL 69 kV.ElmNet\ZZAMEF.ElmSubstat\69 kV ZF Las Américas.ElmTerm,0,SANTO DOMINGO,CENTRAL,CENTRAL 69 kV,,P.CONCRETO TVS-1/1C/69/1xF - 559 AAAC,0.5899999737739563,1,0.6629999876022339,0.2943488657474518,0.06883374601602554,0.9094608426094055,0.24975496530532837,1.1485968828201294,2.351027250289917,0.0
69 kV Derivación Multiform,ZIISAF_ZMULTF-L1,\VM-PF.IntUser\PDD 31-12-2024.IntPrj\Network Model.IntPrjfolder\Network Data.IntPrjfolder\CENTRAL 69 kV.ElmNet\69 kV Derivación Multiform.ElmLne,Tap INCA La Isabela,WXIISF,\VM-PF.IntUser\PDD 31-12-2024.IntPrj\Network Model.IntPrjfolder\Network Data.IntPrjfolder\CENTRAL 69 kV.ElmNet\Tap INCA La Isabela.ElmTerm,69 kV Multiform,WMULTF,\VM-PF.IntUser\PDD 31-12-2024.IntPrj\Network Model.IntPrjfolder\Network Data.IntPrjfolder\CENTRAL 69 kV.ElmNet\69 kV Multiform.ElmTerm,0,SANTO DOMINGO,CENTRAL,CENTRAL 69 kV,,P.MADERA TVS-1/1C/69/1xF - 4/0 AAAC,0.20000000298023224,1,0.3799999952316284,0.13790328800678253,0.06145747750997543,0.316585898399353,0.0929567739367485,0.3720818758010864,0.7277981638908386,-2.775557602921922e-18
69 kV Derivación INCA La Isabela_a,ZIISAF_ZXINAF-L1,\VM-PF.IntUser\PDD 31-12-2024.IntPrj\Network Model.IntPrjfolder\Network Data.IntPrjfolder\CENTRAL 69 kV.ElmNet\69 kV Derivación INCA La Isabela_a.ElmLne,Tap Industrias Nacionales,WXINAF,\VM-PF.IntUser\PDD 31-12-2024.IntPrj\Network Model.IntPrjfolder\Network Data.IntPrjfolder\CENTRAL 69 kV.ElmNet\Tap Industrias Nacionales.ElmTerm,Tap INCA La Isabela,WXIISF,\VM-PF.IntUser\PDD 31-12-2024.IntPrj\Network Model.IntPrjfolder\Network Data.IntPrjfolder\CENTRAL 69 kV.ElmNet\Tap INCA La Isabela.ElmTerm,0,SANTO DOMINGO,CENTRAL,CENTRAL 69 kV,,P.MADERA TP-IG 55 P/69 - 4/0 AAAC,2.0,1,0.3799999952316284,1.4213876724243164,0.6144607067108154,3.0960135459899902,0.9476101994514465,3.869640827178955,7.093868732452393,-1.1102230246251565e-16
69 kV Dajao – Monte Plata Solar_c,ZMPLAF_ZYAMAF-L1,\VM-PF.IntUser\PDD 31-12-2024.IntPrj\Network Model.IntPrjfolder\Network Data.IntPrjfolder\CENTRAL 69 kV.ElmNet\69 kV Dajao – Monte Plata Solar_c.ElmLne,Tap Monte Plata Solar,WXMPSF,\VM-PF.IntUser\PDD 31-12-2024.IntPrj\Network Model.IntPrjfolder\Network Data.IntPrjfolder\ESTE 69 kV.ElmNet\Tap Monte Plata Solar.ElmTerm,Tap Yamasá,WXYAMF,\VM-PF.IntUser\PDD 31-12-2024.IntPrj\Network Model.IntPrjfolder\Network Data.IntPrjfolder\ESTE 69 kV.ElmNet\Tap Yamasá.ElmTerm,0,ESTE CERCANO,ESTE,CENTRAL 69 kV,,T.ACERO S1(2)/1C/138/1xF/559 AAAC,13.5600004196167,1,0.6629999876022339,5.846263885498047,1.5774046182632446,20.332857131958008,6.434755325317383,24.16556167602539,47.69864273071289,1.1290968245141137e-15
69 kV Derivación Smurfit Kappa,ZSKAPF_ZXSKAF-L1,\VM-PF.IntUser\PDD 31-12-2024.IntPrj\Network Model.IntPrjfolder\Network Data.IntPrjfolder\CENTRAL 69 kV.ElmNet\69 kV Derivación Smurfit Kappa.ElmLne,69 kV Smurfit Kappa,WSKAPF,\VM-PF.IntUser\PDD 31-12-2024.IntPrj\Network Model.IntPrjfolder\Network Data.IntPrjfolder\CENTRAL 69 kV.ElmNet\69 kV Smurfit Kappa.ElmTerm,Tap Smurfit Kappa,WXSKAF,\VM-PF.IntUser\PDD 31-12-2024.IntPrj\Network Model.IntPrjfolder\Network Data.IntPrjfolder\CENTRAL 69 kV.ElmNet\Tap Smurfit Kappa.ElmTerm,0,DISTRITO NACIONAL,CENTRAL,CENTRAL 69 kV,,P.MADERA TVS/1C/69/1xF - 559 AAAC,1.0,1,0.6629999876022339,0.5119898319244385,0.11621808260679245,1.5467805862426758,0.4154599905014038,1.957854151725769,4.0177388191223145,3.8163916471489756e-17
69 kV Derivación MERCASID_b,ZGPETF_ZMERCF-L1,\VM-PF.IntUser\PDD 31-12-2024.IntPrj\Network Model.IntPrjfolder\Network Data.IntPrjfolder\CENTRAL 69 kV.ElmNet\69 kV Derivación MERCASID_b.ElmLne,Tap Grupo Petroquímica,WXGPEF,\VM-PF.IntUser\PDD 31-12-2024.IntPrj\Network Model.IntPrjfolder\Network Data.IntPrjfolder\CENTRAL 69 kV.ElmNet\Tap Grupo Petroquímica.ElmTerm,69 kV MERCASID,WMERCF,\VM-PF.IntUser\PDD 31-12-2024.IntPrj\Network Model.IntPrjfolder\Network Data.IntPrjfolder\CENTRAL 69 kV.ElmNet\69 kV MERCASID.ElmTerm,0,DISTRITO NACIONAL,CENTRAL,CENTRAL 69 kV,,P.MADERA TP-IG 55 P/69 - 559 AAAC,0.09000000357627869,1,0.6629999876022339,0.04680664464831352,0.010494930669665337,0.13558827340602875,0.03891012817621231,0.18251532316207886,0.3485924303531647,6.869505031042605e-18
69 kV Palamara – Bco Nacional Vivienda_b,ZXAHGF_ZXALIF-L1,\VM-PF.IntUser\PDD 31-12-2024.IntPrj\Network Model.IntPrjfolder\Network Data.IntPrjfolder\CENTRAL 69 kV.ElmNet\69 kV Palamara – Bco Nacional Vivienda_b.ElmLne,Tap Aeropuerto Higüero,WXAHGF,\VM-PF.IntUser\PDD 31-12-2024.IntPrj\Network Model.IntPrjfolder\Network Data.IntPrjfolder\CENTRAL 69 kV.ElmNet\Tap Aeropuerto Higüero.ElmTerm,Tap Acueducto La Isabela,WXALIF,\VM-PF.IntUser\PDD 31-12-2024.IntPrj\Network Model.IntPrjfolder\Network Data.IntPrjfolder\CENTRAL 69 kV.ElmNet\Tap Acueducto La Isabela.ElmTerm,0,SANTO DOMINGO,CENTRAL,CENTRAL 69 kV,,P.MADERA TP-IG 50 P/69 - 559 AAAC,1.5399999618530273,1,0.6629999876022339,0.8069702982902527,0.17948396503925323,2.332388401031494,0.6568863987922668,3.1546759605407715,6.0474467277526855,-4.274358538927734e-17
69 kV INCA km 22 – Palamara_b,ZIPSIF_ZXCSAF-L1,\VM-PF.IntUser\PDD 31-12-2024.IntPrj\Network Model.IntPrjfolder\Network Data.IntPrjfolder\CENTRAL 69 kV.ElmNet\69 kV INCA km 22 – Palamara_b.ElmLne,Tap Ciudad Satélite,WXCSAF,\VM-PF.IntUser\PDD 31-12-2024.IntPrj\Network Model.IntPrjfolder\Network Data.IntPrjfolder\CENTRAL 69 kV.ElmNet\Tap Ciudad Satélite.ElmTerm,Tap Parque Industrial Duarte,WXIDUF,\VM-PF.IntUser\PDD 31-12-2024.IntPrj\Network Model.IntPrjfolder\Network Data.IntPrjfolder\CENTRAL 69 kV.ElmNet\Tap Parque Industrial Duarte.ElmTerm,0,SANTO DOMINGO,CENTRAL,CENTRAL 69 kV,,P.MADERA TP-IG 50 P/69 - 559 AAAC,0.5709999799728394,1,0.6629999876022339,0.29920780658721924,0.0665489211678505,0.8648011088371277,0.2435598224401474,1.16968834400177,2.242267608642578,-1.5848433120658738e-17
69 kV Dajao – Monte Plata Solar_b,ZDJAOF_ZYAMAF-L1,\VM-PF.IntUser\PDD 31-12-2024.IntPrj\Network Model.IntPrjfolder\Network Data.IntPrjfolder\CENTRAL 69 kV.ElmNet\69 kV Dajao – Monte Plata Solar_b.ElmLne,Tap Sierra Prieta,WXSPRF,\VM-PF.IntUser\PDD 31-12-2024.IntPrj\Network Model.IntPrjfolder\Network Data.IntPrjfolder\ESTE 69 kV.ElmNet\Tap Sierra Prieta.ElmTerm,Tap Yamasá,WXYAMF,\VM-PF.IntUser\PDD 31-12-2024.IntPrj\Network Model.IntPrjfolder\Network Data.IntPrjfolder\ESTE 69 kV.ElmNet\Tap Yamasá.ElmTerm,0,ESTE CERCANO,ESTE,CENTRAL 69 kV,,T.ACERO S1(2)/1C/138/1xF/559 AAAC,14.1899995803833,1,0.6629999876022339,6.117882251739502,1.650691032409668,21.277523040771484,6.733714580535889,25.28829574584961,49.914730072021484,1.1815548454869934e-15
69 kV Derivación Molinos del Ozama,ZMOZAF_ZXMOLF-L1,\VM-PF.IntUser\PDD 31-12-2024.IntPrj\Network Model.IntPrjfolder\Network Data.IntPrjfolder\CENTRAL 69 kV.ElmNet\69 kV Derivación Molinos del Ozama.ElmLne,Tap Molinos Ozama,WXMOLF,\VM-PF.IntUser\PDD 31-12-2024.IntPrj\Network Model.IntPrjfolder\Network Data.IntPrjfolder\CENTRAL 69 kV.ElmNet\Tap Molinos Ozama.ElmTerm,69 kV Molinos del Ozama,WMOZAF,\VM-PF.IntUser\PDD 31-12-2024.IntPrj\Network Model.IntPrjfolder\Network Data.IntPrjfolder\CENTRAL 69 kV.ElmNet\69 kV Molinos del Ozama.ElmTerm,0,SANTO DOMINGO,CENTRAL,CENTRAL 69 kV,,P.MADERA TP-IG 50 P/69 - 559 AAAC,0.9300000071525574,1,0.6629999876022339,0.4873262345790863,0.10838966816663742,1.4085203409194946,0.39669114351272583,1.9050966501235962,3.6520297527313232,-2.5812685521058237e-17
69 kV Derivación Grupo Malla,ZGMALF_ZXMALF-L1,\VM-PF.IntUser\PDD 31-12-2024.IntPrj\Network Model.IntPrjfolder\Network Data.IntPrjfolder\CENTRAL 69 kV.ElmNet\69 kV Derivación Grupo Malla.ElmLne,Tap Malla,WXMALF,\VM-PF.IntUser\PDD 31-12-2024.IntPrj\Network Model.IntPrjfolder\Network Data.IntPrjfolder\CENTRAL 69 kV.ElmNet\Tap Malla.ElmTerm,69 kV Molinos Modernos,WGMALF,\VM-PF.IntUser\PDD 31-12-2024.IntPrj\Network Model.IntPrjfolder\Network Data.IntPrjfolder\CENTRAL 69 kV.ElmNet\69 kV Molinos Modernos.ElmTerm,0,DISTRITO NACIONAL,CENTRAL,CENTRAL 69 kV,,P.MADERA TP-IG 50 P/69 - 4/0 AAAC,1.100000023841858,1,0.3799999952316284,0.7819637656211853,0.33795350790023804,1.7021290063858032,0.5211858153343201,2.1658191680908203,3.9028940200805664,1.2212453535574518e-16
69 kV Boca Chica – Mata de Palma_b,ZCATAF_ZXKVEF-L1,\VM-PF.IntUser\PDD 31-12-2024.IntPrj\Network Model.IntPrjfolder\Network Data.IntPrjfolder\CENTRAL 69 kV.ElmNet\69 kV Boca Chica – Mata de Palma_b.ElmLne,Tap 2 Catalina,WXCA2F,\VM-PF.IntUser\PDD 31-12-2024.IntPrj\Network Model.IntPrjfolder\Network Data.IntPrjfolder\CENTRAL 69 kV.ElmNet\Tap 2 Catalina.ElmTerm,Tap 2 Kilómetro 24,WXKVEF,\VM-PF.IntUser\PDD 31-12-2024.IntPrj\Network Model.IntPrjfolder\Network Data.IntPrjfolder\CENTRAL 69 kV.ElmNet\Tap 2 Kilómetro 24.ElmTerm,1,SANTO DOMINGO,CENTRAL,CENTRAL 69 kV,,P.MADERA TP-IG 50 P/69 - 559 AAAC,7.670000076293945,1,0.6629999876022339,4.019131183624268,0.8939234018325806,11.61650562286377,3.2716357707977295,15.711925506591797,30.119428634643555,-2.1288526708945613e-16
69 kV Invivienda – Villa Duarte_c,ZXGPLF_ZXGALF-L1,\VM-PF.IntUser\PDD 31-12-2024.IntPrj\Network Model.IntPrjfolder\Network Data.IntPrjfolder\CENTRAL 69 kV.ElmNet\69 kV Invivienda – Villa Duarte_c.ElmLne,Tap Grupo Alaska,WXGALF,\VM-PF.IntUser\PDD 31-12-2024.IntPrj\Network Model.IntPrjfolder\Network Data.IntPrjfolder\CENTRAL 69 kV.ElmNet\Tap Grupo Alaska.ElmTerm,Tap Gomas Y Plásticos,WXGPLF,\VM-PF.IntUser\PDD 31-12-2024.IntPrj\Network Model.IntPrjfolder\Network Data.IntPrjfolder\CENTRAL 69 kV.ElmNet\Tap Gomas Y Plásticos.ElmTerm,0,SANTO DOMINGO,CENTRAL,CENTRAL 69 kV,,P.MADERA TP-IG 55 P/69 - 559 AAAC,1.2000000476837158,1,0.6629999876022339,0.6240885853767395,0.13993240892887115,1.8078436851501465,0.518801748752594,2.433537483215332,4.647899150848389,9.159340482553133e-17
69 kV Palamara – Bco Nacional Vivienda_c,ZBNVIF_ZXAHGF-L1,\VM-PF.IntUser\PDD 31-12-2024.IntPrj\Network Model.IntPrjfolder\Network Data.IntPrjfolder\CENTRAL 69 kV.ElmNet\69 kV Palamara – Bco Nacional Vivienda_c.ElmLne,Tap Aeropuerto Higüero,WXAHGF,\VM-PF.IntUser\PDD 31-12-2024.IntPrj\Network Model.IntPrjfolder\Network Data.IntPrjfolder\CENTRAL 69 kV.ElmNet\Tap Aeropuerto Higüero.ElmTerm,69 kV Banco Nacional de la Vivienda,WBNVIF,\VM-PF.IntUser\PDD 31-12-2024.IntPrj\Network Model.IntPrjfolder\Network Data.IntPrjfolder\CENTRAL 69 kV.ElmNet\69 kV Banco Nacional de la Vivienda.ElmTerm,0,SANTO DOMINGO,CENTRAL,CENTRAL 69 kV,,P.MADERA TP-IG 50 P/69 - 559 AAAC,5.53000020980835,1,0.6629999876022339,2.897757053375244,0.6445106267929077,8.375394821166992,2.3588194847106934,11.328155517578125,21.71583366394043,-1.534883389777794e-16
69 kV Derivación Aeropuerto El Higüero,ZAHIGF_ZXAHGF-L1,\VM-PF.IntUser\PDD 31-12-2024.IntPrj\Network Model.IntPrjfolder\Network Data.IntPrjfolder\CENTRAL 69 kV.ElmNet\69 kV Derivación Aeropuerto El Higüero.ElmLne,Tap Aeropuerto Higüero,WXAHGF,\VM-PF.IntUser\PDD 31-12-2024.IntPrj\Network Model.IntPrjfolder\Network Data.IntPrjfolder\CENTRAL 69 kV.ElmNet\Tap Aeropuerto Higüero.ElmTerm,69 kV Aeropuerto El Higüero,WAHIGF,\VM-PF.IntUser\PDD 31-12-2024.IntPrj\Network Model.IntPrjfolder\Network Data.IntPrjfolder\CENTRAL 69 kV.ElmNet\69 kV Aeropuerto El Higüero.ElmTerm,0,SANTO DOMINGO,CENTRAL,CENTRAL 69 kV,,P.MADERA TP-IG 50 P/69 - 559 AAAC,1.2899999618530273,1,0.6629999876022339,0.675968587398529,0.15034694969654083,1.9537538290023804,0.5502489805221558,2.6425533294677734,5.065718650817871,-3.5804691485370114e-17
69 kV Derivación ZF Los Alcarrizos_c,ZCBYNF_ZZALCF-L1_a,\VM-PF.IntUser\PDD 31-12-2024.IntPrj\Network Model.IntPrjfolder\Network Data.IntPrjfolder\CENTRAL 69 kV.ElmNet\69 kV Derivación ZF Los Alcarrizos_c.ElmLne,Tap 1 DISDO,WXDISF,\VM-PF.IntUser\PDD 31-12-2024.IntPrj\Network Model.IntPrjfolder\Network Data.IntPrjfolder\CENTRAL 69 kV.ElmNet\Tap 1 DISDO.ElmTerm,69 kV ZF Los Alcarrizos,WZALCF,\VM-PF.IntUser\PDD 31-12-2024.IntPrj\Network Model.IntPrjfolder\Network Data.IntPrjfolder\CENTRAL 69 kV.ElmNet\69 kV ZF Los Alcarrizos.ElmTerm,0,SANTO DOMINGO,CENTRAL,CENTRAL 69 kV,,P.MADERA TP-IG 55 P/69 - 559 AAAC,2.0899999141693115,1,0.6629999876022339,1.0869542360305786,0.2437155842781067,3.148660898208618,0.903579592704773,4.238410949707031,8.09508991241455,1.595251692626404e-16
69 kV Invivienda – Villa Duarte_a,ZINVIF_ZXINVF-L1,\VM-PF.IntUser\PDD 31-12-2024.IntPrj\Network Model.IntPrjfolder\Network Data.IntPrjfolder\CENTRAL 69 kV.ElmNet\69 kV Invivienda – Villa Duarte_a.ElmLne,Tap Invivienda,WXINVF,\VM-PF.IntUser\PDD 31-12-2024.IntPrj\Network Model.IntPrjfolder\Network Data.IntPrjfolder\CENTRAL 69 kV.ElmNet\Tap Invivienda.ElmTerm,R1,,\VM-PF.IntUser\PDD 31-12-2024.IntPrj\Network Model.IntPrjfolder\Network Data.IntPrjfolder\CENTRAL 69 kV.ElmNet\ZINVIF.ElmSubstat\R1.ElmTerm,0,SANTO DOMINGO,CENTRAL,CENTRAL 69 kV,,P.MADERA TP-IG 55 P/69 - 559 AAAC,0.5,1,0.6629999876022339,0.2600369155406952,0.05830516666173935,0.7532681822776794,0.2161673754453659,1.0139739513397217,1.936624526977539,3.8163916471489756e-17
69 kV Derivación Acueducto La Isabela,ZALISF_ZXALIF-L1,\VM-PF.IntUser\PDD 31-12-2024.IntPrj\Network Model.IntPrjfolder\Network Data.IntPrjfolder\CENTRAL 69 kV.ElmNet\69 kV Derivación Acueducto La Isabela.ElmLne,Tap Acueducto La Isabela,WXALIF,\VM-PF.IntUser\PDD 31-12-2024.IntPrj\Network Model.IntPrjfolder\Network Data.IntPrjfolder\CENTRAL 69 kV.ElmNet\Tap Acueducto La Isabela.ElmTerm,69 kV Acueducto La Isabela,WALISF,\VM-PF.IntUser\PDD 31-12-2024.IntPrj\Network Model.IntPrjfolder\Network Data.IntPrjfolder\CENTRAL 69 kV.ElmNet\69 kV Acueducto La Isabela.ElmTerm,0,SANTO DOMINGO,CENTRAL,CENTRAL 69 kV,,P.MADERA TP-IG 50 P/69 - 559 AAAC,0.4699999988079071,1,0.6629999876022339,0.2462831437587738,0.05477757379412651,0.7118328213691711,0.20047833025455475,0.9627907276153564,1.8456493616104126,-1.3045120506258365e-17
69 kV Invivienda – Villa Duarte_d,ZVDUAF_ZXGALF-L1,\VM-PF.IntUser\PDD 31-12-2024.IntPrj\Network Model.IntPrjfolder\Network Data.IntPrjfolder\CENTRAL 69 kV.ElmNet\69 kV Invivienda – Villa Duarte_d.ElmLne,F4,,\VM-PF.IntUser\PDD 31-12-2024.IntPrj\Network Model.IntPrjfolder\Network Data.IntPrjfolder\CENTRAL 138 kV.ElmNet\Villa Duarte.ElmSite\ZVDUAE.ElmSubstat\F4.ElmTerm,Tap Grupo Alaska,WXGALF,\VM-PF.IntUser\PDD 31-12-2024.IntPrj\Network Model.IntPrjfolder\Network Data.IntPrjfolder\CENTRAL 69 kV.ElmNet\Tap Grupo Alaska.ElmTerm,0,SANTO DOMINGO,CENTRAL,CENTRAL 69 kV,,P.MADERA TP-IG 55 P/69 - 559 AAAC,4.360000133514404,1,0.6629999876022339,2.267521858215332,0.5084210634231567,6.568498611450195,1.8849796056747437,8.841853141784668,16.887365341186523,3.3278937174842317e-16
69 kV Timbeque – Villa Duarte_b,ZVDUAF_ZXMOLF-L1,\VM-PF.IntUser\PDD 31-12-2024.IntPrj\Network Model.IntPrjfolder\Network Data.IntPrjfolder\CENTRAL 69 kV.ElmNet\69 kV Timbeque – Villa Duarte_b.ElmLne,Tap Molinos Ozama,WXMOLF,\VM-PF.IntUser\PDD 31-12-2024.IntPrj\Network Model.IntPrjfolder\Network Data.IntPrjfolder\CENTRAL 69 kV.ElmNet\Tap Molinos Ozama.ElmTerm,F3,,\VM-PF.IntUser\PDD 31-12-2024.IntPrj\Network Model.IntPrjfolder\Network Data.IntPrjfolder\CENTRAL 138 kV.ElmNet\Villa Duarte.ElmSite\ZVDUAE.ElmSubstat\F3.ElmTerm,0,SANTO DOMINGO,CENTRAL,CENTRAL 69 kV,,P.CONCRETO TVS-1/1C/69/1xF - 559 AAAC,2.4000000953674316,1,0.6629999876022339,1.1973514556884766,0.280001699924469,3.6995019912719727,1.015952467918396,4.6722588539123535,9.563501358032227,0.0
69 kV Hainamosa – Boca Chica(Tamarindo)a,ZHNSAF_ZTAMAF-L1,\VM-PF.IntUser\PDD 31-12-2024.IntPrj\Network Model.IntPrjfolder\Network Data.IntPrjfolder\CENTRAL 69 kV.ElmNet\69 kV Hainamosa – Boca Chica(Tamarindo)a.ElmLne,F4,,\VM-PF.IntUser\PDD 31-12-2024.IntPrj\Network Model.IntPrjfolder\Network Data.IntPrjfolder\CENTRAL 138 kV.ElmNet\Hainamosa.ElmSite\ZHNSAE.ElmSubstat\F4.ElmTerm,Tap Tamarindo,WXTMRF,\VM-PF.IntUser\PDD 31-12-2024.IntPrj\Network Model.IntPrjfolder\Network Data.IntPrjfolder\CENTRAL 69 kV.ElmNet\Tap Tamarindo.ElmTerm,0,SANTO DOMINGO,CENTRAL,CENTRAL 69 kV,,P.MADERA TP-IG 50 P/69 - 559 AAAC,0.2199999988079071,1,0.6629999876022339,0.11528147011995316,0.025640565901994705,0.33319833874702454,0.09384091943502426,0.45066800713539124,0.8639209866523743,-6.1062266023511365e-18
69 kV Hainamosa – Invivienda,ZHNSAF_ZINVIF-L1,\VM-PF.IntUser\PDD 31-12-2024.IntPrj\Network Model.IntPrjfolder\Network Data.IntPrjfolder\CENTRAL 69 kV.ElmNet\69 kV Hainamosa – Invivienda.ElmLne,F3,,\VM-PF.IntUser\PDD 31-12-2024.IntPrj\Network Model.IntPrjfolder\Network Data.IntPrjfolder\CENTRAL 138 kV.ElmNet\Hainamosa.ElmSite\ZHNSAE.ElmSubstat\F3.ElmTerm,L1,,\VM-PF.IntUser\PDD 31-12-2024.IntPrj\Network Model.IntPrjfolder\Network Data.IntPrjfolder\CENTRAL 69 kV.ElmNet\ZINVIF.ElmSubstat\L1.ElmTerm,0,SANTO DOMINGO,CENTRAL,CENTRAL 69 kV,,P.MADERA TP-IG 50 P/69 - 559 AAAC,3.7300000190734863,1,0.6629999876022339,1.9545449018478394,0.4347241520881653,5.649226665496826,1.5910301208496094,7.640871524810791,14.647388458251953,-1.0352829757569144e-16
69 kV Hainamosa – Boca Chica(Tamarindo)c,ZBASIF_ZXAORF-L1,\VM-PF.IntUser\PDD 31-12-2024.IntPrj\Network Model.IntPrjfolder\Network Data.IntPrjfolder\CENTRAL 69 kV.ElmNet\69 kV Hainamosa – Boca Chica(Tamarindo)c.ElmLne,Tap Base Aérea San Isidro,WXBASF,\VM-PF.IntUser\PDD 31-12-2024.IntPrj\Network Model.IntPrjfolder\Network Data.IntPrjfolder\CENTRAL 69 kV.ElmNet\Tap Base Aérea San Isidro.ElmTerm,Tap Acueducto Oriental,WXAORF,\VM-PF.IntUser\PDD 31-12-2024.IntPrj\Network Model.IntPrjfolder\Network Data.IntPrjfolder\CENTRAL 69 kV.ElmNet\Tap Acueducto Oriental.ElmTerm,0,SANTO DOMINGO,CENTRAL,CENTRAL 69 kV,,P.MADERA TVS-1 65/1C/69/1xF - 559 AAA,4.110000133514404,1,0.6629999876022339,2.0185370445251465,0.47893622517585754,6.3668036460876465,1.7384642362594604,7.758854389190674,16.3685359954834,2.2815083897200796e-16
69 kV Boca Chica – ZF Las Americas_c,ZXLCAF_ZXPC2F-L1,\VM-PF.IntUser\PDD 31-12-2024.IntPrj\Network Model.IntPrjfolder\Network Data.IntPrjfolder\CENTRAL 69 kV.ElmNet\69 kV Boca Chica – ZF Las Americas_c.ElmLne,Tap 2 Parque Cibernético,WXPC2F,\VM-PF.IntUser\PDD 31-12-2024.IntPrj\Network Model.IntPrjfolder\Network Data.IntPrjfolder\CENTRAL 69 kV.ElmNet\Tap 2 Parque Cibernético.ElmTerm,Tap 1 La Caleta,WXLCAF,\VM-PF.IntUser\PDD 31-12-2024.IntPrj\Network Model.IntPrjfolder\Network Data.IntPrjfolder\CENTRAL 69 kV.ElmNet\Tap 1 La Caleta.ElmTerm,0,SANTO DOMINGO,CENTRAL,CENTRAL 69 kV,,P.MADERA TVS-1/1C/69/1xF - 559 AAAC,3.299999952316284,1,0.6629999876022339,1.6463581323623657,0.38500234484672546,5.086814880371094,1.3969346284866333,6.424355983734131,13.149813652038574,0.0
69 kV Boca Chica – Mata de Palma_f,ZGUERF_ZXZBVF-L1,\VM-PF.IntUser\PDD 31-12-2024.IntPrj\Network Model.IntPrjfolder\Network Data.IntPrjfolder\CENTRAL 69 kV.ElmNet\69 kV Boca Chica – Mata de Palma_f.ElmLne,Tap ZF Buena Vista,WXZBVF,\VM-PF.IntUser\PDD 31-12-2024.IntPrj\Network Model.IntPrjfolder\Network Data.IntPrjfolder\ESTE 69 kV.ElmNet\Tap ZF Buena Vista.ElmTerm,Tap Guerra,WXGUEF,\VM-PF.IntUser\PDD 31-12-2024.IntPrj\Network Model.IntPrjfolder\Network Data.IntPrjfolder\CENTRAL 69 kV.ElmNet\Tap Guerra.ElmTerm,0,SANTO DOMINGO,CENTRAL,CENTRAL 69 kV,,P.MADERA TP-IG 50 P/69 - 559 AAAC,7.0,1,0.6629999876022339,3.668046712875366,0.8158361911773682,10.601765632629395,2.9858474731445312,14.339436531066895,27.48839569091797,-1.942890293094024e-16
69 kV Palamara – Madre Vieja_b,ZXPA1F_ZXPA2F-L1,\VM-PF.IntUser\PDD 31-12-2024.IntPrj\Network Model.IntPrjfolder\Network Data.IntPrjfolder\CENTRAL 69 kV.ElmNet\69 kV Palamara – Madre Vieja_b.ElmLne,Tap 1 Palamara,WXPA1F,\VM-PF.IntUser\PDD 31-12-2024.IntPrj\Network Model.IntPrjfolder\Network Data.IntPrjfolder\SUR 69 kV.ElmNet\Tap 1 Palamara.ElmTerm,Tap 2 Palamara,WXPA2F,\VM-PF.IntUser\PDD 31-12-2024.IntPrj\Network Model.IntPrjfolder\Network Data.IntPrjfolder\SUR 69 kV.ElmNet\Tap 2 Palamara.ElmTerm,0,SANTO DOMINGO,CENTRAL,CENTRAL 69 kV,,T.ACERO S1 1C 1xF 450 ACAR-138 kV,22.0,1,0.5680000185966492,9.80276870727539,2.8768911361694336,33.17483901977539,10.626296043395996,38.848052978515625,76.00005340576172,-2.4424906541753444e-15
69 kV Bayona – Multiparques,ZBAYOF_ZXML2F-L1,\VM-PF.IntUser\PDD 31-12-2024.IntPrj\Network Model.IntPrjfolder\Network Data.IntPrjfolder\CENTRAL 69 kV.ElmNet\69 kV Bayona – Multiparques.ElmLne,1,,\VM-PF.IntUser\PDD 31-12-2024.IntPrj\Network Model.IntPrjfolder\Network Data.IntPrjfolder\CENTRAL 69 kV.ElmNet\ZMLTPF.ElmSubstat\1.ElmTerm,3,,\VM-PF.IntUser\PDD 31-12-2024.IntPrj\Network Model.IntPrjfolder\Network Data.IntPrjfolder\CENTRAL 69 kV.ElmNet\ZBAYOF.ElmSubstat\3.ElmTerm,0,SUR CERCANO,SUR,CENTRAL 69 kV,,P.MADERA TP-IG 50 P/69 - 559 AAAC,5.700000286102295,1,0.6629999876022339,2.9868383407592773,0.6643238067626953,8.632866859436035,2.431333065032959,11.676399230957031,22.38340950012207,-1.5820678895001869e-16
69 kV Dajao – Monte Plata Solar_d,ZMPSOF_ZXMPSF-L1,\VM-PF.IntUser\PDD 31-12-2024.IntPrj\Network Model.IntPrjfolder\Network Data.IntPrjfolder\CENTRAL 69 kV.ElmNet\69 kV Dajao – Monte Plata Solar_d.ElmLne,Tap Monte Plata Solar,WXMPSF,\VM-PF.IntUser\PDD 31-12-2024.IntPrj\Network Model.IntPrjfolder\Network Data.IntPrjfolder\ESTE 69 kV.ElmNet\Tap Monte Plata Solar.ElmTerm,69 kV Monte Plata Solar,WMPSOF,\VM-PF.IntUser\PDD 31-12-2024.IntPrj\Network Model.IntPrjfolder\Network Data.IntPrjfolder\ESTE 69 kV.ElmNet\Monte Plata Solar.ElmSite\69 kV Monte Plata Solar.ElmTerm,0,ESTE CERCANO,ESTE,CENTRAL 69 kV,,P.CONCRETO TVS-1/1C/69/1xF - 559 AAAC,0.164000004529953,1,0.6629999876022339,0.08181901276111603,0.019133450463414192,0.25279930233955383,0.06942342221736908,0.3192710280418396,0.6535059213638306,0.0
69 kV Derivación Textiles Titán,ZTTITF_ZXTTIF-L1,\VM-PF.IntUser\PDD 31-12-2024.IntPrj\Network Model.IntPrjfolder\Network Data.IntPrjfolder\CENTRAL 69 kV.ElmNet\69 kV Derivación Textiles Titán.ElmLne,Tap Textiles Titán,WXTTIF,\VM-PF.IntUser\PDD 31-12-2024.IntPrj\Network Model.IntPrjfolder\Network Data.IntPrjfolder\CENTRAL 69 kV.ElmNet\Tap Textiles Titán.ElmTerm,69 kV Textiles Titán,WTTITF,\VM-PF.IntUser\PDD 31-12-2024.IntPrj\Network Model.IntPrjfolder\Network Data.IntPrjfolder\CENTRAL 69 kV.ElmNet\69 kV Textiles Titán.ElmTerm,0,DISTRITO NACIONAL,CENTRAL,CENTRAL 69 kV,,P.MADERA TP-IG 50 P/69 - 559 AAAC,0.019999999552965164,1,0.6629999876022339,0.010480133816599846,0.0023309604730457067,0.0302907582372427,0.008530992083251476,0.04096981883049011,0.07853826880455017,-5.551114999048691e-19
69 kV Derivación Kilómetro 24,ZKVENF_ZXKVNF-L1,\VM-PF.IntUser\PDD 31-12-2024.IntPrj\Network Model.IntPrjfolder\Network Data.IntPrjfolder\CENTRAL 69 kV.ElmNet\69 kV Derivación Kilómetro 24.ElmLne,Tap 1 Kilómetro 24,WXKVNF,\VM-PF.IntUser\PDD 31-12-2024.IntPrj\Network Model.IntPrjfolder\Network Data.IntPrjfolder\CENTRAL 69 kV.ElmNet\Tap 1 Kilómetro 24.ElmTerm,69 kV Kilómetro 24,WKVENF,\VM-PF.IntUser\PDD 31-12-2024.IntPrj\Network Model.IntPrjfolder\Network Data.IntPrjfolder\CENTRAL 69 kV.ElmNet\69 kV Kilómetro 24.ElmTerm,0,SANTO DOMINGO,CENTRAL,CENTRAL 69 kV,,P.MADERA TP-IG 50 P/69 - 559 AAAC,0.36000001430511475,1,0.6629999876022339,0.18864241242408752,0.04195729270577431,0.5452336668968201,0.15355786681175232,0.7374567985534668,1.4136890172958374,-9.992007618673103e-18
69 kV Arroyo Hondo – Palamara_a,ZAHONF_ZXPLAF-L1,\VM-PF.IntUser\PDD 31-12-2024.IntPrj\Network Model.IntPrjfolder\Network Data.IntPrjfolder\CENTRAL 69 kV.ElmNet\69 kV Arroyo Hondo – Palamara_a.ElmLne,Tap Plásticos Flexibles,WXPLAF,\VM-PF.IntUser\PDD 31-12-2024.IntPrj\Network Model.IntPrjfolder\Network Data.IntPrjfolder\CENTRAL 69 kV.ElmNet\Tap Plásticos Flexibles.ElmTerm,WAHONF(14),,\VM-PF.IntUser\PDD 31-12-2024.IntPrj\Network Model.IntPrjfolder\Network Data.IntPrjfolder\CENTRAL 138 kV.ElmNet\Arroyo Hondo.ElmSite\ZAHONF.ElmSubstat\WAHONF(14).ElmTerm,0,SANTO DOMINGO,CENTRAL,CENTRAL 69 kV,,,5.690000057220459,1,1.3259999752044678,2.0375423431396484,0.33158406615257263,7.7873640060424805,1.8815834522247314,14.512785911560059,28.640457153320312,6.317169073644612e-16
69 kV Arroyo Hondo – Palamara_b,ZPALBF_ZXPLAF-L1,\VM-PF.IntUser\PDD 31-12-2024.IntPrj\Network Model.IntPrjfolder\Network Data.IntPrjfolder\CENTRAL 69 kV.ElmNet\69 kV Arroyo Hondo – Palamara_b.ElmLne,R3,,\VM-PF.IntUser\PDD 31-12-2024.IntPrj\Network Model.IntPrjfolder\Network Data.IntPrjfolder\CENTRAL 138 kV.ElmNet\Palamara.ElmSite\ZPALAF.ElmSubstat\R3.ElmTerm,Tap Plásticos Flexibles,WXPLAF,\VM-PF.IntUser\PDD 31-12-2024.IntPrj\Network Model.IntPrjfolder\Network Data.IntPrjfolder\CENTRAL 69 kV.ElmNet\Tap Plásticos Flexibles.ElmTerm,0,SANTO DOMINGO,CENTRAL,CENTRAL 69 kV,,,6.710000038146973,1,1.3259999752044678,2.4027960300445557,0.3910244405269623,9.183341979980469,2.218879461288452,17.1143741607666,33.774600982666016,7.449596537586448e-16
69 kV Boca Chica – ZF Las Americas_a,ZBCHIF_ZXPCIF-L1,\VM-PF.IntUser\PDD 31-12-2024.IntPrj\Network Model.IntPrjfolder\Network Data.IntPrjfolder\CENTRAL 69 kV.ElmNet\69 kV Boca Chica – ZF Las Americas_a.ElmLne,2,,\VM-PF.IntUser\PDD 31-12-2024.IntPrj\Network Model.IntPrjfolder\Network Data.IntPrjfolder\CENTRAL 138 kV.ElmNet\Boca Chica.ElmSite\ZBCHIF.ElmSubstat\2.ElmTerm,Tap 1 Parque Cibernético,WXPCIF,\VM-PF.IntUser\PDD 31-12-2024.IntPrj\Network Model.IntPrjfolder\Network Data.IntPrjfolder\CENTRAL 69 kV.ElmNet\Tap 1 Parque Cibernético.ElmTerm,0,SANTO DOMINGO,CENTRAL,CENTRAL 69 kV,,P.MADERA TVS-1/1C/69/1xF - 559 AAAC,3.299999952316284,1,0.6629999876022339,1.6463581323623657,0.38500234484672546,5.086814880371094,1.3969346284866333,6.424355983734131,13.149813652038574,0.0
69 kV Boca Chica – SPM_a,ZBCHIF_ZXCATF-L1,\VM-PF.IntUser\PDD 31-12-2024.IntPrj\Network Model.IntPrjfolder\Network Data.IntPrjfolder\CENTRAL 69 kV.ElmNet\69 kV Boca Chica – SPM_a.ElmLne,Tap 1 Catalina,WXCATF,\VM-PF.IntUser\PDD 31-12-2024.IntPrj\Network Model.IntPrjfolder\Network Data.IntPrjfolder\CENTRAL 69 kV.ElmNet\Tap 1 Catalina.ElmTerm,3,,\VM-PF.IntUser\PDD 31-12-2024.IntPrj\Network Model.IntPrjfolder\Network Data.IntPrjfolder\CENTRAL 138 kV.ElmNet\Boca Chica.ElmSite\ZBCHIF.ElmSubstat\3.ElmTerm,0,SANTO DOMINGO,CENTRAL,CENTRAL 69 kV,,P.MADERA TP-IG 50 P/69 - 559 AAAC,11.829999923706055,1,0.6629999876022339,6.198998928070068,1.378763198852539,17.916982650756836,5.046082019805908,24.2336483001709,46.455387115478516,-3.283484574153077e-16
69 kV Palamara – Generadora Palamara,ZGPALF_ZPALBF-L1,\VM-PF.IntUser\PDD 31-12-2024.IntPrj\Network Model.IntPrjfolder\Network Data.IntPrjfolder\CENTRAL 69 kV.ElmNet\69 kV Palamara – Generadora Palamara.ElmLne,R2,,\VM-PF.IntUser\PDD 31-12-2024.IntPrj\Network Model.IntPrjfolder\Network Data.IntPrjfolder\CENTRAL 138 kV.ElmNet\Palamara.ElmSite\ZPALAF.ElmSubstat\R2.ElmTerm,1,,\VM-PF.IntUser\PDD 31-12-2024.IntPrj\Network Model.IntPrjfolder\Network Data.IntPrjfolder\CENTRAL 69 kV.ElmNet\ZGPALF.ElmSubstat\1.ElmTerm,0,SANTO DOMINGO,CENTRAL,CENTRAL 69 kV,,P.MADERA TVS-1/1C/69/2xF - 559 AAAC,0.009999999776482582,1,1.3259999752044678,0.004409913904964924,0.0005876237410120666,0.013975128531455994,0.002793672727420926,0.02336101420223713,0.06046171858906746,-2.2204459996194763e-18
69 kV Bayona – Palamara_d,ZPALAF_ZPDIVF-L1,\VM-PF.IntUser\PDD 31-12-2024.IntPrj\Network Model.IntPrjfolder\Network Data.IntPrjfolder\CENTRAL 69 kV.ElmNet\69 kV Bayona – Palamara_d.ElmLne,L4,,\VM-PF.IntUser\PDD 31-12-2024.IntPrj\Network Model.IntPrjfolder\Network Data.IntPrjfolder\CENTRAL 138 kV.ElmNet\Palamara.ElmSite\ZPALAF.ElmSubstat\L4.ElmTerm,Tap Productos Diversos,WXPDIF,\VM-PF.IntUser\PDD 31-12-2024.IntPrj\Network Model.IntPrjfolder\Network Data.IntPrjfolder\CENTRAL 69 kV.ElmNet\Tap Productos Diversos.ElmTerm,0,SANTO DOMINGO,CENTRAL,CENTRAL 69 kV,,P.MADERA TP-IG 50 P/69 - 559 AAAC,3.450000047683716,1,0.6629999876022339,1.8078230619430542,0.4020906984806061,5.225155830383301,1.4715962409973145,7.067294120788574,13.547852516174316,-9.575673719740873e-17
69 kV Novoplast – Palamara,ZPALBF_ZNOVOF-L1,\VM-PF.IntUser\PDD 31-12-2024.IntPrj\Network Model.IntPrjfolder\Network Data.IntPrjfolder\CENTRAL 69 kV.ElmNet\69 kV Novoplast – Palamara.ElmLne,R5,,\VM-PF.IntUser\PDD 31-12-2024.IntPrj\Network Model.IntPrjfolder\Network Data.IntPrjfolder\CENTRAL 138 kV.ElmNet\Palamara.ElmSite\ZPALAF.ElmSubstat\R5.ElmTerm,69 kV Novoplast,WNOVOF,\VM-PF.IntUser\PDD 31-12-2024.IntPrj\Network Model.IntPrjfolder\Network Data.IntPrjfolder\CENTRAL 69 kV.ElmNet\69 kV Novoplast.ElmTerm,0,SANTO DOMINGO,CENTRAL,CENTRAL 69 kV,,P.MADERA TP-IG 50 P/69 - 559 AAAC,5.275000095367432,1,0.6629999876022339,2.7641353607177734,0.6147908568382263,7.989187717437744,2.250049352645874,10.805789947509766,20.71446990966797,-1.4641066401942048e-16
69 kV INCA km 22 – Palamara_d,ZIPSIF_ZPALAF-L1,\VM-PF.IntUser\PDD 31-12-2024.IntPrj\Network Model.IntPrjfolder\Network Data.IntPrjfolder\CENTRAL 69 kV.ElmNet\69 kV INCA km 22 – Palamara_d.ElmLne,L3,,\VM-PF.IntUser\PDD 31-12-2024.IntPrj\Network Model.IntPrjfolder\Network Data.IntPrjfolder\CENTRAL 138 kV.ElmNet\Palamara.ElmSite\ZPALAF.ElmSubstat\L3.ElmTerm,Terminal(4),,\VM-PF.IntUser\PDD 31-12-2024.IntPrj\Network Model.IntPrjfolder\Network Data.IntPrjfolder\CENTRAL 69 kV.ElmNet\Terminal(4).ElmTerm,0,SANTO DOMINGO,CENTRAL,CENTRAL 69 kV,,P.MADERA TP-IG 50 P/69 - 559 AAAC,2.049999952316284,1,0.6629999876022339,1.0742137432098389,0.23892344534397125,3.1048026084899902,0.8744267225265503,4.199406623840332,8.050172805786133,-5.689892868855029e-17
69 kV Palamara – Bco Nacional Vivienda_a,ZPALAF_ZXALIF-L1,\VM-PF.IntUser\PDD 31-12-2024.IntPrj\Network Model.IntPrjfolder\Network Data.IntPrjfolder\CENTRAL 69 kV.ElmNet\69 kV Palamara – Bco Nacional Vivienda_a.ElmLne,L2,,\VM-PF.IntUser\PDD 31-12-2024.IntPrj\Network Model.IntPrjfolder\Network Data.IntPrjfolder\CENTRAL 138 kV.ElmNet\Palamara.ElmSite\ZPALAF.ElmSubstat\L2.ElmTerm,Tap Acueducto La Isabela,WXALIF,\VM-PF.IntUser\PDD 31-12-2024.IntPrj\Network Model.IntPrjfolder\Network Data.IntPrjfolder\CENTRAL 69 kV.ElmNet\Tap Acueducto La Isabela.ElmTerm,0,SANTO DOMINGO,CENTRAL,CENTRAL 69 kV,,P.MADERA TP-IG 50 P/69 - 559 AAAC,3.2200000286102295,1,0.6629999876022339,1.687301516532898,0.3752846419811249,4.876811981201172,1.3734898567199707,6.5961408615112305,12.644661903381348,-8.937295427641849e-17
69 kV Timbeque – Timbeque 2,ZTIM2F_ZTMBBF-L1,\VM-PF.IntUser\PDD 31-12-2024.IntPrj\Network Model.IntPrjfolder\Network Data.IntPrjfolder\CENTRAL 69 kV.ElmNet\69 kV Timbeque – Timbeque 2.ElmLne,4,,\VM-PF.IntUser\PDD 31-12-2024.IntPrj\Network Model.IntPrjfolder\Network Data.IntPrjfolder\CENTRAL 69 kV.ElmNet\ZTIMBF.ElmSubstat\4.ElmTerm,1,,\VM-PF.IntUser\PDD 31-12-2024.IntPrj\Network Model.IntPrjfolder\Network Data.IntPrjfolder\CENTRAL 138 kV.ElmNet\Timbeque 2.ElmSite\ZTIM2F.ElmSubstat\1.ElmTerm,0,DISTRITO NACIONAL,CENTRAL,CENTRAL 69 kV,,P.MADERA TVS-1/1C/69/2xF - 559 AAAC,0.20000000298023224,1,1.1999999284744263,0.08819828182458878,0.011752475053071976,0.2795025706291199,0.05587345361709595,0.4672203063964844,1.2092344760894775,-4.440892164675075e-17
69 kV La Cuarenta – Timbeque 2_c,ZTI12F_ZXTTIF-L1,\VM-PF.IntUser\PDD 31-12-2024.IntPrj\Network Model.IntPrjfolder\Network Data.IntPrjfolder\CENTRAL 69 kV.ElmNet\69 kV La Cuarenta – Timbeque 2_c.ElmLne,Tap Textiles Titán,WXTTIF,\VM-PF.IntUser\PDD 31-12-2024.IntPrj\Network Model.IntPrjfolder\Network Data.IntPrjfolder\CENTRAL 69 kV.ElmNet\Tap Textiles Titán.ElmTerm,3,,\VM-PF.IntUser\PDD 31-12-2024.IntPrj\Network Model.IntPrjfolder\Network Data.IntPrjfolder\CENTRAL 138 kV.ElmNet\Timbeque 2.ElmSite\ZTIM2F.ElmSubstat\3.ElmTerm,0,DISTRITO NACIONAL,CENTRAL,CENTRAL 69 kV,,P.MADERA TP-IG 50 P/69 - 559 AAAC,1.100000023841858,1,0.6629999876022339,0.5764073729515076,0.12820284068584442,1.6659917831420898,0.4692046046257019,2.253340005874634,4.319604873657227,-3.0531133838936295e-17
69 kV Estrella del Mar 3 – Timbeque 2,ZEMB2F_ZTIM2F-L1,\VM-PF.IntUser\PDD 31-12-2024.IntPrj\Network Model.IntPrjfolder\Network Data.IntPrjfolder\CENTRAL 69 kV.ElmNet\69 kV Estrella del Mar 3 – Timbeque 2.ElmLne,R4,,\VM-PF.IntUser\PDD 31-12-2024.IntPrj\Network Model.IntPrjfolder\Network Data.IntPrjfolder\CENTRAL 69 kV.ElmNet\EDM 3.ElmSite\ZEMA3F.ElmSubstat\R4.ElmTerm,2,,\VM-PF.IntUser\PDD 31-12-2024.IntPrj\Network Model.IntPrjfolder\Network Data.IntPrjfolder\CENTRAL 138 kV.ElmNet\Timbeque 2.ElmSite\ZTIM2F.ElmSubstat\2.ElmTerm,0,DISTRITO NACIONAL,CENTRAL,CENTRAL 69 kV,,P.MADERA TVS-1/1C/69/2xF - ACCC GDANSK,0.18000000715255737,1,1.4199999570846558,0.07937845587730408,0.010577227920293808,0.2515523433685303,0.05028611049056053,0.4204982817173004,1.0883110761642456,-3.996803047469241e-17
69 kV Estrella del Mar 3 – Timbeque,ZEMA2F_ZTMBBF-L1,\VM-PF.IntUser\PDD 31-12-2024.IntPrj\Network Model.IntPrjfolder\Network Data.IntPrjfolder\CENTRAL 69 kV.ElmNet\69 kV Estrella del Mar 3 – Timbeque.ElmLne,3,,\VM-PF.IntUser\PDD 31-12-2024.IntPrj\Network Model.IntPrjfolder\Network Data.IntPrjfolder\CENTRAL 69 kV.ElmNet\ZTIMBF.ElmSubstat\3.ElmTerm,L4,,\VM-PF.IntUser\PDD 31-12-2024.IntPrj\Network Model.IntPrjfolder\Network Data.IntPrjfolder\CENTRAL 69 kV.ElmNet\EDM 3.ElmSite\ZEMA3F.ElmSubstat\L4.ElmTerm,0,DISTRITO NACIONAL,CENTRAL,CENTRAL 69 kV,,P.MADERA TVS-1/1C/69/2xF - 559 AAAC,0.3499999940395355,1,1.3259999752044678,0.1543469876050949,0.020566832274198532,0.48912951350212097,0.09777854382991791,0.8176354765892029,2.1161601543426514,-7.771561040027198e-17
69 kV La Cuarenta – Timbeque 2_b,ZXINAF_ZXTTIF-L1,\VM-PF.IntUser\PDD 31-12-2024.IntPrj\Network Model.IntPrjfolder\Network Data.IntPrjfolder\CENTRAL 69 kV.ElmNet\69 kV La Cuarenta – Timbeque 2_b.ElmLne,Tap Industrias Nacionales,WXINAF,\VM-PF.IntUser\PDD 31-12-2024.IntPrj\Network Model.IntPrjfolder\Network Data.IntPrjfolder\CENTRAL 69 kV.ElmNet\Tap Industrias Nacionales.ElmTerm,Tap Textiles Titán,WXTTIF,\VM-PF.IntUser\PDD 31-12-2024.IntPrj\Network Model.IntPrjfolder\Network Data.IntPrjfolder\CENTRAL 69 kV.ElmNet\Tap Textiles Titán.ElmTerm,0,SANTO DOMINGO,CENTRAL,CENTRAL 69 kV,,P.MADERA TP-IG 50 P/69 - 559 AAAC,1.649999976158142,1,0.6629999876022339,0.864611029624939,0.19230423867702484,2.4989874362945557,0.7038068771362305,3.3800101280212402,6.47940731048584,-4.579669910404322e-17
69 kV Metropolitano – Listín Diario_a,ZMETBF_ZXCODF-L1,\VM-PF.IntUser\PDD 31-12-2024.IntPrj\Network Model.IntPrjfolder\Network Data.IntPrjfolder\CENTRAL 69 kV.ElmNet\69 kV Metropolitano – Listín Diario_a.ElmLne,R1,,\VM-PF.IntUser\PDD 31-12-2024.IntPrj\Network Model.IntPrjfolder\Network Data.IntPrjfolder\CENTRAL 138 kV.ElmNet\Metropolitano.ElmSite\WMETRF.ElmSubstat\R1.ElmTerm,Tap CODETEL,WXCODF,\VM-PF.IntUser\PDD 31-12-2024.IntPrj\Network Model.IntPrjfolder\Network Data.IntPrjfolder\CENTRAL 69 kV.ElmNet\Tap CODETEL.ElmTerm,0,DISTRITO NACIONAL,CENTRAL,CENTRAL 69 kV,,P.CONCRETO TVS-1/1C/69/1xF - 559 AAAC,0.019999999552965164,1,0.6629999876022339,0.009977927431464195,0.0023333474528044462,0.030829181894659996,0.008466270752251148,0.03893548995256424,0.07969584316015244,0.0
69 kV Herrera – Metropolitano_a,ZXHE2F_ZXMETF-L1,\VM-PF.IntUser\PDD 31-12-2024.IntPrj\Network Model.IntPrjfolder\Network Data.IntPrjfolder\CENTRAL 69 kV.ElmNet\69 kV Herrera – Metropolitano_a.ElmLne,Tap 1 Herrera,WXHE1F,\VM-PF.IntUser\PDD 31-12-2024.IntPrj\Network Model.IntPrjfolder\Network Data.IntPrjfolder\CENTRAL 69 kV.ElmNet\Tap 1 Herrera.ElmTerm,L1,,\VM-PF.IntUser\PDD 31-12-2024.IntPrj\Network Model.IntPrjfolder\Network Data.IntPrjfolder\CENTRAL 138 kV.ElmNet\Metropolitano.ElmSite\WMETRF.ElmSubstat\L1.ElmTerm,0,SANTO DOMINGO,CENTRAL,CENTRAL 69 kV,,P.MADERA TP-IG 55 P/69 - 477 ACSR,8.25,1,0.6589999794960022,4.301498889923096,0.9729251861572266,12.480132102966309,3.6179685592651367,16.73056983947754,31.954303741455078,6.29704621779581e-16
69 kV Boca Chica – Mata de Palma_h,ZMPALF_ZXMPAF-L1,\VM-PF.IntUser\PDD 31-12-2024.IntPrj\Network Model.IntPrjfolder\Network Data.IntPrjfolder\CENTRAL 69 kV.ElmNet\69 kV Boca Chica – Mata de Palma_h.ElmLne,Tap Mata de Palma,WXMPAF,\VM-PF.IntUser\PDD 31-12-2024.IntPrj\Network Model.IntPrjfolder\Network Data.IntPrjfolder\CENTRAL 69 kV.ElmNet\Tap Mata de Palma.ElmTerm,69 kV Mata de Palma,WMPALF,\VM-PF.IntUser\PDD 31-12-2024.IntPrj\Network Model.IntPrjfolder\Network Data.IntPrjfolder\CENTRAL 69 kV.ElmNet\Mata de Palma.ElmSite\69 kV Mata de Palma.ElmTerm,0,SANTO DOMINGO,CENTRAL,CENTRAL 69 kV,,P.MADERA TP-IG 50 P/69 - 559 AAAC,15.694999694824219,1,0.6629999876022339,8.224285125732422,1.829221248626709,23.770671844482422,6.694696426391602,32.151065826416016,61.63290786743164,-4.3562375081696633e-16
69 kV Derivación Productos Diversos,ZPDIVF_ZXPDIF-L1,\VM-PF.IntUser\PDD 31-12-2024.IntPrj\Network Model.IntPrjfolder\Network Data.IntPrjfolder\CENTRAL 69 kV.ElmNet\69 kV Derivación Productos Diversos.ElmLne,Tap Productos Diversos,WXPDIF,\VM-PF.IntUser\PDD 31-12-2024.IntPrj\Network Model.IntPrjfolder\Network Data.IntPrjfolder\CENTRAL 69 kV.ElmNet\Tap Productos Diversos.ElmTerm,69 kV Productos Diversos,WPDIVF,\VM-PF.IntUser\PDD 31-12-2024.IntPrj\Network Model.IntPrjfolder\Network Data.IntPrjfolder\CENTRAL 69 kV.ElmNet\69 kV Productos Diversos.ElmTerm,0,SANTO DOMINGO,CENTRAL,CENTRAL 69 kV,,P.MADERA TP-IG 50 P/69 - 559 AAAC,0.009999999776482582,1,0.6629999876022339,0.005240066908299923,0.0011654802365228534,0.01514537911862135,0.004265496041625738,0.020484909415245056,0.039269134402275085,-2.7755574995243454e-19
69 kV Derivación Cabayona,ZCBYNF_ZXCBYF-L1,\VM-PF.IntUser\PDD 31-12-2024.IntPrj\Network Model.IntPrjfolder\Network Data.IntPrjfolder\CENTRAL 69 kV.ElmNet\69 kV Derivación Cabayona.ElmLne,Tap 2 Cabayona,WXCBYF,\VM-PF.IntUser\PDD 31-12-2024.IntPrj\Network Model.IntPrjfolder\Network Data.IntPrjfolder\CENTRAL 69 kV.ElmNet\Tap 2 Cabayona.ElmTerm,69 kV Caballona,WCBYNF,\VM-PF.IntUser\PDD 31-12-2024.IntPrj\Network Model.IntPrjfolder\Network Data.IntPrjfolder\CENTRAL 69 kV.ElmNet\69 kV Caballona.ElmTerm,0,SANTO DOMINGO,CENTRAL,CENTRAL 69 kV,,P.MADERA TP-IG 55 P/69 - 559 AAAC,0.03799999877810478,1,0.6629999876022339,0.019762804731726646,0.004431192297488451,0.05724838003516197,0.016428720206022263,0.07706201821565628,0.14718346297740936,2.9004575327192133e-18
69 kV Derivación Ind Papel SIDO,ZIPSIF_ZXIPSF-L1,\VM-PF.IntUser\PDD 31-12-2024.IntPrj\Network Model.IntPrjfolder\Network Data.IntPrjfolder\CENTRAL 69 kV.ElmNet\69 kV Derivación Ind Papel SIDO.ElmLne,Tap Industria Papel SIDO,WXIPSF,\VM-PF.IntUser\PDD 31-12-2024.IntPrj\Network Model.IntPrjfolder\Network Data.IntPrjfolder\CENTRAL 69 kV.ElmNet\Tap Industria Papel SIDO.ElmTerm,69 kV Industria Papel SIDO,WIPSIF,\VM-PF.IntUser\PDD 31-12-2024.IntPrj\Network Model.IntPrjfolder\Network Data.IntPrjfolder\CENTRAL 69 kV.ElmNet\69 kV Industria Papel SIDO.ElmTerm,0,SANTO DOMINGO,CENTRAL,CENTRAL 69 kV,,P.MADERA TP-IG 50 P/69 - 559 AAAC,0.15600000321865082,1,0.6629999876022339,0.08174504339694977,0.018181493505835533,0.23626792430877686,0.06654174625873566,0.3195646107196808,0.6125985383987427,-4.329869885373617e-18
69 kV INCA km 22 – Palamara_c,ZIPSIF_ZXIDUF-L1,\VM-PF.IntUser\PDD 31-12-2024.IntPrj\Network Model.IntPrjfolder\Network Data.IntPrjfolder\CENTRAL 69 kV.ElmNet\69 kV INCA km 22 – Palamara_c.ElmLne,Tap Parque Industrial Duarte,WXIDUF,\VM-PF.IntUser\PDD 31-12-2024.IntPrj\Network Model.IntPrjfolder\Network Data.IntPrjfolder\CENTRAL 69 kV.ElmNet\Tap Parque Industrial Duarte.ElmTerm,Tap Industria Papel SIDO,WXIPSF,\VM-PF.IntUser\PDD 31-12-2024.IntPrj\Network Model.IntPrjfolder\Network Data.IntPrjfolder\CENTRAL 69 kV.ElmNet\Tap Industria Papel SIDO.ElmTerm,0,SANTO DOMINGO,CENTRAL,CENTRAL 69 kV,,P.MADERA TP-IG 50 P/69 - 559 AAAC,0.017000000923871994,1,0.6629999876022339,0.008908114396035671,0.001981316599994898,0.0257471464574337,0.007251344155520201,0.034824348986148834,0.06675753742456436,-4.718448111082905e-19
69 kV Derivación CORVI PVC,ZCPVCF_ZXCPVF-L1,\VM-PF.IntUser\PDD 31-12-2024.IntPrj\Network Model.IntPrjfolder\Network Data.IntPrjfolder\CENTRAL 69 kV.ElmNet\69 kV Derivación CORVI PVC.ElmLne,69 kV CORVI PVC,WCPVCF,\VM-PF.IntUser\PDD 31-12-2024.IntPrj\Network Model.IntPrjfolder\Network Data.IntPrjfolder\CENTRAL 69 kV.ElmNet\69 kV CORVI PVC.ElmTerm,Tap CORVI PVC,WXCPVF,\VM-PF.IntUser\PDD 31-12-2024.IntPrj\Network Model.IntPrjfolder\Network Data.IntPrjfolder\CENTRAL 69 kV.ElmNet\Tap CORVI PVC.ElmTerm,0,SANTO DOMINGO,CENTRAL,CENTRAL 69 kV,,P.MADERA TP-IG 55 P/69 - 4/0 AAAC,0.10199999809265137,1,0.3799999952316284,0.07249076664447784,0.031337495893239975,0.15789668262004852,0.04832812026143074,0.19735167920589447,0.3617872893810272,-5.66213731970918e-18
69 kV Cítricos Nacionales – INCA km 22_b,ZXCDAF_ZXVALF-L1_a,\VM-PF.IntUser\PDD 31-12-2024.IntPrj\Network Model.IntPrjfolder\Network Data.IntPrjfolder\CENTRAL 69 kV.ElmNet\69 kV Cítricos Nacionales – INCA km 22_b.ElmLne,Tap Parque Caribbean Glass,WXPCGF,\VM-PF.IntUser\PDD 31-12-2024.IntPrj\Network Model.IntPrjfolder\Network Data.IntPrjfolder\CENTRAL 69 kV.ElmNet\Tap Parque Caribbean Glass.ElmTerm,Tap Cítricos Nacionales,WXCINF,\VM-PF.IntUser\PDD 31-12-2024.IntPrj\Network Model.IntPrjfolder\Network Data.IntPrjfolder\CENTRAL 69 kV.ElmNet\Tap Cítricos Nacionales.ElmTerm,0,SANTO DOMINGO,CENTRAL,CENTRAL 69 kV,,P.MADERA/69 TH-1G- 4/0 AAAC,16.799999237060547,1,0.3799999952316284,13.040045738220215,5.1680169105529785,21.537559509277344,8.516311645507812,38.773712158203125,55.84303283691406,1.8651745966669683e-15
69 kV Derivación Alambres Domicanos,ZALDOF_ZXADOF-L1,\VM-PF.IntUser\PDD 31-12-2024.IntPrj\Network Model.IntPrjfolder\Network Data.IntPrjfolder\CENTRAL 69 kV.ElmNet\69 kV Derivación Alambres Domicanos.ElmLne,69 kV Alambres Dominicanos,WALDOF,\VM-PF.IntUser\PDD 31-12-2024.IntPrj\Network Model.IntPrjfolder\Network Data.IntPrjfolder\SUR 69 kV.ElmNet\69 kV Alambres Dominicanos.ElmTerm,Tap Alambres Dominicano,WXADOF,\VM-PF.IntUser\PDD 31-12-2024.IntPrj\Network Model.IntPrjfolder\Network Data.IntPrjfolder\SUR 69 kV.ElmNet\Tap Alambres Dominicano.ElmTerm,0,SUR CERCANO,SUR,CENTRAL 69 kV,,P.MADERA TP-IG 55 P/69 - 559 AAAC,0.014999999664723873,1,0.6629999876022339,0.007801107130944729,0.0017491549951955676,0.02259804494678974,0.006485021207481623,0.03041921742260456,0.05809873342514038,1.1449174362420498e-18
69 kV Bayona – CAASD Bayona_b,ZCBA1F_ZXCBAF-L1,\VM-PF.IntUser\PDD 31-12-2024.IntPrj\Network Model.IntPrjfolder\Network Data.IntPrjfolder\CENTRAL 69 kV.ElmNet\69 kV Bayona – CAASD Bayona_b.ElmLne,Tap CAASD Bayona,WXCBAF,\VM-PF.IntUser\PDD 31-12-2024.IntPrj\Network Model.IntPrjfolder\Network Data.IntPrjfolder\CENTRAL 69 kV.ElmNet\Tap CAASD Bayona.ElmTerm,69 kV CAASD Bayona 1,WCBA1F,\VM-PF.IntUser\PDD 31-12-2024.IntPrj\Network Model.IntPrjfolder\Network Data.IntPrjfolder\CENTRAL 69 kV.ElmNet\69 kV CAASD Bayona 1.ElmTerm,0,SUR CERCANO,SUR,CENTRAL 69 kV,,P.MADERA TP-IG 55 P/69 - 559 AAAC,0.0010000000474974513,1,0.6629999876022339,0.0005200738669373095,0.00011661033931886777,0.0015065365005284548,0.00043233478209003806,0.002027947921305895,0.003873249050229788,7.632783899173774e-20
69 kV Derivación Carrefour,ZCARRF_ZXCARF-L1,\VM-PF.IntUser\PDD 31-12-2024.IntPrj\Network Model.IntPrjfolder\Network Data.IntPrjfolder\CENTRAL 69 kV.ElmNet\69 kV Derivación Carrefour.ElmLne,69 kV Carrefour(1),WCARRF,\VM-PF.IntUser\PDD 31-12-2024.IntPrj\Network Model.IntPrjfolder\Network Data.IntPrjfolder\CENTRAL 69 kV.ElmNet\69 kV Carrefour(1).ElmTerm,Tap Carrefour,WXCARF,\VM-PF.IntUser\PDD 31-12-2024.IntPrj\Network Model.IntPrjfolder\Network Data.IntPrjfolder\CENTRAL 69 kV.ElmNet\Tap Carrefour.ElmTerm,0,DISTRITO NACIONAL,CENTRAL,CENTRAL 69 kV,,P.MADERA TP-IG 55 P/69 - 477 ACSR,0.004999999888241291,1,0.6589999794960022,0.002606969093903899,0.0005896516377106309,0.0075637162663042545,0.002192708197981119,0.010139739140868187,0.019366243854165077,3.8163916264694603e-19
69 kV Derivación Grupo Petroquímica,ZGPETF_ZXGPEF-L1,\VM-PF.IntUser\PDD 31-12-2024.IntPrj\Network Model.IntPrjfolder\Network Data.IntPrjfolder\CENTRAL 69 kV.ElmNet\69 kV Derivación Grupo Petroquímica.ElmLne,69 kV Grupo Petroquímica,WGPETF,\VM-PF.IntUser\PDD 31-12-2024.IntPrj\Network Model.IntPrjfolder\Network Data.IntPrjfolder\CENTRAL 69 kV.ElmNet\69 kV Grupo Petroquímica.ElmTerm,Tap Grupo Petroquímica,WXGPEF,\VM-PF.IntUser\PDD 31-12-2024.IntPrj\Network Model.IntPrjfolder\Network Data.IntPrjfolder\CENTRAL 69 kV.ElmNet\Tap Grupo Petroquímica.ElmTerm,0,DISTRITO NACIONAL,CENTRAL,CENTRAL 69 kV,,P.MADERA TP-IG 55 P/69 - 559 AAAC,0.0010000000474974513,1,0.6629999876022339,0.0005200738669373095,0.00011661033931886777,0.0015065365005284548,0.00043233478209003806,0.002027947921305895,0.003873249050229788,7.632783899173774e-20
69 kV Derivación CODETEL,ZCODEF_ZXCODF-L1,\VM-PF.IntUser\PDD 31-12-2024.IntPrj\Network Model.IntPrjfolder\Network Data.IntPrjfolder\CENTRAL 69 kV.ElmNet\69 kV Derivación CODETEL.ElmLne,Tap CODETEL,WXCODF,\VM-PF.IntUser\PDD 31-12-2024.IntPrj\Network Model.IntPrjfolder\Network Data.IntPrjfolder\CENTRAL 69 kV.ElmNet\Tap CODETEL.ElmTerm,69 kV CODETEL,WCODEF,\VM-PF.IntUser\PDD 31-12-2024.IntPrj\Network Model.IntPrjfolder\Network Data.IntPrjfolder\CENTRAL 69 kV.ElmNet\69 kV CODETEL.ElmTerm,0,DISTRITO NACIONAL,CENTRAL,CENTRAL 69 kV,,P.MADERA TP-IG 50 P/69 - 477 ACSR,0.019999999552965164,1,0.6589999794960022,0.010431522503495216,0.00235860887914896,0.03024252876639366,0.008770836517214775,0.041308436542749405,0.07749218493700027,-2.7755574995243454e-19
69 kV Derivación Banco Popular,ZBPOPF_ZXBPOF-L1,\VM-PF.IntUser\PDD 31-12-2024.IntPrj\Network Model.IntPrjfolder\Network Data.IntPrjfolder\CENTRAL 69 kV.ElmNet\69 kV Derivación Banco Popular.ElmLne,69 kV Banco Popular,WBPOPF,\VM-PF.IntUser\PDD 31-12-2024.IntPrj\Network Model.IntPrjfolder\Network Data.IntPrjfolder\CENTRAL 69 kV.ElmNet\69 kV Banco Popular.ElmTerm,Tap Banco Popular,WXBPOF,\VM-PF.IntUser\PDD 31-12-2024.IntPrj\Network Model.IntPrjfolder\Network Data.IntPrjfolder\CENTRAL 69 kV.ElmNet\Tap Banco Popular.ElmTerm,0,DISTRITO NACIONAL,CENTRAL,CENTRAL 69 kV,,P.CONCRETO TVS-1/1C/69/1xF - 4/0 AAAC,0.01600000075995922,1,0.3799999952316284,0.011032262817025185,0.004916598554700613,0.025326872244477272,0.007436542306095362,0.02976655215024948,0.05822385475039482,-2.220446154715841e-19
69 kV Derivación Centro Oper Herrera,ZCOHEF_ZXCOHF-L1,\VM-PF.IntUser\PDD 31-12-2024.IntPrj\Network Model.IntPrjfolder\Network Data.IntPrjfolder\CENTRAL 69 kV.ElmNet\69 kV Derivación Centro Oper Herrera.ElmLne,69 kV Centro Operaciones Herrera,WCOHEF,\VM-PF.IntUser\PDD 31-12-2024.IntPrj\Network Model.IntPrjfolder\Network Data.IntPrjfolder\CENTRAL 69 kV.ElmNet\69 kV Centro Operaciones Herrera.ElmTerm,Tap Centro Operación Herrera,WXCOHF,\VM-PF.IntUser\PDD 31-12-2024.IntPrj\Network Model.IntPrjfolder\Network Data.IntPrjfolder\CENTRAL 69 kV.ElmNet\Tap Centro Operación Herrera.ElmTerm,0,SANTO DOMINGO,CENTRAL,CENTRAL 69 kV,,P.MADERA TP-IG 50 P/69 - 4/0 AAAC,0.02500000037252903,1,0.3799999952316284,0.017771903425455093,0.007680761627852917,0.038684748113155365,0.011845131404697895,0.0492231585085392,0.08870214223861694,2.775557602921922e-18
69 kV Derivación Plásticos Flexibles,ZPFLEF_ZXPFLF-L1,\VM-PF.IntUser\PDD 31-12-2024.IntPrj\Network Model.IntPrjfolder\Network Data.IntPrjfolder\CENTRAL 69 kV.ElmNet\69 kV Derivación Plásticos Flexibles.ElmLne,Tap Plásticos Flexibles(1),WXPFLF,\VM-PF.IntUser\PDD 31-12-2024.IntPrj\Network Model.IntPrjfolder\Network Data.IntPrjfolder\CENTRAL 69 kV.ElmNet\Tap Plásticos Flexibles(1).ElmTerm,69 kV Plásticos Flexibles,WPFLEF,\VM-PF.IntUser\PDD 31-12-2024.IntPrj\Network Model.IntPrjfolder\Network Data.IntPrjfolder\CENTRAL 69 kV.ElmNet\69 kV Plásticos Flexibles.ElmTerm,1,SANTO DOMINGO,CENTRAL,CENTRAL 69 kV,,P.MADERA TP-IG 50 P/69 - 4/0 AAAC,0.05000000074505806,1,0.3799999952316284,0.03554380685091019,0.015361523255705833,0.07736949622631073,0.02369026280939579,0.0984463170170784,0.1774042844772339,5.551115205843844e-18
69 kV Derivación TORGINOL,ZTORGF_ZXTORF-L1,\VM-PF.IntUser\PDD 31-12-2024.IntPrj\Network Model.IntPrjfolder\Network Data.IntPrjfolder\CENTRAL 69 kV.ElmNet\69 kV Derivación TORGINOL.ElmLne,69 kV TORGINOL,WTORGF,\VM-PF.IntUser\PDD 31-12-2024.IntPrj\Network Model.IntPrjfolder\Network Data.IntPrjfolder\CENTRAL 69 kV.ElmNet\69 kV TORGINOL.ElmTerm,Tap TORGINOL,WXTORF,\VM-PF.IntUser\PDD 31-12-2024.IntPrj\Network Model.IntPrjfolder\Network Data.IntPrjfolder\CENTRAL 69 kV.ElmNet\Tap TORGINOL.ElmTerm,0,SANTO DOMINGO,CENTRAL,CENTRAL 69 kV,,P.MADERA TP-IG 50 P/69 - 4/0 AAAC,0.029999999329447746,1,0.3799999952316284,0.021326284855604172,0.0092169139534235,0.04642169550061226,0.01421415712684393,0.05906778946518898,0.10644256323575974,3.3306689994292145e-18
69 kV Derivación Acueducto Brujela_a,ZXCA2F_ZXACBF-L1,\VM-PF.IntUser\PDD 31-12-2024.IntPrj\Network Model.IntPrjfolder\Network Data.IntPrjfolder\CENTRAL 69 kV.ElmNet\69 kV Derivación Acueducto Brujela_a.ElmLne,Tap 2 Catalina,WXCA2F,\VM-PF.IntUser\PDD 31-12-2024.IntPrj\Network Model.IntPrjfolder\Network Data.IntPrjfolder\CENTRAL 69 kV.ElmNet\Tap 2 Catalina.ElmTerm,Tap Acueducto Brujuelas,WXACBF,\VM-PF.IntUser\PDD 31-12-2024.IntPrj\Network Model.IntPrjfolder\Network Data.IntPrjfolder\CENTRAL 69 kV.ElmNet\Tap Acueducto Brujuelas.ElmTerm,0,SANTO DOMINGO,CENTRAL,CENTRAL 69 kV,,P.CONCRETO TVS-1/1C/69/1xF - 4/0 AAAC,0.10000000149011612,1,0.3799999952316284,0.06895164400339127,0.030728738754987717,0.1582929491996765,0.04647838696837425,0.1860409379005432,0.3638990819454193,-1.387778801460961e-18
69 kV Derivación Catalina,ZCATAF_ZXACBF-L1,\VM-PF.IntUser\PDD 31-12-2024.IntPrj\Network Model.IntPrjfolder\Network Data.IntPrjfolder\CENTRAL 69 kV.ElmNet\69 kV Derivación Catalina.ElmLne,69 kV Catalina,WCATAF,\VM-PF.IntUser\PDD 31-12-2024.IntPrj\Network Model.IntPrjfolder\Network Data.IntPrjfolder\CENTRAL 69 kV.ElmNet\69 kV Catalina.ElmTerm,Tap Acueducto Brujuelas,WXACBF,\VM-PF.IntUser\PDD 31-12-2024.IntPrj\Network Model.IntPrjfolder\Network Data.IntPrjfolder\CENTRAL 69 kV.ElmNet\Tap Acueducto Brujuelas.ElmTerm,0,SANTO DOMINGO,CENTRAL,CENTRAL 69 kV,,P.CONCRETO TVS-1/1C/69/1xF - 4/0 AAAC,0.0010000000474974513,1,0.3799999952316284,0.000689516426064074,0.0003072874096687883,0.0015829295152798295,0.0004647838941309601,0.0018604095093905926,0.0036389909218996763,-1.3877788466974007e-20
69 kV Derivación La Caleta,ZLCALF_ZXLCAF-L1,\VM-PF.IntUser\PDD 31-12-2024.IntPrj\Network Model.IntPrjfolder\Network Data.IntPrjfolder\CENTRAL 69 kV.ElmNet\69 kV Derivación La Caleta.ElmLne,69 kV La Caleta,WLCALF,\VM-PF.IntUser\PDD 31-12-2024.IntPrj\Network Model.IntPrjfolder\Network Data.IntPrjfolder\CENTRAL 69 kV.ElmNet\ZLCALF.ElmSubstat\69 kV La Caleta.ElmTerm,Tap 1 La Caleta,WXLCAF,\VM-PF.IntUser\PDD 31-12-2024.IntPrj\Network Model.IntPrjfolder\Network Data.IntPrjfolder\CENTRAL 69 kV.ElmNet\Tap 1 La Caleta.ElmTerm,0,SANTO DOMINGO,CENTRAL,CENTRAL 69 kV,,P.MADERA TP-IG 50 P/69 - 559 AAAC,0.020999999716877937,1,0.6629999876022339,0.011004140600562096,0.0024475085083395243,0.03180529549717903,0.008957542479038239,0.04301831126213074,0.08246518671512604,-5.828670800699914e-19
69 kV Derivación Grupo Ramos Mella,ZGRMEF_ZXGRMF-L1,\VM-PF.IntUser\PDD 31-12-2024.IntPrj\Network Model.IntPrjfolder\Network Data.IntPrjfolder\CENTRAL 69 kV.ElmNet\69 kV Derivación Grupo Ramos Mella.ElmLne,Tap Grupo Ramos Mella,WXGRMF,\VM-PF.IntUser\PDD 31-12-2024.IntPrj\Network Model.IntPrjfolder\Network Data.IntPrjfolder\CENTRAL 69 kV.ElmNet\Tap Grupo Ramos Mella.ElmTerm,69 kV Grupo Ramos Mella,WGRMEF,\VM-PF.IntUser\PDD 31-12-2024.IntPrj\Network Model.IntPrjfolder\Network Data.IntPrjfolder\CENTRAL 69 kV.ElmNet\69 kV Grupo Ramos Mella.ElmTerm,0,SANTO DOMINGO,CENTRAL,CENTRAL 69 kV,,P.MADERA TP-IG 50 P/69 - 559 AAAC,0.0010000000474974513,1,0.6629999876022339,0.0005240067257545888,0.00011654803529381752,0.0015145379584282637,0.00042654963908717036,0.002048491034656763,0.003926913719624281,-2.7755576933948015e-20
69 kV Derivación Guerra,ZGUERF_ZXGUEF-L1,\VM-PF.IntUser\PDD 31-12-2024.IntPrj\Network Model.IntPrjfolder\Network Data.IntPrjfolder\CENTRAL 69 kV.ElmNet\69 kV Derivación Guerra.ElmLne,Tap Guerra,WXGUEF,\VM-PF.IntUser\PDD 31-12-2024.IntPrj\Network Model.IntPrjfolder\Network Data.IntPrjfolder\CENTRAL 69 kV.ElmNet\Tap Guerra.ElmTerm,69 kV Guerra,WGUERF,\VM-PF.IntUser\PDD 31-12-2024.IntPrj\Network Model.IntPrjfolder\Network Data.IntPrjfolder\CENTRAL 69 kV.ElmNet\69 kV Guerra.ElmTerm,0,SANTO DOMINGO,CENTRAL,CENTRAL 69 kV,,P.MADERA TP-IG 50 P/69 - 559 AAAC,0.0010000000474974513,1,0.6629999876022339,0.0005240067257545888,0.00011654803529381752,0.0015145379584282637,0.00042654963908717036,0.002048491034656763,0.003926913719624281,-2.7755576933948015e-20
69 kV Derivación Base Aerea San Isidro,ZBASIF_ZXBASF-L1,\VM-PF.IntUser\PDD 31-12-2024.IntPrj\Network Model.IntPrjfolder\Network Data.IntPrjfolder\CENTRAL 69 kV.ElmNet\69 kV Derivación Base Aerea San Isidro.ElmLne,Tap Base Aérea San Isidro,WXBASF,\VM-PF.IntUser\PDD 31-12-2024.IntPrj\Network Model.IntPrjfolder\Network Data.IntPrjfolder\CENTRAL 69 kV.ElmNet\Tap Base Aérea San Isidro.ElmTerm,69 kV Base Aérea San Isidro,WBASIF,\VM-PF.IntUser\PDD 31-12-2024.IntPrj\Network Model.IntPrjfolder\Network Data.IntPrjfolder\CENTRAL 69 kV.ElmNet\69 kV Base Aérea San Isidro.ElmTerm,0,SANTO DOMINGO,CENTRAL,CENTRAL 69 kV,,P.CONCRETO TVS-1/1C/69/1xF - 4/0 AAAC,1.100000023841858,1,0.3799999952316284,0.7584680914878845,0.3380161225795746,1.7412225008010864,0.5112622976303101,2.04645037651062,4.002890110015869,-1.5265566919468147e-17
69 kV Derivación Tamarindo,ZTAMAF_ZXTMRF-L1,\VM-PF.IntUser\PDD 31-12-2024.IntPrj\Network Model.IntPrjfolder\Network Data.IntPrjfolder\CENTRAL 69 kV.ElmNet\69 kV Derivación Tamarindo.ElmLne,69 kV Tamarindo,WTAMAF,\VM-PF.IntUser\PDD 31-12-2024.IntPrj\Network Model.IntPrjfolder\Network Data.IntPrjfolder\CENTRAL 69 kV.ElmNet\69 kV Tamarindo.ElmTerm,Tap Tamarindo,WXTMRF,\VM-PF.IntUser\PDD 31-12-2024.IntPrj\Network Model.IntPrjfolder\Network Data.IntPrjfolder\CENTRAL 69 kV.ElmNet\Tap Tamarindo.ElmTerm,0,SANTO DOMINGO,CENTRAL,CENTRAL 69 kV,,P.MADERA TP-IG 50 P/69 - 559 AAAC,0.30000001192092896,1,0.6629999876022339,0.15720202028751373,0.03496440872550011,0.4543614089488983,0.12796489894390106,0.6145473122596741,1.1780741214752197,-8.326673015560919e-18
69 kV Derivación Gomas y Plásticos,ZGPLAF_ZXGPLF-L1,\VM-PF.IntUser\PDD 31-12-2024.IntPrj\Network Model.IntPrjfolder\Network Data.IntPrjfolder\CENTRAL 69 kV.ElmNet\69 kV Derivación Gomas y Plásticos.ElmLne,69 kV Gomas y Plásticos,WGPLAF,\VM-PF.IntUser\PDD 31-12-2024.IntPrj\Network Model.IntPrjfolder\Network Data.IntPrjfolder\CENTRAL 69 kV.ElmNet\69 kV Gomas y Plásticos.ElmTerm,Tap Gomas Y Plásticos,WXGPLF,\VM-PF.IntUser\PDD 31-12-2024.IntPrj\Network Model.IntPrjfolder\Network Data.IntPrjfolder\CENTRAL 69 kV.ElmNet\Tap Gomas Y Plásticos.ElmTerm,0,SANTO DOMINGO,CENTRAL,CENTRAL 69 kV,,P.MADERA TP-IG 55 P/69 - 4/0 AAAC,0.019999999552965164,1,0.3799999952316284,0.01421387679874897,0.006144606973975897,0.03096013329923153,0.009476101957261562,0.03869640454649925,0.07093868404626846,-1.1102229998097382e-18
69 kV Derivación INCA La Isabela_b,ZIISAF_ZXIISF-L1,\VM-PF.IntUser\PDD 31-12-2024.IntPrj\Network Model.IntPrjfolder\Network Data.IntPrjfolder\CENTRAL 69 kV.ElmNet\69 kV Derivación INCA La Isabela_b.ElmLne,69 kV INCA La Isabela,WIISAF,\VM-PF.IntUser\PDD 31-12-2024.IntPrj\Network Model.IntPrjfolder\Network Data.IntPrjfolder\CENTRAL 69 kV.ElmNet\69 kV INCA La Isabela.ElmTerm,Tap INCA La Isabela,WXIISF,\VM-PF.IntUser\PDD 31-12-2024.IntPrj\Network Model.IntPrjfolder\Network Data.IntPrjfolder\CENTRAL 69 kV.ElmNet\Tap INCA La Isabela.ElmTerm,0,SANTO DOMINGO,CENTRAL,CENTRAL 69 kV,,P.MADERA TP-IG 55 P/69 - 4/0 AAAC,0.25,1,0.3799999952316284,0.17767345905303955,0.07680758833885193,0.3870016932487488,0.11845127493143082,0.4837051033973694,0.8867335915565491,-1.3877787807814457e-17
69 kV Dajao – Monte Plata Solar_a,ZDJAOF_ZYAMAF-L1_b,\VM-PF.IntUser\PDD 31-12-2024.IntPrj\Network Model.IntPrjfolder\Network Data.IntPrjfolder\CENTRAL 69 kV.ElmNet\69 kV Dajao – Monte Plata Solar_a.ElmLne,1(3),,\VM-PF.IntUser\PDD 31-12-2024.IntPrj\Network Model.IntPrjfolder\Network Data.IntPrjfolder\CENTRAL 138 kV.ElmNet\Dajao.ElmSite\ZDJAOF.ElmSubstat\1(3).ElmTerm,Tap Sierra Prieta,WXSPRF,\VM-PF.IntUser\PDD 31-12-2024.IntPrj\Network Model.IntPrjfolder\Network Data.IntPrjfolder\ESTE 69 kV.ElmNet\Tap Sierra Prieta.ElmTerm,0,SANTO DOMINGO,CENTRAL,CENTRAL 69 kV,,T.ACERO S1(2)/1C/138/1xF/559 AAAC,9.329999923706055,1,0.6629999876022339,4.022540092468262,1.0853381156921387,13.990084648132324,4.42745304107666,16.627187728881836,32.81919860839844,7.768785551287062e-16
69 kV Derivación Parque Ind Duarte,ZPIDUF-ZXIDUF-L1,\VM-PF.IntUser\PDD 31-12-2024.IntPrj\Network Model.IntPrjfolder\Network Data.IntPrjfolder\CENTRAL 69 kV.ElmNet\69 kV Derivación Parque Ind Duarte.ElmLne,Tap Parque Industrial Duarte,WXIDUF,\VM-PF.IntUser\PDD 31-12-2024.IntPrj\Network Model.IntPrjfolder\Network Data.IntPrjfolder\CENTRAL 69 kV.ElmNet\Tap Parque Industrial Duarte.ElmTerm,69 kV Parque Industrial Duarte,WPIDUF,\VM-PF.IntUser\PDD 31-12-2024.IntPrj\Network Model.IntPrjfolder\Network Data.IntPrjfolder\CENTRAL 69 kV.ElmNet\69 kV Parque Industrial Duarte.ElmTerm,0,SANTO DOMINGO,CENTRAL,CENTRAL 69 kV,,P.MADERA TP-IG 50 P/69 - 559 AAAC,0.007000000216066837,1,0.6629999876022339,0.003668047022074461,0.0008158362470567226,0.010601765476167202,0.0029858474154025316,0.014339436776936054,0.02748839557170868,-1.9428903530646184e-19
69 kV Arroyo Hondo – Kilómetro 10.5_b,ZKDMEF_ZXCARF-L1,\VM-PF.IntUser\PDD 31-12-2024.IntPrj\Network Model.IntPrjfolder\Network Data.IntPrjfolder\CENTRAL 69 kV.ElmNet\69 kV Arroyo Hondo – Kilómetro 10.5_b.ElmLne,L1,,\VM-PF.IntUser\PDD 31-12-2024.IntPrj\Network Model.IntPrjfolder\Network Data.IntPrjfolder\CENTRAL 69 kV.ElmNet\ZKDMEF.ElmSubstat\L1.ElmTerm,Tap Carrefour,WXCARF,\VM-PF.IntUser\PDD 31-12-2024.IntPrj\Network Model.IntPrjfolder\Network Data.IntPrjfolder\CENTRAL 69 kV.ElmNet\Tap Carrefour.ElmTerm,0,SANTO DOMINGO,CENTRAL,CENTRAL 69 kV,,P.MADERA TP-IG 50 P/69 - 477 ACSR,0.6000000238418579,1,0.5999999642372131,0.312945693731308,0.07075826823711395,0.907275915145874,0.26312509179115295,1.2392531633377075,2.324765682220459,-8.326673015560919e-18
69 kV Arroyo Hondo – Kilómetro 10.5_a,ZAHOBF_ZXCARF-L1,\VM-PF.IntUser\PDD 31-12-2024.IntPrj\Network Model.IntPrjfolder\Network Data.IntPrjfolder\CENTRAL 69 kV.ElmNet\69 kV Arroyo Hondo – Kilómetro 10.5_a.ElmLne,WAHONF(12),,\VM-PF.IntUser\PDD 31-12-2024.IntPrj\Network Model.IntPrjfolder\Network Data.IntPrjfolder\CENTRAL 138 kV.ElmNet\Arroyo Hondo.ElmSite\ZAHONF.ElmSubstat\WAHONF(12).ElmTerm,Tap Carrefour,WXCARF,\VM-PF.IntUser\PDD 31-12-2024.IntPrj\Network Model.IntPrjfolder\Network Data.IntPrjfolder\CENTRAL 69 kV.ElmNet\Tap Carrefour.ElmTerm,0,DISTRITO NACIONAL,CENTRAL,CENTRAL 69 kV,,P.MADERA TP-IG 55 P/69 - 477 ACSR,4.75,1,0.5999999642372131,2.476620674133301,0.5601690411567688,7.185530662536621,2.0830729007720947,9.632752418518066,18.397932052612305,3.625572064791527e-16
69 kV Hainamosa – Boca Chica(Tamarindo)d,ZBASIF_ZXZBVF-L1,\VM-PF.IntUser\PDD 31-12-2024.IntPrj\Network Model.IntPrjfolder\Network Data.IntPrjfolder\CENTRAL 69 kV.ElmNet\69 kV Hainamosa – Boca Chica(Tamarindo)d.ElmLne,Tap Base Aérea San Isidro,WXBASF,\VM-PF.IntUser\PDD 31-12-2024.IntPrj\Network Model.IntPrjfolder\Network Data.IntPrjfolder\CENTRAL 69 kV.ElmNet\Tap Base Aérea San Isidro.ElmTerm,Tap 69 kV Maranatha,WXMARF,\VM-PF.IntUser\PDD 31-12-2024.IntPrj\Network Model.IntPrjfolder\Network Data.IntPrjfolder\CENTRAL 69 kV.ElmNet\Tap 69 kV Maranatha.ElmTerm,0,SANTO DOMINGO,CENTRAL,CENTRAL 69 kV,,P.MADERA TP-IG 50 P/69 - 559 AAAC,1.7999999523162842,1,0.6629999876022339,0.9432120323181152,0.20978644490242004,2.726168155670166,0.7677893042564392,3.687283754348755,7.06844425201416,-4.9960034784643064e-17
69 kV Hainamosa – Boca Chica(Tamar(1),ZBASIF_ZXZBVF-L1_a,\VM-PF.IntUser\PDD 31-12-2024.IntPrj\Network Model.IntPrjfolder\Network Data.IntPrjfolder\CENTRAL 69 kV.ElmNet\69 kV Hainamosa – Boca Chica(Tamar(1).ElmLne,Tap 69 kV Maranatha,WXMARF,\VM-PF.IntUser\PDD 31-12-2024.IntPrj\Network Model.IntPrjfolder\Network Data.IntPrjfolder\CENTRAL 69 kV.ElmNet\Tap 69 kV Maranatha.ElmTerm,Tap ZF Buena Vista,WXZBVF,\VM-PF.IntUser\PDD 31-12-2024.IntPrj\Network Model.IntPrjfolder\Network Data.IntPrjfolder\ESTE 69 kV.ElmNet\Tap ZF Buena Vista.ElmTerm,0,,,CENTRAL 69 kV,,P.MADERA TP-IG 50 P/69 - 559 AAAC,1.1200001239776611,1,0.6629999876022339,0.586887538433075,0.13053379952907562,1.6962826251983643,0.47773563861846924,2.2943100929260254,4.398143768310547,-3.108624813057573e-17
69 kV Boca Chica – Mata de Palma_e,ZXGRMF_ZXZBVF-L1,\VM-PF.IntUser\PDD 31-12-2024.IntPrj\Network Model.IntPrjfolder\Network Data.IntPrjfolder\CENTRAL 69 kV.ElmNet\69 kV Boca Chica – Mata de Palma_e.ElmLne,Tap ZF Buena Vista,WXZBVF,\VM-PF.IntUser\PDD 31-12-2024.IntPrj\Network Model.IntPrjfolder\Network Data.IntPrjfolder\ESTE 69 kV.ElmNet\Tap ZF Buena Vista.ElmTerm,Tap Grupo Ramos Mella,WXGRMF,\VM-PF.IntUser\PDD 31-12-2024.IntPrj\Network Model.IntPrjfolder\Network Data.IntPrjfolder\CENTRAL 69 kV.ElmNet\Tap Grupo Ramos Mella.ElmTerm,0,SANTO DOMINGO,CENTRAL,CENTRAL 69 kV,,P.MADERA TP-IG 50 P/69 - 559 AAAC,0.8500000238418579,1,0.6629999876022339,0.4454056918621063,0.09906582534313202,1.2873573303222656,0.3625671863555908,1.7412173748016357,3.337876796722412,-2.3592239935029067e-17
69 kV Boca Chica – Mata de Palma_d,ZXGRMF_ZXKVNF-L1,\VM-PF.IntUser\PDD 31-12-2024.IntPrj\Network Model.IntPrjfolder\Network Data.IntPrjfolder\CENTRAL 69 kV.ElmNet\69 kV Boca Chica – Mata de Palma_d.ElmLne,Tap Grupo Ramos Mella,WXGRMF,\VM-PF.IntUser\PDD 31-12-2024.IntPrj\Network Model.IntPrjfolder\Network Data.IntPrjfolder\CENTRAL 69 kV.ElmNet\Tap Grupo Ramos Mella.ElmTerm,Tap 1 Kilómetro 24,WXKVNF,\VM-PF.IntUser\PDD 31-12-2024.IntPrj\Network Model.IntPrjfolder\Network Data.IntPrjfolder\CENTRAL 69 kV.ElmNet\Tap 1 Kilómetro 24.ElmTerm,0,SANTO DOMINGO,CENTRAL,CENTRAL 69 kV,,P.MADERA TP-IG 50 P/69 - 559 AAAC,0.8500000238418579,1,0.6629999876022339,0.4454056918621063,0.09906582534313202,1.2873573303222656,0.3625671863555908,1.7412173748016357,3.337876796722412,-2.3592239935029067e-17
69 kV Derivación ZF Multinodal Caucedo,ZXPCIF_ZZMCAF-L1,\VM-PF.IntUser\PDD 31-12-2024.IntPrj\Network Model.IntPrjfolder\Network Data.IntPrjfolder\CENTRAL 69 kV.ElmNet\69 kV Derivación ZF Multinodal Caucedo.ElmLne,Tap 1 Parque Cibernético,WXPCIF,\VM-PF.IntUser\PDD 31-12-2024.IntPrj\Network Model.IntPrjfolder\Network Data.IntPrjfolder\CENTRAL 69 kV.ElmNet\Tap 1 Parque Cibernético.ElmTerm,69 kV ZF Multimodal Caucedo,WZMCAF,\VM-PF.IntUser\PDD 31-12-2024.IntPrj\Network Model.IntPrjfolder\Network Data.IntPrjfolder\CENTRAL 69 kV.ElmNet\69 kV ZF Multimodal Caucedo.ElmTerm,0,SANTO DOMINGO,CENTRAL,CENTRAL 69 kV,,P.MADERA TVS-1/1C/69/1xF - 4/0 AAAC,3.299999952316284,1,0.3799999952316284,2.275404214859009,1.0140483379364014,5.223667144775391,1.5337867736816406,6.139350891113281,12.008668899536133,-4.579669910404322e-17
69 kV Boca Chica – Acueducto Brujuela_a,ZCATAF_ZXCATF-L1,\VM-PF.IntUser\PDD 31-12-2024.IntPrj\Network Model.IntPrjfolder\Network Data.IntPrjfolder\CENTRAL 69 kV.ElmNet\69 kV Boca Chica – Acueducto Brujuela_a.ElmLne,Tap 2 Catalina,WXCA2F,\VM-PF.IntUser\PDD 31-12-2024.IntPrj\Network Model.IntPrjfolder\Network Data.IntPrjfolder\CENTRAL 69 kV.ElmNet\Tap 2 Catalina.ElmTerm,Tap 1 Catalina,WXCATF,\VM-PF.IntUser\PDD 31-12-2024.IntPrj\Network Model.IntPrjfolder\Network Data.IntPrjfolder\CENTRAL 69 kV.ElmNet\Tap 1 Catalina.ElmTerm,0,SANTO DOMINGO,CENTRAL,CENTRAL 69 kV,,P.MADERA TP-IG 50 P/69 - 559 AAAC,6.449999809265137,1,0.6629999876022339,3.37984299659729,0.751734733581543,9.768769264221191,2.7512450218200684,13.212766647338867,25.32859230041504,-1.7902345742685057e-16
69 kV Derivación Cartonera del Caribe_a,ZXLADF_ZXZAMF-L1,\VM-PF.IntUser\PDD 31-12-2024.IntPrj\Network Model.IntPrjfolder\Network Data.IntPrjfolder\CENTRAL 69 kV.ElmNet\69 kV Derivación Cartonera del Caribe_a.ElmLne,Tap ZF Las Américas,WXZAMF,\VM-PF.IntUser\PDD 31-12-2024.IntPrj\Network Model.IntPrjfolder\Network Data.IntPrjfolder\CENTRAL 69 kV.ElmNet\Tap ZF Las Américas.ElmTerm,Tap LADON,WXLADF,\VM-PF.IntUser\PDD 31-12-2024.IntPrj\Network Model.IntPrjfolder\Network Data.IntPrjfolder\CENTRAL 69 kV.ElmNet\Tap LADON.ElmTerm,0,SANTO DOMINGO,CENTRAL,CENTRAL 69 kV,,P.CONCRETO TVS-1/1C/69/1xF - 559 AAAC,0.10999999940395355,1,0.6629999876022339,0.0548786036670208,0.012833410874009132,0.169560506939888,0.0465644896030426,0.21414519846439362,0.4383271336555481,0.0
69 kV Derivación Cartonera del Caribe_b,ZCCARF_ZXLADF-L1,\VM-PF.IntUser\PDD 31-12-2024.IntPrj\Network Model.IntPrjfolder\Network Data.IntPrjfolder\CENTRAL 69 kV.ElmNet\69 kV Derivación Cartonera del Caribe_b.ElmLne,69 kV Cartones del Caribe,WCCARF,\VM-PF.IntUser\PDD 31-12-2024.IntPrj\Network Model.IntPrjfolder\Network Data.IntPrjfolder\CENTRAL 69 kV.ElmNet\69 kV Cartones del Caribe.ElmTerm,Tap LADON,WXLADF,\VM-PF.IntUser\PDD 31-12-2024.IntPrj\Network Model.IntPrjfolder\Network Data.IntPrjfolder\CENTRAL 69 kV.ElmNet\Tap LADON.ElmTerm,0,SANTO DOMINGO,CENTRAL,CENTRAL 69 kV,,P.CONCRETO TVS-1/1C/69/1xF - 559 AAAC,0.4000000059604645,1,0.6629999876022339,0.1995585560798645,0.0466669499874115,0.6165836453437805,0.16932541131973267,0.7787098288536072,1.593916893005371,0.0
69 kV Bayona – Palamara_a,ZBAYOF_ZXHNUF-L1,\VM-PF.IntUser\PDD 31-12-2024.IntPrj\Network Model.IntPrjfolder\Network Data.IntPrjfolder\CENTRAL 69 kV.ElmNet\69 kV Bayona – Palamara_a.ElmLne,1,,\VM-PF.IntUser\PDD 31-12-2024.IntPrj\Network Model.IntPrjfolder\Network Data.IntPrjfolder\CENTRAL 69 kV.ElmNet\ZBAYOF.ElmSubstat\1.ElmTerm,Tap Hato Nuevo,WXHNUF,\VM-PF.IntUser\PDD 31-12-2024.IntPrj\Network Model.IntPrjfolder\Network Data.IntPrjfolder\CENTRAL 69 kV.ElmNet\Tap Hato Nuevo.ElmTerm,0,SANTO DOMINGO,CENTRAL,CENTRAL 69 kV,,P.MADERA TP-IG 50 P/69 - 559 AAAC,1.5800000429153442,1,0.6629999876022339,0.8279305696487427,0.18414588272571564,2.392970085144043,0.6739484071731567,3.2366158962249756,6.20452356338501,-4.3853810663833765e-17
69 kV Bayona – Palamara_b,ZXCABF_ZXHNUF-L1,\VM-PF.IntUser\PDD 31-12-2024.IntPrj\Network Model.IntPrjfolder\Network Data.IntPrjfolder\CENTRAL 69 kV.ElmNet\69 kV Bayona – Palamara_b.ElmLne,Tap Hato Nuevo,WXHNUF,\VM-PF.IntUser\PDD 31-12-2024.IntPrj\Network Model.IntPrjfolder\Network Data.IntPrjfolder\CENTRAL 69 kV.ElmNet\Tap Hato Nuevo.ElmTerm,Tap 1 Cabayona,WXCABF,\VM-PF.IntUser\PDD 31-12-2024.IntPrj\Network Model.IntPrjfolder\Network Data.IntPrjfolder\CENTRAL 69 kV.ElmNet\Tap 1 Cabayona.ElmTerm,0,SANTO DOMINGO,CENTRAL,CENTRAL 69 kV,,P.MADERA TP-IG 50 P/69 - 559 AAAC,1.149999976158142,1,0.6629999876022339,0.6026076674461365,0.13403022289276123,1.7417185306549072,0.4905320703983307,2.355764627456665,4.515950679779053,-3.191891129622876e-17
69 kV Arroyo Hondo – Capotillo_c,ZXPETF_ZXRIEF-L1,\VM-PF.IntUser\PDD 31-12-2024.IntPrj\Network Model.IntPrjfolder\Network Data.IntPrjfolder\CENTRAL 69 kV.ElmNet\69 kV Arroyo Hondo – Capotillo_c.ElmLne,Tap Petroquímica,WXPETF,\VM-PF.IntUser\PDD 31-12-2024.IntPrj\Network Model.IntPrjfolder\Network Data.IntPrjfolder\CENTRAL 69 kV.ElmNet\Tap Petroquímica.ElmTerm,Tap Smurfit Kappa,WXSKAF,\VM-PF.IntUser\PDD 31-12-2024.IntPrj\Network Model.IntPrjfolder\Network Data.IntPrjfolder\CENTRAL 69 kV.ElmNet\Tap Smurfit Kappa.ElmTerm,0,DISTRITO NACIONAL,CENTRAL,CENTRAL 69 kV,,P.MADERA TP-IG 55 P/69 - 559 AAAC,0.8755000233650208,1,0.6629999876022339,0.455324649810791,0.10209234803915024,1.3189725875854492,0.3785090744495392,1.7754684686660767,3.3910295963287354,6.682501662984782e-17
69 kV Arroyo Hondo – Capotillo_d,ZCAPOF_ZXSKAF-L1,\VM-PF.IntUser\PDD 31-12-2024.IntPrj\Network Model.IntPrjfolder\Network Data.IntPrjfolder\CENTRAL 69 kV.ElmNet\69 kV Arroyo Hondo – Capotillo_d.ElmLne,Tap Smurfit Kappa,WXSKAF,\VM-PF.IntUser\PDD 31-12-2024.IntPrj\Network Model.IntPrjfolder\Network Data.IntPrjfolder\CENTRAL 69 kV.ElmNet\Tap Smurfit Kappa.ElmTerm,1,,\VM-PF.IntUser\PDD 31-12-2024.IntPrj\Network Model.IntPrjfolder\Network Data.IntPrjfolder\CENTRAL 69 kV.ElmNet\ZCAPOF.ElmSubstat\1.ElmTerm,0,DISTRITO NACIONAL,CENTRAL,CENTRAL 69 kV,,P.MADERA TP-IG 55 P/69 - 559 AAAC,0.8755000233650208,1,0.6629999876022339,0.455324649810791,0.10209234803915024,1.3189725875854492,0.3785090744495392,1.7754684686660767,3.3910295963287354,6.682501662984782e-17
69 kV Novoplast – Plastifar_b,ZPLASF_ZXNOVF-L1,\VM-PF.IntUser\PDD 31-12-2024.IntPrj\Network Model.IntPrjfolder\Network Data.IntPrjfolder\CENTRAL 69 kV.ElmNet\69 kV Novoplast – Plastifar_b.ElmLne,Tap Novoplast,WXNOVF,\VM-PF.IntUser\PDD 31-12-2024.IntPrj\Network Model.IntPrjfolder\Network Data.IntPrjfolder\CENTRAL 69 kV.ElmNet\Tap Novoplast.ElmTerm,69 kV Plastifar,WPLASF,\VM-PF.IntUser\PDD 31-12-2024.IntPrj\Network Model.IntPrjfolder\Network Data.IntPrjfolder\CENTRAL 69 kV.ElmNet\69 kV Plastifar.ElmTerm,0,SANTO DOMINGO,CENTRAL,CENTRAL 69 kV,,P.MADERA TP-IG 55 P/69 - 4/0 AAAC,0.24899999797344208,1,0.3799999952316284,0.17696276307106018,0.07650035619735718,0.3854536712169647,0.11797747015953064,0.48177027702331543,0.8831866383552551,-1.3822276544086636e-17
69 kV Derivación Plastifar,ZXNOVF_ZXPLAF-L1,\VM-PF.IntUser\PDD 31-12-2024.IntPrj\Network Model.IntPrjfolder\Network Data.IntPrjfolder\CENTRAL 69 kV.ElmNet\69 kV Derivación Plastifar.ElmLne,Tap Novoplast,WXNOVF,\VM-PF.IntUser\PDD 31-12-2024.IntPrj\Network Model.IntPrjfolder\Network Data.IntPrjfolder\CENTRAL 69 kV.ElmNet\Tap Novoplast.ElmTerm,Tap Plásticos Flexibles,WXPLAF,\VM-PF.IntUser\PDD 31-12-2024.IntPrj\Network Model.IntPrjfolder\Network Data.IntPrjfolder\CENTRAL 69 kV.ElmNet\Tap Plásticos Flexibles.ElmTerm,0,SANTO DOMINGO,CENTRAL,CENTRAL 69 kV,,P.MADERA TP-IG 55 P/69 - 477 ACSR,1.600000023841858,1,0.6589999794960022,0.8342301249504089,0.18868853151798248,2.420389413833618,0.7016666531562805,3.2447166442871094,6.197198390960693,1.2212453535574518e-16
69 kV La Cuarenta – Timbeque 2_a,ZLCUAF_ZXLISF-L1,\VM-PF.IntUser\PDD 31-12-2024.IntPrj\Network Model.IntPrjfolder\Network Data.IntPrjfolder\CENTRAL 69 kV.ElmNet\69 kV La Cuarenta – Timbeque 2_a.ElmLne,Tap Industrias Nacionales,WXINAF,\VM-PF.IntUser\PDD 31-12-2024.IntPrj\Network Model.IntPrjfolder\Network Data.IntPrjfolder\CENTRAL 69 kV.ElmNet\Tap Industrias Nacionales.ElmTerm,1,,\VM-PF.IntUser\PDD 31-12-2024.IntPrj\Network Model.IntPrjfolder\Network Data.IntPrjfolder\CENTRAL 69 kV.ElmNet\ZLCUAF.ElmSubstat\1.ElmTerm,0,SANTO DOMINGO,CENTRAL,CENTRAL 69 kV,,P.MADERA TP-IG 50 P/69 - 559 AAAC,2.75,1,0.6629999876022339,1.4410183429718018,0.32050707936286926,4.164979457855225,1.1730114221572876,5.633350372314453,10.799012184143066,-7.632783294297951e-17
69 kV Timbeque – Villa Duarte_a,ZTMBBF_ZXMOLF-L1,\VM-PF.IntUser\PDD 31-12-2024.IntPrj\Network Model.IntPrjfolder\Network Data.IntPrjfolder\CENTRAL 69 kV.ElmNet\69 kV Timbeque – Villa Duarte_a.ElmLne,2,,\VM-PF.IntUser\PDD 31-12-2024.IntPrj\Network Model.IntPrjfolder\Network Data.IntPrjfolder\CENTRAL 69 kV.ElmNet\ZTIMBF.ElmSubstat\2.ElmTerm,Tap Molinos Ozama,WXMOLF,\VM-PF.IntUser\PDD 31-12-2024.IntPrj\Network Model.IntPrjfolder\Network Data.IntPrjfolder\CENTRAL 69 kV.ElmNet\Tap Molinos Ozama.ElmTerm,0,DISTRITO NACIONAL,CENTRAL,CENTRAL 69 kV,,P.CONCRETO TVS-1/1C/69/1xF - 559 AAAC,0.8500000238418579,1,0.6629999876022339,0.42406195402145386,0.09916727244853973,1.3102402687072754,0.3598165214061737,1.6547584533691406,3.387073278427124,0.0
69 kV Derivación G. Ramos Charles,ZXGRCF_ZXINVF-L1_a,\VM-PF.IntUser\PDD 31-12-2024.IntPrj\Network Model.IntPrjfolder\Network Data.IntPrjfolder\CENTRAL 69 kV.ElmNet\69 kV Derivación G. Ramos Charles.ElmLne,Tap Invivienda,WXINVF,\VM-PF.IntUser\PDD 31-12-2024.IntPrj\Network Model.IntPrjfolder\Network Data.IntPrjfolder\CENTRAL 69 kV.ElmNet\Tap Invivienda.ElmTerm,69 kV Grupo Ramos Charles,WGRCHF,\VM-PF.IntUser\PDD 31-12-2024.IntPrj\Network Model.IntPrjfolder\Network Data.IntPrjfolder\CENTRAL 69 kV.ElmNet\69 kV Grupo Ramos Charles.ElmTerm,0,SANTO DOMINGO,CENTRAL,CENTRAL 69 kV,,P.MADERA TP-IG 55 P/69 - 4/0 AAAC,2.0,1,0.3799999952316284,1.4213876724243164,0.6144607067108154,3.0960135459899902,0.9476101994514465,3.869640827178955,7.093868732452393,-1.1102230246251565e-16
69 kV Derivación ZF San Isidro,ZXZFHF_ZZSISF-L1,\VM-PF.IntUser\PDD 31-12-2024.IntPrj\Network Model.IntPrjfolder\Network Data.IntPrjfolder\CENTRAL 69 kV.ElmNet\69 kV Derivación ZF San Isidro.ElmLne,69 kV ZF San Isidro,WZSISF,\VM-PF.IntUser\PDD 31-12-2024.IntPrj\Network Model.IntPrjfolder\Network Data.IntPrjfolder\CENTRAL 69 kV.ElmNet\69 kV ZF San Isidro.ElmTerm,Tap Invivienda,WXINVF,\VM-PF.IntUser\PDD 31-12-2024.IntPrj\Network Model.IntPrjfolder\Network Data.IntPrjfolder\CENTRAL 69 kV.ElmNet\Tap Invivienda.ElmTerm,0,SANTO DOMINGO,CENTRAL,CENTRAL 69 kV,,P.MADERA TP-IG 55 P/69 - 4/0 AAAC,5.539999961853027,1,0.3799999952316284,3.937243938446045,1.7020560503005981,8.575957298278809,2.624880313873291,10.718904495239258,19.650014877319336,-3.07531775703586e-16
69 kV Derivación Parque Caribbean Glass,ZPCGLF_ZXPCGF-L1,\VM-PF.IntUser\PDD 31-12-2024.IntPrj\Network Model.IntPrjfolder\Network Data.IntPrjfolder\CENTRAL 69 kV.ElmNet\69 kV Derivación Parque Caribbean Glass.ElmLne,Tap Parque Caribbean Glass,WXPCGF,\VM-PF.IntUser\PDD 31-12-2024.IntPrj\Network Model.IntPrjfolder\Network Data.IntPrjfolder\CENTRAL 69 kV.ElmNet\Tap Parque Caribbean Glass.ElmTerm,69 kV Parque Caribbean Glass,WPCGLF,\VM-PF.IntUser\PDD 31-12-2024.IntPrj\Network Model.IntPrjfolder\Network Data.IntPrjfolder\CENTRAL 69 kV.ElmNet\69 kV Parque Caribbean Glass.ElmTerm,0,SANTO DOMINGO,CENTRAL,CENTRAL 69 kV,,P.MADERA TP-IG 50 P/69 - 559 AAAC,0.04500000178813934,1,0.6629999876022339,0.02358030155301094,0.005244661588221788,0.06815420836210251,0.01919473335146904,0.09218209981918335,0.17671112716197968,-1.2490009523341379e-18
69 kV Arroyo Hondo – Palamara_c,ZAHONF_ZXPLAF-L1_a,\VM-PF.IntUser\PDD 31-12-2024.IntPrj\Network Model.IntPrjfolder\Network Data.IntPrjfolder\CENTRAL 69 kV.ElmNet\69 kV Arroyo Hondo – Palamara_c.ElmLne,Terminal(2),,\VM-PF.IntUser\PDD 31-12-2024.IntPrj\Network Model.IntPrjfolder\Network Data.IntPrjfolder\CENTRAL 69 kV.ElmNet\Terminal(2).ElmTerm,WAHONF(14),,\VM-PF.IntUser\PDD 31-12-2024.IntPrj\Network Model.IntPrjfolder\Network Data.IntPrjfolder\CENTRAL 138 kV.ElmNet\Arroyo Hondo.ElmSite\ZAHONF.ElmSubstat\WAHONF(14).ElmTerm,1,,,CENTRAL 69 kV,,,5.590000152587891,1,0.0,0.0,0.0,0.0,0.0,0.0,0.0,0.0
69 kV INCA km 22 – Palamara_e,ZIPSIF_ZPALAF-L1_a,\VM-PF.IntUser\PDD 31-12-2024.IntPrj\Network Model.IntPrjfolder\Network Data.IntPrjfolder\CENTRAL 69 kV.ElmNet\69 kV INCA km 22 – Palamara_e.ElmLne,Terminal(4),,\VM-PF.IntUser\PDD 31-12-2024.IntPrj\Network Model.IntPrjfolder\Network Data.IntPrjfolder\CENTRAL 69 kV.ElmNet\Terminal(4).ElmTerm,Tap Industria Papel SIDO,WXIPSF,\VM-PF.IntUser\PDD 31-12-2024.IntPrj\Network Model.IntPrjfolder\Network Data.IntPrjfolder\CENTRAL 69 kV.ElmNet\Tap Industria Papel SIDO.ElmTerm,0,,,CENTRAL 69 kV,,P.MADERA TP-IG 50 P/69 - 559 AAAC,3.799999952316284,1,0.6629999876022339,1.9912253618240356,0.4428825080394745,5.755244255065918,1.620888590812683,7.784265518188477,14.922271728515625,-1.0547118601590089e-16
69 kV Arroyo Hondo – La Cuarenta,ZAHOBF_ZLCUAF-L1,\VM-PF.IntUser\PDD 31-12-2024.IntPrj\Network Model.IntPrjfolder\Network Data.IntPrjfolder\CENTRAL 69 kV.ElmNet\69 kV Arroyo Hondo – La Cuarenta.ElmLne,2,,\VM-PF.IntUser\PDD 31-12-2024.IntPrj\Network Model.IntPrjfolder\Network Data.IntPrjfolder\CENTRAL 138 kV.ElmNet\Arroyo Hondo.ElmSite\ZAHONF.ElmSubstat\2.ElmTerm,2,,\VM-PF.IntUser\PDD 31-12-2024.IntPrj\Network Model.IntPrjfolder\Network Data.IntPrjfolder\CENTRAL 69 kV.ElmNet\ZLCUAF.ElmSubstat\2.ElmTerm,0,DISTRITO NACIONAL,CENTRAL,CENTRAL 69 kV,,P.MADERA TP-IG 50 P/69 - 559 AAAC,3.9000000953674316,1,0.6629999876022339,2.043626070022583,0.4545373320579529,5.906698226928711,1.6635435819625854,7.989114761352539,15.314963340759277,-1.0824674754793072e-16
69 kV Los Mina – Villa Duarte,ZLMINF_ZVDUAF-L1,\VM-PF.IntUser\PDD 31-12-2024.IntPrj\Network Model.IntPrjfolder\Network Data.IntPrjfolder\CENTRAL 69 kV.ElmNet\69 kV Los Mina – Villa Duarte.ElmLne,1,,\VM-PF.IntUser\PDD 31-12-2024.IntPrj\Network Model.IntPrjfolder\Network Data.IntPrjfolder\CENTRAL 69 kV.ElmNet\ZLMINF.ElmSubstat\1.ElmTerm,F2,,\VM-PF.IntUser\PDD 31-12-2024.IntPrj\Network Model.IntPrjfolder\Network Data.IntPrjfolder\CENTRAL 138 kV.ElmNet\Villa Duarte.ElmSite\ZVDUAE.ElmSubstat\F2.ElmTerm,0,SANTO DOMINGO,CENTRAL,CENTRAL 69 kV,,P.MADERA TP-IG 55 P/69 - 559 AAAC,2.5,1,0.6629999876022339,1.3001846075057983,0.29152584075927734,3.766340970993042,1.0808368921279907,5.069869518280029,9.683122634887695,1.9081958235744878e-16
Derivación Terminal 69 kV Dajao,ZXDJAF_ZXTDAF-L1,\VM-PF.IntUser\PDD 31-12-2024.IntPrj\Network Model.IntPrjfolder\Network Data.IntPrjfolder\CENTRAL 69 kV.ElmNet\Derivación Terminal 69 kV Dajao.ElmLne,Tap Terminal Dajao,WXTTDF,\VM-PF.IntUser\PDD 31-12-2024.IntPrj\Network Model.IntPrjfolder\Network Data.IntPrjfolder\CENTRAL 138 kV.ElmNet\Dajao.ElmSite\Tap Terminal Dajao.ElmTerm,Terminal 69 kV Dajao,WXTDAF,\VM-PF.IntUser\PDD 31-12-2024.IntPrj\Network Model.IntPrjfolder\Network Data.IntPrjfolder\CENTRAL 138 kV.ElmNet\Dajao.ElmSite\Terminal 69 kV Dajao.ElmTerm,0,SANTO DOMINGO,CENTRAL,CENTRAL 69 kV,,P.MADERA TP-IG 55 P/69 - 559 AAAC,0.04500000178813934,1,0.6629999876022339,0.02340332232415676,0.005247465334832668,0.06779413670301437,0.019455064088106155,0.09125766158103943,0.17429621517658234,3.4347525155213025e-18
69 kV Palamara – Madre Vieja_g,ZXARDF_ZXMV2F-L1,\VM-PF.IntUser\PDD 31-12-2024.IntPrj\Network Model.IntPrjfolder\Network Data.IntPrjfolder\CENTRAL 69 kV.ElmNet\69 kV Palamara – Madre Vieja_g.ElmLne,Tap Argos Dominicana,WXARDF,\VM-PF.IntUser\PDD 31-12-2024.IntPrj\Network Model.IntPrjfolder\Network Data.IntPrjfolder\CENTRAL 69 kV.ElmNet\Tap Argos Dominicana.ElmTerm,Tap INAPA San Rafael,WXTISF,\VM-PF.IntUser\PDD 31-12-2024.IntPrj\Network Model.IntPrjfolder\Network Data.IntPrjfolder\SUR 69 kV.ElmNet\Tap INAPA San Rafael.ElmTerm,0,SUR CERCANO,SUR,CENTRAL 69 kV,,P.MADERA TP-IG 50 P/69 - 559 AAAC,2.890000104904175,1,0.6629999876022339,1.5143793821334839,0.33682382106781006,4.377014636993408,1.2327284812927246,5.920139312744141,11.348780632019043,-8.021361644084332e-17
69 kV Palamara – Madre Vieja_h,ZXADOF_ZXMV2F-L1_a,\VM-PF.IntUser\PDD 31-12-2024.IntPrj\Network Model.IntPrjfolder\Network Data.IntPrjfolder\CENTRAL 69 kV.ElmNet\69 kV Palamara – Madre Vieja_h.ElmLne,Tap INAPA San Rafael,WXTISF,\VM-PF.IntUser\PDD 31-12-2024.IntPrj\Network Model.IntPrjfolder\Network Data.IntPrjfolder\SUR 69 kV.ElmNet\Tap INAPA San Rafael.ElmTerm,Tap 2 Madre Vieja,WXMV2F,\VM-PF.IntUser\PDD 31-12-2024.IntPrj\Network Model.IntPrjfolder\Network Data.IntPrjfolder\SUR 69 kV.ElmNet\Tap 2 Madre Vieja.ElmTerm,0,SUR CERCANO,SUR,CENTRAL 69 kV,,P.MADERA TP-IG 50 P/69 - 559 AAAC,1.9700000286102295,1,0.6629999876022339,1.0322932004928589,0.22959962487220764,2.983639717102051,0.8403027653694153,4.035527229309082,7.736020088195801,-5.467848475688235e-17
69 kV Derivación Parque Industrial DISDO,WDISDF_WXDISF-L1,\VM-PF.IntUser\PDD 31-12-2024.IntPrj\Network Model.IntPrjfolder\Network Data.IntPrjfolder\CENTRAL 69 kV.ElmNet\69 kV Derivación Parque Industrial DISDO.ElmLne,Tap 1 DISDO,WXDISF,\VM-PF.IntUser\PDD 31-12-2024.IntPrj\Network Model.IntPrjfolder\Network Data.IntPrjfolder\CENTRAL 69 kV.ElmNet\Tap 1 DISDO.ElmTerm,69 kV DISDO,WDISDF,\VM-PF.IntUser\PDD 31-12-2024.IntPrj\Network Model.IntPrjfolder\Network Data.IntPrjfolder\CENTRAL 69 kV.ElmNet\69 kV DISDO.ElmTerm,0,SANTO DOMINGO,CENTRAL,CENTRAL 69 kV,,P.MADERA TP-IG 55 P/69 - 559 AAAC,1.600000023841858,1,0.6629999876022339,0.8321181535720825,0.18657653033733368,2.4104583263397217,0.6917356252670288,3.2447166442871094,6.197198390960693,1.2212453535574518e-16
69 kV Derivación Maranatha,,\VM-PF.IntUser\PDD 31-12-2024.IntPrj\Network Model.IntPrjfolder\Network Data.IntPrjfolder\CENTRAL 69 kV.ElmNet\69 kV Derivación Maranatha.ElmLne,Tap 69 kV Maranatha,WXMARF,\VM-PF.IntUser\PDD 31-12-2024.IntPrj\Network Model.IntPrjfolder\Network Data.IntPrjfolder\CENTRAL 69 kV.ElmNet\Tap 69 kV Maranatha.ElmTerm,69 kV Maranatha,WMARAF,\VM-PF.IntUser\PDD 31-12-2024.IntPrj\Network Model.IntPrjfolder\Network Data.IntPrjfolder\CENTRAL 69 kV.ElmNet\Maranatha.ElmSite\69 kV Maranatha.ElmTerm,0,,,CENTRAL 69 kV,,P.MADERA TVS-1 65/1C/69/1xF - 559 AAA,5.385000228881836,1,0.6629999876022339,2.6447255611419678,0.6275113224983215,8.341907501220703,2.277768850326538,10.16579818725586,21.446365356445312,2.989275620858176e-16
Derivación 69 kV CCN,ZPLCCN_WXPLCF_F_L1,\VM-PF.IntUser\PDD 31-12-2024.IntPrj\Network Model.IntPrjfolder\Network Data.IntPrjfolder\CENTRAL 69 kV.ElmNet\Derivación 69 kV CCN.ElmLne,69 kV Parque Logístico CCN,WPLCCF,\VM-PF.IntUser\PDD 31-12-2024.IntPrj\Network Model.IntPrjfolder\Network Data.IntPrjfolder\CENTRAL 69 kV.ElmNet\69 kV Parque Logístico CCN.ElmTerm,Terminal(4),,\VM-PF.IntUser\PDD 31-12-2024.IntPrj\Network Model.IntPrjfolder\Network Data.IntPrjfolder\CENTRAL 69 kV.ElmNet\Terminal(4).ElmTerm,0,SANTO DOMINGO,CENTRAL,CENTRAL 69 kV,,P.MADERA TP-IG 50 P/69 - 559 AAAC,4.0,1,0.6629999876022339,2.096026659011841,0.4661921262741089,6.058151721954346,1.7061985731124878,8.193964004516602,15.70765495300293,-1.1102230246251565e-16
345 kV Bonao 3 – El Naranjo L1,ZJSAUD_ZXNA2D-L2,\VM-PF.IntUser\PDD 31-12-2024.IntPrj\Network Model.IntPrjfolder\Network Data.IntPrjfolder\Expansión 345 kV.ElmNet\345 kV Bonao 3 – El Naranjo L1.ElmLne,D6,,\VM-PF.IntUser\PDD 31-12-2024.IntPrj\Network Model.IntPrjfolder\Network Data.IntPrjfolder\Expansión 345 kV.ElmNet\El Naranjo.ElmSite\ZNARAD.ElmSubstat\D6.ElmTerm,L2,,\VM-PF.IntUser\PDD 31-12-2024.IntPrj\Network Model.IntPrjfolder\Network Data.IntPrjfolder\Expansión 345 kV.ElmNet\Bonao 3.ElmSite\ZBON3D.ElmSubstat\L2.ElmTerm,0,CIBAO NORTE,NORTE,Expansión 345 kV,,,75.16999816894531,1,1.9889999628067017,31.7536563873291,8.872048377990723,98.45075988769531,40.498016357421875,152.78387451171875,232.3426055908203,0.0
345 kV Bonao 3 – El Naranjo L2,ZNARAD_ZXNA1D-L1,\VM-PF.IntUser\PDD 31-12-2024.IntPrj\Network Model.IntPrjfolder\Network Data.IntPrjfolder\Expansión 345 kV.ElmNet\345 kV Bonao 3 – El Naranjo L2.ElmLne,D7,,\VM-PF.IntUser\PDD 31-12-2024.IntPrj\Network Model.IntPrjfolder\Network Data.IntPrjfolder\Expansión 345 kV.ElmNet\El Naranjo.ElmSite\ZNARAD.ElmSubstat\D7.ElmTerm,L1,,\VM-PF.IntUser\PDD 31-12-2024.IntPrj\Network Model.IntPrjfolder\Network Data.IntPrjfolder\Expansión 345 kV.ElmNet\Bonao 3.ElmSite\ZBON3D.ElmSubstat\L1.ElmTerm,0,CIBAO NORTE,NORTE,Expansión 345 kV,,,75.16999816894531,1,1.9889999628067017,31.7536563873291,8.872048377990723,98.45075988769531,40.498016357421875,152.78387451171875,232.3426055908203,2.0863865682048486e-15
345 kV Bonao 3 – Julio Sauri_a,ZXPB1D_ZXNA2D-L1_a,\VM-PF.IntUser\PDD 31-12-2024.IntPrj\Network Model.IntPrjfolder\Network Data.IntPrjfolder\Expansión 345 kV.ElmNet\345 kV Bonao 3 – Julio Sauri_a.ElmLne,Tap 3 Julio Sauri,WXJS3D,\VM-PF.IntUser\PDD 31-12-2024.IntPrj\Network Model.IntPrjfolder\Network Data.IntPrjfolder\Expansión 345 kV.ElmNet\Tap 3 Julio Sauri.ElmTerm,R1,,\VM-PF.IntUser\PDD 31-12-2024.IntPrj\Network Model.IntPrjfolder\Network Data.IntPrjfolder\Expansión 345 kV.ElmNet\Bonao 3.ElmSite\ZBON3D.ElmSubstat\R1.ElmTerm,0,SUR CERCANO,SUR,Expansión 345 kV,,,43.97999954223633,1,1.9889999628067017,18.57823371887207,5.190803527832031,57.6009635925293,23.6943302154541,89.38985443115234,135.9375762939453,0.0
345 kV Bonao 3 – Julio Sauri_b,ZXJS1D_ZXJS3D-L1,\VM-PF.IntUser\PDD 31-12-2024.IntPrj\Network Model.IntPrjfolder\Network Data.IntPrjfolder\Expansión 345 kV.ElmNet\345 kV Bonao 3 – Julio Sauri_b.ElmLne,Tap 3 Julio Sauri,WXJS3D,\VM-PF.IntUser\PDD 31-12-2024.IntPrj\Network Model.IntPrjfolder\Network Data.IntPrjfolder\Expansión 345 kV.ElmNet\Tap 3 Julio Sauri.ElmTerm,D6,,\VM-PF.IntUser\PDD 31-12-2024.IntPrj\Network Model.IntPrjfolder\Network Data.IntPrjfolder\Expansión 345 kV.ElmNet\Julio Sauri.ElmSite\ZJSAUD.ElmSubstat\D6.ElmTerm,0,SUR CERCANO,SUR,Expansión 345 kV,,,11.760000228881836,1,1.9889999628067017,4.967713356018066,1.3879910707473755,15.402167320251465,6.335728168487549,23.902334213256836,36.34893035888672,0.0
230 kV Bonao 3 – PVDC_a,ZPBLAD_ZXPV1D-L1,\VM-PF.IntUser\PDD 31-12-2024.IntPrj\Network Model.IntPrjfolder\Network Data.IntPrjfolder\Expansión 345 kV.ElmNet\230 kV Bonao 3 – PVDC_a.ElmLne,Tap 1 PVDC,WXPV1D,\VM-PF.IntUser\PDD 31-12-2024.IntPrj\Network Model.IntPrjfolder\Network Data.IntPrjfolder\Expansión 345 kV.ElmNet\Tap 1 PVDC.ElmTerm,Tap 230 kV Bonao 3 D01,WXBO1D,\VM-PF.IntUser\PDD 31-12-2024.IntPrj\Network Model.IntPrjfolder\Network Data.IntPrjfolder\Expansión 345 kV.ElmNet\Bonao 3.ElmSite\Tap 230 kV Bonao 3 D01.ElmTerm,0,CIBAO SUR,NORTE,Expansión 345 kV,,,27.049999237060547,1,1.2000000476837158,10.649782180786133,1.5350353717803955,35.16445541381836,12.908092498779297,57.901756286621094,94.76304626464844,-2.252364791801697e-15
230 kV Bonao 3 – Quisqueya 2_a,ZPBLAD_ZXPV3D-L1,\VM-PF.IntUser\PDD 31-12-2024.IntPrj\Network Model.IntPrjfolder\Network Data.IntPrjfolder\Expansión 345 kV.ElmNet\230 kV Bonao 3 – Quisqueya 2_a.ElmLne,Tap 3 PVDC,WXPV3D,\VM-PF.IntUser\PDD 31-12-2024.IntPrj\Network Model.IntPrjfolder\Network Data.IntPrjfolder\Expansión 345 kV.ElmNet\Tap 3 PVDC.ElmTerm,Tap 230 kV Bonao 3 D02,WXBO2D,\VM-PF.IntUser\PDD 31-12-2024.IntPrj\Network Model.IntPrjfolder\Network Data.IntPrjfolder\Expansión 345 kV.ElmNet\Bonao 3.ElmSite\Tap 230 kV Bonao 3 D02.ElmTerm,0,CIBAO SUR,NORTE,Expansión 345 kV,,,27.049999237060547,1,1.2000000476837158,10.649782180786133,1.5350353717803955,35.16445541381836,12.908092498779297,57.901756286621094,94.76304626464844,1.1261823959008484e-15
230 kV Bonao 3 – Quisqueya 2_b,ZQU21D_ZXPV3D-L1,\VM-PF.IntUser\PDD 31-12-2024.IntPrj\Network Model.IntPrjfolder\Network Data.IntPrjfolder\Expansión 345 kV.ElmNet\230 kV Bonao 3 – Quisqueya 2_b.ElmLne,7,,\VM-PF.IntUser\PDD 31-12-2024.IntPrj\Network Model.IntPrjfolder\Network Data.IntPrjfolder\Expansión 345 kV.ElmNet\Quisqueya.ElmSite\QUISQUEYA 2.ElmSubstat\7.ElmTerm,Tap 3 PVDC,WXPV3D,\VM-PF.IntUser\PDD 31-12-2024.IntPrj\Network Model.IntPrjfolder\Network Data.IntPrjfolder\Expansión 345 kV.ElmNet\Tap 3 PVDC.ElmTerm,0,ESTE CERCANO,ESTE,Expansión 345 kV,,,110.73999786376953,1,1.2000000476837158,43.599143981933594,6.284281253814697,143.95977783203125,52.84444046020508,237.04400634765625,387.950439453125,-9.220957364905556e-15
230 kV PVDC – Quisqueya 1_b,ZQU11D_ZXPV2D-L1,\VM-PF.IntUser\PDD 31-12-2024.IntPrj\Network Model.IntPrjfolder\Network Data.IntPrjfolder\Expansión 345 kV.ElmNet\230 kV PVDC – Quisqueya 1_b.ElmLne,4,,\VM-PF.IntUser\PDD 31-12-2024.IntPrj\Network Model.IntPrjfolder\Network Data.IntPrjfolder\Expansión 345 kV.ElmNet\Quisqueya.ElmSite\QUISQUEYA 1.ElmSubstat\4.ElmTerm,Tap 2 PVDC,WXPV2D,\VM-PF.IntUser\PDD 31-12-2024.IntPrj\Network Model.IntPrjfolder\Network Data.IntPrjfolder\Expansión 345 kV.ElmNet\Tap 2 PVDC.ElmTerm,0,ESTE CERCANO,ESTE,Expansión 345 kV,,,110.73999786376953,1,1.2000000476837158,43.599143981933594,6.284281253814697,143.95977783203125,52.84444046020508,237.04400634765625,387.950439453125,4.610478682452778e-15
230 kV PVDC – Quisqueya 1_a,ZPVDBD_ZXPV2D-L1,\VM-PF.IntUser\PDD 31-12-2024.IntPrj\Network Model.IntPrjfolder\Network Data.IntPrjfolder\Expansión 345 kV.ElmNet\230 kV PVDC – Quisqueya 1_a.ElmLne,R1,,\VM-PF.IntUser\PDD 31-12-2024.IntPrj\Network Model.IntPrjfolder\Network Data.IntPrjfolder\Expansión 345 kV.ElmNet\PVDC.ElmSite\ZPVDCD.ElmSubstat\R1.ElmTerm,Tap 2 PVDC,WXPV2D,\VM-PF.IntUser\PDD 31-12-2024.IntPrj\Network Model.IntPrjfolder\Network Data.IntPrjfolder\Expansión 345 kV.ElmNet\Tap 2 PVDC.ElmTerm,0,CIBAO SUR,NORTE,Expansión 345 kV,,,3.809999942779541,1,1.2000000476837158,1.5000247955322266,0.21621015667915344,4.95292329788208,1.8181084394454956,8.155478477478027,13.347400665283203,1.5862311887848398e-16
230 kV Bonao 3 – PVDC_b,ZPVDCD_ZXPV1D-L1,\VM-PF.IntUser\PDD 31-12-2024.IntPrj\Network Model.IntPrjfolder\Network Data.IntPrjfolder\Expansión 345 kV.ElmNet\230 kV Bonao 3 – PVDC_b.ElmLne,Tap 1 PVDC,WXPV1D,\VM-PF.IntUser\PDD 31-12-2024.IntPrj\Network Model.IntPrjfolder\Network Data.IntPrjfolder\Expansión 345 kV.ElmNet\Tap 1 PVDC.ElmTerm,L1,,\VM-PF.IntUser\PDD 31-12-2024.IntPrj\Network Model.IntPrjfolder\Network Data.IntPrjfolder\Expansión 345 kV.ElmNet\PVDC.ElmSite\ZPVDCD.ElmSubstat\L1.ElmTerm,0,CIBAO SUR,NORTE,Expansión 345 kV,,,3.809999942779541,1,1.2000000476837158,1.5000247955322266,0.21621015667915344,4.95292329788208,1.8181084394454956,8.155478477478027,13.347400665283203,-3.1724623775696795e-16
345 kV Bonao 3 – Guerra_a,ZXNA1D_ZXPB1E-L1_c,\VM-PF.IntUser\PDD 31-12-2024.IntPrj\Network Model.IntPrjfolder\Network Data.IntPrjfolder\Expansión 345 kV.ElmNet\345 kV Bonao 3 – Guerra_a.ElmLne,Tap 4 Julio Sauri,WXJS4D,\VM-PF.IntUser\PDD 31-12-2024.IntPrj\Network Model.IntPrjfolder\Network Data.IntPrjfolder\Expansión 345 kV.ElmNet\Tap 4 Julio Sauri.ElmTerm,R2,,\VM-PF.IntUser\PDD 31-12-2024.IntPrj\Network Model.IntPrjfolder\Network Data.IntPrjfolder\Expansión 345 kV.ElmNet\Bonao 3.ElmSite\ZBON3D.ElmSubstat\R2.ElmTerm,0,SUR CERCANO,SUR,Expansión 345 kV,,,43.97999954223633,1,1.9889999628067017,18.57823371887207,5.190803527832031,57.6009635925293,23.6943302154541,89.38985443115234,135.9375762939453,1.2206902028698654e-15
345 kV Guerra – Julio Sauri_b,ZXJS2D_ZXJS4E-L1,\VM-PF.IntUser\PDD 31-12-2024.IntPrj\Network Model.IntPrjfolder\Network Data.IntPrjfolder\Expansión 345 kV.ElmNet\345 kV Guerra – Julio Sauri_b.ElmLne,Tap 1 Guerra,WXGUED,\VM-PF.IntUser\PDD 31-12-2024.IntPrj\Network Model.IntPrjfolder\Network Data.IntPrjfolder\Expansión 345 kV.ElmNet\Tap 1 Guerra.ElmTerm,D8,,\VM-PF.IntUser\PDD 31-12-2024.IntPrj\Network Model.IntPrjfolder\Network Data.IntPrjfolder\Expansión 345 kV.ElmNet\Julio Sauri.ElmSite\ZJSAUD.ElmSubstat\D8.ElmTerm,0,SANTO DOMINGO,SUR,Expansión 345 kV,,,11.760000228881836,1,1.9889999628067017,4.967713356018066,1.3879910707473755,15.402167320251465,6.335728168487549,23.902334213256836,36.34893035888672,3.2640557559254313e-16
345 kV Julio Sauri – Punta Catalina L1,ZPCA1D_ZJSA1D-L1,\VM-PF.IntUser\PDD 31-12-2024.IntPrj\Network Model.IntPrjfolder\Network Data.IntPrjfolder\Expansión 345 kV.ElmNet\345 kV Julio Sauri – Punta Catalina L1.ElmLne,3,,\VM-PF.IntUser\PDD 31-12-2024.IntPrj\Network Model.IntPrjfolder\Network Data.IntPrjfolder\Expansión 345 kV.ElmNet\Punta Catalina.ElmSite\ZPCATD.ElmSubstat\3.ElmTerm,D1,,\VM-PF.IntUser\PDD 31-12-2024.IntPrj\Network Model.IntPrjfolder\Network Data.IntPrjfolder\Expansión 345 kV.ElmNet\Julio Sauri.ElmSite\ZJSAUD.ElmSubstat\D1.ElmTerm,0,SUR CERCANO,SUR,Expansión 345 kV,,,44.93000030517578,1,2.7239999771118164,15.987042427062988,1.2327253818511963,48.66032409667969,15.131564140319824,126.00247955322266,222.52000427246094,1.1223521976166592e-14
345 kV Bonao 3 – Guerra_b,ZBON3D_ZGUERD-L1,\VM-PF.IntUser\PDD 31-12-2024.IntPrj\Network Model.IntPrjfolder\Network Data.IntPrjfolder\Expansión 345 kV.ElmNet\345 kV Bonao 3 – Guerra_b.ElmLne,Tap 4 Julio Sauri,WXJS4D,\VM-PF.IntUser\PDD 31-12-2024.IntPrj\Network Model.IntPrjfolder\Network Data.IntPrjfolder\Expansión 345 kV.ElmNet\Tap 4 Julio Sauri.ElmTerm,5,,\VM-PF.IntUser\PDD 31-12-2024.IntPrj\Network Model.IntPrjfolder\Network Data.IntPrjfolder\Expansión 345 kV.ElmNet\Guerra.ElmSite\ZGUERD.ElmSubstat\5.ElmTerm,0,SUR CERCANO,SUR,Expansión 345 kV,,,42.0,1,1.9889999628067017,17.741832733154297,4.95711088180542,55.00774002075195,22.627599716186523,85.365478515625,129.81761169433594,1.1657341758564144e-15
345 kV Guerra – Julio Sauri_a,ZGUERD_ZJSAUD-L1,\VM-PF.IntUser\PDD 31-12-2024.IntPrj\Network Model.IntPrjfolder\Network Data.IntPrjfolder\Expansión 345 kV.ElmNet\345 kV Guerra – Julio Sauri_a.ElmLne,Tap 1 Guerra,WXGUED,\VM-PF.IntUser\PDD 31-12-2024.IntPrj\Network Model.IntPrjfolder\Network Data.IntPrjfolder\Expansión 345 kV.ElmNet\Tap 1 Guerra.ElmTerm,1,,\VM-PF.IntUser\PDD 31-12-2024.IntPrj\Network Model.IntPrjfolder\Network Data.IntPrjfolder\Expansión 345 kV.ElmNet\Guerra.ElmSite\ZGUERD.ElmSubstat\1.ElmTerm,0,SANTO DOMINGO,CENTRAL,Expansión 345 kV,,,42.0,1,1.9889999628067017,17.741832733154297,4.95711088180542,55.00774002075195,22.627599716186523,85.365478515625,129.81761169433594,0.0
138 kV SPM – SPM 2_b,ZSPM2E_ZXLO3E-L1,\VM-PF.IntUser\PDD 31-12-2024.IntPrj\Network Model.IntPrjfolder\Network Data.IntPrjfolder\ESTE 138 kV.ElmNet\138 kV SPM – SPM 2_b.ElmLne,Tap 3 Los Orígenes,WXLO3E,\VM-PF.IntUser\PDD 31-12-2024.IntPrj\Network Model.IntPrjfolder\Network Data.IntPrjfolder\ESTE 138 kV.ElmNet\Tap 3 Los Orígenes.ElmTerm,L7,,\VM-PF.IntUser\PDD 31-12-2024.IntPrj\Network Model.IntPrjfolder\Network Data.IntPrjfolder\ESTE 138 kV.ElmNet\SPM 2.ElmSite\ZSPM2E.ElmSubstat\L7.ElmTerm,0,ESTE CERCANO,ESTE,ESTE 138 kV,,,4.809999942779541,1,0.5680000185966492,2.0737853050231934,0.5595365762710571,7.212465763092041,2.2825348377227783,9.882915496826172,16.943222045898438,7.342737507938805e-16
138 kV Los Orígenes – SPM 2_b,ZSPM2E_ZXLO2E-L1,\VM-PF.IntUser\PDD 31-12-2024.IntPrj\Network Model.IntPrjfolder\Network Data.IntPrjfolder\ESTE 138 kV.ElmNet\138 kV Los Orígenes – SPM 2_b.ElmLne,Tap 2 Los Orígenes,WXLO2E,\VM-PF.IntUser\PDD 31-12-2024.IntPrj\Network Model.IntPrjfolder\Network Data.IntPrjfolder\ESTE 138 kV.ElmNet\Tap 2 Los Orígenes.ElmTerm,L6,,\VM-PF.IntUser\PDD 31-12-2024.IntPrj\Network Model.IntPrjfolder\Network Data.IntPrjfolder\ESTE 138 kV.ElmNet\SPM 2.ElmSite\ZSPM2E.ElmSubstat\L6.ElmTerm,0,ESTE CERCANO,ESTE,ESTE 138 kV,,,4.809999942779541,1,0.5680000185966492,2.0737853050231934,0.5595365762710571,7.212465763092041,2.2825348377227783,9.882915496826172,16.943222045898438,-6.675215856149415e-17
138 kV Higüey – La Romana,ZHIGUE_ZLROME-L1,\VM-PF.IntUser\PDD 31-12-2024.IntPrj\Network Model.IntPrjfolder\Network Data.IntPrjfolder\ESTE 138 kV.ElmNet\138 kV Higüey – La Romana.ElmLne,1,,\VM-PF.IntUser\PDD 31-12-2024.IntPrj\Network Model.IntPrjfolder\Network Data.IntPrjfolder\ESTE 138 kV.ElmNet\La Romana.ElmSite\ZLROME.ElmSubstat\1.ElmTerm,1,,\VM-PF.IntUser\PDD 31-12-2024.IntPrj\Network Model.IntPrjfolder\Network Data.IntPrjfolder\ESTE 138 kV.ElmNet\ZHIGUE.ElmSubstat\1.ElmTerm,0,ESTE PROFUNDO,ESTE,ESTE 138 kV,,T.ACERO S1/1C/138/1xF - 559.5 AAAC,32.0,1,0.6629999876022339,13.538176536560059,3.7114405632019043,46.762428283691406,15.92041015625,58.54232406616211,106.54002380371094,-1.3322676295501878e-15
138 kV La Romana – SPM_b,ZLROME_ZSPMBE-L1,\VM-PF.IntUser\PDD 31-12-2024.IntPrj\Network Model.IntPrjfolder\Network Data.IntPrjfolder\ESTE 138 kV.ElmNet\138 kV La Romana – SPM_b.ElmLne,R1,,\VM-PF.IntUser\PDD 31-12-2024.IntPrj\Network Model.IntPrjfolder\Network Data.IntPrjfolder\ESTE 138 kV.ElmNet\San Pedro.ElmSite\ZSPMAE.ElmSubstat\R1.ElmTerm,Tap 3 Cumayasa,WXCU3E,\VM-PF.IntUser\PDD 31-12-2024.IntPrj\Network Model.IntPrjfolder\Network Data.IntPrjfolder\ESTE 138 kV.ElmNet\Tap 3 Cumayasa.ElmTerm,0,ESTE CERCANO,ESTE,ESTE 138 kV,,,31.209999084472656,1,0.6629999876022339,13.455891609191895,3.630589723587036,46.79855728149414,14.810376167297363,64.12593841552734,109.93720245361328,-4.33125744776395e-16
138 kV Cumayasa – SPM_b,ZCUMAY_ZSPMBE-L1,\VM-PF.IntUser\PDD 31-12-2024.IntPrj\Network Model.IntPrjfolder\Network Data.IntPrjfolder\ESTE 138 kV.ElmNet\138 kV Cumayasa – SPM_b.ElmLne,R2,,\VM-PF.IntUser\PDD 31-12-2024.IntPrj\Network Model.IntPrjfolder\Network Data.IntPrjfolder\ESTE 138 kV.ElmNet\San Pedro.ElmSite\ZSPMAE.ElmSubstat\R2.ElmTerm,Tap 1 Cumayasa,WXCU1E,\VM-PF.IntUser\PDD 31-12-2024.IntPrj\Network Model.IntPrjfolder\Network Data.IntPrjfolder\ESTE 138 kV.ElmNet\Tap 1 Cumayasa.ElmTerm,0,ESTE CERCANO,ESTE,ESTE 138 kV,,,31.209999084472656,1,0.6629999876022339,13.455891609191895,3.630589723587036,46.79855728149414,14.810376167297363,64.12593841552734,109.93720245361328,4.764383298419463e-15
138 kV CEMEX – SPM 2,ZCEMEE_ZSPM2E-L1,\VM-PF.IntUser\PDD 31-12-2024.IntPrj\Network Model.IntPrjfolder\Network Data.IntPrjfolder\ESTE 138 kV.ElmNet\138 kV CEMEX – SPM 2.ElmLne,WCEMEE(2),,\VM-PF.IntUser\PDD 31-12-2024.IntPrj\Network Model.IntPrjfolder\Network Data.IntPrjfolder\ESTE 138 kV.ElmNet\CEMEX.ElmSite\ZCEMEE.ElmSubstat\WCEMEE(2).ElmTerm,L5,,\VM-PF.IntUser\PDD 31-12-2024.IntPrj\Network Model.IntPrjfolder\Network Data.IntPrjfolder\ESTE 138 kV.ElmNet\SPM 2.ElmSite\ZSPM2E.ElmSubstat\L5.ElmTerm,0,ESTE CERCANO,ESTE,ESTE 138 kV,,T.ACERO S1(2)/1C/138/2xF/559 AAAC,1.6979999542236328,1,1.3259999752044678,0.6337536573410034,0.09920186549425125,2.301684617996216,0.561347246170044,3.5676028728485107,8.536069869995117,9.425793224957695e-17
138 kV Juan Dolio – SPM 2_a,ZJDOLE_ZXJD3E-L1,\VM-PF.IntUser\PDD 31-12-2024.IntPrj\Network Model.IntPrjfolder\Network Data.IntPrjfolder\ESTE 138 kV.ElmNet\138 kV Juan Dolio – SPM 2_a.ElmLne,Tap 3 Juan Dolio,WXJD3E,\VM-PF.IntUser\PDD 31-12-2024.IntPrj\Network Model.IntPrjfolder\Network Data.IntPrjfolder\ESTE 138 kV.ElmNet\Tap 3 Juan Dolio.ElmTerm,2,,\VM-PF.IntUser\PDD 31-12-2024.IntPrj\Network Model.IntPrjfolder\Network Data.IntPrjfolder\ESTE 138 kV.ElmNet\ZJDOLE.ElmSubstat\2.ElmTerm,0,ESTE CERCANO,ESTE,ESTE 138 kV,,,5.288000106811523,1,1.3259999752044678,1.8904056549072266,0.3080923557281494,7.239927768707275,1.7486884593963623,13.289602279663086,26.601259231567383,-1.4677148682006101e-15
138 kV Juan Dolio – SPM 2_b,ZSPM2E_ZXJD3E-L1,\VM-PF.IntUser\PDD 31-12-2024.IntPrj\Network Model.IntPrjfolder\Network Data.IntPrjfolder\ESTE 138 kV.ElmNet\138 kV Juan Dolio – SPM 2_b.ElmLne,Tap 3 Juan Dolio,WXJD3E,\VM-PF.IntUser\PDD 31-12-2024.IntPrj\Network Model.IntPrjfolder\Network Data.IntPrjfolder\ESTE 138 kV.ElmNet\Tap 3 Juan Dolio.ElmTerm,R2,,\VM-PF.IntUser\PDD 31-12-2024.IntPrj\Network Model.IntPrjfolder\Network Data.IntPrjfolder\ESTE 138 kV.ElmNet\SPM 2.ElmSite\ZSPM2E.ElmSubstat\R2.ElmTerm,0,ESTE CERCANO,ESTE,ESTE 138 kV,,,7.199999809265137,1,1.3259999752044678,2.5739259719848633,0.41949033737182617,9.85769271850586,2.380967617034912,18.09476661682129,36.21956253051758,0.0
138 kV CIP La Luisa – SPM 2_b,ZSPM2E_ZXCL3E-L1,\VM-PF.IntUser\PDD 31-12-2024.IntPrj\Network Model.IntPrjfolder\Network Data.IntPrjfolder\ESTE 138 kV.ElmNet\138 kV CIP La Luisa – SPM 2_b.ElmLne,R7,,\VM-PF.IntUser\PDD 31-12-2024.IntPrj\Network Model.IntPrjfolder\Network Data.IntPrjfolder\ESTE 138 kV.ElmNet\SPM 2.ElmSite\ZSPM2E.ElmSubstat\R7.ElmTerm,Tap 3 CIP La Luisa,WXCL3E,\VM-PF.IntUser\PDD 31-12-2024.IntPrj\Network Model.IntPrjfolder\Network Data.IntPrjfolder\ESTE 138 kV.ElmNet\Tap 3 CIP La Luisa.ElmTerm,0,ESTE CERCANO,ESTE,ESTE 138 kV,,,30.364999771118164,1,1.3259999752044678,10.855175018310547,1.7691422700881958,41.573448181152344,10.041399955749512,76.31217193603516,152.7509765625,-8.42798036627913e-15
138 kV El Seibo – Higüey,ZESEIE_ZHIGUE-L1,\VM-PF.IntUser\PDD 31-12-2024.IntPrj\Network Model.IntPrjfolder\Network Data.IntPrjfolder\ESTE 138 kV.ElmNet\138 kV El Seibo – Higüey.ElmLne,1,,\VM-PF.IntUser\PDD 31-12-2024.IntPrj\Network Model.IntPrjfolder\Network Data.IntPrjfolder\ESTE 138 kV.ElmNet\ZESEIE.ElmSubstat\1.ElmTerm,2,,\VM-PF.IntUser\PDD 31-12-2024.IntPrj\Network Model.IntPrjfolder\Network Data.IntPrjfolder\ESTE 138 kV.ElmNet\ZHIGUE.ElmSubstat\2.ElmTerm,0,ESTE PROFUNDO,ESTE,ESTE 138 kV,,T.ACERO S1/1C/138/1xF - 559.5 AAAC,40.029998779296875,1,0.6629999876022339,16.93541145324707,4.64277982711792,58.49687194824219,19.915437698364258,73.2327880859375,133.27490234375,-1.6665834870184613e-15
138 kV SPM – SPM 2_a,ZXLO3E_ZSPMBE-L1,\VM-PF.IntUser\PDD 31-12-2024.IntPrj\Network Model.IntPrjfolder\Network Data.IntPrjfolder\ESTE 138 kV.ElmNet\138 kV SPM – SPM 2_a.ElmLne,Tap 3 Los Orígenes,WXLO3E,\VM-PF.IntUser\PDD 31-12-2024.IntPrj\Network Model.IntPrjfolder\Network Data.IntPrjfolder\ESTE 138 kV.ElmNet\Tap 3 Los Orígenes.ElmTerm,L2,,\VM-PF.IntUser\PDD 31-12-2024.IntPrj\Network Model.IntPrjfolder\Network Data.IntPrjfolder\ESTE 138 kV.ElmNet\San Pedro.ElmSite\ZSPMAE.ElmSubstat\L2.ElmTerm,0,ESTE CERCANO,ESTE,ESTE 138 kV,,,0.5699999928474426,1,0.6629999876022339,0.24575002491474152,0.06630682945251465,0.8546996712684631,0.2704874873161316,1.1711562871932983,2.007824659347534,8.701372929029885e-17
138 kV Los Orígenes – SPM 2_a,ZLORIE_ZXLO2E-L1,\VM-PF.IntUser\PDD 31-12-2024.IntPrj\Network Model.IntPrjfolder\Network Data.IntPrjfolder\ESTE 138 kV.ElmNet\138 kV Los Orígenes – SPM 2_a.ElmLne,Tap 2 Los Orígenes,WXLO2E,\VM-PF.IntUser\PDD 31-12-2024.IntPrj\Network Model.IntPrjfolder\Network Data.IntPrjfolder\ESTE 138 kV.ElmNet\Tap 2 Los Orígenes.ElmTerm,1,,\VM-PF.IntUser\PDD 31-12-2024.IntPrj\Network Model.IntPrjfolder\Network Data.IntPrjfolder\ESTE 138 kV.ElmNet\Los Orígenes.ElmSite\ZLORIE.ElmSubstat\1.ElmTerm,0,ESTE CERCANO,ESTE,ESTE 138 kV,,,0.3400000035762787,1,0.6629999876022339,0.14658772945404053,0.039551444351673126,0.5098208785057068,0.16134342551231384,0.6985844373703003,1.1976498365402222,-4.718447904287752e-18
138 kV Los Orígenes – SPM_b,ZSPMAE_ZXLO1E-L1,\VM-PF.IntUser\PDD 31-12-2024.IntPrj\Network Model.IntPrjfolder\Network Data.IntPrjfolder\ESTE 138 kV.ElmNet\138 kV Los Orígenes – SPM_b.ElmLne,Tap 1 Los Orígenes,WXLO1E,\VM-PF.IntUser\PDD 31-12-2024.IntPrj\Network Model.IntPrjfolder\Network Data.IntPrjfolder\ESTE 138 kV.ElmNet\Tap 1 Los Orígenes.ElmTerm,R3,,\VM-PF.IntUser\PDD 31-12-2024.IntPrj\Network Model.IntPrjfolder\Network Data.IntPrjfolder\ESTE 138 kV.ElmNet\San Pedro.ElmSite\ZSPMAE.ElmSubstat\R3.ElmTerm,0,ESTE CERCANO,ESTE,ESTE 138 kV,,,0.5699999928474426,1,0.6629999876022339,0.24575002491474152,0.06630682945251465,0.8546996712684631,0.2704874873161316,1.1711562871932983,2.007824659347534,-7.910338951192567e-18
138 kV Los Orígenes – SPM_a,ZLORIE_ZXLO1E-L1,\VM-PF.IntUser\PDD 31-12-2024.IntPrj\Network Model.IntPrjfolder\Network Data.IntPrjfolder\ESTE 138 kV.ElmNet\138 kV Los Orígenes – SPM_a.ElmLne,Tap 1 Los Orígenes,WXLO1E,\VM-PF.IntUser\PDD 31-12-2024.IntPrj\Network Model.IntPrjfolder\Network Data.IntPrjfolder\ESTE 138 kV.ElmNet\Tap 1 Los Orígenes.ElmTerm,2,,\VM-PF.IntUser\PDD 31-12-2024.IntPrj\Network Model.IntPrjfolder\Network Data.IntPrjfolder\ESTE 138 kV.ElmNet\Los Orígenes.ElmSite\ZLORIE.ElmSubstat\2.ElmTerm,0,ESTE CERCANO,ESTE,ESTE 138 kV,,,0.3400000035762787,1,0.6629999876022339,0.14658772945404053,0.039551444351673126,0.5098208785057068,0.16134342551231384,0.6985844373703003,1.1976498365402222,5.1902926533574966e-17
138 kV CIP La Luisa – SPM 2_a,ZCLUIE_ZXCL3E-L1,\VM-PF.IntUser\PDD 31-12-2024.IntPrj\Network Model.IntPrjfolder\Network Data.IntPrjfolder\ESTE 138 kV.ElmNet\138 kV CIP La Luisa – SPM 2_a.ElmLne,Tap 3 CIP La Luisa,WXCL3E,\VM-PF.IntUser\PDD 31-12-2024.IntPrj\Network Model.IntPrjfolder\Network Data.IntPrjfolder\ESTE 138 kV.ElmNet\Tap 3 CIP La Luisa.ElmTerm,E2,,\VM-PF.IntUser\PDD 31-12-2024.IntPrj\Network Model.IntPrjfolder\Network Data.IntPrjfolder\ESTE 138 kV.ElmNet\ZCLUIE.ElmSubstat\E2.ElmTerm,0,ESTE CERCANO,ESTE,ESTE 138 kV,,,1.5579999685287476,1,1.3259999752044678,0.5579070448875427,0.09079226106405258,2.13228702545166,0.5152032971382141,3.973799705505371,7.84214973449707,-2.1621593298695805e-16
138kV SP Bio-Energy – Sultana del Este_b,ZSESTE_ZXSP2E-L1,\VM-PF.IntUser\PDD 31-12-2024.IntPrj\Network Model.IntPrjfolder\Network Data.IntPrjfolder\ESTE 138 kV.ElmNet\138kV SP Bio-Energy – Sultana del Este_b.ElmLne,5,,\VM-PF.IntUser\PDD 31-12-2024.IntPrj\Network Model.IntPrjfolder\Network Data.IntPrjfolder\ESTE 138 kV.ElmNet\Sultana del Este.ElmSite\ZSESTE.ElmSubstat\5.ElmTerm,Tap 2 San Pedro Bio-Energy,WXSP2E,\VM-PF.IntUser\PDD 31-12-2024.IntPrj\Network Model.IntPrjfolder\Network Data.IntPrjfolder\ESTE 138 kV.ElmNet\Tap 2 San Pedro Bio-Energy.ElmTerm,0,ESTE CERCANO,ESTE,ESTE 138 kV,,T.ACERO S1/1C/138/2xF - 559.5 AAAC,2.869999885559082,1,1.3259999752044678,1.0480177402496338,0.16668246686458588,3.780879259109497,1.0147359371185303,6.214504241943359,13.325313568115234,3.9829249420240715e-16
138 kV San Pedro Bio-Energy – SPM 2_b,ZSPM2E_ZXSP1E-L1,\VM-PF.IntUser\PDD 31-12-2024.IntPrj\Network Model.IntPrjfolder\Network Data.IntPrjfolder\ESTE 138 kV.ElmNet\138 kV San Pedro Bio-Energy – SPM 2_b.ElmLne,Tap 1 San Pedro Bio-Energy,WXSP1E,\VM-PF.IntUser\PDD 31-12-2024.IntPrj\Network Model.IntPrjfolder\Network Data.IntPrjfolder\ESTE 138 kV.ElmNet\Tap 1 San Pedro Bio-Energy.ElmTerm,R1,,\VM-PF.IntUser\PDD 31-12-2024.IntPrj\Network Model.IntPrjfolder\Network Data.IntPrjfolder\ESTE 138 kV.ElmNet\SPM 2.ElmSite\ZSPM2E.ElmSubstat\R1.ElmTerm,0,ESTE CERCANO,ESTE,ESTE 138 kV,,T.ACERO S1/1C/138/2xF - 559.5 AAAC,3.9000000953674316,1,1.3259999752044678,1.4241358041763306,0.22650231420993805,5.137780666351318,1.3789095878601074,8.44479751586914,18.10757064819336,5.412337245047638e-16
138kV SP Bio-Energy – Sultana del Este_a,ZSPBEE_ZXSP2E-L1,\VM-PF.IntUser\PDD 31-12-2024.IntPrj\Network Model.IntPrjfolder\Network Data.IntPrjfolder\ESTE 138 kV.ElmNet\138kV SP Bio-Energy – Sultana del Este_a.ElmLne,3,,\VM-PF.IntUser\PDD 31-12-2024.IntPrj\Network Model.IntPrjfolder\Network Data.IntPrjfolder\ESTE 138 kV.ElmNet\San Pedro Bio-Energy.ElmSite\ZSPBEE.ElmSubstat\3.ElmTerm,Tap 2 San Pedro Bio-Energy,WXSP2E,\VM-PF.IntUser\PDD 31-12-2024.IntPrj\Network Model.IntPrjfolder\Network Data.IntPrjfolder\ESTE 138 kV.ElmNet\Tap 2 San Pedro Bio-Energy.ElmTerm,0,ESTE CERCANO,ESTE,ESTE 138 kV,,,0.38999998569488525,1,1.3259999752044678,0.13384301960468292,0.02271176129579544,0.5306388139724731,0.13350848853588104,0.9381067156791687,1.8893394470214844,-2.1649348186097164e-17
138 kV San Pedro Bio-Energy – SPM 2_a,ZSPBEE_ZXSP1E-L1,\VM-PF.IntUser\PDD 31-12-2024.IntPrj\Network Model.IntPrjfolder\Network Data.IntPrjfolder\ESTE 138 kV.ElmNet\138 kV San Pedro Bio-Energy – SPM 2_a.ElmLne,Tap 1 San Pedro Bio-Energy,WXSP1E,\VM-PF.IntUser\PDD 31-12-2024.IntPrj\Network Model.IntPrjfolder\Network Data.IntPrjfolder\ESTE 138 kV.ElmNet\Tap 1 San Pedro Bio-Energy.ElmTerm,5,,\VM-PF.IntUser\PDD 31-12-2024.IntPrj\Network Model.IntPrjfolder\Network Data.IntPrjfolder\ESTE 138 kV.ElmNet\San Pedro Bio-Energy.ElmSite\ZSPBEE.ElmSubstat\5.ElmTerm,0,ESTE CERCANO,ESTE,ESTE 138 kV,,,0.38999998569488525,1,1.3259999752044678,0.13384301960468292,0.02271176129579544,0.5306388139724731,0.13350848853588104,0.9381067156791687,1.8893394470214844,-8.659739274438866e-17
138 kV Cumayasa – La Romana_b,ZCUMAY_ZLROME-L1,\VM-PF.IntUser\PDD 31-12-2024.IntPrj\Network Model.IntPrjfolder\Network Data.IntPrjfolder\ESTE 138 kV.ElmNet\138 kV Cumayasa – La Romana_b.ElmLne,Tap 2 Cumayasa,WXCU2E,\VM-PF.IntUser\PDD 31-12-2024.IntPrj\Network Model.IntPrjfolder\Network Data.IntPrjfolder\ESTE 138 kV.ElmNet\Tap 2 Cumayasa.ElmTerm,4,,\VM-PF.IntUser\PDD 31-12-2024.IntPrj\Network Model.IntPrjfolder\Network Data.IntPrjfolder\ESTE 138 kV.ElmNet\La Romana.ElmSite\ZLROME.ElmSubstat\4.ElmTerm,0,ESTE PROFUNDO,ESTE,ESTE 138 kV,,,8.819999694824219,1,0.6629999876022339,3.8026580810546875,1.0260108709335327,13.225353240966797,4.18543815612793,18.122102737426758,31.068445205688477,1.3464229265273465e-15
138 kV La Romana – SPM_a,ZLROME_ZSPMBE-L1_a,\VM-PF.IntUser\PDD 31-12-2024.IntPrj\Network Model.IntPrjfolder\Network Data.IntPrjfolder\ESTE 138 kV.ElmNet\138 kV La Romana – SPM_a.ElmLne,Tap 3 Cumayasa,WXCU3E,\VM-PF.IntUser\PDD 31-12-2024.IntPrj\Network Model.IntPrjfolder\Network Data.IntPrjfolder\ESTE 138 kV.ElmNet\Tap 3 Cumayasa.ElmTerm,5,,\VM-PF.IntUser\PDD 31-12-2024.IntPrj\Network Model.IntPrjfolder\Network Data.IntPrjfolder\ESTE 138 kV.ElmNet\La Romana.ElmSite\ZLROME.ElmSubstat\5.ElmTerm,0,ESTE PROFUNDO,ESTE,ESTE 138 kV,,,8.819999694824219,1,0.6629999876022339,3.8026580810546875,1.0260108709335327,13.225353240966797,4.18543815612793,18.122102737426758,31.068445205688477,-1.2240208422975877e-16
138 kV El Soco – SPM 2_b,ZHMA2E_ZSPM2E-L1,\VM-PF.IntUser\PDD 31-12-2024.IntPrj\Network Model.IntPrjfolder\Network Data.IntPrjfolder\ESTE 138 kV.ElmNet\138 kV El Soco – SPM 2_b.ElmLne,Tap 1 El Soco,WXPSEE,\VM-PF.IntUser\PDD 31-12-2024.IntPrj\Network Model.IntPrjfolder\Network Data.IntPrjfolder\ESTE 138 kV.ElmNet\Tap 1 El Soco.ElmTerm,L4,,\VM-PF.IntUser\PDD 31-12-2024.IntPrj\Network Model.IntPrjfolder\Network Data.IntPrjfolder\ESTE 138 kV.ElmNet\SPM 2.ElmSite\ZSPM2E.ElmSubstat\L4.ElmTerm,0,ESTE CERCANO,ESTE,ESTE 138 kV,,T.ACERO S1/1C/138/1xF - 559.5 AAAC,6.784999847412109,1,0.6629999876022339,2.870516300201416,0.7869413495063782,9.915095329284668,3.375624418258667,12.412802696228027,22.589815139770508,-2.8248236447531616e-16
138 kV El Seibo – Hato Mayor 2,ZESEIE_ZHMA2E-L1,\VM-PF.IntUser\PDD 31-12-2024.IntPrj\Network Model.IntPrjfolder\Network Data.IntPrjfolder\ESTE 138 kV.ElmNet\138 kV El Seibo – Hato Mayor 2.ElmLne,3,,\VM-PF.IntUser\PDD 31-12-2024.IntPrj\Network Model.IntPrjfolder\Network Data.IntPrjfolder\ESTE 138 kV.ElmNet\Hato Mayor 2.ElmSite\ZHMA2E.ElmSubstat\3.ElmTerm,3,,\VM-PF.IntUser\PDD 31-12-2024.IntPrj\Network Model.IntPrjfolder\Network Data.IntPrjfolder\ESTE 138 kV.ElmNet\ZESEIE.ElmSubstat\3.ElmTerm,0,ESTE CERCANO,ESTE,ESTE 138 kV,,T.ACERO S1/1C/138/1xF - 559.5 AAAC,28.8799991607666,1,0.6629999876022339,12.2182035446167,3.3495748043060303,42.20309066772461,14.368169784545898,52.83444595336914,96.1523666381836,-1.202371527198715e-15
138 kV El Soco – Hato Mayor 2_a,ZPSESE_ZXES2E-L1,\VM-PF.IntUser\PDD 31-12-2024.IntPrj\Network Model.IntPrjfolder\Network Data.IntPrjfolder\ESTE 138 kV.ElmNet\138 kV El Soco – Hato Mayor 2_a.ElmLne,Tap 2 PS El Soco,WXES2E,\VM-PF.IntUser\PDD 31-12-2024.IntPrj\Network Model.IntPrjfolder\Network Data.IntPrjfolder\ESTE 138 kV.ElmNet\Tap 2 PS El Soco.ElmTerm,1,,\VM-PF.IntUser\PDD 31-12-2024.IntPrj\Network Model.IntPrjfolder\Network Data.IntPrjfolder\ESTE 138 kV.ElmNet\El Soco.ElmSite\ZESOCE.ElmSubstat\1.ElmTerm,0,ESTE CERCANO,ESTE,ESTE 138 kV,,,0.9229999780654907,1,0.6629999876022339,0.39794257283210754,0.1073705330491066,1.3840136528015137,0.4379999041557312,1.8964512348175049,3.2512669563293457,1.4090117791867428e-16
138 kV El Soco – SPM 2_a,ZPSESE_ZXPSEE-L1,\VM-PF.IntUser\PDD 31-12-2024.IntPrj\Network Model.IntPrjfolder\Network Data.IntPrjfolder\ESTE 138 kV.ElmNet\138 kV El Soco – SPM 2_a.ElmLne,Tap 1 El Soco,WXPSEE,\VM-PF.IntUser\PDD 31-12-2024.IntPrj\Network Model.IntPrjfolder\Network Data.IntPrjfolder\ESTE 138 kV.ElmNet\Tap 1 El Soco.ElmTerm,3,,\VM-PF.IntUser\PDD 31-12-2024.IntPrj\Network Model.IntPrjfolder\Network Data.IntPrjfolder\ESTE 138 kV.ElmNet\El Soco.ElmSite\ZESOCE.ElmSubstat\3.ElmTerm,0,ESTE CERCANO,ESTE,ESTE 138 kV,,,0.9229999780654907,1,0.6629999876022339,0.39794257283210754,0.1073705330491066,1.3840136528015137,0.4379999041557312,1.8964512348175049,3.2512669563293457,-1.2809197842210278e-17
138 kV El Soco – Hato Mayor 2_b,ZHMA2E_ZXES2E-L1,\VM-PF.IntUser\PDD 31-12-2024.IntPrj\Network Model.IntPrjfolder\Network Data.IntPrjfolder\ESTE 138 kV.ElmNet\138 kV El Soco – Hato Mayor 2_b.ElmLne,Tap 2 PS El Soco,WXES2E,\VM-PF.IntUser\PDD 31-12-2024.IntPrj\Network Model.IntPrjfolder\Network Data.IntPrjfolder\ESTE 138 kV.ElmNet\Tap 2 PS El Soco.ElmTerm,5,,\VM-PF.IntUser\PDD 31-12-2024.IntPrj\Network Model.IntPrjfolder\Network Data.IntPrjfolder\ESTE 138 kV.ElmNet\Hato Mayor 2.ElmSite\ZHMA2E.ElmSubstat\5.ElmTerm,0,ESTE CERCANO,ESTE,ESTE 138 kV,,T.ACERO S1/1C/138/1xF - 559.5 AAAC,29.204999923706055,1,0.6629999876022339,12.355701446533203,3.3872692584991455,42.67802047729492,14.529861450195312,53.429019927978516,97.23442077636719,-1.2159023491355105e-15
138 kV Cumayasa – SPM_a,ZCUMAY_ZXCU1E-L1,\VM-PF.IntUser\PDD 31-12-2024.IntPrj\Network Model.IntPrjfolder\Network Data.IntPrjfolder\ESTE 138 kV.ElmNet\138 kV Cumayasa – SPM_a.ElmLne,Tap 1 Cumayasa,WXCU1E,\VM-PF.IntUser\PDD 31-12-2024.IntPrj\Network Model.IntPrjfolder\Network Data.IntPrjfolder\ESTE 138 kV.ElmNet\Tap 1 Cumayasa.ElmTerm,L2,,\VM-PF.IntUser\PDD 31-12-2024.IntPrj\Network Model.IntPrjfolder\Network Data.IntPrjfolder\ESTE 138 kV.ElmNet\Cumayasa.ElmSite\ZCUMAE.ElmSubstat\L2.ElmTerm,0,ESTE PROFUNDO,ESTE,ESTE 138 kV,,,0.30000001192092896,1,0.6629999876022339,0.12934212386608124,0.03489833325147629,0.4498419761657715,0.1423618495464325,0.6163980960845947,1.056749939918518,-4.1633365077804595e-18
138 kV Cumayasa – La Romana_a,ZCUMAY_ZXCU2E-L1,\VM-PF.IntUser\PDD 31-12-2024.IntPrj\Network Model.IntPrjfolder\Network Data.IntPrjfolder\ESTE 138 kV.ElmNet\138 kV Cumayasa – La Romana_a.ElmLne,R1,,\VM-PF.IntUser\PDD 31-12-2024.IntPrj\Network Model.IntPrjfolder\Network Data.IntPrjfolder\ESTE 138 kV.ElmNet\Cumayasa.ElmSite\ZCUMAE.ElmSubstat\R1.ElmTerm,Tap 2 Cumayasa,WXCU2E,\VM-PF.IntUser\PDD 31-12-2024.IntPrj\Network Model.IntPrjfolder\Network Data.IntPrjfolder\ESTE 138 kV.ElmNet\Tap 2 Cumayasa.ElmTerm,0,ESTE PROFUNDO,ESTE,ESTE 138 kV,,,0.30000001192092896,1,0.6629999876022339,0.12934212386608124,0.03489833325147629,0.4498419761657715,0.1423618495464325,0.6163980960845947,1.056749939918518,4.579670241276567e-17
138 kV Bonao 2 – Palamara L2,ZBON2E_ZPALAE-L2,\VM-PF.IntUser\PDD 31-12-2024.IntPrj\Network Model.IntPrjfolder\Network Data.IntPrjfolder\NORTE 138 kV.ElmNet\138 kV Bonao 2 – Palamara L2.ElmLne,E5,,\VM-PF.IntUser\PDD 31-12-2024.IntPrj\Network Model.IntPrjfolder\Network Data.IntPrjfolder\NORTE 138 kV.ElmNet\Bonao 2.ElmSite\ZBON2E.ElmSubstat\E5.ElmTerm,2,,\VM-PF.IntUser\PDD 31-12-2024.IntPrj\Network Model.IntPrjfolder\Network Data.IntPrjfolder\CENTRAL 138 kV.ElmNet\Palamara.ElmSite\ZPALAE.ElmSubstat\2.ElmTerm,0,CIBAO SUR,NORTE,NORTE 138 kV,,,58.0,1,0.5680000185966492,24.965335845947266,7.575953483581543,88.219482421875,28.01995849609375,116.69686889648438,200.43798828125,-3.219646771412954e-15
138 kV Bonao 2 – Palamara L1,ZBON2E_ZPALAE-L1,\VM-PF.IntUser\PDD 31-12-2024.IntPrj\Network Model.IntPrjfolder\Network Data.IntPrjfolder\NORTE 138 kV.ElmNet\138 kV Bonao 2 – Palamara L1.ElmLne,E4,,\VM-PF.IntUser\PDD 31-12-2024.IntPrj\Network Model.IntPrjfolder\Network Data.IntPrjfolder\NORTE 138 kV.ElmNet\Bonao 2.ElmSite\ZBON2E.ElmSubstat\E4.ElmTerm,1,,\VM-PF.IntUser\PDD 31-12-2024.IntPrj\Network Model.IntPrjfolder\Network Data.IntPrjfolder\CENTRAL 138 kV.ElmNet\Palamara.ElmSite\ZPALAE.ElmSubstat\1.ElmTerm,0,CIBAO SUR,NORTE,NORTE 138 kV,,,58.0,1,0.5680000185966492,24.965335845947266,7.575953483581543,88.219482421875,28.01995849609375,116.69686889648438,200.43798828125,5.6343818499726694e-15
138 kV Guayubín – Monte Cristi_a,ZGUAYE_ZMONTE-L1,\VM-PF.IntUser\PDD 31-12-2024.IntPrj\Network Model.IntPrjfolder\Network Data.IntPrjfolder\NORTE 138 kV.ElmNet\138 kV Guayubín – Monte Cristi_a.ElmLne,1,,\VM-PF.IntUser\PDD 31-12-2024.IntPrj\Network Model.IntPrjfolder\Network Data.IntPrjfolder\NORTE 138 kV.ElmNet\Monte Cristi Solar.ElmSite\ZGUAYE.ElmSubstat\1.ElmTerm,Tap 2 Guayubín,WXGY2E,\VM-PF.IntUser\PDD 31-12-2024.IntPrj\Network Model.IntPrjfolder\Network Data.IntPrjfolder\NORTE 138 kV.ElmNet\Tap 2 Guayubín.ElmTerm,0,CIBAO NOROESTE,NORTE,NORTE 138 kV,,,0.061000000685453415,1,0.6629999876022339,0.02629956416785717,0.0070959944278001785,0.09146786481142044,0.028946908190846443,0.12533427774906158,0.21487246453762054,9.31199567198306e-18
69 kV Canabacoa – ZF Santiago_b,ZCANAE_ZXNIBE-L1,\VM-PF.IntUser\PDD 31-12-2024.IntPrj\Network Model.IntPrjfolder\Network Data.IntPrjfolder\NORTE 138 kV.ElmNet\69 kV Canabacoa – ZF Santiago_b.ElmLne,Tap 1 69 kV Nibaje,WXNIBE,\VM-PF.IntUser\PDD 31-12-2024.IntPrj\Network Model.IntPrjfolder\Network Data.IntPrjfolder\NORTE 138 kV.ElmNet\Tap 1 69 kV Nibaje.ElmTerm,Tap 69 kV provisional Canabaoca,WXPCAF,\VM-PF.IntUser\PDD 31-12-2024.IntPrj\Network Model.IntPrjfolder\Network Data.IntPrjfolder\NORTE 138 kV.ElmNet\Tap 69 kV provisional Canabaoca.ElmTerm,1,CIBAO NORTE,NORTE,NORTE 138 kV,,,8.0,1,0.5680000185966492,3.4434945583343506,1.0449590682983398,12.168204307556152,3.8648219108581543,16.096118927001953,27.64661979675293,-4.440892098500626e-16
138 kV Navarrete 2 – Valverde Mao_a,ZNAV2E_ZXCE2E-L1,\VM-PF.IntUser\PDD 31-12-2024.IntPrj\Network Model.IntPrjfolder\Network Data.IntPrjfolder\NORTE 138 kV.ElmNet\138 kV Navarrete 2 – Valverde Mao_a.ElmLne,R1,,\VM-PF.IntUser\PDD 31-12-2024.IntPrj\Network Model.IntPrjfolder\Network Data.IntPrjfolder\NORTE 138 kV.ElmNet\ZNAV2E.ElmSubstat\R1.ElmTerm,Tap 2 Cruce Esperanza,WXCE2E,\VM-PF.IntUser\PDD 31-12-2024.IntPrj\Network Model.IntPrjfolder\Network Data.IntPrjfolder\NORTE 138 kV.ElmNet\Tap 2 Cruce Esperanza.ElmTerm,0,CIBAO NORTE,NORTE,NORTE 138 kV,,,26.0,1,0.6629999876022339,11.209650039672852,3.024522066116333,38.98630142211914,12.33802604675293,53.421165466308594,91.5849838256836,-3.608224830031759e-16
138 kV La Gallera – ZF Santiago,ZLGALE_ZZSANE-L1,\VM-PF.IntUser\PDD 31-12-2024.IntPrj\Network Model.IntPrjfolder\Network Data.IntPrjfolder\NORTE 138 kV.ElmNet\138 kV La Gallera – ZF Santiago.ElmLne,L1,,\VM-PF.IntUser\PDD 31-12-2024.IntPrj\Network Model.IntPrjfolder\Network Data.IntPrjfolder\NORTE 138 kV.ElmNet\ZLGALE.ElmSubstat\L1.ElmTerm,E3,,\VM-PF.IntUser\PDD 31-12-2024.IntPrj\Network Model.IntPrjfolder\Network Data.IntPrjfolder\NORTE 138 kV.ElmNet\ZF Santiago.ElmSite\ZZSANE.ElmSubstat\E3.ElmTerm,0,CIBAO NORTE,NORTE,NORTE 138 kV,,P.TUBULAR PA(1)/1C/138/1xF/559 AAAC,5.699999809265137,1,0.6629999876022339,2.241396427154541,0.661220133304596,8.727571487426758,2.705991268157959,10.29223346710205,20.02388572692871,3.1641355143025777e-16
138 kV Canabacoa – Nibaje_a,ZCANAE_ZNIBAE-L1,\VM-PF.IntUser\PDD 31-12-2024.IntPrj\Network Model.IntPrjfolder\Network Data.IntPrjfolder\NORTE 138 kV.ElmNet\138 kV Canabacoa – Nibaje_a.ElmLne,R2,,\VM-PF.IntUser\PDD 31-12-2024.IntPrj\Network Model.IntPrjfolder\Network Data.IntPrjfolder\NORTE 138 kV.ElmNet\Canabacoa.ElmSite\ZCANAE.ElmSubstat\R2.ElmTerm,Tap 3 Nibaje,WXNI3E,\VM-PF.IntUser\PDD 31-12-2024.IntPrj\Network Model.IntPrjfolder\Network Data.IntPrjfolder\NORTE 138 kV.ElmNet\Tap 3 Nibaje.ElmTerm,0,CIBAO NORTE,NORTE,NORTE 138 kV,,,8.0,1,0.5680000185966492,3.4434945583343506,1.0449590682983398,12.168204307556152,3.8648219108581543,16.096118927001953,27.64661979675293,7.771561172376096e-16
138 kV Canabacoa – La Gallera,ZCANAE_ZLGALE-L1,\VM-PF.IntUser\PDD 31-12-2024.IntPrj\Network Model.IntPrjfolder\Network Data.IntPrjfolder\NORTE 138 kV.ElmNet\138 kV Canabacoa – La Gallera.ElmLne,R1,,\VM-PF.IntUser\PDD 31-12-2024.IntPrj\Network Model.IntPrjfolder\Network Data.IntPrjfolder\NORTE 138 kV.ElmNet\ZLGALE.ElmSubstat\R1.ElmTerm,R3,,\VM-PF.IntUser\PDD 31-12-2024.IntPrj\Network Model.IntPrjfolder\Network Data.IntPrjfolder\NORTE 138 kV.ElmNet\Canabacoa.ElmSite\ZCANAE.ElmSubstat\R3.ElmTerm,0,CIBAO NORTE,NORTE,NORTE 138 kV,,P.TUBULAR PA(1)/1C/138/1xF/559 AAAC,9.800000190734863,1,0.6629999876022339,3.8536291122436523,1.1368346214294434,15.00529956817627,4.652406215667725,17.69542121887207,34.427032470703125,5.440092926542385e-16
138 kV Bonao 2 – Canabacoa L1,ZBON2E_ZCANAE-L1,\VM-PF.IntUser\PDD 31-12-2024.IntPrj\Network Model.IntPrjfolder\Network Data.IntPrjfolder\NORTE 138 kV.ElmNet\138 kV Bonao 2 – Canabacoa L1.ElmLne,E3,,\VM-PF.IntUser\PDD 31-12-2024.IntPrj\Network Model.IntPrjfolder\Network Data.IntPrjfolder\NORTE 138 kV.ElmNet\Bonao 2.ElmSite\ZBON2E.ElmSubstat\E3.ElmTerm,R1,,\VM-PF.IntUser\PDD 31-12-2024.IntPrj\Network Model.IntPrjfolder\Network Data.IntPrjfolder\NORTE 138 kV.ElmNet\Canabacoa.ElmSite\ZCANAE.ElmSubstat\R1.ElmTerm,0,CIBAO SUR,NORTE,NORTE 138 kV,,,67.0,1,0.5680000185966492,28.83926773071289,8.751532554626465,101.9087142944336,32.36788558959961,134.8050079345703,231.54043579101562,-3.7192471324942744e-15
138 kV Bonao 2 – Canabacoa L2,ZBON2E_ZCANAE-L2,\VM-PF.IntUser\PDD 31-12-2024.IntPrj\Network Model.IntPrjfolder\Network Data.IntPrjfolder\NORTE 138 kV.ElmNet\138 kV Bonao 2 – Canabacoa L2.ElmLne,E6,,\VM-PF.IntUser\PDD 31-12-2024.IntPrj\Network Model.IntPrjfolder\Network Data.IntPrjfolder\NORTE 138 kV.ElmNet\Bonao 2.ElmSite\ZBON2E.ElmSubstat\E6.ElmTerm,L7,,\VM-PF.IntUser\PDD 31-12-2024.IntPrj\Network Model.IntPrjfolder\Network Data.IntPrjfolder\NORTE 138 kV.ElmNet\Canabacoa.ElmSite\ZCANAE.ElmSubstat\L7.ElmTerm,0,CIBAO SUR,NORTE,NORTE 138 kV,,,67.0,1,0.5680000185966492,28.83926773071289,8.751532554626465,101.9087142944336,32.36788558959961,134.8050079345703,231.54043579101562,6.50868248186498e-15
138 kV Canabacoa – Tavera L1,ZCANAE_ZTAVEE-L1,\VM-PF.IntUser\PDD 31-12-2024.IntPrj\Network Model.IntPrjfolder\Network Data.IntPrjfolder\NORTE 138 kV.ElmNet\138 kV Canabacoa – Tavera L1.ElmLne,1,,\VM-PF.IntUser\PDD 31-12-2024.IntPrj\Network Model.IntPrjfolder\Network Data.IntPrjfolder\NORTE 138 kV.ElmNet\Tavera.ElmSite\ZTAVEE.ElmSubstat\1.ElmTerm,L5,,\VM-PF.IntUser\PDD 31-12-2024.IntPrj\Network Model.IntPrjfolder\Network Data.IntPrjfolder\NORTE 138 kV.ElmNet\Canabacoa.ElmSite\ZCANAE.ElmSubstat\L5.ElmTerm,0,CIBAO NORTE,NORTE,NORTE 138 kV,,,15.899999618530273,1,0.9610000252723694,5.754602909088135,0.9968909621238708,23.763771057128906,7.252669811248779,33.14706802368164,58.95380401611328,-1.1032841307212493e-15
138 kV Canabacoa – Tavera L2,ZCANAE_ZTAVBE-L1,\VM-PF.IntUser\PDD 31-12-2024.IntPrj\Network Model.IntPrjfolder\Network Data.IntPrjfolder\NORTE 138 kV.ElmNet\138 kV Canabacoa – Tavera L2.ElmLne,2,,\VM-PF.IntUser\PDD 31-12-2024.IntPrj\Network Model.IntPrjfolder\Network Data.IntPrjfolder\NORTE 138 kV.ElmNet\Tavera.ElmSite\ZTAVEE.ElmSubstat\2.ElmTerm,L6,,\VM-PF.IntUser\PDD 31-12-2024.IntPrj\Network Model.IntPrjfolder\Network Data.IntPrjfolder\NORTE 138 kV.ElmNet\Canabacoa.ElmSite\ZCANAE.ElmSubstat\L6.ElmTerm,0,CIBAO NORTE,NORTE,NORTE 138 kV,,,15.899999618530273,1,0.9610000252723694,5.754602909088135,0.9968909621238708,23.763771057128906,7.252669811248779,33.14706802368164,58.95380401611328,-1.9859113082433067e-15
138 kV Agua Clara – Navarrete 2_c,ZNAV2E_ZXCE1E-L1,\VM-PF.IntUser\PDD 31-12-2024.IntPrj\Network Model.IntPrjfolder\Network Data.IntPrjfolder\NORTE 138 kV.ElmNet\138 kV Agua Clara – Navarrete 2_c.ElmLne,R2,,\VM-PF.IntUser\PDD 31-12-2024.IntPrj\Network Model.IntPrjfolder\Network Data.IntPrjfolder\NORTE 138 kV.ElmNet\ZNAV2E.ElmSubstat\R2.ElmTerm,Tap 1 Cruce Esperanza,WXCE1E,\VM-PF.IntUser\PDD 31-12-2024.IntPrj\Network Model.IntPrjfolder\Network Data.IntPrjfolder\NORTE 138 kV.ElmNet\Tap 1 Cruce Esperanza.ElmTerm,0,CIBAO NORTE,NORTE,NORTE 138 kV,,,26.0,1,0.6629999876022339,11.209650039672852,3.024522066116333,38.98630142211914,12.33802604675293,53.421165466308594,91.5849838256836,3.969047313034935e-15
138 kV Navarrete 2 – Valverde Mao_b,ZVMAOE_ZXCE2E-L1,\VM-PF.IntUser\PDD 31-12-2024.IntPrj\Network Model.IntPrjfolder\Network Data.IntPrjfolder\NORTE 138 kV.ElmNet\138 kV Navarrete 2 – Valverde Mao_b.ElmLne,Tap 2 Cruce Esperanza,WXCE2E,\VM-PF.IntUser\PDD 31-12-2024.IntPrj\Network Model.IntPrjfolder\Network Data.IntPrjfolder\NORTE 138 kV.ElmNet\Tap 2 Cruce Esperanza.ElmTerm,3,,\VM-PF.IntUser\PDD 31-12-2024.IntPrj\Network Model.IntPrjfolder\Network Data.IntPrjfolder\NORTE 138 kV.ElmNet\ZVMAOE.ElmSubstat\3.ElmTerm,0,CIBAO NOROESTE,NORTE,NORTE 138 kV,,T.ACERO S1(2)/1C/138/1xF/559 AAAC,10.899999618530273,1,0.6629999876022339,4.699429988861084,1.267972707748413,16.344257354736328,5.17248010635376,19.42511749267578,38.341827392578125,9.076072379277707e-16
138 kV Nagua 2 – Pimentel,ZNAG2E_ZPIMEE-L1,\VM-PF.IntUser\PDD 31-12-2024.IntPrj\Network Model.IntPrjfolder\Network Data.IntPrjfolder\NORTE 138 kV.ElmNet\138 kV Nagua 2 – Pimentel.ElmLne,R3,,\VM-PF.IntUser\PDD 31-12-2024.IntPrj\Network Model.IntPrjfolder\Network Data.IntPrjfolder\NORTE 138 kV.ElmNet\Pimentel.ElmSite\ZPIMEE.ElmSubstat\R3.ElmTerm,WNAG2E(3),,\VM-PF.IntUser\PDD 31-12-2024.IntPrj\Network Model.IntPrjfolder\Network Data.IntPrjfolder\NORTE 138 kV.ElmNet\Nagua.ElmSite\ZNAG2E.ElmSubstat\WNAG2E(3).ElmTerm,0,CIBAO NORESTE,NORTE,NORTE 138 kV,,T.ACERO SS1/1C/138/1xF - 559 AAAC,40.0,1,0.6629999876022339,16.72857093811035,4.641536235809326,58.4565315246582,19.97730827331543,73.43783569335938,132.80377197265625,-1.6653345369377348e-15
138 kV Pimentel – SFM,ZPIMEE_ZSFMAE-L1,\VM-PF.IntUser\PDD 31-12-2024.IntPrj\Network Model.IntPrjfolder\Network Data.IntPrjfolder\NORTE 138 kV.ElmNet\138 kV Pimentel – SFM.ElmLne,2,,\VM-PF.IntUser\PDD 31-12-2024.IntPrj\Network Model.IntPrjfolder\Network Data.IntPrjfolder\NORTE 138 kV.ElmNet\SFM.ElmSite\ZSFMAE.ElmSubstat\2.ElmTerm,L2,,\VM-PF.IntUser\PDD 31-12-2024.IntPrj\Network Model.IntPrjfolder\Network Data.IntPrjfolder\NORTE 138 kV.ElmNet\Pimentel.ElmSite\ZPIMEE.ElmSubstat\L2.ElmTerm,0,CIBAO NORESTE,NORTE,NORTE 138 kV,,T.ACERO S1/1C/138/1xF - 559.5 AAAC,25.0,1,0.6629999876022339,10.576700210571289,2.8995628356933594,36.533145904541016,12.437820434570312,45.73619079589844,83.2343978881836,-1.0408340855860843e-15
138 kV Los Guzmancito – Puerto Plata 2_b,ZNAV2E_ZPPL2E-L1,\VM-PF.IntUser\PDD 31-12-2024.IntPrj\Network Model.IntPrjfolder\Network Data.IntPrjfolder\NORTE 138 kV.ElmNet\138 kV Los Guzmancito – Puerto Plata 2_b.ElmLne,E3,,\VM-PF.IntUser\PDD 31-12-2024.IntPrj\Network Model.IntPrjfolder\Network Data.IntPrjfolder\NORTE 138 kV.ElmNet\Puerto Plata 2.ElmSite\ZPPL2E.ElmSubstat\E3.ElmTerm,Tap 2 Guzmancito,WXLG2E,\VM-PF.IntUser\PDD 31-12-2024.IntPrj\Network Model.IntPrjfolder\Network Data.IntPrjfolder\NORTE 138 kV.ElmNet\Tap 2 Guzmancito.ElmTerm,0,CIBAO NORTE,NORTE,NORTE 138 kV,,,7.199999809265137,1,1.3259999752044678,2.578260898590088,0.4195791184902191,9.853958129882812,2.3809139728546143,18.36415672302246,36.24100112915039,7.99360556554289e-16
138 kV Monción – Valverde Mao_a,ZMONCE_ZXCQ2E-L1,\VM-PF.IntUser\PDD 31-12-2024.IntPrj\Network Model.IntPrjfolder\Network Data.IntPrjfolder\NORTE 138 kV.ElmNet\138 kV Monción – Valverde Mao_a.ElmLne,4,,\VM-PF.IntUser\PDD 31-12-2024.IntPrj\Network Model.IntPrjfolder\Network Data.IntPrjfolder\NORTE 138 kV.ElmNet\Monción.ElmSite\ZMONCE.ElmSubstat\4.ElmTerm,Tap 2 Cruce Los Quema,WXCQ2E,\VM-PF.IntUser\PDD 31-12-2024.IntPrj\Network Model.IntPrjfolder\Network Data.IntPrjfolder\NORTE 138 kV.ElmNet\Tap 2 Cruce Los Quema.ElmTerm,0,CIBAO NOROESTE,NORTE,NORTE 138 kV,,,14.680000305175781,1,0.6629999876022339,6.329141139984131,1.7076917886734009,22.012266159057617,6.9662394523620605,30.162410736083984,51.71029281616211,2.240985327671809e-15
138 kV Monción – Valverde Mao_b,ZVMAOE_ZXCQ2E-L1,\VM-PF.IntUser\PDD 31-12-2024.IntPrj\Network Model.IntPrjfolder\Network Data.IntPrjfolder\NORTE 138 kV.ElmNet\138 kV Monción – Valverde Mao_b.ElmLne,Tap 2 Cruce Los Quema,WXCQ2E,\VM-PF.IntUser\PDD 31-12-2024.IntPrj\Network Model.IntPrjfolder\Network Data.IntPrjfolder\NORTE 138 kV.ElmNet\Tap 2 Cruce Los Quema.ElmTerm,1,,\VM-PF.IntUser\PDD 31-12-2024.IntPrj\Network Model.IntPrjfolder\Network Data.IntPrjfolder\NORTE 138 kV.ElmNet\ZVMAOE.ElmSubstat\1.ElmTerm,0,CIBAO NOROESTE,NORTE,NORTE 138 kV,,T.ACERO S1/1C/138/1xF - 559.5 AAAC,12.0,1,0.6629999876022339,5.076816082000732,1.3917901515960693,17.53590965270996,5.97015380859375,21.953372955322266,39.952510833740234,-4.996003610813204e-16
138 kV Dajabón – Santiago Rodríguez_b,ZSRODE_ZXSR2E-L1,\VM-PF.IntUser\PDD 31-12-2024.IntPrj\Network Model.IntPrjfolder\Network Data.IntPrjfolder\NORTE 138 kV.ElmNet\138 kV Dajabón – Santiago Rodríguez_b.ElmLne,1,,\VM-PF.IntUser\PDD 31-12-2024.IntPrj\Network Model.IntPrjfolder\Network Data.IntPrjfolder\NORTE 138 kV.ElmNet\ZSRODE.ElmSubstat\1.ElmTerm,Tap 2 Santiago Rodríguez,WXSR2E,\VM-PF.IntUser\PDD 31-12-2024.IntPrj\Network Model.IntPrjfolder\Network Data.IntPrjfolder\NORTE 138 kV.ElmNet\Tap 2 Santiago Rodríguez.ElmTerm,0,CIBAO NOROESTE,NORTE,NORTE 138 kV,,T.ACERO S1(2)/1C/138/1xF/559 AAAC,0.9700000286102295,1,0.6629999876022339,0.41820618510246277,0.11283794045448303,1.45448899269104,0.46030330657958984,1.7286573648452759,3.4120712280273438,8.07687274237603e-17
138 kV Monción – Santiago Rodríguez_b,ZXCQ1E_ZXSR1E-L1,\VM-PF.IntUser\PDD 31-12-2024.IntPrj\Network Model.IntPrjfolder\Network Data.IntPrjfolder\NORTE 138 kV.ElmNet\138 kV Monción – Santiago Rodríguez_b.ElmLne,Tap 1 Santiago Rodríguez,WXSR1E,\VM-PF.IntUser\PDD 31-12-2024.IntPrj\Network Model.IntPrjfolder\Network Data.IntPrjfolder\NORTE 138 kV.ElmNet\Tap 1 Santiago Rodríguez.ElmTerm,Tap 1 Cruce Los Quema,WXCQ1E,\VM-PF.IntUser\PDD 31-12-2024.IntPrj\Network Model.IntPrjfolder\Network Data.IntPrjfolder\NORTE 138 kV.ElmNet\Tap 1 Cruce Los Quema.ElmTerm,0,CIBAO NOROESTE,NORTE,NORTE 138 kV,,T.ACERO S1/1C/138/1xF - 559.5 AAAC,18.31999969482422,1,0.6629999876022339,7.750605583190918,2.1247997283935547,26.771488189697266,9.114434242248535,33.515480041503906,60.994163513183594,-7.627232052119883e-16
138 kV Monción – Santiago Rodríguez_a,ZMONCE_ZXCQ1E-L1,\VM-PF.IntUser\PDD 31-12-2024.IntPrj\Network Model.IntPrjfolder\Network Data.IntPrjfolder\NORTE 138 kV.ElmNet\138 kV Monción – Santiago Rodríguez_a.ElmLne,Tap 1 Cruce Los Quema,WXCQ1E,\VM-PF.IntUser\PDD 31-12-2024.IntPrj\Network Model.IntPrjfolder\Network Data.IntPrjfolder\NORTE 138 kV.ElmNet\Tap 1 Cruce Los Quema.ElmTerm,1,,\VM-PF.IntUser\PDD 31-12-2024.IntPrj\Network Model.IntPrjfolder\Network Data.IntPrjfolder\NORTE 138 kV.ElmNet\Monción.ElmSite\ZMONCE.ElmSubstat\1.ElmTerm,0,CIBAO NOROESTE,NORTE,NORTE 138 kV,,,14.680000305175781,1,0.6629999876022339,6.329141139984131,1.7076917886734009,22.012266159057617,6.9662394523620605,30.162410736083984,51.71029281616211,-2.0372592925388096e-16
138 kV Dajabón – Santiago Rodríguez_a,ZDAJAE_ZXSR2E-L1,\VM-PF.IntUser\PDD 31-12-2024.IntPrj\Network Model.IntPrjfolder\Network Data.IntPrjfolder\NORTE 138 kV.ElmNet\138 kV Dajabón – Santiago Rodríguez_a.ElmLne,2,,\VM-PF.IntUser\PDD 31-12-2024.IntPrj\Network Model.IntPrjfolder\Network Data.IntPrjfolder\NORTE 138 kV.ElmNet\ZDAJAE.ElmSubstat\2.ElmTerm,Tap 2 Santiago Rodríguez,WXSR2E,\VM-PF.IntUser\PDD 31-12-2024.IntPrj\Network Model.IntPrjfolder\Network Data.IntPrjfolder\NORTE 138 kV.ElmNet\Tap 2 Santiago Rodríguez.ElmTerm,0,CIBAO NOROESTE,NORTE,NORTE 138 kV,,T.ACERO S1/1C/138/1xF - 559.5 AAAC,45.83000183105469,1,0.6629999876022339,19.38920783996582,5.315478801727295,66.97256469726562,22.80101203918457,83.84358978271484,152.58529663085938,-1.908057121929375e-15
138 kV Moca – Salcedo,ZMOCAE_ZSALCE-L1,\VM-PF.IntUser\PDD 31-12-2024.IntPrj\Network Model.IntPrjfolder\Network Data.IntPrjfolder\NORTE 138 kV.ElmNet\138 kV Moca – Salcedo.ElmLne,2,,\VM-PF.IntUser\PDD 31-12-2024.IntPrj\Network Model.IntPrjfolder\Network Data.IntPrjfolder\NORTE 138 kV.ElmNet\ZMOCAE.ElmSubstat\2.ElmTerm,WSALCE(3),,\VM-PF.IntUser\PDD 31-12-2024.IntPrj\Network Model.IntPrjfolder\Network Data.IntPrjfolder\NORTE 138 kV.ElmNet\ZSALCE.ElmSubstat\WSALCE(3).ElmTerm,0,CIBAO NORTE,NORTE,NORTE 138 kV,,T.ACERO S1(2)/1C/138/1xF/559 AAAC,12.0,1,0.6629999876022339,5.173684597015381,1.3959332704544067,17.993677139282227,5.694473743438721,21.385452270507812,42.21118927001953,9.992007221626409e-16
138 kV Salcedo – SFM,ZSALCE_ZSFMAE-L1,\VM-PF.IntUser\PDD 31-12-2024.IntPrj\Network Model.IntPrjfolder\Network Data.IntPrjfolder\NORTE 138 kV.ElmNet\138 kV Salcedo – SFM.ElmLne,WSALCE(1),,\VM-PF.IntUser\PDD 31-12-2024.IntPrj\Network Model.IntPrjfolder\Network Data.IntPrjfolder\NORTE 138 kV.ElmNet\ZSALCE.ElmSubstat\WSALCE(1).ElmTerm,1,,\VM-PF.IntUser\PDD 31-12-2024.IntPrj\Network Model.IntPrjfolder\Network Data.IntPrjfolder\NORTE 138 kV.ElmNet\SFM.ElmSite\ZSFMAE.ElmSubstat\1.ElmTerm,0,CIBAO NORESTE,NORTE,NORTE 138 kV,,T.ACERO S1(2)/1C/138/1xF/559 AAAC,22.0,1,0.6629999876022339,9.485088348388672,2.559211015701294,32.98841094970703,10.439867973327637,39.206661224365234,77.38717651367188,1.8318679906315083e-15
138 kV Sánchez – Samaná,ZSAMAE_ZSANCE-L1,\VM-PF.IntUser\PDD 31-12-2024.IntPrj\Network Model.IntPrjfolder\Network Data.IntPrjfolder\NORTE 138 kV.ElmNet\138 kV Sánchez – Samaná.ElmLne,WSANCE(2),,\VM-PF.IntUser\PDD 31-12-2024.IntPrj\Network Model.IntPrjfolder\Network Data.IntPrjfolder\NORTE 138 kV.ElmNet\ZSANCE.ElmSubstat\WSANCE(2).ElmTerm,WSAMAE(2),,\VM-PF.IntUser\PDD 31-12-2024.IntPrj\Network Model.IntPrjfolder\Network Data.IntPrjfolder\NORTE 138 kV.ElmNet\ZSAMAE.ElmSubstat\WSAMAE(2).ElmTerm,0,CIBAO NORESTE,NORTE,NORTE 138 kV,,T.ACERO SS1/1C/138/1xF - 559 AAAC,32.5,1,0.6629999876022339,13.591963768005371,3.7712481021881104,47.49592971801758,16.231563568115234,59.668243408203125,107.90306854248047,-1.3530843112619095e-15
138 kV Nagua 2 – Sánchez,ZNAG2E_ZSANCE-L1,\VM-PF.IntUser\PDD 31-12-2024.IntPrj\Network Model.IntPrjfolder\Network Data.IntPrjfolder\NORTE 138 kV.ElmNet\138 kV Nagua 2 – Sánchez.ElmLne,WNAG2E(2),,\VM-PF.IntUser\PDD 31-12-2024.IntPrj\Network Model.IntPrjfolder\Network Data.IntPrjfolder\NORTE 138 kV.ElmNet\Nagua.ElmSite\ZNAG2E.ElmSubstat\WNAG2E(2).ElmTerm,WSANCE(3),,\VM-PF.IntUser\PDD 31-12-2024.IntPrj\Network Model.IntPrjfolder\Network Data.IntPrjfolder\NORTE 138 kV.ElmNet\ZSANCE.ElmSubstat\WSANCE(3).ElmTerm,0,CIBAO NORESTE,NORTE,NORTE 138 kV,,T.ACERO SS1/1C/138/1xF - 559 AAAC,37.5,1,0.6629999876022339,15.683034896850586,4.3514404296875,54.80299758911133,18.728727340698242,68.84796905517578,124.5035400390625,-1.5612511283791264e-15
138 kV Canabacoa – Moca,ZCANAE_ZMOCAE-L1,\VM-PF.IntUser\PDD 31-12-2024.IntPrj\Network Model.IntPrjfolder\Network Data.IntPrjfolder\NORTE 138 kV.ElmNet\138 kV Canabacoa – Moca.ElmLne,R4,,\VM-PF.IntUser\PDD 31-12-2024.IntPrj\Network Model.IntPrjfolder\Network Data.IntPrjfolder\NORTE 138 kV.ElmNet\Canabacoa.ElmSite\ZCANAE.ElmSubstat\R4.ElmTerm,3,,\VM-PF.IntUser\PDD 31-12-2024.IntPrj\Network Model.IntPrjfolder\Network Data.IntPrjfolder\NORTE 138 kV.ElmNet\ZMOCAE.ElmSubstat\3.ElmTerm,0,CIBAO NORTE,NORTE,NORTE 138 kV,,T.ACERO S1(2)/1C/138/1xF/559 AAAC,21.0,1,0.6629999876022339,9.053948402404785,2.442883253097534,31.488935470581055,9.96532917022705,37.42454147338867,73.86957550048828,1.7486012637846216e-15
69 kV Canabacoa – ZF Santiago_a,ZXNIBE_ZZSANE-L1,\VM-PF.IntUser\PDD 31-12-2024.IntPrj\Network Model.IntPrjfolder\Network Data.IntPrjfolder\NORTE 138 kV.ElmNet\69 kV Canabacoa – ZF Santiago_a.ElmLne,2,,\VM-PF.IntUser\PDD 31-12-2024.IntPrj\Network Model.IntPrjfolder\Network Data.IntPrjfolder\NORTE 138 kV.ElmNet\ZF Santiago.ElmSite\ZZSANF.ElmSubstat\2.ElmTerm,Tap 1 69 kV Nibaje,WXNIBE,\VM-PF.IntUser\PDD 31-12-2024.IntPrj\Network Model.IntPrjfolder\Network Data.IntPrjfolder\NORTE 138 kV.ElmNet\Tap 1 69 kV Nibaje.ElmTerm,1,CIBAO NORTE,NORTE,NORTE 138 kV,,,8.0,1,0.5680000185966492,3.4434945583343506,1.0449590682983398,12.168204307556152,3.8648219108581543,16.096118927001953,27.64661979675293,-4.440892098500626e-16
138 kV Nibaje – ZF Santiago_b,ZNIBAE_ZZSANE-L1,\VM-PF.IntUser\PDD 31-12-2024.IntPrj\Network Model.IntPrjfolder\Network Data.IntPrjfolder\NORTE 138 kV.ElmNet\138 kV Nibaje – ZF Santiago_b.ElmLne,E9,,\VM-PF.IntUser\PDD 31-12-2024.IntPrj\Network Model.IntPrjfolder\Network Data.IntPrjfolder\NORTE 138 kV.ElmNet\ZF Santiago.ElmSite\ZZSANE.ElmSubstat\E9.ElmTerm,Tap 2 Nibaje,WXNI2E,\VM-PF.IntUser\PDD 31-12-2024.IntPrj\Network Model.IntPrjfolder\Network Data.IntPrjfolder\NORTE 138 kV.ElmNet\Tap 2 Nibaje.ElmTerm,0,CIBAO NORTE,NORTE,NORTE 138 kV,,,8.0,1,0.5680000185966492,3.4434945583343506,1.0449590682983398,12.168204307556152,3.8648219108581543,16.096118927001953,27.64661979675293,7.771561172376096e-16
138 kV Puerto Plata 2 – ZF Santiago L1,ZPPL2E_ZZSANE-L1_c,\VM-PF.IntUser\PDD 31-12-2024.IntPrj\Network Model.IntPrjfolder\Network Data.IntPrjfolder\NORTE 138 kV.ElmNet\138 kV Puerto Plata 2 – ZF Santiago L1.ElmLne,,,,E1,,\VM-PF.IntUser\PDD 31-12-2024.IntPrj\Network Model.IntPrjfolder\Network Data.IntPrjfolder\NORTE 138 kV.ElmNet\ZF Santiago.ElmSite\ZZSANE.ElmSubstat\E1.ElmTerm,1,,,NORTE 138 kV,,,19.18000030517578,1,0.5680000185966492,8.255778312683105,2.5052895545959473,29.17327117919922,9.265911102294922,38.59044647216797,66.28276824951172,1.8632319266024405e-15
138 kV Puerto Plata 2 – ZF Santiago L2,ZPPL2E_ZZSANE-L2,\VM-PF.IntUser\PDD 31-12-2024.IntPrj\Network Model.IntPrjfolder\Network Data.IntPrjfolder\NORTE 138 kV.ElmNet\138 kV Puerto Plata 2 – ZF Santiago L2.ElmLne,E5,,\VM-PF.IntUser\PDD 31-12-2024.IntPrj\Network Model.IntPrjfolder\Network Data.IntPrjfolder\NORTE 138 kV.ElmNet\Puerto Plata 2.ElmSite\ZPPL2E.ElmSubstat\E5.ElmTerm,E2,,\VM-PF.IntUser\PDD 31-12-2024.IntPrj\Network Model.IntPrjfolder\Network Data.IntPrjfolder\NORTE 138 kV.ElmNet\ZF Santiago.ElmSite\ZZSANE.ElmSubstat\E2.ElmTerm,1,CIBAO NORTE,NORTE,NORTE 138 kV,,T.ACERO S1 1C 1xF 450 ACAR-138 kV,51.70000076293945,1,0.5680000185966492,23.03650665283203,6.76069450378418,77.96086883544922,24.9717960357666,91.29292297363281,178.60012817382812,-5.739853122015354e-15
138 kV Puerto Plata 2 – San Felipe L2,ZPPL2E_ZSFELE-L2,\VM-PF.IntUser\PDD 31-12-2024.IntPrj\Network Model.IntPrjfolder\Network Data.IntPrjfolder\NORTE 138 kV.ElmNet\138 kV Puerto Plata 2 – San Felipe L2.ElmLne,138 kV San Felipe B2,WSFEL2,\VM-PF.IntUser\PDD 31-12-2024.IntPrj\Network Model.IntPrjfolder\Network Data.IntPrjfolder\NORTE 138 kV.ElmNet\ZSFELE.ElmSubstat\138 kV San Felipe B2.ElmTerm,E8,,\VM-PF.IntUser\PDD 31-12-2024.IntPrj\Network Model.IntPrjfolder\Network Data.IntPrjfolder\NORTE 138 kV.ElmNet\Puerto Plata 2.ElmSite\ZPPL2E.ElmSubstat\E8.ElmTerm,0,CIBAO NORTE,NORTE,NORTE 138 kV,,P.TUBULAR PA(1)/1C/138/1xF/559 AAAC,2.0,1,0.6629999876022339,0.7864548563957214,0.23200707137584686,3.0623059272766113,0.9494706392288208,3.6113102436065674,7.0259246826171875,1.1102230246251565e-16
138 kV López Angostura – Tavera,ZLANGE_ZTAVBE-L1,\VM-PF.IntUser\PDD 31-12-2024.IntPrj\Network Model.IntPrjfolder\Network Data.IntPrjfolder\NORTE 138 kV.ElmNet\138 kV López Angostura – Tavera.ElmLne,WLANGE(1),,\VM-PF.IntUser\PDD 31-12-2024.IntPrj\Network Model.IntPrjfolder\Network Data.IntPrjfolder\NORTE 138 kV.ElmNet\López Angostura.ElmSite\ZLANGE.ElmSubstat\WLANGE(1).ElmTerm,5,,\VM-PF.IntUser\PDD 31-12-2024.IntPrj\Network Model.IntPrjfolder\Network Data.IntPrjfolder\NORTE 138 kV.ElmNet\Tavera.ElmSite\ZTAVEE.ElmSubstat\5.ElmTerm,0,CIBAO NORTE,NORTE,NORTE 138 kV,,T.ACERO S2/1C/138/1xF - 477 ACSR,5.5,1,0.6589999794960022,2.314603090286255,0.6449209451675415,8.181654930114746,2.7199227809906006,10.223143577575684,18.67331886291504,1.9081958235744878e-16
138 kV Bonao 2 – Bonao 3 L1,ZBON2E_ZBON3E-L1,\VM-PF.IntUser\PDD 31-12-2024.IntPrj\Network Model.IntPrjfolder\Network Data.IntPrjfolder\NORTE 138 kV.ElmNet\138 kV Bonao 2 – Bonao 3 L1.ElmLne,1,,\VM-PF.IntUser\PDD 31-12-2024.IntPrj\Network Model.IntPrjfolder\Network Data.IntPrjfolder\Expansión 345 kV.ElmNet\Bonao 3.ElmSite\ZBON3E.ElmSubstat\1.ElmTerm,E1,,\VM-PF.IntUser\PDD 31-12-2024.IntPrj\Network Model.IntPrjfolder\Network Data.IntPrjfolder\NORTE 138 kV.ElmNet\Bonao 2.ElmSite\ZBON2E.ElmSubstat\E1.ElmTerm,0,CIBAO SUR,NORTE,NORTE 138 kV,,,0.3050000071525574,1,1.3259999752044678,0.10921800881624222,0.017773838713765144,0.41742461919784546,0.1008581593632698,0.7779261469841003,1.535209059715271,-4.2327255460812053e-17
138 kV El Naranjo – Puerto Plata 2_a,ZNARAE_ZXNAVE-L1,\VM-PF.IntUser\PDD 31-12-2024.IntPrj\Network Model.IntPrjfolder\Network Data.IntPrjfolder\NORTE 138 kV.ElmNet\138 kV El Naranjo – Puerto Plata 2_a.ElmLne,E2,,\VM-PF.IntUser\PDD 31-12-2024.IntPrj\Network Model.IntPrjfolder\Network Data.IntPrjfolder\Expansión 345 kV.ElmNet\El Naranjo.ElmSite\ZNARAD.ElmSubstat\E2.ElmTerm,Tap Navarrete 2,WXNV2E,\VM-PF.IntUser\PDD 31-12-2024.IntPrj\Network Model.IntPrjfolder\Network Data.IntPrjfolder\NORTE 138 kV.ElmNet\Tap Navarrete 2.ElmTerm,0,CIBAO NORTE,NORTE,NORTE 138 kV,,,27.549999237060547,1,1.3259999752044678,9.865428924560547,1.6054729223251343,37.705074310302734,9.110301971435547,70.2684097290039,138.6721649169922,3.0586643481390115e-15
138 kV Bonao 2 – Bonao 3 L2,,\VM-PF.IntUser\PDD 31-12-2024.IntPrj\Network Model.IntPrjfolder\Network Data.IntPrjfolder\NORTE 138 kV.ElmNet\138 kV Bonao 2 – Bonao 3 L2.ElmLne,4,,\VM-PF.IntUser\PDD 31-12-2024.IntPrj\Network Model.IntPrjfolder\Network Data.IntPrjfolder\Expansión 345 kV.ElmNet\Bonao 3.ElmSite\ZBON3E.ElmSubstat\4.ElmTerm,E8,,\VM-PF.IntUser\PDD 31-12-2024.IntPrj\Network Model.IntPrjfolder\Network Data.IntPrjfolder\NORTE 138 kV.ElmNet\Bonao 2.ElmSite\ZBON2E.ElmSubstat\E8.ElmTerm,0,CIBAO SUR,NORTE,NORTE 138 kV,,,0.3050000071525574,1,1.3259999752044678,0.10921800881624222,0.017773838713765144,0.41742461919784546,0.1008581593632698,0.7779261469841003,1.535209059715271,3.386180304516066e-17
138 kV Monción – Santiago Rodríguez_c,ZSRODE_ZXSR1E-L2,\VM-PF.IntUser\PDD 31-12-2024.IntPrj\Network Model.IntPrjfolder\Network Data.IntPrjfolder\NORTE 138 kV.ElmNet\138 kV Monción – Santiago Rodríguez_c.ElmLne,Tap 1 Santiago Rodríguez,WXSR1E,\VM-PF.IntUser\PDD 31-12-2024.IntPrj\Network Model.IntPrjfolder\Network Data.IntPrjfolder\NORTE 138 kV.ElmNet\Tap 1 Santiago Rodríguez.ElmTerm,2,,\VM-PF.IntUser\PDD 31-12-2024.IntPrj\Network Model.IntPrjfolder\Network Data.IntPrjfolder\NORTE 138 kV.ElmNet\ZSRODE.ElmSubstat\2.ElmTerm,0,CIBAO NOROESTE,NORTE,NORTE 138 kV,,T.ACERO S1(2)/1C/138/1xF/559 AAAC,0.9700000286102295,1,0.6629999876022339,0.41820618510246277,0.11283794045448303,1.45448899269104,0.46030330657958984,1.7286573648452759,3.4120712280273438,8.07687274237603e-17
138 kV Puerto Plata 2 – San Felipe L1,ZPPL2E_ZSFELE-L1,\VM-PF.IntUser\PDD 31-12-2024.IntPrj\Network Model.IntPrjfolder\Network Data.IntPrjfolder\NORTE 138 kV.ElmNet\138 kV Puerto Plata 2 – San Felipe L1.ElmLne,E4,,\VM-PF.IntUser\PDD 31-12-2024.IntPrj\Network Model.IntPrjfolder\Network Data.IntPrjfolder\NORTE 138 kV.ElmNet\Puerto Plata 2.ElmSite\ZPPL2E.ElmSubstat\E4.ElmTerm,1,,\VM-PF.IntUser\PDD 31-12-2024.IntPrj\Network Model.IntPrjfolder\Network Data.IntPrjfolder\NORTE 138 kV.ElmNet\ZSFELE.ElmSubstat\1.ElmTerm,0,CIBAO NORTE,NORTE,NORTE 138 kV,,P.TUBULAR PA(1)/1C/138/1xF/559 AAAC,2.0,1,0.6629999876022339,0.7864548563957214,0.23200707137584686,3.0623059272766113,0.9494706392288208,3.6113102436065674,7.0259246826171875,1.1102230246251565e-16
138 kV Agua Clara – Navarrete 2_b,ZXAC2E_ZXCE1E-L1,\VM-PF.IntUser\PDD 31-12-2024.IntPrj\Network Model.IntPrjfolder\Network Data.IntPrjfolder\NORTE 138 kV.ElmNet\138 kV Agua Clara – Navarrete 2_b.ElmLne,Tap 1 Cruce Esperanza,WXCE1E,\VM-PF.IntUser\PDD 31-12-2024.IntPrj\Network Model.IntPrjfolder\Network Data.IntPrjfolder\NORTE 138 kV.ElmNet\Tap 1 Cruce Esperanza.ElmTerm,Tap 2 Agua Clara,WXAC2E,\VM-PF.IntUser\PDD 31-12-2024.IntPrj\Network Model.IntPrjfolder\Network Data.IntPrjfolder\NORTE 138 kV.ElmNet\Tap 2 Agua Clara.ElmTerm,0,CIBAO NOROESTE,NORTE,NORTE 138 kV,,T.ACERO S1(2)/1C/138/1xF/559 AAAC,17.799999237060547,1,0.6629999876022339,7.6742987632751465,2.070634365081787,26.69062042236328,8.446802139282227,31.721752166748047,62.613258361816406,1.482147674347113e-15
138 kV Guanillo – Guayubín_b,ZGUAYE_ZXGN1E-L1,\VM-PF.IntUser\PDD 31-12-2024.IntPrj\Network Model.IntPrjfolder\Network Data.IntPrjfolder\NORTE 138 kV.ElmNet\138 kV Guanillo – Guayubín_b.ElmLne,Tap 1 Guanillo,WXGN1E,\VM-PF.IntUser\PDD 31-12-2024.IntPrj\Network Model.IntPrjfolder\Network Data.IntPrjfolder\NORTE 138 kV.ElmNet\Tap 1 Guanillo.ElmTerm,Tap 1 Guayubín,WXGY1E,\VM-PF.IntUser\PDD 31-12-2024.IntPrj\Network Model.IntPrjfolder\Network Data.IntPrjfolder\NORTE 138 kV.ElmNet\Tap 1 Guayubín.ElmTerm,0,CIBAO NOROESTE,NORTE,NORTE 138 kV,,T.ACERO S1(2)/1C/138/1xF/559 AAAC,6.900000095367432,1,0.6629999876022339,2.9748687744140625,0.802661657333374,10.346364974975586,3.274322271347046,12.296634674072266,24.271432876586914,5.745404364193422e-16
138 kV Agua Clara – Guanillo_b,ZXAC1E_ZXGN2E-L1,\VM-PF.IntUser\PDD 31-12-2024.IntPrj\Network Model.IntPrjfolder\Network Data.IntPrjfolder\NORTE 138 kV.ElmNet\138 kV Agua Clara – Guanillo_b.ElmLne,Tap 1 Agua Clara,WXAC1E,\VM-PF.IntUser\PDD 31-12-2024.IntPrj\Network Model.IntPrjfolder\Network Data.IntPrjfolder\NORTE 138 kV.ElmNet\Tap 1 Agua Clara.ElmTerm,Tap 2 Guanillo,WXGN2E,\VM-PF.IntUser\PDD 31-12-2024.IntPrj\Network Model.IntPrjfolder\Network Data.IntPrjfolder\NORTE 138 kV.ElmNet\Tap 2 Guanillo.ElmTerm,0,CIBAO NOROESTE,NORTE,NORTE 138 kV,,T.ACERO S1(2)/1C/138/1xF/559 AAAC,8.800000190734863,1,0.6629999876022339,3.7940356731414795,1.0236843824386597,13.195363998413086,4.175947189331055,15.68266487121582,30.954872131347656,7.327472386042507e-16
138 kV Agua Clara – Navarrete 2_a,ZACLAE_ZXAC2E-L1,\VM-PF.IntUser\PDD 31-12-2024.IntPrj\Network Model.IntPrjfolder\Network Data.IntPrjfolder\NORTE 138 kV.ElmNet\138 kV Agua Clara – Navarrete 2_a.ElmLne,Tap 2 Agua Clara,WXAC2E,\VM-PF.IntUser\PDD 31-12-2024.IntPrj\Network Model.IntPrjfolder\Network Data.IntPrjfolder\NORTE 138 kV.ElmNet\Tap 2 Agua Clara.ElmTerm,2,,\VM-PF.IntUser\PDD 31-12-2024.IntPrj\Network Model.IntPrjfolder\Network Data.IntPrjfolder\NORTE 138 kV.ElmNet\Agua Clara.ElmSite\ZACLAE.ElmSubstat\2.ElmTerm,0,CIBAO NOROESTE,NORTE,NORTE 138 kV,,,3.9100000858306885,1,0.6629999876022339,1.6857589483261108,0.45484161376953125,5.862940311431885,1.8554493188858032,8.033720970153809,13.77297306060791,5.968836832602529e-16
138 kV Agua Clara – Guanillo_c,ZACLAE_ZXAC1E-L1,\VM-PF.IntUser\PDD 31-12-2024.IntPrj\Network Model.IntPrjfolder\Network Data.IntPrjfolder\NORTE 138 kV.ElmNet\138 kV Agua Clara – Guanillo_c.ElmLne,Tap 1 Agua Clara,WXAC1E,\VM-PF.IntUser\PDD 31-12-2024.IntPrj\Network Model.IntPrjfolder\Network Data.IntPrjfolder\NORTE 138 kV.ElmNet\Tap 1 Agua Clara.ElmTerm,1,,\VM-PF.IntUser\PDD 31-12-2024.IntPrj\Network Model.IntPrjfolder\Network Data.IntPrjfolder\NORTE 138 kV.ElmNet\Agua Clara.ElmSite\ZACLAE.ElmSubstat\1.ElmTerm,0,CIBAO NOROESTE,NORTE,NORTE 138 kV,,,3.9100000858306885,1,0.6629999876022339,1.6857589483261108,0.45484161376953125,5.862940311431885,1.8554493188858032,8.033720970153809,13.77297306060791,-5.426215151969461e-17
138 kV Agua Clara – Guanillo_a,ZGNLLE_ZXGN2E-L1,\VM-PF.IntUser\PDD 31-12-2024.IntPrj\Network Model.IntPrjfolder\Network Data.IntPrjfolder\NORTE 138 kV.ElmNet\138 kV Agua Clara – Guanillo_a.ElmLne,Tap 2 Guanillo,WXGN2E,\VM-PF.IntUser\PDD 31-12-2024.IntPrj\Network Model.IntPrjfolder\Network Data.IntPrjfolder\NORTE 138 kV.ElmNet\Tap 2 Guanillo.ElmTerm,2,,\VM-PF.IntUser\PDD 31-12-2024.IntPrj\Network Model.IntPrjfolder\Network Data.IntPrjfolder\NORTE 138 kV.ElmNet\Guanillo.ElmSite\ZGNLLE.ElmSubstat\2.ElmTerm,0,CIBAO NOROESTE,NORTE,NORTE 138 kV,,,13.600000381469727,1,0.6629999876022339,5.863509654998779,1.5820577144622803,20.39283561706543,6.453736782073975,27.943378448486328,47.9059944152832,2.0761171407523375e-15
138 kV Guanillo – Guayubín_a,ZGNLLE_ZXGN1E-L1,\VM-PF.IntUser\PDD 31-12-2024.IntPrj\Network Model.IntPrjfolder\Network Data.IntPrjfolder\NORTE 138 kV.ElmNet\138 kV Guanillo – Guayubín_a.ElmLne,Tap 1 Guanillo,WXGN1E,\VM-PF.IntUser\PDD 31-12-2024.IntPrj\Network Model.IntPrjfolder\Network Data.IntPrjfolder\NORTE 138 kV.ElmNet\Tap 1 Guanillo.ElmTerm,1,,\VM-PF.IntUser\PDD 31-12-2024.IntPrj\Network Model.IntPrjfolder\Network Data.IntPrjfolder\NORTE 138 kV.ElmNet\Guanillo.ElmSite\ZGNLLE.ElmSubstat\1.ElmTerm,0,CIBAO NOROESTE,NORTE,NORTE 138 kV,,,13.600000381469727,1,0.6629999876022339,5.863509654998779,1.5820577144622803,20.39283561706543,6.453736782073975,27.943378448486328,47.9059944152832,-1.8873791948023253e-16
138 kV Matrisol – Río San Juan_b,ZNAG2E_ZRSJUE-L1,\VM-PF.IntUser\PDD 31-12-2024.IntPrj\Network Model.IntPrjfolder\Network Data.IntPrjfolder\NORTE 138 kV.ElmNet\138 kV Matrisol – Río San Juan_b.ElmLne,1,,\VM-PF.IntUser\PDD 31-12-2024.IntPrj\Network Model.IntPrjfolder\Network Data.IntPrjfolder\NORTE 138 kV.ElmNet\ZRSJUE.ElmSubstat\1.ElmTerm,Tap 2 Matrisol,WX2MTE,\VM-PF.IntUser\PDD 31-12-2024.IntPrj\Network Model.IntPrjfolder\Network Data.IntPrjfolder\NORTE 138 kV.ElmNet\Tap 2 Matrisol.ElmTerm,0,CIBAO NORTE,NORTE,NORTE 138 kV,,T.ACERO S1(2)/1C/138/1xF/559 AAAC,28.399999618530273,1,0.6629999876022339,12.244386672973633,3.303708791732788,42.58503723144531,13.476920127868652,50.61223602294922,99.89981079101562,2.3647749577482887e-15
138 kV Guanillo – Guayubín_c,ZGUAYE_ZXGN1E-L1_a,\VM-PF.IntUser\PDD 31-12-2024.IntPrj\Network Model.IntPrjfolder\Network Data.IntPrjfolder\NORTE 138 kV.ElmNet\138 kV Guanillo – Guayubín_c.ElmLne,Tap 1 Guayubín,WXGY1E,\VM-PF.IntUser\PDD 31-12-2024.IntPrj\Network Model.IntPrjfolder\Network Data.IntPrjfolder\NORTE 138 kV.ElmNet\Tap 1 Guayubín.ElmTerm,2,,\VM-PF.IntUser\PDD 31-12-2024.IntPrj\Network Model.IntPrjfolder\Network Data.IntPrjfolder\NORTE 138 kV.ElmNet\Monte Cristi Solar.ElmSite\ZGUAYE.ElmSubstat\2.ElmTerm,0,CIBAO NOROESTE,NORTE,NORTE 138 kV,,,0.061000000685453415,1,0.6629999876022339,0.02629956416785717,0.0070959944278001785,0.09146786481142044,0.028946908190846443,0.12533427774906158,0.21487246453762054,-8.465450657892589e-19
138 kV Guayubín – Monte Cristi_b,ZGUAYE_ZMONTE-L1_a,\VM-PF.IntUser\PDD 31-12-2024.IntPrj\Network Model.IntPrjfolder\Network Data.IntPrjfolder\NORTE 138 kV.ElmNet\138 kV Guayubín – Monte Cristi_b.ElmLne,Tap 2 Guayubín,WXGY2E,\VM-PF.IntUser\PDD 31-12-2024.IntPrj\Network Model.IntPrjfolder\Network Data.IntPrjfolder\NORTE 138 kV.ElmNet\Tap 2 Guayubín.ElmTerm,1,,\VM-PF.IntUser\PDD 31-12-2024.IntPrj\Network Model.IntPrjfolder\Network Data.IntPrjfolder\NORTE 138 kV.ElmNet\ZMONTE.ElmSubstat\1.ElmTerm,0,CIBAO NOROESTE,NORTE,NORTE 138 kV,,T.ACERO S1(2)/1C/138/1xF/559 AAAC,30.69999885559082,1,0.6629999876022339,13.23600959777832,3.5712625980377197,46.0338249206543,14.568361282348633,54.71111297607422,107.99028778076172,2.5562884718477756e-15
138 kV Los Guzmancito – Navarrete 2_b,ZNAV2E_ZXLG1E-L1,\VM-PF.IntUser\PDD 31-12-2024.IntPrj\Network Model.IntPrjfolder\Network Data.IntPrjfolder\NORTE 138 kV.ElmNet\138 kV Los Guzmancito – Navarrete 2_b.ElmLne,Tap 1 Guzmancito,WXLG1E,\VM-PF.IntUser\PDD 31-12-2024.IntPrj\Network Model.IntPrjfolder\Network Data.IntPrjfolder\NORTE 138 kV.ElmNet\Tap 1 Guzmancito.ElmTerm,L2,,\VM-PF.IntUser\PDD 31-12-2024.IntPrj\Network Model.IntPrjfolder\Network Data.IntPrjfolder\NORTE 138 kV.ElmNet\ZNAV2E.ElmSubstat\L2.ElmTerm,0,CIBAO NORTE,NORTE,NORTE 138 kV,,,30.700000762939453,1,1.3259999752044678,10.99341869354248,1.789038896560669,42.01618194580078,10.151952743530273,78.30272674560547,154.52760314941406,3.4083847703025253e-15
138 kV El Naranjo – Puerto Plata 2_c,ZPPL2E_ZXLG3E-L1,\VM-PF.IntUser\PDD 31-12-2024.IntPrj\Network Model.IntPrjfolder\Network Data.IntPrjfolder\NORTE 138 kV.ElmNet\138 kV El Naranjo – Puerto Plata 2_c.ElmLne,Tap 3 Guzmancito,WXLG3E,\VM-PF.IntUser\PDD 31-12-2024.IntPrj\Network Model.IntPrjfolder\Network Data.IntPrjfolder\NORTE 138 kV.ElmNet\Tap 3 Guzmancito.ElmTerm,E1,,\VM-PF.IntUser\PDD 31-12-2024.IntPrj\Network Model.IntPrjfolder\Network Data.IntPrjfolder\NORTE 138 kV.ElmNet\Puerto Plata 2.ElmSite\ZPPL2E.ElmSubstat\E1.ElmTerm,0,CIBAO NORTE,NORTE,NORTE 138 kV,,,7.199999809265137,1,1.3259999752044678,2.578260898590088,0.4195791184902191,9.853958129882812,2.3809139728546143,18.36415672302246,36.24100112915039,-9.992007221626409e-16
138 kV El Naranjo – Puerto Plata 2_b,ZXLG3E_ZXNV2E-L1,\VM-PF.IntUser\PDD 31-12-2024.IntPrj\Network Model.IntPrjfolder\Network Data.IntPrjfolder\NORTE 138 kV.ElmNet\138 kV El Naranjo – Puerto Plata 2_b.ElmLne,Tap Navarrete 2,WXNV2E,\VM-PF.IntUser\PDD 31-12-2024.IntPrj\Network Model.IntPrjfolder\Network Data.IntPrjfolder\NORTE 138 kV.ElmNet\Tap Navarrete 2.ElmTerm,Tap 3 Guzmancito,WXLG3E,\VM-PF.IntUser\PDD 31-12-2024.IntPrj\Network Model.IntPrjfolder\Network Data.IntPrjfolder\NORTE 138 kV.ElmNet\Tap 3 Guzmancito.ElmTerm,0,CIBAO NORTE,NORTE,NORTE 138 kV,,,30.700000762939453,1,1.3259999752044678,10.99341869354248,1.789038896560669,42.01618194580078,10.151952743530273,78.30272674560547,154.52760314941406,-4.260480856999038e-15
138 kV Los Guzmancito – Navarrete 2_a,ZLGUZE_ZXLG1E-L1,\VM-PF.IntUser\PDD 31-12-2024.IntPrj\Network Model.IntPrjfolder\Network Data.IntPrjfolder\NORTE 138 kV.ElmNet\138 kV Los Guzmancito – Navarrete 2_a.ElmLne,Tap 1 Guzmancito,WXLG1E,\VM-PF.IntUser\PDD 31-12-2024.IntPrj\Network Model.IntPrjfolder\Network Data.IntPrjfolder\NORTE 138 kV.ElmNet\Tap 1 Guzmancito.ElmTerm,2,,\VM-PF.IntUser\PDD 31-12-2024.IntPrj\Network Model.IntPrjfolder\Network Data.IntPrjfolder\NORTE 138 kV.ElmNet\Los Guzmancito.ElmSite\ZLGUZE.ElmSubstat\2.ElmTerm,0,CIBAO NORTE,NORTE,NORTE 138 kV,,,9.989999771118164,1,1.3259999752044678,3.5773370265960693,0.5821660161018372,13.67236614227295,3.303518056869507,25.480268478393555,50.284385681152344,1.109112776189543e-15
138 kV Los Guzmancito – Puerto Plata 2_a,ZLGUZE_ZXLG2E-L1,\VM-PF.IntUser\PDD 31-12-2024.IntPrj\Network Model.IntPrjfolder\Network Data.IntPrjfolder\NORTE 138 kV.ElmNet\138 kV Los Guzmancito – Puerto Plata 2_a.ElmLne,Tap 2 Guzmancito,WXLG2E,\VM-PF.IntUser\PDD 31-12-2024.IntPrj\Network Model.IntPrjfolder\Network Data.IntPrjfolder\NORTE 138 kV.ElmNet\Tap 2 Guzmancito.ElmTerm,1,,\VM-PF.IntUser\PDD 31-12-2024.IntPrj\Network Model.IntPrjfolder\Network Data.IntPrjfolder\NORTE 138 kV.ElmNet\Los Guzmancito.ElmSite\ZLGUZE.ElmSubstat\1.ElmTerm,0,CIBAO NORTE,NORTE,NORTE 138 kV,,,9.989999771118164,1,1.3259999752044678,3.5773370265960693,0.5821660161018372,13.67236614227295,3.303518056869507,25.480268478393555,50.284385681152344,-1.3863909172973695e-15
138 kV Matrisol – Nagua 2_b,ZNAG2E_ZX1MTE-L1,\VM-PF.IntUser\PDD 31-12-2024.IntPrj\Network Model.IntPrjfolder\Network Data.IntPrjfolder\NORTE 138 kV.ElmNet\138 kV Matrisol – Nagua 2_b.ElmLne,Tap 1 Matrisol,WX1MTE,\VM-PF.IntUser\PDD 31-12-2024.IntPrj\Network Model.IntPrjfolder\Network Data.IntPrjfolder\NORTE 138 kV.ElmNet\Tap 1 Matrisol.ElmTerm,WNAG3E(3),,\VM-PF.IntUser\PDD 31-12-2024.IntPrj\Network Model.IntPrjfolder\Network Data.IntPrjfolder\NORTE 138 kV.ElmNet\Nagua.ElmSite\ZNAG2E.ElmSubstat\WNAG3E(3).ElmTerm,0,CIBAO NORESTE,NORTE,NORTE 138 kV,,T.ACERO S1(2)/1C/138/1xF/559 AAAC,21.399999618530273,1,0.6629999876022339,9.226404190063477,2.4894142150878906,32.08872604370117,10.155144691467285,38.137386322021484,75.27661895751953,1.7819078698200815e-15
138 kV Dajabón – Monte Cristi,ZDAJAE_ZXPS2E-L1,\VM-PF.IntUser\PDD 31-12-2024.IntPrj\Network Model.IntPrjfolder\Network Data.IntPrjfolder\NORTE 138 kV.ElmNet\138 kV Dajabón – Monte Cristi.ElmLne,2,,\VM-PF.IntUser\PDD 31-12-2024.IntPrj\Network Model.IntPrjfolder\Network Data.IntPrjfolder\NORTE 138 kV.ElmNet\ZMONTE.ElmSubstat\2.ElmTerm,1,,\VM-PF.IntUser\PDD 31-12-2024.IntPrj\Network Model.IntPrjfolder\Network Data.IntPrjfolder\NORTE 138 kV.ElmNet\ZDAJAE.ElmSubstat\1.ElmTerm,0,CIBAO NOROESTE,NORTE,NORTE 138 kV,,T.ACERO S1/1C/138/1xF - 559.5 AAAC,39.20000076293945,1,0.6629999876022339,16.584266662597656,4.546514511108398,57.283973693847656,19.50250244140625,71.71434783935547,130.51153564453125,-1.6320279309022748e-15
138 kV El Naranjo – Navarrete 2,ZNARAE_ZNAV2E-L1,\VM-PF.IntUser\PDD 31-12-2024.IntPrj\Network Model.IntPrjfolder\Network Data.IntPrjfolder\NORTE 138 kV.ElmNet\138 kV El Naranjo – Navarrete 2.ElmLne,E1,,\VM-PF.IntUser\PDD 31-12-2024.IntPrj\Network Model.IntPrjfolder\Network Data.IntPrjfolder\Expansión 345 kV.ElmNet\El Naranjo.ElmSite\ZNARAD.ElmSubstat\E1.ElmTerm,L1,,\VM-PF.IntUser\PDD 31-12-2024.IntPrj\Network Model.IntPrjfolder\Network Data.IntPrjfolder\NORTE 138 kV.ElmNet\ZNAV2E.ElmSubstat\L1.ElmTerm,0,CIBAO NORTE,NORTE,NORTE 138 kV,,,27.549999237060547,1,1.3259999752044678,9.865428924560547,1.6054729223251343,37.705074310302734,9.110301971435547,70.2684097290039,138.6721649169922,-3.823330541052883e-15
138 kV Canabacoa – Nibaje_b,ZNIBAEE_ZXNI3E-L1,\VM-PF.IntUser\PDD 31-12-2024.IntPrj\Network Model.IntPrjfolder\Network Data.IntPrjfolder\NORTE 138 kV.ElmNet\138 kV Canabacoa – Nibaje_b.ElmLne,Tap 3 Nibaje,WXNI3E,\VM-PF.IntUser\PDD 31-12-2024.IntPrj\Network Model.IntPrjfolder\Network Data.IntPrjfolder\NORTE 138 kV.ElmNet\Tap 3 Nibaje.ElmTerm,WNIBAE(7),,\VM-PF.IntUser\PDD 31-12-2024.IntPrj\Network Model.IntPrjfolder\Network Data.IntPrjfolder\NORTE 138 kV.ElmNet\ZNIBAE.ElmSubstat\WNIBAE(7).ElmTerm,0,CIBAO NORTE,NORTE,NORTE 138 kV,,,2.950000047683716,1,0.5680000185966492,1.2697886228561401,0.3853286802768707,4.487025260925293,1.425153136253357,5.935444355010986,10.194690704345703,-1.6375789877918855e-16
138 kV Nibaje – ZF Santiago_a,ZNIBAEE_ZXNI2E-L1,\VM-PF.IntUser\PDD 31-12-2024.IntPrj\Network Model.IntPrjfolder\Network Data.IntPrjfolder\NORTE 138 kV.ElmNet\138 kV Nibaje – ZF Santiago_a.ElmLne,Tap 2 Nibaje,WXNI2E,\VM-PF.IntUser\PDD 31-12-2024.IntPrj\Network Model.IntPrjfolder\Network Data.IntPrjfolder\NORTE 138 kV.ElmNet\Tap 2 Nibaje.ElmTerm,WNIBAE(9),,\VM-PF.IntUser\PDD 31-12-2024.IntPrj\Network Model.IntPrjfolder\Network Data.IntPrjfolder\NORTE 138 kV.ElmNet\ZNIBAE.ElmSubstat\WNIBAE(9).ElmTerm,0,CIBAO NORTE,NORTE,NORTE 138 kV,,,2.950000047683716,1,0.5680000185966492,1.2697886228561401,0.3853286802768707,4.487025260925293,1.425153136253357,5.935444355010986,10.194690704345703,2.865763129374126e-16
138 kV Bonao 3 – FALCONDO,ZBON3E_ZFALCE-L1,\VM-PF.IntUser\PDD 31-12-2024.IntPrj\Network Model.IntPrjfolder\Network Data.IntPrjfolder\NORTE 138 kV.ElmNet\138 kV Bonao 3 – FALCONDO.ElmLne,2(1),,\VM-PF.IntUser\PDD 31-12-2024.IntPrj\Network Model.IntPrjfolder\Network Data.IntPrjfolder\NORTE 138 kV.ElmNet\Falcondo.ElmSite\ZFALCE.ElmSubstat\2(1).ElmTerm,2,,\VM-PF.IntUser\PDD 31-12-2024.IntPrj\Network Model.IntPrjfolder\Network Data.IntPrjfolder\Expansión 345 kV.ElmNet\Bonao 3.ElmSite\ZBON3E.ElmSubstat\2.ElmTerm,1,CIBAO SUR,NORTE,NORTE 138 kV,,,3.0,1,0.5680000185966492,1.291310429573059,0.39185965061187744,4.563076496124268,1.4493082761764526,6.036044597625732,10.36748218536377,2.914335439641036e-16
138 kV Canabacoa – El Naranjo L2,ZNAR2E_ZXNA1E-L2,\VM-PF.IntUser\PDD 31-12-2024.IntPrj\Network Model.IntPrjfolder\Network Data.IntPrjfolder\NORTE 138 kV.ElmNet\138 kV Canabacoa – El Naranjo L2.ElmLne,L2,,\VM-PF.IntUser\PDD 31-12-2024.IntPrj\Network Model.IntPrjfolder\Network Data.IntPrjfolder\NORTE 138 kV.ElmNet\Canabacoa.ElmSite\ZCANAE.ElmSubstat\L2.ElmTerm,E7,,\VM-PF.IntUser\PDD 31-12-2024.IntPrj\Network Model.IntPrjfolder\Network Data.IntPrjfolder\Expansión 345 kV.ElmNet\El Naranjo.ElmSite\ZNARAD.ElmSubstat\E7.ElmTerm,0,CIBAO NORTE,NORTE,NORTE 138 kV,,,16.31999969482422,1,1.3259999752044678,5.834231853485107,0.9508447647094727,22.34410285949707,5.396859645843506,41.01480484008789,82.0976791381836,-4.529709855767344e-15
138 kV Canabacoa – El Naranjo L1,ZNAR2E_ZXNA1E-L1,\VM-PF.IntUser\PDD 31-12-2024.IntPrj\Network Model.IntPrjfolder\Network Data.IntPrjfolder\NORTE 138 kV.ElmNet\138 kV Canabacoa – El Naranjo L1.ElmLne,L8,,\VM-PF.IntUser\PDD 31-12-2024.IntPrj\Network Model.IntPrjfolder\Network Data.IntPrjfolder\NORTE 138 kV.ElmNet\Canabacoa.ElmSite\ZCANAE.ElmSubstat\L8.ElmTerm,E8,,\VM-PF.IntUser\PDD 31-12-2024.IntPrj\Network Model.IntPrjfolder\Network Data.IntPrjfolder\Expansión 345 kV.ElmNet\El Naranjo.ElmSite\ZNARAD.ElmSubstat\E8.ElmTerm,0,CIBAO NORTE,NORTE,NORTE 138 kV,,,16.31999969482422,1,1.3259999752044678,5.834231853485107,0.9508447647094727,22.34410285949707,5.396859645843506,41.01480484008789,82.0976791381836,0.0
138 kV El Naranjo – ZF Santiago L2,ZNARAE_ZZSANE-L2,\VM-PF.IntUser\PDD 31-12-2024.IntPrj\Network Model.IntPrjfolder\Network Data.IntPrjfolder\NORTE 138 kV.ElmNet\138 kV El Naranjo – ZF Santiago L2.ElmLne,E3,,\VM-PF.IntUser\PDD 31-12-2024.IntPrj\Network Model.IntPrjfolder\Network Data.IntPrjfolder\Expansión 345 kV.ElmNet\El Naranjo.ElmSite\ZNARAD.ElmSubstat\E3.ElmTerm,E8,,\VM-PF.IntUser\PDD 31-12-2024.IntPrj\Network Model.IntPrjfolder\Network Data.IntPrjfolder\NORTE 138 kV.ElmNet\ZF Santiago.ElmSite\ZZSANE.ElmSubstat\E8.ElmTerm,0,CIBAO NORTE,NORTE,NORTE 138 kV,,,8.930000305175781,1,1.3259999752044678,3.192383289337158,0.5202845931053162,12.226277351379395,2.95306134223938,22.44253921508789,44.922325134277344,0.0
138 kV El Naranjo – ZF Santiago L1,ZNARAE_ZZSANE-L1,\VM-PF.IntUser\PDD 31-12-2024.IntPrj\Network Model.IntPrjfolder\Network Data.IntPrjfolder\NORTE 138 kV.ElmNet\138 kV El Naranjo – ZF Santiago L1.ElmLne,E5,,\VM-PF.IntUser\PDD 31-12-2024.IntPrj\Network Model.IntPrjfolder\Network Data.IntPrjfolder\Expansión 345 kV.ElmNet\El Naranjo.ElmSite\ZNARAD.ElmSubstat\E5.ElmTerm,E9(1),,\VM-PF.IntUser\PDD 31-12-2024.IntPrj\Network Model.IntPrjfolder\Network Data.IntPrjfolder\NORTE 138 kV.ElmNet\ZF Santiago.ElmSite\ZZSANE.ElmSubstat\E9(1).ElmTerm,0,CIBAO NORTE,NORTE,NORTE 138 kV,,,8.930000305175781,1,1.3259999752044678,3.192383289337158,0.5202845931053162,12.226277351379395,2.95306134223938,22.44253921508789,44.922325134277344,-2.4785729871789567e-15
138 kV Esperanza – Navarrete 2 L1,ZESPEE_ZNAV2E-L1,\VM-PF.IntUser\PDD 31-12-2024.IntPrj\Network Model.IntPrjfolder\Network Data.IntPrjfolder\NORTE 138 kV.ElmNet\138 kV Esperanza – Navarrete 2 L1.ElmLne,2,,\VM-PF.IntUser\PDD 31-12-2024.IntPrj\Network Model.IntPrjfolder\Network Data.IntPrjfolder\NORTE 138 kV.ElmNet\Esperanza.ElmSite\ZESPEE.ElmSubstat\2.ElmTerm,R3,,\VM-PF.IntUser\PDD 31-12-2024.IntPrj\Network Model.IntPrjfolder\Network Data.IntPrjfolder\NORTE 138 kV.ElmNet\ZNAV2E.ElmSubstat\R3.ElmTerm,0,CIBAO NORTE,NORTE,NORTE 138 kV,,,13.579999923706055,1,1.3259999752044678,4.854710102081299,0.7912054061889648,18.592702865600586,4.490769386291504,34.12874221801758,68.31412506103516,0.0
138 kV Esperanza – Navarrete 2 L2,ZESPEE_ZNAV2E-L2,\VM-PF.IntUser\PDD 31-12-2024.IntPrj\Network Model.IntPrjfolder\Network Data.IntPrjfolder\NORTE 138 kV.ElmNet\138 kV Esperanza – Navarrete 2 L2.ElmLne,3,,\VM-PF.IntUser\PDD 31-12-2024.IntPrj\Network Model.IntPrjfolder\Network Data.IntPrjfolder\NORTE 138 kV.ElmNet\Esperanza.ElmSite\ZESPEE.ElmSubstat\3.ElmTerm,R4,,\VM-PF.IntUser\PDD 31-12-2024.IntPrj\Network Model.IntPrjfolder\Network Data.IntPrjfolder\NORTE 138 kV.ElmNet\ZNAV2E.ElmSubstat\R4.ElmTerm,1,CIBAO NORTE,NORTE,NORTE 138 kV,,,13.579999923706055,1,1.3259999752044678,4.854710102081299,0.7912054061889648,18.592702865600586,4.490769386291504,34.12874221801758,68.31412506103516,-3.769207253305701e-15
138 kV Matrisol – Nagua 2_a,ZX1MTE_ZMTSOE-L1,\VM-PF.IntUser\PDD 31-12-2024.IntPrj\Network Model.IntPrjfolder\Network Data.IntPrjfolder\NORTE 138 kV.ElmNet\138 kV Matrisol – Nagua 2_a.ElmLne,3,,\VM-PF.IntUser\PDD 31-12-2024.IntPrj\Network Model.IntPrjfolder\Network Data.IntPrjfolder\NORTE 138 kV.ElmNet\Matrisol.ElmSite\ZMATRE.ElmSubstat\3.ElmTerm,Tap 1 Matrisol,WX1MTE,\VM-PF.IntUser\PDD 31-12-2024.IntPrj\Network Model.IntPrjfolder\Network Data.IntPrjfolder\NORTE 138 kV.ElmNet\Tap 1 Matrisol.ElmTerm,0,CIBAO NORESTE,NORTE,NORTE 138 kV,,,3.5999999046325684,1,0.6629999876022339,1.55210542678833,0.41877996921539307,5.3981032371521,1.7083420753479004,7.39677619934082,12.680997848510742,-4.9960034784643064e-17
138 kV Matrisol – Río San Juan_a,ZMTSOE_ZX2MTE-L1,\VM-PF.IntUser\PDD 31-12-2024.IntPrj\Network Model.IntPrjfolder\Network Data.IntPrjfolder\NORTE 138 kV.ElmNet\138 kV Matrisol – Río San Juan_a.ElmLne,2,,\VM-PF.IntUser\PDD 31-12-2024.IntPrj\Network Model.IntPrjfolder\Network Data.IntPrjfolder\NORTE 138 kV.ElmNet\Matrisol.ElmSite\ZMATRE.ElmSubstat\2.ElmTerm,Tap 2 Matrisol,WX2MTE,\VM-PF.IntUser\PDD 31-12-2024.IntPrj\Network Model.IntPrjfolder\Network Data.IntPrjfolder\NORTE 138 kV.ElmNet\Tap 2 Matrisol.ElmTerm,0,CIBAO NORESTE,NORTE,NORTE 138 kV,,,3.5999999046325684,1,0.6629999876022339,1.55210542678833,0.41877996921539307,5.3981032371521,1.7083420753479004,7.39677619934082,12.680997848510742,5.495603760136288e-16
34.5 kV Jánico – Tavera,ZTAVEK_ZJANIK-L1,\VM-PF.IntUser\PDD 31-12-2024.IntPrj\Network Model.IntPrjfolder\Network Data.IntPrjfolder\NORTE 138 kV.ElmNet\34.5 kV Jánico – Tavera.ElmLne,34.5 kV Tavera,WTAVEK,\VM-PF.IntUser\PDD 31-12-2024.IntPrj\Network Model.IntPrjfolder\Network Data.IntPrjfolder\NORTE 138 kV.ElmNet\34.5 kV Tavera.ElmTerm,34.5 kV Jánico,WJANIK,\VM-PF.IntUser\PDD 31-12-2024.IntPrj\Network Model.IntPrjfolder\Network Data.IntPrjfolder\NORTE 138 kV.ElmNet\34.5 kV Jánico.ElmTerm,0,CIBAO NORTE,NORTE,NORTE 138 kV,,P.MADERA TP-IG 50 P/34.5 - 4/0 ACSR,11.199999809265137,1,0.3569999933242798,7.462068557739258,2.941236972808838,17.330766677856445,5.306618690490723,22.20978546142578,40.25446319580078,-6.217248832021758e-16
138 kV El Naranjo – SAJOMA L2,ZNAR1E_ZSAJOM-L2,\VM-PF.IntUser\PDD 31-12-2024.IntPrj\Network Model.IntPrjfolder\Network Data.IntPrjfolder\NORTE 138 kV.ElmNet\138 kV El Naranjo – SAJOMA L2.ElmLne,2,,\VM-PF.IntUser\PDD 31-12-2024.IntPrj\Network Model.IntPrjfolder\Network Data.IntPrjfolder\NORTE 138 kV.ElmNet\SAJOMA.ElmSite\ZSAJOM.ElmSubstat\2.ElmTerm,E6(2),,\VM-PF.IntUser\PDD 31-12-2024.IntPrj\Network Model.IntPrjfolder\Network Data.IntPrjfolder\Expansión 345 kV.ElmNet\El Naranjo.ElmSite\ZNARAD.ElmSubstat\E6(2).ElmTerm,0,CIBAO NORTE,NORTE,NORTE 138 kV,,,14.5,1,1.8300000429153442,3.1688735485076904,0.5208942294120789,16.6874942779541,4.646762847900391,37.1987190246582,75.29891967773438,-4.0245584642661925e-16
138 kV El Naranjo – SAJOMA L1,ZNAR1E_ZSAJOM-L1,\VM-PF.IntUser\PDD 31-12-2024.IntPrj\Network Model.IntPrjfolder\Network Data.IntPrjfolder\NORTE 138 kV.ElmNet\138 kV El Naranjo – SAJOMA L1.ElmLne,3,,\VM-PF.IntUser\PDD 31-12-2024.IntPrj\Network Model.IntPrjfolder\Network Data.IntPrjfolder\NORTE 138 kV.ElmNet\SAJOMA.ElmSite\ZSAJOM.ElmSubstat\3.ElmTerm,E7(2),,\VM-PF.IntUser\PDD 31-12-2024.IntPrj\Network Model.IntPrjfolder\Network Data.IntPrjfolder\Expansión 345 kV.ElmNet\El Naranjo.ElmSite\ZNARAD.ElmSubstat\E7(2).ElmTerm,0,CIBAO NORTE,NORTE,NORTE 138 kV,,,14.5,1,1.8300000429153442,3.1688735485076904,0.5208942294120789,16.6874942779541,4.646762847900391,37.1987190246582,75.29891967773438,-8.049116928532385e-16
Line,,\VM-PF.IntUser\PDD 31-12-2024.IntPrj\Network Model.IntPrjfolder\Network Data.IntPrjfolder\NORTE 138 kV.ElmNet\Line.ElmLne,Tap 69 kV provisional Canabaoca,WXPCAF,\VM-PF.IntUser\PDD 31-12-2024.IntPrj\Network Model.IntPrjfolder\Network Data.IntPrjfolder\NORTE 138 kV.ElmNet\Tap 69 kV provisional Canabaoca.ElmTerm,R4,,\VM-PF.IntUser\PDD 31-12-2024.IntPrj\Network Model.IntPrjfolder\Network Data.IntPrjfolder\NORTE 138 kV.ElmNet\Canabacoa.ElmSite\ZCANAF.ElmSubstat\R4.ElmTerm,1,CIBAO NORTE,NORTE,NORTE 138 kV,,T.ACERO S1 1C 1xF 450 ACAR-138 kV,0.0010000000474974513,1,0.5680000185966492,0.00044558043009601533,0.00013076778850518167,0.0015079472213983536,0.00048301348579116166,0.0017658206634223461,0.0034545480739325285,-1.1102230773579206e-19
138 kV Canabacoa – ZF Santiago_b,,\VM-PF.IntUser\PDD 31-12-2024.IntPrj\Network Model.IntPrjfolder\Network Data.IntPrjfolder\NORTE 138 kV.ElmNet\138 kV Canabacoa – ZF Santiago_b.ElmLne,Tap 1 Nibaje,,\VM-PF.IntUser\PDD 31-12-2024.IntPrj\Network Model.IntPrjfolder\Network Data.IntPrjfolder\NORTE 138 kV.ElmNet\Tap 1 Nibaje.ElmTerm,L3,,\VM-PF.IntUser\PDD 31-12-2024.IntPrj\Network Model.IntPrjfolder\Network Data.IntPrjfolder\NORTE 138 kV.ElmNet\Canabacoa.ElmSite\ZCANAE.ElmSubstat\L3.ElmTerm,0,CIBAO NORTE,NORTE,NORTE 138 kV,,T.ACERO S1 1C 1xF 450 ACAR-138 kV,8.0,1,0.5680000185966492,3.564643144607544,1.0461422204971313,12.063577651977539,3.864107608795166,14.126564025878906,27.636383056640625,-8.881784197001252e-16
138 kV Canabacoa – ZF Santiago_a,,\VM-PF.IntUser\PDD 31-12-2024.IntPrj\Network Model.IntPrjfolder\Network Data.IntPrjfolder\NORTE 138 kV.ElmNet\138 kV Canabacoa – ZF Santiago_a.ElmLne,Tap 1 Nibaje,,\VM-PF.IntUser\PDD 31-12-2024.IntPrj\Network Model.IntPrjfolder\Network Data.IntPrjfolder\NORTE 138 kV.ElmNet\Tap 1 Nibaje.ElmTerm,E5,,\VM-PF.IntUser\PDD 31-12-2024.IntPrj\Network Model.IntPrjfolder\Network Data.IntPrjfolder\NORTE 138 kV.ElmNet\ZF Santiago.ElmSite\ZZSANE.ElmSubstat\E5.ElmTerm,0,CIBAO NORTE,NORTE,NORTE 138 kV,,T.ACERO S1 1C 1xF 450 ACAR-138 kV,8.0,1,0.5680000185966492,3.564643144607544,1.0461422204971313,12.063577651977539,3.864107608795166,14.126564025878906,27.636383056640625,-8.881784197001252e-16
69 kV Derivación Ingenio CAEI,ZICAEF_ZXICAF-L1,\VM-PF.IntUser\PDD 31-12-2024.IntPrj\Network Model.IntPrjfolder\Network Data.IntPrjfolder\SUR 69 kV.ElmNet\69 kV Derivación Ingenio CAEI.ElmLne,69 kV Ingenio CAEI,WICAEF,\VM-PF.IntUser\PDD 31-12-2024.IntPrj\Network Model.IntPrjfolder\Network Data.IntPrjfolder\SUR 69 kV.ElmNet\69 kV Ingenio CAEI.ElmTerm,Tap Ingenio CAEI,WXICAF,\VM-PF.IntUser\PDD 31-12-2024.IntPrj\Network Model.IntPrjfolder\Network Data.IntPrjfolder\SUR 69 kV.ElmNet\Tap Ingenio CAEI.ElmTerm,0,SUR CERCANO,SUR,SUR 69 kV,,P.MADERA TVS/1C/69/1xF - 4/0 AAAC,0.5899999737739563,1,0.3799999952316284,0.41453978419303894,0.18103447556495667,0.9370680451393127,0.2695888876914978,1.103879451751709,2.1643974781036377,-6.550315554120848e-17
69 kV Cruce de Ocoa – km 15 de Azua_b,ZXABCF_ZXAZUF-L1,\VM-PF.IntUser\PDD 31-12-2024.IntPrj\Network Model.IntPrjfolder\Network Data.IntPrjfolder\SUR 69 kV.ElmNet\69 kV Cruce de Ocoa – km 15 de Azua_b.ElmLne,Tap Azua,WXAZUF,\VM-PF.IntUser\PDD 31-12-2024.IntPrj\Network Model.IntPrjfolder\Network Data.IntPrjfolder\SUR 69 kV.ElmNet\Tap Azua.ElmTerm,Tap ABCO,WXABCF,\VM-PF.IntUser\PDD 31-12-2024.IntPrj\Network Model.IntPrjfolder\Network Data.IntPrjfolder\SUR 69 kV.ElmNet\Tap ABCO.ElmTerm,0,SUR MEDIO,SUR,SUR 69 kV,,P.MADERA/69 TH-1G- 450 ACAR,21.3700008392334,1,0.5320000052452087,12.822282791137695,2.8088743686676025,26.691160202026367,10.127820014953613,51.52600860595703,75.71934509277344,-1.7794099696586286e-15
69 kV Cruce de Ocoa – km 15 de Azua_c,ZXAZUF_ZXPLIF-L1,\VM-PF.IntUser\PDD 31-12-2024.IntPrj\Network Model.IntPrjfolder\Network Data.IntPrjfolder\SUR 69 kV.ElmNet\69 kV Cruce de Ocoa – km 15 de Azua_c.ElmLne,Tap Productos Linda,WXPLIF,\VM-PF.IntUser\PDD 31-12-2024.IntPrj\Network Model.IntPrjfolder\Network Data.IntPrjfolder\SUR 69 kV.ElmNet\Tap Productos Linda.ElmTerm,Tap Azua,WXAZUF,\VM-PF.IntUser\PDD 31-12-2024.IntPrj\Network Model.IntPrjfolder\Network Data.IntPrjfolder\SUR 69 kV.ElmNet\Tap Azua.ElmTerm,0,SUR MEDIO,SUR,SUR 69 kV,,P.MADERA/69 TH-1G- 450 ACAR,3.2100000381469727,1,0.5320000052452087,1.9260424375534058,0.42192262411117554,4.009294509887695,1.5213056802749634,7.73975133895874,11.373846054077148,-2.6728619635488e-16
69 kV Derivación Baní Matadero,ZBMATF_ZXBMAF-L1,\VM-PF.IntUser\PDD 31-12-2024.IntPrj\Network Model.IntPrjfolder\Network Data.IntPrjfolder\SUR 69 kV.ElmNet\69 kV Derivación Baní Matadero.ElmLne,Tap Baní Matadero,WXBMAF,\VM-PF.IntUser\PDD 31-12-2024.IntPrj\Network Model.IntPrjfolder\Network Data.IntPrjfolder\SUR 69 kV.ElmNet\Tap Baní Matadero.ElmTerm,69 kV Baní Matadero,WBMATF,\VM-PF.IntUser\PDD 31-12-2024.IntPrj\Network Model.IntPrjfolder\Network Data.IntPrjfolder\SUR 69 kV.ElmNet\ZBMATF.ElmSubstat\69 kV Baní Matadero.ElmTerm,0,SUR CERCANO,SUR,SUR 69 kV,,P.MADERA TP-IG 55 P/69 - 4/0 AAAC,0.7599999904632568,1,0.3799999952316284,0.5401273369789124,0.2334950566291809,1.1764850616455078,0.3600918650627136,1.470463514328003,2.6956698894500732,-4.2188474406360357e-17
69 kV Sabaneta – San Juan_a,ZSABAF_ZSJUAF-L1_a,\VM-PF.IntUser\PDD 31-12-2024.IntPrj\Network Model.IntPrjfolder\Network Data.IntPrjfolder\SUR 69 kV.ElmNet\69 kV Sabaneta – San Juan_a.ElmLne,WSJUAF(5),,\VM-PF.IntUser\PDD 31-12-2024.IntPrj\Network Model.IntPrjfolder\Network Data.IntPrjfolder\SUR 69 kV.ElmNet\ZSJUAF.ElmSubstat\WSJUAF(5).ElmTerm,Tap 69 kV Sabeneta,WXSABF,\VM-PF.IntUser\PDD 31-12-2024.IntPrj\Network Model.IntPrjfolder\Network Data.IntPrjfolder\SUR 69 kV.ElmNet\Tap 69 kV Sabeneta.ElmTerm,0,SUR MEDIO,SUR,SUR 69 kV,,P.MADERA TP-IG 50 P/69 - 559 AAAC,0.949999988079071,1,0.6629999876022339,0.4978063404560089,0.11072062700986862,1.4388110637664795,0.4052221477031708,1.9460663795471191,3.7305679321289062,-2.6367796503975223e-17
69 kV km 15 de Azua – Sabana Yegua_c,ZXSYEF_ZXVILF-L1,\VM-PF.IntUser\PDD 31-12-2024.IntPrj\Network Model.IntPrjfolder\Network Data.IntPrjfolder\SUR 69 kV.ElmNet\69 kV km 15 de Azua – Sabana Yegua_c.ElmLne,Tap Villarpando,WXVILF,\VM-PF.IntUser\PDD 31-12-2024.IntPrj\Network Model.IntPrjfolder\Network Data.IntPrjfolder\SUR 69 kV.ElmNet\Tap Villarpando.ElmTerm,Tap Sabana Yegua,WXSYEF,\VM-PF.IntUser\PDD 31-12-2024.IntPrj\Network Model.IntPrjfolder\Network Data.IntPrjfolder\SUR 69 kV.ElmNet\Tap Sabana Yegua.ElmTerm,0,SUR MEDIO,SUR,SUR 69 kV,,P.MADERA TP-IG 55 P/69 - 559 AAAC,7.900000095367432,1,0.6629999876022339,4.108583450317383,0.9212216138839722,11.90163803100586,3.4154446125030518,16.020788192749023,30.59866714477539,6.0298989083745e-16
69 kV Cruce de Ocoa – km 15 de Azua_a,ZCOCOF_ZXABCF-L1,\VM-PF.IntUser\PDD 31-12-2024.IntPrj\Network Model.IntPrjfolder\Network Data.IntPrjfolder\SUR 69 kV.ElmNet\69 kV Cruce de Ocoa – km 15 de Azua_a.ElmLne,Tap ABCO,WXABCF,\VM-PF.IntUser\PDD 31-12-2024.IntPrj\Network Model.IntPrjfolder\Network Data.IntPrjfolder\SUR 69 kV.ElmNet\Tap ABCO.ElmTerm,WCOCOF(3),,\VM-PF.IntUser\PDD 31-12-2024.IntPrj\Network Model.IntPrjfolder\Network Data.IntPrjfolder\SUR 69 kV.ElmNet\ZCOCOF.ElmSubstat\WCOCOF(3).ElmTerm,0,SUR MEDIO,SUR,SUR 69 kV,,P.MADERA/69 60 P TH-1G- 450 ACAR,13.4399995803833,1,0.5320000052452087,7.5303497314453125,1.756389856338501,17.405513763427734,6.373969078063965,29.253053665161133,47.33953857421875,-3.7303492462734957e-16
69 kV Cruce de Ocoa – Pizarrete_a,ZCOCOF_ZXBAPF-L1,\VM-PF.IntUser\PDD 31-12-2024.IntPrj\Network Model.IntPrjfolder\Network Data.IntPrjfolder\SUR 69 kV.ElmNet\69 kV Cruce de Ocoa – Pizarrete_a.ElmLne,1,,\VM-PF.IntUser\PDD 31-12-2024.IntPrj\Network Model.IntPrjfolder\Network Data.IntPrjfolder\SUR 69 kV.ElmNet\ZCOCOF.ElmSubstat\1.ElmTerm,Tap Baní PER,WXBAPF,\VM-PF.IntUser\PDD 31-12-2024.IntPrj\Network Model.IntPrjfolder\Network Data.IntPrjfolder\SUR 69 kV.ElmNet\Tap Baní PER.ElmTerm,0,SUR CERCANO,SUR,SUR 69 kV,,P.MADERA/69 TH-1G- 450 ACAR,16.520000457763672,1,0.5320000052452087,9.912219047546387,2.1713900566101074,20.633502960205078,7.8292741775512695,39.831993103027344,58.5345573425293,-1.3755663656270516e-15
69 kV Cruce de Ocoa – San José de Ocoa,ZCOCOF_ZSJOCF-L1,\VM-PF.IntUser\PDD 31-12-2024.IntPrj\Network Model.IntPrjfolder\Network Data.IntPrjfolder\SUR 69 kV.ElmNet\69 kV Cruce de Ocoa – San José de Ocoa.ElmLne,WCOCOF(1),,\VM-PF.IntUser\PDD 31-12-2024.IntPrj\Network Model.IntPrjfolder\Network Data.IntPrjfolder\SUR 69 kV.ElmNet\ZCOCOF.ElmSubstat\WCOCOF(1).ElmTerm,69 kV San José de Ocoa,WSJOCF,\VM-PF.IntUser\PDD 31-12-2024.IntPrj\Network Model.IntPrjfolder\Network Data.IntPrjfolder\SUR 69 kV.ElmNet\69 kV San José de Ocoa.ElmTerm,0,SUR CERCANO,SUR,SUR 69 kV,,P.MADERA/69 TH-1G- 1/0 CU,26.0,1,0.3100000023841858,22.061344146728516,9.87844181060791,34.01869583129883,13.866764068603516,57.783016204833984,81.86918640136719,0.0
69 kV Cruce de Ocoa – km 15 de Azua_d,ZXAIAF_ZXPLIF-L1,\VM-PF.IntUser\PDD 31-12-2024.IntPrj\Network Model.IntPrjfolder\Network Data.IntPrjfolder\SUR 69 kV.ElmNet\69 kV Cruce de Ocoa – km 15 de Azua_d.ElmLne,Tap Acueducto INAPA Azua,WXAIAF,\VM-PF.IntUser\PDD 31-12-2024.IntPrj\Network Model.IntPrjfolder\Network Data.IntPrjfolder\SUR 69 kV.ElmNet\Tap Acueducto INAPA Azua.ElmTerm,Tap Productos Linda,WXPLIF,\VM-PF.IntUser\PDD 31-12-2024.IntPrj\Network Model.IntPrjfolder\Network Data.IntPrjfolder\SUR 69 kV.ElmNet\Tap Productos Linda.ElmTerm,0,SUR MEDIO,SUR,SUR 69 kV,,P.MADERA/69 TH-1G- 450 ACAR,0.30000001192092896,1,0.5320000052452087,0.18000397086143494,0.03943202272057533,0.3747004270553589,0.14217810332775116,0.7233412861824036,1.0629762411117554,-2.4980019046682757e-17
69 kV Derivación Magueyal,ZMAGUF_ZXMAGF-L1,\VM-PF.IntUser\PDD 31-12-2024.IntPrj\Network Model.IntPrjfolder\Network Data.IntPrjfolder\SUR 69 kV.ElmNet\69 kV Derivación Magueyal.ElmLne,Tap Magueyal,WXMAGF,\VM-PF.IntUser\PDD 31-12-2024.IntPrj\Network Model.IntPrjfolder\Network Data.IntPrjfolder\SUR 69 kV.ElmNet\Tap Magueyal.ElmTerm,WMAGUF(2),,\VM-PF.IntUser\PDD 31-12-2024.IntPrj\Network Model.IntPrjfolder\Network Data.IntPrjfolder\SUR 69 kV.ElmNet\Magueyal.ElmSite\ZMAGUF.ElmSubstat\WMAGUF(2).ElmTerm,0,SUR MEDIO,SUR,SUR 69 kV,,P.MADERA TVS-1/1C/69/1xF - 559 AAAC,0.03999999910593033,1,0.6629999876022339,0.01995585486292839,0.0046666949056088924,0.06165836378931999,0.016932541504502296,0.07787097990512848,0.15939168632030487,0.0
69 kV Cruce de Ocoa – Pizarrete_d,ZXBANF_ZXLFAF-L1,\VM-PF.IntUser\PDD 31-12-2024.IntPrj\Network Model.IntPrjfolder\Network Data.IntPrjfolder\SUR 69 kV.ElmNet\69 kV Cruce de Ocoa – Pizarrete_d.ElmLne,Tap La Famosa,WXLFAF,\VM-PF.IntUser\PDD 31-12-2024.IntPrj\Network Model.IntPrjfolder\Network Data.IntPrjfolder\SUR 69 kV.ElmNet\Tap La Famosa.ElmTerm,Tap Baní,WXBANF,\VM-PF.IntUser\PDD 31-12-2024.IntPrj\Network Model.IntPrjfolder\Network Data.IntPrjfolder\SUR 69 kV.ElmNet\Tap Baní.ElmTerm,0,SUR CERCANO,SUR,SUR 69 kV,,P.MADERA TVS-1/1C/69/1xF - 450 ACAR,0.3400000035762787,1,0.5320000052452087,0.1745343804359436,0.04457651078701019,0.5269773006439209,0.14680776000022888,0.6552761197090149,1.3273510932922363,-4.718447904287752e-18
69 kV Cruce de Ocoa – Pizarrete_c,ZXBMAF_ZXLFAF-L1,\VM-PF.IntUser\PDD 31-12-2024.IntPrj\Network Model.IntPrjfolder\Network Data.IntPrjfolder\SUR 69 kV.ElmNet\69 kV Cruce de Ocoa – Pizarrete_c.ElmLne,Tap Baní Matadero,WXBMAF,\VM-PF.IntUser\PDD 31-12-2024.IntPrj\Network Model.IntPrjfolder\Network Data.IntPrjfolder\SUR 69 kV.ElmNet\Tap Baní Matadero.ElmTerm,Tap La Famosa,WXLFAF,\VM-PF.IntUser\PDD 31-12-2024.IntPrj\Network Model.IntPrjfolder\Network Data.IntPrjfolder\SUR 69 kV.ElmNet\Tap La Famosa.ElmTerm,0,SUR CERCANO,SUR,SUR 69 kV,,P.MADERA TVS-1/1C/69/1xF - 450 ACAR,1.2599999904632568,1,0.5320000052452087,0.6468038558959961,0.1651953011751175,1.9529157876968384,0.5440523028373718,2.4283761978149414,4.919006824493408,-1.7486012505497318e-17
69 kV Cruce de Ocoa – Pizarrete_b,ZXBAPF_ZXBMAF-L1,\VM-PF.IntUser\PDD 31-12-2024.IntPrj\Network Model.IntPrjfolder\Network Data.IntPrjfolder\SUR 69 kV.ElmNet\69 kV Cruce de Ocoa – Pizarrete_b.ElmLne,Tap Baní PER,WXBAPF,\VM-PF.IntUser\PDD 31-12-2024.IntPrj\Network Model.IntPrjfolder\Network Data.IntPrjfolder\SUR 69 kV.ElmNet\Tap Baní PER.ElmTerm,Tap Baní Matadero,WXBMAF,\VM-PF.IntUser\PDD 31-12-2024.IntPrj\Network Model.IntPrjfolder\Network Data.IntPrjfolder\SUR 69 kV.ElmNet\Tap Baní Matadero.ElmTerm,0,SUR CERCANO,SUR,SUR 69 kV,,P.MADERA TVS-1/1C/69/1xF - 450 ACAR,1.440000057220459,1,0.5320000052452087,0.739204466342926,0.18879464268684387,2.2319037914276123,0.6217740774154663,2.77528715133667,5.62172269821167,-1.9984015237346206e-17
69 kV Goya – Pizarrete_d,ZGOYAF_ZXGOYF-L1,\VM-PF.IntUser\PDD 31-12-2024.IntPrj\Network Model.IntPrjfolder\Network Data.IntPrjfolder\SUR 69 kV.ElmNet\69 kV Goya – Pizarrete_d.ElmLne,Tap Goya,WXGOYF,\VM-PF.IntUser\PDD 31-12-2024.IntPrj\Network Model.IntPrjfolder\Network Data.IntPrjfolder\SUR 69 kV.ElmNet\Tap Goya.ElmTerm,69 kV Goya,WGOYAF,\VM-PF.IntUser\PDD 31-12-2024.IntPrj\Network Model.IntPrjfolder\Network Data.IntPrjfolder\SUR 69 kV.ElmNet\69 kV Goya.ElmTerm,0,SUR CERCANO,SUR,SUR 69 kV,,P.MADERA TVS-1/1C/69/1xF - 4/0 AAAC,2.799999952316284,1,0.3799999952316284,1.9306459426879883,0.8604046702384949,4.432202339172363,1.3013948202133179,5.209146022796631,10.189173698425293,-3.885780520013599e-17
69 kV Derivación ZF Villa Altagracia_a,ZXCINF_ZXVALF-L1,\VM-PF.IntUser\PDD 31-12-2024.IntPrj\Network Model.IntPrjfolder\Network Data.IntPrjfolder\SUR 69 kV.ElmNet\69 kV Derivación ZF Villa Altagracia_a.ElmLne,Tap Cítricos Nacionales,WXCINF,\VM-PF.IntUser\PDD 31-12-2024.IntPrj\Network Model.IntPrjfolder\Network Data.IntPrjfolder\CENTRAL 69 kV.ElmNet\Tap Cítricos Nacionales.ElmTerm,Tap Villa Altagracia,WXVALF,\VM-PF.IntUser\PDD 31-12-2024.IntPrj\Network Model.IntPrjfolder\Network Data.IntPrjfolder\CENTRAL 69 kV.ElmNet\Tap Villa Altagracia.ElmTerm,0,SUR CERCANO,SUR,SUR 69 kV,,P.MADERA TP-IG 50 P/69 - 4/0 AAAC,0.23399999737739563,1,0.3799999952316284,0.16634501516819,0.07189192622900009,0.36208924651145935,0.11087042838335037,0.4607287645339966,0.8302519917488098,2.5979218485061087e-17
69 kV Derivación ZF Villa Altagracia_b,ZVALTF_ZZVALF-L1,\VM-PF.IntUser\PDD 31-12-2024.IntPrj\Network Model.IntPrjfolder\Network Data.IntPrjfolder\SUR 69 kV.ElmNet\69 kV Derivación ZF Villa Altagracia_b.ElmLne,Tap Villa Altagracia,WXVALF,\VM-PF.IntUser\PDD 31-12-2024.IntPrj\Network Model.IntPrjfolder\Network Data.IntPrjfolder\CENTRAL 69 kV.ElmNet\Tap Villa Altagracia.ElmTerm,69 kV ZF Villa Altagracia,WZVALF,\VM-PF.IntUser\PDD 31-12-2024.IntPrj\Network Model.IntPrjfolder\Network Data.IntPrjfolder\CENTRAL 69 kV.ElmNet\69 kV ZF Villa Altagracia.ElmTerm,0,SUR CERCANO,SUR,SUR 69 kV,,P.MADERA TP-IG 50 P/69 - 4/0 AAAC,0.5099999904632568,1,0.3799999952316284,0.3625468313694,0.15668752789497375,0.7891688346862793,0.24164067208766937,1.0041524171829224,1.809523582458496,5.66213731970918e-17
69 kV REFIDOMSA – LAFZID_b,ZLAFZF_ZXBAYF-L1,\VM-PF.IntUser\PDD 31-12-2024.IntPrj\Network Model.IntPrjfolder\Network Data.IntPrjfolder\SUR 69 kV.ElmNet\69 kV REFIDOMSA – LAFZID_b.ElmLne,1,,\VM-PF.IntUser\PDD 31-12-2024.IntPrj\Network Model.IntPrjfolder\Network Data.IntPrjfolder\SUR 69 kV.ElmNet\ZPIISF9.ElmSubstat\1.ElmTerm,Tap 1 LAFZID,WXTLZ1F,\VM-PF.IntUser\PDD 31-12-2024.IntPrj\Network Model.IntPrjfolder\Network Data.IntPrjfolder\SUR 69 kV.ElmNet\Tap 1 LAFZID.ElmTerm,0,SUR CERCANO,SUR,SUR 69 kV,,P.MADERA TP-IG 50 P/69 - 559 AAAC,1.4500000476837158,1,0.6629999876022339,0.7598097324371338,0.16899465024471283,2.196079969406128,0.6184969544410706,2.9703121185302734,5.694025039672852,-4.0245585966150905e-17
69 kV LAFZID – Palamara_a,ZXBAYF_ZXBA2F-L1,\VM-PF.IntUser\PDD 31-12-2024.IntPrj\Network Model.IntPrjfolder\Network Data.IntPrjfolder\SUR 69 kV.ElmNet\69 kV LAFZID – Palamara_a.ElmLne,,,,,,,1,,,SUR 69 kV,,P.MADERA TP-IG 50 P/69 - 559 AAAC,0.30000001192092896,1,0.6629999876022339,0.15720202028751373,0.03496440872550011,0.4543614089488983,0.12796489894390106,0.6145473122596741,1.1780741214752197,-8.326673015560919e-18
69 kV Haina – REFIDOMSA_c,ZREFIF_ZXGBOF-L1,\VM-PF.IntUser\PDD 31-12-2024.IntPrj\Network Model.IntPrjfolder\Network Data.IntPrjfolder\SUR 69 kV.ElmNet\69 kV Haina – REFIDOMSA_c.ElmLne,Tap Granitos Bojos,WXGBOF,\VM-PF.IntUser\PDD 31-12-2024.IntPrj\Network Model.IntPrjfolder\Network Data.IntPrjfolder\SUR 69 kV.ElmNet\Tap Granitos Bojos.ElmTerm,Tap REFIDOMSA,WXTREFF,\VM-PF.IntUser\PDD 31-12-2024.IntPrj\Network Model.IntPrjfolder\Network Data.IntPrjfolder\SUR 69 kV.ElmNet\Tap REFIDOMSA.ElmTerm,0,SUR CERCANO,SUR,SUR 69 kV,,P.MADERA TP-IG 50 P/69 - 559 AAAC,0.6600000262260437,1,0.6629999876022339,0.34584441781044006,0.07692170143127441,0.999595046043396,0.2815227806568146,1.352004051208496,2.5917630195617676,-1.8318680634234022e-17
69 kV Derivación Granitos Bojos,ZGBOJF_ZXGBOF-L1,\VM-PF.IntUser\PDD 31-12-2024.IntPrj\Network Model.IntPrjfolder\Network Data.IntPrjfolder\SUR 69 kV.ElmNet\69 kV Derivación Granitos Bojos.ElmLne,Tap Granitos Bojos,WXGBOF,\VM-PF.IntUser\PDD 31-12-2024.IntPrj\Network Model.IntPrjfolder\Network Data.IntPrjfolder\SUR 69 kV.ElmNet\Tap Granitos Bojos.ElmTerm,69 kV Granitos Bojos,WGBOJF,\VM-PF.IntUser\PDD 31-12-2024.IntPrj\Network Model.IntPrjfolder\Network Data.IntPrjfolder\SUR 69 kV.ElmNet\69 kV Granitos Bojos.ElmTerm,0,SUR CERCANO,SUR,SUR 69 kV,,P.MADERA TP-IG 50 P/69 - 559 AAAC,0.007000000216066837,1,0.6629999876022339,0.003668047022074461,0.0008158362470567226,0.010601765476167202,0.0029858474154025316,0.014339436776936054,0.02748839557170868,-1.9428903530646184e-19
69 kV Haina – Herrera_b L2,ZCOHEF_ZXOFAF-L1,\VM-PF.IntUser\PDD 31-12-2024.IntPrj\Network Model.IntPrjfolder\Network Data.IntPrjfolder\SUR 69 kV.ElmNet\69 kV Haina – Herrera_b L2.ElmLne,Tap Centro Operación Herrera,WXCOHF,\VM-PF.IntUser\PDD 31-12-2024.IntPrj\Network Model.IntPrjfolder\Network Data.IntPrjfolder\CENTRAL 69 kV.ElmNet\Tap Centro Operación Herrera.ElmTerm,Tap Oleoducto FALCONDO,WXOFAF,\VM-PF.IntUser\PDD 31-12-2024.IntPrj\Network Model.IntPrjfolder\Network Data.IntPrjfolder\CENTRAL 69 kV.ElmNet\Tap Oleoducto FALCONDO.ElmTerm,0,SANTO DOMINGO,CENTRAL,SUR 69 kV,,P.CONCRETO TVS-1/1C/69/1xF - 559 AAAC,1.899999976158142,1,0.6629999876022339,0.9479031562805176,0.22166800498962402,2.928772449493408,0.8042957186698914,3.698871612548828,7.571105003356934,0.0
69 kV Haina – Puerto de Haina_b,ZPHAIF_ZXPHAF-L1,\VM-PF.IntUser\PDD 31-12-2024.IntPrj\Network Model.IntPrjfolder\Network Data.IntPrjfolder\SUR 69 kV.ElmNet\69 kV Haina – Puerto de Haina_b.ElmLne,Tap Puerto de Haina,WXPHAF,\VM-PF.IntUser\PDD 31-12-2024.IntPrj\Network Model.IntPrjfolder\Network Data.IntPrjfolder\SUR 69 kV.ElmNet\Tap Puerto de Haina.ElmTerm,69 kV Puerto de Haina,WPHAIF,\VM-PF.IntUser\PDD 31-12-2024.IntPrj\Network Model.IntPrjfolder\Network Data.IntPrjfolder\SUR 69 kV.ElmNet\69 kV Puerto de Haina.ElmTerm,0,SANTO DOMINGO,CENTRAL,SUR 69 kV,,P.MADERA TVS-1/1C/69/1xF - 4/0 AAAC,0.20000000298023224,1,0.3799999952316284,0.13790328800678253,0.06145747750997543,0.316585898399353,0.0929567739367485,0.3720818758010864,0.7277981638908386,-2.775557602921922e-18
69 kV Cruce Cabral 2 – Acd Sur-Oeste_e,ZASOEF_ZXVNOF-L1,\VM-PF.IntUser\PDD 31-12-2024.IntPrj\Network Model.IntPrjfolder\Network Data.IntPrjfolder\SUR 69 kV.ElmNet\69 kV Cruce Cabral 2 – Acd Sur-Oeste_e.ElmLne,Tap Vicente Noble,WXVNOF,\VM-PF.IntUser\PDD 31-12-2024.IntPrj\Network Model.IntPrjfolder\Network Data.IntPrjfolder\SUR 69 kV.ElmNet\Tap Vicente Noble.ElmTerm,69 kV Acueducto Sur-Oeste,WASOEF,\VM-PF.IntUser\PDD 31-12-2024.IntPrj\Network Model.IntPrjfolder\Network Data.IntPrjfolder\SUR 69 kV.ElmNet\69 kV Acueducto Sur-Oeste.ElmTerm,0,SUR PROFUNDO,SUR,SUR 69 kV,,P.MADERA/69 TH-1G- 4/0 ACSR,2.130000114440918,1,0.3569999933242798,1.5582510232925415,0.5601901412010193,2.7306551933288574,1.0797468423843384,4.957200527191162,7.166311264038086,1.7735813771298941e-16
69 kV Barahona – Cruce de Cabral_b,ZXIBAF_ZXZBAF-L1,\VM-PF.IntUser\PDD 31-12-2024.IntPrj\Network Model.IntPrjfolder\Network Data.IntPrjfolder\SUR 69 kV.ElmNet\69 kV Barahona – Cruce de Cabral_b.ElmLne,Tap Ingenio Barahona,WXIBAF,\VM-PF.IntUser\PDD 31-12-2024.IntPrj\Network Model.IntPrjfolder\Network Data.IntPrjfolder\SUR 69 kV.ElmNet\Tap Ingenio Barahona.ElmTerm,Tap ZF Barahona,WXZBAF,\VM-PF.IntUser\PDD 31-12-2024.IntPrj\Network Model.IntPrjfolder\Network Data.IntPrjfolder\SUR 69 kV.ElmNet\Tap ZF Barahona.ElmTerm,0,SUR PROFUNDO,SUR,SUR 69 kV,,P.MADERA TP-IG 50 P/69 - 2/0 CU,1.5399999618530273,1,0.36000001430511475,1.0858172178268433,0.464202880859375,2.409991979598999,0.7566717267036438,2.967491626739502,5.257450103759766,6.411537808391601e-17
69 kV Barahona – Cruce de Cabral_a,ZBARAF_ZXIBAF-L1,\VM-PF.IntUser\PDD 31-12-2024.IntPrj\Network Model.IntPrjfolder\Network Data.IntPrjfolder\SUR 69 kV.ElmNet\69 kV Barahona – Cruce de Cabral_a.ElmLne,T0.2,,\VM-PF.IntUser\PDD 31-12-2024.IntPrj\Network Model.IntPrjfolder\Network Data.IntPrjfolder\SUR 69 kV.ElmNet\ZBARAF.ElmSubstat\T0.2.ElmTerm,Tap Ingenio Barahona,WXIBAF,\VM-PF.IntUser\PDD 31-12-2024.IntPrj\Network Model.IntPrjfolder\Network Data.IntPrjfolder\SUR 69 kV.ElmNet\Tap Ingenio Barahona.ElmTerm,0,SUR PROFUNDO,SUR,SUR 69 kV,,P.MADERA TP-IG 50 P/69 - 2/0 CU,0.3400000035762787,1,0.36000001430511475,0.23972588777542114,0.10248635709285736,0.5320761799812317,0.16705739498138428,0.6551604866981506,1.160735845565796,1.415534329927295e-17
69 kV Cruce Cabral 2 – Acd Sur-Oeste_d,ZXKQAF_ZXVNOF-L1,\VM-PF.IntUser\PDD 31-12-2024.IntPrj\Network Model.IntPrjfolder\Network Data.IntPrjfolder\SUR 69 kV.ElmNet\69 kV Cruce Cabral 2 – Acd Sur-Oeste_d.ElmLne,Tap Kilómetro 15 de Azua,WXKQAF,\VM-PF.IntUser\PDD 31-12-2024.IntPrj\Network Model.IntPrjfolder\Network Data.IntPrjfolder\SUR 69 kV.ElmNet\Tap Kilómetro 15 de Azua.ElmTerm,Tap Vicente Noble,WXVNOF,\VM-PF.IntUser\PDD 31-12-2024.IntPrj\Network Model.IntPrjfolder\Network Data.IntPrjfolder\SUR 69 kV.ElmNet\Tap Vicente Noble.ElmTerm,0,SUR PROFUNDO,SUR,SUR 69 kV,,P.MADERA TP-IG 50 P/69 - 4/0 CU,6.690000057220459,1,0.47999998927116394,3.968482255935669,1.2680925130844116,10.352017402648926,3.16973614692688,13.172117233276367,23.736692428588867,7.427392098269768e-16
69 kV Derivación Ingenio Barahona,ZIBARF_ZXIBAF-L1,\VM-PF.IntUser\PDD 31-12-2024.IntPrj\Network Model.IntPrjfolder\Network Data.IntPrjfolder\SUR 69 kV.ElmNet\69 kV Derivación Ingenio Barahona.ElmLne,Tap Ingenio Barahona,WXIBAF,\VM-PF.IntUser\PDD 31-12-2024.IntPrj\Network Model.IntPrjfolder\Network Data.IntPrjfolder\SUR 69 kV.ElmNet\Tap Ingenio Barahona.ElmTerm,69 kV Ingenio Barahona,WIBARF,\VM-PF.IntUser\PDD 31-12-2024.IntPrj\Network Model.IntPrjfolder\Network Data.IntPrjfolder\SUR 69 kV.ElmNet\69 kV Ingenio Barahona.ElmTerm,0,SUR PROFUNDO,SUR,SUR 69 kV,,P.MADERA TP-IG 50 P/69 - 2/0 CU,0.30000001192092896,1,0.36000001430511475,0.21152284741401672,0.09042913466691971,0.4694789946079254,0.14740358293056488,0.578082799911499,1.0241786241531372,1.2490009523341379e-17
69 kV Barahona – Cruce de Cabral_c,ZCCABF_ZXZBAF-L1,\VM-PF.IntUser\PDD 31-12-2024.IntPrj\Network Model.IntPrjfolder\Network Data.IntPrjfolder\SUR 69 kV.ElmNet\69 kV Barahona – Cruce de Cabral_c.ElmLne,Tap ZF Barahona,WXZBAF,\VM-PF.IntUser\PDD 31-12-2024.IntPrj\Network Model.IntPrjfolder\Network Data.IntPrjfolder\SUR 69 kV.ElmNet\Tap ZF Barahona.ElmTerm,WCCABF(1),,\VM-PF.IntUser\PDD 31-12-2024.IntPrj\Network Model.IntPrjfolder\Network Data.IntPrjfolder\SUR 69 kV.ElmNet\ZCCABF.ElmSubstat\WCCABF(1).ElmTerm,0,SUR PROFUNDO,SUR,SUR 69 kV,,P.MADERA TP-IG 50 P/69 - 2/0 CU,4.46999979019165,1,0.36000001430511475,3.1516902446746826,1.3473939895629883,6.995236396789551,2.1963133811950684,8.613432884216309,15.260260581970215,1.861011323852095e-16
69 kV Duvergé – Neyba,ZDUVEF_ZNEYBF-L1,\VM-PF.IntUser\PDD 31-12-2024.IntPrj\Network Model.IntPrjfolder\Network Data.IntPrjfolder\SUR 69 kV.ElmNet\69 kV Duvergé – Neyba.ElmLne,2,,\VM-PF.IntUser\PDD 31-12-2024.IntPrj\Network Model.IntPrjfolder\Network Data.IntPrjfolder\SUR 69 kV.ElmNet\ZDUVEF.ElmSubstat\2.ElmTerm,69 kV Neiba,WNEYBF,\VM-PF.IntUser\PDD 31-12-2024.IntPrj\Network Model.IntPrjfolder\Network Data.IntPrjfolder\SUR 69 kV.ElmNet\69 kV Neiba.ElmTerm,0,SUR PROFUNDO,SUR,SUR 69 kV,,P.MADERA TP-IG 50 P/69 - 4/0 AAAC,19.530000686645508,1,0.3799999952316284,13.88341236114502,6.000211238861084,30.22052574157715,9.253417015075684,38.45313262939453,69.29411315917969,2.168265643325896e-15
69 kV Cruce de Cabral – Duvergé_c,ZDUVEF_ZXSALF-L1,\VM-PF.IntUser\PDD 31-12-2024.IntPrj\Network Model.IntPrjfolder\Network Data.IntPrjfolder\SUR 69 kV.ElmNet\69 kV Cruce de Cabral – Duvergé_c.ElmLne,Tap Salinas,WXSALF,\VM-PF.IntUser\PDD 31-12-2024.IntPrj\Network Model.IntPrjfolder\Network Data.IntPrjfolder\SUR 69 kV.ElmNet\Tap Salinas.ElmTerm,3,,\VM-PF.IntUser\PDD 31-12-2024.IntPrj\Network Model.IntPrjfolder\Network Data.IntPrjfolder\SUR 69 kV.ElmNet\ZDUVEF.ElmSubstat\3.ElmTerm,0,SUR PROFUNDO,SUR,SUR 69 kV,,P.MADERA TP-IG 50 P/69 - 4/0 AAAC,25.270000457763672,1,0.3799999952316284,17.96384048461914,7.763713836669922,39.102542877197266,11.97305965423584,49.7547721862793,89.66012573242188,2.8055336340497474e-15
69 kV Cruce de Cabral – Duvergé_a,ZCCABF_ZXSALF-L1,\VM-PF.IntUser\PDD 31-12-2024.IntPrj\Network Model.IntPrjfolder\Network Data.IntPrjfolder\SUR 69 kV.ElmNet\69 kV Cruce de Cabral – Duvergé_a.ElmLne,WCCABF(5),,\VM-PF.IntUser\PDD 31-12-2024.IntPrj\Network Model.IntPrjfolder\Network Data.IntPrjfolder\SUR 69 kV.ElmNet\ZCCABF.ElmSubstat\WCCABF(5).ElmTerm,Tap Khoury Industrial,WXKINF,\VM-PF.IntUser\PDD 31-12-2024.IntPrj\Network Model.IntPrjfolder\Network Data.IntPrjfolder\SUR 69 kV.ElmNet\Tap Khoury Industrial.ElmTerm,0,SUR PROFUNDO,SUR,SUR 69 kV,,P.MADERA TP-IG 50 P/69 - 4/0 AAAC,5.0,1,0.3799999952316284,3.5543808937072754,1.5361522436141968,7.736949443817139,2.3690264225006104,9.844632148742676,17.740427017211914,5.551115123125783e-16
69 kV Derivación Aluminio Dominicano,ZADOMF_ZXALDF-L1,\VM-PF.IntUser\PDD 31-12-2024.IntPrj\Network Model.IntPrjfolder\Network Data.IntPrjfolder\SUR 69 kV.ElmNet\69 kV Derivación Aluminio Dominicano.ElmLne,Tap Aluminios Dominicanos,WXALDF,\VM-PF.IntUser\PDD 31-12-2024.IntPrj\Network Model.IntPrjfolder\Network Data.IntPrjfolder\SUR 69 kV.ElmNet\Tap Aluminios Dominicanos.ElmTerm,69 kV Aluminio Dominicano,WADOMF,\VM-PF.IntUser\PDD 31-12-2024.IntPrj\Network Model.IntPrjfolder\Network Data.IntPrjfolder\CENTRAL 69 kV.ElmNet\69 kV Aluminio Dominicano.ElmTerm,0,SANTO DOMINGO,CENTRAL,SUR 69 kV,,P.MADERA TP-IG 50 P/69 - 4/0 AAAC,0.3840000033378601,1,0.3799999952316284,0.27297645807266235,0.11797649413347244,0.5941977500915527,0.1819412261247635,0.7560677528381348,1.3624647855758667,4.2632564516182926e-17
69 kV Haina – Herrera_b L3,ZPFLEF_ZTORGF-L1,\VM-PF.IntUser\PDD 31-12-2024.IntPrj\Network Model.IntPrjfolder\Network Data.IntPrjfolder\SUR 69 kV.ElmNet\69 kV Haina – Herrera_b L3.ElmLne,Tap Plásticos Flexibles(1),WXPFLF,\VM-PF.IntUser\PDD 31-12-2024.IntPrj\Network Model.IntPrjfolder\Network Data.IntPrjfolder\CENTRAL 69 kV.ElmNet\Tap Plásticos Flexibles(1).ElmTerm,Tap TORGINOL,WXTORF,\VM-PF.IntUser\PDD 31-12-2024.IntPrj\Network Model.IntPrjfolder\Network Data.IntPrjfolder\CENTRAL 69 kV.ElmNet\Tap TORGINOL.ElmTerm,0,SANTO DOMINGO,CENTRAL,SUR 69 kV,,P.MADERA TP-IG 50 P/69 - 477 ACSR,0.6000000238418579,1,0.6589999794960022,0.312945693731308,0.07075826823711395,0.907275915145874,0.26312509179115295,1.2392531633377075,2.324765682220459,-8.326673015560919e-18
69 kV Elías Piña – San Juan 2_c,ZEPINF_ZXLMFF-L1,\VM-PF.IntUser\PDD 31-12-2024.IntPrj\Network Model.IntPrjfolder\Network Data.IntPrjfolder\SUR 69 kV.ElmNet\69 kV Elías Piña – San Juan 2_c.ElmLne,Tap Las Matas de Farfán,WXLMFF,\VM-PF.IntUser\PDD 31-12-2024.IntPrj\Network Model.IntPrjfolder\Network Data.IntPrjfolder\SUR 69 kV.ElmNet\Tap Las Matas de Farfán.ElmTerm,69 kV Elías Piña,WEPINF,\VM-PF.IntUser\PDD 31-12-2024.IntPrj\Network Model.IntPrjfolder\Network Data.IntPrjfolder\SUR 69 kV.ElmNet\69 kV Elías Piña.ElmTerm,0,SUR MEDIO,SUR,SUR 69 kV,,P.MADERA TP-IG 55 P/69 - 559 AAAC,17.600000381469727,1,0.6629999876022339,9.153299331665039,2.052341938018799,26.51504135131836,7.609091758728027,35.6918830871582,68.16918182373047,1.3433699021480868e-15
69 kV Derivación Domingo Rodríguez,ZDRODF_ZXDROF-L1,\VM-PF.IntUser\PDD 31-12-2024.IntPrj\Network Model.IntPrjfolder\Network Data.IntPrjfolder\SUR 69 kV.ElmNet\69 kV Derivación Domingo Rodríguez.ElmLne,Tap Domingo Rodríguez,WXDROF,\VM-PF.IntUser\PDD 31-12-2024.IntPrj\Network Model.IntPrjfolder\Network Data.IntPrjfolder\SUR 69 kV.ElmNet\Tap Domingo Rodríguez.ElmTerm,69 kV Domingo Rodríguez,WDRODF,\VM-PF.IntUser\PDD 31-12-2024.IntPrj\Network Model.IntPrjfolder\Network Data.IntPrjfolder\SUR 69 kV.ElmNet\Domingo Rodríguez.ElmSite\69 kV Domingo Rodríguez.ElmTerm,0,SUR MEDIO,SUR,SUR 69 kV,,P.MADERA TP-IG 55 P/69 - 559 AAAC,7.0,1,0.6629999876022339,3.640516757965088,0.8162723183631897,10.545754432678223,3.02634334564209,14.195634841918945,27.112743377685547,5.342948306008566e-16
69 kV Haina – Kilómetro 10.5_b,ZKDMBF_ZXBOHF-L1,\VM-PF.IntUser\PDD 31-12-2024.IntPrj\Network Model.IntPrjfolder\Network Data.IntPrjfolder\SUR 69 kV.ElmNet\69 kV Haina – Kilómetro 10.5_b.ElmLne,Tap Bohemia,WXBOHF,\VM-PF.IntUser\PDD 31-12-2024.IntPrj\Network Model.IntPrjfolder\Network Data.IntPrjfolder\CENTRAL 69 kV.ElmNet\Tap Bohemia.ElmTerm,R1,,\VM-PF.IntUser\PDD 31-12-2024.IntPrj\Network Model.IntPrjfolder\Network Data.IntPrjfolder\CENTRAL 69 kV.ElmNet\ZKDMEF.ElmSubstat\R1.ElmTerm,0,SANTO DOMINGO,CENTRAL,SUR 69 kV,,P.MADERA TP-IG 50 P/69 - 477 ACSR,3.559999942779541,1,0.5999999642372131,1.8568110466003418,0.41983237862586975,5.383170127868652,1.5612088441848755,7.352901458740234,13.793609619140625,-4.940492380172608e-17
69 kV Sabaneta – San Juan_b,ZSABAF_ZSJUAF-L1_b,\VM-PF.IntUser\PDD 31-12-2024.IntPrj\Network Model.IntPrjfolder\Network Data.IntPrjfolder\SUR 69 kV.ElmNet\69 kV Sabaneta – San Juan_b.ElmLne,Tap 69 kV Sabeneta,WXSABF,\VM-PF.IntUser\PDD 31-12-2024.IntPrj\Network Model.IntPrjfolder\Network Data.IntPrjfolder\SUR 69 kV.ElmNet\Tap 69 kV Sabeneta.ElmTerm,WSABAF(2),,\VM-PF.IntUser\PDD 31-12-2024.IntPrj\Network Model.IntPrjfolder\Network Data.IntPrjfolder\SUR 69 kV.ElmNet\Sabaneta.ElmSite\ZSABAF.ElmSubstat\WSABAF(2).ElmTerm,0,SUR MEDIO,SUR,SUR 69 kV,,P.MADERA TP-1G/69 /1xF - 1/0 CU,23.86400032043457,1,0.3100000023841858,18.69963264465332,9.058146476745605,37.53366470336914,11.944897651672363,45.555267333984375,79.88851928710938,0.0
69 kV Derivación REFIDOMSA,ZREFIF_ZXGBOF-L1_a,\VM-PF.IntUser\PDD 31-12-2024.IntPrj\Network Model.IntPrjfolder\Network Data.IntPrjfolder\SUR 69 kV.ElmNet\69 kV Derivación REFIDOMSA.ElmLne,Tap REFIDOMSA,WXTREFF,\VM-PF.IntUser\PDD 31-12-2024.IntPrj\Network Model.IntPrjfolder\Network Data.IntPrjfolder\SUR 69 kV.ElmNet\Tap REFIDOMSA.ElmTerm,69 kV REFIDOMSA,WREFIF,\VM-PF.IntUser\PDD 31-12-2024.IntPrj\Network Model.IntPrjfolder\Network Data.IntPrjfolder\SUR 69 kV.ElmNet\ZRPETF.ElmSubstat\69 kV REFIDOMSA.ElmTerm,0,SUR CERCANO,SUR,SUR 69 kV,,P.MADERA TP-IG 50 P/69 - 559 AAAC,0.017999999225139618,1,0.6629999876022339,0.009432120248675346,0.0020978644024580717,0.027261681854724884,0.007677893154323101,0.03687283769249916,0.07068444043397903,-4.996003395746245e-19
69 kV Derivación Zona Franca Barahona,ZZBARF_ZXZBAF-L1,\VM-PF.IntUser\PDD 31-12-2024.IntPrj\Network Model.IntPrjfolder\Network Data.IntPrjfolder\SUR 69 kV.ElmNet\69 kV Derivación Zona Franca Barahona.ElmLne,69 kV ZF Barahona,WZBARF,\VM-PF.IntUser\PDD 31-12-2024.IntPrj\Network Model.IntPrjfolder\Network Data.IntPrjfolder\SUR 69 kV.ElmNet\69 kV ZF Barahona.ElmTerm,Tap ZF Barahona,WXZBAF,\VM-PF.IntUser\PDD 31-12-2024.IntPrj\Network Model.IntPrjfolder\Network Data.IntPrjfolder\SUR 69 kV.ElmNet\Tap ZF Barahona.ElmTerm,0,SUR PROFUNDO,SUR,SUR 69 kV,,P.MADERA TP-IG 50 P/69 - 2/0 CU,1.7000000476837158,1,0.36000001430511475,1.1986294984817505,0.512431800365448,2.6603810787200928,0.8352869749069214,3.2758026123046875,5.8036789894104,7.077672311380965e-17
69 kV Derivación Vicente Noble,ZVNOBF_ZXVNOF-L1,\VM-PF.IntUser\PDD 31-12-2024.IntPrj\Network Model.IntPrjfolder\Network Data.IntPrjfolder\SUR 69 kV.ElmNet\69 kV Derivación Vicente Noble.ElmLne,Tap Vicente Noble,WXVNOF,\VM-PF.IntUser\PDD 31-12-2024.IntPrj\Network Model.IntPrjfolder\Network Data.IntPrjfolder\SUR 69 kV.ElmNet\Tap Vicente Noble.ElmTerm,69 kV Vicente Noble,WVNOBF,\VM-PF.IntUser\PDD 31-12-2024.IntPrj\Network Model.IntPrjfolder\Network Data.IntPrjfolder\SUR 69 kV.ElmNet\69 kV Vicente Noble.ElmTerm,0,SUR PROFUNDO,SUR,SUR 69 kV,,P.MADERA TP-IG 50 P/69 - 559 AAAC,0.0010000000474974513,1,0.6629999876022339,0.0005240067257545888,0.00011654803529381752,0.0015145379584282637,0.00042654963908717036,0.002048491034656763,0.003926913719624281,-2.7755576933948015e-20
69 kV San Juan – San Juan 2,ZSJU2F_ZXSJ1F-L1,\VM-PF.IntUser\PDD 31-12-2024.IntPrj\Network Model.IntPrjfolder\Network Data.IntPrjfolder\SUR 69 kV.ElmNet\69 kV San Juan – San Juan 2.ElmLne,2,,\VM-PF.IntUser\PDD 31-12-2024.IntPrj\Network Model.IntPrjfolder\Network Data.IntPrjfolder\SUR 138 kV.ElmNet\San Juan 2.ElmSite\ZSJU2F.ElmSubstat\2.ElmTerm,WSJUAF(1),,\VM-PF.IntUser\PDD 31-12-2024.IntPrj\Network Model.IntPrjfolder\Network Data.IntPrjfolder\SUR 69 kV.ElmNet\ZSJUAF.ElmSubstat\WSJUAF(1).ElmTerm,0,SUR MEDIO,SUR,SUR 69 kV,,P.MADERA TP-IG 55 P/69 - 559 AAAC,3.990000009536743,1,0.6629999876022339,2.07509446144104,0.46527522802352905,6.011080265045166,1.725015640258789,8.091511726379395,15.454263687133789,3.045480492073235e-16
69 kV km 15 Azua – Los Toros,ZKQA2F_ZLTORF-L1,\VM-PF.IntUser\PDD 31-12-2024.IntPrj\Network Model.IntPrjfolder\Network Data.IntPrjfolder\SUR 69 kV.ElmNet\69 kV km 15 Azua – Los Toros.ElmLne,F7,,\VM-PF.IntUser\PDD 31-12-2024.IntPrj\Network Model.IntPrjfolder\Network Data.IntPrjfolder\SUR 138 kV.ElmNet\km 15 de Azua.ElmSite\ZKQAZF.ElmSubstat\F7.ElmTerm,69 kV Los Toros,WLTORF,\VM-PF.IntUser\PDD 31-12-2024.IntPrj\Network Model.IntPrjfolder\Network Data.IntPrjfolder\SUR 69 kV.ElmNet\Los Toros.ElmSite\69 kV Los Toros.ElmTerm,0,SUR MEDIO,SUR,SUR 69 kV,,T.ACERO S1/69/1xF-559.5 MCM,8.100000381469727,1,0.6629999876022339,3.430887460708618,0.9394606947898865,11.826369285583496,4.029854774475098,15.160113334655762,26.978904724121094,-3.3723025961175906e-16
69 kV Cruce de Ocoa – km 15 de Azua_e,ZKQA1F_ZXAIAF-L1,\VM-PF.IntUser\PDD 31-12-2024.IntPrj\Network Model.IntPrjfolder\Network Data.IntPrjfolder\SUR 69 kV.ElmNet\69 kV Cruce de Ocoa – km 15 de Azua_e.ElmLne,Tap Acueducto INAPA Azua,WXAIAF,\VM-PF.IntUser\PDD 31-12-2024.IntPrj\Network Model.IntPrjfolder\Network Data.IntPrjfolder\SUR 69 kV.ElmNet\Tap Acueducto INAPA Azua.ElmTerm,F6,,\VM-PF.IntUser\PDD 31-12-2024.IntPrj\Network Model.IntPrjfolder\Network Data.IntPrjfolder\SUR 138 kV.ElmNet\km 15 de Azua.ElmSite\ZKQAZF.ElmSubstat\F6.ElmTerm,0,SUR MEDIO,SUR,SUR 69 kV,,P.MADERA/69 TH-1G- 450 ACAR,11.789999961853027,1,0.5320000052452087,7.074155807495117,1.5496784448623657,14.725725173950195,5.587599277496338,28.427310943603516,41.774967193603516,-9.817146798786415e-16
69 kV km 15 de Azua – Sabana Yegua_a,ZKQA2F_ZXMAGF-L1,\VM-PF.IntUser\PDD 31-12-2024.IntPrj\Network Model.IntPrjfolder\Network Data.IntPrjfolder\SUR 69 kV.ElmNet\69 kV km 15 de Azua – Sabana Yegua_a.ElmLne,F2,,\VM-PF.IntUser\PDD 31-12-2024.IntPrj\Network Model.IntPrjfolder\Network Data.IntPrjfolder\SUR 138 kV.ElmNet\km 15 de Azua.ElmSite\ZKQAZF.ElmSubstat\F2.ElmTerm,Tap Magueyal,WXMAGF,\VM-PF.IntUser\PDD 31-12-2024.IntPrj\Network Model.IntPrjfolder\Network Data.IntPrjfolder\SUR 69 kV.ElmNet\Tap Magueyal.ElmTerm,0,SUR MEDIO,SUR,SUR 69 kV,,P.MADERA TP-IG 55 P/69 - 559 AAAC,25.200000762939453,1,0.6629999876022339,13.105860710144043,2.9385805130004883,37.964717864990234,10.89483642578125,51.10429000854492,97.60587310791016,1.9234614748663784e-15
69 kV km 15 Azua – Quita Coraza_a,ZKQA2F_ZXQCOF-L1,\VM-PF.IntUser\PDD 31-12-2024.IntPrj\Network Model.IntPrjfolder\Network Data.IntPrjfolder\SUR 69 kV.ElmNet\69 kV km 15 Azua – Quita Coraza_a.ElmLne,F1,,\VM-PF.IntUser\PDD 31-12-2024.IntPrj\Network Model.IntPrjfolder\Network Data.IntPrjfolder\SUR 138 kV.ElmNet\km 15 de Azua.ElmSite\ZKQAZF.ElmSubstat\F1.ElmTerm,Tap Quita Coraza,WXQCOF,\VM-PF.IntUser\PDD 31-12-2024.IntPrj\Network Model.IntPrjfolder\Network Data.IntPrjfolder\SUR 69 kV.ElmNet\Tap Quita Coraza.ElmTerm,0,SUR MEDIO,SUR,SUR 69 kV,,P.MADERA/69 TH-1G- 2/0 CU,23.0,1,0.36000001430511475,17.719043731689453,6.941861629486084,29.889366149902344,12.062657356262207,51.76233673095703,73.73226928710938,-9.575673587391975e-16
69 kV Derivación Fondo Negro,ZFNEGF_ZXQCOF-L1,\VM-PF.IntUser\PDD 31-12-2024.IntPrj\Network Model.IntPrjfolder\Network Data.IntPrjfolder\SUR 69 kV.ElmNet\69 kV Derivación Fondo Negro.ElmLne,Tap Quita Coraza,WXQCOF,\VM-PF.IntUser\PDD 31-12-2024.IntPrj\Network Model.IntPrjfolder\Network Data.IntPrjfolder\SUR 69 kV.ElmNet\Tap Quita Coraza.ElmTerm,69 kV Fondo Negro,WFNEGF,\VM-PF.IntUser\PDD 31-12-2024.IntPrj\Network Model.IntPrjfolder\Network Data.IntPrjfolder\SUR 69 kV.ElmNet\69 kV Fondo Negro.ElmTerm,1,SUR PROFUNDO,SUR,SUR 69 kV,,P.MADERA/69 TH-1G- 2/0 CU,6.920000076293945,1,0.36000001430511475,5.33112096786499,2.088594913482666,8.99280071258545,3.629286527633667,15.573712348937988,22.183795928955078,-2.8810287806660167e-16
69 kV Duvergé – Las Damas,ZLDAMF_ZDUVEF-L1,\VM-PF.IntUser\PDD 31-12-2024.IntPrj\Network Model.IntPrjfolder\Network Data.IntPrjfolder\SUR 69 kV.ElmNet\69 kV Duvergé – Las Damas.ElmLne,1,,\VM-PF.IntUser\PDD 31-12-2024.IntPrj\Network Model.IntPrjfolder\Network Data.IntPrjfolder\SUR 69 kV.ElmNet\ZDUVEF.ElmSubstat\1.ElmTerm,69 kV Las Damas,WLDAMF,\VM-PF.IntUser\PDD 31-12-2024.IntPrj\Network Model.IntPrjfolder\Network Data.IntPrjfolder\SUR 69 kV.ElmNet\Las Damas.ElmSite\69 kV Las Damas.ElmTerm,0,SUR PROFUNDO,SUR,SUR 69 kV,,P.MADERA TP-IG 50 P/69 - 4/0 AAAC,4.039999961853027,1,0.3799999952316284,2.8719396591186523,1.2412110567092896,6.251455307006836,1.9141732454299927,7.95446252822876,14.33426570892334,4.485300977133985e-16
69 kV km 15 de Azua – Sabana Yegua_d,ZSYEGF_ZXSYEF-L1,\VM-PF.IntUser\PDD 31-12-2024.IntPrj\Network Model.IntPrjfolder\Network Data.IntPrjfolder\SUR 69 kV.ElmNet\69 kV km 15 de Azua – Sabana Yegua_d.ElmLne,Tap Sabana Yegua,WXSYEF,\VM-PF.IntUser\PDD 31-12-2024.IntPrj\Network Model.IntPrjfolder\Network Data.IntPrjfolder\SUR 69 kV.ElmNet\Tap Sabana Yegua.ElmTerm,1,,\VM-PF.IntUser\PDD 31-12-2024.IntPrj\Network Model.IntPrjfolder\Network Data.IntPrjfolder\SUR 69 kV.ElmNet\Sabana Yegua.ElmSite\ZSYEGF.ElmSubstat\1.ElmTerm,0,SUR MEDIO,SUR,SUR 69 kV,,P.MADERA TP-IG 55 P/69 - 559 AAAC,2.0299999713897705,1,0.6629999876022339,1.0557498931884766,0.23671896755695343,3.0582687854766846,0.8776395320892334,4.116734027862549,7.862695217132568,1.5494550034485282e-16
69 kV Pizarrete – Madre Vieja_b,ZXPGMF_ZXPZ1F-L1,\VM-PF.IntUser\PDD 31-12-2024.IntPrj\Network Model.IntPrjfolder\Network Data.IntPrjfolder\SUR 69 kV.ElmNet\69 kV Pizarrete – Madre Vieja_b.ElmLne,Tap Pizarrete-Goya-Madre Vieja,WXPGMF,\VM-PF.IntUser\PDD 31-12-2024.IntPrj\Network Model.IntPrjfolder\Network Data.IntPrjfolder\SUR 69 kV.ElmNet\Tap Pizarrete-Goya-Madre Vieja.ElmTerm,Tap Pizarrete,WXPZ1F,\VM-PF.IntUser\PDD 31-12-2024.IntPrj\Network Model.IntPrjfolder\Network Data.IntPrjfolder\SUR 69 kV.ElmNet\Tap Pizarrete.ElmTerm,0,SUR CERCANO,SUR,SUR 69 kV,,T.ACERO S1(2)/1C/69/1xF/559 AAAC,0.10000000149011612,1,0.6629999876022339,0.04311404004693031,0.011632777750492096,0.14994731545448303,0.047453947365283966,0.17821210622787476,0.3517599105834961,8.326673015560919e-18
69 kV LAFZID – Cementos Colón_d,ZCCOLF_ZXCCOF-L1,\VM-PF.IntUser\PDD 31-12-2024.IntPrj\Network Model.IntPrjfolder\Network Data.IntPrjfolder\SUR 69 kV.ElmNet\69 kV LAFZID – Cementos Colón_d.ElmLne,69 kV Cemento Colón(Argos),WCCOLF,\VM-PF.IntUser\PDD 31-12-2024.IntPrj\Network Model.IntPrjfolder\Network Data.IntPrjfolder\SUR 69 kV.ElmNet\69 kV Cemento Colón(Argos).ElmTerm,Tap Cemento Colón,WXCCOF,\VM-PF.IntUser\PDD 31-12-2024.IntPrj\Network Model.IntPrjfolder\Network Data.IntPrjfolder\CENTRAL 69 kV.ElmNet\Tap Cemento Colón.ElmTerm,0,SUR CERCANO,SUR,SUR 69 kV,,P.MADERA TP-IG 50 P/69 - 559 AAAC,5.059999942779541,1,0.6629999876022339,2.6514737606048584,0.5897330045700073,7.663561820983887,2.1583411693573,10.365364074707031,19.870182037353516,-1.4044321102689553e-16
69 kV Pizarrete – Madre Vieja_d,ZXICAF_ZXYAGF-L1,\VM-PF.IntUser\PDD 31-12-2024.IntPrj\Network Model.IntPrjfolder\Network Data.IntPrjfolder\SUR 69 kV.ElmNet\69 kV Pizarrete – Madre Vieja_d.ElmLne,Tap Ingenio CAEI,WXICAF,\VM-PF.IntUser\PDD 31-12-2024.IntPrj\Network Model.IntPrjfolder\Network Data.IntPrjfolder\SUR 69 kV.ElmNet\Tap Ingenio CAEI.ElmTerm,Tap Yaguate,WXYAGF,\VM-PF.IntUser\PDD 31-12-2024.IntPrj\Network Model.IntPrjfolder\Network Data.IntPrjfolder\SUR 69 kV.ElmNet\Tap Yaguate.ElmTerm,0,SUR CERCANO,SUR,SUR 69 kV,,P.MADERA TP-IG 55 P/69 - 450 ACAR,0.800000011920929,1,0.5680000185966492,0.4276110827922821,0.10484027117490768,1.2120083570480347,0.35264700651168823,1.6055285930633545,3.037733554840088,0.0
69 kV Derivación Yaguate,ZYAGUF_ZXYAGF-L1,\VM-PF.IntUser\PDD 31-12-2024.IntPrj\Network Model.IntPrjfolder\Network Data.IntPrjfolder\SUR 69 kV.ElmNet\69 kV Derivación Yaguate.ElmLne,Tap Yaguate,WXYAGF,\VM-PF.IntUser\PDD 31-12-2024.IntPrj\Network Model.IntPrjfolder\Network Data.IntPrjfolder\SUR 69 kV.ElmNet\Tap Yaguate.ElmTerm,69 kV Yaguate,WYAGUF,\VM-PF.IntUser\PDD 31-12-2024.IntPrj\Network Model.IntPrjfolder\Network Data.IntPrjfolder\SUR 69 kV.ElmNet\69 kV Yaguate.ElmTerm,0,SUR CERCANO,SUR,SUR 69 kV,,P.MADERA TP-IG 55 P/69 - 559 AAAC,0.029999999329447746,1,0.6629999876022339,0.015602214261889458,0.003498309990391135,0.04519608989357948,0.012970042414963245,0.06083843484520912,0.11619746685028076,2.2898348724840996e-18
69 kV Derivación Guanito 2,ZGUA2F_ZXGU2F-L1,\VM-PF.IntUser\PDD 31-12-2024.IntPrj\Network Model.IntPrjfolder\Network Data.IntPrjfolder\SUR 69 kV.ElmNet\69 kV Derivación Guanito 2.ElmLne,Tap Guanito 2,WXGU2F,\VM-PF.IntUser\PDD 31-12-2024.IntPrj\Network Model.IntPrjfolder\Network Data.IntPrjfolder\SUR 69 kV.ElmNet\Tap Guanito 2.ElmTerm,69 kV Guanito 2,WGUA2F,\VM-PF.IntUser\PDD 31-12-2024.IntPrj\Network Model.IntPrjfolder\Network Data.IntPrjfolder\SUR 69 kV.ElmNet\69 kV Guanito 2.ElmTerm,0,SUR MEDIO,SUR,SUR 69 kV,,P.MADERA TP-IG 55 P/69 - 559 AAAC,0.18000000715255737,1,0.6629999876022339,0.09361328929662704,0.020989861339330673,0.2711765468120575,0.07782025635242462,0.3650306463241577,0.6971848607063293,1.373901006208521e-17
69 kV Derivación Acueducto INAPA SCN,ZAISCF_ZXAISF-L1,\VM-PF.IntUser\PDD 31-12-2024.IntPrj\Network Model.IntPrjfolder\Network Data.IntPrjfolder\SUR 69 kV.ElmNet\69 kV Derivación Acueducto INAPA SCN.ElmLne,Tap Acueducto INAPA SCN,WXAISF,\VM-PF.IntUser\PDD 31-12-2024.IntPrj\Network Model.IntPrjfolder\Network Data.IntPrjfolder\SUR 69 kV.ElmNet\Tap Acueducto INAPA SCN.ElmTerm,69 kV Acueducto INAPA SCN,WAISCF,\VM-PF.IntUser\PDD 31-12-2024.IntPrj\Network Model.IntPrjfolder\Network Data.IntPrjfolder\SUR 69 kV.ElmNet\69 kV Acueducto INAPA SCN.ElmTerm,0,SUR CERCANO,SUR,SUR 69 kV,,P.MADERA TP-IG 55 P/69 - 559 AAAC,0.20000000298023224,1,0.6629999876022339,0.10401476919651031,0.02332206629216671,0.3013072907924652,0.0864669531583786,0.40558958053588867,0.7746497988700867,1.5265566919468147e-17
69 kV Derivación Aeropuerto Barahona,ZXABRF_ZABARF-L1,\VM-PF.IntUser\PDD 31-12-2024.IntPrj\Network Model.IntPrjfolder\Network Data.IntPrjfolder\SUR 69 kV.ElmNet\69 kV Derivación Aeropuerto Barahona.ElmLne,69kV Aeropuerto Barahona,WABARF,\VM-PF.IntUser\PDD 31-12-2024.IntPrj\Network Model.IntPrjfolder\Network Data.IntPrjfolder\SUR 69 kV.ElmNet\69kV Aeropuerto Barahona.ElmTerm,Tap Aeropuerto Barahona,WXABRF,\VM-PF.IntUser\PDD 31-12-2024.IntPrj\Network Model.IntPrjfolder\Network Data.IntPrjfolder\SUR 69 kV.ElmNet\Tap Aeropuerto Barahona.ElmTerm,0,SUR PROFUNDO,SUR,SUR 69 kV,,P.MADERA TP-IG 50 P/69 - 4/0 AAAC,0.03999999910593033,1,0.3799999952316284,0.02843504585325718,0.012289217673242092,0.061895594000816345,0.018952209502458572,0.07875705510377884,0.14192341268062592,4.440891999238953e-18
69 kV Cruce Cabral 2 – Acd Sur-Oeste_b,ZXABRF_ZXKQAF-L1,\VM-PF.IntUser\PDD 31-12-2024.IntPrj\Network Model.IntPrjfolder\Network Data.IntPrjfolder\SUR 69 kV.ElmNet\69 kV Cruce Cabral 2 – Acd Sur-Oeste_b.ElmLne,Tap Aeropuerto Barahona,WXABRF,\VM-PF.IntUser\PDD 31-12-2024.IntPrj\Network Model.IntPrjfolder\Network Data.IntPrjfolder\SUR 69 kV.ElmNet\Tap Aeropuerto Barahona.ElmTerm,Tap Solar Canoa,WXSCAF,\VM-PF.IntUser\PDD 31-12-2024.IntPrj\Network Model.IntPrjfolder\Network Data.IntPrjfolder\SUR 69 kV.ElmNet\Tap Solar Canoa.ElmTerm,0,SUR PROFUNDO,SUR,SUR 69 kV,,P.MADERA TP-IG 50 P/69 - 2/0 CU,14.40999984741211,1,0.36000001430511475,10.160147666931152,4.3436126708984375,22.550640106201172,7.080285549163818,27.767242431640625,49.1947135925293,5.999367605790719e-16
69 kV Cruce Cabral – Cruce Cabral 2,ZCCABF_ZCCA2F-L1,\VM-PF.IntUser\PDD 31-12-2024.IntPrj\Network Model.IntPrjfolder\Network Data.IntPrjfolder\SUR 69 kV.ElmNet\69 kV Cruce Cabral – Cruce Cabral 2.ElmLne,2,,\VM-PF.IntUser\PDD 31-12-2024.IntPrj\Network Model.IntPrjfolder\Network Data.IntPrjfolder\SUR 138 kV.ElmNet\Cruce de Cabral 2.ElmSite\ZCCA2F.ElmSubstat\2.ElmTerm,1(1),,\VM-PF.IntUser\PDD 31-12-2024.IntPrj\Network Model.IntPrjfolder\Network Data.IntPrjfolder\SUR 69 kV.ElmNet\ZCCABF.ElmSubstat\1(1).ElmTerm,0,SUR PROFUNDO,SUR,SUR 69 kV,,P.MADERA TP-IG 50 P/69 - 477 ACSR,0.4000000059604645,1,0.6589999794960022,0.20863045752048492,0.0471721775829792,0.6048505902290344,0.1754167228937149,0.8261687755584717,1.5498437881469727,-5.551115205843844e-18
69 kV Cruce Cabral 2 – Acd Sur-Oeste_a,ZCCA2F_ZXABRF-L1,\VM-PF.IntUser\PDD 31-12-2024.IntPrj\Network Model.IntPrjfolder\Network Data.IntPrjfolder\SUR 69 kV.ElmNet\69 kV Cruce Cabral 2 – Acd Sur-Oeste_a.ElmLne,3,,\VM-PF.IntUser\PDD 31-12-2024.IntPrj\Network Model.IntPrjfolder\Network Data.IntPrjfolder\SUR 138 kV.ElmNet\Cruce de Cabral 2.ElmSite\ZCCA2F.ElmSubstat\3.ElmTerm,Tap Aeropuerto Barahona,WXABRF,\VM-PF.IntUser\PDD 31-12-2024.IntPrj\Network Model.IntPrjfolder\Network Data.IntPrjfolder\SUR 69 kV.ElmNet\Tap Aeropuerto Barahona.ElmTerm,0,SUR PROFUNDO,SUR,SUR 69 kV,,P.MADERA TP-IG 50 P/69 - 2/0 CU,0.75,1,0.36000001430511475,0.5288071036338806,0.22607283294200897,1.1736974716186523,0.3685089647769928,1.4452069997787476,2.5604465007781982,3.122502256758253e-17
69 kV Derivación SODOCAL_b,ZSODOF_ZXSODF-L1,\VM-PF.IntUser\PDD 31-12-2024.IntPrj\Network Model.IntPrjfolder\Network Data.IntPrjfolder\SUR 69 kV.ElmNet\69 kV Derivación SODOCAL_b.ElmLne,Tap SODOCAL,WXSODF,\VM-PF.IntUser\PDD 31-12-2024.IntPrj\Network Model.IntPrjfolder\Network Data.IntPrjfolder\SUR 69 kV.ElmNet\Tap SODOCAL.ElmTerm,69 kV SODOCAL,WSODOF,\VM-PF.IntUser\PDD 31-12-2024.IntPrj\Network Model.IntPrjfolder\Network Data.IntPrjfolder\SUR 69 kV.ElmNet\69 kV SODOCAL.ElmTerm,0,SUR CERCANO,SUR,SUR 69 kV,,P.MADERA TP-IG 50 P/69 - 559 AAAC,0.3700000047683716,1,0.6629999876022339,0.19388248026371002,0.04312277212738991,0.5603790283203125,0.1578233689069748,0.7579416632652283,1.452958106994629,-1.0269563110131596e-17
69 kV Derivación SODOCAL_a,ZXMV2F_ZXSODF-L1,\VM-PF.IntUser\PDD 31-12-2024.IntPrj\Network Model.IntPrjfolder\Network Data.IntPrjfolder\SUR 69 kV.ElmNet\69 kV Derivación SODOCAL_a.ElmLne,Tap 2 Madre Vieja,WXMV2F,\VM-PF.IntUser\PDD 31-12-2024.IntPrj\Network Model.IntPrjfolder\Network Data.IntPrjfolder\SUR 69 kV.ElmNet\Tap 2 Madre Vieja.ElmTerm,Tap SODOCAL,WXSODF,\VM-PF.IntUser\PDD 31-12-2024.IntPrj\Network Model.IntPrjfolder\Network Data.IntPrjfolder\SUR 69 kV.ElmNet\Tap SODOCAL.ElmTerm,0,SUR CERCANO,SUR,SUR 69 kV,,P.MADERA TP-IG 50 P/69 - 559 AAAC,0.3400000035762787,1,0.6629999876022339,0.17816227674484253,0.03962633013725281,0.5149428844451904,0.14502687752246857,0.6964869499206543,1.3351505994796753,-9.436895808575504e-18
69 kV Barahona – Barahona Carbón,ZBARAF_ZBCARF-L1,\VM-PF.IntUser\PDD 31-12-2024.IntPrj\Network Model.IntPrjfolder\Network Data.IntPrjfolder\SUR 69 kV.ElmNet\69 kV Barahona – Barahona Carbón.ElmLne,2,,\VM-PF.IntUser\PDD 31-12-2024.IntPrj\Network Model.IntPrjfolder\Network Data.IntPrjfolder\SUR 69 kV.ElmNet\ZBARAF.ElmSubstat\2.ElmTerm,Terminal Barahona,WXBARF,\VM-PF.IntUser\PDD 31-12-2024.IntPrj\Network Model.IntPrjfolder\Network Data.IntPrjfolder\SUR 138 kV.ElmNet\Barahona Carbón.ElmSite\Terminal Barahona.ElmTerm,0,SUR PROFUNDO,SUR,SUR 69 kV,,P.MADERA TVS-1/1C/69/1xF - 559 AAAC,0.7699999809265137,1,0.6629999876022339,0.3841502070426941,0.08983387798070908,1.1869235038757324,0.32595139741897583,1.4990164041519165,3.0682897567749023,0.0
69 kV Pizarrete – Madre Vieja_a,ZPIZAF_ZXPGMF-L1,\VM-PF.IntUser\PDD 31-12-2024.IntPrj\Network Model.IntPrjfolder\Network Data.IntPrjfolder\SUR 69 kV.ElmNet\69 kV Pizarrete – Madre Vieja_a.ElmLne,3,,\VM-PF.IntUser\PDD 31-12-2024.IntPrj\Network Model.IntPrjfolder\Network Data.IntPrjfolder\SUR 138 kV.ElmNet\Pizarrete.ElmSite\ZPIZAF.ElmSubstat\3.ElmTerm,Tap Pizarrete-Goya-Madre Vieja,WXPGMF,\VM-PF.IntUser\PDD 31-12-2024.IntPrj\Network Model.IntPrjfolder\Network Data.IntPrjfolder\SUR 69 kV.ElmNet\Tap Pizarrete-Goya-Madre Vieja.ElmTerm,0,SUR CERCANO,SUR,SUR 69 kV,,P.MADERA TP-IG 55 P/69 - 450 ACAR,0.10000000149011612,1,0.5680000185966492,0.05345138534903526,0.01310503389686346,0.15150104463100433,0.04408087581396103,0.2006910741329193,0.379716694355011,0.0
69 kV Haina – REFIDOMSA_a,ZHAINF_ZXOJIF-L1,\VM-PF.IntUser\PDD 31-12-2024.IntPrj\Network Model.IntPrjfolder\Network Data.IntPrjfolder\SUR 69 kV.ElmNet\69 kV Haina – REFIDOMSA_a.ElmLne,R2,,\VM-PF.IntUser\PDD 31-12-2024.IntPrj\Network Model.IntPrjfolder\Network Data.IntPrjfolder\SUR 138 kV.ElmNet\Haina.ElmSite\ZHAINF.ElmSubstat\R2.ElmTerm,Tap Ojiva,WXOJIF,\VM-PF.IntUser\PDD 31-12-2024.IntPrj\Network Model.IntPrjfolder\Network Data.IntPrjfolder\SUR 69 kV.ElmNet\Tap Ojiva.ElmTerm,0,SUR CERCANO,SUR,SUR 69 kV,,P.MADERA TP-IG 50 P/69 - 559 AAAC,0.9240000247955322,1,0.6629999876022339,0.4841821789741516,0.10769037902355194,1.3994331359863281,0.3941318690776825,1.8928056955337524,3.6284682750701904,-2.5646152557055386e-17
69 kV Derivación Azua,ZAZUAF_ZXAZUF-L1,\VM-PF.IntUser\PDD 31-12-2024.IntPrj\Network Model.IntPrjfolder\Network Data.IntPrjfolder\SUR 69 kV.ElmNet\69 kV Derivación Azua.ElmLne,69 kV Azua,WAZUAF,\VM-PF.IntUser\PDD 31-12-2024.IntPrj\Network Model.IntPrjfolder\Network Data.IntPrjfolder\SUR 69 kV.ElmNet\69 kV Azua.ElmTerm,Tap Azua,WXAZUF,\VM-PF.IntUser\PDD 31-12-2024.IntPrj\Network Model.IntPrjfolder\Network Data.IntPrjfolder\SUR 69 kV.ElmNet\Tap Azua.ElmTerm,0,SUR MEDIO,SUR,SUR 69 kV,,P.MADERA/69 TH-1G- 450 ACAR,0.1599999964237213,1,0.5680000185966492,0.09600211679935455,0.02103041112422943,0.19984020292758942,0.07582831382751465,0.3857819736003876,0.5669206380844116,-1.3322675997716858e-17
69 kV Cruce Cabral 2 – Acd Sur-Oeste_c,ZXKQAF_ZXSCAF-L1,\VM-PF.IntUser\PDD 31-12-2024.IntPrj\Network Model.IntPrjfolder\Network Data.IntPrjfolder\SUR 69 kV.ElmNet\69 kV Cruce Cabral 2 – Acd Sur-Oeste_c.ElmLne,Tap Solar Canoa,WXSCAF,\VM-PF.IntUser\PDD 31-12-2024.IntPrj\Network Model.IntPrjfolder\Network Data.IntPrjfolder\SUR 69 kV.ElmNet\Tap Solar Canoa.ElmTerm,Tap Kilómetro 15 de Azua,WXKQAF,\VM-PF.IntUser\PDD 31-12-2024.IntPrj\Network Model.IntPrjfolder\Network Data.IntPrjfolder\SUR 69 kV.ElmNet\Tap Kilómetro 15 de Azua.ElmTerm,0,SUR PROFUNDO,SUR,SUR 69 kV,,P.MADERA TP-IG 50 P/69 - 2/0 CU,1.8199996948242188,1,0.36000001430511475,1.283238410949707,0.5486032962799072,2.8481719493865967,0.8942482471466064,3.50703501701355,6.213349342346191,7.577270872517273e-17
69 kV Pizarrete – Madre Vieja_c,ZXPGMF_ZXICAF-L1,\VM-PF.IntUser\PDD 31-12-2024.IntPrj\Network Model.IntPrjfolder\Network Data.IntPrjfolder\SUR 69 kV.ElmNet\69 kV Pizarrete – Madre Vieja_c.ElmLne,Tap Pizarrete,WXPZ1F,\VM-PF.IntUser\PDD 31-12-2024.IntPrj\Network Model.IntPrjfolder\Network Data.IntPrjfolder\SUR 69 kV.ElmNet\Tap Pizarrete.ElmTerm,Tap Ingenio CAEI,WXICAF,\VM-PF.IntUser\PDD 31-12-2024.IntPrj\Network Model.IntPrjfolder\Network Data.IntPrjfolder\SUR 69 kV.ElmNet\Tap Ingenio CAEI.ElmTerm,0,SUR CERCANO,SUR,SUR 69 kV,,P.MADERA TP-IG 55 P/69 - 450 ACAR,8.75,1,0.5680000185966492,4.676996231079102,1.1466904878616333,13.256340980529785,3.857076644897461,17.560468673706055,33.22521209716797,0.0
69 kV Derivación Salinas,WSALIF_WXSALF-L1,\VM-PF.IntUser\PDD 31-12-2024.IntPrj\Network Model.IntPrjfolder\Network Data.IntPrjfolder\SUR 69 kV.ElmNet\69 kV Derivación Salinas.ElmLne,Tap Salinas,WXSALF,\VM-PF.IntUser\PDD 31-12-2024.IntPrj\Network Model.IntPrjfolder\Network Data.IntPrjfolder\SUR 69 kV.ElmNet\Tap Salinas.ElmTerm,69 kV Salinas,WSALIF,\VM-PF.IntUser\PDD 31-12-2024.IntPrj\Network Model.IntPrjfolder\Network Data.IntPrjfolder\SUR 69 kV.ElmNet\69 kV Salinas.ElmTerm,0,SUR PROFUNDO,SUR,SUR 69 kV,,P.MADERA TP-IG 55 P/69 - 4/0 AAAC,0.0010000000474974513,1,0.3799999952316284,0.0007106938865035772,0.0003072303661610931,0.0015480067813768983,0.0004738051211461425,0.001934820436872542,0.0035469343420118093,-5.551115386789603e-20
69 kV Derivación Villarpando,WVILLF_WXVILF-L1,\VM-PF.IntUser\PDD 31-12-2024.IntPrj\Network Model.IntPrjfolder\Network Data.IntPrjfolder\SUR 69 kV.ElmNet\69 kV Derivación Villarpando.ElmLne,Tap Villarpando,WXVILF,\VM-PF.IntUser\PDD 31-12-2024.IntPrj\Network Model.IntPrjfolder\Network Data.IntPrjfolder\SUR 69 kV.ElmNet\Tap Villarpando.ElmTerm,69 kV Villarpando,WVILLF,\VM-PF.IntUser\PDD 31-12-2024.IntPrj\Network Model.IntPrjfolder\Network Data.IntPrjfolder\SUR 69 kV.ElmNet\69 kV Villarpando.ElmTerm,0,SUR MEDIO,SUR,SUR 69 kV,,P.MADERA TP-IG 55 P/69 - 559 AAAC,0.03999999910593033,1,0.6629999876022339,0.020802952349185944,0.0046644131653010845,0.060261454433202744,0.01729338988661766,0.0811179131269455,0.15492995083332062,3.0531133011755682e-18
69 kV Derivación Baní,ZBANIF_ZXBANF-L1,\VM-PF.IntUser\PDD 31-12-2024.IntPrj\Network Model.IntPrjfolder\Network Data.IntPrjfolder\SUR 69 kV.ElmNet\69 kV Derivación Baní.ElmLne,69 kV Baní Pueblo,WBANIF,\VM-PF.IntUser\PDD 31-12-2024.IntPrj\Network Model.IntPrjfolder\Network Data.IntPrjfolder\SUR 69 kV.ElmNet\69 kV Baní Pueblo.ElmTerm,Tap Baní,WXBANF,\VM-PF.IntUser\PDD 31-12-2024.IntPrj\Network Model.IntPrjfolder\Network Data.IntPrjfolder\SUR 69 kV.ElmNet\Tap Baní.ElmTerm,0,SUR CERCANO,SUR,SUR 69 kV,,P.MADERA TVS-1/1C/69/1xF - 450 ACAR,0.029999999329447746,1,0.5680000185966492,0.015400092117488384,0.0039332215674221516,0.04649799317121506,0.012953625060617924,0.05781847983598709,0.1171192154288292,-4.163336249286518e-19
69 kV Derivación Baní PER,ZBAPEF_ZXBAPF-L1,\VM-PF.IntUser\PDD 31-12-2024.IntPrj\Network Model.IntPrjfolder\Network Data.IntPrjfolder\SUR 69 kV.ElmNet\69 kV Derivación Baní PER.ElmLne,69 kV Baní PER,WBAPEF,\VM-PF.IntUser\PDD 31-12-2024.IntPrj\Network Model.IntPrjfolder\Network Data.IntPrjfolder\SUR 69 kV.ElmNet\69 kV Baní PER.ElmTerm,Tap Baní PER,WXBAPF,\VM-PF.IntUser\PDD 31-12-2024.IntPrj\Network Model.IntPrjfolder\Network Data.IntPrjfolder\SUR 69 kV.ElmNet\Tap Baní PER.ElmTerm,0,SUR CERCANO,SUR,SUR 69 kV,,P.MADERA TP-IG 55 P/69 - 4/0 AAAC,0.05000000074505806,1,0.3799999952316284,0.03553469106554985,0.015361517667770386,0.077400341629982,0.023690255358815193,0.09674102067947388,0.17734672129154205,-2.775557602921922e-18
69 kV Derivación Acueducto INAPA Azua,ZAIAZF_ZXAIAF-L1,\VM-PF.IntUser\PDD 31-12-2024.IntPrj\Network Model.IntPrjfolder\Network Data.IntPrjfolder\SUR 69 kV.ElmNet\69 kV Derivación Acueducto INAPA Azua.ElmLne,69 kV Acueducto INAPA Azua,WAIAZF,\VM-PF.IntUser\PDD 31-12-2024.IntPrj\Network Model.IntPrjfolder\Network Data.IntPrjfolder\SUR 69 kV.ElmNet\69 kV Acueducto INAPA Azua.ElmTerm,Tap Acueducto INAPA Azua,WXAIAF,\VM-PF.IntUser\PDD 31-12-2024.IntPrj\Network Model.IntPrjfolder\Network Data.IntPrjfolder\SUR 69 kV.ElmNet\Tap Acueducto INAPA Azua.ElmTerm,1,SUR MEDIO,SUR,SUR 69 kV,,P.MADERA/69 TH-1G- 450 ACAR,0.05000000074505806,1,0.5680000185966492,0.030000662431120872,0.006572003476321697,0.062450066208839417,0.023696349933743477,0.12055687606334686,0.17716270685195923,-4.1633365077804595e-18
69 kV Derivación ABCO,ZABCOF_ZXABCF-L1,\VM-PF.IntUser\PDD 31-12-2024.IntPrj\Network Model.IntPrjfolder\Network Data.IntPrjfolder\SUR 69 kV.ElmNet\69 kV Derivación ABCO.ElmLne,69 kV ABCO,WABCOF,\VM-PF.IntUser\PDD 31-12-2024.IntPrj\Network Model.IntPrjfolder\Network Data.IntPrjfolder\SUR 69 kV.ElmNet\69 kV ABCO.ElmTerm,Tap ABCO,WXABCF,\VM-PF.IntUser\PDD 31-12-2024.IntPrj\Network Model.IntPrjfolder\Network Data.IntPrjfolder\SUR 69 kV.ElmNet\Tap ABCO.ElmTerm,0,SUR MEDIO,SUR,SUR 69 kV,,P.MADERA/69 TH-1G- 450 ACAR,0.009999999776482582,1,0.5680000185966492,0.00600013229995966,0.0013144006952643394,0.012490012682974339,0.0047392696142196655,0.024111373350024223,0.035432539880275726,-8.326672498573036e-19
69 kV Palamara – Madre Vieja_i,ZMVIEF_ZMVI2F-L1,\VM-PF.IntUser\PDD 31-12-2024.IntPrj\Network Model.IntPrjfolder\Network Data.IntPrjfolder\SUR 69 kV.ElmNet\69 kV Palamara – Madre Vieja_i.ElmLne,Tap 2 Madre Vieja,WXMV2F,\VM-PF.IntUser\PDD 31-12-2024.IntPrj\Network Model.IntPrjfolder\Network Data.IntPrjfolder\SUR 69 kV.ElmNet\Tap 2 Madre Vieja.ElmTerm,69 kV Madre Vieja,WMVIEF,\VM-PF.IntUser\PDD 31-12-2024.IntPrj\Network Model.IntPrjfolder\Network Data.IntPrjfolder\SUR 69 kV.ElmNet\69 kV Madre Vieja.ElmTerm,0,SUR CERCANO,SUR,SUR 69 kV,,T.ACERO S1(2)/1C/69/1xF/559 AAAC,0.07999999821186066,1,0.6629999876022339,0.03449122980237007,0.009306221269071102,0.11995784938335419,0.037963155657052994,0.1425696760416031,0.2814079225063324,6.661337998858429e-18
69 kV Derivación Productos Linda,ZPLINF_ZXPLIF-L1,\VM-PF.IntUser\PDD 31-12-2024.IntPrj\Network Model.IntPrjfolder\Network Data.IntPrjfolder\SUR 69 kV.ElmNet\69 kV Derivación Productos Linda.ElmLne,69 kV Productos Linda,WPLINF,\VM-PF.IntUser\PDD 31-12-2024.IntPrj\Network Model.IntPrjfolder\Network Data.IntPrjfolder\SUR 69 kV.ElmNet\69 kV Productos Linda.ElmTerm,Tap Productos Linda,WXPLIF,\VM-PF.IntUser\PDD 31-12-2024.IntPrj\Network Model.IntPrjfolder\Network Data.IntPrjfolder\SUR 69 kV.ElmNet\Tap Productos Linda.ElmTerm,0,SUR MEDIO,SUR,SUR 69 kV,,P.MADERA/1C/69/1xF - 2/0 CU,0.05000000074505806,1,0.36000001430511475,0.034287627786397934,0.015041644684970379,0.08089469373226166,0.023675791919231415,0.0870179682970047,0.17722265422344208,-8.326673015560919e-18
69 kV Derivación Las Matas de Farfán,ZLMFAF_ZXLMFF-L1,\VM-PF.IntUser\PDD 31-12-2024.IntPrj\Network Model.IntPrjfolder\Network Data.IntPrjfolder\SUR 69 kV.ElmNet\69 kV Derivación Las Matas de Farfán.ElmLne,69 kV Las Matas de Farfán,WLMFAF,\VM-PF.IntUser\PDD 31-12-2024.IntPrj\Network Model.IntPrjfolder\Network Data.IntPrjfolder\SUR 69 kV.ElmNet\69 kV Las Matas de Farfán.ElmTerm,Tap Las Matas de Farfán,WXLMFF,\VM-PF.IntUser\PDD 31-12-2024.IntPrj\Network Model.IntPrjfolder\Network Data.IntPrjfolder\SUR 69 kV.ElmNet\Tap Las Matas de Farfán.ElmTerm,0,SUR MEDIO,SUR,SUR 69 kV,,P.MADERA TP-IG 55 P/69 - 559 AAAC,1.0,1,0.6629999876022339,0.5200738310813904,0.1166103333234787,1.5065363645553589,0.4323347508907318,2.0279479026794434,3.873249053955078,7.632783294297951e-17
69 kV Derivación La Famosa,ZLFAMF_ZXLFAF-L1,\VM-PF.IntUser\PDD 31-12-2024.IntPrj\Network Model.IntPrjfolder\Network Data.IntPrjfolder\SUR 69 kV.ElmNet\69 kV Derivación La Famosa.ElmLne,69 kV La Famosa,WLFAMF,\VM-PF.IntUser\PDD 31-12-2024.IntPrj\Network Model.IntPrjfolder\Network Data.IntPrjfolder\SUR 69 kV.ElmNet\69 kV La Famosa.ElmTerm,Tap La Famosa,WXLFAF,\VM-PF.IntUser\PDD 31-12-2024.IntPrj\Network Model.IntPrjfolder\Network Data.IntPrjfolder\SUR 69 kV.ElmNet\Tap La Famosa.ElmTerm,0,SUR CERCANO,SUR,SUR 69 kV,,P.MADERA TVS-1/1C/69/1xF - 450 ACAR,0.05000000074505806,1,0.5680000185966492,0.025666819885373116,0.00655536912381649,0.07749665528535843,0.021589376032352448,0.09636414051055908,0.19519869983196259,-6.938894007304805e-19
69 kV Derivación Pizarrete Distribución,ZPIZDF_ZXPIDF-L1,\VM-PF.IntUser\PDD 31-12-2024.IntPrj\Network Model.IntPrjfolder\Network Data.IntPrjfolder\SUR 69 kV.ElmNet\69 kV Derivación Pizarrete Distribución.ElmLne,69 kV Pizarrete Distribución,WPIZDF,\VM-PF.IntUser\PDD 31-12-2024.IntPrj\Network Model.IntPrjfolder\Network Data.IntPrjfolder\SUR 69 kV.ElmNet\69 kV Pizarrete Distribución.ElmTerm,Tap Pizarrete Distribución_,WXPIDF,\VM-PF.IntUser\PDD 31-12-2024.IntPrj\Network Model.IntPrjfolder\Network Data.IntPrjfolder\SUR 69 kV.ElmNet\Tap Pizarrete Distribución_.ElmTerm,0,SUR CERCANO,SUR,SUR 69 kV,,P.MADERA TVS-1/1C/69/1xF - 450 ACAR,0.15000000596046448,1,0.5680000185966492,0.0770004615187645,0.01966610923409462,0.23248997330665588,0.06476812809705734,0.28909242153167725,0.5855960845947266,-2.0816682538902298e-18
69 kV Derivación Solar Canoa,WSCANF_WXSCAF-L1,\VM-PF.IntUser\PDD 31-12-2024.IntPrj\Network Model.IntPrjfolder\Network Data.IntPrjfolder\SUR 69 kV.ElmNet\69 kV Derivación Solar Canoa.ElmLne,Tap Solar Canoa,WXSCAF,\VM-PF.IntUser\PDD 31-12-2024.IntPrj\Network Model.IntPrjfolder\Network Data.IntPrjfolder\SUR 69 kV.ElmNet\Tap Solar Canoa.ElmTerm,1,,\VM-PF.IntUser\PDD 31-12-2024.IntPrj\Network Model.IntPrjfolder\Network Data.IntPrjfolder\SUR 69 kV.ElmNet\Canoa Solar.ElmSite\ZSCANF.ElmSubstat\1.ElmTerm,0,SUR PROFUNDO,SUR,SUR 69 kV,,T.ACERO S2(2)/2C/ 69/559.5 AAAC,3.5999999046325684,2,1.3259999752044678,1.286938190460205,0.2097451537847519,4.371091842651367,0.8821507692337036,9.21119499206543,24.644790649414062,-4.9960034784643064e-17
69 kV Cruce de Cabral – Duvergé_b,ZXKINF_ZXSALF-L1,\VM-PF.IntUser\PDD 31-12-2024.IntPrj\Network Model.IntPrjfolder\Network Data.IntPrjfolder\SUR 69 kV.ElmNet\69 kV Cruce de Cabral – Duvergé_b.ElmLne,Tap Khoury Industrial,WXKINF,\VM-PF.IntUser\PDD 31-12-2024.IntPrj\Network Model.IntPrjfolder\Network Data.IntPrjfolder\SUR 69 kV.ElmNet\Tap Khoury Industrial.ElmTerm,Tap Salinas,WXSALF,\VM-PF.IntUser\PDD 31-12-2024.IntPrj\Network Model.IntPrjfolder\Network Data.IntPrjfolder\SUR 69 kV.ElmNet\Tap Salinas.ElmTerm,0,SUR PROFUNDO,SUR,SUR 69 kV,,P.MADERA TP-IG 50 P/69 - 4/0 AAAC,17.729999542236328,1,0.3799999952316284,12.60383415222168,5.447196006774902,27.435222625732422,8.400567054748535,34.90906524658203,62.907554626464844,1.9684253718384257e-15
69 kV San Juan 2 – Vallejuelo,ZSJU2F_ZVALLF-L1,\VM-PF.IntUser\PDD 31-12-2024.IntPrj\Network Model.IntPrjfolder\Network Data.IntPrjfolder\SUR 69 kV.ElmNet\69 kV San Juan 2 – Vallejuelo.ElmLne,5,,\VM-PF.IntUser\PDD 31-12-2024.IntPrj\Network Model.IntPrjfolder\Network Data.IntPrjfolder\SUR 138 kV.ElmNet\San Juan 2.ElmSite\ZSJU2F.ElmSubstat\5.ElmTerm,69 kV Vallejuelo,WVALLF,\VM-PF.IntUser\PDD 31-12-2024.IntPrj\Network Model.IntPrjfolder\Network Data.IntPrjfolder\SUR 69 kV.ElmNet\69 kV Vallejuelo.ElmTerm,0,SUR MEDIO,SUR,SUR 69 kV,,P.MADERA TVS-1/1C/69/1xF - 559 AAAC,26.270000457763672,1,0.6629999876022339,13.106008529663086,3.064851999282837,40.49413299560547,11.12044620513916,51.14176940917969,104.68048858642578,0.0
69 kV Haina – Herrera_a L2,ZHAIBF_ZXOFAF-L1,\VM-PF.IntUser\PDD 31-12-2024.IntPrj\Network Model.IntPrjfolder\Network Data.IntPrjfolder\SUR 69 kV.ElmNet\69 kV Haina – Herrera_a L2.ElmLne,L1,,\VM-PF.IntUser\PDD 31-12-2024.IntPrj\Network Model.IntPrjfolder\Network Data.IntPrjfolder\SUR 138 kV.ElmNet\Haina.ElmSite\ZHAINF.ElmSubstat\L1.ElmTerm,Tap Oleoducto FALCONDO,WXOFAF,\VM-PF.IntUser\PDD 31-12-2024.IntPrj\Network Model.IntPrjfolder\Network Data.IntPrjfolder\CENTRAL 69 kV.ElmNet\Tap Oleoducto FALCONDO.ElmTerm,0,SUR CERCANO,SUR,SUR 69 kV,,P.MADERA/69 TH-1G- 559.5 AAAC,2.5,1,0.6629999876022339,1.3646788597106934,0.2906089723110199,3.2141950130462646,1.164449691772461,5.709811210632324,8.980984687805176,-1.734723475976807e-16
69 kV Haina – Puerto de Haina_a,ZHAIBF_ZXPHAF-L1,\VM-PF.IntUser\PDD 31-12-2024.IntPrj\Network Model.IntPrjfolder\Network Data.IntPrjfolder\SUR 69 kV.ElmNet\69 kV Haina – Puerto de Haina_a.ElmLne,L2,,\VM-PF.IntUser\PDD 31-12-2024.IntPrj\Network Model.IntPrjfolder\Network Data.IntPrjfolder\SUR 138 kV.ElmNet\Haina.ElmSite\ZHAINF.ElmSubstat\L2.ElmTerm,Tap Puerto de Haina,WXPHAF,\VM-PF.IntUser\PDD 31-12-2024.IntPrj\Network Model.IntPrjfolder\Network Data.IntPrjfolder\SUR 69 kV.ElmNet\Tap Puerto de Haina.ElmTerm,0,SUR CERCANO,SUR,SUR 69 kV,,P.MADERA TP-IG 50 P/69 - 559 AAAC,2.0999999046325684,1,0.6629999876022339,1.1004140377044678,0.24475084245204926,3.1805295944213867,0.8957541584968567,4.301830768585205,8.2465181350708,-5.828670614584276e-17
69 kV Haina – Herrera_a L3,ZHAIBF_ZTORGF-L1,\VM-PF.IntUser\PDD 31-12-2024.IntPrj\Network Model.IntPrjfolder\Network Data.IntPrjfolder\SUR 69 kV.ElmNet\69 kV Haina – Herrera_a L3.ElmLne,Tap TORGINOL,WXTORF,\VM-PF.IntUser\PDD 31-12-2024.IntPrj\Network Model.IntPrjfolder\Network Data.IntPrjfolder\CENTRAL 69 kV.ElmNet\Tap TORGINOL.ElmTerm,L3,,\VM-PF.IntUser\PDD 31-12-2024.IntPrj\Network Model.IntPrjfolder\Network Data.IntPrjfolder\SUR 138 kV.ElmNet\Haina.ElmSite\ZHAINF.ElmSubstat\L3.ElmTerm,0,SANTO DOMINGO,CENTRAL,SUR 69 kV,,P.MADERA TP-IG 50 P/69 - 477 ACSR,5.5,1,0.6589999794960022,2.868668794631958,0.6486174464225769,8.316695213317871,2.411979913711548,11.359820365905762,21.310352325439453,-7.632783294297951e-17
69 kV Haina – Kilómetro 10.5_a,ZHAIBF_ZXBOHF-L1,\VM-PF.IntUser\PDD 31-12-2024.IntPrj\Network Model.IntPrjfolder\Network Data.IntPrjfolder\SUR 69 kV.ElmNet\69 kV Haina – Kilómetro 10.5_a.ElmLne,R3,,\VM-PF.IntUser\PDD 31-12-2024.IntPrj\Network Model.IntPrjfolder\Network Data.IntPrjfolder\SUR 138 kV.ElmNet\Haina.ElmSite\ZHAINF.ElmSubstat\R3.ElmTerm,Tap Bohemia,WXBOHF,\VM-PF.IntUser\PDD 31-12-2024.IntPrj\Network Model.IntPrjfolder\Network Data.IntPrjfolder\CENTRAL 69 kV.ElmNet\Tap Bohemia.ElmTerm,0,SUR CERCANO,SUR,SUR 69 kV,,P.MADERA/69 TH-1G- 477 ACSR,4.5,1,0.5999999642372131,2.641019582748413,0.5324402451515198,5.61030387878418,2.122469663619995,10.98685073852539,16.243017196655273,6.245004513516506e-17
69 kV Haina – REFIDOMSA_b,ZHAINF_ZXGBOF-L1_a,\VM-PF.IntUser\PDD 31-12-2024.IntPrj\Network Model.IntPrjfolder\Network Data.IntPrjfolder\SUR 69 kV.ElmNet\69 kV Haina – REFIDOMSA_b.ElmLne,Tap Ojiva,WXOJIF,\VM-PF.IntUser\PDD 31-12-2024.IntPrj\Network Model.IntPrjfolder\Network Data.IntPrjfolder\SUR 69 kV.ElmNet\Tap Ojiva.ElmTerm,Tap Granitos Bojos,WXGBOF,\VM-PF.IntUser\PDD 31-12-2024.IntPrj\Network Model.IntPrjfolder\Network Data.IntPrjfolder\SUR 69 kV.ElmNet\Tap Granitos Bojos.ElmTerm,0,SUR CERCANO,SUR,SUR 69 kV,,P.MADERA TP-IG 50 P/69 - 559 AAAC,1.2960000038146973,1,0.6629999876022339,0.6791126728057861,0.1510462462902069,1.9628411531448364,0.5528083443641663,2.654844284057617,5.089280128479004,-3.597122610373419e-17
69 kV Derivación Ojiva,ZOJIVF_ZXOJIF-L1,\VM-PF.IntUser\PDD 31-12-2024.IntPrj\Network Model.IntPrjfolder\Network Data.IntPrjfolder\SUR 69 kV.ElmNet\69 kV Derivación Ojiva.ElmLne,Tap Ojiva,WXOJIF,\VM-PF.IntUser\PDD 31-12-2024.IntPrj\Network Model.IntPrjfolder\Network Data.IntPrjfolder\SUR 69 kV.ElmNet\Tap Ojiva.ElmTerm,69 kV Ojiva,WOJIVF,\VM-PF.IntUser\PDD 31-12-2024.IntPrj\Network Model.IntPrjfolder\Network Data.IntPrjfolder\SUR 69 kV.ElmNet\69 kV Ojiva.ElmTerm,0,SUR CERCANO,SUR,SUR 69 kV,,P.MADERA TP-IG 50 P/69 - 559 AAAC,0.2919999957084656,1,0.6629999876022339,0.15300995111465454,0.03403202444314957,0.4422450661659241,0.12455248832702637,0.5981593728065491,1.1466587781906128,-8.104627960649635e-18
69 kV km 15 Azua – Quita Coraza_b,ZQCORF_ZXQCOF-L1,\VM-PF.IntUser\PDD 31-12-2024.IntPrj\Network Model.IntPrjfolder\Network Data.IntPrjfolder\SUR 69 kV.ElmNet\69 kV km 15 Azua – Quita Coraza_b.ElmLne,Tap Quita Coraza,WXQCOF,\VM-PF.IntUser\PDD 31-12-2024.IntPrj\Network Model.IntPrjfolder\Network Data.IntPrjfolder\SUR 69 kV.ElmNet\Tap Quita Coraza.ElmTerm,69 kV Quita Coraza,WQCORF,\VM-PF.IntUser\PDD 31-12-2024.IntPrj\Network Model.IntPrjfolder\Network Data.IntPrjfolder\SUR 69 kV.ElmNet\69 kV Quita Coraza.ElmTerm,0,SUR PROFUNDO,SUR,SUR 69 kV,,P.MADERA TP-IG 55 P/69 - 559 AAAC,0.028179999440908432,1,0.6629999876022339,0.014655680395662785,0.0032860790379345417,0.04245419427752495,0.012183193117380142,0.057147569954395294,0.10914815217256546,2.1509183672070973e-18
69 kV Derivación Villa Altagracia,ZVALTF_ZXVALF-L1,\VM-PF.IntUser\PDD 31-12-2024.IntPrj\Network Model.IntPrjfolder\Network Data.IntPrjfolder\SUR 69 kV.ElmNet\69 kV Derivación Villa Altagracia.ElmLne,69 kV Villa Altagracia,WVALTF,\VM-PF.IntUser\PDD 31-12-2024.IntPrj\Network Model.IntPrjfolder\Network Data.IntPrjfolder\SUR 69 kV.ElmNet\ZVALTF.ElmSubstat\69 kV Villa Altagracia.ElmTerm,Tap Villa Altagracia,WXVALF,\VM-PF.IntUser\PDD 31-12-2024.IntPrj\Network Model.IntPrjfolder\Network Data.IntPrjfolder\CENTRAL 69 kV.ElmNet\Tap Villa Altagracia.ElmTerm,0,SUR CERCANO,SUR,SUR 69 kV,,P.MADERA TP-IG 50 P/69 - 4/0 AAAC,0.0729999989271164,1,0.3799999952316284,0.05189396068453789,0.022427823394536972,0.11295946687459946,0.03458778187632561,0.14373162388801575,0.2590102255344391,8.104627960649635e-18
69 kV Derivación ZF Nigua,ZZNIGF_ZXZNIF-L1,\VM-PF.IntUser\PDD 31-12-2024.IntPrj\Network Model.IntPrjfolder\Network Data.IntPrjfolder\SUR 69 kV.ElmNet\69 kV Derivación ZF Nigua.ElmLne,69 kV ZF Nigua(1),WZNIGF,\VM-PF.IntUser\PDD 31-12-2024.IntPrj\Network Model.IntPrjfolder\Network Data.IntPrjfolder\SUR 69 kV.ElmNet\69 kV ZF Nigua(1).ElmTerm,Tap 2 Alambres Dominicanos,WXAD2F,\VM-PF.IntUser\PDD 31-12-2024.IntPrj\Network Model.IntPrjfolder\Network Data.IntPrjfolder\CENTRAL 69 kV.ElmNet\Tap 2 Alambres Dominicanos.ElmTerm,0,SUR CERCANO,SUR,SUR 69 kV,,P.MADERA TP-IG 55 P/69 - 4/0 AAAC,0.05000000074505806,1,0.3799999952316284,0.03553469106554985,0.015361517667770386,0.077400341629982,0.023690255358815193,0.09674102067947388,0.17734672129154205,-2.775557602921922e-18
69 kV Derivación Khoury Industrial,ZKINDF_ZXKINF-L1,\VM-PF.IntUser\PDD 31-12-2024.IntPrj\Network Model.IntPrjfolder\Network Data.IntPrjfolder\SUR 69 kV.ElmNet\69 kV Derivación Khoury Industrial.ElmLne,Tap Khoury Industrial,WXKINF,\VM-PF.IntUser\PDD 31-12-2024.IntPrj\Network Model.IntPrjfolder\Network Data.IntPrjfolder\SUR 69 kV.ElmNet\Tap Khoury Industrial.ElmTerm,69 kV Khoury Industrial,WKINDF,\VM-PF.IntUser\PDD 31-12-2024.IntPrj\Network Model.IntPrjfolder\Network Data.IntPrjfolder\SUR 69 kV.ElmNet\69 kV Khoury Industrial.ElmTerm,0,SUR PROFUNDO,SUR,SUR 69 kV,,P.MADERA TP-IG 50 P/69 - 559 AAAC,2.7300000190734863,1,0.6629999876022339,1.430538296699524,0.31817612051963806,4.134688377380371,1.164480447769165,5.592380523681641,10.720474243164062,-7.577272196006253e-17
69 kV Haina – Herrera_d L2,ZHNVAF_ZXALDF-L1,\VM-PF.IntUser\PDD 31-12-2024.IntPrj\Network Model.IntPrjfolder\Network Data.IntPrjfolder\SUR 69 kV.ElmNet\69 kV Haina – Herrera_d L2.ElmLne,L3,,\VM-PF.IntUser\PDD 31-12-2024.IntPrj\Network Model.IntPrjfolder\Network Data.IntPrjfolder\CENTRAL 138 kV.ElmNet\Herrera.ElmSite\ZHNVAF.ElmSubstat\L3.ElmTerm,Tap Aluminios Dominicanos,WXALDF,\VM-PF.IntUser\PDD 31-12-2024.IntPrj\Network Model.IntPrjfolder\Network Data.IntPrjfolder\SUR 69 kV.ElmNet\Tap Aluminios Dominicanos.ElmTerm,0,SANTO DOMINGO,CENTRAL,SUR 69 kV,,P.MADERA TP-IG 50 P/69 - 559 AAAC,0.15199999511241913,1,0.6629999876022339,0.07964901626110077,0.017715299502015114,0.23020975291728973,0.06483554095029831,0.3113706111907959,0.5968908667564392,-4.2188473579179744e-18
69 kV Haina – Herrera_c L2,ZCOHEF_ZXALDF-L1,\VM-PF.IntUser\PDD 31-12-2024.IntPrj\Network Model.IntPrjfolder\Network Data.IntPrjfolder\SUR 69 kV.ElmNet\69 kV Haina – Herrera_c L2.ElmLne,Tap Aluminios Dominicanos,WXALDF,\VM-PF.IntUser\PDD 31-12-2024.IntPrj\Network Model.IntPrjfolder\Network Data.IntPrjfolder\SUR 69 kV.ElmNet\Tap Aluminios Dominicanos.ElmTerm,Tap Centro Operación Herrera,WXCOHF,\VM-PF.IntUser\PDD 31-12-2024.IntPrj\Network Model.IntPrjfolder\Network Data.IntPrjfolder\CENTRAL 69 kV.ElmNet\Tap Centro Operación Herrera.ElmTerm,0,SANTO DOMINGO,CENTRAL,SUR 69 kV,,P.MADERA TP-IG 50 P/69 - 559 AAAC,1.8480000495910645,1,0.6629999876022339,0.9683643579483032,0.21538075804710388,2.7988662719726562,0.788263738155365,3.785611391067505,7.256936550140381,-5.129230511411077e-17
69 kV Haina – Herrera_c L3,ZPFLEF_ZXDURF-L1,\VM-PF.IntUser\PDD 31-12-2024.IntPrj\Network Model.IntPrjfolder\Network Data.IntPrjfolder\SUR 69 kV.ElmNet\69 kV Haina – Herrera_c L3.ElmLne,Tap Plásticos Flexibles(1),WXPFLF,\VM-PF.IntUser\PDD 31-12-2024.IntPrj\Network Model.IntPrjfolder\Network Data.IntPrjfolder\CENTRAL 69 kV.ElmNet\Tap Plásticos Flexibles(1).ElmTerm,Tap 1 Herrera,WXHE1F,\VM-PF.IntUser\PDD 31-12-2024.IntPrj\Network Model.IntPrjfolder\Network Data.IntPrjfolder\CENTRAL 69 kV.ElmNet\Tap 1 Herrera.ElmTerm,0,SANTO DOMINGO,CENTRAL,SUR 69 kV,,P.MADERA TP-IG 55 P/69 - 477 ACSR,0.9350000023841858,1,0.6589999794960022,0.4875032305717468,0.1102648600935936,1.4144150018692017,0.41003644466400146,1.8961312770843506,3.621487855911255,7.136652274289466e-17
69 kV Haina – Herrera_d L3,ZHNVAF_ZXHE1F-L1,\VM-PF.IntUser\PDD 31-12-2024.IntPrj\Network Model.IntPrjfolder\Network Data.IntPrjfolder\SUR 69 kV.ElmNet\69 kV Haina – Herrera_d L3.ElmLne,Tap 1 Herrera,WXHE1F,\VM-PF.IntUser\PDD 31-12-2024.IntPrj\Network Model.IntPrjfolder\Network Data.IntPrjfolder\CENTRAL 69 kV.ElmNet\Tap 1 Herrera.ElmTerm,L2,,\VM-PF.IntUser\PDD 31-12-2024.IntPrj\Network Model.IntPrjfolder\Network Data.IntPrjfolder\CENTRAL 138 kV.ElmNet\Herrera.ElmSite\ZHNVAF.ElmSubstat\L2.ElmTerm,0,SANTO DOMINGO,CENTRAL,SUR 69 kV,,P.MADERA TP-IG 55 P/69 - 477 ACSR,0.05000000074505806,1,0.6589999794960022,0.02606969140470028,0.005896516609936953,0.07563716918230057,0.021927082911133766,0.10139739513397217,0.19366244971752167,3.816391729867037e-18
69 kV km 15 de Azua – Sabana Yegua_b,ZXMAGF_ZXVILF-L1,\VM-PF.IntUser\PDD 31-12-2024.IntPrj\Network Model.IntPrjfolder\Network Data.IntPrjfolder\SUR 69 kV.ElmNet\69 kV km 15 de Azua – Sabana Yegua_b.ElmLne,Tap Magueyal,WXMAGF,\VM-PF.IntUser\PDD 31-12-2024.IntPrj\Network Model.IntPrjfolder\Network Data.IntPrjfolder\SUR 69 kV.ElmNet\Tap Magueyal.ElmTerm,Tap Villarpando,WXVILF,\VM-PF.IntUser\PDD 31-12-2024.IntPrj\Network Model.IntPrjfolder\Network Data.IntPrjfolder\SUR 69 kV.ElmNet\Tap Villarpando.ElmTerm,0,SUR MEDIO,SUR,SUR 69 kV,,P.MADERA TP-IG 55 P/69 - 559 AAAC,10.5,1,0.6629999876022339,5.460775375366211,1.224408507347107,15.818632125854492,4.539515018463135,21.293453216552734,40.66911315917969,8.014422459012849e-16
69 kV Elías Piña – San Juan 2_b,ZXLMFF_ZXDROF-L1,\VM-PF.IntUser\PDD 31-12-2024.IntPrj\Network Model.IntPrjfolder\Network Data.IntPrjfolder\SUR 69 kV.ElmNet\69 kV Elías Piña – San Juan 2_b.ElmLne,Tap Domingo Rodríguez,WXDROF,\VM-PF.IntUser\PDD 31-12-2024.IntPrj\Network Model.IntPrjfolder\Network Data.IntPrjfolder\SUR 69 kV.ElmNet\Tap Domingo Rodríguez.ElmTerm,Tap Las Matas de Farfán,WXLMFF,\VM-PF.IntUser\PDD 31-12-2024.IntPrj\Network Model.IntPrjfolder\Network Data.IntPrjfolder\SUR 69 kV.ElmNet\Tap Las Matas de Farfán.ElmTerm,0,SUR MEDIO,SUR,SUR 69 kV,,P.MADERA TP-IG 55 P/69 - 559 AAAC,16.299999237060547,1,0.6629999876022339,8.477203369140625,1.900748372077942,24.556541442871094,7.047056198120117,33.05554962158203,63.13395690917969,1.2441435922672713e-15
69 kV Elías Piña – San Juan 2_a,ZSJU2F_ZXSJ2F-L1,\VM-PF.IntUser\PDD 31-12-2024.IntPrj\Network Model.IntPrjfolder\Network Data.IntPrjfolder\SUR 69 kV.ElmNet\69 kV Elías Piña – San Juan 2_a.ElmLne,Tap Domingo Rodríguez,WXDROF,\VM-PF.IntUser\PDD 31-12-2024.IntPrj\Network Model.IntPrjfolder\Network Data.IntPrjfolder\SUR 69 kV.ElmNet\Tap Domingo Rodríguez.ElmTerm,3,,\VM-PF.IntUser\PDD 31-12-2024.IntPrj\Network Model.IntPrjfolder\Network Data.IntPrjfolder\SUR 138 kV.ElmNet\San Juan 2.ElmSite\ZSJU2F.ElmSubstat\3.ElmTerm,0,SUR MEDIO,SUR,SUR 69 kV,,P.MADERA TP-IG 55 P/69 - 559 AAAC,18.889999389648438,1,0.6629999876022339,9.824193954467773,2.2027690410614014,28.458471298217773,8.166803359985352,38.30793380737305,73.1656723022461,1.4418327177060709e-15
69 kV Pizarrete – Madre Vieja_g,ZXAISF_ZXMV2F-L1,\VM-PF.IntUser\PDD 31-12-2024.IntPrj\Network Model.IntPrjfolder\Network Data.IntPrjfolder\SUR 69 kV.ElmNet\69 kV Pizarrete – Madre Vieja_g.ElmLne,Tap Acueducto INAPA SCN,WXAISF,\VM-PF.IntUser\PDD 31-12-2024.IntPrj\Network Model.IntPrjfolder\Network Data.IntPrjfolder\SUR 69 kV.ElmNet\Tap Acueducto INAPA SCN.ElmTerm,Tap 2 Madre Vieja,WXMV2F,\VM-PF.IntUser\PDD 31-12-2024.IntPrj\Network Model.IntPrjfolder\Network Data.IntPrjfolder\SUR 69 kV.ElmNet\Tap 2 Madre Vieja.ElmTerm,0,SUR CERCANO,SUR,SUR 69 kV,,P.MADERA TP-IG 55 P/69 - 450 ACAR,4.190000057220459,1,0.5680000185966492,2.2396130561828613,0.549100935459137,6.347893714904785,1.8469886779785156,8.408956527709961,15.910130500793457,0.0
69 kV Pizarrete – Madre Vieja_f,ZXAISF_ZXGOYF-L1,\VM-PF.IntUser\PDD 31-12-2024.IntPrj\Network Model.IntPrjfolder\Network Data.IntPrjfolder\SUR 69 kV.ElmNet\69 kV Pizarrete – Madre Vieja_f.ElmLne,Tap Goya,WXGOYF,\VM-PF.IntUser\PDD 31-12-2024.IntPrj\Network Model.IntPrjfolder\Network Data.IntPrjfolder\SUR 69 kV.ElmNet\Tap Goya.ElmTerm,Tap Acueducto INAPA SCN,WXAISF,\VM-PF.IntUser\PDD 31-12-2024.IntPrj\Network Model.IntPrjfolder\Network Data.IntPrjfolder\SUR 69 kV.ElmNet\Tap Acueducto INAPA SCN.ElmTerm,0,SUR CERCANO,SUR,SUR 69 kV,,P.MADERA TP-IG 55 P/69 - 450 ACAR,0.10000000149011612,1,0.5680000185966492,0.05345138534903526,0.01310503389686346,0.15150104463100433,0.04408087581396103,0.2006910741329193,0.379716694355011,0.0
69 kV Pizarrete – Madre Vieja_e,ZXGOYF_ZXYAGF-L1,\VM-PF.IntUser\PDD 31-12-2024.IntPrj\Network Model.IntPrjfolder\Network Data.IntPrjfolder\SUR 69 kV.ElmNet\69 kV Pizarrete – Madre Vieja_e.ElmLne,Tap Yaguate,WXYAGF,\VM-PF.IntUser\PDD 31-12-2024.IntPrj\Network Model.IntPrjfolder\Network Data.IntPrjfolder\SUR 69 kV.ElmNet\Tap Yaguate.ElmTerm,Tap Goya,WXGOYF,\VM-PF.IntUser\PDD 31-12-2024.IntPrj\Network Model.IntPrjfolder\Network Data.IntPrjfolder\SUR 69 kV.ElmNet\Tap Goya.ElmTerm,0,SUR CERCANO,SUR,SUR 69 kV,,P.MADERA TP-IG 55 P/69 - 450 ACAR,11.100000381469727,1,0.5680000185966492,5.933103561401367,1.45465886592865,16.81661605834961,4.892977237701416,22.276710510253906,42.148555755615234,0.0
69 kV LAFZID – Cementos Colón_c,ZXARDF_ZXCCOF-L1,\VM-PF.IntUser\PDD 31-12-2024.IntPrj\Network Model.IntPrjfolder\Network Data.IntPrjfolder\SUR 69 kV.ElmNet\69 kV LAFZID – Cementos Colón_c.ElmLne,Tap Cemento Colón,WXCCOF,\VM-PF.IntUser\PDD 31-12-2024.IntPrj\Network Model.IntPrjfolder\Network Data.IntPrjfolder\CENTRAL 69 kV.ElmNet\Tap Cemento Colón.ElmTerm,Tap Argos Dominicana,WXARDF,\VM-PF.IntUser\PDD 31-12-2024.IntPrj\Network Model.IntPrjfolder\Network Data.IntPrjfolder\CENTRAL 69 kV.ElmNet\Tap Argos Dominicana.ElmTerm,0,SUR CERCANO,SUR,SUR 69 kV,,P.MADERA TP-IG 50 P/69 - 559 AAAC,0.12999999523162842,1,0.6629999876022339,0.06812086701393127,0.015151242725551128,0.19688992202281952,0.05545144900679588,0.26630380749702454,0.5104987621307373,-3.608224697682861e-18
69 kV Palamara – Madre Vieja_f,ZXARDF_ZXZNIF-L1,\VM-PF.IntUser\PDD 31-12-2024.IntPrj\Network Model.IntPrjfolder\Network Data.IntPrjfolder\SUR 69 kV.ElmNet\69 kV Palamara – Madre Vieja_f.ElmLne,Tap Argos Dominicana,WXARDF,\VM-PF.IntUser\PDD 31-12-2024.IntPrj\Network Model.IntPrjfolder\Network Data.IntPrjfolder\CENTRAL 69 kV.ElmNet\Tap Argos Dominicana.ElmTerm,Tap Alambres Dominicano,WXADOF,\VM-PF.IntUser\PDD 31-12-2024.IntPrj\Network Model.IntPrjfolder\Network Data.IntPrjfolder\SUR 69 kV.ElmNet\Tap Alambres Dominicano.ElmTerm,0,SUR CERCANO,SUR,SUR 69 kV,,P.MADERA TP-IG 50 P/69 - 559 AAAC,0.3799999952316284,1,0.6629999876022339,0.19912253320217133,0.04428825154900551,0.5755243897438049,0.16208885610103607,0.7784265875816345,1.4922271966934204,-1.0547118601590089e-17
69 kV Palamara – Madre Vieja_d,ZXADOF_ZXZNIF-L1_a,\VM-PF.IntUser\PDD 31-12-2024.IntPrj\Network Model.IntPrjfolder\Network Data.IntPrjfolder\SUR 69 kV.ElmNet\69 kV Palamara – Madre Vieja_d.ElmLne,Tap 2 Alambres Dominicanos,WXAD2F,\VM-PF.IntUser\PDD 31-12-2024.IntPrj\Network Model.IntPrjfolder\Network Data.IntPrjfolder\CENTRAL 69 kV.ElmNet\Tap 2 Alambres Dominicanos.ElmTerm,Tap ZF Nigua,WXZNIF,\VM-PF.IntUser\PDD 31-12-2024.IntPrj\Network Model.IntPrjfolder\Network Data.IntPrjfolder\SUR 69 kV.ElmNet\Tap ZF Nigua.ElmTerm,0,SUR CERCANO,SUR,SUR 69 kV,,P.MADERA TP-IG 50 P/69 - 559 AAAC,0.029999999329447746,1,0.6629999876022339,0.015720199793577194,0.003496440825983882,0.04543613642454147,0.012796488590538502,0.06145472824573517,0.11780740320682526,-8.326672498573036e-19
69 kV Derivación LAFZID,ZLAFZF_ZXZNIF-L1,\VM-PF.IntUser\PDD 31-12-2024.IntPrj\Network Model.IntPrjfolder\Network Data.IntPrjfolder\SUR 69 kV.ElmNet\69 kV Derivación LAFZID.ElmLne,Tap ZF Nigua,WXZNIF,\VM-PF.IntUser\PDD 31-12-2024.IntPrj\Network Model.IntPrjfolder\Network Data.IntPrjfolder\SUR 69 kV.ElmNet\Tap ZF Nigua.ElmTerm,2,,\VM-PF.IntUser\PDD 31-12-2024.IntPrj\Network Model.IntPrjfolder\Network Data.IntPrjfolder\SUR 69 kV.ElmNet\ZPIISF9.ElmSubstat\2.ElmTerm,1,SUR CERCANO,SUR,SUR 69 kV,,P.MADERA TP-IG 50 P/69 - 559 AAAC,0.47999998927116394,1,0.6629999876022339,0.2515231966972351,0.05594305321574211,0.7269781827926636,0.20474381744861603,0.9832756519317627,1.884918451309204,-1.3322675997716858e-17
69 kV Pizarrete – Pizarrete distribución,ZPIZAF_WXPIDF-L1,\VM-PF.IntUser\PDD 31-12-2024.IntPrj\Network Model.IntPrjfolder\Network Data.IntPrjfolder\SUR 69 kV.ElmNet\69 kV Pizarrete – Pizarrete distribución.ElmLne,1,,\VM-PF.IntUser\PDD 31-12-2024.IntPrj\Network Model.IntPrjfolder\Network Data.IntPrjfolder\SUR 138 kV.ElmNet\Pizarrete.ElmSite\ZPIZAF.ElmSubstat\1.ElmTerm,Tap Pizarrete Distribución_,WXPIDF,\VM-PF.IntUser\PDD 31-12-2024.IntPrj\Network Model.IntPrjfolder\Network Data.IntPrjfolder\SUR 69 kV.ElmNet\Tap Pizarrete Distribución_.ElmTerm,0,SUR CERCANO,SUR,SUR 69 kV,,P.MADERA TP-IG 55 P/69 - 450 ACAR,0.009999999776482582,1,0.5680000185966492,0.005345138255506754,0.0013105033431202173,0.015150103718042374,0.004408087581396103,0.02006910741329193,0.03797166794538498,0.0
69 kV Sabana Yegua – San Juan_a,,\VM-PF.IntUser\PDD 31-12-2024.IntPrj\Network Model.IntPrjfolder\Network Data.IntPrjfolder\SUR 69 kV.ElmNet\69 kV Sabana Yegua – San Juan_a.ElmLne,WSYEGF(3),,\VM-PF.IntUser\PDD 31-12-2024.IntPrj\Network Model.IntPrjfolder\Network Data.IntPrjfolder\SUR 69 kV.ElmNet\Sabana Yegua.ElmSite\ZSYEGF.ElmSubstat\WSYEGF(3).ElmTerm,Tap 2 Sabana Yegua,WXSYE2F,\VM-PF.IntUser\PDD 31-12-2024.IntPrj\Network Model.IntPrjfolder\Network Data.IntPrjfolder\SUR 69 kV.ElmNet\Tap 2 Sabana Yegua.ElmTerm,0,SUR MEDIO,SUR,SUR 69 kV,,P.MADERA TP-IG 55 P/69 - 559 AAAC,2.0299999713897705,1,0.6629999876022339,1.0557498931884766,0.23671896755695343,3.0582687854766846,0.8776395320892334,4.116734027862549,7.862695217132568,1.5494550034485282e-16
69 kV REFIDOMSA – LAFZID_a,ZXTREFF_ZXTLZ1F-L1,\VM-PF.IntUser\PDD 31-12-2024.IntPrj\Network Model.IntPrjfolder\Network Data.IntPrjfolder\SUR 69 kV.ElmNet\69 kV REFIDOMSA – LAFZID_a.ElmLne,Tap REFIDOMSA,WXTREFF,\VM-PF.IntUser\PDD 31-12-2024.IntPrj\Network Model.IntPrjfolder\Network Data.IntPrjfolder\SUR 69 kV.ElmNet\Tap REFIDOMSA.ElmTerm,Tap 1 LAFZID,WXTLZ1F,\VM-PF.IntUser\PDD 31-12-2024.IntPrj\Network Model.IntPrjfolder\Network Data.IntPrjfolder\SUR 69 kV.ElmNet\Tap 1 LAFZID.ElmTerm,0,SUR CERCANO,SUR,SUR 69 kV,,P.MADERA TP-IG 50 P/69 - 559 AAAC,0.02800000086426735,1,0.6629999876022339,0.014672188088297844,0.0032633449882268906,0.04240706190466881,0.011943389661610126,0.05735774710774422,0.10995358228683472,-7.771561412258473e-19
69 kV Derivación San Rafael,WXTISF_WSRAFF-L1,\VM-PF.IntUser\PDD 31-12-2024.IntPrj\Network Model.IntPrjfolder\Network Data.IntPrjfolder\SUR 69 kV.ElmNet\69 kV Derivación San Rafael.ElmLne,69 kV San Rafael(1),WSRAFF,\VM-PF.IntUser\PDD 31-12-2024.IntPrj\Network Model.IntPrjfolder\Network Data.IntPrjfolder\SUR 69 kV.ElmNet\69 kV San Rafael(1).ElmTerm,Tap INAPA San Rafael,WXTISF,\VM-PF.IntUser\PDD 31-12-2024.IntPrj\Network Model.IntPrjfolder\Network Data.IntPrjfolder\SUR 69 kV.ElmNet\Tap INAPA San Rafael.ElmTerm,0,SUR CERCANO,SUR,SUR 69 kV,,P.MADERA TP-IG 50 P/69 - 559 AAAC,0.006000000052154064,1,0.6629999876022339,0.0031440402381122112,0.0006992881535552442,0.009087227284908295,0.0025592977181077003,0.012290946207940578,0.02356148138642311,-1.6653345514133955e-19
69 kV Palamara – Madre Vieja_a,ZPALAF_ZXPA1F-L1,\VM-PF.IntUser\PDD 31-12-2024.IntPrj\Network Model.IntPrjfolder\Network Data.IntPrjfolder\SUR 69 kV.ElmNet\69 kV Palamara – Madre Vieja_a.ElmLne,R1,,\VM-PF.IntUser\PDD 31-12-2024.IntPrj\Network Model.IntPrjfolder\Network Data.IntPrjfolder\CENTRAL 138 kV.ElmNet\Palamara.ElmSite\ZPALAF.ElmSubstat\R1.ElmTerm,Tap 1 Palamara,WXPA1F,\VM-PF.IntUser\PDD 31-12-2024.IntPrj\Network Model.IntPrjfolder\Network Data.IntPrjfolder\SUR 69 kV.ElmNet\Tap 1 Palamara.ElmTerm,0,SANTO DOMINGO,CENTRAL,SUR 69 kV,,P.MADERA TP-IG 50 P/69 - 559 AAAC,0.20000000298023224,1,0.6629999876022339,0.10480134189128876,0.023309605196118355,0.3029075860977173,0.08530993014574051,0.4096981883049011,0.7853827476501465,-5.551115205843844e-18
69 kV Palamara – Madre Vieja_c,ZXPA2F_ZXAD2F,\VM-PF.IntUser\PDD 31-12-2024.IntPrj\Network Model.IntPrjfolder\Network Data.IntPrjfolder\SUR 69 kV.ElmNet\69 kV Palamara – Madre Vieja_c.ElmLne,Tap 2 Palamara,WXPA2F,\VM-PF.IntUser\PDD 31-12-2024.IntPrj\Network Model.IntPrjfolder\Network Data.IntPrjfolder\SUR 69 kV.ElmNet\Tap 2 Palamara.ElmTerm,Tap 2 Alambres Dominicanos,WXAD2F,\VM-PF.IntUser\PDD 31-12-2024.IntPrj\Network Model.IntPrjfolder\Network Data.IntPrjfolder\CENTRAL 69 kV.ElmNet\Tap 2 Alambres Dominicanos.ElmTerm,0,SANTO DOMINGO,CENTRAL,SUR 69 kV,,P.MADERA TP-IG 50 P/69 - 559 AAAC,2.799999952316284,1,0.6629999876022339,1.4672187566757202,0.32633447647094727,4.240705966949463,1.1943389177322388,5.735774517059326,10.99535846710205,-7.771561040027198e-17
69 kV Derivación Multiparques,ZXBAYF_ZXML1F-L1,\VM-PF.IntUser\PDD 31-12-2024.IntPrj\Network Model.IntPrjfolder\Network Data.IntPrjfolder\SUR 69 kV.ElmNet\69 kV Derivación Multiparques.ElmLne,Tap 1 LAFZID,WXTLZ1F,\VM-PF.IntUser\PDD 31-12-2024.IntPrj\Network Model.IntPrjfolder\Network Data.IntPrjfolder\SUR 69 kV.ElmNet\Tap 1 LAFZID.ElmTerm,2,,\VM-PF.IntUser\PDD 31-12-2024.IntPrj\Network Model.IntPrjfolder\Network Data.IntPrjfolder\CENTRAL 69 kV.ElmNet\ZMLTPF.ElmSubstat\2.ElmTerm,0,SUR CERCANO,SUR,SUR 69 kV,,P.MADERA TP-IG 50 P/69 - 559 AAAC,1.1699999570846558,1,0.6629999876022339,0.6130878329277039,0.13636118173599243,1.772009253501892,0.49906304478645325,2.3967342376708984,4.594488620758057,-3.2474022279145747e-17
69 kV Palamara – Madre Vieja_e,ZXZNIF_ZXADOF-L1,\VM-PF.IntUser\PDD 31-12-2024.IntPrj\Network Model.IntPrjfolder\Network Data.IntPrjfolder\SUR 69 kV.ElmNet\69 kV Palamara – Madre Vieja_e.ElmLne,Tap ZF Nigua,WXZNIF,\VM-PF.IntUser\PDD 31-12-2024.IntPrj\Network Model.IntPrjfolder\Network Data.IntPrjfolder\SUR 69 kV.ElmNet\Tap ZF Nigua.ElmTerm,Tap Alambres Dominicano,WXADOF,\VM-PF.IntUser\PDD 31-12-2024.IntPrj\Network Model.IntPrjfolder\Network Data.IntPrjfolder\SUR 69 kV.ElmNet\Tap Alambres Dominicano.ElmTerm,0,SUR CERCANO,SUR,SUR 69 kV,,P.MADERA TP-IG 50 P/69 - 559 AAAC,0.7599999904632568,1,0.6629999876022339,0.39824506640434265,0.08857650309801102,1.1510487794876099,0.32417771220207214,1.556853175163269,2.984454393386841,-2.1094237203180178e-17
69 kV Cruce de Ocoa – Pizarrete_e,ZPIZAF_ZXBANF-L1,\VM-PF.IntUser\PDD 31-12-2024.IntPrj\Network Model.IntPrjfolder\Network Data.IntPrjfolder\SUR 69 kV.ElmNet\69 kV Cruce de Ocoa – Pizarrete_e.ElmLne,5,,\VM-PF.IntUser\PDD 31-12-2024.IntPrj\Network Model.IntPrjfolder\Network Data.IntPrjfolder\SUR 138 kV.ElmNet\Pizarrete.ElmSite\ZPIZAF.ElmSubstat\5.ElmTerm,Tap Baní,WXBANF,\VM-PF.IntUser\PDD 31-12-2024.IntPrj\Network Model.IntPrjfolder\Network Data.IntPrjfolder\SUR 69 kV.ElmNet\Tap Baní.ElmTerm,0,SUR CERCANO,SUR,SUR 69 kV,,P.MADERA TVS-1/1C/69/1xF - 450 ACAR,11.859999656677246,1,0.5320000052452087,6.088169574737549,1.5549335479736328,18.382205963134766,5.120999813079834,22.857572555541992,46.30112838745117,-1.6459055863611913e-16
138 kV Palamara – SCN L2_a,ZPAL1E_ZXSC4E-L1,\VM-PF.IntUser\PDD 31-12-2024.IntPrj\Network Model.IntPrjfolder\Network Data.IntPrjfolder\SUR 138 kV.ElmNet\138 kV Palamara – SCN L2_a.ElmLne,Tap 4 SCN,WXSC4E,\VM-PF.IntUser\PDD 31-12-2024.IntPrj\Network Model.IntPrjfolder\Network Data.IntPrjfolder\SUR 138 kV.ElmNet\Tap 4 SCN.ElmTerm,12,,\VM-PF.IntUser\PDD 31-12-2024.IntPrj\Network Model.IntPrjfolder\Network Data.IntPrjfolder\CENTRAL 138 kV.ElmNet\Palamara.ElmSite\ZPALAE.ElmSubstat\12.ElmTerm,0,SUR CERCANO,SUR,SUR 138 kV,,,22.0,1,0.5680000185966492,9.469610214233398,2.8736374378204346,33.462562561035156,10.628260612487793,44.26432800292969,76.02820587158203,-1.2212453270876722e-15
138 kV SCN – Valdesia L2_b,ZXVALE_ZVALDE-L1,\VM-PF.IntUser\PDD 31-12-2024.IntPrj\Network Model.IntPrjfolder\Network Data.IntPrjfolder\SUR 138 kV.ElmNet\138 kV SCN – Valdesia L2_b.ElmLne,R5,,\VM-PF.IntUser\PDD 31-12-2024.IntPrj\Network Model.IntPrjfolder\Network Data.IntPrjfolder\SUR 138 kV.ElmNet\Valdesia.ElmSite\ZVALDE.ElmSubstat\R5.ElmTerm,Tap 1 Valdesia,WXVALE,\VM-PF.IntUser\PDD 31-12-2024.IntPrj\Network Model.IntPrjfolder\Network Data.IntPrjfolder\SUR 138 kV.ElmNet\Tap 1 Valdesia.ElmTerm,0,SUR CERCANO,SUR,SUR 138 kV,,,23.0,1,0.5680000185966492,9.900047302246094,3.0042574405670166,34.98358917236328,11.111363410949707,46.276344299316406,79.4840316772461,-1.27675647831893e-15
138 kV Palamara – SCN L1_a,ZPALAE_ZXSC1E-L1,\VM-PF.IntUser\PDD 31-12-2024.IntPrj\Network Model.IntPrjfolder\Network Data.IntPrjfolder\SUR 138 kV.ElmNet\138 kV Palamara – SCN L1_a.ElmLne,Tap 1 SCN,WXSC1E,\VM-PF.IntUser\PDD 31-12-2024.IntPrj\Network Model.IntPrjfolder\Network Data.IntPrjfolder\SUR 138 kV.ElmNet\Tap 1 SCN.ElmTerm,11,,\VM-PF.IntUser\PDD 31-12-2024.IntPrj\Network Model.IntPrjfolder\Network Data.IntPrjfolder\CENTRAL 138 kV.ElmNet\Palamara.ElmSite\ZPALAE.ElmSubstat\11.ElmTerm,0,SUR CERCANO,SUR,SUR 138 kV,,,22.0,1,0.5680000185966492,9.469610214233398,2.8736374378204346,33.462562561035156,10.628260612487793,44.26432800292969,76.02820587158203,2.1371793224034263e-15
138 kV SCN – Valdesia L1_b,ZVALDE_ZXSC2E-L1,\VM-PF.IntUser\PDD 31-12-2024.IntPrj\Network Model.IntPrjfolder\Network Data.IntPrjfolder\SUR 138 kV.ElmNet\138 kV SCN – Valdesia L1_b.ElmLne,R4,,\VM-PF.IntUser\PDD 31-12-2024.IntPrj\Network Model.IntPrjfolder\Network Data.IntPrjfolder\SUR 138 kV.ElmNet\Valdesia.ElmSite\ZVALDE.ElmSubstat\R4.ElmTerm,Tap 2 SCN,WXSC2E,\VM-PF.IntUser\PDD 31-12-2024.IntPrj\Network Model.IntPrjfolder\Network Data.IntPrjfolder\SUR 138 kV.ElmNet\Tap 2 SCN.ElmTerm,0,SUR CERCANO,SUR,SUR 138 kV,,,23.0,1,0.5680000185966492,9.900047302246094,3.0042574405670166,34.98358917236328,11.111363410949707,46.276344299316406,79.4840316772461,2.2343238370581275e-15
138 kV Cruce Cabral 2 – km 15 de Azua L2,ZCC21E_ZKQAZE-L2,\VM-PF.IntUser\PDD 31-12-2024.IntPrj\Network Model.IntPrjfolder\Network Data.IntPrjfolder\SUR 138 kV.ElmNet\138 kV Cruce Cabral 2 – km 15 de Azua L2.ElmLne,6,,\VM-PF.IntUser\PDD 31-12-2024.IntPrj\Network Model.IntPrjfolder\Network Data.IntPrjfolder\SUR 138 kV.ElmNet\km 15 de Azua.ElmSite\ZKQAZE.ElmSubstat\6.ElmTerm,1,,\VM-PF.IntUser\PDD 31-12-2024.IntPrj\Network Model.IntPrjfolder\Network Data.IntPrjfolder\SUR 138 kV.ElmNet\Cruce de Cabral 2.ElmSite\ZCCA2E.ElmSubstat\1.ElmTerm,0,SUR MEDIO,SUR,SUR 138 kV,,,59.220001220703125,1,0.5680000185966492,25.490468978881836,7.735310077667236,90.07513427734375,28.609344482421875,119.15152740478516,204.6540985107422,-3.2873704436777243e-15
138 kV Aguacate – Valdesia,ZAGUBE_ZVALBE-L1,\VM-PF.IntUser\PDD 31-12-2024.IntPrj\Network Model.IntPrjfolder\Network Data.IntPrjfolder\SUR 138 kV.ElmNet\138 kV Aguacate – Valdesia.ElmLne,L1,,\VM-PF.IntUser\PDD 31-12-2024.IntPrj\Network Model.IntPrjfolder\Network Data.IntPrjfolder\SUR 138 kV.ElmNet\Valdesia.ElmSite\ZVALDE.ElmSubstat\L1.ElmTerm,L2,,\VM-PF.IntUser\PDD 31-12-2024.IntPrj\Network Model.IntPrjfolder\Network Data.IntPrjfolder\SUR 138 kV.ElmNet\Aguacate.ElmSite\ZAGUAE.ElmSubstat\L2.ElmTerm,0,SUR CERCANO,SUR,SUR 138 kV,,,8.569999694824219,1,0.6589999794960022,3.7061853408813477,1.0082414150238037,12.903677940368652,4.119996070861816,17.608436584472656,30.18781852722168,1.3082590100558567e-15
138 kV Pizarrete – Valdesia,ZPIZAE_ZVALBE-L1,\VM-PF.IntUser\PDD 31-12-2024.IntPrj\Network Model.IntPrjfolder\Network Data.IntPrjfolder\SUR 138 kV.ElmNet\138 kV Pizarrete – Valdesia.ElmLne,1,,\VM-PF.IntUser\PDD 31-12-2024.IntPrj\Network Model.IntPrjfolder\Network Data.IntPrjfolder\SUR 138 kV.ElmNet\Pizarrete.ElmSite\ZPIZAE.ElmSubstat\1.ElmTerm,L2,,\VM-PF.IntUser\PDD 31-12-2024.IntPrj\Network Model.IntPrjfolder\Network Data.IntPrjfolder\SUR 138 kV.ElmNet\Valdesia.ElmSite\ZVALDE.ElmSubstat\L2.ElmTerm,0,SUR CERCANO,SUR,SUR 138 kV,,,16.399999618530273,1,1.3179999589920044,5.941259384155273,0.9625709652900696,21.98459243774414,5.698699951171875,36.1866569519043,78.2589111328125,2.275957200481571e-15
138 kV Aguacate – Jigüey,ZAGUAE_ZJIGBE-L1,\VM-PF.IntUser\PDD 31-12-2024.IntPrj\Network Model.IntPrjfolder\Network Data.IntPrjfolder\SUR 138 kV.ElmNet\138 kV Aguacate – Jigüey.ElmLne,R1,,\VM-PF.IntUser\PDD 31-12-2024.IntPrj\Network Model.IntPrjfolder\Network Data.IntPrjfolder\SUR 138 kV.ElmNet\Jiguey.ElmSite\ZJIGUE.ElmSubstat\R1.ElmTerm,R2,,\VM-PF.IntUser\PDD 31-12-2024.IntPrj\Network Model.IntPrjfolder\Network Data.IntPrjfolder\SUR 138 kV.ElmNet\Aguacate.ElmSite\ZAGUAE.ElmSubstat\R2.ElmTerm,0,SUR CERCANO,SUR,SUR 138 kV,,,13.270000457763672,1,0.6589999794960022,5.7387495040893555,1.5611859560012817,19.980375289916992,6.379504680633545,27.26534080505371,46.743568420410156,2.0257407032473352e-15
138 kV km 15 de Azua – Monte Río_a,ZKQAZE_ZMRIOE-L1,\VM-PF.IntUser\PDD 31-12-2024.IntPrj\Network Model.IntPrjfolder\Network Data.IntPrjfolder\SUR 138 kV.ElmNet\138 kV km 15 de Azua – Monte Río_a.ElmLne,1,,\VM-PF.IntUser\PDD 31-12-2024.IntPrj\Network Model.IntPrjfolder\Network Data.IntPrjfolder\SUR 138 kV.ElmNet\km 15 de Azua.ElmSite\ZKQAZE.ElmSubstat\1.ElmTerm,Tap 2 POWERSHIP AZUA,WX2PAE,\VM-PF.IntUser\PDD 31-12-2024.IntPrj\Network Model.IntPrjfolder\Network Data.IntPrjfolder\SUR 138 kV.ElmNet\Tap 2 POWERSHIP AZUA.ElmTerm,0,SUR MEDIO,SUR,SUR 138 kV,,,14.0,1,1.3259999752044678,3.3711719512939453,0.8145023584365845,16.248546600341797,4.623012065887451,35.25965118408203,70.43988037109375,1.1657341758564144e-15
138 kV Jigüey – Valdesia_b,ZXAGUE_ZXVABE-L1,\VM-PF.IntUser\PDD 31-12-2024.IntPrj\Network Model.IntPrjfolder\Network Data.IntPrjfolder\SUR 138 kV.ElmNet\138 kV Jigüey – Valdesia_b.ElmLne,Tap Aguacate,WXAGUE,\VM-PF.IntUser\PDD 31-12-2024.IntPrj\Network Model.IntPrjfolder\Network Data.IntPrjfolder\SUR 138 kV.ElmNet\Tap Aguacate.ElmTerm,L4,,\VM-PF.IntUser\PDD 31-12-2024.IntPrj\Network Model.IntPrjfolder\Network Data.IntPrjfolder\SUR 138 kV.ElmNet\Valdesia.ElmSite\ZVALDE.ElmSubstat\L4.ElmTerm,0,SUR CERCANO,SUR,SUR 138 kV,,,8.569999694824219,1,0.6589999794960022,3.7061853408813477,1.0082414150238037,12.903677940368652,4.119996070861816,17.608436584472656,30.18781852722168,-1.1893263727780516e-16
138 kV Bayasol – km 15 de Azua_b,ZXBA2E_ZXK15E-L1,\VM-PF.IntUser\PDD 31-12-2024.IntPrj\Network Model.IntPrjfolder\Network Data.IntPrjfolder\SUR 138 kV.ElmNet\138 kV Bayasol – km 15 de Azua_b.ElmLne,Tap Kilómetro 15 de Azua,WXK15E,\VM-PF.IntUser\PDD 31-12-2024.IntPrj\Network Model.IntPrjfolder\Network Data.IntPrjfolder\SUR 138 kV.ElmNet\Tap Kilómetro 15 de Azua.ElmTerm,Tap 2 Bayasol,WXBA2E,\VM-PF.IntUser\PDD 31-12-2024.IntPrj\Network Model.IntPrjfolder\Network Data.IntPrjfolder\SUR 138 kV.ElmNet\Tap 2 Bayasol.ElmTerm,0,SUR CERCANO,SUR,SUR 138 kV,,,1.0,1,0.5680000185966492,0.4304368197917938,0.13061988353729248,1.521025538444519,0.4831027388572693,2.012014865875244,3.455827474594116,9.71445146547012e-17
138 kV Bayasol – km 15 de Azua_c,ZKQAZE_ZXK15E-L1,\VM-PF.IntUser\PDD 31-12-2024.IntPrj\Network Model.IntPrjfolder\Network Data.IntPrjfolder\SUR 138 kV.ElmNet\138 kV Bayasol – km 15 de Azua_c.ElmLne,4,,\VM-PF.IntUser\PDD 31-12-2024.IntPrj\Network Model.IntPrjfolder\Network Data.IntPrjfolder\SUR 138 kV.ElmNet\km 15 de Azua.ElmSite\ZKQAZE.ElmSubstat\4.ElmTerm,Tap Kilómetro 15 de Azua,WXK15E,\VM-PF.IntUser\PDD 31-12-2024.IntPrj\Network Model.IntPrjfolder\Network Data.IntPrjfolder\SUR 138 kV.ElmNet\Tap Kilómetro 15 de Azua.ElmTerm,0,SUR MEDIO,SUR,SUR 138 kV,,,45.0,1,0.5680000185966492,19.369657516479492,5.877894878387451,68.44615173339844,21.7396240234375,90.5406723022461,155.51223754882812,4.371503159461554e-15
138 kV Matafongo – Pizarrete_b,ZPIZAE_ZXMA1E-L1,\VM-PF.IntUser\PDD 31-12-2024.IntPrj\Network Model.IntPrjfolder\Network Data.IntPrjfolder\SUR 138 kV.ElmNet\138 kV Matafongo – Pizarrete_b.ElmLne,Tap 1 Matafongo,WXMA1E,\VM-PF.IntUser\PDD 31-12-2024.IntPrj\Network Model.IntPrjfolder\Network Data.IntPrjfolder\SUR 138 kV.ElmNet\Tap 1 Matafongo.ElmTerm,Tap 1 Pizarrete,WXPIZE,\VM-PF.IntUser\PDD 31-12-2024.IntPrj\Network Model.IntPrjfolder\Network Data.IntPrjfolder\SUR 138 kV.ElmNet\Tap 1 Pizarrete.ElmTerm,0,SUR CERCANO,SUR,SUR 138 kV,,,1.0,1,0.5680000185966492,0.4304368197917938,0.13061988353729248,1.521025538444519,0.4831027388572693,2.012014865875244,3.455827474594116,-5.551115123125783e-17
138 kV km 15 de Azua – Matafongo_a,ZKQAZE_ZXMA2E-L1,\VM-PF.IntUser\PDD 31-12-2024.IntPrj\Network Model.IntPrjfolder\Network Data.IntPrjfolder\SUR 138 kV.ElmNet\138 kV km 15 de Azua – Matafongo_a.ElmLne,5,,\VM-PF.IntUser\PDD 31-12-2024.IntPrj\Network Model.IntPrjfolder\Network Data.IntPrjfolder\SUR 138 kV.ElmNet\km 15 de Azua.ElmSite\ZKQAZE.ElmSubstat\5.ElmTerm,Tap 2 Matafongo,WXMA2E,\VM-PF.IntUser\PDD 31-12-2024.IntPrj\Network Model.IntPrjfolder\Network Data.IntPrjfolder\SUR 138 kV.ElmNet\Tap 2 Matafongo.ElmTerm,0,SUR MEDIO,SUR,SUR 138 kV,,,45.0,1,0.5680000185966492,19.369657516479492,5.877894878387451,68.44615173339844,21.7396240234375,90.5406723022461,155.51223754882812,-2.4980018054066022e-15
138 kV Jigüey – Valdesia_a,ZJIGUE_ZXAGUE-L1,\VM-PF.IntUser\PDD 31-12-2024.IntPrj\Network Model.IntPrjfolder\Network Data.IntPrjfolder\SUR 138 kV.ElmNet\138 kV Jigüey – Valdesia_a.ElmLne,L1,,\VM-PF.IntUser\PDD 31-12-2024.IntPrj\Network Model.IntPrjfolder\Network Data.IntPrjfolder\SUR 138 kV.ElmNet\Jiguey.ElmSite\ZJIGUE.ElmSubstat\L1.ElmTerm,Tap Aguacate,WXAGUE,\VM-PF.IntUser\PDD 31-12-2024.IntPrj\Network Model.IntPrjfolder\Network Data.IntPrjfolder\SUR 138 kV.ElmNet\Tap Aguacate.ElmTerm,0,SUR CERCANO,SUR,SUR 138 kV,,,13.270000457763672,1,0.6589999794960022,5.7387495040893555,1.5611859560012817,19.980375289916992,6.379504680633545,27.26534080505371,46.743568420410156,-1.8415825056244495e-16
138 kV Julio Sauri – Palamara L1,ZPALAE_ZXJS1E-L1,\VM-PF.IntUser\PDD 31-12-2024.IntPrj\Network Model.IntPrjfolder\Network Data.IntPrjfolder\SUR 138 kV.ElmNet\138 kV Julio Sauri – Palamara L1.ElmLne,E7,,\VM-PF.IntUser\PDD 31-12-2024.IntPrj\Network Model.IntPrjfolder\Network Data.IntPrjfolder\Expansión 345 kV.ElmNet\Julio Sauri.ElmSite\ZJSAUD.ElmSubstat\E7.ElmTerm,4,,\VM-PF.IntUser\PDD 31-12-2024.IntPrj\Network Model.IntPrjfolder\Network Data.IntPrjfolder\CENTRAL 138 kV.ElmNet\Palamara.ElmSite\ZPALAE.ElmSubstat\4.ElmTerm,0,SUR CERCANO,SUR,SUR 138 kV,,,12.510000228881836,1,1.3259999752044678,4.479728698730469,0.7290187478065491,17.121252059936523,4.136837959289551,31.907724380493164,62.9687385559082,-1.7361113394608833e-15
138 kV Julio Sauri – Palamara L2,ZJSA2E_ZPAL1E-L2,\VM-PF.IntUser\PDD 31-12-2024.IntPrj\Network Model.IntPrjfolder\Network Data.IntPrjfolder\SUR 138 kV.ElmNet\138 kV Julio Sauri – Palamara L2.ElmLne,E8,,\VM-PF.IntUser\PDD 31-12-2024.IntPrj\Network Model.IntPrjfolder\Network Data.IntPrjfolder\Expansión 345 kV.ElmNet\Julio Sauri.ElmSite\ZJSAUD.ElmSubstat\E8.ElmTerm,3,,\VM-PF.IntUser\PDD 31-12-2024.IntPrj\Network Model.IntPrjfolder\Network Data.IntPrjfolder\CENTRAL 138 kV.ElmNet\Palamara.ElmSite\ZPALAE.ElmSubstat\3.ElmTerm,0,SUR CERCANO,SUR,SUR 138 kV,,,12.510000228881836,1,1.3259999752044678,4.479728698730469,0.7290187478065491,17.121252059936523,4.136837959289551,31.907724380493164,62.9687385559082,1.3888890292170592e-15
138 kV Bar Carbón – Cruce Cabral 2 L2,ZBCARE_ZCC21E-L2,\VM-PF.IntUser\PDD 31-12-2024.IntPrj\Network Model.IntPrjfolder\Network Data.IntPrjfolder\SUR 138 kV.ElmNet\138 kV Bar Carbón – Cruce Cabral 2 L2.ElmLne,1,,\VM-PF.IntUser\PDD 31-12-2024.IntPrj\Network Model.IntPrjfolder\Network Data.IntPrjfolder\SUR 138 kV.ElmNet\Barahona Carbón.ElmSite\ZBCARE.ElmSubstat\1.ElmTerm,7,,\VM-PF.IntUser\PDD 31-12-2024.IntPrj\Network Model.IntPrjfolder\Network Data.IntPrjfolder\SUR 138 kV.ElmNet\Cruce de Cabral 2.ElmSite\ZCCA2E.ElmSubstat\7.ElmTerm,1,SUR PROFUNDO,SUR,SUR 138 kV,,,6.0,1,0.5680000185966492,2.582620859146118,0.7837193012237549,9.126152992248535,2.8986165523529053,12.072089195251465,20.73496437072754,-3.3306690738754696e-16
138 kV Bar Carbón – Cruce Cabral 2 L1,ZBCARE_ZCC21E-L1,\VM-PF.IntUser\PDD 31-12-2024.IntPrj\Network Model.IntPrjfolder\Network Data.IntPrjfolder\SUR 138 kV.ElmNet\138 kV Bar Carbón – Cruce Cabral 2 L1.ElmLne,2,,\VM-PF.IntUser\PDD 31-12-2024.IntPrj\Network Model.IntPrjfolder\Network Data.IntPrjfolder\SUR 138 kV.ElmNet\Barahona Carbón.ElmSite\ZBCARE.ElmSubstat\2.ElmTerm,3,,\VM-PF.IntUser\PDD 31-12-2024.IntPrj\Network Model.IntPrjfolder\Network Data.IntPrjfolder\SUR 138 kV.ElmNet\Cruce de Cabral 2.ElmSite\ZCCA2E.ElmSubstat\3.ElmTerm,0,SUR PROFUNDO,SUR,SUR 138 kV,,,6.0,1,0.5680000185966492,2.582620859146118,0.7837193012237549,9.126152992248535,2.8986165523529053,12.072089195251465,20.73496437072754,5.828670879282072e-16
138 kV Cruce Cabral 2 – km 15 de Azua L1,ZCC21E_ZKQAZE-L1,\VM-PF.IntUser\PDD 31-12-2024.IntPrj\Network Model.IntPrjfolder\Network Data.IntPrjfolder\SUR 138 kV.ElmNet\138 kV Cruce Cabral 2 – km 15 de Azua L1.ElmLne,7,,\VM-PF.IntUser\PDD 31-12-2024.IntPrj\Network Model.IntPrjfolder\Network Data.IntPrjfolder\SUR 138 kV.ElmNet\km 15 de Azua.ElmSite\ZKQAZE.ElmSubstat\7.ElmTerm,4,,\VM-PF.IntUser\PDD 31-12-2024.IntPrj\Network Model.IntPrjfolder\Network Data.IntPrjfolder\SUR 138 kV.ElmNet\Cruce de Cabral 2.ElmSite\ZCCA2E.ElmSubstat\4.ElmTerm,0,SUR MEDIO,SUR,SUR 138 kV,,,59.220001220703125,1,0.5680000185966492,25.490468978881836,7.735310077667236,90.07513427734375,28.609344482421875,119.15152740478516,204.6540985107422,5.7528982764360175e-15
138 kV Cruce de Cabral 2 – Los Cocos L1,ZCC21E_ZLCOCE-L1,\VM-PF.IntUser\PDD 31-12-2024.IntPrj\Network Model.IntPrjfolder\Network Data.IntPrjfolder\SUR 138 kV.ElmNet\138 kV Cruce de Cabral 2 – Los Cocos L1.ElmLne,5,,\VM-PF.IntUser\PDD 31-12-2024.IntPrj\Network Model.IntPrjfolder\Network Data.IntPrjfolder\SUR 138 kV.ElmNet\Cruce de Cabral 2.ElmSite\ZCCA2E.ElmSubstat\5.ElmTerm,3,,\VM-PF.IntUser\PDD 31-12-2024.IntPrj\Network Model.IntPrjfolder\Network Data.IntPrjfolder\SUR 138 kV.ElmNet\Los Cocos.ElmSite\ZLCOCE.ElmSubstat\3.ElmTerm,0,SUR PROFUNDO,SUR,SUR 138 kV,,,55.5,1,0.6629999876022339,23.92829132080078,6.456191539764404,83.22075653076172,26.33694076538086,114.03363800048828,195.49871826171875,8.472389456670726e-15
138 kV Cruce de Cabral 2 – Los Cocos L2,ZCC21E_ZLCOCE-L2,\VM-PF.IntUser\PDD 31-12-2024.IntPrj\Network Model.IntPrjfolder\Network Data.IntPrjfolder\SUR 138 kV.ElmNet\138 kV Cruce de Cabral 2 – Los Cocos L2.ElmLne,6,,\VM-PF.IntUser\PDD 31-12-2024.IntPrj\Network Model.IntPrjfolder\Network Data.IntPrjfolder\SUR 138 kV.ElmNet\Cruce de Cabral 2.ElmSite\ZCCA2E.ElmSubstat\6.ElmTerm,5,,\VM-PF.IntUser\PDD 31-12-2024.IntPrj\Network Model.IntPrjfolder\Network Data.IntPrjfolder\SUR 138 kV.ElmNet\Los Cocos.ElmSite\ZLCOCE.ElmSubstat\5.ElmTerm,0,SUR PROFUNDO,SUR,SUR 138 kV,,,55.5,1,0.6629999876022339,23.92829132080078,6.456191539764404,83.22075653076172,26.33694076538086,114.03363800048828,195.49871826171875,-7.7021722333370235e-16
138 kV Palenque – Punta Catalina_b,ZXPA1E_ZXPC2E-L1,\VM-PF.IntUser\PDD 31-12-2024.IntPrj\Network Model.IntPrjfolder\Network Data.IntPrjfolder\SUR 138 kV.ElmNet\138 kV Palenque – Punta Catalina_b.ElmLne,Tap 2 Pizarrete,WXPI2E,\VM-PF.IntUser\PDD 31-12-2024.IntPrj\Network Model.IntPrjfolder\Network Data.IntPrjfolder\SUR 138 kV.ElmNet\Tap 2 Pizarrete.ElmTerm,Tap 1 Palenque,WXPA1E,\VM-PF.IntUser\PDD 31-12-2024.IntPrj\Network Model.IntPrjfolder\Network Data.IntPrjfolder\SUR 138 kV.ElmNet\Tap 1 Palenque.ElmTerm,0,SUR CERCANO,SUR,SUR 138 kV,,,4.699999809265137,1,1.3259999752044678,1.6802016496658325,0.2738339602947235,6.434882164001465,1.554242730140686,11.811861991882324,23.643325805664062,-1.304512053934559e-15
138 kV Julio Sauri – Pizarrete_c,ZXPZ1F_ZXSCRF-L1,\VM-PF.IntUser\PDD 31-12-2024.IntPrj\Network Model.IntPrjfolder\Network Data.IntPrjfolder\SUR 138 kV.ElmNet\138 kV Julio Sauri – Pizarrete_c.ElmLne,8(1),,\VM-PF.IntUser\PDD 31-12-2024.IntPrj\Network Model.IntPrjfolder\Network Data.IntPrjfolder\SUR 138 kV.ElmNet\Pizarrete.ElmSite\ZPIZAE.ElmSubstat\8(1).ElmTerm,Tap San Cristóbal Norte,WXSCNF,\VM-PF.IntUser\PDD 31-12-2024.IntPrj\Network Model.IntPrjfolder\Network Data.IntPrjfolder\SUR 69 kV.ElmNet\Tap San Cristóbal Norte.ElmTerm,0,SUR CERCANO,SUR,SUR 138 kV,,,4.699999809265137,1,1.3259999752044678,1.6802016496658325,0.2738339602947235,6.434882164001465,1.554242730140686,11.811861991882324,23.643325805664062,0.0
69 kV Sabana Yegua – San Juan_b,ZXGU2F_ZXSYEF-L1,\VM-PF.IntUser\PDD 31-12-2024.IntPrj\Network Model.IntPrjfolder\Network Data.IntPrjfolder\SUR 138 kV.ElmNet\ZGUANE.ElmSubstat\69 kV Sabana Yegua – San Juan_b.ElmLne,Tap 2 Sabana Yegua,WXSYE2F,\VM-PF.IntUser\PDD 31-12-2024.IntPrj\Network Model.IntPrjfolder\Network Data.IntPrjfolder\SUR 69 kV.ElmNet\Tap 2 Sabana Yegua.ElmTerm,Tap 1 Guanito,WXGU1F,\VM-PF.IntUser\PDD 31-12-2024.IntPrj\Network Model.IntPrjfolder\Network Data.IntPrjfolder\SUR 69 kV.ElmNet\Tap 1 Guanito.ElmTerm,0,SUR MEDIO,SUR,SUR 138 kV,ZGUANE,P.MADERA TP-IG 55 P/69 - 559 AAAC,2.799999952316284,1,0.6629999876022339,1.4562066793441772,0.32650890946388245,4.218301773071289,1.210537314414978,5.678254127502441,10.845096588134766,2.1371792694638671e-16
69 kV Sabana Yegua – San Juan_c,ZGUANF_ZXGU2F-L1,\VM-PF.IntUser\PDD 31-12-2024.IntPrj\Network Model.IntPrjfolder\Network Data.IntPrjfolder\SUR 138 kV.ElmNet\ZGUANE.ElmSubstat\69 kV Sabana Yegua – San Juan_c.ElmLne,Tap 2 Guanito,WXGN1F,\VM-PF.IntUser\PDD 31-12-2024.IntPrj\Network Model.IntPrjfolder\Network Data.IntPrjfolder\SUR 69 kV.ElmNet\Tap 2 Guanito.ElmTerm,Tap Guanito 2,WXGU2F,\VM-PF.IntUser\PDD 31-12-2024.IntPrj\Network Model.IntPrjfolder\Network Data.IntPrjfolder\SUR 69 kV.ElmNet\Tap Guanito 2.ElmTerm,0,SUR MEDIO,SUR,SUR 138 kV,ZGUANE,P.MADERA TP-IG 55 P/69 - 559 AAAC,0.800000011920929,1,0.6629999876022339,0.41605907678604126,0.09328826516866684,1.2052291631698608,0.3458678126335144,1.6223583221435547,3.0985991954803467,6.106226767787259e-17
69 kV Guanito – San Juan 2_a(1),ZGUANF_ZSJU2F-L1,\VM-PF.IntUser\PDD 31-12-2024.IntPrj\Network Model.IntPrjfolder\Network Data.IntPrjfolder\SUR 138 kV.ElmNet\ZGUANE.ElmSubstat\69 kV Guanito – San Juan 2_a(1).ElmLne,Tap 2 Guanito,WXGN1F,\VM-PF.IntUser\PDD 31-12-2024.IntPrj\Network Model.IntPrjfolder\Network Data.IntPrjfolder\SUR 69 kV.ElmNet\Tap 2 Guanito.ElmTerm,5,,\VM-PF.IntUser\PDD 31-12-2024.IntPrj\Network Model.IntPrjfolder\Network Data.IntPrjfolder\SUR 138 kV.ElmNet\ZGUANE.ElmSubstat\5.ElmTerm,1,SUR MEDIO,SUR,SUR 138 kV,ZGUANE,P.MADERA TP-IG 55 P/69 - 4/0 AAAC,0.007000000216066837,1,0.3799999952316284,0.004974856972694397,0.0021506124176084995,0.010836047120392323,0.0033166357316076756,0.013543742708861828,0.024828540161252022,-3.8857807061292367e-19
69 kV Sabana Yegua – San Juan_d,ZGUANF_ZSJU2F-L1_a,\VM-PF.IntUser\PDD 31-12-2024.IntPrj\Network Model.IntPrjfolder\Network Data.IntPrjfolder\SUR 138 kV.ElmNet\ZGUANE.ElmSubstat\69 kV Sabana Yegua – San Juan_d.ElmLne,Tap Guanito 2,WXGU2F,\VM-PF.IntUser\PDD 31-12-2024.IntPrj\Network Model.IntPrjfolder\Network Data.IntPrjfolder\SUR 69 kV.ElmNet\Tap Guanito 2.ElmTerm,4,,\VM-PF.IntUser\PDD 31-12-2024.IntPrj\Network Model.IntPrjfolder\Network Data.IntPrjfolder\SUR 138 kV.ElmNet\San Juan 2.ElmSite\ZSJU2F.ElmSubstat\4.ElmTerm,0,SUR MEDIO,SUR,SUR 138 kV,ZGUANE,P.MADERA TP-IG 55 P/69 - 4/0 AAAC,15.399999618530273,1,0.3799999952316284,10.944684982299805,4.73134708404541,23.839303970336914,7.296598434448242,29.796232223510742,54.62278747558594,-8.548717077855469e-16
69 kV Guanito – km 15 Azua_a,ZGUANF_ZXGU2F-L1_a,\VM-PF.IntUser\PDD 31-12-2024.IntPrj\Network Model.IntPrjfolder\Network Data.IntPrjfolder\SUR 138 kV.ElmNet\ZGUANE.ElmSubstat\69 kV Guanito – km 15 Azua_a.ElmLne,Tap 1 Guanito,WXGU1F,\VM-PF.IntUser\PDD 31-12-2024.IntPrj\Network Model.IntPrjfolder\Network Data.IntPrjfolder\SUR 69 kV.ElmNet\Tap 1 Guanito.ElmTerm,4(1),,\VM-PF.IntUser\PDD 31-12-2024.IntPrj\Network Model.IntPrjfolder\Network Data.IntPrjfolder\SUR 138 kV.ElmNet\ZGUANE.ElmSubstat\4(1).ElmTerm,1,SUR MEDIO,SUR,SUR 138 kV,ZGUANE,P.MADERA TP-IG 55 P/69 - 559 AAAC,0.00699999975040555,1,0.6629999876022339,0.00364051666110754,0.0008162722806446254,0.010545753873884678,0.003026343183591962,0.014195634983479977,0.027112741023302078,5.342948277057244e-19
138 kV Palomino – San Juan 2_a,ZPLM1E_ZXPL1E-L1,\VM-PF.IntUser\PDD 31-12-2024.IntPrj\Network Model.IntPrjfolder\Network Data.IntPrjfolder\SUR 138 kV.ElmNet\138 kV Palomino – San Juan 2_a.ElmLne,L1,,\VM-PF.IntUser\PDD 31-12-2024.IntPrj\Network Model.IntPrjfolder\Network Data.IntPrjfolder\SUR 138 kV.ElmNet\Palomino.ElmSite\ZPALOE.ElmSubstat\L1.ElmTerm,Tap 1 Palomino,WXPL1E,\VM-PF.IntUser\PDD 31-12-2024.IntPrj\Network Model.IntPrjfolder\Network Data.IntPrjfolder\SUR 138 kV.ElmNet\Tap 1 Palomino.ElmTerm,0,SUR MEDIO,SUR,SUR 138 kV,,,17.299999237060547,1,0.6629999876022339,7.108668804168701,2.0104522705078125,25.849225997924805,8.396240234375,35.75883102416992,59.529945373535156,-2.1607715193250636e-15
138 kV Julio Sauri – Pizarrete_b,ZXMVIF_ZXSCRF-L1,\VM-PF.IntUser\PDD 31-12-2024.IntPrj\Network Model.IntPrjfolder\Network Data.IntPrjfolder\SUR 138 kV.ElmNet\138 kV Julio Sauri – Pizarrete_b.ElmLne,E6(2),,\VM-PF.IntUser\PDD 31-12-2024.IntPrj\Network Model.IntPrjfolder\Network Data.IntPrjfolder\Expansión 345 kV.ElmNet\Julio Sauri.ElmSite\ZJSAUD.ElmSubstat\E6(2).ElmTerm,Tap San Cristóbal Norte,WXSCNF,\VM-PF.IntUser\PDD 31-12-2024.IntPrj\Network Model.IntPrjfolder\Network Data.IntPrjfolder\SUR 69 kV.ElmNet\Tap San Cristóbal Norte.ElmTerm,0,SUR CERCANO,SUR,SUR 138 kV,,,31.940000534057617,1,1.3259999752044678,11.418221473693848,1.8609058856964111,43.729820251464844,10.562236785888672,80.27040100097656,160.67401123046875,0.0
138 kV Julio Sauri – Palenque_a,ZXPA2E_ZXSC2F-L1,\VM-PF.IntUser\PDD 31-12-2024.IntPrj\Network Model.IntPrjfolder\Network Data.IntPrjfolder\SUR 138 kV.ElmNet\138 kV Julio Sauri – Palenque_a.ElmLne,Tap 2 Palenque,WXPA2E,\VM-PF.IntUser\PDD 31-12-2024.IntPrj\Network Model.IntPrjfolder\Network Data.IntPrjfolder\SUR 138 kV.ElmNet\Tap 2 Palenque.ElmTerm,E11,,\VM-PF.IntUser\PDD 31-12-2024.IntPrj\Network Model.IntPrjfolder\Network Data.IntPrjfolder\Expansión 345 kV.ElmNet\Julio Sauri.ElmSite\ZJSAUD.ElmSubstat\E11.ElmTerm,0,SUR CERCANO,SUR,SUR 138 kV,,,31.940000534057617,1,1.3259999752044678,11.418221473693848,1.8609058856964111,43.729820251464844,10.562236785888672,80.27040100097656,160.67401123046875,-8.865130682225286e-15
138 kV Palenque – Punta Catalina_a,ZPALEE_ZXPA1E-L1,\VM-PF.IntUser\PDD 31-12-2024.IntPrj\Network Model.IntPrjfolder\Network Data.IntPrjfolder\SUR 138 kV.ElmNet\138 kV Palenque – Punta Catalina_a.ElmLne,L1,,\VM-PF.IntUser\PDD 31-12-2024.IntPrj\Network Model.IntPrjfolder\Network Data.IntPrjfolder\SUR 138 kV.ElmNet\Palenque.ElmSite\ZPALEE.ElmSubstat\L1.ElmTerm,Tap 1 Palenque,WXPA1E,\VM-PF.IntUser\PDD 31-12-2024.IntPrj\Network Model.IntPrjfolder\Network Data.IntPrjfolder\SUR 138 kV.ElmNet\Tap 1 Palenque.ElmTerm,0,SUR CERCANO,SUR,SUR 138 kV,,,7.590000152587891,1,1.3259999752044678,2.7133469581604004,0.4422127604484558,10.391651153564453,2.509936809539795,19.074901580810547,38.18145751953125,0.0
138 kV Julio Sauri – Palenque_b,ZPALEE_ZXPA2E-L1,\VM-PF.IntUser\PDD 31-12-2024.IntPrj\Network Model.IntPrjfolder\Network Data.IntPrjfolder\SUR 138 kV.ElmNet\138 kV Julio Sauri – Palenque_b.ElmLne,L2,,\VM-PF.IntUser\PDD 31-12-2024.IntPrj\Network Model.IntPrjfolder\Network Data.IntPrjfolder\SUR 138 kV.ElmNet\Palenque.ElmSite\ZPALEE.ElmSubstat\L2.ElmTerm,Tap 2 Palenque,WXPA2E,\VM-PF.IntUser\PDD 31-12-2024.IntPrj\Network Model.IntPrjfolder\Network Data.IntPrjfolder\SUR 138 kV.ElmNet\Tap 2 Palenque.ElmTerm,0,SUR CERCANO,SUR,SUR 138 kV,,,7.590000152587891,1,1.3259999752044678,2.7133469581604004,0.4422127604484558,10.391651153564453,2.509936809539795,19.074901580810547,38.18145751953125,-2.106648231577882e-15
138 kV Palamara – SCN L1_b,ZSCNOE_ZXSC1E-L1,\VM-PF.IntUser\PDD 31-12-2024.IntPrj\Network Model.IntPrjfolder\Network Data.IntPrjfolder\SUR 138 kV.ElmNet\138 kV Palamara – SCN L1_b.ElmLne,Tap 1 SCN,WXSC1E,\VM-PF.IntUser\PDD 31-12-2024.IntPrj\Network Model.IntPrjfolder\Network Data.IntPrjfolder\SUR 138 kV.ElmNet\Tap 1 SCN.ElmTerm,1,,\VM-PF.IntUser\PDD 31-12-2024.IntPrj\Network Model.IntPrjfolder\Network Data.IntPrjfolder\SUR 138 kV.ElmNet\ZSCNOE.ElmSubstat\1.ElmTerm,0,SUR CERCANO,SUR,SUR 138 kV,,,0.05000000074505806,1,0.5680000185966492,0.02152184210717678,0.006530994549393654,0.07605127990245819,0.024155138060450554,0.10060074925422668,0.17279137670993805,-2.775557602921922e-18
138 kV SCN – Valdesia L1_a,ZSCNOE_ZXSC2E-L1,\VM-PF.IntUser\PDD 31-12-2024.IntPrj\Network Model.IntPrjfolder\Network Data.IntPrjfolder\SUR 138 kV.ElmNet\138 kV SCN – Valdesia L1_a.ElmLne,Tap 2 SCN,WXSC2E,\VM-PF.IntUser\PDD 31-12-2024.IntPrj\Network Model.IntPrjfolder\Network Data.IntPrjfolder\SUR 138 kV.ElmNet\Tap 2 SCN.ElmTerm,2,,\VM-PF.IntUser\PDD 31-12-2024.IntPrj\Network Model.IntPrjfolder\Network Data.IntPrjfolder\SUR 138 kV.ElmNet\ZSCNOE.ElmSubstat\2.ElmTerm,0,SUR CERCANO,SUR,SUR 138 kV,,,0.05000000074505806,1,0.5680000185966492,0.02152184210717678,0.006530994549393654,0.07605127990245819,0.024155138060450554,0.10060074925422668,0.17279137670993805,-2.775557602921922e-18
4.16 kV Central Palenque – Palenque,ZPAQ1K_ZPAQ2K-L1,\VM-PF.IntUser\PDD 31-12-2024.IntPrj\Network Model.IntPrjfolder\Network Data.IntPrjfolder\SUR 138 kV.ElmNet\4.16 kV Central Palenque – Palenque.ElmLne,Terminal Palenque 1,WPAQ1K,\VM-PF.IntUser\PDD 31-12-2024.IntPrj\Network Model.IntPrjfolder\Network Data.IntPrjfolder\SUR 138 kV.ElmNet\Palenque.ElmSite\Terminal Palenque 1.ElmTerm,Terminal Palenque 2,WPAQ2K,\VM-PF.IntUser\PDD 31-12-2024.IntPrj\Network Model.IntPrjfolder\Network Data.IntPrjfolder\SUR 138 kV.ElmNet\Palenque.ElmSite\Terminal Palenque 2.ElmTerm,0,SUR CERCANO,SUR,SUR 138 kV,,A-N2YSY 1x400 - 13.8 kV,0.20999999344348907,6,3.7380001544952393,0.03500000014901161,0.0019249999895691872,0.041999999433755875,0.004409994464367628,145.66859436035156,174.8022918701172,0.0
138 kV Kilómetro 15 de Azua – Palomino_b,ZPLM2E_ZXPL2E-L1,\VM-PF.IntUser\PDD 31-12-2024.IntPrj\Network Model.IntPrjfolder\Network Data.IntPrjfolder\SUR 138 kV.ElmNet\138 kV Kilómetro 15 de Azua – Palomino_b.ElmLne,R1,,\VM-PF.IntUser\PDD 31-12-2024.IntPrj\Network Model.IntPrjfolder\Network Data.IntPrjfolder\SUR 138 kV.ElmNet\Palomino.ElmSite\ZPALOE.ElmSubstat\R1.ElmTerm,Tap 2 Palomino,WXPL2E,\VM-PF.IntUser\PDD 31-12-2024.IntPrj\Network Model.IntPrjfolder\Network Data.IntPrjfolder\SUR 138 kV.ElmNet\Tap 2 Palomino.ElmTerm,0,SUR MEDIO,SUR,SUR 138 kV,,,17.299999237060547,1,0.6629999876022339,7.093473434448242,2.0101115703582764,25.862445831298828,8.396445274353027,35.7188835144043,59.521846771240234,7.202571554618348e-16
138 kV Palenque – Punta Catalina_d,ZPCATE_ZXPC2E-L1,\VM-PF.IntUser\PDD 31-12-2024.IntPrj\Network Model.IntPrjfolder\Network Data.IntPrjfolder\SUR 138 kV.ElmNet\138 kV Palenque – Punta Catalina_d.ElmLne,Tap 2 Punta Catalina,WXPC2E,\VM-PF.IntUser\PDD 31-12-2024.IntPrj\Network Model.IntPrjfolder\Network Data.IntPrjfolder\SUR 138 kV.ElmNet\Tap 2 Punta Catalina.ElmTerm,3,,\VM-PF.IntUser\PDD 31-12-2024.IntPrj\Network Model.IntPrjfolder\Network Data.IntPrjfolder\Expansión 345 kV.ElmNet\Punta Catalina.ElmSite\ZPCATE1.ElmSubstat\3.ElmTerm,0,SUR CERCANO,SUR,SUR 138 kV,,,4.300000190734863,1,1.3259999752044678,1.5397948026657104,0.2505820095539093,5.885003089904785,1.4219348430633545,10.967483520507812,21.643932342529297,4.77395921764641e-16
345 kV Julio Sauri – Punta Catalina L2,ZPCA1D_ZJSA1D-L2,\VM-PF.IntUser\PDD 31-12-2024.IntPrj\Network Model.IntPrjfolder\Network Data.IntPrjfolder\SUR 138 kV.ElmNet\345 kV Julio Sauri – Punta Catalina L2.ElmLne,1,,\VM-PF.IntUser\PDD 31-12-2024.IntPrj\Network Model.IntPrjfolder\Network Data.IntPrjfolder\Expansión 345 kV.ElmNet\Punta Catalina.ElmSite\ZPCATD.ElmSubstat\1.ElmTerm,D2,,\VM-PF.IntUser\PDD 31-12-2024.IntPrj\Network Model.IntPrjfolder\Network Data.IntPrjfolder\Expansión 345 kV.ElmNet\Julio Sauri.ElmSite\ZJSAUD.ElmSubstat\D2.ElmTerm,0,SUR CERCANO,SUR,SUR 138 kV,,,44.93000030517578,1,2.7239999771118164,15.987042427062988,1.2327253818511963,48.66032409667969,15.131564140319824,126.00247955322266,222.52000427246094,8.729406357921993e-15
138 kV km 15 de Azua – San Juan 2_a,ZKQAZE_ZXSJ2E-L1,\VM-PF.IntUser\PDD 31-12-2024.IntPrj\Network Model.IntPrjfolder\Network Data.IntPrjfolder\SUR 138 kV.ElmNet\138 kV km 15 de Azua – San Juan 2_a.ElmLne,9,,\VM-PF.IntUser\PDD 31-12-2024.IntPrj\Network Model.IntPrjfolder\Network Data.IntPrjfolder\SUR 138 kV.ElmNet\km 15 de Azua.ElmSite\ZKQAZE.ElmSubstat\9.ElmTerm,Tap San Juan 2,WXSJ2E,\VM-PF.IntUser\PDD 31-12-2024.IntPrj\Network Model.IntPrjfolder\Network Data.IntPrjfolder\SUR 138 kV.ElmNet\Tap San Juan 2.ElmTerm,0,SUR MEDIO,SUR,SUR 138 kV,,,42.65999984741211,1,0.6629999876022339,17.49176788330078,4.95672607421875,63.774105072021484,20.70475959777832,88.07905578613281,146.77468872070312,1.7760792243517879e-15
138 kV km 15 de Azua – Punta Catalina_b,ZPCATE_ZXPC1E-L1,\VM-PF.IntUser\PDD 31-12-2024.IntPrj\Network Model.IntPrjfolder\Network Data.IntPrjfolder\SUR 138 kV.ElmNet\138 kV km 15 de Azua – Punta Catalina_b.ElmLne,Tap 1 Punta Catalina,WXPC1E,\VM-PF.IntUser\PDD 31-12-2024.IntPrj\Network Model.IntPrjfolder\Network Data.IntPrjfolder\SUR 138 kV.ElmNet\Tap 1 Punta Catalina.ElmTerm,1,,\VM-PF.IntUser\PDD 31-12-2024.IntPrj\Network Model.IntPrjfolder\Network Data.IntPrjfolder\Expansión 345 kV.ElmNet\Punta Catalina.ElmSite\ZPCATE1.ElmSubstat\1.ElmTerm,0,SUR CERCANO,SUR,SUR 138 kV,,,4.300000190734863,1,1.3259999752044678,1.5397948026657104,0.2505820095539093,5.885003089904785,1.4219348430633545,10.967483520507812,21.643932342529297,-5.967448757360216e-16
138 kV km 15 de Azua – Punta Catalina_a,ZKQAZE_ZXPC1E-L1,\VM-PF.IntUser\PDD 31-12-2024.IntPrj\Network Model.IntPrjfolder\Network Data.IntPrjfolder\SUR 138 kV.ElmNet\138 kV km 15 de Azua – Punta Catalina_a.ElmLne,2,,\VM-PF.IntUser\PDD 31-12-2024.IntPrj\Network Model.IntPrjfolder\Network Data.IntPrjfolder\SUR 138 kV.ElmNet\km 15 de Azua.ElmSite\ZKQAZE.ElmSubstat\2.ElmTerm,Tap 3 Calabaza,WXCA3E,\VM-PF.IntUser\PDD 31-12-2024.IntPrj\Network Model.IntPrjfolder\Network Data.IntPrjfolder\SUR 138 kV.ElmNet\Tap 3 Calabaza.ElmTerm,0,SUR MEDIO,SUR,SUR 138 kV,,,55.0,1,1.3259999752044678,19.695049285888672,3.205118417739868,75.2732925415039,18.187536239624023,140.28175354003906,276.8409729003906,6.106226635438361e-15
138 kV Calabaza – km 15 de Azua_b,ZKQAZE_ZPIZAE-L2,\VM-PF.IntUser\PDD 31-12-2024.IntPrj\Network Model.IntPrjfolder\Network Data.IntPrjfolder\SUR 138 kV.ElmNet\138 kV Calabaza – km 15 de Azua_b.ElmLne,3,,\VM-PF.IntUser\PDD 31-12-2024.IntPrj\Network Model.IntPrjfolder\Network Data.IntPrjfolder\SUR 138 kV.ElmNet\km 15 de Azua.ElmSite\ZKQAZE.ElmSubstat\3.ElmTerm,Tap 1 Calabaza,WXCA1E,\VM-PF.IntUser\PDD 31-12-2024.IntPrj\Network Model.IntPrjfolder\Network Data.IntPrjfolder\SUR 138 kV.ElmNet\Tap 1 Calabaza.ElmTerm,0,SUR MEDIO,SUR,SUR 138 kV,,,55.0,1,1.3259999752044678,19.695049285888672,3.205118417739868,75.2732925415039,18.187536239624023,140.28175354003906,276.8409729003906,-7.632783294297951e-15
138 kV Palomino – San Juan 2_b,ZSJU2E_ZXPL1E-L1,\VM-PF.IntUser\PDD 31-12-2024.IntPrj\Network Model.IntPrjfolder\Network Data.IntPrjfolder\SUR 138 kV.ElmNet\138 kV Palomino – San Juan 2_b.ElmLne,Tap 1 Palomino,WXPL1E,\VM-PF.IntUser\PDD 31-12-2024.IntPrj\Network Model.IntPrjfolder\Network Data.IntPrjfolder\SUR 138 kV.ElmNet\Tap 1 Palomino.ElmTerm,1,,\VM-PF.IntUser\PDD 31-12-2024.IntPrj\Network Model.IntPrjfolder\Network Data.IntPrjfolder\SUR 138 kV.ElmNet\San Juan 2.ElmSite\ZSJU2E.ElmSubstat\1.ElmTerm,0,SUR MEDIO,SUR,SUR 138 kV,,,15.0,1,0.6629999876022339,6.163586139678955,1.7431668043136597,22.41262435913086,7.279976844787598,31.00476837158203,51.615562438964844,-1.8735013540549517e-15
138 kV km 15 de Azua – San Juan 2_b,ZSJU2E_ZXSJ2E-L1,\VM-PF.IntUser\PDD 31-12-2024.IntPrj\Network Model.IntPrjfolder\Network Data.IntPrjfolder\SUR 138 kV.ElmNet\138 kV km 15 de Azua – San Juan 2_b.ElmLne,Tap San Juan 2,WXSJ2E,\VM-PF.IntUser\PDD 31-12-2024.IntPrj\Network Model.IntPrjfolder\Network Data.IntPrjfolder\SUR 138 kV.ElmNet\Tap San Juan 2.ElmTerm,2,,\VM-PF.IntUser\PDD 31-12-2024.IntPrj\Network Model.IntPrjfolder\Network Data.IntPrjfolder\SUR 138 kV.ElmNet\San Juan 2.ElmSite\ZSJU2E.ElmSubstat\2.ElmTerm,0,SUR MEDIO,SUR,SUR 138 kV,,,15.0,1,0.6629999876022339,6.1504106521606445,1.7428714036941528,22.424087524414062,7.280154705047607,30.970130920410156,51.60853958129883,6.245004513516506e-16
138 kV km 15 de Azua – Matafongo_b,ZMTFNE_ZXMA2E-L1,\VM-PF.IntUser\PDD 31-12-2024.IntPrj\Network Model.IntPrjfolder\Network Data.IntPrjfolder\SUR 138 kV.ElmNet\138 kV km 15 de Azua – Matafongo_b.ElmLne,Tap 2 Matafongo,WXMA2E,\VM-PF.IntUser\PDD 31-12-2024.IntPrj\Network Model.IntPrjfolder\Network Data.IntPrjfolder\SUR 138 kV.ElmNet\Tap 2 Matafongo.ElmTerm,2,,\VM-PF.IntUser\PDD 31-12-2024.IntPrj\Network Model.IntPrjfolder\Network Data.IntPrjfolder\SUR 138 kV.ElmNet\Matafongo.ElmSite\ZMTFNE.ElmSubstat\2.ElmTerm,0,SUR CERCANO,SUR,SUR 138 kV,,,10.539999961853027,1,0.6629999876022339,4.544219970703125,1.2260947227478027,15.804447174072266,5.001646041870117,21.656118392944336,37.12714385986328,1.608990752319326e-15
138 kV Matafongo – Pizarrete_a,ZMTFNE_ZXMA1E-L1,\VM-PF.IntUser\PDD 31-12-2024.IntPrj\Network Model.IntPrjfolder\Network Data.IntPrjfolder\SUR 138 kV.ElmNet\138 kV Matafongo – Pizarrete_a.ElmLne,Tap 1 Matafongo,WXMA1E,\VM-PF.IntUser\PDD 31-12-2024.IntPrj\Network Model.IntPrjfolder\Network Data.IntPrjfolder\SUR 138 kV.ElmNet\Tap 1 Matafongo.ElmTerm,1,,\VM-PF.IntUser\PDD 31-12-2024.IntPrj\Network Model.IntPrjfolder\Network Data.IntPrjfolder\SUR 138 kV.ElmNet\Matafongo.ElmSite\ZMTFNE.ElmSubstat\1.ElmTerm,0,SUR CERCANO,SUR,SUR 138 kV,,,10.539999961853027,1,0.6629999876022339,4.544219970703125,1.2260947227478027,15.804447174072266,5.001646041870117,21.656118392944336,37.12714385986328,-1.4627188296496878e-16
138 kV Kilómetro 15 de Azua – Palomino_a,ZKQAZE_ZXPL2E-L1,\VM-PF.IntUser\PDD 31-12-2024.IntPrj\Network Model.IntPrjfolder\Network Data.IntPrjfolder\SUR 138 kV.ElmNet\138 kV Kilómetro 15 de Azua – Palomino_a.ElmLne,Tap 2 Palomino,WXPL2E,\VM-PF.IntUser\PDD 31-12-2024.IntPrj\Network Model.IntPrjfolder\Network Data.IntPrjfolder\SUR 138 kV.ElmNet\Tap 2 Palomino.ElmTerm,10,,\VM-PF.IntUser\PDD 31-12-2024.IntPrj\Network Model.IntPrjfolder\Network Data.IntPrjfolder\SUR 138 kV.ElmNet\km 15 de Azua.ElmSite\ZKQAZE.ElmSubstat\10.ElmTerm,0,SUR MEDIO,SUR,SUR 138 kV,,,42.65999984741211,1,0.6629999876022339,17.529237747192383,4.957566261291504,63.74150466918945,20.704254150390625,88.17755889892578,146.79466247558594,-5.3282378848136004e-15
34.5 kV Larimar 1 – Los Cocos 1,WLAR1K_WLCO1K-L1,\VM-PF.IntUser\PDD 31-12-2024.IntPrj\Network Model.IntPrjfolder\Network Data.IntPrjfolder\SUR 138 kV.ElmNet\34.5 kV Larimar 1 – Los Cocos 1.ElmLne,L5,,\VM-PF.IntUser\PDD 31-12-2024.IntPrj\Network Model.IntPrjfolder\Network Data.IntPrjfolder\SUR 138 kV.ElmNet\Los Cocos.ElmSite\ZLCOCK.ElmSubstat\L5.ElmTerm,L1,,\VM-PF.IntUser\PDD 31-12-2024.IntPrj\Network Model.IntPrjfolder\Network Data.IntPrjfolder\SUR 138 kV.ElmNet\Los Cocos.ElmSite\ZLARIK.ElmSubstat\L1.ElmTerm,0,SUR PROFUNDO,SUR,SUR 138 kV,,,3.0,1,1.1799999475479126,1.0616356134414673,0.21601268649101257,4.113162517547607,1.2543033361434937,7.086711883544922,11.842500686645508,1.249000902703301e-16
34.5 kV Larimar 2 – Los Cocos 2,WLAR2K_WLCO2K-L1,\VM-PF.IntUser\PDD 31-12-2024.IntPrj\Network Model.IntPrjfolder\Network Data.IntPrjfolder\SUR 138 kV.ElmNet\34.5 kV Larimar 2 – Los Cocos 2.ElmLne,R1,,\VM-PF.IntUser\PDD 31-12-2024.IntPrj\Network Model.IntPrjfolder\Network Data.IntPrjfolder\SUR 138 kV.ElmNet\Los Cocos.ElmSite\ZLCOCK.ElmSubstat\R1.ElmTerm,R4,,\VM-PF.IntUser\PDD 31-12-2024.IntPrj\Network Model.IntPrjfolder\Network Data.IntPrjfolder\SUR 138 kV.ElmNet\Los Cocos.ElmSite\ZLARIK.ElmSubstat\R4.ElmTerm,0,SUR PROFUNDO,SUR,SUR 138 kV,,,3.0,1,1.1799999475479126,1.0616356134414673,0.21601268649101257,4.113162517547607,1.2543033361434937,7.086711883544922,11.842500686645508,4.163336342344337e-16
138 kV SCN – Valdesia L2_a,ZSCNOE_ZXVALE-L1,\VM-PF.IntUser\PDD 31-12-2024.IntPrj\Network Model.IntPrjfolder\Network Data.IntPrjfolder\SUR 138 kV.ElmNet\138 kV SCN – Valdesia L2_a.ElmLne,Tap 1 Valdesia,WXVALE,\VM-PF.IntUser\PDD 31-12-2024.IntPrj\Network Model.IntPrjfolder\Network Data.IntPrjfolder\SUR 138 kV.ElmNet\Tap 1 Valdesia.ElmTerm,4,,\VM-PF.IntUser\PDD 31-12-2024.IntPrj\Network Model.IntPrjfolder\Network Data.IntPrjfolder\SUR 138 kV.ElmNet\ZSCNOE.ElmSubstat\4.ElmTerm,0,SUR CERCANO,SUR,SUR 138 kV,,,0.05000000074505806,1,0.5680000185966492,0.02152184210717678,0.006530994549393654,0.07605127990245819,0.024155138060450554,0.10060074925422668,0.17279137670993805,4.8572256500169986e-18
138 kV Itabo TG – Julio Sauri L1,ZITAGE_ZJSAUE-L1,\VM-PF.IntUser\PDD 31-12-2024.IntPrj\Network Model.IntPrjfolder\Network Data.IntPrjfolder\SUR 138 kV.ElmNet\138 kV Itabo TG – Julio Sauri L1.ElmLne,E3,,\VM-PF.IntUser\PDD 31-12-2024.IntPrj\Network Model.IntPrjfolder\Network Data.IntPrjfolder\Expansión 345 kV.ElmNet\Julio Sauri.ElmSite\ZJSAUD.ElmSubstat\E3.ElmTerm,4,,\VM-PF.IntUser\PDD 31-12-2024.IntPrj\Network Model.IntPrjfolder\Network Data.IntPrjfolder\SUR 138 kV.ElmNet\Itabo TG.ElmSite\ZITAGE.ElmSubstat\4.ElmTerm,0,SUR CERCANO,SUR,SUR 138 kV,,,18.600000381469727,1,1.3259999752044678,6.649308681488037,1.0836833715438843,25.46570587158203,6.1508331298828125,46.74481964111328,93.56721496582031,-5.162537064506978e-15
138 kV Itabo TG – Julio Sauri L2,ZITAGE_ZJSAUE-L2,\VM-PF.IntUser\PDD 31-12-2024.IntPrj\Network Model.IntPrjfolder\Network Data.IntPrjfolder\SUR 138 kV.ElmNet\138 kV Itabo TG – Julio Sauri L2.ElmLne,E4,,\VM-PF.IntUser\PDD 31-12-2024.IntPrj\Network Model.IntPrjfolder\Network Data.IntPrjfolder\Expansión 345 kV.ElmNet\Julio Sauri.ElmSite\ZJSAUD.ElmSubstat\E4.ElmTerm,3,,\VM-PF.IntUser\PDD 31-12-2024.IntPrj\Network Model.IntPrjfolder\Network Data.IntPrjfolder\SUR 138 kV.ElmNet\Itabo TG.ElmSite\ZITAGE.ElmSubstat\3.ElmTerm,0,SUR CERCANO,SUR,SUR 138 kV,,,18.600000381469727,1,1.3259999752044678,6.649308681488037,1.0836833715438843,25.46570587158203,6.1508331298828125,46.74481964111328,93.56721496582031,0.0
138 kV Julio Sauri – Paraíso,ZJSA1E_ZPARAE-L1,\VM-PF.IntUser\PDD 31-12-2024.IntPrj\Network Model.IntPrjfolder\Network Data.IntPrjfolder\SUR 138 kV.ElmNet\138 kV Julio Sauri – Paraíso.ElmLne,E9,,\VM-PF.IntUser\PDD 31-12-2024.IntPrj\Network Model.IntPrjfolder\Network Data.IntPrjfolder\Expansión 345 kV.ElmNet\Julio Sauri.ElmSite\ZJSAUD.ElmSubstat\E9.ElmTerm,1,,\VM-PF.IntUser\PDD 31-12-2024.IntPrj\Network Model.IntPrjfolder\Network Data.IntPrjfolder\CENTRAL 138 kV.ElmNet\ZPARAE.ElmSubstat\1.ElmTerm,0,SUR CERCANO,SUR,SUR 138 kV,,T.ACERO S1/1C/138/2xF - 559.5 AAAC,18.899999618530273,1,1.3259999752044678,6.901580810546875,1.0976649522781372,24.898473739624023,6.682407379150391,40.92478561401367,87.75206756591797,2.6229018956769323e-15
138 kV km 15 de Azua – Punta Catalina_d,ZKQAZE_ZXPC1E-L1_a,\VM-PF.IntUser\PDD 31-12-2024.IntPrj\Network Model.IntPrjfolder\Network Data.IntPrjfolder\SUR 138 kV.ElmNet\138 kV km 15 de Azua – Punta Catalina_d.ElmLne,Tap 3 Calabaza,WXCA3E,\VM-PF.IntUser\PDD 31-12-2024.IntPrj\Network Model.IntPrjfolder\Network Data.IntPrjfolder\SUR 138 kV.ElmNet\Tap 3 Calabaza.ElmTerm,Tap 1 Punta Catalina,WXPC1E,\VM-PF.IntUser\PDD 31-12-2024.IntPrj\Network Model.IntPrjfolder\Network Data.IntPrjfolder\SUR 138 kV.ElmNet\Tap 1 Punta Catalina.ElmTerm,0,SUR CERCANO,SUR,SUR 138 kV,,,21.400001525878906,1,1.3259999752044678,7.663165092468262,1.2470824718475342,29.28815460205078,7.076605796813965,54.58236312866211,107.71631622314453,2.3758774421044244e-15
138 kV Matafongo – Pizarrete_c,ZPIZAE_ZXPIZE-L1,\VM-PF.IntUser\PDD 31-12-2024.IntPrj\Network Model.IntPrjfolder\Network Data.IntPrjfolder\SUR 138 kV.ElmNet\138 kV Matafongo – Pizarrete_c.ElmLne,Tap 1 Pizarrete,WXPIZE,\VM-PF.IntUser\PDD 31-12-2024.IntPrj\Network Model.IntPrjfolder\Network Data.IntPrjfolder\SUR 138 kV.ElmNet\Tap 1 Pizarrete.ElmTerm,3,,\VM-PF.IntUser\PDD 31-12-2024.IntPrj\Network Model.IntPrjfolder\Network Data.IntPrjfolder\SUR 138 kV.ElmNet\Pizarrete.ElmSite\ZPIZAE.ElmSubstat\3.ElmTerm,0,SUR CERCANO,SUR,SUR 138 kV,,,30.0,1,0.5680000185966492,12.913105010986328,3.9185965061187744,45.630767822265625,14.493082046508789,60.36044692993164,103.67481994628906,-1.6653345369377348e-15
138 kV Bayasol – Pizarrete_b,ZPIZAE_ZXBA1E-L1,\VM-PF.IntUser\PDD 31-12-2024.IntPrj\Network Model.IntPrjfolder\Network Data.IntPrjfolder\SUR 138 kV.ElmNet\138 kV Bayasol – Pizarrete_b.ElmLne,Tap 1 Bayasol,WXBA1E,\VM-PF.IntUser\PDD 31-12-2024.IntPrj\Network Model.IntPrjfolder\Network Data.IntPrjfolder\SUR 138 kV.ElmNet\Tap 1 Bayasol.ElmTerm,4,,\VM-PF.IntUser\PDD 31-12-2024.IntPrj\Network Model.IntPrjfolder\Network Data.IntPrjfolder\SUR 138 kV.ElmNet\Pizarrete.ElmSite\ZPIZAE.ElmSubstat\4.ElmTerm,0,SUR CERCANO,SUR,SUR 138 kV,,,30.0,1,0.5680000185966492,12.913105010986328,3.9185965061187744,45.630767822265625,14.493082046508789,60.36044692993164,103.67481994628906,2.914335439641036e-15
138 kV Calabaza – Pizarrete_c,ZKQAZE_ZPIZAE-L2_b,\VM-PF.IntUser\PDD 31-12-2024.IntPrj\Network Model.IntPrjfolder\Network Data.IntPrjfolder\SUR 138 kV.ElmNet\138 kV Calabaza – Pizarrete_c.ElmLne,Tap 3 Punta Catalina,WXPC3E,\VM-PF.IntUser\PDD 31-12-2024.IntPrj\Network Model.IntPrjfolder\Network Data.IntPrjfolder\SUR 138 kV.ElmNet\Tap 3 Punta Catalina.ElmTerm,5,,\VM-PF.IntUser\PDD 31-12-2024.IntPrj\Network Model.IntPrjfolder\Network Data.IntPrjfolder\SUR 138 kV.ElmNet\Pizarrete.ElmSite\ZPIZAE.ElmSubstat\5.ElmTerm,0,SUR CERCANO,SUR,SUR 138 kV,,,0.20000000298023224,1,1.3259999752044678,0.07161836326122284,0.011654975824058056,0.2737210690975189,0.06613650172948837,0.5101155042648315,1.0066944360733032,-2.7755575615628914e-17
138 kV Bayasol – km 15 de Azua_a,ZBAYAE-ZXBA2E-L1,\VM-PF.IntUser\PDD 31-12-2024.IntPrj\Network Model.IntPrjfolder\Network Data.IntPrjfolder\SUR 138 kV.ElmNet\138 kV Bayasol – km 15 de Azua_a.ElmLne,Tap 2 Bayasol,WXBA2E,\VM-PF.IntUser\PDD 31-12-2024.IntPrj\Network Model.IntPrjfolder\Network Data.IntPrjfolder\SUR 138 kV.ElmNet\Tap 2 Bayasol.ElmTerm,1,,\VM-PF.IntUser\PDD 31-12-2024.IntPrj\Network Model.IntPrjfolder\Network Data.IntPrjfolder\SUR 138 kV.ElmNet\Bayasol.ElmSite\ZBAYAE.ElmSubstat\1.ElmTerm,0,SUR CERCANO,SUR,SUR 138 kV,,,0.10000000149011612,1,0.6629999876022339,0.04311404004693031,0.011632777750492096,0.14994731545448303,0.047453947365283966,0.20546601712703705,0.35224995017051697,1.5265566919468147e-17
138 kV Bayasol – Pizarrete_a,ZBAYAE-ZXBA1E-L1,\VM-PF.IntUser\PDD 31-12-2024.IntPrj\Network Model.IntPrjfolder\Network Data.IntPrjfolder\SUR 138 kV.ElmNet\138 kV Bayasol – Pizarrete_a.ElmLne,Tap 1 Bayasol,WXBA1E,\VM-PF.IntUser\PDD 31-12-2024.IntPrj\Network Model.IntPrjfolder\Network Data.IntPrjfolder\SUR 138 kV.ElmNet\Tap 1 Bayasol.ElmTerm,3,,\VM-PF.IntUser\PDD 31-12-2024.IntPrj\Network Model.IntPrjfolder\Network Data.IntPrjfolder\SUR 138 kV.ElmNet\Bayasol.ElmSite\ZBAYAE.ElmSubstat\3.ElmTerm,0,SUR CERCANO,SUR,SUR 138 kV,,,0.10000000149011612,1,0.6629999876022339,0.04311404004693031,0.011632777750492096,0.14994731545448303,0.047453947365283966,0.20546601712703705,0.35224995017051697,-1.387778801460961e-18
138 kV Santanasol – Pizarrete_b,ZPIZAE_ZXSANE-L1,\VM-PF.IntUser\PDD 31-12-2024.IntPrj\Network Model.IntPrjfolder\Network Data.IntPrjfolder\SUR 138 kV.ElmNet\138 kV Santanasol – Pizarrete_b.ElmLne,9,,\VM-PF.IntUser\PDD 31-12-2024.IntPrj\Network Model.IntPrjfolder\Network Data.IntPrjfolder\SUR 138 kV.ElmNet\Pizarrete.ElmSite\ZPIZAE.ElmSubstat\9.ElmTerm,Tap 1 Santanasol,WXSANE,\VM-PF.IntUser\PDD 31-12-2024.IntPrj\Network Model.IntPrjfolder\Network Data.IntPrjfolder\SUR 138 kV.ElmNet\Tap 1 Santanasol.ElmTerm,0,SUR CERCANO,SUR,SUR 138 kV,,,1.0882099866867065,1,1.3259999752044678,0.38902387022972107,0.06340188533067703,1.4898943901062012,0.3598600924015045,2.7348482608795166,5.4742350578308105,0.0
138 kV Girasol – Pizarrete_b,ZXSA2E_ZPIZAE-L1,\VM-PF.IntUser\PDD 31-12-2024.IntPrj\Network Model.IntPrjfolder\Network Data.IntPrjfolder\SUR 138 kV.ElmNet\138 kV Girasol – Pizarrete_b.ElmLne,Tap 2 Santanasol,WXSA2E,\VM-PF.IntUser\PDD 31-12-2024.IntPrj\Network Model.IntPrjfolder\Network Data.IntPrjfolder\SUR 138 kV.ElmNet\Tap 2 Santanasol.ElmTerm,10,,\VM-PF.IntUser\PDD 31-12-2024.IntPrj\Network Model.IntPrjfolder\Network Data.IntPrjfolder\SUR 138 kV.ElmNet\Pizarrete.ElmSite\ZPIZAE.ElmSubstat\10.ElmTerm,0,SUR CERCANO,SUR,SUR 138 kV,,,1.0882099866867065,1,1.3259999752044678,0.38902387022972107,0.06340188533067703,1.4898943901062012,0.3598600924015045,2.7348482608795166,5.4742350578308105,-3.0203895232909907e-16
138 kV Palenque – Punta Catalina_c,ZXPC2E_ZXPI2E-L1,\VM-PF.IntUser\PDD 31-12-2024.IntPrj\Network Model.IntPrjfolder\Network Data.IntPrjfolder\SUR 138 kV.ElmNet\138 kV Palenque – Punta Catalina_c.ElmLne,Tap 2 Punta Catalina,WXPC2E,\VM-PF.IntUser\PDD 31-12-2024.IntPrj\Network Model.IntPrjfolder\Network Data.IntPrjfolder\SUR 138 kV.ElmNet\Tap 2 Punta Catalina.ElmTerm,Tap 2 Pizarrete,WXPI2E,\VM-PF.IntUser\PDD 31-12-2024.IntPrj\Network Model.IntPrjfolder\Network Data.IntPrjfolder\SUR 138 kV.ElmNet\Tap 2 Pizarrete.ElmTerm,0,SUR CERCANO,SUR,SUR 138 kV,,,0.20000000298023224,1,1.3259999752044678,0.07161836326122284,0.011654975824058056,0.2737210690975189,0.06613650172948837,0.5101155042648315,1.0066944360733032,2.2204460823375376e-17
138 kV Girasol – Pizarrete_a,ZGIRAE_ZXSA2E-L1,\VM-PF.IntUser\PDD 31-12-2024.IntPrj\Network Model.IntPrjfolder\Network Data.IntPrjfolder\SUR 138 kV.ElmNet\138 kV Girasol – Pizarrete_a.ElmLne,Tap 2 Santanasol,WXSA2E,\VM-PF.IntUser\PDD 31-12-2024.IntPrj\Network Model.IntPrjfolder\Network Data.IntPrjfolder\SUR 138 kV.ElmNet\Tap 2 Santanasol.ElmTerm,R3,,\VM-PF.IntUser\PDD 31-12-2024.IntPrj\Network Model.IntPrjfolder\Network Data.IntPrjfolder\SUR 138 kV.ElmNet\Girasol.ElmSite\ZGIRAE.ElmSubstat\R3.ElmTerm,0,SUR CERCANO,SUR,SUR 138 kV,,,7.634779930114746,1,1.3259999752044678,2.7293553352355957,0.4448217451572418,10.452960014343262,2.524744987487793,19.187440872192383,38.40672302246094,0.0
138 kV Girasol – Santanasol_b,ZGIRAE_ZXSA3E-L1,\VM-PF.IntUser\PDD 31-12-2024.IntPrj\Network Model.IntPrjfolder\Network Data.IntPrjfolder\SUR 138 kV.ElmNet\138 kV Girasol – Santanasol_b.ElmLne,Tap 3 Santanasol,WXSA3E,\VM-PF.IntUser\PDD 31-12-2024.IntPrj\Network Model.IntPrjfolder\Network Data.IntPrjfolder\SUR 138 kV.ElmNet\Tap 3 Santanasol.ElmTerm,L3,,\VM-PF.IntUser\PDD 31-12-2024.IntPrj\Network Model.IntPrjfolder\Network Data.IntPrjfolder\SUR 138 kV.ElmNet\Girasol.ElmSite\ZGIRAE.ElmSubstat\L3.ElmTerm,0,SUR CERCANO,SUR,SUR 138 kV,,,7.634779930114746,1,1.3259999752044678,2.7293553352355957,0.4448217451572418,10.452960014343262,2.524744987487793,19.187440872192383,38.40672302246094,-2.119077169529418e-15
138 kV Santanasol – Pizarrete_a,ZXSANE_ZSANTE-L1,\VM-PF.IntUser\PDD 31-12-2024.IntPrj\Network Model.IntPrjfolder\Network Data.IntPrjfolder\SUR 138 kV.ElmNet\138 kV Santanasol – Pizarrete_a.ElmLne,Tap 1 Santanasol,WXSANE,\VM-PF.IntUser\PDD 31-12-2024.IntPrj\Network Model.IntPrjfolder\Network Data.IntPrjfolder\SUR 138 kV.ElmNet\Tap 1 Santanasol.ElmTerm,L1,,\VM-PF.IntUser\PDD 31-12-2024.IntPrj\Network Model.IntPrjfolder\Network Data.IntPrjfolder\SUR 138 kV.ElmNet\Santanasol.ElmSite\ZSANTE.ElmSubstat\L1.ElmTerm,0,SUR CERCANO,SUR,SUR 138 kV,,,0.07999999821186066,1,1.3259999752044678,0.028599176555871964,0.004661003593355417,0.10952991247177124,0.026455195620656013,0.2010529786348343,0.40243959426879883,0.0
138 kV Girasol – Santanasol_a,ZSANTE_ZXSA3E-L1,\VM-PF.IntUser\PDD 31-12-2024.IntPrj\Network Model.IntPrjfolder\Network Data.IntPrjfolder\SUR 138 kV.ElmNet\138 kV Girasol – Santanasol_a.ElmLne,Tap 3 Santanasol,WXSA3E,\VM-PF.IntUser\PDD 31-12-2024.IntPrj\Network Model.IntPrjfolder\Network Data.IntPrjfolder\SUR 138 kV.ElmNet\Tap 3 Santanasol.ElmTerm,R1,,\VM-PF.IntUser\PDD 31-12-2024.IntPrj\Network Model.IntPrjfolder\Network Data.IntPrjfolder\SUR 138 kV.ElmNet\Santanasol.ElmSite\ZSANTE.ElmSubstat\R1.ElmTerm,0,SUR CERCANO,SUR,SUR 138 kV,,,0.07999999821186066,1,1.3259999752044678,0.028599176555871964,0.004661003593355417,0.10952991247177124,0.026455195620656013,0.2010529786348343,0.40243959426879883,-2.220445916901415e-17
138 kV km 15 de Azua –Powership KPS26 _b,ZPAK2E_ZX1PAE-L1,\VM-PF.IntUser\PDD 31-12-2024.IntPrj\Network Model.IntPrjfolder\Network Data.IntPrjfolder\SUR 138 kV.ElmNet\138 kV km 15 de Azua –Powership KPS26 _b.ElmLne,1,,\VM-PF.IntUser\PDD 31-12-2024.IntPrj\Network Model.IntPrjfolder\Network Data.IntPrjfolder\SUR 138 kV.ElmNet\POWERSHIP AZUA KPS 26.ElmSite\ZPAK2E.ElmSubstat\1.ElmTerm,Tap 1 POWERSHIP AZUA,WX1PAE,\VM-PF.IntUser\PDD 31-12-2024.IntPrj\Network Model.IntPrjfolder\Network Data.IntPrjfolder\SUR 138 kV.ElmNet\Tap 1 POWERSHIP AZUA.ElmTerm,0,SUR MEDIO,SUR,SUR 138 kV,,,1.2799999713897705,1,1.3259999752044678,0.3082214295864105,0.07446878403425217,1.485581398010254,0.42267540097236633,3.2237393856048584,6.4402174949646,-1.776356733521132e-16
138 kV Monte Río–Powership Azua KPS26_b,ZPAK2E_ZX3PAE-L1,\VM-PF.IntUser\PDD 31-12-2024.IntPrj\Network Model.IntPrjfolder\Network Data.IntPrjfolder\SUR 138 kV.ElmNet\138 kV Monte Río–Powership Azua KPS26_b.ElmLne,2,,\VM-PF.IntUser\PDD 31-12-2024.IntPrj\Network Model.IntPrjfolder\Network Data.IntPrjfolder\SUR 138 kV.ElmNet\POWERSHIP AZUA KPS 26.ElmSite\ZPAK2E.ElmSubstat\2.ElmTerm,Tap 3 POWERSHIP AZUA,WX3PAE,\VM-PF.IntUser\PDD 31-12-2024.IntPrj\Network Model.IntPrjfolder\Network Data.IntPrjfolder\SUR 138 kV.ElmNet\Tap 3 POWERSHIP AZUA.ElmTerm,1,SUR MEDIO,SUR,SUR 138 kV,,,1.2799999713897705,1,1.3259999752044678,0.3082214295864105,0.07446878403425217,1.485581398010254,0.42267540097236633,3.2237393856048584,6.4402174949646,1.0658140798173486e-16
138 kV Calabaza – km 15 de Azua_a,ZCALAE_ZXCA1E-L1,\VM-PF.IntUser\PDD 31-12-2024.IntPrj\Network Model.IntPrjfolder\Network Data.IntPrjfolder\SUR 138 kV.ElmNet\138 kV Calabaza – km 15 de Azua_a.ElmLne,L2,,\VM-PF.IntUser\PDD 31-12-2024.IntPrj\Network Model.IntPrjfolder\Network Data.IntPrjfolder\SUR 138 kV.ElmNet\Calabaza.ElmSite\ZCALAE.ElmSubstat\L2.ElmTerm,Tap 1 Calabaza,WXCA1E,\VM-PF.IntUser\PDD 31-12-2024.IntPrj\Network Model.IntPrjfolder\Network Data.IntPrjfolder\SUR 138 kV.ElmNet\Tap 1 Calabaza.ElmTerm,0,SUR CERCANO,SUR,SUR 138 kV,,,0.13600000739097595,1,1.3259999752044678,0.03274853155016899,0.007912308908998966,0.15784303843975067,0.044909264892339706,0.34252235293388367,0.6842731833457947,-1.8873793271512233e-17
138 kV Calabaza – Pizarrete_a,ZCALAE_ZXCA2E-L1,\VM-PF.IntUser\PDD 31-12-2024.IntPrj\Network Model.IntPrjfolder\Network Data.IntPrjfolder\SUR 138 kV.ElmNet\138 kV Calabaza – Pizarrete_a.ElmLne,R1,,\VM-PF.IntUser\PDD 31-12-2024.IntPrj\Network Model.IntPrjfolder\Network Data.IntPrjfolder\SUR 138 kV.ElmNet\Calabaza.ElmSite\ZCALAE.ElmSubstat\R1.ElmTerm,Tap 2 Calabaza,WXCA2E,\VM-PF.IntUser\PDD 31-12-2024.IntPrj\Network Model.IntPrjfolder\Network Data.IntPrjfolder\SUR 138 kV.ElmNet\Tap 2 Calabaza.ElmTerm,0,SUR CERCANO,SUR,SUR 138 kV,,,0.13600000739097595,1,1.3259999752044678,0.03274853155016899,0.007912308908998966,0.15784303843975067,0.044909264892339706,0.34252235293388367,0.6842731833457947,1.1324275466598972e-17
138 kV Calabaza – Pizarrete_b,ZXCA2E_ZXPC3E-L1,\VM-PF.IntUser\PDD 31-12-2024.IntPrj\Network Model.IntPrjfolder\Network Data.IntPrjfolder\SUR 138 kV.ElmNet\138 kV Calabaza – Pizarrete_b.ElmLne,Tap 2 Calabaza,WXCA2E,\VM-PF.IntUser\PDD 31-12-2024.IntPrj\Network Model.IntPrjfolder\Network Data.IntPrjfolder\SUR 138 kV.ElmNet\Tap 2 Calabaza.ElmTerm,Tap 3 Punta Catalina,WXPC3E,\VM-PF.IntUser\PDD 31-12-2024.IntPrj\Network Model.IntPrjfolder\Network Data.IntPrjfolder\SUR 138 kV.ElmNet\Tap 3 Punta Catalina.ElmTerm,0,SUR CERCANO,SUR,SUR 138 kV,,T.ACERO S1(2)/1C/138/2xF/559 AAAC,21.399999618530273,1,1.3259999752044678,7.987237453460693,1.2502473592758179,29.008275985717773,7.074694633483887,44.96272277832031,107.58061981201172,1.1879386151730938e-15
138 kV Powership KPS26 – Powership KPS60,ZPAK2E_ ZPAK6E-L1,\VM-PF.IntUser\PDD 31-12-2024.IntPrj\Network Model.IntPrjfolder\Network Data.IntPrjfolder\SUR 138 kV.ElmNet\138 kV Powership KPS26 – Powership KPS60.ElmLne,2,,\VM-PF.IntUser\PDD 31-12-2024.IntPrj\Network Model.IntPrjfolder\Network Data.IntPrjfolder\SUR 138 kV.ElmNet\POWERSHIP AZUA KPS 60.ElmSite\ZPAK6E.ElmSubstat\2.ElmTerm,4,,\VM-PF.IntUser\PDD 31-12-2024.IntPrj\Network Model.IntPrjfolder\Network Data.IntPrjfolder\SUR 138 kV.ElmNet\POWERSHIP AZUA KPS 26.ElmSite\ZPAK2E.ElmSubstat\4.ElmTerm,0,SUR MEDIO,SUR,SUR 138 kV,,T.ACERO S1/1C/138/1xF/605 AAAC,0.014999999664723873,1,0.8450000286102295,0.003973496612161398,0.0013873449061065912,0.02508431486785412,0.006624624598771334,0.027938177809119225,0.05569860339164734,1.4571676743255843e-18
138 kV km 15 de Azua –Powership KPS26 _a,ZKQAZE_ZX1PAE-L1,\VM-PF.IntUser\PDD 31-12-2024.IntPrj\Network Model.IntPrjfolder\Network Data.IntPrjfolder\SUR 138 kV.ElmNet\138 kV km 15 de Azua –Powership KPS26 _a.ElmLne,12,,\VM-PF.IntUser\PDD 31-12-2024.IntPrj\Network Model.IntPrjfolder\Network Data.IntPrjfolder\SUR 138 kV.ElmNet\km 15 de Azua.ElmSite\ZKQAZE.ElmSubstat\12.ElmTerm,Tap 1 POWERSHIP AZUA,WX1PAE,\VM-PF.IntUser\PDD 31-12-2024.IntPrj\Network Model.IntPrjfolder\Network Data.IntPrjfolder\SUR 138 kV.ElmNet\Tap 1 POWERSHIP AZUA.ElmTerm,0,SUR MEDIO,SUR,SUR 138 kV,,,14.0,1,1.3259999752044678,3.3711719512939453,0.8145023584365845,16.248546600341797,4.623012065887451,35.25965118408203,70.43988037109375,-1.942890293094024e-15
138 kV Monte Río–Powership Azua KPS26_a,ZMRIOE_ZX3PAE-L1,\VM-PF.IntUser\PDD 31-12-2024.IntPrj\Network Model.IntPrjfolder\Network Data.IntPrjfolder\SUR 138 kV.ElmNet\138 kV Monte Río–Powership Azua KPS26_a.ElmLne,Tap 3 POWERSHIP AZUA,WX3PAE,\VM-PF.IntUser\PDD 31-12-2024.IntPrj\Network Model.IntPrjfolder\Network Data.IntPrjfolder\SUR 138 kV.ElmNet\Tap 3 POWERSHIP AZUA.ElmTerm,1,,\VM-PF.IntUser\PDD 31-12-2024.IntPrj\Network Model.IntPrjfolder\Network Data.IntPrjfolder\SUR 138 kV.ElmNet\Monte Río.ElmSite\ZMRIOE.ElmSubstat\1.ElmTerm,1,SUR MEDIO,SUR,SUR 138 kV,,,0.30000001192092896,1,1.3259999752044678,0.07223940640687943,0.017453622072935104,0.34818315505981445,0.09906455129384995,0.7555639743804932,1.5094261169433594,2.4980019046682757e-17
138 kV km 15 de Azua – Monte Río_b,ZMRIOE_ZX2PAE-L1,\VM-PF.IntUser\PDD 31-12-2024.IntPrj\Network Model.IntPrjfolder\Network Data.IntPrjfolder\SUR 138 kV.ElmNet\138 kV km 15 de Azua – Monte Río_b.ElmLne,Tap 2 POWERSHIP AZUA,WX2PAE,\VM-PF.IntUser\PDD 31-12-2024.IntPrj\Network Model.IntPrjfolder\Network Data.IntPrjfolder\SUR 138 kV.ElmNet\Tap 2 POWERSHIP AZUA.ElmTerm,5(1),,\VM-PF.IntUser\PDD 31-12-2024.IntPrj\Network Model.IntPrjfolder\Network Data.IntPrjfolder\SUR 138 kV.ElmNet\Monte Río.ElmSite\ZMRIOE.ElmSubstat\5(1).ElmTerm,0,SUR MEDIO,SUR,SUR 138 kV,,,0.30000001192092896,1,1.3259999752044678,0.07223940640687943,0.017453622072935104,0.34818315505981445,0.09906455129384995,0.7555639743804932,1.5094261169433594,-4.163336342344337e-17
138 kV Palamara – SCN L2_b(1),ZXSC4E_ZSCNOE-L1,\VM-PF.IntUser\PDD 31-12-2024.IntPrj\Network Model.IntPrjfolder\Network Data.IntPrjfolder\SUR 138 kV.ElmNet\138 kV Palamara – SCN L2_b(1).ElmLne,Tap 4 SCN,WXSC4E,\VM-PF.IntUser\PDD 31-12-2024.IntPrj\Network Model.IntPrjfolder\Network Data.IntPrjfolder\SUR 138 kV.ElmNet\Tap 4 SCN.ElmTerm,5(1),,\VM-PF.IntUser\PDD 31-12-2024.IntPrj\Network Model.IntPrjfolder\Network Data.IntPrjfolder\SUR 138 kV.ElmNet\ZSCNOE.ElmSubstat\5(1).ElmTerm,0,SUR CERCANO,SUR,SUR 138 kV,,,0.05000000074505806,1,0.5680000185966492,0.02152184210717678,0.006530994549393654,0.07605127990245819,0.024155138060450554,0.10060074925422668,0.17279137670993805,4.8572256500169986e-18
138 kV Boca Chica – SPM 2_b,ZXBC3E_ZXJD1E-L1,\VM-PF.IntUser\PDD 31-12-2024.IntPrj\Network Model.IntPrjfolder\Network Data.IntPrjfolder\CENTRAL 138 kV.ElmNet\138 kV Boca Chica – SPM 2_b.ElmLne,Tap 3 Boca Chica,WXBC3E,\VM-PF.IntUser\PDD 31-12-2024.IntPrj\Network Model.IntPrjfolder\Network Data.IntPrjfolder\CENTRAL 138 kV.ElmNet\Tap 3 Boca Chica.ElmTerm,Tap 1 Juan Dolio,WXJD1E,\VM-PF.IntUser\PDD 31-12-2024.IntPrj\Network Model.IntPrjfolder\Network Data.IntPrjfolder\ESTE 138 kV.ElmNet\Tap 1 Juan Dolio.ElmTerm,0,SANTO DOMINGO,CENTRAL,CENTRAL 138 kV,,,20.121999740600586,1,1.3259999752044678,7.193408012390137,1.1723589897155762,27.54951286315918,6.6541428565979,50.56985092163086,101.22362518310547,-5.584976959258168e-15
138 kV Boca Chica – SPM 2_c,ZSPM2E_ZXJD1E-L1,\VM-PF.IntUser\PDD 31-12-2024.IntPrj\Network Model.IntPrjfolder\Network Data.IntPrjfolder\CENTRAL 138 kV.ElmNet\138 kV Boca Chica – SPM 2_c.ElmLne,Tap 1 Juan Dolio,WXJD1E,\VM-PF.IntUser\PDD 31-12-2024.IntPrj\Network Model.IntPrjfolder\Network Data.IntPrjfolder\ESTE 138 kV.ElmNet\Tap 1 Juan Dolio.ElmTerm,R3,,\VM-PF.IntUser\PDD 31-12-2024.IntPrj\Network Model.IntPrjfolder\Network Data.IntPrjfolder\ESTE 138 kV.ElmNet\SPM 2.ElmSite\ZSPM2E.ElmSubstat\R3.ElmTerm,0,ESTE CERCANO,ESTE,CENTRAL 138 kV,,,7.199999809265137,1,1.3259999752044678,2.5739259719848633,0.41949033737182617,9.85769271850586,2.380967617034912,18.09476661682129,36.21956253051758,-1.9984014443252818e-15
138 kV Boca Chica – SPM 2_a,ZBCHIE_ZXBC3E-L1,\VM-PF.IntUser\PDD 31-12-2024.IntPrj\Network Model.IntPrjfolder\Network Data.IntPrjfolder\CENTRAL 138 kV.ElmNet\138 kV Boca Chica – SPM 2_a.ElmLne,Tap 3 Boca Chica,WXBC3E,\VM-PF.IntUser\PDD 31-12-2024.IntPrj\Network Model.IntPrjfolder\Network Data.IntPrjfolder\CENTRAL 138 kV.ElmNet\Tap 3 Boca Chica.ElmTerm,5,,\VM-PF.IntUser\PDD 31-12-2024.IntPrj\Network Model.IntPrjfolder\Network Data.IntPrjfolder\CENTRAL 138 kV.ElmNet\Boca Chica.ElmSite\ZBCHIE.ElmSubstat\5.ElmTerm,0,SANTO DOMINGO,CENTRAL,CENTRAL 138 kV,,,5.0,1,1.3259999752044678,1.787448525428772,0.2913127541542053,6.8456196784973145,1.6534497737884521,12.565811157226562,25.152475357055664,0.0
138 kV Itabo – Palamara,ZITABE_ZPALAE-L1,\VM-PF.IntUser\PDD 31-12-2024.IntPrj\Network Model.IntPrjfolder\Network Data.IntPrjfolder\CENTRAL 138 kV.ElmNet\138 kV Itabo – Palamara.ElmLne,2,,\VM-PF.IntUser\PDD 31-12-2024.IntPrj\Network Model.IntPrjfolder\Network Data.IntPrjfolder\SUR 138 kV.ElmNet\Itabo.ElmSite\ZITABE.ElmSubstat\2.ElmTerm,8,,\VM-PF.IntUser\PDD 31-12-2024.IntPrj\Network Model.IntPrjfolder\Network Data.IntPrjfolder\CENTRAL 138 kV.ElmNet\Palamara.ElmSite\ZPALAE.ElmSubstat\8.ElmTerm,0,SUR CERCANO,SUR,CENTRAL 138 kV,,T.ACERO S1 1C 1xF 450 ACAR-138 kV,23.0,1,0.5680000185966492,10.2483491897583,3.0076589584350586,34.68278503417969,11.109309196472168,40.61387252807617,79.45460510253906,-2.55351295663786e-15
138 kV Hainamosa – Palamara_b,ZPALAE_ZXVM1E-L1,\VM-PF.IntUser\PDD 31-12-2024.IntPrj\Network Model.IntPrjfolder\Network Data.IntPrjfolder\CENTRAL 138 kV.ElmNet\138 kV Hainamosa – Palamara_b.ElmLne,6,,\VM-PF.IntUser\PDD 31-12-2024.IntPrj\Network Model.IntPrjfolder\Network Data.IntPrjfolder\CENTRAL 138 kV.ElmNet\Palamara.ElmSite\ZPALAE.ElmSubstat\6.ElmTerm,Tap 1 Villa Mella,WXVM1E,\VM-PF.IntUser\PDD 31-12-2024.IntPrj\Network Model.IntPrjfolder\Network Data.IntPrjfolder\CENTRAL 138 kV.ElmNet\Tap 1 Villa Mella.ElmTerm,0,SANTO DOMINGO,CENTRAL,CENTRAL 138 kV,,,12.699999809265137,1,0.5680000185966492,5.46654748916626,1.6588724851608276,19.31702423095703,6.135404586791992,25.552589416503906,43.889007568359375,1.2337353572905289e-15
138 kV Palamara – Villa Mella_b,ZVMELE_ZXVM3E-L1,\VM-PF.IntUser\PDD 31-12-2024.IntPrj\Network Model.IntPrjfolder\Network Data.IntPrjfolder\CENTRAL 138 kV.ElmNet\138 kV Palamara – Villa Mella_b.ElmLne,1,,\VM-PF.IntUser\PDD 31-12-2024.IntPrj\Network Model.IntPrjfolder\Network Data.IntPrjfolder\CENTRAL 138 kV.ElmNet\ZVMELE.ElmSubstat\1.ElmTerm,Tap 3 Villa Mella,WXVM3E,\VM-PF.IntUser\PDD 31-12-2024.IntPrj\Network Model.IntPrjfolder\Network Data.IntPrjfolder\CENTRAL 138 kV.ElmNet\Tap 3 Villa Mella.ElmTerm,0,SANTO DOMINGO,CENTRAL,CENTRAL 138 kV,,,1.899999976158142,1,0.5680000185966492,0.817829966545105,0.24817778170108795,2.889948606491089,0.9178951978683472,3.8228282928466797,6.5660719871521,1.8457458049091024e-16
138 kV Embajador – Los Prados,ZEMBAE_ZLPRAE-L1,\VM-PF.IntUser\PDD 31-12-2024.IntPrj\Network Model.IntPrjfolder\Network Data.IntPrjfolder\CENTRAL 138 kV.ElmNet\138 kV Embajador – Los Prados.ElmLne,WEMBAE(2),,\VM-PF.IntUser\PDD 31-12-2024.IntPrj\Network Model.IntPrjfolder\Network Data.IntPrjfolder\CENTRAL 138 kV.ElmNet\ZEMBAE.ElmSubstat\WEMBAE(2).ElmTerm,1,,\VM-PF.IntUser\PDD 31-12-2024.IntPrj\Network Model.IntPrjfolder\Network Data.IntPrjfolder\CENTRAL 138 kV.ElmNet\ZLPRAE.ElmSubstat\1.ElmTerm,0,DISTRITO NACIONAL,CENTRAL,CENTRAL 138 kV,,P.TUBULAR TVS-1/1C/138/1xF - 559 AAAC,3.5,1,0.6629999876022339,1.6560438871383667,0.40809163451194763,5.318386554718018,1.5587489604949951,6.68660831451416,13.20207405090332,2.914335439641036e-16
138 kV Hainamosa – Los Mina L1,ZHNSAE_ZLMINE-L1,\VM-PF.IntUser\PDD 31-12-2024.IntPrj\Network Model.IntPrjfolder\Network Data.IntPrjfolder\CENTRAL 138 kV.ElmNet\138 kV Hainamosa – Los Mina L1.ElmLne,L6,,\VM-PF.IntUser\PDD 31-12-2024.IntPrj\Network Model.IntPrjfolder\Network Data.IntPrjfolder\CENTRAL 138 kV.ElmNet\ZLMINE.ElmSubstat\L6.ElmTerm,E11,,\VM-PF.IntUser\PDD 31-12-2024.IntPrj\Network Model.IntPrjfolder\Network Data.IntPrjfolder\CENTRAL 138 kV.ElmNet\Hainamosa.ElmSite\ZHNSAE.ElmSubstat\E11.ElmTerm,0,SANTO DOMINGO,CENTRAL,CENTRAL 138 kV,,,7.0,1,0.6629999876022339,2.891676187515259,0.8130534291267395,10.601155281066895,3.3225271701812744,14.357612609863281,24.635265350341797,-3.885780586188048e-16
138 kV Hainamosa – Los Mina L2,ZHNSAE_ZLMINE-L2,\VM-PF.IntUser\PDD 31-12-2024.IntPrj\Network Model.IntPrjfolder\Network Data.IntPrjfolder\CENTRAL 138 kV.ElmNet\138 kV Hainamosa – Los Mina L2.ElmLne,R1,,\VM-PF.IntUser\PDD 31-12-2024.IntPrj\Network Model.IntPrjfolder\Network Data.IntPrjfolder\CENTRAL 138 kV.ElmNet\ZLMINE.ElmSubstat\R1.ElmTerm,E12,,\VM-PF.IntUser\PDD 31-12-2024.IntPrj\Network Model.IntPrjfolder\Network Data.IntPrjfolder\CENTRAL 138 kV.ElmNet\Hainamosa.ElmSite\ZHNSAE.ElmSubstat\E12.ElmTerm,0,SANTO DOMINGO,CENTRAL,CENTRAL 138 kV,,,7.0,1,0.6629999876022339,2.891676187515259,0.8130534291267395,10.601155281066895,3.3225271701812744,14.357612609863281,24.635265350341797,6.800116025829084e-16
138 kV Timbeque 2 – Villa Duarte,ZTIM2E_ZVDUAE-L1,\VM-PF.IntUser\PDD 31-12-2024.IntPrj\Network Model.IntPrjfolder\Network Data.IntPrjfolder\CENTRAL 138 kV.ElmNet\138 kV Timbeque 2 – Villa Duarte.ElmLne,R1,,\VM-PF.IntUser\PDD 31-12-2024.IntPrj\Network Model.IntPrjfolder\Network Data.IntPrjfolder\CENTRAL 138 kV.ElmNet\Timbeque 2.ElmSite\ZTIM2E.ElmSubstat\R1.ElmTerm,E4,,\VM-PF.IntUser\PDD 31-12-2024.IntPrj\Network Model.IntPrjfolder\Network Data.IntPrjfolder\CENTRAL 138 kV.ElmNet\Villa Duarte.ElmSite\ZVDUAE.ElmSubstat\E4.ElmTerm,0,DISTRITO NACIONAL,CENTRAL,CENTRAL 138 kV,,P.TUBULAR TVS-1/1C/138/2xF - 559 AAAC,3.430000066757202,1,1.3259999752044678,1.3536306619644165,0.20010361075401306,4.8223652839660645,1.0125480890274048,7.35439920425415,19.446678161621094,-1.904032524289835e-16
138 kV Los Mina – Timbeque 2,ZLMINE_ZTIM2E-L1,\VM-PF.IntUser\PDD 31-12-2024.IntPrj\Network Model.IntPrjfolder\Network Data.IntPrjfolder\CENTRAL 138 kV.ElmNet\138 kV Los Mina – Timbeque 2.ElmLne,L2,,\VM-PF.IntUser\PDD 31-12-2024.IntPrj\Network Model.IntPrjfolder\Network Data.IntPrjfolder\CENTRAL 138 kV.ElmNet\Timbeque 2.ElmSite\ZTIM2E.ElmSubstat\L2.ElmTerm,R5,,\VM-PF.IntUser\PDD 31-12-2024.IntPrj\Network Model.IntPrjfolder\Network Data.IntPrjfolder\CENTRAL 138 kV.ElmNet\ZLMINE.ElmSubstat\R5.ElmTerm,0,DISTRITO NACIONAL,CENTRAL,CENTRAL 138 kV,,P.TUBULAR TVS-1/1C/138/2xF - 559 AAAC,3.390000104904175,1,1.3259999752044678,1.3378448486328125,0.19777004420757294,4.766127586364746,1.0007399320602417,7.2686333656311035,19.21989631652832,-1.8818280849731555e-16
138 kV Itabo TG – UASD,ZITAGE_ZUASDE-L1,\VM-PF.IntUser\PDD 31-12-2024.IntPrj\Network Model.IntPrjfolder\Network Data.IntPrjfolder\CENTRAL 138 kV.ElmNet\138 kV Itabo TG – UASD.ElmLne,2,,\VM-PF.IntUser\PDD 31-12-2024.IntPrj\Network Model.IntPrjfolder\Network Data.IntPrjfolder\SUR 138 kV.ElmNet\Itabo TG.ElmSite\ZITAGE.ElmSubstat\2.ElmTerm,L2,,\VM-PF.IntUser\PDD 31-12-2024.IntPrj\Network Model.IntPrjfolder\Network Data.IntPrjfolder\CENTRAL 138 kV.ElmNet\ZUASDE.ElmSubstat\L2.ElmTerm,0,SUR CERCANO,SUR,CENTRAL 138 kV,,P.TUBULAR TVS-1/1C/138/2xF - 559 AAAC,20.65999984741211,1,1.3259999752044678,8.15335464477539,1.2052887678146362,29.04666519165039,6.098904609680176,44.29792404174805,117.13363647460938,-1.1468603759674572e-15
138 kV Haina – Matadero L1,ZHAINE_ZMATBE-L1,\VM-PF.IntUser\PDD 31-12-2024.IntPrj\Network Model.IntPrjfolder\Network Data.IntPrjfolder\CENTRAL 138 kV.ElmNet\138 kV Haina – Matadero L1.ElmLne,5,,\VM-PF.IntUser\PDD 31-12-2024.IntPrj\Network Model.IntPrjfolder\Network Data.IntPrjfolder\SUR 138 kV.ElmNet\Haina.ElmSite\ZHAINE.ElmSubstat\5.ElmTerm,L1,,\VM-PF.IntUser\PDD 31-12-2024.IntPrj\Network Model.IntPrjfolder\Network Data.IntPrjfolder\CENTRAL 138 kV.ElmNet\ZMATAE.ElmSubstat\L1.ElmTerm,0,SUR CERCANO,SUR,CENTRAL 138 kV,,,9.140000343322754,1,0.6629999876022339,3.9406232833862305,1.063235878944397,13.705184936523438,4.3372907638549805,18.77959442138672,32.195648193359375,1.3952727989031597e-15
138 kV Haina – Matadero L2,ZHAINE_ZMATAE-L2,\VM-PF.IntUser\PDD 31-12-2024.IntPrj\Network Model.IntPrjfolder\Network Data.IntPrjfolder\CENTRAL 138 kV.ElmNet\138 kV Haina – Matadero L2.ElmLne,6,,\VM-PF.IntUser\PDD 31-12-2024.IntPrj\Network Model.IntPrjfolder\Network Data.IntPrjfolder\SUR 138 kV.ElmNet\Haina.ElmSite\ZHAINE.ElmSubstat\6.ElmTerm,R1,,\VM-PF.IntUser\PDD 31-12-2024.IntPrj\Network Model.IntPrjfolder\Network Data.IntPrjfolder\CENTRAL 138 kV.ElmNet\ZMATAE.ElmSubstat\R1.ElmTerm,0,SUR CERCANO,SUR,CENTRAL 138 kV,,,9.140000343322754,1,0.6629999876022339,3.9406232833862305,1.063235878944397,13.705184936523438,4.3372907638549805,18.77959442138672,32.195648193359375,-1.2684298532798446e-16
138 kV Herrera – Itabo_b,ZITABE_ZXHE2E-L1,\VM-PF.IntUser\PDD 31-12-2024.IntPrj\Network Model.IntPrjfolder\Network Data.IntPrjfolder\CENTRAL 138 kV.ElmNet\138 kV Herrera – Itabo_b.ElmLne,6,,\VM-PF.IntUser\PDD 31-12-2024.IntPrj\Network Model.IntPrjfolder\Network Data.IntPrjfolder\SUR 138 kV.ElmNet\Itabo.ElmSite\ZITABE.ElmSubstat\6.ElmTerm,Tap 2 Herrera,WXHE2E,\VM-PF.IntUser\PDD 31-12-2024.IntPrj\Network Model.IntPrjfolder\Network Data.IntPrjfolder\CENTRAL 138 kV.ElmNet\Tap 2 Herrera.ElmTerm,0,SUR CERCANO,SUR,CENTRAL 138 kV,,,11.199999809265137,1,0.6629999876022339,4.82877254486084,1.3028709888458252,16.794099807739258,5.3148417472839355,23.01219367980957,39.45199203491211,1.7097434155710937e-15
138 kV Herrera – Itabo_a,ZHERRE_ZXHE2E-L1,\VM-PF.IntUser\PDD 31-12-2024.IntPrj\Network Model.IntPrjfolder\Network Data.IntPrjfolder\CENTRAL 138 kV.ElmNet\138 kV Herrera – Itabo_a.ElmLne,Tap 2 Herrera,WXHE2E,\VM-PF.IntUser\PDD 31-12-2024.IntPrj\Network Model.IntPrjfolder\Network Data.IntPrjfolder\CENTRAL 138 kV.ElmNet\Tap 2 Herrera.ElmTerm,WHERRE(8),,\VM-PF.IntUser\PDD 31-12-2024.IntPrj\Network Model.IntPrjfolder\Network Data.IntPrjfolder\CENTRAL 138 kV.ElmNet\Herrera.ElmSite\ZHERRE.ElmSubstat\WHERRE(8).ElmTerm,0,SANTO DOMINGO,CENTRAL,CENTRAL 138 kV,,,0.019999999552965164,1,0.6629999876022339,0.008622807450592518,0.0023265553172677755,0.029989462345838547,0.009490788914263248,0.04109320044517517,0.07044998556375504,-2.7755574995243454e-19
138 kV Hainamosa – Villa Mella_a,ZHNSAE_ZXVM2E-L1,\VM-PF.IntUser\PDD 31-12-2024.IntPrj\Network Model.IntPrjfolder\Network Data.IntPrjfolder\CENTRAL 138 kV.ElmNet\138 kV Hainamosa – Villa Mella_a.ElmLne,Tap 2 Villa Mella,WXVM2E,\VM-PF.IntUser\PDD 31-12-2024.IntPrj\Network Model.IntPrjfolder\Network Data.IntPrjfolder\CENTRAL 138 kV.ElmNet\Tap 2 Villa Mella.ElmTerm,E16,,\VM-PF.IntUser\PDD 31-12-2024.IntPrj\Network Model.IntPrjfolder\Network Data.IntPrjfolder\CENTRAL 138 kV.ElmNet\Hainamosa.ElmSite\ZHNSAE.ElmSubstat\E16.ElmTerm,0,SANTO DOMINGO,CENTRAL,CENTRAL 138 kV,,,11.286999702453613,1,0.5680000185966492,4.858340263366699,1.474306583404541,17.167814254760742,5.452780723571777,22.709611892700195,39.005924224853516,1.0964700682979437e-15
138 kV Herrera – Los Prados_b,ZLPRAE_ZXHE3E-L1,\VM-PF.IntUser\PDD 31-12-2024.IntPrj\Network Model.IntPrjfolder\Network Data.IntPrjfolder\CENTRAL 138 kV.ElmNet\138 kV Herrera – Los Prados_b.ElmLne,3,,\VM-PF.IntUser\PDD 31-12-2024.IntPrj\Network Model.IntPrjfolder\Network Data.IntPrjfolder\CENTRAL 138 kV.ElmNet\ZLPRAE.ElmSubstat\3.ElmTerm,Tap 3 Herrera,WXHE3E,\VM-PF.IntUser\PDD 31-12-2024.IntPrj\Network Model.IntPrjfolder\Network Data.IntPrjfolder\CENTRAL 138 kV.ElmNet\Tap 3 Herrera.ElmTerm,0,DISTRITO NACIONAL,CENTRAL,CENTRAL 138 kV,,,6.199999809265137,1,0.6629999876022339,2.6730704307556152,0.7212321758270264,9.296732902526855,2.9421446323394775,12.738892555236816,21.839496612548828,9.464650861412986e-16
138 kV Herrera – Los Prados_a,ZHERRE_ZXHE3E-L1,\VM-PF.IntUser\PDD 31-12-2024.IntPrj\Network Model.IntPrjfolder\Network Data.IntPrjfolder\CENTRAL 138 kV.ElmNet\138 kV Herrera – Los Prados_a.ElmLne,Tap 3 Herrera,WXHE3E,\VM-PF.IntUser\PDD 31-12-2024.IntPrj\Network Model.IntPrjfolder\Network Data.IntPrjfolder\CENTRAL 138 kV.ElmNet\Tap 3 Herrera.ElmTerm,WHERRE(7),,\VM-PF.IntUser\PDD 31-12-2024.IntPrj\Network Model.IntPrjfolder\Network Data.IntPrjfolder\CENTRAL 138 kV.ElmNet\Herrera.ElmSite\ZHERRE.ElmSubstat\WHERRE(7).ElmTerm,0,SANTO DOMINGO,CENTRAL,CENTRAL 138 kV,,,0.019999999552965164,1,0.6629999876022339,0.008622807450592518,0.0023265553172677755,0.029989462345838547,0.009490788914263248,0.04109320044517517,0.07044998556375504,3.0531133011755682e-18
138 kV Itabo – Los Prados_a,ZITABE_ZXHER1-L1,\VM-PF.IntUser\PDD 31-12-2024.IntPrj\Network Model.IntPrjfolder\Network Data.IntPrjfolder\CENTRAL 138 kV.ElmNet\138 kV Itabo – Los Prados_a.ElmLne,Tap 1 Herrera,WXHE1E,\VM-PF.IntUser\PDD 31-12-2024.IntPrj\Network Model.IntPrjfolder\Network Data.IntPrjfolder\CENTRAL 138 kV.ElmNet\Tap 1 Herrera.ElmTerm,7,,\VM-PF.IntUser\PDD 31-12-2024.IntPrj\Network Model.IntPrjfolder\Network Data.IntPrjfolder\SUR 138 kV.ElmNet\Itabo.ElmSite\ZITABE.ElmSubstat\7.ElmTerm,0,SUR CERCANO,SUR,CENTRAL 138 kV,,,11.199999809265137,1,0.6629999876022339,4.82877254486084,1.3028709888458252,16.794099807739258,5.3148417472839355,23.01219367980957,39.45199203491211,-1.5543122080054396e-16
138 kV El Brisal – Hainamosa_a,ZHNSAE_ZXEBR1-L1,\VM-PF.IntUser\PDD 31-12-2024.IntPrj\Network Model.IntPrjfolder\Network Data.IntPrjfolder\CENTRAL 138 kV.ElmNet\138 kV El Brisal – Hainamosa_a.ElmLne,E15,,\VM-PF.IntUser\PDD 31-12-2024.IntPrj\Network Model.IntPrjfolder\Network Data.IntPrjfolder\CENTRAL 138 kV.ElmNet\Hainamosa.ElmSite\ZHNSAE.ElmSubstat\E15.ElmTerm,Tap 1 El Brisal,WXEBR1,\VM-PF.IntUser\PDD 31-12-2024.IntPrj\Network Model.IntPrjfolder\Network Data.IntPrjfolder\CENTRAL 138 kV.ElmNet\Tap 1 El Brisal.ElmTerm,0,SANTO DOMINGO,CENTRAL,CENTRAL 138 kV,,,8.529999732971191,1,0.5680000185966492,3.6468873023986816,1.1139369010925293,12.990548133850098,4.1210198402404785,17.287885665893555,29.480844497680664,-9.470202103591054e-16
138 kV César Nicolás Penson – Timbeque 2,ZCNPEE_ZTIM2E-L1,\VM-PF.IntUser\PDD 31-12-2024.IntPrj\Network Model.IntPrjfolder\Network Data.IntPrjfolder\CENTRAL 138 kV.ElmNet\138 kV César Nicolás Penson – Timbeque 2.ElmLne,R2,,\VM-PF.IntUser\PDD 31-12-2024.IntPrj\Network Model.IntPrjfolder\Network Data.IntPrjfolder\CENTRAL 138 kV.ElmNet\Timbeque 2.ElmSite\ZTIM2E.ElmSubstat\R2.ElmTerm,R3,,\VM-PF.IntUser\PDD 31-12-2024.IntPrj\Network Model.IntPrjfolder\Network Data.IntPrjfolder\CENTRAL 138 kV.ElmNet\ZCNPEE.ElmSubstat\R3.ElmTerm,0,DISTRITO NACIONAL,CENTRAL,CENTRAL 138 kV,,P.TUBULAR TVS-1/1C/138/2xF - ACCC GDANSK,2.9000000953674316,1,2.0,1.1398144960403442,0.16452930867671967,4.100471019744873,0.8793427348136902,6.133143901824951,15.859710693359375,1.6098234386460362e-16
138 kV César Nicolás Penson – Metro,ZCNPEE_ZMETRE-L1,\VM-PF.IntUser\PDD 31-12-2024.IntPrj\Network Model.IntPrjfolder\Network Data.IntPrjfolder\CENTRAL 138 kV.ElmNet\138 kV César Nicolás Penson – Metro.ElmLne,1,,\VM-PF.IntUser\PDD 31-12-2024.IntPrj\Network Model.IntPrjfolder\Network Data.IntPrjfolder\CENTRAL 138 kV.ElmNet\Metropolitano.ElmSite\ZMETRE.ElmSubstat\1.ElmTerm,R1,,\VM-PF.IntUser\PDD 31-12-2024.IntPrj\Network Model.IntPrjfolder\Network Data.IntPrjfolder\CENTRAL 138 kV.ElmNet\ZCNPEE.ElmSubstat\R1.ElmTerm,0,DISTRITO NACIONAL,CENTRAL,CENTRAL 138 kV,,P.TUBULAR TVS-1/1C/138/2xF - 559 AAAC,3.200000047683716,1,1.3259999752044678,1.2628623247146606,0.18668557703495026,4.49899959564209,0.9446513056755066,6.8612470626831055,18.14267349243164,-1.77635686587003e-16
138 kV Embajador – Matadero,ZEMBAE_ZMATAE-L1,\VM-PF.IntUser\PDD 31-12-2024.IntPrj\Network Model.IntPrjfolder\Network Data.IntPrjfolder\CENTRAL 138 kV.ElmNet\138 kV Embajador – Matadero.ElmLne,R2,,\VM-PF.IntUser\PDD 31-12-2024.IntPrj\Network Model.IntPrjfolder\Network Data.IntPrjfolder\CENTRAL 138 kV.ElmNet\ZMATAE.ElmSubstat\R2.ElmTerm,WEMBAE(1),,\VM-PF.IntUser\PDD 31-12-2024.IntPrj\Network Model.IntPrjfolder\Network Data.IntPrjfolder\CENTRAL 138 kV.ElmNet\ZEMBAE.ElmSubstat\WEMBAE(1).ElmTerm,0,DISTRITO NACIONAL,CENTRAL,CENTRAL 138 kV,,P.TUBULAR TVS-1/1C/138/1xF - 559 AAAC,2.299999952316284,1,0.6629999876022339,1.0882573127746582,0.26817449927330017,3.4949398040771484,1.0243207216262817,4.394056797027588,8.67564868927002,1.9151346115992766e-16
138 kV Matadero – UASD,ZMATBE_ZUASDE-L1,\VM-PF.IntUser\PDD 31-12-2024.IntPrj\Network Model.IntPrjfolder\Network Data.IntPrjfolder\CENTRAL 138 kV.ElmNet\138 kV Matadero – UASD.ElmLne,R1,,\VM-PF.IntUser\PDD 31-12-2024.IntPrj\Network Model.IntPrjfolder\Network Data.IntPrjfolder\CENTRAL 138 kV.ElmNet\ZUASDE.ElmSubstat\R1.ElmTerm,L2,,\VM-PF.IntUser\PDD 31-12-2024.IntPrj\Network Model.IntPrjfolder\Network Data.IntPrjfolder\CENTRAL 138 kV.ElmNet\ZMATAE.ElmSubstat\L2.ElmTerm,0,DISTRITO NACIONAL,CENTRAL,CENTRAL 138 kV,,P.TUBULAR TVS-1/1C/138/2xF - 559 AAAC,3.5,1,1.3259999752044678,1.3812557458877563,0.20418734848499298,4.920780658721924,1.0332123041152954,7.504488468170166,19.843549728393555,-1.942890293094024e-16
138 kV El Brisal – Hainamosa_b,ZEBRIE_ZXEBR1-L1,\VM-PF.IntUser\PDD 31-12-2024.IntPrj\Network Model.IntPrjfolder\Network Data.IntPrjfolder\CENTRAL 138 kV.ElmNet\138 kV El Brisal – Hainamosa_b.ElmLne,Tap 1 El Brisal,WXEBR1,\VM-PF.IntUser\PDD 31-12-2024.IntPrj\Network Model.IntPrjfolder\Network Data.IntPrjfolder\CENTRAL 138 kV.ElmNet\Tap 1 El Brisal.ElmTerm,2,,\VM-PF.IntUser\PDD 31-12-2024.IntPrj\Network Model.IntPrjfolder\Network Data.IntPrjfolder\CENTRAL 138 kV.ElmNet\ZEBRIE.ElmSubstat\2.ElmTerm,0,SANTO DOMINGO,CENTRAL,CENTRAL 138 kV,,,5.807000160217285,1,0.6629999876022339,2.5036323070526123,0.6755154132843018,8.707441329956055,2.755650758743286,11.931411743164062,20.455154418945312,8.864714894927302e-16
138 kV Hainamosa – Villa Duarte_a,ZHNSAE_ZXEBR3-L1,\VM-PF.IntUser\PDD 31-12-2024.IntPrj\Network Model.IntPrjfolder\Network Data.IntPrjfolder\CENTRAL 138 kV.ElmNet\138 kV Hainamosa – Villa Duarte_a.ElmLne,E13,,\VM-PF.IntUser\PDD 31-12-2024.IntPrj\Network Model.IntPrjfolder\Network Data.IntPrjfolder\CENTRAL 138 kV.ElmNet\Hainamosa.ElmSite\ZHNSAE.ElmSubstat\E13.ElmTerm,Tap 4 El Brisal,WXEBR4,\VM-PF.IntUser\PDD 31-12-2024.IntPrj\Network Model.IntPrjfolder\Network Data.IntPrjfolder\CENTRAL 138 kV.ElmNet\Tap 4 El Brisal.ElmTerm,0,SANTO DOMINGO,CENTRAL,CENTRAL 138 kV,,,8.529999732971191,1,0.5680000185966492,3.6468873023986816,1.1139369010925293,12.990548133850098,4.1210198402404785,17.287885665893555,29.480844497680664,2.3675505258977634e-16
138 kV Itabo – Los Prados_b,ZLPRAE_ZXHER1-L1,\VM-PF.IntUser\PDD 31-12-2024.IntPrj\Network Model.IntPrjfolder\Network Data.IntPrjfolder\CENTRAL 138 kV.ElmNet\138 kV Itabo – Los Prados_b.ElmLne,2,,\VM-PF.IntUser\PDD 31-12-2024.IntPrj\Network Model.IntPrjfolder\Network Data.IntPrjfolder\CENTRAL 138 kV.ElmNet\ZLPRAE.ElmSubstat\2.ElmTerm,Tap 1 Herrera,WXHE1E,\VM-PF.IntUser\PDD 31-12-2024.IntPrj\Network Model.IntPrjfolder\Network Data.IntPrjfolder\CENTRAL 138 kV.ElmNet\Tap 1 Herrera.ElmTerm,0,DISTRITO NACIONAL,CENTRAL,CENTRAL 138 kV,,,6.199999809265137,1,0.6629999876022339,2.6730704307556152,0.7212321758270264,9.296732902526855,2.9421446323394775,12.738892555236816,21.839496612548828,-8.604228176147167e-17
138 kV Metropolitano – Paraíso,ZMETRE_ZPARAE-L1,\VM-PF.IntUser\PDD 31-12-2024.IntPrj\Network Model.IntPrjfolder\Network Data.IntPrjfolder\CENTRAL 138 kV.ElmNet\138 kV Metropolitano – Paraíso.ElmLne,2,,\VM-PF.IntUser\PDD 31-12-2024.IntPrj\Network Model.IntPrjfolder\Network Data.IntPrjfolder\CENTRAL 138 kV.ElmNet\Metropolitano.ElmSite\ZMETRE.ElmSubstat\2.ElmTerm,WPARAE(6),,\VM-PF.IntUser\PDD 31-12-2024.IntPrj\Network Model.IntPrjfolder\Network Data.IntPrjfolder\CENTRAL 138 kV.ElmNet\ZPARAE.ElmSubstat\WPARAE(6).ElmTerm,0,DISTRITO NACIONAL,CENTRAL,CENTRAL 138 kV,,P.TUBULAR TVS-1/1C/138/2xF - 559 AAAC,3.700000047683716,1,1.3259999752044678,1.4601845741271973,0.2158551961183548,5.201968193054199,1.0922530889511108,7.933316707611084,20.977466583251953,-2.0539126220263192e-16
138 kV Matadero – METALDOM,ZMATBE_ZMETAE-L1,\VM-PF.IntUser\PDD 31-12-2024.IntPrj\Network Model.IntPrjfolder\Network Data.IntPrjfolder\CENTRAL 138 kV.ElmNet\138 kV Matadero – METALDOM.ElmLne,L3,,\VM-PF.IntUser\PDD 31-12-2024.IntPrj\Network Model.IntPrjfolder\Network Data.IntPrjfolder\CENTRAL 138 kV.ElmNet\ZMATAE.ElmSubstat\L3.ElmTerm,WMETAE(1),,\VM-PF.IntUser\PDD 31-12-2024.IntPrj\Network Model.IntPrjfolder\Network Data.IntPrjfolder\CENTRAL 138 kV.ElmNet\METALDOM.ElmSite\ZMETAE.ElmSubstat\WMETAE(1).ElmTerm,0,DISTRITO NACIONAL,CENTRAL,CENTRAL 138 kV,,P.TUBULAR TVS-1/1C/138/1xF - 559 AAAC,0.5,1,0.6629999876022339,0.23657768964767456,0.058298803865909576,0.7597694993019104,0.22267842292785645,0.9552297592163086,1.8860105276107788,4.163336342344337e-17
138 kV Haina – Itabo L1,ZHAINE_ZITABE-L1,\VM-PF.IntUser\PDD 31-12-2024.IntPrj\Network Model.IntPrjfolder\Network Data.IntPrjfolder\CENTRAL 138 kV.ElmNet\138 kV Haina – Itabo L1.ElmLne,3,,\VM-PF.IntUser\PDD 31-12-2024.IntPrj\Network Model.IntPrjfolder\Network Data.IntPrjfolder\SUR 138 kV.ElmNet\Haina.ElmSite\ZHAINE.ElmSubstat\3.ElmTerm,8,,\VM-PF.IntUser\PDD 31-12-2024.IntPrj\Network Model.IntPrjfolder\Network Data.IntPrjfolder\SUR 138 kV.ElmNet\Itabo.ElmSite\ZITABE.ElmSubstat\8.ElmTerm,0,SUR CERCANO,SUR,CENTRAL 138 kV,,,2.5,1,0.5680000185966492,1.076092004776001,0.3265497088432312,3.8025639057159424,1.2077568769454956,5.0300374031066895,8.639568328857422,2.42861286636753e-16
138 kV Haina – Itabo L2,ZHAINE_ZITABE-L2,\VM-PF.IntUser\PDD 31-12-2024.IntPrj\Network Model.IntPrjfolder\Network Data.IntPrjfolder\CENTRAL 138 kV.ElmNet\138 kV Haina – Itabo L2.ElmLne,9,,\VM-PF.IntUser\PDD 31-12-2024.IntPrj\Network Model.IntPrjfolder\Network Data.IntPrjfolder\SUR 138 kV.ElmNet\Itabo.ElmSite\ZITABE.ElmSubstat\9.ElmTerm,4,,\VM-PF.IntUser\PDD 31-12-2024.IntPrj\Network Model.IntPrjfolder\Network Data.IntPrjfolder\SUR 138 kV.ElmNet\Haina.ElmSite\ZHAINE.ElmSubstat\4.ElmTerm,0,SUR CERCANO,SUR,CENTRAL 138 kV,,,2.5,1,0.5680000185966492,1.076092004776001,0.3265497088432312,3.8025639057159424,1.2077568769454956,5.0300374031066895,8.639568328857422,-1.3877787807814457e-16
138 kV Itabo – ItaboTG,ZITABE_ZITAGE-L1,\VM-PF.IntUser\PDD 31-12-2024.IntPrj\Network Model.IntPrjfolder\Network Data.IntPrjfolder\CENTRAL 138 kV.ElmNet\138 kV Itabo – ItaboTG.ElmLne,1,,\VM-PF.IntUser\PDD 31-12-2024.IntPrj\Network Model.IntPrjfolder\Network Data.IntPrjfolder\SUR 138 kV.ElmNet\Itabo TG.ElmSite\ZITAGE.ElmSubstat\1.ElmTerm,1,,\VM-PF.IntUser\PDD 31-12-2024.IntPrj\Network Model.IntPrjfolder\Network Data.IntPrjfolder\SUR 138 kV.ElmNet\Itabo.ElmSite\ZITABE.ElmSubstat\1.ElmTerm,0,SUR CERCANO,SUR,CENTRAL 138 kV,,T.ACERO S1/1C/138/2xF - 559.5 AAAC,0.20999999344348907,1,1.3259999752044678,0.07668422907590866,0.012196277268230915,0.27664971351623535,0.07424896955490112,0.45471981167793274,0.9750229716300964,2.914335307292138e-17
138 kV Los Mina – Los Mina 6,ZLMI6E_ZLMINE-L1,\VM-PF.IntUser\PDD 31-12-2024.IntPrj\Network Model.IntPrjfolder\Network Data.IntPrjfolder\CENTRAL 138 kV.ElmNet\138 kV Los Mina – Los Mina 6.ElmLne,1,,\VM-PF.IntUser\PDD 31-12-2024.IntPrj\Network Model.IntPrjfolder\Network Data.IntPrjfolder\CENTRAL 138 kV.ElmNet\Los Mina 6.ElmSite\ZLMI6E.ElmSubstat\1.ElmTerm,L3,,\VM-PF.IntUser\PDD 31-12-2024.IntPrj\Network Model.IntPrjfolder\Network Data.IntPrjfolder\CENTRAL 138 kV.ElmNet\ZLMINE.ElmSubstat\L3.ElmTerm,0,SANTO DOMINGO,CENTRAL,CENTRAL 138 kV,,P.TUBULAR TVS-1/1C/138/1xF - 559 AAAC,0.20999999344348907,1,0.6629999876022339,0.09936262667179108,0.024485496804118156,0.3191031813621521,0.09352493286132812,0.4011964797973633,0.7921243906021118,1.7486012505497318e-17
138 kV Los Mina – Los Mina 5,ZLMI5E_ZLMINE-L1,\VM-PF.IntUser\PDD 31-12-2024.IntPrj\Network Model.IntPrjfolder\Network Data.IntPrjfolder\CENTRAL 138 kV.ElmNet\138 kV Los Mina – Los Mina 5.ElmLne,L2,,\VM-PF.IntUser\PDD 31-12-2024.IntPrj\Network Model.IntPrjfolder\Network Data.IntPrjfolder\CENTRAL 138 kV.ElmNet\ZLMINE.ElmSubstat\L2.ElmTerm,1,,\VM-PF.IntUser\PDD 31-12-2024.IntPrj\Network Model.IntPrjfolder\Network Data.IntPrjfolder\CENTRAL 138 kV.ElmNet\Los Mina 5.ElmSite\ZLMI5E.ElmSubstat\1.ElmTerm,0,SANTO DOMINGO,CENTRAL,CENTRAL 138 kV,,P.TUBULAR TVS-1/1C/138/1xF - 559 AAAC,0.17000000178813934,1,0.6629999876022339,0.08043641597032547,0.019821593537926674,0.2583216428756714,0.07571066170930862,0.32477810978889465,0.641243577003479,1.415534329927295e-17
138 kV El Brisal – Villa Duarte_c,ZVDUAE_ZXEBR2-L1,\VM-PF.IntUser\PDD 31-12-2024.IntPrj\Network Model.IntPrjfolder\Network Data.IntPrjfolder\CENTRAL 138 kV.ElmNet\138 kV El Brisal – Villa Duarte_c.ElmLne,E5,,\VM-PF.IntUser\PDD 31-12-2024.IntPrj\Network Model.IntPrjfolder\Network Data.IntPrjfolder\CENTRAL 138 kV.ElmNet\Villa Duarte.ElmSite\ZVDUAE.ElmSubstat\E5.ElmTerm,Tap 5 El Brisal,WXEBR5,\VM-PF.IntUser\PDD 31-12-2024.IntPrj\Network Model.IntPrjfolder\Network Data.IntPrjfolder\CENTRAL 138 kV.ElmNet\Tap 5 El Brisal.ElmTerm,0,SANTO DOMINGO,CENTRAL,CENTRAL 138 kV,,,2.940000057220459,1,0.5680000185966492,1.2569576501846313,0.3839360773563385,4.477398872375488,1.4203749895095825,5.9585442543029785,10.161041259765625,8.160139389813578e-17
138 kV El Brisal – Villa Duarte_a,ZEBRIE_ZXEBR2-L1,\VM-PF.IntUser\PDD 31-12-2024.IntPrj\Network Model.IntPrjfolder\Network Data.IntPrjfolder\CENTRAL 138 kV.ElmNet\138 kV El Brisal – Villa Duarte_a.ElmLne,Tap 2 El Brisal,WXEBR2,\VM-PF.IntUser\PDD 31-12-2024.IntPrj\Network Model.IntPrjfolder\Network Data.IntPrjfolder\CENTRAL 138 kV.ElmNet\Tap 2 El Brisal.ElmTerm,1,,\VM-PF.IntUser\PDD 31-12-2024.IntPrj\Network Model.IntPrjfolder\Network Data.IntPrjfolder\CENTRAL 138 kV.ElmNet\ZEBRIE.ElmSubstat\1.ElmTerm,0,SANTO DOMINGO,CENTRAL,CENTRAL 138 kV,,,5.807000160217285,1,0.6629999876022339,2.5036323070526123,0.6755154132843018,8.707441329956055,2.755650758743286,11.931411743164062,20.455154418945312,-8.058831602344004e-17
138 kV Hainamosa – Villa Duarte_c,ZVDUAE_ZXEBR3-L1,\VM-PF.IntUser\PDD 31-12-2024.IntPrj\Network Model.IntPrjfolder\Network Data.IntPrjfolder\CENTRAL 138 kV.ElmNet\138 kV Hainamosa – Villa Duarte_c.ElmLne,E3,,\VM-PF.IntUser\PDD 31-12-2024.IntPrj\Network Model.IntPrjfolder\Network Data.IntPrjfolder\CENTRAL 138 kV.ElmNet\Villa Duarte.ElmSite\ZVDUAE.ElmSubstat\E3.ElmTerm,Tap 3 El Brisal,WXEBR3,\VM-PF.IntUser\PDD 31-12-2024.IntPrj\Network Model.IntPrjfolder\Network Data.IntPrjfolder\CENTRAL 138 kV.ElmNet\Tap 3 El Brisal.ElmTerm,0,SANTO DOMINGO,CENTRAL,CENTRAL 138 kV,,,2.940000057220459,1,0.5680000185966492,1.2569576501846313,0.3839360773563385,4.477398872375488,1.4203749895095825,5.9585442543029785,10.161041259765625,-3.2640557559254313e-16
138 kV AES Andrés – AES Andrés Intercon,ZAAINE_ZAANDE-L1,\VM-PF.IntUser\PDD 31-12-2024.IntPrj\Network Model.IntPrjfolder\Network Data.IntPrjfolder\CENTRAL 138 kV.ElmNet\138 kV AES Andrés – AES Andrés Intercon.ElmLne,1,,\VM-PF.IntUser\PDD 31-12-2024.IntPrj\Network Model.IntPrjfolder\Network Data.IntPrjfolder\CENTRAL 138 kV.ElmNet\ZIAANE.ElmSubstat\1.ElmTerm,1,,\VM-PF.IntUser\PDD 31-12-2024.IntPrj\Network Model.IntPrjfolder\Network Data.IntPrjfolder\CENTRAL 138 kV.ElmNet\AES Andrés.ElmSite\ZAANDE.ElmSubstat\1.ElmTerm,0,SANTO DOMINGO,CENTRAL,CENTRAL 138 kV,,T.ACERO S1/1C/138/2xF - 652 AAAC,16.0,1,1.4600000381469727,5.727151393890381,0.8137834072113037,21.031417846679688,5.610408782958984,34.78449249267578,74.93228912353516,4.440892098500626e-16
138 kV Guerra – La Luisa_a,ZGUERE_ZXCL2E-L1,\VM-PF.IntUser\PDD 31-12-2024.IntPrj\Network Model.IntPrjfolder\Network Data.IntPrjfolder\CENTRAL 138 kV.ElmNet\138 kV Guerra – La Luisa_a.ElmLne,Tap 2 CIP La Luisa,WXCL2E,\VM-PF.IntUser\PDD 31-12-2024.IntPrj\Network Model.IntPrjfolder\Network Data.IntPrjfolder\ESTE 138 kV.ElmNet\Tap 2 CIP La Luisa.ElmTerm,Terminal(3),,\VM-PF.IntUser\PDD 31-12-2024.IntPrj\Network Model.IntPrjfolder\Network Data.IntPrjfolder\Expansión 345 kV.ElmNet\Guerra.ElmSite\ZGUERE.ElmSubstat\Terminal(3).ElmTerm,0,ESTE CERCANO,ESTE,CENTRAL 138 kV,,,26.086000442504883,1,1.3259999752044678,9.32547664642334,1.5198369026184082,35.714969635009766,8.626378059387207,65.558349609375,131.22549438476562,-7.240319895550091e-15
138 kV Guerra – SPM 2_a,ZAAINE_ZXCL1E-L1,\VM-PF.IntUser\PDD 31-12-2024.IntPrj\Network Model.IntPrjfolder\Network Data.IntPrjfolder\CENTRAL 138 kV.ElmNet\138 kV Guerra – SPM 2_a.ElmLne,Tap 1 CIP La Luisa,WXCL1E,\VM-PF.IntUser\PDD 31-12-2024.IntPrj\Network Model.IntPrjfolder\Network Data.IntPrjfolder\ESTE 138 kV.ElmNet\Tap 1 CIP La Luisa.ElmTerm,Terminal(2),,\VM-PF.IntUser\PDD 31-12-2024.IntPrj\Network Model.IntPrjfolder\Network Data.IntPrjfolder\Expansión 345 kV.ElmNet\Guerra.ElmSite\ZGUERE.ElmSubstat\Terminal(2).ElmTerm,0,ESTE CERCANO,ESTE,CENTRAL 138 kV,,,26.086000442504883,1,1.3259999752044678,9.32547664642334,1.5198369026184082,35.714969635009766,8.626378059387207,65.558349609375,131.22549438476562,0.0
138 kV Guerra – SPM 2_b,ZSPM2E_ZXCL1E-L1,\VM-PF.IntUser\PDD 31-12-2024.IntPrj\Network Model.IntPrjfolder\Network Data.IntPrjfolder\CENTRAL 138 kV.ElmNet\138 kV Guerra – SPM 2_b.ElmLne,Tap 1 CIP La Luisa,WXCL1E,\VM-PF.IntUser\PDD 31-12-2024.IntPrj\Network Model.IntPrjfolder\Network Data.IntPrjfolder\ESTE 138 kV.ElmNet\Tap 1 CIP La Luisa.ElmTerm,R6,,\VM-PF.IntUser\PDD 31-12-2024.IntPrj\Network Model.IntPrjfolder\Network Data.IntPrjfolder\ESTE 138 kV.ElmNet\SPM 2.ElmSite\ZSPM2E.ElmSubstat\R6.ElmTerm,0,ESTE CERCANO,ESTE,CENTRAL 138 kV,,,30.364999771118164,1,1.3259999752044678,10.855175018310547,1.7691422700881958,41.573448181152344,10.041399955749512,76.31217193603516,152.7509765625,0.0
138 kV Hainamosa – Juan Dolio_c,ZJDOLE_ZXJD2E-L1,\VM-PF.IntUser\PDD 31-12-2024.IntPrj\Network Model.IntPrjfolder\Network Data.IntPrjfolder\CENTRAL 138 kV.ElmNet\138 kV Hainamosa – Juan Dolio_c.ElmLne,Tap 2 Juan Dolio,WXJD2E,\VM-PF.IntUser\PDD 31-12-2024.IntPrj\Network Model.IntPrjfolder\Network Data.IntPrjfolder\ESTE 138 kV.ElmNet\Tap 2 Juan Dolio.ElmTerm,1,,\VM-PF.IntUser\PDD 31-12-2024.IntPrj\Network Model.IntPrjfolder\Network Data.IntPrjfolder\ESTE 138 kV.ElmNet\ZJDOLE.ElmSubstat\1.ElmTerm,0,ESTE CERCANO,ESTE,CENTRAL 138 kV,,,5.288000106811523,1,1.3259999752044678,1.8904056549072266,0.3080923557281494,7.239927768707275,1.7486884593963623,13.289602279663086,26.601259231567383,0.0
138 kV Boca Chica – Hainamosa_a,ZBCHIE_ZXBC2E-L1,\VM-PF.IntUser\PDD 31-12-2024.IntPrj\Network Model.IntPrjfolder\Network Data.IntPrjfolder\CENTRAL 138 kV.ElmNet\138 kV Boca Chica – Hainamosa_a.ElmLne,Tap 2 Boca Chica,WXBC2E,\VM-PF.IntUser\PDD 31-12-2024.IntPrj\Network Model.IntPrjfolder\Network Data.IntPrjfolder\CENTRAL 138 kV.ElmNet\Tap 2 Boca Chica.ElmTerm,1,,\VM-PF.IntUser\PDD 31-12-2024.IntPrj\Network Model.IntPrjfolder\Network Data.IntPrjfolder\CENTRAL 138 kV.ElmNet\Boca Chica.ElmSite\ZBCHIE.ElmSubstat\1.ElmTerm,0,SANTO DOMINGO,CENTRAL,CENTRAL 138 kV,,,5.0,1,1.3259999752044678,1.787448525428772,0.2913127541542053,6.8456196784973145,1.6534497737884521,12.565811157226562,25.152475357055664,-1.3877787807814457e-15
138 kV Hainamosa – Juan Dolio_b,ZXBC1E_ZXJD2E-L1,\VM-PF.IntUser\PDD 31-12-2024.IntPrj\Network Model.IntPrjfolder\Network Data.IntPrjfolder\CENTRAL 138 kV.ElmNet\138 kV Hainamosa – Juan Dolio_b.ElmLne,Tap 1 Boca Chica,WXBC1E,\VM-PF.IntUser\PDD 31-12-2024.IntPrj\Network Model.IntPrjfolder\Network Data.IntPrjfolder\CENTRAL 138 kV.ElmNet\Tap 1 Boca Chica.ElmTerm,Tap 2 Juan Dolio,WXJD2E,\VM-PF.IntUser\PDD 31-12-2024.IntPrj\Network Model.IntPrjfolder\Network Data.IntPrjfolder\ESTE 138 kV.ElmNet\Tap 2 Juan Dolio.ElmTerm,0,SANTO DOMINGO,CENTRAL,CENTRAL 138 kV,,,20.121999740600586,1,1.3259999752044678,7.193408012390137,1.1723589897155762,27.54951286315918,6.6541428565979,50.56985092163086,101.22362518310547,0.0
138 kV Boca Chica – Hainamosa_b,ZHNSAE_ZXBC2E-L1,\VM-PF.IntUser\PDD 31-12-2024.IntPrj\Network Model.IntPrjfolder\Network Data.IntPrjfolder\CENTRAL 138 kV.ElmNet\138 kV Boca Chica – Hainamosa_b.ElmLne,E5,,\VM-PF.IntUser\PDD 31-12-2024.IntPrj\Network Model.IntPrjfolder\Network Data.IntPrjfolder\CENTRAL 138 kV.ElmNet\Hainamosa.ElmSite\ZHNSAE.ElmSubstat\E5.ElmTerm,Tap 2 Boca Chica,WXBC2E,\VM-PF.IntUser\PDD 31-12-2024.IntPrj\Network Model.IntPrjfolder\Network Data.IntPrjfolder\CENTRAL 138 kV.ElmNet\Tap 2 Boca Chica.ElmTerm,0,SANTO DOMINGO,CENTRAL,CENTRAL 138 kV,,,27.5,1,1.3259999752044678,9.83096694946289,1.602220058441162,37.650909423828125,9.093973159790039,69.1119613647461,138.338623046875,-7.632783294297951e-15
138 kV Hainamosa – Juan Dolio_a,ZHNSAE_ZXBC1E-L1,\VM-PF.IntUser\PDD 31-12-2024.IntPrj\Network Model.IntPrjfolder\Network Data.IntPrjfolder\CENTRAL 138 kV.ElmNet\138 kV Hainamosa – Juan Dolio_a.ElmLne,Tap 1 Boca Chica,WXBC1E,\VM-PF.IntUser\PDD 31-12-2024.IntPrj\Network Model.IntPrjfolder\Network Data.IntPrjfolder\CENTRAL 138 kV.ElmNet\Tap 1 Boca Chica.ElmTerm,E4,,\VM-PF.IntUser\PDD 31-12-2024.IntPrj\Network Model.IntPrjfolder\Network Data.IntPrjfolder\CENTRAL 138 kV.ElmNet\Hainamosa.ElmSite\ZHNSAE.ElmSubstat\E4.ElmTerm,0,SANTO DOMINGO,CENTRAL,CENTRAL 138 kV,,,27.5,1,1.3259999752044678,9.83096694946289,1.602220058441162,37.650909423828125,9.093973159790039,69.1119613647461,138.338623046875,0.0
138 kV Hainamosa – Palamara_a,ZHNSAE_ZXVM1E-L1,\VM-PF.IntUser\PDD 31-12-2024.IntPrj\Network Model.IntPrjfolder\Network Data.IntPrjfolder\CENTRAL 138 kV.ElmNet\138 kV Hainamosa – Palamara_a.ElmLne,Tap 1 Villa Mella,WXVM1E,\VM-PF.IntUser\PDD 31-12-2024.IntPrj\Network Model.IntPrjfolder\Network Data.IntPrjfolder\CENTRAL 138 kV.ElmNet\Tap 1 Villa Mella.ElmTerm,E14,,\VM-PF.IntUser\PDD 31-12-2024.IntPrj\Network Model.IntPrjfolder\Network Data.IntPrjfolder\CENTRAL 138 kV.ElmNet\Hainamosa.ElmSite\ZHNSAE.ElmSubstat\E14.ElmTerm,0,SANTO DOMINGO,CENTRAL,CENTRAL 138 kV,,,11.286999702453613,1,0.5680000185966492,4.858340263366699,1.474306583404541,17.167814254760742,5.452780723571777,22.709611892700195,39.005924224853516,-6.265543474300646e-16
138 kV AES Interconexión – Guerra L1,ZIAANE_ZGUERE-L1,\VM-PF.IntUser\PDD 31-12-2024.IntPrj\Network Model.IntPrjfolder\Network Data.IntPrjfolder\CENTRAL 138 kV.ElmNet\138 kV AES Interconexión – Guerra L1.ElmLne,3,,\VM-PF.IntUser\PDD 31-12-2024.IntPrj\Network Model.IntPrjfolder\Network Data.IntPrjfolder\CENTRAL 138 kV.ElmNet\ZIAANE.ElmSubstat\3.ElmTerm,Terminal(1),,\VM-PF.IntUser\PDD 31-12-2024.IntPrj\Network Model.IntPrjfolder\Network Data.IntPrjfolder\Expansión 345 kV.ElmNet\Guerra.ElmSite\ZGUERE.ElmSubstat\Terminal(1).ElmTerm,0,SANTO DOMINGO,CENTRAL,CENTRAL 138 kV,,,17.836000442504883,1,1.3259999752044678,6.376186847686768,1.0391708612442017,24.419694900512695,5.898186206817627,44.824764251708984,89.72391510009766,-4.950484483744232e-15
138 kV Guerra – Hainamosa L1,ZGUERE_ZHNSAE-L1,\VM-PF.IntUser\PDD 31-12-2024.IntPrj\Network Model.IntPrjfolder\Network Data.IntPrjfolder\CENTRAL 138 kV.ElmNet\138 kV Guerra – Hainamosa L1.ElmLne,E1,,\VM-PF.IntUser\PDD 31-12-2024.IntPrj\Network Model.IntPrjfolder\Network Data.IntPrjfolder\CENTRAL 138 kV.ElmNet\Hainamosa.ElmSite\ZHNSAE.ElmSubstat\E1.ElmTerm,4(1),,\VM-PF.IntUser\PDD 31-12-2024.IntPrj\Network Model.IntPrjfolder\Network Data.IntPrjfolder\Expansión 345 kV.ElmNet\Guerra.ElmSite\ZGUERE.ElmSubstat\4(1).ElmTerm,0,SANTO DOMINGO,CENTRAL,CENTRAL 138 kV,,,9.359999656677246,1,1.3259999752044678,3.3461036682128906,0.545337438583374,12.8149995803833,3.0952577590942383,23.523197174072266,47.08543395996094,0.0
138 kV AES Interconexión – Guerra L2,ZIAANE_ZGUERE-L2,\VM-PF.IntUser\PDD 31-12-2024.IntPrj\Network Model.IntPrjfolder\Network Data.IntPrjfolder\CENTRAL 138 kV.ElmNet\138 kV AES Interconexión – Guerra L2.ElmLne,Terminal,,\VM-PF.IntUser\PDD 31-12-2024.IntPrj\Network Model.IntPrjfolder\Network Data.IntPrjfolder\Expansión 345 kV.ElmNet\Guerra.ElmSite\ZGUERE.ElmSubstat\Terminal.ElmTerm,2,,\VM-PF.IntUser\PDD 31-12-2024.IntPrj\Network Model.IntPrjfolder\Network Data.IntPrjfolder\CENTRAL 138 kV.ElmNet\ZIAANE.ElmSubstat\2.ElmTerm,0,SANTO DOMINGO,CENTRAL,CENTRAL 138 kV,,,17.836000442504883,1,1.3259999752044678,6.376186847686768,1.0391708612442017,24.419694900512695,5.898186206817627,44.824764251708984,89.72391510009766,0.0
138 kV Guerra – Hainamosa L2,ZGUERE_ZHNSAE-L2,\VM-PF.IntUser\PDD 31-12-2024.IntPrj\Network Model.IntPrjfolder\Network Data.IntPrjfolder\CENTRAL 138 kV.ElmNet\138 kV Guerra – Hainamosa L2.ElmLne,4(2),,\VM-PF.IntUser\PDD 31-12-2024.IntPrj\Network Model.IntPrjfolder\Network Data.IntPrjfolder\Expansión 345 kV.ElmNet\Guerra.ElmSite\ZGUERE.ElmSubstat\4(2).ElmTerm,E2,,\VM-PF.IntUser\PDD 31-12-2024.IntPrj\Network Model.IntPrjfolder\Network Data.IntPrjfolder\CENTRAL 138 kV.ElmNet\Hainamosa.ElmSite\ZHNSAE.ElmSubstat\E2.ElmTerm,0,SANTO DOMINGO,CENTRAL,CENTRAL 138 kV,,,9.359999656677246,1,1.3259999752044678,3.3461036682128906,0.545337438583374,12.8149995803833,3.0952577590942383,23.523197174072266,47.08543395996094,-2.597921835271219e-15
138 kV La Isabela – Los Mina,ZLMINE_ZXLI2E-L1,\VM-PF.IntUser\PDD 31-12-2024.IntPrj\Network Model.IntPrjfolder\Network Data.IntPrjfolder\CENTRAL 138 kV.ElmNet\138 kV La Isabela – Los Mina.ElmLne,L5,,\VM-PF.IntUser\PDD 31-12-2024.IntPrj\Network Model.IntPrjfolder\Network Data.IntPrjfolder\CENTRAL 138 kV.ElmNet\ZLMINE.ElmSubstat\L5.ElmTerm,4,,\VM-PF.IntUser\PDD 31-12-2024.IntPrj\Network Model.IntPrjfolder\Network Data.IntPrjfolder\CENTRAL 138 kV.ElmNet\ZLISAE.ElmSubstat\4.ElmTerm,0,SANTO DOMINGO,CENTRAL,CENTRAL 138 kV,,P.TUBULAR TVS-1/1C/138/2xF - 559 AAAC,9.699999809265137,1,1.3259999752044678,3.8280513286590576,0.5658906698226929,13.637591361999512,2.863474130630493,20.798154830932617,54.99497985839844,-5.384581563552891e-16
138 kV Arroyo Hondo – Palamara_b,ZPALAE_ZXPL2F-L1,\VM-PF.IntUser\PDD 31-12-2024.IntPrj\Network Model.IntPrjfolder\Network Data.IntPrjfolder\CENTRAL 138 kV.ElmNet\138 kV Arroyo Hondo – Palamara_b.ElmLne,Tap Palamara,WXPALE,\VM-PF.IntUser\PDD 31-12-2024.IntPrj\Network Model.IntPrjfolder\Network Data.IntPrjfolder\CENTRAL 138 kV.ElmNet\Tap Palamara.ElmTerm,7,,\VM-PF.IntUser\PDD 31-12-2024.IntPrj\Network Model.IntPrjfolder\Network Data.IntPrjfolder\CENTRAL 138 kV.ElmNet\Palamara.ElmSite\ZPALAE.ElmSubstat\7.ElmTerm,0,SANTO DOMINGO,CENTRAL,CENTRAL 138 kV,,,6.710000038146973,1,1.3259999752044678,2.4027960300445557,0.3910244405269623,9.183341979980469,2.218879461288452,17.1143741607666,33.774600982666016,-9.311995407285264e-16
138 kV Guerra – La Luisa_b,ZCLUIE_ZXCL2E-L1,\VM-PF.IntUser\PDD 31-12-2024.IntPrj\Network Model.IntPrjfolder\Network Data.IntPrjfolder\CENTRAL 138 kV.ElmNet\138 kV Guerra – La Luisa_b.ElmLne,Tap 2 CIP La Luisa,WXCL2E,\VM-PF.IntUser\PDD 31-12-2024.IntPrj\Network Model.IntPrjfolder\Network Data.IntPrjfolder\ESTE 138 kV.ElmNet\Tap 2 CIP La Luisa.ElmTerm,E1,,\VM-PF.IntUser\PDD 31-12-2024.IntPrj\Network Model.IntPrjfolder\Network Data.IntPrjfolder\ESTE 138 kV.ElmNet\ZCLUIE.ElmSubstat\E1.ElmTerm,0,ESTE CERCANO,ESTE,CENTRAL 138 kV,,,1.5579999685287476,1,1.3259999752044678,0.5579070448875427,0.09079226106405258,2.13228702545166,0.5152032971382141,3.973799705505371,7.84214973449707,1.7297274374258848e-16
138 kV Arroyo Hondo – Palamara_a,ZAHO1E_ZXPL2F-L1,\VM-PF.IntUser\PDD 31-12-2024.IntPrj\Network Model.IntPrjfolder\Network Data.IntPrjfolder\CENTRAL 138 kV.ElmNet\138 kV Arroyo Hondo – Palamara_a.ElmLne,E02,,\VM-PF.IntUser\PDD 31-12-2024.IntPrj\Network Model.IntPrjfolder\Network Data.IntPrjfolder\CENTRAL 138 kV.ElmNet\Arroyo Hondo.ElmSite\ZAHONE.ElmSubstat\E02.ElmTerm,Tap Palamara,WXPALE,\VM-PF.IntUser\PDD 31-12-2024.IntPrj\Network Model.IntPrjfolder\Network Data.IntPrjfolder\CENTRAL 138 kV.ElmNet\Tap Palamara.ElmTerm,0,DISTRITO NACIONAL,CENTRAL,CENTRAL 138 kV,,,5.690000057220459,1,1.3259999752044678,2.0375423431396484,0.33158406615257263,7.7873640060424805,1.8815834522247314,14.512785911560059,28.640457153320312,-7.896461474404663e-16
138 kV Arroyo Hondo – La Isabela,ZAHO2E_ZXLI1E-L1,\VM-PF.IntUser\PDD 31-12-2024.IntPrj\Network Model.IntPrjfolder\Network Data.IntPrjfolder\CENTRAL 138 kV.ElmNet\138 kV Arroyo Hondo – La Isabela.ElmLne,E08,,\VM-PF.IntUser\PDD 31-12-2024.IntPrj\Network Model.IntPrjfolder\Network Data.IntPrjfolder\CENTRAL 138 kV.ElmNet\Arroyo Hondo.ElmSite\ZAHONE.ElmSubstat\E08.ElmTerm,1,,\VM-PF.IntUser\PDD 31-12-2024.IntPrj\Network Model.IntPrjfolder\Network Data.IntPrjfolder\CENTRAL 138 kV.ElmNet\ZLISAE.ElmSubstat\1.ElmTerm,0,DISTRITO NACIONAL,CENTRAL,CENTRAL 138 kV,,T.ACERO S1/1C/138/2xF - 559.5 AAAC,3.0,1,1.3259999752044678,1.0954890251159668,0.17423254251480103,3.952138662338257,1.060699701309204,6.495997428894043,13.928899765014648,4.163336342344337e-16
138 kV Los Mina – Los Mina 7,ZLMI7E_ZLMINE-L1,\VM-PF.IntUser\PDD 31-12-2024.IntPrj\Network Model.IntPrjfolder\Network Data.IntPrjfolder\CENTRAL 138 kV.ElmNet\138 kV Los Mina – Los Mina 7.ElmLne,2,,\VM-PF.IntUser\PDD 31-12-2024.IntPrj\Network Model.IntPrjfolder\Network Data.IntPrjfolder\CENTRAL 138 kV.ElmNet\Los Mina 7.ElmSite\ZLMI7E.ElmSubstat\2.ElmTerm,R3,,\VM-PF.IntUser\PDD 31-12-2024.IntPrj\Network Model.IntPrjfolder\Network Data.IntPrjfolder\CENTRAL 138 kV.ElmNet\ZLMINE.ElmSubstat\R3.ElmTerm,0,SANTO DOMINGO,CENTRAL,CENTRAL 138 kV,,T.ACERO S1/1C/138/2xF - 559.5 AAAC,0.20000000298023224,1,1.3259999752044678,0.07303260266780853,0.011615502648055553,0.2634759247303009,0.07071331143379211,0.4330665171146393,0.9285933375358582,2.7755575615628914e-17
138 kV Los Mina – Villa Duarte,ZLMINE_ZVDUAE-L1,\VM-PF.IntUser\PDD 31-12-2024.IntPrj\Network Model.IntPrjfolder\Network Data.IntPrjfolder\CENTRAL 138 kV.ElmNet\138 kV Los Mina – Villa Duarte.ElmLne,R2,,\VM-PF.IntUser\PDD 31-12-2024.IntPrj\Network Model.IntPrjfolder\Network Data.IntPrjfolder\CENTRAL 138 kV.ElmNet\ZLMINE.ElmSubstat\R2.ElmTerm,E1,,\VM-PF.IntUser\PDD 31-12-2024.IntPrj\Network Model.IntPrjfolder\Network Data.IntPrjfolder\CENTRAL 138 kV.ElmNet\Villa Duarte.ElmSite\ZVDUAE.ElmSubstat\E1.ElmTerm,0,SANTO DOMINGO,CENTRAL,CENTRAL 138 kV,,P.TUBULAR TVS-1/1C/138/2xF - 559 AAAC,3.0399999618530273,1,1.3259999752044678,1.1997191905975342,0.17735129594802856,4.274049282073975,0.897418737411499,6.518184185028076,17.23554039001465,-1.6875389762544143e-16
138 kV Hainamosa – La Victoria_b,,\VM-PF.IntUser\PDD 31-12-2024.IntPrj\Network Model.IntPrjfolder\Network Data.IntPrjfolder\CENTRAL 138 kV.ElmNet\138 kV Hainamosa – La Victoria_b.ElmLne,Tap 1 La Victoria,WXVI2E,\VM-PF.IntUser\PDD 31-12-2024.IntPrj\Network Model.IntPrjfolder\Network Data.IntPrjfolder\CENTRAL 138 kV.ElmNet\Tap 1 La Victoria.ElmTerm,E7,,\VM-PF.IntUser\PDD 31-12-2024.IntPrj\Network Model.IntPrjfolder\Network Data.IntPrjfolder\CENTRAL 138 kV.ElmNet\Hainamosa.ElmSite\ZHNSAE.ElmSubstat\E7.ElmTerm,0,SANTO DOMINGO,CENTRAL,CENTRAL 138 kV,,,5.559999942779541,1,0.6629999876022339,2.3971405029296875,0.646782398223877,8.33707046508789,2.638439416885376,11.423910140991211,19.58509635925293,8.487655002083498e-16
138 kV César Nicolás Penson – UASD,ZUASDE_ZCNPEE-L1,\VM-PF.IntUser\PDD 31-12-2024.IntPrj\Network Model.IntPrjfolder\Network Data.IntPrjfolder\CENTRAL 138 kV.ElmNet\138 kV César Nicolás Penson – UASD.ElmLne,L1,,\VM-PF.IntUser\PDD 31-12-2024.IntPrj\Network Model.IntPrjfolder\Network Data.IntPrjfolder\CENTRAL 138 kV.ElmNet\ZUASDE.ElmSubstat\L1.ElmTerm,L1,,\VM-PF.IntUser\PDD 31-12-2024.IntPrj\Network Model.IntPrjfolder\Network Data.IntPrjfolder\CENTRAL 138 kV.ElmNet\ZCNPEE.ElmSubstat\L1.ElmTerm,0,DISTRITO NACIONAL,CENTRAL,CENTRAL 138 kV,,P.TUBULAR TVS-1/1C/138/2xF - 559 AAAC,3.4000000953674316,1,1.3259999752044678,1.3417912721633911,0.19835342466831207,4.780187129974365,1.0036920309066772,7.290074825286865,19.27659034729004,-1.8873791948023253e-16
138 kV Palamara – Villa Mella_a,ZPALAE_ZXVM3E-L1,\VM-PF.IntUser\PDD 31-12-2024.IntPrj\Network Model.IntPrjfolder\Network Data.IntPrjfolder\CENTRAL 138 kV.ElmNet\138 kV Palamara – Villa Mella_a.ElmLne,Tap 3 Villa Mella,WXVM3E,\VM-PF.IntUser\PDD 31-12-2024.IntPrj\Network Model.IntPrjfolder\Network Data.IntPrjfolder\CENTRAL 138 kV.ElmNet\Tap 3 Villa Mella.ElmTerm,5,,\VM-PF.IntUser\PDD 31-12-2024.IntPrj\Network Model.IntPrjfolder\Network Data.IntPrjfolder\CENTRAL 138 kV.ElmNet\Palamara.ElmSite\ZPALAE.ElmSubstat\5.ElmTerm,0,SANTO DOMINGO,CENTRAL,CENTRAL 138 kV,,,12.699999809265137,1,0.5680000185966492,5.46654748916626,1.6588724851608276,19.31702423095703,6.135404586791992,25.552589416503906,43.889007568359375,-7.049916100490626e-16
138 kV Hainamosa – Villa Mella_b,ZVMELE_ZXVM2E-L1,\VM-PF.IntUser\PDD 31-12-2024.IntPrj\Network Model.IntPrjfolder\Network Data.IntPrjfolder\CENTRAL 138 kV.ElmNet\138 kV Hainamosa – Villa Mella_b.ElmLne,Tap 2 Villa Mella,WXVM2E,\VM-PF.IntUser\PDD 31-12-2024.IntPrj\Network Model.IntPrjfolder\Network Data.IntPrjfolder\CENTRAL 138 kV.ElmNet\Tap 2 Villa Mella.ElmTerm,2,,\VM-PF.IntUser\PDD 31-12-2024.IntPrj\Network Model.IntPrjfolder\Network Data.IntPrjfolder\CENTRAL 138 kV.ElmNet\ZVMELE.ElmSubstat\2.ElmTerm,0,SANTO DOMINGO,CENTRAL,CENTRAL 138 kV,,,1.899999976158142,1,0.5680000185966492,0.817829966545105,0.24817778170108795,2.889948606491089,0.9178951978683472,3.8228282928466797,6.5660719871521,-1.0547118601590089e-16
138 kV Estrella del Mar 2 – Timbeque 2,ZEMA2E_ZTIM2E-L1,\VM-PF.IntUser\PDD 31-12-2024.IntPrj\Network Model.IntPrjfolder\Network Data.IntPrjfolder\CENTRAL 138 kV.ElmNet\138 kV Estrella del Mar 2 – Timbeque 2.ElmLne,L3,,\VM-PF.IntUser\PDD 31-12-2024.IntPrj\Network Model.IntPrjfolder\Network Data.IntPrjfolder\CENTRAL 138 kV.ElmNet\Timbeque 2.ElmSite\ZTIM2E.ElmSubstat\L3.ElmTerm,Terminal Estrella del Mar 2,WXED2E,\VM-PF.IntUser\PDD 31-12-2024.IntPrj\Network Model.IntPrjfolder\Network Data.IntPrjfolder\CENTRAL 138 kV.ElmNet\EDM 2.ElmSite\Terminal Estrella del Mar 2.ElmTerm,0,DISTRITO NACIONAL,CENTRAL,CENTRAL 138 kV,,T.ACERO S1(2)/1C/138/2xF/559 AAAC,0.22300000488758087,1,1.3259999752044678,0.08323149383068085,0.013028278946876526,0.30228251218795776,0.07372228801250458,0.4685368239879608,1.121050477027893,1.2378986995885736e-17
138 kV El Brisal – Villa Duarte_b,ZVDUAE_ZXEBR2-L1_a,\VM-PF.IntUser\PDD 31-12-2024.IntPrj\Network Model.IntPrjfolder\Network Data.IntPrjfolder\CENTRAL 138 kV.ElmNet\138 kV El Brisal – Villa Duarte_b.ElmLne,Tap 5 El Brisal,WXEBR5,\VM-PF.IntUser\PDD 31-12-2024.IntPrj\Network Model.IntPrjfolder\Network Data.IntPrjfolder\CENTRAL 138 kV.ElmNet\Tap 5 El Brisal.ElmTerm,Tap 2 El Brisal,WXEBR2,\VM-PF.IntUser\PDD 31-12-2024.IntPrj\Network Model.IntPrjfolder\Network Data.IntPrjfolder\CENTRAL 138 kV.ElmNet\Tap 2 El Brisal.ElmTerm,0,SANTO DOMINGO,CENTRAL,CENTRAL 138 kV,,T.ACERO S1 1C 1xF 450 ACAR-138 kV,0.2999999523162842,1,0.5680000185966492,0.13367410004138947,0.03923032805323601,0.4523840844631195,0.1449040174484253,0.5297460556030273,1.036364197731018,-3.3306685444798776e-17
138 kV Hainamosa – Villa Duarte_b,,\VM-PF.IntUser\PDD 31-12-2024.IntPrj\Network Model.IntPrjfolder\Network Data.IntPrjfolder\CENTRAL 138 kV.ElmNet\138 kV Hainamosa – Villa Duarte_b.ElmLne,Tap 4 El Brisal,WXEBR4,\VM-PF.IntUser\PDD 31-12-2024.IntPrj\Network Model.IntPrjfolder\Network Data.IntPrjfolder\CENTRAL 138 kV.ElmNet\Tap 4 El Brisal.ElmTerm,Tap 3 El Brisal,WXEBR3,\VM-PF.IntUser\PDD 31-12-2024.IntPrj\Network Model.IntPrjfolder\Network Data.IntPrjfolder\CENTRAL 138 kV.ElmNet\Tap 3 El Brisal.ElmTerm,0,SANTO DOMINGO,CENTRAL,CENTRAL 138 kV,,T.ACERO S1 1C 1xF 450 ACAR-138 kV,0.4499998092651367,1,0.5680000185966492,0.20051109790802002,0.05884547531604767,0.6785759329795837,0.21735596656799316,0.7946189045906067,1.5545458793640137,-4.996001493230836e-17
138 kV Hainamosa – Los Mina L3,ZHNSAE_ZLMINE-L3,\VM-PF.IntUser\PDD 31-12-2024.IntPrj\Network Model.IntPrjfolder\Network Data.IntPrjfolder\CENTRAL 138 kV.ElmNet\138 kV Hainamosa – Los Mina L3.ElmLne,L4,,\VM-PF.IntUser\PDD 31-12-2024.IntPrj\Network Model.IntPrjfolder\Network Data.IntPrjfolder\CENTRAL 138 kV.ElmNet\ZLMINE.ElmSubstat\L4.ElmTerm,E8,,\VM-PF.IntUser\PDD 31-12-2024.IntPrj\Network Model.IntPrjfolder\Network Data.IntPrjfolder\CENTRAL 138 kV.ElmNet\Hainamosa.ElmSite\ZHNSAE.ElmSubstat\E8.ElmTerm,0,SANTO DOMINGO,CENTRAL,CENTRAL 138 kV,,P.TUBULAR TVS-1/1C/138/2xF - 559 AAAC,9.369999885559082,1,1.3259999752044678,3.6978187561035156,0.5466387271881104,13.173632621765137,2.766057014465332,20.090587615966797,53.12401580810547,-5.201394806841387e-16
138 kV Guerra – Mirasol L1,ZGUERE_ZMIRAS-L1,\VM-PF.IntUser\PDD 31-12-2024.IntPrj\Network Model.IntPrjfolder\Network Data.IntPrjfolder\CENTRAL 138 kV.ElmNet\138 kV Guerra – Mirasol L1.ElmLne,4(7),,\VM-PF.IntUser\PDD 31-12-2024.IntPrj\Network Model.IntPrjfolder\Network Data.IntPrjfolder\Expansión 345 kV.ElmNet\Guerra.ElmSite\ZGUERE.ElmSubstat\4(7).ElmTerm,6,,\VM-PF.IntUser\PDD 31-12-2024.IntPrj\Network Model.IntPrjfolder\Network Data.IntPrjfolder\CENTRAL 138 kV.ElmNet\ZMIRAS.ElmSubstat\6.ElmTerm,0,SANTO DOMINGO,CENTRAL,CENTRAL 138 kV,,,4.900000095367432,1,2.744999885559082,0.9662644863128662,0.11771150678396225,5.443910121917725,1.4452617168426514,13.618435859680176,27.535503387451172,8.160139654511374e-16
138 kV Boca Chica – SIBA,ZBCHIE_ZSIBAE-L1,\VM-PF.IntUser\PDD 31-12-2024.IntPrj\Network Model.IntPrjfolder\Network Data.IntPrjfolder\CENTRAL 138 kV.ElmNet\138 kV Boca Chica – SIBA.ElmLne,6,,\VM-PF.IntUser\PDD 31-12-2024.IntPrj\Network Model.IntPrjfolder\Network Data.IntPrjfolder\CENTRAL 138 kV.ElmNet\Boca Chica.ElmSite\ZBCHIE.ElmSubstat\6.ElmTerm,R2,,\VM-PF.IntUser\PDD 31-12-2024.IntPrj\Network Model.IntPrjfolder\Network Data.IntPrjfolder\CENTRAL 138 kV.ElmNet\SIBA.ElmSite\ZSIBAE.ElmSubstat\R2.ElmTerm,0,SANTO DOMINGO,CENTRAL,CENTRAL 138 kV,,P.TUBULAR TVS-1/1C/138/3xF - 559 AAAC,0.3449999988079071,1,1.9889999628067017,0.12949326634407043,0.01346796378493309,0.46849456429481506,0.08529139310121536,0.7880802750587463,2.3363354206085205,1.53210776868876e-16
138 kV Dajao – Hainamosa_b,ZDAJOE_ZHNSAE-L1,\VM-PF.IntUser\PDD 31-12-2024.IntPrj\Network Model.IntPrjfolder\Network Data.IntPrjfolder\CENTRAL 138 kV.ElmNet\138 kV Dajao – Hainamosa_b.ElmLne,3,,\VM-PF.IntUser\PDD 31-12-2024.IntPrj\Network Model.IntPrjfolder\Network Data.IntPrjfolder\CENTRAL 138 kV.ElmNet\Dajao.ElmSite\ZDJAOE.ElmSubstat\3.ElmTerm,Tap 2 La Victoria,WXVIUE,\VM-PF.IntUser\PDD 31-12-2024.IntPrj\Network Model.IntPrjfolder\Network Data.IntPrjfolder\CENTRAL 138 kV.ElmNet\Tap 2 La Victoria.ElmTerm,0,SANTO DOMINGO,CENTRAL,CENTRAL 138 kV,,T.ACERO S1(2)/1C/138/1xF/559 AAAC,3.677999973297119,1,0.6629999876022339,1.5857343673706055,0.4278535544872284,5.51506233215332,1.7453560829162598,6.554640769958496,12.937728881835938,3.0625503235427775e-16
138 kV Dajao – Hainamosa_a,ZDAJOE_ZHNSAE-L1_a,\VM-PF.IntUser\PDD 31-12-2024.IntPrj\Network Model.IntPrjfolder\Network Data.IntPrjfolder\CENTRAL 138 kV.ElmNet\138 kV Dajao – Hainamosa_a.ElmLne,Tap 2 La Victoria,WXVIUE,\VM-PF.IntUser\PDD 31-12-2024.IntPrj\Network Model.IntPrjfolder\Network Data.IntPrjfolder\CENTRAL 138 kV.ElmNet\Tap 2 La Victoria.ElmTerm,E9(1),,\VM-PF.IntUser\PDD 31-12-2024.IntPrj\Network Model.IntPrjfolder\Network Data.IntPrjfolder\CENTRAL 138 kV.ElmNet\Hainamosa.ElmSite\ZHNSAE.ElmSubstat\E9(1).ElmTerm,0,SANTO DOMINGO,CENTRAL,CENTRAL 138 kV,,,5.559999942779541,1,0.6629999876022339,2.3971405029296875,0.646782398223877,8.33707046508789,2.638439416885376,11.423910140991211,19.58509635925293,-7.716049941735499e-17
138 kV AES Andrés – ENADOM,ZAANDE_ZENADE-L1,\VM-PF.IntUser\PDD 31-12-2024.IntPrj\Network Model.IntPrjfolder\Network Data.IntPrjfolder\CENTRAL 138 kV.ElmNet\138 kV AES Andrés – ENADOM.ElmLne,5,,\VM-PF.IntUser\PDD 31-12-2024.IntPrj\Network Model.IntPrjfolder\Network Data.IntPrjfolder\CENTRAL 138 kV.ElmNet\AES Andrés.ElmSite\ZAANDE.ElmSubstat\5.ElmTerm,1,,\VM-PF.IntUser\PDD 31-12-2024.IntPrj\Network Model.IntPrjfolder\Network Data.IntPrjfolder\CENTRAL 138 kV.ElmNet\AES Andrés.ElmSite\ZENADE.ElmSubstat\1.ElmTerm,0,SANTO DOMINGO,CENTRAL,CENTRAL 138 kV,,138 kV XLPE 300 mm^2,0.8320000171661377,1,0.462799996137619,0.06887838244438171,0.0689440593123436,0.07433613389730453,0.07903555780649185,50.181640625,50.181640625,0.0
138 kV Hainamosa – La Victoria_a,,\VM-PF.IntUser\PDD 31-12-2024.IntPrj\Network Model.IntPrjfolder\Network Data.IntPrjfolder\CENTRAL 138 kV.ElmNet\138 kV Hainamosa – La Victoria_a.ElmLne,2,,\VM-PF.IntUser\PDD 31-12-2024.IntPrj\Network Model.IntPrjfolder\Network Data.IntPrjfolder\CENTRAL 138 kV.ElmNet\La Victoria.ElmSite\ZLVICE.ElmSubstat\2.ElmTerm,Tap 1 La Victoria,WXVI2E,\VM-PF.IntUser\PDD 31-12-2024.IntPrj\Network Model.IntPrjfolder\Network Data.IntPrjfolder\CENTRAL 138 kV.ElmNet\Tap 1 La Victoria.ElmTerm,0,SANTO DOMINGO,CENTRAL,CENTRAL 138 kV,,T.ACERO S1(2)/1C/138/1xF/559 AAAC,6.630000114440918,1,0.6629999876022339,2.8584609031677246,0.7712531685829163,9.941507339477539,3.1461966037750244,11.815462112426758,23.32168197631836,5.520583820542001e-16
138 kV Guerra – Mirasol L2,ZGUERE_ZMIRAE-L2,\VM-PF.IntUser\PDD 31-12-2024.IntPrj\Network Model.IntPrjfolder\Network Data.IntPrjfolder\CENTRAL 138 kV.ElmNet\138 kV Guerra – Mirasol L2.ElmLne,4(6),,\VM-PF.IntUser\PDD 31-12-2024.IntPrj\Network Model.IntPrjfolder\Network Data.IntPrjfolder\Expansión 345 kV.ElmNet\Guerra.ElmSite\ZGUERE.ElmSubstat\4(6).ElmTerm,5,,\VM-PF.IntUser\PDD 31-12-2024.IntPrj\Network Model.IntPrjfolder\Network Data.IntPrjfolder\CENTRAL 138 kV.ElmNet\ZMIRAS.ElmSubstat\5.ElmTerm,0,SANTO DOMINGO,CENTRAL,CENTRAL 138 kV,,,4.900000095367432,1,2.744999885559082,0.9662644863128662,0.11771150678396225,5.443910121917725,1.4452617168426514,13.618435859680176,27.535503387451172,9.52016222440248e-16
138 kV Mirasol – Mata de Palma 2 L1,ZMPAL2_ZMIRAS_E_L1,\VM-PF.IntUser\PDD 31-12-2024.IntPrj\Network Model.IntPrjfolder\Network Data.IntPrjfolder\CENTRAL 138 kV.ElmNet\138 kV Mirasol – Mata de Palma 2 L1.ElmLne,L2,,\VM-PF.IntUser\PDD 31-12-2024.IntPrj\Network Model.IntPrjfolder\Network Data.IntPrjfolder\CENTRAL 138 kV.ElmNet\ZWCAPI.ElmSubstat\L2.ElmTerm,2,,\VM-PF.IntUser\PDD 31-12-2024.IntPrj\Network Model.IntPrjfolder\Network Data.IntPrjfolder\CENTRAL 138 kV.ElmNet\ZMIRAS.ElmSubstat\2.ElmTerm,0,SANTO DOMINGO,CENTRAL,CENTRAL 138 kV,,,20.815000534057617,1,2.744999885559082,4.104651927947998,0.5000336766242981,23.125507354736328,6.139412879943848,57.85055923461914,116.96969604492188,4.044126195897188e-15
138 kV Mirasol – Mata de Palma 2 L2,ZMPAL2_ZMIRAS_E_L2,\VM-PF.IntUser\PDD 31-12-2024.IntPrj\Network Model.IntPrjfolder\Network Data.IntPrjfolder\CENTRAL 138 kV.ElmNet\138 kV Mirasol – Mata de Palma 2 L2.ElmLne,R2,,\VM-PF.IntUser\PDD 31-12-2024.IntPrj\Network Model.IntPrjfolder\Network Data.IntPrjfolder\CENTRAL 138 kV.ElmNet\ZWCAPI.ElmSubstat\R2.ElmTerm,3,,\VM-PF.IntUser\PDD 31-12-2024.IntPrj\Network Model.IntPrjfolder\Network Data.IntPrjfolder\CENTRAL 138 kV.ElmNet\ZMIRAS.ElmSubstat\3.ElmTerm,1,SANTO DOMINGO,CENTRAL,CENTRAL 138 kV,,,20.815000534057617,1,2.744999885559082,4.104651927947998,0.5000336766242981,23.125507354736328,6.139412879943848,57.85055923461914,116.96969604492188,3.466393821695236e-15
69 kV CZFI Santiago – SAJOMA_b,ZIPROF_ZZSANF-L1,\VM-PF.IntUser\PDD 31-12-2024.IntPrj\Network Model.IntPrjfolder\Network Data.IntPrjfolder\NORTE 69 kV.ElmNet\69 kV CZFI Santiago – SAJOMA_b.ElmLne,Tap Interamericana Products,WXIPRF,\VM-PF.IntUser\PDD 31-12-2024.IntPrj\Network Model.IntPrjfolder\Network Data.IntPrjfolder\NORTE 69 kV.ElmNet\Tap Interamericana Products.ElmTerm,Tap CZF Santiago,WXCZFF,\VM-PF.IntUser\PDD 31-12-2024.IntPrj\Network Model.IntPrjfolder\Network Data.IntPrjfolder\NORTE 69 kV.ElmNet\Tap CZF Santiago.ElmTerm,0,CIBAO NORTE,NORTE,NORTE 69 kV,,P.MADERA TP-IG 55 P/69 - 4/0 AAAC,1.6469999551773071,1,0.3799999952316284,1.1705126762390137,0.5060083866119385,2.5495669841766357,0.7803570032119751,3.1866490840911865,5.841800689697266,-9.142686358972236e-17
69 kV CZFI Santiago – SAJOMA_e,ZFOCHF_ZXOC2F-L1,\VM-PF.IntUser\PDD 31-12-2024.IntPrj\Network Model.IntPrjfolder\Network Data.IntPrjfolder\NORTE 69 kV.ElmNet\69 kV CZFI Santiago – SAJOMA_e.ElmLne,Tap Ochoa,WXOC2F,\VM-PF.IntUser\PDD 31-12-2024.IntPrj\Network Model.IntPrjfolder\Network Data.IntPrjfolder\NORTE 69 kV.ElmNet\Tap Ochoa.ElmTerm,Tap Ferretería Ochoa,WXFOCF,\VM-PF.IntUser\PDD 31-12-2024.IntPrj\Network Model.IntPrjfolder\Network Data.IntPrjfolder\NORTE 69 kV.ElmNet\Tap Ferretería Ochoa.ElmTerm,0,CIBAO NORTE,NORTE,NORTE 69 kV,,P.MADERA TVS-1/1C/69/1xF - 4/0 AAAC,1.75,1,0.3799999952316284,1.2066537141799927,0.5377529263496399,2.7701265811920166,0.8133717775344849,3.255716562271118,6.368233680725098,-2.42861286636753e-17
69 kV Imbert 2 – Navarrete_d,ZNAVAF_ZXNAVF-L1,\VM-PF.IntUser\PDD 31-12-2024.IntPrj\Network Model.IntPrjfolder\Network Data.IntPrjfolder\NORTE 69 kV.ElmNet\69 kV Imbert 2 – Navarrete_d.ElmLne,3,,\VM-PF.IntUser\PDD 31-12-2024.IntPrj\Network Model.IntPrjfolder\Network Data.IntPrjfolder\NORTE 69 kV.ElmNet\ZNAVAF.ElmSubstat\3.ElmTerm,Tap Navarrete,WXNAVF,\VM-PF.IntUser\PDD 31-12-2024.IntPrj\Network Model.IntPrjfolder\Network Data.IntPrjfolder\NORTE 69 kV.ElmNet\Tap Navarrete.ElmTerm,0,CIBAO NORTE,NORTE,NORTE 69 kV,,P.MADERA TP-IG 55 P/69 - 4/0 ACSR,4.328999996185303,1,0.3569999933242798,2.8834335803985596,1.1368401050567627,6.701321125030518,2.0511021614074707,8.434745788574219,15.553961753845215,7.209232939352911e-16
69 kV Navarrete – ZF Esperanza_e,ZXESPF_ZZESPF-L1,\VM-PF.IntUser\PDD 31-12-2024.IntPrj\Network Model.IntPrjfolder\Network Data.IntPrjfolder\NORTE 69 kV.ElmNet\69 kV Navarrete – ZF Esperanza_e.ElmLne,Tap Esperanza,WXESPF,\VM-PF.IntUser\PDD 31-12-2024.IntPrj\Network Model.IntPrjfolder\Network Data.IntPrjfolder\NORTE 69 kV.ElmNet\Tap Esperanza.ElmTerm,69 kV ZF Esperanza(1),WZESPF,\VM-PF.IntUser\PDD 31-12-2024.IntPrj\Network Model.IntPrjfolder\Network Data.IntPrjfolder\NORTE 69 kV.ElmNet\69 kV ZF Esperanza(1).ElmTerm,0,CIBAO NOROESTE,NORTE,NORTE 69 kV,,P.MADERA TP-IG 55 P/69 - 4/0 ACSR,1.2100000381469727,1,0.3569999933242798,0.805949330329895,0.3177585303783417,1.8730882406234741,0.5733041763305664,2.357598304748535,4.347492218017578,2.0150548532221302e-16
69 kV Derivación Cruce de Esperanza,ZCESPF_ZXESPF-L1,\VM-PF.IntUser\PDD 31-12-2024.IntPrj\Network Model.IntPrjfolder\Network Data.IntPrjfolder\NORTE 69 kV.ElmNet\69 kV Derivación Cruce de Esperanza.ElmLne,69 kV Cruce de Esperanza,WCESPF,\VM-PF.IntUser\PDD 31-12-2024.IntPrj\Network Model.IntPrjfolder\Network Data.IntPrjfolder\NORTE 69 kV.ElmNet\69 kV Cruce de Esperanza.ElmTerm,Tap Esperanza,WXESPF,\VM-PF.IntUser\PDD 31-12-2024.IntPrj\Network Model.IntPrjfolder\Network Data.IntPrjfolder\NORTE 69 kV.ElmNet\Tap Esperanza.ElmTerm,0,CIBAO NOROESTE,NORTE,NORTE 69 kV,,P.MADERA TP-IG 55 P/69 - 4/0 ACSR,0.20999999344348907,1,0.3569999933242798,0.13987550139427185,0.0551481693983078,0.32508140802383423,0.09949906915426254,0.4091699421405792,0.7545233964920044,3.4972025010994635e-17
69 kV Navarrete – ZF Esperanza_b,ZXABIF_ZXPORF-L1,\VM-PF.IntUser\PDD 31-12-2024.IntPrj\Network Model.IntPrjfolder\Network Data.IntPrjfolder\NORTE 69 kV.ElmNet\69 kV Navarrete – ZF Esperanza_b.ElmLne,Tap Portela Pasta Linda,WXPORF,\VM-PF.IntUser\PDD 31-12-2024.IntPrj\Network Model.IntPrjfolder\Network Data.IntPrjfolder\NORTE 69 kV.ElmNet\Tap Portela Pasta Linda.ElmTerm,Tap Arroz Bisonó,WXABIF,\VM-PF.IntUser\PDD 31-12-2024.IntPrj\Network Model.IntPrjfolder\Network Data.IntPrjfolder\NORTE 69 kV.ElmNet\Tap Arroz Bisonó.ElmTerm,0,CIBAO NORTE,NORTE,NORTE 69 kV,,P.MADERA TP-IG 55 P/69 - 4/0 ACSR,0.6499999761581421,1,0.3569999933242798,0.43294796347618103,0.17069672048091888,1.00620436668396,0.30797329545021057,1.266478419303894,2.3354296684265137,1.0824674093048582e-16
69 kV Navarrete – ZF Esperanza_d,ZXBDEF_WXESPF-L1,\VM-PF.IntUser\PDD 31-12-2024.IntPrj\Network Model.IntPrjfolder\Network Data.IntPrjfolder\NORTE 69 kV.ElmNet\69 kV Navarrete – ZF Esperanza_d.ElmLne,Tap Brazo Derecho,WXBDEF,\VM-PF.IntUser\PDD 31-12-2024.IntPrj\Network Model.IntPrjfolder\Network Data.IntPrjfolder\NORTE 69 kV.ElmNet\Tap Brazo Derecho.ElmTerm,Tap Esperanza,WXESPF,\VM-PF.IntUser\PDD 31-12-2024.IntPrj\Network Model.IntPrjfolder\Network Data.IntPrjfolder\NORTE 69 kV.ElmNet\Tap Esperanza.ElmTerm,0,CIBAO NOROESTE,NORTE,NORTE 69 kV,,P.MADERA TP-IG 55 P/69 - 4/0 ACSR,4.890000343322754,1,0.3569999933242798,3.25710129737854,1.2841646671295166,7.569753646850586,2.3169071674346924,9.527814865112305,17.569618225097656,8.143486457372763e-16
69 kV Navarrete – ZF Esperanza_c,ZXABIF_ZXBDEF-L1,\VM-PF.IntUser\PDD 31-12-2024.IntPrj\Network Model.IntPrjfolder\Network Data.IntPrjfolder\NORTE 69 kV.ElmNet\69 kV Navarrete – ZF Esperanza_c.ElmLne,Tap Arroz Bisonó,WXABIF,\VM-PF.IntUser\PDD 31-12-2024.IntPrj\Network Model.IntPrjfolder\Network Data.IntPrjfolder\NORTE 69 kV.ElmNet\Tap Arroz Bisonó.ElmTerm,Tap Brazo Derecho,WXBDEF,\VM-PF.IntUser\PDD 31-12-2024.IntPrj\Network Model.IntPrjfolder\Network Data.IntPrjfolder\NORTE 69 kV.ElmNet\Tap Brazo Derecho.ElmTerm,0,CIBAO NORTE,NORTE,NORTE 69 kV,,P.MADERA TP-IG 55 P/69 - 4/0 ACSR,7.0,1,0.3569999933242798,4.6625165939331055,1.8382723331451416,10.836047172546387,3.3166356086730957,13.638998031616211,25.150781631469727,1.1657341758564144e-15
69 kV CZFI Santiago – SAJOMA_g,ZACIBF_ZPIMCF-L1,\VM-PF.IntUser\PDD 31-12-2024.IntPrj\Network Model.IntPrjfolder\Network Data.IntPrjfolder\NORTE 69 kV.ElmNet\69 kV CZFI Santiago – SAJOMA_g.ElmLne,Tap Acero Cibao,WXACIF,\VM-PF.IntUser\PDD 31-12-2024.IntPrj\Network Model.IntPrjfolder\Network Data.IntPrjfolder\NORTE 69 kV.ElmNet\Tap Acero Cibao.ElmTerm,Tap PIMCO,WXPMCF,\VM-PF.IntUser\PDD 31-12-2024.IntPrj\Network Model.IntPrjfolder\Network Data.IntPrjfolder\NORTE 69 kV.ElmNet\Tap PIMCO.ElmTerm,0,CIBAO NORTE,NORTE,NORTE 69 kV,,P.MADERA TVS-1/1C/69/1xF - 4/0 AAAC,3.619999885559082,1,0.3799999952316284,2.496049404144287,1.1123802661895752,5.7302045822143555,1.6825175285339355,6.734681606292725,13.17314624786377,-5.023759027610156e-17
69 kV CZFI Santiago – SAJOMA_c,ZXIPRF_ZXTBEF-L1,\VM-PF.IntUser\PDD 31-12-2024.IntPrj\Network Model.IntPrjfolder\Network Data.IntPrjfolder\NORTE 69 kV.ElmNet\69 kV CZFI Santiago – SAJOMA_c.ElmLne,Tap Art Piel Favoritos,WXAPFF,\VM-PF.IntUser\PDD 31-12-2024.IntPrj\Network Model.IntPrjfolder\Network Data.IntPrjfolder\NORTE 69 kV.ElmNet\Tap Art Piel Favoritos.ElmTerm,Tap Interamericana Products,WXIPRF,\VM-PF.IntUser\PDD 31-12-2024.IntPrj\Network Model.IntPrjfolder\Network Data.IntPrjfolder\NORTE 69 kV.ElmNet\Tap Interamericana Products.ElmTerm,0,CIBAO NORTE,NORTE,NORTE 69 kV,,P.MADERA/1C/69/1xF - 4/0 ACSR,0.6600000262260437,1,0.3569999933242798,0.4269754886627197,0.17292851209640503,1.0562336444854736,0.3009440302848816,1.1787453889846802,2.4682371616363525,-3.6637361268468044e-17
69 kV Navarrete – ZF Santiago_c,ZQUINF_ZXEBQF-L1,\VM-PF.IntUser\PDD 31-12-2024.IntPrj\Network Model.IntPrjfolder\Network Data.IntPrjfolder\NORTE 69 kV.ElmNet\69 kV Navarrete – ZF Santiago_c.ElmLne,Tap Acueducto Quiniga,WXEBQF,\VM-PF.IntUser\PDD 31-12-2024.IntPrj\Network Model.IntPrjfolder\Network Data.IntPrjfolder\NORTE 69 kV.ElmNet\Tap Acueducto Quiniga.ElmTerm,Tap Quinigua,WXQUIF,\VM-PF.IntUser\PDD 31-12-2024.IntPrj\Network Model.IntPrjfolder\Network Data.IntPrjfolder\NORTE 69 kV.ElmNet\Tap Quinigua.ElmTerm,0,CIBAO NORTE,NORTE,NORTE 69 kV,,P.MADERA TP-IG 50 P/69 - 559 AAAC,0.5199999809265137,1,0.6629999876022339,0.2724834680557251,0.060604970902204514,0.7875596880912781,0.22180579602718353,1.0652152299880981,2.041995048522949,-1.4432898790731443e-17
69 kV Derivación F Ochoa Las Lavas,ZFOLVF_ZXOLVF-L1,\VM-PF.IntUser\PDD 31-12-2024.IntPrj\Network Model.IntPrjfolder\Network Data.IntPrjfolder\NORTE 69 kV.ElmNet\69 kV Derivación F Ochoa Las Lavas.ElmLne,Tap Ochoa Las Lavas,WXOLVF,\VM-PF.IntUser\PDD 31-12-2024.IntPrj\Network Model.IntPrjfolder\Network Data.IntPrjfolder\NORTE 69 kV.ElmNet\Tap Ochoa Las Lavas.ElmTerm,69 kV Ferretería Ochoa Las Lavas,WFOLVF,\VM-PF.IntUser\PDD 31-12-2024.IntPrj\Network Model.IntPrjfolder\Network Data.IntPrjfolder\NORTE 69 kV.ElmNet\69 kV Ferretería Ochoa Las Lavas.ElmTerm,0,CIBAO NORTE,NORTE,NORTE 69 kV,,P.MADERA TP-IG 55 P/69 - 4/0 ACSR,0.949999988079071,1,0.3569999933242798,0.6327701210975647,0.24947981536388397,1.4706063270568848,0.4501148462295532,1.8510068655014038,3.413320302963257,1.5820677571512889e-16
69 kV Navarrete – ZF Santiago_b,ZQUINF_ZXOLVF-L1,\VM-PF.IntUser\PDD 31-12-2024.IntPrj\Network Model.IntPrjfolder\Network Data.IntPrjfolder\NORTE 69 kV.ElmNet\69 kV Navarrete – ZF Santiago_b.ElmLne,Tap Ochoa Las Lavas,WXOLVF,\VM-PF.IntUser\PDD 31-12-2024.IntPrj\Network Model.IntPrjfolder\Network Data.IntPrjfolder\NORTE 69 kV.ElmNet\Tap Ochoa Las Lavas.ElmTerm,Tap Quinigua,WXQUIF,\VM-PF.IntUser\PDD 31-12-2024.IntPrj\Network Model.IntPrjfolder\Network Data.IntPrjfolder\NORTE 69 kV.ElmNet\Tap Quinigua.ElmTerm,0,CIBAO NORTE,NORTE,NORTE 69 kV,,P.MADERA TP-IG 55 P/69 - 450 ACAR,6.010000228881836,1,0.5680000185966492,3.212428331375122,0.7876125574111938,9.105213165283203,2.6492607593536377,12.06153392791748,22.820974349975586,0.0
69 kV Derivación Portela Pasta Linda,ZPPLIF_ZXPORF-L1,\VM-PF.IntUser\PDD 31-12-2024.IntPrj\Network Model.IntPrjfolder\Network Data.IntPrjfolder\NORTE 69 kV.ElmNet\69 kV Derivación Portela Pasta Linda.ElmLne,Tap Portela Pasta Linda,WXPORF,\VM-PF.IntUser\PDD 31-12-2024.IntPrj\Network Model.IntPrjfolder\Network Data.IntPrjfolder\NORTE 69 kV.ElmNet\Tap Portela Pasta Linda.ElmTerm,69 kV Portela Pastas Linda,WPPLIF,\VM-PF.IntUser\PDD 31-12-2024.IntPrj\Network Model.IntPrjfolder\Network Data.IntPrjfolder\NORTE 69 kV.ElmNet\69 kV Portela Pastas Linda.ElmTerm,0,CIBAO NORTE,NORTE,NORTE 69 kV,,P.MADERA TP-IG 55 P/69 - 4/0 ACSR,0.4000000059604645,1,0.3569999933242798,0.2664295434951782,0.10504413396120071,0.6192026734352112,0.18952204287052155,0.7793713212013245,1.4371875524520874,6.661338412448735e-17
69 kV Navarrete – ZF Esperanza_a,ZNAVAF_ZXPORF-L1,\VM-PF.IntUser\PDD 31-12-2024.IntPrj\Network Model.IntPrjfolder\Network Data.IntPrjfolder\NORTE 69 kV.ElmNet\69 kV Navarrete – ZF Esperanza_a.ElmLne,2,,\VM-PF.IntUser\PDD 31-12-2024.IntPrj\Network Model.IntPrjfolder\Network Data.IntPrjfolder\NORTE 69 kV.ElmNet\ZNAVAF.ElmSubstat\2.ElmTerm,Tap Portela Pasta Linda,WXPORF,\VM-PF.IntUser\PDD 31-12-2024.IntPrj\Network Model.IntPrjfolder\Network Data.IntPrjfolder\NORTE 69 kV.ElmNet\Tap Portela Pasta Linda.ElmTerm,0,CIBAO NORTE,NORTE,NORTE 69 kV,,P.MADERA TP-IG 55 P/69 - 4/0 ACSR,0.7599999904632568,1,0.3569999933242798,0.5062161087989807,0.19958385825157166,1.1764850616455078,0.3600918650627136,1.480805516242981,2.730656147003174,1.2656542321908107e-16
69 kV Derivación Imbert,ZIMBEF_ZXIMBF-L1,\VM-PF.IntUser\PDD 31-12-2024.IntPrj\Network Model.IntPrjfolder\Network Data.IntPrjfolder\NORTE 69 kV.ElmNet\69 kV Derivación Imbert.ElmLne,69 kV Imbert,WIMBEF,\VM-PF.IntUser\PDD 31-12-2024.IntPrj\Network Model.IntPrjfolder\Network Data.IntPrjfolder\NORTE 69 kV.ElmNet\69 kV Imbert.ElmTerm,Tap Imbert,WXIMBF,\VM-PF.IntUser\PDD 31-12-2024.IntPrj\Network Model.IntPrjfolder\Network Data.IntPrjfolder\NORTE 69 kV.ElmNet\Tap Imbert.ElmTerm,0,CIBAO NORTE,NORTE,NORTE 69 kV,,P.MADERA TP-IG 50 P/69 - 4/0 ACSR,1.350000023841858,1,0.3569999933242798,0.8994458317756653,0.3545241057872772,2.0889763832092285,0.6396371126174927,2.677072525024414,4.852100849151611,-7.494005548568705e-17
69 kV CZFI Santiago – SAJOMA_h,ZPIMCF_ZSJMAF-L1,\VM-PF.IntUser\PDD 31-12-2024.IntPrj\Network Model.IntPrjfolder\Network Data.IntPrjfolder\NORTE 69 kV.ElmNet\69 kV CZFI Santiago – SAJOMA_h.ElmLne,69 kV San José de las Matas,WSJMAF,\VM-PF.IntUser\PDD 31-12-2024.IntPrj\Network Model.IntPrjfolder\Network Data.IntPrjfolder\NORTE 69 kV.ElmNet\69 kV San José de las Matas.ElmTerm,Tap PIMCO,WXPMCF,\VM-PF.IntUser\PDD 31-12-2024.IntPrj\Network Model.IntPrjfolder\Network Data.IntPrjfolder\NORTE 69 kV.ElmNet\Tap PIMCO.ElmTerm,0,CIBAO NORTE,NORTE,NORTE 69 kV,,P.MADERA TP-IG 55 P/69 - 4/0 AAAC,28.0,1,0.3799999952316284,19.89942741394043,8.602449417114258,43.34418869018555,13.266542434692383,54.17496871948242,99.31415557861328,-1.5543122344752192e-15
69 kV Sosúa 2 – Sabaneta de Yásica_d,ZCABAF_ZSOSUF-L1,\VM-PF.IntUser\PDD 31-12-2024.IntPrj\Network Model.IntPrjfolder\Network Data.IntPrjfolder\NORTE 69 kV.ElmNet\69 kV Sosúa 2 – Sabaneta de Yásica_d.ElmLne,Tap Sosúa,WXSOSF,\VM-PF.IntUser\PDD 31-12-2024.IntPrj\Network Model.IntPrjfolder\Network Data.IntPrjfolder\NORTE 69 kV.ElmNet\Tap Sosúa.ElmTerm,Tap Cabarete,WXCBRF,\VM-PF.IntUser\PDD 31-12-2024.IntPrj\Network Model.IntPrjfolder\Network Data.IntPrjfolder\NORTE 69 kV.ElmNet\Tap Cabarete.ElmTerm,0,CIBAO NORTE,NORTE,NORTE 69 kV,,P.MADERA TP-IG 50 P/69 - 559 AAAC,12.880000114440918,1,0.6629999876022339,6.749206066131592,1.5011385679244995,19.507247924804688,5.493959426879883,26.384563446044922,50.57864761352539,-3.5749181710567396e-16
69 kV Derivación Hosp Metropilitano Stgo,ZHMSAF_ZXHMSF-L1,\VM-PF.IntUser\PDD 31-12-2024.IntPrj\Network Model.IntPrjfolder\Network Data.IntPrjfolder\NORTE 69 kV.ElmNet\69 kV Derivación Hosp Metropilitano Stgo.ElmLne,Tap Hospital Metropolitano Santiago,WXHMSF,\VM-PF.IntUser\PDD 31-12-2024.IntPrj\Network Model.IntPrjfolder\Network Data.IntPrjfolder\NORTE 69 kV.ElmNet\Tap Hospital Metropolitano Santiago.ElmTerm,69 kV Hospital Metropolitano Santiago,WHMSAF,\VM-PF.IntUser\PDD 31-12-2024.IntPrj\Network Model.IntPrjfolder\Network Data.IntPrjfolder\NORTE 69 kV.ElmNet\69 kV Hospital Metropolitano Santiago.ElmTerm,0,CIBAO NORTE,NORTE,NORTE 69 kV,,P.MADERA TVS-1/1C/69/1xF - 4/0 AAAC,0.14000000059604645,1,0.3799999952316284,0.09653230011463165,0.043020233511924744,0.22161012887954712,0.06506974250078201,0.260457307100296,0.5094587206840515,-1.94289030136583e-18
69 kV Derivación Pto Plata Electricidad,ZPPELF_ZXPPEF-L1,\VM-PF.IntUser\PDD 31-12-2024.IntPrj\Network Model.IntPrjfolder\Network Data.IntPrjfolder\NORTE 69 kV.ElmNet\69 kV Derivación Pto Plata Electricidad.ElmLne,69 kV Puerto Plata Electricidad,WPPELF,\VM-PF.IntUser\PDD 31-12-2024.IntPrj\Network Model.IntPrjfolder\Network Data.IntPrjfolder\NORTE 69 kV.ElmNet\69 kV Puerto Plata Electricidad.ElmTerm,Tap Puerto Plata Electricidad,WXPPEF,\VM-PF.IntUser\PDD 31-12-2024.IntPrj\Network Model.IntPrjfolder\Network Data.IntPrjfolder\NORTE 69 kV.ElmNet\Tap Puerto Plata Electricidad.ElmTerm,0,CIBAO NORTE,NORTE,NORTE 69 kV,,P.MADERA TP-IG 55 P/69 - 559 AAAC,0.05000000074505806,1,0.6629999876022339,0.02600369229912758,0.0058305165730416775,0.0753268226981163,0.02161673828959465,0.10139739513397217,0.19366244971752167,3.816391729867037e-18
69 kV Derivación Aero de Puerto Plata,ZAPPLF_ZXAPPF-L1,\VM-PF.IntUser\PDD 31-12-2024.IntPrj\Network Model.IntPrjfolder\Network Data.IntPrjfolder\NORTE 69 kV.ElmNet\69 kV Derivación Aero de Puerto Plata.ElmLne,Tap Aeropuerto de Puerto Plata,WXAPPF,\VM-PF.IntUser\PDD 31-12-2024.IntPrj\Network Model.IntPrjfolder\Network Data.IntPrjfolder\NORTE 69 kV.ElmNet\Tap Aeropuerto de Puerto Plata.ElmTerm,69 kV Aeropuerto de Puerto Plata,WAPPLF,\VM-PF.IntUser\PDD 31-12-2024.IntPrj\Network Model.IntPrjfolder\Network Data.IntPrjfolder\NORTE 69 kV.ElmNet\69 kV Aeropuerto de Puerto Plata.ElmTerm,0,CIBAO NORTE,NORTE,NORTE 69 kV,,P.MADERA TP-IG 55 P/69 - 4/0 ACSR,0.23999999463558197,1,0.3569999933242798,0.15985772013664246,0.06302648037672043,0.37152162194252014,0.11371321976184845,0.4676227867603302,0.8623124957084656,3.996802716596996e-17
69 kV Derivación Acueducto Sosúa,ZAISOF_ZXASOF-L1,\VM-PF.IntUser\PDD 31-12-2024.IntPrj\Network Model.IntPrjfolder\Network Data.IntPrjfolder\NORTE 69 kV.ElmNet\69 kV Derivación Acueducto Sosúa.ElmLne,Tap Acueducto de Sosúa,WXASOF,\VM-PF.IntUser\PDD 31-12-2024.IntPrj\Network Model.IntPrjfolder\Network Data.IntPrjfolder\NORTE 69 kV.ElmNet\Tap Acueducto de Sosúa.ElmTerm,69 kV Acueducto INAPA Sosúa,WAISOF,\VM-PF.IntUser\PDD 31-12-2024.IntPrj\Network Model.IntPrjfolder\Network Data.IntPrjfolder\NORTE 69 kV.ElmNet\69 kV Acueducto INAPA Sosúa.ElmTerm,0,CIBAO NORTE,NORTE,NORTE 69 kV,,P.MADERA TP-IG 55 P/69 - 4/0 ACSR,13.710000038146973,1,0.3569999933242798,9.131872177124023,3.6003878116607666,21.223173141479492,6.495867729187012,26.71295166015625,49.25960159301758,2.2831737094339407e-15
69 kV Derivación ZF de Gurabo,ZXZGUF_ZZGURF-L1,\VM-PF.IntUser\PDD 31-12-2024.IntPrj\Network Model.IntPrjfolder\Network Data.IntPrjfolder\NORTE 69 kV.ElmNet\69 kV Derivación ZF de Gurabo.ElmLne,Tap ZF Gurabo,WXZGUF,\VM-PF.IntUser\PDD 31-12-2024.IntPrj\Network Model.IntPrjfolder\Network Data.IntPrjfolder\NORTE 69 kV.ElmNet\Tap ZF Gurabo.ElmTerm,69 kV ZF de Gurabo,WZGURF,\VM-PF.IntUser\PDD 31-12-2024.IntPrj\Network Model.IntPrjfolder\Network Data.IntPrjfolder\NORTE 69 kV.ElmNet\69 kV ZF de Gurabo.ElmTerm,0,CIBAO NORTE,NORTE,NORTE 69 kV,,P.MADERA TP-IG 55 P/69 - 4/0 ACSR,4.389999866485596,1,0.3569999933242798,2.9240639209747314,1.1528593301773071,6.795749187469482,2.0800042152404785,8.553600311279297,15.77313232421875,7.310818659508303e-16
69 kV Derivación Pastas Princesa,ZPPRIF_ZXPPRF-L1,\VM-PF.IntUser\PDD 31-12-2024.IntPrj\Network Model.IntPrjfolder\Network Data.IntPrjfolder\NORTE 69 kV.ElmNet\69 kV Derivación Pastas Princesa.ElmLne,69 kV Pastas Princesa,WPPRIF,\VM-PF.IntUser\PDD 31-12-2024.IntPrj\Network Model.IntPrjfolder\Network Data.IntPrjfolder\NORTE 69 kV.ElmNet\69 kV Pastas Princesa.ElmTerm,Tap Pastas Princesa,WXPPRF,\VM-PF.IntUser\PDD 31-12-2024.IntPrj\Network Model.IntPrjfolder\Network Data.IntPrjfolder\NORTE 69 kV.ElmNet\Tap Pastas Princesa.ElmTerm,0,CIBAO NORTE,NORTE,NORTE 69 kV,,P.MADERA TP-IG 50 P/69 - 4/0 ACSR,0.23000000417232513,1,0.3569999933242798,0.1532389223575592,0.060400404036045074,0.3558996915817261,0.10897520929574966,0.45609384775161743,0.8266541957855225,-1.2767565014799872e-17
69 kV Derivación E León Jiménez_a,ZXLICF_ZXMVCF-L1,\VM-PF.IntUser\PDD 31-12-2024.IntPrj\Network Model.IntPrjfolder\Network Data.IntPrjfolder\NORTE 69 kV.ElmNet\69 kV Derivación E León Jiménez_a.ElmLne,Tap Licey,WXLICF,\VM-PF.IntUser\PDD 31-12-2024.IntPrj\Network Model.IntPrjfolder\Network Data.IntPrjfolder\NORTE 69 kV.ElmNet\Tap Licey.ElmTerm,Tap Molinos del Valle,WXMVCF,\VM-PF.IntUser\PDD 31-12-2024.IntPrj\Network Model.IntPrjfolder\Network Data.IntPrjfolder\NORTE 69 kV.ElmNet\Tap Molinos del Valle.ElmTerm,0,CIBAO NORTE,NORTE,NORTE 69 kV,,P.MADERA TP-IG 50 P/69 - 4/0 ACSR,1.3700000047683716,1,0.3569999933242798,0.9127709269523621,0.3597763180732727,2.119924306869507,0.6491132378578186,2.7167327404022217,4.923983573913574,-7.605027745152102e-17
69 kV Canabacoa – Playa Dorada_c,ZDPEDF_ZXZGUF-L1,\VM-PF.IntUser\PDD 31-12-2024.IntPrj\Network Model.IntPrjfolder\Network Data.IntPrjfolder\NORTE 69 kV.ElmNet\69 kV Canabacoa – Playa Dorada_c.ElmLne,Tap ZF Gurabo,WXZGUF,\VM-PF.IntUser\PDD 31-12-2024.IntPrj\Network Model.IntPrjfolder\Network Data.IntPrjfolder\NORTE 69 kV.ElmNet\Tap ZF Gurabo.ElmTerm,Tap Don Pedro,WXDPEF,\VM-PF.IntUser\PDD 31-12-2024.IntPrj\Network Model.IntPrjfolder\Network Data.IntPrjfolder\NORTE 69 kV.ElmNet\Tap Don Pedro.ElmTerm,0,CIBAO NORTE,NORTE,NORTE 69 kV,,P.MADERA TP-IG 50 P/69 - 4/0 ACSR,3.5899999141693115,1,0.3569999933242798,2.391859531402588,0.9427714943885803,5.555129528045654,1.7009608745574951,7.119029521942139,12.902993202209473,-1.9928502815565527e-16
69 kV Canabacoa – Unión Médica_c,ZUMEDF_ZVOLGF-L1,\VM-PF.IntUser\PDD 31-12-2024.IntPrj\Network Model.IntPrjfolder\Network Data.IntPrjfolder\NORTE 69 kV.ElmNet\69 kV Canabacoa – Unión Médica_c.ElmLne,Tap Villa Olga,WXVOLF,\VM-PF.IntUser\PDD 31-12-2024.IntPrj\Network Model.IntPrjfolder\Network Data.IntPrjfolder\NORTE 69 kV.ElmNet\Tap Villa Olga.ElmTerm,69 kV Unión Médica,WUMEDF,\VM-PF.IntUser\PDD 31-12-2024.IntPrj\Network Model.IntPrjfolder\Network Data.IntPrjfolder\NORTE 69 kV.ElmNet\69 kV Unión Médica.ElmTerm,0,CIBAO NORTE,NORTE,NORTE 69 kV,,P.MADERA TP-IG 55 P/69 - 4/0 ACSR,0.7599999904632568,1,0.3569999933242798,0.5062161087989807,0.19958385825157166,1.1764850616455078,0.3600918650627136,1.480805516242981,2.730656147003174,1.2656542321908107e-16
69 kV Derivación E León Jiménez_d,ZELJIF_ZXPPRF-L1,\VM-PF.IntUser\PDD 31-12-2024.IntPrj\Network Model.IntPrjfolder\Network Data.IntPrjfolder\NORTE 69 kV.ElmNet\69 kV Derivación E León Jiménez_d.ElmLne,Tap Pastas Princesa,WXPPRF,\VM-PF.IntUser\PDD 31-12-2024.IntPrj\Network Model.IntPrjfolder\Network Data.IntPrjfolder\NORTE 69 kV.ElmNet\Tap Pastas Princesa.ElmTerm,69 kV E León Jiménez,WELJIF,\VM-PF.IntUser\PDD 31-12-2024.IntPrj\Network Model.IntPrjfolder\Network Data.IntPrjfolder\NORTE 69 kV.ElmNet\69 kV E León Jiménez.ElmTerm,0,CIBAO NORTE,NORTE,NORTE 69 kV,,P.MADERA TP-IG 50 P/69 - 4/0 ACSR,2.450000047683716,1,0.3569999933242798,1.6323275566101074,0.6433956027030945,3.7911055088043213,1.160822868347168,4.858390808105469,8.8056640625,-1.3600232316355964e-16
69 kV Derivación E León Jiménez_b,ZMVCIF_ZZLICF-L1,\VM-PF.IntUser\PDD 31-12-2024.IntPrj\Network Model.IntPrjfolder\Network Data.IntPrjfolder\NORTE 69 kV.ElmNet\69 kV Derivación E León Jiménez_b.ElmLne,Tap Molinos del Valle,WXMVCF,\VM-PF.IntUser\PDD 31-12-2024.IntPrj\Network Model.IntPrjfolder\Network Data.IntPrjfolder\NORTE 69 kV.ElmNet\Tap Molinos del Valle.ElmTerm,Tap ZF Licey,WXZLIF,\VM-PF.IntUser\PDD 31-12-2024.IntPrj\Network Model.IntPrjfolder\Network Data.IntPrjfolder\NORTE 69 kV.ElmNet\Tap ZF Licey.ElmTerm,0,CIBAO NORTE,NORTE,NORTE 69 kV,,P.MADERA TP-IG 50 P/69 - 4/0 ACSR,0.23999999463558197,1,0.3569999933242798,0.1599014699459076,0.06302651017904282,0.37137356400489807,0.11371325701475143,0.47592398524284363,0.8625956177711487,-1.3322675997716858e-17
69 kV Canabacoa – Playa Dorada_b,ZDPEDF_ZXMVCF-L1,\VM-PF.IntUser\PDD 31-12-2024.IntPrj\Network Model.IntPrjfolder\Network Data.IntPrjfolder\NORTE 69 kV.ElmNet\69 kV Canabacoa – Playa Dorada_b.ElmLne,Tap Licey,WXLICF,\VM-PF.IntUser\PDD 31-12-2024.IntPrj\Network Model.IntPrjfolder\Network Data.IntPrjfolder\NORTE 69 kV.ElmNet\Tap Licey.ElmTerm,Tap Don Pedro,WXDPEF,\VM-PF.IntUser\PDD 31-12-2024.IntPrj\Network Model.IntPrjfolder\Network Data.IntPrjfolder\NORTE 69 kV.ElmNet\Tap Don Pedro.ElmTerm,0,CIBAO NORTE,NORTE,NORTE 69 kV,,P.MADERA TP-IG 50 P/69 - 4/0 ACSR,2.940000057220459,1,0.3569999933242798,1.9587931632995605,0.7720747590065002,4.549326419830322,1.3929874897003174,5.830069065093994,10.566797256469727,-1.6320278779627156e-16
69 kV Sosúa 2 – Sabaneta de Yásica_e,ZCABAF_ZSYASF-L1,\VM-PF.IntUser\PDD 31-12-2024.IntPrj\Network Model.IntPrjfolder\Network Data.IntPrjfolder\NORTE 69 kV.ElmNet\69 kV Sosúa 2 – Sabaneta de Yásica_e.ElmLne,Tap Cabarete,WXCBRF,\VM-PF.IntUser\PDD 31-12-2024.IntPrj\Network Model.IntPrjfolder\Network Data.IntPrjfolder\NORTE 69 kV.ElmNet\Tap Cabarete.ElmTerm,69 kV Sabaneta de Yásica,WSYASF,\VM-PF.IntUser\PDD 31-12-2024.IntPrj\Network Model.IntPrjfolder\Network Data.IntPrjfolder\NORTE 69 kV.ElmNet\69 kV Sabaneta de Yásica.ElmTerm,0,CIBAO NORTE,NORTE,NORTE 69 kV,,P.MADERA TP-IG 50 P/69 - 559 AAAC,10.5,1,0.6629999876022339,5.502070426940918,1.2237542867660522,15.902647972106934,4.478771209716797,21.5091552734375,41.23259353637695,-2.914335439641036e-16
69 kV Sosúa 2 – Sabaneta de Yásica_c,ZSOSUF_ZXASOF-L1,\VM-PF.IntUser\PDD 31-12-2024.IntPrj\Network Model.IntPrjfolder\Network Data.IntPrjfolder\NORTE 69 kV.ElmNet\69 kV Sosúa 2 – Sabaneta de Yásica_c.ElmLne,Tap Acueducto de Sosúa,WXASOF,\VM-PF.IntUser\PDD 31-12-2024.IntPrj\Network Model.IntPrjfolder\Network Data.IntPrjfolder\NORTE 69 kV.ElmNet\Tap Acueducto de Sosúa.ElmTerm,Tap Sosúa,WXSOSF,\VM-PF.IntUser\PDD 31-12-2024.IntPrj\Network Model.IntPrjfolder\Network Data.IntPrjfolder\NORTE 69 kV.ElmNet\Tap Sosúa.ElmTerm,0,CIBAO NORTE,NORTE,NORTE 69 kV,,P.MADERA TP-IG 50 P/69 - 559 AAAC,3.25,1,0.6629999876022339,1.703021764755249,0.3787810802459717,4.922248363494873,1.3862862586975098,6.657595634460449,12.762469291687012,-9.020562075079397e-17
69 kV Playa Dorada – Sosúa 2_b,ZXAPPF_ZXASOF-L1,\VM-PF.IntUser\PDD 31-12-2024.IntPrj\Network Model.IntPrjfolder\Network Data.IntPrjfolder\NORTE 69 kV.ElmNet\69 kV Playa Dorada – Sosúa 2_b.ElmLne,Tap Aeropuerto de Puerto Plata,WXAPPF,\VM-PF.IntUser\PDD 31-12-2024.IntPrj\Network Model.IntPrjfolder\Network Data.IntPrjfolder\NORTE 69 kV.ElmNet\Tap Aeropuerto de Puerto Plata.ElmTerm,Tap 1 Sosúa 2,WXSO1F,\VM-PF.IntUser\PDD 31-12-2024.IntPrj\Network Model.IntPrjfolder\Network Data.IntPrjfolder\NORTE 69 kV.ElmNet\Tap 1 Sosúa 2.ElmTerm,0,CIBAO NORTE,NORTE,NORTE 69 kV,,P.MADERA TP-IG 50 P/69 - 559 AAAC,2.7899999618530273,1,0.6629999876022339,1.4619786739349365,0.32516899704933167,4.225560665130615,1.1900734901428223,5.71528959274292,10.95608901977539,-7.743805490881348e-17
69 kV Playa Dorada – Sosúa 2_a,ZPDORF_ZXAPPF-L1,\VM-PF.IntUser\PDD 31-12-2024.IntPrj\Network Model.IntPrjfolder\Network Data.IntPrjfolder\NORTE 69 kV.ElmNet\69 kV Playa Dorada – Sosúa 2_a.ElmLne,1,,\VM-PF.IntUser\PDD 31-12-2024.IntPrj\Network Model.IntPrjfolder\Network Data.IntPrjfolder\NORTE 69 kV.ElmNet\ZPDORF.ElmSubstat\1.ElmTerm,Tap Aeropuerto de Puerto Plata,WXAPPF,\VM-PF.IntUser\PDD 31-12-2024.IntPrj\Network Model.IntPrjfolder\Network Data.IntPrjfolder\NORTE 69 kV.ElmNet\Tap Aeropuerto de Puerto Plata.ElmTerm,0,CIBAO NORTE,NORTE,NORTE 69 kV,,P.MADERA TP-IG 50 P/69 - 559 AAAC,11.829999923706055,1,0.6629999876022339,6.198998928070068,1.378763198852539,17.916982650756836,5.046082019805908,24.2336483001709,46.455387115478516,-3.283484574153077e-16
69 kV Derivación Caribbean Ind Park,ZCIPAF_ZXCCIF-L1,\VM-PF.IntUser\PDD 31-12-2024.IntPrj\Network Model.IntPrjfolder\Network Data.IntPrjfolder\NORTE 69 kV.ElmNet\69 kV Derivación Caribbean Ind Park.ElmLne,Tap Parque Industrial,WXPICF,\VM-PF.IntUser\PDD 31-12-2024.IntPrj\Network Model.IntPrjfolder\Network Data.IntPrjfolder\NORTE 69 kV.ElmNet\Tap Parque Industrial.ElmTerm,69 kV Caribbean Ind Park,WCIPAF,\VM-PF.IntUser\PDD 31-12-2024.IntPrj\Network Model.IntPrjfolder\Network Data.IntPrjfolder\NORTE 69 kV.ElmNet\69 kV Caribbean Ind Park.ElmTerm,0,CIBAO NORTE,NORTE,NORTE 69 kV,,P.MADERA TP-IG 50 P/69 - 2/0 ACSR,0.5199999809265137,1,0.26499998569488525,0.4266371726989746,0.2167414128780365,0.8138262629508972,0.2555622458457947,1.0091279745101929,1.797727346420288,-3.608224697682861e-17
69 kV Derivación Maimón,ZMAIMF_ZXMAIF-L1,\VM-PF.IntUser\PDD 31-12-2024.IntPrj\Network Model.IntPrjfolder\Network Data.IntPrjfolder\NORTE 69 kV.ElmNet\69 kV Derivación Maimón.ElmLne,Tap Maimón,WXMAIF,\VM-PF.IntUser\PDD 31-12-2024.IntPrj\Network Model.IntPrjfolder\Network Data.IntPrjfolder\NORTE 69 kV.ElmNet\Tap Maimón.ElmTerm,69 kV Maimón,WMAIMF,\VM-PF.IntUser\PDD 31-12-2024.IntPrj\Network Model.IntPrjfolder\Network Data.IntPrjfolder\NORTE 69 kV.ElmNet\69 kV Maimón.ElmTerm,0,CIBAO SUR,NORTE,NORTE 69 kV,,P.MADERA TP-IG 50 P/69 - 4/0 AAAC,0.28999999165534973,1,0.3799999952316284,0.20615407824516296,0.08909682929515839,0.44874307513237,0.13740351796150208,0.570988655090332,1.028944730758667,3.2196466787687254e-17
69 kV SFM – El Chivo_b,ZECHIF_ZXECHF-L1,\VM-PF.IntUser\PDD 31-12-2024.IntPrj\Network Model.IntPrjfolder\Network Data.IntPrjfolder\NORTE 69 kV.ElmNet\69 kV SFM – El Chivo_b.ElmLne,Tap El Chivo,WXECHF,\VM-PF.IntUser\PDD 31-12-2024.IntPrj\Network Model.IntPrjfolder\Network Data.IntPrjfolder\NORTE 69 kV.ElmNet\Tap El Chivo.ElmTerm,69 kV El Chivo,WECHIF,\VM-PF.IntUser\PDD 31-12-2024.IntPrj\Network Model.IntPrjfolder\Network Data.IntPrjfolder\NORTE 69 kV.ElmNet\ZECHIF.ElmSubstat\69 kV El Chivo.ElmTerm,0,CIBAO NORESTE,NORTE,NORTE 69 kV,,P.MADERA TP-IG 50 P/69 - 559 AAAC,1.409999966621399,1,0.6629999876022339,0.738849401473999,0.16433271765708923,2.135498523712158,0.6014349460601807,2.8883721828460693,5.536948204040527,-3.913536069159448e-17
69 kV Derivación Grupo Ramos SFM,ZGRSFF_ZXGRSF-L1,\VM-PF.IntUser\PDD 31-12-2024.IntPrj\Network Model.IntPrjfolder\Network Data.IntPrjfolder\NORTE 69 kV.ElmNet\69 kV Derivación Grupo Ramos SFM.ElmLne,69 kV Grupo Ramos SFM,WGRSFF,\VM-PF.IntUser\PDD 31-12-2024.IntPrj\Network Model.IntPrjfolder\Network Data.IntPrjfolder\NORTE 69 kV.ElmNet\69 kV Grupo Ramos SFM.ElmTerm,Tap Grupo Ramos,WXGRSF,\VM-PF.IntUser\PDD 31-12-2024.IntPrj\Network Model.IntPrjfolder\Network Data.IntPrjfolder\NORTE 69 kV.ElmNet\Tap Grupo Ramos.ElmTerm,0,CIBAO NORESTE,NORTE,NORTE 69 kV,,P.MADERA TVS/1C/69/1xF - 4/0 AAAC,0.3100000023841858,1,0.3799999952316284,0.2178090512752533,0.09511981159448624,0.4923577904701233,0.14164841175079346,0.5800044536590576,1.1372257471084595,-3.441691402807765e-17
69 kV Derivación CODAL,ZCODAF_ZXCDLF-L1,\VM-PF.IntUser\PDD 31-12-2024.IntPrj\Network Model.IntPrjfolder\Network Data.IntPrjfolder\NORTE 69 kV.ElmNet\69 kV Derivación CODAL.ElmLne,Tap CODAL,WXCDLF,\VM-PF.IntUser\PDD 31-12-2024.IntPrj\Network Model.IntPrjfolder\Network Data.IntPrjfolder\NORTE 69 kV.ElmNet\Tap CODAL.ElmTerm,69 kV CODAL,WCODAF,\VM-PF.IntUser\PDD 31-12-2024.IntPrj\Network Model.IntPrjfolder\Network Data.IntPrjfolder\NORTE 69 kV.ElmNet\ZCODAF.ElmSubstat\69 kV CODAL.ElmTerm,0,CIBAO NORESTE,NORTE,NORTE 69 kV,,P.MADERA TP-IG 50 P/69 - 4/0 AAAC,0.20000000298023224,1,0.3799999952316284,0.14217522740364075,0.061446093022823334,0.3094779849052429,0.09476105123758316,0.3937852680683136,0.7096171379089355,2.2204460823375376e-17
69 kV Pimentel – SFM_b,ZXCDLF_ZXGRSF-L1,\VM-PF.IntUser\PDD 31-12-2024.IntPrj\Network Model.IntPrjfolder\Network Data.IntPrjfolder\NORTE 69 kV.ElmNet\69 kV Pimentel – SFM_b.ElmLne,Tap Grupo Ramos,WXGRSF,\VM-PF.IntUser\PDD 31-12-2024.IntPrj\Network Model.IntPrjfolder\Network Data.IntPrjfolder\NORTE 69 kV.ElmNet\Tap Grupo Ramos.ElmTerm,Tap CODAL,WXCDLF,\VM-PF.IntUser\PDD 31-12-2024.IntPrj\Network Model.IntPrjfolder\Network Data.IntPrjfolder\NORTE 69 kV.ElmNet\Tap CODAL.ElmTerm,0,CIBAO NORESTE,NORTE,NORTE 69 kV,,P.MADERA TP-IG 55 P/69 - 559 AAAC,3.319999933242798,1,0.6629999876022339,1.7266451120376587,0.3871462941169739,5.0017008781433105,1.4353513717651367,6.732786655426025,12.859186172485352,2.5340840854706553e-16
69 kV Pimentel – SFM_c,ZXECHF_ZXGRSF-L1,\VM-PF.IntUser\PDD 31-12-2024.IntPrj\Network Model.IntPrjfolder\Network Data.IntPrjfolder\NORTE 69 kV.ElmNet\69 kV Pimentel – SFM_c.ElmLne,4,,\VM-PF.IntUser\PDD 31-12-2024.IntPrj\Network Model.IntPrjfolder\Network Data.IntPrjfolder\NORTE 138 kV.ElmNet\SFM.ElmSite\ZSFMAF.ElmSubstat\4.ElmTerm,Tap Grupo Ramos,WXGRSF,\VM-PF.IntUser\PDD 31-12-2024.IntPrj\Network Model.IntPrjfolder\Network Data.IntPrjfolder\NORTE 69 kV.ElmNet\Tap Grupo Ramos.ElmTerm,0,CIBAO NORESTE,NORTE,NORTE 69 kV,,P.CONCRETO TVS-1/1C/69/1xF - 559 AAAC,5.420000076293945,1,0.6629999876022339,2.7040185928344727,0.632337212562561,8.354708671569824,2.2943594455718994,10.551518440246582,21.59757423400879,0.0
69 kV Pimentel – Abanico_a,ZPIMEF_ZXPIMF-L1,\VM-PF.IntUser\PDD 31-12-2024.IntPrj\Network Model.IntPrjfolder\Network Data.IntPrjfolder\NORTE 69 kV.ElmNet\69 kV Pimentel – Abanico_a.ElmLne,3,,\VM-PF.IntUser\PDD 31-12-2024.IntPrj\Network Model.IntPrjfolder\Network Data.IntPrjfolder\NORTE 69 kV.ElmNet\ZPIMEF.ElmSubstat\3.ElmTerm,Tap Pimentel,WXPIMF,\VM-PF.IntUser\PDD 31-12-2024.IntPrj\Network Model.IntPrjfolder\Network Data.IntPrjfolder\NORTE 69 kV.ElmNet\Tap Pimentel.ElmTerm,0,CIBAO NORESTE,NORTE,NORTE 69 kV,,P.MADERA TP-IG 50 P/69 - 4/0 CU,2.4000000953674316,1,0.47999998927116394,1.423670768737793,0.45492109656333923,3.713728427886963,1.1371251344680786,4.725423336029053,8.515405654907227,2.664535364979494e-16
69 kV Pimentel – Abanico_b,ZAPERF_ZXPI2F-L1,\VM-PF.IntUser\PDD 31-12-2024.IntPrj\Network Model.IntPrjfolder\Network Data.IntPrjfolder\NORTE 69 kV.ElmNet\69 kV Pimentel – Abanico_b.ElmLne,Tap Pimentel,WXPIMF,\VM-PF.IntUser\PDD 31-12-2024.IntPrj\Network Model.IntPrjfolder\Network Data.IntPrjfolder\NORTE 69 kV.ElmNet\Tap Pimentel.ElmTerm,69 kV Abanico PER,WAPERF,\VM-PF.IntUser\PDD 31-12-2024.IntPrj\Network Model.IntPrjfolder\Network Data.IntPrjfolder\NORTE 69 kV.ElmNet\ZABANF.ElmSubstat\69 kV Abanico PER.ElmTerm,0,CIBAO NORESTE,NORTE,NORTE 69 kV,,P.MADERA TP-IG 55 P/69 - 559 AAAC,18.43000030517578,1,0.6629999876022339,9.5849609375,2.1491284370422363,27.765466690063477,7.967929840087891,37.37508010864258,71.38397979736328,1.4067220373720777e-15
69 kV Hatillo – Pimentel_b,ZCOTUF_ZPIMEF-L1,\VM-PF.IntUser\PDD 31-12-2024.IntPrj\Network Model.IntPrjfolder\Network Data.IntPrjfolder\NORTE 69 kV.ElmNet\69 kV Hatillo – Pimentel_b.ElmLne,Tap Cotuí,WXCOTF,\VM-PF.IntUser\PDD 31-12-2024.IntPrj\Network Model.IntPrjfolder\Network Data.IntPrjfolder\NORTE 69 kV.ElmNet\Tap Cotuí.ElmTerm,Tap Cotuí 2,WXTC2F,\VM-PF.IntUser\PDD 31-12-2024.IntPrj\Network Model.IntPrjfolder\Network Data.IntPrjfolder\NORTE 69 kV.ElmNet\Tap Cotuí 2.ElmTerm,0,CIBAO SUR,NORTE,NORTE 69 kV,,P.MADERA TP-IG 55 P/69 - 4/0 AAAC,4.0,1,0.3799999952316284,2.842775344848633,1.2289214134216309,6.1920270919799805,1.895220398902893,7.73928165435791,14.187737464904785,-2.220446049250313e-16
69 kV Hatillo – Pimentel_a,ZCOTUF_ZHATIF-L1,\VM-PF.IntUser\PDD 31-12-2024.IntPrj\Network Model.IntPrjfolder\Network Data.IntPrjfolder\NORTE 69 kV.ElmNet\69 kV Hatillo – Pimentel_a.ElmLne,Tap Cotuí,WXCOTF,\VM-PF.IntUser\PDD 31-12-2024.IntPrj\Network Model.IntPrjfolder\Network Data.IntPrjfolder\NORTE 69 kV.ElmNet\Tap Cotuí.ElmTerm,Tap Cotuí 3,WXTC3F,\VM-PF.IntUser\PDD 31-12-2024.IntPrj\Network Model.IntPrjfolder\Network Data.IntPrjfolder\NORTE 69 kV.ElmNet\Tap Cotuí 3.ElmTerm,0,CIBAO SUR,NORTE,NORTE 69 kV,,P.MADERA TP-IG 55 P/69 - 4/0 AAAC,0.10000000149011612,1,0.3799999952316284,0.0710693821310997,0.03072303533554077,0.154800683259964,0.047380510717630386,0.19348204135894775,0.3546934425830841,-5.551115205843844e-18
69 kV Bonao 2 – Hatillo_e,ZLLAGF_ZXCORF-L1,\VM-PF.IntUser\PDD 31-12-2024.IntPrj\Network Model.IntPrjfolder\Network Data.IntPrjfolder\NORTE 69 kV.ElmNet\69 kV Bonao 2 – Hatillo_e.ElmLne,Tap CORMIDOM,WXCORF,\VM-PF.IntUser\PDD 31-12-2024.IntPrj\Network Model.IntPrjfolder\Network Data.IntPrjfolder\NORTE 69 kV.ElmNet\Tap CORMIDOM.ElmTerm,Tap Las Lagunas,WXLLAF,\VM-PF.IntUser\PDD 31-12-2024.IntPrj\Network Model.IntPrjfolder\Network Data.IntPrjfolder\NORTE 69 kV.ElmNet\Tap Las Lagunas.ElmTerm,0,CIBAO SUR,NORTE,NORTE 69 kV,,P.MADERA TP-IG 50 P/69 - 559 AAAC,10.300000190734863,1,0.6629999876022339,5.397268772125244,1.2004446983337402,15.599740982055664,4.393461227416992,21.099456787109375,40.44721221923828,-2.8588243413493373e-16
69 kV Bonao 2 – Hatillo_d,ZXCORF_ZXMAIF-L1,\VM-PF.IntUser\PDD 31-12-2024.IntPrj\Network Model.IntPrjfolder\Network Data.IntPrjfolder\NORTE 69 kV.ElmNet\69 kV Bonao 2 – Hatillo_d.ElmLne,Tap Maimón,WXMAIF,\VM-PF.IntUser\PDD 31-12-2024.IntPrj\Network Model.IntPrjfolder\Network Data.IntPrjfolder\NORTE 69 kV.ElmNet\Tap Maimón.ElmTerm,Tap CORMIDOM,WXCORF,\VM-PF.IntUser\PDD 31-12-2024.IntPrj\Network Model.IntPrjfolder\Network Data.IntPrjfolder\NORTE 69 kV.ElmNet\Tap CORMIDOM.ElmTerm,0,CIBAO SUR,NORTE,NORTE 69 kV,,P.MADERA TP-IG 50 P/69 - 559 AAAC,3.09999942779541,1,0.6629999876022339,1.624420404434204,0.3612988293170929,4.695066928863525,1.3223036527633667,6.350320816040039,12.173430442810059,-8.604226852658187e-17
69 kV Bonao 2 – Hatillo_c,ZXMAIF_ZXLCBF-L1,\VM-PF.IntUser\PDD 31-12-2024.IntPrj\Network Model.IntPrjfolder\Network Data.IntPrjfolder\NORTE 69 kV.ElmNet\69 kV Bonao 2 – Hatillo_c.ElmLne,Tap La Cumbre Bonao,WXLCBF,\VM-PF.IntUser\PDD 31-12-2024.IntPrj\Network Model.IntPrjfolder\Network Data.IntPrjfolder\NORTE 69 kV.ElmNet\Tap La Cumbre Bonao.ElmTerm,Tap Maimón,WXMAIF,\VM-PF.IntUser\PDD 31-12-2024.IntPrj\Network Model.IntPrjfolder\Network Data.IntPrjfolder\NORTE 69 kV.ElmNet\Tap Maimón.ElmTerm,0,CIBAO SUR,NORTE,NORTE 69 kV,,P.MADERA TP-IG 50 P/69 - 559 AAAC,8.420000076293945,1,0.6629999876022339,4.412136554718018,0.981334388256073,12.752409934997559,3.591547966003418,17.248294830322266,33.064613342285156,-2.337019488011778e-16
69 kV Derivación La Cumbre Bonao,ZLCBOF_ZXLCBF-L1,\VM-PF.IntUser\PDD 31-12-2024.IntPrj\Network Model.IntPrjfolder\Network Data.IntPrjfolder\NORTE 69 kV.ElmNet\69 kV Derivación La Cumbre Bonao.ElmLne,Tap La Cumbre Bonao,WXLCBF,\VM-PF.IntUser\PDD 31-12-2024.IntPrj\Network Model.IntPrjfolder\Network Data.IntPrjfolder\NORTE 69 kV.ElmNet\Tap La Cumbre Bonao.ElmTerm,69 kV La Cumbre Bonao,WLCBOF,\VM-PF.IntUser\PDD 31-12-2024.IntPrj\Network Model.IntPrjfolder\Network Data.IntPrjfolder\NORTE 69 kV.ElmNet\69 kV La Cumbre Bonao.ElmTerm,0,CIBAO SUR,NORTE,NORTE 69 kV,,P.MADERA TP-IG 50 P/69 - 4/0 AAAC,20.299999237060547,1,0.3799999952316284,14.430785179138184,6.236778259277344,31.41201400756836,9.618246078491211,39.96920394897461,72.02613067626953,2.253752655285773e-15
69 kV Nagua 2 – Payita_b,ZNAGUF_ZPAYIF-L1,\VM-PF.IntUser\PDD 31-12-2024.IntPrj\Network Model.IntPrjfolder\Network Data.IntPrjfolder\NORTE 69 kV.ElmNet\69 kV Nagua 2 – Payita_b.ElmLne,69 kV Payita,WPAYIF,\VM-PF.IntUser\PDD 31-12-2024.IntPrj\Network Model.IntPrjfolder\Network Data.IntPrjfolder\NORTE 69 kV.ElmNet\ZPAYIF.ElmSubstat\69 kV Payita.ElmTerm,Tap Nagua,WXNAGF,\VM-PF.IntUser\PDD 31-12-2024.IntPrj\Network Model.IntPrjfolder\Network Data.IntPrjfolder\NORTE 69 kV.ElmNet\Tap Nagua.ElmTerm,0,CIBAO NORESTE,NORTE,NORTE 69 kV,,P.MADERA TP-IG 55 P/69 - 559 AAAC,22.649999618530273,1,0.6629999876022339,11.779671669006348,2.641223907470703,34.123046875,9.79238224029541,45.93301773071289,87.72908782958984,1.7288253738068386e-15
69 kV La Vega – Constanza_a,ZLVEGF_ZXJIMF-L1,\VM-PF.IntUser\PDD 31-12-2024.IntPrj\Network Model.IntPrjfolder\Network Data.IntPrjfolder\NORTE 69 kV.ElmNet\69 kV La Vega – Constanza_a.ElmLne,6,,\VM-PF.IntUser\PDD 31-12-2024.IntPrj\Network Model.IntPrjfolder\Network Data.IntPrjfolder\NORTE 69 kV.ElmNet\ZLVEGF.ElmSubstat\6.ElmTerm,Tap Jimenoa,WXJIMF,\VM-PF.IntUser\PDD 31-12-2024.IntPrj\Network Model.IntPrjfolder\Network Data.IntPrjfolder\NORTE 69 kV.ElmNet\Tap Jimenoa.ElmTerm,0,CIBAO SUR,NORTE,NORTE 69 kV,,T.ACERO S1/69/1xF-559.5 MCM,17.700000762939453,1,0.6629999876022339,7.497124195098877,2.0528955459594727,25.84280776977539,8.805978775024414,33.127655029296875,58.95390319824219,-7.369105643586832e-16
69 kV La Vega – Constanza_e,ZCONSF_ZTIREF-L1,\VM-PF.IntUser\PDD 31-12-2024.IntPrj\Network Model.IntPrjfolder\Network Data.IntPrjfolder\NORTE 69 kV.ElmNet\69 kV La Vega – Constanza_e.ElmLne,69 kV Constanza,WCONSF,\VM-PF.IntUser\PDD 31-12-2024.IntPrj\Network Model.IntPrjfolder\Network Data.IntPrjfolder\NORTE 69 kV.ElmNet\Constanza/El Salto.ElmSite\ZCONSF.ElmSubstat\69 kV Constanza.ElmTerm,Tap Tireo,WXTIRF,\VM-PF.IntUser\PDD 31-12-2024.IntPrj\Network Model.IntPrjfolder\Network Data.IntPrjfolder\NORTE 69 kV.ElmNet\Tap Tireo.ElmTerm,0,CIBAO SUR,NORTE,NORTE 69 kV,,P.MADERA/69 TH-1G- 2/0 AAAC,6.210000038146973,1,0.2849999964237213,5.942741394042969,3.032902240753174,8.070878028869629,3.25766658782959,13.975831031799316,19.907712936401367,-2.585432016826599e-16
69 kV Canabacoa – La Vega Generadora_d,ZGVEGF_ZZLVEF-L1,\VM-PF.IntUser\PDD 31-12-2024.IntPrj\Network Model.IntPrjfolder\Network Data.IntPrjfolder\NORTE 69 kV.ElmNet\69 kV Canabacoa – La Vega Generadora_d.ElmLne,Tap ZF La Vega,WXZLVF,\VM-PF.IntUser\PDD 31-12-2024.IntPrj\Network Model.IntPrjfolder\Network Data.IntPrjfolder\NORTE 69 kV.ElmNet\Tap ZF La Vega.ElmTerm,R3,,\VM-PF.IntUser\PDD 31-12-2024.IntPrj\Network Model.IntPrjfolder\Network Data.IntPrjfolder\NORTE 69 kV.ElmNet\Diésel La Vega.ElmSite\ZGVEGF.ElmSubstat\R3.ElmTerm,0,CIBAO SUR,NORTE,NORTE 69 kV,,P.MADERA TP-IG 50 P/69 - 559 AAAC,0.75,1,0.5999999642372131,0.39300501346588135,0.08741102367639542,1.1359034776687622,0.31991222500801086,1.5363682508468628,2.9451851844787598,-2.0816681711721685e-17
69 kV Canabacoa – La Vega Generadora_c,ZXCTAF_ZZLVEF-L1,\VM-PF.IntUser\PDD 31-12-2024.IntPrj\Network Model.IntPrjfolder\Network Data.IntPrjfolder\NORTE 69 kV.ElmNet\69 kV Canabacoa – La Vega Generadora_c.ElmLne,Tap ZF La Vega,WXZLVF,\VM-PF.IntUser\PDD 31-12-2024.IntPrj\Network Model.IntPrjfolder\Network Data.IntPrjfolder\NORTE 69 kV.ElmNet\Tap ZF La Vega.ElmTerm,Tap La Penda,WXLPEF,\VM-PF.IntUser\PDD 31-12-2024.IntPrj\Network Model.IntPrjfolder\Network Data.IntPrjfolder\NORTE 69 kV.ElmNet\Tap La Penda.ElmTerm,0,CIBAO SUR,NORTE,NORTE 69 kV,,P.MADERA TP-IG 50 P/69 - 559 AAAC,10.399999618530273,1,0.5999999642372131,5.449669361114502,1.2120994329452515,15.75119400024414,4.436115741729736,21.304306030273438,40.839900970458984,-2.8865797581462886e-16
69 kV Canabacoa – La Vega Generadora_b,ZXCTAF_ZZLVEF-L1_a,\VM-PF.IntUser\PDD 31-12-2024.IntPrj\Network Model.IntPrjfolder\Network Data.IntPrjfolder\NORTE 69 kV.ElmNet\69 kV Canabacoa – La Vega Generadora_b.ElmLne,Tap La Penda,WXLPEF,\VM-PF.IntUser\PDD 31-12-2024.IntPrj\Network Model.IntPrjfolder\Network Data.IntPrjfolder\NORTE 69 kV.ElmNet\Tap La Penda.ElmTerm,Tap Cruce Tavera,WXCTAF,\VM-PF.IntUser\PDD 31-12-2024.IntPrj\Network Model.IntPrjfolder\Network Data.IntPrjfolder\NORTE 69 kV.ElmNet\Tap Cruce Tavera.ElmTerm,0,CIBAO SUR,NORTE,NORTE 69 kV,,P.MADERA TP-IG 50 P/69 - 559 AAAC,2.270000457763672,1,0.5999999642372131,1.1894954442977905,0.26456406712532043,3.438001871109009,0.9682678580284119,4.650075435638428,8.914095878601074,-6.300516935297184e-17
69 kV La Vega – Constanza_b,ZPBAJF_ZXJIMF-L1,\VM-PF.IntUser\PDD 31-12-2024.IntPrj\Network Model.IntPrjfolder\Network Data.IntPrjfolder\NORTE 69 kV.ElmNet\69 kV La Vega – Constanza_b.ElmLne,Tap Jimenoa,WXJIMF,\VM-PF.IntUser\PDD 31-12-2024.IntPrj\Network Model.IntPrjfolder\Network Data.IntPrjfolder\NORTE 69 kV.ElmNet\Tap Jimenoa.ElmTerm,Tap Paso Bajito,WXPBAF,\VM-PF.IntUser\PDD 31-12-2024.IntPrj\Network Model.IntPrjfolder\Network Data.IntPrjfolder\NORTE 69 kV.ElmNet\Tap Paso Bajito.ElmTerm,0,CIBAO SUR,NORTE,NORTE 69 kV,,P.MADERA/69 TH-1G- 2/0 CU,4.559999942779541,1,0.36000001430511475,3.512993097305298,1.376299500465393,5.925891876220703,2.3915529251098633,10.262445449829102,14.618224143981934,-1.898481414460665e-16
69 kV La Vega – SFM_a,ZLVEGF_ZLVPEF-L1,\VM-PF.IntUser\PDD 31-12-2024.IntPrj\Network Model.IntPrjfolder\Network Data.IntPrjfolder\NORTE 69 kV.ElmNet\69 kV La Vega – SFM_a.ElmLne,2,,\VM-PF.IntUser\PDD 31-12-2024.IntPrj\Network Model.IntPrjfolder\Network Data.IntPrjfolder\NORTE 69 kV.ElmNet\ZLVEGF.ElmSubstat\2.ElmTerm,Tap La Vega Per,WXLVPF,\VM-PF.IntUser\PDD 31-12-2024.IntPrj\Network Model.IntPrjfolder\Network Data.IntPrjfolder\NORTE 69 kV.ElmNet\Tap La Vega Per.ElmTerm,0,CIBAO SUR,NORTE,NORTE 69 kV,,P.MADERA TP-IG 50 P/69 - 559 AAAC,2.180000066757202,1,0.6629999876022339,1.1423345804214478,0.25407472252845764,3.3016927242279053,0.9298782348632812,4.465710639953613,8.56067180633545,-6.05071566949556e-17
69 kV Derivación Bonao,ZBONAF_ZBPERF-L1,\VM-PF.IntUser\PDD 31-12-2024.IntPrj\Network Model.IntPrjfolder\Network Data.IntPrjfolder\NORTE 69 kV.ElmNet\69 kV Derivación Bonao.ElmLne,Tap Bonao,WXBONF,\VM-PF.IntUser\PDD 31-12-2024.IntPrj\Network Model.IntPrjfolder\Network Data.IntPrjfolder\NORTE 69 kV.ElmNet\Tap Bonao.ElmTerm,69 kV Bonao,WBONAF,\VM-PF.IntUser\PDD 31-12-2024.IntPrj\Network Model.IntPrjfolder\Network Data.IntPrjfolder\NORTE 69 kV.ElmNet\69 kV Bonao.ElmTerm,0,CIBAO SUR,NORTE,NORTE 69 kV,,P.MADERA TP-1G/69 /1xF - 1/0 CU,2.5199999809265137,1,0.3100000023841858,1.9746510982513428,0.9565256237983704,3.9634945392608643,1.2613619565963745,4.810562610626221,8.4360990524292,0.0
69 kV Derivación Bonao Per_a,ZBPERF_ZXBPEF-L1,\VM-PF.IntUser\PDD 31-12-2024.IntPrj\Network Model.IntPrjfolder\Network Data.IntPrjfolder\NORTE 69 kV.ElmNet\69 kV Derivación Bonao Per_a.ElmLne,Tap Bonao Per,WXBPEF,\VM-PF.IntUser\PDD 31-12-2024.IntPrj\Network Model.IntPrjfolder\Network Data.IntPrjfolder\NORTE 69 kV.ElmNet\Tap Bonao Per.ElmTerm,Tap Bonao,WXBONF,\VM-PF.IntUser\PDD 31-12-2024.IntPrj\Network Model.IntPrjfolder\Network Data.IntPrjfolder\NORTE 69 kV.ElmNet\Tap Bonao.ElmTerm,0,CIBAO SUR,NORTE,NORTE 69 kV,,P.MADERA TP-IG 50 P/69 - 4/0 AAAC,2.130000114440918,1,0.3799999952316284,1.5141663551330566,0.6544008851051331,3.295940637588501,1.0092052221298218,4.193813323974609,7.557422637939453,2.3647751695065255e-16
69 kV La Vega – ZF Dos Ríos_b,ZXBPEF_ZXRINF-L1,\VM-PF.IntUser\PDD 31-12-2024.IntPrj\Network Model.IntPrjfolder\Network Data.IntPrjfolder\NORTE 69 kV.ElmNet\69 kV La Vega – ZF Dos Ríos_b.ElmLne,Tap Las Marías,WXLMAF,\VM-PF.IntUser\PDD 31-12-2024.IntPrj\Network Model.IntPrjfolder\Network Data.IntPrjfolder\NORTE 69 kV.ElmNet\Tap Las Marías.ElmTerm,Tap Bonao Per,WXBPEF,\VM-PF.IntUser\PDD 31-12-2024.IntPrj\Network Model.IntPrjfolder\Network Data.IntPrjfolder\NORTE 69 kV.ElmNet\Tap Bonao Per.ElmTerm,1,CIBAO SUR,NORTE,NORTE 69 kV,,P.MADERA TP-IG 50 P/69 - 559 AAAC,0.38999998569488525,1,0.6629999876022339,0.20436260104179382,0.04545373097062111,0.5906697511672974,0.16635434329509735,0.798911452293396,1.531496286392212,-1.0824674093048582e-17
69 kV La Vega – Constanza_c,ZERIOF_ZPBAJF-L1,\VM-PF.IntUser\PDD 31-12-2024.IntPrj\Network Model.IntPrjfolder\Network Data.IntPrjfolder\NORTE 69 kV.ElmNet\69 kV La Vega – Constanza_c.ElmLne,Tap Paso Bajito,WXPBAF,\VM-PF.IntUser\PDD 31-12-2024.IntPrj\Network Model.IntPrjfolder\Network Data.IntPrjfolder\NORTE 69 kV.ElmNet\Tap Paso Bajito.ElmTerm,Tap El Río,WXERIF,\VM-PF.IntUser\PDD 31-12-2024.IntPrj\Network Model.IntPrjfolder\Network Data.IntPrjfolder\NORTE 69 kV.ElmNet\Tap El Río.ElmTerm,0,CIBAO SUR,NORTE,NORTE 69 kV,,P.MADERA/69 TH-1G- 2/0 CU,11.34000015258789,1,0.36000001430511475,8.736259460449219,3.4226396083831787,14.736757278442383,5.947414875030518,25.52108383178711,36.353214263916016,-4.721223475745949e-16
69 kV La Vega – Cervecería Vegana,ZCVEGF_ZLVEGF-L1,\VM-PF.IntUser\PDD 31-12-2024.IntPrj\Network Model.IntPrjfolder\Network Data.IntPrjfolder\NORTE 69 kV.ElmNet\69 kV La Vega – Cervecería Vegana.ElmLne,69 kV Cervecería Vegana,WCVEGF,\VM-PF.IntUser\PDD 31-12-2024.IntPrj\Network Model.IntPrjfolder\Network Data.IntPrjfolder\NORTE 69 kV.ElmNet\69 kV Cervecería Vegana.ElmTerm,4,,\VM-PF.IntUser\PDD 31-12-2024.IntPrj\Network Model.IntPrjfolder\Network Data.IntPrjfolder\NORTE 69 kV.ElmNet\ZLVEGF.ElmSubstat\4.ElmTerm,0,CIBAO SUR,NORTE,NORTE 69 kV,,P.MADERA TP-IG 50 P/69 - 2/0 ACSR,1.059999942779541,1,0.26499998569488525,0.8696834444999695,0.44181904196739197,1.6589535474777222,0.5209538340568542,2.0570685863494873,3.664597988128662,-7.355227141094968e-17
69 kV Derivación Moca,ZMOCAF_ZXCTAF-L1,\VM-PF.IntUser\PDD 31-12-2024.IntPrj\Network Model.IntPrjfolder\Network Data.IntPrjfolder\NORTE 69 kV.ElmNet\69 kV Derivación Moca.ElmLne,Tap Cruce Tavera,WXCTAF,\VM-PF.IntUser\PDD 31-12-2024.IntPrj\Network Model.IntPrjfolder\Network Data.IntPrjfolder\NORTE 69 kV.ElmNet\Tap Cruce Tavera.ElmTerm,69 kV Moca,WMOCAF,\VM-PF.IntUser\PDD 31-12-2024.IntPrj\Network Model.IntPrjfolder\Network Data.IntPrjfolder\NORTE 69 kV.ElmNet\69 kV Moca.ElmTerm,0,CIBAO NORTE,NORTE,NORTE 69 kV,,P.MADERA/69 TH-1G- 559.5 AAAC,9.1899995803833,1,0.6629999876022339,5.01655912399292,1.0682785511016846,11.815381050109863,4.280516624450684,20.98926544189453,33.01409912109375,-6.376843074174269e-16
69 kV Derivación Rincón,ZRINCF_ZRNUEF-L1,\VM-PF.IntUser\PDD 31-12-2024.IntPrj\Network Model.IntPrjfolder\Network Data.IntPrjfolder\NORTE 69 kV.ElmNet\69 kV Derivación Rincón.ElmLne,Tap 69 kV Rincón,WXRICF,\VM-PF.IntUser\PDD 31-12-2024.IntPrj\Network Model.IntPrjfolder\Network Data.IntPrjfolder\NORTE 69 kV.ElmNet\Tap 69 kV Rincón.ElmTerm,69 kV Rincón,WRINCF,\VM-PF.IntUser\PDD 31-12-2024.IntPrj\Network Model.IntPrjfolder\Network Data.IntPrjfolder\NORTE 69 kV.ElmNet\Rincón.ElmSite\ZRINCF.ElmSubstat\69 kV Rincón.ElmTerm,0,CIBAO SUR,NORTE,NORTE 69 kV,,P.MADERA/69 TH-1G- 4/0 ACSR,0.22499999403953552,1,0.3569999933242798,0.16460396349430084,0.05917501449584961,0.2884494662284851,0.1140577495098114,0.5236479043960571,0.7570046186447144,1.8735012217060537e-17
69 kV Derivación Fantino_a,ZRNUEF_ZXRINF-L1,\VM-PF.IntUser\PDD 31-12-2024.IntPrj\Network Model.IntPrjfolder\Network Data.IntPrjfolder\NORTE 69 kV.ElmNet\69 kV Derivación Fantino_a.ElmLne,Tap 69 kV Rincón,WXRICF,\VM-PF.IntUser\PDD 31-12-2024.IntPrj\Network Model.IntPrjfolder\Network Data.IntPrjfolder\NORTE 69 kV.ElmNet\Tap 69 kV Rincón.ElmTerm,Tap Rincón,WXRINF,\VM-PF.IntUser\PDD 31-12-2024.IntPrj\Network Model.IntPrjfolder\Network Data.IntPrjfolder\NORTE 69 kV.ElmNet\Tap Rincón.ElmTerm,0,CIBAO SUR,NORTE,NORTE 69 kV,,P.MADERA/69 TH-1G- 4/0 ACSR,3.5,1,0.3569999933242798,2.5605063438415527,0.9205002188682556,4.486991882324219,1.7742316722869873,8.145634651184082,11.775628089904785,2.914335439641036e-16
69 kV Derivación Hospital Juan Bosch,ZHJBOF_ZXHJBF-L1,\VM-PF.IntUser\PDD 31-12-2024.IntPrj\Network Model.IntPrjfolder\Network Data.IntPrjfolder\NORTE 69 kV.ElmNet\69 kV Derivación Hospital Juan Bosch.ElmLne,Tap Hospital Juan Bosch,WXHJBF,\VM-PF.IntUser\PDD 31-12-2024.IntPrj\Network Model.IntPrjfolder\Network Data.IntPrjfolder\NORTE 69 kV.ElmNet\Tap Hospital Juan Bosch.ElmTerm,69 kV Hospital Juan Bosch,WHJBOF,\VM-PF.IntUser\PDD 31-12-2024.IntPrj\Network Model.IntPrjfolder\Network Data.IntPrjfolder\NORTE 69 kV.ElmNet\69 kV Hospital Juan Bosch.ElmTerm,0,CIBAO SUR,NORTE,NORTE 69 kV,,P.MADERA TVS-1/1C/69/1xF - 4/0 AAAC,0.20000000298023224,1,0.3799999952316284,0.13790328800678253,0.06145747750997543,0.316585898399353,0.0929567739367485,0.3720818758010864,0.7277981638908386,-2.775557602921922e-18
69 kV Bonao 2 – La Vega_d,ZXHJBF_ZXICNF-L1,\VM-PF.IntUser\PDD 31-12-2024.IntPrj\Network Model.IntPrjfolder\Network Data.IntPrjfolder\NORTE 69 kV.ElmNet\69 kV Bonao 2 – La Vega_d.ElmLne,Tap Hospital Juan Bosch,WXHJBF,\VM-PF.IntUser\PDD 31-12-2024.IntPrj\Network Model.IntPrjfolder\Network Data.IntPrjfolder\NORTE 69 kV.ElmNet\Tap Hospital Juan Bosch.ElmTerm,Tap 69 kV INDAL,WXIDAF,\VM-PF.IntUser\PDD 31-12-2024.IntPrj\Network Model.IntPrjfolder\Network Data.IntPrjfolder\NORTE 69 kV.ElmNet\Tap 69 kV INDAL.ElmTerm,0,CIBAO SUR,NORTE,NORTE 69 kV,,P.MADERA TP-IG 50 P/69 - 559 AAAC,1.5700000524520874,1,0.6629999876022339,0.8226905465126038,0.18298040330410004,2.377824544906616,0.6696829199790955,3.2161309719085693,6.165254592895508,-4.357625517237527e-17
69 kV Bonao 2 – La Vega_e,ZLVEGF_ZXICNF-L1,\VM-PF.IntUser\PDD 31-12-2024.IntPrj\Network Model.IntPrjfolder\Network Data.IntPrjfolder\NORTE 69 kV.ElmNet\69 kV Bonao 2 – La Vega_e.ElmLne,Tap 69 kV INDAL,WXIDAF,\VM-PF.IntUser\PDD 31-12-2024.IntPrj\Network Model.IntPrjfolder\Network Data.IntPrjfolder\NORTE 69 kV.ElmNet\Tap 69 kV INDAL.ElmTerm,5,,\VM-PF.IntUser\PDD 31-12-2024.IntPrj\Network Model.IntPrjfolder\Network Data.IntPrjfolder\NORTE 69 kV.ElmNet\ZLVEGF.ElmSubstat\5.ElmTerm,0,CIBAO SUR,NORTE,NORTE 69 kV,,P.MADERA TP-IG 50 P/69 - 559 AAAC,6.179999828338623,1,0.6629999876022339,3.238361358642578,0.7202668190002441,9.359844207763672,2.6360766887664795,12.659673690795898,24.268325805664062,-1.7152945254002636e-16
69 kV Bonao 2 – La Vega_c,ZXHJBF_ZXRINF-L1,\VM-PF.IntUser\PDD 31-12-2024.IntPrj\Network Model.IntPrjfolder\Network Data.IntPrjfolder\NORTE 69 kV.ElmNet\69 kV Bonao 2 – La Vega_c.ElmLne,Tap Hospital Juan Bosch,WXHJBF,\VM-PF.IntUser\PDD 31-12-2024.IntPrj\Network Model.IntPrjfolder\Network Data.IntPrjfolder\NORTE 69 kV.ElmNet\Tap Hospital Juan Bosch.ElmTerm,Tap Rincón,WXRINF,\VM-PF.IntUser\PDD 31-12-2024.IntPrj\Network Model.IntPrjfolder\Network Data.IntPrjfolder\NORTE 69 kV.ElmNet\Tap Rincón.ElmTerm,0,CIBAO SUR,NORTE,NORTE 69 kV,,P.MADERA TP-IG 50 P/69 - 559 AAAC,12.0,1,0.6629999876022339,6.288080215454102,1.3985763788223267,18.174455642700195,5.118595600128174,24.581892013549805,47.122962951660156,-3.3306690738754696e-16
69 kV La Vega – ZF Dos Ríos_a,ZZDRIF_ZXBPEF-L1,\VM-PF.IntUser\PDD 31-12-2024.IntPrj\Network Model.IntPrjfolder\Network Data.IntPrjfolder\NORTE 69 kV.ElmNet\69 kV La Vega – ZF Dos Ríos_a.ElmLne,WDRIOF(3),,\VM-PF.IntUser\PDD 31-12-2024.IntPrj\Network Model.IntPrjfolder\Network Data.IntPrjfolder\NORTE 69 kV.ElmNet\ZDRIOF.ElmSubstat\WDRIOF(3).ElmTerm,Tap Bonao Per,WXBPEF,\VM-PF.IntUser\PDD 31-12-2024.IntPrj\Network Model.IntPrjfolder\Network Data.IntPrjfolder\NORTE 69 kV.ElmNet\Tap Bonao Per.ElmTerm,0,CIBAO SUR,NORTE,NORTE 69 kV,,P.MADERA TP-IG 50 P/69 - 559 AAAC,2.5999999046325684,1,0.6629999876022339,1.3624173402786255,0.30302485823631287,3.937798500061035,1.109028935432434,5.326076507568359,10.209975242614746,-7.216449395365721e-17
69 kV La Vega – SFM_b,ZXLVPF_ZXACAF-L1,\VM-PF.IntUser\PDD 31-12-2024.IntPrj\Network Model.IntPrjfolder\Network Data.IntPrjfolder\NORTE 69 kV.ElmNet\69 kV La Vega – SFM_b.ElmLne,Tap La Vega Per,WXLVPF,\VM-PF.IntUser\PDD 31-12-2024.IntPrj\Network Model.IntPrjfolder\Network Data.IntPrjfolder\NORTE 69 kV.ElmNet\Tap La Vega Per.ElmTerm,Tap Acueducto Hermanas Mirabal,WXAHMF,\VM-PF.IntUser\PDD 31-12-2024.IntPrj\Network Model.IntPrjfolder\Network Data.IntPrjfolder\NORTE 69 kV.ElmNet\Tap Acueducto Hermanas Mirabal.ElmTerm,0,CIBAO SUR,NORTE,NORTE 69 kV,,P.MADERA/1C/69/1xF - 4/0 AAAC,11.649999618530273,1,0.3799999952316284,8.056587219238281,3.572273015975952,18.644121170043945,5.312118053436279,20.673376083374023,42.985557556152344,-8.083811398051921e-16
69 kV Derivación Acueducto Hnas Mirabal,ZAHMIF_ZXAHMF-L1,\VM-PF.IntUser\PDD 31-12-2024.IntPrj\Network Model.IntPrjfolder\Network Data.IntPrjfolder\NORTE 69 kV.ElmNet\69 kV Derivación Acueducto Hnas Mirabal.ElmLne,Tap Acueducto Hermanas Mirabal,WXAHMF,\VM-PF.IntUser\PDD 31-12-2024.IntPrj\Network Model.IntPrjfolder\Network Data.IntPrjfolder\NORTE 69 kV.ElmNet\Tap Acueducto Hermanas Mirabal.ElmTerm,69 kV Acueducto Hermanas Mirabal,WAHMIF,\VM-PF.IntUser\PDD 31-12-2024.IntPrj\Network Model.IntPrjfolder\Network Data.IntPrjfolder\NORTE 69 kV.ElmNet\69 kV Acueducto Hermanas Mirabal.ElmTerm,0,CIBAO SUR,NORTE,NORTE 69 kV,,P.MADERA TP-IG 50 P/69 - 4/0 AAAC,2.5799999237060547,1,0.3799999952316284,1.8340604305267334,0.7926545739173889,3.9922659397125244,1.2224175930023193,5.079829692840576,9.154060363769531,2.864375318829609e-16
69 kV La Vega – SFM_c,ZXAHMF_ZXCENF-L1,\VM-PF.IntUser\PDD 31-12-2024.IntPrj\Network Model.IntPrjfolder\Network Data.IntPrjfolder\NORTE 69 kV.ElmNet\69 kV La Vega – SFM_c.ElmLne,Tap CENOVI,WXCENF,\VM-PF.IntUser\PDD 31-12-2024.IntPrj\Network Model.IntPrjfolder\Network Data.IntPrjfolder\NORTE 69 kV.ElmNet\Tap CENOVI.ElmTerm,Tap Acueducto Hermanas Mirabal,WXAHMF,\VM-PF.IntUser\PDD 31-12-2024.IntPrj\Network Model.IntPrjfolder\Network Data.IntPrjfolder\NORTE 69 kV.ElmNet\Tap Acueducto Hermanas Mirabal.ElmTerm,0,CIBAO SUR,NORTE,NORTE 69 kV,,P.MADERA/1C/69/1xF - 4/0 AAAC,8.550000190734863,1,0.3799999952316284,5.912774562835693,2.621711254119873,13.683026313781738,3.8985931873321533,15.172307968139648,31.547344207763672,-5.93275428784068e-16
69 kV Derivación CENOVI,ZCENOF_ZXCENF-L1,\VM-PF.IntUser\PDD 31-12-2024.IntPrj\Network Model.IntPrjfolder\Network Data.IntPrjfolder\NORTE 69 kV.ElmNet\69 kV Derivación CENOVI.ElmLne,69 kV CENOVI,WCENOF,\VM-PF.IntUser\PDD 31-12-2024.IntPrj\Network Model.IntPrjfolder\Network Data.IntPrjfolder\NORTE 69 kV.ElmNet\69 kV CENOVI.ElmTerm,Tap CENOVI,WXCENF,\VM-PF.IntUser\PDD 31-12-2024.IntPrj\Network Model.IntPrjfolder\Network Data.IntPrjfolder\NORTE 69 kV.ElmNet\Tap CENOVI.ElmTerm,0,CIBAO SUR,NORTE,NORTE 69 kV,,P.MADERA TP-IG 50 P/69 - 4/0 AAAC,1.5399999618530273,1,0.3799999952316284,1.0947492122650146,0.4731349050998688,2.3829803466796875,0.7296600937843323,3.032146453857422,5.464051723480225,1.7097434155710937e-16
69 kV La Vega – Constanza_d,ZERIOF_ZTIREF-L1,\VM-PF.IntUser\PDD 31-12-2024.IntPrj\Network Model.IntPrjfolder\Network Data.IntPrjfolder\NORTE 69 kV.ElmNet\69 kV La Vega – Constanza_d.ElmLne,Tap El Río,WXERIF,\VM-PF.IntUser\PDD 31-12-2024.IntPrj\Network Model.IntPrjfolder\Network Data.IntPrjfolder\NORTE 69 kV.ElmNet\Tap El Río.ElmTerm,Tap Tireo,WXTIRF,\VM-PF.IntUser\PDD 31-12-2024.IntPrj\Network Model.IntPrjfolder\Network Data.IntPrjfolder\NORTE 69 kV.ElmNet\Tap Tireo.ElmTerm,0,CIBAO SUR,NORTE,NORTE 69 kV,,P.MADERA/69 TH-1G- 2/0 AAAC,9.329999923706055,1,0.2849999964237213,8.928466796875,4.5566792488098145,12.125811576843262,4.894368648529053,20.99750518798828,29.909656524658203,-3.884392775643531e-16
69 kV Derivación Jarabacoa,ZJARAF_ZXJIMF-L1,\VM-PF.IntUser\PDD 31-12-2024.IntPrj\Network Model.IntPrjfolder\Network Data.IntPrjfolder\NORTE 69 kV.ElmNet\69 kV Derivación Jarabacoa.ElmLne,Tap Jimenoa,WXJIMF,\VM-PF.IntUser\PDD 31-12-2024.IntPrj\Network Model.IntPrjfolder\Network Data.IntPrjfolder\NORTE 69 kV.ElmNet\Tap Jimenoa.ElmTerm,69 kV Jarabacoa,WJARAF,\VM-PF.IntUser\PDD 31-12-2024.IntPrj\Network Model.IntPrjfolder\Network Data.IntPrjfolder\NORTE 69 kV.ElmNet\69 kV Jarabacoa.ElmTerm,0,CIBAO SUR,NORTE,NORTE 69 kV,,P.MADERA/69 TH-1G- 4/0 AAAC,0.6000000238418579,1,0.3799999952316284,0.4657159447669983,0.18457205593585968,0.7691986560821533,0.30415400862693787,1.3847756385803223,1.994394302368164,6.661338412448735e-17
69 kV Imbert 2 – Puerto Plata 2_b,ZPPL2F_ZXIM2F-L1,\VM-PF.IntUser\PDD 31-12-2024.IntPrj\Network Model.IntPrjfolder\Network Data.IntPrjfolder\NORTE 69 kV.ElmNet\69 kV Imbert 2 – Puerto Plata 2_b.ElmLne,Tap 1 69 kV Imbert 2,WXIM2F,\VM-PF.IntUser\PDD 31-12-2024.IntPrj\Network Model.IntPrjfolder\Network Data.IntPrjfolder\NORTE 69 kV.ElmNet\Tap 1 69 kV Imbert 2.ElmTerm,3,,\VM-PF.IntUser\PDD 31-12-2024.IntPrj\Network Model.IntPrjfolder\Network Data.IntPrjfolder\NORTE 138 kV.ElmNet\Puerto Plata 2.ElmSite\ZPPL2F.ElmSubstat\3.ElmTerm,0,CIBAO NORTE,NORTE,NORTE 69 kV,,P.MADERA TP-IG 55 P/69 - 450 ACAR,20.719999313354492,1,0.5680000185966492,11.075126647949219,2.715363025665283,31.391014099121094,9.133557319641113,41.58319091796875,78.67729949951172,0.0
69 kV Pimentel – SFM_a,ZPIMEF_ZXCDLF-L1,\VM-PF.IntUser\PDD 31-12-2024.IntPrj\Network Model.IntPrjfolder\Network Data.IntPrjfolder\NORTE 69 kV.ElmNet\69 kV Pimentel – SFM_a.ElmLne,Tap CODAL,WXCDLF,\VM-PF.IntUser\PDD 31-12-2024.IntPrj\Network Model.IntPrjfolder\Network Data.IntPrjfolder\NORTE 69 kV.ElmNet\Tap CODAL.ElmTerm,1,,\VM-PF.IntUser\PDD 31-12-2024.IntPrj\Network Model.IntPrjfolder\Network Data.IntPrjfolder\NORTE 69 kV.ElmNet\ZPIMEF.ElmSubstat\1.ElmTerm,0,CIBAO NORESTE,NORTE,NORTE 69 kV,,P.MADERA TP-IG 55 P/69 - 559 AAAC,15.9399995803833,1,0.6629999876022339,8.289976119995117,1.8587687015533447,24.014188766479492,6.891415596008301,32.32548904418945,61.739585876464844,1.216665631700105e-15
69 kV Canabacoa – Playa Dorada_e,ZPDORF_ZXPGAF-L1,\VM-PF.IntUser\PDD 31-12-2024.IntPrj\Network Model.IntPrjfolder\Network Data.IntPrjfolder\NORTE 69 kV.ElmNet\69 kV Canabacoa – Playa Dorada_e.ElmLne,3,,\VM-PF.IntUser\PDD 31-12-2024.IntPrj\Network Model.IntPrjfolder\Network Data.IntPrjfolder\NORTE 69 kV.ElmNet\ZPDORF.ElmSubstat\3.ElmTerm,Tap Pedro García,WXPGAF,\VM-PF.IntUser\PDD 31-12-2024.IntPrj\Network Model.IntPrjfolder\Network Data.IntPrjfolder\NORTE 69 kV.ElmNet\Tap Pedro García.ElmTerm,0,CIBAO NORTE,NORTE,NORTE 69 kV,,P.MADERA TP-IG 50 P/69 - 4/0 ACSR,15.0,1,0.3569999933242798,9.993842124938965,3.9391567707061768,23.21084976196289,7.107079029083252,29.745250701904297,53.912227630615234,-8.326672684688674e-16
69 kV Derivación E León Jiménez_c,ZXPPRF_ZZLICF-L1,\VM-PF.IntUser\PDD 31-12-2024.IntPrj\Network Model.IntPrjfolder\Network Data.IntPrjfolder\NORTE 69 kV.ElmNet\69 kV Derivación E León Jiménez_c.ElmLne,Tap ZF Licey,WXZLIF,\VM-PF.IntUser\PDD 31-12-2024.IntPrj\Network Model.IntPrjfolder\Network Data.IntPrjfolder\NORTE 69 kV.ElmNet\Tap ZF Licey.ElmTerm,Tap Pastas Princesa,WXPPRF,\VM-PF.IntUser\PDD 31-12-2024.IntPrj\Network Model.IntPrjfolder\Network Data.IntPrjfolder\NORTE 69 kV.ElmNet\Tap Pastas Princesa.ElmTerm,0,CIBAO NORTE,NORTE,NORTE 69 kV,,P.MADERA TP-IG 50 P/69 - 4/0 ACSR,2.0899999141693115,1,0.3569999933242798,1.3924752473831177,0.5488558411598206,3.2340447902679443,0.9902529716491699,4.144504547119141,7.511770248413086,-1.1601830130876853e-16
69 kV Derivación Acueducto Quinigua,ZAQUIF_ZXEBQF-L1,\VM-PF.IntUser\PDD 31-12-2024.IntPrj\Network Model.IntPrjfolder\Network Data.IntPrjfolder\NORTE 69 kV.ElmNet\69 kV Derivación Acueducto Quinigua.ElmLne,69 kV Acueducto Quinigua,WAQUIF,\VM-PF.IntUser\PDD 31-12-2024.IntPrj\Network Model.IntPrjfolder\Network Data.IntPrjfolder\NORTE 69 kV.ElmNet\69 kV Acueducto Quinigua.ElmTerm,Tap Acueducto Quiniga,WXEBQF,\VM-PF.IntUser\PDD 31-12-2024.IntPrj\Network Model.IntPrjfolder\Network Data.IntPrjfolder\NORTE 69 kV.ElmNet\Tap Acueducto Quiniga.ElmTerm,0,CIBAO NORTE,NORTE,NORTE 69 kV,,P.MADERA TP-IG 50 P/69 - 4/0 ACSR,2.4200000762939453,1,0.3569999933242798,1.612339973449707,0.6355172991752625,3.7446837425231934,1.1466087102890015,4.798900604248047,8.697839736938477,-1.3433699021480868e-16
69 kV Canabacoa – Playa Dorada_d,ZXPGAF_ZXZGUF-L1,\VM-PF.IntUser\PDD 31-12-2024.IntPrj\Network Model.IntPrjfolder\Network Data.IntPrjfolder\NORTE 69 kV.ElmNet\69 kV Canabacoa – Playa Dorada_d.ElmLne,Tap Pedro García,WXPGAF,\VM-PF.IntUser\PDD 31-12-2024.IntPrj\Network Model.IntPrjfolder\Network Data.IntPrjfolder\NORTE 69 kV.ElmNet\Tap Pedro García.ElmTerm,Tap ZF Gurabo,WXZGUF,\VM-PF.IntUser\PDD 31-12-2024.IntPrj\Network Model.IntPrjfolder\Network Data.IntPrjfolder\NORTE 69 kV.ElmNet\Tap ZF Gurabo.ElmTerm,0,CIBAO NORTE,NORTE,NORTE 69 kV,,P.MADERA TP-IG 50 P/69 - 4/0 ACSR,29.220001220703125,1,0.3569999933242798,19.468006134033203,7.673477649688721,45.21473693847656,13.844590187072754,57.943748474121094,105.02102661132812,-1.6220359067399895e-15
69 kV Derivación Pedro García,ZPGARF_ZXPGAF-L1,\VM-PF.IntUser\PDD 31-12-2024.IntPrj\Network Model.IntPrjfolder\Network Data.IntPrjfolder\NORTE 69 kV.ElmNet\69 kV Derivación Pedro García.ElmLne,Tap Pedro García,WXPGAF,\VM-PF.IntUser\PDD 31-12-2024.IntPrj\Network Model.IntPrjfolder\Network Data.IntPrjfolder\NORTE 69 kV.ElmNet\Tap Pedro García.ElmTerm,69 kV Pedro García,WPGARF,\VM-PF.IntUser\PDD 31-12-2024.IntPrj\Network Model.IntPrjfolder\Network Data.IntPrjfolder\NORTE 69 kV.ElmNet\69 kV Pedro García.ElmTerm,0,CIBAO NORTE,NORTE,NORTE 69 kV,,P.MADERA TP-IG 50 P/69 - 4/0 ACSR,0.30000001192092896,1,0.3569999933242798,0.19987685978412628,0.07878313958644867,0.46421700716018677,0.14214158058166504,0.5949050188064575,1.0782445669174194,-1.6653346031121838e-17
69 kV Canabacoa – Playa Dorada_a,ZCANBF_ZXMVCF-L1,\VM-PF.IntUser\PDD 31-12-2024.IntPrj\Network Model.IntPrjfolder\Network Data.IntPrjfolder\NORTE 69 kV.ElmNet\69 kV Canabacoa – Playa Dorada_a.ElmLne,L3,,\VM-PF.IntUser\PDD 31-12-2024.IntPrj\Network Model.IntPrjfolder\Network Data.IntPrjfolder\NORTE 138 kV.ElmNet\Canabacoa.ElmSite\ZCANAF.ElmSubstat\L3.ElmTerm,Tap Licey,WXLICF,\VM-PF.IntUser\PDD 31-12-2024.IntPrj\Network Model.IntPrjfolder\Network Data.IntPrjfolder\NORTE 69 kV.ElmNet\Tap Licey.ElmTerm,0,CIBAO NORTE,NORTE,NORTE 69 kV,,P.MADERA TP-IG 50 P/69 - 4/0 ACSR,3.700000047683716,1,0.3569999933242798,2.4651477336883545,0.9716587066650391,5.725342750549316,1.7530795335769653,7.337162017822266,13.29835033416748,-2.0539126220263192e-16
69 kV Nagua 2 – Payita_a,ZNAG2F_ZXNAGF-L1,\VM-PF.IntUser\PDD 31-12-2024.IntPrj\Network Model.IntPrjfolder\Network Data.IntPrjfolder\NORTE 69 kV.ElmNet\69 kV Nagua 2 – Payita_a.ElmLne,2,,\VM-PF.IntUser\PDD 31-12-2024.IntPrj\Network Model.IntPrjfolder\Network Data.IntPrjfolder\NORTE 138 kV.ElmNet\Nagua.ElmSite\ZNAG2F.ElmSubstat\2.ElmTerm,Tap Nagua,WXNAGF,\VM-PF.IntUser\PDD 31-12-2024.IntPrj\Network Model.IntPrjfolder\Network Data.IntPrjfolder\NORTE 69 kV.ElmNet\Tap Nagua.ElmTerm,0,CIBAO NORESTE,NORTE,NORTE 69 kV,,P.MADERA TP-IG 50 P/69 - 559 AAAC,0.41999998688697815,1,0.6629999876022339,0.22008280456066132,0.04895016923546791,0.6361058950424194,0.17915083467960358,0.86036616563797,1.649303674697876,-1.1657341394604674e-17
69 kV Bonao 2 – Pinalito,ZBON2F_ZPINAF-L1,\VM-PF.IntUser\PDD 31-12-2024.IntPrj\Network Model.IntPrjfolder\Network Data.IntPrjfolder\NORTE 69 kV.ElmNet\69 kV Bonao 2 – Pinalito.ElmLne,WPINAF(1),,\VM-PF.IntUser\PDD 31-12-2024.IntPrj\Network Model.IntPrjfolder\Network Data.IntPrjfolder\NORTE 69 kV.ElmNet\Pinalito.ElmSite\ZPINAF.ElmSubstat\WPINAF(1).ElmTerm,F6,,\VM-PF.IntUser\PDD 31-12-2024.IntPrj\Network Model.IntPrjfolder\Network Data.IntPrjfolder\NORTE 138 kV.ElmNet\Bonao 2.ElmSite\ZBON2E.ElmSubstat\F6.ElmTerm,0,CIBAO SUR,NORTE,NORTE 69 kV,,P.MADERA TP-IG 50 P/69 - 559 AAAC,22.549999237060547,1,0.6629999876022339,11.816349983215332,2.6281578540802,34.152828216552734,9.618693351745605,46.1934700012207,88.5519027709961,-6.258882089566083e-16
69 kV Bonao 2 – Hatillo_a,ZBON2F_ZXB21F-L1,\VM-PF.IntUser\PDD 31-12-2024.IntPrj\Network Model.IntPrjfolder\Network Data.IntPrjfolder\NORTE 69 kV.ElmNet\69 kV Bonao 2 – Hatillo_a.ElmLne,F5,,\VM-PF.IntUser\PDD 31-12-2024.IntPrj\Network Model.IntPrjfolder\Network Data.IntPrjfolder\NORTE 138 kV.ElmNet\Bonao 2.ElmSite\ZBON2E.ElmSubstat\F5.ElmTerm,Tap Bonao 2,WXB21F,\VM-PF.IntUser\PDD 31-12-2024.IntPrj\Network Model.IntPrjfolder\Network Data.IntPrjfolder\NORTE 69 kV.ElmNet\Tap Bonao 2.ElmTerm,0,CIBAO SUR,NORTE,NORTE 69 kV,,P.MADERA TP-IG 50 P/69 - 559 AAAC,5.5,1,0.6629999876022339,2.8820366859436035,0.6410141587257385,8.32995891571045,2.346022844314575,11.266700744628906,21.598024368286133,-1.5265566588595902e-16
69 kV Bonao 2 – Hatillo_b,ZXB21F_ZXLCBF-L1,\VM-PF.IntUser\PDD 31-12-2024.IntPrj\Network Model.IntPrjfolder\Network Data.IntPrjfolder\NORTE 69 kV.ElmNet\69 kV Bonao 2 – Hatillo_b.ElmLne,Tap Bonao 2,WXB21F,\VM-PF.IntUser\PDD 31-12-2024.IntPrj\Network Model.IntPrjfolder\Network Data.IntPrjfolder\NORTE 69 kV.ElmNet\Tap Bonao 2.ElmTerm,Tap La Cumbre Bonao,WXLCBF,\VM-PF.IntUser\PDD 31-12-2024.IntPrj\Network Model.IntPrjfolder\Network Data.IntPrjfolder\NORTE 69 kV.ElmNet\Tap La Cumbre Bonao.ElmTerm,0,CIBAO SUR,NORTE,NORTE 69 kV,,P.MADERA TP-IG 50 P/69 - 559 AAAC,7.119999885559082,1,0.6629999876022339,3.7309274673461914,0.8298219442367554,10.783510208129883,3.0370333194732666,14.58525562286377,27.959625244140625,-1.976196952069043e-16
69 kV Bonao 2 – Río Blanco,ZBON2F_ZRBLAF-L1,\VM-PF.IntUser\PDD 31-12-2024.IntPrj\Network Model.IntPrjfolder\Network Data.IntPrjfolder\NORTE 69 kV.ElmNet\69 kV Bonao 2 – Río Blanco.ElmLne,WRBLAF(1),,\VM-PF.IntUser\PDD 31-12-2024.IntPrj\Network Model.IntPrjfolder\Network Data.IntPrjfolder\NORTE 69 kV.ElmNet\Río Blanco.ElmSite\ZRBLAF.ElmSubstat\WRBLAF(1).ElmTerm,F4,,\VM-PF.IntUser\PDD 31-12-2024.IntPrj\Network Model.IntPrjfolder\Network Data.IntPrjfolder\NORTE 138 kV.ElmNet\Bonao 2.ElmSite\ZBON2E.ElmSubstat\F4.ElmTerm,0,CIBAO SUR,NORTE,NORTE 69 kV,,P.MADERA TP-IG 50 P/69 - 559 AAAC,14.899999618530273,1,0.6629999876022339,7.807699680328369,1.7365655899047852,22.566614151000977,6.355589389801025,30.52251434326172,58.51101303100586,-4.1355806608495897e-16
69 kV Bonao 2 – ZF Dos Ríos,ZBON2F_ZZDRIF-L1,\VM-PF.IntUser\PDD 31-12-2024.IntPrj\Network Model.IntPrjfolder\Network Data.IntPrjfolder\NORTE 69 kV.ElmNet\69 kV Bonao 2 – ZF Dos Ríos.ElmLne,WDRIOF(2),,\VM-PF.IntUser\PDD 31-12-2024.IntPrj\Network Model.IntPrjfolder\Network Data.IntPrjfolder\NORTE 69 kV.ElmNet\ZDRIOF.ElmSubstat\WDRIOF(2).ElmTerm,F3,,\VM-PF.IntUser\PDD 31-12-2024.IntPrj\Network Model.IntPrjfolder\Network Data.IntPrjfolder\NORTE 138 kV.ElmNet\Bonao 2.ElmSite\ZBON2E.ElmSubstat\F3.ElmTerm,0,CIBAO SUR,NORTE,NORTE 69 kV,,P.MADERA TP-IG 50 P/69 2C/F- 559 AAAC,1.100000023841858,1,1.3259999752044678,0.5127118825912476,0.06450733542442322,1.5630120038986206,0.36622491478919983,2.527845621109009,5.455051422119141,9.159340482553133e-17
69 kV Bonao 2 – FALCONDO,ZBON2F_ZFALCF-L1,\VM-PF.IntUser\PDD 31-12-2024.IntPrj\Network Model.IntPrjfolder\Network Data.IntPrjfolder\NORTE 69 kV.ElmNet\69 kV Bonao 2 – FALCONDO.ElmLne,,,,,,,1,,,NORTE 69 kV,,,0.3050000071525574,1,0.0,0.0,0.0,0.0,0.0,0.0,0.0,0.0
69 kV Canabacoa – Cementos Cibao_a,ZCANBF_ZXPICF-L1,\VM-PF.IntUser\PDD 31-12-2024.IntPrj\Network Model.IntPrjfolder\Network Data.IntPrjfolder\NORTE 69 kV.ElmNet\69 kV Canabacoa – Cementos Cibao_a.ElmLne,L4,,\VM-PF.IntUser\PDD 31-12-2024.IntPrj\Network Model.IntPrjfolder\Network Data.IntPrjfolder\NORTE 138 kV.ElmNet\Canabacoa.ElmSite\ZCANAF.ElmSubstat\L4.ElmTerm,Tap Troquelados Dominicanos,WXTROF,\VM-PF.IntUser\PDD 31-12-2024.IntPrj\Network Model.IntPrjfolder\Network Data.IntPrjfolder\NORTE 69 kV.ElmNet\Tap Troquelados Dominicanos.ElmTerm,0,CIBAO NORTE,NORTE,NORTE 69 kV,,P.MADERA TP-IG 50 P/69 - 2/0 ACSR,0.5799999833106995,1,0.26499998569488525,0.47586455941200256,0.24175004661083221,0.9077293276786804,0.2850502133369446,1.125565767288208,2.005157470703125,-4.0245582657428454e-17
69 kV Canabacoa – Cementos Cibao_b,ZXPICF_ZXTROF-L1,\VM-PF.IntUser\PDD 31-12-2024.IntPrj\Network Model.IntPrjfolder\Network Data.IntPrjfolder\NORTE 69 kV.ElmNet\69 kV Canabacoa – Cementos Cibao_b.ElmLne,Tap Troquelados Dominicanos,WXTROF,\VM-PF.IntUser\PDD 31-12-2024.IntPrj\Network Model.IntPrjfolder\Network Data.IntPrjfolder\NORTE 69 kV.ElmNet\Tap Troquelados Dominicanos.ElmTerm,Tap Parque Industrial,WXPICF,\VM-PF.IntUser\PDD 31-12-2024.IntPrj\Network Model.IntPrjfolder\Network Data.IntPrjfolder\NORTE 69 kV.ElmNet\Tap Parque Industrial.ElmTerm,0,CIBAO NORTE,NORTE,NORTE 69 kV,,P.MADERA TP-IG 50 P/69 - 2/0 ACSR,1.7899999618530273,1,0.26499998569488525,1.4686164855957031,0.7460906505584717,2.801440477371216,0.8797239065170288,3.473728895187378,6.188331127166748,-1.2420619823296143e-16
69 kV Canabacoa – Unión Médica_a,ZCANBF_ZXHMSF-L1,\VM-PF.IntUser\PDD 31-12-2024.IntPrj\Network Model.IntPrjfolder\Network Data.IntPrjfolder\NORTE 69 kV.ElmNet\69 kV Canabacoa – Unión Médica_a.ElmLne,L2,,\VM-PF.IntUser\PDD 31-12-2024.IntPrj\Network Model.IntPrjfolder\Network Data.IntPrjfolder\NORTE 138 kV.ElmNet\Canabacoa.ElmSite\ZCANAF.ElmSubstat\L2.ElmTerm,Tap Hospital Metropolitano Santiago,WXHMSF,\VM-PF.IntUser\PDD 31-12-2024.IntPrj\Network Model.IntPrjfolder\Network Data.IntPrjfolder\NORTE 69 kV.ElmNet\Tap Hospital Metropolitano Santiago.ElmTerm,0,CIBAO NORTE,NORTE,NORTE 69 kV,,P.MADERA TP-IG 55 P/69 - 4/0 ACSR,2.700000047683716,1,0.3569999933242798,1.7983993291854858,0.7090479135513306,4.1796183586120605,1.2792737483978271,5.260756492614746,9.70101547241211,4.496403461490121e-16
69 kV Canabacoa – La Vega Generadora_a,ZCANAF_ZXCTAF-L1,\VM-PF.IntUser\PDD 31-12-2024.IntPrj\Network Model.IntPrjfolder\Network Data.IntPrjfolder\NORTE 69 kV.ElmNet\69 kV Canabacoa – La Vega Generadora_a.ElmLne,Tap Cruce Tavera,WXCTAF,\VM-PF.IntUser\PDD 31-12-2024.IntPrj\Network Model.IntPrjfolder\Network Data.IntPrjfolder\NORTE 69 kV.ElmNet\Tap Cruce Tavera.ElmTerm,R3,,\VM-PF.IntUser\PDD 31-12-2024.IntPrj\Network Model.IntPrjfolder\Network Data.IntPrjfolder\NORTE 138 kV.ElmNet\Canabacoa.ElmSite\ZCANAF.ElmSubstat\R3.ElmTerm,0,CIBAO NORTE,NORTE,NORTE 69 kV,,P.MADERA TP-IG 50 P/69 - 559 AAAC,10.149999618530273,1,0.5999999642372131,5.318667888641357,1.182962417602539,15.372559547424316,4.329478740692139,20.79218292236328,39.85817337036133,-2.8171908191072163e-16
69 kV Navarrete – ZF Santiago_e,ZZPISF_ZZSANF-L1,\VM-PF.IntUser\PDD 31-12-2024.IntPrj\Network Model.IntPrjfolder\Network Data.IntPrjfolder\NORTE 69 kV.ElmNet\69 kV Navarrete – ZF Santiago_e.ElmLne,3,,\VM-PF.IntUser\PDD 31-12-2024.IntPrj\Network Model.IntPrjfolder\Network Data.IntPrjfolder\NORTE 138 kV.ElmNet\ZF Santiago.ElmSite\ZZSANF.ElmSubstat\3.ElmTerm,Tap ZF Pisano,WXZPIF,\VM-PF.IntUser\PDD 31-12-2024.IntPrj\Network Model.IntPrjfolder\Network Data.IntPrjfolder\NORTE 69 kV.ElmNet\Tap ZF Pisano.ElmTerm,0,CIBAO NORTE,NORTE,NORTE 69 kV,,P.MADERA TP-IG 55 P/69 - 559 AAAC,5.730000019073486,1,0.6629999876022339,2.98002290725708,0.6681771874427795,8.632453918457031,2.477278232574463,11.62014102935791,22.193716049194336,4.3735847429294313e-16
69 kV Bonao 2 – Hatillo_f,ZHATIF_ZLLAGF-L1,\VM-PF.IntUser\PDD 31-12-2024.IntPrj\Network Model.IntPrjfolder\Network Data.IntPrjfolder\NORTE 69 kV.ElmNet\69 kV Bonao 2 – Hatillo_f.ElmLne,4,,\VM-PF.IntUser\PDD 31-12-2024.IntPrj\Network Model.IntPrjfolder\Network Data.IntPrjfolder\NORTE 69 kV.ElmNet\Hatillo.ElmSite\ZHATIF.ElmSubstat\4.ElmTerm,Tap Las Lagunas,WXLLAF,\VM-PF.IntUser\PDD 31-12-2024.IntPrj\Network Model.IntPrjfolder\Network Data.IntPrjfolder\NORTE 69 kV.ElmNet\Tap Las Lagunas.ElmTerm,0,CIBAO SUR,NORTE,NORTE 69 kV,,P.MADERA TP-IG 50 P/69 - 477 ACSR,25.0,1,0.6589999794960022,13.039403915405273,2.948261022567749,37.80316162109375,10.963545799255371,51.63554763793945,96.865234375,-3.469446951953614e-16
69 kV Derivación Arroz Bisonó,ZABISF_ZXABIF-L1,\VM-PF.IntUser\PDD 31-12-2024.IntPrj\Network Model.IntPrjfolder\Network Data.IntPrjfolder\NORTE 69 kV.ElmNet\69 kV Derivación Arroz Bisonó.ElmLne,69 kV Arturo Bisonó,WABISF,\VM-PF.IntUser\PDD 31-12-2024.IntPrj\Network Model.IntPrjfolder\Network Data.IntPrjfolder\NORTE 69 kV.ElmNet\69 kV Arturo Bisonó.ElmTerm,Tap Arroz Bisonó,WXABIF,\VM-PF.IntUser\PDD 31-12-2024.IntPrj\Network Model.IntPrjfolder\Network Data.IntPrjfolder\NORTE 69 kV.ElmNet\Tap Arroz Bisonó.ElmTerm,0,CIBAO NORTE,NORTE,NORTE 69 kV,,P.MADERA TP-IG 55 P/69 - 4/0 ACSR,0.3499999940395355,1,0.3569999933242798,0.23312583565711975,0.0919136181473732,0.5418023467063904,0.1658317893743515,0.6819499135017395,1.2575390338897705,5.828670614584276e-17
69 kV Derivación CORMIDOM,ZCORMF_ZXCORF-L1,\VM-PF.IntUser\PDD 31-12-2024.IntPrj\Network Model.IntPrjfolder\Network Data.IntPrjfolder\NORTE 69 kV.ElmNet\69 kV Derivación CORMIDOM.ElmLne,Tap CORMIDOM,WXCORF,\VM-PF.IntUser\PDD 31-12-2024.IntPrj\Network Model.IntPrjfolder\Network Data.IntPrjfolder\NORTE 69 kV.ElmNet\Tap CORMIDOM.ElmTerm,Tap CORMIDOM 2,WXCO2F,\VM-PF.IntUser\PDD 31-12-2024.IntPrj\Network Model.IntPrjfolder\Network Data.IntPrjfolder\NORTE 69 kV.ElmNet\Tap CORMIDOM 2.ElmTerm,0,CIBAO SUR,NORTE,NORTE 69 kV,,P.MADERA TP-IG 50 P/69 - 4/0 AAAC,2.4030001163482666,1,0.3799999952316284,1.708235502243042,0.7382748126983643,3.7183780670166016,1.1385540962219238,4.731330394744873,8.526049613952637,2.6678660573467756e-16
69 kV Derivación Brazo Derecho,ZBDERF_ZXBDEF-L1,\VM-PF.IntUser\PDD 31-12-2024.IntPrj\Network Model.IntPrjfolder\Network Data.IntPrjfolder\NORTE 69 kV.ElmNet\69 kV Derivación Brazo Derecho.ElmLne,Tap Brazo Derecho,WXBDEF,\VM-PF.IntUser\PDD 31-12-2024.IntPrj\Network Model.IntPrjfolder\Network Data.IntPrjfolder\NORTE 69 kV.ElmNet\Tap Brazo Derecho.ElmTerm,69 kV Brazo Derecho,WBDERF,\VM-PF.IntUser\PDD 31-12-2024.IntPrj\Network Model.IntPrjfolder\Network Data.IntPrjfolder\NORTE 69 kV.ElmNet\Brazo Derecho.ElmSite\69 kV Brazo Derecho.ElmTerm,0,CIBAO NOROESTE,NORTE,NORTE 69 kV,,P.MADERA TP-IG 55 P/69 - 559 AAAC,1.4199999570846558,1,0.6629999876022339,0.7385048270225525,0.1655866652727127,2.1392815113067627,0.6139153242111206,2.879685878753662,5.50001335144043,1.0838552198493752e-16
69 kV Derivación INDAL,WIDALF_WXIDAF-L1,\VM-PF.IntUser\PDD 31-12-2024.IntPrj\Network Model.IntPrjfolder\Network Data.IntPrjfolder\NORTE 69 kV.ElmNet\69 kV Derivación INDAL.ElmLne,69 kV INDAL,WIDALF,\VM-PF.IntUser\PDD 31-12-2024.IntPrj\Network Model.IntPrjfolder\Network Data.IntPrjfolder\NORTE 69 kV.ElmNet\69 kV INDAL.ElmTerm,Tap 69 kV INDAL,WXIDAF,\VM-PF.IntUser\PDD 31-12-2024.IntPrj\Network Model.IntPrjfolder\Network Data.IntPrjfolder\NORTE 69 kV.ElmNet\Tap 69 kV INDAL.ElmTerm,0,CIBAO SUR,NORTE,NORTE 69 kV,,P.MADERA TVS-1 65/1C/69/1xF - 559 AAA,0.18000000715255737,1,0.6629999876022339,0.08840307593345642,0.02097531035542488,0.2788381278514862,0.07613711804151535,0.3398038446903229,0.7168701887130737,9.992007618673103e-18
69 kV Imbert 2 – Luperón,ZIMB2F_ZLUPEF-L1,\VM-PF.IntUser\PDD 31-12-2024.IntPrj\Network Model.IntPrjfolder\Network Data.IntPrjfolder\NORTE 69 kV.ElmNet\69 kV Imbert 2 – Luperón.ElmLne,3,,\VM-PF.IntUser\PDD 31-12-2024.IntPrj\Network Model.IntPrjfolder\Network Data.IntPrjfolder\NORTE 69 kV.ElmNet\ZIMB2F.ElmSubstat\3.ElmTerm,69 kV Luperón,WLUPEF,\VM-PF.IntUser\PDD 31-12-2024.IntPrj\Network Model.IntPrjfolder\Network Data.IntPrjfolder\NORTE 69 kV.ElmNet\69 kV Luperón.ElmTerm,0,CIBAO NORTE,NORTE,NORTE 69 kV,,P.MADERA TP-IG 55 P/69 - 559 AAAC,24.187000274658203,1,0.6629999876022339,12.579025268554688,2.8204541206359863,36.438594818115234,10.456880569458008,49.04997634887695,93.6822738647461,1.8461413428256905e-15
69 kV Puerto Plata – Puerto Plata 2,ZPPLAF_WXZPPF-L1,\VM-PF.IntUser\PDD 31-12-2024.IntPrj\Network Model.IntPrjfolder\Network Data.IntPrjfolder\NORTE 69 kV.ElmNet\69 kV Puerto Plata – Puerto Plata 2.ElmLne,1,,\VM-PF.IntUser\PDD 31-12-2024.IntPrj\Network Model.IntPrjfolder\Network Data.IntPrjfolder\NORTE 69 kV.ElmNet\ZPPLAF.ElmSubstat\1.ElmTerm,2,,\VM-PF.IntUser\PDD 31-12-2024.IntPrj\Network Model.IntPrjfolder\Network Data.IntPrjfolder\NORTE 138 kV.ElmNet\Puerto Plata 2.ElmSite\ZPPL2F.ElmSubstat\2.ElmTerm,0,CIBAO NORTE,NORTE,NORTE 69 kV,,P.MADERA TP-IG 55 P/69 - 559 AAAC,3.4000000953674316,1,0.6629999876022339,1.7682510614395142,0.3964751362800598,5.122223854064941,1.4699381589889526,6.895022869110107,13.169046401977539,2.595146425940422e-16
69 kV Derivación La Vega Per_a,ZLVPEF_ZXLVPF-L1,\VM-PF.IntUser\PDD 31-12-2024.IntPrj\Network Model.IntPrjfolder\Network Data.IntPrjfolder\NORTE 69 kV.ElmNet\69 kV Derivación La Vega Per_a.ElmLne,Tap La Vega Per,WXLVPF,\VM-PF.IntUser\PDD 31-12-2024.IntPrj\Network Model.IntPrjfolder\Network Data.IntPrjfolder\NORTE 69 kV.ElmNet\Tap La Vega Per.ElmTerm,Tap La Vega PER C1,WXVPEF,\VM-PF.IntUser\PDD 31-12-2024.IntPrj\Network Model.IntPrjfolder\Network Data.IntPrjfolder\NORTE 69 kV.ElmNet\Tap La Vega PER C1.ElmTerm,0,CIBAO SUR,NORTE,NORTE 69 kV,,P.MADERA/1C/69/1xF - 4/0 AAAC,0.019999999552965164,1,0.3799999952316284,0.01383105106651783,0.006132657639682293,0.03200707584619522,0.009119516238570213,0.03549077734351158,0.07379495352506638,-1.3877786980633844e-18
69 kV Derivación Fantino_c,ZRNUEF_ZFANTF-L1,\VM-PF.IntUser\PDD 31-12-2024.IntPrj\Network Model.IntPrjfolder\Network Data.IntPrjfolder\NORTE 69 kV.ElmNet\69 kV Derivación Fantino_c.ElmLne,Tap Rincón Nueva,WXRNUF,\VM-PF.IntUser\PDD 31-12-2024.IntPrj\Network Model.IntPrjfolder\Network Data.IntPrjfolder\NORTE 69 kV.ElmNet\Tap Rincón Nueva.ElmTerm,69 kV Fantino,WFANTF,\VM-PF.IntUser\PDD 31-12-2024.IntPrj\Network Model.IntPrjfolder\Network Data.IntPrjfolder\NORTE 69 kV.ElmNet\69 kV Fantino.ElmTerm,0,CIBAO SUR,NORTE,NORTE 69 kV,,P.MADERA TP-IG 50 P/69 - 559 AAAC,12.699999809265137,1,0.6629999876022339,6.6548848152160645,1.4801599979400635,19.234630584716797,5.417180061340332,26.01583480834961,49.871803283691406,-3.524958050245313e-16
69 kV CZFI Santiago – SAJOMA_f,ZACIBF_ZFOCHF-L1,\VM-PF.IntUser\PDD 31-12-2024.IntPrj\Network Model.IntPrjfolder\Network Data.IntPrjfolder\NORTE 69 kV.ElmNet\69 kV CZFI Santiago – SAJOMA_f.ElmLne,Tap Ferretería Ochoa,WXFOCF,\VM-PF.IntUser\PDD 31-12-2024.IntPrj\Network Model.IntPrjfolder\Network Data.IntPrjfolder\NORTE 69 kV.ElmNet\Tap Ferretería Ochoa.ElmTerm,Tap Acero Cibao,WXACIF,\VM-PF.IntUser\PDD 31-12-2024.IntPrj\Network Model.IntPrjfolder\Network Data.IntPrjfolder\NORTE 69 kV.ElmNet\Tap Acero Cibao.ElmTerm,0,CIBAO NORTE,NORTE,NORTE 69 kV,,P.MADERA TP-IG 55 P/69 - 559 AAAC,1.600000023841858,1,0.6629999876022339,0.8321181535720825,0.18657653033733368,2.4104583263397217,0.6917356252670288,3.2447166442871094,6.197198390960693,1.2212453535574518e-16
69 kV Derivación Troquelados Dominicanos,ZTROQF_ZXTROF-L1,\VM-PF.IntUser\PDD 31-12-2024.IntPrj\Network Model.IntPrjfolder\Network Data.IntPrjfolder\NORTE 69 kV.ElmNet\69 kV Derivación Troquelados Dominicanos.ElmLne,Tap Troquelados Dominicanos,WXTROF,\VM-PF.IntUser\PDD 31-12-2024.IntPrj\Network Model.IntPrjfolder\Network Data.IntPrjfolder\NORTE 69 kV.ElmNet\Tap Troquelados Dominicanos.ElmTerm,69 kV Troquelados Dominicanos(1),WTROQF,\VM-PF.IntUser\PDD 31-12-2024.IntPrj\Network Model.IntPrjfolder\Network Data.IntPrjfolder\NORTE 69 kV.ElmNet\69 kV Troquelados Dominicanos(1).ElmTerm,0,CIBAO NORTE,NORTE,NORTE 69 kV,,P.MADERA TP-IG 50 P/69 - 2/0 ACSR,0.10244999825954437,1,0.26499998569488525,0.08405572921037674,0.04270222783088684,0.16033942997455597,0.05035068094730377,0.19881762564182281,0.35418686270713806,-7.108896890579739e-18
69 kV Canabacoa – Cementos Cibao_c,ZCCIBF_ZXCCIF-L1,\VM-PF.IntUser\PDD 31-12-2024.IntPrj\Network Model.IntPrjfolder\Network Data.IntPrjfolder\NORTE 69 kV.ElmNet\69 kV Canabacoa – Cementos Cibao_c.ElmLne,Tap Parque Industrial,WXPICF,\VM-PF.IntUser\PDD 31-12-2024.IntPrj\Network Model.IntPrjfolder\Network Data.IntPrjfolder\NORTE 69 kV.ElmNet\Tap Parque Industrial.ElmTerm,69 kV Cementos Cibao,WCCIBF,\VM-PF.IntUser\PDD 31-12-2024.IntPrj\Network Model.IntPrjfolder\Network Data.IntPrjfolder\NORTE 69 kV.ElmNet\69 kV Cementos Cibao.ElmTerm,0,CIBAO NORTE,NORTE,NORTE 69 kV,,P.MADERA TP-IG 55 P/69 - 4/0 AAAC,3.4000000953674316,1,0.3799999952316284,2.4163591861724854,1.0445832014083862,5.263223171234131,1.6109373569488525,6.578389644622803,12.059576988220215,-1.8873791948023253e-16
69 kV La Vega – SFM_d,ZSFMAF_ZZSFRF-L1,\VM-PF.IntUser\PDD 31-12-2024.IntPrj\Network Model.IntPrjfolder\Network Data.IntPrjfolder\NORTE 69 kV.ElmNet\69 kV La Vega – SFM_d.ElmLne,Tap CENOVI,WXCENF,\VM-PF.IntUser\PDD 31-12-2024.IntPrj\Network Model.IntPrjfolder\Network Data.IntPrjfolder\NORTE 69 kV.ElmNet\Tap CENOVI.ElmTerm,1,,\VM-PF.IntUser\PDD 31-12-2024.IntPrj\Network Model.IntPrjfolder\Network Data.IntPrjfolder\NORTE 138 kV.ElmNet\SFM.ElmSite\ZSFMAF.ElmSubstat\1.ElmTerm,0,CIBAO SUR,NORTE,NORTE 69 kV,,P.MADERA/1C/69/1xF - 4/0 AAAC,12.770000457763672,1,0.3799999952316284,8.83112621307373,3.9157021045684814,20.436519622802734,5.822811126708984,22.66086196899414,47.118080139160156,-8.860967832926886e-16
69 kV SFM – El Chivo_a,ZSFMAF_ZXECHF-L1,\VM-PF.IntUser\PDD 31-12-2024.IntPrj\Network Model.IntPrjfolder\Network Data.IntPrjfolder\NORTE 69 kV.ElmNet\69 kV SFM – El Chivo_a.ElmLne,Tap El Chivo,WXECHF,\VM-PF.IntUser\PDD 31-12-2024.IntPrj\Network Model.IntPrjfolder\Network Data.IntPrjfolder\NORTE 69 kV.ElmNet\Tap El Chivo.ElmTerm,2,,\VM-PF.IntUser\PDD 31-12-2024.IntPrj\Network Model.IntPrjfolder\Network Data.IntPrjfolder\NORTE 138 kV.ElmNet\SFM.ElmSite\ZSFMAF.ElmSubstat\2.ElmTerm,0,CIBAO NORESTE,NORTE,NORTE 69 kV,,P.MADERA TP-IG 55 P/69 - 559 AAAC,1.7799999713897705,1,0.6629999876022339,0.9257314205169678,0.20756638050079346,2.6816346645355225,0.7695558667182922,3.6097471714019775,6.894382953643799,1.3586354210910794e-16
69 kV Derivación Envases Antillanos,ZEANTF_ZXEANF-L1,\VM-PF.IntUser\PDD 31-12-2024.IntPrj\Network Model.IntPrjfolder\Network Data.IntPrjfolder\NORTE 69 kV.ElmNet\69 kV Derivación Envases Antillanos.ElmLne,Tap Envases Antillanos,WXEANF,\VM-PF.IntUser\PDD 31-12-2024.IntPrj\Network Model.IntPrjfolder\Network Data.IntPrjfolder\NORTE 69 kV.ElmNet\Tap Envases Antillanos.ElmTerm,69 kV Envases Antillanos,WEANTF,\VM-PF.IntUser\PDD 31-12-2024.IntPrj\Network Model.IntPrjfolder\Network Data.IntPrjfolder\NORTE 69 kV.ElmNet\69 kV Envases Antillanos.ElmTerm,0,CIBAO NORTE,NORTE,NORTE 69 kV,,P.MADERA TP-IG 55 P/69 - 4/0 AAAC,0.0010659999679774046,1,0.3799999952316284,0.0007575995987281203,0.0003275075287092477,0.001650175079703331,0.0005050761974416673,0.0020625183824449778,0.0037810318171977997,-5.917488543490971e-20
69 kV  Derivación Ferretería Ochoa,ZFOCHF_ZXFOCF-L1,\VM-PF.IntUser\PDD 31-12-2024.IntPrj\Network Model.IntPrjfolder\Network Data.IntPrjfolder\NORTE 69 kV.ElmNet\69 kV  Derivación Ferretería Ochoa.ElmLne,69 kV Ferretería Ochoa,WFOCHF,\VM-PF.IntUser\PDD 31-12-2024.IntPrj\Network Model.IntPrjfolder\Network Data.IntPrjfolder\NORTE 69 kV.ElmNet\69 kV Ferretería Ochoa.ElmTerm,Tap Ferretería Ochoa,WXFOCF,\VM-PF.IntUser\PDD 31-12-2024.IntPrj\Network Model.IntPrjfolder\Network Data.IntPrjfolder\NORTE 69 kV.ElmNet\Tap Ferretería Ochoa.ElmTerm,0,CIBAO NORTE,NORTE,NORTE 69 kV,,P.MADERA TP-IG 55 P/69 - 4/0 ACSR,0.5,1,0.3569999933242798,0.3330368995666504,0.13130517303943634,0.7740033864974976,0.23690254986286163,0.9742141366004944,1.796484351158142,8.326672684688674e-17
69 kV Derivación Acero Cibao,ZACIBF_ZXACIF-L1,\VM-PF.IntUser\PDD 31-12-2024.IntPrj\Network Model.IntPrjfolder\Network Data.IntPrjfolder\NORTE 69 kV.ElmNet\69 kV Derivación Acero Cibao.ElmLne,69 kV Acero Cibao,WACIBF,\VM-PF.IntUser\PDD 31-12-2024.IntPrj\Network Model.IntPrjfolder\Network Data.IntPrjfolder\NORTE 69 kV.ElmNet\69 kV Acero Cibao.ElmTerm,Tap Acero Cibao,WXACIF,\VM-PF.IntUser\PDD 31-12-2024.IntPrj\Network Model.IntPrjfolder\Network Data.IntPrjfolder\NORTE 69 kV.ElmNet\Tap Acero Cibao.ElmTerm,0,CIBAO NORTE,NORTE,NORTE 69 kV,,P.MADERA TP-IG 55 P/69 - 4/0 ACSR,0.018279999494552612,1,0.3569999933242798,0.012175829149782658,0.0048005166463553905,0.028297562152147293,0.00866115652024746,0.035617269575595856,0.06567946821451187,3.04423144934828e-18
69 kV Derivación PIMCO,ZPIMCF_ZXPMCF-L1,\VM-PF.IntUser\PDD 31-12-2024.IntPrj\Network Model.IntPrjfolder\Network Data.IntPrjfolder\NORTE 69 kV.ElmNet\69 kV Derivación PIMCO.ElmLne,69 kV PIMCO,WPIMCF,\VM-PF.IntUser\PDD 31-12-2024.IntPrj\Network Model.IntPrjfolder\Network Data.IntPrjfolder\NORTE 69 kV.ElmNet\69 kV PIMCO.ElmTerm,Tap PIMCO,WXPMCF,\VM-PF.IntUser\PDD 31-12-2024.IntPrj\Network Model.IntPrjfolder\Network Data.IntPrjfolder\NORTE 69 kV.ElmNet\Tap PIMCO.ElmTerm,0,CIBAO NORTE,NORTE,NORTE 69 kV,,P.MADERA TP-IG 55 P/69 - 4/0 ACSR,0.018279999494552612,1,0.3569999933242798,0.012175829149782658,0.0048005166463553905,0.028297562152147293,0.00866115652024746,0.035617269575595856,0.06567946821451187,3.04423144934828e-18
69 kV Derivación ZF Pisano,ZZPISF_ZXZPIF-L1,\VM-PF.IntUser\PDD 31-12-2024.IntPrj\Network Model.IntPrjfolder\Network Data.IntPrjfolder\NORTE 69 kV.ElmNet\69 kV Derivación ZF Pisano.ElmLne,Tap ZF Pisano,WXZPIF,\VM-PF.IntUser\PDD 31-12-2024.IntPrj\Network Model.IntPrjfolder\Network Data.IntPrjfolder\NORTE 69 kV.ElmNet\Tap ZF Pisano.ElmTerm,69 kV ZF Pisano,WZPISF,\VM-PF.IntUser\PDD 31-12-2024.IntPrj\Network Model.IntPrjfolder\Network Data.IntPrjfolder\NORTE 69 kV.ElmNet\69 kV ZF Pisano.ElmTerm,0,CIBAO NORTE,NORTE,NORTE 69 kV,,P.MADERA TP-IG 55 P/69 - 4/0 ACSR,0.007619999814778566,1,0.3569999933242798,0.005075482651591301,0.0020010906737297773,0.011795811355113983,0.003610394662246108,0.014847023412585258,0.027378421276807785,1.268984912150383e-18
69 kV Derivación Quinigua,ZQUINF_ZXQUIF-L1,\VM-PF.IntUser\PDD 31-12-2024.IntPrj\Network Model.IntPrjfolder\Network Data.IntPrjfolder\NORTE 69 kV.ElmNet\69 kV Derivación Quinigua.ElmLne,69 kV Quinigua,WQUINF,\VM-PF.IntUser\PDD 31-12-2024.IntPrj\Network Model.IntPrjfolder\Network Data.IntPrjfolder\NORTE 69 kV.ElmNet\69 kV Quinigua.ElmTerm,Tap Quinigua,WXQUIF,\VM-PF.IntUser\PDD 31-12-2024.IntPrj\Network Model.IntPrjfolder\Network Data.IntPrjfolder\NORTE 69 kV.ElmNet\Tap Quinigua.ElmTerm,0,CIBAO NORTE,NORTE,NORTE 69 kV,,P.MADERA TP-IG 50 P/69 - 4/0 ACSR,0.00914399977773428,1,0.3569999933242798,0.006092246156185865,0.002401309786364436,0.014149333350360394,0.0043324753642082214,0.018132703378796577,0.03286489471793175,-5.075939545203956e-19
69 kV Derivación Cotuí,ZCOTUF_ZXCOTF-L1,\VM-PF.IntUser\PDD 31-12-2024.IntPrj\Network Model.IntPrjfolder\Network Data.IntPrjfolder\NORTE 69 kV.ElmNet\69 kV Derivación Cotuí.ElmLne,Tap Cotuí,WXCOTF,\VM-PF.IntUser\PDD 31-12-2024.IntPrj\Network Model.IntPrjfolder\Network Data.IntPrjfolder\NORTE 69 kV.ElmNet\Tap Cotuí.ElmTerm,69 kV Cotuí,WCOTUF,\VM-PF.IntUser\PDD 31-12-2024.IntPrj\Network Model.IntPrjfolder\Network Data.IntPrjfolder\NORTE 69 kV.ElmNet\69 kV Cotuí.ElmTerm,0,CIBAO SUR,NORTE,NORTE 69 kV,,P.MADERA TP-IG 50 P/69 - 4/0 AAAC,0.014999999664723873,1,0.3799999952316284,0.010663142427802086,0.00460845697671175,0.02321084775030613,0.007107078563421965,0.02953389473259449,0.05322128161787987,1.6653344997146072e-18
69 kV Derivación Nagua,ZNAGUF_ZXNAGF-L1,\VM-PF.IntUser\PDD 31-12-2024.IntPrj\Network Model.IntPrjfolder\Network Data.IntPrjfolder\NORTE 69 kV.ElmNet\69 kV Derivación Nagua.ElmLne,69 kV Nagua,WNAGUF,\VM-PF.IntUser\PDD 31-12-2024.IntPrj\Network Model.IntPrjfolder\Network Data.IntPrjfolder\NORTE 69 kV.ElmNet\Nagua/Rosa Julia de la Cruz.ElmSite\ZNAGUF.ElmSubstat\69 kV Nagua.ElmTerm,Tap Nagua,WXNAGF,\VM-PF.IntUser\PDD 31-12-2024.IntPrj\Network Model.IntPrjfolder\Network Data.IntPrjfolder\NORTE 69 kV.ElmNet\Tap Nagua.ElmTerm,0,CIBAO NORESTE,NORTE,NORTE 69 kV,,P.MADERA TP-IG 55 P/69 - 559 AAAC,0.009999999776482582,1,0.6629999876022339,0.005200738087296486,0.0011661032913252711,0.015065363608300686,0.004323347471654415,0.020279478281736374,0.038732487708330154,7.632783252938921e-19
69 kV Derivación INDUVECA,ZINDUF_ZXINDF-L1,\VM-PF.IntUser\PDD 31-12-2024.IntPrj\Network Model.IntPrjfolder\Network Data.IntPrjfolder\NORTE 69 kV.ElmNet\69 kV Derivación INDUVECA.ElmLne,Tap INDUVECA,WXINDF,\VM-PF.IntUser\PDD 31-12-2024.IntPrj\Network Model.IntPrjfolder\Network Data.IntPrjfolder\NORTE 69 kV.ElmNet\Tap INDUVECA.ElmTerm,69 kV INDUVECA,WINDUF,\VM-PF.IntUser\PDD 31-12-2024.IntPrj\Network Model.IntPrjfolder\Network Data.IntPrjfolder\NORTE 69 kV.ElmNet\69 kV INDUVECA.ElmTerm,0,CIBAO SUR,NORTE,NORTE 69 kV,,P.MADERA TP-IG 50 P/69 - 4/0 ACSR,0.003656999906525016,1,0.3569999933242798,0.0024364986456930637,0.0009603663929738104,0.005658804904669523,0.0017327057430520654,0.007251891773194075,0.013143801130354404,-2.030042748638059e-19
69 kV Derivación ZF La Vega,ZZLVEF_ZXZLVF-L1,\VM-PF.IntUser\PDD 31-12-2024.IntPrj\Network Model.IntPrjfolder\Network Data.IntPrjfolder\NORTE 69 kV.ElmNet\69 kV Derivación ZF La Vega.ElmLne,69 kV ZF La Vega,WZLVEF,\VM-PF.IntUser\PDD 31-12-2024.IntPrj\Network Model.IntPrjfolder\Network Data.IntPrjfolder\NORTE 69 kV.ElmNet\69 kV ZF La Vega.ElmTerm,Tap ZF La Vega,WXZLVF,\VM-PF.IntUser\PDD 31-12-2024.IntPrj\Network Model.IntPrjfolder\Network Data.IntPrjfolder\NORTE 69 kV.ElmNet\Tap ZF La Vega.ElmTerm,0,CIBAO SUR,NORTE,NORTE 69 kV,,P.MADERA TP-IG 50 P/69 - 4/0 AAAC,0.14000000059604645,1,0.3799999952316284,0.099522665143013,0.043012265115976334,0.2166345864534378,0.06633273512125015,0.27564969658851624,0.4967319667339325,1.554312241092664e-17
69 kV Derivación Jimenoa,ZJIMEF_ZXJIMF-L1,\VM-PF.IntUser\PDD 31-12-2024.IntPrj\Network Model.IntPrjfolder\Network Data.IntPrjfolder\NORTE 69 kV.ElmNet\69 kV Derivación Jimenoa.ElmLne,69 kV Jimenoa,WJIMEF,\VM-PF.IntUser\PDD 31-12-2024.IntPrj\Network Model.IntPrjfolder\Network Data.IntPrjfolder\NORTE 69 kV.ElmNet\Jimenoa.ElmSite\69 kV Jimenoa.ElmTerm,Tap Jimenoa,WXJIMF,\VM-PF.IntUser\PDD 31-12-2024.IntPrj\Network Model.IntPrjfolder\Network Data.IntPrjfolder\NORTE 69 kV.ElmNet\Tap Jimenoa.ElmTerm,0,CIBAO SUR,NORTE,NORTE 69 kV,,T.ACERO S1/69/1xF-559.5 MCM,0.0010000000474974513,1,0.6629999876022339,0.0004235663509462029,0.00011598280252655968,0.001460045576095581,0.000497512926813215,0.0018716190243139863,0.0033307289704680443,-4.163336378533489e-20
69 kV Derivación Paso Bajito,ZPBAJF_ZXPBAF-L1,\VM-PF.IntUser\PDD 31-12-2024.IntPrj\Network Model.IntPrjfolder\Network Data.IntPrjfolder\NORTE 69 kV.ElmNet\69 kV Derivación Paso Bajito.ElmLne,Tap Paso Bajito,WXPBAF,\VM-PF.IntUser\PDD 31-12-2024.IntPrj\Network Model.IntPrjfolder\Network Data.IntPrjfolder\NORTE 69 kV.ElmNet\Tap Paso Bajito.ElmTerm,69 kV Paso Bajito,WPBAJF,\VM-PF.IntUser\PDD 31-12-2024.IntPrj\Network Model.IntPrjfolder\Network Data.IntPrjfolder\NORTE 69 kV.ElmNet\69 kV Paso Bajito.ElmTerm,0,CIBAO SUR,NORTE,NORTE 69 kV,,P.MADERA/69 TH-1G- 2/0 CU,0.0030479999259114265,1,0.36000001430511475,0.0023481585085392,0.0009199475171044469,0.003960990812629461,0.0015985643258318305,0.006859635002911091,0.009771128185093403,-1.268984886300989e-19
69 kV Derivación El Río,ZERIOF_ZXERIF-L1,\VM-PF.IntUser\PDD 31-12-2024.IntPrj\Network Model.IntPrjfolder\Network Data.IntPrjfolder\NORTE 69 kV.ElmNet\69 kV Derivación El Río.ElmLne,69 kV El Río,WERIOF,\VM-PF.IntUser\PDD 31-12-2024.IntPrj\Network Model.IntPrjfolder\Network Data.IntPrjfolder\NORTE 69 kV.ElmNet\69 kV El Río.ElmTerm,Tap El Río,WXERIF,\VM-PF.IntUser\PDD 31-12-2024.IntPrj\Network Model.IntPrjfolder\Network Data.IntPrjfolder\NORTE 69 kV.ElmNet\Tap El Río.ElmTerm,0,CIBAO SUR,NORTE,NORTE 69 kV,,P.MADERA/69 TH-1G- 2/0 CU,0.012190000154078007,1,0.36000001430511475,0.009391093626618385,0.0036791865713894367,0.015841364860534668,0.006393208634108305,0.02743403986096382,0.03907810524106026,-5.075107194712574e-19
69 kV Derivación Tireo,ZTIREF_ZXTIRF-L1,\VM-PF.IntUser\PDD 31-12-2024.IntPrj\Network Model.IntPrjfolder\Network Data.IntPrjfolder\NORTE 69 kV.ElmNet\69 kV Derivación Tireo.ElmLne,Tap Tireo,WXTIRF,\VM-PF.IntUser\PDD 31-12-2024.IntPrj\Network Model.IntPrjfolder\Network Data.IntPrjfolder\NORTE 69 kV.ElmNet\Tap Tireo.ElmTerm,69 kV Tireo,WTIREF,\VM-PF.IntUser\PDD 31-12-2024.IntPrj\Network Model.IntPrjfolder\Network Data.IntPrjfolder\NORTE 69 kV.ElmNet\69 kV Tireo.ElmTerm,0,CIBAO SUR,NORTE,NORTE 69 kV,,P.MADERA/69 TH-1G- 2/0 CU,0.0030479999259114265,1,0.36000001430511475,0.0023481585085392,0.0009199475171044469,0.003960990812629461,0.0015985643258318305,0.006859635002911091,0.009771128185093403,-1.268984886300989e-19
69 kV Derivación Bonao Per_b,ZBPERF_ZXBONF-L1,\VM-PF.IntUser\PDD 31-12-2024.IntPrj\Network Model.IntPrjfolder\Network Data.IntPrjfolder\NORTE 69 kV.ElmNet\69 kV Derivación Bonao Per_b.ElmLne,69 kV Bonao PER,WBPERF,\VM-PF.IntUser\PDD 31-12-2024.IntPrj\Network Model.IntPrjfolder\Network Data.IntPrjfolder\NORTE 69 kV.ElmNet\Bonao PER/Anaiana Vargas.ElmSite\ZBPERF.ElmSubstat\69 kV Bonao PER.ElmTerm,Tap Bonao,WXBONF,\VM-PF.IntUser\PDD 31-12-2024.IntPrj\Network Model.IntPrjfolder\Network Data.IntPrjfolder\NORTE 69 kV.ElmNet\Tap Bonao.ElmTerm,0,CIBAO SUR,NORTE,NORTE 69 kV,,P.MADERA TP-IG 50 P/69 - 4/0 AAAC,1.5,1,0.3799999952316284,1.0663142204284668,0.4608456790447235,2.321084976196289,0.7107079029083252,2.9533896446228027,5.3221282958984375,1.6653345369377348e-16
69 kV Derivación Sosúa,ZSOSUF_ZXSOSF-L1,\VM-PF.IntUser\PDD 31-12-2024.IntPrj\Network Model.IntPrjfolder\Network Data.IntPrjfolder\NORTE 69 kV.ElmNet\69 kV Derivación Sosúa.ElmLne,69 kV Sosúa,WSOSUF,\VM-PF.IntUser\PDD 31-12-2024.IntPrj\Network Model.IntPrjfolder\Network Data.IntPrjfolder\NORTE 69 kV.ElmNet\69 kV Sosúa.ElmTerm,Tap Sosúa,WXSOSF,\VM-PF.IntUser\PDD 31-12-2024.IntPrj\Network Model.IntPrjfolder\Network Data.IntPrjfolder\NORTE 69 kV.ElmNet\Tap Sosúa.ElmTerm,0,CIBAO NORTE,NORTE,NORTE 69 kV,,P.MADERA TP-IG 50 P/69 - 559 AAAC,0.00457199988886714,1,0.6629999876022339,0.0023957586381584406,0.000532857549842447,0.006924467161297798,0.001950184814631939,0.00936570018529892,0.017953848466277122,-1.268984886300989e-19
69 kV Derivación Cabarete,ZCABAF_ZXCBRF-L1,\VM-PF.IntUser\PDD 31-12-2024.IntPrj\Network Model.IntPrjfolder\Network Data.IntPrjfolder\NORTE 69 kV.ElmNet\69 kV Derivación Cabarete.ElmLne,69 kV Cabarete,WCABAF,\VM-PF.IntUser\PDD 31-12-2024.IntPrj\Network Model.IntPrjfolder\Network Data.IntPrjfolder\NORTE 69 kV.ElmNet\69 kV Cabarete.ElmTerm,Tap Cabarete,WXCBRF,\VM-PF.IntUser\PDD 31-12-2024.IntPrj\Network Model.IntPrjfolder\Network Data.IntPrjfolder\NORTE 69 kV.ElmNet\Tap Cabarete.ElmTerm,0,CIBAO NORTE,NORTE,NORTE 69 kV,,P.MADERA TP-IG 50 P/69 - 559 AAAC,0.00457199988886714,1,0.6629999876022339,0.0023957586381584406,0.000532857549842447,0.006924467161297798,0.001950184814631939,0.00936570018529892,0.017953848466277122,-1.268984886300989e-19
69 kV Derivación Don Pedro,ZDPEDF_ZXDPEF-L1,\VM-PF.IntUser\PDD 31-12-2024.IntPrj\Network Model.IntPrjfolder\Network Data.IntPrjfolder\NORTE 69 kV.ElmNet\69 kV Derivación Don Pedro.ElmLne,69 kV Don Pedro,WDPEDF,\VM-PF.IntUser\PDD 31-12-2024.IntPrj\Network Model.IntPrjfolder\Network Data.IntPrjfolder\NORTE 69 kV.ElmNet\69 kV Don Pedro.ElmTerm,Tap Don Pedro,WXDPEF,\VM-PF.IntUser\PDD 31-12-2024.IntPrj\Network Model.IntPrjfolder\Network Data.IntPrjfolder\NORTE 69 kV.ElmNet\Tap Don Pedro.ElmTerm,0,CIBAO NORTE,NORTE,NORTE 69 kV,,P.MADERA TP-IG 50 P/69 - 4/0 AAAC,0.005499999970197678,1,0.3799999952316284,0.0039098188281059265,0.0016897674649953842,0.008510644547641277,0.0026059290394186974,0.010829094797372818,0.01951446942985058,6.106226602351136e-19
69 kV Derivación Molinos Valle Cibao,ZMVCIF_ZXMVCF-L1,\VM-PF.IntUser\PDD 31-12-2024.IntPrj\Network Model.IntPrjfolder\Network Data.IntPrjfolder\NORTE 69 kV.ElmNet\69 kV Derivación Molinos Valle Cibao.ElmLne,69 kV Molinos Valle Cibao,WMVCIF,\VM-PF.IntUser\PDD 31-12-2024.IntPrj\Network Model.IntPrjfolder\Network Data.IntPrjfolder\NORTE 69 kV.ElmNet\69 kV Molinos Valle Cibao.ElmTerm,Tap Molinos del Valle,WXMVCF,\VM-PF.IntUser\PDD 31-12-2024.IntPrj\Network Model.IntPrjfolder\Network Data.IntPrjfolder\NORTE 69 kV.ElmNet\Tap Molinos del Valle.ElmTerm,0,CIBAO NORTE,NORTE,NORTE 69 kV,,P.MADERA TP-IG 50 P/69 - 4/0 ACSR,0.0010659999679774046,1,0.3569999933242798,0.0007102290401235223,0.0002799427311401814,0.0016495175659656525,0.0005050763720646501,0.0021138957235962152,0.0038313623517751694,-5.917488543490971e-20
69 kV Derivación ZF Licey,ZZLICF_ZXZLIF-L1,\VM-PF.IntUser\PDD 31-12-2024.IntPrj\Network Model.IntPrjfolder\Network Data.IntPrjfolder\NORTE 69 kV.ElmNet\69 kV Derivación ZF Licey.ElmLne,69 kV ZF Licey,WZLICF,\VM-PF.IntUser\PDD 31-12-2024.IntPrj\Network Model.IntPrjfolder\Network Data.IntPrjfolder\NORTE 69 kV.ElmNet\69 kV ZF Licey.ElmTerm,Tap ZF Licey,WXZLIF,\VM-PF.IntUser\PDD 31-12-2024.IntPrj\Network Model.IntPrjfolder\Network Data.IntPrjfolder\NORTE 69 kV.ElmNet\Tap ZF Licey.ElmTerm,0,CIBAO NORTE,NORTE,NORTE 69 kV,,P.MADERA TP-IG 50 P/69 - 4/0 ACSR,0.0010659999679774046,1,0.3569999933242798,0.0007102290401235223,0.0002799427311401814,0.0016495175659656525,0.0005050763720646501,0.0021138957235962152,0.0038313623517751694,-5.917488543490971e-20
69 kV Derivación Villa Olga,ZVOLGF_ZXVOLF-L1,\VM-PF.IntUser\PDD 31-12-2024.IntPrj\Network Model.IntPrjfolder\Network Data.IntPrjfolder\NORTE 69 kV.ElmNet\69 kV Derivación Villa Olga.ElmLne,Tap Villa Olga,WXVOLF,\VM-PF.IntUser\PDD 31-12-2024.IntPrj\Network Model.IntPrjfolder\Network Data.IntPrjfolder\NORTE 69 kV.ElmNet\Tap Villa Olga.ElmTerm,69 kV Villa Olga,WVOLGF,\VM-PF.IntUser\PDD 31-12-2024.IntPrj\Network Model.IntPrjfolder\Network Data.IntPrjfolder\NORTE 69 kV.ElmNet\69 kV Villa Olga.ElmTerm,0,CIBAO NORTE,NORTE,NORTE 69 kV,,P.MADERA TP-IG 55 P/69 - 4/0 ACSR,0.015239999629557133,1,0.3569999933242798,0.010150965303182602,0.004002181347459555,0.023591622710227966,0.007220789324492216,0.029694046825170517,0.05475684255361557,2.537969824300766e-18
69 kV Navarrete – ZF Santiago_a,ZNAVAF_ZXNADF-L1,\VM-PF.IntUser\PDD 31-12-2024.IntPrj\Network Model.IntPrjfolder\Network Data.IntPrjfolder\NORTE 69 kV.ElmNet\69 kV Navarrete – ZF Santiago_a.ElmLne,1,,\VM-PF.IntUser\PDD 31-12-2024.IntPrj\Network Model.IntPrjfolder\Network Data.IntPrjfolder\NORTE 69 kV.ElmNet\ZNAVAF.ElmSubstat\1.ElmTerm,Tap Ochoa Las Lavas,WXOLVF,\VM-PF.IntUser\PDD 31-12-2024.IntPrj\Network Model.IntPrjfolder\Network Data.IntPrjfolder\NORTE 69 kV.ElmNet\Tap Ochoa Las Lavas.ElmTerm,0,CIBAO NORTE,NORTE,NORTE 69 kV,,P.MADERA TP-IG 55 P/69 - 450 ACAR,7.099999904632568,1,0.5680000185966492,3.795048236846924,0.9304574131965637,10.756573677062988,3.12974214553833,14.249066352844238,26.959884643554688,0.0
69 kV Playa Dorada – Puerto Plata_b,ZPPLAF_ZXPPEF-L1,\VM-PF.IntUser\PDD 31-12-2024.IntPrj\Network Model.IntPrjfolder\Network Data.IntPrjfolder\NORTE 69 kV.ElmNet\69 kV Playa Dorada – Puerto Plata_b.ElmLne,3,,\VM-PF.IntUser\PDD 31-12-2024.IntPrj\Network Model.IntPrjfolder\Network Data.IntPrjfolder\NORTE 69 kV.ElmNet\ZPPLAF.ElmSubstat\3.ElmTerm,Tap Puerto Plata Electricidad,WXPPEF,\VM-PF.IntUser\PDD 31-12-2024.IntPrj\Network Model.IntPrjfolder\Network Data.IntPrjfolder\NORTE 69 kV.ElmNet\Tap Puerto Plata Electricidad.ElmTerm,0,CIBAO NORTE,NORTE,NORTE 69 kV,,P.MADERA TP-IG 55 P/69 - 559 AAAC,7.409999847412109,1,0.6629999876022339,3.8537468910217285,0.8640825152397156,11.163434028625488,3.2036004066467285,15.027093887329102,28.700775146484375,5.655892039909956e-16
69 kV Playa Dorada – Puerto Plata_a,ZPDORF_ZXPPEF-L1,\VM-PF.IntUser\PDD 31-12-2024.IntPrj\Network Model.IntPrjfolder\Network Data.IntPrjfolder\NORTE 69 kV.ElmNet\69 kV Playa Dorada – Puerto Plata_a.ElmLne,Tap Puerto Plata Electricidad,WXPPEF,\VM-PF.IntUser\PDD 31-12-2024.IntPrj\Network Model.IntPrjfolder\Network Data.IntPrjfolder\NORTE 69 kV.ElmNet\Tap Puerto Plata Electricidad.ElmTerm,2,,\VM-PF.IntUser\PDD 31-12-2024.IntPrj\Network Model.IntPrjfolder\Network Data.IntPrjfolder\NORTE 69 kV.ElmNet\ZPDORF.ElmSubstat\2.ElmTerm,0,CIBAO NORTE,NORTE,NORTE 69 kV,,P.MADERA TP-IG 55 P/69 - 559 AAAC,0.30999991297721863,1,0.6629999876022339,0.16122284531593323,0.03614919260144234,0.46702614426612854,0.1340237408876419,0.6286636590957642,1.2007068395614624,2.366162219044879e-17
69 kV Derivación Baltimore Domincana_b,ZBALDF_ZXEANF-L1,\VM-PF.IntUser\PDD 31-12-2024.IntPrj\Network Model.IntPrjfolder\Network Data.IntPrjfolder\NORTE 69 kV.ElmNet\69 kV Derivación Baltimore Domincana_b.ElmLne,69 kV Baltimore Dominicana,WBALDF,\VM-PF.IntUser\PDD 31-12-2024.IntPrj\Network Model.IntPrjfolder\Network Data.IntPrjfolder\NORTE 69 kV.ElmNet\69 kV Baltimore Dominicana.ElmTerm,Tap Envases Antillanos,WXEANF,\VM-PF.IntUser\PDD 31-12-2024.IntPrj\Network Model.IntPrjfolder\Network Data.IntPrjfolder\NORTE 69 kV.ElmNet\Tap Envases Antillanos.ElmTerm,0,CIBAO NORTE,NORTE,NORTE 69 kV,,P.MADERA TP-IG 55 P/69 - 4/0 AAAC,1.809999942779541,1,0.3799999952316284,1.2863558530807495,0.5560868978500366,2.801892042160034,0.8575872182846069,3.5020246505737305,6.41995096206665,-1.0047518055220311e-16
69 kV Derivación Art Piel Favoritos,ZAPFAF_ZXOC2F-L1,\VM-PF.IntUser\PDD 31-12-2024.IntPrj\Network Model.IntPrjfolder\Network Data.IntPrjfolder\NORTE 69 kV.ElmNet\69 kV Derivación Art Piel Favoritos.ElmLne,69 kV Art Piel Favoritos,WAPFAF,\VM-PF.IntUser\PDD 31-12-2024.IntPrj\Network Model.IntPrjfolder\Network Data.IntPrjfolder\NORTE 69 kV.ElmNet\69 kV Art Piel Favoritos.ElmTerm,Tap Ochoa,WXOC2F,\VM-PF.IntUser\PDD 31-12-2024.IntPrj\Network Model.IntPrjfolder\Network Data.IntPrjfolder\NORTE 69 kV.ElmNet\Tap Ochoa.ElmTerm,0,CIBAO NORTE,NORTE,NORTE 69 kV,,P.MADERA TP-IG 55 P/69 - 4/0 AAAC,0.28999999165534973,1,0.3799999952316284,0.2061012089252472,0.089096799492836,0.44892194867134094,0.1374034732580185,0.5610978603363037,1.0286109447479248,-1.6098233393843627e-17
69 kV CZFI Santiago – SAJOMA_d,ZXAPFF_ZXOC2F-L1,\VM-PF.IntUser\PDD 31-12-2024.IntPrj\Network Model.IntPrjfolder\Network Data.IntPrjfolder\NORTE 69 kV.ElmNet\69 kV CZFI Santiago – SAJOMA_d.ElmLne,Tap Ochoa,WXOC2F,\VM-PF.IntUser\PDD 31-12-2024.IntPrj\Network Model.IntPrjfolder\Network Data.IntPrjfolder\NORTE 69 kV.ElmNet\Tap Ochoa.ElmTerm,Tap Art Piel Favoritos,WXAPFF,\VM-PF.IntUser\PDD 31-12-2024.IntPrj\Network Model.IntPrjfolder\Network Data.IntPrjfolder\NORTE 69 kV.ElmNet\Tap Art Piel Favoritos.ElmTerm,0,CIBAO NORTE,NORTE,NORTE 69 kV,,P.MADERA TP-IG 55 P/69 - 4/0 AAAC,1.1100000143051147,1,0.3799999952316284,0.7888701558113098,0.3410256803035736,1.718287467956543,0.5259236693382263,2.147650718688965,3.9370970726013184,-6.161737866078958e-17
69 kV Derivación Baltimore Domincana_a,ZXAPFF_ZXEANF-L1,\VM-PF.IntUser\PDD 31-12-2024.IntPrj\Network Model.IntPrjfolder\Network Data.IntPrjfolder\NORTE 69 kV.ElmNet\69 kV Derivación Baltimore Domincana_a.ElmLne,Tap Art Piel Favoritos,WXAPFF,\VM-PF.IntUser\PDD 31-12-2024.IntPrj\Network Model.IntPrjfolder\Network Data.IntPrjfolder\NORTE 69 kV.ElmNet\Tap Art Piel Favoritos.ElmTerm,Tap Envases Antillanos,WXEANF,\VM-PF.IntUser\PDD 31-12-2024.IntPrj\Network Model.IntPrjfolder\Network Data.IntPrjfolder\NORTE 69 kV.ElmNet\Tap Envases Antillanos.ElmTerm,0,CIBAO NORTE,NORTE,NORTE 69 kV,,P.MADERA TP-IG 55 P/69 - 4/0 AAAC,1.4600000381469727,1,0.3799999952316284,1.037613034248352,0.4485563039779663,2.260089874267578,0.691755473613739,2.8248376846313477,5.178524017333984,-8.10462829152188e-17
69 kV Canabacoa – Unión Médica_b,ZVOLGF_ZXHMSF-L1,\VM-PF.IntUser\PDD 31-12-2024.IntPrj\Network Model.IntPrjfolder\Network Data.IntPrjfolder\NORTE 69 kV.ElmNet\69 kV Canabacoa – Unión Médica_b.ElmLne,Tap Villa Olga,WXVOLF,\VM-PF.IntUser\PDD 31-12-2024.IntPrj\Network Model.IntPrjfolder\Network Data.IntPrjfolder\NORTE 69 kV.ElmNet\Tap Villa Olga.ElmTerm,Tap Hospital Metropolitano Santiago,WXHMSF,\VM-PF.IntUser\PDD 31-12-2024.IntPrj\Network Model.IntPrjfolder\Network Data.IntPrjfolder\NORTE 69 kV.ElmNet\Tap Hospital Metropolitano Santiago.ElmTerm,0,CIBAO NORTE,NORTE,NORTE 69 kV,,P.MADERA TP-IG 55 P/69 - 4/0 ACSR,3.549999952316284,1,0.3569999933242798,2.3645620346069336,0.9322667121887207,5.495423793792725,1.6820080280303955,6.9169206619262695,12.75503921508789,5.911937394370722e-16
69 kV Navarrete – ZF Santiago_d,ZXEBQF_ZZPISF-L1,\VM-PF.IntUser\PDD 31-12-2024.IntPrj\Network Model.IntPrjfolder\Network Data.IntPrjfolder\NORTE 69 kV.ElmNet\69 kV Navarrete – ZF Santiago_d.ElmLne,Tap ZF Pisano,WXZPIF,\VM-PF.IntUser\PDD 31-12-2024.IntPrj\Network Model.IntPrjfolder\Network Data.IntPrjfolder\NORTE 69 kV.ElmNet\Tap ZF Pisano.ElmTerm,Tap Acueducto Quiniga,WXEBQF,\VM-PF.IntUser\PDD 31-12-2024.IntPrj\Network Model.IntPrjfolder\Network Data.IntPrjfolder\NORTE 69 kV.ElmNet\Tap Acueducto Quiniga.ElmTerm,0,CIBAO NORTE,NORTE,NORTE 69 kV,,P.MADERA TP-IG 55 P/69 - 559 AAAC,1.9800000190734863,1,0.6629999876022339,1.029746174812317,0.2308884561061859,2.9829421043395996,0.856022834777832,4.015336990356445,7.669033050537109,1.5112911399165976e-16
69 kV La Vega – La Vega Generadora_a,ZLVEGF_ZXINDF-L1,\VM-PF.IntUser\PDD 31-12-2024.IntPrj\Network Model.IntPrjfolder\Network Data.IntPrjfolder\NORTE 69 kV.ElmNet\69 kV La Vega – La Vega Generadora_a.ElmLne,Tap INDUVECA,WXINDF,\VM-PF.IntUser\PDD 31-12-2024.IntPrj\Network Model.IntPrjfolder\Network Data.IntPrjfolder\NORTE 69 kV.ElmNet\Tap INDUVECA.ElmTerm,1,,\VM-PF.IntUser\PDD 31-12-2024.IntPrj\Network Model.IntPrjfolder\Network Data.IntPrjfolder\NORTE 69 kV.ElmNet\ZLVEGF.ElmSubstat\1.ElmTerm,0,CIBAO SUR,NORTE,NORTE 69 kV,,P.MADERA TP-IG 50 P/69 - 559 AAAC,1.590000033378601,1,0.6629999876022339,0.8331706523895264,0.18531136214733124,2.4081153869628906,0.678213894367218,3.257100820541382,6.24379301071167,-4.413136615529226e-17
69 kV La Vega – La Vega Generadora_b,ZLVGBF_ZXINDF-L1,\VM-PF.IntUser\PDD 31-12-2024.IntPrj\Network Model.IntPrjfolder\Network Data.IntPrjfolder\NORTE 69 kV.ElmNet\69 kV La Vega – La Vega Generadora_b.ElmLne,Tap INDUVECA,WXINDF,\VM-PF.IntUser\PDD 31-12-2024.IntPrj\Network Model.IntPrjfolder\Network Data.IntPrjfolder\NORTE 69 kV.ElmNet\Tap INDUVECA.ElmTerm,R1,,\VM-PF.IntUser\PDD 31-12-2024.IntPrj\Network Model.IntPrjfolder\Network Data.IntPrjfolder\NORTE 69 kV.ElmNet\Diésel La Vega.ElmSite\ZGVEGF.ElmSubstat\R1.ElmTerm,0,CIBAO SUR,NORTE,NORTE 69 kV,,P.MADERA TP-IG 50 P/69 - 559 AAAC,2.240000009536743,1,0.6629999876022339,1.1737749576568604,0.26106759905815125,3.3925650119781494,0.9554711580276489,4.588619709014893,8.796286582946777,-6.217248964370656e-17
69 kV Derivación La Penda,ZLPENF_ZXLPEF-L1,\VM-PF.IntUser\PDD 31-12-2024.IntPrj\Network Model.IntPrjfolder\Network Data.IntPrjfolder\NORTE 69 kV.ElmNet\69 kV Derivación La Penda.ElmLne,Tap La Penda,WXLPEF,\VM-PF.IntUser\PDD 31-12-2024.IntPrj\Network Model.IntPrjfolder\Network Data.IntPrjfolder\NORTE 69 kV.ElmNet\Tap La Penda.ElmTerm,69 kV La Penda,WLPENF,\VM-PF.IntUser\PDD 31-12-2024.IntPrj\Network Model.IntPrjfolder\Network Data.IntPrjfolder\NORTE 69 kV.ElmNet\69 kV La Penda.ElmTerm,0,CIBAO SUR,NORTE,NORTE 69 kV,,P.MADERA TP-IG 50 P/69 - 559 AAAC,0.07558999955654144,1,0.6629999876022339,0.03960966691374779,0.008809865452349186,0.11448392271995544,0.03224288672208786,0.1548454314470291,0.29683539271354675,-2.098043948476942e-18
69 kV Imbert 2 – Puerto Plata 2_a,ZIMB2F_ZXIM2F-L1,\VM-PF.IntUser\PDD 31-12-2024.IntPrj\Network Model.IntPrjfolder\Network Data.IntPrjfolder\NORTE 69 kV.ElmNet\69 kV Imbert 2 – Puerto Plata 2_a.ElmLne,1,,\VM-PF.IntUser\PDD 31-12-2024.IntPrj\Network Model.IntPrjfolder\Network Data.IntPrjfolder\NORTE 69 kV.ElmNet\ZIMB2F.ElmSubstat\1.ElmTerm,Tap 1 69 kV Imbert 2,WXIM2F,\VM-PF.IntUser\PDD 31-12-2024.IntPrj\Network Model.IntPrjfolder\Network Data.IntPrjfolder\NORTE 69 kV.ElmNet\Tap 1 69 kV Imbert 2.ElmTerm,0,CIBAO NORTE,NORTE,NORTE 69 kV,,P.MADERA TP-IG 55 P/69 - 559 AAAC,0.25999999046325684,1,0.6629999876022339,0.13521918654441833,0.03031868487596512,0.3916994333267212,0.11240702867507935,0.5272664427757263,1.0070446729660034,1.9845235837255734e-17
69 kV Imbert 2 – Navarrete_c,ZXIMBF_ZXNAVF-L1,\VM-PF.IntUser\PDD 31-12-2024.IntPrj\Network Model.IntPrjfolder\Network Data.IntPrjfolder\NORTE 69 kV.ElmNet\69 kV Imbert 2 – Navarrete_c.ElmLne,Tap Imbert,WXIMBF,\VM-PF.IntUser\PDD 31-12-2024.IntPrj\Network Model.IntPrjfolder\Network Data.IntPrjfolder\NORTE 69 kV.ElmNet\Tap Imbert.ElmTerm,Tap Navarrete,WXNAVF,\VM-PF.IntUser\PDD 31-12-2024.IntPrj\Network Model.IntPrjfolder\Network Data.IntPrjfolder\NORTE 69 kV.ElmNet\Tap Navarrete.ElmTerm,0,CIBAO NORTE,NORTE,NORTE 69 kV,,,21.0,1,0.5680000185966492,9.039173126220703,2.7430176734924316,31.94153594970703,10.145157814025879,42.252315521240234,72.57237243652344,2.040034807748725e-15
69 kV Derivación CORMIDOM_a,ZCORMF_ZXCORF-L1_a,\VM-PF.IntUser\PDD 31-12-2024.IntPrj\Network Model.IntPrjfolder\Network Data.IntPrjfolder\NORTE 69 kV.ElmNet\69 kV Derivación CORMIDOM_a.ElmLne,69 kV CORMIDOM,WCORMF,\VM-PF.IntUser\PDD 31-12-2024.IntPrj\Network Model.IntPrjfolder\Network Data.IntPrjfolder\NORTE 69 kV.ElmNet\69 kV CORMIDOM.ElmTerm,Tap CORMIDOM 2,WXCO2F,\VM-PF.IntUser\PDD 31-12-2024.IntPrj\Network Model.IntPrjfolder\Network Data.IntPrjfolder\NORTE 69 kV.ElmNet\Tap CORMIDOM 2.ElmTerm,0,CIBAO SUR,NORTE,NORTE 69 kV,,P.MADERA TP-IG 50 P/69 - 4/0 AAAC,0.04699999839067459,1,0.3799999952316284,0.0334111787378788,0.014439830556511879,0.07272732257843018,0.02226884663105011,0.09253953397274017,0.16676001250743866,5.2180480370672234e-18
69 kV Hatillo – Pimentel_d,ZCOTUF_ZHATIF-L1_a,\VM-PF.IntUser\PDD 31-12-2024.IntPrj\Network Model.IntPrjfolder\Network Data.IntPrjfolder\NORTE 69 kV.ElmNet\69 kV Hatillo – Pimentel_d.ElmLne,Tap Cotuí 3,WXTC3F,\VM-PF.IntUser\PDD 31-12-2024.IntPrj\Network Model.IntPrjfolder\Network Data.IntPrjfolder\NORTE 69 kV.ElmNet\Tap Cotuí 3.ElmTerm,1,,\VM-PF.IntUser\PDD 31-12-2024.IntPrj\Network Model.IntPrjfolder\Network Data.IntPrjfolder\NORTE 69 kV.ElmNet\Hatillo.ElmSite\ZHATIF.ElmSubstat\1.ElmTerm,0,CIBAO SUR,NORTE,NORTE 69 kV,,P.MADERA TP-IG 50 P/69 - 559 AAAC,6.800000190734863,1,0.6629999876022339,3.5632455348968506,0.7925266027450562,10.298858642578125,2.9005374908447266,13.929738998413086,26.703014373779297,-1.8873791948023253e-16
69 kV Hatillo – Pimentel_c,ZXTC2F_ZPIMEF-L1_b,\VM-PF.IntUser\PDD 31-12-2024.IntPrj\Network Model.IntPrjfolder\Network Data.IntPrjfolder\NORTE 69 kV.ElmNet\69 kV Hatillo – Pimentel_c.ElmLne,Tap Cotuí 2,WXTC2F,\VM-PF.IntUser\PDD 31-12-2024.IntPrj\Network Model.IntPrjfolder\Network Data.IntPrjfolder\NORTE 69 kV.ElmNet\Tap Cotuí 2.ElmTerm,2,,\VM-PF.IntUser\PDD 31-12-2024.IntPrj\Network Model.IntPrjfolder\Network Data.IntPrjfolder\NORTE 69 kV.ElmNet\ZPIMEF.ElmSubstat\2.ElmTerm,0,CIBAO NORESTE,NORTE,NORTE 69 kV,,P.MADERA TP-IG 50 P/69 - 559 AAAC,12.899999618530273,1,0.6629999876022339,6.75968599319458,1.503469467163086,19.537538528442383,5.502490043640137,26.425533294677734,50.65718460083008,-3.5804691485370114e-16
69 kV Bonao 2 – FALCONDO_a,ZBON2F_ZFALCF-L1_a,\VM-PF.IntUser\PDD 31-12-2024.IntPrj\Network Model.IntPrjfolder\Network Data.IntPrjfolder\NORTE 69 kV.ElmNet\69 kV Bonao 2 – FALCONDO_a.ElmLne,WFALCF(2),,\VM-PF.IntUser\PDD 31-12-2024.IntPrj\Network Model.IntPrjfolder\Network Data.IntPrjfolder\NORTE 138 kV.ElmNet\Falcondo.ElmSite\ZFALCF.ElmSubstat\WFALCF(2).ElmTerm,F7,,\VM-PF.IntUser\PDD 31-12-2024.IntPrj\Network Model.IntPrjfolder\Network Data.IntPrjfolder\NORTE 138 kV.ElmNet\Bonao 2.ElmSite\ZBON2E.ElmSubstat\F7.ElmTerm,0,CIBAO SUR,NORTE,NORTE 69 kV,,,3.0,1,0.5680000185966492,1.291310429573059,0.39185965061187744,4.563076496124268,1.4493082761764526,6.036044597625732,10.36748218536377,-1.6653345369377348e-16
69 kV CZF Santiago – ZF Santiago,ZCZFSF_ZZSANF-L1,\VM-PF.IntUser\PDD 31-12-2024.IntPrj\Network Model.IntPrjfolder\Network Data.IntPrjfolder\NORTE 69 kV.ElmNet\69 kV CZF Santiago – ZF Santiago.ElmLne,1,,\VM-PF.IntUser\PDD 31-12-2024.IntPrj\Network Model.IntPrjfolder\Network Data.IntPrjfolder\NORTE 69 kV.ElmNet\ZCZFSF.ElmSubstat\1.ElmTerm,5(1),,\VM-PF.IntUser\PDD 31-12-2024.IntPrj\Network Model.IntPrjfolder\Network Data.IntPrjfolder\NORTE 138 kV.ElmNet\ZF Santiago.ElmSite\ZZSANF.ElmSubstat\5(1).ElmTerm,0,CIBAO NORTE,NORTE,NORTE 69 kV,,P.MADERA TVS-1/1C/69/2xF - 559 AAAC,0.016499999910593033,1,1.3259999752044678,0.0072763580828905106,0.0009695792105048895,0.02305896207690239,0.004609560128301382,0.038545671850442886,0.09976184368133545,-3.663735961410682e-18
69 kV CZFI Santiago – SAJOMA_a,ZCZFSF_ZXCZFF-L1,\VM-PF.IntUser\PDD 31-12-2024.IntPrj\Network Model.IntPrjfolder\Network Data.IntPrjfolder\NORTE 69 kV.ElmNet\69 kV CZFI Santiago – SAJOMA_a.ElmLne,2,,\VM-PF.IntUser\PDD 31-12-2024.IntPrj\Network Model.IntPrjfolder\Network Data.IntPrjfolder\NORTE 69 kV.ElmNet\ZCZFSF.ElmSubstat\2.ElmTerm,Tap CZF Santiago,WXCZFF,\VM-PF.IntUser\PDD 31-12-2024.IntPrj\Network Model.IntPrjfolder\Network Data.IntPrjfolder\NORTE 69 kV.ElmNet\Tap CZF Santiago.ElmTerm,0,CIBAO NORTE,NORTE,NORTE 69 kV,,P.MADERA TVS-1/1C/69/1xF - 559 AAAC,0.028999999165534973,1,0.6629999876022339,0.014467994682490826,0.003383353818207979,0.04470231384038925,0.012276091612875462,0.05645646154880524,0.11555896699428558,0.0
69 kV Derivación CORMIDOM 2,ZCOR2F_ZXCO2F-L1,\VM-PF.IntUser\PDD 31-12-2024.IntPrj\Network Model.IntPrjfolder\Network Data.IntPrjfolder\NORTE 69 kV.ElmNet\69 kV Derivación CORMIDOM 2.ElmLne,69 kV CORMIDOM 2,WCOR2F,\VM-PF.IntUser\PDD 31-12-2024.IntPrj\Network Model.IntPrjfolder\Network Data.IntPrjfolder\NORTE 69 kV.ElmNet\69 kV CORMIDOM 2.ElmTerm,Tap CORMIDOM 2,WXCO2F,\VM-PF.IntUser\PDD 31-12-2024.IntPrj\Network Model.IntPrjfolder\Network Data.IntPrjfolder\NORTE 69 kV.ElmNet\Tap CORMIDOM 2.ElmTerm,0,CIBAO SUR,NORTE,NORTE 69 kV,,P.MADERA TVS-1 65/1C/69/1xF - 559 AAA,0.0949999988079071,1,0.6629999876022339,0.04665717855095863,0.01107030175626278,0.14716455340385437,0.040183477103710175,0.1793408989906311,0.37834811210632324,5.2735593007950446e-18
69 kV Derivación Fantino_b,,\VM-PF.IntUser\PDD 31-12-2024.IntPrj\Network Model.IntPrjfolder\Network Data.IntPrjfolder\NORTE 69 kV.ElmNet\69 kV Derivación Fantino_b.ElmLne,Tap 69 kV Rincón,WXRICF,\VM-PF.IntUser\PDD 31-12-2024.IntPrj\Network Model.IntPrjfolder\Network Data.IntPrjfolder\NORTE 69 kV.ElmNet\Tap 69 kV Rincón.ElmTerm,Tap Rincón Nueva,WXRNUF,\VM-PF.IntUser\PDD 31-12-2024.IntPrj\Network Model.IntPrjfolder\Network Data.IntPrjfolder\NORTE 69 kV.ElmNet\Tap Rincón Nueva.ElmTerm,0,CIBAO SUR,NORTE,NORTE 69 kV,,P.MADERA/69 TH-1G- 4/0 ACSR,0.27000001072883606,1,0.3569999933242798,0.1975247710943222,0.07101002335548401,0.34613940119743347,0.13686931133270264,0.6283775568008423,0.908405601978302,2.2482017969195094e-17
69 kV Derivación Rincón Nueva,,\VM-PF.IntUser\PDD 31-12-2024.IntPrj\Network Model.IntPrjfolder\Network Data.IntPrjfolder\NORTE 69 kV.ElmNet\69 kV Derivación Rincón Nueva.ElmLne,69 kV Rincón Nueva,WRNUEF,\VM-PF.IntUser\PDD 31-12-2024.IntPrj\Network Model.IntPrjfolder\Network Data.IntPrjfolder\NORTE 69 kV.ElmNet\69 kV Rincón Nueva.ElmTerm,Tap Rincón Nueva,WXRNUF,\VM-PF.IntUser\PDD 31-12-2024.IntPrj\Network Model.IntPrjfolder\Network Data.IntPrjfolder\NORTE 69 kV.ElmNet\Tap Rincón Nueva.ElmTerm,0,CIBAO SUR,NORTE,NORTE 69 kV,,P.MADERA TP-IG 50 P/69 - 559 AAAC,0.029999999329447746,1,0.6629999876022339,0.015720199793577194,0.003496440825983882,0.04543613642454147,0.012796488590538502,0.06145472824573517,0.11780740320682526,-8.326672498573036e-19
69 kV Imbert 2 – Navarrete_a,ZIMB2F_ZXIM3F-L1,\VM-PF.IntUser\PDD 31-12-2024.IntPrj\Network Model.IntPrjfolder\Network Data.IntPrjfolder\NORTE 69 kV.ElmNet\69 kV Imbert 2 – Navarrete_a.ElmLne,Tap 2 69 kV Imbert 2,WXIM3F,\VM-PF.IntUser\PDD 31-12-2024.IntPrj\Network Model.IntPrjfolder\Network Data.IntPrjfolder\NORTE 69 kV.ElmNet\Tap 2 69 kV Imbert 2.ElmTerm,2,,\VM-PF.IntUser\PDD 31-12-2024.IntPrj\Network Model.IntPrjfolder\Network Data.IntPrjfolder\NORTE 69 kV.ElmNet\ZIMB2F.ElmSubstat\2.ElmTerm,0,CIBAO NORTE,NORTE,NORTE 69 kV,,P.MADERA TP-IG 55 P/69 - 559 AAAC,0.25999999046325684,1,0.6629999876022339,0.13521918654441833,0.03031868487596512,0.3916994333267212,0.11240702867507935,0.5272664427757263,1.0070446729660034,1.9845235837255734e-17
69 kV Imbert 2 – Navarrete_b,ZXIM3F_ZXIMBF-L1,\VM-PF.IntUser\PDD 31-12-2024.IntPrj\Network Model.IntPrjfolder\Network Data.IntPrjfolder\NORTE 69 kV.ElmNet\69 kV Imbert 2 – Navarrete_b.ElmLne,Tap 2 69 kV Imbert 2,WXIM3F,\VM-PF.IntUser\PDD 31-12-2024.IntPrj\Network Model.IntPrjfolder\Network Data.IntPrjfolder\NORTE 69 kV.ElmNet\Tap 2 69 kV Imbert 2.ElmTerm,Tap Imbert,WXIMBF,\VM-PF.IntUser\PDD 31-12-2024.IntPrj\Network Model.IntPrjfolder\Network Data.IntPrjfolder\NORTE 69 kV.ElmNet\Tap Imbert.ElmTerm,0,CIBAO NORTE,NORTE,NORTE 69 kV,,P.MADERA TP-IG 55 P/69 - 450 ACAR,0.2800000011920929,1,0.5680000185966492,0.14966388046741486,0.03669409453868866,0.42420291900634766,0.12342645227909088,0.5619350075721741,1.0632067918777466,0.0
69 kV Sosúa 2 – Sabaneta de Yásica_b,ZXSO2F_ZXASOF-L1,\VM-PF.IntUser\PDD 31-12-2024.IntPrj\Network Model.IntPrjfolder\Network Data.IntPrjfolder\NORTE 69 kV.ElmNet\69 kV Sosúa 2 – Sabaneta de Yásica_b.ElmLne,Tap 2 Sosúa 2,WXSO2F,\VM-PF.IntUser\PDD 31-12-2024.IntPrj\Network Model.IntPrjfolder\Network Data.IntPrjfolder\NORTE 69 kV.ElmNet\Tap 2 Sosúa 2.ElmTerm,Tap Acueducto de Sosúa,WXASOF,\VM-PF.IntUser\PDD 31-12-2024.IntPrj\Network Model.IntPrjfolder\Network Data.IntPrjfolder\NORTE 69 kV.ElmNet\Tap Acueducto de Sosúa.ElmTerm,0,CIBAO NORTE,NORTE,NORTE 69 kV,,P.MADERA TP-IG 50 P/69 - 559 AAAC,1.5199999809265137,1,0.6629999876022339,0.7964901328086853,0.17715300619602203,2.3020975589752197,0.6483554244041443,3.113706350326538,5.968908786773682,-4.2188474406360357e-17
69 kV Playa Dorada – Sosúa 2_c,ZXSO1F_ZSOSU2-L1,\VM-PF.IntUser\PDD 31-12-2024.IntPrj\Network Model.IntPrjfolder\Network Data.IntPrjfolder\NORTE 69 kV.ElmNet\69 kV Playa Dorada – Sosúa 2_c.ElmLne,Tap 1 Sosúa 2,WXSO1F,\VM-PF.IntUser\PDD 31-12-2024.IntPrj\Network Model.IntPrjfolder\Network Data.IntPrjfolder\NORTE 69 kV.ElmNet\Tap 1 Sosúa 2.ElmTerm,69 kV Sosúa 2,WSOS2F,\VM-PF.IntUser\PDD 31-12-2024.IntPrj\Network Model.IntPrjfolder\Network Data.IntPrjfolder\NORTE 69 kV.ElmNet\ZSOSU2.ElmSubstat\69 kV Sosúa 2.ElmTerm,0,CIBAO NORTE,NORTE,NORTE 69 kV,,P.MADERA TP-IG 50 P/69 - 559 AAAC,0.20000000298023224,1,0.6629999876022339,0.10480134189128876,0.023309605196118355,0.3029075860977173,0.08530993014574051,0.4096981883049011,0.7853827476501465,-5.551115205843844e-18
69 kV Sosúa 2 – Sabaneta de Yásica_a,ZXSO2F_ZSOSU2-L1,\VM-PF.IntUser\PDD 31-12-2024.IntPrj\Network Model.IntPrjfolder\Network Data.IntPrjfolder\NORTE 69 kV.ElmNet\69 kV Sosúa 2 – Sabaneta de Yásica_a.ElmLne,3,,\VM-PF.IntUser\PDD 31-12-2024.IntPrj\Network Model.IntPrjfolder\Network Data.IntPrjfolder\NORTE 69 kV.ElmNet\ZSOSU2.ElmSubstat\3.ElmTerm,Tap 2 Sosúa 2,WXSO2F,\VM-PF.IntUser\PDD 31-12-2024.IntPrj\Network Model.IntPrjfolder\Network Data.IntPrjfolder\NORTE 69 kV.ElmNet\Tap 2 Sosúa 2.ElmTerm,0,CIBAO NORTE,NORTE,NORTE 69 kV,,P.MADERA TP-IG 50 P/69 - 559 AAAC,0.20000000298023224,1,0.6629999876022339,0.10480134189128876,0.023309605196118355,0.3029075860977173,0.08530993014574051,0.4096981883049011,0.7853827476501465,-5.551115205843844e-18
69 kV Derivación La Vega Per_b,ZLVPEF_ZXLVPF-L1_a,\VM-PF.IntUser\PDD 31-12-2024.IntPrj\Network Model.IntPrjfolder\Network Data.IntPrjfolder\NORTE 69 kV.ElmNet\69 kV Derivación La Vega Per_b.ElmLne,Tap La Vega PER C1,WXVPEF,\VM-PF.IntUser\PDD 31-12-2024.IntPrj\Network Model.IntPrjfolder\Network Data.IntPrjfolder\NORTE 69 kV.ElmNet\Tap La Vega PER C1.ElmTerm,69 kV La Vega PER,WLVPEF,\VM-PF.IntUser\PDD 31-12-2024.IntPrj\Network Model.IntPrjfolder\Network Data.IntPrjfolder\NORTE 69 kV.ElmNet\69 kV La Vega PER.ElmTerm,0,CIBAO SUR,NORTE,NORTE 69 kV,,P.MADERA/1C/69/1xF - 4/0 AAAC,0.004999999888241291,1,0.3799999952316284,0.0034577627666294575,0.0015331644099205732,0.008001768961548805,0.0022798790596425533,0.008872694335877895,0.018448738381266594,-3.469446745158461e-19
69 kV Derivación La Vega PER C1,ZXVPEF_ZXVP2F-L1,\VM-PF.IntUser\PDD 31-12-2024.IntPrj\Network Model.IntPrjfolder\Network Data.IntPrjfolder\NORTE 69 kV.ElmNet\69 kV Derivación La Vega PER C1.ElmLne,69 kV Tap La Vega PER C1_a,WXVP2F,\VM-PF.IntUser\PDD 31-12-2024.IntPrj\Network Model.IntPrjfolder\Network Data.IntPrjfolder\NORTE 69 kV.ElmNet\69 kV Tap La Vega PER C1_a.ElmTerm,Tap La Vega PER C1,WXVPEF,\VM-PF.IntUser\PDD 31-12-2024.IntPrj\Network Model.IntPrjfolder\Network Data.IntPrjfolder\NORTE 69 kV.ElmNet\Tap La Vega PER C1.ElmTerm,0,CIBAO SUR,NORTE,NORTE 69 kV,,P.MADERA/1C/69/1xF - 4/0 AAAC,0.004000000189989805,1,0.3799999952316284,0.002766210353001952,0.0012265315745025873,0.006401415914297104,0.0018239032942801714,0.007098155561834574,0.01475899200886488,-2.775557758018287e-19
69 kV Bonao 2 – La Vega_b,,\VM-PF.IntUser\PDD 31-12-2024.IntPrj\Network Model.IntPrjfolder\Network Data.IntPrjfolder\NORTE 69 kV.ElmNet\69 kV Bonao 2 – La Vega_b.ElmLne,Tap Rincón,WXRINF,\VM-PF.IntUser\PDD 31-12-2024.IntPrj\Network Model.IntPrjfolder\Network Data.IntPrjfolder\NORTE 69 kV.ElmNet\Tap Rincón.ElmTerm,Tap Las Marías,WXLMAF,\VM-PF.IntUser\PDD 31-12-2024.IntPrj\Network Model.IntPrjfolder\Network Data.IntPrjfolder\NORTE 69 kV.ElmNet\Tap Las Marías.ElmTerm,0,CIBAO SUR,NORTE,NORTE 69 kV,,P.MADERA TP-IG 50 P/69 - 559 AAAC,22.0,1,0.6629999876022339,11.528146743774414,2.564056634902954,33.3198356628418,9.3840913772583,45.066802978515625,86.39209747314453,-6.106226635438361e-16
69 kV Bonao 2 – La Vega_a,ZBON2F_ZXLMAF-L1,\VM-PF.IntUser\PDD 31-12-2024.IntPrj\Network Model.IntPrjfolder\Network Data.IntPrjfolder\NORTE 69 kV.ElmNet\69 kV Bonao 2 – La Vega_a.ElmLne,F2,,\VM-PF.IntUser\PDD 31-12-2024.IntPrj\Network Model.IntPrjfolder\Network Data.IntPrjfolder\NORTE 138 kV.ElmNet\Bonao 2.ElmSite\ZBON2E.ElmSubstat\F2.ElmTerm,Tap Las Marías,WXLMAF,\VM-PF.IntUser\PDD 31-12-2024.IntPrj\Network Model.IntPrjfolder\Network Data.IntPrjfolder\NORTE 69 kV.ElmNet\Tap Las Marías.ElmTerm,0,CIBAO SUR,NORTE,NORTE 69 kV,,P.MADERA TP-IG 50 P/69 - 559 AAAC,4.099999904632568,1,0.6629999876022339,2.1484274864196777,0.4778468906879425,6.2096052169799805,1.7488534450531006,8.398813247680664,16.100345611572266,-1.1379785737710059e-16
69 kV Derivación Plaza Santiago Center_a,ZUMEDF_WXPSCF_F_L1,\VM-PF.IntUser\PDD 31-12-2024.IntPrj\Network Model.IntPrjfolder\Network Data.IntPrjfolder\NORTE 69 kV.ElmNet\69 kV Derivación Plaza Santiago Center_a.ElmLne,69 kV Unión Médica,WUMEDF,\VM-PF.IntUser\PDD 31-12-2024.IntPrj\Network Model.IntPrjfolder\Network Data.IntPrjfolder\NORTE 69 kV.ElmNet\69 kV Unión Médica.ElmTerm,Tap Plaza Santiago Center,WXPSCK,\VM-PF.IntUser\PDD 31-12-2024.IntPrj\Network Model.IntPrjfolder\Network Data.IntPrjfolder\NORTE 69 kV.ElmNet\Tap Plaza Santiago Center.ElmTerm,0,CIBAO NORTE,NORTE,NORTE 69 kV,,P.MADERA TP-IG 50 P/69 - 559 AAAC,1.0,1,0.6629999876022339,0.5240066647529602,0.11654803156852722,1.5145379304885864,0.42654964327812195,2.0484910011291504,3.9269137382507324,-2.7755575615628914e-17
69 kV Derivación Plaza Santiago Center_b,ZPSCEN_WXPSCF_F_L1,\VM-PF.IntUser\PDD 31-12-2024.IntPrj\Network Model.IntPrjfolder\Network Data.IntPrjfolder\NORTE 69 kV.ElmNet\69 kV Derivación Plaza Santiago Center_b.ElmLne,Tap Plaza Santiago Center,WXPSCK,\VM-PF.IntUser\PDD 31-12-2024.IntPrj\Network Model.IntPrjfolder\Network Data.IntPrjfolder\NORTE 69 kV.ElmNet\Tap Plaza Santiago Center.ElmTerm,69 kV Plaza Santiago Center,WPSCEF,\VM-PF.IntUser\PDD 31-12-2024.IntPrj\Network Model.IntPrjfolder\Network Data.IntPrjfolder\NORTE 69 kV.ElmNet\69 kV Plaza Santiago Center.ElmTerm,0,CIBAO NORTE,NORTE,NORTE 69 kV,,69 kV Cu Santiago Center,0.11299999803304672,1,0.5350000262260437,0.025490999221801758,0.011864167638123035,0.010315929539501667,0.015912245959043503,8.73862075805664,8.73862075805664,0.0
