loc_name,for_name,ruta,outserv,cpZone,cpArea,cpGrid,cpSubstat,typ_id
Const,,\VM-PF.IntUser\PDD 31-12-2024.IntPrj\Library.IntPrjfolder\User Defined Models.IntPrjfolder\EDM 3 GT\DIgSILENT Library\Dynamic Models\IEEE\Excitation Systems\exc_IEEE_ST6B.BlkDef\Const.BlkRef,0,,,,,Const
Kg/(1+sTg),,\VM-PF.IntUser\PDD 31-12-2024.IntPrj\Library.IntPrjfolder\User Defined Models.IntPrjfolder\EDM 3 GT\DIgSILENT Library\Dynamic Models\IEEE\Excitation Systems\exc_IEEE_ST6B.BlkDef\Kg/(1+sTg).BlkRef,0,,,,,Kg/(1+sTg)
HVgate,,\VM-PF.IntUser\PDD 31-12-2024.IntPrj\Library.IntPrjfolder\User Defined Models.IntPrjfolder\EDM 3 GT\DIgSILENT Library\Dynamic Models\IEEE\Excitation Systems\exc_IEEE_ST6B.BlkDef\HVgate.BlkRef,0,,,,,HVgate
Kci,,\VM-PF.IntUser\PDD 31-12-2024.IntPrj\Library.IntPrjfolder\User Defined Models.IntPrjfolder\EDM 3 GT\DIgSILENT Library\Dynamic Models\IEEE\Excitation Systems\exc_IEEE_ST6B.BlkDef\Kci.BlkRef,0,,,,,Kci
Kff,,\VM-PF.IntUser\PDD 31-12-2024.IntPrj\Library.IntPrjfolder\User Defined Models.IntPrjfolder\EDM 3 GT\DIgSILENT Library\Dynamic Models\IEEE\Excitation Systems\exc_IEEE_ST6B.BlkDef\Kff.BlkRef,0,,,,,Kff
Klr,,\VM-PF.IntUser\PDD 31-12-2024.IntPrj\Library.IntPrjfolder\User Defined Models.IntPrjfolder\EDM 3 GT\DIgSILENT Library\Dynamic Models\IEEE\Excitation Systems\exc_IEEE_ST6B.BlkDef\Klr.BlkRef,0,,,,,Klr
Km,,\VM-PF.IntUser\PDD 31-12-2024.IntPrj\Library.IntPrjfolder\User Defined Models.IntPrjfolder\EDM 3 GT\DIgSILENT Library\Dynamic Models\IEEE\Excitation Systems\exc_IEEE_ST6B.BlkDef\Km.BlkRef,0,,,,,Km
LVgate,,\VM-PF.IntUser\PDD 31-12-2024.IntPrj\Library.IntPrjfolder\User Defined Models.IntPrjfolder\EDM 3 GT\DIgSILENT Library\Dynamic Models\IEEE\Excitation Systems\exc_IEEE_ST6B.BlkDef\LVgate.BlkRef,0,,,,,LVgate
Limit,,\VM-PF.IntUser\PDD 31-12-2024.IntPrj\Library.IntPrjfolder\User Defined Models.IntPrjfolder\EDM 3 GT\DIgSILENT Library\Dynamic Models\IEEE\Excitation Systems\exc_IEEE_ST6B.BlkDef\Limit.BlkRef,0,,,,,Limit
Limits,,\VM-PF.IntUser\PDD 31-12-2024.IntPrj\Library.IntPrjfolder\User Defined Models.IntPrjfolder\EDM 3 GT\DIgSILENT Library\Dynamic Models\IEEE\Excitation Systems\exc_IEEE_ST6B.BlkDef\Limits.BlkRef,0,,,,,Limits
OEL_Router,,\VM-PF.IntUser\PDD 31-12-2024.IntPrj\Library.IntPrjfolder\User Defined Models.IntPrjfolder\EDM 3 GT\DIgSILENT Library\Dynamic Models\IEEE\Excitation Systems\exc_IEEE_ST6B.BlkDef\OEL_Router.BlkRef,0,,,,,OEL_Router
Term Fed,,\VM-PF.IntUser\PDD 31-12-2024.IntPrj\Library.IntPrjfolder\User Defined Models.IntPrjfolder\EDM 3 GT\DIgSILENT Library\Dynamic Models\IEEE\Excitation Systems\exc_IEEE_ST6B.BlkDef\Term Fed.BlkRef,0,,,,,Term. Fed
[Kpa + Kia/s],,\VM-PF.IntUser\PDD 31-12-2024.IntPrj\Library.IntPrjfolder\User Defined Models.IntPrjfolder\EDM 3 GT\DIgSILENT Library\Dynamic Models\IEEE\Excitation Systems\exc_IEEE_ST6B.BlkDef\[Kpa + Kia/s].BlkRef,0,,,,,[Kpa + Kia/s]
(1+sTc)/(1+sTb),,\VM-PF.IntUser\PDD 31-12-2024.IntPrj\Library.IntPrjfolder\User Defined Models.IntPrjfolder\EDM 3 GT\DIgSILENT Library\Dynamic Models\IEEE\Governors and Turbines/Engines\gov_IEEE_GGOV1.BlkDef\(1+sTc)/(1+sTb).BlkRef,0,,,,,(1+sTc)/(1+sTb)
(1+sTsa)/(1+sTsb),,\VM-PF.IntUser\PDD 31-12-2024.IntPrj\Library.IntPrjfolder\User Defined Models.IntPrjfolder\EDM 3 GT\DIgSILENT Library\Dynamic Models\IEEE\Governors and Turbines/Engines\gov_IEEE_GGOV1.BlkDef\(1+sTsa)/(1+sTsb).BlkRef,0,,,,,(1+sTsa)/(1+sTsb)
1/(1+sTfload),,\VM-PF.IntUser\PDD 31-12-2024.IntPrj\Library.IntPrjfolder\User Defined Models.IntPrjfolder\EDM 3 GT\DIgSILENT Library\Dynamic Models\IEEE\Governors and Turbines/Engines\gov_IEEE_GGOV1.BlkDef\1/(1+sTfload).BlkRef,0,,,,,1/(1+sTfload)
1/(1+sTpelec),,\VM-PF.IntUser\PDD 31-12-2024.IntPrj\Library.IntPrjfolder\User Defined Models.IntPrjfolder\EDM 3 GT\DIgSILENT Library\Dynamic Models\IEEE\Governors and Turbines/Engines\gov_IEEE_GGOV1.BlkDef\1/(1+sTpelec).BlkRef,0,,,,,1/(1+sTpelec)
1/Kturb,,\VM-PF.IntUser\PDD 31-12-2024.IntPrj\Library.IntPrjfolder\User Defined Models.IntPrjfolder\EDM 3 GT\DIgSILENT Library\Dynamic Models\IEEE\Governors and Turbines/Engines\gov_IEEE_GGOV1.BlkDef\1/Kturb.BlkRef,0,,,,,1/Kturb
1/s,,\VM-PF.IntUser\PDD 31-12-2024.IntPrj\Library.IntPrjfolder\User Defined Models.IntPrjfolder\EDM 3 GT\DIgSILENT Library\Dynamic Models\IEEE\Governors and Turbines/Engines\gov_IEEE_GGOV1.BlkDef\1/s.BlkRef,0,,,,,1/s
1/s(1),,\VM-PF.IntUser\PDD 31-12-2024.IntPrj\Library.IntPrjfolder\User Defined Models.IntPrjfolder\EDM 3 GT\DIgSILENT Library\Dynamic Models\IEEE\Governors and Turbines/Engines\gov_IEEE_GGOV1.BlkDef\1/s(1).BlkRef,0,,,,,1/s
1/z,,\VM-PF.IntUser\PDD 31-12-2024.IntPrj\Library.IntPrjfolder\User Defined Models.IntPrjfolder\EDM 3 GT\DIgSILENT Library\Dynamic Models\IEEE\Governors and Turbines/Engines\gov_IEEE_GGOV1.BlkDef\1/z.BlkRef,0,,,,,1/z
Const_Aset,,\VM-PF.IntUser\PDD 31-12-2024.IntPrj\Library.IntPrjfolder\User Defined Models.IntPrjfolder\EDM 3 GT\DIgSILENT Library\Dynamic Models\IEEE\Governors and Turbines/Engines\gov_IEEE_GGOV1.BlkDef\Const_Aset.BlkRef,0,,,,,Const
Const_Ldref,,\VM-PF.IntUser\PDD 31-12-2024.IntPrj\Library.IntPrjfolder\User Defined Models.IntPrjfolder\EDM 3 GT\DIgSILENT Library\Dynamic Models\IEEE\Governors and Turbines/Engines\gov_IEEE_GGOV1.BlkDef\Const_Ldref.BlkRef,0,,,,,Const
Const_Wfnl,,\VM-PF.IntUser\PDD 31-12-2024.IntPrj\Library.IntPrjfolder\User Defined Models.IntPrjfolder\EDM 3 GT\DIgSILENT Library\Dynamic Models\IEEE\Governors and Turbines/Engines\gov_IEEE_GGOV1.BlkDef\Const_Wfnl.BlkRef,0,,,,,Const
Const_Wfnl(1),,\VM-PF.IntUser\PDD 31-12-2024.IntPrj\Library.IntPrjfolder\User Defined Models.IntPrjfolder\EDM 3 GT\DIgSILENT Library\Dynamic Models\IEEE\Governors and Turbines/Engines\gov_IEEE_GGOV1.BlkDef\Const_Wfnl(1).BlkRef,0,,,,,Const
Damping,,\VM-PF.IntUser\PDD 31-12-2024.IntPrj\Library.IntPrjfolder\User Defined Models.IntPrjfolder\EDM 3 GT\DIgSILENT Library\Dynamic Models\IEEE\Governors and Turbines/Engines\gov_IEEE_GGOV1.BlkDef\Damping.BlkRef,0,,,,,Damping
Input,,\VM-PF.IntUser\PDD 31-12-2024.IntPrj\Library.IntPrjfolder\User Defined Models.IntPrjfolder\EDM 3 GT\DIgSILENT Library\Dynamic Models\IEEE\Governors and Turbines/Engines\gov_IEEE_GGOV1.BlkDef\Input.BlkRef,0,,,,,Input
Ka dt,,\VM-PF.IntUser\PDD 31-12-2024.IntPrj\Library.IntPrjfolder\User Defined Models.IntPrjfolder\EDM 3 GT\DIgSILENT Library\Dynamic Models\IEEE\Governors and Turbines/Engines\gov_IEEE_GGOV1.BlkDef\Ka dt.BlkRef,0,,,,,Ka dt
Kigov/Kpgov,,\VM-PF.IntUser\PDD 31-12-2024.IntPrj\Library.IntPrjfolder\User Defined Models.IntPrjfolder\EDM 3 GT\DIgSILENT Library\Dynamic Models\IEEE\Governors and Turbines/Engines\gov_IEEE_GGOV1.BlkDef\Kigov/Kpgov.BlkRef,0,,,,,Kigov/Kpgov
Kiload/Kpload,,\VM-PF.IntUser\PDD 31-12-2024.IntPrj\Library.IntPrjfolder\User Defined Models.IntPrjfolder\EDM 3 GT\DIgSILENT Library\Dynamic Models\IEEE\Governors and Turbines/Engines\gov_IEEE_GGOV1.BlkDef\Kiload/Kpload.BlkRef,0,,,,,Kiload/Kpload
Kimw/s,,\VM-PF.IntUser\PDD 31-12-2024.IntPrj\Library.IntPrjfolder\User Defined Models.IntPrjfolder\EDM 3 GT\DIgSILENT Library\Dynamic Models\IEEE\Governors and Turbines/Engines\gov_IEEE_GGOV1.BlkDef\Kimw/s.BlkRef,0,,,,,Kimw/s
Kpgov,,\VM-PF.IntUser\PDD 31-12-2024.IntPrj\Library.IntPrjfolder\User Defined Models.IntPrjfolder\EDM 3 GT\DIgSILENT Library\Dynamic Models\IEEE\Governors and Turbines/Engines\gov_IEEE_GGOV1.BlkDef\Kpgov.BlkRef,0,,,,,Kpgov
Kpload,,\VM-PF.IntUser\PDD 31-12-2024.IntPrj\Library.IntPrjfolder\User Defined Models.IntPrjfolder\EDM 3 GT\DIgSILENT Library\Dynamic Models\IEEE\Governors and Turbines/Engines\gov_IEEE_GGOV1.BlkDef\Kpload.BlkRef,0,,,,,Kpload
Kturb,,\VM-PF.IntUser\PDD 31-12-2024.IntPrj\Library.IntPrjfolder\User Defined Models.IntPrjfolder\EDM 3 GT\DIgSILENT Library\Dynamic Models\IEEE\Governors and Turbines/Engines\gov_IEEE_GGOV1.BlkDef\Kturb.BlkRef,0,,,,,Kturb
LVgate,,\VM-PF.IntUser\PDD 31-12-2024.IntPrj\Library.IntPrjfolder\User Defined Models.IntPrjfolder\EDM 3 GT\DIgSILENT Library\Dynamic Models\IEEE\Governors and Turbines/Engines\gov_IEEE_GGOV1.BlkDef\LVgate.BlkRef,0,,,,,LVgate
Limits,,\VM-PF.IntUser\PDD 31-12-2024.IntPrj\Library.IntPrjfolder\User Defined Models.IntPrjfolder\EDM 3 GT\DIgSILENT Library\Dynamic Models\IEEE\Governors and Turbines/Engines\gov_IEEE_GGOV1.BlkDef\Limits.BlkRef,0,,,,,Limits
Output,,\VM-PF.IntUser\PDD 31-12-2024.IntPrj\Library.IntPrjfolder\User Defined Models.IntPrjfolder\EDM 3 GT\DIgSILENT Library\Dynamic Models\IEEE\Governors and Turbines/Engines\gov_IEEE_GGOV1.BlkDef\Output.BlkRef,0,,,,,Output
Selector,,\VM-PF.IntUser\PDD 31-12-2024.IntPrj\Library.IntPrjfolder\User Defined Models.IntPrjfolder\EDM 3 GT\DIgSILENT Library\Dynamic Models\IEEE\Governors and Turbines/Engines\gov_IEEE_GGOV1.BlkDef\Selector.BlkRef,0,,,,,Selector
R,,\VM-PF.IntUser\PDD 31-12-2024.IntPrj\Library.IntPrjfolder\User Defined Models.IntPrjfolder\EDM 3 GT\DIgSILENT Library\Dynamic Models\IEEE\Governors and Turbines/Engines\gov_IEEE_GGOV1.BlkDef\R.BlkRef,0,,,,,R
RRate and Limiter,,\VM-PF.IntUser\PDD 31-12-2024.IntPrj\Library.IntPrjfolder\User Defined Models.IntPrjfolder\EDM 3 GT\DIgSILENT Library\Dynamic Models\IEEE\Governors and Turbines/Engines\gov_IEEE_GGOV1.BlkDef\RRate and Limiter.BlkRef,0,,,,,RRate and Limiter
Sel,,\VM-PF.IntUser\PDD 31-12-2024.IntPrj\Library.IntPrjfolder\User Defined Models.IntPrjfolder\EDM 3 GT\DIgSILENT Library\Dynamic Models\IEEE\Governors and Turbines/Engines\gov_IEEE_GGOV1.BlkDef\Sel.BlkRef,0,,,,,Sel
[Db],,\VM-PF.IntUser\PDD 31-12-2024.IntPrj\Library.IntPrjfolder\User Defined Models.IntPrjfolder\EDM 3 GT\DIgSILENT Library\Dynamic Models\IEEE\Governors and Turbines/Engines\gov_IEEE_GGOV1.BlkDef\[Db].BlkRef,0,,,,,[Db]
e^sT,,\VM-PF.IntUser\PDD 31-12-2024.IntPrj\Library.IntPrjfolder\User Defined Models.IntPrjfolder\EDM 3 GT\DIgSILENT Library\Dynamic Models\IEEE\Governors and Turbines/Engines\gov_IEEE_GGOV1.BlkDef\e^sT.BlkRef,0,,,,,e^sT
{1/(1+sTact)},,\VM-PF.IntUser\PDD 31-12-2024.IntPrj\Library.IntPrjfolder\User Defined Models.IntPrjfolder\EDM 3 GT\DIgSILENT Library\Dynamic Models\IEEE\Governors and Turbines/Engines\gov_IEEE_GGOV1.BlkDef\{1/(1+sTact)}.BlkRef,0,,,,,{1/(1+sTact)}
sK/(1+sT),,\VM-PF.IntUser\PDD 31-12-2024.IntPrj\Library.IntPrjfolder\User Defined Models.IntPrjfolder\EDM 3 GT\DIgSILENT Library\Dynamic Models\IEEE\Governors and Turbines/Engines\gov_IEEE_GGOV1.BlkDef\sK/(1+sT).BlkRef,0,,,,,sK/(1+sT)
s/(1+sT),,\VM-PF.IntUser\PDD 31-12-2024.IntPrj\Library.IntPrjfolder\User Defined Models.IntPrjfolder\EDM 3 GT\DIgSILENT Library\Dynamic Models\IEEE\Governors and Turbines/Engines\gov_IEEE_GGOV1.BlkDef\s/(1+sT).BlkRef,0,,,,,s/(1+sT)
Fb,,\Lib.IntLibrary\Dynamics\SymPlant\IEEE\Tlc\tlc_IEEE_LCFB1.BlkDef\Fb.BlkRef,0,,,,,K
DBand,,\Lib.IntLibrary\Dynamics\SymPlant\IEEE\Tlc\tlc_IEEE_LCFB1.BlkDef\DBand.BlkRef,0,,,,,DBand
1/(1+sTpelec),,\Lib.IntLibrary\Dynamics\SymPlant\IEEE\Tlc\tlc_IEEE_LCFB1.BlkDef\1/(1+sTpelec).BlkRef,0,,,,,1/(1+sTpelec)
[Ki/s],,\Lib.IntLibrary\Dynamics\SymPlant\IEEE\Tlc\tlc_IEEE_LCFB1.BlkDef\[Ki/s].BlkRef,0,,,,,[Ki/s]
Kp,,\Lib.IntLibrary\Dynamics\SymPlant\IEEE\Tlc\tlc_IEEE_LCFB1.BlkDef\Kp.BlkRef,0,,,,,K
Limits,,\Lib.IntLibrary\Dynamics\SymPlant\IEEE\Tlc\tlc_IEEE_LCFB1.BlkDef\Limits.BlkRef,0,,,,,+-Limits
1/(1+sTf),,\Lib.IntLibrary\Dynamics\SymPlant\IEEE\Tlc\tlc_IEEE_LCFB1.BlkDef\1/(1+sTf).BlkRef,0,,,,,1/(1+sT)
Input,,\Lib.IntLibrary\Dynamics\SymPlant\IEEE\Tlc\tlc_IEEE_LCFB1.BlkDef\Input.BlkRef,0,,,,,Input
1/(1+sT),,\VM-PF.IntUser\PDD 31-12-2024.IntPrj\Library.IntPrjfolder\User Defined Models.IntPrjfolder\EDM 3 GT\DIgSILENT Library\Dynamic Models\IEEE\Voltage Transducer and Compensation\vtc_IEEE_1.BlkDef\1/(1+sT).BlkRef,0,,,,,1/(1+sT)
mod( (Vt) + (Rc+jXc)(It) ),,\VM-PF.IntUser\PDD 31-12-2024.IntPrj\Library.IntPrjfolder\User Defined Models.IntPrjfolder\EDM 3 GT\DIgSILENT Library\Dynamic Models\IEEE\Voltage Transducer and Compensation\vtc_IEEE_1.BlkDef\mod( (Vt) + (Rc+jXc)(It) ).BlkRef,0,,,,,mod( (Vt) + (Rc+jXc).(It) )
Const,,\VM-PF.IntUser\PDD 31-12-2024.IntPrj\Library.IntPrjfolder\User Defined Models.IntPrjfolder\EDM 3 TV\User Defined Models\exc_IEEE_ST6B.BlkDef\Const.BlkRef,0,,,,,Const
Kg/(1+sTg),,\VM-PF.IntUser\PDD 31-12-2024.IntPrj\Library.IntPrjfolder\User Defined Models.IntPrjfolder\EDM 3 TV\User Defined Models\exc_IEEE_ST6B.BlkDef\Kg/(1+sTg).BlkRef,0,,,,,Kg/(1+sTg)
HVgate,,\VM-PF.IntUser\PDD 31-12-2024.IntPrj\Library.IntPrjfolder\User Defined Models.IntPrjfolder\EDM 3 TV\User Defined Models\exc_IEEE_ST6B.BlkDef\HVgate.BlkRef,0,,,,,HVgate
Kci,,\VM-PF.IntUser\PDD 31-12-2024.IntPrj\Library.IntPrjfolder\User Defined Models.IntPrjfolder\EDM 3 TV\User Defined Models\exc_IEEE_ST6B.BlkDef\Kci.BlkRef,0,,,,,Kci
Kff,,\VM-PF.IntUser\PDD 31-12-2024.IntPrj\Library.IntPrjfolder\User Defined Models.IntPrjfolder\EDM 3 TV\User Defined Models\exc_IEEE_ST6B.BlkDef\Kff.BlkRef,0,,,,,Kff
Klr,,\VM-PF.IntUser\PDD 31-12-2024.IntPrj\Library.IntPrjfolder\User Defined Models.IntPrjfolder\EDM 3 TV\User Defined Models\exc_IEEE_ST6B.BlkDef\Klr.BlkRef,0,,,,,Klr
Km,,\VM-PF.IntUser\PDD 31-12-2024.IntPrj\Library.IntPrjfolder\User Defined Models.IntPrjfolder\EDM 3 TV\User Defined Models\exc_IEEE_ST6B.BlkDef\Km.BlkRef,0,,,,,Km
LVgate,,\VM-PF.IntUser\PDD 31-12-2024.IntPrj\Library.IntPrjfolder\User Defined Models.IntPrjfolder\EDM 3 TV\User Defined Models\exc_IEEE_ST6B.BlkDef\LVgate.BlkRef,0,,,,,LVgate
Limit,,\VM-PF.IntUser\PDD 31-12-2024.IntPrj\Library.IntPrjfolder\User Defined Models.IntPrjfolder\EDM 3 TV\User Defined Models\exc_IEEE_ST6B.BlkDef\Limit.BlkRef,0,,,,,Limit
Limits,,\VM-PF.IntUser\PDD 31-12-2024.IntPrj\Library.IntPrjfolder\User Defined Models.IntPrjfolder\EDM 3 TV\User Defined Models\exc_IEEE_ST6B.BlkDef\Limits.BlkRef,0,,,,,Limits
OEL_Router,,\VM-PF.IntUser\PDD 31-12-2024.IntPrj\Library.IntPrjfolder\User Defined Models.IntPrjfolder\EDM 3 TV\User Defined Models\exc_IEEE_ST6B.BlkDef\OEL_Router.BlkRef,0,,,,,OEL_Router
Term Fed,,\VM-PF.IntUser\PDD 31-12-2024.IntPrj\Library.IntPrjfolder\User Defined Models.IntPrjfolder\EDM 3 TV\User Defined Models\exc_IEEE_ST6B.BlkDef\Term Fed.BlkRef,0,,,,,Term. Fed
[Kpa + Kia/s],,\VM-PF.IntUser\PDD 31-12-2024.IntPrj\Library.IntPrjfolder\User Defined Models.IntPrjfolder\EDM 3 TV\User Defined Models\exc_IEEE_ST6B.BlkDef\[Kpa + Kia/s].BlkRef,0,,,,,[Kpa + Kia/s]
(1+sT2)/(1+sT3),,\VM-PF.IntUser\PDD 31-12-2024.IntPrj\Library.IntPrjfolder\User Defined Models.IntPrjfolder\EDM 3 TV\User Defined Models\gov_IEEE_TGOV1.BlkDef\(1+sT2)/(1+sT3).BlkRef,0,,,,,(1+sT2)/(1+sT3)
1/(1+sT1),,\VM-PF.IntUser\PDD 31-12-2024.IntPrj\Library.IntPrjfolder\User Defined Models.IntPrjfolder\EDM 3 TV\User Defined Models\gov_IEEE_TGOV1.BlkDef\1/(1+sT1).BlkRef,0,,,,,1/(1+sT1)
1/R,,\VM-PF.IntUser\PDD 31-12-2024.IntPrj\Library.IntPrjfolder\User Defined Models.IntPrjfolder\EDM 3 TV\User Defined Models\gov_IEEE_TGOV1.BlkDef\1/R.BlkRef,0,,,,,1/R
Dt,,\VM-PF.IntUser\PDD 31-12-2024.IntPrj\Library.IntPrjfolder\User Defined Models.IntPrjfolder\EDM 3 TV\User Defined Models\gov_IEEE_TGOV1.BlkDef\Dt.BlkRef,0,,,,,Dt
Output,,\VM-PF.IntUser\PDD 31-12-2024.IntPrj\Library.IntPrjfolder\User Defined Models.IntPrjfolder\EDM 3 TV\User Defined Models\gov_IEEE_TGOV1.BlkDef\Output.BlkRef,0,,,,,Output
1/(1+sT),,\VM-PF.IntUser\PDD 31-12-2024.IntPrj\Library.IntPrjfolder\User Defined Models.IntPrjfolder\EDM 3 TV\User Defined Models\vtc_IEEE_1.BlkDef\1/(1+sT).BlkRef,0,,,,,1/(1+sT)
mod( (Vt) + (Rc+jXc)(It) ),,\VM-PF.IntUser\PDD 31-12-2024.IntPrj\Library.IntPrjfolder\User Defined Models.IntPrjfolder\EDM 3 TV\User Defined Models\vtc_IEEE_1.BlkDef\mod( (Vt) + (Rc+jXc)(It) ).BlkRef,0,,,,,mod( (Vt) + (Rc+jXc).(It) )
Block Reference,,\VM-PF.IntUser\PDD 31-12-2024.IntPrj\Library.IntPrjfolder\User Defined Models.IntPrjfolder\Quisqueya 2\avr_ESAC5A.BlkDef\Block Reference.BlkRef,0,,,,,1/(1+sT)
Block Reference(1),,\VM-PF.IntUser\PDD 31-12-2024.IntPrj\Library.IntPrjfolder\User Defined Models.IntPrjfolder\Quisqueya 2\avr_ESAC5A.BlkDef\Block Reference(1).BlkRef,0,,,,,{K/(1+sT)}
Block Reference(2),,\VM-PF.IntUser\PDD 31-12-2024.IntPrj\Library.IntPrjfolder\User Defined Models.IntPrjfolder\Quisqueya 2\avr_ESAC5A.BlkDef\Block Reference(2).BlkRef,0,,,,,(1+sTb)/(1+sTa)
Block Reference(3),,\VM-PF.IntUser\PDD 31-12-2024.IntPrj\Library.IntPrjfolder\User Defined Models.IntPrjfolder\Quisqueya 2\avr_ESAC5A.BlkDef\Block Reference(3).BlkRef,0,,,,,sTb/(1+sTa)
Block Reference(4),,\VM-PF.IntUser\PDD 31-12-2024.IntPrj\Library.IntPrjfolder\User Defined Models.IntPrjfolder\Quisqueya 2\avr_ESAC5A.BlkDef\Block Reference(4).BlkRef,0,,,,,{1/sT
Block Reference(5),,\VM-PF.IntUser\PDD 31-12-2024.IntPrj\Library.IntPrjfolder\User Defined Models.IntPrjfolder\Quisqueya 2\avr_ESAC5A.BlkDef\Block Reference(5).BlkRef,0,,,,,K
Block Reference(6),,\VM-PF.IntUser\PDD 31-12-2024.IntPrj\Library.IntPrjfolder\User Defined Models.IntPrjfolder\Quisqueya 2\avr_ESAC5A.BlkDef\Block Reference(6).BlkRef,0,,,,,Se(Efd)
Block Reference(7),,\VM-PF.IntUser\PDD 31-12-2024.IntPrj\Library.IntPrjfolder\User Defined Models.IntPrjfolder\Quisqueya 2\avr_ESAC5A.BlkDef\Block Reference(7).BlkRef,0,,,,,bias
Block Reference(8),,\VM-PF.IntUser\PDD 31-12-2024.IntPrj\Library.IntPrjfolder\User Defined Models.IntPrjfolder\Quisqueya 2\avr_ESAC5A.BlkDef\Block Reference(8).BlkRef,0,,,,,K
Block Reference,,\VM-PF.IntUser\PDD 31-12-2024.IntPrj\Library.IntPrjfolder\User Defined Models.IntPrjfolder\Quisqueya 2\gov_GGOV1.BlkDef\Block Reference.BlkRef,0,,,,,(Ldref/Kturb+Wfnl)
Block Reference(1),,\VM-PF.IntUser\PDD 31-12-2024.IntPrj\Library.IntPrjfolder\User Defined Models.IntPrjfolder\Quisqueya 2\gov_GGOV1.BlkDef\Block Reference(1).BlkRef,0,,,,,K
Block Reference(10),,\VM-PF.IntUser\PDD 31-12-2024.IntPrj\Library.IntPrjfolder\User Defined Models.IntPrjfolder\Quisqueya 2\gov_GGOV1.BlkDef\Block Reference(10).BlkRef,0,,,,,1/(1+sT)
Block Reference(11),,\VM-PF.IntUser\PDD 31-12-2024.IntPrj\Library.IntPrjfolder\User Defined Models.IntPrjfolder\Quisqueya 2\gov_GGOV1.BlkDef\Block Reference(11).BlkRef,0,,,,,Const
Block Reference(12),,\VM-PF.IntUser\PDD 31-12-2024.IntPrj\Library.IntPrjfolder\User Defined Models.IntPrjfolder\Quisqueya 2\gov_GGOV1.BlkDef\Block Reference(12).BlkRef,0,,,,,K
Block Reference(13),,\VM-PF.IntUser\PDD 31-12-2024.IntPrj\Library.IntPrjfolder\User Defined Models.IntPrjfolder\Quisqueya 2\gov_GGOV1.BlkDef\Block Reference(13).BlkRef,0,,,,,Deadband_Offset_Lim
Block Reference(14),,\VM-PF.IntUser\PDD 31-12-2024.IntPrj\Library.IntPrjfolder\User Defined Models.IntPrjfolder\Quisqueya 2\gov_GGOV1.BlkDef\Block Reference(14).BlkRef,0,,,,,K
Block Reference(15),,\VM-PF.IntUser\PDD 31-12-2024.IntPrj\Library.IntPrjfolder\User Defined Models.IntPrjfolder\Quisqueya 2\gov_GGOV1.BlkDef\Block Reference(15).BlkRef,0,,,,,K/s
Block Reference(16),,\VM-PF.IntUser\PDD 31-12-2024.IntPrj\Library.IntPrjfolder\User Defined Models.IntPrjfolder\Quisqueya 2\gov_GGOV1.BlkDef\Block Reference(16).BlkRef,0,,,,,sK/(1+sT)
Block Reference(17),,\VM-PF.IntUser\PDD 31-12-2024.IntPrj\Library.IntPrjfolder\User Defined Models.IntPrjfolder\Quisqueya 2\gov_GGOV1.BlkDef\Block Reference(17).BlkRef,0,,,,,LVgate
Block Reference(18),,\VM-PF.IntUser\PDD 31-12-2024.IntPrj\Library.IntPrjfolder\User Defined Models.IntPrjfolder\Quisqueya 2\gov_GGOV1.BlkDef\Block Reference(18).BlkRef,0,,,,,{{1/(1+sT)}}
Block Reference(19),,\VM-PF.IntUser\PDD 31-12-2024.IntPrj\Library.IntPrjfolder\User Defined Models.IntPrjfolder\Quisqueya 2\gov_GGOV1.BlkDef\Block Reference(19).BlkRef,0,,,,,P_base
Block Reference(20),,\VM-PF.IntUser\PDD 31-12-2024.IntPrj\Library.IntPrjfolder\User Defined Models.IntPrjfolder\Quisqueya 2\gov_GGOV1.BlkDef\Block Reference(20).BlkRef,0,,,,,Damping
Block Reference(21),,\VM-PF.IntUser\PDD 31-12-2024.IntPrj\Library.IntPrjfolder\User Defined Models.IntPrjfolder\Quisqueya 2\gov_GGOV1.BlkDef\Block Reference(21).BlkRef,0,,,,,Sel
Block Reference(22),,\VM-PF.IntUser\PDD 31-12-2024.IntPrj\Library.IntPrjfolder\User Defined Models.IntPrjfolder\Quisqueya 2\gov_GGOV1.BlkDef\Block Reference(22).BlkRef,0,,,,,K
Block Reference(23),,\VM-PF.IntUser\PDD 31-12-2024.IntPrj\Library.IntPrjfolder\User Defined Models.IntPrjfolder\Quisqueya 2\gov_GGOV1.BlkDef\Block Reference(23).BlkRef,0,,,,,Delay
Block Reference(24),,\VM-PF.IntUser\PDD 31-12-2024.IntPrj\Library.IntPrjfolder\User Defined Models.IntPrjfolder\Quisqueya 2\gov_GGOV1.BlkDef\Block Reference(24).BlkRef,0,,,,,Pt/Pturb
Block Reference(25),,\VM-PF.IntUser\PDD 31-12-2024.IntPrj\Library.IntPrjfolder\User Defined Models.IntPrjfolder\Quisqueya 2\gov_GGOV1.BlkDef\Block Reference(25).BlkRef,0,,,,,(1+sTn)/(1+sTd)
Block Reference(26),,\VM-PF.IntUser\PDD 31-12-2024.IntPrj\Library.IntPrjfolder\User Defined Models.IntPrjfolder\Quisqueya 2\gov_GGOV1.BlkDef\Block Reference(26).BlkRef,0,,,,,Const
Block Reference(27),,\VM-PF.IntUser\PDD 31-12-2024.IntPrj\Library.IntPrjfolder\User Defined Models.IntPrjfolder\Quisqueya 2\gov_GGOV1.BlkDef\Block Reference(27).BlkRef,0,,,,,fix delay
Block Reference(28),,\VM-PF.IntUser\PDD 31-12-2024.IntPrj\Library.IntPrjfolder\User Defined Models.IntPrjfolder\Quisqueya 2\gov_GGOV1.BlkDef\Block Reference(28).BlkRef,0,,,,,{K/s
Block Reference(3),,\VM-PF.IntUser\PDD 31-12-2024.IntPrj\Library.IntPrjfolder\User Defined Models.IntPrjfolder\Quisqueya 2\gov_GGOV1.BlkDef\Block Reference(3).BlkRef,0,,,,,Lim <max
Block Reference(4),,\VM-PF.IntUser\PDD 31-12-2024.IntPrj\Library.IntPrjfolder\User Defined Models.IntPrjfolder\Quisqueya 2\gov_GGOV1.BlkDef\Block Reference(4).BlkRef,0,,,,,1/(1+sT)_w/rate limit
Block Reference(5),,\VM-PF.IntUser\PDD 31-12-2024.IntPrj\Library.IntPrjfolder\User Defined Models.IntPrjfolder\Quisqueya 2\gov_GGOV1.BlkDef\Block Reference(5).BlkRef,0,,,,,(1+sTa)/(1+sTb)
Block Reference(6),,\VM-PF.IntUser\PDD 31-12-2024.IntPrj\Library.IntPrjfolder\User Defined Models.IntPrjfolder\Quisqueya 2\gov_GGOV1.BlkDef\Block Reference(6).BlkRef,0,,,,,K x delta
Block Reference(7),,\VM-PF.IntUser\PDD 31-12-2024.IntPrj\Library.IntPrjfolder\User Defined Models.IntPrjfolder\Quisqueya 2\gov_GGOV1.BlkDef\Block Reference(7).BlkRef,0,,,,,Selector
Block Reference(8),,\VM-PF.IntUser\PDD 31-12-2024.IntPrj\Library.IntPrjfolder\User Defined Models.IntPrjfolder\Quisqueya 2\gov_GGOV1.BlkDef\Block Reference(8).BlkRef,0,,,,,s/(1+sT)
Block Reference(9),,\VM-PF.IntUser\PDD 31-12-2024.IntPrj\Library.IntPrjfolder\User Defined Models.IntPrjfolder\Quisqueya 2\gov_GGOV1.BlkDef\Block Reference(9).BlkRef,0,,,,,K/s
Block Reference(1),,\VM-PF.IntUser\PDD 31-12-2024.IntPrj\Library.IntPrjfolder\Equipment Type Library.IntPrjfolder\Standard Models_V15\pss_PSS2A.BlkDef\Block Reference(1).BlkRef,0,,,,,sT/(1+sT)
Block Reference(5),,\VM-PF.IntUser\PDD 31-12-2024.IntPrj\Library.IntPrjfolder\Equipment Type Library.IntPrjfolder\Standard Models_V15\pss_PSS2A.BlkDef\Block Reference(5).BlkRef,0,,,,,sT/(1+sT)
Block Reference(7),,\VM-PF.IntUser\PDD 31-12-2024.IntPrj\Library.IntPrjfolder\Equipment Type Library.IntPrjfolder\Standard Models_V15\pss_PSS2A.BlkDef\Block Reference(7).BlkRef,0,,,,,1/(1+sT)
Block Reference(8),,\VM-PF.IntUser\PDD 31-12-2024.IntPrj\Library.IntPrjfolder\Equipment Type Library.IntPrjfolder\Standard Models_V15\pss_PSS2A.BlkDef\Block Reference(8).BlkRef,0,,,,,sT/(1+sT)
Block Reference(9),,\VM-PF.IntUser\PDD 31-12-2024.IntPrj\Library.IntPrjfolder\Equipment Type Library.IntPrjfolder\Standard Models_V15\pss_PSS2A.BlkDef\Block Reference(9).BlkRef,0,,,,,sT/(1+sT)
Block Reference(10),,\VM-PF.IntUser\PDD 31-12-2024.IntPrj\Library.IntPrjfolder\Equipment Type Library.IntPrjfolder\Standard Models_V15\pss_PSS2A.BlkDef\Block Reference(10).BlkRef,0,,,,,K/(1+sT)
Block Reference(11),,\VM-PF.IntUser\PDD 31-12-2024.IntPrj\Library.IntPrjfolder\Equipment Type Library.IntPrjfolder\Standard Models_V15\pss_PSS2A.BlkDef\Block Reference(11).BlkRef,0,,,,,K
Block Reference(17),,\VM-PF.IntUser\PDD 31-12-2024.IntPrj\Library.IntPrjfolder\Equipment Type Library.IntPrjfolder\Standard Models_V15\pss_PSS2A.BlkDef\Block Reference(17).BlkRef,0,,,,,K
Block Reference(18),,\VM-PF.IntUser\PDD 31-12-2024.IntPrj\Library.IntPrjfolder\Equipment Type Library.IntPrjfolder\Standard Models_V15\pss_PSS2A.BlkDef\Block Reference(18).BlkRef,0,,,,,(1+sTb)/(1+sTa)
Block Reference(19),,\VM-PF.IntUser\PDD 31-12-2024.IntPrj\Library.IntPrjfolder\Equipment Type Library.IntPrjfolder\Standard Models_V15\pss_PSS2A.BlkDef\Block Reference(19).BlkRef,0,,,,,(1+sTb)/(1+sTa)
Block Reference(20),,\VM-PF.IntUser\PDD 31-12-2024.IntPrj\Library.IntPrjfolder\Equipment Type Library.IntPrjfolder\Standard Models_V15\pss_PSS2A.BlkDef\Block Reference(20).BlkRef,0,,,,,Limiter
Block Reference(22),,\VM-PF.IntUser\PDD 31-12-2024.IntPrj\Library.IntPrjfolder\Equipment Type Library.IntPrjfolder\Standard Models_V15\pss_PSS2A.BlkDef\Block Reference(22).BlkRef,0,,,,,LeadLags
Block Reference,,\VM-PF.IntUser\PDD 31-12-2024.IntPrj\Library.IntPrjfolder\Equipment Type Library.IntPrjfolder\Standard Models_V15\pss_PSS2A.BlkDef\Block Reference.BlkRef,0,,,,,Input Selector 2
Block Reference(2),,\VM-PF.IntUser\PDD 31-12-2024.IntPrj\Library.IntPrjfolder\Equipment Type Library.IntPrjfolder\Standard Models_V15\pss_PSS2A.BlkDef\Used Macros\Input Selector 2.BlkDef\Block Reference(2).BlkRef,0,,,,,Input Selector 6 Dual
Block Reference(6),,\VM-PF.IntUser\PDD 31-12-2024.IntPrj\Library.IntPrjfolder\Equipment Type Library.IntPrjfolder\Standard Models_V15\pss_PSS2A.BlkDef\Used Macros\Input Selector 2.BlkDef\Block Reference(6).BlkRef,0,,,,,Ks
Block Reference(4),,\VM-PF.IntUser\PDD 31-12-2024.IntPrj\Library.IntPrjfolder\Equipment Type Library.IntPrjfolder\Standard Models_V15\pss_PSS2A.BlkDef\Used Macros\Input Selector 2.BlkDef\Block Reference(4).BlkRef,0,,,,,Accel. Power
Block Reference(21),,\VM-PF.IntUser\PDD 31-12-2024.IntPrj\Library.IntPrjfolder\Equipment Type Library.IntPrjfolder\Standard Models_V15\pss_PSS2A.BlkDef\Used Macros\Input Selector 2.BlkDef\Block Reference(21).BlkRef,0,,,,,PB
Block Reference,,\Lib.IntLibrary\Dynamics\Arch\PF 2022 Models\DynPsse\avr_ESST4B.BlkDef\Block Reference.BlkRef,0,,,,,1/(1+sT)
Block Reference(10),,\Lib.IntLibrary\Dynamics\Arch\PF 2022 Models\DynPsse\avr_ESST4B.BlkDef\Block Reference(10).BlkRef,0,,,,,Limiter
Block Reference(9),,\Lib.IntLibrary\Dynamics\Arch\PF 2022 Models\DynPsse\avr_ESST4B.BlkDef\Block Reference(9).BlkRef,0,,,,,Power Components
Block Reference(5),,\Lib.IntLibrary\Dynamics\Arch\PF 2022 Models\DynPsse\avr_ESST4B.BlkDef\Block Reference(5).BlkRef,0,,,,,Fex(In)
Block Reference(1),,\Lib.IntLibrary\Dynamics\Arch\PF 2022 Models\DynPsse\avr_ESST4B.BlkDef\Block Reference(1).BlkRef,0,,,,,{Kp+Ki/s}
Block Reference(6),,\Lib.IntLibrary\Dynamics\Arch\PF 2022 Models\DynPsse\avr_ESST4B.BlkDef\Block Reference(6).BlkRef,0,,,,,{Kp+Ki/s}
Block Reference(2),,\Lib.IntLibrary\Dynamics\Arch\PF 2022 Models\DynPsse\avr_ESST4B.BlkDef\Block Reference(2).BlkRef,0,,,,,1/(1+sT)
Block Reference(4),,\Lib.IntLibrary\Dynamics\Arch\PF 2022 Models\DynPsse\avr_ESST4B.BlkDef\Block Reference(4).BlkRef,0,,,,,LVgate
Block Reference(3),,\Lib.IntLibrary\Dynamics\Arch\PF 2022 Models\DynPsse\avr_ESST4B.BlkDef\Block Reference(3).BlkRef,0,,,,,K
Block Reference(7),,\Lib.IntLibrary\Dynamics\Arch\PF 2022 Models\DynPsse\avr_ESST4B.BlkDef\Block Reference(7).BlkRef,0,,,,,Delay
Block Reference(8),,\Lib.IntLibrary\Dynamics\Arch\PF 2022 Models\DynPsse\avr_ESST4B.BlkDef\Block Reference(8).BlkRef,0,,,,,bias
Block Reference(9),,\Lib.IntLibrary\Dynamics\Arch\PF 2022 Models\DynPsse\gov_IEEEG1.BlkDef\Block Reference(9).BlkRef,0,,,,,K
Block Reference(10),,\Lib.IntLibrary\Dynamics\Arch\PF 2022 Models\DynPsse\gov_IEEEG1.BlkDef\Block Reference(10).BlkRef,0,,,,,(1+sTb)/(1+sTa)
Block Reference(2),,\Lib.IntLibrary\Dynamics\Arch\PF 2022 Models\DynPsse\gov_IEEEG1.BlkDef\Block Reference(2).BlkRef,0,,,,,1/K
Block Reference(3),,\Lib.IntLibrary\Dynamics\Arch\PF 2022 Models\DynPsse\gov_IEEEG1.BlkDef\Block Reference(3).BlkRef,0,,,,,Limiter
Block Reference(4),,\Lib.IntLibrary\Dynamics\Arch\PF 2022 Models\DynPsse\gov_IEEEG1.BlkDef\Block Reference(4).BlkRef,0,,,,,{1/s}
Block Reference(11),,\Lib.IntLibrary\Dynamics\Arch\PF 2022 Models\DynPsse\gov_IEEEG1.BlkDef\Block Reference(11).BlkRef,0,,,,,K
Block Reference(12),,\Lib.IntLibrary\Dynamics\Arch\PF 2022 Models\DynPsse\gov_IEEEG1.BlkDef\Block Reference(12).BlkRef,0,,,,,K
Block Reference(6),,\Lib.IntLibrary\Dynamics\Arch\PF 2022 Models\DynPsse\gov_IEEEG1.BlkDef\Block Reference(6).BlkRef,0,,,,,1/(1+sT)
Block Reference(13),,\Lib.IntLibrary\Dynamics\Arch\PF 2022 Models\DynPsse\gov_IEEEG1.BlkDef\Block Reference(13).BlkRef,0,,,,,K
Block Reference(14),,\Lib.IntLibrary\Dynamics\Arch\PF 2022 Models\DynPsse\gov_IEEEG1.BlkDef\Block Reference(14).BlkRef,0,,,,,K
Block Reference(7),,\Lib.IntLibrary\Dynamics\Arch\PF 2022 Models\DynPsse\gov_IEEEG1.BlkDef\Block Reference(7).BlkRef,0,,,,,1/(1+sT)
Block Reference(15),,\Lib.IntLibrary\Dynamics\Arch\PF 2022 Models\DynPsse\gov_IEEEG1.BlkDef\Block Reference(15).BlkRef,0,,,,,K
Block Reference(16),,\Lib.IntLibrary\Dynamics\Arch\PF 2022 Models\DynPsse\gov_IEEEG1.BlkDef\Block Reference(16).BlkRef,0,,,,,K
Block Reference(5),,\Lib.IntLibrary\Dynamics\Arch\PF 2022 Models\DynPsse\gov_IEEEG1.BlkDef\Block Reference(5).BlkRef,0,,,,,1/(1+sT)
Block Reference(8),,\Lib.IntLibrary\Dynamics\Arch\PF 2022 Models\DynPsse\gov_IEEEG1.BlkDef\Block Reference(8).BlkRef,0,,,,,1/(1+sT)
Block Reference(17),,\Lib.IntLibrary\Dynamics\Arch\PF 2022 Models\DynPsse\gov_IEEEG1.BlkDef\Block Reference(17).BlkRef,0,,,,,K
Block Reference(18),,\Lib.IntLibrary\Dynamics\Arch\PF 2022 Models\DynPsse\gov_IEEEG1.BlkDef\Block Reference(18).BlkRef,0,,,,,K
Block Reference(19),,\Lib.IntLibrary\Dynamics\Arch\PF 2022 Models\DynPsse\gov_IEEEG1.BlkDef\Block Reference(19).BlkRef,0,,,,,Pt/Pturb
Block Reference(20),,\Lib.IntLibrary\Dynamics\Arch\PF 2022 Models\DynPsse\gov_IEEEG1.BlkDef\Block Reference(20).BlkRef,0,,,,,Pt/Pturb x L1
Block Reference(1),,\Lib.IntLibrary\Dynamics\Arch\PF 2022 Models\DynPsse\pss_PSS2B.BlkDef\Block Reference(1).BlkRef,0,,,,,sT/(1+sT)
Block Reference(5),,\Lib.IntLibrary\Dynamics\Arch\PF 2022 Models\DynPsse\pss_PSS2B.BlkDef\Block Reference(5).BlkRef,0,,,,,sT/(1+sT)
Block Reference(7),,\Lib.IntLibrary\Dynamics\Arch\PF 2022 Models\DynPsse\pss_PSS2B.BlkDef\Block Reference(7).BlkRef,0,,,,,1/(1+sT)
Block Reference(8),,\Lib.IntLibrary\Dynamics\Arch\PF 2022 Models\DynPsse\pss_PSS2B.BlkDef\Block Reference(8).BlkRef,0,,,,,sT/(1+sT)
Block Reference(9),,\Lib.IntLibrary\Dynamics\Arch\PF 2022 Models\DynPsse\pss_PSS2B.BlkDef\Block Reference(9).BlkRef,0,,,,,sT/(1+sT)
Block Reference(10),,\Lib.IntLibrary\Dynamics\Arch\PF 2022 Models\DynPsse\pss_PSS2B.BlkDef\Block Reference(10).BlkRef,0,,,,,K/(1+sT)
Block Reference(11),,\Lib.IntLibrary\Dynamics\Arch\PF 2022 Models\DynPsse\pss_PSS2B.BlkDef\Block Reference(11).BlkRef,0,,,,,K
Block Reference(17),,\Lib.IntLibrary\Dynamics\Arch\PF 2022 Models\DynPsse\pss_PSS2B.BlkDef\Block Reference(17).BlkRef,0,,,,,K
Block Reference(18),,\Lib.IntLibrary\Dynamics\Arch\PF 2022 Models\DynPsse\pss_PSS2B.BlkDef\Block Reference(18).BlkRef,0,,,,,(1+sTb)/(1+sTa)
Block Reference(19),,\Lib.IntLibrary\Dynamics\Arch\PF 2022 Models\DynPsse\pss_PSS2B.BlkDef\Block Reference(19).BlkRef,0,,,,,(1+sTb)/(1+sTa)
Block Reference(20),,\Lib.IntLibrary\Dynamics\Arch\PF 2022 Models\DynPsse\pss_PSS2B.BlkDef\Block Reference(20).BlkRef,0,,,,,Limiter
Block Reference(22),,\Lib.IntLibrary\Dynamics\Arch\PF 2022 Models\DynPsse\pss_PSS2B.BlkDef\Block Reference(22).BlkRef,0,,,,,LeadLags
Block Reference,,\Lib.IntLibrary\Dynamics\Arch\PF 2022 Models\DynPsse\pss_PSS2B.BlkDef\Block Reference.BlkRef,0,,,,,Input Selector 2
Block Reference(2),,\Lib.IntLibrary\Dynamics\Arch\PF 2022 Models\DynPsse\pss_PSS2B.BlkDef\Used Macros\Input Selector 2.BlkDef\Block Reference(2).BlkRef,0,,,,,Input Selector 6 Dual
Block Reference(6),,\Lib.IntLibrary\Dynamics\Arch\PF 2022 Models\DynPsse\pss_PSS2B.BlkDef\Used Macros\Input Selector 2.BlkDef\Block Reference(6).BlkRef,0,,,,,Ks
Block Reference(4),,\Lib.IntLibrary\Dynamics\Arch\PF 2022 Models\DynPsse\pss_PSS2B.BlkDef\Used Macros\Input Selector 2.BlkDef\Block Reference(4).BlkRef,0,,,,,Accel. Power
Block Reference(21),,\Lib.IntLibrary\Dynamics\Arch\PF 2022 Models\DynPsse\pss_PSS2B.BlkDef\Used Macros\Input Selector 2.BlkDef\Block Reference(21).BlkRef,0,,,,,PB
Block Reference(2),,\Lib.IntLibrary\Dynamics\Arch\PF 2022 Models\DynPsse\pss_PSS2B.BlkDef\Block Reference(2).BlkRef,0,,,,,(1+sTb)/(1+sTa)
Block Reference(3),,\Lib.IntLibrary\Dynamics\Arch\PF 2022 Models\DynPsse\pss_PSS2B.BlkDef\Block Reference(3).BlkRef,0,,,,,Limiter
Block Reference(4),,\Lib.IntLibrary\Dynamics\Arch\PF 2022 Models\DynPsse\pss_PSS2B.BlkDef\Block Reference(4).BlkRef,0,,,,,Limiter
Block Reference,,\VM-PF.IntUser\PDD 31-12-2024.IntPrj\Library.IntPrjfolder\Equipment Type Library.IntPrjfolder\Standard Models\gov_GAST.BlkDef\Block Reference.BlkRef,0,,,,,1/K
Block Reference(3),,\VM-PF.IntUser\PDD 31-12-2024.IntPrj\Library.IntPrjfolder\Equipment Type Library.IntPrjfolder\Standard Models\gov_GAST.BlkDef\Block Reference(3).BlkRef,0,,,,,{1/(1+sT)}
Block Reference(8),,\VM-PF.IntUser\PDD 31-12-2024.IntPrj\Library.IntPrjfolder\Equipment Type Library.IntPrjfolder\Standard Models\gov_GAST.BlkDef\Block Reference(8).BlkRef,0,,,,,1/(1+sT)
Block Reference(9),,\VM-PF.IntUser\PDD 31-12-2024.IntPrj\Library.IntPrjfolder\Equipment Type Library.IntPrjfolder\Standard Models\gov_GAST.BlkDef\Block Reference(9).BlkRef,0,,,,,1/(1+sT)
Block Reference(5),,\VM-PF.IntUser\PDD 31-12-2024.IntPrj\Library.IntPrjfolder\Equipment Type Library.IntPrjfolder\Standard Models\gov_GAST.BlkDef\Block Reference(5).BlkRef,0,,,,,Const
Block Reference(2),,\VM-PF.IntUser\PDD 31-12-2024.IntPrj\Library.IntPrjfolder\Equipment Type Library.IntPrjfolder\Standard Models\gov_GAST.BlkDef\Block Reference(2).BlkRef,0,,,,,K
Block Reference(6),,\VM-PF.IntUser\PDD 31-12-2024.IntPrj\Library.IntPrjfolder\Equipment Type Library.IntPrjfolder\Standard Models\gov_GAST.BlkDef\Block Reference(6).BlkRef,0,,,,,K
Block Reference(1),,\VM-PF.IntUser\PDD 31-12-2024.IntPrj\Library.IntPrjfolder\Equipment Type Library.IntPrjfolder\Standard Models\gov_GAST.BlkDef\Block Reference(1).BlkRef,0,,,,,LVgate
Block Reference(4),,\VM-PF.IntUser\PDD 31-12-2024.IntPrj\Library.IntPrjfolder\Equipment Type Library.IntPrjfolder\Standard Models\gov_GAST.BlkDef\Block Reference(4).BlkRef,0,,,,,Pt/Pturb
Block Reference,,\Lib.IntLibrary\Dynamics\Arch\PF 2022 Models\DynPsse\avr_ST6B_IEEE.BlkDef\Block Reference.BlkRef,0,,,,,1/(1+sT)
Block Reference(1),,\Lib.IntLibrary\Dynamics\Arch\PF 2022 Models\DynPsse\avr_ST6B_IEEE.BlkDef\Block Reference(1).BlkRef,0,,,,,HVgate
Block Reference(2),,\Lib.IntLibrary\Dynamics\Arch\PF 2022 Models\DynPsse\avr_ST6B_IEEE.BlkDef\Block Reference(2).BlkRef,0,,,,,Router
Block Reference(3),,\Lib.IntLibrary\Dynamics\Arch\PF 2022 Models\DynPsse\avr_ST6B_IEEE.BlkDef\Block Reference(3).BlkRef,0,,,,,[Kp+sKd/(1+sTd)+Ki/s]
Block Reference(4),,\Lib.IntLibrary\Dynamics\Arch\PF 2022 Models\DynPsse\avr_ST6B_IEEE.BlkDef\Block Reference(4).BlkRef,0,,,,,Const
Block Reference(5),,\Lib.IntLibrary\Dynamics\Arch\PF 2022 Models\DynPsse\avr_ST6B_IEEE.BlkDef\Block Reference(5).BlkRef,0,,,,,K
Block Reference(6),,\Lib.IntLibrary\Dynamics\Arch\PF 2022 Models\DynPsse\avr_ST6B_IEEE.BlkDef\Block Reference(6).BlkRef,0,,,,,K
Block Reference(8),,\Lib.IntLibrary\Dynamics\Arch\PF 2022 Models\DynPsse\avr_ST6B_IEEE.BlkDef\Block Reference(8).BlkRef,0,,,,,K
Block Reference(9),,\Lib.IntLibrary\Dynamics\Arch\PF 2022 Models\DynPsse\avr_ST6B_IEEE.BlkDef\Block Reference(9).BlkRef,0,,,,,K
Block Reference(7),,\Lib.IntLibrary\Dynamics\Arch\PF 2022 Models\DynPsse\avr_ST6B_IEEE.BlkDef\Block Reference(7).BlkRef,0,,,,,Low Limit
Block Reference(10),,\Lib.IntLibrary\Dynamics\Arch\PF 2022 Models\DynPsse\avr_ST6B_IEEE.BlkDef\Block Reference(10).BlkRef,0,,,,,Limits
Block Reference(11),,\Lib.IntLibrary\Dynamics\Arch\PF 2022 Models\DynPsse\avr_ST6B_IEEE.BlkDef\Block Reference(11).BlkRef,0,,,,,LVgate
Block Reference(12),,\Lib.IntLibrary\Dynamics\Arch\PF 2022 Models\DynPsse\avr_ST6B_IEEE.BlkDef\Block Reference(12).BlkRef,0,,,,,K/(1+sT).
Block Reference(13),,\Lib.IntLibrary\Dynamics\Arch\PF 2022 Models\DynPsse\avr_ST6B_IEEE.BlkDef\Block Reference(13).BlkRef,0,,,,,TF selector
Block Reference(14),,\Lib.IntLibrary\Dynamics\Arch\PF 2022 Models\DynPsse\avr_ST6B_IEEE.BlkDef\Block Reference(14).BlkRef,0,,,,,Bias
[Kpr+Kir/s+sKdr/(1+sTdr)],,\Lib.IntLibrary\Dynamics\SymPlant\IEEE\Exc\exc_IEEE_AC7B.BlkDef\[Kpr+Kir/s+sKdr/(1+sTdr)].BlkRef,0,,,,,[Kpr+Kir/s+sKdr/(1+sTdr)]
[Kpa+Kia/s],,\Lib.IntLibrary\Dynamics\SymPlant\IEEE\Exc\exc_IEEE_AC7B.BlkDef\[Kpa+Kia/s].BlkRef,0,,,,,[Kpa+Kia/s]
Term Fed,,\Lib.IntLibrary\Dynamics\SymPlant\IEEE\Exc\exc_IEEE_AC7B.BlkDef\Term Fed.BlkRef,0,,,,,Term. Fed
Lim,,\Lib.IntLibrary\Dynamics\SymPlant\IEEE\Exc\exc_IEEE_AC7B.BlkDef\Lim.BlkRef,0,,,,,Lim
Kf1,,\Lib.IntLibrary\Dynamics\SymPlant\IEEE\Exc\exc_IEEE_AC7B.BlkDef\Kf1.BlkRef,0,,,,,Kf1
Kf2,,\Lib.IntLibrary\Dynamics\SymPlant\IEEE\Exc\exc_IEEE_AC7B.BlkDef\Kf2.BlkRef,0,,,,,Kf2
sKf3/(1+sTf),,\Lib.IntLibrary\Dynamics\SymPlant\IEEE\Exc\exc_IEEE_AC7B.BlkDef\sKf3/(1+sTf).BlkRef,0,,,,,sKf3/(1+sTf)
Kc(Ifd/Ve),,\Lib.IntLibrary\Dynamics\SymPlant\IEEE\Exc\exc_IEEE_AC7B.BlkDef\Kc(Ifd/Ve).BlkRef,0,,,,,Kc(Ifd/Ve)
Kd,,\Lib.IntLibrary\Dynamics\SymPlant\IEEE\Exc\exc_IEEE_AC7B.BlkDef\Kd.BlkRef,0,,,,,Kd
Ke,,\Lib.IntLibrary\Dynamics\SymPlant\IEEE\Exc\exc_IEEE_AC7B.BlkDef\Ke.BlkRef,0,,,,,Ke
[1/sTe],,\Lib.IntLibrary\Dynamics\SymPlant\IEEE\Exc\exc_IEEE_AC7B.BlkDef\[1/sTe].BlkRef,0,,,,,[1/sTe]
(Vfe_max-KdIfd)/(Ke+Se(Ve)),,\Lib.IntLibrary\Dynamics\SymPlant\IEEE\Exc\exc_IEEE_AC7B.BlkDef\(Vfe_max-KdIfd)/(Ke+Se(Ve)).BlkRef,0,,,,,(Vfe_max-KdIfd)/(Ke+Se(Ve))
Se(Ve),,\Lib.IntLibrary\Dynamics\SymPlant\IEEE\Exc\exc_IEEE_AC7B.BlkDef\Se(Ve).BlkRef,0,,,,,Se(Ve)
Fex(In),,\Lib.IntLibrary\Dynamics\SymPlant\IEEE\Exc\exc_IEEE_AC7B.BlkDef\Fex(In).BlkRef,0,,,,,Fex(In)
1/(1+sT4),,\Lib.IntLibrary\Dynamics\SymPlant\IEEE\Gov\gov_IEEE_IEEEG1.BlkDef\1/(1+sT4).BlkRef,0,,,,,1/(1+sT4)
1/(1+sT5),,\Lib.IntLibrary\Dynamics\SymPlant\IEEE\Gov\gov_IEEE_IEEEG1.BlkDef\1/(1+sT5).BlkRef,0,,,,,1/(1+sT5)
1/(1+sT6),,\Lib.IntLibrary\Dynamics\SymPlant\IEEE\Gov\gov_IEEE_IEEEG1.BlkDef\1/(1+sT6).BlkRef,0,,,,,1/(1+sT6)
1/(1+sT7),,\Lib.IntLibrary\Dynamics\SymPlant\IEEE\Gov\gov_IEEE_IEEEG1.BlkDef\1/(1+sT7).BlkRef,0,,,,,1/(1+sT7)
1/T3,,\Lib.IntLibrary\Dynamics\SymPlant\IEEE\Gov\gov_IEEE_IEEEG1.BlkDef\1/T3.BlkRef,0,,,,,1/T3
Adapt,,\Lib.IntLibrary\Dynamics\SymPlant\IEEE\Gov\gov_IEEE_IEEEG1.BlkDef\Adapt.BlkRef,0,,,,,Adapt
DB,,\Lib.IntLibrary\Dynamics\SymPlant\IEEE\Gov\gov_IEEE_IEEEG1.BlkDef\DB.BlkRef,0,,,,,DB
K(1+sT2)/(1+sT1),,\Lib.IntLibrary\Dynamics\SymPlant\IEEE\Gov\gov_IEEE_IEEEG1.BlkDef\K(1+sT2)/(1+sT1).BlkRef,0,,,,,K(1+sT2)/(1+sT1)
K1,,\Lib.IntLibrary\Dynamics\SymPlant\IEEE\Gov\gov_IEEE_IEEEG1.BlkDef\K1.BlkRef,0,,,,,K1
K2,,\Lib.IntLibrary\Dynamics\SymPlant\IEEE\Gov\gov_IEEE_IEEEG1.BlkDef\K2.BlkRef,0,,,,,K2
K3,,\Lib.IntLibrary\Dynamics\SymPlant\IEEE\Gov\gov_IEEE_IEEEG1.BlkDef\K3.BlkRef,0,,,,,K3
K4,,\Lib.IntLibrary\Dynamics\SymPlant\IEEE\Gov\gov_IEEE_IEEEG1.BlkDef\K4.BlkRef,0,,,,,K4
K5,,\Lib.IntLibrary\Dynamics\SymPlant\IEEE\Gov\gov_IEEE_IEEEG1.BlkDef\K5.BlkRef,0,,,,,K5
K6,,\Lib.IntLibrary\Dynamics\SymPlant\IEEE\Gov\gov_IEEE_IEEEG1.BlkDef\K6.BlkRef,0,,,,,K6
K7,,\Lib.IntLibrary\Dynamics\SymPlant\IEEE\Gov\gov_IEEE_IEEEG1.BlkDef\K7.BlkRef,0,,,,,K7
K8,,\Lib.IntLibrary\Dynamics\SymPlant\IEEE\Gov\gov_IEEE_IEEEG1.BlkDef\K8.BlkRef,0,,,,,K8
Limit,,\Lib.IntLibrary\Dynamics\SymPlant\IEEE\Gov\gov_IEEE_IEEEG1.BlkDef\Limit.BlkRef,0,,,,,Limit
Output,,\Lib.IntLibrary\Dynamics\SymPlant\IEEE\Gov\gov_IEEE_IEEEG1.BlkDef\Output.BlkRef,0,,,,,Output
[1/s],,\Lib.IntLibrary\Dynamics\SymPlant\IEEE\Gov\gov_IEEE_IEEEG1.BlkDef\[1/s].BlkRef,0,,,,,[1/s]
Block Reference,,\VM-PF.IntUser\PDD 31-12-2024.IntPrj\Library.IntPrjfolder\User Defined Models.IntPrjfolder\San Pedro Bio Energy\Pss_PSSSH_SPBIOE.BlkDef\Block Reference.BlkRef,0,,,,,1/(1+sTd)
Block Reference(1),,\VM-PF.IntUser\PDD 31-12-2024.IntPrj\Library.IntPrjfolder\User Defined Models.IntPrjfolder\San Pedro Bio Energy\Pss_PSSSH_SPBIOE.BlkDef\Block Reference(1).BlkRef,0,,,,,1/sT1
Block Reference(10),,\VM-PF.IntUser\PDD 31-12-2024.IntPrj\Library.IntPrjfolder\User Defined Models.IntPrjfolder\San Pedro Bio Energy\Pss_PSSSH_SPBIOE.BlkDef\Block Reference(10).BlkRef,0,,,,,K2
Block Reference(11),,\VM-PF.IntUser\PDD 31-12-2024.IntPrj\Library.IntPrjfolder\User Defined Models.IntPrjfolder\San Pedro Bio Energy\Pss_PSSSH_SPBIOE.BlkDef\Block Reference(11).BlkRef,0,,,,,K3
Block Reference(12),,\VM-PF.IntUser\PDD 31-12-2024.IntPrj\Library.IntPrjfolder\User Defined Models.IntPrjfolder\San Pedro Bio Energy\Pss_PSSSH_SPBIOE.BlkDef\Block Reference(12).BlkRef,0,,,,,K4
Block Reference(2),,\VM-PF.IntUser\PDD 31-12-2024.IntPrj\Library.IntPrjfolder\User Defined Models.IntPrjfolder\San Pedro Bio Energy\Pss_PSSSH_SPBIOE.BlkDef\Block Reference(2).BlkRef,0,,,,,K
Block Reference(3),,\VM-PF.IntUser\PDD 31-12-2024.IntPrj\Library.IntPrjfolder\User Defined Models.IntPrjfolder\San Pedro Bio Energy\Pss_PSSSH_SPBIOE.BlkDef\Block Reference(3).BlkRef,0,,,,,1/sT2
Block Reference(4),,\VM-PF.IntUser\PDD 31-12-2024.IntPrj\Library.IntPrjfolder\User Defined Models.IntPrjfolder\San Pedro Bio Energy\Pss_PSSSH_SPBIOE.BlkDef\Block Reference(4).BlkRef,0,,,,,1/sT3
Block Reference(5),,\VM-PF.IntUser\PDD 31-12-2024.IntPrj\Library.IntPrjfolder\User Defined Models.IntPrjfolder\San Pedro Bio Energy\Pss_PSSSH_SPBIOE.BlkDef\Block Reference(5).BlkRef,0,,,,,1/sT4
Block Reference(6),,\VM-PF.IntUser\PDD 31-12-2024.IntPrj\Library.IntPrjfolder\User Defined Models.IntPrjfolder\San Pedro Bio Energy\Pss_PSSSH_SPBIOE.BlkDef\Block Reference(6).BlkRef,0,,,,,MVA/MW
Block Reference(7),,\VM-PF.IntUser\PDD 31-12-2024.IntPrj\Library.IntPrjfolder\User Defined Models.IntPrjfolder\San Pedro Bio Energy\Pss_PSSSH_SPBIOE.BlkDef\Block Reference(7).BlkRef,0,,,,,Limiter
Block Reference(8),,\VM-PF.IntUser\PDD 31-12-2024.IntPrj\Library.IntPrjfolder\User Defined Models.IntPrjfolder\San Pedro Bio Energy\Pss_PSSSH_SPBIOE.BlkDef\Block Reference(8).BlkRef,0,,,,,K0
Block Reference(9),,\VM-PF.IntUser\PDD 31-12-2024.IntPrj\Library.IntPrjfolder\User Defined Models.IntPrjfolder\San Pedro Bio Energy\Pss_PSSSH_SPBIOE.BlkDef\Block Reference(9).BlkRef,0,,,,,K1
mod( (Vt) + (Rc+jXc)(It) ),,\Lib.IntLibrary\Dynamics\SymPlant\IEEE\Vtc\vtc_IEEE_1.BlkDef\mod( (Vt) + (Rc+jXc)(It) ).BlkRef,0,,,,,mod( (Vt) + (Rc+jXc).(It) )
1/(1+sT),,\Lib.IntLibrary\Dynamics\SymPlant\IEEE\Vtc\vtc_IEEE_1.BlkDef\1/(1+sT).BlkRef,0,,,,,1/(1+sT)
Block Reference,,\VM-PF.IntUser\PDD 31-12-2024.IntPrj\Library.IntPrjfolder\User Defined Models.IntPrjfolder\Avr_Hi\vco_IEEET1.BlkDef\Block Reference.BlkRef,0,,,,,1/(1+sT) or 1
Block Reference(1),,\VM-PF.IntUser\PDD 31-12-2024.IntPrj\Library.IntPrjfolder\User Defined Models.IntPrjfolder\Avr_Hi\vco_IEEET1.BlkDef\Block Reference(1).BlkRef,0,,,,,bias
Block Reference(2),,\VM-PF.IntUser\PDD 31-12-2024.IntPrj\Library.IntPrjfolder\User Defined Models.IntPrjfolder\Avr_Hi\vco_IEEET1.BlkDef\Block Reference(2).BlkRef,0,,,,,_{K/(1+sT)}_
Block Reference(3),,\VM-PF.IntUser\PDD 31-12-2024.IntPrj\Library.IntPrjfolder\User Defined Models.IntPrjfolder\Avr_Hi\vco_IEEET1.BlkDef\Block Reference(3).BlkRef,0,,,,,1/(K+sT)
Block Reference(4),,\VM-PF.IntUser\PDD 31-12-2024.IntPrj\Library.IntPrjfolder\User Defined Models.IntPrjfolder\Avr_Hi\vco_IEEET1.BlkDef\Block Reference(4).BlkRef,0,,,,,sK/(1+sT)
Block Reference(5),,\VM-PF.IntUser\PDD 31-12-2024.IntPrj\Library.IntPrjfolder\User Defined Models.IntPrjfolder\Avr_Hi\vco_IEEET1.BlkDef\Block Reference(5).BlkRef,0,,,,,Se(efd)
Block Reference,,\VM-PF.IntUser\PDD 31-12-2024.IntPrj\Library.IntPrjfolder\User Defined Models.IntPrjfolder\Hidro_Gov\gov_HYGOV_MONCION1.BlkDef\Block Reference.BlkRef,0,,,,,1/sT
Block Reference(1),,\VM-PF.IntUser\PDD 31-12-2024.IntPrj\Library.IntPrjfolder\User Defined Models.IntPrjfolder\Hidro_Gov\gov_HYGOV_MONCION1.BlkDef\Block Reference(1).BlkRef,0,,,,,Const
Block Reference(10),,\VM-PF.IntUser\PDD 31-12-2024.IntPrj\Library.IntPrjfolder\User Defined Models.IntPrjfolder\Hidro_Gov\gov_HYGOV_MONCION1.BlkDef\Block Reference(10).BlkRef,0,,,,,(1/(1+sT))
Block Reference(2),,\VM-PF.IntUser\PDD 31-12-2024.IntPrj\Library.IntPrjfolder\User Defined Models.IntPrjfolder\Hidro_Gov\gov_HYGOV_MONCION1.BlkDef\Block Reference(2).BlkRef,0,,,,,K
Block Reference(3),,\VM-PF.IntUser\PDD 31-12-2024.IntPrj\Library.IntPrjfolder\User Defined Models.IntPrjfolder\Hidro_Gov\gov_HYGOV_MONCION1.BlkDef\Block Reference(3).BlkRef,0,,,,,Turb
Block Reference(4),,\VM-PF.IntUser\PDD 31-12-2024.IntPrj\Library.IntPrjfolder\User Defined Models.IntPrjfolder\Hidro_Gov\gov_HYGOV_MONCION1.BlkDef\Block Reference(4).BlkRef,0,,,,,One
Block Reference(5),,\VM-PF.IntUser\PDD 31-12-2024.IntPrj\Library.IntPrjfolder\User Defined Models.IntPrjfolder\Hidro_Gov\gov_HYGOV_MONCION1.BlkDef\Block Reference(5).BlkRef,0,,,,,K
Block Reference(7),,\VM-PF.IntUser\PDD 31-12-2024.IntPrj\Library.IntPrjfolder\User Defined Models.IntPrjfolder\Hidro_Gov\gov_HYGOV_MONCION1.BlkDef\Block Reference(7).BlkRef,0,,,,,1/(1+sT)
Block Reference(8),,\VM-PF.IntUser\PDD 31-12-2024.IntPrj\Library.IntPrjfolder\User Defined Models.IntPrjfolder\Hidro_Gov\gov_HYGOV_MONCION1.BlkDef\Block Reference(8).BlkRef,0,,,,,{(1+Ts)/ksT}
Block Reference(9),,\VM-PF.IntUser\PDD 31-12-2024.IntPrj\Library.IntPrjfolder\User Defined Models.IntPrjfolder\Hidro_Gov\gov_HYGOV_MONCION1.BlkDef\Block Reference(9).BlkRef,0,,,,,K
Block Reference,,\VM-PF.IntUser\PDD 31-12-2024.IntPrj\Library.IntPrjfolder\User Defined Models.IntPrjfolder\Hidro_Gov\gov_HYGOV_MONCION2.BlkDef\Block Reference.BlkRef,0,,,,,1/sT
Block Reference(1),,\VM-PF.IntUser\PDD 31-12-2024.IntPrj\Library.IntPrjfolder\User Defined Models.IntPrjfolder\Hidro_Gov\gov_HYGOV_MONCION2.BlkDef\Block Reference(1).BlkRef,0,,,,,Const
Block Reference(10),,\VM-PF.IntUser\PDD 31-12-2024.IntPrj\Library.IntPrjfolder\User Defined Models.IntPrjfolder\Hidro_Gov\gov_HYGOV_MONCION2.BlkDef\Block Reference(10).BlkRef,0,,,,,(1/(1+sT))
Block Reference(2),,\VM-PF.IntUser\PDD 31-12-2024.IntPrj\Library.IntPrjfolder\User Defined Models.IntPrjfolder\Hidro_Gov\gov_HYGOV_MONCION2.BlkDef\Block Reference(2).BlkRef,0,,,,,K
Block Reference(3),,\VM-PF.IntUser\PDD 31-12-2024.IntPrj\Library.IntPrjfolder\User Defined Models.IntPrjfolder\Hidro_Gov\gov_HYGOV_MONCION2.BlkDef\Block Reference(3).BlkRef,0,,,,,Turb
Block Reference(4),,\VM-PF.IntUser\PDD 31-12-2024.IntPrj\Library.IntPrjfolder\User Defined Models.IntPrjfolder\Hidro_Gov\gov_HYGOV_MONCION2.BlkDef\Block Reference(4).BlkRef,0,,,,,One
Block Reference(5),,\VM-PF.IntUser\PDD 31-12-2024.IntPrj\Library.IntPrjfolder\User Defined Models.IntPrjfolder\Hidro_Gov\gov_HYGOV_MONCION2.BlkDef\Block Reference(5).BlkRef,0,,,,,K
Block Reference(7),,\VM-PF.IntUser\PDD 31-12-2024.IntPrj\Library.IntPrjfolder\User Defined Models.IntPrjfolder\Hidro_Gov\gov_HYGOV_MONCION2.BlkDef\Block Reference(7).BlkRef,0,,,,,1/(1+sT)
Block Reference(8),,\VM-PF.IntUser\PDD 31-12-2024.IntPrj\Library.IntPrjfolder\User Defined Models.IntPrjfolder\Hidro_Gov\gov_HYGOV_MONCION2.BlkDef\Block Reference(8).BlkRef,0,,,,,{(1+Ts)/ksT}
Block Reference(9),,\VM-PF.IntUser\PDD 31-12-2024.IntPrj\Library.IntPrjfolder\User Defined Models.IntPrjfolder\Hidro_Gov\gov_HYGOV_MONCION2.BlkDef\Block Reference(9).BlkRef,0,,,,,K
Block Reference,,\Lib.IntLibrary\Dynamics\Arch\PF 2022 Models\DynPsse\gov_GGOV1.BlkDef\Block Reference.BlkRef,0,,,,,(Ldref/Kturb+Wfnl)
Block Reference(1),,\Lib.IntLibrary\Dynamics\Arch\PF 2022 Models\DynPsse\gov_GGOV1.BlkDef\Block Reference(1).BlkRef,0,,,,,K
Block Reference(3),,\Lib.IntLibrary\Dynamics\Arch\PF 2022 Models\DynPsse\gov_GGOV1.BlkDef\Block Reference(3).BlkRef,0,,,,,Lim <max
Block Reference(4),,\Lib.IntLibrary\Dynamics\Arch\PF 2022 Models\DynPsse\gov_GGOV1.BlkDef\Block Reference(4).BlkRef,0,,,,,1/(1+sT)_w/rate limit
Block Reference(5),,\Lib.IntLibrary\Dynamics\Arch\PF 2022 Models\DynPsse\gov_GGOV1.BlkDef\Block Reference(5).BlkRef,0,,,,,(1+sTa)/(1+sTb)
Block Reference(6),,\Lib.IntLibrary\Dynamics\Arch\PF 2022 Models\DynPsse\gov_GGOV1.BlkDef\Block Reference(6).BlkRef,0,,,,,K x delta
Block Reference(8),,\Lib.IntLibrary\Dynamics\Arch\PF 2022 Models\DynPsse\gov_GGOV1.BlkDef\Block Reference(8).BlkRef,0,,,,,s/(1+sT)
Block Reference(9),,\Lib.IntLibrary\Dynamics\Arch\PF 2022 Models\DynPsse\gov_GGOV1.BlkDef\Block Reference(9).BlkRef,0,,,,,K/s
Block Reference(10),,\Lib.IntLibrary\Dynamics\Arch\PF 2022 Models\DynPsse\gov_GGOV1.BlkDef\Block Reference(10).BlkRef,0,,,,,1/(1+sT)
Block Reference(7),,\Lib.IntLibrary\Dynamics\Arch\PF 2022 Models\DynPsse\gov_GGOV1.BlkDef\Block Reference(7).BlkRef,0,,,,,Selector
Block Reference(11),,\Lib.IntLibrary\Dynamics\Arch\PF 2022 Models\DynPsse\gov_GGOV1.BlkDef\Block Reference(11).BlkRef,0,,,,,Const
Block Reference(12),,\Lib.IntLibrary\Dynamics\Arch\PF 2022 Models\DynPsse\gov_GGOV1.BlkDef\Block Reference(12).BlkRef,0,,,,,K
Block Reference(13),,\Lib.IntLibrary\Dynamics\Arch\PF 2022 Models\DynPsse\gov_GGOV1.BlkDef\Block Reference(13).BlkRef,0,,,,,Deadband_Offset_Lim
Block Reference(14),,\Lib.IntLibrary\Dynamics\Arch\PF 2022 Models\DynPsse\gov_GGOV1.BlkDef\Block Reference(14).BlkRef,0,,,,,K
Block Reference(15),,\Lib.IntLibrary\Dynamics\Arch\PF 2022 Models\DynPsse\gov_GGOV1.BlkDef\Block Reference(15).BlkRef,0,,,,,K/s
Block Reference(16),,\Lib.IntLibrary\Dynamics\Arch\PF 2022 Models\DynPsse\gov_GGOV1.BlkDef\Block Reference(16).BlkRef,0,,,,,sK/(1+sT)
Block Reference(17),,\Lib.IntLibrary\Dynamics\Arch\PF 2022 Models\DynPsse\gov_GGOV1.BlkDef\Block Reference(17).BlkRef,0,,,,,LVgate
Block Reference(18),,\Lib.IntLibrary\Dynamics\Arch\PF 2022 Models\DynPsse\gov_GGOV1.BlkDef\Block Reference(18).BlkRef,0,,,,,{{1/(1+sT)}}
Block Reference(19),,\Lib.IntLibrary\Dynamics\Arch\PF 2022 Models\DynPsse\gov_GGOV1.BlkDef\Block Reference(19).BlkRef,0,,,,,P_base
Block Reference(20),,\Lib.IntLibrary\Dynamics\Arch\PF 2022 Models\DynPsse\gov_GGOV1.BlkDef\Block Reference(20).BlkRef,0,,,,,Damping
Block Reference(21),,\Lib.IntLibrary\Dynamics\Arch\PF 2022 Models\DynPsse\gov_GGOV1.BlkDef\Block Reference(21).BlkRef,0,,,,,Sel
Block Reference(22),,\Lib.IntLibrary\Dynamics\Arch\PF 2022 Models\DynPsse\gov_GGOV1.BlkDef\Block Reference(22).BlkRef,0,,,,,K
Block Reference(23),,\Lib.IntLibrary\Dynamics\Arch\PF 2022 Models\DynPsse\gov_GGOV1.BlkDef\Block Reference(23).BlkRef,0,,,,,Delay
Block Reference(24),,\Lib.IntLibrary\Dynamics\Arch\PF 2022 Models\DynPsse\gov_GGOV1.BlkDef\Block Reference(24).BlkRef,0,,,,,Pt/Pturb
Block Reference(25),,\Lib.IntLibrary\Dynamics\Arch\PF 2022 Models\DynPsse\gov_GGOV1.BlkDef\Block Reference(25).BlkRef,0,,,,,(1+sTn)/(1+sTd)
Block Reference(26),,\Lib.IntLibrary\Dynamics\Arch\PF 2022 Models\DynPsse\gov_GGOV1.BlkDef\Block Reference(26).BlkRef,0,,,,,Const
Block Reference(27),,\Lib.IntLibrary\Dynamics\Arch\PF 2022 Models\DynPsse\gov_GGOV1.BlkDef\Block Reference(27).BlkRef,0,,,,,fix delay
Block Reference(28),,\Lib.IntLibrary\Dynamics\Arch\PF 2022 Models\DynPsse\gov_GGOV1.BlkDef\Block Reference(28).BlkRef,0,,,,,{K/s
Block Reference(8),,\VM-PF.IntUser\PDD 31-12-2024.IntPrj\Library.IntPrjfolder\Equipment Type Library.IntPrjfolder\Standard Models\gov_HYGOV.BlkDef\Block Reference(8).BlkRef,0,,,,,{(1+Ts)/ksT}
Block Reference(7),,\VM-PF.IntUser\PDD 31-12-2024.IntPrj\Library.IntPrjfolder\Equipment Type Library.IntPrjfolder\Standard Models\gov_HYGOV.BlkDef\Block Reference(7).BlkRef,0,,,,,1/(1+sT)
Block Reference(10),,\VM-PF.IntUser\PDD 31-12-2024.IntPrj\Library.IntPrjfolder\Equipment Type Library.IntPrjfolder\Standard Models\gov_HYGOV.BlkDef\Block Reference(10).BlkRef,0,,,,,(1/(1+sT))
Block Reference,,\VM-PF.IntUser\PDD 31-12-2024.IntPrj\Library.IntPrjfolder\Equipment Type Library.IntPrjfolder\Standard Models\gov_HYGOV.BlkDef\Block Reference.BlkRef,0,,,,,1/sT
Block Reference(2),,\VM-PF.IntUser\PDD 31-12-2024.IntPrj\Library.IntPrjfolder\Equipment Type Library.IntPrjfolder\Standard Models\gov_HYGOV.BlkDef\Block Reference(2).BlkRef,0,,,,,K
Block Reference(3),,\VM-PF.IntUser\PDD 31-12-2024.IntPrj\Library.IntPrjfolder\Equipment Type Library.IntPrjfolder\Standard Models\gov_HYGOV.BlkDef\Block Reference(3).BlkRef,0,,,,,Turb
Block Reference(5),,\VM-PF.IntUser\PDD 31-12-2024.IntPrj\Library.IntPrjfolder\Equipment Type Library.IntPrjfolder\Standard Models\gov_HYGOV.BlkDef\Block Reference(5).BlkRef,0,,,,,K
Block Reference(1),,\VM-PF.IntUser\PDD 31-12-2024.IntPrj\Library.IntPrjfolder\Equipment Type Library.IntPrjfolder\Standard Models\gov_HYGOV.BlkDef\Block Reference(1).BlkRef,0,,,,,Const
Block Reference(4),,\VM-PF.IntUser\PDD 31-12-2024.IntPrj\Library.IntPrjfolder\Equipment Type Library.IntPrjfolder\Standard Models\gov_HYGOV.BlkDef\Block Reference(4).BlkRef,0,,,,,One
Block Reference(9),,\VM-PF.IntUser\PDD 31-12-2024.IntPrj\Library.IntPrjfolder\Equipment Type Library.IntPrjfolder\Standard Models\gov_HYGOV.BlkDef\Block Reference(9).BlkRef,0,,,,,K
Block Reference,,\VM-PF.IntUser\PDD 31-12-2024.IntPrj\Library.IntPrjfolder\User Defined Models.IntPrjfolder\Avr_Hi\vco_EXAC1.BlkDef\Block Reference.BlkRef,0,,,,,1/(1+sT)
Block Reference(1),,\VM-PF.IntUser\PDD 31-12-2024.IntPrj\Library.IntPrjfolder\User Defined Models.IntPrjfolder\Avr_Hi\vco_EXAC1.BlkDef\Block Reference(1).BlkRef,0,,,,,bias
Block Reference(10),,\VM-PF.IntUser\PDD 31-12-2024.IntPrj\Library.IntPrjfolder\User Defined Models.IntPrjfolder\Avr_Hi\vco_EXAC1.BlkDef\Block Reference(10).BlkRef,0,,,,,_Fex_
Block Reference(2),,\VM-PF.IntUser\PDD 31-12-2024.IntPrj\Library.IntPrjfolder\User Defined Models.IntPrjfolder\Avr_Hi\vco_EXAC1.BlkDef\Block Reference(2).BlkRef,0,,,,,_(1+sTb)/(1+sTa)_
Block Reference(3),,\VM-PF.IntUser\PDD 31-12-2024.IntPrj\Library.IntPrjfolder\User Defined Models.IntPrjfolder\Avr_Hi\vco_EXAC1.BlkDef\Block Reference(3).BlkRef,0,,,,,_{K/(1+sT)}_
Block Reference(4),,\VM-PF.IntUser\PDD 31-12-2024.IntPrj\Library.IntPrjfolder\User Defined Models.IntPrjfolder\Avr_Hi\vco_EXAC1.BlkDef\Block Reference(4).BlkRef,0,,,,,[1/sT
Block Reference(5),,\VM-PF.IntUser\PDD 31-12-2024.IntPrj\Library.IntPrjfolder\User Defined Models.IntPrjfolder\Avr_Hi\vco_EXAC1.BlkDef\Block Reference(5).BlkRef,0,,,,,reset
Block Reference(6),,\VM-PF.IntUser\PDD 31-12-2024.IntPrj\Library.IntPrjfolder\User Defined Models.IntPrjfolder\Avr_Hi\vco_EXAC1.BlkDef\Block Reference(6).BlkRef,0,,,,,Se(efd)+Ke
Block Reference(8),,\VM-PF.IntUser\PDD 31-12-2024.IntPrj\Library.IntPrjfolder\User Defined Models.IntPrjfolder\Avr_Hi\vco_EXAC1.BlkDef\Block Reference(8).BlkRef,0,,,,,K
Block Reference(9),,\VM-PF.IntUser\PDD 31-12-2024.IntPrj\Library.IntPrjfolder\User Defined Models.IntPrjfolder\Avr_Hi\vco_EXAC1.BlkDef\Block Reference(9).BlkRef,0,,,,,sK/(1+sT)
Block Reference,,\VM-PF.IntUser\PDD 31-12-2024.IntPrj\Library.IntPrjfolder\User Defined Models.IntPrjfolder\Hidro_Gov\gov_HYGOV_TAVERA1.BlkDef\Block Reference.BlkRef,0,,,,,1/sT
Block Reference(1),,\VM-PF.IntUser\PDD 31-12-2024.IntPrj\Library.IntPrjfolder\User Defined Models.IntPrjfolder\Hidro_Gov\gov_HYGOV_TAVERA1.BlkDef\Block Reference(1).BlkRef,0,,,,,Const
Block Reference(10),,\VM-PF.IntUser\PDD 31-12-2024.IntPrj\Library.IntPrjfolder\User Defined Models.IntPrjfolder\Hidro_Gov\gov_HYGOV_TAVERA1.BlkDef\Block Reference(10).BlkRef,0,,,,,(1/(1+sT))
Block Reference(2),,\VM-PF.IntUser\PDD 31-12-2024.IntPrj\Library.IntPrjfolder\User Defined Models.IntPrjfolder\Hidro_Gov\gov_HYGOV_TAVERA1.BlkDef\Block Reference(2).BlkRef,0,,,,,K
Block Reference(3),,\VM-PF.IntUser\PDD 31-12-2024.IntPrj\Library.IntPrjfolder\User Defined Models.IntPrjfolder\Hidro_Gov\gov_HYGOV_TAVERA1.BlkDef\Block Reference(3).BlkRef,0,,,,,Turb
Block Reference(4),,\VM-PF.IntUser\PDD 31-12-2024.IntPrj\Library.IntPrjfolder\User Defined Models.IntPrjfolder\Hidro_Gov\gov_HYGOV_TAVERA1.BlkDef\Block Reference(4).BlkRef,0,,,,,One
Block Reference(5),,\VM-PF.IntUser\PDD 31-12-2024.IntPrj\Library.IntPrjfolder\User Defined Models.IntPrjfolder\Hidro_Gov\gov_HYGOV_TAVERA1.BlkDef\Block Reference(5).BlkRef,0,,,,,K
Block Reference(7),,\VM-PF.IntUser\PDD 31-12-2024.IntPrj\Library.IntPrjfolder\User Defined Models.IntPrjfolder\Hidro_Gov\gov_HYGOV_TAVERA1.BlkDef\Block Reference(7).BlkRef,0,,,,,1/(1+sT)
Block Reference(8),,\VM-PF.IntUser\PDD 31-12-2024.IntPrj\Library.IntPrjfolder\User Defined Models.IntPrjfolder\Hidro_Gov\gov_HYGOV_TAVERA1.BlkDef\Block Reference(8).BlkRef,0,,,,,{(1+Ts)/ksT}
Block Reference(9),,\VM-PF.IntUser\PDD 31-12-2024.IntPrj\Library.IntPrjfolder\User Defined Models.IntPrjfolder\Hidro_Gov\gov_HYGOV_TAVERA1.BlkDef\Block Reference(9).BlkRef,0,,,,,K
(Vfe_max-KdIfd)/(Ke+Se(Ve)),,\VM-PF.IntUser\PDD 31-12-2024.IntPrj\Library.IntPrjfolder\User Defined Models.IntPrjfolder\Pimentel 5\50DF-13.8KV_template_new R1_BB.IntFolder\Library\Modified 50SG template_R\UNITROL 1000 Modules Rev_R\exc_Exciter Machine.BlkDef\(Vfe_max-KdIfd)/(Ke+Se(Ve)).BlkRef,0,,,,,(Vfe_max-KdIfd)/(Ke+Se(Ve))
Block Reference(4),,\VM-PF.IntUser\PDD 31-12-2024.IntPrj\Library.IntPrjfolder\User Defined Models.IntPrjfolder\Pimentel 5\50DF-13.8KV_template_new R1_BB.IntFolder\Library\Modified 50SG template_R\UNITROL 1000 Modules Rev_R\exc_Exciter Machine.BlkDef\Block Reference(4).BlkRef,0,,,,,K
Block Reference(5),,\VM-PF.IntUser\PDD 31-12-2024.IntPrj\Library.IntPrjfolder\User Defined Models.IntPrjfolder\Pimentel 5\50DF-13.8KV_template_new R1_BB.IntFolder\Library\Modified 50SG template_R\UNITROL 1000 Modules Rev_R\exc_Exciter Machine.BlkDef\Block Reference(5).BlkRef,0,,,,,K
Block Reference(6),,\VM-PF.IntUser\PDD 31-12-2024.IntPrj\Library.IntPrjfolder\User Defined Models.IntPrjfolder\Pimentel 5\50DF-13.8KV_template_new R1_BB.IntFolder\Library\Modified 50SG template_R\UNITROL 1000 Modules Rev_R\exc_Exciter Machine.BlkDef\Block Reference(6).BlkRef,0,,,,,In
Block Reference(7),,\VM-PF.IntUser\PDD 31-12-2024.IntPrj\Library.IntPrjfolder\User Defined Models.IntPrjfolder\Pimentel 5\50DF-13.8KV_template_new R1_BB.IntFolder\Library\Modified 50SG template_R\UNITROL 1000 Modules Rev_R\exc_Exciter Machine.BlkDef\Block Reference(7).BlkRef,0,,,,,Fex(In)
Se(1),,\VM-PF.IntUser\PDD 31-12-2024.IntPrj\Library.IntPrjfolder\User Defined Models.IntPrjfolder\Pimentel 5\50DF-13.8KV_template_new R1_BB.IntFolder\Library\Modified 50SG template_R\UNITROL 1000 Modules Rev_R\exc_Exciter Machine.BlkDef\Se(1).BlkRef,0,,,,,Se(Ve)
[1/sTe],,\VM-PF.IntUser\PDD 31-12-2024.IntPrj\Library.IntPrjfolder\User Defined Models.IntPrjfolder\Pimentel 5\50DF-13.8KV_template_new R1_BB.IntFolder\Library\Modified 50SG template_R\UNITROL 1000 Modules Rev_R\exc_Exciter Machine.BlkDef\[1/sTe].BlkRef,0,,,,,1/sT (p;s) _fb
Block Reference,,\VM-PF.IntUser\PDD 31-12-2024.IntPrj\Library.IntPrjfolder\User Defined Models.IntPrjfolder\Pimentel 5\50DF-13.8KV_template_new R1_BB.IntFolder\Library\Modified 50SG template_R\UNITROL 1000 Modules Rev_R\sup_Excitation Supplies.BlkDef\Block Reference.BlkRef,0,,,,,K
Block Reference(1),,\VM-PF.IntUser\PDD 31-12-2024.IntPrj\Library.IntPrjfolder\User Defined Models.IntPrjfolder\Pimentel 5\50DF-13.8KV_template_new R1_BB.IntFolder\Library\Modified 50SG template_R\UNITROL 1000 Modules Rev_R\sup_Excitation Supplies.BlkDef\Block Reference(1).BlkRef,0,,,,,Supply Mode
Block Reference(11),,\VM-PF.IntUser\PDD 31-12-2024.IntPrj\Library.IntPrjfolder\User Defined Models.IntPrjfolder\Pimentel 5\50DF-13.8KV_template_new R1_BB.IntFolder\Library\Modified 50SG template_R\UNITROL 1000 Modules Rev_R\sup_Excitation Supplies.BlkDef\Block Reference(11).BlkRef,0,,,,,Const
Block Reference(2),,\VM-PF.IntUser\PDD 31-12-2024.IntPrj\Library.IntPrjfolder\User Defined Models.IntPrjfolder\Pimentel 5\50DF-13.8KV_template_new R1_BB.IntFolder\Library\Modified 50SG template_R\UNITROL 1000 Modules Rev_R\sup_Excitation Supplies.BlkDef\Block Reference(2).BlkRef,0,,,,,HVgate
Block Reference(3),,\VM-PF.IntUser\PDD 31-12-2024.IntPrj\Library.IntPrjfolder\User Defined Models.IntPrjfolder\Pimentel 5\50DF-13.8KV_template_new R1_BB.IntFolder\Library\Modified 50SG template_R\UNITROL 1000 Modules Rev_R\sup_Excitation Supplies.BlkDef\Block Reference(3).BlkRef,0,,,,,abs
Block Reference(4),,\VM-PF.IntUser\PDD 31-12-2024.IntPrj\Library.IntPrjfolder\User Defined Models.IntPrjfolder\Pimentel 5\50DF-13.8KV_template_new R1_BB.IntFolder\Library\Modified 50SG template_R\UNITROL 1000 Modules Rev_R\sup_Excitation Supplies.BlkDef\Block Reference(4).BlkRef,0,,,,,In2
Block Reference(5),,\VM-PF.IntUser\PDD 31-12-2024.IntPrj\Library.IntPrjfolder\User Defined Models.IntPrjfolder\Pimentel 5\50DF-13.8KV_template_new R1_BB.IntFolder\Library\Modified 50SG template_R\UNITROL 1000 Modules Rev_R\sup_Excitation Supplies.BlkDef\Block Reference(5).BlkRef,0,,,,,Fex(In2)
Block Reference(6),,\VM-PF.IntUser\PDD 31-12-2024.IntPrj\Library.IntPrjfolder\User Defined Models.IntPrjfolder\Pimentel 5\50DF-13.8KV_template_new R1_BB.IntFolder\Library\Modified 50SG template_R\UNITROL 1000 Modules Rev_R\sup_Excitation Supplies.BlkDef\Block Reference(6).BlkRef,0,,,,,High Limit
Block Reference,,\VM-PF.IntUser\PDD 31-12-2024.IntPrj\Library.IntPrjfolder\User Defined Models.IntPrjfolder\Hidro_Gov\gov_HYGOV_LTOROS1.BlkDef\Block Reference.BlkRef,0,,,,,1/sT
Block Reference(1),,\VM-PF.IntUser\PDD 31-12-2024.IntPrj\Library.IntPrjfolder\User Defined Models.IntPrjfolder\Hidro_Gov\gov_HYGOV_LTOROS1.BlkDef\Block Reference(1).BlkRef,0,,,,,Const
Block Reference(10),,\VM-PF.IntUser\PDD 31-12-2024.IntPrj\Library.IntPrjfolder\User Defined Models.IntPrjfolder\Hidro_Gov\gov_HYGOV_LTOROS1.BlkDef\Block Reference(10).BlkRef,0,,,,,(1/(1+sT))
Block Reference(2),,\VM-PF.IntUser\PDD 31-12-2024.IntPrj\Library.IntPrjfolder\User Defined Models.IntPrjfolder\Hidro_Gov\gov_HYGOV_LTOROS1.BlkDef\Block Reference(2).BlkRef,0,,,,,K
Block Reference(3),,\VM-PF.IntUser\PDD 31-12-2024.IntPrj\Library.IntPrjfolder\User Defined Models.IntPrjfolder\Hidro_Gov\gov_HYGOV_LTOROS1.BlkDef\Block Reference(3).BlkRef,0,,,,,Turb
Block Reference(4),,\VM-PF.IntUser\PDD 31-12-2024.IntPrj\Library.IntPrjfolder\User Defined Models.IntPrjfolder\Hidro_Gov\gov_HYGOV_LTOROS1.BlkDef\Block Reference(4).BlkRef,0,,,,,One
Block Reference(5),,\VM-PF.IntUser\PDD 31-12-2024.IntPrj\Library.IntPrjfolder\User Defined Models.IntPrjfolder\Hidro_Gov\gov_HYGOV_LTOROS1.BlkDef\Block Reference(5).BlkRef,0,,,,,K
Block Reference(7),,\VM-PF.IntUser\PDD 31-12-2024.IntPrj\Library.IntPrjfolder\User Defined Models.IntPrjfolder\Hidro_Gov\gov_HYGOV_LTOROS1.BlkDef\Block Reference(7).BlkRef,0,,,,,1/(1+sT)
Block Reference(8),,\VM-PF.IntUser\PDD 31-12-2024.IntPrj\Library.IntPrjfolder\User Defined Models.IntPrjfolder\Hidro_Gov\gov_HYGOV_LTOROS1.BlkDef\Block Reference(8).BlkRef,0,,,,,{(1+Ts)/ksT}
Block Reference(9),,\VM-PF.IntUser\PDD 31-12-2024.IntPrj\Library.IntPrjfolder\User Defined Models.IntPrjfolder\Hidro_Gov\gov_HYGOV_LTOROS1.BlkDef\Block Reference(9).BlkRef,0,,,,,K
Block Reference,,\VM-PF.IntUser\PDD 31-12-2024.IntPrj\Library.IntPrjfolder\User Defined Models.IntPrjfolder\Hidro_Gov\gov_HYGOV_LTOROS2.BlkDef\Block Reference.BlkRef,0,,,,,1/sT
Block Reference(1),,\VM-PF.IntUser\PDD 31-12-2024.IntPrj\Library.IntPrjfolder\User Defined Models.IntPrjfolder\Hidro_Gov\gov_HYGOV_LTOROS2.BlkDef\Block Reference(1).BlkRef,0,,,,,Const
Block Reference(10),,\VM-PF.IntUser\PDD 31-12-2024.IntPrj\Library.IntPrjfolder\User Defined Models.IntPrjfolder\Hidro_Gov\gov_HYGOV_LTOROS2.BlkDef\Block Reference(10).BlkRef,0,,,,,(1/(1+sT))
Block Reference(2),,\VM-PF.IntUser\PDD 31-12-2024.IntPrj\Library.IntPrjfolder\User Defined Models.IntPrjfolder\Hidro_Gov\gov_HYGOV_LTOROS2.BlkDef\Block Reference(2).BlkRef,0,,,,,K
Block Reference(3),,\VM-PF.IntUser\PDD 31-12-2024.IntPrj\Library.IntPrjfolder\User Defined Models.IntPrjfolder\Hidro_Gov\gov_HYGOV_LTOROS2.BlkDef\Block Reference(3).BlkRef,0,,,,,Turb
Block Reference(4),,\VM-PF.IntUser\PDD 31-12-2024.IntPrj\Library.IntPrjfolder\User Defined Models.IntPrjfolder\Hidro_Gov\gov_HYGOV_LTOROS2.BlkDef\Block Reference(4).BlkRef,0,,,,,One
Block Reference(5),,\VM-PF.IntUser\PDD 31-12-2024.IntPrj\Library.IntPrjfolder\User Defined Models.IntPrjfolder\Hidro_Gov\gov_HYGOV_LTOROS2.BlkDef\Block Reference(5).BlkRef,0,,,,,K
Block Reference(7),,\VM-PF.IntUser\PDD 31-12-2024.IntPrj\Library.IntPrjfolder\User Defined Models.IntPrjfolder\Hidro_Gov\gov_HYGOV_LTOROS2.BlkDef\Block Reference(7).BlkRef,0,,,,,1/(1+sT)
Block Reference(8),,\VM-PF.IntUser\PDD 31-12-2024.IntPrj\Library.IntPrjfolder\User Defined Models.IntPrjfolder\Hidro_Gov\gov_HYGOV_LTOROS2.BlkDef\Block Reference(8).BlkRef,0,,,,,{(1+Ts)/ksT}
Block Reference(9),,\VM-PF.IntUser\PDD 31-12-2024.IntPrj\Library.IntPrjfolder\User Defined Models.IntPrjfolder\Hidro_Gov\gov_HYGOV_LTOROS2.BlkDef\Block Reference(9).BlkRef,0,,,,,K
Block Reference,,\VM-PF.IntUser\PDD 31-12-2024.IntPrj\Library.IntPrjfolder\User Defined Models.IntPrjfolder\Hidro_Gov\gov_HYGOV_LDAMAS.BlkDef\Block Reference.BlkRef,0,,,,,1/sT
Block Reference(1),,\VM-PF.IntUser\PDD 31-12-2024.IntPrj\Library.IntPrjfolder\User Defined Models.IntPrjfolder\Hidro_Gov\gov_HYGOV_LDAMAS.BlkDef\Block Reference(1).BlkRef,0,,,,,Const
Block Reference(10),,\VM-PF.IntUser\PDD 31-12-2024.IntPrj\Library.IntPrjfolder\User Defined Models.IntPrjfolder\Hidro_Gov\gov_HYGOV_LDAMAS.BlkDef\Block Reference(10).BlkRef,0,,,,,(1/(1+sT))
Block Reference(2),,\VM-PF.IntUser\PDD 31-12-2024.IntPrj\Library.IntPrjfolder\User Defined Models.IntPrjfolder\Hidro_Gov\gov_HYGOV_LDAMAS.BlkDef\Block Reference(2).BlkRef,0,,,,,K
Block Reference(3),,\VM-PF.IntUser\PDD 31-12-2024.IntPrj\Library.IntPrjfolder\User Defined Models.IntPrjfolder\Hidro_Gov\gov_HYGOV_LDAMAS.BlkDef\Block Reference(3).BlkRef,0,,,,,Turb
Block Reference(4),,\VM-PF.IntUser\PDD 31-12-2024.IntPrj\Library.IntPrjfolder\User Defined Models.IntPrjfolder\Hidro_Gov\gov_HYGOV_LDAMAS.BlkDef\Block Reference(4).BlkRef,0,,,,,One
Block Reference(5),,\VM-PF.IntUser\PDD 31-12-2024.IntPrj\Library.IntPrjfolder\User Defined Models.IntPrjfolder\Hidro_Gov\gov_HYGOV_LDAMAS.BlkDef\Block Reference(5).BlkRef,0,,,,,K
Block Reference(7),,\VM-PF.IntUser\PDD 31-12-2024.IntPrj\Library.IntPrjfolder\User Defined Models.IntPrjfolder\Hidro_Gov\gov_HYGOV_LDAMAS.BlkDef\Block Reference(7).BlkRef,0,,,,,1/(1+sT)
Block Reference(8),,\VM-PF.IntUser\PDD 31-12-2024.IntPrj\Library.IntPrjfolder\User Defined Models.IntPrjfolder\Hidro_Gov\gov_HYGOV_LDAMAS.BlkDef\Block Reference(8).BlkRef,0,,,,,{(1+Ts)/ksT}
Block Reference(9),,\VM-PF.IntUser\PDD 31-12-2024.IntPrj\Library.IntPrjfolder\User Defined Models.IntPrjfolder\Hidro_Gov\gov_HYGOV_LDAMAS.BlkDef\Block Reference(9).BlkRef,0,,,,,K
Block Reference,,\VM-PF.IntUser\PDD 31-12-2024.IntPrj\Library.IntPrjfolder\User Defined Models.IntPrjfolder\Avr_Mot\vco_EXAC1.BlkDef\Block Reference.BlkRef,0,,,,,1/(1+sT)
Block Reference(1),,\VM-PF.IntUser\PDD 31-12-2024.IntPrj\Library.IntPrjfolder\User Defined Models.IntPrjfolder\Avr_Mot\vco_EXAC1.BlkDef\Block Reference(1).BlkRef,0,,,,,bias
Block Reference(10),,\VM-PF.IntUser\PDD 31-12-2024.IntPrj\Library.IntPrjfolder\User Defined Models.IntPrjfolder\Avr_Mot\vco_EXAC1.BlkDef\Block Reference(10).BlkRef,0,,,,,_Fex_
Block Reference(2),,\VM-PF.IntUser\PDD 31-12-2024.IntPrj\Library.IntPrjfolder\User Defined Models.IntPrjfolder\Avr_Mot\vco_EXAC1.BlkDef\Block Reference(2).BlkRef,0,,,,,_(1+sTb)/(1+sTa)_
Block Reference(3),,\VM-PF.IntUser\PDD 31-12-2024.IntPrj\Library.IntPrjfolder\User Defined Models.IntPrjfolder\Avr_Mot\vco_EXAC1.BlkDef\Block Reference(3).BlkRef,0,,,,,_{K/(1+sT)}_
Block Reference(4),,\VM-PF.IntUser\PDD 31-12-2024.IntPrj\Library.IntPrjfolder\User Defined Models.IntPrjfolder\Avr_Mot\vco_EXAC1.BlkDef\Block Reference(4).BlkRef,0,,,,,[1/sT
Block Reference(5),,\VM-PF.IntUser\PDD 31-12-2024.IntPrj\Library.IntPrjfolder\User Defined Models.IntPrjfolder\Avr_Mot\vco_EXAC1.BlkDef\Block Reference(5).BlkRef,0,,,,,reset
Block Reference(6),,\VM-PF.IntUser\PDD 31-12-2024.IntPrj\Library.IntPrjfolder\User Defined Models.IntPrjfolder\Avr_Mot\vco_EXAC1.BlkDef\Block Reference(6).BlkRef,0,,,,,Se(efd)+Ke
Block Reference(8),,\VM-PF.IntUser\PDD 31-12-2024.IntPrj\Library.IntPrjfolder\User Defined Models.IntPrjfolder\Avr_Mot\vco_EXAC1.BlkDef\Block Reference(8).BlkRef,0,,,,,K
Block Reference(9),,\VM-PF.IntUser\PDD 31-12-2024.IntPrj\Library.IntPrjfolder\User Defined Models.IntPrjfolder\Avr_Mot\vco_EXAC1.BlkDef\Block Reference(9).BlkRef,0,,,,,sK/(1+sT)
Block Reference,,\VM-PF.IntUser\PDD 31-12-2024.IntPrj\Library.IntPrjfolder\User Defined Models.IntPrjfolder\Hidro_Gov\gov_HYGOV_JIGUEY2.BlkDef\Block Reference.BlkRef,0,,,,,1/sT
Block Reference(1),,\VM-PF.IntUser\PDD 31-12-2024.IntPrj\Library.IntPrjfolder\User Defined Models.IntPrjfolder\Hidro_Gov\gov_HYGOV_JIGUEY2.BlkDef\Block Reference(1).BlkRef,0,,,,,Const
Block Reference(10),,\VM-PF.IntUser\PDD 31-12-2024.IntPrj\Library.IntPrjfolder\User Defined Models.IntPrjfolder\Hidro_Gov\gov_HYGOV_JIGUEY2.BlkDef\Block Reference(10).BlkRef,0,,,,,(1/(1+sT))
Block Reference(2),,\VM-PF.IntUser\PDD 31-12-2024.IntPrj\Library.IntPrjfolder\User Defined Models.IntPrjfolder\Hidro_Gov\gov_HYGOV_JIGUEY2.BlkDef\Block Reference(2).BlkRef,0,,,,,K
Block Reference(3),,\VM-PF.IntUser\PDD 31-12-2024.IntPrj\Library.IntPrjfolder\User Defined Models.IntPrjfolder\Hidro_Gov\gov_HYGOV_JIGUEY2.BlkDef\Block Reference(3).BlkRef,0,,,,,Turb
Block Reference(4),,\VM-PF.IntUser\PDD 31-12-2024.IntPrj\Library.IntPrjfolder\User Defined Models.IntPrjfolder\Hidro_Gov\gov_HYGOV_JIGUEY2.BlkDef\Block Reference(4).BlkRef,0,,,,,One
Block Reference(5),,\VM-PF.IntUser\PDD 31-12-2024.IntPrj\Library.IntPrjfolder\User Defined Models.IntPrjfolder\Hidro_Gov\gov_HYGOV_JIGUEY2.BlkDef\Block Reference(5).BlkRef,0,,,,,K
Block Reference(7),,\VM-PF.IntUser\PDD 31-12-2024.IntPrj\Library.IntPrjfolder\User Defined Models.IntPrjfolder\Hidro_Gov\gov_HYGOV_JIGUEY2.BlkDef\Block Reference(7).BlkRef,0,,,,,1/(1+sT)
Block Reference(8),,\VM-PF.IntUser\PDD 31-12-2024.IntPrj\Library.IntPrjfolder\User Defined Models.IntPrjfolder\Hidro_Gov\gov_HYGOV_JIGUEY2.BlkDef\Block Reference(8).BlkRef,0,,,,,{(1+Ts)/ksT}
Block Reference(9),,\VM-PF.IntUser\PDD 31-12-2024.IntPrj\Library.IntPrjfolder\User Defined Models.IntPrjfolder\Hidro_Gov\gov_HYGOV_JIGUEY2.BlkDef\Block Reference(9).BlkRef,0,,,,,K
Block Reference,,\VM-PF.IntUser\PDD 31-12-2024.IntPrj\Library.IntPrjfolder\User Defined Models.IntPrjfolder\Aguacate PIPAC\User Defined Models\Aguacate\pcu_Reivax_RTVX100.BlkDef\Block Reference.BlkRef,0,,,,,Deadband_Offset
Block Reference(1),,\VM-PF.IntUser\PDD 31-12-2024.IntPrj\Library.IntPrjfolder\User Defined Models.IntPrjfolder\Aguacate PIPAC\User Defined Models\Aguacate\pcu_Reivax_RTVX100.BlkDef\Block Reference(1).BlkRef,0,,,,,(A0+sA1+ssA2)/(B0+sB1+ssB2)_
Block Reference(10),,\VM-PF.IntUser\PDD 31-12-2024.IntPrj\Library.IntPrjfolder\User Defined Models.IntPrjfolder\Aguacate PIPAC\User Defined Models\Aguacate\pcu_Reivax_RTVX100.BlkDef\Block Reference(10).BlkRef,0,,,,,(1+sTb)/(1+sTa)
Block Reference(11),,\VM-PF.IntUser\PDD 31-12-2024.IntPrj\Library.IntPrjfolder\User Defined Models.IntPrjfolder\Aguacate PIPAC\User Defined Models\Aguacate\pcu_Reivax_RTVX100.BlkDef\Block Reference(11).BlkRef,0,,,,,K
Block Reference(12),,\VM-PF.IntUser\PDD 31-12-2024.IntPrj\Library.IntPrjfolder\User Defined Models.IntPrjfolder\Aguacate PIPAC\User Defined Models\Aguacate\pcu_Reivax_RTVX100.BlkDef\Block Reference(12).BlkRef,0,,,,,Limiter
Block Reference(13),,\VM-PF.IntUser\PDD 31-12-2024.IntPrj\Library.IntPrjfolder\User Defined Models.IntPrjfolder\Aguacate PIPAC\User Defined Models\Aguacate\pcu_Reivax_RTVX100.BlkDef\Block Reference(13).BlkRef,0,,,,,{1/s}
Block Reference(14),,\VM-PF.IntUser\PDD 31-12-2024.IntPrj\Library.IntPrjfolder\User Defined Models.IntPrjfolder\Aguacate PIPAC\User Defined Models\Aguacate\pcu_Reivax_RTVX100.BlkDef\Block Reference(14).BlkRef,0,,,,,(1+sTb)/(1+sTa)
Block Reference(17),,\VM-PF.IntUser\PDD 31-12-2024.IntPrj\Library.IntPrjfolder\User Defined Models.IntPrjfolder\Aguacate PIPAC\User Defined Models\Aguacate\pcu_Reivax_RTVX100.BlkDef\Block Reference(17).BlkRef,0,,,,,Limiter
Block Reference(2),,\VM-PF.IntUser\PDD 31-12-2024.IntPrj\Library.IntPrjfolder\User Defined Models.IntPrjfolder\Aguacate PIPAC\User Defined Models\Aguacate\pcu_Reivax_RTVX100.BlkDef\Block Reference(2).BlkRef,0,,,,,K
Block Reference(3),,\VM-PF.IntUser\PDD 31-12-2024.IntPrj\Library.IntPrjfolder\User Defined Models.IntPrjfolder\Aguacate PIPAC\User Defined Models\Aguacate\pcu_Reivax_RTVX100.BlkDef\Block Reference(3).BlkRef,0,,,,,sK/(1+sT)
Block Reference(4),,\VM-PF.IntUser\PDD 31-12-2024.IntPrj\Library.IntPrjfolder\User Defined Models.IntPrjfolder\Aguacate PIPAC\User Defined Models\Aguacate\pcu_Reivax_RTVX100.BlkDef\Block Reference(4).BlkRef,0,,,,,1/(1+sT)
Block Reference(5),,\VM-PF.IntUser\PDD 31-12-2024.IntPrj\Library.IntPrjfolder\User Defined Models.IntPrjfolder\Aguacate PIPAC\User Defined Models\Aguacate\pcu_Reivax_RTVX100.BlkDef\Block Reference(5).BlkRef,0,,,,,(A0+sA1+ssA2)/(B0+sB1+ssB2)_
Block Reference(6),,\VM-PF.IntUser\PDD 31-12-2024.IntPrj\Library.IntPrjfolder\User Defined Models.IntPrjfolder\Aguacate PIPAC\User Defined Models\Aguacate\pcu_Reivax_RTVX100.BlkDef\Block Reference(6).BlkRef,0,,,,,{K/s}
Block Reference(7),,\VM-PF.IntUser\PDD 31-12-2024.IntPrj\Library.IntPrjfolder\User Defined Models.IntPrjfolder\Aguacate PIPAC\User Defined Models\Aguacate\pcu_Reivax_RTVX100.BlkDef\Block Reference(7).BlkRef,0,,,,,K
Block Reference(8),,\VM-PF.IntUser\PDD 31-12-2024.IntPrj\Library.IntPrjfolder\User Defined Models.IntPrjfolder\Aguacate PIPAC\User Defined Models\Aguacate\pcu_Reivax_RTVX100.BlkDef\Block Reference(8).BlkRef,0,,,,,1/(1+sT)
Block Reference(9),,\VM-PF.IntUser\PDD 31-12-2024.IntPrj\Library.IntPrjfolder\User Defined Models.IntPrjfolder\Aguacate PIPAC\User Defined Models\Aguacate\pcu_Reivax_RTVX100.BlkDef\Block Reference(9).BlkRef,0,,,,,{K/s}
Block Reference,,\VM-PF.IntUser\PDD 31-12-2024.IntPrj\Library.IntPrjfolder\User Defined Models.IntPrjfolder\Aguacate PIPAC\User Defined Models\Aguacate\avr_Reivax_RTVX_100.BlkDef\Block Reference.BlkRef,0,,,,,(1+sTb)/(1+sTa)
Block Reference(1),,\VM-PF.IntUser\PDD 31-12-2024.IntPrj\Library.IntPrjfolder\User Defined Models.IntPrjfolder\Aguacate PIPAC\User Defined Models\Aguacate\avr_Reivax_RTVX_100.BlkDef\Block Reference(1).BlkRef,0,,,,,K
Block Reference(2),,\VM-PF.IntUser\PDD 31-12-2024.IntPrj\Library.IntPrjfolder\User Defined Models.IntPrjfolder\Aguacate PIPAC\User Defined Models\Aguacate\avr_Reivax_RTVX_100.BlkDef\Block Reference(2).BlkRef,0,,,,,Limiter
Block Reference(3),,\VM-PF.IntUser\PDD 31-12-2024.IntPrj\Library.IntPrjfolder\User Defined Models.IntPrjfolder\Aguacate PIPAC\User Defined Models\Aguacate\avr_Reivax_RTVX_100.BlkDef\Block Reference(3).BlkRef,0,,,,,K
5,,\VM-PF.IntUser\PDD 31-12-2024.IntPrj\Library.IntPrjfolder\User Defined Models.IntPrjfolder\Aguacate PIPAC\User Defined Models\pmu_TrWHydroFrancis.BlkDef\5.BlkRef,0,,,,,Travelling Wave
Block Reference(1),,\VM-PF.IntUser\PDD 31-12-2024.IntPrj\Library.IntPrjfolder\User Defined Models.IntPrjfolder\Aguacate PIPAC\User Defined Models\pmu_TrWHydroFrancis.BlkDef\Block Reference(1).BlkRef,0,,,,,ValveChar
Block Reference(3),,\VM-PF.IntUser\PDD 31-12-2024.IntPrj\Library.IntPrjfolder\User Defined Models.IntPrjfolder\Aguacate PIPAC\User Defined Models\pmu_TrWHydroFrancis.BlkDef\Block Reference(3).BlkRef,0,,,,,Francis Turbine
Block Reference,,\VM-PF.IntUser\PDD 31-12-2024.IntPrj\Library.IntPrjfolder\User Defined Models.IntPrjfolder\Palomino PIPAC\User Defined Models\Palomino\pcu_VOITH SIEMENS.BlkDef\Block Reference.BlkRef,0,,,,,Deadband_Offset
Block Reference(1),,\VM-PF.IntUser\PDD 31-12-2024.IntPrj\Library.IntPrjfolder\User Defined Models.IntPrjfolder\Palomino PIPAC\User Defined Models\Palomino\pcu_VOITH SIEMENS.BlkDef\Block Reference(1).BlkRef,0,,,,,1/K
Block Reference(10),,\VM-PF.IntUser\PDD 31-12-2024.IntPrj\Library.IntPrjfolder\User Defined Models.IntPrjfolder\Palomino PIPAC\User Defined Models\Palomino\pcu_VOITH SIEMENS.BlkDef\Block Reference(10).BlkRef,0,,,,,1/(1+sT)
Block Reference(11),,\VM-PF.IntUser\PDD 31-12-2024.IntPrj\Library.IntPrjfolder\User Defined Models.IntPrjfolder\Palomino PIPAC\User Defined Models\Palomino\pcu_VOITH SIEMENS.BlkDef\Block Reference(11).BlkRef,0,,,,,K
Block Reference(12),,\VM-PF.IntUser\PDD 31-12-2024.IntPrj\Library.IntPrjfolder\User Defined Models.IntPrjfolder\Palomino PIPAC\User Defined Models\Palomino\pcu_VOITH SIEMENS.BlkDef\Block Reference(12).BlkRef,0,,,,,1/(1+sT)
Block Reference(13),,\VM-PF.IntUser\PDD 31-12-2024.IntPrj\Library.IntPrjfolder\User Defined Models.IntPrjfolder\Palomino PIPAC\User Defined Models\Palomino\pcu_VOITH SIEMENS.BlkDef\Block Reference(13).BlkRef,0,,,,,{1/s}
Block Reference(17),,\VM-PF.IntUser\PDD 31-12-2024.IntPrj\Library.IntPrjfolder\User Defined Models.IntPrjfolder\Palomino PIPAC\User Defined Models\Palomino\pcu_VOITH SIEMENS.BlkDef\Block Reference(17).BlkRef,0,,,,,Limiter
Block Reference(2),,\VM-PF.IntUser\PDD 31-12-2024.IntPrj\Library.IntPrjfolder\User Defined Models.IntPrjfolder\Palomino PIPAC\User Defined Models\Palomino\pcu_VOITH SIEMENS.BlkDef\Block Reference(2).BlkRef,0,,,,,K
Block Reference(4),,\VM-PF.IntUser\PDD 31-12-2024.IntPrj\Library.IntPrjfolder\User Defined Models.IntPrjfolder\Palomino PIPAC\User Defined Models\Palomino\pcu_VOITH SIEMENS.BlkDef\Block Reference(4).BlkRef,0,,,,,1/(1+sT)
Block Reference(5),,\VM-PF.IntUser\PDD 31-12-2024.IntPrj\Library.IntPrjfolder\User Defined Models.IntPrjfolder\Palomino PIPAC\User Defined Models\Palomino\pcu_VOITH SIEMENS.BlkDef\Block Reference(5).BlkRef,0,,,,,sK/(1+sT)
Block Reference(8),,\VM-PF.IntUser\PDD 31-12-2024.IntPrj\Library.IntPrjfolder\User Defined Models.IntPrjfolder\Palomino PIPAC\User Defined Models\Palomino\pcu_VOITH SIEMENS.BlkDef\Block Reference(8).BlkRef,0,,,,,1/(1+sT)
Block Reference(9),,\VM-PF.IntUser\PDD 31-12-2024.IntPrj\Library.IntPrjfolder\User Defined Models.IntPrjfolder\Palomino PIPAC\User Defined Models\Palomino\pcu_VOITH SIEMENS.BlkDef\Block Reference(9).BlkRef,0,,,,,1/sT
Block Reference,,\VM-PF.IntUser\PDD 31-12-2024.IntPrj\Library.IntPrjfolder\User Defined Models.IntPrjfolder\Palomino PIPAC\User Defined Models\Palomino\vco_Unitrol F.BlkDef\Block Reference.BlkRef,0,,,,,[1/sT]
Block Reference(1),,\VM-PF.IntUser\PDD 31-12-2024.IntPrj\Library.IntPrjfolder\User Defined Models.IntPrjfolder\Palomino PIPAC\User Defined Models\Palomino\vco_Unitrol F.BlkDef\Block Reference(1).BlkRef,0,,,,,K/(1+sT)
Block Reference(2),,\VM-PF.IntUser\PDD 31-12-2024.IntPrj\Library.IntPrjfolder\User Defined Models.IntPrjfolder\Palomino PIPAC\User Defined Models\Palomino\vco_Unitrol F.BlkDef\Block Reference(2).BlkRef,0,,,,,Limit
Block Reference(3),,\VM-PF.IntUser\PDD 31-12-2024.IntPrj\Library.IntPrjfolder\User Defined Models.IntPrjfolder\Palomino PIPAC\User Defined Models\Palomino\vco_Unitrol F.BlkDef\Block Reference(3).BlkRef,0,,,,,(1/(1+sT))
Block Reference(4),,\VM-PF.IntUser\PDD 31-12-2024.IntPrj\Library.IntPrjfolder\User Defined Models.IntPrjfolder\Palomino PIPAC\User Defined Models\Palomino\vco_Unitrol F.BlkDef\Block Reference(4).BlkRef,0,,,,,(1/(1+sT))
Block Reference(5),,\VM-PF.IntUser\PDD 31-12-2024.IntPrj\Library.IntPrjfolder\User Defined Models.IntPrjfolder\Palomino PIPAC\User Defined Models\Palomino\vco_Unitrol F.BlkDef\Block Reference(5).BlkRef,0,,,,,K_lim
Block Reference(6),,\VM-PF.IntUser\PDD 31-12-2024.IntPrj\Library.IntPrjfolder\User Defined Models.IntPrjfolder\Palomino PIPAC\User Defined Models\Palomino\vco_Unitrol F.BlkDef\Block Reference(6).BlkRef,0,,,,,Const
Gain,,\VM-PF.IntUser\PDD 31-12-2024.IntPrj\Library.IntPrjfolder\User Defined Models.IntPrjfolder\Palomino PIPAC\User Defined Models\Palomino\vco_Unitrol F.BlkDef\Gain.BlkRef,0,,,,,K
Gain(1),,\VM-PF.IntUser\PDD 31-12-2024.IntPrj\Library.IntPrjfolder\User Defined Models.IntPrjfolder\Palomino PIPAC\User Defined Models\Palomino\vco_Unitrol F.BlkDef\Gain(1).BlkRef,0,,,,,K
5,,\VM-PF.IntUser\PDD 31-12-2024.IntPrj\Library.IntPrjfolder\User Defined Models.IntPrjfolder\Palomino PIPAC\User Defined Models\pmu_TrWHydroFrancis.BlkDef\5.BlkRef,0,,,,,Travelling Wave
Block Reference(1),,\VM-PF.IntUser\PDD 31-12-2024.IntPrj\Library.IntPrjfolder\User Defined Models.IntPrjfolder\Palomino PIPAC\User Defined Models\pmu_TrWHydroFrancis.BlkDef\Block Reference(1).BlkRef,0,,,,,ValveChar
Block Reference(3),,\VM-PF.IntUser\PDD 31-12-2024.IntPrj\Library.IntPrjfolder\User Defined Models.IntPrjfolder\Palomino PIPAC\User Defined Models\pmu_TrWHydroFrancis.BlkDef\Block Reference(3).BlkRef,0,,,,,Francis Turbine
0.5dpv1/Tv2,,\VM-PF.IntUser\PDD 31-12-2024.IntPrj\Library.IntPrjfolder\User Defined Models.IntPrjfolder\Matafongo 1 y 2\2MW_plant\Library\5.2MW_plant.IntFolder\Library\DIgSILENT Library\Dynamic Models\Inverter Based Resources/Storage\Wind Turbines IEC 61400-27-1\Aerodynamics Two-Dimensional.BlkDef\0.5dpv1/Tv2.BlkRef,0,,,,,dpomegaTheta
Const,,\VM-PF.IntUser\PDD 31-12-2024.IntPrj\Library.IntPrjfolder\User Defined Models.IntPrjfolder\Matafongo 1 y 2\2MW_plant\Library\5.2MW_plant.IntFolder\Library\DIgSILENT Library\Dynamic Models\Inverter Based Resources/Storage\Wind Turbines IEC 61400-27-1\Aerodynamics Two-Dimensional.BlkDef\Const.BlkRef,0,,,,,Const
Const_1,,\VM-PF.IntUser\PDD 31-12-2024.IntPrj\Library.IntPrjfolder\User Defined Models.IntPrjfolder\Matafongo 1 y 2\2MW_plant\Library\5.2MW_plant.IntFolder\Library\DIgSILENT Library\Dynamic Models\Inverter Based Resources/Storage\Wind Turbines IEC 61400-27-1\Aerodynamics Two-Dimensional.BlkDef\Const_1.BlkRef,0,,,,,Const
Const_1(1),,\VM-PF.IntUser\PDD 31-12-2024.IntPrj\Library.IntPrjfolder\User Defined Models.IntPrjfolder\Matafongo 1 y 2\2MW_plant\Library\5.2MW_plant.IntFolder\Library\DIgSILENT Library\Dynamic Models\Inverter Based Resources/Storage\Wind Turbines IEC 61400-27-1\Aerodynamics Two-Dimensional.BlkDef\Const_1(1).BlkRef,0,,,,,Const
K,,\VM-PF.IntUser\PDD 31-12-2024.IntPrj\Library.IntPrjfolder\User Defined Models.IntPrjfolder\Matafongo 1 y 2\2MW_plant\Library\5.2MW_plant.IntFolder\Library\DIgSILENT Library\Dynamic Models\Inverter Based Resources/Storage\Wind Turbines IEC 61400-27-1\Aerodynamics Two-Dimensional.BlkDef\K.BlkRef,0,,,,,K
pavail,,\VM-PF.IntUser\PDD 31-12-2024.IntPrj\Library.IntPrjfolder\User Defined Models.IntPrjfolder\Matafongo 1 y 2\2MW_plant\Library\5.2MW_plant.IntFolder\Library\DIgSILENT Library\Dynamic Models\Inverter Based Resources/Storage\Wind Turbines IEC 61400-27-1\Aerodynamics Two-Dimensional.BlkDef\pavail.BlkRef,0,,,,,pavail
1/(2 HWTR s),,\VM-PF.IntUser\PDD 31-12-2024.IntPrj\Library.IntPrjfolder\User Defined Models.IntPrjfolder\Matafongo 1 y 2\2MW_plant\Library\5.2MW_plant.IntFolder\Library\DIgSILENT Library\Dynamic Models\Inverter Based Resources/Storage\Wind Turbines IEC 61400-27-1\Two Masses Type 3 and 4B.BlkDef\1/(2 HWTR s).BlkRef,0,,,,,1/(2 HWTR s)
1/(2 HWTR s)_3,,\VM-PF.IntUser\PDD 31-12-2024.IntPrj\Library.IntPrjfolder\User Defined Models.IntPrjfolder\Matafongo 1 y 2\2MW_plant\Library\5.2MW_plant.IntFolder\Library\DIgSILENT Library\Dynamic Models\Inverter Based Resources/Storage\Wind Turbines IEC 61400-27-1\Two Masses Type 3 and 4B.BlkDef\1/(2 HWTR s)_3.BlkRef,0,,,,,1/(2 HWTR s)
cshv + ksh/s,,\VM-PF.IntUser\PDD 31-12-2024.IntPrj\Library.IntPrjfolder\User Defined Models.IntPrjfolder\Matafongo 1 y 2\2MW_plant\Library\5.2MW_plant.IntFolder\Library\DIgSILENT Library\Dynamic Models\Inverter Based Resources/Storage\Wind Turbines IEC 61400-27-1\Two Masses Type 3 and 4B.BlkDef\cshv + ksh/s.BlkRef,0,,,,,cshv + ksh/s
-1,,\VM-PF.IntUser\PDD 31-12-2024.IntPrj\Library.IntPrjfolder\User Defined Models.IntPrjfolder\Matafongo 1 y 2\2MW_plant\Library\5.2MW_plant.IntFolder\Library\DIgSILENT Library\Dynamic Models\Inverter Based Resources/Storage\Wind Turbines IEC 61400-27-1\Generator Set Type 3B.BlkDef\-1.BlkRef,0,,,,,-1
1/(1+sT),,\VM-PF.IntUser\PDD 31-12-2024.IntPrj\Library.IntPrjfolder\User Defined Models.IntPrjfolder\Matafongo 1 y 2\2MW_plant\Library\5.2MW_plant.IntFolder\Library\DIgSILENT Library\Dynamic Models\Inverter Based Resources/Storage\Wind Turbines IEC 61400-27-1\Generator Set Type 3B.BlkDef\1/(1+sT).BlkRef,0,,,,,1/(1+sT)
1/(1+sT)_2,,\VM-PF.IntUser\PDD 31-12-2024.IntPrj\Library.IntPrjfolder\User Defined Models.IntPrjfolder\Matafongo 1 y 2\2MW_plant\Library\5.2MW_plant.IntFolder\Library\DIgSILENT Library\Dynamic Models\Inverter Based Resources/Storage\Wind Turbines IEC 61400-27-1\Generator Set Type 3B.BlkDef\1/(1+sT)_2.BlkRef,0,,,,,1/(1+sT)
1/Xs,,\VM-PF.IntUser\PDD 31-12-2024.IntPrj\Library.IntPrjfolder\User Defined Models.IntPrjfolder\Matafongo 1 y 2\2MW_plant\Library\5.2MW_plant.IntFolder\Library\DIgSILENT Library\Dynamic Models\Inverter Based Resources/Storage\Wind Turbines IEC 61400-27-1\Generator Set Type 3B.BlkDef\1/Xs.BlkRef,0,,,,,1/Xs
1/Xs_1,,\VM-PF.IntUser\PDD 31-12-2024.IntPrj\Library.IntPrjfolder\User Defined Models.IntPrjfolder\Matafongo 1 y 2\2MW_plant\Library\5.2MW_plant.IntFolder\Library\DIgSILENT Library\Dynamic Models\Inverter Based Resources/Storage\Wind Turbines IEC 61400-27-1\Generator Set Type 3B.BlkDef\1/Xs_1.BlkRef,0,,,,,1/Xs
1/Xs_2,,\VM-PF.IntUser\PDD 31-12-2024.IntPrj\Library.IntPrjfolder\User Defined Models.IntPrjfolder\Matafongo 1 y 2\2MW_plant\Library\5.2MW_plant.IntFolder\Library\DIgSILENT Library\Dynamic Models\Inverter Based Resources/Storage\Wind Turbines IEC 61400-27-1\Generator Set Type 3B.BlkDef\1/Xs_2.BlkRef,0,,,,,1/Xs
Const,,\VM-PF.IntUser\PDD 31-12-2024.IntPrj\Library.IntPrjfolder\User Defined Models.IntPrjfolder\Matafongo 1 y 2\2MW_plant\Library\5.2MW_plant.IntFolder\Library\DIgSILENT Library\Dynamic Models\Inverter Based Resources/Storage\Wind Turbines IEC 61400-27-1\Generator Set Type 3B.BlkDef\Const.BlkRef,0,,,,,Const
Const_1,,\VM-PF.IntUser\PDD 31-12-2024.IntPrj\Library.IntPrjfolder\User Defined Models.IntPrjfolder\Matafongo 1 y 2\2MW_plant\Library\5.2MW_plant.IntFolder\Library\DIgSILENT Library\Dynamic Models\Inverter Based Resources/Storage\Wind Turbines IEC 61400-27-1\Generator Set Type 3B.BlkDef\Const_1.BlkRef,0,,,,,Const
GradLim,,\VM-PF.IntUser\PDD 31-12-2024.IntPrj\Library.IntPrjfolder\User Defined Models.IntPrjfolder\Matafongo 1 y 2\2MW_plant\Library\5.2MW_plant.IntFolder\Library\DIgSILENT Library\Dynamic Models\Inverter Based Resources/Storage\Wind Turbines IEC 61400-27-1\Generator Set Type 3B.BlkDef\GradLim.BlkRef,0,,,,,GradLim
GradLim_pos,,\VM-PF.IntUser\PDD 31-12-2024.IntPrj\Library.IntPrjfolder\User Defined Models.IntPrjfolder\Matafongo 1 y 2\2MW_plant\Library\5.2MW_plant.IntFolder\Library\DIgSILENT Library\Dynamic Models\Inverter Based Resources/Storage\Wind Turbines IEC 61400-27-1\Generator Set Type 3B.BlkDef\GradLim_pos.BlkRef,0,,,,,GradLim_pos
Limits,,\VM-PF.IntUser\PDD 31-12-2024.IntPrj\Library.IntPrjfolder\User Defined Models.IntPrjfolder\Matafongo 1 y 2\2MW_plant\Library\5.2MW_plant.IntFolder\Library\DIgSILENT Library\Dynamic Models\Inverter Based Resources/Storage\Wind Turbines IEC 61400-27-1\Generator Set Type 3B.BlkDef\Limits.BlkRef,0,,,,,Limits
Limits_top,,\VM-PF.IntUser\PDD 31-12-2024.IntPrj\Library.IntPrjfolder\User Defined Models.IntPrjfolder\Matafongo 1 y 2\2MW_plant\Library\5.2MW_plant.IntFolder\Library\DIgSILENT Library\Dynamic Models\Inverter Based Resources/Storage\Wind Turbines IEC 61400-27-1\Generator Set Type 3B.BlkDef\Limits_top.BlkRef,0,,,,,Limits_top
ReIm-dq,,\VM-PF.IntUser\PDD 31-12-2024.IntPrj\Library.IntPrjfolder\User Defined Models.IntPrjfolder\Matafongo 1 y 2\2MW_plant\Library\5.2MW_plant.IntFolder\Library\DIgSILENT Library\Dynamic Models\Inverter Based Resources/Storage\Wind Turbines IEC 61400-27-1\Generator Set Type 3B.BlkDef\ReIm-dq.BlkRef,0,,,,,ReIm-dq
dq-ReIm,,\VM-PF.IntUser\PDD 31-12-2024.IntPrj\Library.IntPrjfolder\User Defined Models.IntPrjfolder\Matafongo 1 y 2\2MW_plant\Library\5.2MW_plant.IntFolder\Library\DIgSILENT Library\Dynamic Models\Inverter Based Resources/Storage\Wind Turbines IEC 61400-27-1\Generator Set Type 3B.BlkDef\dq-ReIm.BlkRef,0,,,,,dq-ReIm
crowbar,,\VM-PF.IntUser\PDD 31-12-2024.IntPrj\Library.IntPrjfolder\User Defined Models.IntPrjfolder\Matafongo 1 y 2\2MW_plant\Library\5.2MW_plant.IntFolder\Library\DIgSILENT Library\Dynamic Models\Inverter Based Resources/Storage\Wind Turbines IEC 61400-27-1\Generator Set Type 3B.BlkDef\crowbar.BlkRef,0,,,,,crowbar
sT/(1+sT)_,,\VM-PF.IntUser\PDD 31-12-2024.IntPrj\Library.IntPrjfolder\User Defined Models.IntPrjfolder\Matafongo 1 y 2\2MW_plant\Library\5.2MW_plant.IntFolder\Library\DIgSILENT Library\Dynamic Models\Inverter Based Resources/Storage\Wind Turbines IEC 61400-27-1\Generator Set Type 3B.BlkDef\sT/(1+sT)_.BlkRef,0,,,,,sT/(1+sT)_
1/(1+sT),,\VM-PF.IntUser\PDD 31-12-2024.IntPrj\Library.IntPrjfolder\User Defined Models.IntPrjfolder\Matafongo 1 y 2\2MW_plant\Library\5.2MW_plant.IntFolder\Library\DIgSILENT Library\Dynamic Models\Inverter Based Resources/Storage\Wind Turbines IEC 61400-27-1\Pitch Angle Control.BlkDef\1/(1+sT).BlkRef,0,,,,,1/(1+sT)
Block Reference,,\VM-PF.IntUser\PDD 31-12-2024.IntPrj\Library.IntPrjfolder\User Defined Models.IntPrjfolder\Matafongo 1 y 2\2MW_plant\Library\5.2MW_plant.IntFolder\Library\DIgSILENT Library\Dynamic Models\Inverter Based Resources/Storage\Wind Turbines IEC 61400-27-1\Pitch Angle Control.BlkDef\Block Reference.BlkRef,0,,,,,Rate limiter {p;p}
Block Reference(2),,\VM-PF.IntUser\PDD 31-12-2024.IntPrj\Library.IntPrjfolder\User Defined Models.IntPrjfolder\Matafongo 1 y 2\2MW_plant\Library\5.2MW_plant.IntFolder\Library\DIgSILENT Library\Dynamic Models\Inverter Based Resources/Storage\Wind Turbines IEC 61400-27-1\Pitch Angle Control.BlkDef\Block Reference(2).BlkRef,0,,,,,Rate limiter {p;p}
K,,\VM-PF.IntUser\PDD 31-12-2024.IntPrj\Library.IntPrjfolder\User Defined Models.IntPrjfolder\Matafongo 1 y 2\2MW_plant\Library\5.2MW_plant.IntFolder\Library\DIgSILENT Library\Dynamic Models\Inverter Based Resources/Storage\Wind Turbines IEC 61400-27-1\Pitch Angle Control.BlkDef\K.BlkRef,0,,,,,K
K_1,,\VM-PF.IntUser\PDD 31-12-2024.IntPrj\Library.IntPrjfolder\User Defined Models.IntPrjfolder\Matafongo 1 y 2\2MW_plant\Library\5.2MW_plant.IntFolder\Library\DIgSILENT Library\Dynamic Models\Inverter Based Resources/Storage\Wind Turbines IEC 61400-27-1\Pitch Angle Control.BlkDef\K_1.BlkRef,0,,,,,K
K_2,,\VM-PF.IntUser\PDD 31-12-2024.IntPrj\Library.IntPrjfolder\User Defined Models.IntPrjfolder\Matafongo 1 y 2\2MW_plant\Library\5.2MW_plant.IntFolder\Library\DIgSILENT Library\Dynamic Models\Inverter Based Resources/Storage\Wind Turbines IEC 61400-27-1\Pitch Angle Control.BlkDef\K_2.BlkRef,0,,,,,K
Limits,,\VM-PF.IntUser\PDD 31-12-2024.IntPrj\Library.IntPrjfolder\User Defined Models.IntPrjfolder\Matafongo 1 y 2\2MW_plant\Library\5.2MW_plant.IntFolder\Library\DIgSILENT Library\Dynamic Models\Inverter Based Resources/Storage\Wind Turbines IEC 61400-27-1\Pitch Angle Control.BlkDef\Limits.BlkRef,0,,,,,Limits
Limits_1,,\VM-PF.IntUser\PDD 31-12-2024.IntPrj\Library.IntPrjfolder\User Defined Models.IntPrjfolder\Matafongo 1 y 2\2MW_plant\Library\5.2MW_plant.IntFolder\Library\DIgSILENT Library\Dynamic Models\Inverter Based Resources/Storage\Wind Turbines IEC 61400-27-1\Pitch Angle Control.BlkDef\Limits_1.BlkRef,0,,,,,Limits
[K/s],,\VM-PF.IntUser\PDD 31-12-2024.IntPrj\Library.IntPrjfolder\User Defined Models.IntPrjfolder\Matafongo 1 y 2\2MW_plant\Library\5.2MW_plant.IntFolder\Library\DIgSILENT Library\Dynamic Models\Inverter Based Resources/Storage\Wind Turbines IEC 61400-27-1\Pitch Angle Control.BlkDef\[K/s].BlkRef,0,,,,,[K/s]
[K/s]_1,,\VM-PF.IntUser\PDD 31-12-2024.IntPrj\Library.IntPrjfolder\User Defined Models.IntPrjfolder\Matafongo 1 y 2\2MW_plant\Library\5.2MW_plant.IntFolder\Library\DIgSILENT Library\Dynamic Models\Inverter Based Resources/Storage\Wind Turbines IEC 61400-27-1\Pitch Angle Control.BlkDef\[K/s]_1.BlkRef,0,,,,,[K/s]
1/(1+sT)_2,,\VM-PF.IntUser\PDD 31-12-2024.IntPrj\Library.IntPrjfolder\User Defined Models.IntPrjfolder\Matafongo 1 y 2\2MW_plant\Library\5.2MW_plant.IntFolder\Library\DIgSILENT Library\Dynamic Models\Inverter Based Resources/Storage\Wind Turbines IEC 61400-27-1\P Control Type 3.BlkDef\1/(1+sT)_2.BlkRef,0,,,,,1/(1+sT)
1/(1+sT)_4,,\VM-PF.IntUser\PDD 31-12-2024.IntPrj\Library.IntPrjfolder\User Defined Models.IntPrjfolder\Matafongo 1 y 2\2MW_plant\Library\5.2MW_plant.IntFolder\Library\DIgSILENT Library\Dynamic Models\Inverter Based Resources/Storage\Wind Turbines IEC 61400-27-1\P Control Type 3.BlkDef\1/(1+sT)_4.BlkRef,0,,,,,1/(1+sT)
1/(1+sT)_lim,,\VM-PF.IntUser\PDD 31-12-2024.IntPrj\Library.IntPrjfolder\User Defined Models.IntPrjfolder\Matafongo 1 y 2\2MW_plant\Library\5.2MW_plant.IntFolder\Library\DIgSILENT Library\Dynamic Models\Inverter Based Resources/Storage\Wind Turbines IEC 61400-27-1\P Control Type 3.BlkDef\1/(1+sT)_lim.BlkRef,0,,,,,1/(1+sT)_lim
Block Reference,,\VM-PF.IntUser\PDD 31-12-2024.IntPrj\Library.IntPrjfolder\User Defined Models.IntPrjfolder\Matafongo 1 y 2\2MW_plant\Library\5.2MW_plant.IntFolder\Library\DIgSILENT Library\Dynamic Models\Inverter Based Resources/Storage\Wind Turbines IEC 61400-27-1\P Control Type 3.BlkDef\Block Reference.BlkRef,0,,,,,Limit lower [p;
Block Reference(1),,\VM-PF.IntUser\PDD 31-12-2024.IntPrj\Library.IntPrjfolder\User Defined Models.IntPrjfolder\Matafongo 1 y 2\2MW_plant\Library\5.2MW_plant.IntFolder\Library\DIgSILENT Library\Dynamic Models\Inverter Based Resources/Storage\Wind Turbines IEC 61400-27-1\P Control Type 3.BlkDef\Block Reference(1).BlkRef,0,,,,,Switch
Block Reference(2),,\VM-PF.IntUser\PDD 31-12-2024.IntPrj\Library.IntPrjfolder\User Defined Models.IntPrjfolder\Matafongo 1 y 2\2MW_plant\Library\5.2MW_plant.IntFolder\Library\DIgSILENT Library\Dynamic Models\Inverter Based Resources/Storage\Wind Turbines IEC 61400-27-1\P Control Type 3.BlkDef\Block Reference(2).BlkRef,0,,,,,Switch
Block Reference(3),,\VM-PF.IntUser\PDD 31-12-2024.IntPrj\Library.IntPrjfolder\User Defined Models.IntPrjfolder\Matafongo 1 y 2\2MW_plant\Library\5.2MW_plant.IntFolder\Library\DIgSILENT Library\Dynamic Models\Inverter Based Resources/Storage\Wind Turbines IEC 61400-27-1\P Control Type 3.BlkDef\Block Reference(3).BlkRef,0,,,,,Switch1
Block Reference(4),,\VM-PF.IntUser\PDD 31-12-2024.IntPrj\Library.IntPrjfolder\User Defined Models.IntPrjfolder\Matafongo 1 y 2\2MW_plant\Library\5.2MW_plant.IntFolder\Library\DIgSILENT Library\Dynamic Models\Inverter Based Resources/Storage\Wind Turbines IEC 61400-27-1\P Control Type 3.BlkDef\Block Reference(4).BlkRef,0,,,,,U Scaling
GradLim,,\VM-PF.IntUser\PDD 31-12-2024.IntPrj\Library.IntPrjfolder\User Defined Models.IntPrjfolder\Matafongo 1 y 2\2MW_plant\Library\5.2MW_plant.IntFolder\Library\DIgSILENT Library\Dynamic Models\Inverter Based Resources/Storage\Wind Turbines IEC 61400-27-1\P Control Type 3.BlkDef\GradLim.BlkRef,0,,,,,GradLim
Limits,,\VM-PF.IntUser\PDD 31-12-2024.IntPrj\Library.IntPrjfolder\User Defined Models.IntPrjfolder\Matafongo 1 y 2\2MW_plant\Library\5.2MW_plant.IntFolder\Library\DIgSILENT Library\Dynamic Models\Inverter Based Resources/Storage\Wind Turbines IEC 61400-27-1\P Control Type 3.BlkDef\Limits.BlkRef,0,,,,,Limits
Lookup Table,,\VM-PF.IntUser\PDD 31-12-2024.IntPrj\Library.IntPrjfolder\User Defined Models.IntPrjfolder\Matafongo 1 y 2\2MW_plant\Library\5.2MW_plant.IntFolder\Library\DIgSILENT Library\Dynamic Models\Inverter Based Resources/Storage\Wind Turbines IEC 61400-27-1\P Control Type 3.BlkDef\Lookup Table.BlkRef,0,,,,,Lookup Table
Rramp1_1,,\VM-PF.IntUser\PDD 31-12-2024.IntPrj\Library.IntPrjfolder\User Defined Models.IntPrjfolder\Matafongo 1 y 2\2MW_plant\Library\5.2MW_plant.IntFolder\Library\DIgSILENT Library\Dynamic Models\Inverter Based Resources/Storage\Wind Turbines IEC 61400-27-1\P Control Type 3.BlkDef\Rramp1_1.BlkRef,0,,,,,Const
sA1/(B0+sB1+ss),,\VM-PF.IntUser\PDD 31-12-2024.IntPrj\Library.IntPrjfolder\User Defined Models.IntPrjfolder\Matafongo 1 y 2\2MW_plant\Library\5.2MW_plant.IntFolder\Library\DIgSILENT Library\Dynamic Models\Inverter Based Resources/Storage\Wind Turbines IEC 61400-27-1\P Control Type 3.BlkDef\sA1/(B0+sB1+ss).BlkRef,0,,,,,s2Kzw/(ss+s2zw+ww)
type 3 torque PI,,\VM-PF.IntUser\PDD 31-12-2024.IntPrj\Library.IntPrjfolder\User Defined Models.IntPrjfolder\Matafongo 1 y 2\2MW_plant\Library\5.2MW_plant.IntFolder\Library\DIgSILENT Library\Dynamic Models\Inverter Based Resources/Storage\Wind Turbines IEC 61400-27-1\P Control Type 3.BlkDef\type 3 torque PI.BlkRef,0,,,,,type 3 torque PI
0,,\VM-PF.IntUser\PDD 31-12-2024.IntPrj\Library.IntPrjfolder\User Defined Models.IntPrjfolder\Matafongo 1 y 2\2MW_plant\Library\5.2MW_plant.IntFolder\Library\DIgSILENT Library\Dynamic Models\Inverter Based Resources/Storage\Wind Turbines IEC 61400-27-1\P Control Type 3.BlkDef\Used Macros\type 3 torque PI.BlkDef\0.BlkRef,0,,,,,0
0_1,,\VM-PF.IntUser\PDD 31-12-2024.IntPrj\Library.IntPrjfolder\User Defined Models.IntPrjfolder\Matafongo 1 y 2\2MW_plant\Library\5.2MW_plant.IntFolder\Library\DIgSILENT Library\Dynamic Models\Inverter Based Resources/Storage\Wind Turbines IEC 61400-27-1\P Control Type 3.BlkDef\Used Macros\type 3 torque PI.BlkDef\0_1.BlkRef,0,,,,,0
0_1(1),,\VM-PF.IntUser\PDD 31-12-2024.IntPrj\Library.IntPrjfolder\User Defined Models.IntPrjfolder\Matafongo 1 y 2\2MW_plant\Library\5.2MW_plant.IntFolder\Library\DIgSILENT Library\Dynamic Models\Inverter Based Resources/Storage\Wind Turbines IEC 61400-27-1\P Control Type 3.BlkDef\Used Macros\type 3 torque PI.BlkDef\0_1(1).BlkRef,0,,,,,1
0_2,,\VM-PF.IntUser\PDD 31-12-2024.IntPrj\Library.IntPrjfolder\User Defined Models.IntPrjfolder\Matafongo 1 y 2\2MW_plant\Library\5.2MW_plant.IntFolder\Library\DIgSILENT Library\Dynamic Models\Inverter Based Resources/Storage\Wind Turbines IEC 61400-27-1\P Control Type 3.BlkDef\Used Macros\type 3 torque PI.BlkDef\0_2.BlkRef,0,,,,,0
1/s_reset_set,,\VM-PF.IntUser\PDD 31-12-2024.IntPrj\Library.IntPrjfolder\User Defined Models.IntPrjfolder\Matafongo 1 y 2\2MW_plant\Library\5.2MW_plant.IntFolder\Library\DIgSILENT Library\Dynamic Models\Inverter Based Resources/Storage\Wind Turbines IEC 61400-27-1\P Control Type 3.BlkDef\Used Macros\type 3 torque PI.BlkDef\1/s_reset_set.BlkRef,0,,,,,1/s_reset_set
Const,,\VM-PF.IntUser\PDD 31-12-2024.IntPrj\Library.IntPrjfolder\User Defined Models.IntPrjfolder\Matafongo 1 y 2\2MW_plant\Library\5.2MW_plant.IntFolder\Library\DIgSILENT Library\Dynamic Models\Inverter Based Resources/Storage\Wind Turbines IEC 61400-27-1\P Control Type 3.BlkDef\Used Macros\type 3 torque PI.BlkDef\Const.BlkRef,0,,,,,Const
Const(4),,\VM-PF.IntUser\PDD 31-12-2024.IntPrj\Library.IntPrjfolder\User Defined Models.IntPrjfolder\Matafongo 1 y 2\2MW_plant\Library\5.2MW_plant.IntFolder\Library\DIgSILENT Library\Dynamic Models\Inverter Based Resources/Storage\Wind Turbines IEC 61400-27-1\P Control Type 3.BlkDef\Used Macros\type 3 torque PI.BlkDef\Const(4).BlkRef,0,,,,,Const
Const_1,,\VM-PF.IntUser\PDD 31-12-2024.IntPrj\Library.IntPrjfolder\User Defined Models.IntPrjfolder\Matafongo 1 y 2\2MW_plant\Library\5.2MW_plant.IntFolder\Library\DIgSILENT Library\Dynamic Models\Inverter Based Resources/Storage\Wind Turbines IEC 61400-27-1\P Control Type 3.BlkDef\Used Macros\type 3 torque PI.BlkDef\Const_1.BlkRef,0,,,,,Const
Const_2,,\VM-PF.IntUser\PDD 31-12-2024.IntPrj\Library.IntPrjfolder\User Defined Models.IntPrjfolder\Matafongo 1 y 2\2MW_plant\Library\5.2MW_plant.IntFolder\Library\DIgSILENT Library\Dynamic Models\Inverter Based Resources/Storage\Wind Turbines IEC 61400-27-1\P Control Type 3.BlkDef\Used Macros\type 3 torque PI.BlkDef\Const_2.BlkRef,0,,,,,Const
Const_3,,\VM-PF.IntUser\PDD 31-12-2024.IntPrj\Library.IntPrjfolder\User Defined Models.IntPrjfolder\Matafongo 1 y 2\2MW_plant\Library\5.2MW_plant.IntFolder\Library\DIgSILENT Library\Dynamic Models\Inverter Based Resources/Storage\Wind Turbines IEC 61400-27-1\P Control Type 3.BlkDef\Used Macros\type 3 torque PI.BlkDef\Const_3.BlkRef,0,,,,,Const
Const_5,,\VM-PF.IntUser\PDD 31-12-2024.IntPrj\Library.IntPrjfolder\User Defined Models.IntPrjfolder\Matafongo 1 y 2\2MW_plant\Library\5.2MW_plant.IntFolder\Library\DIgSILENT Library\Dynamic Models\Inverter Based Resources/Storage\Wind Turbines IEC 61400-27-1\P Control Type 3.BlkDef\Used Macros\type 3 torque PI.BlkDef\Const_5.BlkRef,0,,,,,Const
DelayFallback,,\VM-PF.IntUser\PDD 31-12-2024.IntPrj\Library.IntPrjfolder\User Defined Models.IntPrjfolder\Matafongo 1 y 2\2MW_plant\Library\5.2MW_plant.IntFolder\Library\DIgSILENT Library\Dynamic Models\Inverter Based Resources/Storage\Wind Turbines IEC 61400-27-1\P Control Type 3.BlkDef\Used Macros\type 3 torque PI.BlkDef\DelayFallback.BlkRef,0,,,,,DelayFallback
GradLim_pos,,\VM-PF.IntUser\PDD 31-12-2024.IntPrj\Library.IntPrjfolder\User Defined Models.IntPrjfolder\Matafongo 1 y 2\2MW_plant\Library\5.2MW_plant.IntFolder\Library\DIgSILENT Library\Dynamic Models\Inverter Based Resources/Storage\Wind Turbines IEC 61400-27-1\P Control Type 3.BlkDef\Used Macros\type 3 torque PI.BlkDef\GradLim_pos.BlkRef,0,,,,,GradLim_pos
K,,\VM-PF.IntUser\PDD 31-12-2024.IntPrj\Library.IntPrjfolder\User Defined Models.IntPrjfolder\Matafongo 1 y 2\2MW_plant\Library\5.2MW_plant.IntFolder\Library\DIgSILENT Library\Dynamic Models\Inverter Based Resources/Storage\Wind Turbines IEC 61400-27-1\P Control Type 3.BlkDef\Used Macros\type 3 torque PI.BlkDef\K.BlkRef,0,,,,,K
K_1,,\VM-PF.IntUser\PDD 31-12-2024.IntPrj\Library.IntPrjfolder\User Defined Models.IntPrjfolder\Matafongo 1 y 2\2MW_plant\Library\5.2MW_plant.IntFolder\Library\DIgSILENT Library\Dynamic Models\Inverter Based Resources/Storage\Wind Turbines IEC 61400-27-1\P Control Type 3.BlkDef\Used Macros\type 3 torque PI.BlkDef\K_1.BlkRef,0,,,,,K
Ki/Kps_reset_set,,\VM-PF.IntUser\PDD 31-12-2024.IntPrj\Library.IntPrjfolder\User Defined Models.IntPrjfolder\Matafongo 1 y 2\2MW_plant\Library\5.2MW_plant.IntFolder\Library\DIgSILENT Library\Dynamic Models\Inverter Based Resources/Storage\Wind Turbines IEC 61400-27-1\P Control Type 3.BlkDef\Used Macros\type 3 torque PI.BlkDef\Ki/Kps_reset_set.BlkRef,0,,,,,Ki/Kps_reset_set_freeze
LargerThan,,\VM-PF.IntUser\PDD 31-12-2024.IntPrj\Library.IntPrjfolder\User Defined Models.IntPrjfolder\Matafongo 1 y 2\2MW_plant\Library\5.2MW_plant.IntFolder\Library\DIgSILENT Library\Dynamic Models\Inverter Based Resources/Storage\Wind Turbines IEC 61400-27-1\P Control Type 3.BlkDef\Used Macros\type 3 torque PI.BlkDef\LargerThan.BlkRef,0,,,,,LargerThan
Limits_top,,\VM-PF.IntUser\PDD 31-12-2024.IntPrj\Library.IntPrjfolder\User Defined Models.IntPrjfolder\Matafongo 1 y 2\2MW_plant\Library\5.2MW_plant.IntFolder\Library\DIgSILENT Library\Dynamic Models\Inverter Based Resources/Storage\Wind Turbines IEC 61400-27-1\P Control Type 3.BlkDef\Used Macros\type 3 torque PI.BlkDef\Limits_top.BlkRef,0,,,,,Limits_top
SmallerThan,,\VM-PF.IntUser\PDD 31-12-2024.IntPrj\Library.IntPrjfolder\User Defined Models.IntPrjfolder\Matafongo 1 y 2\2MW_plant\Library\5.2MW_plant.IntFolder\Library\DIgSILENT Library\Dynamic Models\Inverter Based Resources/Storage\Wind Turbines IEC 61400-27-1\P Control Type 3.BlkDef\Used Macros\type 3 torque PI.BlkDef\SmallerThan.BlkRef,0,,,,,SmallerThan
SmallerThan_1,,\VM-PF.IntUser\PDD 31-12-2024.IntPrj\Library.IntPrjfolder\User Defined Models.IntPrjfolder\Matafongo 1 y 2\2MW_plant\Library\5.2MW_plant.IntFolder\Library\DIgSILENT Library\Dynamic Models\Inverter Based Resources/Storage\Wind Turbines IEC 61400-27-1\P Control Type 3.BlkDef\Used Macros\type 3 torque PI.BlkDef\SmallerThan_1.BlkRef,0,,,,,SmallerThan
logic >eq,,\VM-PF.IntUser\PDD 31-12-2024.IntPrj\Library.IntPrjfolder\User Defined Models.IntPrjfolder\Matafongo 1 y 2\2MW_plant\Library\5.2MW_plant.IntFolder\Library\DIgSILENT Library\Dynamic Models\Inverter Based Resources/Storage\Wind Turbines IEC 61400-27-1\P Control Type 3.BlkDef\Used Macros\type 3 torque PI.BlkDef\logic >eq.BlkRef,0,,,,,logic >eq
logic and,,\VM-PF.IntUser\PDD 31-12-2024.IntPrj\Library.IntPrjfolder\User Defined Models.IntPrjfolder\Matafongo 1 y 2\2MW_plant\Library\5.2MW_plant.IntFolder\Library\DIgSILENT Library\Dynamic Models\Inverter Based Resources/Storage\Wind Turbines IEC 61400-27-1\P Control Type 3.BlkDef\Used Macros\type 3 torque PI.BlkDef\logic and.BlkRef,0,,,,,logic and
logic or,,\VM-PF.IntUser\PDD 31-12-2024.IntPrj\Library.IntPrjfolder\User Defined Models.IntPrjfolder\Matafongo 1 y 2\2MW_plant\Library\5.2MW_plant.IntFolder\Library\DIgSILENT Library\Dynamic Models\Inverter Based Resources/Storage\Wind Turbines IEC 61400-27-1\P Control Type 3.BlkDef\Used Macros\type 3 torque PI.BlkDef\logic or.BlkRef,0,,,,,logic or
logic or_,,\VM-PF.IntUser\PDD 31-12-2024.IntPrj\Library.IntPrjfolder\User Defined Models.IntPrjfolder\Matafongo 1 y 2\2MW_plant\Library\5.2MW_plant.IntFolder\Library\DIgSILENT Library\Dynamic Models\Inverter Based Resources/Storage\Wind Turbines IEC 61400-27-1\P Control Type 3.BlkDef\Used Macros\type 3 torque PI.BlkDef\logic or_.BlkRef,0,,,,,logic or_
min,,\VM-PF.IntUser\PDD 31-12-2024.IntPrj\Library.IntPrjfolder\User Defined Models.IntPrjfolder\Matafongo 1 y 2\2MW_plant\Library\5.2MW_plant.IntFolder\Library\DIgSILENT Library\Dynamic Models\Inverter Based Resources/Storage\Wind Turbines IEC 61400-27-1\P Control Type 3.BlkDef\Used Macros\type 3 torque PI.BlkDef\min.BlkRef,0,,,,,min_3
min_1,,\VM-PF.IntUser\PDD 31-12-2024.IntPrj\Library.IntPrjfolder\User Defined Models.IntPrjfolder\Matafongo 1 y 2\2MW_plant\Library\5.2MW_plant.IntFolder\Library\DIgSILENT Library\Dynamic Models\Inverter Based Resources/Storage\Wind Turbines IEC 61400-27-1\P Control Type 3.BlkDef\Used Macros\type 3 torque PI.BlkDef\min_1.BlkRef,0,,,,,min
-1,,\VM-PF.IntUser\PDD 31-12-2024.IntPrj\Library.IntPrjfolder\User Defined Models.IntPrjfolder\Matafongo 1 y 2\2MW_plant\Library\5.2MW_plant.IntFolder\Library\DIgSILENT Library\Dynamic Models\Inverter Based Resources/Storage\Wind Turbines IEC 61400-27-1\Current Limitation.BlkDef\-1.BlkRef,0,,,,,-1
Const,,\VM-PF.IntUser\PDD 31-12-2024.IntPrj\Library.IntPrjfolder\User Defined Models.IntPrjfolder\Matafongo 1 y 2\2MW_plant\Library\5.2MW_plant.IntFolder\Library\DIgSILENT Library\Dynamic Models\Inverter Based Resources/Storage\Wind Turbines IEC 61400-27-1\Current Limitation.BlkDef\Const.BlkRef,0,,,,,Const
Const_1,,\VM-PF.IntUser\PDD 31-12-2024.IntPrj\Library.IntPrjfolder\User Defined Models.IntPrjfolder\Matafongo 1 y 2\2MW_plant\Library\5.2MW_plant.IntFolder\Library\DIgSILENT Library\Dynamic Models\Inverter Based Resources/Storage\Wind Turbines IEC 61400-27-1\Current Limitation.BlkDef\Const_1.BlkRef,0,,,,,Const
Const_2,,\VM-PF.IntUser\PDD 31-12-2024.IntPrj\Library.IntPrjfolder\User Defined Models.IntPrjfolder\Matafongo 1 y 2\2MW_plant\Library\5.2MW_plant.IntFolder\Library\DIgSILENT Library\Dynamic Models\Inverter Based Resources/Storage\Wind Turbines IEC 61400-27-1\Current Limitation.BlkDef\Const_2.BlkRef,0,,,,,Const
ref1,,\VM-PF.IntUser\PDD 31-12-2024.IntPrj\Library.IntPrjfolder\User Defined Models.IntPrjfolder\Matafongo 1 y 2\2MW_plant\Library\5.2MW_plant.IntFolder\Library\DIgSILENT Library\Dynamic Models\Inverter Based Resources/Storage\Wind Turbines IEC 61400-27-1\Current Limitation.BlkDef\ref1.BlkRef,0,,,,,FLT_Selp
FLT_Selq,,\VM-PF.IntUser\PDD 31-12-2024.IntPrj\Library.IntPrjfolder\User Defined Models.IntPrjfolder\Matafongo 1 y 2\2MW_plant\Library\5.2MW_plant.IntFolder\Library\DIgSILENT Library\Dynamic Models\Inverter Based Resources/Storage\Wind Turbines IEC 61400-27-1\Current Limitation.BlkDef\FLT_Selq.BlkRef,0,,,,,FLT_Selq
switch_,,\VM-PF.IntUser\PDD 31-12-2024.IntPrj\Library.IntPrjfolder\User Defined Models.IntPrjfolder\Matafongo 1 y 2\2MW_plant\Library\5.2MW_plant.IntFolder\Library\DIgSILENT Library\Dynamic Models\Inverter Based Resources/Storage\Wind Turbines IEC 61400-27-1\Current Limitation.BlkDef\switch_.BlkRef,0,,,,,switch_
K,,\VM-PF.IntUser\PDD 31-12-2024.IntPrj\Library.IntPrjfolder\User Defined Models.IntPrjfolder\Matafongo 1 y 2\2MW_plant\Library\5.2MW_plant.IntFolder\Library\DIgSILENT Library\Dynamic Models\Inverter Based Resources/Storage\Wind Turbines IEC 61400-27-1\Current Limitation.BlkDef\K.BlkRef,0,,,,,K
Lookup Table,,\VM-PF.IntUser\PDD 31-12-2024.IntPrj\Library.IntPrjfolder\User Defined Models.IntPrjfolder\Matafongo 1 y 2\2MW_plant\Library\5.2MW_plant.IntFolder\Library\DIgSILENT Library\Dynamic Models\Inverter Based Resources/Storage\Wind Turbines IEC 61400-27-1\Current Limitation.BlkDef\Lookup Table.BlkRef,0,,,,,Lookup Table
Lookup Table_1,,\VM-PF.IntUser\PDD 31-12-2024.IntPrj\Library.IntPrjfolder\User Defined Models.IntPrjfolder\Matafongo 1 y 2\2MW_plant\Library\5.2MW_plant.IntFolder\Library\DIgSILENT Library\Dynamic Models\Inverter Based Resources/Storage\Wind Turbines IEC 61400-27-1\Current Limitation.BlkDef\Lookup Table_1.BlkRef,0,,,,,Lookup Table
abs-block,,\VM-PF.IntUser\PDD 31-12-2024.IntPrj\Library.IntPrjfolder\User Defined Models.IntPrjfolder\Matafongo 1 y 2\2MW_plant\Library\5.2MW_plant.IntFolder\Library\DIgSILENT Library\Dynamic Models\Inverter Based Resources/Storage\Wind Turbines IEC 61400-27-1\Current Limitation.BlkDef\abs-block.BlkRef,0,,,,,abs-block
min__2,,\VM-PF.IntUser\PDD 31-12-2024.IntPrj\Library.IntPrjfolder\User Defined Models.IntPrjfolder\Matafongo 1 y 2\2MW_plant\Library\5.2MW_plant.IntFolder\Library\DIgSILENT Library\Dynamic Models\Inverter Based Resources/Storage\Wind Turbines IEC 61400-27-1\Current Limitation.BlkDef\min__2.BlkRef,0,,,,,min_
min_3,,\VM-PF.IntUser\PDD 31-12-2024.IntPrj\Library.IntPrjfolder\User Defined Models.IntPrjfolder\Matafongo 1 y 2\2MW_plant\Library\5.2MW_plant.IntFolder\Library\DIgSILENT Library\Dynamic Models\Inverter Based Resources/Storage\Wind Turbines IEC 61400-27-1\Current Limitation.BlkDef\min_3.BlkRef,0,,,,,min_
min__1,,\VM-PF.IntUser\PDD 31-12-2024.IntPrj\Library.IntPrjfolder\User Defined Models.IntPrjfolder\Matafongo 1 y 2\2MW_plant\Library\5.2MW_plant.IntFolder\Library\DIgSILENT Library\Dynamic Models\Inverter Based Resources/Storage\Wind Turbines IEC 61400-27-1\Current Limitation.BlkDef\min__1.BlkRef,0,,,,,min_
iqmx_sel,,\VM-PF.IntUser\PDD 31-12-2024.IntPrj\Library.IntPrjfolder\User Defined Models.IntPrjfolder\Matafongo 1 y 2\2MW_plant\Library\5.2MW_plant.IntFolder\Library\DIgSILENT Library\Dynamic Models\Inverter Based Resources/Storage\Wind Turbines IEC 61400-27-1\Current Limitation.BlkDef\iqmx_sel.BlkRef,0,,,,,iqmx_sel
min_,,\VM-PF.IntUser\PDD 31-12-2024.IntPrj\Library.IntPrjfolder\User Defined Models.IntPrjfolder\Matafongo 1 y 2\2MW_plant\Library\5.2MW_plant.IntFolder\Library\DIgSILENT Library\Dynamic Models\Inverter Based Resources/Storage\Wind Turbines IEC 61400-27-1\Current Limitation.BlkDef\min_.BlkRef,0,,,,,min_
sqr_,,\VM-PF.IntUser\PDD 31-12-2024.IntPrj\Library.IntPrjfolder\User Defined Models.IntPrjfolder\Matafongo 1 y 2\2MW_plant\Library\5.2MW_plant.IntFolder\Library\DIgSILENT Library\Dynamic Models\Inverter Based Resources/Storage\Wind Turbines IEC 61400-27-1\Current Limitation.BlkDef\sqr_.BlkRef,0,,,,,sqr_
sqr__2,,\VM-PF.IntUser\PDD 31-12-2024.IntPrj\Library.IntPrjfolder\User Defined Models.IntPrjfolder\Matafongo 1 y 2\2MW_plant\Library\5.2MW_plant.IntFolder\Library\DIgSILENT Library\Dynamic Models\Inverter Based Resources/Storage\Wind Turbines IEC 61400-27-1\Current Limitation.BlkDef\sqr__2.BlkRef,0,,,,,sqr_
sqr__1,,\VM-PF.IntUser\PDD 31-12-2024.IntPrj\Library.IntPrjfolder\User Defined Models.IntPrjfolder\Matafongo 1 y 2\2MW_plant\Library\5.2MW_plant.IntFolder\Library\DIgSILENT Library\Dynamic Models\Inverter Based Resources/Storage\Wind Turbines IEC 61400-27-1\Current Limitation.BlkDef\sqr__1.BlkRef,0,,,,,sqr_
sqrt_,,\VM-PF.IntUser\PDD 31-12-2024.IntPrj\Library.IntPrjfolder\User Defined Models.IntPrjfolder\Matafongo 1 y 2\2MW_plant\Library\5.2MW_plant.IntFolder\Library\DIgSILENT Library\Dynamic Models\Inverter Based Resources/Storage\Wind Turbines IEC 61400-27-1\Current Limitation.BlkDef\sqrt_.BlkRef,0,,,,,sqrt_
sqrt__1,,\VM-PF.IntUser\PDD 31-12-2024.IntPrj\Library.IntPrjfolder\User Defined Models.IntPrjfolder\Matafongo 1 y 2\2MW_plant\Library\5.2MW_plant.IntFolder\Library\DIgSILENT Library\Dynamic Models\Inverter Based Resources/Storage\Wind Turbines IEC 61400-27-1\Current Limitation.BlkDef\sqrt__1.BlkRef,0,,,,,sqrt_
Const,,\VM-PF.IntUser\PDD 31-12-2024.IntPrj\Library.IntPrjfolder\User Defined Models.IntPrjfolder\Matafongo 1 y 2\2MW_plant\Library\5.2MW_plant.IntFolder\Library\DIgSILENT Library\Dynamic Models\Inverter Based Resources/Storage\Wind Turbines IEC 61400-27-1\Q Control.BlkDef\Const.BlkRef,0,,,,,Const
LVRT detect,,\VM-PF.IntUser\PDD 31-12-2024.IntPrj\Library.IntPrjfolder\User Defined Models.IntPrjfolder\Matafongo 1 y 2\2MW_plant\Library\5.2MW_plant.IntFolder\Library\DIgSILENT Library\Dynamic Models\Inverter Based Resources/Storage\Wind Turbines IEC 61400-27-1\Q Control.BlkDef\LVRT detect.BlkRef,0,,,,,FRT detect
IQLVRT,,\VM-PF.IntUser\PDD 31-12-2024.IntPrj\Library.IntPrjfolder\User Defined Models.IntPrjfolder\Matafongo 1 y 2\2MW_plant\Library\5.2MW_plant.IntFolder\Library\DIgSILENT Library\Dynamic Models\Inverter Based Resources/Storage\Wind Turbines IEC 61400-27-1\Q Control.BlkDef\IQLVRT.BlkRef,0,,,,,IQLVRT
K,,\VM-PF.IntUser\PDD 31-12-2024.IntPrj\Library.IntPrjfolder\User Defined Models.IntPrjfolder\Matafongo 1 y 2\2MW_plant\Library\5.2MW_plant.IntFolder\Library\DIgSILENT Library\Dynamic Models\Inverter Based Resources/Storage\Wind Turbines IEC 61400-27-1\Q Control.BlkDef\K.BlkRef,0,,,,,K
K_1,,\VM-PF.IntUser\PDD 31-12-2024.IntPrj\Library.IntPrjfolder\User Defined Models.IntPrjfolder\Matafongo 1 y 2\2MW_plant\Library\5.2MW_plant.IntFolder\Library\DIgSILENT Library\Dynamic Models\Inverter Based Resources/Storage\Wind Turbines IEC 61400-27-1\Q Control.BlkDef\K_1.BlkRef,0,,,,,[K]_selector
Lim_Freeze,,\VM-PF.IntUser\PDD 31-12-2024.IntPrj\Library.IntPrjfolder\User Defined Models.IntPrjfolder\Matafongo 1 y 2\2MW_plant\Library\5.2MW_plant.IntFolder\Library\DIgSILENT Library\Dynamic Models\Inverter Based Resources/Storage\Wind Turbines IEC 61400-27-1\Q Control.BlkDef\Lim_Freeze.BlkRef,0,,,,,Lim_Freeze
Limits,,\VM-PF.IntUser\PDD 31-12-2024.IntPrj\Library.IntPrjfolder\User Defined Models.IntPrjfolder\Matafongo 1 y 2\2MW_plant\Library\5.2MW_plant.IntFolder\Library\DIgSILENT Library\Dynamic Models\Inverter Based Resources/Storage\Wind Turbines IEC 61400-27-1\Q Control.BlkDef\Limits.BlkRef,0,,,,,Limits
Mol,,\VM-PF.IntUser\PDD 31-12-2024.IntPrj\Library.IntPrjfolder\User Defined Models.IntPrjfolder\Matafongo 1 y 2\2MW_plant\Library\5.2MW_plant.IntFolder\Library\DIgSILENT Library\Dynamic Models\Inverter Based Resources/Storage\Wind Turbines IEC 61400-27-1\Q Control.BlkDef\Mol.BlkRef,0,,,,,Mol
Mpf,,\VM-PF.IntUser\PDD 31-12-2024.IntPrj\Library.IntPrjfolder\User Defined Models.IntPrjfolder\Matafongo 1 y 2\2MW_plant\Library\5.2MW_plant.IntFolder\Library\DIgSILENT Library\Dynamic Models\Inverter Based Resources/Storage\Wind Turbines IEC 61400-27-1\Q Control.BlkDef\Mpf.BlkRef,0,,,,,Mpf
Mu,,\VM-PF.IntUser\PDD 31-12-2024.IntPrj\Library.IntPrjfolder\User Defined Models.IntPrjfolder\Matafongo 1 y 2\2MW_plant\Library\5.2MW_plant.IntFolder\Library\DIgSILENT Library\Dynamic Models\Inverter Based Resources/Storage\Wind Turbines IEC 61400-27-1\Q Control.BlkDef\Mu.BlkRef,0,,,,,Mu
Voltage droop,,\VM-PF.IntUser\PDD 31-12-2024.IntPrj\Library.IntPrjfolder\User Defined Models.IntPrjfolder\Matafongo 1 y 2\2MW_plant\Library\5.2MW_plant.IntFolder\Library\DIgSILENT Library\Dynamic Models\Inverter Based Resources/Storage\Wind Turbines IEC 61400-27-1\Q Control.BlkDef\Voltage droop.BlkRef,0,,,,,Voltage droop
[1/(1+sT)],,\VM-PF.IntUser\PDD 31-12-2024.IntPrj\Library.IntPrjfolder\User Defined Models.IntPrjfolder\Matafongo 1 y 2\2MW_plant\Library\5.2MW_plant.IntFolder\Library\DIgSILENT Library\Dynamic Models\Inverter Based Resources/Storage\Wind Turbines IEC 61400-27-1\Q Control.BlkDef\[1/(1+sT)].BlkRef,0,,,,,[1/(1+sT)]
[K/s]_freeze,,\VM-PF.IntUser\PDD 31-12-2024.IntPrj\Library.IntPrjfolder\User Defined Models.IntPrjfolder\Matafongo 1 y 2\2MW_plant\Library\5.2MW_plant.IntFolder\Library\DIgSILENT Library\Dynamic Models\Inverter Based Resources/Storage\Wind Turbines IEC 61400-27-1\Q Control.BlkDef\[K/s]_freeze.BlkRef,0,,,,,[K/s]_freeze
[K/s]_freeze_MqG,,\VM-PF.IntUser\PDD 31-12-2024.IntPrj\Library.IntPrjfolder\User Defined Models.IntPrjfolder\Matafongo 1 y 2\2MW_plant\Library\5.2MW_plant.IntFolder\Library\DIgSILENT Library\Dynamic Models\Inverter Based Resources/Storage\Wind Turbines IEC 61400-27-1\Q Control.BlkDef\[K/s]_freeze_MqG.BlkRef,0,,,,,[K/s]_freeze_MqG
biggerThanZero,,\VM-PF.IntUser\PDD 31-12-2024.IntPrj\Library.IntPrjfolder\User Defined Models.IntPrjfolder\Matafongo 1 y 2\2MW_plant\Library\5.2MW_plant.IntFolder\Library\DIgSILENT Library\Dynamic Models\Inverter Based Resources/Storage\Wind Turbines IEC 61400-27-1\Q Control.BlkDef\biggerThanZero.BlkRef,0,,,,,biggerThanZero
deadband,,\VM-PF.IntUser\PDD 31-12-2024.IntPrj\Library.IntPrjfolder\User Defined Models.IntPrjfolder\Matafongo 1 y 2\2MW_plant\Library\5.2MW_plant.IntFolder\Library\DIgSILENT Library\Dynamic Models\Inverter Based Resources/Storage\Wind Turbines IEC 61400-27-1\Q Control.BlkDef\deadband.BlkRef,0,,,,,deadband
extLimits,,\VM-PF.IntUser\PDD 31-12-2024.IntPrj\Library.IntPrjfolder\User Defined Models.IntPrjfolder\Matafongo 1 y 2\2MW_plant\Library\5.2MW_plant.IntFolder\Library\DIgSILENT Library\Dynamic Models\Inverter Based Resources/Storage\Wind Turbines IEC 61400-27-1\Q Control.BlkDef\extLimits.BlkRef,0,,,,,extLimits
sT/(1+sT)_,,\VM-PF.IntUser\PDD 31-12-2024.IntPrj\Library.IntPrjfolder\User Defined Models.IntPrjfolder\Matafongo 1 y 2\2MW_plant\Library\5.2MW_plant.IntFolder\Library\DIgSILENT Library\Dynamic Models\Inverter Based Resources/Storage\Wind Turbines IEC 61400-27-1\Q Control.BlkDef\sT/(1+sT)_.BlkRef,0,,,,,sT/(1+sT)_
tan(pf_init),,\VM-PF.IntUser\PDD 31-12-2024.IntPrj\Library.IntPrjfolder\User Defined Models.IntPrjfolder\Matafongo 1 y 2\2MW_plant\Library\5.2MW_plant.IntFolder\Library\DIgSILENT Library\Dynamic Models\Inverter Based Resources/Storage\Wind Turbines IEC 61400-27-1\Q Control.BlkDef\tan(pf_init).BlkRef,0,,,,,tan(pf_init)
1/(1+sT)_freeze,,\VM-PF.IntUser\PDD 31-12-2024.IntPrj\Library.IntPrjfolder\User Defined Models.IntPrjfolder\Matafongo 1 y 2\2MW_plant\Library\5.2MW_plant.IntFolder\Library\DIgSILENT Library\Dynamic Models\Inverter Based Resources/Storage\Wind Turbines IEC 61400-27-1\Q Limitation - QP and QU.BlkDef\1/(1+sT)_freeze.BlkRef,0,,,,,Freeze
1/(1+sT)_freeze_1,,\VM-PF.IntUser\PDD 31-12-2024.IntPrj\Library.IntPrjfolder\User Defined Models.IntPrjfolder\Matafongo 1 y 2\2MW_plant\Library\5.2MW_plant.IntFolder\Library\DIgSILENT Library\Dynamic Models\Inverter Based Resources/Storage\Wind Turbines IEC 61400-27-1\Q Limitation - QP and QU.BlkDef\1/(1+sT)_freeze_1.BlkRef,0,,,,,Freeze
Lookup Table_lin,,\VM-PF.IntUser\PDD 31-12-2024.IntPrj\Library.IntPrjfolder\User Defined Models.IntPrjfolder\Matafongo 1 y 2\2MW_plant\Library\5.2MW_plant.IntFolder\Library\DIgSILENT Library\Dynamic Models\Inverter Based Resources/Storage\Wind Turbines IEC 61400-27-1\Q Limitation - QP and QU.BlkDef\Lookup Table_lin.BlkRef,0,,,,,Lookup Table_lin
Lookup Table_lin_1,,\VM-PF.IntUser\PDD 31-12-2024.IntPrj\Library.IntPrjfolder\User Defined Models.IntPrjfolder\Matafongo 1 y 2\2MW_plant\Library\5.2MW_plant.IntFolder\Library\DIgSILENT Library\Dynamic Models\Inverter Based Resources/Storage\Wind Turbines IEC 61400-27-1\Q Limitation - QP and QU.BlkDef\Lookup Table_lin_1.BlkRef,0,,,,,Lookup Table_lin
Lookup Table_lin_2,,\VM-PF.IntUser\PDD 31-12-2024.IntPrj\Library.IntPrjfolder\User Defined Models.IntPrjfolder\Matafongo 1 y 2\2MW_plant\Library\5.2MW_plant.IntFolder\Library\DIgSILENT Library\Dynamic Models\Inverter Based Resources/Storage\Wind Turbines IEC 61400-27-1\Q Limitation - QP and QU.BlkDef\Lookup Table_lin_2.BlkRef,0,,,,,Lookup Table_lin
Lookup Table_lin_3,,\VM-PF.IntUser\PDD 31-12-2024.IntPrj\Library.IntPrjfolder\User Defined Models.IntPrjfolder\Matafongo 1 y 2\2MW_plant\Library\5.2MW_plant.IntFolder\Library\DIgSILENT Library\Dynamic Models\Inverter Based Resources/Storage\Wind Turbines IEC 61400-27-1\Q Limitation - QP and QU.BlkDef\Lookup Table_lin_3.BlkRef,0,,,,,Lookup Table_lin
Max,,\VM-PF.IntUser\PDD 31-12-2024.IntPrj\Library.IntPrjfolder\User Defined Models.IntPrjfolder\Matafongo 1 y 2\2MW_plant\Library\5.2MW_plant.IntFolder\Library\DIgSILENT Library\Dynamic Models\Inverter Based Resources/Storage\Wind Turbines IEC 61400-27-1\Q Limitation - QP and QU.BlkDef\Max.BlkRef,0,,,,,Max
Min,,\VM-PF.IntUser\PDD 31-12-2024.IntPrj\Library.IntPrjfolder\User Defined Models.IntPrjfolder\Matafongo 1 y 2\2MW_plant\Library\5.2MW_plant.IntFolder\Library\DIgSILENT Library\Dynamic Models\Inverter Based Resources/Storage\Wind Turbines IEC 61400-27-1\Q Limitation - QP and QU.BlkDef\Min.BlkRef,0,,,,,Min
selector,,\VM-PF.IntUser\PDD 31-12-2024.IntPrj\Library.IntPrjfolder\User Defined Models.IntPrjfolder\Matafongo 1 y 2\2MW_plant\Library\5.2MW_plant.IntFolder\Library\DIgSILENT Library\Dynamic Models\Inverter Based Resources/Storage\Wind Turbines IEC 61400-27-1\Protection.BlkDef\selector.BlkRef,0,,,,,selector
characteristic_max,,\VM-PF.IntUser\PDD 31-12-2024.IntPrj\Library.IntPrjfolder\User Defined Models.IntPrjfolder\Matafongo 1 y 2\2MW_plant\Library\5.2MW_plant.IntFolder\Library\DIgSILENT Library\Dynamic Models\Inverter Based Resources/Storage\Wind Turbines IEC 61400-27-1\Protection.BlkDef\characteristic_max.BlkRef,0,,,,,characteristic_max
characteristic_max_1,,\VM-PF.IntUser\PDD 31-12-2024.IntPrj\Library.IntPrjfolder\User Defined Models.IntPrjfolder\Matafongo 1 y 2\2MW_plant\Library\5.2MW_plant.IntFolder\Library\DIgSILENT Library\Dynamic Models\Inverter Based Resources/Storage\Wind Turbines IEC 61400-27-1\Protection.BlkDef\characteristic_max_1.BlkRef,0,,,,,characteristic_max
characteristic_min,,\VM-PF.IntUser\PDD 31-12-2024.IntPrj\Library.IntPrjfolder\User Defined Models.IntPrjfolder\Matafongo 1 y 2\2MW_plant\Library\5.2MW_plant.IntFolder\Library\DIgSILENT Library\Dynamic Models\Inverter Based Resources/Storage\Wind Turbines IEC 61400-27-1\Protection.BlkDef\characteristic_min.BlkRef,0,,,,,characteristic_min
characteristic_min_1,,\VM-PF.IntUser\PDD 31-12-2024.IntPrj\Library.IntPrjfolder\User Defined Models.IntPrjfolder\Matafongo 1 y 2\2MW_plant\Library\5.2MW_plant.IntFolder\Library\DIgSILENT Library\Dynamic Models\Inverter Based Resources/Storage\Wind Turbines IEC 61400-27-1\Protection.BlkDef\characteristic_min_1.BlkRef,0,,,,,characteristic_min
Block Reference,,\VM-PF.IntUser\PDD 31-12-2024.IntPrj\Library.IntPrjfolder\User Defined Models.IntPrjfolder\Matafongo 1 y 2\2MW_plant\Library\5.2MW_plant.IntFolder\Library\DIgSILENT Library\Dynamic Models\Inverter Based Resources/Storage\Wind Turbines IEC 61400-27-1\Measurement.BlkDef\Block Reference.BlkRef,0,,,,,1/(1+sT)
Block Reference(1),,\VM-PF.IntUser\PDD 31-12-2024.IntPrj\Library.IntPrjfolder\User Defined Models.IntPrjfolder\Matafongo 1 y 2\2MW_plant\Library\5.2MW_plant.IntFolder\Library\DIgSILENT Library\Dynamic Models\Inverter Based Resources/Storage\Wind Turbines IEC 61400-27-1\Measurement.BlkDef\Block Reference(1).BlkRef,0,,,,,1/(1+sT)
Block Reference(2),,\VM-PF.IntUser\PDD 31-12-2024.IntPrj\Library.IntPrjfolder\User Defined Models.IntPrjfolder\Matafongo 1 y 2\2MW_plant\Library\5.2MW_plant.IntFolder\Library\DIgSILENT Library\Dynamic Models\Inverter Based Resources/Storage\Wind Turbines IEC 61400-27-1\Measurement.BlkDef\Block Reference(2).BlkRef,0,,,,,1/(1+sT)
Block Reference(3),,\VM-PF.IntUser\PDD 31-12-2024.IntPrj\Library.IntPrjfolder\User Defined Models.IntPrjfolder\Matafongo 1 y 2\2MW_plant\Library\5.2MW_plant.IntFolder\Library\DIgSILENT Library\Dynamic Models\Inverter Based Resources/Storage\Wind Turbines IEC 61400-27-1\Measurement.BlkDef\Block Reference(3).BlkRef,0,,,,,1/(1+sT)
Block Reference(4),,\VM-PF.IntUser\PDD 31-12-2024.IntPrj\Library.IntPrjfolder\User Defined Models.IntPrjfolder\Matafongo 1 y 2\2MW_plant\Library\5.2MW_plant.IntFolder\Library\DIgSILENT Library\Dynamic Models\Inverter Based Resources/Storage\Wind Turbines IEC 61400-27-1\Measurement.BlkDef\Block Reference(4).BlkRef,0,,,,,1/(1+sT)
GradLim,,\VM-PF.IntUser\PDD 31-12-2024.IntPrj\Library.IntPrjfolder\User Defined Models.IntPrjfolder\Matafongo 1 y 2\2MW_plant\Library\5.2MW_plant.IntFolder\Library\DIgSILENT Library\Dynamic Models\Inverter Based Resources/Storage\Wind Turbines IEC 61400-27-1\Measurement.BlkDef\GradLim.BlkRef,0,,,,,GradLim
0.5dpv1/Tv2,,\VM-PF.IntUser\PDD 31-12-2024.IntPrj\Library.IntPrjfolder\User Defined Models.IntPrjfolder\Matafongo 1 y 2\5.2MW_plant.IntFolder\Library\DIgSILENT Library\Dynamic Models\Inverter Based Resources/Storage\Wind Turbines IEC 61400-27-1\Aerodynamics Two-Dimensional.BlkDef\0.5dpv1/Tv2.BlkRef,0,,,,,dpomegaTheta
Const,,\VM-PF.IntUser\PDD 31-12-2024.IntPrj\Library.IntPrjfolder\User Defined Models.IntPrjfolder\Matafongo 1 y 2\5.2MW_plant.IntFolder\Library\DIgSILENT Library\Dynamic Models\Inverter Based Resources/Storage\Wind Turbines IEC 61400-27-1\Aerodynamics Two-Dimensional.BlkDef\Const.BlkRef,0,,,,,Const
Const_1,,\VM-PF.IntUser\PDD 31-12-2024.IntPrj\Library.IntPrjfolder\User Defined Models.IntPrjfolder\Matafongo 1 y 2\5.2MW_plant.IntFolder\Library\DIgSILENT Library\Dynamic Models\Inverter Based Resources/Storage\Wind Turbines IEC 61400-27-1\Aerodynamics Two-Dimensional.BlkDef\Const_1.BlkRef,0,,,,,Const
Const_1(1),,\VM-PF.IntUser\PDD 31-12-2024.IntPrj\Library.IntPrjfolder\User Defined Models.IntPrjfolder\Matafongo 1 y 2\5.2MW_plant.IntFolder\Library\DIgSILENT Library\Dynamic Models\Inverter Based Resources/Storage\Wind Turbines IEC 61400-27-1\Aerodynamics Two-Dimensional.BlkDef\Const_1(1).BlkRef,0,,,,,Const
K,,\VM-PF.IntUser\PDD 31-12-2024.IntPrj\Library.IntPrjfolder\User Defined Models.IntPrjfolder\Matafongo 1 y 2\5.2MW_plant.IntFolder\Library\DIgSILENT Library\Dynamic Models\Inverter Based Resources/Storage\Wind Turbines IEC 61400-27-1\Aerodynamics Two-Dimensional.BlkDef\K.BlkRef,0,,,,,K
pavail,,\VM-PF.IntUser\PDD 31-12-2024.IntPrj\Library.IntPrjfolder\User Defined Models.IntPrjfolder\Matafongo 1 y 2\5.2MW_plant.IntFolder\Library\DIgSILENT Library\Dynamic Models\Inverter Based Resources/Storage\Wind Turbines IEC 61400-27-1\Aerodynamics Two-Dimensional.BlkDef\pavail.BlkRef,0,,,,,pavail
1/(2 HWTR s),,\VM-PF.IntUser\PDD 31-12-2024.IntPrj\Library.IntPrjfolder\User Defined Models.IntPrjfolder\Matafongo 1 y 2\5.2MW_plant.IntFolder\Library\DIgSILENT Library\Dynamic Models\Inverter Based Resources/Storage\Wind Turbines IEC 61400-27-1\Two Masses Type 3 and 4B.BlkDef\1/(2 HWTR s).BlkRef,0,,,,,1/(2 HWTR s)
1/(2 HWTR s)_3,,\VM-PF.IntUser\PDD 31-12-2024.IntPrj\Library.IntPrjfolder\User Defined Models.IntPrjfolder\Matafongo 1 y 2\5.2MW_plant.IntFolder\Library\DIgSILENT Library\Dynamic Models\Inverter Based Resources/Storage\Wind Turbines IEC 61400-27-1\Two Masses Type 3 and 4B.BlkDef\1/(2 HWTR s)_3.BlkRef,0,,,,,1/(2 HWTR s)
cshv + ksh/s,,\VM-PF.IntUser\PDD 31-12-2024.IntPrj\Library.IntPrjfolder\User Defined Models.IntPrjfolder\Matafongo 1 y 2\5.2MW_plant.IntFolder\Library\DIgSILENT Library\Dynamic Models\Inverter Based Resources/Storage\Wind Turbines IEC 61400-27-1\Two Masses Type 3 and 4B.BlkDef\cshv + ksh/s.BlkRef,0,,,,,cshv + ksh/s
-1,,\VM-PF.IntUser\PDD 31-12-2024.IntPrj\Library.IntPrjfolder\User Defined Models.IntPrjfolder\Matafongo 1 y 2\5.2MW_plant.IntFolder\Library\DIgSILENT Library\Dynamic Models\Inverter Based Resources/Storage\Wind Turbines IEC 61400-27-1\Generator Set Type 3B.BlkDef\-1.BlkRef,0,,,,,-1
1/(1+sT),,\VM-PF.IntUser\PDD 31-12-2024.IntPrj\Library.IntPrjfolder\User Defined Models.IntPrjfolder\Matafongo 1 y 2\5.2MW_plant.IntFolder\Library\DIgSILENT Library\Dynamic Models\Inverter Based Resources/Storage\Wind Turbines IEC 61400-27-1\Generator Set Type 3B.BlkDef\1/(1+sT).BlkRef,0,,,,,1/(1+sT)
1/(1+sT)_2,,\VM-PF.IntUser\PDD 31-12-2024.IntPrj\Library.IntPrjfolder\User Defined Models.IntPrjfolder\Matafongo 1 y 2\5.2MW_plant.IntFolder\Library\DIgSILENT Library\Dynamic Models\Inverter Based Resources/Storage\Wind Turbines IEC 61400-27-1\Generator Set Type 3B.BlkDef\1/(1+sT)_2.BlkRef,0,,,,,1/(1+sT)
1/Xs,,\VM-PF.IntUser\PDD 31-12-2024.IntPrj\Library.IntPrjfolder\User Defined Models.IntPrjfolder\Matafongo 1 y 2\5.2MW_plant.IntFolder\Library\DIgSILENT Library\Dynamic Models\Inverter Based Resources/Storage\Wind Turbines IEC 61400-27-1\Generator Set Type 3B.BlkDef\1/Xs.BlkRef,0,,,,,1/Xs
1/Xs_1,,\VM-PF.IntUser\PDD 31-12-2024.IntPrj\Library.IntPrjfolder\User Defined Models.IntPrjfolder\Matafongo 1 y 2\5.2MW_plant.IntFolder\Library\DIgSILENT Library\Dynamic Models\Inverter Based Resources/Storage\Wind Turbines IEC 61400-27-1\Generator Set Type 3B.BlkDef\1/Xs_1.BlkRef,0,,,,,1/Xs
1/Xs_2,,\VM-PF.IntUser\PDD 31-12-2024.IntPrj\Library.IntPrjfolder\User Defined Models.IntPrjfolder\Matafongo 1 y 2\5.2MW_plant.IntFolder\Library\DIgSILENT Library\Dynamic Models\Inverter Based Resources/Storage\Wind Turbines IEC 61400-27-1\Generator Set Type 3B.BlkDef\1/Xs_2.BlkRef,0,,,,,1/Xs
Const,,\VM-PF.IntUser\PDD 31-12-2024.IntPrj\Library.IntPrjfolder\User Defined Models.IntPrjfolder\Matafongo 1 y 2\5.2MW_plant.IntFolder\Library\DIgSILENT Library\Dynamic Models\Inverter Based Resources/Storage\Wind Turbines IEC 61400-27-1\Generator Set Type 3B.BlkDef\Const.BlkRef,0,,,,,Const
Const_1,,\VM-PF.IntUser\PDD 31-12-2024.IntPrj\Library.IntPrjfolder\User Defined Models.IntPrjfolder\Matafongo 1 y 2\5.2MW_plant.IntFolder\Library\DIgSILENT Library\Dynamic Models\Inverter Based Resources/Storage\Wind Turbines IEC 61400-27-1\Generator Set Type 3B.BlkDef\Const_1.BlkRef,0,,,,,Const
GradLim,,\VM-PF.IntUser\PDD 31-12-2024.IntPrj\Library.IntPrjfolder\User Defined Models.IntPrjfolder\Matafongo 1 y 2\5.2MW_plant.IntFolder\Library\DIgSILENT Library\Dynamic Models\Inverter Based Resources/Storage\Wind Turbines IEC 61400-27-1\Generator Set Type 3B.BlkDef\GradLim.BlkRef,0,,,,,GradLim
GradLim_pos,,\VM-PF.IntUser\PDD 31-12-2024.IntPrj\Library.IntPrjfolder\User Defined Models.IntPrjfolder\Matafongo 1 y 2\5.2MW_plant.IntFolder\Library\DIgSILENT Library\Dynamic Models\Inverter Based Resources/Storage\Wind Turbines IEC 61400-27-1\Generator Set Type 3B.BlkDef\GradLim_pos.BlkRef,0,,,,,GradLim_pos
Limits,,\VM-PF.IntUser\PDD 31-12-2024.IntPrj\Library.IntPrjfolder\User Defined Models.IntPrjfolder\Matafongo 1 y 2\5.2MW_plant.IntFolder\Library\DIgSILENT Library\Dynamic Models\Inverter Based Resources/Storage\Wind Turbines IEC 61400-27-1\Generator Set Type 3B.BlkDef\Limits.BlkRef,0,,,,,Limits
Limits_top,,\VM-PF.IntUser\PDD 31-12-2024.IntPrj\Library.IntPrjfolder\User Defined Models.IntPrjfolder\Matafongo 1 y 2\5.2MW_plant.IntFolder\Library\DIgSILENT Library\Dynamic Models\Inverter Based Resources/Storage\Wind Turbines IEC 61400-27-1\Generator Set Type 3B.BlkDef\Limits_top.BlkRef,0,,,,,Limits_top
ReIm-dq,,\VM-PF.IntUser\PDD 31-12-2024.IntPrj\Library.IntPrjfolder\User Defined Models.IntPrjfolder\Matafongo 1 y 2\5.2MW_plant.IntFolder\Library\DIgSILENT Library\Dynamic Models\Inverter Based Resources/Storage\Wind Turbines IEC 61400-27-1\Generator Set Type 3B.BlkDef\ReIm-dq.BlkRef,0,,,,,ReIm-dq
dq-ReIm,,\VM-PF.IntUser\PDD 31-12-2024.IntPrj\Library.IntPrjfolder\User Defined Models.IntPrjfolder\Matafongo 1 y 2\5.2MW_plant.IntFolder\Library\DIgSILENT Library\Dynamic Models\Inverter Based Resources/Storage\Wind Turbines IEC 61400-27-1\Generator Set Type 3B.BlkDef\dq-ReIm.BlkRef,0,,,,,dq-ReIm
crowbar,,\VM-PF.IntUser\PDD 31-12-2024.IntPrj\Library.IntPrjfolder\User Defined Models.IntPrjfolder\Matafongo 1 y 2\5.2MW_plant.IntFolder\Library\DIgSILENT Library\Dynamic Models\Inverter Based Resources/Storage\Wind Turbines IEC 61400-27-1\Generator Set Type 3B.BlkDef\crowbar.BlkRef,0,,,,,crowbar
sT/(1+sT)_,,\VM-PF.IntUser\PDD 31-12-2024.IntPrj\Library.IntPrjfolder\User Defined Models.IntPrjfolder\Matafongo 1 y 2\5.2MW_plant.IntFolder\Library\DIgSILENT Library\Dynamic Models\Inverter Based Resources/Storage\Wind Turbines IEC 61400-27-1\Generator Set Type 3B.BlkDef\sT/(1+sT)_.BlkRef,0,,,,,sT/(1+sT)_
1/(1+sT),,\VM-PF.IntUser\PDD 31-12-2024.IntPrj\Library.IntPrjfolder\User Defined Models.IntPrjfolder\Matafongo 1 y 2\5.2MW_plant.IntFolder\Library\DIgSILENT Library\Dynamic Models\Inverter Based Resources/Storage\Wind Turbines IEC 61400-27-1\Pitch Angle Control.BlkDef\1/(1+sT).BlkRef,0,,,,,1/(1+sT)
Block Reference,,\VM-PF.IntUser\PDD 31-12-2024.IntPrj\Library.IntPrjfolder\User Defined Models.IntPrjfolder\Matafongo 1 y 2\5.2MW_plant.IntFolder\Library\DIgSILENT Library\Dynamic Models\Inverter Based Resources/Storage\Wind Turbines IEC 61400-27-1\Pitch Angle Control.BlkDef\Block Reference.BlkRef,0,,,,,Rate limiter {p;p}
Block Reference(2),,\VM-PF.IntUser\PDD 31-12-2024.IntPrj\Library.IntPrjfolder\User Defined Models.IntPrjfolder\Matafongo 1 y 2\5.2MW_plant.IntFolder\Library\DIgSILENT Library\Dynamic Models\Inverter Based Resources/Storage\Wind Turbines IEC 61400-27-1\Pitch Angle Control.BlkDef\Block Reference(2).BlkRef,0,,,,,Rate limiter {p;p}
K,,\VM-PF.IntUser\PDD 31-12-2024.IntPrj\Library.IntPrjfolder\User Defined Models.IntPrjfolder\Matafongo 1 y 2\5.2MW_plant.IntFolder\Library\DIgSILENT Library\Dynamic Models\Inverter Based Resources/Storage\Wind Turbines IEC 61400-27-1\Pitch Angle Control.BlkDef\K.BlkRef,0,,,,,K
K_1,,\VM-PF.IntUser\PDD 31-12-2024.IntPrj\Library.IntPrjfolder\User Defined Models.IntPrjfolder\Matafongo 1 y 2\5.2MW_plant.IntFolder\Library\DIgSILENT Library\Dynamic Models\Inverter Based Resources/Storage\Wind Turbines IEC 61400-27-1\Pitch Angle Control.BlkDef\K_1.BlkRef,0,,,,,K
K_2,,\VM-PF.IntUser\PDD 31-12-2024.IntPrj\Library.IntPrjfolder\User Defined Models.IntPrjfolder\Matafongo 1 y 2\5.2MW_plant.IntFolder\Library\DIgSILENT Library\Dynamic Models\Inverter Based Resources/Storage\Wind Turbines IEC 61400-27-1\Pitch Angle Control.BlkDef\K_2.BlkRef,0,,,,,K
Limits,,\VM-PF.IntUser\PDD 31-12-2024.IntPrj\Library.IntPrjfolder\User Defined Models.IntPrjfolder\Matafongo 1 y 2\5.2MW_plant.IntFolder\Library\DIgSILENT Library\Dynamic Models\Inverter Based Resources/Storage\Wind Turbines IEC 61400-27-1\Pitch Angle Control.BlkDef\Limits.BlkRef,0,,,,,Limits
Limits_1,,\VM-PF.IntUser\PDD 31-12-2024.IntPrj\Library.IntPrjfolder\User Defined Models.IntPrjfolder\Matafongo 1 y 2\5.2MW_plant.IntFolder\Library\DIgSILENT Library\Dynamic Models\Inverter Based Resources/Storage\Wind Turbines IEC 61400-27-1\Pitch Angle Control.BlkDef\Limits_1.BlkRef,0,,,,,Limits
[K/s],,\VM-PF.IntUser\PDD 31-12-2024.IntPrj\Library.IntPrjfolder\User Defined Models.IntPrjfolder\Matafongo 1 y 2\5.2MW_plant.IntFolder\Library\DIgSILENT Library\Dynamic Models\Inverter Based Resources/Storage\Wind Turbines IEC 61400-27-1\Pitch Angle Control.BlkDef\[K/s].BlkRef,0,,,,,[K/s]
[K/s]_1,,\VM-PF.IntUser\PDD 31-12-2024.IntPrj\Library.IntPrjfolder\User Defined Models.IntPrjfolder\Matafongo 1 y 2\5.2MW_plant.IntFolder\Library\DIgSILENT Library\Dynamic Models\Inverter Based Resources/Storage\Wind Turbines IEC 61400-27-1\Pitch Angle Control.BlkDef\[K/s]_1.BlkRef,0,,,,,[K/s]
1/(1+sT)_2,,\VM-PF.IntUser\PDD 31-12-2024.IntPrj\Library.IntPrjfolder\User Defined Models.IntPrjfolder\Matafongo 1 y 2\5.2MW_plant.IntFolder\Library\DIgSILENT Library\Dynamic Models\Inverter Based Resources/Storage\Wind Turbines IEC 61400-27-1\P Control Type 3.BlkDef\1/(1+sT)_2.BlkRef,0,,,,,1/(1+sT)
1/(1+sT)_4,,\VM-PF.IntUser\PDD 31-12-2024.IntPrj\Library.IntPrjfolder\User Defined Models.IntPrjfolder\Matafongo 1 y 2\5.2MW_plant.IntFolder\Library\DIgSILENT Library\Dynamic Models\Inverter Based Resources/Storage\Wind Turbines IEC 61400-27-1\P Control Type 3.BlkDef\1/(1+sT)_4.BlkRef,0,,,,,1/(1+sT)
1/(1+sT)_lim,,\VM-PF.IntUser\PDD 31-12-2024.IntPrj\Library.IntPrjfolder\User Defined Models.IntPrjfolder\Matafongo 1 y 2\5.2MW_plant.IntFolder\Library\DIgSILENT Library\Dynamic Models\Inverter Based Resources/Storage\Wind Turbines IEC 61400-27-1\P Control Type 3.BlkDef\1/(1+sT)_lim.BlkRef,0,,,,,1/(1+sT)_lim
Block Reference,,\VM-PF.IntUser\PDD 31-12-2024.IntPrj\Library.IntPrjfolder\User Defined Models.IntPrjfolder\Matafongo 1 y 2\5.2MW_plant.IntFolder\Library\DIgSILENT Library\Dynamic Models\Inverter Based Resources/Storage\Wind Turbines IEC 61400-27-1\P Control Type 3.BlkDef\Block Reference.BlkRef,0,,,,,Limit lower [p;
Block Reference(1),,\VM-PF.IntUser\PDD 31-12-2024.IntPrj\Library.IntPrjfolder\User Defined Models.IntPrjfolder\Matafongo 1 y 2\5.2MW_plant.IntFolder\Library\DIgSILENT Library\Dynamic Models\Inverter Based Resources/Storage\Wind Turbines IEC 61400-27-1\P Control Type 3.BlkDef\Block Reference(1).BlkRef,0,,,,,Switch
Block Reference(2),,\VM-PF.IntUser\PDD 31-12-2024.IntPrj\Library.IntPrjfolder\User Defined Models.IntPrjfolder\Matafongo 1 y 2\5.2MW_plant.IntFolder\Library\DIgSILENT Library\Dynamic Models\Inverter Based Resources/Storage\Wind Turbines IEC 61400-27-1\P Control Type 3.BlkDef\Block Reference(2).BlkRef,0,,,,,Switch
Block Reference(3),,\VM-PF.IntUser\PDD 31-12-2024.IntPrj\Library.IntPrjfolder\User Defined Models.IntPrjfolder\Matafongo 1 y 2\5.2MW_plant.IntFolder\Library\DIgSILENT Library\Dynamic Models\Inverter Based Resources/Storage\Wind Turbines IEC 61400-27-1\P Control Type 3.BlkDef\Block Reference(3).BlkRef,0,,,,,Switch1
Block Reference(4),,\VM-PF.IntUser\PDD 31-12-2024.IntPrj\Library.IntPrjfolder\User Defined Models.IntPrjfolder\Matafongo 1 y 2\5.2MW_plant.IntFolder\Library\DIgSILENT Library\Dynamic Models\Inverter Based Resources/Storage\Wind Turbines IEC 61400-27-1\P Control Type 3.BlkDef\Block Reference(4).BlkRef,0,,,,,U Scaling
GradLim,,\VM-PF.IntUser\PDD 31-12-2024.IntPrj\Library.IntPrjfolder\User Defined Models.IntPrjfolder\Matafongo 1 y 2\5.2MW_plant.IntFolder\Library\DIgSILENT Library\Dynamic Models\Inverter Based Resources/Storage\Wind Turbines IEC 61400-27-1\P Control Type 3.BlkDef\GradLim.BlkRef,0,,,,,GradLim
Limits,,\VM-PF.IntUser\PDD 31-12-2024.IntPrj\Library.IntPrjfolder\User Defined Models.IntPrjfolder\Matafongo 1 y 2\5.2MW_plant.IntFolder\Library\DIgSILENT Library\Dynamic Models\Inverter Based Resources/Storage\Wind Turbines IEC 61400-27-1\P Control Type 3.BlkDef\Limits.BlkRef,0,,,,,Limits
Lookup Table,,\VM-PF.IntUser\PDD 31-12-2024.IntPrj\Library.IntPrjfolder\User Defined Models.IntPrjfolder\Matafongo 1 y 2\5.2MW_plant.IntFolder\Library\DIgSILENT Library\Dynamic Models\Inverter Based Resources/Storage\Wind Turbines IEC 61400-27-1\P Control Type 3.BlkDef\Lookup Table.BlkRef,0,,,,,Lookup Table
Rramp1_1,,\VM-PF.IntUser\PDD 31-12-2024.IntPrj\Library.IntPrjfolder\User Defined Models.IntPrjfolder\Matafongo 1 y 2\5.2MW_plant.IntFolder\Library\DIgSILENT Library\Dynamic Models\Inverter Based Resources/Storage\Wind Turbines IEC 61400-27-1\P Control Type 3.BlkDef\Rramp1_1.BlkRef,0,,,,,Const
sA1/(B0+sB1+ss),,\VM-PF.IntUser\PDD 31-12-2024.IntPrj\Library.IntPrjfolder\User Defined Models.IntPrjfolder\Matafongo 1 y 2\5.2MW_plant.IntFolder\Library\DIgSILENT Library\Dynamic Models\Inverter Based Resources/Storage\Wind Turbines IEC 61400-27-1\P Control Type 3.BlkDef\sA1/(B0+sB1+ss).BlkRef,0,,,,,s2Kzw/(ss+s2zw+ww)
type 3 torque PI,,\VM-PF.IntUser\PDD 31-12-2024.IntPrj\Library.IntPrjfolder\User Defined Models.IntPrjfolder\Matafongo 1 y 2\5.2MW_plant.IntFolder\Library\DIgSILENT Library\Dynamic Models\Inverter Based Resources/Storage\Wind Turbines IEC 61400-27-1\P Control Type 3.BlkDef\type 3 torque PI.BlkRef,0,,,,,type 3 torque PI
0,,\VM-PF.IntUser\PDD 31-12-2024.IntPrj\Library.IntPrjfolder\User Defined Models.IntPrjfolder\Matafongo 1 y 2\5.2MW_plant.IntFolder\Library\DIgSILENT Library\Dynamic Models\Inverter Based Resources/Storage\Wind Turbines IEC 61400-27-1\P Control Type 3.BlkDef\Used Macros\type 3 torque PI.BlkDef\0.BlkRef,0,,,,,0
0_1,,\VM-PF.IntUser\PDD 31-12-2024.IntPrj\Library.IntPrjfolder\User Defined Models.IntPrjfolder\Matafongo 1 y 2\5.2MW_plant.IntFolder\Library\DIgSILENT Library\Dynamic Models\Inverter Based Resources/Storage\Wind Turbines IEC 61400-27-1\P Control Type 3.BlkDef\Used Macros\type 3 torque PI.BlkDef\0_1.BlkRef,0,,,,,0
0_1(1),,\VM-PF.IntUser\PDD 31-12-2024.IntPrj\Library.IntPrjfolder\User Defined Models.IntPrjfolder\Matafongo 1 y 2\5.2MW_plant.IntFolder\Library\DIgSILENT Library\Dynamic Models\Inverter Based Resources/Storage\Wind Turbines IEC 61400-27-1\P Control Type 3.BlkDef\Used Macros\type 3 torque PI.BlkDef\0_1(1).BlkRef,0,,,,,1
0_2,,\VM-PF.IntUser\PDD 31-12-2024.IntPrj\Library.IntPrjfolder\User Defined Models.IntPrjfolder\Matafongo 1 y 2\5.2MW_plant.IntFolder\Library\DIgSILENT Library\Dynamic Models\Inverter Based Resources/Storage\Wind Turbines IEC 61400-27-1\P Control Type 3.BlkDef\Used Macros\type 3 torque PI.BlkDef\0_2.BlkRef,0,,,,,0
1/s_reset_set,,\VM-PF.IntUser\PDD 31-12-2024.IntPrj\Library.IntPrjfolder\User Defined Models.IntPrjfolder\Matafongo 1 y 2\5.2MW_plant.IntFolder\Library\DIgSILENT Library\Dynamic Models\Inverter Based Resources/Storage\Wind Turbines IEC 61400-27-1\P Control Type 3.BlkDef\Used Macros\type 3 torque PI.BlkDef\1/s_reset_set.BlkRef,0,,,,,1/s_reset_set
Const,,\VM-PF.IntUser\PDD 31-12-2024.IntPrj\Library.IntPrjfolder\User Defined Models.IntPrjfolder\Matafongo 1 y 2\5.2MW_plant.IntFolder\Library\DIgSILENT Library\Dynamic Models\Inverter Based Resources/Storage\Wind Turbines IEC 61400-27-1\P Control Type 3.BlkDef\Used Macros\type 3 torque PI.BlkDef\Const.BlkRef,0,,,,,Const
Const(4),,\VM-PF.IntUser\PDD 31-12-2024.IntPrj\Library.IntPrjfolder\User Defined Models.IntPrjfolder\Matafongo 1 y 2\5.2MW_plant.IntFolder\Library\DIgSILENT Library\Dynamic Models\Inverter Based Resources/Storage\Wind Turbines IEC 61400-27-1\P Control Type 3.BlkDef\Used Macros\type 3 torque PI.BlkDef\Const(4).BlkRef,0,,,,,Const
Const_1,,\VM-PF.IntUser\PDD 31-12-2024.IntPrj\Library.IntPrjfolder\User Defined Models.IntPrjfolder\Matafongo 1 y 2\5.2MW_plant.IntFolder\Library\DIgSILENT Library\Dynamic Models\Inverter Based Resources/Storage\Wind Turbines IEC 61400-27-1\P Control Type 3.BlkDef\Used Macros\type 3 torque PI.BlkDef\Const_1.BlkRef,0,,,,,Const
Const_2,,\VM-PF.IntUser\PDD 31-12-2024.IntPrj\Library.IntPrjfolder\User Defined Models.IntPrjfolder\Matafongo 1 y 2\5.2MW_plant.IntFolder\Library\DIgSILENT Library\Dynamic Models\Inverter Based Resources/Storage\Wind Turbines IEC 61400-27-1\P Control Type 3.BlkDef\Used Macros\type 3 torque PI.BlkDef\Const_2.BlkRef,0,,,,,Const
Const_3,,\VM-PF.IntUser\PDD 31-12-2024.IntPrj\Library.IntPrjfolder\User Defined Models.IntPrjfolder\Matafongo 1 y 2\5.2MW_plant.IntFolder\Library\DIgSILENT Library\Dynamic Models\Inverter Based Resources/Storage\Wind Turbines IEC 61400-27-1\P Control Type 3.BlkDef\Used Macros\type 3 torque PI.BlkDef\Const_3.BlkRef,0,,,,,Const
Const_5,,\VM-PF.IntUser\PDD 31-12-2024.IntPrj\Library.IntPrjfolder\User Defined Models.IntPrjfolder\Matafongo 1 y 2\5.2MW_plant.IntFolder\Library\DIgSILENT Library\Dynamic Models\Inverter Based Resources/Storage\Wind Turbines IEC 61400-27-1\P Control Type 3.BlkDef\Used Macros\type 3 torque PI.BlkDef\Const_5.BlkRef,0,,,,,Const
DelayFallback,,\VM-PF.IntUser\PDD 31-12-2024.IntPrj\Library.IntPrjfolder\User Defined Models.IntPrjfolder\Matafongo 1 y 2\5.2MW_plant.IntFolder\Library\DIgSILENT Library\Dynamic Models\Inverter Based Resources/Storage\Wind Turbines IEC 61400-27-1\P Control Type 3.BlkDef\Used Macros\type 3 torque PI.BlkDef\DelayFallback.BlkRef,0,,,,,DelayFallback
GradLim_pos,,\VM-PF.IntUser\PDD 31-12-2024.IntPrj\Library.IntPrjfolder\User Defined Models.IntPrjfolder\Matafongo 1 y 2\5.2MW_plant.IntFolder\Library\DIgSILENT Library\Dynamic Models\Inverter Based Resources/Storage\Wind Turbines IEC 61400-27-1\P Control Type 3.BlkDef\Used Macros\type 3 torque PI.BlkDef\GradLim_pos.BlkRef,0,,,,,GradLim_pos
K,,\VM-PF.IntUser\PDD 31-12-2024.IntPrj\Library.IntPrjfolder\User Defined Models.IntPrjfolder\Matafongo 1 y 2\5.2MW_plant.IntFolder\Library\DIgSILENT Library\Dynamic Models\Inverter Based Resources/Storage\Wind Turbines IEC 61400-27-1\P Control Type 3.BlkDef\Used Macros\type 3 torque PI.BlkDef\K.BlkRef,0,,,,,K
K_1,,\VM-PF.IntUser\PDD 31-12-2024.IntPrj\Library.IntPrjfolder\User Defined Models.IntPrjfolder\Matafongo 1 y 2\5.2MW_plant.IntFolder\Library\DIgSILENT Library\Dynamic Models\Inverter Based Resources/Storage\Wind Turbines IEC 61400-27-1\P Control Type 3.BlkDef\Used Macros\type 3 torque PI.BlkDef\K_1.BlkRef,0,,,,,K
Ki/Kps_reset_set,,\VM-PF.IntUser\PDD 31-12-2024.IntPrj\Library.IntPrjfolder\User Defined Models.IntPrjfolder\Matafongo 1 y 2\5.2MW_plant.IntFolder\Library\DIgSILENT Library\Dynamic Models\Inverter Based Resources/Storage\Wind Turbines IEC 61400-27-1\P Control Type 3.BlkDef\Used Macros\type 3 torque PI.BlkDef\Ki/Kps_reset_set.BlkRef,0,,,,,Ki/Kps_reset_set_freeze
LargerThan,,\VM-PF.IntUser\PDD 31-12-2024.IntPrj\Library.IntPrjfolder\User Defined Models.IntPrjfolder\Matafongo 1 y 2\5.2MW_plant.IntFolder\Library\DIgSILENT Library\Dynamic Models\Inverter Based Resources/Storage\Wind Turbines IEC 61400-27-1\P Control Type 3.BlkDef\Used Macros\type 3 torque PI.BlkDef\LargerThan.BlkRef,0,,,,,LargerThan
Limits_top,,\VM-PF.IntUser\PDD 31-12-2024.IntPrj\Library.IntPrjfolder\User Defined Models.IntPrjfolder\Matafongo 1 y 2\5.2MW_plant.IntFolder\Library\DIgSILENT Library\Dynamic Models\Inverter Based Resources/Storage\Wind Turbines IEC 61400-27-1\P Control Type 3.BlkDef\Used Macros\type 3 torque PI.BlkDef\Limits_top.BlkRef,0,,,,,Limits_top
SmallerThan,,\VM-PF.IntUser\PDD 31-12-2024.IntPrj\Library.IntPrjfolder\User Defined Models.IntPrjfolder\Matafongo 1 y 2\5.2MW_plant.IntFolder\Library\DIgSILENT Library\Dynamic Models\Inverter Based Resources/Storage\Wind Turbines IEC 61400-27-1\P Control Type 3.BlkDef\Used Macros\type 3 torque PI.BlkDef\SmallerThan.BlkRef,0,,,,,SmallerThan
SmallerThan_1,,\VM-PF.IntUser\PDD 31-12-2024.IntPrj\Library.IntPrjfolder\User Defined Models.IntPrjfolder\Matafongo 1 y 2\5.2MW_plant.IntFolder\Library\DIgSILENT Library\Dynamic Models\Inverter Based Resources/Storage\Wind Turbines IEC 61400-27-1\P Control Type 3.BlkDef\Used Macros\type 3 torque PI.BlkDef\SmallerThan_1.BlkRef,0,,,,,SmallerThan
logic >eq,,\VM-PF.IntUser\PDD 31-12-2024.IntPrj\Library.IntPrjfolder\User Defined Models.IntPrjfolder\Matafongo 1 y 2\5.2MW_plant.IntFolder\Library\DIgSILENT Library\Dynamic Models\Inverter Based Resources/Storage\Wind Turbines IEC 61400-27-1\P Control Type 3.BlkDef\Used Macros\type 3 torque PI.BlkDef\logic >eq.BlkRef,0,,,,,logic >eq
logic and,,\VM-PF.IntUser\PDD 31-12-2024.IntPrj\Library.IntPrjfolder\User Defined Models.IntPrjfolder\Matafongo 1 y 2\5.2MW_plant.IntFolder\Library\DIgSILENT Library\Dynamic Models\Inverter Based Resources/Storage\Wind Turbines IEC 61400-27-1\P Control Type 3.BlkDef\Used Macros\type 3 torque PI.BlkDef\logic and.BlkRef,0,,,,,logic and
logic or,,\VM-PF.IntUser\PDD 31-12-2024.IntPrj\Library.IntPrjfolder\User Defined Models.IntPrjfolder\Matafongo 1 y 2\5.2MW_plant.IntFolder\Library\DIgSILENT Library\Dynamic Models\Inverter Based Resources/Storage\Wind Turbines IEC 61400-27-1\P Control Type 3.BlkDef\Used Macros\type 3 torque PI.BlkDef\logic or.BlkRef,0,,,,,logic or
logic or_,,\VM-PF.IntUser\PDD 31-12-2024.IntPrj\Library.IntPrjfolder\User Defined Models.IntPrjfolder\Matafongo 1 y 2\5.2MW_plant.IntFolder\Library\DIgSILENT Library\Dynamic Models\Inverter Based Resources/Storage\Wind Turbines IEC 61400-27-1\P Control Type 3.BlkDef\Used Macros\type 3 torque PI.BlkDef\logic or_.BlkRef,0,,,,,logic or_
min,,\VM-PF.IntUser\PDD 31-12-2024.IntPrj\Library.IntPrjfolder\User Defined Models.IntPrjfolder\Matafongo 1 y 2\5.2MW_plant.IntFolder\Library\DIgSILENT Library\Dynamic Models\Inverter Based Resources/Storage\Wind Turbines IEC 61400-27-1\P Control Type 3.BlkDef\Used Macros\type 3 torque PI.BlkDef\min.BlkRef,0,,,,,min_3
min_1,,\VM-PF.IntUser\PDD 31-12-2024.IntPrj\Library.IntPrjfolder\User Defined Models.IntPrjfolder\Matafongo 1 y 2\5.2MW_plant.IntFolder\Library\DIgSILENT Library\Dynamic Models\Inverter Based Resources/Storage\Wind Turbines IEC 61400-27-1\P Control Type 3.BlkDef\Used Macros\type 3 torque PI.BlkDef\min_1.BlkRef,0,,,,,min
-1,,\VM-PF.IntUser\PDD 31-12-2024.IntPrj\Library.IntPrjfolder\User Defined Models.IntPrjfolder\Matafongo 1 y 2\5.2MW_plant.IntFolder\Library\DIgSILENT Library\Dynamic Models\Inverter Based Resources/Storage\Wind Turbines IEC 61400-27-1\Current Limitation.BlkDef\-1.BlkRef,0,,,,,-1
Const,,\VM-PF.IntUser\PDD 31-12-2024.IntPrj\Library.IntPrjfolder\User Defined Models.IntPrjfolder\Matafongo 1 y 2\5.2MW_plant.IntFolder\Library\DIgSILENT Library\Dynamic Models\Inverter Based Resources/Storage\Wind Turbines IEC 61400-27-1\Current Limitation.BlkDef\Const.BlkRef,0,,,,,Const
Const_1,,\VM-PF.IntUser\PDD 31-12-2024.IntPrj\Library.IntPrjfolder\User Defined Models.IntPrjfolder\Matafongo 1 y 2\5.2MW_plant.IntFolder\Library\DIgSILENT Library\Dynamic Models\Inverter Based Resources/Storage\Wind Turbines IEC 61400-27-1\Current Limitation.BlkDef\Const_1.BlkRef,0,,,,,Const
Const_2,,\VM-PF.IntUser\PDD 31-12-2024.IntPrj\Library.IntPrjfolder\User Defined Models.IntPrjfolder\Matafongo 1 y 2\5.2MW_plant.IntFolder\Library\DIgSILENT Library\Dynamic Models\Inverter Based Resources/Storage\Wind Turbines IEC 61400-27-1\Current Limitation.BlkDef\Const_2.BlkRef,0,,,,,Const
ref1,,\VM-PF.IntUser\PDD 31-12-2024.IntPrj\Library.IntPrjfolder\User Defined Models.IntPrjfolder\Matafongo 1 y 2\5.2MW_plant.IntFolder\Library\DIgSILENT Library\Dynamic Models\Inverter Based Resources/Storage\Wind Turbines IEC 61400-27-1\Current Limitation.BlkDef\ref1.BlkRef,0,,,,,FLT_Selp
FLT_Selq,,\VM-PF.IntUser\PDD 31-12-2024.IntPrj\Library.IntPrjfolder\User Defined Models.IntPrjfolder\Matafongo 1 y 2\5.2MW_plant.IntFolder\Library\DIgSILENT Library\Dynamic Models\Inverter Based Resources/Storage\Wind Turbines IEC 61400-27-1\Current Limitation.BlkDef\FLT_Selq.BlkRef,0,,,,,FLT_Selq
switch_,,\VM-PF.IntUser\PDD 31-12-2024.IntPrj\Library.IntPrjfolder\User Defined Models.IntPrjfolder\Matafongo 1 y 2\5.2MW_plant.IntFolder\Library\DIgSILENT Library\Dynamic Models\Inverter Based Resources/Storage\Wind Turbines IEC 61400-27-1\Current Limitation.BlkDef\switch_.BlkRef,0,,,,,switch_
K,,\VM-PF.IntUser\PDD 31-12-2024.IntPrj\Library.IntPrjfolder\User Defined Models.IntPrjfolder\Matafongo 1 y 2\5.2MW_plant.IntFolder\Library\DIgSILENT Library\Dynamic Models\Inverter Based Resources/Storage\Wind Turbines IEC 61400-27-1\Current Limitation.BlkDef\K.BlkRef,0,,,,,K
Lookup Table,,\VM-PF.IntUser\PDD 31-12-2024.IntPrj\Library.IntPrjfolder\User Defined Models.IntPrjfolder\Matafongo 1 y 2\5.2MW_plant.IntFolder\Library\DIgSILENT Library\Dynamic Models\Inverter Based Resources/Storage\Wind Turbines IEC 61400-27-1\Current Limitation.BlkDef\Lookup Table.BlkRef,0,,,,,Lookup Table
Lookup Table_1,,\VM-PF.IntUser\PDD 31-12-2024.IntPrj\Library.IntPrjfolder\User Defined Models.IntPrjfolder\Matafongo 1 y 2\5.2MW_plant.IntFolder\Library\DIgSILENT Library\Dynamic Models\Inverter Based Resources/Storage\Wind Turbines IEC 61400-27-1\Current Limitation.BlkDef\Lookup Table_1.BlkRef,0,,,,,Lookup Table
abs-block,,\VM-PF.IntUser\PDD 31-12-2024.IntPrj\Library.IntPrjfolder\User Defined Models.IntPrjfolder\Matafongo 1 y 2\5.2MW_plant.IntFolder\Library\DIgSILENT Library\Dynamic Models\Inverter Based Resources/Storage\Wind Turbines IEC 61400-27-1\Current Limitation.BlkDef\abs-block.BlkRef,0,,,,,abs-block
min__2,,\VM-PF.IntUser\PDD 31-12-2024.IntPrj\Library.IntPrjfolder\User Defined Models.IntPrjfolder\Matafongo 1 y 2\5.2MW_plant.IntFolder\Library\DIgSILENT Library\Dynamic Models\Inverter Based Resources/Storage\Wind Turbines IEC 61400-27-1\Current Limitation.BlkDef\min__2.BlkRef,0,,,,,min_
min_3,,\VM-PF.IntUser\PDD 31-12-2024.IntPrj\Library.IntPrjfolder\User Defined Models.IntPrjfolder\Matafongo 1 y 2\5.2MW_plant.IntFolder\Library\DIgSILENT Library\Dynamic Models\Inverter Based Resources/Storage\Wind Turbines IEC 61400-27-1\Current Limitation.BlkDef\min_3.BlkRef,0,,,,,min_
min__1,,\VM-PF.IntUser\PDD 31-12-2024.IntPrj\Library.IntPrjfolder\User Defined Models.IntPrjfolder\Matafongo 1 y 2\5.2MW_plant.IntFolder\Library\DIgSILENT Library\Dynamic Models\Inverter Based Resources/Storage\Wind Turbines IEC 61400-27-1\Current Limitation.BlkDef\min__1.BlkRef,0,,,,,min_
iqmx_sel,,\VM-PF.IntUser\PDD 31-12-2024.IntPrj\Library.IntPrjfolder\User Defined Models.IntPrjfolder\Matafongo 1 y 2\5.2MW_plant.IntFolder\Library\DIgSILENT Library\Dynamic Models\Inverter Based Resources/Storage\Wind Turbines IEC 61400-27-1\Current Limitation.BlkDef\iqmx_sel.BlkRef,0,,,,,iqmx_sel
min_,,\VM-PF.IntUser\PDD 31-12-2024.IntPrj\Library.IntPrjfolder\User Defined Models.IntPrjfolder\Matafongo 1 y 2\5.2MW_plant.IntFolder\Library\DIgSILENT Library\Dynamic Models\Inverter Based Resources/Storage\Wind Turbines IEC 61400-27-1\Current Limitation.BlkDef\min_.BlkRef,0,,,,,min_
sqr_,,\VM-PF.IntUser\PDD 31-12-2024.IntPrj\Library.IntPrjfolder\User Defined Models.IntPrjfolder\Matafongo 1 y 2\5.2MW_plant.IntFolder\Library\DIgSILENT Library\Dynamic Models\Inverter Based Resources/Storage\Wind Turbines IEC 61400-27-1\Current Limitation.BlkDef\sqr_.BlkRef,0,,,,,sqr_
sqr__2,,\VM-PF.IntUser\PDD 31-12-2024.IntPrj\Library.IntPrjfolder\User Defined Models.IntPrjfolder\Matafongo 1 y 2\5.2MW_plant.IntFolder\Library\DIgSILENT Library\Dynamic Models\Inverter Based Resources/Storage\Wind Turbines IEC 61400-27-1\Current Limitation.BlkDef\sqr__2.BlkRef,0,,,,,sqr_
sqr__1,,\VM-PF.IntUser\PDD 31-12-2024.IntPrj\Library.IntPrjfolder\User Defined Models.IntPrjfolder\Matafongo 1 y 2\5.2MW_plant.IntFolder\Library\DIgSILENT Library\Dynamic Models\Inverter Based Resources/Storage\Wind Turbines IEC 61400-27-1\Current Limitation.BlkDef\sqr__1.BlkRef,0,,,,,sqr_
sqrt_,,\VM-PF.IntUser\PDD 31-12-2024.IntPrj\Library.IntPrjfolder\User Defined Models.IntPrjfolder\Matafongo 1 y 2\5.2MW_plant.IntFolder\Library\DIgSILENT Library\Dynamic Models\Inverter Based Resources/Storage\Wind Turbines IEC 61400-27-1\Current Limitation.BlkDef\sqrt_.BlkRef,0,,,,,sqrt_
sqrt__1,,\VM-PF.IntUser\PDD 31-12-2024.IntPrj\Library.IntPrjfolder\User Defined Models.IntPrjfolder\Matafongo 1 y 2\5.2MW_plant.IntFolder\Library\DIgSILENT Library\Dynamic Models\Inverter Based Resources/Storage\Wind Turbines IEC 61400-27-1\Current Limitation.BlkDef\sqrt__1.BlkRef,0,,,,,sqrt_
Const,,\VM-PF.IntUser\PDD 31-12-2024.IntPrj\Library.IntPrjfolder\User Defined Models.IntPrjfolder\Matafongo 1 y 2\5.2MW_plant.IntFolder\Library\DIgSILENT Library\Dynamic Models\Inverter Based Resources/Storage\Wind Turbines IEC 61400-27-1\Q Control.BlkDef\Const.BlkRef,0,,,,,Const
LVRT detect,,\VM-PF.IntUser\PDD 31-12-2024.IntPrj\Library.IntPrjfolder\User Defined Models.IntPrjfolder\Matafongo 1 y 2\5.2MW_plant.IntFolder\Library\DIgSILENT Library\Dynamic Models\Inverter Based Resources/Storage\Wind Turbines IEC 61400-27-1\Q Control.BlkDef\LVRT detect.BlkRef,0,,,,,FRT detect
IQLVRT,,\VM-PF.IntUser\PDD 31-12-2024.IntPrj\Library.IntPrjfolder\User Defined Models.IntPrjfolder\Matafongo 1 y 2\5.2MW_plant.IntFolder\Library\DIgSILENT Library\Dynamic Models\Inverter Based Resources/Storage\Wind Turbines IEC 61400-27-1\Q Control.BlkDef\IQLVRT.BlkRef,0,,,,,IQLVRT
K,,\VM-PF.IntUser\PDD 31-12-2024.IntPrj\Library.IntPrjfolder\User Defined Models.IntPrjfolder\Matafongo 1 y 2\5.2MW_plant.IntFolder\Library\DIgSILENT Library\Dynamic Models\Inverter Based Resources/Storage\Wind Turbines IEC 61400-27-1\Q Control.BlkDef\K.BlkRef,0,,,,,K
K_1,,\VM-PF.IntUser\PDD 31-12-2024.IntPrj\Library.IntPrjfolder\User Defined Models.IntPrjfolder\Matafongo 1 y 2\5.2MW_plant.IntFolder\Library\DIgSILENT Library\Dynamic Models\Inverter Based Resources/Storage\Wind Turbines IEC 61400-27-1\Q Control.BlkDef\K_1.BlkRef,0,,,,,[K]_selector
Lim_Freeze,,\VM-PF.IntUser\PDD 31-12-2024.IntPrj\Library.IntPrjfolder\User Defined Models.IntPrjfolder\Matafongo 1 y 2\5.2MW_plant.IntFolder\Library\DIgSILENT Library\Dynamic Models\Inverter Based Resources/Storage\Wind Turbines IEC 61400-27-1\Q Control.BlkDef\Lim_Freeze.BlkRef,0,,,,,Lim_Freeze
Limits,,\VM-PF.IntUser\PDD 31-12-2024.IntPrj\Library.IntPrjfolder\User Defined Models.IntPrjfolder\Matafongo 1 y 2\5.2MW_plant.IntFolder\Library\DIgSILENT Library\Dynamic Models\Inverter Based Resources/Storage\Wind Turbines IEC 61400-27-1\Q Control.BlkDef\Limits.BlkRef,0,,,,,Limits
Mol,,\VM-PF.IntUser\PDD 31-12-2024.IntPrj\Library.IntPrjfolder\User Defined Models.IntPrjfolder\Matafongo 1 y 2\5.2MW_plant.IntFolder\Library\DIgSILENT Library\Dynamic Models\Inverter Based Resources/Storage\Wind Turbines IEC 61400-27-1\Q Control.BlkDef\Mol.BlkRef,0,,,,,Mol
Mpf,,\VM-PF.IntUser\PDD 31-12-2024.IntPrj\Library.IntPrjfolder\User Defined Models.IntPrjfolder\Matafongo 1 y 2\5.2MW_plant.IntFolder\Library\DIgSILENT Library\Dynamic Models\Inverter Based Resources/Storage\Wind Turbines IEC 61400-27-1\Q Control.BlkDef\Mpf.BlkRef,0,,,,,Mpf
Mu,,\VM-PF.IntUser\PDD 31-12-2024.IntPrj\Library.IntPrjfolder\User Defined Models.IntPrjfolder\Matafongo 1 y 2\5.2MW_plant.IntFolder\Library\DIgSILENT Library\Dynamic Models\Inverter Based Resources/Storage\Wind Turbines IEC 61400-27-1\Q Control.BlkDef\Mu.BlkRef,0,,,,,Mu
Voltage droop,,\VM-PF.IntUser\PDD 31-12-2024.IntPrj\Library.IntPrjfolder\User Defined Models.IntPrjfolder\Matafongo 1 y 2\5.2MW_plant.IntFolder\Library\DIgSILENT Library\Dynamic Models\Inverter Based Resources/Storage\Wind Turbines IEC 61400-27-1\Q Control.BlkDef\Voltage droop.BlkRef,0,,,,,Voltage droop
[1/(1+sT)],,\VM-PF.IntUser\PDD 31-12-2024.IntPrj\Library.IntPrjfolder\User Defined Models.IntPrjfolder\Matafongo 1 y 2\5.2MW_plant.IntFolder\Library\DIgSILENT Library\Dynamic Models\Inverter Based Resources/Storage\Wind Turbines IEC 61400-27-1\Q Control.BlkDef\[1/(1+sT)].BlkRef,0,,,,,[1/(1+sT)]
[K/s]_freeze,,\VM-PF.IntUser\PDD 31-12-2024.IntPrj\Library.IntPrjfolder\User Defined Models.IntPrjfolder\Matafongo 1 y 2\5.2MW_plant.IntFolder\Library\DIgSILENT Library\Dynamic Models\Inverter Based Resources/Storage\Wind Turbines IEC 61400-27-1\Q Control.BlkDef\[K/s]_freeze.BlkRef,0,,,,,[K/s]_freeze
[K/s]_freeze_MqG,,\VM-PF.IntUser\PDD 31-12-2024.IntPrj\Library.IntPrjfolder\User Defined Models.IntPrjfolder\Matafongo 1 y 2\5.2MW_plant.IntFolder\Library\DIgSILENT Library\Dynamic Models\Inverter Based Resources/Storage\Wind Turbines IEC 61400-27-1\Q Control.BlkDef\[K/s]_freeze_MqG.BlkRef,0,,,,,[K/s]_freeze_MqG
biggerThanZero,,\VM-PF.IntUser\PDD 31-12-2024.IntPrj\Library.IntPrjfolder\User Defined Models.IntPrjfolder\Matafongo 1 y 2\5.2MW_plant.IntFolder\Library\DIgSILENT Library\Dynamic Models\Inverter Based Resources/Storage\Wind Turbines IEC 61400-27-1\Q Control.BlkDef\biggerThanZero.BlkRef,0,,,,,biggerThanZero
deadband,,\VM-PF.IntUser\PDD 31-12-2024.IntPrj\Library.IntPrjfolder\User Defined Models.IntPrjfolder\Matafongo 1 y 2\5.2MW_plant.IntFolder\Library\DIgSILENT Library\Dynamic Models\Inverter Based Resources/Storage\Wind Turbines IEC 61400-27-1\Q Control.BlkDef\deadband.BlkRef,0,,,,,deadband
extLimits,,\VM-PF.IntUser\PDD 31-12-2024.IntPrj\Library.IntPrjfolder\User Defined Models.IntPrjfolder\Matafongo 1 y 2\5.2MW_plant.IntFolder\Library\DIgSILENT Library\Dynamic Models\Inverter Based Resources/Storage\Wind Turbines IEC 61400-27-1\Q Control.BlkDef\extLimits.BlkRef,0,,,,,extLimits
sT/(1+sT)_,,\VM-PF.IntUser\PDD 31-12-2024.IntPrj\Library.IntPrjfolder\User Defined Models.IntPrjfolder\Matafongo 1 y 2\5.2MW_plant.IntFolder\Library\DIgSILENT Library\Dynamic Models\Inverter Based Resources/Storage\Wind Turbines IEC 61400-27-1\Q Control.BlkDef\sT/(1+sT)_.BlkRef,0,,,,,sT/(1+sT)_
tan(pf_init),,\VM-PF.IntUser\PDD 31-12-2024.IntPrj\Library.IntPrjfolder\User Defined Models.IntPrjfolder\Matafongo 1 y 2\5.2MW_plant.IntFolder\Library\DIgSILENT Library\Dynamic Models\Inverter Based Resources/Storage\Wind Turbines IEC 61400-27-1\Q Control.BlkDef\tan(pf_init).BlkRef,0,,,,,tan(pf_init)
1/(1+sT)_freeze,,\VM-PF.IntUser\PDD 31-12-2024.IntPrj\Library.IntPrjfolder\User Defined Models.IntPrjfolder\Matafongo 1 y 2\5.2MW_plant.IntFolder\Library\DIgSILENT Library\Dynamic Models\Inverter Based Resources/Storage\Wind Turbines IEC 61400-27-1\Q Limitation - QP and QU.BlkDef\1/(1+sT)_freeze.BlkRef,0,,,,,Freeze
1/(1+sT)_freeze_1,,\VM-PF.IntUser\PDD 31-12-2024.IntPrj\Library.IntPrjfolder\User Defined Models.IntPrjfolder\Matafongo 1 y 2\5.2MW_plant.IntFolder\Library\DIgSILENT Library\Dynamic Models\Inverter Based Resources/Storage\Wind Turbines IEC 61400-27-1\Q Limitation - QP and QU.BlkDef\1/(1+sT)_freeze_1.BlkRef,0,,,,,Freeze
Lookup Table_lin,,\VM-PF.IntUser\PDD 31-12-2024.IntPrj\Library.IntPrjfolder\User Defined Models.IntPrjfolder\Matafongo 1 y 2\5.2MW_plant.IntFolder\Library\DIgSILENT Library\Dynamic Models\Inverter Based Resources/Storage\Wind Turbines IEC 61400-27-1\Q Limitation - QP and QU.BlkDef\Lookup Table_lin.BlkRef,0,,,,,Lookup Table_lin
Lookup Table_lin_1,,\VM-PF.IntUser\PDD 31-12-2024.IntPrj\Library.IntPrjfolder\User Defined Models.IntPrjfolder\Matafongo 1 y 2\5.2MW_plant.IntFolder\Library\DIgSILENT Library\Dynamic Models\Inverter Based Resources/Storage\Wind Turbines IEC 61400-27-1\Q Limitation - QP and QU.BlkDef\Lookup Table_lin_1.BlkRef,0,,,,,Lookup Table_lin
Lookup Table_lin_2,,\VM-PF.IntUser\PDD 31-12-2024.IntPrj\Library.IntPrjfolder\User Defined Models.IntPrjfolder\Matafongo 1 y 2\5.2MW_plant.IntFolder\Library\DIgSILENT Library\Dynamic Models\Inverter Based Resources/Storage\Wind Turbines IEC 61400-27-1\Q Limitation - QP and QU.BlkDef\Lookup Table_lin_2.BlkRef,0,,,,,Lookup Table_lin
Lookup Table_lin_3,,\VM-PF.IntUser\PDD 31-12-2024.IntPrj\Library.IntPrjfolder\User Defined Models.IntPrjfolder\Matafongo 1 y 2\5.2MW_plant.IntFolder\Library\DIgSILENT Library\Dynamic Models\Inverter Based Resources/Storage\Wind Turbines IEC 61400-27-1\Q Limitation - QP and QU.BlkDef\Lookup Table_lin_3.BlkRef,0,,,,,Lookup Table_lin
Max,,\VM-PF.IntUser\PDD 31-12-2024.IntPrj\Library.IntPrjfolder\User Defined Models.IntPrjfolder\Matafongo 1 y 2\5.2MW_plant.IntFolder\Library\DIgSILENT Library\Dynamic Models\Inverter Based Resources/Storage\Wind Turbines IEC 61400-27-1\Q Limitation - QP and QU.BlkDef\Max.BlkRef,0,,,,,Max
Min,,\VM-PF.IntUser\PDD 31-12-2024.IntPrj\Library.IntPrjfolder\User Defined Models.IntPrjfolder\Matafongo 1 y 2\5.2MW_plant.IntFolder\Library\DIgSILENT Library\Dynamic Models\Inverter Based Resources/Storage\Wind Turbines IEC 61400-27-1\Q Limitation - QP and QU.BlkDef\Min.BlkRef,0,,,,,Min
selector,,\VM-PF.IntUser\PDD 31-12-2024.IntPrj\Library.IntPrjfolder\User Defined Models.IntPrjfolder\Matafongo 1 y 2\5.2MW_plant.IntFolder\Library\DIgSILENT Library\Dynamic Models\Inverter Based Resources/Storage\Wind Turbines IEC 61400-27-1\Protection.BlkDef\selector.BlkRef,0,,,,,selector
characteristic_max,,\VM-PF.IntUser\PDD 31-12-2024.IntPrj\Library.IntPrjfolder\User Defined Models.IntPrjfolder\Matafongo 1 y 2\5.2MW_plant.IntFolder\Library\DIgSILENT Library\Dynamic Models\Inverter Based Resources/Storage\Wind Turbines IEC 61400-27-1\Protection.BlkDef\characteristic_max.BlkRef,0,,,,,characteristic_max
characteristic_max_1,,\VM-PF.IntUser\PDD 31-12-2024.IntPrj\Library.IntPrjfolder\User Defined Models.IntPrjfolder\Matafongo 1 y 2\5.2MW_plant.IntFolder\Library\DIgSILENT Library\Dynamic Models\Inverter Based Resources/Storage\Wind Turbines IEC 61400-27-1\Protection.BlkDef\characteristic_max_1.BlkRef,0,,,,,characteristic_max
characteristic_min,,\VM-PF.IntUser\PDD 31-12-2024.IntPrj\Library.IntPrjfolder\User Defined Models.IntPrjfolder\Matafongo 1 y 2\5.2MW_plant.IntFolder\Library\DIgSILENT Library\Dynamic Models\Inverter Based Resources/Storage\Wind Turbines IEC 61400-27-1\Protection.BlkDef\characteristic_min.BlkRef,0,,,,,characteristic_min
characteristic_min_1,,\VM-PF.IntUser\PDD 31-12-2024.IntPrj\Library.IntPrjfolder\User Defined Models.IntPrjfolder\Matafongo 1 y 2\5.2MW_plant.IntFolder\Library\DIgSILENT Library\Dynamic Models\Inverter Based Resources/Storage\Wind Turbines IEC 61400-27-1\Protection.BlkDef\characteristic_min_1.BlkRef,0,,,,,characteristic_min
Block Reference,,\VM-PF.IntUser\PDD 31-12-2024.IntPrj\Library.IntPrjfolder\User Defined Models.IntPrjfolder\Matafongo 1 y 2\5.2MW_plant.IntFolder\Library\DIgSILENT Library\Dynamic Models\Inverter Based Resources/Storage\Wind Turbines IEC 61400-27-1\Measurement.BlkDef\Block Reference.BlkRef,0,,,,,1/(1+sT)
Block Reference(1),,\VM-PF.IntUser\PDD 31-12-2024.IntPrj\Library.IntPrjfolder\User Defined Models.IntPrjfolder\Matafongo 1 y 2\5.2MW_plant.IntFolder\Library\DIgSILENT Library\Dynamic Models\Inverter Based Resources/Storage\Wind Turbines IEC 61400-27-1\Measurement.BlkDef\Block Reference(1).BlkRef,0,,,,,1/(1+sT)
Block Reference(2),,\VM-PF.IntUser\PDD 31-12-2024.IntPrj\Library.IntPrjfolder\User Defined Models.IntPrjfolder\Matafongo 1 y 2\5.2MW_plant.IntFolder\Library\DIgSILENT Library\Dynamic Models\Inverter Based Resources/Storage\Wind Turbines IEC 61400-27-1\Measurement.BlkDef\Block Reference(2).BlkRef,0,,,,,1/(1+sT)
Block Reference(3),,\VM-PF.IntUser\PDD 31-12-2024.IntPrj\Library.IntPrjfolder\User Defined Models.IntPrjfolder\Matafongo 1 y 2\5.2MW_plant.IntFolder\Library\DIgSILENT Library\Dynamic Models\Inverter Based Resources/Storage\Wind Turbines IEC 61400-27-1\Measurement.BlkDef\Block Reference(3).BlkRef,0,,,,,1/(1+sT)
Block Reference(4),,\VM-PF.IntUser\PDD 31-12-2024.IntPrj\Library.IntPrjfolder\User Defined Models.IntPrjfolder\Matafongo 1 y 2\5.2MW_plant.IntFolder\Library\DIgSILENT Library\Dynamic Models\Inverter Based Resources/Storage\Wind Turbines IEC 61400-27-1\Measurement.BlkDef\Block Reference(4).BlkRef,0,,,,,1/(1+sT)
GradLim,,\VM-PF.IntUser\PDD 31-12-2024.IntPrj\Library.IntPrjfolder\User Defined Models.IntPrjfolder\Matafongo 1 y 2\5.2MW_plant.IntFolder\Library\DIgSILENT Library\Dynamic Models\Inverter Based Resources/Storage\Wind Turbines IEC 61400-27-1\Measurement.BlkDef\GradLim.BlkRef,0,,,,,GradLim
Block Reference(5),,\VM-PF.IntUser\PDD 31-12-2024.IntPrj\Library.IntPrjfolder\User Defined Models.IntPrjfolder\Gov_LosMina\gov_GAST.BlkDef\Block Reference(5).BlkRef,0,,,,,Const
Block Reference,,\VM-PF.IntUser\PDD 31-12-2024.IntPrj\Library.IntPrjfolder\User Defined Models.IntPrjfolder\Gov_LosMina\gov_GAST.BlkDef\Block Reference.BlkRef,0,,,,,1/K
Block Reference(1),,\VM-PF.IntUser\PDD 31-12-2024.IntPrj\Library.IntPrjfolder\User Defined Models.IntPrjfolder\Gov_LosMina\gov_GAST.BlkDef\Block Reference(1).BlkRef,0,,,,,LVgate
Block Reference(2),,\VM-PF.IntUser\PDD 31-12-2024.IntPrj\Library.IntPrjfolder\User Defined Models.IntPrjfolder\Gov_LosMina\gov_GAST.BlkDef\Block Reference(2).BlkRef,0,,,,,K
Block Reference(3),,\VM-PF.IntUser\PDD 31-12-2024.IntPrj\Library.IntPrjfolder\User Defined Models.IntPrjfolder\Gov_LosMina\gov_GAST.BlkDef\Block Reference(3).BlkRef,0,,,,,{1/(1+sT)}
Block Reference(6),,\VM-PF.IntUser\PDD 31-12-2024.IntPrj\Library.IntPrjfolder\User Defined Models.IntPrjfolder\Gov_LosMina\gov_GAST.BlkDef\Block Reference(6).BlkRef,0,,,,,K
Block Reference(7),,\VM-PF.IntUser\PDD 31-12-2024.IntPrj\Library.IntPrjfolder\User Defined Models.IntPrjfolder\Gov_LosMina\gov_GAST.BlkDef\Block Reference(7).BlkRef,0,,,,,Turb
Block Reference(8),,\VM-PF.IntUser\PDD 31-12-2024.IntPrj\Library.IntPrjfolder\User Defined Models.IntPrjfolder\Gov_LosMina\gov_GAST.BlkDef\Block Reference(8).BlkRef,0,,,,,1/(1+sT)
Block Reference(9),,\VM-PF.IntUser\PDD 31-12-2024.IntPrj\Library.IntPrjfolder\User Defined Models.IntPrjfolder\Gov_LosMina\gov_GAST.BlkDef\Block Reference(9).BlkRef,0,,,,,1/(1+sT)
Block Reference,,\VM-PF.IntUser\PDD 31-12-2024.IntPrj\Library.IntPrjfolder\User Defined Models.IntPrjfolder\Gov_LosMina\vco_EXAC1.BlkDef\Block Reference.BlkRef,0,,,,,1/(1+sT)
Block Reference(1),,\VM-PF.IntUser\PDD 31-12-2024.IntPrj\Library.IntPrjfolder\User Defined Models.IntPrjfolder\Gov_LosMina\vco_EXAC1.BlkDef\Block Reference(1).BlkRef,0,,,,,bias
Block Reference(10),,\VM-PF.IntUser\PDD 31-12-2024.IntPrj\Library.IntPrjfolder\User Defined Models.IntPrjfolder\Gov_LosMina\vco_EXAC1.BlkDef\Block Reference(10).BlkRef,0,,,,,_Fex_
Block Reference(2),,\VM-PF.IntUser\PDD 31-12-2024.IntPrj\Library.IntPrjfolder\User Defined Models.IntPrjfolder\Gov_LosMina\vco_EXAC1.BlkDef\Block Reference(2).BlkRef,0,,,,,_(1+sTb)/(1+sTa)_
Block Reference(3),,\VM-PF.IntUser\PDD 31-12-2024.IntPrj\Library.IntPrjfolder\User Defined Models.IntPrjfolder\Gov_LosMina\vco_EXAC1.BlkDef\Block Reference(3).BlkRef,0,,,,,_{K/(1+sT)}_
Block Reference(4),,\VM-PF.IntUser\PDD 31-12-2024.IntPrj\Library.IntPrjfolder\User Defined Models.IntPrjfolder\Gov_LosMina\vco_EXAC1.BlkDef\Block Reference(4).BlkRef,0,,,,,[1/sT
Block Reference(5),,\VM-PF.IntUser\PDD 31-12-2024.IntPrj\Library.IntPrjfolder\User Defined Models.IntPrjfolder\Gov_LosMina\vco_EXAC1.BlkDef\Block Reference(5).BlkRef,0,,,,,reset
Block Reference(6),,\VM-PF.IntUser\PDD 31-12-2024.IntPrj\Library.IntPrjfolder\User Defined Models.IntPrjfolder\Gov_LosMina\vco_EXAC1.BlkDef\Block Reference(6).BlkRef,0,,,,,Se(efd)+Ke
Block Reference(8),,\VM-PF.IntUser\PDD 31-12-2024.IntPrj\Library.IntPrjfolder\User Defined Models.IntPrjfolder\Gov_LosMina\vco_EXAC1.BlkDef\Block Reference(8).BlkRef,0,,,,,K
Block Reference(9),,\VM-PF.IntUser\PDD 31-12-2024.IntPrj\Library.IntPrjfolder\User Defined Models.IntPrjfolder\Gov_LosMina\vco_EXAC1.BlkDef\Block Reference(9).BlkRef,0,,,,,sK/(1+sT)
Block Reference,,\Lib.IntLibrary\Dynamics\Arch\PF 2022 Models\DynPsse\gov_IEESGO.BlkDef\Block Reference.BlkRef,0,,,,,(1+sTb)/(1+sTa)
Block Reference(1),,\Lib.IntLibrary\Dynamics\Arch\PF 2022 Models\DynPsse\gov_IEESGO.BlkDef\Block Reference(1).BlkRef,0,,,,,K/(1+sT)
Block Reference(3),,\Lib.IntLibrary\Dynamics\Arch\PF 2022 Models\DynPsse\gov_IEESGO.BlkDef\Block Reference(3).BlkRef,0,,,,,Limiter
Block Reference(4),,\Lib.IntLibrary\Dynamics\Arch\PF 2022 Models\DynPsse\gov_IEESGO.BlkDef\Block Reference(4).BlkRef,0,,,,,1/(1+sT)
Block Reference(5),,\Lib.IntLibrary\Dynamics\Arch\PF 2022 Models\DynPsse\gov_IEESGO.BlkDef\Block Reference(5).BlkRef,0,,,,,1-K
Block Reference(6),,\Lib.IntLibrary\Dynamics\Arch\PF 2022 Models\DynPsse\gov_IEESGO.BlkDef\Block Reference(6).BlkRef,0,,,,,_K/(1+sT)_
Block Reference(7),,\Lib.IntLibrary\Dynamics\Arch\PF 2022 Models\DynPsse\gov_IEESGO.BlkDef\Block Reference(7).BlkRef,0,,,,,_K/(1+sT)_
Block Reference(2),,\Lib.IntLibrary\Dynamics\Arch\PF 2022 Models\DynPsse\gov_IEESGO.BlkDef\Block Reference(2).BlkRef,0,,,,,1-K
Block Reference(9),,\Lib.IntLibrary\Dynamics\Arch\PF 2022 Models\DynPsse\gov_IEESGO.BlkDef\Block Reference(9).BlkRef,0,,,,,Pt/Pturb
Block Reference,,\VM-PF.IntUser\PDD 31-12-2024.IntPrj\Library.IntPrjfolder\User Defined Models.IntPrjfolder\BESS EDM 4\User Defined Models\BESS\User Defined Models\Bess Itabo\APC.BlkDef\Block Reference.BlkRef,0,,,,,DBand
Block Reference(1),,\VM-PF.IntUser\PDD 31-12-2024.IntPrj\Library.IntPrjfolder\User Defined Models.IntPrjfolder\BESS EDM 4\User Defined Models\BESS\User Defined Models\Bess Itabo\APC.BlkDef\Block Reference(1).BlkRef,0,,,,,sT/(1+sT)
Block Reference(11),,\VM-PF.IntUser\PDD 31-12-2024.IntPrj\Library.IntPrjfolder\User Defined Models.IntPrjfolder\BESS EDM 4\User Defined Models\BESS\User Defined Models\Bess Itabo\APC.BlkDef\Block Reference(11).BlkRef,0,,,,,Ks
Block Reference(12),,\VM-PF.IntUser\PDD 31-12-2024.IntPrj\Library.IntPrjfolder\User Defined Models.IntPrjfolder\BESS EDM 4\User Defined Models\BESS\User Defined Models\Bess Itabo\APC.BlkDef\Block Reference(12).BlkRef,0,,,,,RampRateRegulator
Block Reference(2),,\VM-PF.IntUser\PDD 31-12-2024.IntPrj\Library.IntPrjfolder\User Defined Models.IntPrjfolder\BESS EDM 4\User Defined Models\BESS\User Defined Models\Bess Itabo\APC.BlkDef\Block Reference(2).BlkRef,0,,,,,1/(1+sT)
Block Reference(3),,\VM-PF.IntUser\PDD 31-12-2024.IntPrj\Library.IntPrjfolder\User Defined Models.IntPrjfolder\BESS EDM 4\User Defined Models\BESS\User Defined Models\Bess Itabo\APC.BlkDef\Block Reference(3).BlkRef,0,,,,,K1/K2
Block Reference(4),,\VM-PF.IntUser\PDD 31-12-2024.IntPrj\Library.IntPrjfolder\User Defined Models.IntPrjfolder\BESS EDM 4\User Defined Models\BESS\User Defined Models\Bess Itabo\APC.BlkDef\Block Reference(4).BlkRef,0,,,,,RampRateRegulator
Block Reference(5),,\VM-PF.IntUser\PDD 31-12-2024.IntPrj\Library.IntPrjfolder\User Defined Models.IntPrjfolder\BESS EDM 4\User Defined Models\BESS\User Defined Models\Bess Itabo\APC.BlkDef\Block Reference(5).BlkRef,0,,,,,ROCOF logic
Block Reference(6),,\VM-PF.IntUser\PDD 31-12-2024.IntPrj\Library.IntPrjfolder\User Defined Models.IntPrjfolder\BESS EDM 4\User Defined Models\BESS\User Defined Models\Bess Itabo\APC.BlkDef\Block Reference(6).BlkRef,0,,,,,0
Block Reference(7),,\VM-PF.IntUser\PDD 31-12-2024.IntPrj\Library.IntPrjfolder\User Defined Models.IntPrjfolder\BESS EDM 4\User Defined Models\BESS\User Defined Models\Bess Itabo\APC.BlkDef\Block Reference(7).BlkRef,0,,,,,logic and
Block Reference(8),,\VM-PF.IntUser\PDD 31-12-2024.IntPrj\Library.IntPrjfolder\User Defined Models.IntPrjfolder\BESS EDM 4\User Defined Models\BESS\User Defined Models\Bess Itabo\APC.BlkDef\Block Reference(8).BlkRef,0,,,,,logic not
Block Reference(9),,\VM-PF.IntUser\PDD 31-12-2024.IntPrj\Library.IntPrjfolder\User Defined Models.IntPrjfolder\BESS EDM 4\User Defined Models\BESS\User Defined Models\Bess Itabo\APC.BlkDef\Block Reference(9).BlkRef,0,,,,,logic or
Block Reference,,\VM-PF.IntUser\PDD 31-12-2024.IntPrj\Library.IntPrjfolder\User Defined Models.IntPrjfolder\BESS EDM 4\User Defined Models\BESS\User Defined Models\Bess Itabo\Control Flags.BlkDef\Block Reference.BlkRef,0,,,,,Const
Block Reference(1),,\VM-PF.IntUser\PDD 31-12-2024.IntPrj\Library.IntPrjfolder\User Defined Models.IntPrjfolder\BESS EDM 4\User Defined Models\BESS\User Defined Models\Bess Itabo\Control Flags.BlkDef\Block Reference(1).BlkRef,0,,,,,Const
Block Reference(2),,\VM-PF.IntUser\PDD 31-12-2024.IntPrj\Library.IntPrjfolder\User Defined Models.IntPrjfolder\BESS EDM 4\User Defined Models\BESS\User Defined Models\Bess Itabo\Control Flags.BlkDef\Block Reference(2).BlkRef,0,,,,,Const
Block Reference(3),,\VM-PF.IntUser\PDD 31-12-2024.IntPrj\Library.IntPrjfolder\User Defined Models.IntPrjfolder\BESS EDM 4\User Defined Models\BESS\User Defined Models\Bess Itabo\Control Flags.BlkDef\Block Reference(3).BlkRef,0,,,,,Const
Block Reference(21),,\VM-PF.IntUser\PDD 31-12-2024.IntPrj\Library.IntPrjfolder\User Defined Models.IntPrjfolder\BESS EDM 4\User Defined Models\BESS\User Defined Models\Bess Itabo\BSM.BlkDef\Block Reference(21).BlkRef,0,,,,,1/(1+sT)
Block Reference(22),,\VM-PF.IntUser\PDD 31-12-2024.IntPrj\Library.IntPrjfolder\User Defined Models.IntPrjfolder\BESS EDM 4\User Defined Models\BESS\User Defined Models\Bess Itabo\BSM.BlkDef\Block Reference(22).BlkRef,0,,,,,+-Limits
Block Reference(23),,\VM-PF.IntUser\PDD 31-12-2024.IntPrj\Library.IntPrjfolder\User Defined Models.IntPrjfolder\BESS EDM 4\User Defined Models\BESS\User Defined Models\Bess Itabo\BSM.BlkDef\Block Reference(23).BlkRef,0,,,,,Const
Block Reference(24),,\VM-PF.IntUser\PDD 31-12-2024.IntPrj\Library.IntPrjfolder\User Defined Models.IntPrjfolder\BESS EDM 4\User Defined Models\BESS\User Defined Models\Bess Itabo\BSM.BlkDef\Block Reference(24).BlkRef,0,,,,,Const
Block Reference(26),,\VM-PF.IntUser\PDD 31-12-2024.IntPrj\Library.IntPrjfolder\User Defined Models.IntPrjfolder\BESS EDM 4\User Defined Models\BESS\User Defined Models\Bess Itabo\BSM.BlkDef\Block Reference(26).BlkRef,0,,,,,Energy Calculation
Block Reference(27),,\VM-PF.IntUser\PDD 31-12-2024.IntPrj\Library.IntPrjfolder\User Defined Models.IntPrjfolder\BESS EDM 4\User Defined Models\BESS\User Defined Models\Bess Itabo\BSM.BlkDef\Block Reference(27).BlkRef,0,,,,,BOE
Block Reference(28),,\VM-PF.IntUser\PDD 31-12-2024.IntPrj\Library.IntPrjfolder\User Defined Models.IntPrjfolder\BESS EDM 4\User Defined Models\BESS\User Defined Models\Bess Itabo\BSM.BlkDef\Block Reference(28).BlkRef,0,,,,,BIE
Block Reference(30),,\VM-PF.IntUser\PDD 31-12-2024.IntPrj\Library.IntPrjfolder\User Defined Models.IntPrjfolder\BESS EDM 4\User Defined Models\BESS\User Defined Models\Bess Itabo\BSM.BlkDef\Block Reference(30).BlkRef,0,,,,,SOClimits
Block Reference(32),,\VM-PF.IntUser\PDD 31-12-2024.IntPrj\Library.IntPrjfolder\User Defined Models.IntPrjfolder\BESS EDM 4\User Defined Models\BESS\User Defined Models\Bess Itabo\BSM.BlkDef\Block Reference(32).BlkRef,0,,,,,K
IacmaxVac,,\VM-PF.IntUser\PDD 31-12-2024.IntPrj\Library.IntPrjfolder\User Defined Models.IntPrjfolder\BESS EDM 4\User Defined Models\BESS\User Defined Models\Bess Itabo\BSM.BlkDef\IacmaxVac.BlkRef,0,,,,,+-Limits
Block Reference,,\VM-PF.IntUser\PDD 31-12-2024.IntPrj\Library.IntPrjfolder\User Defined Models.IntPrjfolder\BESS EDM 4\User Defined Models\BESS\User Defined Models\Bess Itabo\RPC.BlkDef\Block Reference.BlkRef,0,,,,,1
Block Reference(1),,\VM-PF.IntUser\PDD 31-12-2024.IntPrj\Library.IntPrjfolder\User Defined Models.IntPrjfolder\BESS EDM 4\User Defined Models\BESS\User Defined Models\Bess Itabo\RPC.BlkDef\Block Reference(1).BlkRef,0,,,,,Qlimiter
Block Reference(12),,\VM-PF.IntUser\PDD 31-12-2024.IntPrj\Library.IntPrjfolder\User Defined Models.IntPrjfolder\BESS EDM 4\User Defined Models\BESS\User Defined Models\Bess Itabo\RPC.BlkDef\Block Reference(12).BlkRef,0,,,,,[Kp+Ki/s]
Block Reference(14),,\VM-PF.IntUser\PDD 31-12-2024.IntPrj\Library.IntPrjfolder\User Defined Models.IntPrjfolder\BESS EDM 4\User Defined Models\BESS\User Defined Models\Bess Itabo\RPC.BlkDef\Block Reference(14).BlkRef,0,,,,,Limits
Block Reference(15),,\VM-PF.IntUser\PDD 31-12-2024.IntPrj\Library.IntPrjfolder\User Defined Models.IntPrjfolder\BESS EDM 4\User Defined Models\BESS\User Defined Models\Bess Itabo\RPC.BlkDef\Block Reference(15).BlkRef,0,,,,,tan()
Block Reference(16),,\VM-PF.IntUser\PDD 31-12-2024.IntPrj\Library.IntPrjfolder\User Defined Models.IntPrjfolder\BESS EDM 4\User Defined Models\BESS\User Defined Models\Bess Itabo\RPC.BlkDef\Block Reference(16).BlkRef,0,,,,,acos()
Block Reference(17),,\VM-PF.IntUser\PDD 31-12-2024.IntPrj\Library.IntPrjfolder\User Defined Models.IntPrjfolder\BESS EDM 4\User Defined Models\BESS\User Defined Models\Bess Itabo\RPC.BlkDef\Block Reference(17).BlkRef,0,,,,,K
Block Reference(18),,\VM-PF.IntUser\PDD 31-12-2024.IntPrj\Library.IntPrjfolder\User Defined Models.IntPrjfolder\BESS EDM 4\User Defined Models\BESS\User Defined Models\Bess Itabo\RPC.BlkDef\Block Reference(18).BlkRef,0,,,,,Kp+Ki/s
Block Reference,,\VM-PF.IntUser\PDD 31-12-2024.IntPrj\Library.IntPrjfolder\Equipment Type Library.IntPrjfolder\Standard Models\avr_EXAC3.BlkDef\Block Reference.BlkRef,0,,,,,1/(1+sT)
Block Reference(1),,\VM-PF.IntUser\PDD 31-12-2024.IntPrj\Library.IntPrjfolder\Equipment Type Library.IntPrjfolder\Standard Models\avr_EXAC3.BlkDef\Block Reference(1).BlkRef,0,,,,,(1+sTb)/(1+sTa)
Block Reference(15),,\VM-PF.IntUser\PDD 31-12-2024.IntPrj\Library.IntPrjfolder\Equipment Type Library.IntPrjfolder\Standard Models\avr_EXAC3.BlkDef\Block Reference(15).BlkRef,0,,,,,{K/(1+sT)}
Block Reference(3),,\VM-PF.IntUser\PDD 31-12-2024.IntPrj\Library.IntPrjfolder\Equipment Type Library.IntPrjfolder\Standard Models\avr_EXAC3.BlkDef\Block Reference(3).BlkRef,0,,,,,{1/sT
Block Reference(4),,\VM-PF.IntUser\PDD 31-12-2024.IntPrj\Library.IntPrjfolder\Equipment Type Library.IntPrjfolder\Standard Models\avr_EXAC3.BlkDef\Block Reference(4).BlkRef,0,,,,,K
Block Reference(8),,\VM-PF.IntUser\PDD 31-12-2024.IntPrj\Library.IntPrjfolder\Equipment Type Library.IntPrjfolder\Standard Models\avr_EXAC3.BlkDef\Block Reference(8).BlkRef,0,,,,,K
Block Reference(7),,\VM-PF.IntUser\PDD 31-12-2024.IntPrj\Library.IntPrjfolder\Equipment Type Library.IntPrjfolder\Standard Models\avr_EXAC3.BlkDef\Block Reference(7).BlkRef,0,,,,,Vn(Efd)
Block Reference(11),,\VM-PF.IntUser\PDD 31-12-2024.IntPrj\Library.IntPrjfolder\Equipment Type Library.IntPrjfolder\Standard Models\avr_EXAC3.BlkDef\Block Reference(11).BlkRef,0,,,,,(Fex)
Block Reference(10),,\VM-PF.IntUser\PDD 31-12-2024.IntPrj\Library.IntPrjfolder\Equipment Type Library.IntPrjfolder\Standard Models\avr_EXAC3.BlkDef\Block Reference(10).BlkRef,0,,,,,K
Block Reference(9),,\VM-PF.IntUser\PDD 31-12-2024.IntPrj\Library.IntPrjfolder\Equipment Type Library.IntPrjfolder\Standard Models\avr_EXAC3.BlkDef\Block Reference(9).BlkRef,0,,,,,Se(Efd)
Block Reference(14),,\VM-PF.IntUser\PDD 31-12-2024.IntPrj\Library.IntPrjfolder\Equipment Type Library.IntPrjfolder\Standard Models\avr_EXAC3.BlkDef\Block Reference(14).BlkRef,0,,,,,Const
Block Reference(6),,\VM-PF.IntUser\PDD 31-12-2024.IntPrj\Library.IntPrjfolder\Equipment Type Library.IntPrjfolder\Standard Models\avr_EXAC3.BlkDef\Block Reference(6).BlkRef,0,,,,,s/(1+sT)
Block Reference(5),,\VM-PF.IntUser\PDD 31-12-2024.IntPrj\Library.IntPrjfolder\Equipment Type Library.IntPrjfolder\Standard Models\avr_EXAC3.BlkDef\Block Reference(5).BlkRef,0,,,,,HVgate
Block Reference(2),,\VM-PF.IntUser\PDD 31-12-2024.IntPrj\Library.IntPrjfolder\Equipment Type Library.IntPrjfolder\Standard Models\avr_EXAC3.BlkDef\Block Reference(2).BlkRef,0,,,,,K
