nombre,ruta,outserv,cpZone,cpArea,cpGrid,cpSubstat,typ_id
P_Control,\VM-PF.IntUser\PDD 31-12-2024.IntPrj\Network Model.IntPrjfolder\Network Data.IntPrjfolder\ESTE 69 kV.ElmNet\Planta_Monte Plata Solar.ElmComp\P_Control.ElmDsl,0,,,ESTE 69 kV,,P_Control
Pf_Control,\VM-PF.IntUser\PDD 31-12-2024.IntPrj\Network Model.IntPrjfolder\Network Data.IntPrjfolder\ESTE 69 kV.ElmNet\Planta_Monte Plata Solar.ElmComp\Pf_Control.ElmDsl,0,,,ESTE 69 kV,,Pf_Reduction
Q_Control,\VM-PF.IntUser\PDD 31-12-2024.IntPrj\Network Model.IntPrjfolder\Network Data.IntPrjfolder\ESTE 69 kV.ElmNet\Planta_Monte Plata Solar.ElmComp\Q_Control.ElmDsl,0,,,ESTE 69 kV,,ReactPow_Control
Idq_Control,\VM-PF.IntUser\PDD 31-12-2024.IntPrj\Network Model.IntPrjfolder\Network Data.IntPrjfolder\ESTE 69 kV.ElmNet\Planta_Monte Plata Solar.ElmComp\Idq_Control.ElmDsl,0,,,ESTE 69 kV,,Current_Control
Protection,\VM-PF.IntUser\PDD 31-12-2024.IntPrj\Network Model.IntPrjfolder\Network Data.IntPrjfolder\ESTE 69 kV.ElmNet\Planta_Monte Plata Solar.ElmComp\Protection.ElmDsl,0,,,ESTE 69 kV,,Protection
avr_Palamara 1,\VM-PF.IntUser\PDD 31-12-2024.IntPrj\Network Model.IntPrjfolder\Network Data.IntPrjfolder\CENTRAL 69 kV.ElmNet\Diésel Palamara.ElmSite\Planta_Palamara 1.ElmComp\avr_Palamara 1.ElmDsl,0,,,CENTRAL 69 kV,,avr_ESAC8B
gov_Palamara 1,\VM-PF.IntUser\PDD 31-12-2024.IntPrj\Network Model.IntPrjfolder\Network Data.IntPrjfolder\CENTRAL 69 kV.ElmNet\Diésel Palamara.ElmSite\Planta_Palamara 1.ElmComp\gov_Palamara 1.ElmDsl,0,,,CENTRAL 69 kV,,gov_DEGOV1
avr_Palamara 2,\VM-PF.IntUser\PDD 31-12-2024.IntPrj\Network Model.IntPrjfolder\Network Data.IntPrjfolder\CENTRAL 69 kV.ElmNet\Diésel Palamara.ElmSite\Planta_Palamara 2.ElmComp\avr_Palamara 2.ElmDsl,0,,,CENTRAL 69 kV,,avr_ESAC8B
gov_Palamara 2,\VM-PF.IntUser\PDD 31-12-2024.IntPrj\Network Model.IntPrjfolder\Network Data.IntPrjfolder\CENTRAL 69 kV.ElmNet\Diésel Palamara.ElmSite\Planta_Palamara 2.ElmComp\gov_Palamara 2.ElmDsl,0,,,CENTRAL 69 kV,,gov_DEGOV1
avr_Palamara 3,\VM-PF.IntUser\PDD 31-12-2024.IntPrj\Network Model.IntPrjfolder\Network Data.IntPrjfolder\CENTRAL 69 kV.ElmNet\Diésel Palamara.ElmSite\Planta_Palamara 3.ElmComp\avr_Palamara 3.ElmDsl,0,,,CENTRAL 69 kV,,avr_ESAC8B
gov_Palamara 3,\VM-PF.IntUser\PDD 31-12-2024.IntPrj\Network Model.IntPrjfolder\Network Data.IntPrjfolder\CENTRAL 69 kV.ElmNet\Diésel Palamara.ElmSite\Planta_Palamara 3.ElmComp\gov_Palamara 3.ElmDsl,0,,,CENTRAL 69 kV,,gov_DEGOV1
avr_INCA km 22 G1,\VM-PF.IntUser\PDD 31-12-2024.IntPrj\Network Model.IntPrjfolder\Network Data.IntPrjfolder\CENTRAL 69 kV.ElmNet\INCA km 22.ElmSite\Plant_INCA km 22 G1.ElmComp\avr_INCA km 22 G1.ElmDsl,1,,,CENTRAL 69 kV,,vco_EXAC1
gov_INCA km 22 G1,\VM-PF.IntUser\PDD 31-12-2024.IntPrj\Network Model.IntPrjfolder\Network Data.IntPrjfolder\CENTRAL 69 kV.ElmNet\INCA km 22.ElmSite\Plant_INCA km 22 G1.ElmComp\gov_INCA km 22 G1.ElmDsl,0,,,CENTRAL 69 kV,,gov_DEGOV1
avr_INCA km 22 G2,\VM-PF.IntUser\PDD 31-12-2024.IntPrj\Network Model.IntPrjfolder\Network Data.IntPrjfolder\CENTRAL 69 kV.ElmNet\INCA km 22.ElmSite\Plant_INCA km 22 G2.ElmComp\avr_INCA km 22 G2.ElmDsl,1,,,CENTRAL 69 kV,,vco_EXAC1
gov_INCA km 22 G2,\VM-PF.IntUser\PDD 31-12-2024.IntPrj\Network Model.IntPrjfolder\Network Data.IntPrjfolder\CENTRAL 69 kV.ElmNet\INCA km 22.ElmSite\Plant_INCA km 22 G2.ElmComp\gov_INCA km 22 G2.ElmDsl,0,,,CENTRAL 69 kV,,gov_DEGOV1
avr_EDM3 GT1,\VM-PF.IntUser\PDD 31-12-2024.IntPrj\Network Model.IntPrjfolder\Network Data.IntPrjfolder\CENTRAL 69 kV.ElmNet\EDM 3.ElmSite\Plant_EDM3 GT1.ElmComp\avr_EDM3 GT1.ElmDsl,0,,,CENTRAL 69 kV,,exc_IEEE_ST6B
gov_EDM3 GT1,\VM-PF.IntUser\PDD 31-12-2024.IntPrj\Network Model.IntPrjfolder\Network Data.IntPrjfolder\CENTRAL 69 kV.ElmNet\EDM 3.ElmSite\Plant_EDM3 GT1.ElmComp\gov_EDM3 GT1.ElmDsl,0,,,CENTRAL 69 kV,,gov_IEEE_GGOV1
tlc_EDM GT1,\VM-PF.IntUser\PDD 31-12-2024.IntPrj\Network Model.IntPrjfolder\Network Data.IntPrjfolder\CENTRAL 69 kV.ElmNet\EDM 3.ElmSite\Plant_EDM3 GT1.ElmComp\tlc_EDM GT1.ElmDsl,0,,,CENTRAL 69 kV,,tlc_IEEE_LCFB1
vtc_EDM3 GT1,\VM-PF.IntUser\PDD 31-12-2024.IntPrj\Network Model.IntPrjfolder\Network Data.IntPrjfolder\CENTRAL 69 kV.ElmNet\EDM 3.ElmSite\Plant_EDM3 GT1.ElmComp\vtc_EDM3 GT1.ElmDsl,0,,,CENTRAL 69 kV,,vtc_IEEE_1
avr_EDM3 TG,\VM-PF.IntUser\PDD 31-12-2024.IntPrj\Network Model.IntPrjfolder\Network Data.IntPrjfolder\CENTRAL 69 kV.ElmNet\EDM 3.ElmSite\Plant_EDM3 GT2.ElmComp\avr_EDM3 TG.ElmDsl,0,,,CENTRAL 69 kV,,exc_IEEE_ST6B
gov_EDM3 TG2,\VM-PF.IntUser\PDD 31-12-2024.IntPrj\Network Model.IntPrjfolder\Network Data.IntPrjfolder\CENTRAL 69 kV.ElmNet\EDM 3.ElmSite\Plant_EDM3 GT2.ElmComp\gov_EDM3 TG2.ElmDsl,0,,,CENTRAL 69 kV,,gov_IEEE_GGOV1
tlc_EDM3 GT2,\VM-PF.IntUser\PDD 31-12-2024.IntPrj\Network Model.IntPrjfolder\Network Data.IntPrjfolder\CENTRAL 69 kV.ElmNet\EDM 3.ElmSite\Plant_EDM3 GT2.ElmComp\tlc_EDM3 GT2.ElmDsl,0,,,CENTRAL 69 kV,,tlc_IEEE_LCFB1
vtc_EDM3 GT2,\VM-PF.IntUser\PDD 31-12-2024.IntPrj\Network Model.IntPrjfolder\Network Data.IntPrjfolder\CENTRAL 69 kV.ElmNet\EDM 3.ElmSite\Plant_EDM3 GT2.ElmComp\vtc_EDM3 GT2.ElmDsl,0,,,CENTRAL 69 kV,,vtc_IEEE_1
avr_EDM3 ST,\VM-PF.IntUser\PDD 31-12-2024.IntPrj\Network Model.IntPrjfolder\Network Data.IntPrjfolder\CENTRAL 69 kV.ElmNet\EDM 3.ElmSite\Plant_EDM3 ST.ElmComp\avr_EDM3 ST.ElmDsl,0,,,CENTRAL 69 kV,,exc_IEEE_ST6B
gov_EDM3 ST,\VM-PF.IntUser\PDD 31-12-2024.IntPrj\Network Model.IntPrjfolder\Network Data.IntPrjfolder\CENTRAL 69 kV.ElmNet\EDM 3.ElmSite\Plant_EDM3 ST.ElmComp\gov_EDM3 ST.ElmDsl,0,,,CENTRAL 69 kV,,gov_IEEE_TGOV1
tlc_EDM3 ST,\VM-PF.IntUser\PDD 31-12-2024.IntPrj\Network Model.IntPrjfolder\Network Data.IntPrjfolder\CENTRAL 69 kV.ElmNet\EDM 3.ElmSite\Plant_EDM3 ST.ElmComp\tlc_EDM3 ST.ElmDsl,0,,,CENTRAL 69 kV,,tlc_IEEE_LCFB1
vtc_EDM3 ST,\VM-PF.IntUser\PDD 31-12-2024.IntPrj\Network Model.IntPrjfolder\Network Data.IntPrjfolder\CENTRAL 69 kV.ElmNet\EDM 3.ElmSite\Plant_EDM3 ST.ElmComp\vtc_EDM3 ST.ElmDsl,0,,,CENTRAL 69 kV,,vtc_IEEE_1
APC,\VM-PF.IntUser\PDD 31-12-2024.IntPrj\Network Model.IntPrjfolder\Network Data.IntPrjfolder\CENTRAL 69 kV.ElmNet\EDM 3.ElmSite\BESS 1_EDM3.ElmComp\APC.ElmDsl,0,,,CENTRAL 69 kV,,APC
Control Flags,\VM-PF.IntUser\PDD 31-12-2024.IntPrj\Network Model.IntPrjfolder\Network Data.IntPrjfolder\CENTRAL 69 kV.ElmNet\EDM 3.ElmSite\BESS 1_EDM3.ElmComp\Control Flags.ElmDsl,0,,,CENTRAL 69 kV,,Control Flags
BSM,\VM-PF.IntUser\PDD 31-12-2024.IntPrj\Network Model.IntPrjfolder\Network Data.IntPrjfolder\CENTRAL 69 kV.ElmNet\EDM 3.ElmSite\BESS 1_EDM3.ElmComp\BSM.ElmDsl,0,,,CENTRAL 69 kV,,BSM
RPC,\VM-PF.IntUser\PDD 31-12-2024.IntPrj\Network Model.IntPrjfolder\Network Data.IntPrjfolder\CENTRAL 69 kV.ElmNet\EDM 3.ElmSite\BESS 1_EDM3.ElmComp\RPC.ElmDsl,0,,,CENTRAL 69 kV,,RPC
APC,\VM-PF.IntUser\PDD 31-12-2024.IntPrj\Network Model.IntPrjfolder\Network Data.IntPrjfolder\CENTRAL 69 kV.ElmNet\EDM 3.ElmSite\BESS 2_EDM3.ElmComp\APC.ElmDsl,0,,,CENTRAL 69 kV,,APC
Control Flags,\VM-PF.IntUser\PDD 31-12-2024.IntPrj\Network Model.IntPrjfolder\Network Data.IntPrjfolder\CENTRAL 69 kV.ElmNet\EDM 3.ElmSite\BESS 2_EDM3.ElmComp\Control Flags.ElmDsl,0,,,CENTRAL 69 kV,,Control Flags
BSM,\VM-PF.IntUser\PDD 31-12-2024.IntPrj\Network Model.IntPrjfolder\Network Data.IntPrjfolder\CENTRAL 69 kV.ElmNet\EDM 3.ElmSite\BESS 2_EDM3.ElmComp\BSM.ElmDsl,0,,,CENTRAL 69 kV,,BSM
RPC,\VM-PF.IntUser\PDD 31-12-2024.IntPrj\Network Model.IntPrjfolder\Network Data.IntPrjfolder\CENTRAL 69 kV.ElmNet\EDM 3.ElmSite\BESS 2_EDM3.ElmComp\RPC.ElmDsl,0,,,CENTRAL 69 kV,,RPC
Pf_Control,\VM-PF.IntUser\PDD 31-12-2024.IntPrj\Network Model.IntPrjfolder\Network Data.IntPrjfolder\CENTRAL 69 kV.ElmNet\Maranatha.ElmSite\Plant_PF Maranatha.ElmComp\Pf_Control.ElmDsl,0,,,CENTRAL 69 kV,,Pf_Reduction
Q_Control,\VM-PF.IntUser\PDD 31-12-2024.IntPrj\Network Model.IntPrjfolder\Network Data.IntPrjfolder\CENTRAL 69 kV.ElmNet\Maranatha.ElmSite\Plant_PF Maranatha.ElmComp\Q_Control.ElmDsl,0,,,CENTRAL 69 kV,,ReactPow_Control
P_Control,\VM-PF.IntUser\PDD 31-12-2024.IntPrj\Network Model.IntPrjfolder\Network Data.IntPrjfolder\CENTRAL 69 kV.ElmNet\Maranatha.ElmSite\Plant_PF Maranatha.ElmComp\P_Control.ElmDsl,0,,,CENTRAL 69 kV,,P_Control
Idq_Control,\VM-PF.IntUser\PDD 31-12-2024.IntPrj\Network Model.IntPrjfolder\Network Data.IntPrjfolder\CENTRAL 69 kV.ElmNet\Maranatha.ElmSite\Plant_PF Maranatha.ElmComp\Idq_Control.ElmDsl,0,,,CENTRAL 69 kV,,Current_Control
Protection,\VM-PF.IntUser\PDD 31-12-2024.IntPrj\Network Model.IntPrjfolder\Network Data.IntPrjfolder\CENTRAL 69 kV.ElmNet\Maranatha.ElmSite\Plant_PF Maranatha.ElmComp\Protection.ElmDsl,0,,,CENTRAL 69 kV,,Protection
avr_Quisqueya 1 San Pedro,\VM-PF.IntUser\PDD 31-12-2024.IntPrj\Network Model.IntPrjfolder\Network Data.IntPrjfolder\Expansión 345 kV.ElmNet\Quisqueya.ElmSite\Planta_Quisqueya 1 G1(San Pedro).ElmComp\avr_Quisqueya 1 San Pedro.ElmDsl,0,,,Expansión 345 kV,,avr_ESAC5A
gov_Quisqueya 1 San Pedro,\VM-PF.IntUser\PDD 31-12-2024.IntPrj\Network Model.IntPrjfolder\Network Data.IntPrjfolder\Expansión 345 kV.ElmNet\Quisqueya.ElmSite\Planta_Quisqueya 1 G1(San Pedro).ElmComp\gov_Quisqueya 1 San Pedro.ElmDsl,0,,,Expansión 345 kV,,gov_GGOV1
pss_Quisqueya 1 San Pedro,\VM-PF.IntUser\PDD 31-12-2024.IntPrj\Network Model.IntPrjfolder\Network Data.IntPrjfolder\Expansión 345 kV.ElmNet\Quisqueya.ElmSite\Planta_Quisqueya 1 G1(San Pedro).ElmComp\pss_Quisqueya 1 San Pedro.ElmDsl,0,,,Expansión 345 kV,,pss_PSS2A
avr_Quisqueya 2 G3,\VM-PF.IntUser\PDD 31-12-2024.IntPrj\Network Model.IntPrjfolder\Network Data.IntPrjfolder\Expansión 345 kV.ElmNet\Quisqueya.ElmSite\Planta_Quisqueya 2 G3.ElmComp\avr_Quisqueya 2 G3.ElmDsl,0,,,Expansión 345 kV,,avr_ESAC5A
gov_Quisqueya 2 G3,\VM-PF.IntUser\PDD 31-12-2024.IntPrj\Network Model.IntPrjfolder\Network Data.IntPrjfolder\Expansión 345 kV.ElmNet\Quisqueya.ElmSite\Planta_Quisqueya 2 G3.ElmComp\gov_Quisqueya 2 G3.ElmDsl,0,,,Expansión 345 kV,,gov_GGOV1
pss_Quisqueya 2 G3,\VM-PF.IntUser\PDD 31-12-2024.IntPrj\Network Model.IntPrjfolder\Network Data.IntPrjfolder\Expansión 345 kV.ElmNet\Quisqueya.ElmSite\Planta_Quisqueya 2 G3.ElmComp\pss_Quisqueya 2 G3.ElmDsl,0,,,Expansión 345 kV,,pss_PSS2A
avr_Quisqueya 2 G1,\VM-PF.IntUser\PDD 31-12-2024.IntPrj\Network Model.IntPrjfolder\Network Data.IntPrjfolder\Expansión 345 kV.ElmNet\Quisqueya.ElmSite\Planta_Quisqueya 2 G1.ElmComp\avr_Quisqueya 2 G1.ElmDsl,0,,,Expansión 345 kV,,avr_ESAC5A
gov_Quisqueya 2 G1,\VM-PF.IntUser\PDD 31-12-2024.IntPrj\Network Model.IntPrjfolder\Network Data.IntPrjfolder\Expansión 345 kV.ElmNet\Quisqueya.ElmSite\Planta_Quisqueya 2 G1.ElmComp\gov_Quisqueya 2 G1.ElmDsl,0,,,Expansión 345 kV,,gov_GGOV1
pss_Quisqueya 2 G1,\VM-PF.IntUser\PDD 31-12-2024.IntPrj\Network Model.IntPrjfolder\Network Data.IntPrjfolder\Expansión 345 kV.ElmNet\Quisqueya.ElmSite\Planta_Quisqueya 2 G1.ElmComp\pss_Quisqueya 2 G1.ElmDsl,0,,,Expansión 345 kV,,pss_PSS2A
avr_Quisqueya 2 G2,\VM-PF.IntUser\PDD 31-12-2024.IntPrj\Network Model.IntPrjfolder\Network Data.IntPrjfolder\Expansión 345 kV.ElmNet\Quisqueya.ElmSite\Planta_Quisqueya 2 G2.ElmComp\avr_Quisqueya 2 G2.ElmDsl,0,,,Expansión 345 kV,,avr_ESAC5A
gov_Quisqueya 2 G2,\VM-PF.IntUser\PDD 31-12-2024.IntPrj\Network Model.IntPrjfolder\Network Data.IntPrjfolder\Expansión 345 kV.ElmNet\Quisqueya.ElmSite\Planta_Quisqueya 2 G2.ElmComp\gov_Quisqueya 2 G2.ElmDsl,0,,,Expansión 345 kV,,gov_GGOV1
pss_Quisqueya 2 G2,\VM-PF.IntUser\PDD 31-12-2024.IntPrj\Network Model.IntPrjfolder\Network Data.IntPrjfolder\Expansión 345 kV.ElmNet\Quisqueya.ElmSite\Planta_Quisqueya 2 G2.ElmComp\pss_Quisqueya 2 G2.ElmDsl,0,,,Expansión 345 kV,,pss_PSS2A
avr_Quisqueya 1 G2,\VM-PF.IntUser\PDD 31-12-2024.IntPrj\Network Model.IntPrjfolder\Network Data.IntPrjfolder\Expansión 345 kV.ElmNet\Quisqueya.ElmSite\Planta_Quisqueya 1 G2.ElmComp\avr_Quisqueya 1 G2.ElmDsl,0,,,Expansión 345 kV,,avr_ESAC5A
gov_Quisqueya 1 G2,\VM-PF.IntUser\PDD 31-12-2024.IntPrj\Network Model.IntPrjfolder\Network Data.IntPrjfolder\Expansión 345 kV.ElmNet\Quisqueya.ElmSite\Planta_Quisqueya 1 G2.ElmComp\gov_Quisqueya 1 G2.ElmDsl,0,,,Expansión 345 kV,,gov_GGOV1
pss_Quisqueya 1 G2,\VM-PF.IntUser\PDD 31-12-2024.IntPrj\Network Model.IntPrjfolder\Network Data.IntPrjfolder\Expansión 345 kV.ElmNet\Quisqueya.ElmSite\Planta_Quisqueya 1 G2.ElmComp\pss_Quisqueya 1 G2.ElmDsl,0,,,Expansión 345 kV,,pss_PSS2A
avr_Quisqueya 1 G3,\VM-PF.IntUser\PDD 31-12-2024.IntPrj\Network Model.IntPrjfolder\Network Data.IntPrjfolder\Expansión 345 kV.ElmNet\Quisqueya.ElmSite\Planta_Quisqueya 1 G3.ElmComp\avr_Quisqueya 1 G3.ElmDsl,0,,,Expansión 345 kV,,avr_ESAC5A
gov_Quisqueya 1 G3,\VM-PF.IntUser\PDD 31-12-2024.IntPrj\Network Model.IntPrjfolder\Network Data.IntPrjfolder\Expansión 345 kV.ElmNet\Quisqueya.ElmSite\Planta_Quisqueya 1 G3.ElmComp\gov_Quisqueya 1 G3.ElmDsl,0,,,Expansión 345 kV,,gov_GGOV1
pss_Quisqueya 1 G3,\VM-PF.IntUser\PDD 31-12-2024.IntPrj\Network Model.IntPrjfolder\Network Data.IntPrjfolder\Expansión 345 kV.ElmNet\Quisqueya.ElmSite\Planta_Quisqueya 1 G3.ElmComp\pss_Quisqueya 1 G3.ElmDsl,0,,,Expansión 345 kV,,pss_PSS2A
avr_Punta Catalina 2,\VM-PF.IntUser\PDD 31-12-2024.IntPrj\Network Model.IntPrjfolder\Network Data.IntPrjfolder\Expansión 345 kV.ElmNet\Punta Catalina.ElmSite\Planta_Punta Catalina 2.ElmComp\avr_Punta Catalina 2.ElmDsl,0,,,Expansión 345 kV,,avr_ESST4B
gov_Punta Catalina 2,\VM-PF.IntUser\PDD 31-12-2024.IntPrj\Network Model.IntPrjfolder\Network Data.IntPrjfolder\Expansión 345 kV.ElmNet\Punta Catalina.ElmSite\Planta_Punta Catalina 2.ElmComp\gov_Punta Catalina 2.ElmDsl,0,,,Expansión 345 kV,,gov_IEEEG1
pss_Punta Catalina 2,\VM-PF.IntUser\PDD 31-12-2024.IntPrj\Network Model.IntPrjfolder\Network Data.IntPrjfolder\Expansión 345 kV.ElmNet\Punta Catalina.ElmSite\Planta_Punta Catalina 2.ElmComp\pss_Punta Catalina 2.ElmDsl,0,,,Expansión 345 kV,,pss_PSS2B
avr_Punta Catalina 1,\VM-PF.IntUser\PDD 31-12-2024.IntPrj\Network Model.IntPrjfolder\Network Data.IntPrjfolder\Expansión 345 kV.ElmNet\Punta Catalina.ElmSite\Planta_Punta Catalina 1.ElmComp\avr_Punta Catalina 1.ElmDsl,0,,,Expansión 345 kV,,avr_ESST4B
gov_Punta Catalina 1,\VM-PF.IntUser\PDD 31-12-2024.IntPrj\Network Model.IntPrjfolder\Network Data.IntPrjfolder\Expansión 345 kV.ElmNet\Punta Catalina.ElmSite\Planta_Punta Catalina 1.ElmComp\gov_Punta Catalina 1.ElmDsl,0,,,Expansión 345 kV,,gov_IEEEG1
pss_Punta Catalina 1,\VM-PF.IntUser\PDD 31-12-2024.IntPrj\Network Model.IntPrjfolder\Network Data.IntPrjfolder\Expansión 345 kV.ElmNet\Punta Catalina.ElmSite\Planta_Punta Catalina 1.ElmComp\pss_Punta Catalina 1.ElmDsl,0,,,Expansión 345 kV,,pss_PSS2B
avr_Sultana del Este G3,\VM-PF.IntUser\PDD 31-12-2024.IntPrj\Network Model.IntPrjfolder\Network Data.IntPrjfolder\ESTE 138 kV.ElmNet\Sultana del Este.ElmSite\Planta_Sultana del Este G3.ElmComp\avr_Sultana del Este G3.ElmDsl,0,,,ESTE 138 kV,,avr_ESAC5A
gov_Sultana del Este G3,\VM-PF.IntUser\PDD 31-12-2024.IntPrj\Network Model.IntPrjfolder\Network Data.IntPrjfolder\ESTE 138 kV.ElmNet\Sultana del Este.ElmSite\Planta_Sultana del Este G3.ElmComp\gov_Sultana del Este G3.ElmDsl,0,,,ESTE 138 kV,,gov_GGOV1
avr_Sultana del Este G2,\VM-PF.IntUser\PDD 31-12-2024.IntPrj\Network Model.IntPrjfolder\Network Data.IntPrjfolder\ESTE 138 kV.ElmNet\Sultana del Este.ElmSite\Planta_Sultana del Este G2.ElmComp\avr_Sultana del Este G2.ElmDsl,0,,,ESTE 138 kV,,avr_ESAC5A
gov_Sultana del Este G2,\VM-PF.IntUser\PDD 31-12-2024.IntPrj\Network Model.IntPrjfolder\Network Data.IntPrjfolder\ESTE 138 kV.ElmNet\Sultana del Este.ElmSite\Planta_Sultana del Este G2.ElmComp\gov_Sultana del Este G2.ElmDsl,0,,,ESTE 138 kV,,gov_GGOV1
avr_Sultana del Este G1,\VM-PF.IntUser\PDD 31-12-2024.IntPrj\Network Model.IntPrjfolder\Network Data.IntPrjfolder\ESTE 138 kV.ElmNet\Sultana del Este.ElmSite\Planta_Sultana del Este Motor.ElmComp\avr_Sultana del Este G1.ElmDsl,0,,,ESTE 138 kV,,avr_ESAC5A
gov_Sultana del Este G1,\VM-PF.IntUser\PDD 31-12-2024.IntPrj\Network Model.IntPrjfolder\Network Data.IntPrjfolder\ESTE 138 kV.ElmNet\Sultana del Este.ElmSite\Planta_Sultana del Este Motor.ElmComp\gov_Sultana del Este G1.ElmDsl,0,,,ESTE 138 kV,,gov_GGOV1
gov_CESPM 1,\VM-PF.IntUser\PDD 31-12-2024.IntPrj\Network Model.IntPrjfolder\Network Data.IntPrjfolder\ESTE 138 kV.ElmNet\SPM 2.ElmSite\Planta_CESPM 1.ElmComp\gov_CESPM 1.ElmDsl,0,,,ESTE 138 kV,,gov_GAST
avr_CESPM 1,\VM-PF.IntUser\PDD 31-12-2024.IntPrj\Network Model.IntPrjfolder\Network Data.IntPrjfolder\ESTE 138 kV.ElmNet\SPM 2.ElmSite\Planta_CESPM 1.ElmComp\avr_CESPM 1.ElmDsl,0,,,ESTE 138 kV,,avr_ST6B_IEEE
pss_CESPM 1,\VM-PF.IntUser\PDD 31-12-2024.IntPrj\Network Model.IntPrjfolder\Network Data.IntPrjfolder\ESTE 138 kV.ElmNet\SPM 2.ElmSite\Planta_CESPM 1.ElmComp\pss_CESPM 1.ElmDsl,0,,,ESTE 138 kV,,pss_PSS2B
avr_CESPM 2,\VM-PF.IntUser\PDD 31-12-2024.IntPrj\Network Model.IntPrjfolder\Network Data.IntPrjfolder\ESTE 138 kV.ElmNet\SPM 2.ElmSite\Planta_CESPM 2.ElmComp\avr_CESPM 2.ElmDsl,0,,,ESTE 138 kV,,avr_ST6B_IEEE
gov_CESPM 2,\VM-PF.IntUser\PDD 31-12-2024.IntPrj\Network Model.IntPrjfolder\Network Data.IntPrjfolder\ESTE 138 kV.ElmNet\SPM 2.ElmSite\Planta_CESPM 2.ElmComp\gov_CESPM 2.ElmDsl,0,,,ESTE 138 kV,,gov_GAST
pss_CESPM 2,\VM-PF.IntUser\PDD 31-12-2024.IntPrj\Network Model.IntPrjfolder\Network Data.IntPrjfolder\ESTE 138 kV.ElmNet\SPM 2.ElmSite\Planta_CESPM 2.ElmComp\pss_CESPM 2.ElmDsl,0,,,ESTE 138 kV,,pss_PSS2B
avr_CESPM 3,\VM-PF.IntUser\PDD 31-12-2024.IntPrj\Network Model.IntPrjfolder\Network Data.IntPrjfolder\ESTE 138 kV.ElmNet\SPM 2.ElmSite\Planta_CESPM 3.ElmComp\avr_CESPM 3.ElmDsl,0,,,ESTE 138 kV,,avr_ST6B_IEEE
gov_CESPM 3,\VM-PF.IntUser\PDD 31-12-2024.IntPrj\Network Model.IntPrjfolder\Network Data.IntPrjfolder\ESTE 138 kV.ElmNet\SPM 2.ElmSite\Planta_CESPM 3.ElmComp\gov_CESPM 3.ElmDsl,0,,,ESTE 138 kV,,gov_GAST
pss_CESPM 3,\VM-PF.IntUser\PDD 31-12-2024.IntPrj\Network Model.IntPrjfolder\Network Data.IntPrjfolder\ESTE 138 kV.ElmNet\SPM 2.ElmSite\Planta_CESPM 3.ElmComp\pss_CESPM 3.ElmDsl,0,,,ESTE 138 kV,,pss_PSS2B
gov_Bersal,\VM-PF.IntUser\PDD 31-12-2024.IntPrj\Network Model.IntPrjfolder\Network Data.IntPrjfolder\ESTE 138 kV.ElmNet\CEMEX.ElmSite\Planta_Bersal.ElmComp\gov_Bersal.ElmDsl,0,,,ESTE 138 kV,,gov_DEGOV1_BERSAL
avr_Bersal,\VM-PF.IntUser\PDD 31-12-2024.IntPrj\Network Model.IntPrjfolder\Network Data.IntPrjfolder\ESTE 138 kV.ElmNet\CEMEX.ElmSite\Planta_Bersal.ElmComp\avr_Bersal.ElmDsl,0,,,ESTE 138 kV,,avr_ESAC5A
gov_Los Orígenes Grupo 1,\VM-PF.IntUser\PDD 31-12-2024.IntPrj\Network Model.IntPrjfolder\Network Data.IntPrjfolder\ESTE 138 kV.ElmNet\Los Orígenes.ElmSite\Planta_Los Orígenes Grupo 1.ElmComp\gov_Los Orígenes Grupo 1.ElmDsl,0,,,ESTE 138 kV,,gov_DEGOV1_LOPP
avr_Los Orígenes Grupo 1,\VM-PF.IntUser\PDD 31-12-2024.IntPrj\Network Model.IntPrjfolder\Network Data.IntPrjfolder\ESTE 138 kV.ElmNet\Los Orígenes.ElmSite\Planta_Los Orígenes Grupo 1.ElmComp\avr_Los Orígenes Grupo 1.ElmDsl,0,,,ESTE 138 kV,,avr_ESAC5A
avr_Los Orígenes Grupo 2,\VM-PF.IntUser\PDD 31-12-2024.IntPrj\Network Model.IntPrjfolder\Network Data.IntPrjfolder\ESTE 138 kV.ElmNet\Los Orígenes.ElmSite\Planta_Los Orígenes Grupo 2.ElmComp\avr_Los Orígenes Grupo 2.ElmDsl,0,,,ESTE 138 kV,,avr_ESAC5A
gov_Los Orígenes Grupo 2,\VM-PF.IntUser\PDD 31-12-2024.IntPrj\Network Model.IntPrjfolder\Network Data.IntPrjfolder\ESTE 138 kV.ElmNet\Los Orígenes.ElmSite\Planta_Los Orígenes Grupo 2.ElmComp\gov_Los Orígenes Grupo 2.ElmDsl,0,,,ESTE 138 kV,,gov_GGOV1
exc_San Pedro Bio-Energy,\VM-PF.IntUser\PDD 31-12-2024.IntPrj\Network Model.IntPrjfolder\Network Data.IntPrjfolder\ESTE 138 kV.ElmNet\San Pedro Bio-Energy.ElmSite\Plant_SPBE.ElmComp\exc_San Pedro Bio-Energy.ElmDsl,0,,,ESTE 138 kV,,exc_IEEE_AC7B
gov_SPBE,\VM-PF.IntUser\PDD 31-12-2024.IntPrj\Network Model.IntPrjfolder\Network Data.IntPrjfolder\ESTE 138 kV.ElmNet\San Pedro Bio-Energy.ElmSite\Plant_SPBE.ElmComp\gov_SPBE.ElmDsl,0,,,ESTE 138 kV,,gov_IEEE_IEEEG1
pss_SPBE,\VM-PF.IntUser\PDD 31-12-2024.IntPrj\Network Model.IntPrjfolder\Network Data.IntPrjfolder\ESTE 138 kV.ElmNet\San Pedro Bio-Energy.ElmSite\Plant_SPBE.ElmComp\pss_SPBE.ElmDsl,0,,,ESTE 138 kV,,Pss_PSSSH_SPBIOE
vtc_SPBE,\VM-PF.IntUser\PDD 31-12-2024.IntPrj\Network Model.IntPrjfolder\Network Data.IntPrjfolder\ESTE 138 kV.ElmNet\San Pedro Bio-Energy.ElmSite\Plant_SPBE.ElmComp\vtc_SPBE.ElmDsl,0,,,ESTE 138 kV,,vtc_IEEE_1
PV_CTRL,\VM-PF.IntUser\PDD 31-12-2024.IntPrj\Network Model.IntPrjfolder\Network Data.IntPrjfolder\ESTE 138 kV.ElmNet\El Soco.ElmSite\Planta_El Soco.ElmComp\PV_CTRL.ElmDsl,0,,,ESTE 138 kV,,E_PV_CTRL
PAVAILABLE,\VM-PF.IntUser\PDD 31-12-2024.IntPrj\Network Model.IntPrjfolder\Network Data.IntPrjfolder\ESTE 138 kV.ElmNet\El Soco.ElmSite\Planta_El Soco.ElmComp\PAVAILABLE.ElmDsl,1,,,ESTE 138 kV,,DC_SOURCE
PV_CURLIM,\VM-PF.IntUser\PDD 31-12-2024.IntPrj\Network Model.IntPrjfolder\Network Data.IntPrjfolder\ESTE 138 kV.ElmNet\El Soco.ElmSite\Planta_El Soco.ElmComp\PV_CURLIM.ElmDsl,0,,,ESTE 138 kV,,E_PV_CURLIM
PV_PQREF,\VM-PF.IntUser\PDD 31-12-2024.IntPrj\Network Model.IntPrjfolder\Network Data.IntPrjfolder\ESTE 138 kV.ElmNet\El Soco.ElmSite\Planta_El Soco.ElmComp\PV_PQREF.ElmDsl,0,,,ESTE 138 kV,,E_PV_PQREF
PROTECTIONS,\VM-PF.IntUser\PDD 31-12-2024.IntPrj\Network Model.IntPrjfolder\Network Data.IntPrjfolder\ESTE 138 kV.ElmNet\El Soco.ElmSite\Planta_El Soco.ElmComp\PROTECTIONS.ElmDsl,0,,,ESTE 138 kV,,PROTECTIONS
PVarray,\VM-PF.IntUser\PDD 31-12-2024.IntPrj\Network Model.IntPrjfolder\Network Data.IntPrjfolder\ESTE 138 kV.ElmNet\Cumayasa.ElmSite\Planta_PF Cumayasa 1.ElmComp\PVarray.ElmDsl,0,,,ESTE 138 kV,,PVarray
FreqCtrl,\VM-PF.IntUser\PDD 31-12-2024.IntPrj\Network Model.IntPrjfolder\Network Data.IntPrjfolder\ESTE 138 kV.ElmNet\Cumayasa.ElmSite\Planta_PF Cumayasa 1.ElmComp\FreqCtrl.ElmDsl,0,,,ESTE 138 kV,,FreqCtrl
ReactCtrl,\VM-PF.IntUser\PDD 31-12-2024.IntPrj\Network Model.IntPrjfolder\Network Data.IntPrjfolder\ESTE 138 kV.ElmNet\Cumayasa.ElmSite\Planta_PF Cumayasa 1.ElmComp\ReactCtrl.ElmDsl,0,,,ESTE 138 kV,,ReactCtrl
Controller,\VM-PF.IntUser\PDD 31-12-2024.IntPrj\Network Model.IntPrjfolder\Network Data.IntPrjfolder\ESTE 138 kV.ElmNet\Cumayasa.ElmSite\Planta_PF Cumayasa 1.ElmComp\Controller.ElmDsl,0,,,ESTE 138 kV,,Controller
Protection,\VM-PF.IntUser\PDD 31-12-2024.IntPrj\Network Model.IntPrjfolder\Network Data.IntPrjfolder\ESTE 138 kV.ElmNet\Cumayasa.ElmSite\Planta_PF Cumayasa 1.ElmComp\Protection.ElmDsl,0,,,ESTE 138 kV,,Protection
PVarray,\VM-PF.IntUser\PDD 31-12-2024.IntPrj\Network Model.IntPrjfolder\Network Data.IntPrjfolder\ESTE 138 kV.ElmNet\Cumayasa.ElmSite\Planta_ PF Cumayasa 2.ElmComp\PVarray.ElmDsl,0,,,ESTE 138 kV,,PVarray
FreqCtrl,\VM-PF.IntUser\PDD 31-12-2024.IntPrj\Network Model.IntPrjfolder\Network Data.IntPrjfolder\ESTE 138 kV.ElmNet\Cumayasa.ElmSite\Planta_ PF Cumayasa 2.ElmComp\FreqCtrl.ElmDsl,0,,,ESTE 138 kV,,FreqCtrl
ReactCtrl,\VM-PF.IntUser\PDD 31-12-2024.IntPrj\Network Model.IntPrjfolder\Network Data.IntPrjfolder\ESTE 138 kV.ElmNet\Cumayasa.ElmSite\Planta_ PF Cumayasa 2.ElmComp\ReactCtrl.ElmDsl,0,,,ESTE 138 kV,,ReactCtrl
Controller,\VM-PF.IntUser\PDD 31-12-2024.IntPrj\Network Model.IntPrjfolder\Network Data.IntPrjfolder\ESTE 138 kV.ElmNet\Cumayasa.ElmSite\Planta_ PF Cumayasa 2.ElmComp\Controller.ElmDsl,0,,,ESTE 138 kV,,Controller
Protection,\VM-PF.IntUser\PDD 31-12-2024.IntPrj\Network Model.IntPrjfolder\Network Data.IntPrjfolder\ESTE 138 kV.ElmNet\Cumayasa.ElmSite\Planta_ PF Cumayasa 2.ElmComp\Protection.ElmDsl,0,,,ESTE 138 kV,,Protection
avr_Monción 1,\VM-PF.IntUser\PDD 31-12-2024.IntPrj\Network Model.IntPrjfolder\Network Data.IntPrjfolder\NORTE 138 kV.ElmNet\Monción.ElmSite\Planta_Monción 1.ElmComp\avr_Monción 1.ElmDsl,0,,,NORTE 138 kV,,vco_IEEET1
gov_Monción 1,\VM-PF.IntUser\PDD 31-12-2024.IntPrj\Network Model.IntPrjfolder\Network Data.IntPrjfolder\NORTE 138 kV.ElmNet\Monción.ElmSite\Planta_Monción 1.ElmComp\gov_Monción 1.ElmDsl,0,,,NORTE 138 kV,,gov_HYGOV_MONCION1
gov_Monción 2,\VM-PF.IntUser\PDD 31-12-2024.IntPrj\Network Model.IntPrjfolder\Network Data.IntPrjfolder\NORTE 138 kV.ElmNet\Monción.ElmSite\Planta_Monción 2.ElmComp\gov_Monción 2.ElmDsl,0,,,NORTE 138 kV,,gov_HYGOV_MONCION2
avr_Monción 2,\VM-PF.IntUser\PDD 31-12-2024.IntPrj\Network Model.IntPrjfolder\Network Data.IntPrjfolder\NORTE 138 kV.ElmNet\Monción.ElmSite\Planta_Monción 2.ElmComp\avr_Monción 2.ElmDsl,0,,,NORTE 138 kV,,vco_IEEET1
PCO Moncion,\VM-PF.IntUser\PDD 31-12-2024.IntPrj\Network Model.IntPrjfolder\Network Data.IntPrjfolder\NORTE 138 kV.ElmNet\Monción.ElmSite\Planta_Monción 1_PIPAC.ElmComp\PCO Moncion.ElmDsl,0,,,NORTE 138 kV,,NEYPRIC 1500
vco_Monción 1 PIPAC,\VM-PF.IntUser\PDD 31-12-2024.IntPrj\Network Model.IntPrjfolder\Network Data.IntPrjfolder\NORTE 138 kV.ElmNet\Monción.ElmSite\Planta_Monción 1_PIPAC.ElmComp\vco_Monción 1 PIPAC.ElmDsl,0,,,NORTE 138 kV,,vco_Unitrol F
pmu_Monción 1,\VM-PF.IntUser\PDD 31-12-2024.IntPrj\Network Model.IntPrjfolder\Network Data.IntPrjfolder\NORTE 138 kV.ElmNet\Monción.ElmSite\Planta_Monción 1_PIPAC.ElmComp\pmu_Monción 1.ElmDsl,0,,,NORTE 138 kV,,pmu_TrWHydroFrancis(2)
PCO Moncion,\VM-PF.IntUser\PDD 31-12-2024.IntPrj\Network Model.IntPrjfolder\Network Data.IntPrjfolder\NORTE 138 kV.ElmNet\Monción.ElmSite\Planta_Monción 2_PIPAC.ElmComp\PCO Moncion.ElmDsl,0,,,NORTE 138 kV,,NEYPRIC 1500
vco_Monción 2 PIPAC,\VM-PF.IntUser\PDD 31-12-2024.IntPrj\Network Model.IntPrjfolder\Network Data.IntPrjfolder\NORTE 138 kV.ElmNet\Monción.ElmSite\Planta_Monción 2_PIPAC.ElmComp\vco_Monción 2 PIPAC.ElmDsl,0,,,NORTE 138 kV,,vco_Unitrol F
pmu_Monción 2,\VM-PF.IntUser\PDD 31-12-2024.IntPrj\Network Model.IntPrjfolder\Network Data.IntPrjfolder\NORTE 138 kV.ElmNet\Monción.ElmSite\Planta_Monción 2_PIPAC.ElmComp\pmu_Monción 2.ElmDsl,0,,,NORTE 138 kV,,pmu_TrWHydroFrancis(2)
avr_Pimentel 1,\VM-PF.IntUser\PDD 31-12-2024.IntPrj\Network Model.IntPrjfolder\Network Data.IntPrjfolder\NORTE 138 kV.ElmNet\Pimentel.ElmSite\Planta_Pimentel 1.ElmComp\avr_Pimentel 1.ElmDsl,0,,,NORTE 138 kV,,avr_ESAC5A
gov_Pimentel 1,\VM-PF.IntUser\PDD 31-12-2024.IntPrj\Network Model.IntPrjfolder\Network Data.IntPrjfolder\NORTE 138 kV.ElmNet\Pimentel.ElmSite\Planta_Pimentel 1.ElmComp\gov_Pimentel 1.ElmDsl,0,,,NORTE 138 kV,,gov_DEGOV1_PIME1
avr_Pimentel 2,\VM-PF.IntUser\PDD 31-12-2024.IntPrj\Network Model.IntPrjfolder\Network Data.IntPrjfolder\NORTE 138 kV.ElmNet\Pimentel.ElmSite\Planta_Pimentel 2.ElmComp\avr_Pimentel 2.ElmDsl,0,,,NORTE 138 kV,,avr_ESAC5A
gov_Pimentel 2,\VM-PF.IntUser\PDD 31-12-2024.IntPrj\Network Model.IntPrjfolder\Network Data.IntPrjfolder\NORTE 138 kV.ElmNet\Pimentel.ElmSite\Planta_Pimentel 2.ElmComp\gov_Pimentel 2.ElmDsl,0,,,NORTE 138 kV,,gov_DEGOV1_PIME2
avr_Pimentel 3,\VM-PF.IntUser\PDD 31-12-2024.IntPrj\Network Model.IntPrjfolder\Network Data.IntPrjfolder\NORTE 138 kV.ElmNet\Pimentel.ElmSite\Planta_Pimentel 3.ElmComp\avr_Pimentel 3.ElmDsl,0,,,NORTE 138 kV,,avr_ESAC5A
gov_Pimentel 3,\VM-PF.IntUser\PDD 31-12-2024.IntPrj\Network Model.IntPrjfolder\Network Data.IntPrjfolder\NORTE 138 kV.ElmNet\Pimentel.ElmSite\Planta_Pimentel 3.ElmComp\gov_Pimentel 3.ElmDsl,0,,,NORTE 138 kV,,gov_GGOV1
avr_López Angostura,\VM-PF.IntUser\PDD 31-12-2024.IntPrj\Network Model.IntPrjfolder\Network Data.IntPrjfolder\NORTE 138 kV.ElmNet\López Angostura.ElmSite\Planta_López Angostura.ElmComp\avr_López Angostura.ElmDsl,0,,,NORTE 138 kV,,vco_IEEET1
gov_López Angostura,\VM-PF.IntUser\PDD 31-12-2024.IntPrj\Network Model.IntPrjfolder\Network Data.IntPrjfolder\NORTE 138 kV.ElmNet\López Angostura.ElmSite\Planta_López Angostura.ElmComp\gov_López Angostura.ElmDsl,0,,,NORTE 138 kV,,gov_HYGOV
SPLC Controller,\VM-PF.IntUser\PDD 31-12-2024.IntPrj\Network Model.IntPrjfolder\Network Data.IntPrjfolder\NORTE 138 kV.ElmNet\Falcondo.ElmSite\Horno de Arco_FALCONDO.ElmComp\SPLC Controller.ElmDsl,1,,,NORTE 138 kV,,SPLC Controller
avr_Tavera 2,\VM-PF.IntUser\PDD 31-12-2024.IntPrj\Network Model.IntPrjfolder\Network Data.IntPrjfolder\NORTE 138 kV.ElmNet\Tavera.ElmSite\Planta_Tavera 2.ElmComp\avr_Tavera 2.ElmDsl,0,,,NORTE 138 kV,,vco_IEEET1
gov_Tavera 2,\VM-PF.IntUser\PDD 31-12-2024.IntPrj\Network Model.IntPrjfolder\Network Data.IntPrjfolder\NORTE 138 kV.ElmNet\Tavera.ElmSite\Planta_Tavera 2.ElmComp\gov_Tavera 2.ElmDsl,0,,,NORTE 138 kV,,gov_HYGOV_TAVERA2
avr_Tavera 1,\VM-PF.IntUser\PDD 31-12-2024.IntPrj\Network Model.IntPrjfolder\Network Data.IntPrjfolder\NORTE 138 kV.ElmNet\Tavera.ElmSite\Planta_Tavera 1.ElmComp\avr_Tavera 1.ElmDsl,0,,,NORTE 138 kV,,vco_EXAC1
gov_Tavera 1,\VM-PF.IntUser\PDD 31-12-2024.IntPrj\Network Model.IntPrjfolder\Network Data.IntPrjfolder\NORTE 138 kV.ElmNet\Tavera.ElmSite\Planta_Tavera 1.ElmComp\gov_Tavera 1.ElmDsl,0,,,NORTE 138 kV,,gov_HYGOV_TAVERA1
PCO Tavera,\VM-PF.IntUser\PDD 31-12-2024.IntPrj\Network Model.IntPrjfolder\Network Data.IntPrjfolder\NORTE 138 kV.ElmNet\Tavera.ElmSite\Planta_Tavera 1_PIPAC.ElmComp\PCO Tavera.ElmDsl,0,,,NORTE 138 kV,,NEYPRIC 1500
vco_Tavera 1,\VM-PF.IntUser\PDD 31-12-2024.IntPrj\Network Model.IntPrjfolder\Network Data.IntPrjfolder\NORTE 138 kV.ElmNet\Tavera.ElmSite\Planta_Tavera 1_PIPAC.ElmComp\vco_Tavera 1.ElmDsl,0,,,NORTE 138 kV,,vco_Unitrol F
pmu_Tavera 1,\VM-PF.IntUser\PDD 31-12-2024.IntPrj\Network Model.IntPrjfolder\Network Data.IntPrjfolder\NORTE 138 kV.ElmNet\Tavera.ElmSite\Planta_Tavera 1_PIPAC.ElmComp\pmu_Tavera 1.ElmDsl,0,,,NORTE 138 kV,,pmu_TrWHydroFrancis
PCO Tavera,\VM-PF.IntUser\PDD 31-12-2024.IntPrj\Network Model.IntPrjfolder\Network Data.IntPrjfolder\NORTE 138 kV.ElmNet\Tavera.ElmSite\Planta_Tavera 2_PIPAC.ElmComp\PCO Tavera.ElmDsl,0,,,NORTE 138 kV,,NEYPRIC 1500
vco_Tavera 2,\VM-PF.IntUser\PDD 31-12-2024.IntPrj\Network Model.IntPrjfolder\Network Data.IntPrjfolder\NORTE 138 kV.ElmNet\Tavera.ElmSite\Planta_Tavera 2_PIPAC.ElmComp\vco_Tavera 2.ElmDsl,0,,,NORTE 138 kV,,vco_Unitrol F
pmu_Tavera 2,\VM-PF.IntUser\PDD 31-12-2024.IntPrj\Network Model.IntPrjfolder\Network Data.IntPrjfolder\NORTE 138 kV.ElmNet\Tavera.ElmSite\Planta_Tavera 2_PIPAC.ElmComp\pmu_Tavera 2.ElmDsl,0,,,NORTE 138 kV,,pmu_TrWHydroFrancis
avr_San Felipe TG,\VM-PF.IntUser\PDD 31-12-2024.IntPrj\Network Model.IntPrjfolder\Network Data.IntPrjfolder\NORTE 138 kV.ElmNet\Planta_San Felipe TG.ElmComp\avr_San Felipe TG.ElmDsl,0,,,NORTE 138 kV,,vco_EXAC1
gov_San Felipe TG,\VM-PF.IntUser\PDD 31-12-2024.IntPrj\Network Model.IntPrjfolder\Network Data.IntPrjfolder\NORTE 138 kV.ElmNet\Planta_San Felipe TG.ElmComp\gov_San Felipe TG.ElmDsl,0,,,NORTE 138 kV,,gov_GAST
avr_San Felipe Vapor,\VM-PF.IntUser\PDD 31-12-2024.IntPrj\Network Model.IntPrjfolder\Network Data.IntPrjfolder\NORTE 138 kV.ElmNet\Planta_San Felipe Vapor.ElmComp\avr_San Felipe Vapor.ElmDsl,0,,,NORTE 138 kV,,vco_EXAC1
gov_San Felipe Vapor,\VM-PF.IntUser\PDD 31-12-2024.IntPrj\Network Model.IntPrjfolder\Network Data.IntPrjfolder\NORTE 138 kV.ElmNet\Planta_San Felipe Vapor.ElmComp\gov_San Felipe Vapor.ElmDsl,0,,,NORTE 138 kV,,gov_TGOV1
P_Control,\VM-PF.IntUser\PDD 31-12-2024.IntPrj\Network Model.IntPrjfolder\Network Data.IntPrjfolder\NORTE 138 kV.ElmNet\SAJOMA.ElmSite\Planta_SAJOMA.ElmComp\P_Control.ElmDsl,0,,,NORTE 138 kV,,P_Control
Pf_Control,\VM-PF.IntUser\PDD 31-12-2024.IntPrj\Network Model.IntPrjfolder\Network Data.IntPrjfolder\NORTE 138 kV.ElmNet\SAJOMA.ElmSite\Planta_SAJOMA.ElmComp\Pf_Control.ElmDsl,0,,,NORTE 138 kV,,Pf_Reduction
Q_Control,\VM-PF.IntUser\PDD 31-12-2024.IntPrj\Network Model.IntPrjfolder\Network Data.IntPrjfolder\NORTE 138 kV.ElmNet\SAJOMA.ElmSite\Planta_SAJOMA.ElmComp\Q_Control.ElmDsl,0,,,NORTE 138 kV,,ReactPow_Control
Idq_Control,\VM-PF.IntUser\PDD 31-12-2024.IntPrj\Network Model.IntPrjfolder\Network Data.IntPrjfolder\NORTE 138 kV.ElmNet\SAJOMA.ElmSite\Planta_SAJOMA.ElmComp\Idq_Control.ElmDsl,0,,,NORTE 138 kV,,Current_Control
Protection,\VM-PF.IntUser\PDD 31-12-2024.IntPrj\Network Model.IntPrjfolder\Network Data.IntPrjfolder\NORTE 138 kV.ElmNet\SAJOMA.ElmSite\Planta_SAJOMA.ElmComp\Protection.ElmDsl,0,,,NORTE 138 kV,,Protection
CONTROL_SYSTEM_S,\VM-PF.IntUser\PDD 31-12-2024.IntPrj\Network Model.IntPrjfolder\Network Data.IntPrjfolder\NORTE 138 kV.ElmNet\Agua Clara.ElmSite\Planta_Agua Clara.ElmComp\CONTROL_SYSTEM_S.ElmDsl,0,,,NORTE 138 kV,,CONTROL_SYSTEM
ELEC_CTRL_S,\VM-PF.IntUser\PDD 31-12-2024.IntPrj\Network Model.IntPrjfolder\Network Data.IntPrjfolder\NORTE 138 kV.ElmNet\Agua Clara.ElmSite\Planta_Agua Clara.ElmComp\ELEC_CTRL_S.ElmDsl,0,,,NORTE 138 kV,,ELEC_CTRL
MEASUREMENTS,\VM-PF.IntUser\PDD 31-12-2024.IntPrj\Network Model.IntPrjfolder\Network Data.IntPrjfolder\NORTE 138 kV.ElmNet\Agua Clara.ElmSite\Planta_Agua Clara.ElmComp\MEASUREMENTS.ElmDsl,0,,,NORTE 138 kV,,FILTER_MEAS
PITCH_ACTUATOR_S,\VM-PF.IntUser\PDD 31-12-2024.IntPrj\Network Model.IntPrjfolder\Network Data.IntPrjfolder\NORTE 138 kV.ElmNet\Agua Clara.ElmSite\Planta_Agua Clara.ElmComp\PITCH_ACTUATOR_S.ElmDsl,0,,,NORTE 138 kV,,PITCH_ACTUATOR
PLL_S,\VM-PF.IntUser\PDD 31-12-2024.IntPrj\Network Model.IntPrjfolder\Network Data.IntPrjfolder\NORTE 138 kV.ElmNet\Agua Clara.ElmSite\Planta_Agua Clara.ElmComp\PLL_S.ElmDsl,0,,,NORTE 138 kV,,PLL
SHAFT_S,\VM-PF.IntUser\PDD 31-12-2024.IntPrj\Network Model.IntPrjfolder\Network Data.IntPrjfolder\NORTE 138 kV.ElmNet\Agua Clara.ElmSite\Planta_Agua Clara.ElmComp\SHAFT_S.ElmDsl,0,,,NORTE 138 kV,,SHAFT
WIND_S,\VM-PF.IntUser\PDD 31-12-2024.IntPrj\Network Model.IntPrjfolder\Network Data.IntPrjfolder\NORTE 138 kV.ElmNet\Agua Clara.ElmSite\Planta_Agua Clara.ElmComp\WIND_S.ElmDsl,0,,,NORTE 138 kV,,WIND
AERODYNAMICS_S,\VM-PF.IntUser\PDD 31-12-2024.IntPrj\Network Model.IntPrjfolder\Network Data.IntPrjfolder\NORTE 138 kV.ElmNet\Agua Clara.ElmSite\Planta_Agua Clara.ElmComp\AERODYNAMICS_S.ElmDsl,0,,,NORTE 138 kV,,AERODYNAMICS
PHI-->PI/2-PHI_S,\VM-PF.IntUser\PDD 31-12-2024.IntPrj\Network Model.IntPrjfolder\Network Data.IntPrjfolder\NORTE 138 kV.ElmNet\Agua Clara.ElmSite\Planta_Agua Clara.ElmComp\PHI-->PI/2-PHI_S.ElmDsl,0,,,NORTE 138 kV,,phi-->(pi/2-phi)
PROTECTIONS_S,\VM-PF.IntUser\PDD 31-12-2024.IntPrj\Network Model.IntPrjfolder\Network Data.IntPrjfolder\NORTE 138 kV.ElmNet\Agua Clara.ElmSite\Planta_Agua Clara.ElmComp\PROTECTIONS_S.ElmDsl,0,,,NORTE 138 kV,,Protections
Two-dimensional aerodynamic model,\VM-PF.IntUser\PDD 31-12-2024.IntPrj\Network Model.IntPrjfolder\Network Data.IntPrjfolder\NORTE 138 kV.ElmNet\Guanillo.ElmSite\Planta_Guanillo.ElmComp\Two-dimensional aerodynamic model.ElmDsl,0,,,NORTE 138 kV,,Two-dimensional aerodynamic model
Two mass model,\VM-PF.IntUser\PDD 31-12-2024.IntPrj\Network Model.IntPrjfolder\Network Data.IntPrjfolder\NORTE 138 kV.ElmNet\Guanillo.ElmSite\Planta_Guanillo.ElmComp\Two mass model.ElmDsl,0,,,NORTE 138 kV,,Two mass model (Type 3)
Type 3A generator set model,\VM-PF.IntUser\PDD 31-12-2024.IntPrj\Network Model.IntPrjfolder\Network Data.IntPrjfolder\NORTE 138 kV.ElmNet\Guanillo.ElmSite\Planta_Guanillo.ElmComp\Type 3A generator set model.ElmDsl,0,,,NORTE 138 kV,,Type 3 A generator set model
Pitch angle control model,\VM-PF.IntUser\PDD 31-12-2024.IntPrj\Network Model.IntPrjfolder\Network Data.IntPrjfolder\NORTE 138 kV.ElmNet\Guanillo.ElmSite\Planta_Guanillo.ElmComp\Pitch angle control model.ElmDsl,0,,,NORTE 138 kV,,Pitch angle control model
P control model type 3,\VM-PF.IntUser\PDD 31-12-2024.IntPrj\Network Model.IntPrjfolder\Network Data.IntPrjfolder\NORTE 138 kV.ElmNet\Guanillo.ElmSite\Planta_Guanillo.ElmComp\P control model type 3.ElmDsl,0,,,NORTE 138 kV,,P control model type 3
Current limitation model,\VM-PF.IntUser\PDD 31-12-2024.IntPrj\Network Model.IntPrjfolder\Network Data.IntPrjfolder\NORTE 138 kV.ElmNet\Guanillo.ElmSite\Planta_Guanillo.ElmComp\Current limitation model.ElmDsl,0,,,NORTE 138 kV,,Current limitation model
Q control model,\VM-PF.IntUser\PDD 31-12-2024.IntPrj\Network Model.IntPrjfolder\Network Data.IntPrjfolder\NORTE 138 kV.ElmNet\Guanillo.ElmSite\Planta_Guanillo.ElmComp\Q control model.ElmDsl,0,,,NORTE 138 kV,,Q control model
QP and QU limitation model,\VM-PF.IntUser\PDD 31-12-2024.IntPrj\Network Model.IntPrjfolder\Network Data.IntPrjfolder\NORTE 138 kV.ElmNet\Guanillo.ElmSite\Planta_Guanillo.ElmComp\QP and QU limitation model.ElmDsl,0,,,NORTE 138 kV,,QP and QU limitation model
Protection,\VM-PF.IntUser\PDD 31-12-2024.IntPrj\Network Model.IntPrjfolder\Network Data.IntPrjfolder\NORTE 138 kV.ElmNet\Guanillo.ElmSite\Planta_Guanillo.ElmComp\Protection.ElmDsl,0,,,NORTE 138 kV,,Grid Protection Model
PLL,\VM-PF.IntUser\PDD 31-12-2024.IntPrj\Network Model.IntPrjfolder\Network Data.IntPrjfolder\NORTE 138 kV.ElmNet\Guanillo.ElmSite\Planta_Guanillo.ElmComp\PLL.ElmDsl,0,,,NORTE 138 kV,,Reference frame rotation model (PLL)
Constant Q limitation model,\VM-PF.IntUser\PDD 31-12-2024.IntPrj\Network Model.IntPrjfolder\Network Data.IntPrjfolder\NORTE 138 kV.ElmNet\Guanillo.ElmSite\Planta_Guanillo.ElmComp\Constant Q limitation model.ElmDsl,1,,,NORTE 138 kV,,Constant Q limitation model
One-dimensional aerodynamic model,\VM-PF.IntUser\PDD 31-12-2024.IntPrj\Network Model.IntPrjfolder\Network Data.IntPrjfolder\NORTE 138 kV.ElmNet\Guanillo.ElmSite\Planta_Guanillo.ElmComp\One-dimensional aerodynamic model.ElmDsl,1,,,NORTE 138 kV,,One-dimensional aerodynamic model
Current limitation model,\VM-PF.IntUser\PDD 31-12-2024.IntPrj\Network Model.IntPrjfolder\Network Data.IntPrjfolder\NORTE 138 kV.ElmNet\Los Guzmancito.ElmSite\Planta_Los Guzmancito.ElmComp\Current limitation model.ElmDsl,0,,,NORTE 138 kV,,Current limitation model
P control model type 3,\VM-PF.IntUser\PDD 31-12-2024.IntPrj\Network Model.IntPrjfolder\Network Data.IntPrjfolder\NORTE 138 kV.ElmNet\Los Guzmancito.ElmSite\Planta_Los Guzmancito.ElmComp\P control model type 3.ElmDsl,0,,,NORTE 138 kV,,P control model type 3
PLL,\VM-PF.IntUser\PDD 31-12-2024.IntPrj\Network Model.IntPrjfolder\Network Data.IntPrjfolder\NORTE 138 kV.ElmNet\Los Guzmancito.ElmSite\Planta_Los Guzmancito.ElmComp\PLL.ElmDsl,0,,,NORTE 138 kV,,Reference frame rotation model (PLL)
Pitch angle control model,\VM-PF.IntUser\PDD 31-12-2024.IntPrj\Network Model.IntPrjfolder\Network Data.IntPrjfolder\NORTE 138 kV.ElmNet\Los Guzmancito.ElmSite\Planta_Los Guzmancito.ElmComp\Pitch angle control model.ElmDsl,0,,,NORTE 138 kV,,Pitch angle control model
Protection,\VM-PF.IntUser\PDD 31-12-2024.IntPrj\Network Model.IntPrjfolder\Network Data.IntPrjfolder\NORTE 138 kV.ElmNet\Los Guzmancito.ElmSite\Planta_Los Guzmancito.ElmComp\Protection.ElmDsl,0,,,NORTE 138 kV,,Grid Protection Model
Q control model,\VM-PF.IntUser\PDD 31-12-2024.IntPrj\Network Model.IntPrjfolder\Network Data.IntPrjfolder\NORTE 138 kV.ElmNet\Los Guzmancito.ElmSite\Planta_Los Guzmancito.ElmComp\Q control model.ElmDsl,0,,,NORTE 138 kV,,Q control model
QP and QU limitation model,\VM-PF.IntUser\PDD 31-12-2024.IntPrj\Network Model.IntPrjfolder\Network Data.IntPrjfolder\NORTE 138 kV.ElmNet\Los Guzmancito.ElmSite\Planta_Los Guzmancito.ElmComp\QP and QU limitation model.ElmDsl,0,,,NORTE 138 kV,,QP and QU limitation model
Two mass model,\VM-PF.IntUser\PDD 31-12-2024.IntPrj\Network Model.IntPrjfolder\Network Data.IntPrjfolder\NORTE 138 kV.ElmNet\Los Guzmancito.ElmSite\Planta_Los Guzmancito.ElmComp\Two mass model.ElmDsl,0,,,NORTE 138 kV,,Two mass model (Type 3)
Type 3A generator set model,\VM-PF.IntUser\PDD 31-12-2024.IntPrj\Network Model.IntPrjfolder\Network Data.IntPrjfolder\NORTE 138 kV.ElmNet\Los Guzmancito.ElmSite\Planta_Los Guzmancito.ElmComp\Type 3A generator set model.ElmDsl,0,,,NORTE 138 kV,,Type 3 A generator set model
Two-dimensional aerodynamic model,\VM-PF.IntUser\PDD 31-12-2024.IntPrj\Network Model.IntPrjfolder\Network Data.IntPrjfolder\NORTE 138 kV.ElmNet\Los Guzmancito.ElmSite\Planta_Los Guzmancito.ElmComp\Two-dimensional aerodynamic model.ElmDsl,0,,,NORTE 138 kV,,Two-dimensional aerodynamic model
Constant Q limitation model,\VM-PF.IntUser\PDD 31-12-2024.IntPrj\Network Model.IntPrjfolder\Network Data.IntPrjfolder\NORTE 138 kV.ElmNet\Los Guzmancito.ElmSite\Planta_Los Guzmancito.ElmComp\Constant Q limitation model.ElmDsl,1,,,NORTE 138 kV,,Constant Q limitation model
One-dimensional aerodynamic model,\VM-PF.IntUser\PDD 31-12-2024.IntPrj\Network Model.IntPrjfolder\Network Data.IntPrjfolder\NORTE 138 kV.ElmNet\Los Guzmancito.ElmSite\Planta_Los Guzmancito.ElmComp\One-dimensional aerodynamic model.ElmDsl,1,,,NORTE 138 kV,,One-dimensional aerodynamic model
Current limitation model,\VM-PF.IntUser\PDD 31-12-2024.IntPrj\Network Model.IntPrjfolder\Network Data.IntPrjfolder\NORTE 138 kV.ElmNet\Los Guzmancito.ElmSite\Planta_Los Guzmancito 2.ElmComp\Current limitation model.ElmDsl,0,,,NORTE 138 kV,,Current limitation model
P control model type 3,\VM-PF.IntUser\PDD 31-12-2024.IntPrj\Network Model.IntPrjfolder\Network Data.IntPrjfolder\NORTE 138 kV.ElmNet\Los Guzmancito.ElmSite\Planta_Los Guzmancito 2.ElmComp\P control model type 3.ElmDsl,0,,,NORTE 138 kV,,P control model type 3
PLL,\VM-PF.IntUser\PDD 31-12-2024.IntPrj\Network Model.IntPrjfolder\Network Data.IntPrjfolder\NORTE 138 kV.ElmNet\Los Guzmancito.ElmSite\Planta_Los Guzmancito 2.ElmComp\PLL.ElmDsl,0,,,NORTE 138 kV,,Reference frame rotation model (PLL)
Pitch angle control model,\VM-PF.IntUser\PDD 31-12-2024.IntPrj\Network Model.IntPrjfolder\Network Data.IntPrjfolder\NORTE 138 kV.ElmNet\Los Guzmancito.ElmSite\Planta_Los Guzmancito 2.ElmComp\Pitch angle control model.ElmDsl,0,,,NORTE 138 kV,,Pitch angle control model
Protection,\VM-PF.IntUser\PDD 31-12-2024.IntPrj\Network Model.IntPrjfolder\Network Data.IntPrjfolder\NORTE 138 kV.ElmNet\Los Guzmancito.ElmSite\Planta_Los Guzmancito 2.ElmComp\Protection.ElmDsl,0,,,NORTE 138 kV,,Grid Protection Model
Q control model,\VM-PF.IntUser\PDD 31-12-2024.IntPrj\Network Model.IntPrjfolder\Network Data.IntPrjfolder\NORTE 138 kV.ElmNet\Los Guzmancito.ElmSite\Planta_Los Guzmancito 2.ElmComp\Q control model.ElmDsl,0,,,NORTE 138 kV,,Q control model
QP and QU limitation model,\VM-PF.IntUser\PDD 31-12-2024.IntPrj\Network Model.IntPrjfolder\Network Data.IntPrjfolder\NORTE 138 kV.ElmNet\Los Guzmancito.ElmSite\Planta_Los Guzmancito 2.ElmComp\QP and QU limitation model.ElmDsl,0,,,NORTE 138 kV,,QP and QU limitation model
Two mass model,\VM-PF.IntUser\PDD 31-12-2024.IntPrj\Network Model.IntPrjfolder\Network Data.IntPrjfolder\NORTE 138 kV.ElmNet\Los Guzmancito.ElmSite\Planta_Los Guzmancito 2.ElmComp\Two mass model.ElmDsl,0,,,NORTE 138 kV,,Two mass model (Type 3)
Type 3A generator set model,\VM-PF.IntUser\PDD 31-12-2024.IntPrj\Network Model.IntPrjfolder\Network Data.IntPrjfolder\NORTE 138 kV.ElmNet\Los Guzmancito.ElmSite\Planta_Los Guzmancito 2.ElmComp\Type 3A generator set model.ElmDsl,0,,,NORTE 138 kV,,Type 3 A generator set model
Two-dimensional aerodynamic model,\VM-PF.IntUser\PDD 31-12-2024.IntPrj\Network Model.IntPrjfolder\Network Data.IntPrjfolder\NORTE 138 kV.ElmNet\Los Guzmancito.ElmSite\Planta_Los Guzmancito 2.ElmComp\Two-dimensional aerodynamic model.ElmDsl,0,,,NORTE 138 kV,,Two-dimensional aerodynamic model
Constant Q limitation model,\VM-PF.IntUser\PDD 31-12-2024.IntPrj\Network Model.IntPrjfolder\Network Data.IntPrjfolder\NORTE 138 kV.ElmNet\Los Guzmancito.ElmSite\Planta_Los Guzmancito 2.ElmComp\Constant Q limitation model.ElmDsl,1,,,NORTE 138 kV,,Constant Q limitation model
One-dimensional aerodynamic model,\VM-PF.IntUser\PDD 31-12-2024.IntPrj\Network Model.IntPrjfolder\Network Data.IntPrjfolder\NORTE 138 kV.ElmNet\Los Guzmancito.ElmSite\Planta_Los Guzmancito 2.ElmComp\One-dimensional aerodynamic model.ElmDsl,1,,,NORTE 138 kV,,One-dimensional aerodynamic model
PLL Negative Sequence,\VM-PF.IntUser\PDD 31-12-2024.IntPrj\Network Model.IntPrjfolder\Network Data.IntPrjfolder\NORTE 138 kV.ElmNet\Matrisol.ElmSite\Planta_MATRISOL.ElmComp\PLL Negative Sequence.ElmDsl,0,,,NORTE 138 kV,,PLL Negative Sequence_PE
Protections_Blocks,\VM-PF.IntUser\PDD 31-12-2024.IntPrj\Network Model.IntPrjfolder\Network Data.IntPrjfolder\NORTE 138 kV.ElmNet\Matrisol.ElmSite\Planta_MATRISOL.ElmComp\Protections_Blocks.ElmDsl,0,,,NORTE 138 kV,,Protections_Blocks_PE
Controller_Blocks,\VM-PF.IntUser\PDD 31-12-2024.IntPrj\Network Model.IntPrjfolder\Network Data.IntPrjfolder\NORTE 138 kV.ElmNet\Matrisol.ElmSite\Planta_MATRISOL.ElmComp\Controller_Blocks.ElmDsl,0,,,NORTE 138 kV,,Controller_Blocks_PE_inverse
PLL Negative Sequence,\VM-PF.IntUser\PDD 31-12-2024.IntPrj\Network Model.IntPrjfolder\Network Data.IntPrjfolder\NORTE 138 kV.ElmNet\Esperanza.ElmSite\Planta_Parque Solar Esperanza.ElmComp\PLL Negative Sequence.ElmDsl,0,,,NORTE 138 kV,,PLL Negative Sequence_PE
Protections_Blocks,\VM-PF.IntUser\PDD 31-12-2024.IntPrj\Network Model.IntPrjfolder\Network Data.IntPrjfolder\NORTE 138 kV.ElmNet\Esperanza.ElmSite\Planta_Parque Solar Esperanza.ElmComp\Protections_Blocks.ElmDsl,0,,,NORTE 138 kV,,Protections_Blocks_PE
Controller_Blocks,\VM-PF.IntUser\PDD 31-12-2024.IntPrj\Network Model.IntPrjfolder\Network Data.IntPrjfolder\NORTE 138 kV.ElmNet\Esperanza.ElmSite\Planta_Parque Solar Esperanza.ElmComp\Controller_Blocks.ElmDsl,0,,,NORTE 138 kV,,Controller_Blocks_PE_inverse
SetPoint Interface,\VM-PF.IntUser\PDD 31-12-2024.IntPrj\Network Model.IntPrjfolder\Network Data.IntPrjfolder\NORTE 138 kV.ElmNet\Planta_Pimental IV.ElmComp\SetPoint Interface.ElmDsl,0,,,NORTE 138 kV,,spi_SetPointInterface
01_Signal Measurements,\VM-PF.IntUser\PDD 31-12-2024.IntPrj\Network Model.IntPrjfolder\Network Data.IntPrjfolder\NORTE 138 kV.ElmNet\Planta_Pimental IV.ElmComp\UNITROL 1000.ElmComp\01_Signal Measurements.ElmDsl,0,,,NORTE 138 kV,,mea_Mesurements
02_Exciter Machine,\VM-PF.IntUser\PDD 31-12-2024.IntPrj\Network Model.IntPrjfolder\Network Data.IntPrjfolder\NORTE 138 kV.ElmNet\Planta_Pimental IV.ElmComp\UNITROL 1000.ElmComp\02_Exciter Machine.ElmDsl,0,,,NORTE 138 kV,,exc_Exciter Machine
28_Excitation Supplies,\VM-PF.IntUser\PDD 31-12-2024.IntPrj\Network Model.IntPrjfolder\Network Data.IntPrjfolder\NORTE 138 kV.ElmNet\Planta_Pimental IV.ElmComp\UNITROL 1000.ElmComp\28_Excitation Supplies.ElmDsl,0,,,NORTE 138 kV,,sup_Excitation Supplies
03_Voltage Regulator,\VM-PF.IntUser\PDD 31-12-2024.IntPrj\Network Model.IntPrjfolder\Network Data.IntPrjfolder\NORTE 138 kV.ElmNet\Planta_Pimental IV.ElmComp\UNITROL 1000.ElmComp\03_Voltage Regulator.ElmDsl,0,,,NORTE 138 kV,,avr_AVR Unitrol 1000
04_Boost Control Logic,\VM-PF.IntUser\PDD 31-12-2024.IntPrj\Network Model.IntPrjfolder\Network Data.IntPrjfolder\NORTE 138 kV.ElmNet\Planta_Pimental IV.ElmComp\UNITROL 1000.ElmComp\04_Boost Control Logic.ElmDsl,0,,,NORTE 138 kV,,bst_Boost Voltage
05_Power System Stabilizer,\VM-PF.IntUser\PDD 31-12-2024.IntPrj\Network Model.IntPrjfolder\Network Data.IntPrjfolder\NORTE 138 kV.ElmNet\Planta_Pimental IV.ElmComp\UNITROL 1000.ElmComp\05_Power System Stabilizer.ElmDsl,1,,,NORTE 138 kV,,pss_ IEEE PSS 2A/2B/2C w feedback filter
27_Speed Synthesizer,\VM-PF.IntUser\PDD 31-12-2024.IntPrj\Network Model.IntPrjfolder\Network Data.IntPrjfolder\NORTE 138 kV.ElmNet\Planta_Pimental IV.ElmComp\UNITROL 1000.ElmComp\27_Speed Synthesizer.ElmDsl,0,,,NORTE 138 kV,,ssy_Speed Synthesizer
06_Stator Voltage Limiter,\VM-PF.IntUser\PDD 31-12-2024.IntPrj\Network Model.IntPrjfolder\Network Data.IntPrjfolder\NORTE 138 kV.ElmNet\Planta_Pimental IV.ElmComp\UNITROL 1000.ElmComp\06_Stator Voltage Limiter.ElmDsl,0,,,NORTE 138 kV,,uml_Stator Voltage Limiter
07_Direct_PF/Q Control,\VM-PF.IntUser\PDD 31-12-2024.IntPrj\Network Model.IntPrjfolder\Network Data.IntPrjfolder\NORTE 138 kV.ElmNet\Planta_Pimental IV.ElmComp\UNITROL 1000.ElmComp\07_Direct_PF/Q Control.ElmDsl,0,,,NORTE 138 kV,,pfq_dir_PF/MVAR control
08_Indirect PF/Q Control,\VM-PF.IntUser\PDD 31-12-2024.IntPrj\Network Model.IntPrjfolder\Network Data.IntPrjfolder\NORTE 138 kV.ElmNet\Planta_Pimental IV.ElmComp\UNITROL 1000.ElmComp\08_Indirect PF/Q Control.ElmDsl,0,,,NORTE 138 kV,,ipq_Indirect PFQ Control
09_V/Hz Limiter,\VM-PF.IntUser\PDD 31-12-2024.IntPrj\Network Model.IntPrjfolder\Network Data.IntPrjfolder\NORTE 138 kV.ElmNet\Planta_Pimental IV.ElmComp\UNITROL 1000.ElmComp\09_V/Hz Limiter.ElmDsl,0,,,NORTE 138 kV,,vhz_V/HZ limiter
29_Asymmetric Detection,\VM-PF.IntUser\PDD 31-12-2024.IntPrj\Network Model.IntPrjfolder\Network Data.IntPrjfolder\NORTE 138 kV.ElmNet\Planta_Pimental IV.ElmComp\UNITROL 1000.ElmComp\29_Asymmetric Detection.ElmDsl,0,,,NORTE 138 kV,,asy_Asymmetry detection
10_PQ Limiter,\VM-PF.IntUser\PDD 31-12-2024.IntPrj\Network Model.IntPrjfolder\Network Data.IntPrjfolder\NORTE 138 kV.ElmNet\Planta_Pimental IV.ElmComp\UNITROL 1000.ElmComp\10_PQ Limiter.ElmDsl,0,,,NORTE 138 kV,,pql_PQ Limiter
11_Stator Current Limiter,\VM-PF.IntUser\PDD 31-12-2024.IntPrj\Network Model.IntPrjfolder\Network Data.IntPrjfolder\NORTE 138 kV.ElmNet\Planta_Pimental IV.ElmComp\UNITROL 1000.ElmComp\11_Stator Current Limiter.ElmDsl,0,,,NORTE 138 kV,,iml_Stator Current Limiter
12_Minimum Exc. Current Limiter,\VM-PF.IntUser\PDD 31-12-2024.IntPrj\Network Model.IntPrjfolder\Network Data.IntPrjfolder\NORTE 138 kV.ElmNet\Planta_Pimental IV.ElmComp\UNITROL 1000.ElmComp\12_Minimum Exc. Current Limiter.ElmDsl,0,,,NORTE 138 kV,,iel_IeMin Limiter
13_Maximum Exc. Current Limiter,\VM-PF.IntUser\PDD 31-12-2024.IntPrj\Network Model.IntPrjfolder\Network Data.IntPrjfolder\NORTE 138 kV.ElmNet\Planta_Pimental IV.ElmComp\UNITROL 1000.ElmComp\13_Maximum Exc. Current Limiter.ElmDsl,0,,,NORTE 138 kV,,ieh_IeMax Limiter
14A_Mode Detector,\VM-PF.IntUser\PDD 31-12-2024.IntPrj\Network Model.IntPrjfolder\Network Data.IntPrjfolder\NORTE 138 kV.ElmNet\Planta_Pimental IV.ElmComp\UNITROL 1000.ElmComp\14_Control Mode Takeover.ElmComp\14A_Mode Detector.ElmDsl,0,,,NORTE 138 kV,,sel_Selected Mode
14B_Takeover Logic,\VM-PF.IntUser\PDD 31-12-2024.IntPrj\Network Model.IntPrjfolder\Network Data.IntPrjfolder\NORTE 138 kV.ElmNet\Planta_Pimental IV.ElmComp\UNITROL 1000.ElmComp\14_Control Mode Takeover.ElmComp\14B_Takeover Logic.ElmDsl,0,,,NORTE 138 kV,,tov_Control Mode Takeover Logic
15A_Limiters Takeover Logic,\VM-PF.IntUser\PDD 31-12-2024.IntPrj\Network Model.IntPrjfolder\Network Data.IntPrjfolder\NORTE 138 kV.ElmNet\Planta_Pimental IV.ElmComp\UNITROL 1000.ElmComp\15_Limiters Takeover.ElmComp\15A_Limiters Takeover Logic.ElmDsl,0,,,NORTE 138 kV,,blk_Limiters Takeover Logic
16a_Limiter Prioritisation Logic,\VM-PF.IntUser\PDD 31-12-2024.IntPrj\Network Model.IntPrjfolder\Network Data.IntPrjfolder\NORTE 138 kV.ElmNet\Planta_Pimental IV.ElmComp\UNITROL 1000.ElmComp\16_OELUEL Limiter_Prioritisation.ElmComp\16a_Limiter Prioritisation Logic.ElmDsl,0,,,NORTE 138 kV,,lip_Limiter Prioritisation Logic
19_Signal Routing Ind Control,\VM-PF.IntUser\PDD 31-12-2024.IntPrj\Network Model.IntPrjfolder\Network Data.IntPrjfolder\NORTE 138 kV.ElmNet\Planta_Pimental IV.ElmComp\UNITROL 1000.ElmComp\19_Signal Routing Ind Control.ElmDsl,0,,,NORTE 138 kV,,iro_signal_Routing_ind_contr
20_Detection LVRT plus clear,\VM-PF.IntUser\PDD 31-12-2024.IntPrj\Network Model.IntPrjfolder\Network Data.IntPrjfolder\NORTE 138 kV.ElmNet\Planta_Pimental IV.ElmComp\UNITROL 1000.ElmComp\20_Detection LVRT plus clear.ElmDsl,0,,,NORTE 138 kV,,det_LVRT plus clear
21_Indirect PF/Q with PI control,\VM-PF.IntUser\PDD 31-12-2024.IntPrj\Network Model.IntPrjfolder\Network Data.IntPrjfolder\NORTE 138 kV.ElmNet\Planta_Pimental IV.ElmComp\UNITROL 1000.ElmComp\21_Indirect PF/Q with PI control.ElmDsl,0,,,NORTE 138 kV,,ipp_Indirect PFQ with PI
Engine and Coupling,\VM-PF.IntUser\PDD 31-12-2024.IntPrj\Network Model.IntPrjfolder\Network Data.IntPrjfolder\NORTE 138 kV.ElmNet\Planta_Pimental IV.ElmComp\Wartsila Engine Governor.ElmComp\Engine and Coupling.ElmDsl,0,,,NORTE 138 kV,,Engine and Coupling
Fuel Control,\VM-PF.IntUser\PDD 31-12-2024.IntPrj\Network Model.IntPrjfolder\Network Data.IntPrjfolder\NORTE 138 kV.ElmNet\Planta_Pimental IV.ElmComp\Wartsila Engine Governor.ElmComp\Fuel Control.ElmDsl,0,,,NORTE 138 kV,,Fuel Control
Measurements,\VM-PF.IntUser\PDD 31-12-2024.IntPrj\Network Model.IntPrjfolder\Network Data.IntPrjfolder\NORTE 138 kV.ElmNet\Planta_Pimental IV.ElmComp\Wartsila Engine Governor.ElmComp\Measurements.ElmDsl,0,,,NORTE 138 kV,,Measurements
Engine Control,\VM-PF.IntUser\PDD 31-12-2024.IntPrj\Network Model.IntPrjfolder\Network Data.IntPrjfolder\NORTE 138 kV.ElmNet\Planta_Pimental IV.ElmComp\Wartsila Engine Governor.ElmComp\Engine Control.ElmDsl,0,,,NORTE 138 kV,,Engine Control
FRT Enable,\VM-PF.IntUser\PDD 31-12-2024.IntPrj\Network Model.IntPrjfolder\Network Data.IntPrjfolder\NORTE 138 kV.ElmNet\Planta_Pimental IV.ElmComp\Wartsila Engine Governor.ElmComp\FRT Enable.ElmDsl,0,,,NORTE 138 kV,,FRT Enable
Speed Con PID,\VM-PF.IntUser\PDD 31-12-2024.IntPrj\Network Model.IntPrjfolder\Network Data.IntPrjfolder\NORTE 138 kV.ElmNet\Planta_Pimental IV.ElmComp\Wartsila Engine Governor.ElmComp\Speed_Droop_Control.ElmComp\Speed Con PID.ElmDsl,0,,,NORTE 138 kV,,Speed Con PID
Speed Ref Rate Limit,\VM-PF.IntUser\PDD 31-12-2024.IntPrj\Network Model.IntPrjfolder\Network Data.IntPrjfolder\NORTE 138 kV.ElmNet\Planta_Pimental IV.ElmComp\Wartsila Engine Governor.ElmComp\Speed_Droop_Control.ElmComp\Speed Ref Rate Limit.ElmDsl,0,,,NORTE 138 kV,,Speed Ref Rate Limit
MFC,\VM-PF.IntUser\PDD 31-12-2024.IntPrj\Network Model.IntPrjfolder\Network Data.IntPrjfolder\NORTE 138 kV.ElmNet\Planta_Pimental IV.ElmComp\Wartsila Engine Governor.ElmComp\Speed_Droop_Control.ElmComp\MFC.ElmDsl,0,,,NORTE 138 kV,,MFC
TruekW Reference,\VM-PF.IntUser\PDD 31-12-2024.IntPrj\Network Model.IntPrjfolder\Network Data.IntPrjfolder\NORTE 138 kV.ElmNet\Planta_Pimental IV.ElmComp\Wartsila Engine Governor.ElmComp\TruekW_Control.ElmComp\TruekW Reference.ElmDsl,0,,,NORTE 138 kV,,TruekW Reference
TruekW Con PID,\VM-PF.IntUser\PDD 31-12-2024.IntPrj\Network Model.IntPrjfolder\Network Data.IntPrjfolder\NORTE 138 kV.ElmNet\Planta_Pimental IV.ElmComp\Wartsila Engine Governor.ElmComp\TruekW_Control.ElmComp\TruekW Con PID.ElmDsl,0,,,NORTE 138 kV,,TruekW Con PID
GOV,\VM-PF.IntUser\PDD 31-12-2024.IntPrj\Network Model.IntPrjfolder\Network Data.IntPrjfolder\NORTE 138 kV.ElmNet\Planta_Pimental IV.ElmComp\GOV.ElmDsl,1,,,NORTE 138 kV,,Governor_Engine Frame
gov_Los Toros 1,\VM-PF.IntUser\PDD 31-12-2024.IntPrj\Network Model.IntPrjfolder\Network Data.IntPrjfolder\SUR 69 kV.ElmNet\Los Toros.ElmSite\Planta_Los Toros 1.ElmComp\gov_Los Toros 1.ElmDsl,0,,,SUR 69 kV,,gov_HYGOV_LTOROS1
avr_Los Toros 1,\VM-PF.IntUser\PDD 31-12-2024.IntPrj\Network Model.IntPrjfolder\Network Data.IntPrjfolder\SUR 69 kV.ElmNet\Los Toros.ElmSite\Planta_Los Toros 1.ElmComp\avr_Los Toros 1.ElmDsl,0,,,SUR 69 kV,,vco_IEEET1
gov_Los Toros 2,\VM-PF.IntUser\PDD 31-12-2024.IntPrj\Network Model.IntPrjfolder\Network Data.IntPrjfolder\SUR 69 kV.ElmNet\Los Toros.ElmSite\Planta_Los Toros 2.ElmComp\gov_Los Toros 2.ElmDsl,0,,,SUR 69 kV,,gov_HYGOV_LTOROS2
avr_Los Toros 2,\VM-PF.IntUser\PDD 31-12-2024.IntPrj\Network Model.IntPrjfolder\Network Data.IntPrjfolder\SUR 69 kV.ElmNet\Los Toros.ElmSite\Planta_Los Toros 2.ElmComp\avr_Los Toros 2.ElmDsl,0,,,SUR 69 kV,,vco_IEEET1
avr_Sabana Yegua,\VM-PF.IntUser\PDD 31-12-2024.IntPrj\Network Model.IntPrjfolder\Network Data.IntPrjfolder\SUR 69 kV.ElmNet\Sabana Yegua.ElmSite\Planta_Sabana Yegua.ElmComp\avr_Sabana Yegua.ElmDsl,0,,,SUR 69 kV,,vco_EXAC1
gov_Sabana Yegua,\VM-PF.IntUser\PDD 31-12-2024.IntPrj\Network Model.IntPrjfolder\Network Data.IntPrjfolder\SUR 69 kV.ElmNet\Sabana Yegua.ElmSite\Planta_Sabana Yegua.ElmComp\gov_Sabana Yegua.ElmDsl,0,,,SUR 69 kV,,gov_HYGOV
avr_Sabaneta,\VM-PF.IntUser\PDD 31-12-2024.IntPrj\Network Model.IntPrjfolder\Network Data.IntPrjfolder\SUR 69 kV.ElmNet\Sabaneta.ElmSite\Planta_Sabaneta.ElmComp\avr_Sabaneta.ElmDsl,0,,,SUR 69 kV,,vco_EXAC1
gov_Sabaneta,\VM-PF.IntUser\PDD 31-12-2024.IntPrj\Network Model.IntPrjfolder\Network Data.IntPrjfolder\SUR 69 kV.ElmNet\Sabaneta.ElmSite\Planta_Sabaneta.ElmComp\gov_Sabaneta.ElmDsl,0,,,SUR 69 kV,,gov_HYGOV
avr_Las Damas,\VM-PF.IntUser\PDD 31-12-2024.IntPrj\Network Model.IntPrjfolder\Network Data.IntPrjfolder\SUR 69 kV.ElmNet\Las Damas.ElmSite\Planta_Las Damas.ElmComp\avr_Las Damas.ElmDsl,0,,,SUR 69 kV,,vco_EXAC1
gov_Las Damas,\VM-PF.IntUser\PDD 31-12-2024.IntPrj\Network Model.IntPrjfolder\Network Data.IntPrjfolder\SUR 69 kV.ElmNet\Las Damas.ElmSite\Planta_Las Damas.ElmComp\gov_Las Damas.ElmDsl,0,,,SUR 69 kV,,gov_HYGOV_LDAMAS
avr_Haina 1,\VM-PF.IntUser\PDD 31-12-2024.IntPrj\Network Model.IntPrjfolder\Network Data.IntPrjfolder\SUR 69 kV.ElmNet\Planta_Haina 1(Out of service).ElmComp\avr_Haina 1.ElmDsl,0,,,SUR 69 kV,,avr_IEEET1
gov_Haina 1,\VM-PF.IntUser\PDD 31-12-2024.IntPrj\Network Model.IntPrjfolder\Network Data.IntPrjfolder\SUR 69 kV.ElmNet\Planta_Haina 1(Out of service).ElmComp\gov_Haina 1.ElmDsl,0,,,SUR 69 kV,,gov_TGOV1
avr_Haina 2,\VM-PF.IntUser\PDD 31-12-2024.IntPrj\Network Model.IntPrjfolder\Network Data.IntPrjfolder\SUR 69 kV.ElmNet\Planta_Haina 2(Out of service).ElmComp\avr_Haina 2.ElmDsl,0,,,SUR 69 kV,,avr_IEEET1
gov_Haina 2,\VM-PF.IntUser\PDD 31-12-2024.IntPrj\Network Model.IntPrjfolder\Network Data.IntPrjfolder\SUR 69 kV.ElmNet\Planta_Haina 2(Out of service).ElmComp\gov_Haina 2.ElmDsl,0,,,SUR 69 kV,,gov_TGOV1
avr_Haina 4,\VM-PF.IntUser\PDD 31-12-2024.IntPrj\Network Model.IntPrjfolder\Network Data.IntPrjfolder\SUR 69 kV.ElmNet\Planta_Haina 4(Out of service).ElmComp\avr_Haina 4.ElmDsl,0,,,SUR 69 kV,,avr_IEEET1
gov_Haina 4,\VM-PF.IntUser\PDD 31-12-2024.IntPrj\Network Model.IntPrjfolder\Network Data.IntPrjfolder\SUR 69 kV.ElmNet\Planta_Haina 4(Out of service).ElmComp\gov_Haina 4.ElmDsl,0,,,SUR 69 kV,,gov_TGOV1
Controller,\VM-PF.IntUser\PDD 31-12-2024.IntPrj\Network Model.IntPrjfolder\Network Data.IntPrjfolder\SUR 69 kV.ElmNet\Canoa Solar.ElmSite\Planta_Canoa Solar.ElmComp\Controller.ElmDsl,0,,,SUR 69 kV,,Blk Df Controller
PPC,\VM-PF.IntUser\PDD 31-12-2024.IntPrj\Network Model.IntPrjfolder\Network Data.IntPrjfolder\SUR 69 kV.ElmNet\Canoa Solar.ElmSite\Planta_Canoa Solar.ElmComp\PPC.ElmDsl,0,,,SUR 69 kV,,PE_PPC
Protections,\VM-PF.IntUser\PDD 31-12-2024.IntPrj\Network Model.IntPrjfolder\Network Data.IntPrjfolder\SUR 69 kV.ElmNet\Canoa Solar.ElmSite\Planta_Canoa Solar.ElmComp\Protections.ElmDsl,0,,,SUR 69 kV,,Blk Df Protections
avr_Valdesia 1,\VM-PF.IntUser\PDD 31-12-2024.IntPrj\Network Model.IntPrjfolder\Network Data.IntPrjfolder\SUR 138 kV.ElmNet\Valdesia.ElmSite\Planta_Valdesia 1.ElmComp\avr_Valdesia 1.ElmDsl,0,,,SUR 138 kV,,vco_EXAC1
gov_Valdesia 1,\VM-PF.IntUser\PDD 31-12-2024.IntPrj\Network Model.IntPrjfolder\Network Data.IntPrjfolder\SUR 138 kV.ElmNet\Valdesia.ElmSite\Planta_Valdesia 1.ElmComp\gov_Valdesia 1.ElmDsl,0,,,SUR 138 kV,,gov_HYGOV
avr_Valdesia 2,\VM-PF.IntUser\PDD 31-12-2024.IntPrj\Network Model.IntPrjfolder\Network Data.IntPrjfolder\SUR 138 kV.ElmNet\Valdesia.ElmSite\Planta_Valdesia 2.ElmComp\avr_Valdesia 2.ElmDsl,0,,,SUR 138 kV,,vco_EXAC1
gov_Valdesia 2,\VM-PF.IntUser\PDD 31-12-2024.IntPrj\Network Model.IntPrjfolder\Network Data.IntPrjfolder\SUR 138 kV.ElmNet\Valdesia.ElmSite\Planta_Valdesia 2.ElmComp\gov_Valdesia 2.ElmDsl,0,,,SUR 138 kV,,gov_HYGOV
avr_Barahona Carbón,\VM-PF.IntUser\PDD 31-12-2024.IntPrj\Network Model.IntPrjfolder\Network Data.IntPrjfolder\SUR 138 kV.ElmNet\Barahona Carbón.ElmSite\Planta_Barahona Carbón.ElmComp\avr_Barahona Carbón.ElmDsl,0,,,SUR 138 kV,,vco_EXAC1
gov_Barahona Carbón,\VM-PF.IntUser\PDD 31-12-2024.IntPrj\Network Model.IntPrjfolder\Network Data.IntPrjfolder\SUR 138 kV.ElmNet\Barahona Carbón.ElmSite\Planta_Barahona Carbón.ElmComp\gov_Barahona Carbón.ElmDsl,1,,,SUR 138 kV,,gov_TGOV1
gov_Jiguey 1,\VM-PF.IntUser\PDD 31-12-2024.IntPrj\Network Model.IntPrjfolder\Network Data.IntPrjfolder\SUR 138 kV.ElmNet\Jiguey.ElmSite\Planta_Jiguey 1.ElmComp\gov_Jiguey 1.ElmDsl,0,,,SUR 138 kV,,gov_HYGOV_JIGUEY2
avr_Jiguey 1,\VM-PF.IntUser\PDD 31-12-2024.IntPrj\Network Model.IntPrjfolder\Network Data.IntPrjfolder\SUR 138 kV.ElmNet\Jiguey.ElmSite\Planta_Jiguey 1.ElmComp\avr_Jiguey 1.ElmDsl,0,,,SUR 138 kV,,vco_EXAC1
avr_Jiguey 2,\VM-PF.IntUser\PDD 31-12-2024.IntPrj\Network Model.IntPrjfolder\Network Data.IntPrjfolder\SUR 138 kV.ElmNet\Jiguey.ElmSite\Planta_Jiguey 2.ElmComp\avr_Jiguey 2.ElmDsl,0,,,SUR 138 kV,,vco_EXAC1
gov_Jiguey 2,\VM-PF.IntUser\PDD 31-12-2024.IntPrj\Network Model.IntPrjfolder\Network Data.IntPrjfolder\SUR 138 kV.ElmNet\Jiguey.ElmSite\Planta_Jiguey 2.ElmComp\gov_Jiguey 2.ElmDsl,0,,,SUR 138 kV,,gov_HYGOV_JIGUEY1
pcu_Aguacate 2,\VM-PF.IntUser\PDD 31-12-2024.IntPrj\Network Model.IntPrjfolder\Network Data.IntPrjfolder\SUR 138 kV.ElmNet\Aguacate.ElmSite\Planta_Aguacate 2_PIPAC.ElmComp\pcu_Aguacate 2.ElmDsl,0,,,SUR 138 kV,,pcu_Reivax_RTVX100
avr_Aguacate PIPAC,\VM-PF.IntUser\PDD 31-12-2024.IntPrj\Network Model.IntPrjfolder\Network Data.IntPrjfolder\SUR 138 kV.ElmNet\Aguacate.ElmSite\Planta_Aguacate 2_PIPAC.ElmComp\avr_Aguacate PIPAC.ElmDsl,0,,,SUR 138 kV,,avr_Reivax_RTVX_100
pmu_Aguacate 2,\VM-PF.IntUser\PDD 31-12-2024.IntPrj\Network Model.IntPrjfolder\Network Data.IntPrjfolder\SUR 138 kV.ElmNet\Aguacate.ElmSite\Planta_Aguacate 2_PIPAC.ElmComp\pmu_Aguacate 2.ElmDsl,0,,,SUR 138 kV,,pmu_TrWHydroFrancis
pcu_Aguacate 1,\VM-PF.IntUser\PDD 31-12-2024.IntPrj\Network Model.IntPrjfolder\Network Data.IntPrjfolder\SUR 138 kV.ElmNet\Aguacate.ElmSite\Planta_Aguacate 1_PIPAC.ElmComp\pcu_Aguacate 1.ElmDsl,0,,,SUR 138 kV,,pcu_Reivax_RTVX100
avr_Aguacate PIPAC,\VM-PF.IntUser\PDD 31-12-2024.IntPrj\Network Model.IntPrjfolder\Network Data.IntPrjfolder\SUR 138 kV.ElmNet\Aguacate.ElmSite\Planta_Aguacate 1_PIPAC.ElmComp\avr_Aguacate PIPAC.ElmDsl,0,,,SUR 138 kV,,avr_Reivax_RTVX_100
pmu_Aguacate 1,\VM-PF.IntUser\PDD 31-12-2024.IntPrj\Network Model.IntPrjfolder\Network Data.IntPrjfolder\SUR 138 kV.ElmNet\Aguacate.ElmSite\Planta_Aguacate 1_PIPAC.ElmComp\pmu_Aguacate 1.ElmDsl,0,,,SUR 138 kV,,pmu_TrWHydroFrancis
avr_Aguacate 1,\VM-PF.IntUser\PDD 31-12-2024.IntPrj\Network Model.IntPrjfolder\Network Data.IntPrjfolder\SUR 138 kV.ElmNet\Aguacate.ElmSite\Planta_Aguacate 1.ElmComp\avr_Aguacate 1.ElmDsl,0,,,SUR 138 kV,,vco_IEEET1
gov_Aguacate 1,\VM-PF.IntUser\PDD 31-12-2024.IntPrj\Network Model.IntPrjfolder\Network Data.IntPrjfolder\SUR 138 kV.ElmNet\Aguacate.ElmSite\Planta_Aguacate 1.ElmComp\gov_Aguacate 1.ElmDsl,0,,,SUR 138 kV,,gov_HYGOV_AGUACATE1
avr_Aguacate 2,\VM-PF.IntUser\PDD 31-12-2024.IntPrj\Network Model.IntPrjfolder\Network Data.IntPrjfolder\SUR 138 kV.ElmNet\Aguacate.ElmSite\Planta_Aguacate 2.ElmComp\avr_Aguacate 2.ElmDsl,0,,,SUR 138 kV,,vco_IEEET1
gov_Aguacate 2,\VM-PF.IntUser\PDD 31-12-2024.IntPrj\Network Model.IntPrjfolder\Network Data.IntPrjfolder\SUR 138 kV.ElmNet\Aguacate.ElmSite\Planta_Aguacate 2.ElmComp\gov_Aguacate 2.ElmDsl,0,,,SUR 138 kV,,gov_HYGOV_AGUACATE2
avr_Monte Río G1,\VM-PF.IntUser\PDD 31-12-2024.IntPrj\Network Model.IntPrjfolder\Network Data.IntPrjfolder\SUR 138 kV.ElmNet\Monte Río.ElmSite\Planta_Monte Rio G1.ElmComp\avr_Monte Río G1.ElmDsl,0,,,SUR 138 kV,,avr_ESAC8B
gov_Monte Rio G1,\VM-PF.IntUser\PDD 31-12-2024.IntPrj\Network Model.IntPrjfolder\Network Data.IntPrjfolder\SUR 138 kV.ElmNet\Monte Río.ElmSite\Planta_Monte Rio G1.ElmComp\gov_Monte Rio G1.ElmDsl,0,,,SUR 138 kV,,gov_DEGOV1
avr_Monte Río G3,\VM-PF.IntUser\PDD 31-12-2024.IntPrj\Network Model.IntPrjfolder\Network Data.IntPrjfolder\SUR 138 kV.ElmNet\Monte Río.ElmSite\Planta_Monte Rio G3.ElmComp\avr_Monte Río G3.ElmDsl,0,,,SUR 138 kV,,avr_ESAC8B
gov_Monte Rio G3,\VM-PF.IntUser\PDD 31-12-2024.IntPrj\Network Model.IntPrjfolder\Network Data.IntPrjfolder\SUR 138 kV.ElmNet\Monte Río.ElmSite\Planta_Monte Rio G3.ElmComp\gov_Monte Rio G3.ElmDsl,0,,,SUR 138 kV,,gov_DEGOV1
avr_Itabo 1,\VM-PF.IntUser\PDD 31-12-2024.IntPrj\Network Model.IntPrjfolder\Network Data.IntPrjfolder\SUR 138 kV.ElmNet\Itabo.ElmSite\Planta_Itabo 1.ElmComp\avr_Itabo 1.ElmDsl,0,,,SUR 138 kV,,vco_IEEET1
gov_Itabo 1,\VM-PF.IntUser\PDD 31-12-2024.IntPrj\Network Model.IntPrjfolder\Network Data.IntPrjfolder\SUR 138 kV.ElmNet\Itabo.ElmSite\Planta_Itabo 1.ElmComp\gov_Itabo 1.ElmDsl,1,,,SUR 138 kV,,gov_TGOV1
avr_Itabo 2,\VM-PF.IntUser\PDD 31-12-2024.IntPrj\Network Model.IntPrjfolder\Network Data.IntPrjfolder\SUR 138 kV.ElmNet\Itabo.ElmSite\Planta_Itabo 2.ElmComp\avr_Itabo 2.ElmDsl,0,,,SUR 138 kV,,vco_IEEET1
gov_Itabo 2,\VM-PF.IntUser\PDD 31-12-2024.IntPrj\Network Model.IntPrjfolder\Network Data.IntPrjfolder\SUR 138 kV.ElmNet\Itabo.ElmSite\Planta_Itabo 2.ElmComp\gov_Itabo 2.ElmDsl,1,,,SUR 138 kV,,gov_TGOV1
avr_Haina TG,\VM-PF.IntUser\PDD 31-12-2024.IntPrj\Network Model.IntPrjfolder\Network Data.IntPrjfolder\SUR 138 kV.ElmNet\Itabo TG.ElmSite\Planta_Haina TG.ElmComp\avr_Haina TG.ElmDsl,0,,,SUR 138 kV,,avr_ESST1A
gov_Haina TG,\VM-PF.IntUser\PDD 31-12-2024.IntPrj\Network Model.IntPrjfolder\Network Data.IntPrjfolder\SUR 138 kV.ElmNet\Itabo TG.ElmSite\Planta_Haina TG.ElmComp\gov_Haina TG.ElmDsl,0,,,SUR 138 kV,,gov_GGOV1
WTG DSL 01,\VM-PF.IntUser\PDD 31-12-2024.IntPrj\Network Model.IntPrjfolder\Network Data.IntPrjfolder\SUR 138 kV.ElmNet\Los Cocos.ElmSite\Planta_Los Cocos 1.ElmComp\WTG DSL 01.ElmDsl,1,,,SUR 138 kV,,WTG Generic Model V7.3.3_ENC
WTG DSL 01,\VM-PF.IntUser\PDD 31-12-2024.IntPrj\Network Model.IntPrjfolder\Network Data.IntPrjfolder\SUR 138 kV.ElmNet\Los Cocos.ElmSite\Planta_Los Cocos 2.ElmComp\WTG DSL 01.ElmDsl,1,,,SUR 138 kV,,WTG Generic Model V7.3.3_ENC
pcu_Palomino 1,\VM-PF.IntUser\PDD 31-12-2024.IntPrj\Network Model.IntPrjfolder\Network Data.IntPrjfolder\SUR 138 kV.ElmNet\Palomino.ElmSite\Planta_Palomino 1_PIPAC.ElmComp\pcu_Palomino 1.ElmDsl,0,,,SUR 138 kV,,pcu_VOITH SIEMENS
vco_Palomino 1,\VM-PF.IntUser\PDD 31-12-2024.IntPrj\Network Model.IntPrjfolder\Network Data.IntPrjfolder\SUR 138 kV.ElmNet\Palomino.ElmSite\Planta_Palomino 1_PIPAC.ElmComp\vco_Palomino 1.ElmDsl,0,,,SUR 138 kV,,vco_Unitrol F
pmu_Palomino 1,\VM-PF.IntUser\PDD 31-12-2024.IntPrj\Network Model.IntPrjfolder\Network Data.IntPrjfolder\SUR 138 kV.ElmNet\Palomino.ElmSite\Planta_Palomino 1_PIPAC.ElmComp\pmu_Palomino 1.ElmDsl,0,,,SUR 138 kV,,pmu_TrWHydroFrancis
pcu_Palomino 2,\VM-PF.IntUser\PDD 31-12-2024.IntPrj\Network Model.IntPrjfolder\Network Data.IntPrjfolder\SUR 138 kV.ElmNet\Palomino.ElmSite\Planta_Palomino 2_PIPAC.ElmComp\pcu_Palomino 2.ElmDsl,0,,,SUR 138 kV,,pcu_VOITH SIEMENS
vco_Palomino 2,\VM-PF.IntUser\PDD 31-12-2024.IntPrj\Network Model.IntPrjfolder\Network Data.IntPrjfolder\SUR 138 kV.ElmNet\Palomino.ElmSite\Planta_Palomino 2_PIPAC.ElmComp\vco_Palomino 2.ElmDsl,0,,,SUR 138 kV,,vco_Unitrol F
pmu_Palomino 2,\VM-PF.IntUser\PDD 31-12-2024.IntPrj\Network Model.IntPrjfolder\Network Data.IntPrjfolder\SUR 138 kV.ElmNet\Palomino.ElmSite\Planta_Palomino 2_PIPAC.ElmComp\pmu_Palomino 2.ElmDsl,0,,,SUR 138 kV,,pmu_TrWHydroFrancis
avr_Palomino,\VM-PF.IntUser\PDD 31-12-2024.IntPrj\Network Model.IntPrjfolder\Network Data.IntPrjfolder\SUR 138 kV.ElmNet\Palomino.ElmSite\Planta_Palomino 1.ElmComp\avr_Palomino.ElmDsl,0,,,SUR 138 kV,,vco_EXAC1
gov_Palomino 1,\VM-PF.IntUser\PDD 31-12-2024.IntPrj\Network Model.IntPrjfolder\Network Data.IntPrjfolder\SUR 138 kV.ElmNet\Palomino.ElmSite\Planta_Palomino 1.ElmComp\gov_Palomino 1.ElmDsl,0,,,SUR 138 kV,,gov_HYGOV_PALOMINO1
avr_Palomino 2,\VM-PF.IntUser\PDD 31-12-2024.IntPrj\Network Model.IntPrjfolder\Network Data.IntPrjfolder\SUR 138 kV.ElmNet\Palomino.ElmSite\Planta_Palomino 2.ElmComp\avr_Palomino 2.ElmDsl,0,,,SUR 138 kV,,vco_EXAC1
gov_Palomino 2,\VM-PF.IntUser\PDD 31-12-2024.IntPrj\Network Model.IntPrjfolder\Network Data.IntPrjfolder\SUR 138 kV.ElmNet\Palomino.ElmSite\Planta_Palomino 2.ElmComp\gov_Palomino 2.ElmDsl,0,,,SUR 138 kV,,gov_HYGOV_PALOMINO2
Volt Trans,\VM-PF.IntUser\PDD 31-12-2024.IntPrj\Network Model.IntPrjfolder\Network Data.IntPrjfolder\SUR 138 kV.ElmNet\POWERSHIP AZUA KPS 26.ElmSite\Planta_POWERSHIP AZUA KPS26 1.ElmComp\BASLER DECS-200.ElmComp\Volt Trans.ElmDsl,0,,,SUR 138 kV,,cmp_Voltage Transducer
AVR,\VM-PF.IntUser\PDD 31-12-2024.IntPrj\Network Model.IntPrjfolder\Network Data.IntPrjfolder\SUR 138 kV.ElmNet\POWERSHIP AZUA KPS 26.ElmSite\Planta_POWERSHIP AZUA KPS26 1.ElmComp\BASLER DECS-200.ElmComp\AVR.ElmDsl,0,,,SUR 138 kV,,avr_Voltage Regulator
Exciter Machine,\VM-PF.IntUser\PDD 31-12-2024.IntPrj\Network Model.IntPrjfolder\Network Data.IntPrjfolder\SUR 138 kV.ElmNet\POWERSHIP AZUA KPS 26.ElmSite\Planta_POWERSHIP AZUA KPS26 1.ElmComp\BASLER DECS-200.ElmComp\Exciter Machine.ElmDsl,0,,,SUR 138 kV,,exc_Exciter_Machine_type2
VHz Limiter,\VM-PF.IntUser\PDD 31-12-2024.IntPrj\Network Model.IntPrjfolder\Network Data.IntPrjfolder\SUR 138 kV.ElmNet\POWERSHIP AZUA KPS 26.ElmSite\Planta_POWERSHIP AZUA KPS26 1.ElmComp\BASLER DECS-200.ElmComp\VHz Limiter.ElmDsl,1,,,SUR 138 kV,,vhz_VxHz/UF Limiter
Power Measurement,\VM-PF.IntUser\PDD 31-12-2024.IntPrj\Network Model.IntPrjfolder\Network Data.IntPrjfolder\SUR 138 kV.ElmNet\POWERSHIP AZUA KPS 26.ElmSite\Planta_POWERSHIP AZUA KPS26 1.ElmComp\BASLER DECS-200.ElmComp\Power Measurement.ElmDsl,0,,,SUR 138 kV,,pqm_PQ Measurement
PF/Q Contr,\VM-PF.IntUser\PDD 31-12-2024.IntPrj\Network Model.IntPrjfolder\Network Data.IntPrjfolder\SUR 138 kV.ElmNet\POWERSHIP AZUA KPS 26.ElmSite\Planta_POWERSHIP AZUA KPS26 1.ElmComp\BASLER DECS-200.ElmComp\PF/Q Contr.ElmDsl,0,,,SUR 138 kV,,pfq_VAR/PF Control
IStator Lim,\VM-PF.IntUser\PDD 31-12-2024.IntPrj\Network Model.IntPrjfolder\Network Data.IntPrjfolder\SUR 138 kV.ElmNet\POWERSHIP AZUA KPS 26.ElmSite\Planta_POWERSHIP AZUA KPS26 1.ElmComp\BASLER DECS-200.ElmComp\IStator Lim.ElmDsl,0,,,SUR 138 kV,,scl_Stator Current Limiter
UEmin Lim,\VM-PF.IntUser\PDD 31-12-2024.IntPrj\Network Model.IntPrjfolder\Network Data.IntPrjfolder\SUR 138 kV.ElmNet\POWERSHIP AZUA KPS 26.ElmSite\Planta_POWERSHIP AZUA KPS26 1.ElmComp\BASLER DECS-200.ElmComp\UEmin Lim.ElmDsl,0,,,SUR 138 kV,,uel_Under Excitation Limiter
Uemax Lim,\VM-PF.IntUser\PDD 31-12-2024.IntPrj\Network Model.IntPrjfolder\Network Data.IntPrjfolder\SUR 138 kV.ElmNet\POWERSHIP AZUA KPS 26.ElmSite\Planta_POWERSHIP AZUA KPS26 1.ElmComp\BASLER DECS-200.ElmComp\Uemax Lim.ElmDsl,0,,,SUR 138 kV,,oel_Over Excitation Limiter
PSS,\VM-PF.IntUser\PDD 31-12-2024.IntPrj\Network Model.IntPrjfolder\Network Data.IntPrjfolder\SUR 138 kV.ElmNet\POWERSHIP AZUA KPS 26.ElmSite\Planta_POWERSHIP AZUA KPS26 1.ElmComp\BASLER DECS-200.ElmComp\PSS.ElmDsl,1,,,SUR 138 kV,,pss_IEEE_2B
VAR Lim,\VM-PF.IntUser\PDD 31-12-2024.IntPrj\Network Model.IntPrjfolder\Network Data.IntPrjfolder\SUR 138 kV.ElmNet\POWERSHIP AZUA KPS 26.ElmSite\Planta_POWERSHIP AZUA KPS26 1.ElmComp\BASLER DECS-200.ElmComp\VAR Lim.ElmDsl,1,,,SUR 138 kV,,var_VAR Limiter
Interface,\VM-PF.IntUser\PDD 31-12-2024.IntPrj\Network Model.IntPrjfolder\Network Data.IntPrjfolder\SUR 138 kV.ElmNet\POWERSHIP AZUA KPS 26.ElmSite\Planta_POWERSHIP AZUA KPS26 1.ElmComp\MAN 18V/51/60DDF.ElmComp\Interface.ElmDsl,0,,,SUR 138 kV,,mea_Measurement Interface_v1
Engine,\VM-PF.IntUser\PDD 31-12-2024.IntPrj\Network Model.IntPrjfolder\Network Data.IntPrjfolder\SUR 138 kV.ElmNet\POWERSHIP AZUA KPS 26.ElmSite\Planta_POWERSHIP AZUA KPS26 1.ElmComp\MAN 18V/51/60DDF.ElmComp\Engine.ElmDsl,0,,,SUR 138 kV,,eng_MAN Diesel Engine_v2
Dummy Shaft,\VM-PF.IntUser\PDD 31-12-2024.IntPrj\Network Model.IntPrjfolder\Network Data.IntPrjfolder\SUR 138 kV.ElmNet\POWERSHIP AZUA KPS 26.ElmSite\Planta_POWERSHIP AZUA KPS26 1.ElmComp\MAN 18V/51/60DDF.ElmComp\Dummy Shaft.ElmDsl,0,,,SUR 138 kV,,shf_Shaft Model Type1_v1
Governor,\VM-PF.IntUser\PDD 31-12-2024.IntPrj\Network Model.IntPrjfolder\Network Data.IntPrjfolder\SUR 138 kV.ElmNet\POWERSHIP AZUA KPS 26.ElmSite\Planta_POWERSHIP AZUA KPS26 1.ElmComp\MAN 18V/51/60DDF.ElmComp\Governor.ElmDsl,0,,,SUR 138 kV,,gov_MAN Governor/Actuator_v3
Droop Control,\VM-PF.IntUser\PDD 31-12-2024.IntPrj\Network Model.IntPrjfolder\Network Data.IntPrjfolder\SUR 138 kV.ElmNet\POWERSHIP AZUA KPS 26.ElmSite\Planta_POWERSHIP AZUA KPS26 1.ElmComp\MAN 18V/51/60DDF.ElmComp\Droop Control.ElmDsl,0,,,SUR 138 kV,,drp_MAN Droop Control_v1
GCP,\VM-PF.IntUser\PDD 31-12-2024.IntPrj\Network Model.IntPrjfolder\Network Data.IntPrjfolder\SUR 138 kV.ElmNet\POWERSHIP AZUA KPS 26.ElmSite\Planta_POWERSHIP AZUA KPS26 1.ElmComp\MAN 18V/51/60DDF.ElmComp\GCP.ElmDsl,0,,,SUR 138 kV,,gcp_Genset Control Panel_v5
Shaft - 3 masses,\VM-PF.IntUser\PDD 31-12-2024.IntPrj\Network Model.IntPrjfolder\Network Data.IntPrjfolder\SUR 138 kV.ElmNet\POWERSHIP AZUA KPS 26.ElmSite\Planta_POWERSHIP AZUA KPS26 1.ElmComp\MAN 18V/51/60DDF.ElmComp\Shaft - 3 masses.ElmDsl,1,,,SUR 138 kV,,shf_Shaft/Rotor Model Type3_v1
Shaft - 4 masses,\VM-PF.IntUser\PDD 31-12-2024.IntPrj\Network Model.IntPrjfolder\Network Data.IntPrjfolder\SUR 138 kV.ElmNet\POWERSHIP AZUA KPS 26.ElmSite\Planta_POWERSHIP AZUA KPS26 1.ElmComp\MAN 18V/51/60DDF.ElmComp\Shaft - 4 masses.ElmDsl,1,,,SUR 138 kV,,shf_Shaft/Rotor Model Type 4_v1
Volt Trans,\VM-PF.IntUser\PDD 31-12-2024.IntPrj\Network Model.IntPrjfolder\Network Data.IntPrjfolder\SUR 138 kV.ElmNet\POWERSHIP AZUA KPS 26.ElmSite\Planta_POWERSHIP AZUA KPS26 2.ElmComp\BASLER DECS-200.ElmComp\Volt Trans.ElmDsl,0,,,SUR 138 kV,,cmp_Voltage Transducer
AVR,\VM-PF.IntUser\PDD 31-12-2024.IntPrj\Network Model.IntPrjfolder\Network Data.IntPrjfolder\SUR 138 kV.ElmNet\POWERSHIP AZUA KPS 26.ElmSite\Planta_POWERSHIP AZUA KPS26 2.ElmComp\BASLER DECS-200.ElmComp\AVR.ElmDsl,0,,,SUR 138 kV,,avr_Voltage Regulator
Exciter Machine,\VM-PF.IntUser\PDD 31-12-2024.IntPrj\Network Model.IntPrjfolder\Network Data.IntPrjfolder\SUR 138 kV.ElmNet\POWERSHIP AZUA KPS 26.ElmSite\Planta_POWERSHIP AZUA KPS26 2.ElmComp\BASLER DECS-200.ElmComp\Exciter Machine.ElmDsl,0,,,SUR 138 kV,,exc_Exciter_Machine_type2
VHz Limiter,\VM-PF.IntUser\PDD 31-12-2024.IntPrj\Network Model.IntPrjfolder\Network Data.IntPrjfolder\SUR 138 kV.ElmNet\POWERSHIP AZUA KPS 26.ElmSite\Planta_POWERSHIP AZUA KPS26 2.ElmComp\BASLER DECS-200.ElmComp\VHz Limiter.ElmDsl,1,,,SUR 138 kV,,vhz_VxHz/UF Limiter
Power Measurement,\VM-PF.IntUser\PDD 31-12-2024.IntPrj\Network Model.IntPrjfolder\Network Data.IntPrjfolder\SUR 138 kV.ElmNet\POWERSHIP AZUA KPS 26.ElmSite\Planta_POWERSHIP AZUA KPS26 2.ElmComp\BASLER DECS-200.ElmComp\Power Measurement.ElmDsl,0,,,SUR 138 kV,,pqm_PQ Measurement
PF/Q Contr,\VM-PF.IntUser\PDD 31-12-2024.IntPrj\Network Model.IntPrjfolder\Network Data.IntPrjfolder\SUR 138 kV.ElmNet\POWERSHIP AZUA KPS 26.ElmSite\Planta_POWERSHIP AZUA KPS26 2.ElmComp\BASLER DECS-200.ElmComp\PF/Q Contr.ElmDsl,0,,,SUR 138 kV,,pfq_VAR/PF Control
IStator Lim,\VM-PF.IntUser\PDD 31-12-2024.IntPrj\Network Model.IntPrjfolder\Network Data.IntPrjfolder\SUR 138 kV.ElmNet\POWERSHIP AZUA KPS 26.ElmSite\Planta_POWERSHIP AZUA KPS26 2.ElmComp\BASLER DECS-200.ElmComp\IStator Lim.ElmDsl,0,,,SUR 138 kV,,scl_Stator Current Limiter
UEmin Lim,\VM-PF.IntUser\PDD 31-12-2024.IntPrj\Network Model.IntPrjfolder\Network Data.IntPrjfolder\SUR 138 kV.ElmNet\POWERSHIP AZUA KPS 26.ElmSite\Planta_POWERSHIP AZUA KPS26 2.ElmComp\BASLER DECS-200.ElmComp\UEmin Lim.ElmDsl,0,,,SUR 138 kV,,uel_Under Excitation Limiter
Uemax Lim,\VM-PF.IntUser\PDD 31-12-2024.IntPrj\Network Model.IntPrjfolder\Network Data.IntPrjfolder\SUR 138 kV.ElmNet\POWERSHIP AZUA KPS 26.ElmSite\Planta_POWERSHIP AZUA KPS26 2.ElmComp\BASLER DECS-200.ElmComp\Uemax Lim.ElmDsl,0,,,SUR 138 kV,,oel_Over Excitation Limiter
PSS,\VM-PF.IntUser\PDD 31-12-2024.IntPrj\Network Model.IntPrjfolder\Network Data.IntPrjfolder\SUR 138 kV.ElmNet\POWERSHIP AZUA KPS 26.ElmSite\Planta_POWERSHIP AZUA KPS26 2.ElmComp\BASLER DECS-200.ElmComp\PSS.ElmDsl,1,,,SUR 138 kV,,pss_IEEE_2B
VAR Lim,\VM-PF.IntUser\PDD 31-12-2024.IntPrj\Network Model.IntPrjfolder\Network Data.IntPrjfolder\SUR 138 kV.ElmNet\POWERSHIP AZUA KPS 26.ElmSite\Planta_POWERSHIP AZUA KPS26 2.ElmComp\BASLER DECS-200.ElmComp\VAR Lim.ElmDsl,1,,,SUR 138 kV,,var_VAR Limiter
Interface,\VM-PF.IntUser\PDD 31-12-2024.IntPrj\Network Model.IntPrjfolder\Network Data.IntPrjfolder\SUR 138 kV.ElmNet\POWERSHIP AZUA KPS 26.ElmSite\Planta_POWERSHIP AZUA KPS26 2.ElmComp\MAN 18V/51/60DDF.ElmComp\Interface.ElmDsl,0,,,SUR 138 kV,,mea_Measurement Interface_v1
Engine,\VM-PF.IntUser\PDD 31-12-2024.IntPrj\Network Model.IntPrjfolder\Network Data.IntPrjfolder\SUR 138 kV.ElmNet\POWERSHIP AZUA KPS 26.ElmSite\Planta_POWERSHIP AZUA KPS26 2.ElmComp\MAN 18V/51/60DDF.ElmComp\Engine.ElmDsl,0,,,SUR 138 kV,,eng_MAN Diesel Engine_v2
Dummy Shaft,\VM-PF.IntUser\PDD 31-12-2024.IntPrj\Network Model.IntPrjfolder\Network Data.IntPrjfolder\SUR 138 kV.ElmNet\POWERSHIP AZUA KPS 26.ElmSite\Planta_POWERSHIP AZUA KPS26 2.ElmComp\MAN 18V/51/60DDF.ElmComp\Dummy Shaft.ElmDsl,0,,,SUR 138 kV,,shf_Shaft Model Type1_v1
Governor,\VM-PF.IntUser\PDD 31-12-2024.IntPrj\Network Model.IntPrjfolder\Network Data.IntPrjfolder\SUR 138 kV.ElmNet\POWERSHIP AZUA KPS 26.ElmSite\Planta_POWERSHIP AZUA KPS26 2.ElmComp\MAN 18V/51/60DDF.ElmComp\Governor.ElmDsl,0,,,SUR 138 kV,,gov_MAN Governor/Actuator_v3
Droop Control,\VM-PF.IntUser\PDD 31-12-2024.IntPrj\Network Model.IntPrjfolder\Network Data.IntPrjfolder\SUR 138 kV.ElmNet\POWERSHIP AZUA KPS 26.ElmSite\Planta_POWERSHIP AZUA KPS26 2.ElmComp\MAN 18V/51/60DDF.ElmComp\Droop Control.ElmDsl,0,,,SUR 138 kV,,drp_MAN Droop Control_v1
GCP,\VM-PF.IntUser\PDD 31-12-2024.IntPrj\Network Model.IntPrjfolder\Network Data.IntPrjfolder\SUR 138 kV.ElmNet\POWERSHIP AZUA KPS 26.ElmSite\Planta_POWERSHIP AZUA KPS26 2.ElmComp\MAN 18V/51/60DDF.ElmComp\GCP.ElmDsl,0,,,SUR 138 kV,,gcp_Genset Control Panel_v5
Shaft - 3 masses,\VM-PF.IntUser\PDD 31-12-2024.IntPrj\Network Model.IntPrjfolder\Network Data.IntPrjfolder\SUR 138 kV.ElmNet\POWERSHIP AZUA KPS 26.ElmSite\Planta_POWERSHIP AZUA KPS26 2.ElmComp\MAN 18V/51/60DDF.ElmComp\Shaft - 3 masses.ElmDsl,1,,,SUR 138 kV,,shf_Shaft/Rotor Model Type3_v1
Shaft - 4 masses,\VM-PF.IntUser\PDD 31-12-2024.IntPrj\Network Model.IntPrjfolder\Network Data.IntPrjfolder\SUR 138 kV.ElmNet\POWERSHIP AZUA KPS 26.ElmSite\Planta_POWERSHIP AZUA KPS26 2.ElmComp\MAN 18V/51/60DDF.ElmComp\Shaft - 4 masses.ElmDsl,1,,,SUR 138 kV,,shf_Shaft/Rotor Model Type 4_v1
01_Signal Measurements,\VM-PF.IntUser\PDD 31-12-2024.IntPrj\Network Model.IntPrjfolder\Network Data.IntPrjfolder\SUR 138 kV.ElmNet\POWERSHIP AZUA KPS 60.ElmSite\Planta_POWERSHIP AZUA KPS 60.ElmComp\UNITROL 1000 revQ.ElmComp\01_Signal Measurements.ElmDsl,0,,,SUR 138 kV,,mea_Mesurements
02_Exciter Machine,\VM-PF.IntUser\PDD 31-12-2024.IntPrj\Network Model.IntPrjfolder\Network Data.IntPrjfolder\SUR 138 kV.ElmNet\POWERSHIP AZUA KPS 60.ElmSite\Planta_POWERSHIP AZUA KPS 60.ElmComp\UNITROL 1000 revQ.ElmComp\02_Exciter Machine.ElmDsl,0,,,SUR 138 kV,,exc_Exciter Machine
03_Voltage Regulator,\VM-PF.IntUser\PDD 31-12-2024.IntPrj\Network Model.IntPrjfolder\Network Data.IntPrjfolder\SUR 138 kV.ElmNet\POWERSHIP AZUA KPS 60.ElmSite\Planta_POWERSHIP AZUA KPS 60.ElmComp\UNITROL 1000 revQ.ElmComp\03_Voltage Regulator.ElmDsl,0,,,SUR 138 kV,,avr_AVR Unitrol 1000
04_Excitation Booster,\VM-PF.IntUser\PDD 31-12-2024.IntPrj\Network Model.IntPrjfolder\Network Data.IntPrjfolder\SUR 138 kV.ElmNet\POWERSHIP AZUA KPS 60.ElmSite\Planta_POWERSHIP AZUA KPS 60.ElmComp\UNITROL 1000 revQ.ElmComp\04_Excitation Booster.ElmDsl,0,,,SUR 138 kV,,bst_Boost Voltage
05_Power System Stabilizer,\VM-PF.IntUser\PDD 31-12-2024.IntPrj\Network Model.IntPrjfolder\Network Data.IntPrjfolder\SUR 138 kV.ElmNet\POWERSHIP AZUA KPS 60.ElmSite\Planta_POWERSHIP AZUA KPS 60.ElmComp\UNITROL 1000 revQ.ElmComp\05_Power System Stabilizer.ElmDsl,1,,,SUR 138 kV,,pss_ IEEE PSS 2A/2B/2C w feedback filter
06_Stator Voltage Limiter,\VM-PF.IntUser\PDD 31-12-2024.IntPrj\Network Model.IntPrjfolder\Network Data.IntPrjfolder\SUR 138 kV.ElmNet\POWERSHIP AZUA KPS 60.ElmSite\Planta_POWERSHIP AZUA KPS 60.ElmComp\UNITROL 1000 revQ.ElmComp\06_Stator Voltage Limiter.ElmDsl,0,,,SUR 138 kV,,uml_Stator Voltage Limiter
07_Direct_PF/Q Control,\VM-PF.IntUser\PDD 31-12-2024.IntPrj\Network Model.IntPrjfolder\Network Data.IntPrjfolder\SUR 138 kV.ElmNet\POWERSHIP AZUA KPS 60.ElmSite\Planta_POWERSHIP AZUA KPS 60.ElmComp\UNITROL 1000 revQ.ElmComp\07_Direct_PF/Q Control.ElmDsl,0,,,SUR 138 kV,,pfq_dir_PF/MVAR control
08_Indirect PF/Q Control,\VM-PF.IntUser\PDD 31-12-2024.IntPrj\Network Model.IntPrjfolder\Network Data.IntPrjfolder\SUR 138 kV.ElmNet\POWERSHIP AZUA KPS 60.ElmSite\Planta_POWERSHIP AZUA KPS 60.ElmComp\UNITROL 1000 revQ.ElmComp\08_Indirect PF/Q Control.ElmDsl,1,,,SUR 138 kV,,ipq_Indirect PFQ Control
09_V/Hz Limiter,\VM-PF.IntUser\PDD 31-12-2024.IntPrj\Network Model.IntPrjfolder\Network Data.IntPrjfolder\SUR 138 kV.ElmNet\POWERSHIP AZUA KPS 60.ElmSite\Planta_POWERSHIP AZUA KPS 60.ElmComp\UNITROL 1000 revQ.ElmComp\09_V/Hz Limiter.ElmDsl,0,,,SUR 138 kV,,vhz_V/HZ limiter
10_PQ Limiter,\VM-PF.IntUser\PDD 31-12-2024.IntPrj\Network Model.IntPrjfolder\Network Data.IntPrjfolder\SUR 138 kV.ElmNet\POWERSHIP AZUA KPS 60.ElmSite\Planta_POWERSHIP AZUA KPS 60.ElmComp\UNITROL 1000 revQ.ElmComp\10_PQ Limiter.ElmDsl,0,,,SUR 138 kV,,pql_PQ Limiter
11_Stator Current Limiter,\VM-PF.IntUser\PDD 31-12-2024.IntPrj\Network Model.IntPrjfolder\Network Data.IntPrjfolder\SUR 138 kV.ElmNet\POWERSHIP AZUA KPS 60.ElmSite\Planta_POWERSHIP AZUA KPS 60.ElmComp\UNITROL 1000 revQ.ElmComp\11_Stator Current Limiter.ElmDsl,1,,,SUR 138 kV,,iml_Stator Current Limiter
12_Minimum Exc. Current Limiter,\VM-PF.IntUser\PDD 31-12-2024.IntPrj\Network Model.IntPrjfolder\Network Data.IntPrjfolder\SUR 138 kV.ElmNet\POWERSHIP AZUA KPS 60.ElmSite\Planta_POWERSHIP AZUA KPS 60.ElmComp\UNITROL 1000 revQ.ElmComp\12_Minimum Exc. Current Limiter.ElmDsl,0,,,SUR 138 kV,,iel_IeMin Limiter
13_Maximum Exc. Current Limiter,\VM-PF.IntUser\PDD 31-12-2024.IntPrj\Network Model.IntPrjfolder\Network Data.IntPrjfolder\SUR 138 kV.ElmNet\POWERSHIP AZUA KPS 60.ElmSite\Planta_POWERSHIP AZUA KPS 60.ElmComp\UNITROL 1000 revQ.ElmComp\13_Maximum Exc. Current Limiter.ElmDsl,0,,,SUR 138 kV,,ieh_IeMax Limiter
14A_Mode Detector,\VM-PF.IntUser\PDD 31-12-2024.IntPrj\Network Model.IntPrjfolder\Network Data.IntPrjfolder\SUR 138 kV.ElmNet\POWERSHIP AZUA KPS 60.ElmSite\Planta_POWERSHIP AZUA KPS 60.ElmComp\UNITROL 1000 revQ.ElmComp\14_Control Mode Takeover.ElmComp\14A_Mode Detector.ElmDsl,0,,,SUR 138 kV,,sel_Selected Mode
14B_Takeover Logic,\VM-PF.IntUser\PDD 31-12-2024.IntPrj\Network Model.IntPrjfolder\Network Data.IntPrjfolder\SUR 138 kV.ElmNet\POWERSHIP AZUA KPS 60.ElmSite\Planta_POWERSHIP AZUA KPS 60.ElmComp\UNITROL 1000 revQ.ElmComp\14_Control Mode Takeover.ElmComp\14B_Takeover Logic.ElmDsl,0,,,SUR 138 kV,,tov_Control Mode Takeover Logic
15A_Limiters Takeover Logic,\VM-PF.IntUser\PDD 31-12-2024.IntPrj\Network Model.IntPrjfolder\Network Data.IntPrjfolder\SUR 138 kV.ElmNet\POWERSHIP AZUA KPS 60.ElmSite\Planta_POWERSHIP AZUA KPS 60.ElmComp\UNITROL 1000 revQ.ElmComp\15_Limiters Takeover.ElmComp\15A_Limiters Takeover Logic.ElmDsl,1,,,SUR 138 kV,,blk_Limiters Takeover Logic
16a_Limiter Prioritisation Logic,\VM-PF.IntUser\PDD 31-12-2024.IntPrj\Network Model.IntPrjfolder\Network Data.IntPrjfolder\SUR 138 kV.ElmNet\POWERSHIP AZUA KPS 60.ElmSite\Planta_POWERSHIP AZUA KPS 60.ElmComp\UNITROL 1000 revQ.ElmComp\16_OELUEL Limiter_Prioritisation.ElmComp\16a_Limiter Prioritisation Logic.ElmDsl,1,,,SUR 138 kV,,lip_Limiter Prioritisation Logic
19_Signal Routing Ind Control,\VM-PF.IntUser\PDD 31-12-2024.IntPrj\Network Model.IntPrjfolder\Network Data.IntPrjfolder\SUR 138 kV.ElmNet\POWERSHIP AZUA KPS 60.ElmSite\Planta_POWERSHIP AZUA KPS 60.ElmComp\UNITROL 1000 revQ.ElmComp\19_Signal Routing Ind Control.ElmDsl,0,,,SUR 138 kV,,iro_signal_Routing_ind_contr
20_Detection LVRT plus clear,\VM-PF.IntUser\PDD 31-12-2024.IntPrj\Network Model.IntPrjfolder\Network Data.IntPrjfolder\SUR 138 kV.ElmNet\POWERSHIP AZUA KPS 60.ElmSite\Planta_POWERSHIP AZUA KPS 60.ElmComp\UNITROL 1000 revQ.ElmComp\20_Detection LVRT plus clear.ElmDsl,0,,,SUR 138 kV,,det_LVRT plus clear
21_Indirect PF/Q with PI control,\VM-PF.IntUser\PDD 31-12-2024.IntPrj\Network Model.IntPrjfolder\Network Data.IntPrjfolder\SUR 138 kV.ElmNet\POWERSHIP AZUA KPS 60.ElmSite\Planta_POWERSHIP AZUA KPS 60.ElmComp\UNITROL 1000 revQ.ElmComp\21_Indirect PF/Q with PI control.ElmDsl,1,,,SUR 138 kV,,ipp_Indirect PFQ with PI
Interface,\VM-PF.IntUser\PDD 31-12-2024.IntPrj\Network Model.IntPrjfolder\Network Data.IntPrjfolder\SUR 138 kV.ElmNet\POWERSHIP AZUA KPS 60.ElmSite\Planta_POWERSHIP AZUA KPS 60.ElmComp\MAN 18V/51/60DDF.ElmComp\Interface.ElmDsl,0,,,SUR 138 kV,,mea_Measurement Interface_v1
Engine,\VM-PF.IntUser\PDD 31-12-2024.IntPrj\Network Model.IntPrjfolder\Network Data.IntPrjfolder\SUR 138 kV.ElmNet\POWERSHIP AZUA KPS 60.ElmSite\Planta_POWERSHIP AZUA KPS 60.ElmComp\MAN 18V/51/60DDF.ElmComp\Engine.ElmDsl,0,,,SUR 138 kV,,eng_MAN Diesel Engine_v2
Dummy Shaft,\VM-PF.IntUser\PDD 31-12-2024.IntPrj\Network Model.IntPrjfolder\Network Data.IntPrjfolder\SUR 138 kV.ElmNet\POWERSHIP AZUA KPS 60.ElmSite\Planta_POWERSHIP AZUA KPS 60.ElmComp\MAN 18V/51/60DDF.ElmComp\Dummy Shaft.ElmDsl,0,,,SUR 138 kV,,shf_Shaft Model Type1_v1
Governor,\VM-PF.IntUser\PDD 31-12-2024.IntPrj\Network Model.IntPrjfolder\Network Data.IntPrjfolder\SUR 138 kV.ElmNet\POWERSHIP AZUA KPS 60.ElmSite\Planta_POWERSHIP AZUA KPS 60.ElmComp\MAN 18V/51/60DDF.ElmComp\Governor.ElmDsl,0,,,SUR 138 kV,,gov_MAN Governor/Actuator_v3
Droop Control,\VM-PF.IntUser\PDD 31-12-2024.IntPrj\Network Model.IntPrjfolder\Network Data.IntPrjfolder\SUR 138 kV.ElmNet\POWERSHIP AZUA KPS 60.ElmSite\Planta_POWERSHIP AZUA KPS 60.ElmComp\MAN 18V/51/60DDF.ElmComp\Droop Control.ElmDsl,0,,,SUR 138 kV,,drp_MAN Droop Control_v1
GCP,\VM-PF.IntUser\PDD 31-12-2024.IntPrj\Network Model.IntPrjfolder\Network Data.IntPrjfolder\SUR 138 kV.ElmNet\POWERSHIP AZUA KPS 60.ElmSite\Planta_POWERSHIP AZUA KPS 60.ElmComp\MAN 18V/51/60DDF.ElmComp\GCP.ElmDsl,0,,,SUR 138 kV,,gcp_Genset Control Panel_v5
Shaft - 3 masses,\VM-PF.IntUser\PDD 31-12-2024.IntPrj\Network Model.IntPrjfolder\Network Data.IntPrjfolder\SUR 138 kV.ElmNet\POWERSHIP AZUA KPS 60.ElmSite\Planta_POWERSHIP AZUA KPS 60.ElmComp\MAN 18V/51/60DDF.ElmComp\Shaft - 3 masses.ElmDsl,1,,,SUR 138 kV,,shf_Shaft/Rotor Model Type3_v1
Shaft - 4 masses,\VM-PF.IntUser\PDD 31-12-2024.IntPrj\Network Model.IntPrjfolder\Network Data.IntPrjfolder\SUR 138 kV.ElmNet\POWERSHIP AZUA KPS 60.ElmSite\Planta_POWERSHIP AZUA KPS 60.ElmComp\MAN 18V/51/60DDF.ElmComp\Shaft - 4 masses.ElmDsl,1,,,SUR 138 kV,,shf_Shaft/Rotor Model Type 4_v1
avr_Palenque,\VM-PF.IntUser\PDD 31-12-2024.IntPrj\Network Model.IntPrjfolder\Network Data.IntPrjfolder\SUR 138 kV.ElmNet\Palenque.ElmSite\Planta_Palenque.ElmComp\avr_Palenque.ElmDsl,1,,,SUR 138 kV,,avr_AC7B
gov_Palenque,\VM-PF.IntUser\PDD 31-12-2024.IntPrj\Network Model.IntPrjfolder\Network Data.IntPrjfolder\SUR 138 kV.ElmNet\Palenque.ElmSite\Planta_Palenque.ElmComp\gov_Palenque.ElmDsl,0,,,SUR 138 kV,,gov_DEGOV1_CEPP1
IRRADIANCE,\VM-PF.IntUser\PDD 31-12-2024.IntPrj\Network Model.IntPrjfolder\Network Data.IntPrjfolder\SUR 138 kV.ElmNet\Bayasol.ElmSite\Planta_Bayasol.ElmComp\IRRADIANCE.ElmDsl,0,,,SUR 138 kV,,IRRADIANCE
WD3ModuleControl,\VM-PF.IntUser\PDD 31-12-2024.IntPrj\Network Model.IntPrjfolder\Network Data.IntPrjfolder\SUR 138 kV.ElmNet\Bayasol.ElmSite\Planta_Bayasol.ElmComp\WD3ModuleControl.ElmDsl,0,,,SUR 138 kV,,WD3ModuleControl
Controller_Blocks (1),\VM-PF.IntUser\PDD 31-12-2024.IntPrj\Network Model.IntPrjfolder\Network Data.IntPrjfolder\SUR 138 kV.ElmNet\Girasol.ElmSite\Planta_Girasol Grupo 1.ElmComp\Controller_Blocks (1).ElmDsl,0,,,SUR 138 kV,,Controller_Blocks
Protections_Blocks (1),\VM-PF.IntUser\PDD 31-12-2024.IntPrj\Network Model.IntPrjfolder\Network Data.IntPrjfolder\SUR 138 kV.ElmNet\Girasol.ElmSite\Planta_Girasol Grupo 1.ElmComp\Protections_Blocks (1).ElmDsl,0,,,SUR 138 kV,,prot1
Controller_Blocks (1),\VM-PF.IntUser\PDD 31-12-2024.IntPrj\Network Model.IntPrjfolder\Network Data.IntPrjfolder\SUR 138 kV.ElmNet\Girasol.ElmSite\Planta_Girasol Grupo 2.ElmComp\Controller_Blocks (1).ElmDsl,0,,,SUR 138 kV,,Controller_Blocks
Protections_Blocks (1),\VM-PF.IntUser\PDD 31-12-2024.IntPrj\Network Model.IntPrjfolder\Network Data.IntPrjfolder\SUR 138 kV.ElmNet\Girasol.ElmSite\Planta_Girasol Grupo 2.ElmComp\Protections_Blocks (1).ElmDsl,0,,,SUR 138 kV,,prot1
Controller_Blocks,\VM-PF.IntUser\PDD 31-12-2024.IntPrj\Network Model.IntPrjfolder\Network Data.IntPrjfolder\SUR 138 kV.ElmNet\Santanasol.ElmSite\Planta_Santanasol.ElmComp\Controller_Blocks.ElmDsl,0,,,SUR 138 kV,,Controller_Blocks_PE_inverse
PLL Negative Sequence,\VM-PF.IntUser\PDD 31-12-2024.IntPrj\Network Model.IntPrjfolder\Network Data.IntPrjfolder\SUR 138 kV.ElmNet\Santanasol.ElmSite\Planta_Santanasol.ElmComp\PLL Negative Sequence.ElmDsl,0,,,SUR 138 kV,,PLL Negative Sequence_PE
Protections_Blocks,\VM-PF.IntUser\PDD 31-12-2024.IntPrj\Network Model.IntPrjfolder\Network Data.IntPrjfolder\SUR 138 kV.ElmNet\Santanasol.ElmSite\Planta_Santanasol.ElmComp\Protections_Blocks.ElmDsl,0,,,SUR 138 kV,,Protections_Blocks_PE
Measurements,\VM-PF.IntUser\PDD 31-12-2024.IntPrj\Network Model.IntPrjfolder\Network Data.IntPrjfolder\SUR 138 kV.ElmNet\Calabaza.ElmSite\Planta_Calabaza 1.ElmComp\Measurements.ElmDsl,0,,,SUR 138 kV,,BlkDef Measurement Module vJ0
PV Panel,\VM-PF.IntUser\PDD 31-12-2024.IntPrj\Network Model.IntPrjfolder\Network Data.IntPrjfolder\SUR 138 kV.ElmNet\Calabaza.ElmSite\Planta_Calabaza 1.ElmComp\PV Panel.ElmDsl,0,,,SUR 138 kV,,BlkDef DC Module vJ0
Converter,\VM-PF.IntUser\PDD 31-12-2024.IntPrj\Network Model.IntPrjfolder\Network Data.IntPrjfolder\SUR 138 kV.ElmNet\Calabaza.ElmSite\Planta_Calabaza 1.ElmComp\Converter.ElmDsl,0,,,SUR 138 kV,,BlkDef Converter Module vJ0
Control,\VM-PF.IntUser\PDD 31-12-2024.IntPrj\Network Model.IntPrjfolder\Network Data.IntPrjfolder\SUR 138 kV.ElmNet\Calabaza.ElmSite\Planta_Calabaza 1.ElmComp\Control.ElmDsl,0,,,SUR 138 kV,,BlkDef Control Module vJ0
Pf_Control,\VM-PF.IntUser\PDD 31-12-2024.IntPrj\Network Model.IntPrjfolder\Network Data.IntPrjfolder\SUR 138 kV.ElmNet\Planta_PS Los Negros.ElmComp\Pf_Control.ElmDsl,0,,,SUR 138 kV,,Pf_Reduction
Q_Control,\VM-PF.IntUser\PDD 31-12-2024.IntPrj\Network Model.IntPrjfolder\Network Data.IntPrjfolder\SUR 138 kV.ElmNet\Planta_PS Los Negros.ElmComp\Q_Control.ElmDsl,0,,,SUR 138 kV,,ReactPow_Control
P_Control,\VM-PF.IntUser\PDD 31-12-2024.IntPrj\Network Model.IntPrjfolder\Network Data.IntPrjfolder\SUR 138 kV.ElmNet\Planta_PS Los Negros.ElmComp\P_Control.ElmDsl,0,,,SUR 138 kV,,P_Control
Idq_Control,\VM-PF.IntUser\PDD 31-12-2024.IntPrj\Network Model.IntPrjfolder\Network Data.IntPrjfolder\SUR 138 kV.ElmNet\Planta_PS Los Negros.ElmComp\Idq_Control.ElmDsl,0,,,SUR 138 kV,,Current_Control
Protection,\VM-PF.IntUser\PDD 31-12-2024.IntPrj\Network Model.IntPrjfolder\Network Data.IntPrjfolder\SUR 138 kV.ElmNet\Planta_PS Los Negros.ElmComp\Protection.ElmDsl,0,,,SUR 138 kV,,Protection
Two-Dimensional Aerodynamics,\VM-PF.IntUser\PDD 31-12-2024.IntPrj\Network Model.IntPrjfolder\Network Data.IntPrjfolder\SUR 138 kV.ElmNet\Planta_PE Matafongo.ElmComp\Two-Dimensional Aerodynamics.ElmDsl,0,,,SUR 138 kV,,Aerodynamics Two-Dimensional
Two Masses,\VM-PF.IntUser\PDD 31-12-2024.IntPrj\Network Model.IntPrjfolder\Network Data.IntPrjfolder\SUR 138 kV.ElmNet\Planta_PE Matafongo.ElmComp\Two Masses.ElmDsl,0,,,SUR 138 kV,,Two Masses Type 3 and 4B
Generator Set Type 3B,\VM-PF.IntUser\PDD 31-12-2024.IntPrj\Network Model.IntPrjfolder\Network Data.IntPrjfolder\SUR 138 kV.ElmNet\Planta_PE Matafongo.ElmComp\Generator Set Type 3B.ElmDsl,0,,,SUR 138 kV,,Generator Set Type 3B
Pitch Angle Control,\VM-PF.IntUser\PDD 31-12-2024.IntPrj\Network Model.IntPrjfolder\Network Data.IntPrjfolder\SUR 138 kV.ElmNet\Planta_PE Matafongo.ElmComp\Pitch Angle Control.ElmDsl,0,,,SUR 138 kV,,Pitch Angle Control
P Control Type 3,\VM-PF.IntUser\PDD 31-12-2024.IntPrj\Network Model.IntPrjfolder\Network Data.IntPrjfolder\SUR 138 kV.ElmNet\Planta_PE Matafongo.ElmComp\P Control Type 3.ElmDsl,0,,,SUR 138 kV,,P Control Type 3
Current Limitation,\VM-PF.IntUser\PDD 31-12-2024.IntPrj\Network Model.IntPrjfolder\Network Data.IntPrjfolder\SUR 138 kV.ElmNet\Planta_PE Matafongo.ElmComp\Current Limitation.ElmDsl,0,,,SUR 138 kV,,Current Limitation
Q Control,\VM-PF.IntUser\PDD 31-12-2024.IntPrj\Network Model.IntPrjfolder\Network Data.IntPrjfolder\SUR 138 kV.ElmNet\Planta_PE Matafongo.ElmComp\Q Control.ElmDsl,0,,,SUR 138 kV,,Q Control
QP and QU Limitation,\VM-PF.IntUser\PDD 31-12-2024.IntPrj\Network Model.IntPrjfolder\Network Data.IntPrjfolder\SUR 138 kV.ElmNet\Planta_PE Matafongo.ElmComp\QP and QU Limitation.ElmDsl,0,,,SUR 138 kV,,Q Limitation - QP and QU
Grid Protection,\VM-PF.IntUser\PDD 31-12-2024.IntPrj\Network Model.IntPrjfolder\Network Data.IntPrjfolder\SUR 138 kV.ElmNet\Planta_PE Matafongo.ElmComp\Grid Protection.ElmDsl,0,,,SUR 138 kV,,Protection
Grid Measurement Control,\VM-PF.IntUser\PDD 31-12-2024.IntPrj\Network Model.IntPrjfolder\Network Data.IntPrjfolder\SUR 138 kV.ElmNet\Planta_PE Matafongo.ElmComp\Grid Measurement Control.ElmDsl,0,,,SUR 138 kV,,Measurement
Grid Measurement Protection,\VM-PF.IntUser\PDD 31-12-2024.IntPrj\Network Model.IntPrjfolder\Network Data.IntPrjfolder\SUR 138 kV.ElmNet\Planta_PE Matafongo.ElmComp\Grid Measurement Protection.ElmDsl,0,,,SUR 138 kV,,Measurement
Reference Frame Rotation (PLL),\VM-PF.IntUser\PDD 31-12-2024.IntPrj\Network Model.IntPrjfolder\Network Data.IntPrjfolder\SUR 138 kV.ElmNet\Planta_PE Matafongo.ElmComp\Reference Frame Rotation (PLL).ElmDsl,0,,,SUR 138 kV,,Reference Frame Rotation (PLL)
Constant Q Limitation,\VM-PF.IntUser\PDD 31-12-2024.IntPrj\Network Model.IntPrjfolder\Network Data.IntPrjfolder\SUR 138 kV.ElmNet\Planta_PE Matafongo.ElmComp\Constant Q Limitation.ElmDsl,1,,,SUR 138 kV,,Q Limitation - Constant
One-Dimensional Aerodynamics,\VM-PF.IntUser\PDD 31-12-2024.IntPrj\Network Model.IntPrjfolder\Network Data.IntPrjfolder\SUR 138 kV.ElmNet\Planta_PE Matafongo.ElmComp\One-Dimensional Aerodynamics.ElmDsl,1,,,SUR 138 kV,,Aerodynamics One-Dimensional
Two-Dimensional Aerodynamics,\VM-PF.IntUser\PDD 31-12-2024.IntPrj\Network Model.IntPrjfolder\Network Data.IntPrjfolder\SUR 138 kV.ElmNet\Planta_PE Matafongo 2.ElmComp\Two-Dimensional Aerodynamics.ElmDsl,0,,,SUR 138 kV,,Aerodynamics Two-Dimensional
Two Masses,\VM-PF.IntUser\PDD 31-12-2024.IntPrj\Network Model.IntPrjfolder\Network Data.IntPrjfolder\SUR 138 kV.ElmNet\Planta_PE Matafongo 2.ElmComp\Two Masses.ElmDsl,0,,,SUR 138 kV,,Two Masses Type 3 and 4B
Generator Set Type 3B,\VM-PF.IntUser\PDD 31-12-2024.IntPrj\Network Model.IntPrjfolder\Network Data.IntPrjfolder\SUR 138 kV.ElmNet\Planta_PE Matafongo 2.ElmComp\Generator Set Type 3B.ElmDsl,0,,,SUR 138 kV,,Generator Set Type 3B
Pitch Angle Control,\VM-PF.IntUser\PDD 31-12-2024.IntPrj\Network Model.IntPrjfolder\Network Data.IntPrjfolder\SUR 138 kV.ElmNet\Planta_PE Matafongo 2.ElmComp\Pitch Angle Control.ElmDsl,0,,,SUR 138 kV,,Pitch Angle Control
P Control Type 3,\VM-PF.IntUser\PDD 31-12-2024.IntPrj\Network Model.IntPrjfolder\Network Data.IntPrjfolder\SUR 138 kV.ElmNet\Planta_PE Matafongo 2.ElmComp\P Control Type 3.ElmDsl,0,,,SUR 138 kV,,P Control Type 3
Current Limitation,\VM-PF.IntUser\PDD 31-12-2024.IntPrj\Network Model.IntPrjfolder\Network Data.IntPrjfolder\SUR 138 kV.ElmNet\Planta_PE Matafongo 2.ElmComp\Current Limitation.ElmDsl,0,,,SUR 138 kV,,Current Limitation
Q Control,\VM-PF.IntUser\PDD 31-12-2024.IntPrj\Network Model.IntPrjfolder\Network Data.IntPrjfolder\SUR 138 kV.ElmNet\Planta_PE Matafongo 2.ElmComp\Q Control.ElmDsl,0,,,SUR 138 kV,,Q Control
QP and QU Limitation,\VM-PF.IntUser\PDD 31-12-2024.IntPrj\Network Model.IntPrjfolder\Network Data.IntPrjfolder\SUR 138 kV.ElmNet\Planta_PE Matafongo 2.ElmComp\QP and QU Limitation.ElmDsl,0,,,SUR 138 kV,,Q Limitation - QP and QU
Grid Protection,\VM-PF.IntUser\PDD 31-12-2024.IntPrj\Network Model.IntPrjfolder\Network Data.IntPrjfolder\SUR 138 kV.ElmNet\Planta_PE Matafongo 2.ElmComp\Grid Protection.ElmDsl,0,,,SUR 138 kV,,Protection
Grid Measurement Control,\VM-PF.IntUser\PDD 31-12-2024.IntPrj\Network Model.IntPrjfolder\Network Data.IntPrjfolder\SUR 138 kV.ElmNet\Planta_PE Matafongo 2.ElmComp\Grid Measurement Control.ElmDsl,0,,,SUR 138 kV,,Measurement
Grid Measurement Protection,\VM-PF.IntUser\PDD 31-12-2024.IntPrj\Network Model.IntPrjfolder\Network Data.IntPrjfolder\SUR 138 kV.ElmNet\Planta_PE Matafongo 2.ElmComp\Grid Measurement Protection.ElmDsl,0,,,SUR 138 kV,,Measurement
Reference Frame Rotation (PLL),\VM-PF.IntUser\PDD 31-12-2024.IntPrj\Network Model.IntPrjfolder\Network Data.IntPrjfolder\SUR 138 kV.ElmNet\Planta_PE Matafongo 2.ElmComp\Reference Frame Rotation (PLL).ElmDsl,0,,,SUR 138 kV,,Reference Frame Rotation (PLL)
Constant Q Limitation,\VM-PF.IntUser\PDD 31-12-2024.IntPrj\Network Model.IntPrjfolder\Network Data.IntPrjfolder\SUR 138 kV.ElmNet\Planta_PE Matafongo 2.ElmComp\Constant Q Limitation.ElmDsl,1,,,SUR 138 kV,,Q Limitation - Constant
One-Dimensional Aerodynamics,\VM-PF.IntUser\PDD 31-12-2024.IntPrj\Network Model.IntPrjfolder\Network Data.IntPrjfolder\SUR 138 kV.ElmNet\Planta_PE Matafongo 2.ElmComp\One-Dimensional Aerodynamics.ElmDsl,1,,,SUR 138 kV,,Aerodynamics One-Dimensional
avr_Los Mina 6,\VM-PF.IntUser\PDD 31-12-2024.IntPrj\Network Model.IntPrjfolder\Network Data.IntPrjfolder\CENTRAL 138 kV.ElmNet\Los Mina 6.ElmSite\Planta_Los Mina 6.ElmComp\avr_Los Mina 6.ElmDsl,1,,,CENTRAL 138 kV,,vco_EXAC1
gov_Los Mina 6,\VM-PF.IntUser\PDD 31-12-2024.IntPrj\Network Model.IntPrjfolder\Network Data.IntPrjfolder\CENTRAL 138 kV.ElmNet\Los Mina 6.ElmSite\Planta_Los Mina 6.ElmComp\gov_Los Mina 6.ElmDsl,0,,,CENTRAL 138 kV,,gov_GAST
avr_AES Andrés TG,\VM-PF.IntUser\PDD 31-12-2024.IntPrj\Network Model.IntPrjfolder\Network Data.IntPrjfolder\CENTRAL 138 kV.ElmNet\AES Andrés.ElmSite\Plant_AES Andrés TG.ElmComp\avr_AES Andrés TG.ElmDsl,0,,,CENTRAL 138 kV,,avr_EXAC1
gov_AES Andres TG,\VM-PF.IntUser\PDD 31-12-2024.IntPrj\Network Model.IntPrjfolder\Network Data.IntPrjfolder\CENTRAL 138 kV.ElmNet\AES Andrés.ElmSite\Plant_AES Andrés TG.ElmComp\gov_AES Andres TG.ElmDsl,0,,,CENTRAL 138 kV,,pcu_GASTWD
avr_AES Andrés TV,\VM-PF.IntUser\PDD 31-12-2024.IntPrj\Network Model.IntPrjfolder\Network Data.IntPrjfolder\CENTRAL 138 kV.ElmNet\AES Andrés.ElmSite\Plant_AES Andrés TV.ElmComp\avr_AES Andrés TV.ElmDsl,0,,,CENTRAL 138 kV,,avr_ESST4B
gov_AES Andres TV,\VM-PF.IntUser\PDD 31-12-2024.IntPrj\Network Model.IntPrjfolder\Network Data.IntPrjfolder\CENTRAL 138 kV.ElmNet\AES Andrés.ElmSite\Plant_AES Andrés TV.ElmComp\gov_AES Andres TV.ElmDsl,0,,,CENTRAL 138 kV,,pcu_IEESGO
APC,\VM-PF.IntUser\PDD 31-12-2024.IntPrj\Network Model.IntPrjfolder\Network Data.IntPrjfolder\CENTRAL 138 kV.ElmNet\AES Andrés.ElmSite\BESS 1_AES Andrés.ElmComp\APC.ElmDsl,0,,,CENTRAL 138 kV,,APC
Control Flags,\VM-PF.IntUser\PDD 31-12-2024.IntPrj\Network Model.IntPrjfolder\Network Data.IntPrjfolder\CENTRAL 138 kV.ElmNet\AES Andrés.ElmSite\BESS 1_AES Andrés.ElmComp\Control Flags.ElmDsl,0,,,CENTRAL 138 kV,,Control Flags
BSM,\VM-PF.IntUser\PDD 31-12-2024.IntPrj\Network Model.IntPrjfolder\Network Data.IntPrjfolder\CENTRAL 138 kV.ElmNet\AES Andrés.ElmSite\BESS 1_AES Andrés.ElmComp\BSM.ElmDsl,0,,,CENTRAL 138 kV,,BSM
RPC,\VM-PF.IntUser\PDD 31-12-2024.IntPrj\Network Model.IntPrjfolder\Network Data.IntPrjfolder\CENTRAL 138 kV.ElmNet\AES Andrés.ElmSite\BESS 1_AES Andrés.ElmComp\RPC.ElmDsl,0,,,CENTRAL 138 kV,,RPC
avr_METALDOM,\VM-PF.IntUser\PDD 31-12-2024.IntPrj\Network Model.IntPrjfolder\Network Data.IntPrjfolder\CENTRAL 138 kV.ElmNet\METALDOM.ElmSite\Planta_METALDOM.ElmComp\avr_METALDOM.ElmDsl,0,,,CENTRAL 138 kV,,avr_ESAC8B
gov_METALDOM,\VM-PF.IntUser\PDD 31-12-2024.IntPrj\Network Model.IntPrjfolder\Network Data.IntPrjfolder\CENTRAL 138 kV.ElmNet\METALDOM.ElmSite\Planta_METALDOM.ElmComp\gov_METALDOM.ElmDsl,0,,,CENTRAL 138 kV,,gov_DEGOV1
gov_Los Mina 5,\VM-PF.IntUser\PDD 31-12-2024.IntPrj\Network Model.IntPrjfolder\Network Data.IntPrjfolder\CENTRAL 138 kV.ElmNet\Los Mina 5.ElmSite\Planta_Los Mina 5.ElmComp\gov_Los Mina 5.ElmDsl,0,,,CENTRAL 138 kV,,gov_GAST
avr_Los Mina 5,\VM-PF.IntUser\PDD 31-12-2024.IntPrj\Network Model.IntPrjfolder\Network Data.IntPrjfolder\CENTRAL 138 kV.ElmNet\Los Mina 5.ElmSite\Planta_Los Mina 5.ElmComp\avr_Los Mina 5.ElmDsl,0,,,CENTRAL 138 kV,,vco_EXAC1
avr_EDEMAR 2 Grupo 1,\VM-PF.IntUser\PDD 31-12-2024.IntPrj\Network Model.IntPrjfolder\Network Data.IntPrjfolder\CENTRAL 138 kV.ElmNet\EDM 2.ElmSite\Planta_EDEMAR 2 Grupo 1.ElmComp\avr_EDEMAR 2 Grupo 1.ElmDsl,0,,,CENTRAL 138 kV,,avr_ESAC5A
gov_EDEMAR 2 Grupo 1,\VM-PF.IntUser\PDD 31-12-2024.IntPrj\Network Model.IntPrjfolder\Network Data.IntPrjfolder\CENTRAL 138 kV.ElmNet\EDM 2.ElmSite\Planta_EDEMAR 2 Grupo 1.ElmComp\gov_EDEMAR 2 Grupo 1.ElmDsl,0,,,CENTRAL 138 kV,,gov_GGOV1
avr_EDEMAR 2 Grupo 2,\VM-PF.IntUser\PDD 31-12-2024.IntPrj\Network Model.IntPrjfolder\Network Data.IntPrjfolder\CENTRAL 138 kV.ElmNet\EDM 2.ElmSite\Planta_EDEMAR 2 Grupo 2.ElmComp\avr_EDEMAR 2 Grupo 2.ElmDsl,0,,,CENTRAL 138 kV,,avr_ESAC5A
gov_EDEMAR 2 Grupo 2,\VM-PF.IntUser\PDD 31-12-2024.IntPrj\Network Model.IntPrjfolder\Network Data.IntPrjfolder\CENTRAL 138 kV.ElmNet\EDM 2.ElmSite\Planta_EDEMAR 2 Grupo 2.ElmComp\gov_EDEMAR 2 Grupo 2.ElmDsl,0,,,CENTRAL 138 kV,,gov_GGOV1
avr_EDEMAR 2 TV,\VM-PF.IntUser\PDD 31-12-2024.IntPrj\Network Model.IntPrjfolder\Network Data.IntPrjfolder\CENTRAL 138 kV.ElmNet\EDM 2.ElmSite\Planta_EDEMAR 2 TV.ElmComp\avr_EDEMAR 2 TV.ElmDsl,0,,,CENTRAL 138 kV,,avr_ESAC5A
gov_EDEMAR 2 TV,\VM-PF.IntUser\PDD 31-12-2024.IntPrj\Network Model.IntPrjfolder\Network Data.IntPrjfolder\CENTRAL 138 kV.ElmNet\EDM 2.ElmSite\Planta_EDEMAR 2 TV.ElmComp\gov_EDEMAR 2 TV.ElmDsl,0,,,CENTRAL 138 kV,,gov_GGOV1
EDAC_Control,\VM-PF.IntUser\PDD 31-12-2024.IntPrj\Network Model.IntPrjfolder\Network Data.IntPrjfolder\CENTRAL 138 kV.ElmNet\Matadero_EDAC.ElmComp\EDAC_Control.ElmDsl,0,,,CENTRAL 138 kV,,EDAC_Control
avr_Los Mina 7,\VM-PF.IntUser\PDD 31-12-2024.IntPrj\Network Model.IntPrjfolder\Network Data.IntPrjfolder\CENTRAL 138 kV.ElmNet\Los Mina 7.ElmSite\Planta_Los Mina 7.ElmComp\avr_Los Mina 7.ElmDsl,0,,,CENTRAL 138 kV,,avr_ESAC5A
gov_Los Mina 7,\VM-PF.IntUser\PDD 31-12-2024.IntPrj\Network Model.IntPrjfolder\Network Data.IntPrjfolder\CENTRAL 138 kV.ElmNet\Los Mina 7.ElmSite\Planta_Los Mina 7.ElmComp\gov_Los Mina 7.ElmDsl,0,,,CENTRAL 138 kV,,gov_IEESGO
pss_Los Mina 7,\VM-PF.IntUser\PDD 31-12-2024.IntPrj\Network Model.IntPrjfolder\Network Data.IntPrjfolder\CENTRAL 138 kV.ElmNet\Los Mina 7.ElmSite\Planta_Los Mina 7.ElmComp\pss_Los Mina 7.ElmDsl,0,,,CENTRAL 138 kV,,pss_PSS2B
CF_AES,\VM-PF.IntUser\PDD 31-12-2024.IntPrj\Network Model.IntPrjfolder\Network Data.IntPrjfolder\CENTRAL 138 kV.ElmNet\Planta_AES BESS.ElmComp\CF_AES.ElmDsl,0,,,CENTRAL 138 kV,,Control Flags
APC_AES,\VM-PF.IntUser\PDD 31-12-2024.IntPrj\Network Model.IntPrjfolder\Network Data.IntPrjfolder\CENTRAL 138 kV.ElmNet\Planta_AES BESS.ElmComp\APC_AES.ElmDsl,0,,,CENTRAL 138 kV,,APC
BSM_AES,\VM-PF.IntUser\PDD 31-12-2024.IntPrj\Network Model.IntPrjfolder\Network Data.IntPrjfolder\CENTRAL 138 kV.ElmNet\Planta_AES BESS.ElmComp\BSM_AES.ElmDsl,0,,,CENTRAL 138 kV,,BSM
pcuGAST2A,\VM-PF.IntUser\PDD 31-12-2024.IntPrj\Network Model.IntPrjfolder\Network Data.IntPrjfolder\CENTRAL 138 kV.ElmNet\SIBA.ElmSite\Planta_SIBA Grupo 6.ElmComp\pcuGAST2A.ElmDsl,0,,,CENTRAL 138 kV,,pcu_GAST2A
vcoEXAC1A,\VM-PF.IntUser\PDD 31-12-2024.IntPrj\Network Model.IntPrjfolder\Network Data.IntPrjfolder\CENTRAL 138 kV.ElmNet\SIBA.ElmSite\Planta_SIBA Grupo 6.ElmComp\vcoEXAC1A.ElmDsl,0,,,CENTRAL 138 kV,,vco_EXAC1A
pcuGAST2A,\VM-PF.IntUser\PDD 31-12-2024.IntPrj\Network Model.IntPrjfolder\Network Data.IntPrjfolder\CENTRAL 138 kV.ElmNet\SIBA.ElmSite\Planta_SIBA Grupo 4.ElmComp\pcuGAST2A.ElmDsl,0,,,CENTRAL 138 kV,,pcu_GAST2A
vcoEXAC1A,\VM-PF.IntUser\PDD 31-12-2024.IntPrj\Network Model.IntPrjfolder\Network Data.IntPrjfolder\CENTRAL 138 kV.ElmNet\SIBA.ElmSite\Planta_SIBA Grupo 4.ElmComp\vcoEXAC1A.ElmDsl,0,,,CENTRAL 138 kV,,vco_EXAC1A
pcuGAST2A,\VM-PF.IntUser\PDD 31-12-2024.IntPrj\Network Model.IntPrjfolder\Network Data.IntPrjfolder\CENTRAL 138 kV.ElmNet\SIBA.ElmSite\Planta_SIBA Grupo 1.ElmComp\pcuGAST2A.ElmDsl,0,,,CENTRAL 138 kV,,pcu_GAST2A
vcoEXAC1A,\VM-PF.IntUser\PDD 31-12-2024.IntPrj\Network Model.IntPrjfolder\Network Data.IntPrjfolder\CENTRAL 138 kV.ElmNet\SIBA.ElmSite\Planta_SIBA Grupo 1.ElmComp\vcoEXAC1A.ElmDsl,0,,,CENTRAL 138 kV,,vco_EXAC1A
pcuGAST2A,\VM-PF.IntUser\PDD 31-12-2024.IntPrj\Network Model.IntPrjfolder\Network Data.IntPrjfolder\CENTRAL 138 kV.ElmNet\SIBA.ElmSite\Planta_SIBA Grupo 2.ElmComp\pcuGAST2A.ElmDsl,0,,,CENTRAL 138 kV,,pcu_GAST2A
vcoEXAC1A,\VM-PF.IntUser\PDD 31-12-2024.IntPrj\Network Model.IntPrjfolder\Network Data.IntPrjfolder\CENTRAL 138 kV.ElmNet\SIBA.ElmSite\Planta_SIBA Grupo 2.ElmComp\vcoEXAC1A.ElmDsl,0,,,CENTRAL 138 kV,,vco_EXAC1A
pcuGAST2A,\VM-PF.IntUser\PDD 31-12-2024.IntPrj\Network Model.IntPrjfolder\Network Data.IntPrjfolder\CENTRAL 138 kV.ElmNet\SIBA.ElmSite\Planta_SIBA Grupo 3.ElmComp\pcuGAST2A.ElmDsl,0,,,CENTRAL 138 kV,,pcu_GAST2A
vcoEXAC1A,\VM-PF.IntUser\PDD 31-12-2024.IntPrj\Network Model.IntPrjfolder\Network Data.IntPrjfolder\CENTRAL 138 kV.ElmNet\SIBA.ElmSite\Planta_SIBA Grupo 3.ElmComp\vcoEXAC1A.ElmDsl,0,,,CENTRAL 138 kV,,vco_EXAC1A
pcuGAST2A,\VM-PF.IntUser\PDD 31-12-2024.IntPrj\Network Model.IntPrjfolder\Network Data.IntPrjfolder\CENTRAL 138 kV.ElmNet\SIBA.ElmSite\Planta_SIBA Grupo 5.ElmComp\pcuGAST2A.ElmDsl,0,,,CENTRAL 138 kV,,pcu_GAST2A
vcoEXAC1A,\VM-PF.IntUser\PDD 31-12-2024.IntPrj\Network Model.IntPrjfolder\Network Data.IntPrjfolder\CENTRAL 138 kV.ElmNet\SIBA.ElmSite\Planta_SIBA Grupo 5.ElmComp\vcoEXAC1A.ElmDsl,0,,,CENTRAL 138 kV,,vco_EXAC1A
APC,\VM-PF.IntUser\PDD 31-12-2024.IntPrj\Network Model.IntPrjfolder\Network Data.IntPrjfolder\CENTRAL 138 kV.ElmNet\BESS_Los Mina.ElmComp\APC.ElmDsl,0,,,CENTRAL 138 kV,,APC
Control Flags,\VM-PF.IntUser\PDD 31-12-2024.IntPrj\Network Model.IntPrjfolder\Network Data.IntPrjfolder\CENTRAL 138 kV.ElmNet\BESS_Los Mina.ElmComp\Control Flags.ElmDsl,0,,,CENTRAL 138 kV,,Control Flags
BSM,\VM-PF.IntUser\PDD 31-12-2024.IntPrj\Network Model.IntPrjfolder\Network Data.IntPrjfolder\CENTRAL 138 kV.ElmNet\BESS_Los Mina.ElmComp\BSM.ElmDsl,0,,,CENTRAL 138 kV,,BSM
RPC,\VM-PF.IntUser\PDD 31-12-2024.IntPrj\Network Model.IntPrjfolder\Network Data.IntPrjfolder\CENTRAL 138 kV.ElmNet\BESS_Los Mina.ElmComp\RPC.ElmDsl,0,,,CENTRAL 138 kV,,RPC
Idq_Control,\VM-PF.IntUser\PDD 31-12-2024.IntPrj\Network Model.IntPrjfolder\Network Data.IntPrjfolder\CENTRAL 138 kV.ElmNet\Planta_PF La Victoria.ElmComp\Idq_Control.ElmDsl,0,,,CENTRAL 138 kV,,Current_Control
P_Control,\VM-PF.IntUser\PDD 31-12-2024.IntPrj\Network Model.IntPrjfolder\Network Data.IntPrjfolder\CENTRAL 138 kV.ElmNet\Planta_PF La Victoria.ElmComp\P_Control.ElmDsl,0,,,CENTRAL 138 kV,,P_Control
Pf_Control,\VM-PF.IntUser\PDD 31-12-2024.IntPrj\Network Model.IntPrjfolder\Network Data.IntPrjfolder\CENTRAL 138 kV.ElmNet\Planta_PF La Victoria.ElmComp\Pf_Control.ElmDsl,0,,,CENTRAL 138 kV,,Pf_Reduction
Protection,\VM-PF.IntUser\PDD 31-12-2024.IntPrj\Network Model.IntPrjfolder\Network Data.IntPrjfolder\CENTRAL 138 kV.ElmNet\Planta_PF La Victoria.ElmComp\Protection.ElmDsl,0,,,CENTRAL 138 kV,,Protection
Q_Control,\VM-PF.IntUser\PDD 31-12-2024.IntPrj\Network Model.IntPrjfolder\Network Data.IntPrjfolder\CENTRAL 138 kV.ElmNet\Planta_PF La Victoria.ElmComp\Q_Control.ElmDsl,0,,,CENTRAL 138 kV,,ReactPow_Control
Pf_Control,\VM-PF.IntUser\PDD 31-12-2024.IntPrj\Network Model.IntPrjfolder\Network Data.IntPrjfolder\CENTRAL 138 kV.ElmNet\PF Washington Capital 2(1).ElmComp\Pf_Control.ElmDsl,0,,,CENTRAL 138 kV,,Pf_Reduction
Q_Control,\VM-PF.IntUser\PDD 31-12-2024.IntPrj\Network Model.IntPrjfolder\Network Data.IntPrjfolder\CENTRAL 138 kV.ElmNet\PF Washington Capital 2(1).ElmComp\Q_Control.ElmDsl,0,,,CENTRAL 138 kV,,ReactPow_Control
P_Control,\VM-PF.IntUser\PDD 31-12-2024.IntPrj\Network Model.IntPrjfolder\Network Data.IntPrjfolder\CENTRAL 138 kV.ElmNet\PF Washington Capital 2(1).ElmComp\P_Control.ElmDsl,0,,,CENTRAL 138 kV,,P_Control
Idq_Control,\VM-PF.IntUser\PDD 31-12-2024.IntPrj\Network Model.IntPrjfolder\Network Data.IntPrjfolder\CENTRAL 138 kV.ElmNet\PF Washington Capital 2(1).ElmComp\Idq_Control.ElmDsl,0,,,CENTRAL 138 kV,,Current_Control
Protection,\VM-PF.IntUser\PDD 31-12-2024.IntPrj\Network Model.IntPrjfolder\Network Data.IntPrjfolder\CENTRAL 138 kV.ElmNet\PF Washington Capital 2(1).ElmComp\Protection.ElmDsl,0,,,CENTRAL 138 kV,,Protection
Pf_Control,\VM-PF.IntUser\PDD 31-12-2024.IntPrj\Network Model.IntPrjfolder\Network Data.IntPrjfolder\CENTRAL 138 kV.ElmNet\Planta_PF Washington Capital 3.ElmComp\Pf_Control.ElmDsl,0,,,CENTRAL 138 kV,,Pf_Reduction
Q_Control,\VM-PF.IntUser\PDD 31-12-2024.IntPrj\Network Model.IntPrjfolder\Network Data.IntPrjfolder\CENTRAL 138 kV.ElmNet\Planta_PF Washington Capital 3.ElmComp\Q_Control.ElmDsl,0,,,CENTRAL 138 kV,,ReactPow_Control
P_Control,\VM-PF.IntUser\PDD 31-12-2024.IntPrj\Network Model.IntPrjfolder\Network Data.IntPrjfolder\CENTRAL 138 kV.ElmNet\Planta_PF Washington Capital 3.ElmComp\P_Control.ElmDsl,0,,,CENTRAL 138 kV,,P_Control
Idq_Control,\VM-PF.IntUser\PDD 31-12-2024.IntPrj\Network Model.IntPrjfolder\Network Data.IntPrjfolder\CENTRAL 138 kV.ElmNet\Planta_PF Washington Capital 3.ElmComp\Idq_Control.ElmDsl,0,,,CENTRAL 138 kV,,Current_Control
Protection,\VM-PF.IntUser\PDD 31-12-2024.IntPrj\Network Model.IntPrjfolder\Network Data.IntPrjfolder\CENTRAL 138 kV.ElmNet\Planta_PF Washington Capital 3.ElmComp\Protection.ElmDsl,0,,,CENTRAL 138 kV,,Protection
PVarray,\VM-PF.IntUser\PDD 31-12-2024.IntPrj\Network Model.IntPrjfolder\Network Data.IntPrjfolder\CENTRAL 138 kV.ElmNet\Planta_Mirasol.ElmComp\PVarray.ElmDsl,0,,,CENTRAL 138 kV,,PVarray
FreqCtrl,\VM-PF.IntUser\PDD 31-12-2024.IntPrj\Network Model.IntPrjfolder\Network Data.IntPrjfolder\CENTRAL 138 kV.ElmNet\Planta_Mirasol.ElmComp\FreqCtrl.ElmDsl,0,,,CENTRAL 138 kV,,FreqCtrl
ReactCtrl,\VM-PF.IntUser\PDD 31-12-2024.IntPrj\Network Model.IntPrjfolder\Network Data.IntPrjfolder\CENTRAL 138 kV.ElmNet\Planta_Mirasol.ElmComp\ReactCtrl.ElmDsl,0,,,CENTRAL 138 kV,,ReactCtrl
Controller,\VM-PF.IntUser\PDD 31-12-2024.IntPrj\Network Model.IntPrjfolder\Network Data.IntPrjfolder\CENTRAL 138 kV.ElmNet\Planta_Mirasol.ElmComp\Controller.ElmDsl,0,,,CENTRAL 138 kV,,Controller
Protection,\VM-PF.IntUser\PDD 31-12-2024.IntPrj\Network Model.IntPrjfolder\Network Data.IntPrjfolder\CENTRAL 138 kV.ElmNet\Planta_Mirasol.ElmComp\Protection.ElmDsl,0,,,CENTRAL 138 kV,,Protection
avr_Pinalito 1,\VM-PF.IntUser\PDD 31-12-2024.IntPrj\Network Model.IntPrjfolder\Network Data.IntPrjfolder\NORTE 69 kV.ElmNet\Pinalito.ElmSite\Planta_Pinalito 1.ElmComp\avr_Pinalito 1.ElmDsl,0,,,NORTE 69 kV,,vco_EXAC1
gov_Pinalito 1,\VM-PF.IntUser\PDD 31-12-2024.IntPrj\Network Model.IntPrjfolder\Network Data.IntPrjfolder\NORTE 69 kV.ElmNet\Pinalito.ElmSite\Planta_Pinalito 1.ElmComp\gov_Pinalito 1.ElmDsl,0,,,NORTE 69 kV,,gov_HYGOV
avr_Pinalito 2,\VM-PF.IntUser\PDD 31-12-2024.IntPrj\Network Model.IntPrjfolder\Network Data.IntPrjfolder\NORTE 69 kV.ElmNet\Pinalito.ElmSite\Planta_Pinalito 2.ElmComp\avr_Pinalito 2.ElmDsl,0,,,NORTE 69 kV,,vco_EXAC1
gov_Pinalito 2,\VM-PF.IntUser\PDD 31-12-2024.IntPrj\Network Model.IntPrjfolder\Network Data.IntPrjfolder\NORTE 69 kV.ElmNet\Pinalito.ElmSite\Planta_Pinalito 2.ElmComp\gov_Pinalito 2.ElmDsl,0,,,NORTE 69 kV,,gov_HYGOV
pco_Pinalito 1,\VM-PF.IntUser\PDD 31-12-2024.IntPrj\Network Model.IntPrjfolder\Network Data.IntPrjfolder\NORTE 69 kV.ElmNet\Pinalito.ElmSite\Planta_Pinalito 1_PIPAC.ElmComp\pco_Pinalito 1.ElmDsl,0,,,NORTE 69 kV,,pcu_VOITH SIEMENS
avr_Pinalito 1,\VM-PF.IntUser\PDD 31-12-2024.IntPrj\Network Model.IntPrjfolder\Network Data.IntPrjfolder\NORTE 69 kV.ElmNet\Pinalito.ElmSite\Planta_Pinalito 1_PIPAC.ElmComp\avr_Pinalito 1.ElmDsl,0,,,NORTE 69 kV,,vco_Unitrol F
pmu_Pinalito 1,\VM-PF.IntUser\PDD 31-12-2024.IntPrj\Network Model.IntPrjfolder\Network Data.IntPrjfolder\NORTE 69 kV.ElmNet\Pinalito.ElmSite\Planta_Pinalito 1_PIPAC.ElmComp\pmu_Pinalito 1.ElmDsl,0,,,NORTE 69 kV,,pmu_TrWHydroFrancis
pco_Pinalito 2,\VM-PF.IntUser\PDD 31-12-2024.IntPrj\Network Model.IntPrjfolder\Network Data.IntPrjfolder\NORTE 69 kV.ElmNet\Pinalito.ElmSite\Planta_Pinalito 2_PIPAC.ElmComp\pco_Pinalito 2.ElmDsl,0,,,NORTE 69 kV,,pcu_VOITH SIEMENS
avr_Pinalito 2,\VM-PF.IntUser\PDD 31-12-2024.IntPrj\Network Model.IntPrjfolder\Network Data.IntPrjfolder\NORTE 69 kV.ElmNet\Pinalito.ElmSite\Planta_Pinalito 2_PIPAC.ElmComp\avr_Pinalito 2.ElmDsl,0,,,NORTE 69 kV,,vco_Unitrol F
pmu_Pinalito 2,\VM-PF.IntUser\PDD 31-12-2024.IntPrj\Network Model.IntPrjfolder\Network Data.IntPrjfolder\NORTE 69 kV.ElmNet\Pinalito.ElmSite\Planta_Pinalito 2_PIPAC.ElmComp\pmu_Pinalito 2.ElmDsl,0,,,NORTE 69 kV,,pmu_TrWHydroFrancis
avr_Río Blanco 1,\VM-PF.IntUser\PDD 31-12-2024.IntPrj\Network Model.IntPrjfolder\Network Data.IntPrjfolder\NORTE 69 kV.ElmNet\Río Blanco.ElmSite\Planta_Río Blanco 1.ElmComp\avr_Río Blanco 1.ElmDsl,0,,,NORTE 69 kV,,vco_EXAC1
gov_Río Blanco 1,\VM-PF.IntUser\PDD 31-12-2024.IntPrj\Network Model.IntPrjfolder\Network Data.IntPrjfolder\NORTE 69 kV.ElmNet\Río Blanco.ElmSite\Planta_Río Blanco 1.ElmComp\gov_Río Blanco 1.ElmDsl,0,,,NORTE 69 kV,,gov_HYGOV
avr_Río Blanco 2,\VM-PF.IntUser\PDD 31-12-2024.IntPrj\Network Model.IntPrjfolder\Network Data.IntPrjfolder\NORTE 69 kV.ElmNet\Río Blanco.ElmSite\Planta_Río Blanco 2.ElmComp\avr_Río Blanco 2.ElmDsl,0,,,NORTE 69 kV,,vco_EXAC1
gov_Río Blanco 2,\VM-PF.IntUser\PDD 31-12-2024.IntPrj\Network Model.IntPrjfolder\Network Data.IntPrjfolder\NORTE 69 kV.ElmNet\Río Blanco.ElmSite\Planta_Río Blanco 2.ElmComp\gov_Río Blanco 2.ElmDsl,0,,,NORTE 69 kV,,gov_HYGOV
pco_Río Blanco 1,\VM-PF.IntUser\PDD 31-12-2024.IntPrj\Network Model.IntPrjfolder\Network Data.IntPrjfolder\NORTE 69 kV.ElmNet\Río Blanco.ElmSite\Planta_Río Blanco 1_PIPAC.ElmComp\pco_Río Blanco 1.ElmDsl,0,,,NORTE 69 kV,,NEYPRIC 1500
avr_Río Blanco 1,\VM-PF.IntUser\PDD 31-12-2024.IntPrj\Network Model.IntPrjfolder\Network Data.IntPrjfolder\NORTE 69 kV.ElmNet\Río Blanco.ElmSite\Planta_Río Blanco 1_PIPAC.ElmComp\avr_Río Blanco 1.ElmDsl,0,,,NORTE 69 kV,,vco_Unitrol F
pmu_Río Blanco 1,\VM-PF.IntUser\PDD 31-12-2024.IntPrj\Network Model.IntPrjfolder\Network Data.IntPrjfolder\NORTE 69 kV.ElmNet\Río Blanco.ElmSite\Planta_Río Blanco 1_PIPAC.ElmComp\pmu_Río Blanco 1.ElmDsl,0,,,NORTE 69 kV,,pmu_TrWHydroFrancis
pco_Río Blanco 2,\VM-PF.IntUser\PDD 31-12-2024.IntPrj\Network Model.IntPrjfolder\Network Data.IntPrjfolder\NORTE 69 kV.ElmNet\Río Blanco.ElmSite\Planta_Río Blanco 2_PIPAC.ElmComp\pco_Río Blanco 2.ElmDsl,0,,,NORTE 69 kV,,NEYPRIC 1500
avr_Río Blanco 2,\VM-PF.IntUser\PDD 31-12-2024.IntPrj\Network Model.IntPrjfolder\Network Data.IntPrjfolder\NORTE 69 kV.ElmNet\Río Blanco.ElmSite\Planta_Río Blanco 2_PIPAC.ElmComp\avr_Río Blanco 2.ElmDsl,0,,,NORTE 69 kV,,vco_Unitrol F
pmu_Río Blanco 2,\VM-PF.IntUser\PDD 31-12-2024.IntPrj\Network Model.IntPrjfolder\Network Data.IntPrjfolder\NORTE 69 kV.ElmNet\Río Blanco.ElmSite\Planta_Río Blanco 2_PIPAC.ElmComp\pmu_Río Blanco 2.ElmDsl,0,,,NORTE 69 kV,,pmu_TrWHydroFrancis
avr_Rincón,\VM-PF.IntUser\PDD 31-12-2024.IntPrj\Network Model.IntPrjfolder\Network Data.IntPrjfolder\NORTE 69 kV.ElmNet\Rincón.ElmSite\Planta_Rincón.ElmComp\avr_Rincón.ElmDsl,0,,,NORTE 69 kV,,vco_IEEET1
gov_Rincón,\VM-PF.IntUser\PDD 31-12-2024.IntPrj\Network Model.IntPrjfolder\Network Data.IntPrjfolder\NORTE 69 kV.ElmNet\Rincón.ElmSite\Planta_Rincón.ElmComp\gov_Rincón.ElmDsl,0,,,NORTE 69 kV,,gov_HYGOV_MONCION1
gov_La Vega G2,\VM-PF.IntUser\PDD 31-12-2024.IntPrj\Network Model.IntPrjfolder\Network Data.IntPrjfolder\NORTE 69 kV.ElmNet\Diésel La Vega.ElmSite\Planta_La Vega Grupo 2.ElmComp\gov_La Vega G2.ElmDsl,0,,,NORTE 69 kV,,gov_DEGOV1
avr_La Vega G2,\VM-PF.IntUser\PDD 31-12-2024.IntPrj\Network Model.IntPrjfolder\Network Data.IntPrjfolder\NORTE 69 kV.ElmNet\Diésel La Vega.ElmSite\Planta_La Vega Grupo 2.ElmComp\avr_La Vega G2.ElmDsl,0,,,NORTE 69 kV,,avr_EXAC1
avr_La Vega G1,\VM-PF.IntUser\PDD 31-12-2024.IntPrj\Network Model.IntPrjfolder\Network Data.IntPrjfolder\NORTE 69 kV.ElmNet\Diésel La Vega.ElmSite\Planta_La Vega Grupo 1.ElmComp\avr_La Vega G1.ElmDsl,0,,,NORTE 69 kV,,avr_EXAC1
gov_La Vega G1,\VM-PF.IntUser\PDD 31-12-2024.IntPrj\Network Model.IntPrjfolder\Network Data.IntPrjfolder\NORTE 69 kV.ElmNet\Diésel La Vega.ElmSite\Planta_La Vega Grupo 1.ElmComp\gov_La Vega G1.ElmDsl,0,,,NORTE 69 kV,,gov_DEGOV1
avr_Jimenoa,\VM-PF.IntUser\PDD 31-12-2024.IntPrj\Network Model.IntPrjfolder\Network Data.IntPrjfolder\NORTE 69 kV.ElmNet\Jimenoa.ElmSite\Planta_Jimenoa.ElmComp\avr_Jimenoa.ElmDsl,0,,,NORTE 69 kV,,vco_IEEET1
gov_Jimenoa,\VM-PF.IntUser\PDD 31-12-2024.IntPrj\Network Model.IntPrjfolder\Network Data.IntPrjfolder\NORTE 69 kV.ElmNet\Jimenoa.ElmSite\Planta_Jimenoa.ElmComp\gov_Jimenoa.ElmDsl,0,,,NORTE 69 kV,,gov_IEESGO
avr_Hatillo 1,\VM-PF.IntUser\PDD 31-12-2024.IntPrj\Network Model.IntPrjfolder\Network Data.IntPrjfolder\NORTE 69 kV.ElmNet\Hatillo.ElmSite\Planta_Hatillo 1.ElmComp\avr_Hatillo 1.ElmDsl,0,,,NORTE 69 kV,,avr_EXAC3
gov_Hatillo 1,\VM-PF.IntUser\PDD 31-12-2024.IntPrj\Network Model.IntPrjfolder\Network Data.IntPrjfolder\NORTE 69 kV.ElmNet\Hatillo.ElmSite\Planta_Hatillo 1.ElmComp\gov_Hatillo 1.ElmDsl,0,,,NORTE 69 kV,,gov_HYGOV
avr_Hatillo 2,\VM-PF.IntUser\PDD 31-12-2024.IntPrj\Network Model.IntPrjfolder\Network Data.IntPrjfolder\NORTE 69 kV.ElmNet\Hatillo.ElmSite\Planta_Hatillo 2.ElmComp\avr_Hatillo 2.ElmDsl,0,,,NORTE 69 kV,,avr_EXAC3
gov_Hatillo 2,\VM-PF.IntUser\PDD 31-12-2024.IntPrj\Network Model.IntPrjfolder\Network Data.IntPrjfolder\NORTE 69 kV.ElmNet\Hatillo.ElmSite\Planta_Hatillo 2.ElmComp\gov_Hatillo 2.ElmDsl,0,,,NORTE 69 kV,,gov_HYGOV
pss_Hatillo 2,\VM-PF.IntUser\PDD 31-12-2024.IntPrj\Network Model.IntPrjfolder\Network Data.IntPrjfolder\NORTE 69 kV.ElmNet\Hatillo.ElmSite\Planta_Hatillo 2.ElmComp\pss_Hatillo 2.ElmDsl,0,,,NORTE 69 kV,,pss_PSS2B
