nombre,ruta,outserv,cpZone,cpArea,cpGrid,cpSubstat,typ_id
Z1,\VM-PF.IntUser\PDD 31-12-2024.IntPrj\Network Model.IntPrjfolder\Network Data.IntPrjfolder\Expansión 345 kV.ElmNet\Julio Sauri.ElmSite\ZJSAUD.ElmSubstat\E7.ElmTerm\Cub_1.StaCubic\ZJSA2E_ZPAL1E-L1-7SA522.ElmRelay\Z1.RelDispoly,1,SUR CERCANO,SUR,Expansión 345 kV,ZJSAUD,Z1
Z1b,\VM-PF.IntUser\PDD 31-12-2024.IntPrj\Network Model.IntPrjfolder\Network Data.IntPrjfolder\Expansión 345 kV.ElmNet\Julio Sauri.ElmSite\ZJSAUD.ElmSubstat\E7.ElmTerm\Cub_1.StaCubic\ZJSA2E_ZPAL1E-L1-7SA522.ElmRelay\Z1b.RelDispoly,1,SUR CERCANO,SUR,Expansión 345 kV,ZJSAUD,Z1b
Z2,\VM-PF.IntUser\PDD 31-12-2024.IntPrj\Network Model.IntPrjfolder\Network Data.IntPrjfolder\Expansión 345 kV.ElmNet\Julio Sauri.ElmSite\ZJSAUD.ElmSubstat\E7.ElmTerm\Cub_1.StaCubic\ZJSA2E_ZPAL1E-L1-7SA522.ElmRelay\Z2.RelDispoly,1,SUR CERCANO,SUR,Expansión 345 kV,ZJSAUD,Z2
Z3,\VM-PF.IntUser\PDD 31-12-2024.IntPrj\Network Model.IntPrjfolder\Network Data.IntPrjfolder\Expansión 345 kV.ElmNet\Julio Sauri.ElmSite\ZJSAUD.ElmSubstat\E7.ElmTerm\Cub_1.StaCubic\ZJSA2E_ZPAL1E-L1-7SA522.ElmRelay\Z3.RelDispoly,1,SUR CERCANO,SUR,Expansión 345 kV,ZJSAUD,Z3
Z4,\VM-PF.IntUser\PDD 31-12-2024.IntPrj\Network Model.IntPrjfolder\Network Data.IntPrjfolder\Expansión 345 kV.ElmNet\Julio Sauri.ElmSite\ZJSAUD.ElmSubstat\E7.ElmTerm\Cub_1.StaCubic\ZJSA2E_ZPAL1E-L1-7SA522.ElmRelay\Z4.RelDispoly,1,SUR CERCANO,SUR,Expansión 345 kV,ZJSAUD,Z4
Z5,\VM-PF.IntUser\PDD 31-12-2024.IntPrj\Network Model.IntPrjfolder\Network Data.IntPrjfolder\Expansión 345 kV.ElmNet\Julio Sauri.ElmSite\ZJSAUD.ElmSubstat\E7.ElmTerm\Cub_1.StaCubic\ZJSA2E_ZPAL1E-L1-7SA522.ElmRelay\Z5.RelDispoly,1,SUR CERCANO,SUR,Expansión 345 kV,ZJSAUD,Z5
PPOL poly,\VM-PF.IntUser\PDD 31-12-2024.IntPrj\Network Model.IntPrjfolder\Network Data.IntPrjfolder\Expansión 345 kV.ElmNet\Julio Sauri.ElmSite\ZJSAUD.ElmSubstat\E7.ElmTerm\Cub_1.StaCubic\ZJSA2E_ZPAL1E-L1-7SA522.ElmRelay\PPOL poly.RelDispoly,1,SUR CERCANO,SUR,Expansión 345 kV,ZJSAUD,PPOL poly
Z1,\VM-PF.IntUser\PDD 31-12-2024.IntPrj\Network Model.IntPrjfolder\Network Data.IntPrjfolder\Expansión 345 kV.ElmNet\Julio Sauri.ElmSite\ZJSAUD.ElmSubstat\E8.ElmTerm\Cub_1.StaCubic\ZJSA2E_ZPAL1E-L2-7SA522.ElmRelay\Z1.RelDispoly,1,SUR CERCANO,SUR,Expansión 345 kV,ZJSAUD,Z1
Z1b,\VM-PF.IntUser\PDD 31-12-2024.IntPrj\Network Model.IntPrjfolder\Network Data.IntPrjfolder\Expansión 345 kV.ElmNet\Julio Sauri.ElmSite\ZJSAUD.ElmSubstat\E8.ElmTerm\Cub_1.StaCubic\ZJSA2E_ZPAL1E-L2-7SA522.ElmRelay\Z1b.RelDispoly,1,SUR CERCANO,SUR,Expansión 345 kV,ZJSAUD,Z1b
Z2,\VM-PF.IntUser\PDD 31-12-2024.IntPrj\Network Model.IntPrjfolder\Network Data.IntPrjfolder\Expansión 345 kV.ElmNet\Julio Sauri.ElmSite\ZJSAUD.ElmSubstat\E8.ElmTerm\Cub_1.StaCubic\ZJSA2E_ZPAL1E-L2-7SA522.ElmRelay\Z2.RelDispoly,1,SUR CERCANO,SUR,Expansión 345 kV,ZJSAUD,Z2
Z3,\VM-PF.IntUser\PDD 31-12-2024.IntPrj\Network Model.IntPrjfolder\Network Data.IntPrjfolder\Expansión 345 kV.ElmNet\Julio Sauri.ElmSite\ZJSAUD.ElmSubstat\E8.ElmTerm\Cub_1.StaCubic\ZJSA2E_ZPAL1E-L2-7SA522.ElmRelay\Z3.RelDispoly,1,SUR CERCANO,SUR,Expansión 345 kV,ZJSAUD,Z3
Z4,\VM-PF.IntUser\PDD 31-12-2024.IntPrj\Network Model.IntPrjfolder\Network Data.IntPrjfolder\Expansión 345 kV.ElmNet\Julio Sauri.ElmSite\ZJSAUD.ElmSubstat\E8.ElmTerm\Cub_1.StaCubic\ZJSA2E_ZPAL1E-L2-7SA522.ElmRelay\Z4.RelDispoly,1,SUR CERCANO,SUR,Expansión 345 kV,ZJSAUD,Z4
Z5,\VM-PF.IntUser\PDD 31-12-2024.IntPrj\Network Model.IntPrjfolder\Network Data.IntPrjfolder\Expansión 345 kV.ElmNet\Julio Sauri.ElmSite\ZJSAUD.ElmSubstat\E8.ElmTerm\Cub_1.StaCubic\ZJSA2E_ZPAL1E-L2-7SA522.ElmRelay\Z5.RelDispoly,1,SUR CERCANO,SUR,Expansión 345 kV,ZJSAUD,Z5
PPOL poly,\VM-PF.IntUser\PDD 31-12-2024.IntPrj\Network Model.IntPrjfolder\Network Data.IntPrjfolder\Expansión 345 kV.ElmNet\Julio Sauri.ElmSite\ZJSAUD.ElmSubstat\E8.ElmTerm\Cub_1.StaCubic\ZJSA2E_ZPAL1E-L2-7SA522.ElmRelay\PPOL poly.RelDispoly,1,SUR CERCANO,SUR,Expansión 345 kV,ZJSAUD,PPOL poly
Z1,\VM-PF.IntUser\PDD 31-12-2024.IntPrj\Network Model.IntPrjfolder\Network Data.IntPrjfolder\Expansión 345 kV.ElmNet\Julio Sauri.ElmSite\ZJSAUD.ElmSubstat\E3.ElmTerm\Cub_1.StaCubic\ZJSA1E_ZITAGE-L1-7SA522.ElmRelay\Z1.RelDispoly,1,SUR CERCANO,SUR,Expansión 345 kV,ZJSAUD,Z1
Z1b,\VM-PF.IntUser\PDD 31-12-2024.IntPrj\Network Model.IntPrjfolder\Network Data.IntPrjfolder\Expansión 345 kV.ElmNet\Julio Sauri.ElmSite\ZJSAUD.ElmSubstat\E3.ElmTerm\Cub_1.StaCubic\ZJSA1E_ZITAGE-L1-7SA522.ElmRelay\Z1b.RelDispoly,1,SUR CERCANO,SUR,Expansión 345 kV,ZJSAUD,Z1b
Z2,\VM-PF.IntUser\PDD 31-12-2024.IntPrj\Network Model.IntPrjfolder\Network Data.IntPrjfolder\Expansión 345 kV.ElmNet\Julio Sauri.ElmSite\ZJSAUD.ElmSubstat\E3.ElmTerm\Cub_1.StaCubic\ZJSA1E_ZITAGE-L1-7SA522.ElmRelay\Z2.RelDispoly,1,SUR CERCANO,SUR,Expansión 345 kV,ZJSAUD,Z2
Z3,\VM-PF.IntUser\PDD 31-12-2024.IntPrj\Network Model.IntPrjfolder\Network Data.IntPrjfolder\Expansión 345 kV.ElmNet\Julio Sauri.ElmSite\ZJSAUD.ElmSubstat\E3.ElmTerm\Cub_1.StaCubic\ZJSA1E_ZITAGE-L1-7SA522.ElmRelay\Z3.RelDispoly,1,SUR CERCANO,SUR,Expansión 345 kV,ZJSAUD,Z3
Z4,\VM-PF.IntUser\PDD 31-12-2024.IntPrj\Network Model.IntPrjfolder\Network Data.IntPrjfolder\Expansión 345 kV.ElmNet\Julio Sauri.ElmSite\ZJSAUD.ElmSubstat\E3.ElmTerm\Cub_1.StaCubic\ZJSA1E_ZITAGE-L1-7SA522.ElmRelay\Z4.RelDispoly,1,SUR CERCANO,SUR,Expansión 345 kV,ZJSAUD,Z4
Z5,\VM-PF.IntUser\PDD 31-12-2024.IntPrj\Network Model.IntPrjfolder\Network Data.IntPrjfolder\Expansión 345 kV.ElmNet\Julio Sauri.ElmSite\ZJSAUD.ElmSubstat\E3.ElmTerm\Cub_1.StaCubic\ZJSA1E_ZITAGE-L1-7SA522.ElmRelay\Z5.RelDispoly,1,SUR CERCANO,SUR,Expansión 345 kV,ZJSAUD,Z5
PPOL poly,\VM-PF.IntUser\PDD 31-12-2024.IntPrj\Network Model.IntPrjfolder\Network Data.IntPrjfolder\Expansión 345 kV.ElmNet\Julio Sauri.ElmSite\ZJSAUD.ElmSubstat\E3.ElmTerm\Cub_1.StaCubic\ZJSA1E_ZITAGE-L1-7SA522.ElmRelay\PPOL poly.RelDispoly,1,SUR CERCANO,SUR,Expansión 345 kV,ZJSAUD,PPOL poly
Z1,\VM-PF.IntUser\PDD 31-12-2024.IntPrj\Network Model.IntPrjfolder\Network Data.IntPrjfolder\Expansión 345 kV.ElmNet\Julio Sauri.ElmSite\ZJSAUD.ElmSubstat\E4.ElmTerm\Cub_1.StaCubic\ZJSA1E_ZITAGE-L2-7SA522.ElmRelay\Z1.RelDispoly,1,SUR CERCANO,SUR,Expansión 345 kV,ZJSAUD,Z1
Z1b,\VM-PF.IntUser\PDD 31-12-2024.IntPrj\Network Model.IntPrjfolder\Network Data.IntPrjfolder\Expansión 345 kV.ElmNet\Julio Sauri.ElmSite\ZJSAUD.ElmSubstat\E4.ElmTerm\Cub_1.StaCubic\ZJSA1E_ZITAGE-L2-7SA522.ElmRelay\Z1b.RelDispoly,1,SUR CERCANO,SUR,Expansión 345 kV,ZJSAUD,Z1b
Z2,\VM-PF.IntUser\PDD 31-12-2024.IntPrj\Network Model.IntPrjfolder\Network Data.IntPrjfolder\Expansión 345 kV.ElmNet\Julio Sauri.ElmSite\ZJSAUD.ElmSubstat\E4.ElmTerm\Cub_1.StaCubic\ZJSA1E_ZITAGE-L2-7SA522.ElmRelay\Z2.RelDispoly,1,SUR CERCANO,SUR,Expansión 345 kV,ZJSAUD,Z2
Z3,\VM-PF.IntUser\PDD 31-12-2024.IntPrj\Network Model.IntPrjfolder\Network Data.IntPrjfolder\Expansión 345 kV.ElmNet\Julio Sauri.ElmSite\ZJSAUD.ElmSubstat\E4.ElmTerm\Cub_1.StaCubic\ZJSA1E_ZITAGE-L2-7SA522.ElmRelay\Z3.RelDispoly,1,SUR CERCANO,SUR,Expansión 345 kV,ZJSAUD,Z3
Z4,\VM-PF.IntUser\PDD 31-12-2024.IntPrj\Network Model.IntPrjfolder\Network Data.IntPrjfolder\Expansión 345 kV.ElmNet\Julio Sauri.ElmSite\ZJSAUD.ElmSubstat\E4.ElmTerm\Cub_1.StaCubic\ZJSA1E_ZITAGE-L2-7SA522.ElmRelay\Z4.RelDispoly,1,SUR CERCANO,SUR,Expansión 345 kV,ZJSAUD,Z4
Z5,\VM-PF.IntUser\PDD 31-12-2024.IntPrj\Network Model.IntPrjfolder\Network Data.IntPrjfolder\Expansión 345 kV.ElmNet\Julio Sauri.ElmSite\ZJSAUD.ElmSubstat\E4.ElmTerm\Cub_1.StaCubic\ZJSA1E_ZITAGE-L2-7SA522.ElmRelay\Z5.RelDispoly,1,SUR CERCANO,SUR,Expansión 345 kV,ZJSAUD,Z5
PPOL poly,\VM-PF.IntUser\PDD 31-12-2024.IntPrj\Network Model.IntPrjfolder\Network Data.IntPrjfolder\Expansión 345 kV.ElmNet\Julio Sauri.ElmSite\ZJSAUD.ElmSubstat\E4.ElmTerm\Cub_1.StaCubic\ZJSA1E_ZITAGE-L2-7SA522.ElmRelay\PPOL poly.RelDispoly,1,SUR CERCANO,SUR,Expansión 345 kV,ZJSAUD,PPOL poly
Z1,\VM-PF.IntUser\PDD 31-12-2024.IntPrj\Network Model.IntPrjfolder\Network Data.IntPrjfolder\Expansión 345 kV.ElmNet\Julio Sauri.ElmSite\ZJSAUD.ElmSubstat\E9.ElmTerm\Cub_1.StaCubic\ZJSA1E_ZPARAE-L1-7SA522.ElmRelay\Z1.RelDispoly,1,SUR CERCANO,SUR,Expansión 345 kV,ZJSAUD,Z1
Z1b,\VM-PF.IntUser\PDD 31-12-2024.IntPrj\Network Model.IntPrjfolder\Network Data.IntPrjfolder\Expansión 345 kV.ElmNet\Julio Sauri.ElmSite\ZJSAUD.ElmSubstat\E9.ElmTerm\Cub_1.StaCubic\ZJSA1E_ZPARAE-L1-7SA522.ElmRelay\Z1b.RelDispoly,1,SUR CERCANO,SUR,Expansión 345 kV,ZJSAUD,Z1b
Z2,\VM-PF.IntUser\PDD 31-12-2024.IntPrj\Network Model.IntPrjfolder\Network Data.IntPrjfolder\Expansión 345 kV.ElmNet\Julio Sauri.ElmSite\ZJSAUD.ElmSubstat\E9.ElmTerm\Cub_1.StaCubic\ZJSA1E_ZPARAE-L1-7SA522.ElmRelay\Z2.RelDispoly,1,SUR CERCANO,SUR,Expansión 345 kV,ZJSAUD,Z2
Z3,\VM-PF.IntUser\PDD 31-12-2024.IntPrj\Network Model.IntPrjfolder\Network Data.IntPrjfolder\Expansión 345 kV.ElmNet\Julio Sauri.ElmSite\ZJSAUD.ElmSubstat\E9.ElmTerm\Cub_1.StaCubic\ZJSA1E_ZPARAE-L1-7SA522.ElmRelay\Z3.RelDispoly,1,SUR CERCANO,SUR,Expansión 345 kV,ZJSAUD,Z3
Z4,\VM-PF.IntUser\PDD 31-12-2024.IntPrj\Network Model.IntPrjfolder\Network Data.IntPrjfolder\Expansión 345 kV.ElmNet\Julio Sauri.ElmSite\ZJSAUD.ElmSubstat\E9.ElmTerm\Cub_1.StaCubic\ZJSA1E_ZPARAE-L1-7SA522.ElmRelay\Z4.RelDispoly,1,SUR CERCANO,SUR,Expansión 345 kV,ZJSAUD,Z4
Z5,\VM-PF.IntUser\PDD 31-12-2024.IntPrj\Network Model.IntPrjfolder\Network Data.IntPrjfolder\Expansión 345 kV.ElmNet\Julio Sauri.ElmSite\ZJSAUD.ElmSubstat\E9.ElmTerm\Cub_1.StaCubic\ZJSA1E_ZPARAE-L1-7SA522.ElmRelay\Z5.RelDispoly,1,SUR CERCANO,SUR,Expansión 345 kV,ZJSAUD,Z5
PPOL poly,\VM-PF.IntUser\PDD 31-12-2024.IntPrj\Network Model.IntPrjfolder\Network Data.IntPrjfolder\Expansión 345 kV.ElmNet\Julio Sauri.ElmSite\ZJSAUD.ElmSubstat\E9.ElmTerm\Cub_1.StaCubic\ZJSA1E_ZPARAE-L1-7SA522.ElmRelay\PPOL poly.RelDispoly,1,SUR CERCANO,SUR,Expansión 345 kV,ZJSAUD,PPOL poly
Z1,\VM-PF.IntUser\PDD 31-12-2024.IntPrj\Network Model.IntPrjfolder\Network Data.IntPrjfolder\Expansión 345 kV.ElmNet\Julio Sauri.ElmSite\ZJSAUD.ElmSubstat\E6(2).ElmTerm\Cub_1.StaCubic\ZJSA1E_ZITAGE-L2-7SA522.ElmRelay\Z1.RelDispoly,1,SUR CERCANO,SUR,Expansión 345 kV,ZJSAUD,Z1
Z1b,\VM-PF.IntUser\PDD 31-12-2024.IntPrj\Network Model.IntPrjfolder\Network Data.IntPrjfolder\Expansión 345 kV.ElmNet\Julio Sauri.ElmSite\ZJSAUD.ElmSubstat\E6(2).ElmTerm\Cub_1.StaCubic\ZJSA1E_ZITAGE-L2-7SA522.ElmRelay\Z1b.RelDispoly,1,SUR CERCANO,SUR,Expansión 345 kV,ZJSAUD,Z1b
Z2,\VM-PF.IntUser\PDD 31-12-2024.IntPrj\Network Model.IntPrjfolder\Network Data.IntPrjfolder\Expansión 345 kV.ElmNet\Julio Sauri.ElmSite\ZJSAUD.ElmSubstat\E6(2).ElmTerm\Cub_1.StaCubic\ZJSA1E_ZITAGE-L2-7SA522.ElmRelay\Z2.RelDispoly,1,SUR CERCANO,SUR,Expansión 345 kV,ZJSAUD,Z2
Z3,\VM-PF.IntUser\PDD 31-12-2024.IntPrj\Network Model.IntPrjfolder\Network Data.IntPrjfolder\Expansión 345 kV.ElmNet\Julio Sauri.ElmSite\ZJSAUD.ElmSubstat\E6(2).ElmTerm\Cub_1.StaCubic\ZJSA1E_ZITAGE-L2-7SA522.ElmRelay\Z3.RelDispoly,1,SUR CERCANO,SUR,Expansión 345 kV,ZJSAUD,Z3
Z4,\VM-PF.IntUser\PDD 31-12-2024.IntPrj\Network Model.IntPrjfolder\Network Data.IntPrjfolder\Expansión 345 kV.ElmNet\Julio Sauri.ElmSite\ZJSAUD.ElmSubstat\E6(2).ElmTerm\Cub_1.StaCubic\ZJSA1E_ZITAGE-L2-7SA522.ElmRelay\Z4.RelDispoly,1,SUR CERCANO,SUR,Expansión 345 kV,ZJSAUD,Z4
Z5,\VM-PF.IntUser\PDD 31-12-2024.IntPrj\Network Model.IntPrjfolder\Network Data.IntPrjfolder\Expansión 345 kV.ElmNet\Julio Sauri.ElmSite\ZJSAUD.ElmSubstat\E6(2).ElmTerm\Cub_1.StaCubic\ZJSA1E_ZITAGE-L2-7SA522.ElmRelay\Z5.RelDispoly,1,SUR CERCANO,SUR,Expansión 345 kV,ZJSAUD,Z5
PPOL poly,\VM-PF.IntUser\PDD 31-12-2024.IntPrj\Network Model.IntPrjfolder\Network Data.IntPrjfolder\Expansión 345 kV.ElmNet\Julio Sauri.ElmSite\ZJSAUD.ElmSubstat\E6(2).ElmTerm\Cub_1.StaCubic\ZJSA1E_ZITAGE-L2-7SA522.ElmRelay\PPOL poly.RelDispoly,1,SUR CERCANO,SUR,Expansión 345 kV,ZJSAUD,PPOL poly
Outer zone,\VM-PF.IntUser\PDD 31-12-2024.IntPrj\Network Model.IntPrjfolder\Network Data.IntPrjfolder\Expansión 345 kV.ElmNet\Quisqueya.ElmSite\QUISQUEYA 2.ElmSubstat\7.ElmTerm\Cub_1.StaCubic\ZQU21D_ZPBLAD-L1-REL670.ElmRelay\RPSB 78.ElmRelay\Outer zone.RelDispoly,1,ESTE CERCANO,ESTE,Expansión 345 kV,QUISQUEYA 2,Outer zone
Inner zone,\VM-PF.IntUser\PDD 31-12-2024.IntPrj\Network Model.IntPrjfolder\Network Data.IntPrjfolder\Expansión 345 kV.ElmNet\Quisqueya.ElmSite\QUISQUEYA 2.ElmSubstat\7.ElmTerm\Cub_1.StaCubic\ZQU21D_ZPBLAD-L1-REL670.ElmRelay\RPSB 78.ElmRelay\Inner zone.RelDispoly,1,ESTE CERCANO,ESTE,Expansión 345 kV,QUISQUEYA 2,Inner zone
ZMC1,\VM-PF.IntUser\PDD 31-12-2024.IntPrj\Network Model.IntPrjfolder\Network Data.IntPrjfolder\Expansión 345 kV.ElmNet\Quisqueya.ElmSite\QUISQUEYA 2.ElmSubstat\7.ElmTerm\Cub_1.StaCubic\ZQU21D_ZPBLAD-L1-REL670.ElmRelay\ZMCPDIS.ElmRelay\ZMC1.RelDispoly,1,ESTE CERCANO,ESTE,Expansión 345 kV,QUISQUEYA 2,ZMC1
ZMC2,\VM-PF.IntUser\PDD 31-12-2024.IntPrj\Network Model.IntPrjfolder\Network Data.IntPrjfolder\Expansión 345 kV.ElmNet\Quisqueya.ElmSite\QUISQUEYA 2.ElmSubstat\7.ElmTerm\Cub_1.StaCubic\ZQU21D_ZPBLAD-L1-REL670.ElmRelay\ZMCPDIS.ElmRelay\ZMC2.RelDispoly,1,ESTE CERCANO,ESTE,Expansión 345 kV,QUISQUEYA 2,ZMC2
ZMC3,\VM-PF.IntUser\PDD 31-12-2024.IntPrj\Network Model.IntPrjfolder\Network Data.IntPrjfolder\Expansión 345 kV.ElmNet\Quisqueya.ElmSite\QUISQUEYA 2.ElmSubstat\7.ElmTerm\Cub_1.StaCubic\ZQU21D_ZPBLAD-L1-REL670.ElmRelay\ZMCPDIS.ElmRelay\ZMC3.RelDispoly,1,ESTE CERCANO,ESTE,Expansión 345 kV,QUISQUEYA 2,ZMC3
ZMC4,\VM-PF.IntUser\PDD 31-12-2024.IntPrj\Network Model.IntPrjfolder\Network Data.IntPrjfolder\Expansión 345 kV.ElmNet\Quisqueya.ElmSite\QUISQUEYA 2.ElmSubstat\7.ElmTerm\Cub_1.StaCubic\ZQU21D_ZPBLAD-L1-REL670.ElmRelay\ZMCPDIS.ElmRelay\ZMC4.RelDispoly,1,ESTE CERCANO,ESTE,Expansión 345 kV,QUISQUEYA 2,ZMC4
ZMC5,\VM-PF.IntUser\PDD 31-12-2024.IntPrj\Network Model.IntPrjfolder\Network Data.IntPrjfolder\Expansión 345 kV.ElmNet\Quisqueya.ElmSite\QUISQUEYA 2.ElmSubstat\7.ElmTerm\Cub_1.StaCubic\ZQU21D_ZPBLAD-L1-REL670.ElmRelay\ZMCPDIS.ElmRelay\ZMC5.RelDispoly,1,ESTE CERCANO,ESTE,Expansión 345 kV,QUISQUEYA 2,ZMC5
ZMQ1,\VM-PF.IntUser\PDD 31-12-2024.IntPrj\Network Model.IntPrjfolder\Network Data.IntPrjfolder\Expansión 345 kV.ElmNet\Quisqueya.ElmSite\QUISQUEYA 2.ElmSubstat\7.ElmTerm\Cub_1.StaCubic\ZQU21D_ZPBLAD-L1-REL670.ElmRelay\ZMQPDIS.ElmRelay\ZMQ1.RelDispoly,1,ESTE CERCANO,ESTE,Expansión 345 kV,QUISQUEYA 2,ZMQ1
ZMQ2,\VM-PF.IntUser\PDD 31-12-2024.IntPrj\Network Model.IntPrjfolder\Network Data.IntPrjfolder\Expansión 345 kV.ElmNet\Quisqueya.ElmSite\QUISQUEYA 2.ElmSubstat\7.ElmTerm\Cub_1.StaCubic\ZQU21D_ZPBLAD-L1-REL670.ElmRelay\ZMQPDIS.ElmRelay\ZMQ2.RelDispoly,1,ESTE CERCANO,ESTE,Expansión 345 kV,QUISQUEYA 2,ZMQ2
ZMQ3,\VM-PF.IntUser\PDD 31-12-2024.IntPrj\Network Model.IntPrjfolder\Network Data.IntPrjfolder\Expansión 345 kV.ElmNet\Quisqueya.ElmSite\QUISQUEYA 2.ElmSubstat\7.ElmTerm\Cub_1.StaCubic\ZQU21D_ZPBLAD-L1-REL670.ElmRelay\ZMQPDIS.ElmRelay\ZMQ3.RelDispoly,1,ESTE CERCANO,ESTE,Expansión 345 kV,QUISQUEYA 2,ZMQ3
ZMQ4,\VM-PF.IntUser\PDD 31-12-2024.IntPrj\Network Model.IntPrjfolder\Network Data.IntPrjfolder\Expansión 345 kV.ElmNet\Quisqueya.ElmSite\QUISQUEYA 2.ElmSubstat\7.ElmTerm\Cub_1.StaCubic\ZQU21D_ZPBLAD-L1-REL670.ElmRelay\ZMQPDIS.ElmRelay\ZMQ4.RelDispoly,1,ESTE CERCANO,ESTE,Expansión 345 kV,QUISQUEYA 2,ZMQ4
ZMQ5,\VM-PF.IntUser\PDD 31-12-2024.IntPrj\Network Model.IntPrjfolder\Network Data.IntPrjfolder\Expansión 345 kV.ElmNet\Quisqueya.ElmSite\QUISQUEYA 2.ElmSubstat\7.ElmTerm\Cub_1.StaCubic\ZQU21D_ZPBLAD-L1-REL670.ElmRelay\ZMQPDIS.ElmRelay\ZMQ5.RelDispoly,1,ESTE CERCANO,ESTE,Expansión 345 kV,QUISQUEYA 2,ZMQ5
ZDS1,\VM-PF.IntUser\PDD 31-12-2024.IntPrj\Network Model.IntPrjfolder\Network Data.IntPrjfolder\Expansión 345 kV.ElmNet\Quisqueya.ElmSite\QUISQUEYA 2.ElmSubstat\7.ElmTerm\Cub_1.StaCubic\ZQU21D_ZPBLAD-L1-REL670.ElmRelay\SC Dir-Z.ElmRelay\ZDS1.RelDispoly,1,ESTE CERCANO,ESTE,Expansión 345 kV,QUISQUEYA 2,ZDS1
Zone 5,\VM-PF.IntUser\PDD 31-12-2024.IntPrj\Network Model.IntPrjfolder\Network Data.IntPrjfolder\Expansión 345 kV.ElmNet\Quisqueya.ElmSite\QUISQUEYA 2.ElmSubstat\7.ElmTerm\Cub_1.StaCubic\ZQU21D_ZPBLAD-L1-SEL 311L.ElmRelay\Out of step.ElmRelay\Zone 5.RelDispoly,1,ESTE CERCANO,ESTE,Expansión 345 kV,QUISQUEYA 2,Zone 5
Zone 6,\VM-PF.IntUser\PDD 31-12-2024.IntPrj\Network Model.IntPrjfolder\Network Data.IntPrjfolder\Expansión 345 kV.ElmNet\Quisqueya.ElmSite\QUISQUEYA 2.ElmSubstat\7.ElmTerm\Cub_1.StaCubic\ZQU21D_ZPBLAD-L1-SEL 311L.ElmRelay\Out of step.ElmRelay\Zone 6.RelDispoly,1,ESTE CERCANO,ESTE,Expansión 345 kV,QUISQUEYA 2,Zone 6
Ph-Q1,\VM-PF.IntUser\PDD 31-12-2024.IntPrj\Network Model.IntPrjfolder\Network Data.IntPrjfolder\Expansión 345 kV.ElmNet\Quisqueya.ElmSite\QUISQUEYA 2.ElmSubstat\7.ElmTerm\Cub_1.StaCubic\ZQU21D_ZPBLAD-L1-SEL 311L.ElmRelay\Ph-Q1.RelDispoly,1,ESTE CERCANO,ESTE,Expansión 345 kV,QUISQUEYA 2,Ph-Q1
Ph-Q2,\VM-PF.IntUser\PDD 31-12-2024.IntPrj\Network Model.IntPrjfolder\Network Data.IntPrjfolder\Expansión 345 kV.ElmNet\Quisqueya.ElmSite\QUISQUEYA 2.ElmSubstat\7.ElmTerm\Cub_1.StaCubic\ZQU21D_ZPBLAD-L1-SEL 311L.ElmRelay\Ph-Q2.RelDispoly,1,ESTE CERCANO,ESTE,Expansión 345 kV,QUISQUEYA 2,Ph-Q2
Ph-Q3,\VM-PF.IntUser\PDD 31-12-2024.IntPrj\Network Model.IntPrjfolder\Network Data.IntPrjfolder\Expansión 345 kV.ElmNet\Quisqueya.ElmSite\QUISQUEYA 2.ElmSubstat\7.ElmTerm\Cub_1.StaCubic\ZQU21D_ZPBLAD-L1-SEL 311L.ElmRelay\Ph-Q3.RelDispoly,1,ESTE CERCANO,ESTE,Expansión 345 kV,QUISQUEYA 2,Ph-Q3
Ph-Q4,\VM-PF.IntUser\PDD 31-12-2024.IntPrj\Network Model.IntPrjfolder\Network Data.IntPrjfolder\Expansión 345 kV.ElmNet\Quisqueya.ElmSite\QUISQUEYA 2.ElmSubstat\7.ElmTerm\Cub_1.StaCubic\ZQU21D_ZPBLAD-L1-SEL 311L.ElmRelay\Ph-Q4.RelDispoly,1,ESTE CERCANO,ESTE,Expansión 345 kV,QUISQUEYA 2,Ph-Q4
Outer zone,\VM-PF.IntUser\PDD 31-12-2024.IntPrj\Network Model.IntPrjfolder\Network Data.IntPrjfolder\Expansión 345 kV.ElmNet\Quisqueya.ElmSite\QUISQUEYA 1.ElmSubstat\4.ElmTerm\Cub_1.StaCubic\ZQU11D_ZPVDCD-L1-REL670.ElmRelay\RPSB 78.ElmRelay\Outer zone.RelDispoly,1,ESTE CERCANO,ESTE,Expansión 345 kV,QUISQUEYA 1,Outer zone
Inner zone,\VM-PF.IntUser\PDD 31-12-2024.IntPrj\Network Model.IntPrjfolder\Network Data.IntPrjfolder\Expansión 345 kV.ElmNet\Quisqueya.ElmSite\QUISQUEYA 1.ElmSubstat\4.ElmTerm\Cub_1.StaCubic\ZQU11D_ZPVDCD-L1-REL670.ElmRelay\RPSB 78.ElmRelay\Inner zone.RelDispoly,1,ESTE CERCANO,ESTE,Expansión 345 kV,QUISQUEYA 1,Inner zone
ZMC1,\VM-PF.IntUser\PDD 31-12-2024.IntPrj\Network Model.IntPrjfolder\Network Data.IntPrjfolder\Expansión 345 kV.ElmNet\Quisqueya.ElmSite\QUISQUEYA 1.ElmSubstat\4.ElmTerm\Cub_1.StaCubic\ZQU11D_ZPVDCD-L1-REL670.ElmRelay\ZMCPDIS.ElmRelay\ZMC1.RelDispoly,1,ESTE CERCANO,ESTE,Expansión 345 kV,QUISQUEYA 1,ZMC1
ZMC2,\VM-PF.IntUser\PDD 31-12-2024.IntPrj\Network Model.IntPrjfolder\Network Data.IntPrjfolder\Expansión 345 kV.ElmNet\Quisqueya.ElmSite\QUISQUEYA 1.ElmSubstat\4.ElmTerm\Cub_1.StaCubic\ZQU11D_ZPVDCD-L1-REL670.ElmRelay\ZMCPDIS.ElmRelay\ZMC2.RelDispoly,1,ESTE CERCANO,ESTE,Expansión 345 kV,QUISQUEYA 1,ZMC2
ZMC3,\VM-PF.IntUser\PDD 31-12-2024.IntPrj\Network Model.IntPrjfolder\Network Data.IntPrjfolder\Expansión 345 kV.ElmNet\Quisqueya.ElmSite\QUISQUEYA 1.ElmSubstat\4.ElmTerm\Cub_1.StaCubic\ZQU11D_ZPVDCD-L1-REL670.ElmRelay\ZMCPDIS.ElmRelay\ZMC3.RelDispoly,1,ESTE CERCANO,ESTE,Expansión 345 kV,QUISQUEYA 1,ZMC3
ZMC4,\VM-PF.IntUser\PDD 31-12-2024.IntPrj\Network Model.IntPrjfolder\Network Data.IntPrjfolder\Expansión 345 kV.ElmNet\Quisqueya.ElmSite\QUISQUEYA 1.ElmSubstat\4.ElmTerm\Cub_1.StaCubic\ZQU11D_ZPVDCD-L1-REL670.ElmRelay\ZMCPDIS.ElmRelay\ZMC4.RelDispoly,1,ESTE CERCANO,ESTE,Expansión 345 kV,QUISQUEYA 1,ZMC4
ZMC5,\VM-PF.IntUser\PDD 31-12-2024.IntPrj\Network Model.IntPrjfolder\Network Data.IntPrjfolder\Expansión 345 kV.ElmNet\Quisqueya.ElmSite\QUISQUEYA 1.ElmSubstat\4.ElmTerm\Cub_1.StaCubic\ZQU11D_ZPVDCD-L1-REL670.ElmRelay\ZMCPDIS.ElmRelay\ZMC5.RelDispoly,1,ESTE CERCANO,ESTE,Expansión 345 kV,QUISQUEYA 1,ZMC5
ZMQ1,\VM-PF.IntUser\PDD 31-12-2024.IntPrj\Network Model.IntPrjfolder\Network Data.IntPrjfolder\Expansión 345 kV.ElmNet\Quisqueya.ElmSite\QUISQUEYA 1.ElmSubstat\4.ElmTerm\Cub_1.StaCubic\ZQU11D_ZPVDCD-L1-REL670.ElmRelay\ZMQPDIS.ElmRelay\ZMQ1.RelDispoly,1,ESTE CERCANO,ESTE,Expansión 345 kV,QUISQUEYA 1,ZMQ1
ZMQ2,\VM-PF.IntUser\PDD 31-12-2024.IntPrj\Network Model.IntPrjfolder\Network Data.IntPrjfolder\Expansión 345 kV.ElmNet\Quisqueya.ElmSite\QUISQUEYA 1.ElmSubstat\4.ElmTerm\Cub_1.StaCubic\ZQU11D_ZPVDCD-L1-REL670.ElmRelay\ZMQPDIS.ElmRelay\ZMQ2.RelDispoly,1,ESTE CERCANO,ESTE,Expansión 345 kV,QUISQUEYA 1,ZMQ2
ZMQ3,\VM-PF.IntUser\PDD 31-12-2024.IntPrj\Network Model.IntPrjfolder\Network Data.IntPrjfolder\Expansión 345 kV.ElmNet\Quisqueya.ElmSite\QUISQUEYA 1.ElmSubstat\4.ElmTerm\Cub_1.StaCubic\ZQU11D_ZPVDCD-L1-REL670.ElmRelay\ZMQPDIS.ElmRelay\ZMQ3.RelDispoly,1,ESTE CERCANO,ESTE,Expansión 345 kV,QUISQUEYA 1,ZMQ3
ZMQ4,\VM-PF.IntUser\PDD 31-12-2024.IntPrj\Network Model.IntPrjfolder\Network Data.IntPrjfolder\Expansión 345 kV.ElmNet\Quisqueya.ElmSite\QUISQUEYA 1.ElmSubstat\4.ElmTerm\Cub_1.StaCubic\ZQU11D_ZPVDCD-L1-REL670.ElmRelay\ZMQPDIS.ElmRelay\ZMQ4.RelDispoly,1,ESTE CERCANO,ESTE,Expansión 345 kV,QUISQUEYA 1,ZMQ4
ZMQ5,\VM-PF.IntUser\PDD 31-12-2024.IntPrj\Network Model.IntPrjfolder\Network Data.IntPrjfolder\Expansión 345 kV.ElmNet\Quisqueya.ElmSite\QUISQUEYA 1.ElmSubstat\4.ElmTerm\Cub_1.StaCubic\ZQU11D_ZPVDCD-L1-REL670.ElmRelay\ZMQPDIS.ElmRelay\ZMQ5.RelDispoly,1,ESTE CERCANO,ESTE,Expansión 345 kV,QUISQUEYA 1,ZMQ5
ZDS1,\VM-PF.IntUser\PDD 31-12-2024.IntPrj\Network Model.IntPrjfolder\Network Data.IntPrjfolder\Expansión 345 kV.ElmNet\Quisqueya.ElmSite\QUISQUEYA 1.ElmSubstat\4.ElmTerm\Cub_1.StaCubic\ZQU11D_ZPVDCD-L1-REL670.ElmRelay\SC Dir-Z.ElmRelay\ZDS1.RelDispoly,1,ESTE CERCANO,ESTE,Expansión 345 kV,QUISQUEYA 1,ZDS1
Zone 5,\VM-PF.IntUser\PDD 31-12-2024.IntPrj\Network Model.IntPrjfolder\Network Data.IntPrjfolder\Expansión 345 kV.ElmNet\Quisqueya.ElmSite\QUISQUEYA 1.ElmSubstat\4.ElmTerm\Cub_1.StaCubic\ZQU11D_ZPVDCD-L1-SEL 311L.ElmRelay\Out of step.ElmRelay\Zone 5.RelDispoly,1,ESTE CERCANO,ESTE,Expansión 345 kV,QUISQUEYA 1,Zone 5
Zone 6,\VM-PF.IntUser\PDD 31-12-2024.IntPrj\Network Model.IntPrjfolder\Network Data.IntPrjfolder\Expansión 345 kV.ElmNet\Quisqueya.ElmSite\QUISQUEYA 1.ElmSubstat\4.ElmTerm\Cub_1.StaCubic\ZQU11D_ZPVDCD-L1-SEL 311L.ElmRelay\Out of step.ElmRelay\Zone 6.RelDispoly,1,ESTE CERCANO,ESTE,Expansión 345 kV,QUISQUEYA 1,Zone 6
Ph-Q1,\VM-PF.IntUser\PDD 31-12-2024.IntPrj\Network Model.IntPrjfolder\Network Data.IntPrjfolder\Expansión 345 kV.ElmNet\Quisqueya.ElmSite\QUISQUEYA 1.ElmSubstat\4.ElmTerm\Cub_1.StaCubic\ZQU11D_ZPVDCD-L1-SEL 311L.ElmRelay\Ph-Q1.RelDispoly,1,ESTE CERCANO,ESTE,Expansión 345 kV,QUISQUEYA 1,Ph-Q1
Ph-Q2,\VM-PF.IntUser\PDD 31-12-2024.IntPrj\Network Model.IntPrjfolder\Network Data.IntPrjfolder\Expansión 345 kV.ElmNet\Quisqueya.ElmSite\QUISQUEYA 1.ElmSubstat\4.ElmTerm\Cub_1.StaCubic\ZQU11D_ZPVDCD-L1-SEL 311L.ElmRelay\Ph-Q2.RelDispoly,1,ESTE CERCANO,ESTE,Expansión 345 kV,QUISQUEYA 1,Ph-Q2
Ph-Q3,\VM-PF.IntUser\PDD 31-12-2024.IntPrj\Network Model.IntPrjfolder\Network Data.IntPrjfolder\Expansión 345 kV.ElmNet\Quisqueya.ElmSite\QUISQUEYA 1.ElmSubstat\4.ElmTerm\Cub_1.StaCubic\ZQU11D_ZPVDCD-L1-SEL 311L.ElmRelay\Ph-Q3.RelDispoly,1,ESTE CERCANO,ESTE,Expansión 345 kV,QUISQUEYA 1,Ph-Q3
Ph-Q4,\VM-PF.IntUser\PDD 31-12-2024.IntPrj\Network Model.IntPrjfolder\Network Data.IntPrjfolder\Expansión 345 kV.ElmNet\Quisqueya.ElmSite\QUISQUEYA 1.ElmSubstat\4.ElmTerm\Cub_1.StaCubic\ZQU11D_ZPVDCD-L1-SEL 311L.ElmRelay\Ph-Q4.RelDispoly,1,ESTE CERCANO,ESTE,Expansión 345 kV,QUISQUEYA 1,Ph-Q4
Zone 5,\VM-PF.IntUser\PDD 31-12-2024.IntPrj\Network Model.IntPrjfolder\Network Data.IntPrjfolder\Expansión 345 kV.ElmNet\PVDC.ElmSite\ZPVDCD.ElmSubstat\L1.ElmTerm\Cub_1.StaCubic\ZPVDCD_ZPBLAD-L1-SEL 311L.ElmRelay\Out of step.ElmRelay\Zone 5.RelDispoly,1,CIBAO SUR,NORTE,Expansión 345 kV,ZPVDCD,Zone 5
Zone 6,\VM-PF.IntUser\PDD 31-12-2024.IntPrj\Network Model.IntPrjfolder\Network Data.IntPrjfolder\Expansión 345 kV.ElmNet\PVDC.ElmSite\ZPVDCD.ElmSubstat\L1.ElmTerm\Cub_1.StaCubic\ZPVDCD_ZPBLAD-L1-SEL 311L.ElmRelay\Out of step.ElmRelay\Zone 6.RelDispoly,1,CIBAO SUR,NORTE,Expansión 345 kV,ZPVDCD,Zone 6
Ph-Q1,\VM-PF.IntUser\PDD 31-12-2024.IntPrj\Network Model.IntPrjfolder\Network Data.IntPrjfolder\Expansión 345 kV.ElmNet\PVDC.ElmSite\ZPVDCD.ElmSubstat\L1.ElmTerm\Cub_1.StaCubic\ZPVDCD_ZPBLAD-L1-SEL 311L.ElmRelay\Ph-Q1.RelDispoly,1,CIBAO SUR,NORTE,Expansión 345 kV,ZPVDCD,Ph-Q1
Ph-Q2,\VM-PF.IntUser\PDD 31-12-2024.IntPrj\Network Model.IntPrjfolder\Network Data.IntPrjfolder\Expansión 345 kV.ElmNet\PVDC.ElmSite\ZPVDCD.ElmSubstat\L1.ElmTerm\Cub_1.StaCubic\ZPVDCD_ZPBLAD-L1-SEL 311L.ElmRelay\Ph-Q2.RelDispoly,1,CIBAO SUR,NORTE,Expansión 345 kV,ZPVDCD,Ph-Q2
Ph-Q3,\VM-PF.IntUser\PDD 31-12-2024.IntPrj\Network Model.IntPrjfolder\Network Data.IntPrjfolder\Expansión 345 kV.ElmNet\PVDC.ElmSite\ZPVDCD.ElmSubstat\L1.ElmTerm\Cub_1.StaCubic\ZPVDCD_ZPBLAD-L1-SEL 311L.ElmRelay\Ph-Q3.RelDispoly,1,CIBAO SUR,NORTE,Expansión 345 kV,ZPVDCD,Ph-Q3
Ph-Q4,\VM-PF.IntUser\PDD 31-12-2024.IntPrj\Network Model.IntPrjfolder\Network Data.IntPrjfolder\Expansión 345 kV.ElmNet\PVDC.ElmSite\ZPVDCD.ElmSubstat\L1.ElmTerm\Cub_1.StaCubic\ZPVDCD_ZPBLAD-L1-SEL 311L.ElmRelay\Ph-Q4.RelDispoly,1,CIBAO SUR,NORTE,Expansión 345 kV,ZPVDCD,Ph-Q4
Zone 5,\VM-PF.IntUser\PDD 31-12-2024.IntPrj\Network Model.IntPrjfolder\Network Data.IntPrjfolder\Expansión 345 kV.ElmNet\PVDC.ElmSite\ZPVDCD.ElmSubstat\R1.ElmTerm\Cub_1.StaCubic\ZPVDCD_ZQU11D-L1-SEL 311L.ElmRelay\Out of step.ElmRelay\Zone 5.RelDispoly,1,CIBAO SUR,NORTE,Expansión 345 kV,ZPVDCD,Zone 5
Zone 6,\VM-PF.IntUser\PDD 31-12-2024.IntPrj\Network Model.IntPrjfolder\Network Data.IntPrjfolder\Expansión 345 kV.ElmNet\PVDC.ElmSite\ZPVDCD.ElmSubstat\R1.ElmTerm\Cub_1.StaCubic\ZPVDCD_ZQU11D-L1-SEL 311L.ElmRelay\Out of step.ElmRelay\Zone 6.RelDispoly,1,CIBAO SUR,NORTE,Expansión 345 kV,ZPVDCD,Zone 6
Ph-Q1,\VM-PF.IntUser\PDD 31-12-2024.IntPrj\Network Model.IntPrjfolder\Network Data.IntPrjfolder\Expansión 345 kV.ElmNet\PVDC.ElmSite\ZPVDCD.ElmSubstat\R1.ElmTerm\Cub_1.StaCubic\ZPVDCD_ZQU11D-L1-SEL 311L.ElmRelay\Ph-Q1.RelDispoly,1,CIBAO SUR,NORTE,Expansión 345 kV,ZPVDCD,Ph-Q1
Ph-Q2,\VM-PF.IntUser\PDD 31-12-2024.IntPrj\Network Model.IntPrjfolder\Network Data.IntPrjfolder\Expansión 345 kV.ElmNet\PVDC.ElmSite\ZPVDCD.ElmSubstat\R1.ElmTerm\Cub_1.StaCubic\ZPVDCD_ZQU11D-L1-SEL 311L.ElmRelay\Ph-Q2.RelDispoly,1,CIBAO SUR,NORTE,Expansión 345 kV,ZPVDCD,Ph-Q2
Ph-Q3,\VM-PF.IntUser\PDD 31-12-2024.IntPrj\Network Model.IntPrjfolder\Network Data.IntPrjfolder\Expansión 345 kV.ElmNet\PVDC.ElmSite\ZPVDCD.ElmSubstat\R1.ElmTerm\Cub_1.StaCubic\ZPVDCD_ZQU11D-L1-SEL 311L.ElmRelay\Ph-Q3.RelDispoly,1,CIBAO SUR,NORTE,Expansión 345 kV,ZPVDCD,Ph-Q3
Ph-Q4,\VM-PF.IntUser\PDD 31-12-2024.IntPrj\Network Model.IntPrjfolder\Network Data.IntPrjfolder\Expansión 345 kV.ElmNet\PVDC.ElmSite\ZPVDCD.ElmSubstat\R1.ElmTerm\Cub_1.StaCubic\ZPVDCD_ZQU11D-L1-SEL 311L.ElmRelay\Ph-Q4.RelDispoly,1,CIBAO SUR,NORTE,Expansión 345 kV,ZPVDCD,Ph-Q4
Zone 5,\VM-PF.IntUser\PDD 31-12-2024.IntPrj\Network Model.IntPrjfolder\Network Data.IntPrjfolder\ESTE 138 kV.ElmNet\Sultana del Este.ElmSite\ZSESTE.ElmSubstat\5.ElmTerm\Cub_1.StaCubic\ZSESTE_ZSPBEE-L1-SEL 311L.ElmRelay\Out of step.ElmRelay\Zone 5.RelDispoly,1,ESTE CERCANO,ESTE,ESTE 138 kV,ZSESTE,Zone 5
Zone 6,\VM-PF.IntUser\PDD 31-12-2024.IntPrj\Network Model.IntPrjfolder\Network Data.IntPrjfolder\ESTE 138 kV.ElmNet\Sultana del Este.ElmSite\ZSESTE.ElmSubstat\5.ElmTerm\Cub_1.StaCubic\ZSESTE_ZSPBEE-L1-SEL 311L.ElmRelay\Out of step.ElmRelay\Zone 6.RelDispoly,1,ESTE CERCANO,ESTE,ESTE 138 kV,ZSESTE,Zone 6
Ph-Q1,\VM-PF.IntUser\PDD 31-12-2024.IntPrj\Network Model.IntPrjfolder\Network Data.IntPrjfolder\ESTE 138 kV.ElmNet\Sultana del Este.ElmSite\ZSESTE.ElmSubstat\5.ElmTerm\Cub_1.StaCubic\ZSESTE_ZSPBEE-L1-SEL 311L.ElmRelay\Ph-Q1.RelDispoly,1,ESTE CERCANO,ESTE,ESTE 138 kV,ZSESTE,Ph-Q1
Ph-Q2,\VM-PF.IntUser\PDD 31-12-2024.IntPrj\Network Model.IntPrjfolder\Network Data.IntPrjfolder\ESTE 138 kV.ElmNet\Sultana del Este.ElmSite\ZSESTE.ElmSubstat\5.ElmTerm\Cub_1.StaCubic\ZSESTE_ZSPBEE-L1-SEL 311L.ElmRelay\Ph-Q2.RelDispoly,1,ESTE CERCANO,ESTE,ESTE 138 kV,ZSESTE,Ph-Q2
Ph-Q3,\VM-PF.IntUser\PDD 31-12-2024.IntPrj\Network Model.IntPrjfolder\Network Data.IntPrjfolder\ESTE 138 kV.ElmNet\Sultana del Este.ElmSite\ZSESTE.ElmSubstat\5.ElmTerm\Cub_1.StaCubic\ZSESTE_ZSPBEE-L1-SEL 311L.ElmRelay\Ph-Q3.RelDispoly,1,ESTE CERCANO,ESTE,ESTE 138 kV,ZSESTE,Ph-Q3
Ph-Q4,\VM-PF.IntUser\PDD 31-12-2024.IntPrj\Network Model.IntPrjfolder\Network Data.IntPrjfolder\ESTE 138 kV.ElmNet\Sultana del Este.ElmSite\ZSESTE.ElmSubstat\5.ElmTerm\Cub_1.StaCubic\ZSESTE_ZSPBEE-L1-SEL 311L.ElmRelay\Ph-Q4.RelDispoly,1,ESTE CERCANO,ESTE,ESTE 138 kV,ZSESTE,Ph-Q4
Zone 5,\VM-PF.IntUser\PDD 31-12-2024.IntPrj\Network Model.IntPrjfolder\Network Data.IntPrjfolder\ESTE 138 kV.ElmNet\Sultana del Este.ElmSite\ZSESTE.ElmSubstat\5.ElmTerm\Cub_1.StaCubic\ZSESTE_ZSPBEE-L1-SEL 421.ElmRelay\Out of step.ElmRelay\Zone 5.RelDispoly,1,ESTE CERCANO,ESTE,ESTE 138 kV,ZSESTE,Zone 5
Zone 6,\VM-PF.IntUser\PDD 31-12-2024.IntPrj\Network Model.IntPrjfolder\Network Data.IntPrjfolder\ESTE 138 kV.ElmNet\Sultana del Este.ElmSite\ZSESTE.ElmSubstat\5.ElmTerm\Cub_1.StaCubic\ZSESTE_ZSPBEE-L1-SEL 421.ElmRelay\Out of step.ElmRelay\Zone 6.RelDispoly,1,ESTE CERCANO,ESTE,ESTE 138 kV,ZSESTE,Zone 6
Z1QP,\VM-PF.IntUser\PDD 31-12-2024.IntPrj\Network Model.IntPrjfolder\Network Data.IntPrjfolder\ESTE 138 kV.ElmNet\Sultana del Este.ElmSite\ZSESTE.ElmSubstat\5.ElmTerm\Cub_1.StaCubic\ZSESTE_ZSPBEE-L1-SEL 421.ElmRelay\Z1QP.RelDispoly,1,ESTE CERCANO,ESTE,ESTE 138 kV,ZSESTE,Z1QP
Z2QP,\VM-PF.IntUser\PDD 31-12-2024.IntPrj\Network Model.IntPrjfolder\Network Data.IntPrjfolder\ESTE 138 kV.ElmNet\Sultana del Este.ElmSite\ZSESTE.ElmSubstat\5.ElmTerm\Cub_1.StaCubic\ZSESTE_ZSPBEE-L1-SEL 421.ElmRelay\Z2QP.RelDispoly,1,ESTE CERCANO,ESTE,ESTE 138 kV,ZSESTE,Z2QP
Z3QP,\VM-PF.IntUser\PDD 31-12-2024.IntPrj\Network Model.IntPrjfolder\Network Data.IntPrjfolder\ESTE 138 kV.ElmNet\Sultana del Este.ElmSite\ZSESTE.ElmSubstat\5.ElmTerm\Cub_1.StaCubic\ZSESTE_ZSPBEE-L1-SEL 421.ElmRelay\Z3QP.RelDispoly,1,ESTE CERCANO,ESTE,ESTE 138 kV,ZSESTE,Z3QP
Z4QP,\VM-PF.IntUser\PDD 31-12-2024.IntPrj\Network Model.IntPrjfolder\Network Data.IntPrjfolder\ESTE 138 kV.ElmNet\Sultana del Este.ElmSite\ZSESTE.ElmSubstat\5.ElmTerm\Cub_1.StaCubic\ZSESTE_ZSPBEE-L1-SEL 421.ElmRelay\Z4QP.RelDispoly,1,ESTE CERCANO,ESTE,ESTE 138 kV,ZSESTE,Z4QP
Z5QP,\VM-PF.IntUser\PDD 31-12-2024.IntPrj\Network Model.IntPrjfolder\Network Data.IntPrjfolder\ESTE 138 kV.ElmNet\Sultana del Este.ElmSite\ZSESTE.ElmSubstat\5.ElmTerm\Cub_1.StaCubic\ZSESTE_ZSPBEE-L1-SEL 421.ElmRelay\Z5QP.RelDispoly,1,ESTE CERCANO,ESTE,ESTE 138 kV,ZSESTE,Z5QP
Z1QG,\VM-PF.IntUser\PDD 31-12-2024.IntPrj\Network Model.IntPrjfolder\Network Data.IntPrjfolder\ESTE 138 kV.ElmNet\Sultana del Este.ElmSite\ZSESTE.ElmSubstat\5.ElmTerm\Cub_1.StaCubic\ZSESTE_ZSPBEE-L1-SEL 421.ElmRelay\Z1QG.RelDispoly,1,ESTE CERCANO,ESTE,ESTE 138 kV,ZSESTE,Z1QG
Z2QG,\VM-PF.IntUser\PDD 31-12-2024.IntPrj\Network Model.IntPrjfolder\Network Data.IntPrjfolder\ESTE 138 kV.ElmNet\Sultana del Este.ElmSite\ZSESTE.ElmSubstat\5.ElmTerm\Cub_1.StaCubic\ZSESTE_ZSPBEE-L1-SEL 421.ElmRelay\Z2QG.RelDispoly,1,ESTE CERCANO,ESTE,ESTE 138 kV,ZSESTE,Z2QG
Z3QG,\VM-PF.IntUser\PDD 31-12-2024.IntPrj\Network Model.IntPrjfolder\Network Data.IntPrjfolder\ESTE 138 kV.ElmNet\Sultana del Este.ElmSite\ZSESTE.ElmSubstat\5.ElmTerm\Cub_1.StaCubic\ZSESTE_ZSPBEE-L1-SEL 421.ElmRelay\Z3QG.RelDispoly,1,ESTE CERCANO,ESTE,ESTE 138 kV,ZSESTE,Z3QG
Z4QG,\VM-PF.IntUser\PDD 31-12-2024.IntPrj\Network Model.IntPrjfolder\Network Data.IntPrjfolder\ESTE 138 kV.ElmNet\Sultana del Este.ElmSite\ZSESTE.ElmSubstat\5.ElmTerm\Cub_1.StaCubic\ZSESTE_ZSPBEE-L1-SEL 421.ElmRelay\Z4QG.RelDispoly,1,ESTE CERCANO,ESTE,ESTE 138 kV,ZSESTE,Z4QG
Z5QG,\VM-PF.IntUser\PDD 31-12-2024.IntPrj\Network Model.IntPrjfolder\Network Data.IntPrjfolder\ESTE 138 kV.ElmNet\Sultana del Este.ElmSite\ZSESTE.ElmSubstat\5.ElmTerm\Cub_1.StaCubic\ZSESTE_ZSPBEE-L1-SEL 421.ElmRelay\Z5QG.RelDispoly,1,ESTE CERCANO,ESTE,ESTE 138 kV,ZSESTE,Z5QG
Z1,\VM-PF.IntUser\PDD 31-12-2024.IntPrj\Network Model.IntPrjfolder\Network Data.IntPrjfolder\ESTE 138 kV.ElmNet\La Romana.ElmSite\ZLROME.ElmSubstat\1.ElmTerm\Cub_1.StaCubic\ZLROME_ZHIGUE-L1-7SD52.ElmRelay\Distance/Overcurrent/Voltage.ElmRelay\Z1.RelDispoly,1,ESTE PROFUNDO,ESTE,ESTE 138 kV,ZLROME,Z1
Z1b,\VM-PF.IntUser\PDD 31-12-2024.IntPrj\Network Model.IntPrjfolder\Network Data.IntPrjfolder\ESTE 138 kV.ElmNet\La Romana.ElmSite\ZLROME.ElmSubstat\1.ElmTerm\Cub_1.StaCubic\ZLROME_ZHIGUE-L1-7SD52.ElmRelay\Distance/Overcurrent/Voltage.ElmRelay\Z1b.RelDispoly,1,ESTE PROFUNDO,ESTE,ESTE 138 kV,ZLROME,Z1b
Z2,\VM-PF.IntUser\PDD 31-12-2024.IntPrj\Network Model.IntPrjfolder\Network Data.IntPrjfolder\ESTE 138 kV.ElmNet\La Romana.ElmSite\ZLROME.ElmSubstat\1.ElmTerm\Cub_1.StaCubic\ZLROME_ZHIGUE-L1-7SD52.ElmRelay\Distance/Overcurrent/Voltage.ElmRelay\Z2.RelDispoly,1,ESTE PROFUNDO,ESTE,ESTE 138 kV,ZLROME,Z2
Z3,\VM-PF.IntUser\PDD 31-12-2024.IntPrj\Network Model.IntPrjfolder\Network Data.IntPrjfolder\ESTE 138 kV.ElmNet\La Romana.ElmSite\ZLROME.ElmSubstat\1.ElmTerm\Cub_1.StaCubic\ZLROME_ZHIGUE-L1-7SD52.ElmRelay\Distance/Overcurrent/Voltage.ElmRelay\Z3.RelDispoly,1,ESTE PROFUNDO,ESTE,ESTE 138 kV,ZLROME,Z3
Z4,\VM-PF.IntUser\PDD 31-12-2024.IntPrj\Network Model.IntPrjfolder\Network Data.IntPrjfolder\ESTE 138 kV.ElmNet\La Romana.ElmSite\ZLROME.ElmSubstat\1.ElmTerm\Cub_1.StaCubic\ZLROME_ZHIGUE-L1-7SD52.ElmRelay\Distance/Overcurrent/Voltage.ElmRelay\Z4.RelDispoly,1,ESTE PROFUNDO,ESTE,ESTE 138 kV,ZLROME,Z4
Z5,\VM-PF.IntUser\PDD 31-12-2024.IntPrj\Network Model.IntPrjfolder\Network Data.IntPrjfolder\ESTE 138 kV.ElmNet\La Romana.ElmSite\ZLROME.ElmSubstat\1.ElmTerm\Cub_1.StaCubic\ZLROME_ZHIGUE-L1-7SD52.ElmRelay\Distance/Overcurrent/Voltage.ElmRelay\Z5.RelDispoly,1,ESTE PROFUNDO,ESTE,ESTE 138 kV,ZLROME,Z5
PPOL poly,\VM-PF.IntUser\PDD 31-12-2024.IntPrj\Network Model.IntPrjfolder\Network Data.IntPrjfolder\ESTE 138 kV.ElmNet\La Romana.ElmSite\ZLROME.ElmSubstat\1.ElmTerm\Cub_1.StaCubic\ZLROME_ZHIGUE-L1-7SD52.ElmRelay\Distance/Overcurrent/Voltage.ElmRelay\PPOL poly.RelDispoly,1,ESTE PROFUNDO,ESTE,ESTE 138 kV,ZLROME,PPOL poly
Outer zone,\VM-PF.IntUser\PDD 31-12-2024.IntPrj\Network Model.IntPrjfolder\Network Data.IntPrjfolder\ESTE 138 kV.ElmNet\La Romana.ElmSite\ZLROME.ElmSubstat\1.ElmTerm\Cub_1.StaCubic\ZLROME_ZHIGUE-L1-REL670.ElmRelay\RPSB 78.ElmRelay\Outer zone.RelDispoly,1,ESTE PROFUNDO,ESTE,ESTE 138 kV,ZLROME,Outer zone
Inner zone,\VM-PF.IntUser\PDD 31-12-2024.IntPrj\Network Model.IntPrjfolder\Network Data.IntPrjfolder\ESTE 138 kV.ElmNet\La Romana.ElmSite\ZLROME.ElmSubstat\1.ElmTerm\Cub_1.StaCubic\ZLROME_ZHIGUE-L1-REL670.ElmRelay\RPSB 78.ElmRelay\Inner zone.RelDispoly,1,ESTE PROFUNDO,ESTE,ESTE 138 kV,ZLROME,Inner zone
ZMC1,\VM-PF.IntUser\PDD 31-12-2024.IntPrj\Network Model.IntPrjfolder\Network Data.IntPrjfolder\ESTE 138 kV.ElmNet\La Romana.ElmSite\ZLROME.ElmSubstat\1.ElmTerm\Cub_1.StaCubic\ZLROME_ZHIGUE-L1-REL670.ElmRelay\ZMCPDIS.ElmRelay\ZMC1.RelDispoly,1,ESTE PROFUNDO,ESTE,ESTE 138 kV,ZLROME,ZMC1
ZMC2,\VM-PF.IntUser\PDD 31-12-2024.IntPrj\Network Model.IntPrjfolder\Network Data.IntPrjfolder\ESTE 138 kV.ElmNet\La Romana.ElmSite\ZLROME.ElmSubstat\1.ElmTerm\Cub_1.StaCubic\ZLROME_ZHIGUE-L1-REL670.ElmRelay\ZMCPDIS.ElmRelay\ZMC2.RelDispoly,1,ESTE PROFUNDO,ESTE,ESTE 138 kV,ZLROME,ZMC2
ZMC3,\VM-PF.IntUser\PDD 31-12-2024.IntPrj\Network Model.IntPrjfolder\Network Data.IntPrjfolder\ESTE 138 kV.ElmNet\La Romana.ElmSite\ZLROME.ElmSubstat\1.ElmTerm\Cub_1.StaCubic\ZLROME_ZHIGUE-L1-REL670.ElmRelay\ZMCPDIS.ElmRelay\ZMC3.RelDispoly,1,ESTE PROFUNDO,ESTE,ESTE 138 kV,ZLROME,ZMC3
ZMC4,\VM-PF.IntUser\PDD 31-12-2024.IntPrj\Network Model.IntPrjfolder\Network Data.IntPrjfolder\ESTE 138 kV.ElmNet\La Romana.ElmSite\ZLROME.ElmSubstat\1.ElmTerm\Cub_1.StaCubic\ZLROME_ZHIGUE-L1-REL670.ElmRelay\ZMCPDIS.ElmRelay\ZMC4.RelDispoly,1,ESTE PROFUNDO,ESTE,ESTE 138 kV,ZLROME,ZMC4
ZMC5,\VM-PF.IntUser\PDD 31-12-2024.IntPrj\Network Model.IntPrjfolder\Network Data.IntPrjfolder\ESTE 138 kV.ElmNet\La Romana.ElmSite\ZLROME.ElmSubstat\1.ElmTerm\Cub_1.StaCubic\ZLROME_ZHIGUE-L1-REL670.ElmRelay\ZMCPDIS.ElmRelay\ZMC5.RelDispoly,1,ESTE PROFUNDO,ESTE,ESTE 138 kV,ZLROME,ZMC5
ZMQ1,\VM-PF.IntUser\PDD 31-12-2024.IntPrj\Network Model.IntPrjfolder\Network Data.IntPrjfolder\ESTE 138 kV.ElmNet\La Romana.ElmSite\ZLROME.ElmSubstat\1.ElmTerm\Cub_1.StaCubic\ZLROME_ZHIGUE-L1-REL670.ElmRelay\ZMQPDIS.ElmRelay\ZMQ1.RelDispoly,1,ESTE PROFUNDO,ESTE,ESTE 138 kV,ZLROME,ZMQ1
ZMQ2,\VM-PF.IntUser\PDD 31-12-2024.IntPrj\Network Model.IntPrjfolder\Network Data.IntPrjfolder\ESTE 138 kV.ElmNet\La Romana.ElmSite\ZLROME.ElmSubstat\1.ElmTerm\Cub_1.StaCubic\ZLROME_ZHIGUE-L1-REL670.ElmRelay\ZMQPDIS.ElmRelay\ZMQ2.RelDispoly,1,ESTE PROFUNDO,ESTE,ESTE 138 kV,ZLROME,ZMQ2
ZMQ3,\VM-PF.IntUser\PDD 31-12-2024.IntPrj\Network Model.IntPrjfolder\Network Data.IntPrjfolder\ESTE 138 kV.ElmNet\La Romana.ElmSite\ZLROME.ElmSubstat\1.ElmTerm\Cub_1.StaCubic\ZLROME_ZHIGUE-L1-REL670.ElmRelay\ZMQPDIS.ElmRelay\ZMQ3.RelDispoly,1,ESTE PROFUNDO,ESTE,ESTE 138 kV,ZLROME,ZMQ3
ZMQ4,\VM-PF.IntUser\PDD 31-12-2024.IntPrj\Network Model.IntPrjfolder\Network Data.IntPrjfolder\ESTE 138 kV.ElmNet\La Romana.ElmSite\ZLROME.ElmSubstat\1.ElmTerm\Cub_1.StaCubic\ZLROME_ZHIGUE-L1-REL670.ElmRelay\ZMQPDIS.ElmRelay\ZMQ4.RelDispoly,1,ESTE PROFUNDO,ESTE,ESTE 138 kV,ZLROME,ZMQ4
ZMQ5,\VM-PF.IntUser\PDD 31-12-2024.IntPrj\Network Model.IntPrjfolder\Network Data.IntPrjfolder\ESTE 138 kV.ElmNet\La Romana.ElmSite\ZLROME.ElmSubstat\1.ElmTerm\Cub_1.StaCubic\ZLROME_ZHIGUE-L1-REL670.ElmRelay\ZMQPDIS.ElmRelay\ZMQ5.RelDispoly,1,ESTE PROFUNDO,ESTE,ESTE 138 kV,ZLROME,ZMQ5
ZDS1,\VM-PF.IntUser\PDD 31-12-2024.IntPrj\Network Model.IntPrjfolder\Network Data.IntPrjfolder\ESTE 138 kV.ElmNet\La Romana.ElmSite\ZLROME.ElmSubstat\1.ElmTerm\Cub_1.StaCubic\ZLROME_ZHIGUE-L1-REL670.ElmRelay\SC Dir-Z.ElmRelay\ZDS1.RelDispoly,1,ESTE PROFUNDO,ESTE,ESTE 138 kV,ZLROME,ZDS1
Z1,\VM-PF.IntUser\PDD 31-12-2024.IntPrj\Network Model.IntPrjfolder\Network Data.IntPrjfolder\ESTE 138 kV.ElmNet\La Romana.ElmSite\ZLROME.ElmSubstat\4.ElmTerm\Cub_1.StaCubic\ZLROME_ZSPMBE-L2-7SD52.ElmRelay\Distance/Overcurrent/Voltage.ElmRelay\Z1.RelDispoly,1,ESTE PROFUNDO,ESTE,ESTE 138 kV,ZLROME,Z1
Z1b,\VM-PF.IntUser\PDD 31-12-2024.IntPrj\Network Model.IntPrjfolder\Network Data.IntPrjfolder\ESTE 138 kV.ElmNet\La Romana.ElmSite\ZLROME.ElmSubstat\4.ElmTerm\Cub_1.StaCubic\ZLROME_ZSPMBE-L2-7SD52.ElmRelay\Distance/Overcurrent/Voltage.ElmRelay\Z1b.RelDispoly,1,ESTE PROFUNDO,ESTE,ESTE 138 kV,ZLROME,Z1b
Z2,\VM-PF.IntUser\PDD 31-12-2024.IntPrj\Network Model.IntPrjfolder\Network Data.IntPrjfolder\ESTE 138 kV.ElmNet\La Romana.ElmSite\ZLROME.ElmSubstat\4.ElmTerm\Cub_1.StaCubic\ZLROME_ZSPMBE-L2-7SD52.ElmRelay\Distance/Overcurrent/Voltage.ElmRelay\Z2.RelDispoly,1,ESTE PROFUNDO,ESTE,ESTE 138 kV,ZLROME,Z2
Z3,\VM-PF.IntUser\PDD 31-12-2024.IntPrj\Network Model.IntPrjfolder\Network Data.IntPrjfolder\ESTE 138 kV.ElmNet\La Romana.ElmSite\ZLROME.ElmSubstat\4.ElmTerm\Cub_1.StaCubic\ZLROME_ZSPMBE-L2-7SD52.ElmRelay\Distance/Overcurrent/Voltage.ElmRelay\Z3.RelDispoly,1,ESTE PROFUNDO,ESTE,ESTE 138 kV,ZLROME,Z3
Z4,\VM-PF.IntUser\PDD 31-12-2024.IntPrj\Network Model.IntPrjfolder\Network Data.IntPrjfolder\ESTE 138 kV.ElmNet\La Romana.ElmSite\ZLROME.ElmSubstat\4.ElmTerm\Cub_1.StaCubic\ZLROME_ZSPMBE-L2-7SD52.ElmRelay\Distance/Overcurrent/Voltage.ElmRelay\Z4.RelDispoly,1,ESTE PROFUNDO,ESTE,ESTE 138 kV,ZLROME,Z4
Z5,\VM-PF.IntUser\PDD 31-12-2024.IntPrj\Network Model.IntPrjfolder\Network Data.IntPrjfolder\ESTE 138 kV.ElmNet\La Romana.ElmSite\ZLROME.ElmSubstat\4.ElmTerm\Cub_1.StaCubic\ZLROME_ZSPMBE-L2-7SD52.ElmRelay\Distance/Overcurrent/Voltage.ElmRelay\Z5.RelDispoly,1,ESTE PROFUNDO,ESTE,ESTE 138 kV,ZLROME,Z5
PPOL poly,\VM-PF.IntUser\PDD 31-12-2024.IntPrj\Network Model.IntPrjfolder\Network Data.IntPrjfolder\ESTE 138 kV.ElmNet\La Romana.ElmSite\ZLROME.ElmSubstat\4.ElmTerm\Cub_1.StaCubic\ZLROME_ZSPMBE-L2-7SD52.ElmRelay\Distance/Overcurrent/Voltage.ElmRelay\PPOL poly.RelDispoly,1,ESTE PROFUNDO,ESTE,ESTE 138 kV,ZLROME,PPOL poly
Outer zone,\VM-PF.IntUser\PDD 31-12-2024.IntPrj\Network Model.IntPrjfolder\Network Data.IntPrjfolder\ESTE 138 kV.ElmNet\La Romana.ElmSite\ZLROME.ElmSubstat\4.ElmTerm\Cub_1.StaCubic\ZLROME_ZSPMBE-L2-REL670.ElmRelay\RPSB 78.ElmRelay\Outer zone.RelDispoly,1,ESTE PROFUNDO,ESTE,ESTE 138 kV,ZLROME,Outer zone
Inner zone,\VM-PF.IntUser\PDD 31-12-2024.IntPrj\Network Model.IntPrjfolder\Network Data.IntPrjfolder\ESTE 138 kV.ElmNet\La Romana.ElmSite\ZLROME.ElmSubstat\4.ElmTerm\Cub_1.StaCubic\ZLROME_ZSPMBE-L2-REL670.ElmRelay\RPSB 78.ElmRelay\Inner zone.RelDispoly,1,ESTE PROFUNDO,ESTE,ESTE 138 kV,ZLROME,Inner zone
ZMC1,\VM-PF.IntUser\PDD 31-12-2024.IntPrj\Network Model.IntPrjfolder\Network Data.IntPrjfolder\ESTE 138 kV.ElmNet\La Romana.ElmSite\ZLROME.ElmSubstat\4.ElmTerm\Cub_1.StaCubic\ZLROME_ZSPMBE-L2-REL670.ElmRelay\ZMCPDIS.ElmRelay\ZMC1.RelDispoly,1,ESTE PROFUNDO,ESTE,ESTE 138 kV,ZLROME,ZMC1
ZMC2,\VM-PF.IntUser\PDD 31-12-2024.IntPrj\Network Model.IntPrjfolder\Network Data.IntPrjfolder\ESTE 138 kV.ElmNet\La Romana.ElmSite\ZLROME.ElmSubstat\4.ElmTerm\Cub_1.StaCubic\ZLROME_ZSPMBE-L2-REL670.ElmRelay\ZMCPDIS.ElmRelay\ZMC2.RelDispoly,1,ESTE PROFUNDO,ESTE,ESTE 138 kV,ZLROME,ZMC2
ZMC3,\VM-PF.IntUser\PDD 31-12-2024.IntPrj\Network Model.IntPrjfolder\Network Data.IntPrjfolder\ESTE 138 kV.ElmNet\La Romana.ElmSite\ZLROME.ElmSubstat\4.ElmTerm\Cub_1.StaCubic\ZLROME_ZSPMBE-L2-REL670.ElmRelay\ZMCPDIS.ElmRelay\ZMC3.RelDispoly,1,ESTE PROFUNDO,ESTE,ESTE 138 kV,ZLROME,ZMC3
ZMC4,\VM-PF.IntUser\PDD 31-12-2024.IntPrj\Network Model.IntPrjfolder\Network Data.IntPrjfolder\ESTE 138 kV.ElmNet\La Romana.ElmSite\ZLROME.ElmSubstat\4.ElmTerm\Cub_1.StaCubic\ZLROME_ZSPMBE-L2-REL670.ElmRelay\ZMCPDIS.ElmRelay\ZMC4.RelDispoly,1,ESTE PROFUNDO,ESTE,ESTE 138 kV,ZLROME,ZMC4
ZMC5,\VM-PF.IntUser\PDD 31-12-2024.IntPrj\Network Model.IntPrjfolder\Network Data.IntPrjfolder\ESTE 138 kV.ElmNet\La Romana.ElmSite\ZLROME.ElmSubstat\4.ElmTerm\Cub_1.StaCubic\ZLROME_ZSPMBE-L2-REL670.ElmRelay\ZMCPDIS.ElmRelay\ZMC5.RelDispoly,1,ESTE PROFUNDO,ESTE,ESTE 138 kV,ZLROME,ZMC5
ZMQ1,\VM-PF.IntUser\PDD 31-12-2024.IntPrj\Network Model.IntPrjfolder\Network Data.IntPrjfolder\ESTE 138 kV.ElmNet\La Romana.ElmSite\ZLROME.ElmSubstat\4.ElmTerm\Cub_1.StaCubic\ZLROME_ZSPMBE-L2-REL670.ElmRelay\ZMQPDIS.ElmRelay\ZMQ1.RelDispoly,1,ESTE PROFUNDO,ESTE,ESTE 138 kV,ZLROME,ZMQ1
ZMQ2,\VM-PF.IntUser\PDD 31-12-2024.IntPrj\Network Model.IntPrjfolder\Network Data.IntPrjfolder\ESTE 138 kV.ElmNet\La Romana.ElmSite\ZLROME.ElmSubstat\4.ElmTerm\Cub_1.StaCubic\ZLROME_ZSPMBE-L2-REL670.ElmRelay\ZMQPDIS.ElmRelay\ZMQ2.RelDispoly,1,ESTE PROFUNDO,ESTE,ESTE 138 kV,ZLROME,ZMQ2
ZMQ3,\VM-PF.IntUser\PDD 31-12-2024.IntPrj\Network Model.IntPrjfolder\Network Data.IntPrjfolder\ESTE 138 kV.ElmNet\La Romana.ElmSite\ZLROME.ElmSubstat\4.ElmTerm\Cub_1.StaCubic\ZLROME_ZSPMBE-L2-REL670.ElmRelay\ZMQPDIS.ElmRelay\ZMQ3.RelDispoly,1,ESTE PROFUNDO,ESTE,ESTE 138 kV,ZLROME,ZMQ3
ZMQ4,\VM-PF.IntUser\PDD 31-12-2024.IntPrj\Network Model.IntPrjfolder\Network Data.IntPrjfolder\ESTE 138 kV.ElmNet\La Romana.ElmSite\ZLROME.ElmSubstat\4.ElmTerm\Cub_1.StaCubic\ZLROME_ZSPMBE-L2-REL670.ElmRelay\ZMQPDIS.ElmRelay\ZMQ4.RelDispoly,1,ESTE PROFUNDO,ESTE,ESTE 138 kV,ZLROME,ZMQ4
ZMQ5,\VM-PF.IntUser\PDD 31-12-2024.IntPrj\Network Model.IntPrjfolder\Network Data.IntPrjfolder\ESTE 138 kV.ElmNet\La Romana.ElmSite\ZLROME.ElmSubstat\4.ElmTerm\Cub_1.StaCubic\ZLROME_ZSPMBE-L2-REL670.ElmRelay\ZMQPDIS.ElmRelay\ZMQ5.RelDispoly,1,ESTE PROFUNDO,ESTE,ESTE 138 kV,ZLROME,ZMQ5
ZDS1,\VM-PF.IntUser\PDD 31-12-2024.IntPrj\Network Model.IntPrjfolder\Network Data.IntPrjfolder\ESTE 138 kV.ElmNet\La Romana.ElmSite\ZLROME.ElmSubstat\4.ElmTerm\Cub_1.StaCubic\ZLROME_ZSPMBE-L2-REL670.ElmRelay\SC Dir-Z.ElmRelay\ZDS1.RelDispoly,1,ESTE PROFUNDO,ESTE,ESTE 138 kV,ZLROME,ZDS1
Z1,\VM-PF.IntUser\PDD 31-12-2024.IntPrj\Network Model.IntPrjfolder\Network Data.IntPrjfolder\ESTE 138 kV.ElmNet\La Romana.ElmSite\ZLROME.ElmSubstat\5.ElmTerm\Cub_1.StaCubic\ZLROME_ZSPMBE-L1-7SD52.ElmRelay\Distance/Overcurrent/Voltage.ElmRelay\Z1.RelDispoly,1,ESTE PROFUNDO,ESTE,ESTE 138 kV,ZLROME,Z1
Z1b,\VM-PF.IntUser\PDD 31-12-2024.IntPrj\Network Model.IntPrjfolder\Network Data.IntPrjfolder\ESTE 138 kV.ElmNet\La Romana.ElmSite\ZLROME.ElmSubstat\5.ElmTerm\Cub_1.StaCubic\ZLROME_ZSPMBE-L1-7SD52.ElmRelay\Distance/Overcurrent/Voltage.ElmRelay\Z1b.RelDispoly,1,ESTE PROFUNDO,ESTE,ESTE 138 kV,ZLROME,Z1b
Z2,\VM-PF.IntUser\PDD 31-12-2024.IntPrj\Network Model.IntPrjfolder\Network Data.IntPrjfolder\ESTE 138 kV.ElmNet\La Romana.ElmSite\ZLROME.ElmSubstat\5.ElmTerm\Cub_1.StaCubic\ZLROME_ZSPMBE-L1-7SD52.ElmRelay\Distance/Overcurrent/Voltage.ElmRelay\Z2.RelDispoly,1,ESTE PROFUNDO,ESTE,ESTE 138 kV,ZLROME,Z2
Z3,\VM-PF.IntUser\PDD 31-12-2024.IntPrj\Network Model.IntPrjfolder\Network Data.IntPrjfolder\ESTE 138 kV.ElmNet\La Romana.ElmSite\ZLROME.ElmSubstat\5.ElmTerm\Cub_1.StaCubic\ZLROME_ZSPMBE-L1-7SD52.ElmRelay\Distance/Overcurrent/Voltage.ElmRelay\Z3.RelDispoly,1,ESTE PROFUNDO,ESTE,ESTE 138 kV,ZLROME,Z3
Z4,\VM-PF.IntUser\PDD 31-12-2024.IntPrj\Network Model.IntPrjfolder\Network Data.IntPrjfolder\ESTE 138 kV.ElmNet\La Romana.ElmSite\ZLROME.ElmSubstat\5.ElmTerm\Cub_1.StaCubic\ZLROME_ZSPMBE-L1-7SD52.ElmRelay\Distance/Overcurrent/Voltage.ElmRelay\Z4.RelDispoly,1,ESTE PROFUNDO,ESTE,ESTE 138 kV,ZLROME,Z4
Z5,\VM-PF.IntUser\PDD 31-12-2024.IntPrj\Network Model.IntPrjfolder\Network Data.IntPrjfolder\ESTE 138 kV.ElmNet\La Romana.ElmSite\ZLROME.ElmSubstat\5.ElmTerm\Cub_1.StaCubic\ZLROME_ZSPMBE-L1-7SD52.ElmRelay\Distance/Overcurrent/Voltage.ElmRelay\Z5.RelDispoly,1,ESTE PROFUNDO,ESTE,ESTE 138 kV,ZLROME,Z5
PPOL poly,\VM-PF.IntUser\PDD 31-12-2024.IntPrj\Network Model.IntPrjfolder\Network Data.IntPrjfolder\ESTE 138 kV.ElmNet\La Romana.ElmSite\ZLROME.ElmSubstat\5.ElmTerm\Cub_1.StaCubic\ZLROME_ZSPMBE-L1-7SD52.ElmRelay\Distance/Overcurrent/Voltage.ElmRelay\PPOL poly.RelDispoly,1,ESTE PROFUNDO,ESTE,ESTE 138 kV,ZLROME,PPOL poly
Outer zone,\VM-PF.IntUser\PDD 31-12-2024.IntPrj\Network Model.IntPrjfolder\Network Data.IntPrjfolder\ESTE 138 kV.ElmNet\La Romana.ElmSite\ZLROME.ElmSubstat\5.ElmTerm\Cub_1.StaCubic\ZLROME_ZSPMBE-L1-REL670.ElmRelay\RPSB 78.ElmRelay\Outer zone.RelDispoly,1,ESTE PROFUNDO,ESTE,ESTE 138 kV,ZLROME,Outer zone
Inner zone,\VM-PF.IntUser\PDD 31-12-2024.IntPrj\Network Model.IntPrjfolder\Network Data.IntPrjfolder\ESTE 138 kV.ElmNet\La Romana.ElmSite\ZLROME.ElmSubstat\5.ElmTerm\Cub_1.StaCubic\ZLROME_ZSPMBE-L1-REL670.ElmRelay\RPSB 78.ElmRelay\Inner zone.RelDispoly,1,ESTE PROFUNDO,ESTE,ESTE 138 kV,ZLROME,Inner zone
ZMC1,\VM-PF.IntUser\PDD 31-12-2024.IntPrj\Network Model.IntPrjfolder\Network Data.IntPrjfolder\ESTE 138 kV.ElmNet\La Romana.ElmSite\ZLROME.ElmSubstat\5.ElmTerm\Cub_1.StaCubic\ZLROME_ZSPMBE-L1-REL670.ElmRelay\ZMCPDIS.ElmRelay\ZMC1.RelDispoly,1,ESTE PROFUNDO,ESTE,ESTE 138 kV,ZLROME,ZMC1
ZMC2,\VM-PF.IntUser\PDD 31-12-2024.IntPrj\Network Model.IntPrjfolder\Network Data.IntPrjfolder\ESTE 138 kV.ElmNet\La Romana.ElmSite\ZLROME.ElmSubstat\5.ElmTerm\Cub_1.StaCubic\ZLROME_ZSPMBE-L1-REL670.ElmRelay\ZMCPDIS.ElmRelay\ZMC2.RelDispoly,1,ESTE PROFUNDO,ESTE,ESTE 138 kV,ZLROME,ZMC2
ZMC3,\VM-PF.IntUser\PDD 31-12-2024.IntPrj\Network Model.IntPrjfolder\Network Data.IntPrjfolder\ESTE 138 kV.ElmNet\La Romana.ElmSite\ZLROME.ElmSubstat\5.ElmTerm\Cub_1.StaCubic\ZLROME_ZSPMBE-L1-REL670.ElmRelay\ZMCPDIS.ElmRelay\ZMC3.RelDispoly,1,ESTE PROFUNDO,ESTE,ESTE 138 kV,ZLROME,ZMC3
ZMC4,\VM-PF.IntUser\PDD 31-12-2024.IntPrj\Network Model.IntPrjfolder\Network Data.IntPrjfolder\ESTE 138 kV.ElmNet\La Romana.ElmSite\ZLROME.ElmSubstat\5.ElmTerm\Cub_1.StaCubic\ZLROME_ZSPMBE-L1-REL670.ElmRelay\ZMCPDIS.ElmRelay\ZMC4.RelDispoly,1,ESTE PROFUNDO,ESTE,ESTE 138 kV,ZLROME,ZMC4
ZMC5,\VM-PF.IntUser\PDD 31-12-2024.IntPrj\Network Model.IntPrjfolder\Network Data.IntPrjfolder\ESTE 138 kV.ElmNet\La Romana.ElmSite\ZLROME.ElmSubstat\5.ElmTerm\Cub_1.StaCubic\ZLROME_ZSPMBE-L1-REL670.ElmRelay\ZMCPDIS.ElmRelay\ZMC5.RelDispoly,1,ESTE PROFUNDO,ESTE,ESTE 138 kV,ZLROME,ZMC5
ZMQ1,\VM-PF.IntUser\PDD 31-12-2024.IntPrj\Network Model.IntPrjfolder\Network Data.IntPrjfolder\ESTE 138 kV.ElmNet\La Romana.ElmSite\ZLROME.ElmSubstat\5.ElmTerm\Cub_1.StaCubic\ZLROME_ZSPMBE-L1-REL670.ElmRelay\ZMQPDIS.ElmRelay\ZMQ1.RelDispoly,1,ESTE PROFUNDO,ESTE,ESTE 138 kV,ZLROME,ZMQ1
ZMQ2,\VM-PF.IntUser\PDD 31-12-2024.IntPrj\Network Model.IntPrjfolder\Network Data.IntPrjfolder\ESTE 138 kV.ElmNet\La Romana.ElmSite\ZLROME.ElmSubstat\5.ElmTerm\Cub_1.StaCubic\ZLROME_ZSPMBE-L1-REL670.ElmRelay\ZMQPDIS.ElmRelay\ZMQ2.RelDispoly,1,ESTE PROFUNDO,ESTE,ESTE 138 kV,ZLROME,ZMQ2
ZMQ3,\VM-PF.IntUser\PDD 31-12-2024.IntPrj\Network Model.IntPrjfolder\Network Data.IntPrjfolder\ESTE 138 kV.ElmNet\La Romana.ElmSite\ZLROME.ElmSubstat\5.ElmTerm\Cub_1.StaCubic\ZLROME_ZSPMBE-L1-REL670.ElmRelay\ZMQPDIS.ElmRelay\ZMQ3.RelDispoly,1,ESTE PROFUNDO,ESTE,ESTE 138 kV,ZLROME,ZMQ3
ZMQ4,\VM-PF.IntUser\PDD 31-12-2024.IntPrj\Network Model.IntPrjfolder\Network Data.IntPrjfolder\ESTE 138 kV.ElmNet\La Romana.ElmSite\ZLROME.ElmSubstat\5.ElmTerm\Cub_1.StaCubic\ZLROME_ZSPMBE-L1-REL670.ElmRelay\ZMQPDIS.ElmRelay\ZMQ4.RelDispoly,1,ESTE PROFUNDO,ESTE,ESTE 138 kV,ZLROME,ZMQ4
ZMQ5,\VM-PF.IntUser\PDD 31-12-2024.IntPrj\Network Model.IntPrjfolder\Network Data.IntPrjfolder\ESTE 138 kV.ElmNet\La Romana.ElmSite\ZLROME.ElmSubstat\5.ElmTerm\Cub_1.StaCubic\ZLROME_ZSPMBE-L1-REL670.ElmRelay\ZMQPDIS.ElmRelay\ZMQ5.RelDispoly,1,ESTE PROFUNDO,ESTE,ESTE 138 kV,ZLROME,ZMQ5
ZDS1,\VM-PF.IntUser\PDD 31-12-2024.IntPrj\Network Model.IntPrjfolder\Network Data.IntPrjfolder\ESTE 138 kV.ElmNet\La Romana.ElmSite\ZLROME.ElmSubstat\5.ElmTerm\Cub_1.StaCubic\ZLROME_ZSPMBE-L1-REL670.ElmRelay\SC Dir-Z.ElmRelay\ZDS1.RelDispoly,1,ESTE PROFUNDO,ESTE,ESTE 138 kV,ZLROME,ZDS1
Z1,\VM-PF.IntUser\PDD 31-12-2024.IntPrj\Network Model.IntPrjfolder\Network Data.IntPrjfolder\ESTE 138 kV.ElmNet\CEMEX.ElmSite\ZCEMEE.ElmSubstat\WCEMEE(2).ElmTerm\WBCEMEE(2).StaCubic\ZCEMEE_ZSPM2E-L1-7SD52.ElmRelay\Distance/Overcurrent/Voltage.ElmRelay\Z1.RelDispoly,1,ESTE CERCANO,ESTE,ESTE 138 kV,ZCEMEE,Z1
Z1b,\VM-PF.IntUser\PDD 31-12-2024.IntPrj\Network Model.IntPrjfolder\Network Data.IntPrjfolder\ESTE 138 kV.ElmNet\CEMEX.ElmSite\ZCEMEE.ElmSubstat\WCEMEE(2).ElmTerm\WBCEMEE(2).StaCubic\ZCEMEE_ZSPM2E-L1-7SD52.ElmRelay\Distance/Overcurrent/Voltage.ElmRelay\Z1b.RelDispoly,1,ESTE CERCANO,ESTE,ESTE 138 kV,ZCEMEE,Z1b
Z2,\VM-PF.IntUser\PDD 31-12-2024.IntPrj\Network Model.IntPrjfolder\Network Data.IntPrjfolder\ESTE 138 kV.ElmNet\CEMEX.ElmSite\ZCEMEE.ElmSubstat\WCEMEE(2).ElmTerm\WBCEMEE(2).StaCubic\ZCEMEE_ZSPM2E-L1-7SD52.ElmRelay\Distance/Overcurrent/Voltage.ElmRelay\Z2.RelDispoly,1,ESTE CERCANO,ESTE,ESTE 138 kV,ZCEMEE,Z2
Z3,\VM-PF.IntUser\PDD 31-12-2024.IntPrj\Network Model.IntPrjfolder\Network Data.IntPrjfolder\ESTE 138 kV.ElmNet\CEMEX.ElmSite\ZCEMEE.ElmSubstat\WCEMEE(2).ElmTerm\WBCEMEE(2).StaCubic\ZCEMEE_ZSPM2E-L1-7SD52.ElmRelay\Distance/Overcurrent/Voltage.ElmRelay\Z3.RelDispoly,1,ESTE CERCANO,ESTE,ESTE 138 kV,ZCEMEE,Z3
Z4,\VM-PF.IntUser\PDD 31-12-2024.IntPrj\Network Model.IntPrjfolder\Network Data.IntPrjfolder\ESTE 138 kV.ElmNet\CEMEX.ElmSite\ZCEMEE.ElmSubstat\WCEMEE(2).ElmTerm\WBCEMEE(2).StaCubic\ZCEMEE_ZSPM2E-L1-7SD52.ElmRelay\Distance/Overcurrent/Voltage.ElmRelay\Z4.RelDispoly,1,ESTE CERCANO,ESTE,ESTE 138 kV,ZCEMEE,Z4
Z5,\VM-PF.IntUser\PDD 31-12-2024.IntPrj\Network Model.IntPrjfolder\Network Data.IntPrjfolder\ESTE 138 kV.ElmNet\CEMEX.ElmSite\ZCEMEE.ElmSubstat\WCEMEE(2).ElmTerm\WBCEMEE(2).StaCubic\ZCEMEE_ZSPM2E-L1-7SD52.ElmRelay\Distance/Overcurrent/Voltage.ElmRelay\Z5.RelDispoly,1,ESTE CERCANO,ESTE,ESTE 138 kV,ZCEMEE,Z5
PPOL poly,\VM-PF.IntUser\PDD 31-12-2024.IntPrj\Network Model.IntPrjfolder\Network Data.IntPrjfolder\ESTE 138 kV.ElmNet\CEMEX.ElmSite\ZCEMEE.ElmSubstat\WCEMEE(2).ElmTerm\WBCEMEE(2).StaCubic\ZCEMEE_ZSPM2E-L1-7SD52.ElmRelay\Distance/Overcurrent/Voltage.ElmRelay\PPOL poly.RelDispoly,1,ESTE CERCANO,ESTE,ESTE 138 kV,ZCEMEE,PPOL poly
Z1,\VM-PF.IntUser\PDD 31-12-2024.IntPrj\Network Model.IntPrjfolder\Network Data.IntPrjfolder\ESTE 138 kV.ElmNet\Los Orígenes.ElmSite\ZLORIE.ElmSubstat\1.ElmTerm\Cub_1.StaCubic\ZLORIE_ZSPM2E-L1-7SA511.ElmRelay\Z1.RelDispoly,1,ESTE CERCANO,ESTE,ESTE 138 kV,ZLORIE,Z1
Z2,\VM-PF.IntUser\PDD 31-12-2024.IntPrj\Network Model.IntPrjfolder\Network Data.IntPrjfolder\ESTE 138 kV.ElmNet\Los Orígenes.ElmSite\ZLORIE.ElmSubstat\1.ElmTerm\Cub_1.StaCubic\ZLORIE_ZSPM2E-L1-7SA511.ElmRelay\Z2.RelDispoly,1,ESTE CERCANO,ESTE,ESTE 138 kV,ZLORIE,Z2
Z3,\VM-PF.IntUser\PDD 31-12-2024.IntPrj\Network Model.IntPrjfolder\Network Data.IntPrjfolder\ESTE 138 kV.ElmNet\Los Orígenes.ElmSite\ZLORIE.ElmSubstat\1.ElmTerm\Cub_1.StaCubic\ZLORIE_ZSPM2E-L1-7SA511.ElmRelay\Z3.RelDispoly,1,ESTE CERCANO,ESTE,ESTE 138 kV,ZLORIE,Z3
Z1b,\VM-PF.IntUser\PDD 31-12-2024.IntPrj\Network Model.IntPrjfolder\Network Data.IntPrjfolder\ESTE 138 kV.ElmNet\Los Orígenes.ElmSite\ZLORIE.ElmSubstat\1.ElmTerm\Cub_1.StaCubic\ZLORIE_ZSPM2E-L1-7SA511.ElmRelay\Z1b.RelDispoly,1,ESTE CERCANO,ESTE,ESTE 138 kV,ZLORIE,Z1b
Z1,\VM-PF.IntUser\PDD 31-12-2024.IntPrj\Network Model.IntPrjfolder\Network Data.IntPrjfolder\ESTE 138 kV.ElmNet\Los Orígenes.ElmSite\ZLORIE.ElmSubstat\1.ElmTerm\Cub_1.StaCubic\ZLORIE_ZSPM2E-L1-7SD52.ElmRelay\Distance/Overcurrent/Voltage.ElmRelay\Z1.RelDispoly,1,ESTE CERCANO,ESTE,ESTE 138 kV,ZLORIE,Z1
Z1b,\VM-PF.IntUser\PDD 31-12-2024.IntPrj\Network Model.IntPrjfolder\Network Data.IntPrjfolder\ESTE 138 kV.ElmNet\Los Orígenes.ElmSite\ZLORIE.ElmSubstat\1.ElmTerm\Cub_1.StaCubic\ZLORIE_ZSPM2E-L1-7SD52.ElmRelay\Distance/Overcurrent/Voltage.ElmRelay\Z1b.RelDispoly,1,ESTE CERCANO,ESTE,ESTE 138 kV,ZLORIE,Z1b
Z2,\VM-PF.IntUser\PDD 31-12-2024.IntPrj\Network Model.IntPrjfolder\Network Data.IntPrjfolder\ESTE 138 kV.ElmNet\Los Orígenes.ElmSite\ZLORIE.ElmSubstat\1.ElmTerm\Cub_1.StaCubic\ZLORIE_ZSPM2E-L1-7SD52.ElmRelay\Distance/Overcurrent/Voltage.ElmRelay\Z2.RelDispoly,1,ESTE CERCANO,ESTE,ESTE 138 kV,ZLORIE,Z2
Z3,\VM-PF.IntUser\PDD 31-12-2024.IntPrj\Network Model.IntPrjfolder\Network Data.IntPrjfolder\ESTE 138 kV.ElmNet\Los Orígenes.ElmSite\ZLORIE.ElmSubstat\1.ElmTerm\Cub_1.StaCubic\ZLORIE_ZSPM2E-L1-7SD52.ElmRelay\Distance/Overcurrent/Voltage.ElmRelay\Z3.RelDispoly,1,ESTE CERCANO,ESTE,ESTE 138 kV,ZLORIE,Z3
Z4,\VM-PF.IntUser\PDD 31-12-2024.IntPrj\Network Model.IntPrjfolder\Network Data.IntPrjfolder\ESTE 138 kV.ElmNet\Los Orígenes.ElmSite\ZLORIE.ElmSubstat\1.ElmTerm\Cub_1.StaCubic\ZLORIE_ZSPM2E-L1-7SD52.ElmRelay\Distance/Overcurrent/Voltage.ElmRelay\Z4.RelDispoly,1,ESTE CERCANO,ESTE,ESTE 138 kV,ZLORIE,Z4
Z5,\VM-PF.IntUser\PDD 31-12-2024.IntPrj\Network Model.IntPrjfolder\Network Data.IntPrjfolder\ESTE 138 kV.ElmNet\Los Orígenes.ElmSite\ZLORIE.ElmSubstat\1.ElmTerm\Cub_1.StaCubic\ZLORIE_ZSPM2E-L1-7SD52.ElmRelay\Distance/Overcurrent/Voltage.ElmRelay\Z5.RelDispoly,1,ESTE CERCANO,ESTE,ESTE 138 kV,ZLORIE,Z5
PPOL poly,\VM-PF.IntUser\PDD 31-12-2024.IntPrj\Network Model.IntPrjfolder\Network Data.IntPrjfolder\ESTE 138 kV.ElmNet\Los Orígenes.ElmSite\ZLORIE.ElmSubstat\1.ElmTerm\Cub_1.StaCubic\ZLORIE_ZSPM2E-L1-7SD52.ElmRelay\Distance/Overcurrent/Voltage.ElmRelay\PPOL poly.RelDispoly,1,ESTE CERCANO,ESTE,ESTE 138 kV,ZLORIE,PPOL poly
Outer zone,\VM-PF.IntUser\PDD 31-12-2024.IntPrj\Network Model.IntPrjfolder\Network Data.IntPrjfolder\ESTE 138 kV.ElmNet\Los Orígenes.ElmSite\ZLORIE.ElmSubstat\2.ElmTerm\Cub_1.StaCubic\ZLORIE_ZXLO1E-L1-RED670.ElmRelay\RPSB 78.ElmRelay\Outer zone.RelDispoly,1,ESTE CERCANO,ESTE,ESTE 138 kV,ZLORIE,Outer zone
Inner zone,\VM-PF.IntUser\PDD 31-12-2024.IntPrj\Network Model.IntPrjfolder\Network Data.IntPrjfolder\ESTE 138 kV.ElmNet\Los Orígenes.ElmSite\ZLORIE.ElmSubstat\2.ElmTerm\Cub_1.StaCubic\ZLORIE_ZXLO1E-L1-RED670.ElmRelay\RPSB 78.ElmRelay\Inner zone.RelDispoly,1,ESTE CERCANO,ESTE,ESTE 138 kV,ZLORIE,Inner zone
ZMC1,\VM-PF.IntUser\PDD 31-12-2024.IntPrj\Network Model.IntPrjfolder\Network Data.IntPrjfolder\ESTE 138 kV.ElmNet\Los Orígenes.ElmSite\ZLORIE.ElmSubstat\2.ElmTerm\Cub_1.StaCubic\ZLORIE_ZXLO1E-L1-RED670.ElmRelay\ZMCPDIS.ElmRelay\ZMC1.RelDispoly,1,ESTE CERCANO,ESTE,ESTE 138 kV,ZLORIE,ZMC1
ZMC2,\VM-PF.IntUser\PDD 31-12-2024.IntPrj\Network Model.IntPrjfolder\Network Data.IntPrjfolder\ESTE 138 kV.ElmNet\Los Orígenes.ElmSite\ZLORIE.ElmSubstat\2.ElmTerm\Cub_1.StaCubic\ZLORIE_ZXLO1E-L1-RED670.ElmRelay\ZMCPDIS.ElmRelay\ZMC2.RelDispoly,1,ESTE CERCANO,ESTE,ESTE 138 kV,ZLORIE,ZMC2
ZMC3,\VM-PF.IntUser\PDD 31-12-2024.IntPrj\Network Model.IntPrjfolder\Network Data.IntPrjfolder\ESTE 138 kV.ElmNet\Los Orígenes.ElmSite\ZLORIE.ElmSubstat\2.ElmTerm\Cub_1.StaCubic\ZLORIE_ZXLO1E-L1-RED670.ElmRelay\ZMCPDIS.ElmRelay\ZMC3.RelDispoly,1,ESTE CERCANO,ESTE,ESTE 138 kV,ZLORIE,ZMC3
ZMC4,\VM-PF.IntUser\PDD 31-12-2024.IntPrj\Network Model.IntPrjfolder\Network Data.IntPrjfolder\ESTE 138 kV.ElmNet\Los Orígenes.ElmSite\ZLORIE.ElmSubstat\2.ElmTerm\Cub_1.StaCubic\ZLORIE_ZXLO1E-L1-RED670.ElmRelay\ZMCPDIS.ElmRelay\ZMC4.RelDispoly,1,ESTE CERCANO,ESTE,ESTE 138 kV,ZLORIE,ZMC4
ZMC5,\VM-PF.IntUser\PDD 31-12-2024.IntPrj\Network Model.IntPrjfolder\Network Data.IntPrjfolder\ESTE 138 kV.ElmNet\Los Orígenes.ElmSite\ZLORIE.ElmSubstat\2.ElmTerm\Cub_1.StaCubic\ZLORIE_ZXLO1E-L1-RED670.ElmRelay\ZMCPDIS.ElmRelay\ZMC5.RelDispoly,1,ESTE CERCANO,ESTE,ESTE 138 kV,ZLORIE,ZMC5
ZMQ1,\VM-PF.IntUser\PDD 31-12-2024.IntPrj\Network Model.IntPrjfolder\Network Data.IntPrjfolder\ESTE 138 kV.ElmNet\Los Orígenes.ElmSite\ZLORIE.ElmSubstat\2.ElmTerm\Cub_1.StaCubic\ZLORIE_ZXLO1E-L1-RED670.ElmRelay\ZMQPDIS.ElmRelay\ZMQ1.RelDispoly,1,ESTE CERCANO,ESTE,ESTE 138 kV,ZLORIE,ZMQ1
ZMQ2,\VM-PF.IntUser\PDD 31-12-2024.IntPrj\Network Model.IntPrjfolder\Network Data.IntPrjfolder\ESTE 138 kV.ElmNet\Los Orígenes.ElmSite\ZLORIE.ElmSubstat\2.ElmTerm\Cub_1.StaCubic\ZLORIE_ZXLO1E-L1-RED670.ElmRelay\ZMQPDIS.ElmRelay\ZMQ2.RelDispoly,1,ESTE CERCANO,ESTE,ESTE 138 kV,ZLORIE,ZMQ2
ZMQ3,\VM-PF.IntUser\PDD 31-12-2024.IntPrj\Network Model.IntPrjfolder\Network Data.IntPrjfolder\ESTE 138 kV.ElmNet\Los Orígenes.ElmSite\ZLORIE.ElmSubstat\2.ElmTerm\Cub_1.StaCubic\ZLORIE_ZXLO1E-L1-RED670.ElmRelay\ZMQPDIS.ElmRelay\ZMQ3.RelDispoly,1,ESTE CERCANO,ESTE,ESTE 138 kV,ZLORIE,ZMQ3
ZMQ4,\VM-PF.IntUser\PDD 31-12-2024.IntPrj\Network Model.IntPrjfolder\Network Data.IntPrjfolder\ESTE 138 kV.ElmNet\Los Orígenes.ElmSite\ZLORIE.ElmSubstat\2.ElmTerm\Cub_1.StaCubic\ZLORIE_ZXLO1E-L1-RED670.ElmRelay\ZMQPDIS.ElmRelay\ZMQ4.RelDispoly,1,ESTE CERCANO,ESTE,ESTE 138 kV,ZLORIE,ZMQ4
ZMQ5,\VM-PF.IntUser\PDD 31-12-2024.IntPrj\Network Model.IntPrjfolder\Network Data.IntPrjfolder\ESTE 138 kV.ElmNet\Los Orígenes.ElmSite\ZLORIE.ElmSubstat\2.ElmTerm\Cub_1.StaCubic\ZLORIE_ZXLO1E-L1-RED670.ElmRelay\ZMQPDIS.ElmRelay\ZMQ5.RelDispoly,1,ESTE CERCANO,ESTE,ESTE 138 kV,ZLORIE,ZMQ5
ZDS1,\VM-PF.IntUser\PDD 31-12-2024.IntPrj\Network Model.IntPrjfolder\Network Data.IntPrjfolder\ESTE 138 kV.ElmNet\Los Orígenes.ElmSite\ZLORIE.ElmSubstat\2.ElmTerm\Cub_1.StaCubic\ZLORIE_ZXLO1E-L1-RED670.ElmRelay\SC Dir-Z.ElmRelay\ZDS1.RelDispoly,1,ESTE CERCANO,ESTE,ESTE 138 kV,ZLORIE,ZDS1
Outer zone,\VM-PF.IntUser\PDD 31-12-2024.IntPrj\Network Model.IntPrjfolder\Network Data.IntPrjfolder\ESTE 138 kV.ElmNet\Tap 1 Los Orígenes.ElmTerm\Cub_3.StaCubic\ZLORIE_ZSPMAE-L1-RED670.ElmRelay\RPSB 78.ElmRelay\Outer zone.RelDispoly,1,ESTE CERCANO,ESTE,ESTE 138 kV,,Outer zone
Inner zone,\VM-PF.IntUser\PDD 31-12-2024.IntPrj\Network Model.IntPrjfolder\Network Data.IntPrjfolder\ESTE 138 kV.ElmNet\Tap 1 Los Orígenes.ElmTerm\Cub_3.StaCubic\ZLORIE_ZSPMAE-L1-RED670.ElmRelay\RPSB 78.ElmRelay\Inner zone.RelDispoly,1,ESTE CERCANO,ESTE,ESTE 138 kV,,Inner zone
ZMC1,\VM-PF.IntUser\PDD 31-12-2024.IntPrj\Network Model.IntPrjfolder\Network Data.IntPrjfolder\ESTE 138 kV.ElmNet\Tap 1 Los Orígenes.ElmTerm\Cub_3.StaCubic\ZLORIE_ZSPMAE-L1-RED670.ElmRelay\ZMCPDIS.ElmRelay\ZMC1.RelDispoly,1,ESTE CERCANO,ESTE,ESTE 138 kV,,ZMC1
ZMC2,\VM-PF.IntUser\PDD 31-12-2024.IntPrj\Network Model.IntPrjfolder\Network Data.IntPrjfolder\ESTE 138 kV.ElmNet\Tap 1 Los Orígenes.ElmTerm\Cub_3.StaCubic\ZLORIE_ZSPMAE-L1-RED670.ElmRelay\ZMCPDIS.ElmRelay\ZMC2.RelDispoly,1,ESTE CERCANO,ESTE,ESTE 138 kV,,ZMC2
ZMC3,\VM-PF.IntUser\PDD 31-12-2024.IntPrj\Network Model.IntPrjfolder\Network Data.IntPrjfolder\ESTE 138 kV.ElmNet\Tap 1 Los Orígenes.ElmTerm\Cub_3.StaCubic\ZLORIE_ZSPMAE-L1-RED670.ElmRelay\ZMCPDIS.ElmRelay\ZMC3.RelDispoly,1,ESTE CERCANO,ESTE,ESTE 138 kV,,ZMC3
ZMC4,\VM-PF.IntUser\PDD 31-12-2024.IntPrj\Network Model.IntPrjfolder\Network Data.IntPrjfolder\ESTE 138 kV.ElmNet\Tap 1 Los Orígenes.ElmTerm\Cub_3.StaCubic\ZLORIE_ZSPMAE-L1-RED670.ElmRelay\ZMCPDIS.ElmRelay\ZMC4.RelDispoly,1,ESTE CERCANO,ESTE,ESTE 138 kV,,ZMC4
ZMC5,\VM-PF.IntUser\PDD 31-12-2024.IntPrj\Network Model.IntPrjfolder\Network Data.IntPrjfolder\ESTE 138 kV.ElmNet\Tap 1 Los Orígenes.ElmTerm\Cub_3.StaCubic\ZLORIE_ZSPMAE-L1-RED670.ElmRelay\ZMCPDIS.ElmRelay\ZMC5.RelDispoly,1,ESTE CERCANO,ESTE,ESTE 138 kV,,ZMC5
ZMQ1,\VM-PF.IntUser\PDD 31-12-2024.IntPrj\Network Model.IntPrjfolder\Network Data.IntPrjfolder\ESTE 138 kV.ElmNet\Tap 1 Los Orígenes.ElmTerm\Cub_3.StaCubic\ZLORIE_ZSPMAE-L1-RED670.ElmRelay\ZMQPDIS.ElmRelay\ZMQ1.RelDispoly,1,ESTE CERCANO,ESTE,ESTE 138 kV,,ZMQ1
ZMQ2,\VM-PF.IntUser\PDD 31-12-2024.IntPrj\Network Model.IntPrjfolder\Network Data.IntPrjfolder\ESTE 138 kV.ElmNet\Tap 1 Los Orígenes.ElmTerm\Cub_3.StaCubic\ZLORIE_ZSPMAE-L1-RED670.ElmRelay\ZMQPDIS.ElmRelay\ZMQ2.RelDispoly,1,ESTE CERCANO,ESTE,ESTE 138 kV,,ZMQ2
ZMQ3,\VM-PF.IntUser\PDD 31-12-2024.IntPrj\Network Model.IntPrjfolder\Network Data.IntPrjfolder\ESTE 138 kV.ElmNet\Tap 1 Los Orígenes.ElmTerm\Cub_3.StaCubic\ZLORIE_ZSPMAE-L1-RED670.ElmRelay\ZMQPDIS.ElmRelay\ZMQ3.RelDispoly,1,ESTE CERCANO,ESTE,ESTE 138 kV,,ZMQ3
ZMQ4,\VM-PF.IntUser\PDD 31-12-2024.IntPrj\Network Model.IntPrjfolder\Network Data.IntPrjfolder\ESTE 138 kV.ElmNet\Tap 1 Los Orígenes.ElmTerm\Cub_3.StaCubic\ZLORIE_ZSPMAE-L1-RED670.ElmRelay\ZMQPDIS.ElmRelay\ZMQ4.RelDispoly,1,ESTE CERCANO,ESTE,ESTE 138 kV,,ZMQ4
ZMQ5,\VM-PF.IntUser\PDD 31-12-2024.IntPrj\Network Model.IntPrjfolder\Network Data.IntPrjfolder\ESTE 138 kV.ElmNet\Tap 1 Los Orígenes.ElmTerm\Cub_3.StaCubic\ZLORIE_ZSPMAE-L1-RED670.ElmRelay\ZMQPDIS.ElmRelay\ZMQ5.RelDispoly,1,ESTE CERCANO,ESTE,ESTE 138 kV,,ZMQ5
ZDS1,\VM-PF.IntUser\PDD 31-12-2024.IntPrj\Network Model.IntPrjfolder\Network Data.IntPrjfolder\ESTE 138 kV.ElmNet\Tap 1 Los Orígenes.ElmTerm\Cub_3.StaCubic\ZLORIE_ZSPMAE-L1-RED670.ElmRelay\SC Dir-Z.ElmRelay\ZDS1.RelDispoly,1,ESTE CERCANO,ESTE,ESTE 138 kV,,ZDS1
Zone 5,\VM-PF.IntUser\PDD 31-12-2024.IntPrj\Network Model.IntPrjfolder\Network Data.IntPrjfolder\ESTE 138 kV.ElmNet\ZCLUIE.ElmSubstat\E1.ElmTerm\Cub_1.StaCubic\ZCLUIE_ZAAINE-L1-SEL 311C.ElmRelay\Out of step.ElmRelay\Zone 5.RelDispoly,1,ESTE CERCANO,ESTE,ESTE 138 kV,ZCLUIE,Zone 5
Zone 6,\VM-PF.IntUser\PDD 31-12-2024.IntPrj\Network Model.IntPrjfolder\Network Data.IntPrjfolder\ESTE 138 kV.ElmNet\ZCLUIE.ElmSubstat\E1.ElmTerm\Cub_1.StaCubic\ZCLUIE_ZAAINE-L1-SEL 311C.ElmRelay\Out of step.ElmRelay\Zone 6.RelDispoly,1,ESTE CERCANO,ESTE,ESTE 138 kV,ZCLUIE,Zone 6
Ph-Q1,\VM-PF.IntUser\PDD 31-12-2024.IntPrj\Network Model.IntPrjfolder\Network Data.IntPrjfolder\ESTE 138 kV.ElmNet\ZCLUIE.ElmSubstat\E1.ElmTerm\Cub_1.StaCubic\ZCLUIE_ZAAINE-L1-SEL 311C.ElmRelay\Ph-Q1.RelDispoly,1,ESTE CERCANO,ESTE,ESTE 138 kV,ZCLUIE,Ph-Q1
Ph-Q2,\VM-PF.IntUser\PDD 31-12-2024.IntPrj\Network Model.IntPrjfolder\Network Data.IntPrjfolder\ESTE 138 kV.ElmNet\ZCLUIE.ElmSubstat\E1.ElmTerm\Cub_1.StaCubic\ZCLUIE_ZAAINE-L1-SEL 311C.ElmRelay\Ph-Q2.RelDispoly,1,ESTE CERCANO,ESTE,ESTE 138 kV,ZCLUIE,Ph-Q2
Ph-Q3,\VM-PF.IntUser\PDD 31-12-2024.IntPrj\Network Model.IntPrjfolder\Network Data.IntPrjfolder\ESTE 138 kV.ElmNet\ZCLUIE.ElmSubstat\E1.ElmTerm\Cub_1.StaCubic\ZCLUIE_ZAAINE-L1-SEL 311C.ElmRelay\Ph-Q3.RelDispoly,1,ESTE CERCANO,ESTE,ESTE 138 kV,ZCLUIE,Ph-Q3
Ph-Q4,\VM-PF.IntUser\PDD 31-12-2024.IntPrj\Network Model.IntPrjfolder\Network Data.IntPrjfolder\ESTE 138 kV.ElmNet\ZCLUIE.ElmSubstat\E1.ElmTerm\Cub_1.StaCubic\ZCLUIE_ZAAINE-L1-SEL 311C.ElmRelay\Ph-Q4.RelDispoly,1,ESTE CERCANO,ESTE,ESTE 138 kV,ZCLUIE,Ph-Q4
Outer zone,\VM-PF.IntUser\PDD 31-12-2024.IntPrj\Network Model.IntPrjfolder\Network Data.IntPrjfolder\ESTE 138 kV.ElmNet\ZCLUIE.ElmSubstat\E1.ElmTerm\Cub_1.StaCubic\ZCLUIE_ZAAINE-L1-REL670.ElmRelay\RPSB 78.ElmRelay\Outer zone.RelDispoly,1,ESTE CERCANO,ESTE,ESTE 138 kV,ZCLUIE,Outer zone
Inner zone,\VM-PF.IntUser\PDD 31-12-2024.IntPrj\Network Model.IntPrjfolder\Network Data.IntPrjfolder\ESTE 138 kV.ElmNet\ZCLUIE.ElmSubstat\E1.ElmTerm\Cub_1.StaCubic\ZCLUIE_ZAAINE-L1-REL670.ElmRelay\RPSB 78.ElmRelay\Inner zone.RelDispoly,1,ESTE CERCANO,ESTE,ESTE 138 kV,ZCLUIE,Inner zone
ZMC1,\VM-PF.IntUser\PDD 31-12-2024.IntPrj\Network Model.IntPrjfolder\Network Data.IntPrjfolder\ESTE 138 kV.ElmNet\ZCLUIE.ElmSubstat\E1.ElmTerm\Cub_1.StaCubic\ZCLUIE_ZAAINE-L1-REL670.ElmRelay\ZMCPDIS.ElmRelay\ZMC1.RelDispoly,1,ESTE CERCANO,ESTE,ESTE 138 kV,ZCLUIE,ZMC1
ZMC2,\VM-PF.IntUser\PDD 31-12-2024.IntPrj\Network Model.IntPrjfolder\Network Data.IntPrjfolder\ESTE 138 kV.ElmNet\ZCLUIE.ElmSubstat\E1.ElmTerm\Cub_1.StaCubic\ZCLUIE_ZAAINE-L1-REL670.ElmRelay\ZMCPDIS.ElmRelay\ZMC2.RelDispoly,1,ESTE CERCANO,ESTE,ESTE 138 kV,ZCLUIE,ZMC2
ZMC3,\VM-PF.IntUser\PDD 31-12-2024.IntPrj\Network Model.IntPrjfolder\Network Data.IntPrjfolder\ESTE 138 kV.ElmNet\ZCLUIE.ElmSubstat\E1.ElmTerm\Cub_1.StaCubic\ZCLUIE_ZAAINE-L1-REL670.ElmRelay\ZMCPDIS.ElmRelay\ZMC3.RelDispoly,1,ESTE CERCANO,ESTE,ESTE 138 kV,ZCLUIE,ZMC3
ZMC4,\VM-PF.IntUser\PDD 31-12-2024.IntPrj\Network Model.IntPrjfolder\Network Data.IntPrjfolder\ESTE 138 kV.ElmNet\ZCLUIE.ElmSubstat\E1.ElmTerm\Cub_1.StaCubic\ZCLUIE_ZAAINE-L1-REL670.ElmRelay\ZMCPDIS.ElmRelay\ZMC4.RelDispoly,1,ESTE CERCANO,ESTE,ESTE 138 kV,ZCLUIE,ZMC4
ZMC5,\VM-PF.IntUser\PDD 31-12-2024.IntPrj\Network Model.IntPrjfolder\Network Data.IntPrjfolder\ESTE 138 kV.ElmNet\ZCLUIE.ElmSubstat\E1.ElmTerm\Cub_1.StaCubic\ZCLUIE_ZAAINE-L1-REL670.ElmRelay\ZMCPDIS.ElmRelay\ZMC5.RelDispoly,1,ESTE CERCANO,ESTE,ESTE 138 kV,ZCLUIE,ZMC5
ZMQ1,\VM-PF.IntUser\PDD 31-12-2024.IntPrj\Network Model.IntPrjfolder\Network Data.IntPrjfolder\ESTE 138 kV.ElmNet\ZCLUIE.ElmSubstat\E1.ElmTerm\Cub_1.StaCubic\ZCLUIE_ZAAINE-L1-REL670.ElmRelay\ZMQPDIS.ElmRelay\ZMQ1.RelDispoly,1,ESTE CERCANO,ESTE,ESTE 138 kV,ZCLUIE,ZMQ1
ZMQ2,\VM-PF.IntUser\PDD 31-12-2024.IntPrj\Network Model.IntPrjfolder\Network Data.IntPrjfolder\ESTE 138 kV.ElmNet\ZCLUIE.ElmSubstat\E1.ElmTerm\Cub_1.StaCubic\ZCLUIE_ZAAINE-L1-REL670.ElmRelay\ZMQPDIS.ElmRelay\ZMQ2.RelDispoly,1,ESTE CERCANO,ESTE,ESTE 138 kV,ZCLUIE,ZMQ2
ZMQ3,\VM-PF.IntUser\PDD 31-12-2024.IntPrj\Network Model.IntPrjfolder\Network Data.IntPrjfolder\ESTE 138 kV.ElmNet\ZCLUIE.ElmSubstat\E1.ElmTerm\Cub_1.StaCubic\ZCLUIE_ZAAINE-L1-REL670.ElmRelay\ZMQPDIS.ElmRelay\ZMQ3.RelDispoly,1,ESTE CERCANO,ESTE,ESTE 138 kV,ZCLUIE,ZMQ3
ZMQ4,\VM-PF.IntUser\PDD 31-12-2024.IntPrj\Network Model.IntPrjfolder\Network Data.IntPrjfolder\ESTE 138 kV.ElmNet\ZCLUIE.ElmSubstat\E1.ElmTerm\Cub_1.StaCubic\ZCLUIE_ZAAINE-L1-REL670.ElmRelay\ZMQPDIS.ElmRelay\ZMQ4.RelDispoly,1,ESTE CERCANO,ESTE,ESTE 138 kV,ZCLUIE,ZMQ4
ZMQ5,\VM-PF.IntUser\PDD 31-12-2024.IntPrj\Network Model.IntPrjfolder\Network Data.IntPrjfolder\ESTE 138 kV.ElmNet\ZCLUIE.ElmSubstat\E1.ElmTerm\Cub_1.StaCubic\ZCLUIE_ZAAINE-L1-REL670.ElmRelay\ZMQPDIS.ElmRelay\ZMQ5.RelDispoly,1,ESTE CERCANO,ESTE,ESTE 138 kV,ZCLUIE,ZMQ5
ZDS1,\VM-PF.IntUser\PDD 31-12-2024.IntPrj\Network Model.IntPrjfolder\Network Data.IntPrjfolder\ESTE 138 kV.ElmNet\ZCLUIE.ElmSubstat\E1.ElmTerm\Cub_1.StaCubic\ZCLUIE_ZAAINE-L1-REL670.ElmRelay\SC Dir-Z.ElmRelay\ZDS1.RelDispoly,1,ESTE CERCANO,ESTE,ESTE 138 kV,ZCLUIE,ZDS1
Outer zone,\VM-PF.IntUser\PDD 31-12-2024.IntPrj\Network Model.IntPrjfolder\Network Data.IntPrjfolder\ESTE 138 kV.ElmNet\ZCLUIE.ElmSubstat\E2.ElmTerm\Cub_1.StaCubic\ZCLUIE_ZSPM2E-L1-REL670.ElmRelay\RPSB 78.ElmRelay\Outer zone.RelDispoly,1,ESTE CERCANO,ESTE,ESTE 138 kV,ZCLUIE,Outer zone
Inner zone,\VM-PF.IntUser\PDD 31-12-2024.IntPrj\Network Model.IntPrjfolder\Network Data.IntPrjfolder\ESTE 138 kV.ElmNet\ZCLUIE.ElmSubstat\E2.ElmTerm\Cub_1.StaCubic\ZCLUIE_ZSPM2E-L1-REL670.ElmRelay\RPSB 78.ElmRelay\Inner zone.RelDispoly,1,ESTE CERCANO,ESTE,ESTE 138 kV,ZCLUIE,Inner zone
ZMC1,\VM-PF.IntUser\PDD 31-12-2024.IntPrj\Network Model.IntPrjfolder\Network Data.IntPrjfolder\ESTE 138 kV.ElmNet\ZCLUIE.ElmSubstat\E2.ElmTerm\Cub_1.StaCubic\ZCLUIE_ZSPM2E-L1-REL670.ElmRelay\ZMCPDIS.ElmRelay\ZMC1.RelDispoly,1,ESTE CERCANO,ESTE,ESTE 138 kV,ZCLUIE,ZMC1
ZMC2,\VM-PF.IntUser\PDD 31-12-2024.IntPrj\Network Model.IntPrjfolder\Network Data.IntPrjfolder\ESTE 138 kV.ElmNet\ZCLUIE.ElmSubstat\E2.ElmTerm\Cub_1.StaCubic\ZCLUIE_ZSPM2E-L1-REL670.ElmRelay\ZMCPDIS.ElmRelay\ZMC2.RelDispoly,1,ESTE CERCANO,ESTE,ESTE 138 kV,ZCLUIE,ZMC2
ZMC3,\VM-PF.IntUser\PDD 31-12-2024.IntPrj\Network Model.IntPrjfolder\Network Data.IntPrjfolder\ESTE 138 kV.ElmNet\ZCLUIE.ElmSubstat\E2.ElmTerm\Cub_1.StaCubic\ZCLUIE_ZSPM2E-L1-REL670.ElmRelay\ZMCPDIS.ElmRelay\ZMC3.RelDispoly,1,ESTE CERCANO,ESTE,ESTE 138 kV,ZCLUIE,ZMC3
ZMC4,\VM-PF.IntUser\PDD 31-12-2024.IntPrj\Network Model.IntPrjfolder\Network Data.IntPrjfolder\ESTE 138 kV.ElmNet\ZCLUIE.ElmSubstat\E2.ElmTerm\Cub_1.StaCubic\ZCLUIE_ZSPM2E-L1-REL670.ElmRelay\ZMCPDIS.ElmRelay\ZMC4.RelDispoly,1,ESTE CERCANO,ESTE,ESTE 138 kV,ZCLUIE,ZMC4
ZMC5,\VM-PF.IntUser\PDD 31-12-2024.IntPrj\Network Model.IntPrjfolder\Network Data.IntPrjfolder\ESTE 138 kV.ElmNet\ZCLUIE.ElmSubstat\E2.ElmTerm\Cub_1.StaCubic\ZCLUIE_ZSPM2E-L1-REL670.ElmRelay\ZMCPDIS.ElmRelay\ZMC5.RelDispoly,1,ESTE CERCANO,ESTE,ESTE 138 kV,ZCLUIE,ZMC5
ZMQ1,\VM-PF.IntUser\PDD 31-12-2024.IntPrj\Network Model.IntPrjfolder\Network Data.IntPrjfolder\ESTE 138 kV.ElmNet\ZCLUIE.ElmSubstat\E2.ElmTerm\Cub_1.StaCubic\ZCLUIE_ZSPM2E-L1-REL670.ElmRelay\ZMQPDIS.ElmRelay\ZMQ1.RelDispoly,1,ESTE CERCANO,ESTE,ESTE 138 kV,ZCLUIE,ZMQ1
ZMQ2,\VM-PF.IntUser\PDD 31-12-2024.IntPrj\Network Model.IntPrjfolder\Network Data.IntPrjfolder\ESTE 138 kV.ElmNet\ZCLUIE.ElmSubstat\E2.ElmTerm\Cub_1.StaCubic\ZCLUIE_ZSPM2E-L1-REL670.ElmRelay\ZMQPDIS.ElmRelay\ZMQ2.RelDispoly,1,ESTE CERCANO,ESTE,ESTE 138 kV,ZCLUIE,ZMQ2
ZMQ3,\VM-PF.IntUser\PDD 31-12-2024.IntPrj\Network Model.IntPrjfolder\Network Data.IntPrjfolder\ESTE 138 kV.ElmNet\ZCLUIE.ElmSubstat\E2.ElmTerm\Cub_1.StaCubic\ZCLUIE_ZSPM2E-L1-REL670.ElmRelay\ZMQPDIS.ElmRelay\ZMQ3.RelDispoly,1,ESTE CERCANO,ESTE,ESTE 138 kV,ZCLUIE,ZMQ3
ZMQ4,\VM-PF.IntUser\PDD 31-12-2024.IntPrj\Network Model.IntPrjfolder\Network Data.IntPrjfolder\ESTE 138 kV.ElmNet\ZCLUIE.ElmSubstat\E2.ElmTerm\Cub_1.StaCubic\ZCLUIE_ZSPM2E-L1-REL670.ElmRelay\ZMQPDIS.ElmRelay\ZMQ4.RelDispoly,1,ESTE CERCANO,ESTE,ESTE 138 kV,ZCLUIE,ZMQ4
ZMQ5,\VM-PF.IntUser\PDD 31-12-2024.IntPrj\Network Model.IntPrjfolder\Network Data.IntPrjfolder\ESTE 138 kV.ElmNet\ZCLUIE.ElmSubstat\E2.ElmTerm\Cub_1.StaCubic\ZCLUIE_ZSPM2E-L1-REL670.ElmRelay\ZMQPDIS.ElmRelay\ZMQ5.RelDispoly,1,ESTE CERCANO,ESTE,ESTE 138 kV,ZCLUIE,ZMQ5
ZDS1,\VM-PF.IntUser\PDD 31-12-2024.IntPrj\Network Model.IntPrjfolder\Network Data.IntPrjfolder\ESTE 138 kV.ElmNet\ZCLUIE.ElmSubstat\E2.ElmTerm\Cub_1.StaCubic\ZCLUIE_ZSPM2E-L1-REL670.ElmRelay\SC Dir-Z.ElmRelay\ZDS1.RelDispoly,1,ESTE CERCANO,ESTE,ESTE 138 kV,ZCLUIE,ZDS1
Zone 5,\VM-PF.IntUser\PDD 31-12-2024.IntPrj\Network Model.IntPrjfolder\Network Data.IntPrjfolder\ESTE 138 kV.ElmNet\ZCLUIE.ElmSubstat\E2.ElmTerm\Cub_1.StaCubic\ZCLUIE_ZSPM2E-L1-SEL 311C.ElmRelay\Out of step.ElmRelay\Zone 5.RelDispoly,1,ESTE CERCANO,ESTE,ESTE 138 kV,ZCLUIE,Zone 5
Zone 6,\VM-PF.IntUser\PDD 31-12-2024.IntPrj\Network Model.IntPrjfolder\Network Data.IntPrjfolder\ESTE 138 kV.ElmNet\ZCLUIE.ElmSubstat\E2.ElmTerm\Cub_1.StaCubic\ZCLUIE_ZSPM2E-L1-SEL 311C.ElmRelay\Out of step.ElmRelay\Zone 6.RelDispoly,1,ESTE CERCANO,ESTE,ESTE 138 kV,ZCLUIE,Zone 6
Ph-Q1,\VM-PF.IntUser\PDD 31-12-2024.IntPrj\Network Model.IntPrjfolder\Network Data.IntPrjfolder\ESTE 138 kV.ElmNet\ZCLUIE.ElmSubstat\E2.ElmTerm\Cub_1.StaCubic\ZCLUIE_ZSPM2E-L1-SEL 311C.ElmRelay\Ph-Q1.RelDispoly,1,ESTE CERCANO,ESTE,ESTE 138 kV,ZCLUIE,Ph-Q1
Ph-Q2,\VM-PF.IntUser\PDD 31-12-2024.IntPrj\Network Model.IntPrjfolder\Network Data.IntPrjfolder\ESTE 138 kV.ElmNet\ZCLUIE.ElmSubstat\E2.ElmTerm\Cub_1.StaCubic\ZCLUIE_ZSPM2E-L1-SEL 311C.ElmRelay\Ph-Q2.RelDispoly,1,ESTE CERCANO,ESTE,ESTE 138 kV,ZCLUIE,Ph-Q2
Ph-Q3,\VM-PF.IntUser\PDD 31-12-2024.IntPrj\Network Model.IntPrjfolder\Network Data.IntPrjfolder\ESTE 138 kV.ElmNet\ZCLUIE.ElmSubstat\E2.ElmTerm\Cub_1.StaCubic\ZCLUIE_ZSPM2E-L1-SEL 311C.ElmRelay\Ph-Q3.RelDispoly,1,ESTE CERCANO,ESTE,ESTE 138 kV,ZCLUIE,Ph-Q3
Ph-Q4,\VM-PF.IntUser\PDD 31-12-2024.IntPrj\Network Model.IntPrjfolder\Network Data.IntPrjfolder\ESTE 138 kV.ElmNet\ZCLUIE.ElmSubstat\E2.ElmTerm\Cub_1.StaCubic\ZCLUIE_ZSPM2E-L1-SEL 311C.ElmRelay\Ph-Q4.RelDispoly,1,ESTE CERCANO,ESTE,ESTE 138 kV,ZCLUIE,Ph-Q4
Zone 5,\VM-PF.IntUser\PDD 31-12-2024.IntPrj\Network Model.IntPrjfolder\Network Data.IntPrjfolder\ESTE 138 kV.ElmNet\San Pedro Bio-Energy.ElmSite\ZSPBEE.ElmSubstat\3.ElmTerm\Cub_1.StaCubic\ZSPBEE_ZSESTE-L1-SEL 311L.ElmRelay\Out of step.ElmRelay\Zone 5.RelDispoly,1,ESTE CERCANO,ESTE,ESTE 138 kV,ZSPBEE,Zone 5
Zone 6,\VM-PF.IntUser\PDD 31-12-2024.IntPrj\Network Model.IntPrjfolder\Network Data.IntPrjfolder\ESTE 138 kV.ElmNet\San Pedro Bio-Energy.ElmSite\ZSPBEE.ElmSubstat\3.ElmTerm\Cub_1.StaCubic\ZSPBEE_ZSESTE-L1-SEL 311L.ElmRelay\Out of step.ElmRelay\Zone 6.RelDispoly,1,ESTE CERCANO,ESTE,ESTE 138 kV,ZSPBEE,Zone 6
Ph-Q1,\VM-PF.IntUser\PDD 31-12-2024.IntPrj\Network Model.IntPrjfolder\Network Data.IntPrjfolder\ESTE 138 kV.ElmNet\San Pedro Bio-Energy.ElmSite\ZSPBEE.ElmSubstat\3.ElmTerm\Cub_1.StaCubic\ZSPBEE_ZSESTE-L1-SEL 311L.ElmRelay\Ph-Q1.RelDispoly,1,ESTE CERCANO,ESTE,ESTE 138 kV,ZSPBEE,Ph-Q1
Ph-Q2,\VM-PF.IntUser\PDD 31-12-2024.IntPrj\Network Model.IntPrjfolder\Network Data.IntPrjfolder\ESTE 138 kV.ElmNet\San Pedro Bio-Energy.ElmSite\ZSPBEE.ElmSubstat\3.ElmTerm\Cub_1.StaCubic\ZSPBEE_ZSESTE-L1-SEL 311L.ElmRelay\Ph-Q2.RelDispoly,1,ESTE CERCANO,ESTE,ESTE 138 kV,ZSPBEE,Ph-Q2
Ph-Q3,\VM-PF.IntUser\PDD 31-12-2024.IntPrj\Network Model.IntPrjfolder\Network Data.IntPrjfolder\ESTE 138 kV.ElmNet\San Pedro Bio-Energy.ElmSite\ZSPBEE.ElmSubstat\3.ElmTerm\Cub_1.StaCubic\ZSPBEE_ZSESTE-L1-SEL 311L.ElmRelay\Ph-Q3.RelDispoly,1,ESTE CERCANO,ESTE,ESTE 138 kV,ZSPBEE,Ph-Q3
Ph-Q4,\VM-PF.IntUser\PDD 31-12-2024.IntPrj\Network Model.IntPrjfolder\Network Data.IntPrjfolder\ESTE 138 kV.ElmNet\San Pedro Bio-Energy.ElmSite\ZSPBEE.ElmSubstat\3.ElmTerm\Cub_1.StaCubic\ZSPBEE_ZSESTE-L1-SEL 311L.ElmRelay\Ph-Q4.RelDispoly,1,ESTE CERCANO,ESTE,ESTE 138 kV,ZSPBEE,Ph-Q4
Zone 5,\VM-PF.IntUser\PDD 31-12-2024.IntPrj\Network Model.IntPrjfolder\Network Data.IntPrjfolder\ESTE 138 kV.ElmNet\San Pedro Bio-Energy.ElmSite\ZSPBEE.ElmSubstat\3.ElmTerm\Cub_1.StaCubic\ZSPBEE_ZSESTE-L1-SEL 421.ElmRelay\Out of step.ElmRelay\Zone 5.RelDispoly,1,ESTE CERCANO,ESTE,ESTE 138 kV,ZSPBEE,Zone 5
Zone 6,\VM-PF.IntUser\PDD 31-12-2024.IntPrj\Network Model.IntPrjfolder\Network Data.IntPrjfolder\ESTE 138 kV.ElmNet\San Pedro Bio-Energy.ElmSite\ZSPBEE.ElmSubstat\3.ElmTerm\Cub_1.StaCubic\ZSPBEE_ZSESTE-L1-SEL 421.ElmRelay\Out of step.ElmRelay\Zone 6.RelDispoly,1,ESTE CERCANO,ESTE,ESTE 138 kV,ZSPBEE,Zone 6
Z1QP,\VM-PF.IntUser\PDD 31-12-2024.IntPrj\Network Model.IntPrjfolder\Network Data.IntPrjfolder\ESTE 138 kV.ElmNet\San Pedro Bio-Energy.ElmSite\ZSPBEE.ElmSubstat\3.ElmTerm\Cub_1.StaCubic\ZSPBEE_ZSESTE-L1-SEL 421.ElmRelay\Z1QP.RelDispoly,1,ESTE CERCANO,ESTE,ESTE 138 kV,ZSPBEE,Z1QP
Z2QP,\VM-PF.IntUser\PDD 31-12-2024.IntPrj\Network Model.IntPrjfolder\Network Data.IntPrjfolder\ESTE 138 kV.ElmNet\San Pedro Bio-Energy.ElmSite\ZSPBEE.ElmSubstat\3.ElmTerm\Cub_1.StaCubic\ZSPBEE_ZSESTE-L1-SEL 421.ElmRelay\Z2QP.RelDispoly,1,ESTE CERCANO,ESTE,ESTE 138 kV,ZSPBEE,Z2QP
Z3QP,\VM-PF.IntUser\PDD 31-12-2024.IntPrj\Network Model.IntPrjfolder\Network Data.IntPrjfolder\ESTE 138 kV.ElmNet\San Pedro Bio-Energy.ElmSite\ZSPBEE.ElmSubstat\3.ElmTerm\Cub_1.StaCubic\ZSPBEE_ZSESTE-L1-SEL 421.ElmRelay\Z3QP.RelDispoly,1,ESTE CERCANO,ESTE,ESTE 138 kV,ZSPBEE,Z3QP
Z4QP,\VM-PF.IntUser\PDD 31-12-2024.IntPrj\Network Model.IntPrjfolder\Network Data.IntPrjfolder\ESTE 138 kV.ElmNet\San Pedro Bio-Energy.ElmSite\ZSPBEE.ElmSubstat\3.ElmTerm\Cub_1.StaCubic\ZSPBEE_ZSESTE-L1-SEL 421.ElmRelay\Z4QP.RelDispoly,1,ESTE CERCANO,ESTE,ESTE 138 kV,ZSPBEE,Z4QP
Z5QP,\VM-PF.IntUser\PDD 31-12-2024.IntPrj\Network Model.IntPrjfolder\Network Data.IntPrjfolder\ESTE 138 kV.ElmNet\San Pedro Bio-Energy.ElmSite\ZSPBEE.ElmSubstat\3.ElmTerm\Cub_1.StaCubic\ZSPBEE_ZSESTE-L1-SEL 421.ElmRelay\Z5QP.RelDispoly,1,ESTE CERCANO,ESTE,ESTE 138 kV,ZSPBEE,Z5QP
Z1QG,\VM-PF.IntUser\PDD 31-12-2024.IntPrj\Network Model.IntPrjfolder\Network Data.IntPrjfolder\ESTE 138 kV.ElmNet\San Pedro Bio-Energy.ElmSite\ZSPBEE.ElmSubstat\3.ElmTerm\Cub_1.StaCubic\ZSPBEE_ZSESTE-L1-SEL 421.ElmRelay\Z1QG.RelDispoly,1,ESTE CERCANO,ESTE,ESTE 138 kV,ZSPBEE,Z1QG
Z2QG,\VM-PF.IntUser\PDD 31-12-2024.IntPrj\Network Model.IntPrjfolder\Network Data.IntPrjfolder\ESTE 138 kV.ElmNet\San Pedro Bio-Energy.ElmSite\ZSPBEE.ElmSubstat\3.ElmTerm\Cub_1.StaCubic\ZSPBEE_ZSESTE-L1-SEL 421.ElmRelay\Z2QG.RelDispoly,1,ESTE CERCANO,ESTE,ESTE 138 kV,ZSPBEE,Z2QG
Z3QG,\VM-PF.IntUser\PDD 31-12-2024.IntPrj\Network Model.IntPrjfolder\Network Data.IntPrjfolder\ESTE 138 kV.ElmNet\San Pedro Bio-Energy.ElmSite\ZSPBEE.ElmSubstat\3.ElmTerm\Cub_1.StaCubic\ZSPBEE_ZSESTE-L1-SEL 421.ElmRelay\Z3QG.RelDispoly,1,ESTE CERCANO,ESTE,ESTE 138 kV,ZSPBEE,Z3QG
Z4QG,\VM-PF.IntUser\PDD 31-12-2024.IntPrj\Network Model.IntPrjfolder\Network Data.IntPrjfolder\ESTE 138 kV.ElmNet\San Pedro Bio-Energy.ElmSite\ZSPBEE.ElmSubstat\3.ElmTerm\Cub_1.StaCubic\ZSPBEE_ZSESTE-L1-SEL 421.ElmRelay\Z4QG.RelDispoly,1,ESTE CERCANO,ESTE,ESTE 138 kV,ZSPBEE,Z4QG
Z5QG,\VM-PF.IntUser\PDD 31-12-2024.IntPrj\Network Model.IntPrjfolder\Network Data.IntPrjfolder\ESTE 138 kV.ElmNet\San Pedro Bio-Energy.ElmSite\ZSPBEE.ElmSubstat\3.ElmTerm\Cub_1.StaCubic\ZSPBEE_ZSESTE-L1-SEL 421.ElmRelay\Z5QG.RelDispoly,1,ESTE CERCANO,ESTE,ESTE 138 kV,ZSPBEE,Z5QG
Zone 5,\VM-PF.IntUser\PDD 31-12-2024.IntPrj\Network Model.IntPrjfolder\Network Data.IntPrjfolder\ESTE 138 kV.ElmNet\San Pedro Bio-Energy.ElmSite\ZSPBEE.ElmSubstat\5.ElmTerm\Cub_1.StaCubic\ZSPBEE_ZQUISE-L1-SEL 311L.ElmRelay\Out of step.ElmRelay\Zone 5.RelDispoly,1,ESTE CERCANO,ESTE,ESTE 138 kV,ZSPBEE,Zone 5
Zone 6,\VM-PF.IntUser\PDD 31-12-2024.IntPrj\Network Model.IntPrjfolder\Network Data.IntPrjfolder\ESTE 138 kV.ElmNet\San Pedro Bio-Energy.ElmSite\ZSPBEE.ElmSubstat\5.ElmTerm\Cub_1.StaCubic\ZSPBEE_ZQUISE-L1-SEL 311L.ElmRelay\Out of step.ElmRelay\Zone 6.RelDispoly,1,ESTE CERCANO,ESTE,ESTE 138 kV,ZSPBEE,Zone 6
Ph-Q1,\VM-PF.IntUser\PDD 31-12-2024.IntPrj\Network Model.IntPrjfolder\Network Data.IntPrjfolder\ESTE 138 kV.ElmNet\San Pedro Bio-Energy.ElmSite\ZSPBEE.ElmSubstat\5.ElmTerm\Cub_1.StaCubic\ZSPBEE_ZQUISE-L1-SEL 311L.ElmRelay\Ph-Q1.RelDispoly,1,ESTE CERCANO,ESTE,ESTE 138 kV,ZSPBEE,Ph-Q1
Ph-Q2,\VM-PF.IntUser\PDD 31-12-2024.IntPrj\Network Model.IntPrjfolder\Network Data.IntPrjfolder\ESTE 138 kV.ElmNet\San Pedro Bio-Energy.ElmSite\ZSPBEE.ElmSubstat\5.ElmTerm\Cub_1.StaCubic\ZSPBEE_ZQUISE-L1-SEL 311L.ElmRelay\Ph-Q2.RelDispoly,1,ESTE CERCANO,ESTE,ESTE 138 kV,ZSPBEE,Ph-Q2
Ph-Q3,\VM-PF.IntUser\PDD 31-12-2024.IntPrj\Network Model.IntPrjfolder\Network Data.IntPrjfolder\ESTE 138 kV.ElmNet\San Pedro Bio-Energy.ElmSite\ZSPBEE.ElmSubstat\5.ElmTerm\Cub_1.StaCubic\ZSPBEE_ZQUISE-L1-SEL 311L.ElmRelay\Ph-Q3.RelDispoly,1,ESTE CERCANO,ESTE,ESTE 138 kV,ZSPBEE,Ph-Q3
Ph-Q4,\VM-PF.IntUser\PDD 31-12-2024.IntPrj\Network Model.IntPrjfolder\Network Data.IntPrjfolder\ESTE 138 kV.ElmNet\San Pedro Bio-Energy.ElmSite\ZSPBEE.ElmSubstat\5.ElmTerm\Cub_1.StaCubic\ZSPBEE_ZQUISE-L1-SEL 311L.ElmRelay\Ph-Q4.RelDispoly,1,ESTE CERCANO,ESTE,ESTE 138 kV,ZSPBEE,Ph-Q4
Zone 5,\VM-PF.IntUser\PDD 31-12-2024.IntPrj\Network Model.IntPrjfolder\Network Data.IntPrjfolder\ESTE 138 kV.ElmNet\San Pedro Bio-Energy.ElmSite\ZSPBEE.ElmSubstat\5.ElmTerm\Cub_1.StaCubic\ZSPBEE_ZQUISE-L1-SEL 421.ElmRelay\Out of step.ElmRelay\Zone 5.RelDispoly,1,ESTE CERCANO,ESTE,ESTE 138 kV,ZSPBEE,Zone 5
Zone 6,\VM-PF.IntUser\PDD 31-12-2024.IntPrj\Network Model.IntPrjfolder\Network Data.IntPrjfolder\ESTE 138 kV.ElmNet\San Pedro Bio-Energy.ElmSite\ZSPBEE.ElmSubstat\5.ElmTerm\Cub_1.StaCubic\ZSPBEE_ZQUISE-L1-SEL 421.ElmRelay\Out of step.ElmRelay\Zone 6.RelDispoly,1,ESTE CERCANO,ESTE,ESTE 138 kV,ZSPBEE,Zone 6
Z1QP,\VM-PF.IntUser\PDD 31-12-2024.IntPrj\Network Model.IntPrjfolder\Network Data.IntPrjfolder\ESTE 138 kV.ElmNet\San Pedro Bio-Energy.ElmSite\ZSPBEE.ElmSubstat\5.ElmTerm\Cub_1.StaCubic\ZSPBEE_ZQUISE-L1-SEL 421.ElmRelay\Z1QP.RelDispoly,1,ESTE CERCANO,ESTE,ESTE 138 kV,ZSPBEE,Z1QP
Z2QP,\VM-PF.IntUser\PDD 31-12-2024.IntPrj\Network Model.IntPrjfolder\Network Data.IntPrjfolder\ESTE 138 kV.ElmNet\San Pedro Bio-Energy.ElmSite\ZSPBEE.ElmSubstat\5.ElmTerm\Cub_1.StaCubic\ZSPBEE_ZQUISE-L1-SEL 421.ElmRelay\Z2QP.RelDispoly,1,ESTE CERCANO,ESTE,ESTE 138 kV,ZSPBEE,Z2QP
Z3QP,\VM-PF.IntUser\PDD 31-12-2024.IntPrj\Network Model.IntPrjfolder\Network Data.IntPrjfolder\ESTE 138 kV.ElmNet\San Pedro Bio-Energy.ElmSite\ZSPBEE.ElmSubstat\5.ElmTerm\Cub_1.StaCubic\ZSPBEE_ZQUISE-L1-SEL 421.ElmRelay\Z3QP.RelDispoly,1,ESTE CERCANO,ESTE,ESTE 138 kV,ZSPBEE,Z3QP
Z4QP,\VM-PF.IntUser\PDD 31-12-2024.IntPrj\Network Model.IntPrjfolder\Network Data.IntPrjfolder\ESTE 138 kV.ElmNet\San Pedro Bio-Energy.ElmSite\ZSPBEE.ElmSubstat\5.ElmTerm\Cub_1.StaCubic\ZSPBEE_ZQUISE-L1-SEL 421.ElmRelay\Z4QP.RelDispoly,1,ESTE CERCANO,ESTE,ESTE 138 kV,ZSPBEE,Z4QP
Z5QP,\VM-PF.IntUser\PDD 31-12-2024.IntPrj\Network Model.IntPrjfolder\Network Data.IntPrjfolder\ESTE 138 kV.ElmNet\San Pedro Bio-Energy.ElmSite\ZSPBEE.ElmSubstat\5.ElmTerm\Cub_1.StaCubic\ZSPBEE_ZQUISE-L1-SEL 421.ElmRelay\Z5QP.RelDispoly,1,ESTE CERCANO,ESTE,ESTE 138 kV,ZSPBEE,Z5QP
Z1QG,\VM-PF.IntUser\PDD 31-12-2024.IntPrj\Network Model.IntPrjfolder\Network Data.IntPrjfolder\ESTE 138 kV.ElmNet\San Pedro Bio-Energy.ElmSite\ZSPBEE.ElmSubstat\5.ElmTerm\Cub_1.StaCubic\ZSPBEE_ZQUISE-L1-SEL 421.ElmRelay\Z1QG.RelDispoly,1,ESTE CERCANO,ESTE,ESTE 138 kV,ZSPBEE,Z1QG
Z2QG,\VM-PF.IntUser\PDD 31-12-2024.IntPrj\Network Model.IntPrjfolder\Network Data.IntPrjfolder\ESTE 138 kV.ElmNet\San Pedro Bio-Energy.ElmSite\ZSPBEE.ElmSubstat\5.ElmTerm\Cub_1.StaCubic\ZSPBEE_ZQUISE-L1-SEL 421.ElmRelay\Z2QG.RelDispoly,1,ESTE CERCANO,ESTE,ESTE 138 kV,ZSPBEE,Z2QG
Z3QG,\VM-PF.IntUser\PDD 31-12-2024.IntPrj\Network Model.IntPrjfolder\Network Data.IntPrjfolder\ESTE 138 kV.ElmNet\San Pedro Bio-Energy.ElmSite\ZSPBEE.ElmSubstat\5.ElmTerm\Cub_1.StaCubic\ZSPBEE_ZQUISE-L1-SEL 421.ElmRelay\Z3QG.RelDispoly,1,ESTE CERCANO,ESTE,ESTE 138 kV,ZSPBEE,Z3QG
Z4QG,\VM-PF.IntUser\PDD 31-12-2024.IntPrj\Network Model.IntPrjfolder\Network Data.IntPrjfolder\ESTE 138 kV.ElmNet\San Pedro Bio-Energy.ElmSite\ZSPBEE.ElmSubstat\5.ElmTerm\Cub_1.StaCubic\ZSPBEE_ZQUISE-L1-SEL 421.ElmRelay\Z4QG.RelDispoly,1,ESTE CERCANO,ESTE,ESTE 138 kV,ZSPBEE,Z4QG
Z5QG,\VM-PF.IntUser\PDD 31-12-2024.IntPrj\Network Model.IntPrjfolder\Network Data.IntPrjfolder\ESTE 138 kV.ElmNet\San Pedro Bio-Energy.ElmSite\ZSPBEE.ElmSubstat\5.ElmTerm\Cub_1.StaCubic\ZSPBEE_ZQUISE-L1-SEL 421.ElmRelay\Z5QG.RelDispoly,1,ESTE CERCANO,ESTE,ESTE 138 kV,ZSPBEE,Z5QG
Z1,\VM-PF.IntUser\PDD 31-12-2024.IntPrj\Network Model.IntPrjfolder\Network Data.IntPrjfolder\ESTE 138 kV.ElmNet\San Pedro.ElmSite\ZSPMAE.ElmSubstat\L2.ElmTerm\Cub_2.StaCubic\ZSPMBE_ZSPM2E-L1-7SA6.ElmRelay\Distance Polygonal.ElmRelay\Z1.RelDispoly,1,ESTE CERCANO,ESTE,ESTE 138 kV,ZSPMAE,Z1
Z1b,\VM-PF.IntUser\PDD 31-12-2024.IntPrj\Network Model.IntPrjfolder\Network Data.IntPrjfolder\ESTE 138 kV.ElmNet\San Pedro.ElmSite\ZSPMAE.ElmSubstat\L2.ElmTerm\Cub_2.StaCubic\ZSPMBE_ZSPM2E-L1-7SA6.ElmRelay\Distance Polygonal.ElmRelay\Z1b.RelDispoly,1,ESTE CERCANO,ESTE,ESTE 138 kV,ZSPMAE,Z1b
Z2,\VM-PF.IntUser\PDD 31-12-2024.IntPrj\Network Model.IntPrjfolder\Network Data.IntPrjfolder\ESTE 138 kV.ElmNet\San Pedro.ElmSite\ZSPMAE.ElmSubstat\L2.ElmTerm\Cub_2.StaCubic\ZSPMBE_ZSPM2E-L1-7SA6.ElmRelay\Distance Polygonal.ElmRelay\Z2.RelDispoly,1,ESTE CERCANO,ESTE,ESTE 138 kV,ZSPMAE,Z2
Z3,\VM-PF.IntUser\PDD 31-12-2024.IntPrj\Network Model.IntPrjfolder\Network Data.IntPrjfolder\ESTE 138 kV.ElmNet\San Pedro.ElmSite\ZSPMAE.ElmSubstat\L2.ElmTerm\Cub_2.StaCubic\ZSPMBE_ZSPM2E-L1-7SA6.ElmRelay\Distance Polygonal.ElmRelay\Z3.RelDispoly,1,ESTE CERCANO,ESTE,ESTE 138 kV,ZSPMAE,Z3
Z4,\VM-PF.IntUser\PDD 31-12-2024.IntPrj\Network Model.IntPrjfolder\Network Data.IntPrjfolder\ESTE 138 kV.ElmNet\San Pedro.ElmSite\ZSPMAE.ElmSubstat\L2.ElmTerm\Cub_2.StaCubic\ZSPMBE_ZSPM2E-L1-7SA6.ElmRelay\Distance Polygonal.ElmRelay\Z4.RelDispoly,1,ESTE CERCANO,ESTE,ESTE 138 kV,ZSPMAE,Z4
Z5,\VM-PF.IntUser\PDD 31-12-2024.IntPrj\Network Model.IntPrjfolder\Network Data.IntPrjfolder\ESTE 138 kV.ElmNet\San Pedro.ElmSite\ZSPMAE.ElmSubstat\L2.ElmTerm\Cub_2.StaCubic\ZSPMBE_ZSPM2E-L1-7SA6.ElmRelay\Distance Polygonal.ElmRelay\Z5.RelDispoly,1,ESTE CERCANO,ESTE,ESTE 138 kV,ZSPMAE,Z5
Z1,\VM-PF.IntUser\PDD 31-12-2024.IntPrj\Network Model.IntPrjfolder\Network Data.IntPrjfolder\ESTE 138 kV.ElmNet\San Pedro.ElmSite\ZSPMAE.ElmSubstat\R1.ElmTerm\Cub_2.StaCubic\ZSPMBE_ZLROME-L1-7SA6.ElmRelay\Distance Polygonal.ElmRelay\Z1.RelDispoly,1,ESTE CERCANO,ESTE,ESTE 138 kV,ZSPMAE,Z1
Z1b,\VM-PF.IntUser\PDD 31-12-2024.IntPrj\Network Model.IntPrjfolder\Network Data.IntPrjfolder\ESTE 138 kV.ElmNet\San Pedro.ElmSite\ZSPMAE.ElmSubstat\R1.ElmTerm\Cub_2.StaCubic\ZSPMBE_ZLROME-L1-7SA6.ElmRelay\Distance Polygonal.ElmRelay\Z1b.RelDispoly,1,ESTE CERCANO,ESTE,ESTE 138 kV,ZSPMAE,Z1b
Z2,\VM-PF.IntUser\PDD 31-12-2024.IntPrj\Network Model.IntPrjfolder\Network Data.IntPrjfolder\ESTE 138 kV.ElmNet\San Pedro.ElmSite\ZSPMAE.ElmSubstat\R1.ElmTerm\Cub_2.StaCubic\ZSPMBE_ZLROME-L1-7SA6.ElmRelay\Distance Polygonal.ElmRelay\Z2.RelDispoly,1,ESTE CERCANO,ESTE,ESTE 138 kV,ZSPMAE,Z2
Z3,\VM-PF.IntUser\PDD 31-12-2024.IntPrj\Network Model.IntPrjfolder\Network Data.IntPrjfolder\ESTE 138 kV.ElmNet\San Pedro.ElmSite\ZSPMAE.ElmSubstat\R1.ElmTerm\Cub_2.StaCubic\ZSPMBE_ZLROME-L1-7SA6.ElmRelay\Distance Polygonal.ElmRelay\Z3.RelDispoly,1,ESTE CERCANO,ESTE,ESTE 138 kV,ZSPMAE,Z3
Z4,\VM-PF.IntUser\PDD 31-12-2024.IntPrj\Network Model.IntPrjfolder\Network Data.IntPrjfolder\ESTE 138 kV.ElmNet\San Pedro.ElmSite\ZSPMAE.ElmSubstat\R1.ElmTerm\Cub_2.StaCubic\ZSPMBE_ZLROME-L1-7SA6.ElmRelay\Distance Polygonal.ElmRelay\Z4.RelDispoly,1,ESTE CERCANO,ESTE,ESTE 138 kV,ZSPMAE,Z4
Z5,\VM-PF.IntUser\PDD 31-12-2024.IntPrj\Network Model.IntPrjfolder\Network Data.IntPrjfolder\ESTE 138 kV.ElmNet\San Pedro.ElmSite\ZSPMAE.ElmSubstat\R1.ElmTerm\Cub_2.StaCubic\ZSPMBE_ZLROME-L1-7SA6.ElmRelay\Distance Polygonal.ElmRelay\Z5.RelDispoly,1,ESTE CERCANO,ESTE,ESTE 138 kV,ZSPMAE,Z5
Z1,\VM-PF.IntUser\PDD 31-12-2024.IntPrj\Network Model.IntPrjfolder\Network Data.IntPrjfolder\ESTE 138 kV.ElmNet\San Pedro.ElmSite\ZSPMAE.ElmSubstat\R1.ElmTerm\Cub_2.StaCubic\ZSPMBE_ZLROME-L1-7SD52.ElmRelay\Distance/Overcurrent/Voltage.ElmRelay\Z1.RelDispoly,1,ESTE CERCANO,ESTE,ESTE 138 kV,ZSPMAE,Z1
Z1b,\VM-PF.IntUser\PDD 31-12-2024.IntPrj\Network Model.IntPrjfolder\Network Data.IntPrjfolder\ESTE 138 kV.ElmNet\San Pedro.ElmSite\ZSPMAE.ElmSubstat\R1.ElmTerm\Cub_2.StaCubic\ZSPMBE_ZLROME-L1-7SD52.ElmRelay\Distance/Overcurrent/Voltage.ElmRelay\Z1b.RelDispoly,1,ESTE CERCANO,ESTE,ESTE 138 kV,ZSPMAE,Z1b
Z2,\VM-PF.IntUser\PDD 31-12-2024.IntPrj\Network Model.IntPrjfolder\Network Data.IntPrjfolder\ESTE 138 kV.ElmNet\San Pedro.ElmSite\ZSPMAE.ElmSubstat\R1.ElmTerm\Cub_2.StaCubic\ZSPMBE_ZLROME-L1-7SD52.ElmRelay\Distance/Overcurrent/Voltage.ElmRelay\Z2.RelDispoly,1,ESTE CERCANO,ESTE,ESTE 138 kV,ZSPMAE,Z2
Z3,\VM-PF.IntUser\PDD 31-12-2024.IntPrj\Network Model.IntPrjfolder\Network Data.IntPrjfolder\ESTE 138 kV.ElmNet\San Pedro.ElmSite\ZSPMAE.ElmSubstat\R1.ElmTerm\Cub_2.StaCubic\ZSPMBE_ZLROME-L1-7SD52.ElmRelay\Distance/Overcurrent/Voltage.ElmRelay\Z3.RelDispoly,1,ESTE CERCANO,ESTE,ESTE 138 kV,ZSPMAE,Z3
Z4,\VM-PF.IntUser\PDD 31-12-2024.IntPrj\Network Model.IntPrjfolder\Network Data.IntPrjfolder\ESTE 138 kV.ElmNet\San Pedro.ElmSite\ZSPMAE.ElmSubstat\R1.ElmTerm\Cub_2.StaCubic\ZSPMBE_ZLROME-L1-7SD52.ElmRelay\Distance/Overcurrent/Voltage.ElmRelay\Z4.RelDispoly,1,ESTE CERCANO,ESTE,ESTE 138 kV,ZSPMAE,Z4
Z5,\VM-PF.IntUser\PDD 31-12-2024.IntPrj\Network Model.IntPrjfolder\Network Data.IntPrjfolder\ESTE 138 kV.ElmNet\San Pedro.ElmSite\ZSPMAE.ElmSubstat\R1.ElmTerm\Cub_2.StaCubic\ZSPMBE_ZLROME-L1-7SD52.ElmRelay\Distance/Overcurrent/Voltage.ElmRelay\Z5.RelDispoly,1,ESTE CERCANO,ESTE,ESTE 138 kV,ZSPMAE,Z5
PPOL poly,\VM-PF.IntUser\PDD 31-12-2024.IntPrj\Network Model.IntPrjfolder\Network Data.IntPrjfolder\ESTE 138 kV.ElmNet\San Pedro.ElmSite\ZSPMAE.ElmSubstat\R1.ElmTerm\Cub_2.StaCubic\ZSPMBE_ZLROME-L1-7SD52.ElmRelay\Distance/Overcurrent/Voltage.ElmRelay\PPOL poly.RelDispoly,1,ESTE CERCANO,ESTE,ESTE 138 kV,ZSPMAE,PPOL poly
Z1,\VM-PF.IntUser\PDD 31-12-2024.IntPrj\Network Model.IntPrjfolder\Network Data.IntPrjfolder\ESTE 138 kV.ElmNet\San Pedro.ElmSite\ZSPMAE.ElmSubstat\R2.ElmTerm\Cub_2.StaCubic\ZSPMBE_ZLROME-L2-7SA6.ElmRelay\Distance Polygonal.ElmRelay\Z1.RelDispoly,1,ESTE CERCANO,ESTE,ESTE 138 kV,ZSPMAE,Z1
Z1b,\VM-PF.IntUser\PDD 31-12-2024.IntPrj\Network Model.IntPrjfolder\Network Data.IntPrjfolder\ESTE 138 kV.ElmNet\San Pedro.ElmSite\ZSPMAE.ElmSubstat\R2.ElmTerm\Cub_2.StaCubic\ZSPMBE_ZLROME-L2-7SA6.ElmRelay\Distance Polygonal.ElmRelay\Z1b.RelDispoly,1,ESTE CERCANO,ESTE,ESTE 138 kV,ZSPMAE,Z1b
Z2,\VM-PF.IntUser\PDD 31-12-2024.IntPrj\Network Model.IntPrjfolder\Network Data.IntPrjfolder\ESTE 138 kV.ElmNet\San Pedro.ElmSite\ZSPMAE.ElmSubstat\R2.ElmTerm\Cub_2.StaCubic\ZSPMBE_ZLROME-L2-7SA6.ElmRelay\Distance Polygonal.ElmRelay\Z2.RelDispoly,1,ESTE CERCANO,ESTE,ESTE 138 kV,ZSPMAE,Z2
Z3,\VM-PF.IntUser\PDD 31-12-2024.IntPrj\Network Model.IntPrjfolder\Network Data.IntPrjfolder\ESTE 138 kV.ElmNet\San Pedro.ElmSite\ZSPMAE.ElmSubstat\R2.ElmTerm\Cub_2.StaCubic\ZSPMBE_ZLROME-L2-7SA6.ElmRelay\Distance Polygonal.ElmRelay\Z3.RelDispoly,1,ESTE CERCANO,ESTE,ESTE 138 kV,ZSPMAE,Z3
Z4,\VM-PF.IntUser\PDD 31-12-2024.IntPrj\Network Model.IntPrjfolder\Network Data.IntPrjfolder\ESTE 138 kV.ElmNet\San Pedro.ElmSite\ZSPMAE.ElmSubstat\R2.ElmTerm\Cub_2.StaCubic\ZSPMBE_ZLROME-L2-7SA6.ElmRelay\Distance Polygonal.ElmRelay\Z4.RelDispoly,1,ESTE CERCANO,ESTE,ESTE 138 kV,ZSPMAE,Z4
Z5,\VM-PF.IntUser\PDD 31-12-2024.IntPrj\Network Model.IntPrjfolder\Network Data.IntPrjfolder\ESTE 138 kV.ElmNet\San Pedro.ElmSite\ZSPMAE.ElmSubstat\R2.ElmTerm\Cub_2.StaCubic\ZSPMBE_ZLROME-L2-7SA6.ElmRelay\Distance Polygonal.ElmRelay\Z5.RelDispoly,1,ESTE CERCANO,ESTE,ESTE 138 kV,ZSPMAE,Z5
Z1,\VM-PF.IntUser\PDD 31-12-2024.IntPrj\Network Model.IntPrjfolder\Network Data.IntPrjfolder\ESTE 138 kV.ElmNet\San Pedro.ElmSite\ZSPMAE.ElmSubstat\R2.ElmTerm\Cub_2.StaCubic\ZSPMBE_ZLROME-L2-7SD52.ElmRelay\Distance/Overcurrent/Voltage.ElmRelay\Z1.RelDispoly,1,ESTE CERCANO,ESTE,ESTE 138 kV,ZSPMAE,Z1
Z1b,\VM-PF.IntUser\PDD 31-12-2024.IntPrj\Network Model.IntPrjfolder\Network Data.IntPrjfolder\ESTE 138 kV.ElmNet\San Pedro.ElmSite\ZSPMAE.ElmSubstat\R2.ElmTerm\Cub_2.StaCubic\ZSPMBE_ZLROME-L2-7SD52.ElmRelay\Distance/Overcurrent/Voltage.ElmRelay\Z1b.RelDispoly,1,ESTE CERCANO,ESTE,ESTE 138 kV,ZSPMAE,Z1b
Z2,\VM-PF.IntUser\PDD 31-12-2024.IntPrj\Network Model.IntPrjfolder\Network Data.IntPrjfolder\ESTE 138 kV.ElmNet\San Pedro.ElmSite\ZSPMAE.ElmSubstat\R2.ElmTerm\Cub_2.StaCubic\ZSPMBE_ZLROME-L2-7SD52.ElmRelay\Distance/Overcurrent/Voltage.ElmRelay\Z2.RelDispoly,1,ESTE CERCANO,ESTE,ESTE 138 kV,ZSPMAE,Z2
Z3,\VM-PF.IntUser\PDD 31-12-2024.IntPrj\Network Model.IntPrjfolder\Network Data.IntPrjfolder\ESTE 138 kV.ElmNet\San Pedro.ElmSite\ZSPMAE.ElmSubstat\R2.ElmTerm\Cub_2.StaCubic\ZSPMBE_ZLROME-L2-7SD52.ElmRelay\Distance/Overcurrent/Voltage.ElmRelay\Z3.RelDispoly,1,ESTE CERCANO,ESTE,ESTE 138 kV,ZSPMAE,Z3
Z4,\VM-PF.IntUser\PDD 31-12-2024.IntPrj\Network Model.IntPrjfolder\Network Data.IntPrjfolder\ESTE 138 kV.ElmNet\San Pedro.ElmSite\ZSPMAE.ElmSubstat\R2.ElmTerm\Cub_2.StaCubic\ZSPMBE_ZLROME-L2-7SD52.ElmRelay\Distance/Overcurrent/Voltage.ElmRelay\Z4.RelDispoly,1,ESTE CERCANO,ESTE,ESTE 138 kV,ZSPMAE,Z4
Z5,\VM-PF.IntUser\PDD 31-12-2024.IntPrj\Network Model.IntPrjfolder\Network Data.IntPrjfolder\ESTE 138 kV.ElmNet\San Pedro.ElmSite\ZSPMAE.ElmSubstat\R2.ElmTerm\Cub_2.StaCubic\ZSPMBE_ZLROME-L2-7SD52.ElmRelay\Distance/Overcurrent/Voltage.ElmRelay\Z5.RelDispoly,1,ESTE CERCANO,ESTE,ESTE 138 kV,ZSPMAE,Z5
PPOL poly,\VM-PF.IntUser\PDD 31-12-2024.IntPrj\Network Model.IntPrjfolder\Network Data.IntPrjfolder\ESTE 138 kV.ElmNet\San Pedro.ElmSite\ZSPMAE.ElmSubstat\R2.ElmTerm\Cub_2.StaCubic\ZSPMBE_ZLROME-L2-7SD52.ElmRelay\Distance/Overcurrent/Voltage.ElmRelay\PPOL poly.RelDispoly,1,ESTE CERCANO,ESTE,ESTE 138 kV,ZSPMAE,PPOL poly
Z1,\VM-PF.IntUser\PDD 31-12-2024.IntPrj\Network Model.IntPrjfolder\Network Data.IntPrjfolder\ESTE 138 kV.ElmNet\San Pedro.ElmSite\ZSPMAE.ElmSubstat\R3.ElmTerm\Cub_2.StaCubic\ZSPMAE_ZLORIE-L1-7SA6.ElmRelay\Distance Polygonal.ElmRelay\Z1.RelDispoly,1,ESTE CERCANO,ESTE,ESTE 138 kV,ZSPMAE,Z1
Z1b,\VM-PF.IntUser\PDD 31-12-2024.IntPrj\Network Model.IntPrjfolder\Network Data.IntPrjfolder\ESTE 138 kV.ElmNet\San Pedro.ElmSite\ZSPMAE.ElmSubstat\R3.ElmTerm\Cub_2.StaCubic\ZSPMAE_ZLORIE-L1-7SA6.ElmRelay\Distance Polygonal.ElmRelay\Z1b.RelDispoly,1,ESTE CERCANO,ESTE,ESTE 138 kV,ZSPMAE,Z1b
Z2,\VM-PF.IntUser\PDD 31-12-2024.IntPrj\Network Model.IntPrjfolder\Network Data.IntPrjfolder\ESTE 138 kV.ElmNet\San Pedro.ElmSite\ZSPMAE.ElmSubstat\R3.ElmTerm\Cub_2.StaCubic\ZSPMAE_ZLORIE-L1-7SA6.ElmRelay\Distance Polygonal.ElmRelay\Z2.RelDispoly,1,ESTE CERCANO,ESTE,ESTE 138 kV,ZSPMAE,Z2
Z3,\VM-PF.IntUser\PDD 31-12-2024.IntPrj\Network Model.IntPrjfolder\Network Data.IntPrjfolder\ESTE 138 kV.ElmNet\San Pedro.ElmSite\ZSPMAE.ElmSubstat\R3.ElmTerm\Cub_2.StaCubic\ZSPMAE_ZLORIE-L1-7SA6.ElmRelay\Distance Polygonal.ElmRelay\Z3.RelDispoly,1,ESTE CERCANO,ESTE,ESTE 138 kV,ZSPMAE,Z3
Z4,\VM-PF.IntUser\PDD 31-12-2024.IntPrj\Network Model.IntPrjfolder\Network Data.IntPrjfolder\ESTE 138 kV.ElmNet\San Pedro.ElmSite\ZSPMAE.ElmSubstat\R3.ElmTerm\Cub_2.StaCubic\ZSPMAE_ZLORIE-L1-7SA6.ElmRelay\Distance Polygonal.ElmRelay\Z4.RelDispoly,1,ESTE CERCANO,ESTE,ESTE 138 kV,ZSPMAE,Z4
Z5,\VM-PF.IntUser\PDD 31-12-2024.IntPrj\Network Model.IntPrjfolder\Network Data.IntPrjfolder\ESTE 138 kV.ElmNet\San Pedro.ElmSite\ZSPMAE.ElmSubstat\R3.ElmTerm\Cub_2.StaCubic\ZSPMAE_ZLORIE-L1-7SA6.ElmRelay\Distance Polygonal.ElmRelay\Z5.RelDispoly,1,ESTE CERCANO,ESTE,ESTE 138 kV,ZSPMAE,Z5
Z1,\VM-PF.IntUser\PDD 31-12-2024.IntPrj\Network Model.IntPrjfolder\Network Data.IntPrjfolder\ESTE 138 kV.ElmNet\ZESEIE.ElmSubstat\1.ElmTerm\Cub_1.StaCubic\ZESEIE_ZHIGUE-L1-7SD52.ElmRelay\Distance/Overcurrent/Voltage.ElmRelay\Z1.RelDispoly,1,ESTE PROFUNDO,ESTE,ESTE 138 kV,ZESEIE,Z1
Z1b,\VM-PF.IntUser\PDD 31-12-2024.IntPrj\Network Model.IntPrjfolder\Network Data.IntPrjfolder\ESTE 138 kV.ElmNet\ZESEIE.ElmSubstat\1.ElmTerm\Cub_1.StaCubic\ZESEIE_ZHIGUE-L1-7SD52.ElmRelay\Distance/Overcurrent/Voltage.ElmRelay\Z1b.RelDispoly,1,ESTE PROFUNDO,ESTE,ESTE 138 kV,ZESEIE,Z1b
Z2,\VM-PF.IntUser\PDD 31-12-2024.IntPrj\Network Model.IntPrjfolder\Network Data.IntPrjfolder\ESTE 138 kV.ElmNet\ZESEIE.ElmSubstat\1.ElmTerm\Cub_1.StaCubic\ZESEIE_ZHIGUE-L1-7SD52.ElmRelay\Distance/Overcurrent/Voltage.ElmRelay\Z2.RelDispoly,1,ESTE PROFUNDO,ESTE,ESTE 138 kV,ZESEIE,Z2
Z3,\VM-PF.IntUser\PDD 31-12-2024.IntPrj\Network Model.IntPrjfolder\Network Data.IntPrjfolder\ESTE 138 kV.ElmNet\ZESEIE.ElmSubstat\1.ElmTerm\Cub_1.StaCubic\ZESEIE_ZHIGUE-L1-7SD52.ElmRelay\Distance/Overcurrent/Voltage.ElmRelay\Z3.RelDispoly,1,ESTE PROFUNDO,ESTE,ESTE 138 kV,ZESEIE,Z3
Z4,\VM-PF.IntUser\PDD 31-12-2024.IntPrj\Network Model.IntPrjfolder\Network Data.IntPrjfolder\ESTE 138 kV.ElmNet\ZESEIE.ElmSubstat\1.ElmTerm\Cub_1.StaCubic\ZESEIE_ZHIGUE-L1-7SD52.ElmRelay\Distance/Overcurrent/Voltage.ElmRelay\Z4.RelDispoly,1,ESTE PROFUNDO,ESTE,ESTE 138 kV,ZESEIE,Z4
Z5,\VM-PF.IntUser\PDD 31-12-2024.IntPrj\Network Model.IntPrjfolder\Network Data.IntPrjfolder\ESTE 138 kV.ElmNet\ZESEIE.ElmSubstat\1.ElmTerm\Cub_1.StaCubic\ZESEIE_ZHIGUE-L1-7SD52.ElmRelay\Distance/Overcurrent/Voltage.ElmRelay\Z5.RelDispoly,1,ESTE PROFUNDO,ESTE,ESTE 138 kV,ZESEIE,Z5
PPOL poly,\VM-PF.IntUser\PDD 31-12-2024.IntPrj\Network Model.IntPrjfolder\Network Data.IntPrjfolder\ESTE 138 kV.ElmNet\ZESEIE.ElmSubstat\1.ElmTerm\Cub_1.StaCubic\ZESEIE_ZHIGUE-L1-7SD52.ElmRelay\Distance/Overcurrent/Voltage.ElmRelay\PPOL poly.RelDispoly,1,ESTE PROFUNDO,ESTE,ESTE 138 kV,ZESEIE,PPOL poly
Z1,\VM-PF.IntUser\PDD 31-12-2024.IntPrj\Network Model.IntPrjfolder\Network Data.IntPrjfolder\ESTE 138 kV.ElmNet\ZHIGUE.ElmSubstat\1.ElmTerm\Cub_1.StaCubic\ZHIGUE_ZLROME-L1-7SD52.ElmRelay\Distance/Overcurrent/Voltage.ElmRelay\Z1.RelDispoly,1,ESTE PROFUNDO,ESTE,ESTE 138 kV,ZHIGUE,Z1
Z1b,\VM-PF.IntUser\PDD 31-12-2024.IntPrj\Network Model.IntPrjfolder\Network Data.IntPrjfolder\ESTE 138 kV.ElmNet\ZHIGUE.ElmSubstat\1.ElmTerm\Cub_1.StaCubic\ZHIGUE_ZLROME-L1-7SD52.ElmRelay\Distance/Overcurrent/Voltage.ElmRelay\Z1b.RelDispoly,1,ESTE PROFUNDO,ESTE,ESTE 138 kV,ZHIGUE,Z1b
Z2,\VM-PF.IntUser\PDD 31-12-2024.IntPrj\Network Model.IntPrjfolder\Network Data.IntPrjfolder\ESTE 138 kV.ElmNet\ZHIGUE.ElmSubstat\1.ElmTerm\Cub_1.StaCubic\ZHIGUE_ZLROME-L1-7SD52.ElmRelay\Distance/Overcurrent/Voltage.ElmRelay\Z2.RelDispoly,1,ESTE PROFUNDO,ESTE,ESTE 138 kV,ZHIGUE,Z2
Z3,\VM-PF.IntUser\PDD 31-12-2024.IntPrj\Network Model.IntPrjfolder\Network Data.IntPrjfolder\ESTE 138 kV.ElmNet\ZHIGUE.ElmSubstat\1.ElmTerm\Cub_1.StaCubic\ZHIGUE_ZLROME-L1-7SD52.ElmRelay\Distance/Overcurrent/Voltage.ElmRelay\Z3.RelDispoly,1,ESTE PROFUNDO,ESTE,ESTE 138 kV,ZHIGUE,Z3
Z4,\VM-PF.IntUser\PDD 31-12-2024.IntPrj\Network Model.IntPrjfolder\Network Data.IntPrjfolder\ESTE 138 kV.ElmNet\ZHIGUE.ElmSubstat\1.ElmTerm\Cub_1.StaCubic\ZHIGUE_ZLROME-L1-7SD52.ElmRelay\Distance/Overcurrent/Voltage.ElmRelay\Z4.RelDispoly,1,ESTE PROFUNDO,ESTE,ESTE 138 kV,ZHIGUE,Z4
Z5,\VM-PF.IntUser\PDD 31-12-2024.IntPrj\Network Model.IntPrjfolder\Network Data.IntPrjfolder\ESTE 138 kV.ElmNet\ZHIGUE.ElmSubstat\1.ElmTerm\Cub_1.StaCubic\ZHIGUE_ZLROME-L1-7SD52.ElmRelay\Distance/Overcurrent/Voltage.ElmRelay\Z5.RelDispoly,1,ESTE PROFUNDO,ESTE,ESTE 138 kV,ZHIGUE,Z5
PPOL poly,\VM-PF.IntUser\PDD 31-12-2024.IntPrj\Network Model.IntPrjfolder\Network Data.IntPrjfolder\ESTE 138 kV.ElmNet\ZHIGUE.ElmSubstat\1.ElmTerm\Cub_1.StaCubic\ZHIGUE_ZLROME-L1-7SD52.ElmRelay\Distance/Overcurrent/Voltage.ElmRelay\PPOL poly.RelDispoly,1,ESTE PROFUNDO,ESTE,ESTE 138 kV,ZHIGUE,PPOL poly
Outer zone,\VM-PF.IntUser\PDD 31-12-2024.IntPrj\Network Model.IntPrjfolder\Network Data.IntPrjfolder\ESTE 138 kV.ElmNet\ZHIGUE.ElmSubstat\1.ElmTerm\Cub_1.StaCubic\ZHIGUE_ZLROME-L1-REL670.ElmRelay\RPSB 78.ElmRelay\Outer zone.RelDispoly,1,ESTE PROFUNDO,ESTE,ESTE 138 kV,ZHIGUE,Outer zone
Inner zone,\VM-PF.IntUser\PDD 31-12-2024.IntPrj\Network Model.IntPrjfolder\Network Data.IntPrjfolder\ESTE 138 kV.ElmNet\ZHIGUE.ElmSubstat\1.ElmTerm\Cub_1.StaCubic\ZHIGUE_ZLROME-L1-REL670.ElmRelay\RPSB 78.ElmRelay\Inner zone.RelDispoly,1,ESTE PROFUNDO,ESTE,ESTE 138 kV,ZHIGUE,Inner zone
ZMC1,\VM-PF.IntUser\PDD 31-12-2024.IntPrj\Network Model.IntPrjfolder\Network Data.IntPrjfolder\ESTE 138 kV.ElmNet\ZHIGUE.ElmSubstat\1.ElmTerm\Cub_1.StaCubic\ZHIGUE_ZLROME-L1-REL670.ElmRelay\ZMCPDIS.ElmRelay\ZMC1.RelDispoly,1,ESTE PROFUNDO,ESTE,ESTE 138 kV,ZHIGUE,ZMC1
ZMC2,\VM-PF.IntUser\PDD 31-12-2024.IntPrj\Network Model.IntPrjfolder\Network Data.IntPrjfolder\ESTE 138 kV.ElmNet\ZHIGUE.ElmSubstat\1.ElmTerm\Cub_1.StaCubic\ZHIGUE_ZLROME-L1-REL670.ElmRelay\ZMCPDIS.ElmRelay\ZMC2.RelDispoly,1,ESTE PROFUNDO,ESTE,ESTE 138 kV,ZHIGUE,ZMC2
ZMC3,\VM-PF.IntUser\PDD 31-12-2024.IntPrj\Network Model.IntPrjfolder\Network Data.IntPrjfolder\ESTE 138 kV.ElmNet\ZHIGUE.ElmSubstat\1.ElmTerm\Cub_1.StaCubic\ZHIGUE_ZLROME-L1-REL670.ElmRelay\ZMCPDIS.ElmRelay\ZMC3.RelDispoly,1,ESTE PROFUNDO,ESTE,ESTE 138 kV,ZHIGUE,ZMC3
ZMC4,\VM-PF.IntUser\PDD 31-12-2024.IntPrj\Network Model.IntPrjfolder\Network Data.IntPrjfolder\ESTE 138 kV.ElmNet\ZHIGUE.ElmSubstat\1.ElmTerm\Cub_1.StaCubic\ZHIGUE_ZLROME-L1-REL670.ElmRelay\ZMCPDIS.ElmRelay\ZMC4.RelDispoly,1,ESTE PROFUNDO,ESTE,ESTE 138 kV,ZHIGUE,ZMC4
ZMC5,\VM-PF.IntUser\PDD 31-12-2024.IntPrj\Network Model.IntPrjfolder\Network Data.IntPrjfolder\ESTE 138 kV.ElmNet\ZHIGUE.ElmSubstat\1.ElmTerm\Cub_1.StaCubic\ZHIGUE_ZLROME-L1-REL670.ElmRelay\ZMCPDIS.ElmRelay\ZMC5.RelDispoly,1,ESTE PROFUNDO,ESTE,ESTE 138 kV,ZHIGUE,ZMC5
ZMQ1,\VM-PF.IntUser\PDD 31-12-2024.IntPrj\Network Model.IntPrjfolder\Network Data.IntPrjfolder\ESTE 138 kV.ElmNet\ZHIGUE.ElmSubstat\1.ElmTerm\Cub_1.StaCubic\ZHIGUE_ZLROME-L1-REL670.ElmRelay\ZMQPDIS.ElmRelay\ZMQ1.RelDispoly,1,ESTE PROFUNDO,ESTE,ESTE 138 kV,ZHIGUE,ZMQ1
ZMQ2,\VM-PF.IntUser\PDD 31-12-2024.IntPrj\Network Model.IntPrjfolder\Network Data.IntPrjfolder\ESTE 138 kV.ElmNet\ZHIGUE.ElmSubstat\1.ElmTerm\Cub_1.StaCubic\ZHIGUE_ZLROME-L1-REL670.ElmRelay\ZMQPDIS.ElmRelay\ZMQ2.RelDispoly,1,ESTE PROFUNDO,ESTE,ESTE 138 kV,ZHIGUE,ZMQ2
ZMQ3,\VM-PF.IntUser\PDD 31-12-2024.IntPrj\Network Model.IntPrjfolder\Network Data.IntPrjfolder\ESTE 138 kV.ElmNet\ZHIGUE.ElmSubstat\1.ElmTerm\Cub_1.StaCubic\ZHIGUE_ZLROME-L1-REL670.ElmRelay\ZMQPDIS.ElmRelay\ZMQ3.RelDispoly,1,ESTE PROFUNDO,ESTE,ESTE 138 kV,ZHIGUE,ZMQ3
ZMQ4,\VM-PF.IntUser\PDD 31-12-2024.IntPrj\Network Model.IntPrjfolder\Network Data.IntPrjfolder\ESTE 138 kV.ElmNet\ZHIGUE.ElmSubstat\1.ElmTerm\Cub_1.StaCubic\ZHIGUE_ZLROME-L1-REL670.ElmRelay\ZMQPDIS.ElmRelay\ZMQ4.RelDispoly,1,ESTE PROFUNDO,ESTE,ESTE 138 kV,ZHIGUE,ZMQ4
ZMQ5,\VM-PF.IntUser\PDD 31-12-2024.IntPrj\Network Model.IntPrjfolder\Network Data.IntPrjfolder\ESTE 138 kV.ElmNet\ZHIGUE.ElmSubstat\1.ElmTerm\Cub_1.StaCubic\ZHIGUE_ZLROME-L1-REL670.ElmRelay\ZMQPDIS.ElmRelay\ZMQ5.RelDispoly,1,ESTE PROFUNDO,ESTE,ESTE 138 kV,ZHIGUE,ZMQ5
ZDS1,\VM-PF.IntUser\PDD 31-12-2024.IntPrj\Network Model.IntPrjfolder\Network Data.IntPrjfolder\ESTE 138 kV.ElmNet\ZHIGUE.ElmSubstat\1.ElmTerm\Cub_1.StaCubic\ZHIGUE_ZLROME-L1-REL670.ElmRelay\SC Dir-Z.ElmRelay\ZDS1.RelDispoly,1,ESTE PROFUNDO,ESTE,ESTE 138 kV,ZHIGUE,ZDS1
Z1,\VM-PF.IntUser\PDD 31-12-2024.IntPrj\Network Model.IntPrjfolder\Network Data.IntPrjfolder\ESTE 138 kV.ElmNet\ZHIGUE.ElmSubstat\2.ElmTerm\Cub_1.StaCubic\ZHIGUE_ZESEIE-L1-7SD52.ElmRelay\Distance/Overcurrent/Voltage.ElmRelay\Z1.RelDispoly,1,ESTE PROFUNDO,ESTE,ESTE 138 kV,ZHIGUE,Z1
Z1b,\VM-PF.IntUser\PDD 31-12-2024.IntPrj\Network Model.IntPrjfolder\Network Data.IntPrjfolder\ESTE 138 kV.ElmNet\ZHIGUE.ElmSubstat\2.ElmTerm\Cub_1.StaCubic\ZHIGUE_ZESEIE-L1-7SD52.ElmRelay\Distance/Overcurrent/Voltage.ElmRelay\Z1b.RelDispoly,1,ESTE PROFUNDO,ESTE,ESTE 138 kV,ZHIGUE,Z1b
Z2,\VM-PF.IntUser\PDD 31-12-2024.IntPrj\Network Model.IntPrjfolder\Network Data.IntPrjfolder\ESTE 138 kV.ElmNet\ZHIGUE.ElmSubstat\2.ElmTerm\Cub_1.StaCubic\ZHIGUE_ZESEIE-L1-7SD52.ElmRelay\Distance/Overcurrent/Voltage.ElmRelay\Z2.RelDispoly,1,ESTE PROFUNDO,ESTE,ESTE 138 kV,ZHIGUE,Z2
Z3,\VM-PF.IntUser\PDD 31-12-2024.IntPrj\Network Model.IntPrjfolder\Network Data.IntPrjfolder\ESTE 138 kV.ElmNet\ZHIGUE.ElmSubstat\2.ElmTerm\Cub_1.StaCubic\ZHIGUE_ZESEIE-L1-7SD52.ElmRelay\Distance/Overcurrent/Voltage.ElmRelay\Z3.RelDispoly,1,ESTE PROFUNDO,ESTE,ESTE 138 kV,ZHIGUE,Z3
Z4,\VM-PF.IntUser\PDD 31-12-2024.IntPrj\Network Model.IntPrjfolder\Network Data.IntPrjfolder\ESTE 138 kV.ElmNet\ZHIGUE.ElmSubstat\2.ElmTerm\Cub_1.StaCubic\ZHIGUE_ZESEIE-L1-7SD52.ElmRelay\Distance/Overcurrent/Voltage.ElmRelay\Z4.RelDispoly,1,ESTE PROFUNDO,ESTE,ESTE 138 kV,ZHIGUE,Z4
Z5,\VM-PF.IntUser\PDD 31-12-2024.IntPrj\Network Model.IntPrjfolder\Network Data.IntPrjfolder\ESTE 138 kV.ElmNet\ZHIGUE.ElmSubstat\2.ElmTerm\Cub_1.StaCubic\ZHIGUE_ZESEIE-L1-7SD52.ElmRelay\Distance/Overcurrent/Voltage.ElmRelay\Z5.RelDispoly,1,ESTE PROFUNDO,ESTE,ESTE 138 kV,ZHIGUE,Z5
PPOL poly,\VM-PF.IntUser\PDD 31-12-2024.IntPrj\Network Model.IntPrjfolder\Network Data.IntPrjfolder\ESTE 138 kV.ElmNet\ZHIGUE.ElmSubstat\2.ElmTerm\Cub_1.StaCubic\ZHIGUE_ZESEIE-L1-7SD52.ElmRelay\Distance/Overcurrent/Voltage.ElmRelay\PPOL poly.RelDispoly,1,ESTE PROFUNDO,ESTE,ESTE 138 kV,ZHIGUE,PPOL poly
Outer zone,\VM-PF.IntUser\PDD 31-12-2024.IntPrj\Network Model.IntPrjfolder\Network Data.IntPrjfolder\ESTE 138 kV.ElmNet\ZHIGUE.ElmSubstat\2.ElmTerm\Cub_1.StaCubic\ZHIGUE_ZESEIE-L1-REL670.ElmRelay\RPSB 78.ElmRelay\Outer zone.RelDispoly,1,ESTE PROFUNDO,ESTE,ESTE 138 kV,ZHIGUE,Outer zone
Inner zone,\VM-PF.IntUser\PDD 31-12-2024.IntPrj\Network Model.IntPrjfolder\Network Data.IntPrjfolder\ESTE 138 kV.ElmNet\ZHIGUE.ElmSubstat\2.ElmTerm\Cub_1.StaCubic\ZHIGUE_ZESEIE-L1-REL670.ElmRelay\RPSB 78.ElmRelay\Inner zone.RelDispoly,1,ESTE PROFUNDO,ESTE,ESTE 138 kV,ZHIGUE,Inner zone
ZMC1,\VM-PF.IntUser\PDD 31-12-2024.IntPrj\Network Model.IntPrjfolder\Network Data.IntPrjfolder\ESTE 138 kV.ElmNet\ZHIGUE.ElmSubstat\2.ElmTerm\Cub_1.StaCubic\ZHIGUE_ZESEIE-L1-REL670.ElmRelay\ZMCPDIS.ElmRelay\ZMC1.RelDispoly,1,ESTE PROFUNDO,ESTE,ESTE 138 kV,ZHIGUE,ZMC1
ZMC2,\VM-PF.IntUser\PDD 31-12-2024.IntPrj\Network Model.IntPrjfolder\Network Data.IntPrjfolder\ESTE 138 kV.ElmNet\ZHIGUE.ElmSubstat\2.ElmTerm\Cub_1.StaCubic\ZHIGUE_ZESEIE-L1-REL670.ElmRelay\ZMCPDIS.ElmRelay\ZMC2.RelDispoly,1,ESTE PROFUNDO,ESTE,ESTE 138 kV,ZHIGUE,ZMC2
ZMC3,\VM-PF.IntUser\PDD 31-12-2024.IntPrj\Network Model.IntPrjfolder\Network Data.IntPrjfolder\ESTE 138 kV.ElmNet\ZHIGUE.ElmSubstat\2.ElmTerm\Cub_1.StaCubic\ZHIGUE_ZESEIE-L1-REL670.ElmRelay\ZMCPDIS.ElmRelay\ZMC3.RelDispoly,1,ESTE PROFUNDO,ESTE,ESTE 138 kV,ZHIGUE,ZMC3
ZMC4,\VM-PF.IntUser\PDD 31-12-2024.IntPrj\Network Model.IntPrjfolder\Network Data.IntPrjfolder\ESTE 138 kV.ElmNet\ZHIGUE.ElmSubstat\2.ElmTerm\Cub_1.StaCubic\ZHIGUE_ZESEIE-L1-REL670.ElmRelay\ZMCPDIS.ElmRelay\ZMC4.RelDispoly,1,ESTE PROFUNDO,ESTE,ESTE 138 kV,ZHIGUE,ZMC4
ZMC5,\VM-PF.IntUser\PDD 31-12-2024.IntPrj\Network Model.IntPrjfolder\Network Data.IntPrjfolder\ESTE 138 kV.ElmNet\ZHIGUE.ElmSubstat\2.ElmTerm\Cub_1.StaCubic\ZHIGUE_ZESEIE-L1-REL670.ElmRelay\ZMCPDIS.ElmRelay\ZMC5.RelDispoly,1,ESTE PROFUNDO,ESTE,ESTE 138 kV,ZHIGUE,ZMC5
ZMQ1,\VM-PF.IntUser\PDD 31-12-2024.IntPrj\Network Model.IntPrjfolder\Network Data.IntPrjfolder\ESTE 138 kV.ElmNet\ZHIGUE.ElmSubstat\2.ElmTerm\Cub_1.StaCubic\ZHIGUE_ZESEIE-L1-REL670.ElmRelay\ZMQPDIS.ElmRelay\ZMQ1.RelDispoly,1,ESTE PROFUNDO,ESTE,ESTE 138 kV,ZHIGUE,ZMQ1
ZMQ2,\VM-PF.IntUser\PDD 31-12-2024.IntPrj\Network Model.IntPrjfolder\Network Data.IntPrjfolder\ESTE 138 kV.ElmNet\ZHIGUE.ElmSubstat\2.ElmTerm\Cub_1.StaCubic\ZHIGUE_ZESEIE-L1-REL670.ElmRelay\ZMQPDIS.ElmRelay\ZMQ2.RelDispoly,1,ESTE PROFUNDO,ESTE,ESTE 138 kV,ZHIGUE,ZMQ2
ZMQ3,\VM-PF.IntUser\PDD 31-12-2024.IntPrj\Network Model.IntPrjfolder\Network Data.IntPrjfolder\ESTE 138 kV.ElmNet\ZHIGUE.ElmSubstat\2.ElmTerm\Cub_1.StaCubic\ZHIGUE_ZESEIE-L1-REL670.ElmRelay\ZMQPDIS.ElmRelay\ZMQ3.RelDispoly,1,ESTE PROFUNDO,ESTE,ESTE 138 kV,ZHIGUE,ZMQ3
ZMQ4,\VM-PF.IntUser\PDD 31-12-2024.IntPrj\Network Model.IntPrjfolder\Network Data.IntPrjfolder\ESTE 138 kV.ElmNet\ZHIGUE.ElmSubstat\2.ElmTerm\Cub_1.StaCubic\ZHIGUE_ZESEIE-L1-REL670.ElmRelay\ZMQPDIS.ElmRelay\ZMQ4.RelDispoly,1,ESTE PROFUNDO,ESTE,ESTE 138 kV,ZHIGUE,ZMQ4
ZMQ5,\VM-PF.IntUser\PDD 31-12-2024.IntPrj\Network Model.IntPrjfolder\Network Data.IntPrjfolder\ESTE 138 kV.ElmNet\ZHIGUE.ElmSubstat\2.ElmTerm\Cub_1.StaCubic\ZHIGUE_ZESEIE-L1-REL670.ElmRelay\ZMQPDIS.ElmRelay\ZMQ5.RelDispoly,1,ESTE PROFUNDO,ESTE,ESTE 138 kV,ZHIGUE,ZMQ5
ZDS1,\VM-PF.IntUser\PDD 31-12-2024.IntPrj\Network Model.IntPrjfolder\Network Data.IntPrjfolder\ESTE 138 kV.ElmNet\ZHIGUE.ElmSubstat\2.ElmTerm\Cub_1.StaCubic\ZHIGUE_ZESEIE-L1-REL670.ElmRelay\SC Dir-Z.ElmRelay\ZDS1.RelDispoly,1,ESTE PROFUNDO,ESTE,ESTE 138 kV,ZHIGUE,ZDS1
Z1,\VM-PF.IntUser\PDD 31-12-2024.IntPrj\Network Model.IntPrjfolder\Network Data.IntPrjfolder\ESTE 138 kV.ElmNet\ZHIGUE.ElmSubstat\5(1).ElmTerm\Cub_1.StaCubic\ZHIGUE_ZLROME-L1-7SD52.ElmRelay\Distance/Overcurrent/Voltage.ElmRelay\Z1.RelDispoly,1,ESTE PROFUNDO,ESTE,ESTE 138 kV,ZHIGUE,Z1
Z1b,\VM-PF.IntUser\PDD 31-12-2024.IntPrj\Network Model.IntPrjfolder\Network Data.IntPrjfolder\ESTE 138 kV.ElmNet\ZHIGUE.ElmSubstat\5(1).ElmTerm\Cub_1.StaCubic\ZHIGUE_ZLROME-L1-7SD52.ElmRelay\Distance/Overcurrent/Voltage.ElmRelay\Z1b.RelDispoly,1,ESTE PROFUNDO,ESTE,ESTE 138 kV,ZHIGUE,Z1b
Z2,\VM-PF.IntUser\PDD 31-12-2024.IntPrj\Network Model.IntPrjfolder\Network Data.IntPrjfolder\ESTE 138 kV.ElmNet\ZHIGUE.ElmSubstat\5(1).ElmTerm\Cub_1.StaCubic\ZHIGUE_ZLROME-L1-7SD52.ElmRelay\Distance/Overcurrent/Voltage.ElmRelay\Z2.RelDispoly,1,ESTE PROFUNDO,ESTE,ESTE 138 kV,ZHIGUE,Z2
Z3,\VM-PF.IntUser\PDD 31-12-2024.IntPrj\Network Model.IntPrjfolder\Network Data.IntPrjfolder\ESTE 138 kV.ElmNet\ZHIGUE.ElmSubstat\5(1).ElmTerm\Cub_1.StaCubic\ZHIGUE_ZLROME-L1-7SD52.ElmRelay\Distance/Overcurrent/Voltage.ElmRelay\Z3.RelDispoly,1,ESTE PROFUNDO,ESTE,ESTE 138 kV,ZHIGUE,Z3
Z4,\VM-PF.IntUser\PDD 31-12-2024.IntPrj\Network Model.IntPrjfolder\Network Data.IntPrjfolder\ESTE 138 kV.ElmNet\ZHIGUE.ElmSubstat\5(1).ElmTerm\Cub_1.StaCubic\ZHIGUE_ZLROME-L1-7SD52.ElmRelay\Distance/Overcurrent/Voltage.ElmRelay\Z4.RelDispoly,1,ESTE PROFUNDO,ESTE,ESTE 138 kV,ZHIGUE,Z4
Z5,\VM-PF.IntUser\PDD 31-12-2024.IntPrj\Network Model.IntPrjfolder\Network Data.IntPrjfolder\ESTE 138 kV.ElmNet\ZHIGUE.ElmSubstat\5(1).ElmTerm\Cub_1.StaCubic\ZHIGUE_ZLROME-L1-7SD52.ElmRelay\Distance/Overcurrent/Voltage.ElmRelay\Z5.RelDispoly,1,ESTE PROFUNDO,ESTE,ESTE 138 kV,ZHIGUE,Z5
PPOL poly,\VM-PF.IntUser\PDD 31-12-2024.IntPrj\Network Model.IntPrjfolder\Network Data.IntPrjfolder\ESTE 138 kV.ElmNet\ZHIGUE.ElmSubstat\5(1).ElmTerm\Cub_1.StaCubic\ZHIGUE_ZLROME-L1-7SD52.ElmRelay\Distance/Overcurrent/Voltage.ElmRelay\PPOL poly.RelDispoly,1,ESTE PROFUNDO,ESTE,ESTE 138 kV,ZHIGUE,PPOL poly
Outer zone,\VM-PF.IntUser\PDD 31-12-2024.IntPrj\Network Model.IntPrjfolder\Network Data.IntPrjfolder\ESTE 138 kV.ElmNet\ZHIGUE.ElmSubstat\5(1).ElmTerm\Cub_1.StaCubic\ZHIGUE_ZLROME-L1-REL670.ElmRelay\RPSB 78.ElmRelay\Outer zone.RelDispoly,1,ESTE PROFUNDO,ESTE,ESTE 138 kV,ZHIGUE,Outer zone
Inner zone,\VM-PF.IntUser\PDD 31-12-2024.IntPrj\Network Model.IntPrjfolder\Network Data.IntPrjfolder\ESTE 138 kV.ElmNet\ZHIGUE.ElmSubstat\5(1).ElmTerm\Cub_1.StaCubic\ZHIGUE_ZLROME-L1-REL670.ElmRelay\RPSB 78.ElmRelay\Inner zone.RelDispoly,1,ESTE PROFUNDO,ESTE,ESTE 138 kV,ZHIGUE,Inner zone
ZMC1,\VM-PF.IntUser\PDD 31-12-2024.IntPrj\Network Model.IntPrjfolder\Network Data.IntPrjfolder\ESTE 138 kV.ElmNet\ZHIGUE.ElmSubstat\5(1).ElmTerm\Cub_1.StaCubic\ZHIGUE_ZLROME-L1-REL670.ElmRelay\ZMCPDIS.ElmRelay\ZMC1.RelDispoly,1,ESTE PROFUNDO,ESTE,ESTE 138 kV,ZHIGUE,ZMC1
ZMC2,\VM-PF.IntUser\PDD 31-12-2024.IntPrj\Network Model.IntPrjfolder\Network Data.IntPrjfolder\ESTE 138 kV.ElmNet\ZHIGUE.ElmSubstat\5(1).ElmTerm\Cub_1.StaCubic\ZHIGUE_ZLROME-L1-REL670.ElmRelay\ZMCPDIS.ElmRelay\ZMC2.RelDispoly,1,ESTE PROFUNDO,ESTE,ESTE 138 kV,ZHIGUE,ZMC2
ZMC3,\VM-PF.IntUser\PDD 31-12-2024.IntPrj\Network Model.IntPrjfolder\Network Data.IntPrjfolder\ESTE 138 kV.ElmNet\ZHIGUE.ElmSubstat\5(1).ElmTerm\Cub_1.StaCubic\ZHIGUE_ZLROME-L1-REL670.ElmRelay\ZMCPDIS.ElmRelay\ZMC3.RelDispoly,1,ESTE PROFUNDO,ESTE,ESTE 138 kV,ZHIGUE,ZMC3
ZMC4,\VM-PF.IntUser\PDD 31-12-2024.IntPrj\Network Model.IntPrjfolder\Network Data.IntPrjfolder\ESTE 138 kV.ElmNet\ZHIGUE.ElmSubstat\5(1).ElmTerm\Cub_1.StaCubic\ZHIGUE_ZLROME-L1-REL670.ElmRelay\ZMCPDIS.ElmRelay\ZMC4.RelDispoly,1,ESTE PROFUNDO,ESTE,ESTE 138 kV,ZHIGUE,ZMC4
ZMC5,\VM-PF.IntUser\PDD 31-12-2024.IntPrj\Network Model.IntPrjfolder\Network Data.IntPrjfolder\ESTE 138 kV.ElmNet\ZHIGUE.ElmSubstat\5(1).ElmTerm\Cub_1.StaCubic\ZHIGUE_ZLROME-L1-REL670.ElmRelay\ZMCPDIS.ElmRelay\ZMC5.RelDispoly,1,ESTE PROFUNDO,ESTE,ESTE 138 kV,ZHIGUE,ZMC5
ZMQ1,\VM-PF.IntUser\PDD 31-12-2024.IntPrj\Network Model.IntPrjfolder\Network Data.IntPrjfolder\ESTE 138 kV.ElmNet\ZHIGUE.ElmSubstat\5(1).ElmTerm\Cub_1.StaCubic\ZHIGUE_ZLROME-L1-REL670.ElmRelay\ZMQPDIS.ElmRelay\ZMQ1.RelDispoly,1,ESTE PROFUNDO,ESTE,ESTE 138 kV,ZHIGUE,ZMQ1
ZMQ2,\VM-PF.IntUser\PDD 31-12-2024.IntPrj\Network Model.IntPrjfolder\Network Data.IntPrjfolder\ESTE 138 kV.ElmNet\ZHIGUE.ElmSubstat\5(1).ElmTerm\Cub_1.StaCubic\ZHIGUE_ZLROME-L1-REL670.ElmRelay\ZMQPDIS.ElmRelay\ZMQ2.RelDispoly,1,ESTE PROFUNDO,ESTE,ESTE 138 kV,ZHIGUE,ZMQ2
ZMQ3,\VM-PF.IntUser\PDD 31-12-2024.IntPrj\Network Model.IntPrjfolder\Network Data.IntPrjfolder\ESTE 138 kV.ElmNet\ZHIGUE.ElmSubstat\5(1).ElmTerm\Cub_1.StaCubic\ZHIGUE_ZLROME-L1-REL670.ElmRelay\ZMQPDIS.ElmRelay\ZMQ3.RelDispoly,1,ESTE PROFUNDO,ESTE,ESTE 138 kV,ZHIGUE,ZMQ3
ZMQ4,\VM-PF.IntUser\PDD 31-12-2024.IntPrj\Network Model.IntPrjfolder\Network Data.IntPrjfolder\ESTE 138 kV.ElmNet\ZHIGUE.ElmSubstat\5(1).ElmTerm\Cub_1.StaCubic\ZHIGUE_ZLROME-L1-REL670.ElmRelay\ZMQPDIS.ElmRelay\ZMQ4.RelDispoly,1,ESTE PROFUNDO,ESTE,ESTE 138 kV,ZHIGUE,ZMQ4
ZMQ5,\VM-PF.IntUser\PDD 31-12-2024.IntPrj\Network Model.IntPrjfolder\Network Data.IntPrjfolder\ESTE 138 kV.ElmNet\ZHIGUE.ElmSubstat\5(1).ElmTerm\Cub_1.StaCubic\ZHIGUE_ZLROME-L1-REL670.ElmRelay\ZMQPDIS.ElmRelay\ZMQ5.RelDispoly,1,ESTE PROFUNDO,ESTE,ESTE 138 kV,ZHIGUE,ZMQ5
ZDS1,\VM-PF.IntUser\PDD 31-12-2024.IntPrj\Network Model.IntPrjfolder\Network Data.IntPrjfolder\ESTE 138 kV.ElmNet\ZHIGUE.ElmSubstat\5(1).ElmTerm\Cub_1.StaCubic\ZHIGUE_ZLROME-L1-REL670.ElmRelay\SC Dir-Z.ElmRelay\ZDS1.RelDispoly,1,ESTE PROFUNDO,ESTE,ESTE 138 kV,ZHIGUE,ZDS1
Z1,\VM-PF.IntUser\PDD 31-12-2024.IntPrj\Network Model.IntPrjfolder\Network Data.IntPrjfolder\ESTE 138 kV.ElmNet\ZJDOLE.ElmSubstat\1.ElmTerm\Cub_1.StaCubic\ZJDOLE_ZHNSAE-L1-7SA522.ElmRelay\Z1.RelDispoly,1,ESTE CERCANO,ESTE,ESTE 138 kV,ZJDOLE,Z1
Z1b,\VM-PF.IntUser\PDD 31-12-2024.IntPrj\Network Model.IntPrjfolder\Network Data.IntPrjfolder\ESTE 138 kV.ElmNet\ZJDOLE.ElmSubstat\1.ElmTerm\Cub_1.StaCubic\ZJDOLE_ZHNSAE-L1-7SA522.ElmRelay\Z1b.RelDispoly,1,ESTE CERCANO,ESTE,ESTE 138 kV,ZJDOLE,Z1b
Z2,\VM-PF.IntUser\PDD 31-12-2024.IntPrj\Network Model.IntPrjfolder\Network Data.IntPrjfolder\ESTE 138 kV.ElmNet\ZJDOLE.ElmSubstat\1.ElmTerm\Cub_1.StaCubic\ZJDOLE_ZHNSAE-L1-7SA522.ElmRelay\Z2.RelDispoly,1,ESTE CERCANO,ESTE,ESTE 138 kV,ZJDOLE,Z2
Z3,\VM-PF.IntUser\PDD 31-12-2024.IntPrj\Network Model.IntPrjfolder\Network Data.IntPrjfolder\ESTE 138 kV.ElmNet\ZJDOLE.ElmSubstat\1.ElmTerm\Cub_1.StaCubic\ZJDOLE_ZHNSAE-L1-7SA522.ElmRelay\Z3.RelDispoly,1,ESTE CERCANO,ESTE,ESTE 138 kV,ZJDOLE,Z3
Z4,\VM-PF.IntUser\PDD 31-12-2024.IntPrj\Network Model.IntPrjfolder\Network Data.IntPrjfolder\ESTE 138 kV.ElmNet\ZJDOLE.ElmSubstat\1.ElmTerm\Cub_1.StaCubic\ZJDOLE_ZHNSAE-L1-7SA522.ElmRelay\Z4.RelDispoly,1,ESTE CERCANO,ESTE,ESTE 138 kV,ZJDOLE,Z4
Z5,\VM-PF.IntUser\PDD 31-12-2024.IntPrj\Network Model.IntPrjfolder\Network Data.IntPrjfolder\ESTE 138 kV.ElmNet\ZJDOLE.ElmSubstat\1.ElmTerm\Cub_1.StaCubic\ZJDOLE_ZHNSAE-L1-7SA522.ElmRelay\Z5.RelDispoly,1,ESTE CERCANO,ESTE,ESTE 138 kV,ZJDOLE,Z5
PPOL poly,\VM-PF.IntUser\PDD 31-12-2024.IntPrj\Network Model.IntPrjfolder\Network Data.IntPrjfolder\ESTE 138 kV.ElmNet\ZJDOLE.ElmSubstat\1.ElmTerm\Cub_1.StaCubic\ZJDOLE_ZHNSAE-L1-7SA522.ElmRelay\PPOL poly.RelDispoly,1,ESTE CERCANO,ESTE,ESTE 138 kV,ZJDOLE,PPOL poly
Z1,\VM-PF.IntUser\PDD 31-12-2024.IntPrj\Network Model.IntPrjfolder\Network Data.IntPrjfolder\ESTE 138 kV.ElmNet\ZJDOLE.ElmSubstat\1.ElmTerm\Cub_1.StaCubic\ZJDOLE_ZHNSAE-L1-7SA6.ElmRelay\Distance Polygonal.ElmRelay\Z1.RelDispoly,1,ESTE CERCANO,ESTE,ESTE 138 kV,ZJDOLE,Z1
Z1b,\VM-PF.IntUser\PDD 31-12-2024.IntPrj\Network Model.IntPrjfolder\Network Data.IntPrjfolder\ESTE 138 kV.ElmNet\ZJDOLE.ElmSubstat\1.ElmTerm\Cub_1.StaCubic\ZJDOLE_ZHNSAE-L1-7SA6.ElmRelay\Distance Polygonal.ElmRelay\Z1b.RelDispoly,1,ESTE CERCANO,ESTE,ESTE 138 kV,ZJDOLE,Z1b
Z2,\VM-PF.IntUser\PDD 31-12-2024.IntPrj\Network Model.IntPrjfolder\Network Data.IntPrjfolder\ESTE 138 kV.ElmNet\ZJDOLE.ElmSubstat\1.ElmTerm\Cub_1.StaCubic\ZJDOLE_ZHNSAE-L1-7SA6.ElmRelay\Distance Polygonal.ElmRelay\Z2.RelDispoly,1,ESTE CERCANO,ESTE,ESTE 138 kV,ZJDOLE,Z2
Z3,\VM-PF.IntUser\PDD 31-12-2024.IntPrj\Network Model.IntPrjfolder\Network Data.IntPrjfolder\ESTE 138 kV.ElmNet\ZJDOLE.ElmSubstat\1.ElmTerm\Cub_1.StaCubic\ZJDOLE_ZHNSAE-L1-7SA6.ElmRelay\Distance Polygonal.ElmRelay\Z3.RelDispoly,1,ESTE CERCANO,ESTE,ESTE 138 kV,ZJDOLE,Z3
Z4,\VM-PF.IntUser\PDD 31-12-2024.IntPrj\Network Model.IntPrjfolder\Network Data.IntPrjfolder\ESTE 138 kV.ElmNet\ZJDOLE.ElmSubstat\1.ElmTerm\Cub_1.StaCubic\ZJDOLE_ZHNSAE-L1-7SA6.ElmRelay\Distance Polygonal.ElmRelay\Z4.RelDispoly,1,ESTE CERCANO,ESTE,ESTE 138 kV,ZJDOLE,Z4
Z5,\VM-PF.IntUser\PDD 31-12-2024.IntPrj\Network Model.IntPrjfolder\Network Data.IntPrjfolder\ESTE 138 kV.ElmNet\ZJDOLE.ElmSubstat\1.ElmTerm\Cub_1.StaCubic\ZJDOLE_ZHNSAE-L1-7SA6.ElmRelay\Distance Polygonal.ElmRelay\Z5.RelDispoly,1,ESTE CERCANO,ESTE,ESTE 138 kV,ZJDOLE,Z5
Z1,\VM-PF.IntUser\PDD 31-12-2024.IntPrj\Network Model.IntPrjfolder\Network Data.IntPrjfolder\ESTE 138 kV.ElmNet\ZJDOLE.ElmSubstat\2.ElmTerm\Cub_1.StaCubic\ZJDOLE_ZSPM2E-L1-7SA522.ElmRelay\Z1.RelDispoly,1,ESTE CERCANO,ESTE,ESTE 138 kV,ZJDOLE,Z1
Z1b,\VM-PF.IntUser\PDD 31-12-2024.IntPrj\Network Model.IntPrjfolder\Network Data.IntPrjfolder\ESTE 138 kV.ElmNet\ZJDOLE.ElmSubstat\2.ElmTerm\Cub_1.StaCubic\ZJDOLE_ZSPM2E-L1-7SA522.ElmRelay\Z1b.RelDispoly,1,ESTE CERCANO,ESTE,ESTE 138 kV,ZJDOLE,Z1b
Z2,\VM-PF.IntUser\PDD 31-12-2024.IntPrj\Network Model.IntPrjfolder\Network Data.IntPrjfolder\ESTE 138 kV.ElmNet\ZJDOLE.ElmSubstat\2.ElmTerm\Cub_1.StaCubic\ZJDOLE_ZSPM2E-L1-7SA522.ElmRelay\Z2.RelDispoly,1,ESTE CERCANO,ESTE,ESTE 138 kV,ZJDOLE,Z2
Z3,\VM-PF.IntUser\PDD 31-12-2024.IntPrj\Network Model.IntPrjfolder\Network Data.IntPrjfolder\ESTE 138 kV.ElmNet\ZJDOLE.ElmSubstat\2.ElmTerm\Cub_1.StaCubic\ZJDOLE_ZSPM2E-L1-7SA522.ElmRelay\Z3.RelDispoly,1,ESTE CERCANO,ESTE,ESTE 138 kV,ZJDOLE,Z3
Z4,\VM-PF.IntUser\PDD 31-12-2024.IntPrj\Network Model.IntPrjfolder\Network Data.IntPrjfolder\ESTE 138 kV.ElmNet\ZJDOLE.ElmSubstat\2.ElmTerm\Cub_1.StaCubic\ZJDOLE_ZSPM2E-L1-7SA522.ElmRelay\Z4.RelDispoly,1,ESTE CERCANO,ESTE,ESTE 138 kV,ZJDOLE,Z4
Z5,\VM-PF.IntUser\PDD 31-12-2024.IntPrj\Network Model.IntPrjfolder\Network Data.IntPrjfolder\ESTE 138 kV.ElmNet\ZJDOLE.ElmSubstat\2.ElmTerm\Cub_1.StaCubic\ZJDOLE_ZSPM2E-L1-7SA522.ElmRelay\Z5.RelDispoly,1,ESTE CERCANO,ESTE,ESTE 138 kV,ZJDOLE,Z5
PPOL poly,\VM-PF.IntUser\PDD 31-12-2024.IntPrj\Network Model.IntPrjfolder\Network Data.IntPrjfolder\ESTE 138 kV.ElmNet\ZJDOLE.ElmSubstat\2.ElmTerm\Cub_1.StaCubic\ZJDOLE_ZSPM2E-L1-7SA522.ElmRelay\PPOL poly.RelDispoly,1,ESTE CERCANO,ESTE,ESTE 138 kV,ZJDOLE,PPOL poly
Z1,\VM-PF.IntUser\PDD 31-12-2024.IntPrj\Network Model.IntPrjfolder\Network Data.IntPrjfolder\ESTE 138 kV.ElmNet\ZJDOLE.ElmSubstat\2.ElmTerm\Cub_1.StaCubic\ZJDOLE_ZSPM2E-L1-7SA6.ElmRelay\Distance Polygonal.ElmRelay\Z1.RelDispoly,1,ESTE CERCANO,ESTE,ESTE 138 kV,ZJDOLE,Z1
Z1b,\VM-PF.IntUser\PDD 31-12-2024.IntPrj\Network Model.IntPrjfolder\Network Data.IntPrjfolder\ESTE 138 kV.ElmNet\ZJDOLE.ElmSubstat\2.ElmTerm\Cub_1.StaCubic\ZJDOLE_ZSPM2E-L1-7SA6.ElmRelay\Distance Polygonal.ElmRelay\Z1b.RelDispoly,1,ESTE CERCANO,ESTE,ESTE 138 kV,ZJDOLE,Z1b
Z2,\VM-PF.IntUser\PDD 31-12-2024.IntPrj\Network Model.IntPrjfolder\Network Data.IntPrjfolder\ESTE 138 kV.ElmNet\ZJDOLE.ElmSubstat\2.ElmTerm\Cub_1.StaCubic\ZJDOLE_ZSPM2E-L1-7SA6.ElmRelay\Distance Polygonal.ElmRelay\Z2.RelDispoly,1,ESTE CERCANO,ESTE,ESTE 138 kV,ZJDOLE,Z2
Z3,\VM-PF.IntUser\PDD 31-12-2024.IntPrj\Network Model.IntPrjfolder\Network Data.IntPrjfolder\ESTE 138 kV.ElmNet\ZJDOLE.ElmSubstat\2.ElmTerm\Cub_1.StaCubic\ZJDOLE_ZSPM2E-L1-7SA6.ElmRelay\Distance Polygonal.ElmRelay\Z3.RelDispoly,1,ESTE CERCANO,ESTE,ESTE 138 kV,ZJDOLE,Z3
Z4,\VM-PF.IntUser\PDD 31-12-2024.IntPrj\Network Model.IntPrjfolder\Network Data.IntPrjfolder\ESTE 138 kV.ElmNet\ZJDOLE.ElmSubstat\2.ElmTerm\Cub_1.StaCubic\ZJDOLE_ZSPM2E-L1-7SA6.ElmRelay\Distance Polygonal.ElmRelay\Z4.RelDispoly,1,ESTE CERCANO,ESTE,ESTE 138 kV,ZJDOLE,Z4
Z5,\VM-PF.IntUser\PDD 31-12-2024.IntPrj\Network Model.IntPrjfolder\Network Data.IntPrjfolder\ESTE 138 kV.ElmNet\ZJDOLE.ElmSubstat\2.ElmTerm\Cub_1.StaCubic\ZJDOLE_ZSPM2E-L1-7SA6.ElmRelay\Distance Polygonal.ElmRelay\Z5.RelDispoly,1,ESTE CERCANO,ESTE,ESTE 138 kV,ZJDOLE,Z5
Zone 5,\VM-PF.IntUser\PDD 31-12-2024.IntPrj\Network Model.IntPrjfolder\Network Data.IntPrjfolder\SUR 138 kV.ElmNet\Haina.ElmSite\ZHAINE.ElmSubstat\3.ElmTerm\Cub_1.StaCubic\ZHAINE_ZITABE-L1-SEL 311L.ElmRelay\Out of step.ElmRelay\Zone 5.RelDispoly,1,SUR CERCANO,SUR,SUR 138 kV,ZHAINE,Zone 5
Zone 6,\VM-PF.IntUser\PDD 31-12-2024.IntPrj\Network Model.IntPrjfolder\Network Data.IntPrjfolder\SUR 138 kV.ElmNet\Haina.ElmSite\ZHAINE.ElmSubstat\3.ElmTerm\Cub_1.StaCubic\ZHAINE_ZITABE-L1-SEL 311L.ElmRelay\Out of step.ElmRelay\Zone 6.RelDispoly,1,SUR CERCANO,SUR,SUR 138 kV,ZHAINE,Zone 6
Ph-Q1,\VM-PF.IntUser\PDD 31-12-2024.IntPrj\Network Model.IntPrjfolder\Network Data.IntPrjfolder\SUR 138 kV.ElmNet\Haina.ElmSite\ZHAINE.ElmSubstat\3.ElmTerm\Cub_1.StaCubic\ZHAINE_ZITABE-L1-SEL 311L.ElmRelay\Ph-Q1.RelDispoly,1,SUR CERCANO,SUR,SUR 138 kV,ZHAINE,Ph-Q1
Ph-Q2,\VM-PF.IntUser\PDD 31-12-2024.IntPrj\Network Model.IntPrjfolder\Network Data.IntPrjfolder\SUR 138 kV.ElmNet\Haina.ElmSite\ZHAINE.ElmSubstat\3.ElmTerm\Cub_1.StaCubic\ZHAINE_ZITABE-L1-SEL 311L.ElmRelay\Ph-Q2.RelDispoly,1,SUR CERCANO,SUR,SUR 138 kV,ZHAINE,Ph-Q2
Ph-Q3,\VM-PF.IntUser\PDD 31-12-2024.IntPrj\Network Model.IntPrjfolder\Network Data.IntPrjfolder\SUR 138 kV.ElmNet\Haina.ElmSite\ZHAINE.ElmSubstat\3.ElmTerm\Cub_1.StaCubic\ZHAINE_ZITABE-L1-SEL 311L.ElmRelay\Ph-Q3.RelDispoly,1,SUR CERCANO,SUR,SUR 138 kV,ZHAINE,Ph-Q3
Ph-Q4,\VM-PF.IntUser\PDD 31-12-2024.IntPrj\Network Model.IntPrjfolder\Network Data.IntPrjfolder\SUR 138 kV.ElmNet\Haina.ElmSite\ZHAINE.ElmSubstat\3.ElmTerm\Cub_1.StaCubic\ZHAINE_ZITABE-L1-SEL 311L.ElmRelay\Ph-Q4.RelDispoly,1,SUR CERCANO,SUR,SUR 138 kV,ZHAINE,Ph-Q4
Zone 5,\VM-PF.IntUser\PDD 31-12-2024.IntPrj\Network Model.IntPrjfolder\Network Data.IntPrjfolder\SUR 138 kV.ElmNet\Haina.ElmSite\ZHAINE.ElmSubstat\4.ElmTerm\Cub_1.StaCubic\ZHAINE_ZITABE-L2-SEL 311L.ElmRelay\Out of step.ElmRelay\Zone 5.RelDispoly,1,SUR CERCANO,SUR,SUR 138 kV,ZHAINE,Zone 5
Zone 6,\VM-PF.IntUser\PDD 31-12-2024.IntPrj\Network Model.IntPrjfolder\Network Data.IntPrjfolder\SUR 138 kV.ElmNet\Haina.ElmSite\ZHAINE.ElmSubstat\4.ElmTerm\Cub_1.StaCubic\ZHAINE_ZITABE-L2-SEL 311L.ElmRelay\Out of step.ElmRelay\Zone 6.RelDispoly,1,SUR CERCANO,SUR,SUR 138 kV,ZHAINE,Zone 6
Ph-Q1,\VM-PF.IntUser\PDD 31-12-2024.IntPrj\Network Model.IntPrjfolder\Network Data.IntPrjfolder\SUR 138 kV.ElmNet\Haina.ElmSite\ZHAINE.ElmSubstat\4.ElmTerm\Cub_1.StaCubic\ZHAINE_ZITABE-L2-SEL 311L.ElmRelay\Ph-Q1.RelDispoly,1,SUR CERCANO,SUR,SUR 138 kV,ZHAINE,Ph-Q1
Ph-Q2,\VM-PF.IntUser\PDD 31-12-2024.IntPrj\Network Model.IntPrjfolder\Network Data.IntPrjfolder\SUR 138 kV.ElmNet\Haina.ElmSite\ZHAINE.ElmSubstat\4.ElmTerm\Cub_1.StaCubic\ZHAINE_ZITABE-L2-SEL 311L.ElmRelay\Ph-Q2.RelDispoly,1,SUR CERCANO,SUR,SUR 138 kV,ZHAINE,Ph-Q2
Ph-Q3,\VM-PF.IntUser\PDD 31-12-2024.IntPrj\Network Model.IntPrjfolder\Network Data.IntPrjfolder\SUR 138 kV.ElmNet\Haina.ElmSite\ZHAINE.ElmSubstat\4.ElmTerm\Cub_1.StaCubic\ZHAINE_ZITABE-L2-SEL 311L.ElmRelay\Ph-Q3.RelDispoly,1,SUR CERCANO,SUR,SUR 138 kV,ZHAINE,Ph-Q3
Ph-Q4,\VM-PF.IntUser\PDD 31-12-2024.IntPrj\Network Model.IntPrjfolder\Network Data.IntPrjfolder\SUR 138 kV.ElmNet\Haina.ElmSite\ZHAINE.ElmSubstat\4.ElmTerm\Cub_1.StaCubic\ZHAINE_ZITABE-L2-SEL 311L.ElmRelay\Ph-Q4.RelDispoly,1,SUR CERCANO,SUR,SUR 138 kV,ZHAINE,Ph-Q4
Zone 5,\VM-PF.IntUser\PDD 31-12-2024.IntPrj\Network Model.IntPrjfolder\Network Data.IntPrjfolder\SUR 138 kV.ElmNet\Haina.ElmSite\ZHAINE.ElmSubstat\6.ElmTerm\Cub_1.StaCubic\ZHAINE_ZMATAE-L2-SEL 311C.ElmRelay\Out of step.ElmRelay\Zone 5.RelDispoly,1,SUR CERCANO,SUR,SUR 138 kV,ZHAINE,Zone 5
Zone 6,\VM-PF.IntUser\PDD 31-12-2024.IntPrj\Network Model.IntPrjfolder\Network Data.IntPrjfolder\SUR 138 kV.ElmNet\Haina.ElmSite\ZHAINE.ElmSubstat\6.ElmTerm\Cub_1.StaCubic\ZHAINE_ZMATAE-L2-SEL 311C.ElmRelay\Out of step.ElmRelay\Zone 6.RelDispoly,1,SUR CERCANO,SUR,SUR 138 kV,ZHAINE,Zone 6
Ph-Q1,\VM-PF.IntUser\PDD 31-12-2024.IntPrj\Network Model.IntPrjfolder\Network Data.IntPrjfolder\SUR 138 kV.ElmNet\Haina.ElmSite\ZHAINE.ElmSubstat\6.ElmTerm\Cub_1.StaCubic\ZHAINE_ZMATAE-L2-SEL 311C.ElmRelay\Ph-Q1.RelDispoly,1,SUR CERCANO,SUR,SUR 138 kV,ZHAINE,Ph-Q1
Ph-Q2,\VM-PF.IntUser\PDD 31-12-2024.IntPrj\Network Model.IntPrjfolder\Network Data.IntPrjfolder\SUR 138 kV.ElmNet\Haina.ElmSite\ZHAINE.ElmSubstat\6.ElmTerm\Cub_1.StaCubic\ZHAINE_ZMATAE-L2-SEL 311C.ElmRelay\Ph-Q2.RelDispoly,1,SUR CERCANO,SUR,SUR 138 kV,ZHAINE,Ph-Q2
Ph-Q3,\VM-PF.IntUser\PDD 31-12-2024.IntPrj\Network Model.IntPrjfolder\Network Data.IntPrjfolder\SUR 138 kV.ElmNet\Haina.ElmSite\ZHAINE.ElmSubstat\6.ElmTerm\Cub_1.StaCubic\ZHAINE_ZMATAE-L2-SEL 311C.ElmRelay\Ph-Q3.RelDispoly,1,SUR CERCANO,SUR,SUR 138 kV,ZHAINE,Ph-Q3
Ph-Q4,\VM-PF.IntUser\PDD 31-12-2024.IntPrj\Network Model.IntPrjfolder\Network Data.IntPrjfolder\SUR 138 kV.ElmNet\Haina.ElmSite\ZHAINE.ElmSubstat\6.ElmTerm\Cub_1.StaCubic\ZHAINE_ZMATAE-L2-SEL 311C.ElmRelay\Ph-Q4.RelDispoly,1,SUR CERCANO,SUR,SUR 138 kV,ZHAINE,Ph-Q4
Zone 5,\VM-PF.IntUser\PDD 31-12-2024.IntPrj\Network Model.IntPrjfolder\Network Data.IntPrjfolder\SUR 138 kV.ElmNet\Haina.ElmSite\ZHAINE.ElmSubstat\5.ElmTerm\Cub_1.StaCubic\ZHAINE_ZMATBE-L1-SEL 311C.ElmRelay\Out of step.ElmRelay\Zone 5.RelDispoly,1,SUR CERCANO,SUR,SUR 138 kV,ZHAINE,Zone 5
Zone 6,\VM-PF.IntUser\PDD 31-12-2024.IntPrj\Network Model.IntPrjfolder\Network Data.IntPrjfolder\SUR 138 kV.ElmNet\Haina.ElmSite\ZHAINE.ElmSubstat\5.ElmTerm\Cub_1.StaCubic\ZHAINE_ZMATBE-L1-SEL 311C.ElmRelay\Out of step.ElmRelay\Zone 6.RelDispoly,1,SUR CERCANO,SUR,SUR 138 kV,ZHAINE,Zone 6
Ph-Q1,\VM-PF.IntUser\PDD 31-12-2024.IntPrj\Network Model.IntPrjfolder\Network Data.IntPrjfolder\SUR 138 kV.ElmNet\Haina.ElmSite\ZHAINE.ElmSubstat\5.ElmTerm\Cub_1.StaCubic\ZHAINE_ZMATBE-L1-SEL 311C.ElmRelay\Ph-Q1.RelDispoly,1,SUR CERCANO,SUR,SUR 138 kV,ZHAINE,Ph-Q1
Ph-Q2,\VM-PF.IntUser\PDD 31-12-2024.IntPrj\Network Model.IntPrjfolder\Network Data.IntPrjfolder\SUR 138 kV.ElmNet\Haina.ElmSite\ZHAINE.ElmSubstat\5.ElmTerm\Cub_1.StaCubic\ZHAINE_ZMATBE-L1-SEL 311C.ElmRelay\Ph-Q2.RelDispoly,1,SUR CERCANO,SUR,SUR 138 kV,ZHAINE,Ph-Q2
Ph-Q3,\VM-PF.IntUser\PDD 31-12-2024.IntPrj\Network Model.IntPrjfolder\Network Data.IntPrjfolder\SUR 138 kV.ElmNet\Haina.ElmSite\ZHAINE.ElmSubstat\5.ElmTerm\Cub_1.StaCubic\ZHAINE_ZMATBE-L1-SEL 311C.ElmRelay\Ph-Q3.RelDispoly,1,SUR CERCANO,SUR,SUR 138 kV,ZHAINE,Ph-Q3
Ph-Q4,\VM-PF.IntUser\PDD 31-12-2024.IntPrj\Network Model.IntPrjfolder\Network Data.IntPrjfolder\SUR 138 kV.ElmNet\Haina.ElmSite\ZHAINE.ElmSubstat\5.ElmTerm\Cub_1.StaCubic\ZHAINE_ZMATBE-L1-SEL 311C.ElmRelay\Ph-Q4.RelDispoly,1,SUR CERCANO,SUR,SUR 138 kV,ZHAINE,Ph-Q4
Zone 6,\VM-PF.IntUser\PDD 31-12-2024.IntPrj\Network Model.IntPrjfolder\Network Data.IntPrjfolder\SUR 138 kV.ElmNet\Itabo.ElmSite\ZITABE.ElmSubstat\1.ElmTerm\Cub_1.StaCubic\ZITABE_ZITAGE-L1-SEL 411L.ElmRelay\Out of step.ElmRelay\Zone 6.RelDispoly,1,SUR CERCANO,SUR,SUR 138 kV,ZITABE,Zone 6
Zone 7,\VM-PF.IntUser\PDD 31-12-2024.IntPrj\Network Model.IntPrjfolder\Network Data.IntPrjfolder\SUR 138 kV.ElmNet\Itabo.ElmSite\ZITABE.ElmSubstat\1.ElmTerm\Cub_1.StaCubic\ZITABE_ZITAGE-L1-SEL 411L.ElmRelay\Out of step.ElmRelay\Zone 7.RelDispoly,1,SUR CERCANO,SUR,SUR 138 kV,ZITABE,Zone 7
G-Q1,\VM-PF.IntUser\PDD 31-12-2024.IntPrj\Network Model.IntPrjfolder\Network Data.IntPrjfolder\SUR 138 kV.ElmNet\Itabo.ElmSite\ZITABE.ElmSubstat\1.ElmTerm\Cub_1.StaCubic\ZITABE_ZITAGE-L1-SEL 411L.ElmRelay\G-Q1.RelDispoly,1,SUR CERCANO,SUR,SUR 138 kV,ZITABE,G-Q1
G-Q2,\VM-PF.IntUser\PDD 31-12-2024.IntPrj\Network Model.IntPrjfolder\Network Data.IntPrjfolder\SUR 138 kV.ElmNet\Itabo.ElmSite\ZITABE.ElmSubstat\1.ElmTerm\Cub_1.StaCubic\ZITABE_ZITAGE-L1-SEL 411L.ElmRelay\G-Q2.RelDispoly,1,SUR CERCANO,SUR,SUR 138 kV,ZITABE,G-Q2
G-Q3,\VM-PF.IntUser\PDD 31-12-2024.IntPrj\Network Model.IntPrjfolder\Network Data.IntPrjfolder\SUR 138 kV.ElmNet\Itabo.ElmSite\ZITABE.ElmSubstat\1.ElmTerm\Cub_1.StaCubic\ZITABE_ZITAGE-L1-SEL 411L.ElmRelay\G-Q3.RelDispoly,1,SUR CERCANO,SUR,SUR 138 kV,ZITABE,G-Q3
G-Q4,\VM-PF.IntUser\PDD 31-12-2024.IntPrj\Network Model.IntPrjfolder\Network Data.IntPrjfolder\SUR 138 kV.ElmNet\Itabo.ElmSite\ZITABE.ElmSubstat\1.ElmTerm\Cub_1.StaCubic\ZITABE_ZITAGE-L1-SEL 411L.ElmRelay\G-Q4.RelDispoly,1,SUR CERCANO,SUR,SUR 138 kV,ZITABE,G-Q4
G-Q5,\VM-PF.IntUser\PDD 31-12-2024.IntPrj\Network Model.IntPrjfolder\Network Data.IntPrjfolder\SUR 138 kV.ElmNet\Itabo.ElmSite\ZITABE.ElmSubstat\1.ElmTerm\Cub_1.StaCubic\ZITABE_ZITAGE-L1-SEL 411L.ElmRelay\G-Q5.RelDispoly,1,SUR CERCANO,SUR,SUR 138 kV,ZITABE,G-Q5
Zone 5,\VM-PF.IntUser\PDD 31-12-2024.IntPrj\Network Model.IntPrjfolder\Network Data.IntPrjfolder\SUR 138 kV.ElmNet\Itabo.ElmSite\ZITABE.ElmSubstat\1.ElmTerm\Cub_1.StaCubic\ZITABE_ZITAGE-L1-SEL 311C.ElmRelay\Out of step.ElmRelay\Zone 5.RelDispoly,1,SUR CERCANO,SUR,SUR 138 kV,ZITABE,Zone 5
Zone 6,\VM-PF.IntUser\PDD 31-12-2024.IntPrj\Network Model.IntPrjfolder\Network Data.IntPrjfolder\SUR 138 kV.ElmNet\Itabo.ElmSite\ZITABE.ElmSubstat\1.ElmTerm\Cub_1.StaCubic\ZITABE_ZITAGE-L1-SEL 311C.ElmRelay\Out of step.ElmRelay\Zone 6.RelDispoly,1,SUR CERCANO,SUR,SUR 138 kV,ZITABE,Zone 6
Ph-Q1,\VM-PF.IntUser\PDD 31-12-2024.IntPrj\Network Model.IntPrjfolder\Network Data.IntPrjfolder\SUR 138 kV.ElmNet\Itabo.ElmSite\ZITABE.ElmSubstat\1.ElmTerm\Cub_1.StaCubic\ZITABE_ZITAGE-L1-SEL 311C.ElmRelay\Ph-Q1.RelDispoly,1,SUR CERCANO,SUR,SUR 138 kV,ZITABE,Ph-Q1
Ph-Q2,\VM-PF.IntUser\PDD 31-12-2024.IntPrj\Network Model.IntPrjfolder\Network Data.IntPrjfolder\SUR 138 kV.ElmNet\Itabo.ElmSite\ZITABE.ElmSubstat\1.ElmTerm\Cub_1.StaCubic\ZITABE_ZITAGE-L1-SEL 311C.ElmRelay\Ph-Q2.RelDispoly,1,SUR CERCANO,SUR,SUR 138 kV,ZITABE,Ph-Q2
Ph-Q3,\VM-PF.IntUser\PDD 31-12-2024.IntPrj\Network Model.IntPrjfolder\Network Data.IntPrjfolder\SUR 138 kV.ElmNet\Itabo.ElmSite\ZITABE.ElmSubstat\1.ElmTerm\Cub_1.StaCubic\ZITABE_ZITAGE-L1-SEL 311C.ElmRelay\Ph-Q3.RelDispoly,1,SUR CERCANO,SUR,SUR 138 kV,ZITABE,Ph-Q3
Ph-Q4,\VM-PF.IntUser\PDD 31-12-2024.IntPrj\Network Model.IntPrjfolder\Network Data.IntPrjfolder\SUR 138 kV.ElmNet\Itabo.ElmSite\ZITABE.ElmSubstat\1.ElmTerm\Cub_1.StaCubic\ZITABE_ZITAGE-L1-SEL 311C.ElmRelay\Ph-Q4.RelDispoly,1,SUR CERCANO,SUR,SUR 138 kV,ZITABE,Ph-Q4
Outer zone,\VM-PF.IntUser\PDD 31-12-2024.IntPrj\Network Model.IntPrjfolder\Network Data.IntPrjfolder\SUR 138 kV.ElmNet\Itabo.ElmSite\ZITABE.ElmSubstat\2.ElmTerm\Cub_1.StaCubic\ZITABE_ZPALAE-L1-REL670.ElmRelay\RPSB 78.ElmRelay\Outer zone.RelDispoly,1,SUR CERCANO,SUR,SUR 138 kV,ZITABE,Outer zone
Inner zone,\VM-PF.IntUser\PDD 31-12-2024.IntPrj\Network Model.IntPrjfolder\Network Data.IntPrjfolder\SUR 138 kV.ElmNet\Itabo.ElmSite\ZITABE.ElmSubstat\2.ElmTerm\Cub_1.StaCubic\ZITABE_ZPALAE-L1-REL670.ElmRelay\RPSB 78.ElmRelay\Inner zone.RelDispoly,1,SUR CERCANO,SUR,SUR 138 kV,ZITABE,Inner zone
ZMC1,\VM-PF.IntUser\PDD 31-12-2024.IntPrj\Network Model.IntPrjfolder\Network Data.IntPrjfolder\SUR 138 kV.ElmNet\Itabo.ElmSite\ZITABE.ElmSubstat\2.ElmTerm\Cub_1.StaCubic\ZITABE_ZPALAE-L1-REL670.ElmRelay\ZMCPDIS.ElmRelay\ZMC1.RelDispoly,1,SUR CERCANO,SUR,SUR 138 kV,ZITABE,ZMC1
ZMC2,\VM-PF.IntUser\PDD 31-12-2024.IntPrj\Network Model.IntPrjfolder\Network Data.IntPrjfolder\SUR 138 kV.ElmNet\Itabo.ElmSite\ZITABE.ElmSubstat\2.ElmTerm\Cub_1.StaCubic\ZITABE_ZPALAE-L1-REL670.ElmRelay\ZMCPDIS.ElmRelay\ZMC2.RelDispoly,1,SUR CERCANO,SUR,SUR 138 kV,ZITABE,ZMC2
ZMC3,\VM-PF.IntUser\PDD 31-12-2024.IntPrj\Network Model.IntPrjfolder\Network Data.IntPrjfolder\SUR 138 kV.ElmNet\Itabo.ElmSite\ZITABE.ElmSubstat\2.ElmTerm\Cub_1.StaCubic\ZITABE_ZPALAE-L1-REL670.ElmRelay\ZMCPDIS.ElmRelay\ZMC3.RelDispoly,1,SUR CERCANO,SUR,SUR 138 kV,ZITABE,ZMC3
ZMC4,\VM-PF.IntUser\PDD 31-12-2024.IntPrj\Network Model.IntPrjfolder\Network Data.IntPrjfolder\SUR 138 kV.ElmNet\Itabo.ElmSite\ZITABE.ElmSubstat\2.ElmTerm\Cub_1.StaCubic\ZITABE_ZPALAE-L1-REL670.ElmRelay\ZMCPDIS.ElmRelay\ZMC4.RelDispoly,1,SUR CERCANO,SUR,SUR 138 kV,ZITABE,ZMC4
ZMC5,\VM-PF.IntUser\PDD 31-12-2024.IntPrj\Network Model.IntPrjfolder\Network Data.IntPrjfolder\SUR 138 kV.ElmNet\Itabo.ElmSite\ZITABE.ElmSubstat\2.ElmTerm\Cub_1.StaCubic\ZITABE_ZPALAE-L1-REL670.ElmRelay\ZMCPDIS.ElmRelay\ZMC5.RelDispoly,1,SUR CERCANO,SUR,SUR 138 kV,ZITABE,ZMC5
ZMQ1,\VM-PF.IntUser\PDD 31-12-2024.IntPrj\Network Model.IntPrjfolder\Network Data.IntPrjfolder\SUR 138 kV.ElmNet\Itabo.ElmSite\ZITABE.ElmSubstat\2.ElmTerm\Cub_1.StaCubic\ZITABE_ZPALAE-L1-REL670.ElmRelay\ZMQPDIS.ElmRelay\ZMQ1.RelDispoly,1,SUR CERCANO,SUR,SUR 138 kV,ZITABE,ZMQ1
ZMQ2,\VM-PF.IntUser\PDD 31-12-2024.IntPrj\Network Model.IntPrjfolder\Network Data.IntPrjfolder\SUR 138 kV.ElmNet\Itabo.ElmSite\ZITABE.ElmSubstat\2.ElmTerm\Cub_1.StaCubic\ZITABE_ZPALAE-L1-REL670.ElmRelay\ZMQPDIS.ElmRelay\ZMQ2.RelDispoly,1,SUR CERCANO,SUR,SUR 138 kV,ZITABE,ZMQ2
ZMQ3,\VM-PF.IntUser\PDD 31-12-2024.IntPrj\Network Model.IntPrjfolder\Network Data.IntPrjfolder\SUR 138 kV.ElmNet\Itabo.ElmSite\ZITABE.ElmSubstat\2.ElmTerm\Cub_1.StaCubic\ZITABE_ZPALAE-L1-REL670.ElmRelay\ZMQPDIS.ElmRelay\ZMQ3.RelDispoly,1,SUR CERCANO,SUR,SUR 138 kV,ZITABE,ZMQ3
ZMQ4,\VM-PF.IntUser\PDD 31-12-2024.IntPrj\Network Model.IntPrjfolder\Network Data.IntPrjfolder\SUR 138 kV.ElmNet\Itabo.ElmSite\ZITABE.ElmSubstat\2.ElmTerm\Cub_1.StaCubic\ZITABE_ZPALAE-L1-REL670.ElmRelay\ZMQPDIS.ElmRelay\ZMQ4.RelDispoly,1,SUR CERCANO,SUR,SUR 138 kV,ZITABE,ZMQ4
ZMQ5,\VM-PF.IntUser\PDD 31-12-2024.IntPrj\Network Model.IntPrjfolder\Network Data.IntPrjfolder\SUR 138 kV.ElmNet\Itabo.ElmSite\ZITABE.ElmSubstat\2.ElmTerm\Cub_1.StaCubic\ZITABE_ZPALAE-L1-REL670.ElmRelay\ZMQPDIS.ElmRelay\ZMQ5.RelDispoly,1,SUR CERCANO,SUR,SUR 138 kV,ZITABE,ZMQ5
ZDS1,\VM-PF.IntUser\PDD 31-12-2024.IntPrj\Network Model.IntPrjfolder\Network Data.IntPrjfolder\SUR 138 kV.ElmNet\Itabo.ElmSite\ZITABE.ElmSubstat\2.ElmTerm\Cub_1.StaCubic\ZITABE_ZPALAE-L1-REL670.ElmRelay\SC Dir-Z.ElmRelay\ZDS1.RelDispoly,1,SUR CERCANO,SUR,SUR 138 kV,ZITABE,ZDS1
Outer zone,\VM-PF.IntUser\PDD 31-12-2024.IntPrj\Network Model.IntPrjfolder\Network Data.IntPrjfolder\SUR 138 kV.ElmNet\Itabo.ElmSite\ZITABE.ElmSubstat\6.ElmTerm\Cub_1.StaCubic\ZITABE_ZHERRE-L1-REL670.ElmRelay\RPSB 78.ElmRelay\Outer zone.RelDispoly,1,SUR CERCANO,SUR,SUR 138 kV,ZITABE,Outer zone
Inner zone,\VM-PF.IntUser\PDD 31-12-2024.IntPrj\Network Model.IntPrjfolder\Network Data.IntPrjfolder\SUR 138 kV.ElmNet\Itabo.ElmSite\ZITABE.ElmSubstat\6.ElmTerm\Cub_1.StaCubic\ZITABE_ZHERRE-L1-REL670.ElmRelay\RPSB 78.ElmRelay\Inner zone.RelDispoly,1,SUR CERCANO,SUR,SUR 138 kV,ZITABE,Inner zone
ZMC1,\VM-PF.IntUser\PDD 31-12-2024.IntPrj\Network Model.IntPrjfolder\Network Data.IntPrjfolder\SUR 138 kV.ElmNet\Itabo.ElmSite\ZITABE.ElmSubstat\6.ElmTerm\Cub_1.StaCubic\ZITABE_ZHERRE-L1-REL670.ElmRelay\ZMCPDIS.ElmRelay\ZMC1.RelDispoly,1,SUR CERCANO,SUR,SUR 138 kV,ZITABE,ZMC1
ZMC2,\VM-PF.IntUser\PDD 31-12-2024.IntPrj\Network Model.IntPrjfolder\Network Data.IntPrjfolder\SUR 138 kV.ElmNet\Itabo.ElmSite\ZITABE.ElmSubstat\6.ElmTerm\Cub_1.StaCubic\ZITABE_ZHERRE-L1-REL670.ElmRelay\ZMCPDIS.ElmRelay\ZMC2.RelDispoly,1,SUR CERCANO,SUR,SUR 138 kV,ZITABE,ZMC2
ZMC3,\VM-PF.IntUser\PDD 31-12-2024.IntPrj\Network Model.IntPrjfolder\Network Data.IntPrjfolder\SUR 138 kV.ElmNet\Itabo.ElmSite\ZITABE.ElmSubstat\6.ElmTerm\Cub_1.StaCubic\ZITABE_ZHERRE-L1-REL670.ElmRelay\ZMCPDIS.ElmRelay\ZMC3.RelDispoly,1,SUR CERCANO,SUR,SUR 138 kV,ZITABE,ZMC3
ZMC4,\VM-PF.IntUser\PDD 31-12-2024.IntPrj\Network Model.IntPrjfolder\Network Data.IntPrjfolder\SUR 138 kV.ElmNet\Itabo.ElmSite\ZITABE.ElmSubstat\6.ElmTerm\Cub_1.StaCubic\ZITABE_ZHERRE-L1-REL670.ElmRelay\ZMCPDIS.ElmRelay\ZMC4.RelDispoly,1,SUR CERCANO,SUR,SUR 138 kV,ZITABE,ZMC4
ZMC5,\VM-PF.IntUser\PDD 31-12-2024.IntPrj\Network Model.IntPrjfolder\Network Data.IntPrjfolder\SUR 138 kV.ElmNet\Itabo.ElmSite\ZITABE.ElmSubstat\6.ElmTerm\Cub_1.StaCubic\ZITABE_ZHERRE-L1-REL670.ElmRelay\ZMCPDIS.ElmRelay\ZMC5.RelDispoly,1,SUR CERCANO,SUR,SUR 138 kV,ZITABE,ZMC5
ZMQ1,\VM-PF.IntUser\PDD 31-12-2024.IntPrj\Network Model.IntPrjfolder\Network Data.IntPrjfolder\SUR 138 kV.ElmNet\Itabo.ElmSite\ZITABE.ElmSubstat\6.ElmTerm\Cub_1.StaCubic\ZITABE_ZHERRE-L1-REL670.ElmRelay\ZMQPDIS.ElmRelay\ZMQ1.RelDispoly,1,SUR CERCANO,SUR,SUR 138 kV,ZITABE,ZMQ1
ZMQ2,\VM-PF.IntUser\PDD 31-12-2024.IntPrj\Network Model.IntPrjfolder\Network Data.IntPrjfolder\SUR 138 kV.ElmNet\Itabo.ElmSite\ZITABE.ElmSubstat\6.ElmTerm\Cub_1.StaCubic\ZITABE_ZHERRE-L1-REL670.ElmRelay\ZMQPDIS.ElmRelay\ZMQ2.RelDispoly,1,SUR CERCANO,SUR,SUR 138 kV,ZITABE,ZMQ2
ZMQ3,\VM-PF.IntUser\PDD 31-12-2024.IntPrj\Network Model.IntPrjfolder\Network Data.IntPrjfolder\SUR 138 kV.ElmNet\Itabo.ElmSite\ZITABE.ElmSubstat\6.ElmTerm\Cub_1.StaCubic\ZITABE_ZHERRE-L1-REL670.ElmRelay\ZMQPDIS.ElmRelay\ZMQ3.RelDispoly,1,SUR CERCANO,SUR,SUR 138 kV,ZITABE,ZMQ3
ZMQ4,\VM-PF.IntUser\PDD 31-12-2024.IntPrj\Network Model.IntPrjfolder\Network Data.IntPrjfolder\SUR 138 kV.ElmNet\Itabo.ElmSite\ZITABE.ElmSubstat\6.ElmTerm\Cub_1.StaCubic\ZITABE_ZHERRE-L1-REL670.ElmRelay\ZMQPDIS.ElmRelay\ZMQ4.RelDispoly,1,SUR CERCANO,SUR,SUR 138 kV,ZITABE,ZMQ4
ZMQ5,\VM-PF.IntUser\PDD 31-12-2024.IntPrj\Network Model.IntPrjfolder\Network Data.IntPrjfolder\SUR 138 kV.ElmNet\Itabo.ElmSite\ZITABE.ElmSubstat\6.ElmTerm\Cub_1.StaCubic\ZITABE_ZHERRE-L1-REL670.ElmRelay\ZMQPDIS.ElmRelay\ZMQ5.RelDispoly,1,SUR CERCANO,SUR,SUR 138 kV,ZITABE,ZMQ5
ZDS1,\VM-PF.IntUser\PDD 31-12-2024.IntPrj\Network Model.IntPrjfolder\Network Data.IntPrjfolder\SUR 138 kV.ElmNet\Itabo.ElmSite\ZITABE.ElmSubstat\6.ElmTerm\Cub_1.StaCubic\ZITABE_ZHERRE-L1-REL670.ElmRelay\SC Dir-Z.ElmRelay\ZDS1.RelDispoly,1,SUR CERCANO,SUR,SUR 138 kV,ZITABE,ZDS1
Outer zone,\VM-PF.IntUser\PDD 31-12-2024.IntPrj\Network Model.IntPrjfolder\Network Data.IntPrjfolder\SUR 138 kV.ElmNet\Itabo.ElmSite\ZITABE.ElmSubstat\7.ElmTerm\Cub_1.StaCubic\ZITABE_ZLPRAE-L1-REL670.ElmRelay\RPSB 78.ElmRelay\Outer zone.RelDispoly,1,SUR CERCANO,SUR,SUR 138 kV,ZITABE,Outer zone
Inner zone,\VM-PF.IntUser\PDD 31-12-2024.IntPrj\Network Model.IntPrjfolder\Network Data.IntPrjfolder\SUR 138 kV.ElmNet\Itabo.ElmSite\ZITABE.ElmSubstat\7.ElmTerm\Cub_1.StaCubic\ZITABE_ZLPRAE-L1-REL670.ElmRelay\RPSB 78.ElmRelay\Inner zone.RelDispoly,1,SUR CERCANO,SUR,SUR 138 kV,ZITABE,Inner zone
ZMC1,\VM-PF.IntUser\PDD 31-12-2024.IntPrj\Network Model.IntPrjfolder\Network Data.IntPrjfolder\SUR 138 kV.ElmNet\Itabo.ElmSite\ZITABE.ElmSubstat\7.ElmTerm\Cub_1.StaCubic\ZITABE_ZLPRAE-L1-REL670.ElmRelay\ZMCPDIS.ElmRelay\ZMC1.RelDispoly,1,SUR CERCANO,SUR,SUR 138 kV,ZITABE,ZMC1
ZMC2,\VM-PF.IntUser\PDD 31-12-2024.IntPrj\Network Model.IntPrjfolder\Network Data.IntPrjfolder\SUR 138 kV.ElmNet\Itabo.ElmSite\ZITABE.ElmSubstat\7.ElmTerm\Cub_1.StaCubic\ZITABE_ZLPRAE-L1-REL670.ElmRelay\ZMCPDIS.ElmRelay\ZMC2.RelDispoly,1,SUR CERCANO,SUR,SUR 138 kV,ZITABE,ZMC2
ZMC3,\VM-PF.IntUser\PDD 31-12-2024.IntPrj\Network Model.IntPrjfolder\Network Data.IntPrjfolder\SUR 138 kV.ElmNet\Itabo.ElmSite\ZITABE.ElmSubstat\7.ElmTerm\Cub_1.StaCubic\ZITABE_ZLPRAE-L1-REL670.ElmRelay\ZMCPDIS.ElmRelay\ZMC3.RelDispoly,1,SUR CERCANO,SUR,SUR 138 kV,ZITABE,ZMC3
ZMC4,\VM-PF.IntUser\PDD 31-12-2024.IntPrj\Network Model.IntPrjfolder\Network Data.IntPrjfolder\SUR 138 kV.ElmNet\Itabo.ElmSite\ZITABE.ElmSubstat\7.ElmTerm\Cub_1.StaCubic\ZITABE_ZLPRAE-L1-REL670.ElmRelay\ZMCPDIS.ElmRelay\ZMC4.RelDispoly,1,SUR CERCANO,SUR,SUR 138 kV,ZITABE,ZMC4
ZMC5,\VM-PF.IntUser\PDD 31-12-2024.IntPrj\Network Model.IntPrjfolder\Network Data.IntPrjfolder\SUR 138 kV.ElmNet\Itabo.ElmSite\ZITABE.ElmSubstat\7.ElmTerm\Cub_1.StaCubic\ZITABE_ZLPRAE-L1-REL670.ElmRelay\ZMCPDIS.ElmRelay\ZMC5.RelDispoly,1,SUR CERCANO,SUR,SUR 138 kV,ZITABE,ZMC5
ZMQ1,\VM-PF.IntUser\PDD 31-12-2024.IntPrj\Network Model.IntPrjfolder\Network Data.IntPrjfolder\SUR 138 kV.ElmNet\Itabo.ElmSite\ZITABE.ElmSubstat\7.ElmTerm\Cub_1.StaCubic\ZITABE_ZLPRAE-L1-REL670.ElmRelay\ZMQPDIS.ElmRelay\ZMQ1.RelDispoly,1,SUR CERCANO,SUR,SUR 138 kV,ZITABE,ZMQ1
ZMQ2,\VM-PF.IntUser\PDD 31-12-2024.IntPrj\Network Model.IntPrjfolder\Network Data.IntPrjfolder\SUR 138 kV.ElmNet\Itabo.ElmSite\ZITABE.ElmSubstat\7.ElmTerm\Cub_1.StaCubic\ZITABE_ZLPRAE-L1-REL670.ElmRelay\ZMQPDIS.ElmRelay\ZMQ2.RelDispoly,1,SUR CERCANO,SUR,SUR 138 kV,ZITABE,ZMQ2
ZMQ3,\VM-PF.IntUser\PDD 31-12-2024.IntPrj\Network Model.IntPrjfolder\Network Data.IntPrjfolder\SUR 138 kV.ElmNet\Itabo.ElmSite\ZITABE.ElmSubstat\7.ElmTerm\Cub_1.StaCubic\ZITABE_ZLPRAE-L1-REL670.ElmRelay\ZMQPDIS.ElmRelay\ZMQ3.RelDispoly,1,SUR CERCANO,SUR,SUR 138 kV,ZITABE,ZMQ3
ZMQ4,\VM-PF.IntUser\PDD 31-12-2024.IntPrj\Network Model.IntPrjfolder\Network Data.IntPrjfolder\SUR 138 kV.ElmNet\Itabo.ElmSite\ZITABE.ElmSubstat\7.ElmTerm\Cub_1.StaCubic\ZITABE_ZLPRAE-L1-REL670.ElmRelay\ZMQPDIS.ElmRelay\ZMQ4.RelDispoly,1,SUR CERCANO,SUR,SUR 138 kV,ZITABE,ZMQ4
ZMQ5,\VM-PF.IntUser\PDD 31-12-2024.IntPrj\Network Model.IntPrjfolder\Network Data.IntPrjfolder\SUR 138 kV.ElmNet\Itabo.ElmSite\ZITABE.ElmSubstat\7.ElmTerm\Cub_1.StaCubic\ZITABE_ZLPRAE-L1-REL670.ElmRelay\ZMQPDIS.ElmRelay\ZMQ5.RelDispoly,1,SUR CERCANO,SUR,SUR 138 kV,ZITABE,ZMQ5
ZDS1,\VM-PF.IntUser\PDD 31-12-2024.IntPrj\Network Model.IntPrjfolder\Network Data.IntPrjfolder\SUR 138 kV.ElmNet\Itabo.ElmSite\ZITABE.ElmSubstat\7.ElmTerm\Cub_1.StaCubic\ZITABE_ZLPRAE-L1-REL670.ElmRelay\SC Dir-Z.ElmRelay\ZDS1.RelDispoly,1,SUR CERCANO,SUR,SUR 138 kV,ZITABE,ZDS1
Zone 5,\VM-PF.IntUser\PDD 31-12-2024.IntPrj\Network Model.IntPrjfolder\Network Data.IntPrjfolder\SUR 138 kV.ElmNet\Itabo.ElmSite\ZITABE.ElmSubstat\8.ElmTerm\Cub_1.StaCubic\ZITABE_ZHAINE-L1-SEL 311L.ElmRelay\Out of step.ElmRelay\Zone 5.RelDispoly,1,SUR CERCANO,SUR,SUR 138 kV,ZITABE,Zone 5
Zone 6,\VM-PF.IntUser\PDD 31-12-2024.IntPrj\Network Model.IntPrjfolder\Network Data.IntPrjfolder\SUR 138 kV.ElmNet\Itabo.ElmSite\ZITABE.ElmSubstat\8.ElmTerm\Cub_1.StaCubic\ZITABE_ZHAINE-L1-SEL 311L.ElmRelay\Out of step.ElmRelay\Zone 6.RelDispoly,1,SUR CERCANO,SUR,SUR 138 kV,ZITABE,Zone 6
Ph-Q1,\VM-PF.IntUser\PDD 31-12-2024.IntPrj\Network Model.IntPrjfolder\Network Data.IntPrjfolder\SUR 138 kV.ElmNet\Itabo.ElmSite\ZITABE.ElmSubstat\8.ElmTerm\Cub_1.StaCubic\ZITABE_ZHAINE-L1-SEL 311L.ElmRelay\Ph-Q1.RelDispoly,1,SUR CERCANO,SUR,SUR 138 kV,ZITABE,Ph-Q1
Ph-Q2,\VM-PF.IntUser\PDD 31-12-2024.IntPrj\Network Model.IntPrjfolder\Network Data.IntPrjfolder\SUR 138 kV.ElmNet\Itabo.ElmSite\ZITABE.ElmSubstat\8.ElmTerm\Cub_1.StaCubic\ZITABE_ZHAINE-L1-SEL 311L.ElmRelay\Ph-Q2.RelDispoly,1,SUR CERCANO,SUR,SUR 138 kV,ZITABE,Ph-Q2
Ph-Q3,\VM-PF.IntUser\PDD 31-12-2024.IntPrj\Network Model.IntPrjfolder\Network Data.IntPrjfolder\SUR 138 kV.ElmNet\Itabo.ElmSite\ZITABE.ElmSubstat\8.ElmTerm\Cub_1.StaCubic\ZITABE_ZHAINE-L1-SEL 311L.ElmRelay\Ph-Q3.RelDispoly,1,SUR CERCANO,SUR,SUR 138 kV,ZITABE,Ph-Q3
Ph-Q4,\VM-PF.IntUser\PDD 31-12-2024.IntPrj\Network Model.IntPrjfolder\Network Data.IntPrjfolder\SUR 138 kV.ElmNet\Itabo.ElmSite\ZITABE.ElmSubstat\8.ElmTerm\Cub_1.StaCubic\ZITABE_ZHAINE-L1-SEL 311L.ElmRelay\Ph-Q4.RelDispoly,1,SUR CERCANO,SUR,SUR 138 kV,ZITABE,Ph-Q4
Outer zone,\VM-PF.IntUser\PDD 31-12-2024.IntPrj\Network Model.IntPrjfolder\Network Data.IntPrjfolder\SUR 138 kV.ElmNet\Itabo.ElmSite\ZITABE.ElmSubstat\8.ElmTerm\Cub_1.StaCubic\ZITABE_ZHAINE-L1-REL670.ElmRelay\RPSB 78.ElmRelay\Outer zone.RelDispoly,1,SUR CERCANO,SUR,SUR 138 kV,ZITABE,Outer zone
Inner zone,\VM-PF.IntUser\PDD 31-12-2024.IntPrj\Network Model.IntPrjfolder\Network Data.IntPrjfolder\SUR 138 kV.ElmNet\Itabo.ElmSite\ZITABE.ElmSubstat\8.ElmTerm\Cub_1.StaCubic\ZITABE_ZHAINE-L1-REL670.ElmRelay\RPSB 78.ElmRelay\Inner zone.RelDispoly,1,SUR CERCANO,SUR,SUR 138 kV,ZITABE,Inner zone
ZMC1,\VM-PF.IntUser\PDD 31-12-2024.IntPrj\Network Model.IntPrjfolder\Network Data.IntPrjfolder\SUR 138 kV.ElmNet\Itabo.ElmSite\ZITABE.ElmSubstat\8.ElmTerm\Cub_1.StaCubic\ZITABE_ZHAINE-L1-REL670.ElmRelay\ZMCPDIS.ElmRelay\ZMC1.RelDispoly,1,SUR CERCANO,SUR,SUR 138 kV,ZITABE,ZMC1
ZMC2,\VM-PF.IntUser\PDD 31-12-2024.IntPrj\Network Model.IntPrjfolder\Network Data.IntPrjfolder\SUR 138 kV.ElmNet\Itabo.ElmSite\ZITABE.ElmSubstat\8.ElmTerm\Cub_1.StaCubic\ZITABE_ZHAINE-L1-REL670.ElmRelay\ZMCPDIS.ElmRelay\ZMC2.RelDispoly,1,SUR CERCANO,SUR,SUR 138 kV,ZITABE,ZMC2
ZMC3,\VM-PF.IntUser\PDD 31-12-2024.IntPrj\Network Model.IntPrjfolder\Network Data.IntPrjfolder\SUR 138 kV.ElmNet\Itabo.ElmSite\ZITABE.ElmSubstat\8.ElmTerm\Cub_1.StaCubic\ZITABE_ZHAINE-L1-REL670.ElmRelay\ZMCPDIS.ElmRelay\ZMC3.RelDispoly,1,SUR CERCANO,SUR,SUR 138 kV,ZITABE,ZMC3
ZMC4,\VM-PF.IntUser\PDD 31-12-2024.IntPrj\Network Model.IntPrjfolder\Network Data.IntPrjfolder\SUR 138 kV.ElmNet\Itabo.ElmSite\ZITABE.ElmSubstat\8.ElmTerm\Cub_1.StaCubic\ZITABE_ZHAINE-L1-REL670.ElmRelay\ZMCPDIS.ElmRelay\ZMC4.RelDispoly,1,SUR CERCANO,SUR,SUR 138 kV,ZITABE,ZMC4
ZMC5,\VM-PF.IntUser\PDD 31-12-2024.IntPrj\Network Model.IntPrjfolder\Network Data.IntPrjfolder\SUR 138 kV.ElmNet\Itabo.ElmSite\ZITABE.ElmSubstat\8.ElmTerm\Cub_1.StaCubic\ZITABE_ZHAINE-L1-REL670.ElmRelay\ZMCPDIS.ElmRelay\ZMC5.RelDispoly,1,SUR CERCANO,SUR,SUR 138 kV,ZITABE,ZMC5
ZMQ1,\VM-PF.IntUser\PDD 31-12-2024.IntPrj\Network Model.IntPrjfolder\Network Data.IntPrjfolder\SUR 138 kV.ElmNet\Itabo.ElmSite\ZITABE.ElmSubstat\8.ElmTerm\Cub_1.StaCubic\ZITABE_ZHAINE-L1-REL670.ElmRelay\ZMQPDIS.ElmRelay\ZMQ1.RelDispoly,1,SUR CERCANO,SUR,SUR 138 kV,ZITABE,ZMQ1
ZMQ2,\VM-PF.IntUser\PDD 31-12-2024.IntPrj\Network Model.IntPrjfolder\Network Data.IntPrjfolder\SUR 138 kV.ElmNet\Itabo.ElmSite\ZITABE.ElmSubstat\8.ElmTerm\Cub_1.StaCubic\ZITABE_ZHAINE-L1-REL670.ElmRelay\ZMQPDIS.ElmRelay\ZMQ2.RelDispoly,1,SUR CERCANO,SUR,SUR 138 kV,ZITABE,ZMQ2
ZMQ3,\VM-PF.IntUser\PDD 31-12-2024.IntPrj\Network Model.IntPrjfolder\Network Data.IntPrjfolder\SUR 138 kV.ElmNet\Itabo.ElmSite\ZITABE.ElmSubstat\8.ElmTerm\Cub_1.StaCubic\ZITABE_ZHAINE-L1-REL670.ElmRelay\ZMQPDIS.ElmRelay\ZMQ3.RelDispoly,1,SUR CERCANO,SUR,SUR 138 kV,ZITABE,ZMQ3
ZMQ4,\VM-PF.IntUser\PDD 31-12-2024.IntPrj\Network Model.IntPrjfolder\Network Data.IntPrjfolder\SUR 138 kV.ElmNet\Itabo.ElmSite\ZITABE.ElmSubstat\8.ElmTerm\Cub_1.StaCubic\ZITABE_ZHAINE-L1-REL670.ElmRelay\ZMQPDIS.ElmRelay\ZMQ4.RelDispoly,1,SUR CERCANO,SUR,SUR 138 kV,ZITABE,ZMQ4
ZMQ5,\VM-PF.IntUser\PDD 31-12-2024.IntPrj\Network Model.IntPrjfolder\Network Data.IntPrjfolder\SUR 138 kV.ElmNet\Itabo.ElmSite\ZITABE.ElmSubstat\8.ElmTerm\Cub_1.StaCubic\ZITABE_ZHAINE-L1-REL670.ElmRelay\ZMQPDIS.ElmRelay\ZMQ5.RelDispoly,1,SUR CERCANO,SUR,SUR 138 kV,ZITABE,ZMQ5
ZDS1,\VM-PF.IntUser\PDD 31-12-2024.IntPrj\Network Model.IntPrjfolder\Network Data.IntPrjfolder\SUR 138 kV.ElmNet\Itabo.ElmSite\ZITABE.ElmSubstat\8.ElmTerm\Cub_1.StaCubic\ZITABE_ZHAINE-L1-REL670.ElmRelay\SC Dir-Z.ElmRelay\ZDS1.RelDispoly,1,SUR CERCANO,SUR,SUR 138 kV,ZITABE,ZDS1
Zone 5,\VM-PF.IntUser\PDD 31-12-2024.IntPrj\Network Model.IntPrjfolder\Network Data.IntPrjfolder\SUR 138 kV.ElmNet\Itabo.ElmSite\ZITABE.ElmSubstat\9.ElmTerm\Cub_1.StaCubic\ZITABE_ZHAINE-L2-SEL 311L.ElmRelay\Out of step.ElmRelay\Zone 5.RelDispoly,1,SUR CERCANO,SUR,SUR 138 kV,ZITABE,Zone 5
Zone 6,\VM-PF.IntUser\PDD 31-12-2024.IntPrj\Network Model.IntPrjfolder\Network Data.IntPrjfolder\SUR 138 kV.ElmNet\Itabo.ElmSite\ZITABE.ElmSubstat\9.ElmTerm\Cub_1.StaCubic\ZITABE_ZHAINE-L2-SEL 311L.ElmRelay\Out of step.ElmRelay\Zone 6.RelDispoly,1,SUR CERCANO,SUR,SUR 138 kV,ZITABE,Zone 6
Ph-Q1,\VM-PF.IntUser\PDD 31-12-2024.IntPrj\Network Model.IntPrjfolder\Network Data.IntPrjfolder\SUR 138 kV.ElmNet\Itabo.ElmSite\ZITABE.ElmSubstat\9.ElmTerm\Cub_1.StaCubic\ZITABE_ZHAINE-L2-SEL 311L.ElmRelay\Ph-Q1.RelDispoly,1,SUR CERCANO,SUR,SUR 138 kV,ZITABE,Ph-Q1
Ph-Q2,\VM-PF.IntUser\PDD 31-12-2024.IntPrj\Network Model.IntPrjfolder\Network Data.IntPrjfolder\SUR 138 kV.ElmNet\Itabo.ElmSite\ZITABE.ElmSubstat\9.ElmTerm\Cub_1.StaCubic\ZITABE_ZHAINE-L2-SEL 311L.ElmRelay\Ph-Q2.RelDispoly,1,SUR CERCANO,SUR,SUR 138 kV,ZITABE,Ph-Q2
Ph-Q3,\VM-PF.IntUser\PDD 31-12-2024.IntPrj\Network Model.IntPrjfolder\Network Data.IntPrjfolder\SUR 138 kV.ElmNet\Itabo.ElmSite\ZITABE.ElmSubstat\9.ElmTerm\Cub_1.StaCubic\ZITABE_ZHAINE-L2-SEL 311L.ElmRelay\Ph-Q3.RelDispoly,1,SUR CERCANO,SUR,SUR 138 kV,ZITABE,Ph-Q3
Ph-Q4,\VM-PF.IntUser\PDD 31-12-2024.IntPrj\Network Model.IntPrjfolder\Network Data.IntPrjfolder\SUR 138 kV.ElmNet\Itabo.ElmSite\ZITABE.ElmSubstat\9.ElmTerm\Cub_1.StaCubic\ZITABE_ZHAINE-L2-SEL 311L.ElmRelay\Ph-Q4.RelDispoly,1,SUR CERCANO,SUR,SUR 138 kV,ZITABE,Ph-Q4
Outer zone,\VM-PF.IntUser\PDD 31-12-2024.IntPrj\Network Model.IntPrjfolder\Network Data.IntPrjfolder\SUR 138 kV.ElmNet\Itabo.ElmSite\ZITABE.ElmSubstat\9.ElmTerm\Cub_1.StaCubic\ZITABE_ZHAINE-L2-REL670.ElmRelay\RPSB 78.ElmRelay\Outer zone.RelDispoly,1,SUR CERCANO,SUR,SUR 138 kV,ZITABE,Outer zone
Inner zone,\VM-PF.IntUser\PDD 31-12-2024.IntPrj\Network Model.IntPrjfolder\Network Data.IntPrjfolder\SUR 138 kV.ElmNet\Itabo.ElmSite\ZITABE.ElmSubstat\9.ElmTerm\Cub_1.StaCubic\ZITABE_ZHAINE-L2-REL670.ElmRelay\RPSB 78.ElmRelay\Inner zone.RelDispoly,1,SUR CERCANO,SUR,SUR 138 kV,ZITABE,Inner zone
ZMC1,\VM-PF.IntUser\PDD 31-12-2024.IntPrj\Network Model.IntPrjfolder\Network Data.IntPrjfolder\SUR 138 kV.ElmNet\Itabo.ElmSite\ZITABE.ElmSubstat\9.ElmTerm\Cub_1.StaCubic\ZITABE_ZHAINE-L2-REL670.ElmRelay\ZMCPDIS.ElmRelay\ZMC1.RelDispoly,1,SUR CERCANO,SUR,SUR 138 kV,ZITABE,ZMC1
ZMC2,\VM-PF.IntUser\PDD 31-12-2024.IntPrj\Network Model.IntPrjfolder\Network Data.IntPrjfolder\SUR 138 kV.ElmNet\Itabo.ElmSite\ZITABE.ElmSubstat\9.ElmTerm\Cub_1.StaCubic\ZITABE_ZHAINE-L2-REL670.ElmRelay\ZMCPDIS.ElmRelay\ZMC2.RelDispoly,1,SUR CERCANO,SUR,SUR 138 kV,ZITABE,ZMC2
ZMC3,\VM-PF.IntUser\PDD 31-12-2024.IntPrj\Network Model.IntPrjfolder\Network Data.IntPrjfolder\SUR 138 kV.ElmNet\Itabo.ElmSite\ZITABE.ElmSubstat\9.ElmTerm\Cub_1.StaCubic\ZITABE_ZHAINE-L2-REL670.ElmRelay\ZMCPDIS.ElmRelay\ZMC3.RelDispoly,1,SUR CERCANO,SUR,SUR 138 kV,ZITABE,ZMC3
ZMC4,\VM-PF.IntUser\PDD 31-12-2024.IntPrj\Network Model.IntPrjfolder\Network Data.IntPrjfolder\SUR 138 kV.ElmNet\Itabo.ElmSite\ZITABE.ElmSubstat\9.ElmTerm\Cub_1.StaCubic\ZITABE_ZHAINE-L2-REL670.ElmRelay\ZMCPDIS.ElmRelay\ZMC4.RelDispoly,1,SUR CERCANO,SUR,SUR 138 kV,ZITABE,ZMC4
ZMC5,\VM-PF.IntUser\PDD 31-12-2024.IntPrj\Network Model.IntPrjfolder\Network Data.IntPrjfolder\SUR 138 kV.ElmNet\Itabo.ElmSite\ZITABE.ElmSubstat\9.ElmTerm\Cub_1.StaCubic\ZITABE_ZHAINE-L2-REL670.ElmRelay\ZMCPDIS.ElmRelay\ZMC5.RelDispoly,1,SUR CERCANO,SUR,SUR 138 kV,ZITABE,ZMC5
ZMQ1,\VM-PF.IntUser\PDD 31-12-2024.IntPrj\Network Model.IntPrjfolder\Network Data.IntPrjfolder\SUR 138 kV.ElmNet\Itabo.ElmSite\ZITABE.ElmSubstat\9.ElmTerm\Cub_1.StaCubic\ZITABE_ZHAINE-L2-REL670.ElmRelay\ZMQPDIS.ElmRelay\ZMQ1.RelDispoly,1,SUR CERCANO,SUR,SUR 138 kV,ZITABE,ZMQ1
ZMQ2,\VM-PF.IntUser\PDD 31-12-2024.IntPrj\Network Model.IntPrjfolder\Network Data.IntPrjfolder\SUR 138 kV.ElmNet\Itabo.ElmSite\ZITABE.ElmSubstat\9.ElmTerm\Cub_1.StaCubic\ZITABE_ZHAINE-L2-REL670.ElmRelay\ZMQPDIS.ElmRelay\ZMQ2.RelDispoly,1,SUR CERCANO,SUR,SUR 138 kV,ZITABE,ZMQ2
ZMQ3,\VM-PF.IntUser\PDD 31-12-2024.IntPrj\Network Model.IntPrjfolder\Network Data.IntPrjfolder\SUR 138 kV.ElmNet\Itabo.ElmSite\ZITABE.ElmSubstat\9.ElmTerm\Cub_1.StaCubic\ZITABE_ZHAINE-L2-REL670.ElmRelay\ZMQPDIS.ElmRelay\ZMQ3.RelDispoly,1,SUR CERCANO,SUR,SUR 138 kV,ZITABE,ZMQ3
ZMQ4,\VM-PF.IntUser\PDD 31-12-2024.IntPrj\Network Model.IntPrjfolder\Network Data.IntPrjfolder\SUR 138 kV.ElmNet\Itabo.ElmSite\ZITABE.ElmSubstat\9.ElmTerm\Cub_1.StaCubic\ZITABE_ZHAINE-L2-REL670.ElmRelay\ZMQPDIS.ElmRelay\ZMQ4.RelDispoly,1,SUR CERCANO,SUR,SUR 138 kV,ZITABE,ZMQ4
ZMQ5,\VM-PF.IntUser\PDD 31-12-2024.IntPrj\Network Model.IntPrjfolder\Network Data.IntPrjfolder\SUR 138 kV.ElmNet\Itabo.ElmSite\ZITABE.ElmSubstat\9.ElmTerm\Cub_1.StaCubic\ZITABE_ZHAINE-L2-REL670.ElmRelay\ZMQPDIS.ElmRelay\ZMQ5.RelDispoly,1,SUR CERCANO,SUR,SUR 138 kV,ZITABE,ZMQ5
ZDS1,\VM-PF.IntUser\PDD 31-12-2024.IntPrj\Network Model.IntPrjfolder\Network Data.IntPrjfolder\SUR 138 kV.ElmNet\Itabo.ElmSite\ZITABE.ElmSubstat\9.ElmTerm\Cub_1.StaCubic\ZITABE_ZHAINE-L2-REL670.ElmRelay\SC Dir-Z.ElmRelay\ZDS1.RelDispoly,1,SUR CERCANO,SUR,SUR 138 kV,ZITABE,ZDS1
Zone 6,\VM-PF.IntUser\PDD 31-12-2024.IntPrj\Network Model.IntPrjfolder\Network Data.IntPrjfolder\SUR 138 kV.ElmNet\Itabo TG.ElmSite\ZITAGE.ElmSubstat\1.ElmTerm\Cub_1.StaCubic\ZITAGE_ZITABE-L1-SEL 411L.ElmRelay\Out of step.ElmRelay\Zone 6.RelDispoly,1,SUR CERCANO,SUR,SUR 138 kV,ZITAGE,Zone 6
Zone 7,\VM-PF.IntUser\PDD 31-12-2024.IntPrj\Network Model.IntPrjfolder\Network Data.IntPrjfolder\SUR 138 kV.ElmNet\Itabo TG.ElmSite\ZITAGE.ElmSubstat\1.ElmTerm\Cub_1.StaCubic\ZITAGE_ZITABE-L1-SEL 411L.ElmRelay\Out of step.ElmRelay\Zone 7.RelDispoly,1,SUR CERCANO,SUR,SUR 138 kV,ZITAGE,Zone 7
G-Q1,\VM-PF.IntUser\PDD 31-12-2024.IntPrj\Network Model.IntPrjfolder\Network Data.IntPrjfolder\SUR 138 kV.ElmNet\Itabo TG.ElmSite\ZITAGE.ElmSubstat\1.ElmTerm\Cub_1.StaCubic\ZITAGE_ZITABE-L1-SEL 411L.ElmRelay\G-Q1.RelDispoly,1,SUR CERCANO,SUR,SUR 138 kV,ZITAGE,G-Q1
G-Q2,\VM-PF.IntUser\PDD 31-12-2024.IntPrj\Network Model.IntPrjfolder\Network Data.IntPrjfolder\SUR 138 kV.ElmNet\Itabo TG.ElmSite\ZITAGE.ElmSubstat\1.ElmTerm\Cub_1.StaCubic\ZITAGE_ZITABE-L1-SEL 411L.ElmRelay\G-Q2.RelDispoly,1,SUR CERCANO,SUR,SUR 138 kV,ZITAGE,G-Q2
G-Q3,\VM-PF.IntUser\PDD 31-12-2024.IntPrj\Network Model.IntPrjfolder\Network Data.IntPrjfolder\SUR 138 kV.ElmNet\Itabo TG.ElmSite\ZITAGE.ElmSubstat\1.ElmTerm\Cub_1.StaCubic\ZITAGE_ZITABE-L1-SEL 411L.ElmRelay\G-Q3.RelDispoly,1,SUR CERCANO,SUR,SUR 138 kV,ZITAGE,G-Q3
G-Q4,\VM-PF.IntUser\PDD 31-12-2024.IntPrj\Network Model.IntPrjfolder\Network Data.IntPrjfolder\SUR 138 kV.ElmNet\Itabo TG.ElmSite\ZITAGE.ElmSubstat\1.ElmTerm\Cub_1.StaCubic\ZITAGE_ZITABE-L1-SEL 411L.ElmRelay\G-Q4.RelDispoly,1,SUR CERCANO,SUR,SUR 138 kV,ZITAGE,G-Q4
G-Q5,\VM-PF.IntUser\PDD 31-12-2024.IntPrj\Network Model.IntPrjfolder\Network Data.IntPrjfolder\SUR 138 kV.ElmNet\Itabo TG.ElmSite\ZITAGE.ElmSubstat\1.ElmTerm\Cub_1.StaCubic\ZITAGE_ZITABE-L1-SEL 411L.ElmRelay\G-Q5.RelDispoly,1,SUR CERCANO,SUR,SUR 138 kV,ZITAGE,G-Q5
Zone 5,\VM-PF.IntUser\PDD 31-12-2024.IntPrj\Network Model.IntPrjfolder\Network Data.IntPrjfolder\SUR 138 kV.ElmNet\Itabo TG.ElmSite\ZITAGE.ElmSubstat\1.ElmTerm\Cub_1.StaCubic\ZITAGE_ZITABE-L1-SEL 311C.ElmRelay\Out of step.ElmRelay\Zone 5.RelDispoly,1,SUR CERCANO,SUR,SUR 138 kV,ZITAGE,Zone 5
Zone 6,\VM-PF.IntUser\PDD 31-12-2024.IntPrj\Network Model.IntPrjfolder\Network Data.IntPrjfolder\SUR 138 kV.ElmNet\Itabo TG.ElmSite\ZITAGE.ElmSubstat\1.ElmTerm\Cub_1.StaCubic\ZITAGE_ZITABE-L1-SEL 311C.ElmRelay\Out of step.ElmRelay\Zone 6.RelDispoly,1,SUR CERCANO,SUR,SUR 138 kV,ZITAGE,Zone 6
Ph-Q1,\VM-PF.IntUser\PDD 31-12-2024.IntPrj\Network Model.IntPrjfolder\Network Data.IntPrjfolder\SUR 138 kV.ElmNet\Itabo TG.ElmSite\ZITAGE.ElmSubstat\1.ElmTerm\Cub_1.StaCubic\ZITAGE_ZITABE-L1-SEL 311C.ElmRelay\Ph-Q1.RelDispoly,1,SUR CERCANO,SUR,SUR 138 kV,ZITAGE,Ph-Q1
Ph-Q2,\VM-PF.IntUser\PDD 31-12-2024.IntPrj\Network Model.IntPrjfolder\Network Data.IntPrjfolder\SUR 138 kV.ElmNet\Itabo TG.ElmSite\ZITAGE.ElmSubstat\1.ElmTerm\Cub_1.StaCubic\ZITAGE_ZITABE-L1-SEL 311C.ElmRelay\Ph-Q2.RelDispoly,1,SUR CERCANO,SUR,SUR 138 kV,ZITAGE,Ph-Q2
Ph-Q3,\VM-PF.IntUser\PDD 31-12-2024.IntPrj\Network Model.IntPrjfolder\Network Data.IntPrjfolder\SUR 138 kV.ElmNet\Itabo TG.ElmSite\ZITAGE.ElmSubstat\1.ElmTerm\Cub_1.StaCubic\ZITAGE_ZITABE-L1-SEL 311C.ElmRelay\Ph-Q3.RelDispoly,1,SUR CERCANO,SUR,SUR 138 kV,ZITAGE,Ph-Q3
Ph-Q4,\VM-PF.IntUser\PDD 31-12-2024.IntPrj\Network Model.IntPrjfolder\Network Data.IntPrjfolder\SUR 138 kV.ElmNet\Itabo TG.ElmSite\ZITAGE.ElmSubstat\1.ElmTerm\Cub_1.StaCubic\ZITAGE_ZITABE-L1-SEL 311C.ElmRelay\Ph-Q4.RelDispoly,1,SUR CERCANO,SUR,SUR 138 kV,ZITAGE,Ph-Q4
Zone 6,\VM-PF.IntUser\PDD 31-12-2024.IntPrj\Network Model.IntPrjfolder\Network Data.IntPrjfolder\SUR 138 kV.ElmNet\Itabo TG.ElmSite\ZITAGE.ElmSubstat\4.ElmTerm\Cub_1.StaCubic\ZITAGE_ZJSA1E-L1-SEL 411L.ElmRelay\Out of step.ElmRelay\Zone 6.RelDispoly,1,SUR CERCANO,SUR,SUR 138 kV,ZITAGE,Zone 6
Zone 7,\VM-PF.IntUser\PDD 31-12-2024.IntPrj\Network Model.IntPrjfolder\Network Data.IntPrjfolder\SUR 138 kV.ElmNet\Itabo TG.ElmSite\ZITAGE.ElmSubstat\4.ElmTerm\Cub_1.StaCubic\ZITAGE_ZJSA1E-L1-SEL 411L.ElmRelay\Out of step.ElmRelay\Zone 7.RelDispoly,1,SUR CERCANO,SUR,SUR 138 kV,ZITAGE,Zone 7
G-Q1,\VM-PF.IntUser\PDD 31-12-2024.IntPrj\Network Model.IntPrjfolder\Network Data.IntPrjfolder\SUR 138 kV.ElmNet\Itabo TG.ElmSite\ZITAGE.ElmSubstat\4.ElmTerm\Cub_1.StaCubic\ZITAGE_ZJSA1E-L1-SEL 411L.ElmRelay\G-Q1.RelDispoly,1,SUR CERCANO,SUR,SUR 138 kV,ZITAGE,G-Q1
G-Q2,\VM-PF.IntUser\PDD 31-12-2024.IntPrj\Network Model.IntPrjfolder\Network Data.IntPrjfolder\SUR 138 kV.ElmNet\Itabo TG.ElmSite\ZITAGE.ElmSubstat\4.ElmTerm\Cub_1.StaCubic\ZITAGE_ZJSA1E-L1-SEL 411L.ElmRelay\G-Q2.RelDispoly,1,SUR CERCANO,SUR,SUR 138 kV,ZITAGE,G-Q2
G-Q3,\VM-PF.IntUser\PDD 31-12-2024.IntPrj\Network Model.IntPrjfolder\Network Data.IntPrjfolder\SUR 138 kV.ElmNet\Itabo TG.ElmSite\ZITAGE.ElmSubstat\4.ElmTerm\Cub_1.StaCubic\ZITAGE_ZJSA1E-L1-SEL 411L.ElmRelay\G-Q3.RelDispoly,1,SUR CERCANO,SUR,SUR 138 kV,ZITAGE,G-Q3
G-Q4,\VM-PF.IntUser\PDD 31-12-2024.IntPrj\Network Model.IntPrjfolder\Network Data.IntPrjfolder\SUR 138 kV.ElmNet\Itabo TG.ElmSite\ZITAGE.ElmSubstat\4.ElmTerm\Cub_1.StaCubic\ZITAGE_ZJSA1E-L1-SEL 411L.ElmRelay\G-Q4.RelDispoly,1,SUR CERCANO,SUR,SUR 138 kV,ZITAGE,G-Q4
G-Q5,\VM-PF.IntUser\PDD 31-12-2024.IntPrj\Network Model.IntPrjfolder\Network Data.IntPrjfolder\SUR 138 kV.ElmNet\Itabo TG.ElmSite\ZITAGE.ElmSubstat\4.ElmTerm\Cub_1.StaCubic\ZITAGE_ZJSA1E-L1-SEL 411L.ElmRelay\G-Q5.RelDispoly,1,SUR CERCANO,SUR,SUR 138 kV,ZITAGE,G-Q5
Zone 5,\VM-PF.IntUser\PDD 31-12-2024.IntPrj\Network Model.IntPrjfolder\Network Data.IntPrjfolder\SUR 138 kV.ElmNet\Itabo TG.ElmSite\ZITAGE.ElmSubstat\4.ElmTerm\Cub_1.StaCubic\ZITAGE_ZJSA1E-L1-SEL 311C.ElmRelay\Out of step.ElmRelay\Zone 5.RelDispoly,1,SUR CERCANO,SUR,SUR 138 kV,ZITAGE,Zone 5
Zone 6,\VM-PF.IntUser\PDD 31-12-2024.IntPrj\Network Model.IntPrjfolder\Network Data.IntPrjfolder\SUR 138 kV.ElmNet\Itabo TG.ElmSite\ZITAGE.ElmSubstat\4.ElmTerm\Cub_1.StaCubic\ZITAGE_ZJSA1E-L1-SEL 311C.ElmRelay\Out of step.ElmRelay\Zone 6.RelDispoly,1,SUR CERCANO,SUR,SUR 138 kV,ZITAGE,Zone 6
Ph-Q1,\VM-PF.IntUser\PDD 31-12-2024.IntPrj\Network Model.IntPrjfolder\Network Data.IntPrjfolder\SUR 138 kV.ElmNet\Itabo TG.ElmSite\ZITAGE.ElmSubstat\4.ElmTerm\Cub_1.StaCubic\ZITAGE_ZJSA1E-L1-SEL 311C.ElmRelay\Ph-Q1.RelDispoly,1,SUR CERCANO,SUR,SUR 138 kV,ZITAGE,Ph-Q1
Ph-Q2,\VM-PF.IntUser\PDD 31-12-2024.IntPrj\Network Model.IntPrjfolder\Network Data.IntPrjfolder\SUR 138 kV.ElmNet\Itabo TG.ElmSite\ZITAGE.ElmSubstat\4.ElmTerm\Cub_1.StaCubic\ZITAGE_ZJSA1E-L1-SEL 311C.ElmRelay\Ph-Q2.RelDispoly,1,SUR CERCANO,SUR,SUR 138 kV,ZITAGE,Ph-Q2
Ph-Q3,\VM-PF.IntUser\PDD 31-12-2024.IntPrj\Network Model.IntPrjfolder\Network Data.IntPrjfolder\SUR 138 kV.ElmNet\Itabo TG.ElmSite\ZITAGE.ElmSubstat\4.ElmTerm\Cub_1.StaCubic\ZITAGE_ZJSA1E-L1-SEL 311C.ElmRelay\Ph-Q3.RelDispoly,1,SUR CERCANO,SUR,SUR 138 kV,ZITAGE,Ph-Q3
Ph-Q4,\VM-PF.IntUser\PDD 31-12-2024.IntPrj\Network Model.IntPrjfolder\Network Data.IntPrjfolder\SUR 138 kV.ElmNet\Itabo TG.ElmSite\ZITAGE.ElmSubstat\4.ElmTerm\Cub_1.StaCubic\ZITAGE_ZJSA1E-L1-SEL 311C.ElmRelay\Ph-Q4.RelDispoly,1,SUR CERCANO,SUR,SUR 138 kV,ZITAGE,Ph-Q4
Zone 6,\VM-PF.IntUser\PDD 31-12-2024.IntPrj\Network Model.IntPrjfolder\Network Data.IntPrjfolder\SUR 138 kV.ElmNet\Itabo TG.ElmSite\ZITAGE.ElmSubstat\3.ElmTerm\Cub_1.StaCubic\ZITAGE_ZJSA1E-L2-SEL 411L.ElmRelay\Out of step.ElmRelay\Zone 6.RelDispoly,1,SUR CERCANO,SUR,SUR 138 kV,ZITAGE,Zone 6
Zone 7,\VM-PF.IntUser\PDD 31-12-2024.IntPrj\Network Model.IntPrjfolder\Network Data.IntPrjfolder\SUR 138 kV.ElmNet\Itabo TG.ElmSite\ZITAGE.ElmSubstat\3.ElmTerm\Cub_1.StaCubic\ZITAGE_ZJSA1E-L2-SEL 411L.ElmRelay\Out of step.ElmRelay\Zone 7.RelDispoly,1,SUR CERCANO,SUR,SUR 138 kV,ZITAGE,Zone 7
G-Q1,\VM-PF.IntUser\PDD 31-12-2024.IntPrj\Network Model.IntPrjfolder\Network Data.IntPrjfolder\SUR 138 kV.ElmNet\Itabo TG.ElmSite\ZITAGE.ElmSubstat\3.ElmTerm\Cub_1.StaCubic\ZITAGE_ZJSA1E-L2-SEL 411L.ElmRelay\G-Q1.RelDispoly,1,SUR CERCANO,SUR,SUR 138 kV,ZITAGE,G-Q1
G-Q2,\VM-PF.IntUser\PDD 31-12-2024.IntPrj\Network Model.IntPrjfolder\Network Data.IntPrjfolder\SUR 138 kV.ElmNet\Itabo TG.ElmSite\ZITAGE.ElmSubstat\3.ElmTerm\Cub_1.StaCubic\ZITAGE_ZJSA1E-L2-SEL 411L.ElmRelay\G-Q2.RelDispoly,1,SUR CERCANO,SUR,SUR 138 kV,ZITAGE,G-Q2
G-Q3,\VM-PF.IntUser\PDD 31-12-2024.IntPrj\Network Model.IntPrjfolder\Network Data.IntPrjfolder\SUR 138 kV.ElmNet\Itabo TG.ElmSite\ZITAGE.ElmSubstat\3.ElmTerm\Cub_1.StaCubic\ZITAGE_ZJSA1E-L2-SEL 411L.ElmRelay\G-Q3.RelDispoly,1,SUR CERCANO,SUR,SUR 138 kV,ZITAGE,G-Q3
G-Q4,\VM-PF.IntUser\PDD 31-12-2024.IntPrj\Network Model.IntPrjfolder\Network Data.IntPrjfolder\SUR 138 kV.ElmNet\Itabo TG.ElmSite\ZITAGE.ElmSubstat\3.ElmTerm\Cub_1.StaCubic\ZITAGE_ZJSA1E-L2-SEL 411L.ElmRelay\G-Q4.RelDispoly,1,SUR CERCANO,SUR,SUR 138 kV,ZITAGE,G-Q4
G-Q5,\VM-PF.IntUser\PDD 31-12-2024.IntPrj\Network Model.IntPrjfolder\Network Data.IntPrjfolder\SUR 138 kV.ElmNet\Itabo TG.ElmSite\ZITAGE.ElmSubstat\3.ElmTerm\Cub_1.StaCubic\ZITAGE_ZJSA1E-L2-SEL 411L.ElmRelay\G-Q5.RelDispoly,1,SUR CERCANO,SUR,SUR 138 kV,ZITAGE,G-Q5
Zone 5,\VM-PF.IntUser\PDD 31-12-2024.IntPrj\Network Model.IntPrjfolder\Network Data.IntPrjfolder\SUR 138 kV.ElmNet\Itabo TG.ElmSite\ZITAGE.ElmSubstat\3.ElmTerm\Cub_1.StaCubic\ZITAGE_ZJSA1E-L2-SEL 311C.ElmRelay\Out of step.ElmRelay\Zone 5.RelDispoly,1,SUR CERCANO,SUR,SUR 138 kV,ZITAGE,Zone 5
Zone 6,\VM-PF.IntUser\PDD 31-12-2024.IntPrj\Network Model.IntPrjfolder\Network Data.IntPrjfolder\SUR 138 kV.ElmNet\Itabo TG.ElmSite\ZITAGE.ElmSubstat\3.ElmTerm\Cub_1.StaCubic\ZITAGE_ZJSA1E-L2-SEL 311C.ElmRelay\Out of step.ElmRelay\Zone 6.RelDispoly,1,SUR CERCANO,SUR,SUR 138 kV,ZITAGE,Zone 6
Ph-Q1,\VM-PF.IntUser\PDD 31-12-2024.IntPrj\Network Model.IntPrjfolder\Network Data.IntPrjfolder\SUR 138 kV.ElmNet\Itabo TG.ElmSite\ZITAGE.ElmSubstat\3.ElmTerm\Cub_1.StaCubic\ZITAGE_ZJSA1E-L2-SEL 311C.ElmRelay\Ph-Q1.RelDispoly,1,SUR CERCANO,SUR,SUR 138 kV,ZITAGE,Ph-Q1
Ph-Q2,\VM-PF.IntUser\PDD 31-12-2024.IntPrj\Network Model.IntPrjfolder\Network Data.IntPrjfolder\SUR 138 kV.ElmNet\Itabo TG.ElmSite\ZITAGE.ElmSubstat\3.ElmTerm\Cub_1.StaCubic\ZITAGE_ZJSA1E-L2-SEL 311C.ElmRelay\Ph-Q2.RelDispoly,1,SUR CERCANO,SUR,SUR 138 kV,ZITAGE,Ph-Q2
Ph-Q3,\VM-PF.IntUser\PDD 31-12-2024.IntPrj\Network Model.IntPrjfolder\Network Data.IntPrjfolder\SUR 138 kV.ElmNet\Itabo TG.ElmSite\ZITAGE.ElmSubstat\3.ElmTerm\Cub_1.StaCubic\ZITAGE_ZJSA1E-L2-SEL 311C.ElmRelay\Ph-Q3.RelDispoly,1,SUR CERCANO,SUR,SUR 138 kV,ZITAGE,Ph-Q3
Ph-Q4,\VM-PF.IntUser\PDD 31-12-2024.IntPrj\Network Model.IntPrjfolder\Network Data.IntPrjfolder\SUR 138 kV.ElmNet\Itabo TG.ElmSite\ZITAGE.ElmSubstat\3.ElmTerm\Cub_1.StaCubic\ZITAGE_ZJSA1E-L2-SEL 311C.ElmRelay\Ph-Q4.RelDispoly,1,SUR CERCANO,SUR,SUR 138 kV,ZITAGE,Ph-Q4
Zone 6,\VM-PF.IntUser\PDD 31-12-2024.IntPrj\Network Model.IntPrjfolder\Network Data.IntPrjfolder\SUR 138 kV.ElmNet\Itabo TG.ElmSite\ZITAGE.ElmSubstat\2.ElmTerm\Cub_1.StaCubic\ZITAGE_ZUASDE-L1-SEL 411L.ElmRelay\Out of step.ElmRelay\Zone 6.RelDispoly,1,SUR CERCANO,SUR,SUR 138 kV,ZITAGE,Zone 6
Zone 7,\VM-PF.IntUser\PDD 31-12-2024.IntPrj\Network Model.IntPrjfolder\Network Data.IntPrjfolder\SUR 138 kV.ElmNet\Itabo TG.ElmSite\ZITAGE.ElmSubstat\2.ElmTerm\Cub_1.StaCubic\ZITAGE_ZUASDE-L1-SEL 411L.ElmRelay\Out of step.ElmRelay\Zone 7.RelDispoly,1,SUR CERCANO,SUR,SUR 138 kV,ZITAGE,Zone 7
G-Q1,\VM-PF.IntUser\PDD 31-12-2024.IntPrj\Network Model.IntPrjfolder\Network Data.IntPrjfolder\SUR 138 kV.ElmNet\Itabo TG.ElmSite\ZITAGE.ElmSubstat\2.ElmTerm\Cub_1.StaCubic\ZITAGE_ZUASDE-L1-SEL 411L.ElmRelay\G-Q1.RelDispoly,1,SUR CERCANO,SUR,SUR 138 kV,ZITAGE,G-Q1
G-Q2,\VM-PF.IntUser\PDD 31-12-2024.IntPrj\Network Model.IntPrjfolder\Network Data.IntPrjfolder\SUR 138 kV.ElmNet\Itabo TG.ElmSite\ZITAGE.ElmSubstat\2.ElmTerm\Cub_1.StaCubic\ZITAGE_ZUASDE-L1-SEL 411L.ElmRelay\G-Q2.RelDispoly,1,SUR CERCANO,SUR,SUR 138 kV,ZITAGE,G-Q2
G-Q3,\VM-PF.IntUser\PDD 31-12-2024.IntPrj\Network Model.IntPrjfolder\Network Data.IntPrjfolder\SUR 138 kV.ElmNet\Itabo TG.ElmSite\ZITAGE.ElmSubstat\2.ElmTerm\Cub_1.StaCubic\ZITAGE_ZUASDE-L1-SEL 411L.ElmRelay\G-Q3.RelDispoly,1,SUR CERCANO,SUR,SUR 138 kV,ZITAGE,G-Q3
G-Q4,\VM-PF.IntUser\PDD 31-12-2024.IntPrj\Network Model.IntPrjfolder\Network Data.IntPrjfolder\SUR 138 kV.ElmNet\Itabo TG.ElmSite\ZITAGE.ElmSubstat\2.ElmTerm\Cub_1.StaCubic\ZITAGE_ZUASDE-L1-SEL 411L.ElmRelay\G-Q4.RelDispoly,1,SUR CERCANO,SUR,SUR 138 kV,ZITAGE,G-Q4
G-Q5,\VM-PF.IntUser\PDD 31-12-2024.IntPrj\Network Model.IntPrjfolder\Network Data.IntPrjfolder\SUR 138 kV.ElmNet\Itabo TG.ElmSite\ZITAGE.ElmSubstat\2.ElmTerm\Cub_1.StaCubic\ZITAGE_ZUASDE-L1-SEL 411L.ElmRelay\G-Q5.RelDispoly,1,SUR CERCANO,SUR,SUR 138 kV,ZITAGE,G-Q5
Zone 5,\VM-PF.IntUser\PDD 31-12-2024.IntPrj\Network Model.IntPrjfolder\Network Data.IntPrjfolder\SUR 138 kV.ElmNet\Itabo TG.ElmSite\ZITAGE.ElmSubstat\2.ElmTerm\Cub_1.StaCubic\ZITAGE_ZUASDE-L1-SEL 311C.ElmRelay\Out of step.ElmRelay\Zone 5.RelDispoly,1,SUR CERCANO,SUR,SUR 138 kV,ZITAGE,Zone 5
Zone 6,\VM-PF.IntUser\PDD 31-12-2024.IntPrj\Network Model.IntPrjfolder\Network Data.IntPrjfolder\SUR 138 kV.ElmNet\Itabo TG.ElmSite\ZITAGE.ElmSubstat\2.ElmTerm\Cub_1.StaCubic\ZITAGE_ZUASDE-L1-SEL 311C.ElmRelay\Out of step.ElmRelay\Zone 6.RelDispoly,1,SUR CERCANO,SUR,SUR 138 kV,ZITAGE,Zone 6
Ph-Q1,\VM-PF.IntUser\PDD 31-12-2024.IntPrj\Network Model.IntPrjfolder\Network Data.IntPrjfolder\SUR 138 kV.ElmNet\Itabo TG.ElmSite\ZITAGE.ElmSubstat\2.ElmTerm\Cub_1.StaCubic\ZITAGE_ZUASDE-L1-SEL 311C.ElmRelay\Ph-Q1.RelDispoly,1,SUR CERCANO,SUR,SUR 138 kV,ZITAGE,Ph-Q1
Ph-Q2,\VM-PF.IntUser\PDD 31-12-2024.IntPrj\Network Model.IntPrjfolder\Network Data.IntPrjfolder\SUR 138 kV.ElmNet\Itabo TG.ElmSite\ZITAGE.ElmSubstat\2.ElmTerm\Cub_1.StaCubic\ZITAGE_ZUASDE-L1-SEL 311C.ElmRelay\Ph-Q2.RelDispoly,1,SUR CERCANO,SUR,SUR 138 kV,ZITAGE,Ph-Q2
Ph-Q3,\VM-PF.IntUser\PDD 31-12-2024.IntPrj\Network Model.IntPrjfolder\Network Data.IntPrjfolder\SUR 138 kV.ElmNet\Itabo TG.ElmSite\ZITAGE.ElmSubstat\2.ElmTerm\Cub_1.StaCubic\ZITAGE_ZUASDE-L1-SEL 311C.ElmRelay\Ph-Q3.RelDispoly,1,SUR CERCANO,SUR,SUR 138 kV,ZITAGE,Ph-Q3
Ph-Q4,\VM-PF.IntUser\PDD 31-12-2024.IntPrj\Network Model.IntPrjfolder\Network Data.IntPrjfolder\SUR 138 kV.ElmNet\Itabo TG.ElmSite\ZITAGE.ElmSubstat\2.ElmTerm\Cub_1.StaCubic\ZITAGE_ZUASDE-L1-SEL 311C.ElmRelay\Ph-Q4.RelDispoly,1,SUR CERCANO,SUR,SUR 138 kV,ZITAGE,Ph-Q4
ZMQ1,\VM-PF.IntUser\PDD 31-12-2024.IntPrj\Network Model.IntPrjfolder\Network Data.IntPrjfolder\CENTRAL 138 kV.ElmNet\Arroyo Hondo.ElmSite\ZAHONE.ElmSubstat\E02.ElmTerm\Cub_1.StaCubic\ZAHO1E_ZPAL2E-L1-REL 670.ElmRelay\ZMQPDIS.ElmRelay\ZMQ1.RelDispoly,1,DISTRITO NACIONAL,CENTRAL,CENTRAL 138 kV,ZAHONE,ZMQ1
ZMQ2,\VM-PF.IntUser\PDD 31-12-2024.IntPrj\Network Model.IntPrjfolder\Network Data.IntPrjfolder\CENTRAL 138 kV.ElmNet\Arroyo Hondo.ElmSite\ZAHONE.ElmSubstat\E02.ElmTerm\Cub_1.StaCubic\ZAHO1E_ZPAL2E-L1-REL 670.ElmRelay\ZMQPDIS.ElmRelay\ZMQ2.RelDispoly,1,DISTRITO NACIONAL,CENTRAL,CENTRAL 138 kV,ZAHONE,ZMQ2
ZMQ3,\VM-PF.IntUser\PDD 31-12-2024.IntPrj\Network Model.IntPrjfolder\Network Data.IntPrjfolder\CENTRAL 138 kV.ElmNet\Arroyo Hondo.ElmSite\ZAHONE.ElmSubstat\E02.ElmTerm\Cub_1.StaCubic\ZAHO1E_ZPAL2E-L1-REL 670.ElmRelay\ZMQPDIS.ElmRelay\ZMQ3.RelDispoly,1,DISTRITO NACIONAL,CENTRAL,CENTRAL 138 kV,ZAHONE,ZMQ3
ZMQ4,\VM-PF.IntUser\PDD 31-12-2024.IntPrj\Network Model.IntPrjfolder\Network Data.IntPrjfolder\CENTRAL 138 kV.ElmNet\Arroyo Hondo.ElmSite\ZAHONE.ElmSubstat\E02.ElmTerm\Cub_1.StaCubic\ZAHO1E_ZPAL2E-L1-REL 670.ElmRelay\ZMQPDIS.ElmRelay\ZMQ4.RelDispoly,1,DISTRITO NACIONAL,CENTRAL,CENTRAL 138 kV,ZAHONE,ZMQ4
ZMQ5,\VM-PF.IntUser\PDD 31-12-2024.IntPrj\Network Model.IntPrjfolder\Network Data.IntPrjfolder\CENTRAL 138 kV.ElmNet\Arroyo Hondo.ElmSite\ZAHONE.ElmSubstat\E02.ElmTerm\Cub_1.StaCubic\ZAHO1E_ZPAL2E-L1-REL 670.ElmRelay\ZMQPDIS.ElmRelay\ZMQ5.RelDispoly,1,DISTRITO NACIONAL,CENTRAL,CENTRAL 138 kV,ZAHONE,ZMQ5
Outer zone,\VM-PF.IntUser\PDD 31-12-2024.IntPrj\Network Model.IntPrjfolder\Network Data.IntPrjfolder\CENTRAL 138 kV.ElmNet\Arroyo Hondo.ElmSite\ZAHONE.ElmSubstat\E02.ElmTerm\Cub_1.StaCubic\ZAHO1E_ZPAL2E-L1-REL 670.ElmRelay\RPSB 78.ElmRelay\Outer zone.RelDispoly,1,DISTRITO NACIONAL,CENTRAL,CENTRAL 138 kV,ZAHONE,Outer zone
Inner zone,\VM-PF.IntUser\PDD 31-12-2024.IntPrj\Network Model.IntPrjfolder\Network Data.IntPrjfolder\CENTRAL 138 kV.ElmNet\Arroyo Hondo.ElmSite\ZAHONE.ElmSubstat\E02.ElmTerm\Cub_1.StaCubic\ZAHO1E_ZPAL2E-L1-REL 670.ElmRelay\RPSB 78.ElmRelay\Inner zone.RelDispoly,1,DISTRITO NACIONAL,CENTRAL,CENTRAL 138 kV,ZAHONE,Inner zone
ZMC1,\VM-PF.IntUser\PDD 31-12-2024.IntPrj\Network Model.IntPrjfolder\Network Data.IntPrjfolder\CENTRAL 138 kV.ElmNet\Arroyo Hondo.ElmSite\ZAHONE.ElmSubstat\E02.ElmTerm\Cub_1.StaCubic\ZAHO1E_ZPAL2E-L1-REL 670.ElmRelay\ZMCPDIS.ElmRelay\ZMC1.RelDispoly,1,DISTRITO NACIONAL,CENTRAL,CENTRAL 138 kV,ZAHONE,ZMC1
ZMC2,\VM-PF.IntUser\PDD 31-12-2024.IntPrj\Network Model.IntPrjfolder\Network Data.IntPrjfolder\CENTRAL 138 kV.ElmNet\Arroyo Hondo.ElmSite\ZAHONE.ElmSubstat\E02.ElmTerm\Cub_1.StaCubic\ZAHO1E_ZPAL2E-L1-REL 670.ElmRelay\ZMCPDIS.ElmRelay\ZMC2.RelDispoly,1,DISTRITO NACIONAL,CENTRAL,CENTRAL 138 kV,ZAHONE,ZMC2
ZMC3,\VM-PF.IntUser\PDD 31-12-2024.IntPrj\Network Model.IntPrjfolder\Network Data.IntPrjfolder\CENTRAL 138 kV.ElmNet\Arroyo Hondo.ElmSite\ZAHONE.ElmSubstat\E02.ElmTerm\Cub_1.StaCubic\ZAHO1E_ZPAL2E-L1-REL 670.ElmRelay\ZMCPDIS.ElmRelay\ZMC3.RelDispoly,1,DISTRITO NACIONAL,CENTRAL,CENTRAL 138 kV,ZAHONE,ZMC3
ZMC4,\VM-PF.IntUser\PDD 31-12-2024.IntPrj\Network Model.IntPrjfolder\Network Data.IntPrjfolder\CENTRAL 138 kV.ElmNet\Arroyo Hondo.ElmSite\ZAHONE.ElmSubstat\E02.ElmTerm\Cub_1.StaCubic\ZAHO1E_ZPAL2E-L1-REL 670.ElmRelay\ZMCPDIS.ElmRelay\ZMC4.RelDispoly,1,DISTRITO NACIONAL,CENTRAL,CENTRAL 138 kV,ZAHONE,ZMC4
ZMC5,\VM-PF.IntUser\PDD 31-12-2024.IntPrj\Network Model.IntPrjfolder\Network Data.IntPrjfolder\CENTRAL 138 kV.ElmNet\Arroyo Hondo.ElmSite\ZAHONE.ElmSubstat\E02.ElmTerm\Cub_1.StaCubic\ZAHO1E_ZPAL2E-L1-REL 670.ElmRelay\ZMCPDIS.ElmRelay\ZMC5.RelDispoly,1,DISTRITO NACIONAL,CENTRAL,CENTRAL 138 kV,ZAHONE,ZMC5
ZDS1,\VM-PF.IntUser\PDD 31-12-2024.IntPrj\Network Model.IntPrjfolder\Network Data.IntPrjfolder\CENTRAL 138 kV.ElmNet\Arroyo Hondo.ElmSite\ZAHONE.ElmSubstat\E02.ElmTerm\Cub_1.StaCubic\ZAHO1E_ZPAL2E-L1-REL 670.ElmRelay\SC Dir-Z.ElmRelay\ZDS1.RelDispoly,1,DISTRITO NACIONAL,CENTRAL,CENTRAL 138 kV,ZAHONE,ZDS1
ZMQ1,\VM-PF.IntUser\PDD 31-12-2024.IntPrj\Network Model.IntPrjfolder\Network Data.IntPrjfolder\CENTRAL 138 kV.ElmNet\Arroyo Hondo.ElmSite\ZAHONE.ElmSubstat\E02.ElmTerm\Cub_1.StaCubic\ZAHO1E_ZPAL2E-L1-RED 670.ElmRelay\ZMQPDIS.ElmRelay\ZMQ1.RelDispoly,1,DISTRITO NACIONAL,CENTRAL,CENTRAL 138 kV,ZAHONE,ZMQ1
ZMQ2,\VM-PF.IntUser\PDD 31-12-2024.IntPrj\Network Model.IntPrjfolder\Network Data.IntPrjfolder\CENTRAL 138 kV.ElmNet\Arroyo Hondo.ElmSite\ZAHONE.ElmSubstat\E02.ElmTerm\Cub_1.StaCubic\ZAHO1E_ZPAL2E-L1-RED 670.ElmRelay\ZMQPDIS.ElmRelay\ZMQ2.RelDispoly,1,DISTRITO NACIONAL,CENTRAL,CENTRAL 138 kV,ZAHONE,ZMQ2
ZMQ3,\VM-PF.IntUser\PDD 31-12-2024.IntPrj\Network Model.IntPrjfolder\Network Data.IntPrjfolder\CENTRAL 138 kV.ElmNet\Arroyo Hondo.ElmSite\ZAHONE.ElmSubstat\E02.ElmTerm\Cub_1.StaCubic\ZAHO1E_ZPAL2E-L1-RED 670.ElmRelay\ZMQPDIS.ElmRelay\ZMQ3.RelDispoly,1,DISTRITO NACIONAL,CENTRAL,CENTRAL 138 kV,ZAHONE,ZMQ3
ZMQ4,\VM-PF.IntUser\PDD 31-12-2024.IntPrj\Network Model.IntPrjfolder\Network Data.IntPrjfolder\CENTRAL 138 kV.ElmNet\Arroyo Hondo.ElmSite\ZAHONE.ElmSubstat\E02.ElmTerm\Cub_1.StaCubic\ZAHO1E_ZPAL2E-L1-RED 670.ElmRelay\ZMQPDIS.ElmRelay\ZMQ4.RelDispoly,1,DISTRITO NACIONAL,CENTRAL,CENTRAL 138 kV,ZAHONE,ZMQ4
ZMQ5,\VM-PF.IntUser\PDD 31-12-2024.IntPrj\Network Model.IntPrjfolder\Network Data.IntPrjfolder\CENTRAL 138 kV.ElmNet\Arroyo Hondo.ElmSite\ZAHONE.ElmSubstat\E02.ElmTerm\Cub_1.StaCubic\ZAHO1E_ZPAL2E-L1-RED 670.ElmRelay\ZMQPDIS.ElmRelay\ZMQ5.RelDispoly,1,DISTRITO NACIONAL,CENTRAL,CENTRAL 138 kV,ZAHONE,ZMQ5
Outer zone,\VM-PF.IntUser\PDD 31-12-2024.IntPrj\Network Model.IntPrjfolder\Network Data.IntPrjfolder\CENTRAL 138 kV.ElmNet\Arroyo Hondo.ElmSite\ZAHONE.ElmSubstat\E02.ElmTerm\Cub_1.StaCubic\ZAHO1E_ZPAL2E-L1-RED 670.ElmRelay\RPSB 78.ElmRelay\Outer zone.RelDispoly,1,DISTRITO NACIONAL,CENTRAL,CENTRAL 138 kV,ZAHONE,Outer zone
Inner zone,\VM-PF.IntUser\PDD 31-12-2024.IntPrj\Network Model.IntPrjfolder\Network Data.IntPrjfolder\CENTRAL 138 kV.ElmNet\Arroyo Hondo.ElmSite\ZAHONE.ElmSubstat\E02.ElmTerm\Cub_1.StaCubic\ZAHO1E_ZPAL2E-L1-RED 670.ElmRelay\RPSB 78.ElmRelay\Inner zone.RelDispoly,1,DISTRITO NACIONAL,CENTRAL,CENTRAL 138 kV,ZAHONE,Inner zone
ZMC1,\VM-PF.IntUser\PDD 31-12-2024.IntPrj\Network Model.IntPrjfolder\Network Data.IntPrjfolder\CENTRAL 138 kV.ElmNet\Arroyo Hondo.ElmSite\ZAHONE.ElmSubstat\E02.ElmTerm\Cub_1.StaCubic\ZAHO1E_ZPAL2E-L1-RED 670.ElmRelay\ZMCPDIS.ElmRelay\ZMC1.RelDispoly,1,DISTRITO NACIONAL,CENTRAL,CENTRAL 138 kV,ZAHONE,ZMC1
ZMC2,\VM-PF.IntUser\PDD 31-12-2024.IntPrj\Network Model.IntPrjfolder\Network Data.IntPrjfolder\CENTRAL 138 kV.ElmNet\Arroyo Hondo.ElmSite\ZAHONE.ElmSubstat\E02.ElmTerm\Cub_1.StaCubic\ZAHO1E_ZPAL2E-L1-RED 670.ElmRelay\ZMCPDIS.ElmRelay\ZMC2.RelDispoly,1,DISTRITO NACIONAL,CENTRAL,CENTRAL 138 kV,ZAHONE,ZMC2
ZMC3,\VM-PF.IntUser\PDD 31-12-2024.IntPrj\Network Model.IntPrjfolder\Network Data.IntPrjfolder\CENTRAL 138 kV.ElmNet\Arroyo Hondo.ElmSite\ZAHONE.ElmSubstat\E02.ElmTerm\Cub_1.StaCubic\ZAHO1E_ZPAL2E-L1-RED 670.ElmRelay\ZMCPDIS.ElmRelay\ZMC3.RelDispoly,1,DISTRITO NACIONAL,CENTRAL,CENTRAL 138 kV,ZAHONE,ZMC3
ZMC4,\VM-PF.IntUser\PDD 31-12-2024.IntPrj\Network Model.IntPrjfolder\Network Data.IntPrjfolder\CENTRAL 138 kV.ElmNet\Arroyo Hondo.ElmSite\ZAHONE.ElmSubstat\E02.ElmTerm\Cub_1.StaCubic\ZAHO1E_ZPAL2E-L1-RED 670.ElmRelay\ZMCPDIS.ElmRelay\ZMC4.RelDispoly,1,DISTRITO NACIONAL,CENTRAL,CENTRAL 138 kV,ZAHONE,ZMC4
ZMC5,\VM-PF.IntUser\PDD 31-12-2024.IntPrj\Network Model.IntPrjfolder\Network Data.IntPrjfolder\CENTRAL 138 kV.ElmNet\Arroyo Hondo.ElmSite\ZAHONE.ElmSubstat\E02.ElmTerm\Cub_1.StaCubic\ZAHO1E_ZPAL2E-L1-RED 670.ElmRelay\ZMCPDIS.ElmRelay\ZMC5.RelDispoly,1,DISTRITO NACIONAL,CENTRAL,CENTRAL 138 kV,ZAHONE,ZMC5
ZDS1,\VM-PF.IntUser\PDD 31-12-2024.IntPrj\Network Model.IntPrjfolder\Network Data.IntPrjfolder\CENTRAL 138 kV.ElmNet\Arroyo Hondo.ElmSite\ZAHONE.ElmSubstat\E02.ElmTerm\Cub_1.StaCubic\ZAHO1E_ZPAL2E-L1-RED 670.ElmRelay\SC Dir-Z.ElmRelay\ZDS1.RelDispoly,1,DISTRITO NACIONAL,CENTRAL,CENTRAL 138 kV,ZAHONE,ZDS1
ZMC1,\VM-PF.IntUser\PDD 31-12-2024.IntPrj\Network Model.IntPrjfolder\Network Data.IntPrjfolder\CENTRAL 138 kV.ElmNet\Arroyo Hondo.ElmSite\ZAHONE.ElmSubstat\E08.ElmTerm\Cub_1.StaCubic\ZAHO1E_ZLISAE-L1-REL 670.ElmRelay\ZMCPDIS.ElmRelay\ZMC1.RelDispoly,1,DISTRITO NACIONAL,CENTRAL,CENTRAL 138 kV,ZAHONE,ZMC1
ZMC2,\VM-PF.IntUser\PDD 31-12-2024.IntPrj\Network Model.IntPrjfolder\Network Data.IntPrjfolder\CENTRAL 138 kV.ElmNet\Arroyo Hondo.ElmSite\ZAHONE.ElmSubstat\E08.ElmTerm\Cub_1.StaCubic\ZAHO1E_ZLISAE-L1-REL 670.ElmRelay\ZMCPDIS.ElmRelay\ZMC2.RelDispoly,1,DISTRITO NACIONAL,CENTRAL,CENTRAL 138 kV,ZAHONE,ZMC2
ZMC3,\VM-PF.IntUser\PDD 31-12-2024.IntPrj\Network Model.IntPrjfolder\Network Data.IntPrjfolder\CENTRAL 138 kV.ElmNet\Arroyo Hondo.ElmSite\ZAHONE.ElmSubstat\E08.ElmTerm\Cub_1.StaCubic\ZAHO1E_ZLISAE-L1-REL 670.ElmRelay\ZMCPDIS.ElmRelay\ZMC3.RelDispoly,1,DISTRITO NACIONAL,CENTRAL,CENTRAL 138 kV,ZAHONE,ZMC3
ZMC4,\VM-PF.IntUser\PDD 31-12-2024.IntPrj\Network Model.IntPrjfolder\Network Data.IntPrjfolder\CENTRAL 138 kV.ElmNet\Arroyo Hondo.ElmSite\ZAHONE.ElmSubstat\E08.ElmTerm\Cub_1.StaCubic\ZAHO1E_ZLISAE-L1-REL 670.ElmRelay\ZMCPDIS.ElmRelay\ZMC4.RelDispoly,1,DISTRITO NACIONAL,CENTRAL,CENTRAL 138 kV,ZAHONE,ZMC4
ZMC5,\VM-PF.IntUser\PDD 31-12-2024.IntPrj\Network Model.IntPrjfolder\Network Data.IntPrjfolder\CENTRAL 138 kV.ElmNet\Arroyo Hondo.ElmSite\ZAHONE.ElmSubstat\E08.ElmTerm\Cub_1.StaCubic\ZAHO1E_ZLISAE-L1-REL 670.ElmRelay\ZMCPDIS.ElmRelay\ZMC5.RelDispoly,1,DISTRITO NACIONAL,CENTRAL,CENTRAL 138 kV,ZAHONE,ZMC5
Outer zone,\VM-PF.IntUser\PDD 31-12-2024.IntPrj\Network Model.IntPrjfolder\Network Data.IntPrjfolder\CENTRAL 138 kV.ElmNet\Arroyo Hondo.ElmSite\ZAHONE.ElmSubstat\E08.ElmTerm\Cub_1.StaCubic\ZAHO1E_ZLISAE-L1-REL 670.ElmRelay\RPSB 78.ElmRelay\Outer zone.RelDispoly,1,DISTRITO NACIONAL,CENTRAL,CENTRAL 138 kV,ZAHONE,Outer zone
Inner zone,\VM-PF.IntUser\PDD 31-12-2024.IntPrj\Network Model.IntPrjfolder\Network Data.IntPrjfolder\CENTRAL 138 kV.ElmNet\Arroyo Hondo.ElmSite\ZAHONE.ElmSubstat\E08.ElmTerm\Cub_1.StaCubic\ZAHO1E_ZLISAE-L1-REL 670.ElmRelay\RPSB 78.ElmRelay\Inner zone.RelDispoly,1,DISTRITO NACIONAL,CENTRAL,CENTRAL 138 kV,ZAHONE,Inner zone
ZMQ1,\VM-PF.IntUser\PDD 31-12-2024.IntPrj\Network Model.IntPrjfolder\Network Data.IntPrjfolder\CENTRAL 138 kV.ElmNet\Arroyo Hondo.ElmSite\ZAHONE.ElmSubstat\E08.ElmTerm\Cub_1.StaCubic\ZAHO1E_ZLISAE-L1-REL 670.ElmRelay\ZMQPDIS.ElmRelay\ZMQ1.RelDispoly,1,DISTRITO NACIONAL,CENTRAL,CENTRAL 138 kV,ZAHONE,ZMQ1
ZMQ2,\VM-PF.IntUser\PDD 31-12-2024.IntPrj\Network Model.IntPrjfolder\Network Data.IntPrjfolder\CENTRAL 138 kV.ElmNet\Arroyo Hondo.ElmSite\ZAHONE.ElmSubstat\E08.ElmTerm\Cub_1.StaCubic\ZAHO1E_ZLISAE-L1-REL 670.ElmRelay\ZMQPDIS.ElmRelay\ZMQ2.RelDispoly,1,DISTRITO NACIONAL,CENTRAL,CENTRAL 138 kV,ZAHONE,ZMQ2
ZMQ3,\VM-PF.IntUser\PDD 31-12-2024.IntPrj\Network Model.IntPrjfolder\Network Data.IntPrjfolder\CENTRAL 138 kV.ElmNet\Arroyo Hondo.ElmSite\ZAHONE.ElmSubstat\E08.ElmTerm\Cub_1.StaCubic\ZAHO1E_ZLISAE-L1-REL 670.ElmRelay\ZMQPDIS.ElmRelay\ZMQ3.RelDispoly,1,DISTRITO NACIONAL,CENTRAL,CENTRAL 138 kV,ZAHONE,ZMQ3
ZMQ4,\VM-PF.IntUser\PDD 31-12-2024.IntPrj\Network Model.IntPrjfolder\Network Data.IntPrjfolder\CENTRAL 138 kV.ElmNet\Arroyo Hondo.ElmSite\ZAHONE.ElmSubstat\E08.ElmTerm\Cub_1.StaCubic\ZAHO1E_ZLISAE-L1-REL 670.ElmRelay\ZMQPDIS.ElmRelay\ZMQ4.RelDispoly,1,DISTRITO NACIONAL,CENTRAL,CENTRAL 138 kV,ZAHONE,ZMQ4
ZMQ5,\VM-PF.IntUser\PDD 31-12-2024.IntPrj\Network Model.IntPrjfolder\Network Data.IntPrjfolder\CENTRAL 138 kV.ElmNet\Arroyo Hondo.ElmSite\ZAHONE.ElmSubstat\E08.ElmTerm\Cub_1.StaCubic\ZAHO1E_ZLISAE-L1-REL 670.ElmRelay\ZMQPDIS.ElmRelay\ZMQ5.RelDispoly,1,DISTRITO NACIONAL,CENTRAL,CENTRAL 138 kV,ZAHONE,ZMQ5
ZDS1,\VM-PF.IntUser\PDD 31-12-2024.IntPrj\Network Model.IntPrjfolder\Network Data.IntPrjfolder\CENTRAL 138 kV.ElmNet\Arroyo Hondo.ElmSite\ZAHONE.ElmSubstat\E08.ElmTerm\Cub_1.StaCubic\ZAHO1E_ZLISAE-L1-REL 670.ElmRelay\SC Dir-Z.ElmRelay\ZDS1.RelDispoly,1,DISTRITO NACIONAL,CENTRAL,CENTRAL 138 kV,ZAHONE,ZDS1
Outer zone,\VM-PF.IntUser\PDD 31-12-2024.IntPrj\Network Model.IntPrjfolder\Network Data.IntPrjfolder\CENTRAL 138 kV.ElmNet\Arroyo Hondo.ElmSite\ZAHONE.ElmSubstat\E08.ElmTerm\Cub_1.StaCubic\ZAHO1E_ZLISAE-L1-RED 670.ElmRelay\RPSB 78.ElmRelay\Outer zone.RelDispoly,1,DISTRITO NACIONAL,CENTRAL,CENTRAL 138 kV,ZAHONE,Outer zone
Inner zone,\VM-PF.IntUser\PDD 31-12-2024.IntPrj\Network Model.IntPrjfolder\Network Data.IntPrjfolder\CENTRAL 138 kV.ElmNet\Arroyo Hondo.ElmSite\ZAHONE.ElmSubstat\E08.ElmTerm\Cub_1.StaCubic\ZAHO1E_ZLISAE-L1-RED 670.ElmRelay\RPSB 78.ElmRelay\Inner zone.RelDispoly,1,DISTRITO NACIONAL,CENTRAL,CENTRAL 138 kV,ZAHONE,Inner zone
ZMC1,\VM-PF.IntUser\PDD 31-12-2024.IntPrj\Network Model.IntPrjfolder\Network Data.IntPrjfolder\CENTRAL 138 kV.ElmNet\Arroyo Hondo.ElmSite\ZAHONE.ElmSubstat\E08.ElmTerm\Cub_1.StaCubic\ZAHO1E_ZLISAE-L1-RED 670.ElmRelay\ZMCPDIS.ElmRelay\ZMC1.RelDispoly,1,DISTRITO NACIONAL,CENTRAL,CENTRAL 138 kV,ZAHONE,ZMC1
ZMC2,\VM-PF.IntUser\PDD 31-12-2024.IntPrj\Network Model.IntPrjfolder\Network Data.IntPrjfolder\CENTRAL 138 kV.ElmNet\Arroyo Hondo.ElmSite\ZAHONE.ElmSubstat\E08.ElmTerm\Cub_1.StaCubic\ZAHO1E_ZLISAE-L1-RED 670.ElmRelay\ZMCPDIS.ElmRelay\ZMC2.RelDispoly,1,DISTRITO NACIONAL,CENTRAL,CENTRAL 138 kV,ZAHONE,ZMC2
ZMC3,\VM-PF.IntUser\PDD 31-12-2024.IntPrj\Network Model.IntPrjfolder\Network Data.IntPrjfolder\CENTRAL 138 kV.ElmNet\Arroyo Hondo.ElmSite\ZAHONE.ElmSubstat\E08.ElmTerm\Cub_1.StaCubic\ZAHO1E_ZLISAE-L1-RED 670.ElmRelay\ZMCPDIS.ElmRelay\ZMC3.RelDispoly,1,DISTRITO NACIONAL,CENTRAL,CENTRAL 138 kV,ZAHONE,ZMC3
ZMC4,\VM-PF.IntUser\PDD 31-12-2024.IntPrj\Network Model.IntPrjfolder\Network Data.IntPrjfolder\CENTRAL 138 kV.ElmNet\Arroyo Hondo.ElmSite\ZAHONE.ElmSubstat\E08.ElmTerm\Cub_1.StaCubic\ZAHO1E_ZLISAE-L1-RED 670.ElmRelay\ZMCPDIS.ElmRelay\ZMC4.RelDispoly,1,DISTRITO NACIONAL,CENTRAL,CENTRAL 138 kV,ZAHONE,ZMC4
ZMC5,\VM-PF.IntUser\PDD 31-12-2024.IntPrj\Network Model.IntPrjfolder\Network Data.IntPrjfolder\CENTRAL 138 kV.ElmNet\Arroyo Hondo.ElmSite\ZAHONE.ElmSubstat\E08.ElmTerm\Cub_1.StaCubic\ZAHO1E_ZLISAE-L1-RED 670.ElmRelay\ZMCPDIS.ElmRelay\ZMC5.RelDispoly,1,DISTRITO NACIONAL,CENTRAL,CENTRAL 138 kV,ZAHONE,ZMC5
ZMQ1,\VM-PF.IntUser\PDD 31-12-2024.IntPrj\Network Model.IntPrjfolder\Network Data.IntPrjfolder\CENTRAL 138 kV.ElmNet\Arroyo Hondo.ElmSite\ZAHONE.ElmSubstat\E08.ElmTerm\Cub_1.StaCubic\ZAHO1E_ZLISAE-L1-RED 670.ElmRelay\ZMQPDIS.ElmRelay\ZMQ1.RelDispoly,1,DISTRITO NACIONAL,CENTRAL,CENTRAL 138 kV,ZAHONE,ZMQ1
ZMQ2,\VM-PF.IntUser\PDD 31-12-2024.IntPrj\Network Model.IntPrjfolder\Network Data.IntPrjfolder\CENTRAL 138 kV.ElmNet\Arroyo Hondo.ElmSite\ZAHONE.ElmSubstat\E08.ElmTerm\Cub_1.StaCubic\ZAHO1E_ZLISAE-L1-RED 670.ElmRelay\ZMQPDIS.ElmRelay\ZMQ2.RelDispoly,1,DISTRITO NACIONAL,CENTRAL,CENTRAL 138 kV,ZAHONE,ZMQ2
ZMQ3,\VM-PF.IntUser\PDD 31-12-2024.IntPrj\Network Model.IntPrjfolder\Network Data.IntPrjfolder\CENTRAL 138 kV.ElmNet\Arroyo Hondo.ElmSite\ZAHONE.ElmSubstat\E08.ElmTerm\Cub_1.StaCubic\ZAHO1E_ZLISAE-L1-RED 670.ElmRelay\ZMQPDIS.ElmRelay\ZMQ3.RelDispoly,1,DISTRITO NACIONAL,CENTRAL,CENTRAL 138 kV,ZAHONE,ZMQ3
ZMQ4,\VM-PF.IntUser\PDD 31-12-2024.IntPrj\Network Model.IntPrjfolder\Network Data.IntPrjfolder\CENTRAL 138 kV.ElmNet\Arroyo Hondo.ElmSite\ZAHONE.ElmSubstat\E08.ElmTerm\Cub_1.StaCubic\ZAHO1E_ZLISAE-L1-RED 670.ElmRelay\ZMQPDIS.ElmRelay\ZMQ4.RelDispoly,1,DISTRITO NACIONAL,CENTRAL,CENTRAL 138 kV,ZAHONE,ZMQ4
ZMQ5,\VM-PF.IntUser\PDD 31-12-2024.IntPrj\Network Model.IntPrjfolder\Network Data.IntPrjfolder\CENTRAL 138 kV.ElmNet\Arroyo Hondo.ElmSite\ZAHONE.ElmSubstat\E08.ElmTerm\Cub_1.StaCubic\ZAHO1E_ZLISAE-L1-RED 670.ElmRelay\ZMQPDIS.ElmRelay\ZMQ5.RelDispoly,1,DISTRITO NACIONAL,CENTRAL,CENTRAL 138 kV,ZAHONE,ZMQ5
ZDS1,\VM-PF.IntUser\PDD 31-12-2024.IntPrj\Network Model.IntPrjfolder\Network Data.IntPrjfolder\CENTRAL 138 kV.ElmNet\Arroyo Hondo.ElmSite\ZAHONE.ElmSubstat\E08.ElmTerm\Cub_1.StaCubic\ZAHO1E_ZLISAE-L1-RED 670.ElmRelay\SC Dir-Z.ElmRelay\ZDS1.RelDispoly,1,DISTRITO NACIONAL,CENTRAL,CENTRAL 138 kV,ZAHONE,ZDS1
Z1 Ph,\VM-PF.IntUser\PDD 31-12-2024.IntPrj\Network Model.IntPrjfolder\Network Data.IntPrjfolder\CENTRAL 138 kV.ElmNet\Herrera.ElmSite\ZHERRE.ElmSubstat\WHERRE(8).ElmTerm\WBHE38E(2).StaCubic\ZHERRE_ZITABE-L1-P44x.ElmRelay\Z1 Ph.RelDispoly,1,SANTO DOMINGO,CENTRAL,CENTRAL 138 kV,ZHERRE,Z1 Ph
Z2 Ph,\VM-PF.IntUser\PDD 31-12-2024.IntPrj\Network Model.IntPrjfolder\Network Data.IntPrjfolder\CENTRAL 138 kV.ElmNet\Herrera.ElmSite\ZHERRE.ElmSubstat\WHERRE(8).ElmTerm\WBHE38E(2).StaCubic\ZHERRE_ZITABE-L1-P44x.ElmRelay\Z2 Ph.RelDispoly,1,SANTO DOMINGO,CENTRAL,CENTRAL 138 kV,ZHERRE,Z2 Ph
Z3 Ph,\VM-PF.IntUser\PDD 31-12-2024.IntPrj\Network Model.IntPrjfolder\Network Data.IntPrjfolder\CENTRAL 138 kV.ElmNet\Herrera.ElmSite\ZHERRE.ElmSubstat\WHERRE(8).ElmTerm\WBHE38E(2).StaCubic\ZHERRE_ZITABE-L1-P44x.ElmRelay\Z3 Ph.RelDispoly,1,SANTO DOMINGO,CENTRAL,CENTRAL 138 kV,ZHERRE,Z3 Ph
Z4 Ph,\VM-PF.IntUser\PDD 31-12-2024.IntPrj\Network Model.IntPrjfolder\Network Data.IntPrjfolder\CENTRAL 138 kV.ElmNet\Herrera.ElmSite\ZHERRE.ElmSubstat\WHERRE(8).ElmTerm\WBHE38E(2).StaCubic\ZHERRE_ZITABE-L1-P44x.ElmRelay\Z4 Ph.RelDispoly,1,SANTO DOMINGO,CENTRAL,CENTRAL 138 kV,ZHERRE,Z4 Ph
ZP Ph,\VM-PF.IntUser\PDD 31-12-2024.IntPrj\Network Model.IntPrjfolder\Network Data.IntPrjfolder\CENTRAL 138 kV.ElmNet\Herrera.ElmSite\ZHERRE.ElmSubstat\WHERRE(8).ElmTerm\WBHE38E(2).StaCubic\ZHERRE_ZITABE-L1-P44x.ElmRelay\ZP Ph.RelDispoly,1,SANTO DOMINGO,CENTRAL,CENTRAL 138 kV,ZHERRE,ZP Ph
Z1X Ph,\VM-PF.IntUser\PDD 31-12-2024.IntPrj\Network Model.IntPrjfolder\Network Data.IntPrjfolder\CENTRAL 138 kV.ElmNet\Herrera.ElmSite\ZHERRE.ElmSubstat\WHERRE(8).ElmTerm\WBHE38E(2).StaCubic\ZHERRE_ZITABE-L1-P44x.ElmRelay\Z1X Ph.RelDispoly,1,SANTO DOMINGO,CENTRAL,CENTRAL 138 kV,ZHERRE,Z1X Ph
Z1 Grnd,\VM-PF.IntUser\PDD 31-12-2024.IntPrj\Network Model.IntPrjfolder\Network Data.IntPrjfolder\CENTRAL 138 kV.ElmNet\Herrera.ElmSite\ZHERRE.ElmSubstat\WHERRE(8).ElmTerm\WBHE38E(2).StaCubic\ZHERRE_ZITABE-L1-P44x.ElmRelay\Z1 Grnd.RelDispoly,1,SANTO DOMINGO,CENTRAL,CENTRAL 138 kV,ZHERRE,Z1 Grnd
Z2 Grnd,\VM-PF.IntUser\PDD 31-12-2024.IntPrj\Network Model.IntPrjfolder\Network Data.IntPrjfolder\CENTRAL 138 kV.ElmNet\Herrera.ElmSite\ZHERRE.ElmSubstat\WHERRE(8).ElmTerm\WBHE38E(2).StaCubic\ZHERRE_ZITABE-L1-P44x.ElmRelay\Z2 Grnd.RelDispoly,1,SANTO DOMINGO,CENTRAL,CENTRAL 138 kV,ZHERRE,Z2 Grnd
Z3 Grnd,\VM-PF.IntUser\PDD 31-12-2024.IntPrj\Network Model.IntPrjfolder\Network Data.IntPrjfolder\CENTRAL 138 kV.ElmNet\Herrera.ElmSite\ZHERRE.ElmSubstat\WHERRE(8).ElmTerm\WBHE38E(2).StaCubic\ZHERRE_ZITABE-L1-P44x.ElmRelay\Z3 Grnd.RelDispoly,1,SANTO DOMINGO,CENTRAL,CENTRAL 138 kV,ZHERRE,Z3 Grnd
Z4 Grnd,\VM-PF.IntUser\PDD 31-12-2024.IntPrj\Network Model.IntPrjfolder\Network Data.IntPrjfolder\CENTRAL 138 kV.ElmNet\Herrera.ElmSite\ZHERRE.ElmSubstat\WHERRE(8).ElmTerm\WBHE38E(2).StaCubic\ZHERRE_ZITABE-L1-P44x.ElmRelay\Z4 Grnd.RelDispoly,1,SANTO DOMINGO,CENTRAL,CENTRAL 138 kV,ZHERRE,Z4 Grnd
ZP Grnd,\VM-PF.IntUser\PDD 31-12-2024.IntPrj\Network Model.IntPrjfolder\Network Data.IntPrjfolder\CENTRAL 138 kV.ElmNet\Herrera.ElmSite\ZHERRE.ElmSubstat\WHERRE(8).ElmTerm\WBHE38E(2).StaCubic\ZHERRE_ZITABE-L1-P44x.ElmRelay\ZP Grnd.RelDispoly,1,SANTO DOMINGO,CENTRAL,CENTRAL 138 kV,ZHERRE,ZP Grnd
Z1X Grnd,\VM-PF.IntUser\PDD 31-12-2024.IntPrj\Network Model.IntPrjfolder\Network Data.IntPrjfolder\CENTRAL 138 kV.ElmNet\Herrera.ElmSite\ZHERRE.ElmSubstat\WHERRE(8).ElmTerm\WBHE38E(2).StaCubic\ZHERRE_ZITABE-L1-P44x.ElmRelay\Z1X Grnd.RelDispoly,1,SANTO DOMINGO,CENTRAL,CENTRAL 138 kV,ZHERRE,Z1X Grnd
Z1 Ph,\VM-PF.IntUser\PDD 31-12-2024.IntPrj\Network Model.IntPrjfolder\Network Data.IntPrjfolder\CENTRAL 138 kV.ElmNet\Herrera.ElmSite\ZHERRE.ElmSubstat\WHERRE(7).ElmTerm\WBHE38E(1).StaCubic\ZHERRE_ZLPRAE-L1-P44x.ElmRelay\Z1 Ph.RelDispoly,1,SANTO DOMINGO,CENTRAL,CENTRAL 138 kV,ZHERRE,Z1 Ph
Z2 Ph,\VM-PF.IntUser\PDD 31-12-2024.IntPrj\Network Model.IntPrjfolder\Network Data.IntPrjfolder\CENTRAL 138 kV.ElmNet\Herrera.ElmSite\ZHERRE.ElmSubstat\WHERRE(7).ElmTerm\WBHE38E(1).StaCubic\ZHERRE_ZLPRAE-L1-P44x.ElmRelay\Z2 Ph.RelDispoly,1,SANTO DOMINGO,CENTRAL,CENTRAL 138 kV,ZHERRE,Z2 Ph
Z3 Ph,\VM-PF.IntUser\PDD 31-12-2024.IntPrj\Network Model.IntPrjfolder\Network Data.IntPrjfolder\CENTRAL 138 kV.ElmNet\Herrera.ElmSite\ZHERRE.ElmSubstat\WHERRE(7).ElmTerm\WBHE38E(1).StaCubic\ZHERRE_ZLPRAE-L1-P44x.ElmRelay\Z3 Ph.RelDispoly,1,SANTO DOMINGO,CENTRAL,CENTRAL 138 kV,ZHERRE,Z3 Ph
Z4 Ph,\VM-PF.IntUser\PDD 31-12-2024.IntPrj\Network Model.IntPrjfolder\Network Data.IntPrjfolder\CENTRAL 138 kV.ElmNet\Herrera.ElmSite\ZHERRE.ElmSubstat\WHERRE(7).ElmTerm\WBHE38E(1).StaCubic\ZHERRE_ZLPRAE-L1-P44x.ElmRelay\Z4 Ph.RelDispoly,1,SANTO DOMINGO,CENTRAL,CENTRAL 138 kV,ZHERRE,Z4 Ph
ZP Ph,\VM-PF.IntUser\PDD 31-12-2024.IntPrj\Network Model.IntPrjfolder\Network Data.IntPrjfolder\CENTRAL 138 kV.ElmNet\Herrera.ElmSite\ZHERRE.ElmSubstat\WHERRE(7).ElmTerm\WBHE38E(1).StaCubic\ZHERRE_ZLPRAE-L1-P44x.ElmRelay\ZP Ph.RelDispoly,1,SANTO DOMINGO,CENTRAL,CENTRAL 138 kV,ZHERRE,ZP Ph
Z1X Ph,\VM-PF.IntUser\PDD 31-12-2024.IntPrj\Network Model.IntPrjfolder\Network Data.IntPrjfolder\CENTRAL 138 kV.ElmNet\Herrera.ElmSite\ZHERRE.ElmSubstat\WHERRE(7).ElmTerm\WBHE38E(1).StaCubic\ZHERRE_ZLPRAE-L1-P44x.ElmRelay\Z1X Ph.RelDispoly,1,SANTO DOMINGO,CENTRAL,CENTRAL 138 kV,ZHERRE,Z1X Ph
Z1 Grnd,\VM-PF.IntUser\PDD 31-12-2024.IntPrj\Network Model.IntPrjfolder\Network Data.IntPrjfolder\CENTRAL 138 kV.ElmNet\Herrera.ElmSite\ZHERRE.ElmSubstat\WHERRE(7).ElmTerm\WBHE38E(1).StaCubic\ZHERRE_ZLPRAE-L1-P44x.ElmRelay\Z1 Grnd.RelDispoly,1,SANTO DOMINGO,CENTRAL,CENTRAL 138 kV,ZHERRE,Z1 Grnd
Z2 Grnd,\VM-PF.IntUser\PDD 31-12-2024.IntPrj\Network Model.IntPrjfolder\Network Data.IntPrjfolder\CENTRAL 138 kV.ElmNet\Herrera.ElmSite\ZHERRE.ElmSubstat\WHERRE(7).ElmTerm\WBHE38E(1).StaCubic\ZHERRE_ZLPRAE-L1-P44x.ElmRelay\Z2 Grnd.RelDispoly,1,SANTO DOMINGO,CENTRAL,CENTRAL 138 kV,ZHERRE,Z2 Grnd
Z3 Grnd,\VM-PF.IntUser\PDD 31-12-2024.IntPrj\Network Model.IntPrjfolder\Network Data.IntPrjfolder\CENTRAL 138 kV.ElmNet\Herrera.ElmSite\ZHERRE.ElmSubstat\WHERRE(7).ElmTerm\WBHE38E(1).StaCubic\ZHERRE_ZLPRAE-L1-P44x.ElmRelay\Z3 Grnd.RelDispoly,1,SANTO DOMINGO,CENTRAL,CENTRAL 138 kV,ZHERRE,Z3 Grnd
Z4 Grnd,\VM-PF.IntUser\PDD 31-12-2024.IntPrj\Network Model.IntPrjfolder\Network Data.IntPrjfolder\CENTRAL 138 kV.ElmNet\Herrera.ElmSite\ZHERRE.ElmSubstat\WHERRE(7).ElmTerm\WBHE38E(1).StaCubic\ZHERRE_ZLPRAE-L1-P44x.ElmRelay\Z4 Grnd.RelDispoly,1,SANTO DOMINGO,CENTRAL,CENTRAL 138 kV,ZHERRE,Z4 Grnd
ZP Grnd,\VM-PF.IntUser\PDD 31-12-2024.IntPrj\Network Model.IntPrjfolder\Network Data.IntPrjfolder\CENTRAL 138 kV.ElmNet\Herrera.ElmSite\ZHERRE.ElmSubstat\WHERRE(7).ElmTerm\WBHE38E(1).StaCubic\ZHERRE_ZLPRAE-L1-P44x.ElmRelay\ZP Grnd.RelDispoly,1,SANTO DOMINGO,CENTRAL,CENTRAL 138 kV,ZHERRE,ZP Grnd
Z1X Grnd,\VM-PF.IntUser\PDD 31-12-2024.IntPrj\Network Model.IntPrjfolder\Network Data.IntPrjfolder\CENTRAL 138 kV.ElmNet\Herrera.ElmSite\ZHERRE.ElmSubstat\WHERRE(7).ElmTerm\WBHE38E(1).StaCubic\ZHERRE_ZLPRAE-L1-P44x.ElmRelay\Z1X Grnd.RelDispoly,1,SANTO DOMINGO,CENTRAL,CENTRAL 138 kV,ZHERRE,Z1X Grnd
Z1,\VM-PF.IntUser\PDD 31-12-2024.IntPrj\Network Model.IntPrjfolder\Network Data.IntPrjfolder\CENTRAL 138 kV.ElmNet\Boca Chica.ElmSite\ZBCHIE.ElmSubstat\1.ElmTerm\Cub_1.StaCubic\ZBCHIE_ZHNSAE-L1-7SA6.ElmRelay\Distance Polygonal.ElmRelay\Z1.RelDispoly,1,SANTO DOMINGO,CENTRAL,CENTRAL 138 kV,ZBCHIE,Z1
Z1b,\VM-PF.IntUser\PDD 31-12-2024.IntPrj\Network Model.IntPrjfolder\Network Data.IntPrjfolder\CENTRAL 138 kV.ElmNet\Boca Chica.ElmSite\ZBCHIE.ElmSubstat\1.ElmTerm\Cub_1.StaCubic\ZBCHIE_ZHNSAE-L1-7SA6.ElmRelay\Distance Polygonal.ElmRelay\Z1b.RelDispoly,1,SANTO DOMINGO,CENTRAL,CENTRAL 138 kV,ZBCHIE,Z1b
Z2,\VM-PF.IntUser\PDD 31-12-2024.IntPrj\Network Model.IntPrjfolder\Network Data.IntPrjfolder\CENTRAL 138 kV.ElmNet\Boca Chica.ElmSite\ZBCHIE.ElmSubstat\1.ElmTerm\Cub_1.StaCubic\ZBCHIE_ZHNSAE-L1-7SA6.ElmRelay\Distance Polygonal.ElmRelay\Z2.RelDispoly,1,SANTO DOMINGO,CENTRAL,CENTRAL 138 kV,ZBCHIE,Z2
Z3,\VM-PF.IntUser\PDD 31-12-2024.IntPrj\Network Model.IntPrjfolder\Network Data.IntPrjfolder\CENTRAL 138 kV.ElmNet\Boca Chica.ElmSite\ZBCHIE.ElmSubstat\1.ElmTerm\Cub_1.StaCubic\ZBCHIE_ZHNSAE-L1-7SA6.ElmRelay\Distance Polygonal.ElmRelay\Z3.RelDispoly,1,SANTO DOMINGO,CENTRAL,CENTRAL 138 kV,ZBCHIE,Z3
Z4,\VM-PF.IntUser\PDD 31-12-2024.IntPrj\Network Model.IntPrjfolder\Network Data.IntPrjfolder\CENTRAL 138 kV.ElmNet\Boca Chica.ElmSite\ZBCHIE.ElmSubstat\1.ElmTerm\Cub_1.StaCubic\ZBCHIE_ZHNSAE-L1-7SA6.ElmRelay\Distance Polygonal.ElmRelay\Z4.RelDispoly,1,SANTO DOMINGO,CENTRAL,CENTRAL 138 kV,ZBCHIE,Z4
Z5,\VM-PF.IntUser\PDD 31-12-2024.IntPrj\Network Model.IntPrjfolder\Network Data.IntPrjfolder\CENTRAL 138 kV.ElmNet\Boca Chica.ElmSite\ZBCHIE.ElmSubstat\1.ElmTerm\Cub_1.StaCubic\ZBCHIE_ZHNSAE-L1-7SA6.ElmRelay\Distance Polygonal.ElmRelay\Z5.RelDispoly,1,SANTO DOMINGO,CENTRAL,CENTRAL 138 kV,ZBCHIE,Z5
Z1,\VM-PF.IntUser\PDD 31-12-2024.IntPrj\Network Model.IntPrjfolder\Network Data.IntPrjfolder\CENTRAL 138 kV.ElmNet\Boca Chica.ElmSite\ZBCHIE.ElmSubstat\1.ElmTerm\Cub_1.StaCubic\ZBCHIE_ZHNSAE-L1-7SD52.ElmRelay\Distance/Overcurrent/Voltage.ElmRelay\Z1.RelDispoly,1,SANTO DOMINGO,CENTRAL,CENTRAL 138 kV,ZBCHIE,Z1
Z1b,\VM-PF.IntUser\PDD 31-12-2024.IntPrj\Network Model.IntPrjfolder\Network Data.IntPrjfolder\CENTRAL 138 kV.ElmNet\Boca Chica.ElmSite\ZBCHIE.ElmSubstat\1.ElmTerm\Cub_1.StaCubic\ZBCHIE_ZHNSAE-L1-7SD52.ElmRelay\Distance/Overcurrent/Voltage.ElmRelay\Z1b.RelDispoly,1,SANTO DOMINGO,CENTRAL,CENTRAL 138 kV,ZBCHIE,Z1b
Z2,\VM-PF.IntUser\PDD 31-12-2024.IntPrj\Network Model.IntPrjfolder\Network Data.IntPrjfolder\CENTRAL 138 kV.ElmNet\Boca Chica.ElmSite\ZBCHIE.ElmSubstat\1.ElmTerm\Cub_1.StaCubic\ZBCHIE_ZHNSAE-L1-7SD52.ElmRelay\Distance/Overcurrent/Voltage.ElmRelay\Z2.RelDispoly,1,SANTO DOMINGO,CENTRAL,CENTRAL 138 kV,ZBCHIE,Z2
Z3,\VM-PF.IntUser\PDD 31-12-2024.IntPrj\Network Model.IntPrjfolder\Network Data.IntPrjfolder\CENTRAL 138 kV.ElmNet\Boca Chica.ElmSite\ZBCHIE.ElmSubstat\1.ElmTerm\Cub_1.StaCubic\ZBCHIE_ZHNSAE-L1-7SD52.ElmRelay\Distance/Overcurrent/Voltage.ElmRelay\Z3.RelDispoly,1,SANTO DOMINGO,CENTRAL,CENTRAL 138 kV,ZBCHIE,Z3
Z4,\VM-PF.IntUser\PDD 31-12-2024.IntPrj\Network Model.IntPrjfolder\Network Data.IntPrjfolder\CENTRAL 138 kV.ElmNet\Boca Chica.ElmSite\ZBCHIE.ElmSubstat\1.ElmTerm\Cub_1.StaCubic\ZBCHIE_ZHNSAE-L1-7SD52.ElmRelay\Distance/Overcurrent/Voltage.ElmRelay\Z4.RelDispoly,1,SANTO DOMINGO,CENTRAL,CENTRAL 138 kV,ZBCHIE,Z4
Z5,\VM-PF.IntUser\PDD 31-12-2024.IntPrj\Network Model.IntPrjfolder\Network Data.IntPrjfolder\CENTRAL 138 kV.ElmNet\Boca Chica.ElmSite\ZBCHIE.ElmSubstat\1.ElmTerm\Cub_1.StaCubic\ZBCHIE_ZHNSAE-L1-7SD52.ElmRelay\Distance/Overcurrent/Voltage.ElmRelay\Z5.RelDispoly,1,SANTO DOMINGO,CENTRAL,CENTRAL 138 kV,ZBCHIE,Z5
PPOL poly,\VM-PF.IntUser\PDD 31-12-2024.IntPrj\Network Model.IntPrjfolder\Network Data.IntPrjfolder\CENTRAL 138 kV.ElmNet\Boca Chica.ElmSite\ZBCHIE.ElmSubstat\1.ElmTerm\Cub_1.StaCubic\ZBCHIE_ZHNSAE-L1-7SD52.ElmRelay\Distance/Overcurrent/Voltage.ElmRelay\PPOL poly.RelDispoly,1,SANTO DOMINGO,CENTRAL,CENTRAL 138 kV,ZBCHIE,PPOL poly
Z1,\VM-PF.IntUser\PDD 31-12-2024.IntPrj\Network Model.IntPrjfolder\Network Data.IntPrjfolder\CENTRAL 138 kV.ElmNet\Boca Chica.ElmSite\ZBCHIE.ElmSubstat\2.ElmTerm\Cub_1.StaCubic\ZBCHIE_ZSPM2E-L1-7SA6.ElmRelay\Distance Polygonal.ElmRelay\Z1.RelDispoly,1,SANTO DOMINGO,CENTRAL,CENTRAL 138 kV,ZBCHIE,Z1
Z1b,\VM-PF.IntUser\PDD 31-12-2024.IntPrj\Network Model.IntPrjfolder\Network Data.IntPrjfolder\CENTRAL 138 kV.ElmNet\Boca Chica.ElmSite\ZBCHIE.ElmSubstat\2.ElmTerm\Cub_1.StaCubic\ZBCHIE_ZSPM2E-L1-7SA6.ElmRelay\Distance Polygonal.ElmRelay\Z1b.RelDispoly,1,SANTO DOMINGO,CENTRAL,CENTRAL 138 kV,ZBCHIE,Z1b
Z2,\VM-PF.IntUser\PDD 31-12-2024.IntPrj\Network Model.IntPrjfolder\Network Data.IntPrjfolder\CENTRAL 138 kV.ElmNet\Boca Chica.ElmSite\ZBCHIE.ElmSubstat\2.ElmTerm\Cub_1.StaCubic\ZBCHIE_ZSPM2E-L1-7SA6.ElmRelay\Distance Polygonal.ElmRelay\Z2.RelDispoly,1,SANTO DOMINGO,CENTRAL,CENTRAL 138 kV,ZBCHIE,Z2
Z3,\VM-PF.IntUser\PDD 31-12-2024.IntPrj\Network Model.IntPrjfolder\Network Data.IntPrjfolder\CENTRAL 138 kV.ElmNet\Boca Chica.ElmSite\ZBCHIE.ElmSubstat\2.ElmTerm\Cub_1.StaCubic\ZBCHIE_ZSPM2E-L1-7SA6.ElmRelay\Distance Polygonal.ElmRelay\Z3.RelDispoly,1,SANTO DOMINGO,CENTRAL,CENTRAL 138 kV,ZBCHIE,Z3
Z4,\VM-PF.IntUser\PDD 31-12-2024.IntPrj\Network Model.IntPrjfolder\Network Data.IntPrjfolder\CENTRAL 138 kV.ElmNet\Boca Chica.ElmSite\ZBCHIE.ElmSubstat\2.ElmTerm\Cub_1.StaCubic\ZBCHIE_ZSPM2E-L1-7SA6.ElmRelay\Distance Polygonal.ElmRelay\Z4.RelDispoly,1,SANTO DOMINGO,CENTRAL,CENTRAL 138 kV,ZBCHIE,Z4
Z5,\VM-PF.IntUser\PDD 31-12-2024.IntPrj\Network Model.IntPrjfolder\Network Data.IntPrjfolder\CENTRAL 138 kV.ElmNet\Boca Chica.ElmSite\ZBCHIE.ElmSubstat\2.ElmTerm\Cub_1.StaCubic\ZBCHIE_ZSPM2E-L1-7SA6.ElmRelay\Distance Polygonal.ElmRelay\Z5.RelDispoly,1,SANTO DOMINGO,CENTRAL,CENTRAL 138 kV,ZBCHIE,Z5
Z1,\VM-PF.IntUser\PDD 31-12-2024.IntPrj\Network Model.IntPrjfolder\Network Data.IntPrjfolder\CENTRAL 138 kV.ElmNet\Boca Chica.ElmSite\ZBCHIE.ElmSubstat\2.ElmTerm\Cub_1.StaCubic\ZBCHIE_ZSPM2E-L1-7SD52.ElmRelay\Distance/Overcurrent/Voltage.ElmRelay\Z1.RelDispoly,1,SANTO DOMINGO,CENTRAL,CENTRAL 138 kV,ZBCHIE,Z1
Z1b,\VM-PF.IntUser\PDD 31-12-2024.IntPrj\Network Model.IntPrjfolder\Network Data.IntPrjfolder\CENTRAL 138 kV.ElmNet\Boca Chica.ElmSite\ZBCHIE.ElmSubstat\2.ElmTerm\Cub_1.StaCubic\ZBCHIE_ZSPM2E-L1-7SD52.ElmRelay\Distance/Overcurrent/Voltage.ElmRelay\Z1b.RelDispoly,1,SANTO DOMINGO,CENTRAL,CENTRAL 138 kV,ZBCHIE,Z1b
Z2,\VM-PF.IntUser\PDD 31-12-2024.IntPrj\Network Model.IntPrjfolder\Network Data.IntPrjfolder\CENTRAL 138 kV.ElmNet\Boca Chica.ElmSite\ZBCHIE.ElmSubstat\2.ElmTerm\Cub_1.StaCubic\ZBCHIE_ZSPM2E-L1-7SD52.ElmRelay\Distance/Overcurrent/Voltage.ElmRelay\Z2.RelDispoly,1,SANTO DOMINGO,CENTRAL,CENTRAL 138 kV,ZBCHIE,Z2
Z3,\VM-PF.IntUser\PDD 31-12-2024.IntPrj\Network Model.IntPrjfolder\Network Data.IntPrjfolder\CENTRAL 138 kV.ElmNet\Boca Chica.ElmSite\ZBCHIE.ElmSubstat\2.ElmTerm\Cub_1.StaCubic\ZBCHIE_ZSPM2E-L1-7SD52.ElmRelay\Distance/Overcurrent/Voltage.ElmRelay\Z3.RelDispoly,1,SANTO DOMINGO,CENTRAL,CENTRAL 138 kV,ZBCHIE,Z3
Z4,\VM-PF.IntUser\PDD 31-12-2024.IntPrj\Network Model.IntPrjfolder\Network Data.IntPrjfolder\CENTRAL 138 kV.ElmNet\Boca Chica.ElmSite\ZBCHIE.ElmSubstat\2.ElmTerm\Cub_1.StaCubic\ZBCHIE_ZSPM2E-L1-7SD52.ElmRelay\Distance/Overcurrent/Voltage.ElmRelay\Z4.RelDispoly,1,SANTO DOMINGO,CENTRAL,CENTRAL 138 kV,ZBCHIE,Z4
Z5,\VM-PF.IntUser\PDD 31-12-2024.IntPrj\Network Model.IntPrjfolder\Network Data.IntPrjfolder\CENTRAL 138 kV.ElmNet\Boca Chica.ElmSite\ZBCHIE.ElmSubstat\2.ElmTerm\Cub_1.StaCubic\ZBCHIE_ZSPM2E-L1-7SD52.ElmRelay\Distance/Overcurrent/Voltage.ElmRelay\Z5.RelDispoly,1,SANTO DOMINGO,CENTRAL,CENTRAL 138 kV,ZBCHIE,Z5
PPOL poly,\VM-PF.IntUser\PDD 31-12-2024.IntPrj\Network Model.IntPrjfolder\Network Data.IntPrjfolder\CENTRAL 138 kV.ElmNet\Boca Chica.ElmSite\ZBCHIE.ElmSubstat\2.ElmTerm\Cub_1.StaCubic\ZBCHIE_ZSPM2E-L1-7SD52.ElmRelay\Distance/Overcurrent/Voltage.ElmRelay\PPOL poly.RelDispoly,1,SANTO DOMINGO,CENTRAL,CENTRAL 138 kV,ZBCHIE,PPOL poly
Z1,\VM-PF.IntUser\PDD 31-12-2024.IntPrj\Network Model.IntPrjfolder\Network Data.IntPrjfolder\CENTRAL 138 kV.ElmNet\ZEMBAE.ElmSubstat\WEMBAE(2).ElmTerm\WBEMBAE(2).StaCubic\ZEMBAE_ZLPRAE-L1-7SA6.ElmRelay\Distance Polygonal.ElmRelay\Z1.RelDispoly,1,DISTRITO NACIONAL,CENTRAL,CENTRAL 138 kV,ZEMBAE,Z1
Z1b,\VM-PF.IntUser\PDD 31-12-2024.IntPrj\Network Model.IntPrjfolder\Network Data.IntPrjfolder\CENTRAL 138 kV.ElmNet\ZEMBAE.ElmSubstat\WEMBAE(2).ElmTerm\WBEMBAE(2).StaCubic\ZEMBAE_ZLPRAE-L1-7SA6.ElmRelay\Distance Polygonal.ElmRelay\Z1b.RelDispoly,1,DISTRITO NACIONAL,CENTRAL,CENTRAL 138 kV,ZEMBAE,Z1b
Z2,\VM-PF.IntUser\PDD 31-12-2024.IntPrj\Network Model.IntPrjfolder\Network Data.IntPrjfolder\CENTRAL 138 kV.ElmNet\ZEMBAE.ElmSubstat\WEMBAE(2).ElmTerm\WBEMBAE(2).StaCubic\ZEMBAE_ZLPRAE-L1-7SA6.ElmRelay\Distance Polygonal.ElmRelay\Z2.RelDispoly,1,DISTRITO NACIONAL,CENTRAL,CENTRAL 138 kV,ZEMBAE,Z2
Z3,\VM-PF.IntUser\PDD 31-12-2024.IntPrj\Network Model.IntPrjfolder\Network Data.IntPrjfolder\CENTRAL 138 kV.ElmNet\ZEMBAE.ElmSubstat\WEMBAE(2).ElmTerm\WBEMBAE(2).StaCubic\ZEMBAE_ZLPRAE-L1-7SA6.ElmRelay\Distance Polygonal.ElmRelay\Z3.RelDispoly,1,DISTRITO NACIONAL,CENTRAL,CENTRAL 138 kV,ZEMBAE,Z3
Z4,\VM-PF.IntUser\PDD 31-12-2024.IntPrj\Network Model.IntPrjfolder\Network Data.IntPrjfolder\CENTRAL 138 kV.ElmNet\ZEMBAE.ElmSubstat\WEMBAE(2).ElmTerm\WBEMBAE(2).StaCubic\ZEMBAE_ZLPRAE-L1-7SA6.ElmRelay\Distance Polygonal.ElmRelay\Z4.RelDispoly,1,DISTRITO NACIONAL,CENTRAL,CENTRAL 138 kV,ZEMBAE,Z4
Z5,\VM-PF.IntUser\PDD 31-12-2024.IntPrj\Network Model.IntPrjfolder\Network Data.IntPrjfolder\CENTRAL 138 kV.ElmNet\ZEMBAE.ElmSubstat\WEMBAE(2).ElmTerm\WBEMBAE(2).StaCubic\ZEMBAE_ZLPRAE-L1-7SA6.ElmRelay\Distance Polygonal.ElmRelay\Z5.RelDispoly,1,DISTRITO NACIONAL,CENTRAL,CENTRAL 138 kV,ZEMBAE,Z5
Z1,\VM-PF.IntUser\PDD 31-12-2024.IntPrj\Network Model.IntPrjfolder\Network Data.IntPrjfolder\CENTRAL 138 kV.ElmNet\ZEMBAE.ElmSubstat\WEMBAE(1).ElmTerm\WBEMBAE(1).StaCubic\ZEMBAE_ZMATAE-L1-7SA6.ElmRelay\Distance Polygonal.ElmRelay\Z1.RelDispoly,1,DISTRITO NACIONAL,CENTRAL,CENTRAL 138 kV,ZEMBAE,Z1
Z1b,\VM-PF.IntUser\PDD 31-12-2024.IntPrj\Network Model.IntPrjfolder\Network Data.IntPrjfolder\CENTRAL 138 kV.ElmNet\ZEMBAE.ElmSubstat\WEMBAE(1).ElmTerm\WBEMBAE(1).StaCubic\ZEMBAE_ZMATAE-L1-7SA6.ElmRelay\Distance Polygonal.ElmRelay\Z1b.RelDispoly,1,DISTRITO NACIONAL,CENTRAL,CENTRAL 138 kV,ZEMBAE,Z1b
Z2,\VM-PF.IntUser\PDD 31-12-2024.IntPrj\Network Model.IntPrjfolder\Network Data.IntPrjfolder\CENTRAL 138 kV.ElmNet\ZEMBAE.ElmSubstat\WEMBAE(1).ElmTerm\WBEMBAE(1).StaCubic\ZEMBAE_ZMATAE-L1-7SA6.ElmRelay\Distance Polygonal.ElmRelay\Z2.RelDispoly,1,DISTRITO NACIONAL,CENTRAL,CENTRAL 138 kV,ZEMBAE,Z2
Z3,\VM-PF.IntUser\PDD 31-12-2024.IntPrj\Network Model.IntPrjfolder\Network Data.IntPrjfolder\CENTRAL 138 kV.ElmNet\ZEMBAE.ElmSubstat\WEMBAE(1).ElmTerm\WBEMBAE(1).StaCubic\ZEMBAE_ZMATAE-L1-7SA6.ElmRelay\Distance Polygonal.ElmRelay\Z3.RelDispoly,1,DISTRITO NACIONAL,CENTRAL,CENTRAL 138 kV,ZEMBAE,Z3
Z4,\VM-PF.IntUser\PDD 31-12-2024.IntPrj\Network Model.IntPrjfolder\Network Data.IntPrjfolder\CENTRAL 138 kV.ElmNet\ZEMBAE.ElmSubstat\WEMBAE(1).ElmTerm\WBEMBAE(1).StaCubic\ZEMBAE_ZMATAE-L1-7SA6.ElmRelay\Distance Polygonal.ElmRelay\Z4.RelDispoly,1,DISTRITO NACIONAL,CENTRAL,CENTRAL 138 kV,ZEMBAE,Z4
Z5,\VM-PF.IntUser\PDD 31-12-2024.IntPrj\Network Model.IntPrjfolder\Network Data.IntPrjfolder\CENTRAL 138 kV.ElmNet\ZEMBAE.ElmSubstat\WEMBAE(1).ElmTerm\WBEMBAE(1).StaCubic\ZEMBAE_ZMATAE-L1-7SA6.ElmRelay\Distance Polygonal.ElmRelay\Z5.RelDispoly,1,DISTRITO NACIONAL,CENTRAL,CENTRAL 138 kV,ZEMBAE,Z5
Z5,\VM-PF.IntUser\PDD 31-12-2024.IntPrj\Network Model.IntPrjfolder\Network Data.IntPrjfolder\CENTRAL 138 kV.ElmNet\Hainamosa.ElmSite\ZHNSAE.ElmSubstat\E11.ElmTerm\Cub_1.StaCubic\ZHNS2E_ZLM11E-L1-7SD52.ElmRelay\Distance/Overcurrent/Voltage.ElmRelay\Z5.RelDispoly,1,SANTO DOMINGO,CENTRAL,CENTRAL 138 kV,ZHNSAE,Z5
Z1,\VM-PF.IntUser\PDD 31-12-2024.IntPrj\Network Model.IntPrjfolder\Network Data.IntPrjfolder\CENTRAL 138 kV.ElmNet\Hainamosa.ElmSite\ZHNSAE.ElmSubstat\E11.ElmTerm\Cub_1.StaCubic\ZHNS2E_ZLM11E-L1-7SD52.ElmRelay\Distance/Overcurrent/Voltage.ElmRelay\Z1.RelDispoly,1,SANTO DOMINGO,CENTRAL,CENTRAL 138 kV,ZHNSAE,Z1
Z1b,\VM-PF.IntUser\PDD 31-12-2024.IntPrj\Network Model.IntPrjfolder\Network Data.IntPrjfolder\CENTRAL 138 kV.ElmNet\Hainamosa.ElmSite\ZHNSAE.ElmSubstat\E11.ElmTerm\Cub_1.StaCubic\ZHNS2E_ZLM11E-L1-7SD52.ElmRelay\Distance/Overcurrent/Voltage.ElmRelay\Z1b.RelDispoly,1,SANTO DOMINGO,CENTRAL,CENTRAL 138 kV,ZHNSAE,Z1b
Z2,\VM-PF.IntUser\PDD 31-12-2024.IntPrj\Network Model.IntPrjfolder\Network Data.IntPrjfolder\CENTRAL 138 kV.ElmNet\Hainamosa.ElmSite\ZHNSAE.ElmSubstat\E11.ElmTerm\Cub_1.StaCubic\ZHNS2E_ZLM11E-L1-7SD52.ElmRelay\Distance/Overcurrent/Voltage.ElmRelay\Z2.RelDispoly,1,SANTO DOMINGO,CENTRAL,CENTRAL 138 kV,ZHNSAE,Z2
Z3,\VM-PF.IntUser\PDD 31-12-2024.IntPrj\Network Model.IntPrjfolder\Network Data.IntPrjfolder\CENTRAL 138 kV.ElmNet\Hainamosa.ElmSite\ZHNSAE.ElmSubstat\E11.ElmTerm\Cub_1.StaCubic\ZHNS2E_ZLM11E-L1-7SD52.ElmRelay\Distance/Overcurrent/Voltage.ElmRelay\Z3.RelDispoly,1,SANTO DOMINGO,CENTRAL,CENTRAL 138 kV,ZHNSAE,Z3
Z4,\VM-PF.IntUser\PDD 31-12-2024.IntPrj\Network Model.IntPrjfolder\Network Data.IntPrjfolder\CENTRAL 138 kV.ElmNet\Hainamosa.ElmSite\ZHNSAE.ElmSubstat\E11.ElmTerm\Cub_1.StaCubic\ZHNS2E_ZLM11E-L1-7SD52.ElmRelay\Distance/Overcurrent/Voltage.ElmRelay\Z4.RelDispoly,1,SANTO DOMINGO,CENTRAL,CENTRAL 138 kV,ZHNSAE,Z4
PPOL poly,\VM-PF.IntUser\PDD 31-12-2024.IntPrj\Network Model.IntPrjfolder\Network Data.IntPrjfolder\CENTRAL 138 kV.ElmNet\Hainamosa.ElmSite\ZHNSAE.ElmSubstat\E11.ElmTerm\Cub_1.StaCubic\ZHNS2E_ZLM11E-L1-7SD52.ElmRelay\Distance/Overcurrent/Voltage.ElmRelay\PPOL poly.RelDispoly,1,SANTO DOMINGO,CENTRAL,CENTRAL 138 kV,ZHNSAE,PPOL poly
Z1,\VM-PF.IntUser\PDD 31-12-2024.IntPrj\Network Model.IntPrjfolder\Network Data.IntPrjfolder\CENTRAL 138 kV.ElmNet\Hainamosa.ElmSite\ZHNSAE.ElmSubstat\E12.ElmTerm\Cub_1.StaCubic\ZHNSAE_ZLMINE-L2-7SD52.ElmRelay\Distance/Overcurrent/Voltage.ElmRelay\Z1.RelDispoly,1,SANTO DOMINGO,CENTRAL,CENTRAL 138 kV,ZHNSAE,Z1
Z1b,\VM-PF.IntUser\PDD 31-12-2024.IntPrj\Network Model.IntPrjfolder\Network Data.IntPrjfolder\CENTRAL 138 kV.ElmNet\Hainamosa.ElmSite\ZHNSAE.ElmSubstat\E12.ElmTerm\Cub_1.StaCubic\ZHNSAE_ZLMINE-L2-7SD52.ElmRelay\Distance/Overcurrent/Voltage.ElmRelay\Z1b.RelDispoly,1,SANTO DOMINGO,CENTRAL,CENTRAL 138 kV,ZHNSAE,Z1b
Z2,\VM-PF.IntUser\PDD 31-12-2024.IntPrj\Network Model.IntPrjfolder\Network Data.IntPrjfolder\CENTRAL 138 kV.ElmNet\Hainamosa.ElmSite\ZHNSAE.ElmSubstat\E12.ElmTerm\Cub_1.StaCubic\ZHNSAE_ZLMINE-L2-7SD52.ElmRelay\Distance/Overcurrent/Voltage.ElmRelay\Z2.RelDispoly,1,SANTO DOMINGO,CENTRAL,CENTRAL 138 kV,ZHNSAE,Z2
Z3,\VM-PF.IntUser\PDD 31-12-2024.IntPrj\Network Model.IntPrjfolder\Network Data.IntPrjfolder\CENTRAL 138 kV.ElmNet\Hainamosa.ElmSite\ZHNSAE.ElmSubstat\E12.ElmTerm\Cub_1.StaCubic\ZHNSAE_ZLMINE-L2-7SD52.ElmRelay\Distance/Overcurrent/Voltage.ElmRelay\Z3.RelDispoly,1,SANTO DOMINGO,CENTRAL,CENTRAL 138 kV,ZHNSAE,Z3
Z4,\VM-PF.IntUser\PDD 31-12-2024.IntPrj\Network Model.IntPrjfolder\Network Data.IntPrjfolder\CENTRAL 138 kV.ElmNet\Hainamosa.ElmSite\ZHNSAE.ElmSubstat\E12.ElmTerm\Cub_1.StaCubic\ZHNSAE_ZLMINE-L2-7SD52.ElmRelay\Distance/Overcurrent/Voltage.ElmRelay\Z4.RelDispoly,1,SANTO DOMINGO,CENTRAL,CENTRAL 138 kV,ZHNSAE,Z4
Z5,\VM-PF.IntUser\PDD 31-12-2024.IntPrj\Network Model.IntPrjfolder\Network Data.IntPrjfolder\CENTRAL 138 kV.ElmNet\Hainamosa.ElmSite\ZHNSAE.ElmSubstat\E12.ElmTerm\Cub_1.StaCubic\ZHNSAE_ZLMINE-L2-7SD52.ElmRelay\Distance/Overcurrent/Voltage.ElmRelay\Z5.RelDispoly,1,SANTO DOMINGO,CENTRAL,CENTRAL 138 kV,ZHNSAE,Z5
PPOL poly,\VM-PF.IntUser\PDD 31-12-2024.IntPrj\Network Model.IntPrjfolder\Network Data.IntPrjfolder\CENTRAL 138 kV.ElmNet\Hainamosa.ElmSite\ZHNSAE.ElmSubstat\E12.ElmTerm\Cub_1.StaCubic\ZHNSAE_ZLMINE-L2-7SD52.ElmRelay\Distance/Overcurrent/Voltage.ElmRelay\PPOL poly.RelDispoly,1,SANTO DOMINGO,CENTRAL,CENTRAL 138 kV,ZHNSAE,PPOL poly
Z1,\VM-PF.IntUser\PDD 31-12-2024.IntPrj\Network Model.IntPrjfolder\Network Data.IntPrjfolder\CENTRAL 138 kV.ElmNet\Hainamosa.ElmSite\ZHNSAE.ElmSubstat\E16.ElmTerm\Cub_1.StaCubic\ZHNSAE_ZVMELE-L1-7SA6.ElmRelay\Distance Polygonal.ElmRelay\Z1.RelDispoly,1,SANTO DOMINGO,CENTRAL,CENTRAL 138 kV,ZHNSAE,Z1
Z1b,\VM-PF.IntUser\PDD 31-12-2024.IntPrj\Network Model.IntPrjfolder\Network Data.IntPrjfolder\CENTRAL 138 kV.ElmNet\Hainamosa.ElmSite\ZHNSAE.ElmSubstat\E16.ElmTerm\Cub_1.StaCubic\ZHNSAE_ZVMELE-L1-7SA6.ElmRelay\Distance Polygonal.ElmRelay\Z1b.RelDispoly,1,SANTO DOMINGO,CENTRAL,CENTRAL 138 kV,ZHNSAE,Z1b
Z2,\VM-PF.IntUser\PDD 31-12-2024.IntPrj\Network Model.IntPrjfolder\Network Data.IntPrjfolder\CENTRAL 138 kV.ElmNet\Hainamosa.ElmSite\ZHNSAE.ElmSubstat\E16.ElmTerm\Cub_1.StaCubic\ZHNSAE_ZVMELE-L1-7SA6.ElmRelay\Distance Polygonal.ElmRelay\Z2.RelDispoly,1,SANTO DOMINGO,CENTRAL,CENTRAL 138 kV,ZHNSAE,Z2
Z3,\VM-PF.IntUser\PDD 31-12-2024.IntPrj\Network Model.IntPrjfolder\Network Data.IntPrjfolder\CENTRAL 138 kV.ElmNet\Hainamosa.ElmSite\ZHNSAE.ElmSubstat\E16.ElmTerm\Cub_1.StaCubic\ZHNSAE_ZVMELE-L1-7SA6.ElmRelay\Distance Polygonal.ElmRelay\Z3.RelDispoly,1,SANTO DOMINGO,CENTRAL,CENTRAL 138 kV,ZHNSAE,Z3
Z4,\VM-PF.IntUser\PDD 31-12-2024.IntPrj\Network Model.IntPrjfolder\Network Data.IntPrjfolder\CENTRAL 138 kV.ElmNet\Hainamosa.ElmSite\ZHNSAE.ElmSubstat\E16.ElmTerm\Cub_1.StaCubic\ZHNSAE_ZVMELE-L1-7SA6.ElmRelay\Distance Polygonal.ElmRelay\Z4.RelDispoly,1,SANTO DOMINGO,CENTRAL,CENTRAL 138 kV,ZHNSAE,Z4
Z5,\VM-PF.IntUser\PDD 31-12-2024.IntPrj\Network Model.IntPrjfolder\Network Data.IntPrjfolder\CENTRAL 138 kV.ElmNet\Hainamosa.ElmSite\ZHNSAE.ElmSubstat\E16.ElmTerm\Cub_1.StaCubic\ZHNSAE_ZVMELE-L1-7SA6.ElmRelay\Distance Polygonal.ElmRelay\Z5.RelDispoly,1,SANTO DOMINGO,CENTRAL,CENTRAL 138 kV,ZHNSAE,Z5
Z1,\VM-PF.IntUser\PDD 31-12-2024.IntPrj\Network Model.IntPrjfolder\Network Data.IntPrjfolder\CENTRAL 138 kV.ElmNet\Hainamosa.ElmSite\ZHNSAE.ElmSubstat\E15.ElmTerm\Cub_1.StaCubic\ZHNSAE_ZEBRIE-L1-7SA6.ElmRelay\Distance Polygonal.ElmRelay\Z1.RelDispoly,1,SANTO DOMINGO,CENTRAL,CENTRAL 138 kV,ZHNSAE,Z1
Z1b,\VM-PF.IntUser\PDD 31-12-2024.IntPrj\Network Model.IntPrjfolder\Network Data.IntPrjfolder\CENTRAL 138 kV.ElmNet\Hainamosa.ElmSite\ZHNSAE.ElmSubstat\E15.ElmTerm\Cub_1.StaCubic\ZHNSAE_ZEBRIE-L1-7SA6.ElmRelay\Distance Polygonal.ElmRelay\Z1b.RelDispoly,1,SANTO DOMINGO,CENTRAL,CENTRAL 138 kV,ZHNSAE,Z1b
Z2,\VM-PF.IntUser\PDD 31-12-2024.IntPrj\Network Model.IntPrjfolder\Network Data.IntPrjfolder\CENTRAL 138 kV.ElmNet\Hainamosa.ElmSite\ZHNSAE.ElmSubstat\E15.ElmTerm\Cub_1.StaCubic\ZHNSAE_ZEBRIE-L1-7SA6.ElmRelay\Distance Polygonal.ElmRelay\Z2.RelDispoly,1,SANTO DOMINGO,CENTRAL,CENTRAL 138 kV,ZHNSAE,Z2
Z3,\VM-PF.IntUser\PDD 31-12-2024.IntPrj\Network Model.IntPrjfolder\Network Data.IntPrjfolder\CENTRAL 138 kV.ElmNet\Hainamosa.ElmSite\ZHNSAE.ElmSubstat\E15.ElmTerm\Cub_1.StaCubic\ZHNSAE_ZEBRIE-L1-7SA6.ElmRelay\Distance Polygonal.ElmRelay\Z3.RelDispoly,1,SANTO DOMINGO,CENTRAL,CENTRAL 138 kV,ZHNSAE,Z3
Z4,\VM-PF.IntUser\PDD 31-12-2024.IntPrj\Network Model.IntPrjfolder\Network Data.IntPrjfolder\CENTRAL 138 kV.ElmNet\Hainamosa.ElmSite\ZHNSAE.ElmSubstat\E15.ElmTerm\Cub_1.StaCubic\ZHNSAE_ZEBRIE-L1-7SA6.ElmRelay\Distance Polygonal.ElmRelay\Z4.RelDispoly,1,SANTO DOMINGO,CENTRAL,CENTRAL 138 kV,ZHNSAE,Z4
Z5,\VM-PF.IntUser\PDD 31-12-2024.IntPrj\Network Model.IntPrjfolder\Network Data.IntPrjfolder\CENTRAL 138 kV.ElmNet\Hainamosa.ElmSite\ZHNSAE.ElmSubstat\E15.ElmTerm\Cub_1.StaCubic\ZHNSAE_ZEBRIE-L1-7SA6.ElmRelay\Distance Polygonal.ElmRelay\Z5.RelDispoly,1,SANTO DOMINGO,CENTRAL,CENTRAL 138 kV,ZHNSAE,Z5
Z1,\VM-PF.IntUser\PDD 31-12-2024.IntPrj\Network Model.IntPrjfolder\Network Data.IntPrjfolder\CENTRAL 138 kV.ElmNet\Hainamosa.ElmSite\ZHNSAE.ElmSubstat\E17.ElmTerm\Cub_1.StaCubic\ZHNSAE_ZVDU1E-L1-7SA6.ElmRelay\Distance Polygonal.ElmRelay\Z1.RelDispoly,1,SANTO DOMINGO,CENTRAL,CENTRAL 138 kV,ZHNSAE,Z1
Z1b,\VM-PF.IntUser\PDD 31-12-2024.IntPrj\Network Model.IntPrjfolder\Network Data.IntPrjfolder\CENTRAL 138 kV.ElmNet\Hainamosa.ElmSite\ZHNSAE.ElmSubstat\E17.ElmTerm\Cub_1.StaCubic\ZHNSAE_ZVDU1E-L1-7SA6.ElmRelay\Distance Polygonal.ElmRelay\Z1b.RelDispoly,1,SANTO DOMINGO,CENTRAL,CENTRAL 138 kV,ZHNSAE,Z1b
Z2,\VM-PF.IntUser\PDD 31-12-2024.IntPrj\Network Model.IntPrjfolder\Network Data.IntPrjfolder\CENTRAL 138 kV.ElmNet\Hainamosa.ElmSite\ZHNSAE.ElmSubstat\E17.ElmTerm\Cub_1.StaCubic\ZHNSAE_ZVDU1E-L1-7SA6.ElmRelay\Distance Polygonal.ElmRelay\Z2.RelDispoly,1,SANTO DOMINGO,CENTRAL,CENTRAL 138 kV,ZHNSAE,Z2
Z3,\VM-PF.IntUser\PDD 31-12-2024.IntPrj\Network Model.IntPrjfolder\Network Data.IntPrjfolder\CENTRAL 138 kV.ElmNet\Hainamosa.ElmSite\ZHNSAE.ElmSubstat\E17.ElmTerm\Cub_1.StaCubic\ZHNSAE_ZVDU1E-L1-7SA6.ElmRelay\Distance Polygonal.ElmRelay\Z3.RelDispoly,1,SANTO DOMINGO,CENTRAL,CENTRAL 138 kV,ZHNSAE,Z3
Z4,\VM-PF.IntUser\PDD 31-12-2024.IntPrj\Network Model.IntPrjfolder\Network Data.IntPrjfolder\CENTRAL 138 kV.ElmNet\Hainamosa.ElmSite\ZHNSAE.ElmSubstat\E17.ElmTerm\Cub_1.StaCubic\ZHNSAE_ZVDU1E-L1-7SA6.ElmRelay\Distance Polygonal.ElmRelay\Z4.RelDispoly,1,SANTO DOMINGO,CENTRAL,CENTRAL 138 kV,ZHNSAE,Z4
Z5,\VM-PF.IntUser\PDD 31-12-2024.IntPrj\Network Model.IntPrjfolder\Network Data.IntPrjfolder\CENTRAL 138 kV.ElmNet\Hainamosa.ElmSite\ZHNSAE.ElmSubstat\E17.ElmTerm\Cub_1.StaCubic\ZHNSAE_ZVDU1E-L1-7SA6.ElmRelay\Distance Polygonal.ElmRelay\Z5.RelDispoly,1,SANTO DOMINGO,CENTRAL,CENTRAL 138 kV,ZHNSAE,Z5
Z1,\VM-PF.IntUser\PDD 31-12-2024.IntPrj\Network Model.IntPrjfolder\Network Data.IntPrjfolder\CENTRAL 138 kV.ElmNet\Hainamosa.ElmSite\ZHNSAE.ElmSubstat\E5.ElmTerm\Cub_1.StaCubic\ZHNSAE_ZBCHIE-L1-7SD52.ElmRelay\Distance/Overcurrent/Voltage.ElmRelay\Z1.RelDispoly,1,SANTO DOMINGO,CENTRAL,CENTRAL 138 kV,ZHNSAE,Z1
Z1b,\VM-PF.IntUser\PDD 31-12-2024.IntPrj\Network Model.IntPrjfolder\Network Data.IntPrjfolder\CENTRAL 138 kV.ElmNet\Hainamosa.ElmSite\ZHNSAE.ElmSubstat\E5.ElmTerm\Cub_1.StaCubic\ZHNSAE_ZBCHIE-L1-7SD52.ElmRelay\Distance/Overcurrent/Voltage.ElmRelay\Z1b.RelDispoly,1,SANTO DOMINGO,CENTRAL,CENTRAL 138 kV,ZHNSAE,Z1b
Z2,\VM-PF.IntUser\PDD 31-12-2024.IntPrj\Network Model.IntPrjfolder\Network Data.IntPrjfolder\CENTRAL 138 kV.ElmNet\Hainamosa.ElmSite\ZHNSAE.ElmSubstat\E5.ElmTerm\Cub_1.StaCubic\ZHNSAE_ZBCHIE-L1-7SD52.ElmRelay\Distance/Overcurrent/Voltage.ElmRelay\Z2.RelDispoly,1,SANTO DOMINGO,CENTRAL,CENTRAL 138 kV,ZHNSAE,Z2
Z3,\VM-PF.IntUser\PDD 31-12-2024.IntPrj\Network Model.IntPrjfolder\Network Data.IntPrjfolder\CENTRAL 138 kV.ElmNet\Hainamosa.ElmSite\ZHNSAE.ElmSubstat\E5.ElmTerm\Cub_1.StaCubic\ZHNSAE_ZBCHIE-L1-7SD52.ElmRelay\Distance/Overcurrent/Voltage.ElmRelay\Z3.RelDispoly,1,SANTO DOMINGO,CENTRAL,CENTRAL 138 kV,ZHNSAE,Z3
Z4,\VM-PF.IntUser\PDD 31-12-2024.IntPrj\Network Model.IntPrjfolder\Network Data.IntPrjfolder\CENTRAL 138 kV.ElmNet\Hainamosa.ElmSite\ZHNSAE.ElmSubstat\E5.ElmTerm\Cub_1.StaCubic\ZHNSAE_ZBCHIE-L1-7SD52.ElmRelay\Distance/Overcurrent/Voltage.ElmRelay\Z4.RelDispoly,1,SANTO DOMINGO,CENTRAL,CENTRAL 138 kV,ZHNSAE,Z4
Z5,\VM-PF.IntUser\PDD 31-12-2024.IntPrj\Network Model.IntPrjfolder\Network Data.IntPrjfolder\CENTRAL 138 kV.ElmNet\Hainamosa.ElmSite\ZHNSAE.ElmSubstat\E5.ElmTerm\Cub_1.StaCubic\ZHNSAE_ZBCHIE-L1-7SD52.ElmRelay\Distance/Overcurrent/Voltage.ElmRelay\Z5.RelDispoly,1,SANTO DOMINGO,CENTRAL,CENTRAL 138 kV,ZHNSAE,Z5
PPOL poly,\VM-PF.IntUser\PDD 31-12-2024.IntPrj\Network Model.IntPrjfolder\Network Data.IntPrjfolder\CENTRAL 138 kV.ElmNet\Hainamosa.ElmSite\ZHNSAE.ElmSubstat\E5.ElmTerm\Cub_1.StaCubic\ZHNSAE_ZBCHIE-L1-7SD52.ElmRelay\Distance/Overcurrent/Voltage.ElmRelay\PPOL poly.RelDispoly,1,SANTO DOMINGO,CENTRAL,CENTRAL 138 kV,ZHNSAE,PPOL poly
Z1,\VM-PF.IntUser\PDD 31-12-2024.IntPrj\Network Model.IntPrjfolder\Network Data.IntPrjfolder\CENTRAL 138 kV.ElmNet\Hainamosa.ElmSite\ZHNSAE.ElmSubstat\E4.ElmTerm\Cub_1.StaCubic\ZHNSAE_ZJDOLE-L1-7SA6.ElmRelay\Distance Polygonal.ElmRelay\Z1.RelDispoly,1,SANTO DOMINGO,CENTRAL,CENTRAL 138 kV,ZHNSAE,Z1
Z1b,\VM-PF.IntUser\PDD 31-12-2024.IntPrj\Network Model.IntPrjfolder\Network Data.IntPrjfolder\CENTRAL 138 kV.ElmNet\Hainamosa.ElmSite\ZHNSAE.ElmSubstat\E4.ElmTerm\Cub_1.StaCubic\ZHNSAE_ZJDOLE-L1-7SA6.ElmRelay\Distance Polygonal.ElmRelay\Z1b.RelDispoly,1,SANTO DOMINGO,CENTRAL,CENTRAL 138 kV,ZHNSAE,Z1b
Z2,\VM-PF.IntUser\PDD 31-12-2024.IntPrj\Network Model.IntPrjfolder\Network Data.IntPrjfolder\CENTRAL 138 kV.ElmNet\Hainamosa.ElmSite\ZHNSAE.ElmSubstat\E4.ElmTerm\Cub_1.StaCubic\ZHNSAE_ZJDOLE-L1-7SA6.ElmRelay\Distance Polygonal.ElmRelay\Z2.RelDispoly,1,SANTO DOMINGO,CENTRAL,CENTRAL 138 kV,ZHNSAE,Z2
Z3,\VM-PF.IntUser\PDD 31-12-2024.IntPrj\Network Model.IntPrjfolder\Network Data.IntPrjfolder\CENTRAL 138 kV.ElmNet\Hainamosa.ElmSite\ZHNSAE.ElmSubstat\E4.ElmTerm\Cub_1.StaCubic\ZHNSAE_ZJDOLE-L1-7SA6.ElmRelay\Distance Polygonal.ElmRelay\Z3.RelDispoly,1,SANTO DOMINGO,CENTRAL,CENTRAL 138 kV,ZHNSAE,Z3
Z4,\VM-PF.IntUser\PDD 31-12-2024.IntPrj\Network Model.IntPrjfolder\Network Data.IntPrjfolder\CENTRAL 138 kV.ElmNet\Hainamosa.ElmSite\ZHNSAE.ElmSubstat\E4.ElmTerm\Cub_1.StaCubic\ZHNSAE_ZJDOLE-L1-7SA6.ElmRelay\Distance Polygonal.ElmRelay\Z4.RelDispoly,1,SANTO DOMINGO,CENTRAL,CENTRAL 138 kV,ZHNSAE,Z4
Z5,\VM-PF.IntUser\PDD 31-12-2024.IntPrj\Network Model.IntPrjfolder\Network Data.IntPrjfolder\CENTRAL 138 kV.ElmNet\Hainamosa.ElmSite\ZHNSAE.ElmSubstat\E4.ElmTerm\Cub_1.StaCubic\ZHNSAE_ZJDOLE-L1-7SA6.ElmRelay\Distance Polygonal.ElmRelay\Z5.RelDispoly,1,SANTO DOMINGO,CENTRAL,CENTRAL 138 kV,ZHNSAE,Z5
Z1,\VM-PF.IntUser\PDD 31-12-2024.IntPrj\Network Model.IntPrjfolder\Network Data.IntPrjfolder\CENTRAL 138 kV.ElmNet\Hainamosa.ElmSite\ZHNSAE.ElmSubstat\E14.ElmTerm\Cub_1.StaCubic\ZHNSAE_ZPAL2E-L1-7SA6.ElmRelay\Distance Polygonal.ElmRelay\Z1.RelDispoly,1,SANTO DOMINGO,CENTRAL,CENTRAL 138 kV,ZHNSAE,Z1
Z1b,\VM-PF.IntUser\PDD 31-12-2024.IntPrj\Network Model.IntPrjfolder\Network Data.IntPrjfolder\CENTRAL 138 kV.ElmNet\Hainamosa.ElmSite\ZHNSAE.ElmSubstat\E14.ElmTerm\Cub_1.StaCubic\ZHNSAE_ZPAL2E-L1-7SA6.ElmRelay\Distance Polygonal.ElmRelay\Z1b.RelDispoly,1,SANTO DOMINGO,CENTRAL,CENTRAL 138 kV,ZHNSAE,Z1b
Z2,\VM-PF.IntUser\PDD 31-12-2024.IntPrj\Network Model.IntPrjfolder\Network Data.IntPrjfolder\CENTRAL 138 kV.ElmNet\Hainamosa.ElmSite\ZHNSAE.ElmSubstat\E14.ElmTerm\Cub_1.StaCubic\ZHNSAE_ZPAL2E-L1-7SA6.ElmRelay\Distance Polygonal.ElmRelay\Z2.RelDispoly,1,SANTO DOMINGO,CENTRAL,CENTRAL 138 kV,ZHNSAE,Z2
Z3,\VM-PF.IntUser\PDD 31-12-2024.IntPrj\Network Model.IntPrjfolder\Network Data.IntPrjfolder\CENTRAL 138 kV.ElmNet\Hainamosa.ElmSite\ZHNSAE.ElmSubstat\E14.ElmTerm\Cub_1.StaCubic\ZHNSAE_ZPAL2E-L1-7SA6.ElmRelay\Distance Polygonal.ElmRelay\Z3.RelDispoly,1,SANTO DOMINGO,CENTRAL,CENTRAL 138 kV,ZHNSAE,Z3
Z4,\VM-PF.IntUser\PDD 31-12-2024.IntPrj\Network Model.IntPrjfolder\Network Data.IntPrjfolder\CENTRAL 138 kV.ElmNet\Hainamosa.ElmSite\ZHNSAE.ElmSubstat\E14.ElmTerm\Cub_1.StaCubic\ZHNSAE_ZPAL2E-L1-7SA6.ElmRelay\Distance Polygonal.ElmRelay\Z4.RelDispoly,1,SANTO DOMINGO,CENTRAL,CENTRAL 138 kV,ZHNSAE,Z4
Z5,\VM-PF.IntUser\PDD 31-12-2024.IntPrj\Network Model.IntPrjfolder\Network Data.IntPrjfolder\CENTRAL 138 kV.ElmNet\Hainamosa.ElmSite\ZHNSAE.ElmSubstat\E14.ElmTerm\Cub_1.StaCubic\ZHNSAE_ZPAL2E-L1-7SA6.ElmRelay\Distance Polygonal.ElmRelay\Z5.RelDispoly,1,SANTO DOMINGO,CENTRAL,CENTRAL 138 kV,ZHNSAE,Z5
Z1,\VM-PF.IntUser\PDD 31-12-2024.IntPrj\Network Model.IntPrjfolder\Network Data.IntPrjfolder\CENTRAL 138 kV.ElmNet\Hainamosa.ElmSite\ZHNSAE.ElmSubstat\E1.ElmTerm\Cub_1.StaCubic\ZHNSAE_ZAAINE-L1-7SA6.ElmRelay\Distance Polygonal.ElmRelay\Z1.RelDispoly,1,SANTO DOMINGO,CENTRAL,CENTRAL 138 kV,ZHNSAE,Z1
Z1b,\VM-PF.IntUser\PDD 31-12-2024.IntPrj\Network Model.IntPrjfolder\Network Data.IntPrjfolder\CENTRAL 138 kV.ElmNet\Hainamosa.ElmSite\ZHNSAE.ElmSubstat\E1.ElmTerm\Cub_1.StaCubic\ZHNSAE_ZAAINE-L1-7SA6.ElmRelay\Distance Polygonal.ElmRelay\Z1b.RelDispoly,1,SANTO DOMINGO,CENTRAL,CENTRAL 138 kV,ZHNSAE,Z1b
Z2,\VM-PF.IntUser\PDD 31-12-2024.IntPrj\Network Model.IntPrjfolder\Network Data.IntPrjfolder\CENTRAL 138 kV.ElmNet\Hainamosa.ElmSite\ZHNSAE.ElmSubstat\E1.ElmTerm\Cub_1.StaCubic\ZHNSAE_ZAAINE-L1-7SA6.ElmRelay\Distance Polygonal.ElmRelay\Z2.RelDispoly,1,SANTO DOMINGO,CENTRAL,CENTRAL 138 kV,ZHNSAE,Z2
Z3,\VM-PF.IntUser\PDD 31-12-2024.IntPrj\Network Model.IntPrjfolder\Network Data.IntPrjfolder\CENTRAL 138 kV.ElmNet\Hainamosa.ElmSite\ZHNSAE.ElmSubstat\E1.ElmTerm\Cub_1.StaCubic\ZHNSAE_ZAAINE-L1-7SA6.ElmRelay\Distance Polygonal.ElmRelay\Z3.RelDispoly,1,SANTO DOMINGO,CENTRAL,CENTRAL 138 kV,ZHNSAE,Z3
Z4,\VM-PF.IntUser\PDD 31-12-2024.IntPrj\Network Model.IntPrjfolder\Network Data.IntPrjfolder\CENTRAL 138 kV.ElmNet\Hainamosa.ElmSite\ZHNSAE.ElmSubstat\E1.ElmTerm\Cub_1.StaCubic\ZHNSAE_ZAAINE-L1-7SA6.ElmRelay\Distance Polygonal.ElmRelay\Z4.RelDispoly,1,SANTO DOMINGO,CENTRAL,CENTRAL 138 kV,ZHNSAE,Z4
Z5,\VM-PF.IntUser\PDD 31-12-2024.IntPrj\Network Model.IntPrjfolder\Network Data.IntPrjfolder\CENTRAL 138 kV.ElmNet\Hainamosa.ElmSite\ZHNSAE.ElmSubstat\E1.ElmTerm\Cub_1.StaCubic\ZHNSAE_ZAAINE-L1-7SA6.ElmRelay\Distance Polygonal.ElmRelay\Z5.RelDispoly,1,SANTO DOMINGO,CENTRAL,CENTRAL 138 kV,ZHNSAE,Z5
Z1,\VM-PF.IntUser\PDD 31-12-2024.IntPrj\Network Model.IntPrjfolder\Network Data.IntPrjfolder\CENTRAL 138 kV.ElmNet\Hainamosa.ElmSite\ZHNSAE.ElmSubstat\E2.ElmTerm\Cub_1.StaCubic\ZHNSAE_ZAAINE-L2-7SA6.ElmRelay\Distance Polygonal.ElmRelay\Z1.RelDispoly,1,SANTO DOMINGO,CENTRAL,CENTRAL 138 kV,ZHNSAE,Z1
Z1b,\VM-PF.IntUser\PDD 31-12-2024.IntPrj\Network Model.IntPrjfolder\Network Data.IntPrjfolder\CENTRAL 138 kV.ElmNet\Hainamosa.ElmSite\ZHNSAE.ElmSubstat\E2.ElmTerm\Cub_1.StaCubic\ZHNSAE_ZAAINE-L2-7SA6.ElmRelay\Distance Polygonal.ElmRelay\Z1b.RelDispoly,1,SANTO DOMINGO,CENTRAL,CENTRAL 138 kV,ZHNSAE,Z1b
Z2,\VM-PF.IntUser\PDD 31-12-2024.IntPrj\Network Model.IntPrjfolder\Network Data.IntPrjfolder\CENTRAL 138 kV.ElmNet\Hainamosa.ElmSite\ZHNSAE.ElmSubstat\E2.ElmTerm\Cub_1.StaCubic\ZHNSAE_ZAAINE-L2-7SA6.ElmRelay\Distance Polygonal.ElmRelay\Z2.RelDispoly,1,SANTO DOMINGO,CENTRAL,CENTRAL 138 kV,ZHNSAE,Z2
Z3,\VM-PF.IntUser\PDD 31-12-2024.IntPrj\Network Model.IntPrjfolder\Network Data.IntPrjfolder\CENTRAL 138 kV.ElmNet\Hainamosa.ElmSite\ZHNSAE.ElmSubstat\E2.ElmTerm\Cub_1.StaCubic\ZHNSAE_ZAAINE-L2-7SA6.ElmRelay\Distance Polygonal.ElmRelay\Z3.RelDispoly,1,SANTO DOMINGO,CENTRAL,CENTRAL 138 kV,ZHNSAE,Z3
Z4,\VM-PF.IntUser\PDD 31-12-2024.IntPrj\Network Model.IntPrjfolder\Network Data.IntPrjfolder\CENTRAL 138 kV.ElmNet\Hainamosa.ElmSite\ZHNSAE.ElmSubstat\E2.ElmTerm\Cub_1.StaCubic\ZHNSAE_ZAAINE-L2-7SA6.ElmRelay\Distance Polygonal.ElmRelay\Z4.RelDispoly,1,SANTO DOMINGO,CENTRAL,CENTRAL 138 kV,ZHNSAE,Z4
Z5,\VM-PF.IntUser\PDD 31-12-2024.IntPrj\Network Model.IntPrjfolder\Network Data.IntPrjfolder\CENTRAL 138 kV.ElmNet\Hainamosa.ElmSite\ZHNSAE.ElmSubstat\E2.ElmTerm\Cub_1.StaCubic\ZHNSAE_ZAAINE-L2-7SA6.ElmRelay\Distance Polygonal.ElmRelay\Z5.RelDispoly,1,SANTO DOMINGO,CENTRAL,CENTRAL 138 kV,ZHNSAE,Z5
Z1,\VM-PF.IntUser\PDD 31-12-2024.IntPrj\Network Model.IntPrjfolder\Network Data.IntPrjfolder\CENTRAL 138 kV.ElmNet\Hainamosa.ElmSite\ZHNSAE.ElmSubstat\E7.ElmTerm\Cub_1.StaCubic\ZHNSAE_ZLMINE-L3-7SD52.ElmRelay\Distance/Overcurrent/Voltage.ElmRelay\Z1.RelDispoly,1,SANTO DOMINGO,CENTRAL,CENTRAL 138 kV,ZHNSAE,Z1
Z1b,\VM-PF.IntUser\PDD 31-12-2024.IntPrj\Network Model.IntPrjfolder\Network Data.IntPrjfolder\CENTRAL 138 kV.ElmNet\Hainamosa.ElmSite\ZHNSAE.ElmSubstat\E7.ElmTerm\Cub_1.StaCubic\ZHNSAE_ZLMINE-L3-7SD52.ElmRelay\Distance/Overcurrent/Voltage.ElmRelay\Z1b.RelDispoly,1,SANTO DOMINGO,CENTRAL,CENTRAL 138 kV,ZHNSAE,Z1b
Z2,\VM-PF.IntUser\PDD 31-12-2024.IntPrj\Network Model.IntPrjfolder\Network Data.IntPrjfolder\CENTRAL 138 kV.ElmNet\Hainamosa.ElmSite\ZHNSAE.ElmSubstat\E7.ElmTerm\Cub_1.StaCubic\ZHNSAE_ZLMINE-L3-7SD52.ElmRelay\Distance/Overcurrent/Voltage.ElmRelay\Z2.RelDispoly,1,SANTO DOMINGO,CENTRAL,CENTRAL 138 kV,ZHNSAE,Z2
Z3,\VM-PF.IntUser\PDD 31-12-2024.IntPrj\Network Model.IntPrjfolder\Network Data.IntPrjfolder\CENTRAL 138 kV.ElmNet\Hainamosa.ElmSite\ZHNSAE.ElmSubstat\E7.ElmTerm\Cub_1.StaCubic\ZHNSAE_ZLMINE-L3-7SD52.ElmRelay\Distance/Overcurrent/Voltage.ElmRelay\Z3.RelDispoly,1,SANTO DOMINGO,CENTRAL,CENTRAL 138 kV,ZHNSAE,Z3
Z4,\VM-PF.IntUser\PDD 31-12-2024.IntPrj\Network Model.IntPrjfolder\Network Data.IntPrjfolder\CENTRAL 138 kV.ElmNet\Hainamosa.ElmSite\ZHNSAE.ElmSubstat\E7.ElmTerm\Cub_1.StaCubic\ZHNSAE_ZLMINE-L3-7SD52.ElmRelay\Distance/Overcurrent/Voltage.ElmRelay\Z4.RelDispoly,1,SANTO DOMINGO,CENTRAL,CENTRAL 138 kV,ZHNSAE,Z4
Z5,\VM-PF.IntUser\PDD 31-12-2024.IntPrj\Network Model.IntPrjfolder\Network Data.IntPrjfolder\CENTRAL 138 kV.ElmNet\Hainamosa.ElmSite\ZHNSAE.ElmSubstat\E7.ElmTerm\Cub_1.StaCubic\ZHNSAE_ZLMINE-L3-7SD52.ElmRelay\Distance/Overcurrent/Voltage.ElmRelay\Z5.RelDispoly,1,SANTO DOMINGO,CENTRAL,CENTRAL 138 kV,ZHNSAE,Z5
PPOL poly,\VM-PF.IntUser\PDD 31-12-2024.IntPrj\Network Model.IntPrjfolder\Network Data.IntPrjfolder\CENTRAL 138 kV.ElmNet\Hainamosa.ElmSite\ZHNSAE.ElmSubstat\E7.ElmTerm\Cub_1.StaCubic\ZHNSAE_ZLMINE-L3-7SD52.ElmRelay\Distance/Overcurrent/Voltage.ElmRelay\PPOL poly.RelDispoly,1,SANTO DOMINGO,CENTRAL,CENTRAL 138 kV,ZHNSAE,PPOL poly
Z1,\VM-PF.IntUser\PDD 31-12-2024.IntPrj\Network Model.IntPrjfolder\Network Data.IntPrjfolder\CENTRAL 138 kV.ElmNet\Hainamosa.ElmSite\ZHNSAE.ElmSubstat\E7.ElmTerm\Cub_1.StaCubic\ZHNSAE_ZLMINE-L3-7SA522.ElmRelay\Z1.RelDispoly,1,SANTO DOMINGO,CENTRAL,CENTRAL 138 kV,ZHNSAE,Z1
Z1b,\VM-PF.IntUser\PDD 31-12-2024.IntPrj\Network Model.IntPrjfolder\Network Data.IntPrjfolder\CENTRAL 138 kV.ElmNet\Hainamosa.ElmSite\ZHNSAE.ElmSubstat\E7.ElmTerm\Cub_1.StaCubic\ZHNSAE_ZLMINE-L3-7SA522.ElmRelay\Z1b.RelDispoly,1,SANTO DOMINGO,CENTRAL,CENTRAL 138 kV,ZHNSAE,Z1b
Z2,\VM-PF.IntUser\PDD 31-12-2024.IntPrj\Network Model.IntPrjfolder\Network Data.IntPrjfolder\CENTRAL 138 kV.ElmNet\Hainamosa.ElmSite\ZHNSAE.ElmSubstat\E7.ElmTerm\Cub_1.StaCubic\ZHNSAE_ZLMINE-L3-7SA522.ElmRelay\Z2.RelDispoly,1,SANTO DOMINGO,CENTRAL,CENTRAL 138 kV,ZHNSAE,Z2
Z3,\VM-PF.IntUser\PDD 31-12-2024.IntPrj\Network Model.IntPrjfolder\Network Data.IntPrjfolder\CENTRAL 138 kV.ElmNet\Hainamosa.ElmSite\ZHNSAE.ElmSubstat\E7.ElmTerm\Cub_1.StaCubic\ZHNSAE_ZLMINE-L3-7SA522.ElmRelay\Z3.RelDispoly,1,SANTO DOMINGO,CENTRAL,CENTRAL 138 kV,ZHNSAE,Z3
Z4,\VM-PF.IntUser\PDD 31-12-2024.IntPrj\Network Model.IntPrjfolder\Network Data.IntPrjfolder\CENTRAL 138 kV.ElmNet\Hainamosa.ElmSite\ZHNSAE.ElmSubstat\E7.ElmTerm\Cub_1.StaCubic\ZHNSAE_ZLMINE-L3-7SA522.ElmRelay\Z4.RelDispoly,1,SANTO DOMINGO,CENTRAL,CENTRAL 138 kV,ZHNSAE,Z4
Z5,\VM-PF.IntUser\PDD 31-12-2024.IntPrj\Network Model.IntPrjfolder\Network Data.IntPrjfolder\CENTRAL 138 kV.ElmNet\Hainamosa.ElmSite\ZHNSAE.ElmSubstat\E7.ElmTerm\Cub_1.StaCubic\ZHNSAE_ZLMINE-L3-7SA522.ElmRelay\Z5.RelDispoly,1,SANTO DOMINGO,CENTRAL,CENTRAL 138 kV,ZHNSAE,Z5
PPOL poly,\VM-PF.IntUser\PDD 31-12-2024.IntPrj\Network Model.IntPrjfolder\Network Data.IntPrjfolder\CENTRAL 138 kV.ElmNet\Hainamosa.ElmSite\ZHNSAE.ElmSubstat\E7.ElmTerm\Cub_1.StaCubic\ZHNSAE_ZLMINE-L3-7SA522.ElmRelay\PPOL poly.RelDispoly,1,SANTO DOMINGO,CENTRAL,CENTRAL 138 kV,ZHNSAE,PPOL poly
Z4,\VM-PF.IntUser\PDD 31-12-2024.IntPrj\Network Model.IntPrjfolder\Network Data.IntPrjfolder\CENTRAL 138 kV.ElmNet\Hainamosa.ElmSite\ZHNSAE.ElmSubstat\E9.ElmTerm\Cub_1.StaCubic\ZHNSAE_ZLMINE-L3-7SA522.ElmRelay\Z4.RelDispoly,1,SANTO DOMINGO,CENTRAL,CENTRAL 138 kV,ZHNSAE,Z4
Z1b,\VM-PF.IntUser\PDD 31-12-2024.IntPrj\Network Model.IntPrjfolder\Network Data.IntPrjfolder\CENTRAL 138 kV.ElmNet\Hainamosa.ElmSite\ZHNSAE.ElmSubstat\E9.ElmTerm\Cub_1.StaCubic\ZHNSAE_ZLMINE-L3-7SA522.ElmRelay\Z1b.RelDispoly,1,SANTO DOMINGO,CENTRAL,CENTRAL 138 kV,ZHNSAE,Z1b
PPOL poly,\VM-PF.IntUser\PDD 31-12-2024.IntPrj\Network Model.IntPrjfolder\Network Data.IntPrjfolder\CENTRAL 138 kV.ElmNet\Hainamosa.ElmSite\ZHNSAE.ElmSubstat\E9.ElmTerm\Cub_1.StaCubic\ZHNSAE_ZLMINE-L3-7SA522.ElmRelay\PPOL poly.RelDispoly,1,SANTO DOMINGO,CENTRAL,CENTRAL 138 kV,ZHNSAE,PPOL poly
Z1,\VM-PF.IntUser\PDD 31-12-2024.IntPrj\Network Model.IntPrjfolder\Network Data.IntPrjfolder\CENTRAL 138 kV.ElmNet\Hainamosa.ElmSite\ZHNSAE.ElmSubstat\E9.ElmTerm\Cub_1.StaCubic\ZHNSAE_ZLMINE-L3-7SA522.ElmRelay\Z1.RelDispoly,1,SANTO DOMINGO,CENTRAL,CENTRAL 138 kV,ZHNSAE,Z1
Z2,\VM-PF.IntUser\PDD 31-12-2024.IntPrj\Network Model.IntPrjfolder\Network Data.IntPrjfolder\CENTRAL 138 kV.ElmNet\Hainamosa.ElmSite\ZHNSAE.ElmSubstat\E9.ElmTerm\Cub_1.StaCubic\ZHNSAE_ZLMINE-L3-7SA522.ElmRelay\Z2.RelDispoly,1,SANTO DOMINGO,CENTRAL,CENTRAL 138 kV,ZHNSAE,Z2
Z3,\VM-PF.IntUser\PDD 31-12-2024.IntPrj\Network Model.IntPrjfolder\Network Data.IntPrjfolder\CENTRAL 138 kV.ElmNet\Hainamosa.ElmSite\ZHNSAE.ElmSubstat\E9.ElmTerm\Cub_1.StaCubic\ZHNSAE_ZLMINE-L3-7SA522.ElmRelay\Z3.RelDispoly,1,SANTO DOMINGO,CENTRAL,CENTRAL 138 kV,ZHNSAE,Z3
Z5,\VM-PF.IntUser\PDD 31-12-2024.IntPrj\Network Model.IntPrjfolder\Network Data.IntPrjfolder\CENTRAL 138 kV.ElmNet\Hainamosa.ElmSite\ZHNSAE.ElmSubstat\E9.ElmTerm\Cub_1.StaCubic\ZHNSAE_ZLMINE-L3-7SA522.ElmRelay\Z5.RelDispoly,1,SANTO DOMINGO,CENTRAL,CENTRAL 138 kV,ZHNSAE,Z5
Z4,\VM-PF.IntUser\PDD 31-12-2024.IntPrj\Network Model.IntPrjfolder\Network Data.IntPrjfolder\CENTRAL 138 kV.ElmNet\Hainamosa.ElmSite\ZHNSAE.ElmSubstat\E9.ElmTerm\Cub_1.StaCubic\ZHNSAE_ZLMINE-L3-7SD52.ElmRelay\Distance/Overcurrent/Voltage.ElmRelay\Z4.RelDispoly,1,SANTO DOMINGO,CENTRAL,CENTRAL 138 kV,ZHNSAE,Z4
Z1b,\VM-PF.IntUser\PDD 31-12-2024.IntPrj\Network Model.IntPrjfolder\Network Data.IntPrjfolder\CENTRAL 138 kV.ElmNet\Hainamosa.ElmSite\ZHNSAE.ElmSubstat\E9.ElmTerm\Cub_1.StaCubic\ZHNSAE_ZLMINE-L3-7SD52.ElmRelay\Distance/Overcurrent/Voltage.ElmRelay\Z1b.RelDispoly,1,SANTO DOMINGO,CENTRAL,CENTRAL 138 kV,ZHNSAE,Z1b
Z3,\VM-PF.IntUser\PDD 31-12-2024.IntPrj\Network Model.IntPrjfolder\Network Data.IntPrjfolder\CENTRAL 138 kV.ElmNet\Hainamosa.ElmSite\ZHNSAE.ElmSubstat\E9.ElmTerm\Cub_1.StaCubic\ZHNSAE_ZLMINE-L3-7SD52.ElmRelay\Distance/Overcurrent/Voltage.ElmRelay\Z3.RelDispoly,1,SANTO DOMINGO,CENTRAL,CENTRAL 138 kV,ZHNSAE,Z3
Z1,\VM-PF.IntUser\PDD 31-12-2024.IntPrj\Network Model.IntPrjfolder\Network Data.IntPrjfolder\CENTRAL 138 kV.ElmNet\Hainamosa.ElmSite\ZHNSAE.ElmSubstat\E9.ElmTerm\Cub_1.StaCubic\ZHNSAE_ZLMINE-L3-7SD52.ElmRelay\Distance/Overcurrent/Voltage.ElmRelay\Z1.RelDispoly,1,SANTO DOMINGO,CENTRAL,CENTRAL 138 kV,ZHNSAE,Z1
Z2,\VM-PF.IntUser\PDD 31-12-2024.IntPrj\Network Model.IntPrjfolder\Network Data.IntPrjfolder\CENTRAL 138 kV.ElmNet\Hainamosa.ElmSite\ZHNSAE.ElmSubstat\E9.ElmTerm\Cub_1.StaCubic\ZHNSAE_ZLMINE-L3-7SD52.ElmRelay\Distance/Overcurrent/Voltage.ElmRelay\Z2.RelDispoly,1,SANTO DOMINGO,CENTRAL,CENTRAL 138 kV,ZHNSAE,Z2
PPOL poly,\VM-PF.IntUser\PDD 31-12-2024.IntPrj\Network Model.IntPrjfolder\Network Data.IntPrjfolder\CENTRAL 138 kV.ElmNet\Hainamosa.ElmSite\ZHNSAE.ElmSubstat\E9.ElmTerm\Cub_1.StaCubic\ZHNSAE_ZLMINE-L3-7SD52.ElmRelay\Distance/Overcurrent/Voltage.ElmRelay\PPOL poly.RelDispoly,1,SANTO DOMINGO,CENTRAL,CENTRAL 138 kV,ZHNSAE,PPOL poly
Z5,\VM-PF.IntUser\PDD 31-12-2024.IntPrj\Network Model.IntPrjfolder\Network Data.IntPrjfolder\CENTRAL 138 kV.ElmNet\Hainamosa.ElmSite\ZHNSAE.ElmSubstat\E9.ElmTerm\Cub_1.StaCubic\ZHNSAE_ZLMINE-L3-7SD52.ElmRelay\Distance/Overcurrent/Voltage.ElmRelay\Z5.RelDispoly,1,SANTO DOMINGO,CENTRAL,CENTRAL 138 kV,ZHNSAE,Z5
Z1,\VM-PF.IntUser\PDD 31-12-2024.IntPrj\Network Model.IntPrjfolder\Network Data.IntPrjfolder\CENTRAL 138 kV.ElmNet\Villa Duarte.ElmSite\ZVDUAE.ElmSubstat\E4.ElmTerm\Cub_1.StaCubic\ZVDUAE_ZTIM2E-L1-7SA6.ElmRelay\Distance Polygonal.ElmRelay\Z1.RelDispoly,1,SANTO DOMINGO,CENTRAL,CENTRAL 138 kV,ZVDUAE,Z1
Z1b,\VM-PF.IntUser\PDD 31-12-2024.IntPrj\Network Model.IntPrjfolder\Network Data.IntPrjfolder\CENTRAL 138 kV.ElmNet\Villa Duarte.ElmSite\ZVDUAE.ElmSubstat\E4.ElmTerm\Cub_1.StaCubic\ZVDUAE_ZTIM2E-L1-7SA6.ElmRelay\Distance Polygonal.ElmRelay\Z1b.RelDispoly,1,SANTO DOMINGO,CENTRAL,CENTRAL 138 kV,ZVDUAE,Z1b
Z2,\VM-PF.IntUser\PDD 31-12-2024.IntPrj\Network Model.IntPrjfolder\Network Data.IntPrjfolder\CENTRAL 138 kV.ElmNet\Villa Duarte.ElmSite\ZVDUAE.ElmSubstat\E4.ElmTerm\Cub_1.StaCubic\ZVDUAE_ZTIM2E-L1-7SA6.ElmRelay\Distance Polygonal.ElmRelay\Z2.RelDispoly,1,SANTO DOMINGO,CENTRAL,CENTRAL 138 kV,ZVDUAE,Z2
Z3,\VM-PF.IntUser\PDD 31-12-2024.IntPrj\Network Model.IntPrjfolder\Network Data.IntPrjfolder\CENTRAL 138 kV.ElmNet\Villa Duarte.ElmSite\ZVDUAE.ElmSubstat\E4.ElmTerm\Cub_1.StaCubic\ZVDUAE_ZTIM2E-L1-7SA6.ElmRelay\Distance Polygonal.ElmRelay\Z3.RelDispoly,1,SANTO DOMINGO,CENTRAL,CENTRAL 138 kV,ZVDUAE,Z3
Z4,\VM-PF.IntUser\PDD 31-12-2024.IntPrj\Network Model.IntPrjfolder\Network Data.IntPrjfolder\CENTRAL 138 kV.ElmNet\Villa Duarte.ElmSite\ZVDUAE.ElmSubstat\E4.ElmTerm\Cub_1.StaCubic\ZVDUAE_ZTIM2E-L1-7SA6.ElmRelay\Distance Polygonal.ElmRelay\Z4.RelDispoly,1,SANTO DOMINGO,CENTRAL,CENTRAL 138 kV,ZVDUAE,Z4
Z5,\VM-PF.IntUser\PDD 31-12-2024.IntPrj\Network Model.IntPrjfolder\Network Data.IntPrjfolder\CENTRAL 138 kV.ElmNet\Villa Duarte.ElmSite\ZVDUAE.ElmSubstat\E4.ElmTerm\Cub_1.StaCubic\ZVDUAE_ZTIM2E-L1-7SA6.ElmRelay\Distance Polygonal.ElmRelay\Z5.RelDispoly,1,SANTO DOMINGO,CENTRAL,CENTRAL 138 kV,ZVDUAE,Z5
Z1,\VM-PF.IntUser\PDD 31-12-2024.IntPrj\Network Model.IntPrjfolder\Network Data.IntPrjfolder\CENTRAL 138 kV.ElmNet\Villa Duarte.ElmSite\ZVDUAE.ElmSubstat\E1.ElmTerm\Cub_1.StaCubic\ZVDUAE_ZLMINE-L1-7SA6.ElmRelay\Distance Polygonal.ElmRelay\Z1.RelDispoly,1,SANTO DOMINGO,CENTRAL,CENTRAL 138 kV,ZVDUAE,Z1
Z1b,\VM-PF.IntUser\PDD 31-12-2024.IntPrj\Network Model.IntPrjfolder\Network Data.IntPrjfolder\CENTRAL 138 kV.ElmNet\Villa Duarte.ElmSite\ZVDUAE.ElmSubstat\E1.ElmTerm\Cub_1.StaCubic\ZVDUAE_ZLMINE-L1-7SA6.ElmRelay\Distance Polygonal.ElmRelay\Z1b.RelDispoly,1,SANTO DOMINGO,CENTRAL,CENTRAL 138 kV,ZVDUAE,Z1b
Z2,\VM-PF.IntUser\PDD 31-12-2024.IntPrj\Network Model.IntPrjfolder\Network Data.IntPrjfolder\CENTRAL 138 kV.ElmNet\Villa Duarte.ElmSite\ZVDUAE.ElmSubstat\E1.ElmTerm\Cub_1.StaCubic\ZVDUAE_ZLMINE-L1-7SA6.ElmRelay\Distance Polygonal.ElmRelay\Z2.RelDispoly,1,SANTO DOMINGO,CENTRAL,CENTRAL 138 kV,ZVDUAE,Z2
Z3,\VM-PF.IntUser\PDD 31-12-2024.IntPrj\Network Model.IntPrjfolder\Network Data.IntPrjfolder\CENTRAL 138 kV.ElmNet\Villa Duarte.ElmSite\ZVDUAE.ElmSubstat\E1.ElmTerm\Cub_1.StaCubic\ZVDUAE_ZLMINE-L1-7SA6.ElmRelay\Distance Polygonal.ElmRelay\Z3.RelDispoly,1,SANTO DOMINGO,CENTRAL,CENTRAL 138 kV,ZVDUAE,Z3
Z4,\VM-PF.IntUser\PDD 31-12-2024.IntPrj\Network Model.IntPrjfolder\Network Data.IntPrjfolder\CENTRAL 138 kV.ElmNet\Villa Duarte.ElmSite\ZVDUAE.ElmSubstat\E1.ElmTerm\Cub_1.StaCubic\ZVDUAE_ZLMINE-L1-7SA6.ElmRelay\Distance Polygonal.ElmRelay\Z4.RelDispoly,1,SANTO DOMINGO,CENTRAL,CENTRAL 138 kV,ZVDUAE,Z4
Z5,\VM-PF.IntUser\PDD 31-12-2024.IntPrj\Network Model.IntPrjfolder\Network Data.IntPrjfolder\CENTRAL 138 kV.ElmNet\Villa Duarte.ElmSite\ZVDUAE.ElmSubstat\E1.ElmTerm\Cub_1.StaCubic\ZVDUAE_ZLMINE-L1-7SA6.ElmRelay\Distance Polygonal.ElmRelay\Z5.RelDispoly,1,SANTO DOMINGO,CENTRAL,CENTRAL 138 kV,ZVDUAE,Z5
Z1,\VM-PF.IntUser\PDD 31-12-2024.IntPrj\Network Model.IntPrjfolder\Network Data.IntPrjfolder\CENTRAL 138 kV.ElmNet\Villa Duarte.ElmSite\ZVDUAE.ElmSubstat\E5.ElmTerm\Cub_1.StaCubic\ZVDUAE_ZEBRIE-L1-7SA6.ElmRelay\Distance Polygonal.ElmRelay\Z1.RelDispoly,1,SANTO DOMINGO,CENTRAL,CENTRAL 138 kV,ZVDUAE,Z1
Z1b,\VM-PF.IntUser\PDD 31-12-2024.IntPrj\Network Model.IntPrjfolder\Network Data.IntPrjfolder\CENTRAL 138 kV.ElmNet\Villa Duarte.ElmSite\ZVDUAE.ElmSubstat\E5.ElmTerm\Cub_1.StaCubic\ZVDUAE_ZEBRIE-L1-7SA6.ElmRelay\Distance Polygonal.ElmRelay\Z1b.RelDispoly,1,SANTO DOMINGO,CENTRAL,CENTRAL 138 kV,ZVDUAE,Z1b
Z2,\VM-PF.IntUser\PDD 31-12-2024.IntPrj\Network Model.IntPrjfolder\Network Data.IntPrjfolder\CENTRAL 138 kV.ElmNet\Villa Duarte.ElmSite\ZVDUAE.ElmSubstat\E5.ElmTerm\Cub_1.StaCubic\ZVDUAE_ZEBRIE-L1-7SA6.ElmRelay\Distance Polygonal.ElmRelay\Z2.RelDispoly,1,SANTO DOMINGO,CENTRAL,CENTRAL 138 kV,ZVDUAE,Z2
Z3,\VM-PF.IntUser\PDD 31-12-2024.IntPrj\Network Model.IntPrjfolder\Network Data.IntPrjfolder\CENTRAL 138 kV.ElmNet\Villa Duarte.ElmSite\ZVDUAE.ElmSubstat\E5.ElmTerm\Cub_1.StaCubic\ZVDUAE_ZEBRIE-L1-7SA6.ElmRelay\Distance Polygonal.ElmRelay\Z3.RelDispoly,1,SANTO DOMINGO,CENTRAL,CENTRAL 138 kV,ZVDUAE,Z3
Z4,\VM-PF.IntUser\PDD 31-12-2024.IntPrj\Network Model.IntPrjfolder\Network Data.IntPrjfolder\CENTRAL 138 kV.ElmNet\Villa Duarte.ElmSite\ZVDUAE.ElmSubstat\E5.ElmTerm\Cub_1.StaCubic\ZVDUAE_ZEBRIE-L1-7SA6.ElmRelay\Distance Polygonal.ElmRelay\Z4.RelDispoly,1,SANTO DOMINGO,CENTRAL,CENTRAL 138 kV,ZVDUAE,Z4
Z5,\VM-PF.IntUser\PDD 31-12-2024.IntPrj\Network Model.IntPrjfolder\Network Data.IntPrjfolder\CENTRAL 138 kV.ElmNet\Villa Duarte.ElmSite\ZVDUAE.ElmSubstat\E5.ElmTerm\Cub_1.StaCubic\ZVDUAE_ZEBRIE-L1-7SA6.ElmRelay\Distance Polygonal.ElmRelay\Z5.RelDispoly,1,SANTO DOMINGO,CENTRAL,CENTRAL 138 kV,ZVDUAE,Z5
Z1,\VM-PF.IntUser\PDD 31-12-2024.IntPrj\Network Model.IntPrjfolder\Network Data.IntPrjfolder\CENTRAL 138 kV.ElmNet\Villa Duarte.ElmSite\ZVDUAE.ElmSubstat\E3.ElmTerm\Cub_1.StaCubic\ZVDUAE_ZHNSAE-L1-7SA6.ElmRelay\Distance Polygonal.ElmRelay\Z1.RelDispoly,1,SANTO DOMINGO,CENTRAL,CENTRAL 138 kV,ZVDUAE,Z1
Z1b,\VM-PF.IntUser\PDD 31-12-2024.IntPrj\Network Model.IntPrjfolder\Network Data.IntPrjfolder\CENTRAL 138 kV.ElmNet\Villa Duarte.ElmSite\ZVDUAE.ElmSubstat\E3.ElmTerm\Cub_1.StaCubic\ZVDUAE_ZHNSAE-L1-7SA6.ElmRelay\Distance Polygonal.ElmRelay\Z1b.RelDispoly,1,SANTO DOMINGO,CENTRAL,CENTRAL 138 kV,ZVDUAE,Z1b
Z2,\VM-PF.IntUser\PDD 31-12-2024.IntPrj\Network Model.IntPrjfolder\Network Data.IntPrjfolder\CENTRAL 138 kV.ElmNet\Villa Duarte.ElmSite\ZVDUAE.ElmSubstat\E3.ElmTerm\Cub_1.StaCubic\ZVDUAE_ZHNSAE-L1-7SA6.ElmRelay\Distance Polygonal.ElmRelay\Z2.RelDispoly,1,SANTO DOMINGO,CENTRAL,CENTRAL 138 kV,ZVDUAE,Z2
Z3,\VM-PF.IntUser\PDD 31-12-2024.IntPrj\Network Model.IntPrjfolder\Network Data.IntPrjfolder\CENTRAL 138 kV.ElmNet\Villa Duarte.ElmSite\ZVDUAE.ElmSubstat\E3.ElmTerm\Cub_1.StaCubic\ZVDUAE_ZHNSAE-L1-7SA6.ElmRelay\Distance Polygonal.ElmRelay\Z3.RelDispoly,1,SANTO DOMINGO,CENTRAL,CENTRAL 138 kV,ZVDUAE,Z3
Z4,\VM-PF.IntUser\PDD 31-12-2024.IntPrj\Network Model.IntPrjfolder\Network Data.IntPrjfolder\CENTRAL 138 kV.ElmNet\Villa Duarte.ElmSite\ZVDUAE.ElmSubstat\E3.ElmTerm\Cub_1.StaCubic\ZVDUAE_ZHNSAE-L1-7SA6.ElmRelay\Distance Polygonal.ElmRelay\Z4.RelDispoly,1,SANTO DOMINGO,CENTRAL,CENTRAL 138 kV,ZVDUAE,Z4
Z5,\VM-PF.IntUser\PDD 31-12-2024.IntPrj\Network Model.IntPrjfolder\Network Data.IntPrjfolder\CENTRAL 138 kV.ElmNet\Villa Duarte.ElmSite\ZVDUAE.ElmSubstat\E3.ElmTerm\Cub_1.StaCubic\ZVDUAE_ZHNSAE-L1-7SA6.ElmRelay\Distance Polygonal.ElmRelay\Z5.RelDispoly,1,SANTO DOMINGO,CENTRAL,CENTRAL 138 kV,ZVDUAE,Z5
Z1,\VM-PF.IntUser\PDD 31-12-2024.IntPrj\Network Model.IntPrjfolder\Network Data.IntPrjfolder\CENTRAL 138 kV.ElmNet\ZMATAE.ElmSubstat\L1.ElmTerm\Cub_1.StaCubic\ZMATBE_ZHAINE-L1-7SA6.ElmRelay\Distance Polygonal.ElmRelay\Z1.RelDispoly,1,DISTRITO NACIONAL,CENTRAL,CENTRAL 138 kV,ZMATAE,Z1
Z1b,\VM-PF.IntUser\PDD 31-12-2024.IntPrj\Network Model.IntPrjfolder\Network Data.IntPrjfolder\CENTRAL 138 kV.ElmNet\ZMATAE.ElmSubstat\L1.ElmTerm\Cub_1.StaCubic\ZMATBE_ZHAINE-L1-7SA6.ElmRelay\Distance Polygonal.ElmRelay\Z1b.RelDispoly,1,DISTRITO NACIONAL,CENTRAL,CENTRAL 138 kV,ZMATAE,Z1b
Z2,\VM-PF.IntUser\PDD 31-12-2024.IntPrj\Network Model.IntPrjfolder\Network Data.IntPrjfolder\CENTRAL 138 kV.ElmNet\ZMATAE.ElmSubstat\L1.ElmTerm\Cub_1.StaCubic\ZMATBE_ZHAINE-L1-7SA6.ElmRelay\Distance Polygonal.ElmRelay\Z2.RelDispoly,1,DISTRITO NACIONAL,CENTRAL,CENTRAL 138 kV,ZMATAE,Z2
Z3,\VM-PF.IntUser\PDD 31-12-2024.IntPrj\Network Model.IntPrjfolder\Network Data.IntPrjfolder\CENTRAL 138 kV.ElmNet\ZMATAE.ElmSubstat\L1.ElmTerm\Cub_1.StaCubic\ZMATBE_ZHAINE-L1-7SA6.ElmRelay\Distance Polygonal.ElmRelay\Z3.RelDispoly,1,DISTRITO NACIONAL,CENTRAL,CENTRAL 138 kV,ZMATAE,Z3
Z4,\VM-PF.IntUser\PDD 31-12-2024.IntPrj\Network Model.IntPrjfolder\Network Data.IntPrjfolder\CENTRAL 138 kV.ElmNet\ZMATAE.ElmSubstat\L1.ElmTerm\Cub_1.StaCubic\ZMATBE_ZHAINE-L1-7SA6.ElmRelay\Distance Polygonal.ElmRelay\Z4.RelDispoly,1,DISTRITO NACIONAL,CENTRAL,CENTRAL 138 kV,ZMATAE,Z4
Z5,\VM-PF.IntUser\PDD 31-12-2024.IntPrj\Network Model.IntPrjfolder\Network Data.IntPrjfolder\CENTRAL 138 kV.ElmNet\ZMATAE.ElmSubstat\L1.ElmTerm\Cub_1.StaCubic\ZMATBE_ZHAINE-L1-7SA6.ElmRelay\Distance Polygonal.ElmRelay\Z5.RelDispoly,1,DISTRITO NACIONAL,CENTRAL,CENTRAL 138 kV,ZMATAE,Z5
Z1,\VM-PF.IntUser\PDD 31-12-2024.IntPrj\Network Model.IntPrjfolder\Network Data.IntPrjfolder\CENTRAL 138 kV.ElmNet\ZMATAE.ElmSubstat\L2.ElmTerm\Cub_1.StaCubic\ZMATBE_ZUASDE-L1-REL316-87L.ElmRelay\Z1.RelDispoly,1,DISTRITO NACIONAL,CENTRAL,CENTRAL 138 kV,ZMATAE,Z1
Z2,\VM-PF.IntUser\PDD 31-12-2024.IntPrj\Network Model.IntPrjfolder\Network Data.IntPrjfolder\CENTRAL 138 kV.ElmNet\ZMATAE.ElmSubstat\L2.ElmTerm\Cub_1.StaCubic\ZMATBE_ZUASDE-L1-REL316-87L.ElmRelay\Z2.RelDispoly,1,DISTRITO NACIONAL,CENTRAL,CENTRAL 138 kV,ZMATAE,Z2
Z3,\VM-PF.IntUser\PDD 31-12-2024.IntPrj\Network Model.IntPrjfolder\Network Data.IntPrjfolder\CENTRAL 138 kV.ElmNet\ZMATAE.ElmSubstat\L2.ElmTerm\Cub_1.StaCubic\ZMATBE_ZUASDE-L1-REL316-87L.ElmRelay\Z3.RelDispoly,1,DISTRITO NACIONAL,CENTRAL,CENTRAL 138 kV,ZMATAE,Z3
Z4,\VM-PF.IntUser\PDD 31-12-2024.IntPrj\Network Model.IntPrjfolder\Network Data.IntPrjfolder\CENTRAL 138 kV.ElmNet\ZMATAE.ElmSubstat\L2.ElmTerm\Cub_1.StaCubic\ZMATBE_ZUASDE-L1-REL316-87L.ElmRelay\Z4.RelDispoly,1,DISTRITO NACIONAL,CENTRAL,CENTRAL 138 kV,ZMATAE,Z4
Zback,\VM-PF.IntUser\PDD 31-12-2024.IntPrj\Network Model.IntPrjfolder\Network Data.IntPrjfolder\CENTRAL 138 kV.ElmNet\ZMATAE.ElmSubstat\L2.ElmTerm\Cub_1.StaCubic\ZMATBE_ZUASDE-L1-REL316-87L.ElmRelay\Zback.RelDispoly,1,DISTRITO NACIONAL,CENTRAL,CENTRAL 138 kV,ZMATAE,Zback
Z1,\VM-PF.IntUser\PDD 31-12-2024.IntPrj\Network Model.IntPrjfolder\Network Data.IntPrjfolder\CENTRAL 138 kV.ElmNet\ZMATAE.ElmSubstat\L2.ElmTerm\Cub_1.StaCubic\ZMATBE_ZUASDE-L1-REL316.ElmRelay\Z1.RelDispoly,1,DISTRITO NACIONAL,CENTRAL,CENTRAL 138 kV,ZMATAE,Z1
Z2,\VM-PF.IntUser\PDD 31-12-2024.IntPrj\Network Model.IntPrjfolder\Network Data.IntPrjfolder\CENTRAL 138 kV.ElmNet\ZMATAE.ElmSubstat\L2.ElmTerm\Cub_1.StaCubic\ZMATBE_ZUASDE-L1-REL316.ElmRelay\Z2.RelDispoly,1,DISTRITO NACIONAL,CENTRAL,CENTRAL 138 kV,ZMATAE,Z2
Z3,\VM-PF.IntUser\PDD 31-12-2024.IntPrj\Network Model.IntPrjfolder\Network Data.IntPrjfolder\CENTRAL 138 kV.ElmNet\ZMATAE.ElmSubstat\L2.ElmTerm\Cub_1.StaCubic\ZMATBE_ZUASDE-L1-REL316.ElmRelay\Z3.RelDispoly,1,DISTRITO NACIONAL,CENTRAL,CENTRAL 138 kV,ZMATAE,Z3
Z4,\VM-PF.IntUser\PDD 31-12-2024.IntPrj\Network Model.IntPrjfolder\Network Data.IntPrjfolder\CENTRAL 138 kV.ElmNet\ZMATAE.ElmSubstat\L2.ElmTerm\Cub_1.StaCubic\ZMATBE_ZUASDE-L1-REL316.ElmRelay\Z4.RelDispoly,1,DISTRITO NACIONAL,CENTRAL,CENTRAL 138 kV,ZMATAE,Z4
Zback,\VM-PF.IntUser\PDD 31-12-2024.IntPrj\Network Model.IntPrjfolder\Network Data.IntPrjfolder\CENTRAL 138 kV.ElmNet\ZMATAE.ElmSubstat\L2.ElmTerm\Cub_1.StaCubic\ZMATBE_ZUASDE-L1-REL316.ElmRelay\Zback.RelDispoly,1,DISTRITO NACIONAL,CENTRAL,CENTRAL 138 kV,ZMATAE,Zback
Outer zone,\VM-PF.IntUser\PDD 31-12-2024.IntPrj\Network Model.IntPrjfolder\Network Data.IntPrjfolder\CENTRAL 138 kV.ElmNet\ZMATAE.ElmSubstat\L3.ElmTerm\Cub_1.StaCubic\ZMATBE_ZMETAE-L1-RED670.ElmRelay\RPSB 78.ElmRelay\Outer zone.RelDispoly,1,DISTRITO NACIONAL,CENTRAL,CENTRAL 138 kV,ZMATAE,Outer zone
Inner zone,\VM-PF.IntUser\PDD 31-12-2024.IntPrj\Network Model.IntPrjfolder\Network Data.IntPrjfolder\CENTRAL 138 kV.ElmNet\ZMATAE.ElmSubstat\L3.ElmTerm\Cub_1.StaCubic\ZMATBE_ZMETAE-L1-RED670.ElmRelay\RPSB 78.ElmRelay\Inner zone.RelDispoly,1,DISTRITO NACIONAL,CENTRAL,CENTRAL 138 kV,ZMATAE,Inner zone
ZMC1,\VM-PF.IntUser\PDD 31-12-2024.IntPrj\Network Model.IntPrjfolder\Network Data.IntPrjfolder\CENTRAL 138 kV.ElmNet\ZMATAE.ElmSubstat\L3.ElmTerm\Cub_1.StaCubic\ZMATBE_ZMETAE-L1-RED670.ElmRelay\ZMCPDIS.ElmRelay\ZMC1.RelDispoly,1,DISTRITO NACIONAL,CENTRAL,CENTRAL 138 kV,ZMATAE,ZMC1
ZMC2,\VM-PF.IntUser\PDD 31-12-2024.IntPrj\Network Model.IntPrjfolder\Network Data.IntPrjfolder\CENTRAL 138 kV.ElmNet\ZMATAE.ElmSubstat\L3.ElmTerm\Cub_1.StaCubic\ZMATBE_ZMETAE-L1-RED670.ElmRelay\ZMCPDIS.ElmRelay\ZMC2.RelDispoly,1,DISTRITO NACIONAL,CENTRAL,CENTRAL 138 kV,ZMATAE,ZMC2
ZMC3,\VM-PF.IntUser\PDD 31-12-2024.IntPrj\Network Model.IntPrjfolder\Network Data.IntPrjfolder\CENTRAL 138 kV.ElmNet\ZMATAE.ElmSubstat\L3.ElmTerm\Cub_1.StaCubic\ZMATBE_ZMETAE-L1-RED670.ElmRelay\ZMCPDIS.ElmRelay\ZMC3.RelDispoly,1,DISTRITO NACIONAL,CENTRAL,CENTRAL 138 kV,ZMATAE,ZMC3
ZMC4,\VM-PF.IntUser\PDD 31-12-2024.IntPrj\Network Model.IntPrjfolder\Network Data.IntPrjfolder\CENTRAL 138 kV.ElmNet\ZMATAE.ElmSubstat\L3.ElmTerm\Cub_1.StaCubic\ZMATBE_ZMETAE-L1-RED670.ElmRelay\ZMCPDIS.ElmRelay\ZMC4.RelDispoly,1,DISTRITO NACIONAL,CENTRAL,CENTRAL 138 kV,ZMATAE,ZMC4
ZMC5,\VM-PF.IntUser\PDD 31-12-2024.IntPrj\Network Model.IntPrjfolder\Network Data.IntPrjfolder\CENTRAL 138 kV.ElmNet\ZMATAE.ElmSubstat\L3.ElmTerm\Cub_1.StaCubic\ZMATBE_ZMETAE-L1-RED670.ElmRelay\ZMCPDIS.ElmRelay\ZMC5.RelDispoly,1,DISTRITO NACIONAL,CENTRAL,CENTRAL 138 kV,ZMATAE,ZMC5
ZMQ1,\VM-PF.IntUser\PDD 31-12-2024.IntPrj\Network Model.IntPrjfolder\Network Data.IntPrjfolder\CENTRAL 138 kV.ElmNet\ZMATAE.ElmSubstat\L3.ElmTerm\Cub_1.StaCubic\ZMATBE_ZMETAE-L1-RED670.ElmRelay\ZMQPDIS.ElmRelay\ZMQ1.RelDispoly,1,DISTRITO NACIONAL,CENTRAL,CENTRAL 138 kV,ZMATAE,ZMQ1
ZMQ2,\VM-PF.IntUser\PDD 31-12-2024.IntPrj\Network Model.IntPrjfolder\Network Data.IntPrjfolder\CENTRAL 138 kV.ElmNet\ZMATAE.ElmSubstat\L3.ElmTerm\Cub_1.StaCubic\ZMATBE_ZMETAE-L1-RED670.ElmRelay\ZMQPDIS.ElmRelay\ZMQ2.RelDispoly,1,DISTRITO NACIONAL,CENTRAL,CENTRAL 138 kV,ZMATAE,ZMQ2
ZMQ3,\VM-PF.IntUser\PDD 31-12-2024.IntPrj\Network Model.IntPrjfolder\Network Data.IntPrjfolder\CENTRAL 138 kV.ElmNet\ZMATAE.ElmSubstat\L3.ElmTerm\Cub_1.StaCubic\ZMATBE_ZMETAE-L1-RED670.ElmRelay\ZMQPDIS.ElmRelay\ZMQ3.RelDispoly,1,DISTRITO NACIONAL,CENTRAL,CENTRAL 138 kV,ZMATAE,ZMQ3
ZMQ4,\VM-PF.IntUser\PDD 31-12-2024.IntPrj\Network Model.IntPrjfolder\Network Data.IntPrjfolder\CENTRAL 138 kV.ElmNet\ZMATAE.ElmSubstat\L3.ElmTerm\Cub_1.StaCubic\ZMATBE_ZMETAE-L1-RED670.ElmRelay\ZMQPDIS.ElmRelay\ZMQ4.RelDispoly,1,DISTRITO NACIONAL,CENTRAL,CENTRAL 138 kV,ZMATAE,ZMQ4
ZMQ5,\VM-PF.IntUser\PDD 31-12-2024.IntPrj\Network Model.IntPrjfolder\Network Data.IntPrjfolder\CENTRAL 138 kV.ElmNet\ZMATAE.ElmSubstat\L3.ElmTerm\Cub_1.StaCubic\ZMATBE_ZMETAE-L1-RED670.ElmRelay\ZMQPDIS.ElmRelay\ZMQ5.RelDispoly,1,DISTRITO NACIONAL,CENTRAL,CENTRAL 138 kV,ZMATAE,ZMQ5
ZDS1,\VM-PF.IntUser\PDD 31-12-2024.IntPrj\Network Model.IntPrjfolder\Network Data.IntPrjfolder\CENTRAL 138 kV.ElmNet\ZMATAE.ElmSubstat\L3.ElmTerm\Cub_1.StaCubic\ZMATBE_ZMETAE-L1-RED670.ElmRelay\SC Dir-Z.ElmRelay\ZDS1.RelDispoly,1,DISTRITO NACIONAL,CENTRAL,CENTRAL 138 kV,ZMATAE,ZDS1
Z1,\VM-PF.IntUser\PDD 31-12-2024.IntPrj\Network Model.IntPrjfolder\Network Data.IntPrjfolder\CENTRAL 138 kV.ElmNet\ZMATAE.ElmSubstat\R1.ElmTerm\Cub_1.StaCubic\ZMATBE_ZHAINE-L2-7SA6.ElmRelay\Distance Polygonal.ElmRelay\Z1.RelDispoly,1,DISTRITO NACIONAL,CENTRAL,CENTRAL 138 kV,ZMATAE,Z1
Z1b,\VM-PF.IntUser\PDD 31-12-2024.IntPrj\Network Model.IntPrjfolder\Network Data.IntPrjfolder\CENTRAL 138 kV.ElmNet\ZMATAE.ElmSubstat\R1.ElmTerm\Cub_1.StaCubic\ZMATBE_ZHAINE-L2-7SA6.ElmRelay\Distance Polygonal.ElmRelay\Z1b.RelDispoly,1,DISTRITO NACIONAL,CENTRAL,CENTRAL 138 kV,ZMATAE,Z1b
Z2,\VM-PF.IntUser\PDD 31-12-2024.IntPrj\Network Model.IntPrjfolder\Network Data.IntPrjfolder\CENTRAL 138 kV.ElmNet\ZMATAE.ElmSubstat\R1.ElmTerm\Cub_1.StaCubic\ZMATBE_ZHAINE-L2-7SA6.ElmRelay\Distance Polygonal.ElmRelay\Z2.RelDispoly,1,DISTRITO NACIONAL,CENTRAL,CENTRAL 138 kV,ZMATAE,Z2
Z3,\VM-PF.IntUser\PDD 31-12-2024.IntPrj\Network Model.IntPrjfolder\Network Data.IntPrjfolder\CENTRAL 138 kV.ElmNet\ZMATAE.ElmSubstat\R1.ElmTerm\Cub_1.StaCubic\ZMATBE_ZHAINE-L2-7SA6.ElmRelay\Distance Polygonal.ElmRelay\Z3.RelDispoly,1,DISTRITO NACIONAL,CENTRAL,CENTRAL 138 kV,ZMATAE,Z3
Z4,\VM-PF.IntUser\PDD 31-12-2024.IntPrj\Network Model.IntPrjfolder\Network Data.IntPrjfolder\CENTRAL 138 kV.ElmNet\ZMATAE.ElmSubstat\R1.ElmTerm\Cub_1.StaCubic\ZMATBE_ZHAINE-L2-7SA6.ElmRelay\Distance Polygonal.ElmRelay\Z4.RelDispoly,1,DISTRITO NACIONAL,CENTRAL,CENTRAL 138 kV,ZMATAE,Z4
Z5,\VM-PF.IntUser\PDD 31-12-2024.IntPrj\Network Model.IntPrjfolder\Network Data.IntPrjfolder\CENTRAL 138 kV.ElmNet\ZMATAE.ElmSubstat\R1.ElmTerm\Cub_1.StaCubic\ZMATBE_ZHAINE-L2-7SA6.ElmRelay\Distance Polygonal.ElmRelay\Z5.RelDispoly,1,DISTRITO NACIONAL,CENTRAL,CENTRAL 138 kV,ZMATAE,Z5
Z1,\VM-PF.IntUser\PDD 31-12-2024.IntPrj\Network Model.IntPrjfolder\Network Data.IntPrjfolder\CENTRAL 138 kV.ElmNet\ZMATAE.ElmSubstat\R2.ElmTerm\Cub_1.StaCubic\ZMATAE_ZEMBAE-L1-7SA6.ElmRelay\Distance Polygonal.ElmRelay\Z1.RelDispoly,1,DISTRITO NACIONAL,CENTRAL,CENTRAL 138 kV,ZMATAE,Z1
Z1b,\VM-PF.IntUser\PDD 31-12-2024.IntPrj\Network Model.IntPrjfolder\Network Data.IntPrjfolder\CENTRAL 138 kV.ElmNet\ZMATAE.ElmSubstat\R2.ElmTerm\Cub_1.StaCubic\ZMATAE_ZEMBAE-L1-7SA6.ElmRelay\Distance Polygonal.ElmRelay\Z1b.RelDispoly,1,DISTRITO NACIONAL,CENTRAL,CENTRAL 138 kV,ZMATAE,Z1b
Z2,\VM-PF.IntUser\PDD 31-12-2024.IntPrj\Network Model.IntPrjfolder\Network Data.IntPrjfolder\CENTRAL 138 kV.ElmNet\ZMATAE.ElmSubstat\R2.ElmTerm\Cub_1.StaCubic\ZMATAE_ZEMBAE-L1-7SA6.ElmRelay\Distance Polygonal.ElmRelay\Z2.RelDispoly,1,DISTRITO NACIONAL,CENTRAL,CENTRAL 138 kV,ZMATAE,Z2
Z3,\VM-PF.IntUser\PDD 31-12-2024.IntPrj\Network Model.IntPrjfolder\Network Data.IntPrjfolder\CENTRAL 138 kV.ElmNet\ZMATAE.ElmSubstat\R2.ElmTerm\Cub_1.StaCubic\ZMATAE_ZEMBAE-L1-7SA6.ElmRelay\Distance Polygonal.ElmRelay\Z3.RelDispoly,1,DISTRITO NACIONAL,CENTRAL,CENTRAL 138 kV,ZMATAE,Z3
Z4,\VM-PF.IntUser\PDD 31-12-2024.IntPrj\Network Model.IntPrjfolder\Network Data.IntPrjfolder\CENTRAL 138 kV.ElmNet\ZMATAE.ElmSubstat\R2.ElmTerm\Cub_1.StaCubic\ZMATAE_ZEMBAE-L1-7SA6.ElmRelay\Distance Polygonal.ElmRelay\Z4.RelDispoly,1,DISTRITO NACIONAL,CENTRAL,CENTRAL 138 kV,ZMATAE,Z4
Z5,\VM-PF.IntUser\PDD 31-12-2024.IntPrj\Network Model.IntPrjfolder\Network Data.IntPrjfolder\CENTRAL 138 kV.ElmNet\ZMATAE.ElmSubstat\R2.ElmTerm\Cub_1.StaCubic\ZMATAE_ZEMBAE-L1-7SA6.ElmRelay\Distance Polygonal.ElmRelay\Z5.RelDispoly,1,DISTRITO NACIONAL,CENTRAL,CENTRAL 138 kV,ZMATAE,Z5
Z1 Ph,\VM-PF.IntUser\PDD 31-12-2024.IntPrj\Network Model.IntPrjfolder\Network Data.IntPrjfolder\CENTRAL 138 kV.ElmNet\AES Andrés.ElmSite\ZAANDE.ElmSubstat\1.ElmTerm\Cub_1.StaCubic\ZAANDE_ZAAINE-L1-P44x.ElmRelay\Z1 Ph.RelDispoly,1,SANTO DOMINGO,CENTRAL,CENTRAL 138 kV,ZAANDE,Z1 Ph
Z2 Ph,\VM-PF.IntUser\PDD 31-12-2024.IntPrj\Network Model.IntPrjfolder\Network Data.IntPrjfolder\CENTRAL 138 kV.ElmNet\AES Andrés.ElmSite\ZAANDE.ElmSubstat\1.ElmTerm\Cub_1.StaCubic\ZAANDE_ZAAINE-L1-P44x.ElmRelay\Z2 Ph.RelDispoly,1,SANTO DOMINGO,CENTRAL,CENTRAL 138 kV,ZAANDE,Z2 Ph
Z3 Ph,\VM-PF.IntUser\PDD 31-12-2024.IntPrj\Network Model.IntPrjfolder\Network Data.IntPrjfolder\CENTRAL 138 kV.ElmNet\AES Andrés.ElmSite\ZAANDE.ElmSubstat\1.ElmTerm\Cub_1.StaCubic\ZAANDE_ZAAINE-L1-P44x.ElmRelay\Z3 Ph.RelDispoly,1,SANTO DOMINGO,CENTRAL,CENTRAL 138 kV,ZAANDE,Z3 Ph
Z4 Ph,\VM-PF.IntUser\PDD 31-12-2024.IntPrj\Network Model.IntPrjfolder\Network Data.IntPrjfolder\CENTRAL 138 kV.ElmNet\AES Andrés.ElmSite\ZAANDE.ElmSubstat\1.ElmTerm\Cub_1.StaCubic\ZAANDE_ZAAINE-L1-P44x.ElmRelay\Z4 Ph.RelDispoly,1,SANTO DOMINGO,CENTRAL,CENTRAL 138 kV,ZAANDE,Z4 Ph
ZP Ph,\VM-PF.IntUser\PDD 31-12-2024.IntPrj\Network Model.IntPrjfolder\Network Data.IntPrjfolder\CENTRAL 138 kV.ElmNet\AES Andrés.ElmSite\ZAANDE.ElmSubstat\1.ElmTerm\Cub_1.StaCubic\ZAANDE_ZAAINE-L1-P44x.ElmRelay\ZP Ph.RelDispoly,1,SANTO DOMINGO,CENTRAL,CENTRAL 138 kV,ZAANDE,ZP Ph
Z1X Ph,\VM-PF.IntUser\PDD 31-12-2024.IntPrj\Network Model.IntPrjfolder\Network Data.IntPrjfolder\CENTRAL 138 kV.ElmNet\AES Andrés.ElmSite\ZAANDE.ElmSubstat\1.ElmTerm\Cub_1.StaCubic\ZAANDE_ZAAINE-L1-P44x.ElmRelay\Z1X Ph.RelDispoly,1,SANTO DOMINGO,CENTRAL,CENTRAL 138 kV,ZAANDE,Z1X Ph
Z1 Grnd,\VM-PF.IntUser\PDD 31-12-2024.IntPrj\Network Model.IntPrjfolder\Network Data.IntPrjfolder\CENTRAL 138 kV.ElmNet\AES Andrés.ElmSite\ZAANDE.ElmSubstat\1.ElmTerm\Cub_1.StaCubic\ZAANDE_ZAAINE-L1-P44x.ElmRelay\Z1 Grnd.RelDispoly,1,SANTO DOMINGO,CENTRAL,CENTRAL 138 kV,ZAANDE,Z1 Grnd
Z2 Grnd,\VM-PF.IntUser\PDD 31-12-2024.IntPrj\Network Model.IntPrjfolder\Network Data.IntPrjfolder\CENTRAL 138 kV.ElmNet\AES Andrés.ElmSite\ZAANDE.ElmSubstat\1.ElmTerm\Cub_1.StaCubic\ZAANDE_ZAAINE-L1-P44x.ElmRelay\Z2 Grnd.RelDispoly,1,SANTO DOMINGO,CENTRAL,CENTRAL 138 kV,ZAANDE,Z2 Grnd
Z3 Grnd,\VM-PF.IntUser\PDD 31-12-2024.IntPrj\Network Model.IntPrjfolder\Network Data.IntPrjfolder\CENTRAL 138 kV.ElmNet\AES Andrés.ElmSite\ZAANDE.ElmSubstat\1.ElmTerm\Cub_1.StaCubic\ZAANDE_ZAAINE-L1-P44x.ElmRelay\Z3 Grnd.RelDispoly,1,SANTO DOMINGO,CENTRAL,CENTRAL 138 kV,ZAANDE,Z3 Grnd
Z4 Grnd,\VM-PF.IntUser\PDD 31-12-2024.IntPrj\Network Model.IntPrjfolder\Network Data.IntPrjfolder\CENTRAL 138 kV.ElmNet\AES Andrés.ElmSite\ZAANDE.ElmSubstat\1.ElmTerm\Cub_1.StaCubic\ZAANDE_ZAAINE-L1-P44x.ElmRelay\Z4 Grnd.RelDispoly,1,SANTO DOMINGO,CENTRAL,CENTRAL 138 kV,ZAANDE,Z4 Grnd
ZP Grnd,\VM-PF.IntUser\PDD 31-12-2024.IntPrj\Network Model.IntPrjfolder\Network Data.IntPrjfolder\CENTRAL 138 kV.ElmNet\AES Andrés.ElmSite\ZAANDE.ElmSubstat\1.ElmTerm\Cub_1.StaCubic\ZAANDE_ZAAINE-L1-P44x.ElmRelay\ZP Grnd.RelDispoly,1,SANTO DOMINGO,CENTRAL,CENTRAL 138 kV,ZAANDE,ZP Grnd
Z1X Grnd,\VM-PF.IntUser\PDD 31-12-2024.IntPrj\Network Model.IntPrjfolder\Network Data.IntPrjfolder\CENTRAL 138 kV.ElmNet\AES Andrés.ElmSite\ZAANDE.ElmSubstat\1.ElmTerm\Cub_1.StaCubic\ZAANDE_ZAAINE-L1-P44x.ElmRelay\Z1X Grnd.RelDispoly,1,SANTO DOMINGO,CENTRAL,CENTRAL 138 kV,ZAANDE,Z1X Grnd
Outer zone,\VM-PF.IntUser\PDD 31-12-2024.IntPrj\Network Model.IntPrjfolder\Network Data.IntPrjfolder\CENTRAL 138 kV.ElmNet\METALDOM.ElmSite\ZMETAE.ElmSubstat\WMETAE(1).ElmTerm\WBMETAE(1).StaCubic\ZMETAE_ZMATBE-L1-RED670.ElmRelay\RPSB 78.ElmRelay\Outer zone.RelDispoly,1,DISTRITO NACIONAL,CENTRAL,CENTRAL 138 kV,ZMETAE,Outer zone
Inner zone,\VM-PF.IntUser\PDD 31-12-2024.IntPrj\Network Model.IntPrjfolder\Network Data.IntPrjfolder\CENTRAL 138 kV.ElmNet\METALDOM.ElmSite\ZMETAE.ElmSubstat\WMETAE(1).ElmTerm\WBMETAE(1).StaCubic\ZMETAE_ZMATBE-L1-RED670.ElmRelay\RPSB 78.ElmRelay\Inner zone.RelDispoly,1,DISTRITO NACIONAL,CENTRAL,CENTRAL 138 kV,ZMETAE,Inner zone
ZMC1,\VM-PF.IntUser\PDD 31-12-2024.IntPrj\Network Model.IntPrjfolder\Network Data.IntPrjfolder\CENTRAL 138 kV.ElmNet\METALDOM.ElmSite\ZMETAE.ElmSubstat\WMETAE(1).ElmTerm\WBMETAE(1).StaCubic\ZMETAE_ZMATBE-L1-RED670.ElmRelay\ZMCPDIS.ElmRelay\ZMC1.RelDispoly,1,DISTRITO NACIONAL,CENTRAL,CENTRAL 138 kV,ZMETAE,ZMC1
ZMC2,\VM-PF.IntUser\PDD 31-12-2024.IntPrj\Network Model.IntPrjfolder\Network Data.IntPrjfolder\CENTRAL 138 kV.ElmNet\METALDOM.ElmSite\ZMETAE.ElmSubstat\WMETAE(1).ElmTerm\WBMETAE(1).StaCubic\ZMETAE_ZMATBE-L1-RED670.ElmRelay\ZMCPDIS.ElmRelay\ZMC2.RelDispoly,1,DISTRITO NACIONAL,CENTRAL,CENTRAL 138 kV,ZMETAE,ZMC2
ZMC3,\VM-PF.IntUser\PDD 31-12-2024.IntPrj\Network Model.IntPrjfolder\Network Data.IntPrjfolder\CENTRAL 138 kV.ElmNet\METALDOM.ElmSite\ZMETAE.ElmSubstat\WMETAE(1).ElmTerm\WBMETAE(1).StaCubic\ZMETAE_ZMATBE-L1-RED670.ElmRelay\ZMCPDIS.ElmRelay\ZMC3.RelDispoly,1,DISTRITO NACIONAL,CENTRAL,CENTRAL 138 kV,ZMETAE,ZMC3
ZMC4,\VM-PF.IntUser\PDD 31-12-2024.IntPrj\Network Model.IntPrjfolder\Network Data.IntPrjfolder\CENTRAL 138 kV.ElmNet\METALDOM.ElmSite\ZMETAE.ElmSubstat\WMETAE(1).ElmTerm\WBMETAE(1).StaCubic\ZMETAE_ZMATBE-L1-RED670.ElmRelay\ZMCPDIS.ElmRelay\ZMC4.RelDispoly,1,DISTRITO NACIONAL,CENTRAL,CENTRAL 138 kV,ZMETAE,ZMC4
ZMC5,\VM-PF.IntUser\PDD 31-12-2024.IntPrj\Network Model.IntPrjfolder\Network Data.IntPrjfolder\CENTRAL 138 kV.ElmNet\METALDOM.ElmSite\ZMETAE.ElmSubstat\WMETAE(1).ElmTerm\WBMETAE(1).StaCubic\ZMETAE_ZMATBE-L1-RED670.ElmRelay\ZMCPDIS.ElmRelay\ZMC5.RelDispoly,1,DISTRITO NACIONAL,CENTRAL,CENTRAL 138 kV,ZMETAE,ZMC5
ZMQ1,\VM-PF.IntUser\PDD 31-12-2024.IntPrj\Network Model.IntPrjfolder\Network Data.IntPrjfolder\CENTRAL 138 kV.ElmNet\METALDOM.ElmSite\ZMETAE.ElmSubstat\WMETAE(1).ElmTerm\WBMETAE(1).StaCubic\ZMETAE_ZMATBE-L1-RED670.ElmRelay\ZMQPDIS.ElmRelay\ZMQ1.RelDispoly,1,DISTRITO NACIONAL,CENTRAL,CENTRAL 138 kV,ZMETAE,ZMQ1
ZMQ2,\VM-PF.IntUser\PDD 31-12-2024.IntPrj\Network Model.IntPrjfolder\Network Data.IntPrjfolder\CENTRAL 138 kV.ElmNet\METALDOM.ElmSite\ZMETAE.ElmSubstat\WMETAE(1).ElmTerm\WBMETAE(1).StaCubic\ZMETAE_ZMATBE-L1-RED670.ElmRelay\ZMQPDIS.ElmRelay\ZMQ2.RelDispoly,1,DISTRITO NACIONAL,CENTRAL,CENTRAL 138 kV,ZMETAE,ZMQ2
ZMQ3,\VM-PF.IntUser\PDD 31-12-2024.IntPrj\Network Model.IntPrjfolder\Network Data.IntPrjfolder\CENTRAL 138 kV.ElmNet\METALDOM.ElmSite\ZMETAE.ElmSubstat\WMETAE(1).ElmTerm\WBMETAE(1).StaCubic\ZMETAE_ZMATBE-L1-RED670.ElmRelay\ZMQPDIS.ElmRelay\ZMQ3.RelDispoly,1,DISTRITO NACIONAL,CENTRAL,CENTRAL 138 kV,ZMETAE,ZMQ3
ZMQ4,\VM-PF.IntUser\PDD 31-12-2024.IntPrj\Network Model.IntPrjfolder\Network Data.IntPrjfolder\CENTRAL 138 kV.ElmNet\METALDOM.ElmSite\ZMETAE.ElmSubstat\WMETAE(1).ElmTerm\WBMETAE(1).StaCubic\ZMETAE_ZMATBE-L1-RED670.ElmRelay\ZMQPDIS.ElmRelay\ZMQ4.RelDispoly,1,DISTRITO NACIONAL,CENTRAL,CENTRAL 138 kV,ZMETAE,ZMQ4
ZMQ5,\VM-PF.IntUser\PDD 31-12-2024.IntPrj\Network Model.IntPrjfolder\Network Data.IntPrjfolder\CENTRAL 138 kV.ElmNet\METALDOM.ElmSite\ZMETAE.ElmSubstat\WMETAE(1).ElmTerm\WBMETAE(1).StaCubic\ZMETAE_ZMATBE-L1-RED670.ElmRelay\ZMQPDIS.ElmRelay\ZMQ5.RelDispoly,1,DISTRITO NACIONAL,CENTRAL,CENTRAL 138 kV,ZMETAE,ZMQ5
ZDS1,\VM-PF.IntUser\PDD 31-12-2024.IntPrj\Network Model.IntPrjfolder\Network Data.IntPrjfolder\CENTRAL 138 kV.ElmNet\METALDOM.ElmSite\ZMETAE.ElmSubstat\WMETAE(1).ElmTerm\WBMETAE(1).StaCubic\ZMETAE_ZMATBE-L1-RED670.ElmRelay\SC Dir-Z.ElmRelay\ZDS1.RelDispoly,1,DISTRITO NACIONAL,CENTRAL,CENTRAL 138 kV,ZMETAE,ZDS1
Z1,\VM-PF.IntUser\PDD 31-12-2024.IntPrj\Network Model.IntPrjfolder\Network Data.IntPrjfolder\CENTRAL 138 kV.ElmNet\ZPARAE.ElmSubstat\WPARAE(6).ElmTerm\WBPARA(1).StaCubic\ZPARAE_ZMETRE-L1-REL316-87L.ElmRelay\Z1.RelDispoly,1,DISTRITO NACIONAL,CENTRAL,CENTRAL 138 kV,ZPARAE,Z1
Z2,\VM-PF.IntUser\PDD 31-12-2024.IntPrj\Network Model.IntPrjfolder\Network Data.IntPrjfolder\CENTRAL 138 kV.ElmNet\ZPARAE.ElmSubstat\WPARAE(6).ElmTerm\WBPARA(1).StaCubic\ZPARAE_ZMETRE-L1-REL316-87L.ElmRelay\Z2.RelDispoly,1,DISTRITO NACIONAL,CENTRAL,CENTRAL 138 kV,ZPARAE,Z2
Z3,\VM-PF.IntUser\PDD 31-12-2024.IntPrj\Network Model.IntPrjfolder\Network Data.IntPrjfolder\CENTRAL 138 kV.ElmNet\ZPARAE.ElmSubstat\WPARAE(6).ElmTerm\WBPARA(1).StaCubic\ZPARAE_ZMETRE-L1-REL316-87L.ElmRelay\Z3.RelDispoly,1,DISTRITO NACIONAL,CENTRAL,CENTRAL 138 kV,ZPARAE,Z3
Z4,\VM-PF.IntUser\PDD 31-12-2024.IntPrj\Network Model.IntPrjfolder\Network Data.IntPrjfolder\CENTRAL 138 kV.ElmNet\ZPARAE.ElmSubstat\WPARAE(6).ElmTerm\WBPARA(1).StaCubic\ZPARAE_ZMETRE-L1-REL316-87L.ElmRelay\Z4.RelDispoly,1,DISTRITO NACIONAL,CENTRAL,CENTRAL 138 kV,ZPARAE,Z4
Zback,\VM-PF.IntUser\PDD 31-12-2024.IntPrj\Network Model.IntPrjfolder\Network Data.IntPrjfolder\CENTRAL 138 kV.ElmNet\ZPARAE.ElmSubstat\WPARAE(6).ElmTerm\WBPARA(1).StaCubic\ZPARAE_ZMETRE-L1-REL316-87L.ElmRelay\Zback.RelDispoly,1,DISTRITO NACIONAL,CENTRAL,CENTRAL 138 kV,ZPARAE,Zback
Z1,\VM-PF.IntUser\PDD 31-12-2024.IntPrj\Network Model.IntPrjfolder\Network Data.IntPrjfolder\CENTRAL 138 kV.ElmNet\ZPARAE.ElmSubstat\WPARAE(6).ElmTerm\WBPARA(1).StaCubic\ZPARAE_ZMETRE-L1-REL316.ElmRelay\Z1.RelDispoly,1,DISTRITO NACIONAL,CENTRAL,CENTRAL 138 kV,ZPARAE,Z1
Z2,\VM-PF.IntUser\PDD 31-12-2024.IntPrj\Network Model.IntPrjfolder\Network Data.IntPrjfolder\CENTRAL 138 kV.ElmNet\ZPARAE.ElmSubstat\WPARAE(6).ElmTerm\WBPARA(1).StaCubic\ZPARAE_ZMETRE-L1-REL316.ElmRelay\Z2.RelDispoly,1,DISTRITO NACIONAL,CENTRAL,CENTRAL 138 kV,ZPARAE,Z2
Z3,\VM-PF.IntUser\PDD 31-12-2024.IntPrj\Network Model.IntPrjfolder\Network Data.IntPrjfolder\CENTRAL 138 kV.ElmNet\ZPARAE.ElmSubstat\WPARAE(6).ElmTerm\WBPARA(1).StaCubic\ZPARAE_ZMETRE-L1-REL316.ElmRelay\Z3.RelDispoly,1,DISTRITO NACIONAL,CENTRAL,CENTRAL 138 kV,ZPARAE,Z3
Z4,\VM-PF.IntUser\PDD 31-12-2024.IntPrj\Network Model.IntPrjfolder\Network Data.IntPrjfolder\CENTRAL 138 kV.ElmNet\ZPARAE.ElmSubstat\WPARAE(6).ElmTerm\WBPARA(1).StaCubic\ZPARAE_ZMETRE-L1-REL316.ElmRelay\Z4.RelDispoly,1,DISTRITO NACIONAL,CENTRAL,CENTRAL 138 kV,ZPARAE,Z4
Zback,\VM-PF.IntUser\PDD 31-12-2024.IntPrj\Network Model.IntPrjfolder\Network Data.IntPrjfolder\CENTRAL 138 kV.ElmNet\ZPARAE.ElmSubstat\WPARAE(6).ElmTerm\WBPARA(1).StaCubic\ZPARAE_ZMETRE-L1-REL316.ElmRelay\Zback.RelDispoly,1,DISTRITO NACIONAL,CENTRAL,CENTRAL 138 kV,ZPARAE,Zback
Z1,\VM-PF.IntUser\PDD 31-12-2024.IntPrj\Network Model.IntPrjfolder\Network Data.IntPrjfolder\CENTRAL 138 kV.ElmNet\ZPARAE.ElmSubstat\1.ElmTerm\Cub_1.StaCubic\ZPARAE_ZJSA2E-L1-REL316.ElmRelay\Z1.RelDispoly,1,DISTRITO NACIONAL,CENTRAL,CENTRAL 138 kV,ZPARAE,Z1
Z2,\VM-PF.IntUser\PDD 31-12-2024.IntPrj\Network Model.IntPrjfolder\Network Data.IntPrjfolder\CENTRAL 138 kV.ElmNet\ZPARAE.ElmSubstat\1.ElmTerm\Cub_1.StaCubic\ZPARAE_ZJSA2E-L1-REL316.ElmRelay\Z2.RelDispoly,1,DISTRITO NACIONAL,CENTRAL,CENTRAL 138 kV,ZPARAE,Z2
Z3,\VM-PF.IntUser\PDD 31-12-2024.IntPrj\Network Model.IntPrjfolder\Network Data.IntPrjfolder\CENTRAL 138 kV.ElmNet\ZPARAE.ElmSubstat\1.ElmTerm\Cub_1.StaCubic\ZPARAE_ZJSA2E-L1-REL316.ElmRelay\Z3.RelDispoly,1,DISTRITO NACIONAL,CENTRAL,CENTRAL 138 kV,ZPARAE,Z3
Z4,\VM-PF.IntUser\PDD 31-12-2024.IntPrj\Network Model.IntPrjfolder\Network Data.IntPrjfolder\CENTRAL 138 kV.ElmNet\ZPARAE.ElmSubstat\1.ElmTerm\Cub_1.StaCubic\ZPARAE_ZJSA2E-L1-REL316.ElmRelay\Z4.RelDispoly,1,DISTRITO NACIONAL,CENTRAL,CENTRAL 138 kV,ZPARAE,Z4
Zback,\VM-PF.IntUser\PDD 31-12-2024.IntPrj\Network Model.IntPrjfolder\Network Data.IntPrjfolder\CENTRAL 138 kV.ElmNet\ZPARAE.ElmSubstat\1.ElmTerm\Cub_1.StaCubic\ZPARAE_ZJSA2E-L1-REL316.ElmRelay\Zback.RelDispoly,1,DISTRITO NACIONAL,CENTRAL,CENTRAL 138 kV,ZPARAE,Zback
Z1,\VM-PF.IntUser\PDD 31-12-2024.IntPrj\Network Model.IntPrjfolder\Network Data.IntPrjfolder\CENTRAL 138 kV.ElmNet\ZPARAE.ElmSubstat\2.ElmTerm\WBPARA(1).StaCubic\ZPARAE_ZMETRE-L1-REL316.ElmRelay\Z1.RelDispoly,1,DISTRITO NACIONAL,CENTRAL,CENTRAL 138 kV,ZPARAE,Z1
Z2,\VM-PF.IntUser\PDD 31-12-2024.IntPrj\Network Model.IntPrjfolder\Network Data.IntPrjfolder\CENTRAL 138 kV.ElmNet\ZPARAE.ElmSubstat\2.ElmTerm\WBPARA(1).StaCubic\ZPARAE_ZMETRE-L1-REL316.ElmRelay\Z2.RelDispoly,1,DISTRITO NACIONAL,CENTRAL,CENTRAL 138 kV,ZPARAE,Z2
Z3,\VM-PF.IntUser\PDD 31-12-2024.IntPrj\Network Model.IntPrjfolder\Network Data.IntPrjfolder\CENTRAL 138 kV.ElmNet\ZPARAE.ElmSubstat\2.ElmTerm\WBPARA(1).StaCubic\ZPARAE_ZMETRE-L1-REL316.ElmRelay\Z3.RelDispoly,1,DISTRITO NACIONAL,CENTRAL,CENTRAL 138 kV,ZPARAE,Z3
Z4,\VM-PF.IntUser\PDD 31-12-2024.IntPrj\Network Model.IntPrjfolder\Network Data.IntPrjfolder\CENTRAL 138 kV.ElmNet\ZPARAE.ElmSubstat\2.ElmTerm\WBPARA(1).StaCubic\ZPARAE_ZMETRE-L1-REL316.ElmRelay\Z4.RelDispoly,1,DISTRITO NACIONAL,CENTRAL,CENTRAL 138 kV,ZPARAE,Z4
Zback,\VM-PF.IntUser\PDD 31-12-2024.IntPrj\Network Model.IntPrjfolder\Network Data.IntPrjfolder\CENTRAL 138 kV.ElmNet\ZPARAE.ElmSubstat\2.ElmTerm\WBPARA(1).StaCubic\ZPARAE_ZMETRE-L1-REL316.ElmRelay\Zback.RelDispoly,1,DISTRITO NACIONAL,CENTRAL,CENTRAL 138 kV,ZPARAE,Zback
Z1,\VM-PF.IntUser\PDD 31-12-2024.IntPrj\Network Model.IntPrjfolder\Network Data.IntPrjfolder\CENTRAL 138 kV.ElmNet\ZPARAE.ElmSubstat\2.ElmTerm\WBPARA(1).StaCubic\ZPARAE_ZMETRE-L1-REL316-87L.ElmRelay\Z1.RelDispoly,1,DISTRITO NACIONAL,CENTRAL,CENTRAL 138 kV,ZPARAE,Z1
Z2,\VM-PF.IntUser\PDD 31-12-2024.IntPrj\Network Model.IntPrjfolder\Network Data.IntPrjfolder\CENTRAL 138 kV.ElmNet\ZPARAE.ElmSubstat\2.ElmTerm\WBPARA(1).StaCubic\ZPARAE_ZMETRE-L1-REL316-87L.ElmRelay\Z2.RelDispoly,1,DISTRITO NACIONAL,CENTRAL,CENTRAL 138 kV,ZPARAE,Z2
Z3,\VM-PF.IntUser\PDD 31-12-2024.IntPrj\Network Model.IntPrjfolder\Network Data.IntPrjfolder\CENTRAL 138 kV.ElmNet\ZPARAE.ElmSubstat\2.ElmTerm\WBPARA(1).StaCubic\ZPARAE_ZMETRE-L1-REL316-87L.ElmRelay\Z3.RelDispoly,1,DISTRITO NACIONAL,CENTRAL,CENTRAL 138 kV,ZPARAE,Z3
Z4,\VM-PF.IntUser\PDD 31-12-2024.IntPrj\Network Model.IntPrjfolder\Network Data.IntPrjfolder\CENTRAL 138 kV.ElmNet\ZPARAE.ElmSubstat\2.ElmTerm\WBPARA(1).StaCubic\ZPARAE_ZMETRE-L1-REL316-87L.ElmRelay\Z4.RelDispoly,1,DISTRITO NACIONAL,CENTRAL,CENTRAL 138 kV,ZPARAE,Z4
Zback,\VM-PF.IntUser\PDD 31-12-2024.IntPrj\Network Model.IntPrjfolder\Network Data.IntPrjfolder\CENTRAL 138 kV.ElmNet\ZPARAE.ElmSubstat\2.ElmTerm\WBPARA(1).StaCubic\ZPARAE_ZMETRE-L1-REL316-87L.ElmRelay\Zback.RelDispoly,1,DISTRITO NACIONAL,CENTRAL,CENTRAL 138 kV,ZPARAE,Zback
Z1,\VM-PF.IntUser\PDD 31-12-2024.IntPrj\Network Model.IntPrjfolder\Network Data.IntPrjfolder\CENTRAL 138 kV.ElmNet\Timbeque 2.ElmSite\ZTIM2E.ElmSubstat\L2.ElmTerm\Cub_1.StaCubic\ZTIM2E_ZLMINE-L1-7SA6.ElmRelay\Distance Polygonal.ElmRelay\Z1.RelDispoly,1,DISTRITO NACIONAL,CENTRAL,CENTRAL 138 kV,ZTIM2E,Z1
Z1b,\VM-PF.IntUser\PDD 31-12-2024.IntPrj\Network Model.IntPrjfolder\Network Data.IntPrjfolder\CENTRAL 138 kV.ElmNet\Timbeque 2.ElmSite\ZTIM2E.ElmSubstat\L2.ElmTerm\Cub_1.StaCubic\ZTIM2E_ZLMINE-L1-7SA6.ElmRelay\Distance Polygonal.ElmRelay\Z1b.RelDispoly,1,DISTRITO NACIONAL,CENTRAL,CENTRAL 138 kV,ZTIM2E,Z1b
Z2,\VM-PF.IntUser\PDD 31-12-2024.IntPrj\Network Model.IntPrjfolder\Network Data.IntPrjfolder\CENTRAL 138 kV.ElmNet\Timbeque 2.ElmSite\ZTIM2E.ElmSubstat\L2.ElmTerm\Cub_1.StaCubic\ZTIM2E_ZLMINE-L1-7SA6.ElmRelay\Distance Polygonal.ElmRelay\Z2.RelDispoly,1,DISTRITO NACIONAL,CENTRAL,CENTRAL 138 kV,ZTIM2E,Z2
Z3,\VM-PF.IntUser\PDD 31-12-2024.IntPrj\Network Model.IntPrjfolder\Network Data.IntPrjfolder\CENTRAL 138 kV.ElmNet\Timbeque 2.ElmSite\ZTIM2E.ElmSubstat\L2.ElmTerm\Cub_1.StaCubic\ZTIM2E_ZLMINE-L1-7SA6.ElmRelay\Distance Polygonal.ElmRelay\Z3.RelDispoly,1,DISTRITO NACIONAL,CENTRAL,CENTRAL 138 kV,ZTIM2E,Z3
Z4,\VM-PF.IntUser\PDD 31-12-2024.IntPrj\Network Model.IntPrjfolder\Network Data.IntPrjfolder\CENTRAL 138 kV.ElmNet\Timbeque 2.ElmSite\ZTIM2E.ElmSubstat\L2.ElmTerm\Cub_1.StaCubic\ZTIM2E_ZLMINE-L1-7SA6.ElmRelay\Distance Polygonal.ElmRelay\Z4.RelDispoly,1,DISTRITO NACIONAL,CENTRAL,CENTRAL 138 kV,ZTIM2E,Z4
Z5,\VM-PF.IntUser\PDD 31-12-2024.IntPrj\Network Model.IntPrjfolder\Network Data.IntPrjfolder\CENTRAL 138 kV.ElmNet\Timbeque 2.ElmSite\ZTIM2E.ElmSubstat\L2.ElmTerm\Cub_1.StaCubic\ZTIM2E_ZLMINE-L1-7SA6.ElmRelay\Distance Polygonal.ElmRelay\Z5.RelDispoly,1,DISTRITO NACIONAL,CENTRAL,CENTRAL 138 kV,ZTIM2E,Z5
Z1,\VM-PF.IntUser\PDD 31-12-2024.IntPrj\Network Model.IntPrjfolder\Network Data.IntPrjfolder\CENTRAL 138 kV.ElmNet\Timbeque 2.ElmSite\ZTIM2E.ElmSubstat\R1.ElmTerm\Cub_1.StaCubic\ZTIM2E_ZVDUAE-L1-7SA6.ElmRelay\Distance Polygonal.ElmRelay\Z1.RelDispoly,1,DISTRITO NACIONAL,CENTRAL,CENTRAL 138 kV,ZTIM2E,Z1
Z1b,\VM-PF.IntUser\PDD 31-12-2024.IntPrj\Network Model.IntPrjfolder\Network Data.IntPrjfolder\CENTRAL 138 kV.ElmNet\Timbeque 2.ElmSite\ZTIM2E.ElmSubstat\R1.ElmTerm\Cub_1.StaCubic\ZTIM2E_ZVDUAE-L1-7SA6.ElmRelay\Distance Polygonal.ElmRelay\Z1b.RelDispoly,1,DISTRITO NACIONAL,CENTRAL,CENTRAL 138 kV,ZTIM2E,Z1b
Z2,\VM-PF.IntUser\PDD 31-12-2024.IntPrj\Network Model.IntPrjfolder\Network Data.IntPrjfolder\CENTRAL 138 kV.ElmNet\Timbeque 2.ElmSite\ZTIM2E.ElmSubstat\R1.ElmTerm\Cub_1.StaCubic\ZTIM2E_ZVDUAE-L1-7SA6.ElmRelay\Distance Polygonal.ElmRelay\Z2.RelDispoly,1,DISTRITO NACIONAL,CENTRAL,CENTRAL 138 kV,ZTIM2E,Z2
Z3,\VM-PF.IntUser\PDD 31-12-2024.IntPrj\Network Model.IntPrjfolder\Network Data.IntPrjfolder\CENTRAL 138 kV.ElmNet\Timbeque 2.ElmSite\ZTIM2E.ElmSubstat\R1.ElmTerm\Cub_1.StaCubic\ZTIM2E_ZVDUAE-L1-7SA6.ElmRelay\Distance Polygonal.ElmRelay\Z3.RelDispoly,1,DISTRITO NACIONAL,CENTRAL,CENTRAL 138 kV,ZTIM2E,Z3
Z4,\VM-PF.IntUser\PDD 31-12-2024.IntPrj\Network Model.IntPrjfolder\Network Data.IntPrjfolder\CENTRAL 138 kV.ElmNet\Timbeque 2.ElmSite\ZTIM2E.ElmSubstat\R1.ElmTerm\Cub_1.StaCubic\ZTIM2E_ZVDUAE-L1-7SA6.ElmRelay\Distance Polygonal.ElmRelay\Z4.RelDispoly,1,DISTRITO NACIONAL,CENTRAL,CENTRAL 138 kV,ZTIM2E,Z4
Z5,\VM-PF.IntUser\PDD 31-12-2024.IntPrj\Network Model.IntPrjfolder\Network Data.IntPrjfolder\CENTRAL 138 kV.ElmNet\Timbeque 2.ElmSite\ZTIM2E.ElmSubstat\R1.ElmTerm\Cub_1.StaCubic\ZTIM2E_ZVDUAE-L1-7SA6.ElmRelay\Distance Polygonal.ElmRelay\Z5.RelDispoly,1,DISTRITO NACIONAL,CENTRAL,CENTRAL 138 kV,ZTIM2E,Z5
Z1,\VM-PF.IntUser\PDD 31-12-2024.IntPrj\Network Model.IntPrjfolder\Network Data.IntPrjfolder\CENTRAL 138 kV.ElmNet\Timbeque 2.ElmSite\ZTIM2E.ElmSubstat\R2.ElmTerm\Cub_1.StaCubic\ZTIM2E_ZCNPEE-L1-7SA6.ElmRelay\Distance Polygonal.ElmRelay\Z1.RelDispoly,1,DISTRITO NACIONAL,CENTRAL,CENTRAL 138 kV,ZTIM2E,Z1
Z1b,\VM-PF.IntUser\PDD 31-12-2024.IntPrj\Network Model.IntPrjfolder\Network Data.IntPrjfolder\CENTRAL 138 kV.ElmNet\Timbeque 2.ElmSite\ZTIM2E.ElmSubstat\R2.ElmTerm\Cub_1.StaCubic\ZTIM2E_ZCNPEE-L1-7SA6.ElmRelay\Distance Polygonal.ElmRelay\Z1b.RelDispoly,1,DISTRITO NACIONAL,CENTRAL,CENTRAL 138 kV,ZTIM2E,Z1b
Z2,\VM-PF.IntUser\PDD 31-12-2024.IntPrj\Network Model.IntPrjfolder\Network Data.IntPrjfolder\CENTRAL 138 kV.ElmNet\Timbeque 2.ElmSite\ZTIM2E.ElmSubstat\R2.ElmTerm\Cub_1.StaCubic\ZTIM2E_ZCNPEE-L1-7SA6.ElmRelay\Distance Polygonal.ElmRelay\Z2.RelDispoly,1,DISTRITO NACIONAL,CENTRAL,CENTRAL 138 kV,ZTIM2E,Z2
Z3,\VM-PF.IntUser\PDD 31-12-2024.IntPrj\Network Model.IntPrjfolder\Network Data.IntPrjfolder\CENTRAL 138 kV.ElmNet\Timbeque 2.ElmSite\ZTIM2E.ElmSubstat\R2.ElmTerm\Cub_1.StaCubic\ZTIM2E_ZCNPEE-L1-7SA6.ElmRelay\Distance Polygonal.ElmRelay\Z3.RelDispoly,1,DISTRITO NACIONAL,CENTRAL,CENTRAL 138 kV,ZTIM2E,Z3
Z4,\VM-PF.IntUser\PDD 31-12-2024.IntPrj\Network Model.IntPrjfolder\Network Data.IntPrjfolder\CENTRAL 138 kV.ElmNet\Timbeque 2.ElmSite\ZTIM2E.ElmSubstat\R2.ElmTerm\Cub_1.StaCubic\ZTIM2E_ZCNPEE-L1-7SA6.ElmRelay\Distance Polygonal.ElmRelay\Z4.RelDispoly,1,DISTRITO NACIONAL,CENTRAL,CENTRAL 138 kV,ZTIM2E,Z4
Z5,\VM-PF.IntUser\PDD 31-12-2024.IntPrj\Network Model.IntPrjfolder\Network Data.IntPrjfolder\CENTRAL 138 kV.ElmNet\Timbeque 2.ElmSite\ZTIM2E.ElmSubstat\R2.ElmTerm\Cub_1.StaCubic\ZTIM2E_ZCNPEE-L1-7SA6.ElmRelay\Distance Polygonal.ElmRelay\Z5.RelDispoly,1,DISTRITO NACIONAL,CENTRAL,CENTRAL 138 kV,ZTIM2E,Z5
Z1,\VM-PF.IntUser\PDD 31-12-2024.IntPrj\Network Model.IntPrjfolder\Network Data.IntPrjfolder\CENTRAL 138 kV.ElmNet\Palamara.ElmSite\ZPALAE.ElmSubstat\1.ElmTerm\Cub_1.StaCubic\ZPALAE_ZBON2E-L1-7SA6.ElmRelay\Distance Polygonal.ElmRelay\Z1.RelDispoly,1,SANTO DOMINGO,CENTRAL,CENTRAL 138 kV,ZPALAE,Z1
Z1b,\VM-PF.IntUser\PDD 31-12-2024.IntPrj\Network Model.IntPrjfolder\Network Data.IntPrjfolder\CENTRAL 138 kV.ElmNet\Palamara.ElmSite\ZPALAE.ElmSubstat\1.ElmTerm\Cub_1.StaCubic\ZPALAE_ZBON2E-L1-7SA6.ElmRelay\Distance Polygonal.ElmRelay\Z1b.RelDispoly,1,SANTO DOMINGO,CENTRAL,CENTRAL 138 kV,ZPALAE,Z1b
Z2,\VM-PF.IntUser\PDD 31-12-2024.IntPrj\Network Model.IntPrjfolder\Network Data.IntPrjfolder\CENTRAL 138 kV.ElmNet\Palamara.ElmSite\ZPALAE.ElmSubstat\1.ElmTerm\Cub_1.StaCubic\ZPALAE_ZBON2E-L1-7SA6.ElmRelay\Distance Polygonal.ElmRelay\Z2.RelDispoly,1,SANTO DOMINGO,CENTRAL,CENTRAL 138 kV,ZPALAE,Z2
Z3,\VM-PF.IntUser\PDD 31-12-2024.IntPrj\Network Model.IntPrjfolder\Network Data.IntPrjfolder\CENTRAL 138 kV.ElmNet\Palamara.ElmSite\ZPALAE.ElmSubstat\1.ElmTerm\Cub_1.StaCubic\ZPALAE_ZBON2E-L1-7SA6.ElmRelay\Distance Polygonal.ElmRelay\Z3.RelDispoly,1,SANTO DOMINGO,CENTRAL,CENTRAL 138 kV,ZPALAE,Z3
Z4,\VM-PF.IntUser\PDD 31-12-2024.IntPrj\Network Model.IntPrjfolder\Network Data.IntPrjfolder\CENTRAL 138 kV.ElmNet\Palamara.ElmSite\ZPALAE.ElmSubstat\1.ElmTerm\Cub_1.StaCubic\ZPALAE_ZBON2E-L1-7SA6.ElmRelay\Distance Polygonal.ElmRelay\Z4.RelDispoly,1,SANTO DOMINGO,CENTRAL,CENTRAL 138 kV,ZPALAE,Z4
Z5,\VM-PF.IntUser\PDD 31-12-2024.IntPrj\Network Model.IntPrjfolder\Network Data.IntPrjfolder\CENTRAL 138 kV.ElmNet\Palamara.ElmSite\ZPALAE.ElmSubstat\1.ElmTerm\Cub_1.StaCubic\ZPALAE_ZBON2E-L1-7SA6.ElmRelay\Distance Polygonal.ElmRelay\Z5.RelDispoly,1,SANTO DOMINGO,CENTRAL,CENTRAL 138 kV,ZPALAE,Z5
Z1,\VM-PF.IntUser\PDD 31-12-2024.IntPrj\Network Model.IntPrjfolder\Network Data.IntPrjfolder\CENTRAL 138 kV.ElmNet\Palamara.ElmSite\ZPALAE.ElmSubstat\2.ElmTerm\Cub_1.StaCubic\ZPALAE_ZBON2E-L2-7SA6.ElmRelay\Distance Polygonal.ElmRelay\Z1.RelDispoly,1,SANTO DOMINGO,CENTRAL,CENTRAL 138 kV,ZPALAE,Z1
Z1b,\VM-PF.IntUser\PDD 31-12-2024.IntPrj\Network Model.IntPrjfolder\Network Data.IntPrjfolder\CENTRAL 138 kV.ElmNet\Palamara.ElmSite\ZPALAE.ElmSubstat\2.ElmTerm\Cub_1.StaCubic\ZPALAE_ZBON2E-L2-7SA6.ElmRelay\Distance Polygonal.ElmRelay\Z1b.RelDispoly,1,SANTO DOMINGO,CENTRAL,CENTRAL 138 kV,ZPALAE,Z1b
Z2,\VM-PF.IntUser\PDD 31-12-2024.IntPrj\Network Model.IntPrjfolder\Network Data.IntPrjfolder\CENTRAL 138 kV.ElmNet\Palamara.ElmSite\ZPALAE.ElmSubstat\2.ElmTerm\Cub_1.StaCubic\ZPALAE_ZBON2E-L2-7SA6.ElmRelay\Distance Polygonal.ElmRelay\Z2.RelDispoly,1,SANTO DOMINGO,CENTRAL,CENTRAL 138 kV,ZPALAE,Z2
Z3,\VM-PF.IntUser\PDD 31-12-2024.IntPrj\Network Model.IntPrjfolder\Network Data.IntPrjfolder\CENTRAL 138 kV.ElmNet\Palamara.ElmSite\ZPALAE.ElmSubstat\2.ElmTerm\Cub_1.StaCubic\ZPALAE_ZBON2E-L2-7SA6.ElmRelay\Distance Polygonal.ElmRelay\Z3.RelDispoly,1,SANTO DOMINGO,CENTRAL,CENTRAL 138 kV,ZPALAE,Z3
Z4,\VM-PF.IntUser\PDD 31-12-2024.IntPrj\Network Model.IntPrjfolder\Network Data.IntPrjfolder\CENTRAL 138 kV.ElmNet\Palamara.ElmSite\ZPALAE.ElmSubstat\2.ElmTerm\Cub_1.StaCubic\ZPALAE_ZBON2E-L2-7SA6.ElmRelay\Distance Polygonal.ElmRelay\Z4.RelDispoly,1,SANTO DOMINGO,CENTRAL,CENTRAL 138 kV,ZPALAE,Z4
Z5,\VM-PF.IntUser\PDD 31-12-2024.IntPrj\Network Model.IntPrjfolder\Network Data.IntPrjfolder\CENTRAL 138 kV.ElmNet\Palamara.ElmSite\ZPALAE.ElmSubstat\2.ElmTerm\Cub_1.StaCubic\ZPALAE_ZBON2E-L2-7SA6.ElmRelay\Distance Polygonal.ElmRelay\Z5.RelDispoly,1,SANTO DOMINGO,CENTRAL,CENTRAL 138 kV,ZPALAE,Z5
Z1,\VM-PF.IntUser\PDD 31-12-2024.IntPrj\Network Model.IntPrjfolder\Network Data.IntPrjfolder\CENTRAL 138 kV.ElmNet\Palamara.ElmSite\ZPALAE.ElmSubstat\3.ElmTerm\Cub_1.StaCubic\ZPAL1E_ZJSA2E-L2-7SA522.ElmRelay\Z1.RelDispoly,1,SANTO DOMINGO,CENTRAL,CENTRAL 138 kV,ZPALAE,Z1
Z1b,\VM-PF.IntUser\PDD 31-12-2024.IntPrj\Network Model.IntPrjfolder\Network Data.IntPrjfolder\CENTRAL 138 kV.ElmNet\Palamara.ElmSite\ZPALAE.ElmSubstat\3.ElmTerm\Cub_1.StaCubic\ZPAL1E_ZJSA2E-L2-7SA522.ElmRelay\Z1b.RelDispoly,1,SANTO DOMINGO,CENTRAL,CENTRAL 138 kV,ZPALAE,Z1b
Z2,\VM-PF.IntUser\PDD 31-12-2024.IntPrj\Network Model.IntPrjfolder\Network Data.IntPrjfolder\CENTRAL 138 kV.ElmNet\Palamara.ElmSite\ZPALAE.ElmSubstat\3.ElmTerm\Cub_1.StaCubic\ZPAL1E_ZJSA2E-L2-7SA522.ElmRelay\Z2.RelDispoly,1,SANTO DOMINGO,CENTRAL,CENTRAL 138 kV,ZPALAE,Z2
Z3,\VM-PF.IntUser\PDD 31-12-2024.IntPrj\Network Model.IntPrjfolder\Network Data.IntPrjfolder\CENTRAL 138 kV.ElmNet\Palamara.ElmSite\ZPALAE.ElmSubstat\3.ElmTerm\Cub_1.StaCubic\ZPAL1E_ZJSA2E-L2-7SA522.ElmRelay\Z3.RelDispoly,1,SANTO DOMINGO,CENTRAL,CENTRAL 138 kV,ZPALAE,Z3
Z4,\VM-PF.IntUser\PDD 31-12-2024.IntPrj\Network Model.IntPrjfolder\Network Data.IntPrjfolder\CENTRAL 138 kV.ElmNet\Palamara.ElmSite\ZPALAE.ElmSubstat\3.ElmTerm\Cub_1.StaCubic\ZPAL1E_ZJSA2E-L2-7SA522.ElmRelay\Z4.RelDispoly,1,SANTO DOMINGO,CENTRAL,CENTRAL 138 kV,ZPALAE,Z4
Z5,\VM-PF.IntUser\PDD 31-12-2024.IntPrj\Network Model.IntPrjfolder\Network Data.IntPrjfolder\CENTRAL 138 kV.ElmNet\Palamara.ElmSite\ZPALAE.ElmSubstat\3.ElmTerm\Cub_1.StaCubic\ZPAL1E_ZJSA2E-L2-7SA522.ElmRelay\Z5.RelDispoly,1,SANTO DOMINGO,CENTRAL,CENTRAL 138 kV,ZPALAE,Z5
PPOL poly,\VM-PF.IntUser\PDD 31-12-2024.IntPrj\Network Model.IntPrjfolder\Network Data.IntPrjfolder\CENTRAL 138 kV.ElmNet\Palamara.ElmSite\ZPALAE.ElmSubstat\3.ElmTerm\Cub_1.StaCubic\ZPAL1E_ZJSA2E-L2-7SA522.ElmRelay\PPOL poly.RelDispoly,1,SANTO DOMINGO,CENTRAL,CENTRAL 138 kV,ZPALAE,PPOL poly
Z1,\VM-PF.IntUser\PDD 31-12-2024.IntPrj\Network Model.IntPrjfolder\Network Data.IntPrjfolder\CENTRAL 138 kV.ElmNet\Palamara.ElmSite\ZPALAE.ElmSubstat\4.ElmTerm\Cub_1.StaCubic\ZPAL1E_ZJSA2E-L1-7SA522.ElmRelay\Z1.RelDispoly,1,SANTO DOMINGO,CENTRAL,CENTRAL 138 kV,ZPALAE,Z1
Z1b,\VM-PF.IntUser\PDD 31-12-2024.IntPrj\Network Model.IntPrjfolder\Network Data.IntPrjfolder\CENTRAL 138 kV.ElmNet\Palamara.ElmSite\ZPALAE.ElmSubstat\4.ElmTerm\Cub_1.StaCubic\ZPAL1E_ZJSA2E-L1-7SA522.ElmRelay\Z1b.RelDispoly,1,SANTO DOMINGO,CENTRAL,CENTRAL 138 kV,ZPALAE,Z1b
Z2,\VM-PF.IntUser\PDD 31-12-2024.IntPrj\Network Model.IntPrjfolder\Network Data.IntPrjfolder\CENTRAL 138 kV.ElmNet\Palamara.ElmSite\ZPALAE.ElmSubstat\4.ElmTerm\Cub_1.StaCubic\ZPAL1E_ZJSA2E-L1-7SA522.ElmRelay\Z2.RelDispoly,1,SANTO DOMINGO,CENTRAL,CENTRAL 138 kV,ZPALAE,Z2
Z3,\VM-PF.IntUser\PDD 31-12-2024.IntPrj\Network Model.IntPrjfolder\Network Data.IntPrjfolder\CENTRAL 138 kV.ElmNet\Palamara.ElmSite\ZPALAE.ElmSubstat\4.ElmTerm\Cub_1.StaCubic\ZPAL1E_ZJSA2E-L1-7SA522.ElmRelay\Z3.RelDispoly,1,SANTO DOMINGO,CENTRAL,CENTRAL 138 kV,ZPALAE,Z3
Z4,\VM-PF.IntUser\PDD 31-12-2024.IntPrj\Network Model.IntPrjfolder\Network Data.IntPrjfolder\CENTRAL 138 kV.ElmNet\Palamara.ElmSite\ZPALAE.ElmSubstat\4.ElmTerm\Cub_1.StaCubic\ZPAL1E_ZJSA2E-L1-7SA522.ElmRelay\Z4.RelDispoly,1,SANTO DOMINGO,CENTRAL,CENTRAL 138 kV,ZPALAE,Z4
Z5,\VM-PF.IntUser\PDD 31-12-2024.IntPrj\Network Model.IntPrjfolder\Network Data.IntPrjfolder\CENTRAL 138 kV.ElmNet\Palamara.ElmSite\ZPALAE.ElmSubstat\4.ElmTerm\Cub_1.StaCubic\ZPAL1E_ZJSA2E-L1-7SA522.ElmRelay\Z5.RelDispoly,1,SANTO DOMINGO,CENTRAL,CENTRAL 138 kV,ZPALAE,Z5
PPOL poly,\VM-PF.IntUser\PDD 31-12-2024.IntPrj\Network Model.IntPrjfolder\Network Data.IntPrjfolder\CENTRAL 138 kV.ElmNet\Palamara.ElmSite\ZPALAE.ElmSubstat\4.ElmTerm\Cub_1.StaCubic\ZPAL1E_ZJSA2E-L1-7SA522.ElmRelay\PPOL poly.RelDispoly,1,SANTO DOMINGO,CENTRAL,CENTRAL 138 kV,ZPALAE,PPOL poly
Z1,\VM-PF.IntUser\PDD 31-12-2024.IntPrj\Network Model.IntPrjfolder\Network Data.IntPrjfolder\CENTRAL 138 kV.ElmNet\Palamara.ElmSite\ZPALAE.ElmSubstat\5.ElmTerm\Cub_1.StaCubic\ZPALAE_ZVMELE-L1-7SA611.ElmRelay\Distance Polygonal.ElmRelay\Z1.RelDispoly,1,SANTO DOMINGO,CENTRAL,CENTRAL 138 kV,ZPALAE,Z1
Z1b,\VM-PF.IntUser\PDD 31-12-2024.IntPrj\Network Model.IntPrjfolder\Network Data.IntPrjfolder\CENTRAL 138 kV.ElmNet\Palamara.ElmSite\ZPALAE.ElmSubstat\5.ElmTerm\Cub_1.StaCubic\ZPALAE_ZVMELE-L1-7SA611.ElmRelay\Distance Polygonal.ElmRelay\Z1b.RelDispoly,1,SANTO DOMINGO,CENTRAL,CENTRAL 138 kV,ZPALAE,Z1b
Z2,\VM-PF.IntUser\PDD 31-12-2024.IntPrj\Network Model.IntPrjfolder\Network Data.IntPrjfolder\CENTRAL 138 kV.ElmNet\Palamara.ElmSite\ZPALAE.ElmSubstat\5.ElmTerm\Cub_1.StaCubic\ZPALAE_ZVMELE-L1-7SA611.ElmRelay\Distance Polygonal.ElmRelay\Z2.RelDispoly,1,SANTO DOMINGO,CENTRAL,CENTRAL 138 kV,ZPALAE,Z2
Z3,\VM-PF.IntUser\PDD 31-12-2024.IntPrj\Network Model.IntPrjfolder\Network Data.IntPrjfolder\CENTRAL 138 kV.ElmNet\Palamara.ElmSite\ZPALAE.ElmSubstat\5.ElmTerm\Cub_1.StaCubic\ZPALAE_ZVMELE-L1-7SA611.ElmRelay\Distance Polygonal.ElmRelay\Z3.RelDispoly,1,SANTO DOMINGO,CENTRAL,CENTRAL 138 kV,ZPALAE,Z3
Z4,\VM-PF.IntUser\PDD 31-12-2024.IntPrj\Network Model.IntPrjfolder\Network Data.IntPrjfolder\CENTRAL 138 kV.ElmNet\Palamara.ElmSite\ZPALAE.ElmSubstat\5.ElmTerm\Cub_1.StaCubic\ZPALAE_ZVMELE-L1-7SA611.ElmRelay\Distance Polygonal.ElmRelay\Z4.RelDispoly,1,SANTO DOMINGO,CENTRAL,CENTRAL 138 kV,ZPALAE,Z4
Z5,\VM-PF.IntUser\PDD 31-12-2024.IntPrj\Network Model.IntPrjfolder\Network Data.IntPrjfolder\CENTRAL 138 kV.ElmNet\Palamara.ElmSite\ZPALAE.ElmSubstat\5.ElmTerm\Cub_1.StaCubic\ZPALAE_ZVMELE-L1-7SA611.ElmRelay\Distance Polygonal.ElmRelay\Z5.RelDispoly,1,SANTO DOMINGO,CENTRAL,CENTRAL 138 kV,ZPALAE,Z5
Z1,\VM-PF.IntUser\PDD 31-12-2024.IntPrj\Network Model.IntPrjfolder\Network Data.IntPrjfolder\CENTRAL 138 kV.ElmNet\Palamara.ElmSite\ZPALAE.ElmSubstat\6.ElmTerm\Cub_1.StaCubic\ZPALAE_ZHNS2E-L1-7SA611.ElmRelay\Distance Polygonal.ElmRelay\Z1.RelDispoly,1,SANTO DOMINGO,CENTRAL,CENTRAL 138 kV,ZPALAE,Z1
Z1b,\VM-PF.IntUser\PDD 31-12-2024.IntPrj\Network Model.IntPrjfolder\Network Data.IntPrjfolder\CENTRAL 138 kV.ElmNet\Palamara.ElmSite\ZPALAE.ElmSubstat\6.ElmTerm\Cub_1.StaCubic\ZPALAE_ZHNS2E-L1-7SA611.ElmRelay\Distance Polygonal.ElmRelay\Z1b.RelDispoly,1,SANTO DOMINGO,CENTRAL,CENTRAL 138 kV,ZPALAE,Z1b
Z2,\VM-PF.IntUser\PDD 31-12-2024.IntPrj\Network Model.IntPrjfolder\Network Data.IntPrjfolder\CENTRAL 138 kV.ElmNet\Palamara.ElmSite\ZPALAE.ElmSubstat\6.ElmTerm\Cub_1.StaCubic\ZPALAE_ZHNS2E-L1-7SA611.ElmRelay\Distance Polygonal.ElmRelay\Z2.RelDispoly,1,SANTO DOMINGO,CENTRAL,CENTRAL 138 kV,ZPALAE,Z2
Z3,\VM-PF.IntUser\PDD 31-12-2024.IntPrj\Network Model.IntPrjfolder\Network Data.IntPrjfolder\CENTRAL 138 kV.ElmNet\Palamara.ElmSite\ZPALAE.ElmSubstat\6.ElmTerm\Cub_1.StaCubic\ZPALAE_ZHNS2E-L1-7SA611.ElmRelay\Distance Polygonal.ElmRelay\Z3.RelDispoly,1,SANTO DOMINGO,CENTRAL,CENTRAL 138 kV,ZPALAE,Z3
Z4,\VM-PF.IntUser\PDD 31-12-2024.IntPrj\Network Model.IntPrjfolder\Network Data.IntPrjfolder\CENTRAL 138 kV.ElmNet\Palamara.ElmSite\ZPALAE.ElmSubstat\6.ElmTerm\Cub_1.StaCubic\ZPALAE_ZHNS2E-L1-7SA611.ElmRelay\Distance Polygonal.ElmRelay\Z4.RelDispoly,1,SANTO DOMINGO,CENTRAL,CENTRAL 138 kV,ZPALAE,Z4
Z5,\VM-PF.IntUser\PDD 31-12-2024.IntPrj\Network Model.IntPrjfolder\Network Data.IntPrjfolder\CENTRAL 138 kV.ElmNet\Palamara.ElmSite\ZPALAE.ElmSubstat\6.ElmTerm\Cub_1.StaCubic\ZPALAE_ZHNS2E-L1-7SA611.ElmRelay\Distance Polygonal.ElmRelay\Z5.RelDispoly,1,SANTO DOMINGO,CENTRAL,CENTRAL 138 kV,ZPALAE,Z5
Z1,\VM-PF.IntUser\PDD 31-12-2024.IntPrj\Network Model.IntPrjfolder\Network Data.IntPrjfolder\CENTRAL 138 kV.ElmNet\Palamara.ElmSite\ZPALAE.ElmSubstat\7.ElmTerm\Cub_1.StaCubic\ZPALAE_ZAHO1E-L1-7SA522.ElmRelay\Z1.RelDispoly,1,SANTO DOMINGO,CENTRAL,CENTRAL 138 kV,ZPALAE,Z1
Z1b,\VM-PF.IntUser\PDD 31-12-2024.IntPrj\Network Model.IntPrjfolder\Network Data.IntPrjfolder\CENTRAL 138 kV.ElmNet\Palamara.ElmSite\ZPALAE.ElmSubstat\7.ElmTerm\Cub_1.StaCubic\ZPALAE_ZAHO1E-L1-7SA522.ElmRelay\Z1b.RelDispoly,1,SANTO DOMINGO,CENTRAL,CENTRAL 138 kV,ZPALAE,Z1b
Z2,\VM-PF.IntUser\PDD 31-12-2024.IntPrj\Network Model.IntPrjfolder\Network Data.IntPrjfolder\CENTRAL 138 kV.ElmNet\Palamara.ElmSite\ZPALAE.ElmSubstat\7.ElmTerm\Cub_1.StaCubic\ZPALAE_ZAHO1E-L1-7SA522.ElmRelay\Z2.RelDispoly,1,SANTO DOMINGO,CENTRAL,CENTRAL 138 kV,ZPALAE,Z2
Z3,\VM-PF.IntUser\PDD 31-12-2024.IntPrj\Network Model.IntPrjfolder\Network Data.IntPrjfolder\CENTRAL 138 kV.ElmNet\Palamara.ElmSite\ZPALAE.ElmSubstat\7.ElmTerm\Cub_1.StaCubic\ZPALAE_ZAHO1E-L1-7SA522.ElmRelay\Z3.RelDispoly,1,SANTO DOMINGO,CENTRAL,CENTRAL 138 kV,ZPALAE,Z3
Z4,\VM-PF.IntUser\PDD 31-12-2024.IntPrj\Network Model.IntPrjfolder\Network Data.IntPrjfolder\CENTRAL 138 kV.ElmNet\Palamara.ElmSite\ZPALAE.ElmSubstat\7.ElmTerm\Cub_1.StaCubic\ZPALAE_ZAHO1E-L1-7SA522.ElmRelay\Z4.RelDispoly,1,SANTO DOMINGO,CENTRAL,CENTRAL 138 kV,ZPALAE,Z4
Z5,\VM-PF.IntUser\PDD 31-12-2024.IntPrj\Network Model.IntPrjfolder\Network Data.IntPrjfolder\CENTRAL 138 kV.ElmNet\Palamara.ElmSite\ZPALAE.ElmSubstat\7.ElmTerm\Cub_1.StaCubic\ZPALAE_ZAHO1E-L1-7SA522.ElmRelay\Z5.RelDispoly,1,SANTO DOMINGO,CENTRAL,CENTRAL 138 kV,ZPALAE,Z5
PPOL Poly,\VM-PF.IntUser\PDD 31-12-2024.IntPrj\Network Model.IntPrjfolder\Network Data.IntPrjfolder\CENTRAL 138 kV.ElmNet\Palamara.ElmSite\ZPALAE.ElmSubstat\7.ElmTerm\Cub_1.StaCubic\ZPALAE_ZAHO1E-L1-7SA522.ElmRelay\PPOL Poly.RelDispoly,1,SANTO DOMINGO,CENTRAL,CENTRAL 138 kV,ZPALAE,PPOL Poly
Z1,\VM-PF.IntUser\PDD 31-12-2024.IntPrj\Network Model.IntPrjfolder\Network Data.IntPrjfolder\CENTRAL 138 kV.ElmNet\Palamara.ElmSite\ZPALAE.ElmSubstat\8.ElmTerm\Cub_1.StaCubic\ZPALAE_ZITABE-L1-7SA6.ElmRelay\Distance Polygonal.ElmRelay\Z1.RelDispoly,1,SANTO DOMINGO,CENTRAL,CENTRAL 138 kV,ZPALAE,Z1
Z1b,\VM-PF.IntUser\PDD 31-12-2024.IntPrj\Network Model.IntPrjfolder\Network Data.IntPrjfolder\CENTRAL 138 kV.ElmNet\Palamara.ElmSite\ZPALAE.ElmSubstat\8.ElmTerm\Cub_1.StaCubic\ZPALAE_ZITABE-L1-7SA6.ElmRelay\Distance Polygonal.ElmRelay\Z1b.RelDispoly,1,SANTO DOMINGO,CENTRAL,CENTRAL 138 kV,ZPALAE,Z1b
Z2,\VM-PF.IntUser\PDD 31-12-2024.IntPrj\Network Model.IntPrjfolder\Network Data.IntPrjfolder\CENTRAL 138 kV.ElmNet\Palamara.ElmSite\ZPALAE.ElmSubstat\8.ElmTerm\Cub_1.StaCubic\ZPALAE_ZITABE-L1-7SA6.ElmRelay\Distance Polygonal.ElmRelay\Z2.RelDispoly,1,SANTO DOMINGO,CENTRAL,CENTRAL 138 kV,ZPALAE,Z2
Z3,\VM-PF.IntUser\PDD 31-12-2024.IntPrj\Network Model.IntPrjfolder\Network Data.IntPrjfolder\CENTRAL 138 kV.ElmNet\Palamara.ElmSite\ZPALAE.ElmSubstat\8.ElmTerm\Cub_1.StaCubic\ZPALAE_ZITABE-L1-7SA6.ElmRelay\Distance Polygonal.ElmRelay\Z3.RelDispoly,1,SANTO DOMINGO,CENTRAL,CENTRAL 138 kV,ZPALAE,Z3
Z4,\VM-PF.IntUser\PDD 31-12-2024.IntPrj\Network Model.IntPrjfolder\Network Data.IntPrjfolder\CENTRAL 138 kV.ElmNet\Palamara.ElmSite\ZPALAE.ElmSubstat\8.ElmTerm\Cub_1.StaCubic\ZPALAE_ZITABE-L1-7SA6.ElmRelay\Distance Polygonal.ElmRelay\Z4.RelDispoly,1,SANTO DOMINGO,CENTRAL,CENTRAL 138 kV,ZPALAE,Z4
Z5,\VM-PF.IntUser\PDD 31-12-2024.IntPrj\Network Model.IntPrjfolder\Network Data.IntPrjfolder\CENTRAL 138 kV.ElmNet\Palamara.ElmSite\ZPALAE.ElmSubstat\8.ElmTerm\Cub_1.StaCubic\ZPALAE_ZITABE-L1-7SA6.ElmRelay\Distance Polygonal.ElmRelay\Z5.RelDispoly,1,SANTO DOMINGO,CENTRAL,CENTRAL 138 kV,ZPALAE,Z5
Z1,\VM-PF.IntUser\PDD 31-12-2024.IntPrj\Network Model.IntPrjfolder\Network Data.IntPrjfolder\CENTRAL 138 kV.ElmNet\Palamara.ElmSite\ZPALAE.ElmSubstat\11.ElmTerm\Cub_1.StaCubic\ZPALAE_ZSCNOE-L1-7SA6.ElmRelay\Distance Polygonal.ElmRelay\Z1.RelDispoly,1,SANTO DOMINGO,CENTRAL,CENTRAL 138 kV,ZPALAE,Z1
Z1b,\VM-PF.IntUser\PDD 31-12-2024.IntPrj\Network Model.IntPrjfolder\Network Data.IntPrjfolder\CENTRAL 138 kV.ElmNet\Palamara.ElmSite\ZPALAE.ElmSubstat\11.ElmTerm\Cub_1.StaCubic\ZPALAE_ZSCNOE-L1-7SA6.ElmRelay\Distance Polygonal.ElmRelay\Z1b.RelDispoly,1,SANTO DOMINGO,CENTRAL,CENTRAL 138 kV,ZPALAE,Z1b
Z2,\VM-PF.IntUser\PDD 31-12-2024.IntPrj\Network Model.IntPrjfolder\Network Data.IntPrjfolder\CENTRAL 138 kV.ElmNet\Palamara.ElmSite\ZPALAE.ElmSubstat\11.ElmTerm\Cub_1.StaCubic\ZPALAE_ZSCNOE-L1-7SA6.ElmRelay\Distance Polygonal.ElmRelay\Z2.RelDispoly,1,SANTO DOMINGO,CENTRAL,CENTRAL 138 kV,ZPALAE,Z2
Z3,\VM-PF.IntUser\PDD 31-12-2024.IntPrj\Network Model.IntPrjfolder\Network Data.IntPrjfolder\CENTRAL 138 kV.ElmNet\Palamara.ElmSite\ZPALAE.ElmSubstat\11.ElmTerm\Cub_1.StaCubic\ZPALAE_ZSCNOE-L1-7SA6.ElmRelay\Distance Polygonal.ElmRelay\Z3.RelDispoly,1,SANTO DOMINGO,CENTRAL,CENTRAL 138 kV,ZPALAE,Z3
Z4,\VM-PF.IntUser\PDD 31-12-2024.IntPrj\Network Model.IntPrjfolder\Network Data.IntPrjfolder\CENTRAL 138 kV.ElmNet\Palamara.ElmSite\ZPALAE.ElmSubstat\11.ElmTerm\Cub_1.StaCubic\ZPALAE_ZSCNOE-L1-7SA6.ElmRelay\Distance Polygonal.ElmRelay\Z4.RelDispoly,1,SANTO DOMINGO,CENTRAL,CENTRAL 138 kV,ZPALAE,Z4
Z5,\VM-PF.IntUser\PDD 31-12-2024.IntPrj\Network Model.IntPrjfolder\Network Data.IntPrjfolder\CENTRAL 138 kV.ElmNet\Palamara.ElmSite\ZPALAE.ElmSubstat\11.ElmTerm\Cub_1.StaCubic\ZPALAE_ZSCNOE-L1-7SA6.ElmRelay\Distance Polygonal.ElmRelay\Z5.RelDispoly,1,SANTO DOMINGO,CENTRAL,CENTRAL 138 kV,ZPALAE,Z5
Z1,\VM-PF.IntUser\PDD 31-12-2024.IntPrj\Network Model.IntPrjfolder\Network Data.IntPrjfolder\CENTRAL 138 kV.ElmNet\Palamara.ElmSite\ZPALAE.ElmSubstat\12.ElmTerm\Cub_1.StaCubic\ZPALAE_ZVALDE-L1-7SA6.ElmRelay\Distance Polygonal.ElmRelay\Z1.RelDispoly,1,SANTO DOMINGO,CENTRAL,CENTRAL 138 kV,ZPALAE,Z1
Z1b,\VM-PF.IntUser\PDD 31-12-2024.IntPrj\Network Model.IntPrjfolder\Network Data.IntPrjfolder\CENTRAL 138 kV.ElmNet\Palamara.ElmSite\ZPALAE.ElmSubstat\12.ElmTerm\Cub_1.StaCubic\ZPALAE_ZVALDE-L1-7SA6.ElmRelay\Distance Polygonal.ElmRelay\Z1b.RelDispoly,1,SANTO DOMINGO,CENTRAL,CENTRAL 138 kV,ZPALAE,Z1b
Z2,\VM-PF.IntUser\PDD 31-12-2024.IntPrj\Network Model.IntPrjfolder\Network Data.IntPrjfolder\CENTRAL 138 kV.ElmNet\Palamara.ElmSite\ZPALAE.ElmSubstat\12.ElmTerm\Cub_1.StaCubic\ZPALAE_ZVALDE-L1-7SA6.ElmRelay\Distance Polygonal.ElmRelay\Z2.RelDispoly,1,SANTO DOMINGO,CENTRAL,CENTRAL 138 kV,ZPALAE,Z2
Z3,\VM-PF.IntUser\PDD 31-12-2024.IntPrj\Network Model.IntPrjfolder\Network Data.IntPrjfolder\CENTRAL 138 kV.ElmNet\Palamara.ElmSite\ZPALAE.ElmSubstat\12.ElmTerm\Cub_1.StaCubic\ZPALAE_ZVALDE-L1-7SA6.ElmRelay\Distance Polygonal.ElmRelay\Z3.RelDispoly,1,SANTO DOMINGO,CENTRAL,CENTRAL 138 kV,ZPALAE,Z3
Z4,\VM-PF.IntUser\PDD 31-12-2024.IntPrj\Network Model.IntPrjfolder\Network Data.IntPrjfolder\CENTRAL 138 kV.ElmNet\Palamara.ElmSite\ZPALAE.ElmSubstat\12.ElmTerm\Cub_1.StaCubic\ZPALAE_ZVALDE-L1-7SA6.ElmRelay\Distance Polygonal.ElmRelay\Z4.RelDispoly,1,SANTO DOMINGO,CENTRAL,CENTRAL 138 kV,ZPALAE,Z4
Z5,\VM-PF.IntUser\PDD 31-12-2024.IntPrj\Network Model.IntPrjfolder\Network Data.IntPrjfolder\CENTRAL 138 kV.ElmNet\Palamara.ElmSite\ZPALAE.ElmSubstat\12.ElmTerm\Cub_1.StaCubic\ZPALAE_ZVALDE-L1-7SA6.ElmRelay\Distance Polygonal.ElmRelay\Z5.RelDispoly,1,SANTO DOMINGO,CENTRAL,CENTRAL 138 kV,ZPALAE,Z5
Z1,\VM-PF.IntUser\PDD 31-12-2024.IntPrj\Network Model.IntPrjfolder\Network Data.IntPrjfolder\CENTRAL 138 kV.ElmNet\ZLMINE.ElmSubstat\R2.ElmTerm\Cub_1.StaCubic\ZLMINE_ZVDUAE-L1-7SA6.ElmRelay\Distance Polygonal.ElmRelay\Z1.RelDispoly,1,SANTO DOMINGO,CENTRAL,CENTRAL 138 kV,ZLMINE,Z1
Z1b,\VM-PF.IntUser\PDD 31-12-2024.IntPrj\Network Model.IntPrjfolder\Network Data.IntPrjfolder\CENTRAL 138 kV.ElmNet\ZLMINE.ElmSubstat\R2.ElmTerm\Cub_1.StaCubic\ZLMINE_ZVDUAE-L1-7SA6.ElmRelay\Distance Polygonal.ElmRelay\Z1b.RelDispoly,1,SANTO DOMINGO,CENTRAL,CENTRAL 138 kV,ZLMINE,Z1b
Z2,\VM-PF.IntUser\PDD 31-12-2024.IntPrj\Network Model.IntPrjfolder\Network Data.IntPrjfolder\CENTRAL 138 kV.ElmNet\ZLMINE.ElmSubstat\R2.ElmTerm\Cub_1.StaCubic\ZLMINE_ZVDUAE-L1-7SA6.ElmRelay\Distance Polygonal.ElmRelay\Z2.RelDispoly,1,SANTO DOMINGO,CENTRAL,CENTRAL 138 kV,ZLMINE,Z2
Z3,\VM-PF.IntUser\PDD 31-12-2024.IntPrj\Network Model.IntPrjfolder\Network Data.IntPrjfolder\CENTRAL 138 kV.ElmNet\ZLMINE.ElmSubstat\R2.ElmTerm\Cub_1.StaCubic\ZLMINE_ZVDUAE-L1-7SA6.ElmRelay\Distance Polygonal.ElmRelay\Z3.RelDispoly,1,SANTO DOMINGO,CENTRAL,CENTRAL 138 kV,ZLMINE,Z3
Z4,\VM-PF.IntUser\PDD 31-12-2024.IntPrj\Network Model.IntPrjfolder\Network Data.IntPrjfolder\CENTRAL 138 kV.ElmNet\ZLMINE.ElmSubstat\R2.ElmTerm\Cub_1.StaCubic\ZLMINE_ZVDUAE-L1-7SA6.ElmRelay\Distance Polygonal.ElmRelay\Z4.RelDispoly,1,SANTO DOMINGO,CENTRAL,CENTRAL 138 kV,ZLMINE,Z4
Z5,\VM-PF.IntUser\PDD 31-12-2024.IntPrj\Network Model.IntPrjfolder\Network Data.IntPrjfolder\CENTRAL 138 kV.ElmNet\ZLMINE.ElmSubstat\R2.ElmTerm\Cub_1.StaCubic\ZLMINE_ZVDUAE-L1-7SA6.ElmRelay\Distance Polygonal.ElmRelay\Z5.RelDispoly,1,SANTO DOMINGO,CENTRAL,CENTRAL 138 kV,ZLMINE,Z5
Z1,\VM-PF.IntUser\PDD 31-12-2024.IntPrj\Network Model.IntPrjfolder\Network Data.IntPrjfolder\CENTRAL 138 kV.ElmNet\ZLMINE.ElmSubstat\L1.ElmTerm\Cub_1.StaCubic\ZLMINE_ZHNSAE-L3-7SD52.ElmRelay\Distance/Overcurrent/Voltage.ElmRelay\Z1.RelDispoly,1,SANTO DOMINGO,CENTRAL,CENTRAL 138 kV,ZLMINE,Z1
Z1b,\VM-PF.IntUser\PDD 31-12-2024.IntPrj\Network Model.IntPrjfolder\Network Data.IntPrjfolder\CENTRAL 138 kV.ElmNet\ZLMINE.ElmSubstat\L1.ElmTerm\Cub_1.StaCubic\ZLMINE_ZHNSAE-L3-7SD52.ElmRelay\Distance/Overcurrent/Voltage.ElmRelay\Z1b.RelDispoly,1,SANTO DOMINGO,CENTRAL,CENTRAL 138 kV,ZLMINE,Z1b
Z2,\VM-PF.IntUser\PDD 31-12-2024.IntPrj\Network Model.IntPrjfolder\Network Data.IntPrjfolder\CENTRAL 138 kV.ElmNet\ZLMINE.ElmSubstat\L1.ElmTerm\Cub_1.StaCubic\ZLMINE_ZHNSAE-L3-7SD52.ElmRelay\Distance/Overcurrent/Voltage.ElmRelay\Z2.RelDispoly,1,SANTO DOMINGO,CENTRAL,CENTRAL 138 kV,ZLMINE,Z2
Z3,\VM-PF.IntUser\PDD 31-12-2024.IntPrj\Network Model.IntPrjfolder\Network Data.IntPrjfolder\CENTRAL 138 kV.ElmNet\ZLMINE.ElmSubstat\L1.ElmTerm\Cub_1.StaCubic\ZLMINE_ZHNSAE-L3-7SD52.ElmRelay\Distance/Overcurrent/Voltage.ElmRelay\Z3.RelDispoly,1,SANTO DOMINGO,CENTRAL,CENTRAL 138 kV,ZLMINE,Z3
Z4,\VM-PF.IntUser\PDD 31-12-2024.IntPrj\Network Model.IntPrjfolder\Network Data.IntPrjfolder\CENTRAL 138 kV.ElmNet\ZLMINE.ElmSubstat\L1.ElmTerm\Cub_1.StaCubic\ZLMINE_ZHNSAE-L3-7SD52.ElmRelay\Distance/Overcurrent/Voltage.ElmRelay\Z4.RelDispoly,1,SANTO DOMINGO,CENTRAL,CENTRAL 138 kV,ZLMINE,Z4
Z5,\VM-PF.IntUser\PDD 31-12-2024.IntPrj\Network Model.IntPrjfolder\Network Data.IntPrjfolder\CENTRAL 138 kV.ElmNet\ZLMINE.ElmSubstat\L1.ElmTerm\Cub_1.StaCubic\ZLMINE_ZHNSAE-L3-7SD52.ElmRelay\Distance/Overcurrent/Voltage.ElmRelay\Z5.RelDispoly,1,SANTO DOMINGO,CENTRAL,CENTRAL 138 kV,ZLMINE,Z5
PPOL poly,\VM-PF.IntUser\PDD 31-12-2024.IntPrj\Network Model.IntPrjfolder\Network Data.IntPrjfolder\CENTRAL 138 kV.ElmNet\ZLMINE.ElmSubstat\L1.ElmTerm\Cub_1.StaCubic\ZLMINE_ZHNSAE-L3-7SD52.ElmRelay\Distance/Overcurrent/Voltage.ElmRelay\PPOL poly.RelDispoly,1,SANTO DOMINGO,CENTRAL,CENTRAL 138 kV,ZLMINE,PPOL poly
Z1,\VM-PF.IntUser\PDD 31-12-2024.IntPrj\Network Model.IntPrjfolder\Network Data.IntPrjfolder\CENTRAL 138 kV.ElmNet\ZLMINE.ElmSubstat\L1.ElmTerm\Cub_1.StaCubic\ZLMINE_ZHNSAE-L3-7SA522.ElmRelay\Z1.RelDispoly,1,SANTO DOMINGO,CENTRAL,CENTRAL 138 kV,ZLMINE,Z1
Z1b,\VM-PF.IntUser\PDD 31-12-2024.IntPrj\Network Model.IntPrjfolder\Network Data.IntPrjfolder\CENTRAL 138 kV.ElmNet\ZLMINE.ElmSubstat\L1.ElmTerm\Cub_1.StaCubic\ZLMINE_ZHNSAE-L3-7SA522.ElmRelay\Z1b.RelDispoly,1,SANTO DOMINGO,CENTRAL,CENTRAL 138 kV,ZLMINE,Z1b
Z2,\VM-PF.IntUser\PDD 31-12-2024.IntPrj\Network Model.IntPrjfolder\Network Data.IntPrjfolder\CENTRAL 138 kV.ElmNet\ZLMINE.ElmSubstat\L1.ElmTerm\Cub_1.StaCubic\ZLMINE_ZHNSAE-L3-7SA522.ElmRelay\Z2.RelDispoly,1,SANTO DOMINGO,CENTRAL,CENTRAL 138 kV,ZLMINE,Z2
Z3,\VM-PF.IntUser\PDD 31-12-2024.IntPrj\Network Model.IntPrjfolder\Network Data.IntPrjfolder\CENTRAL 138 kV.ElmNet\ZLMINE.ElmSubstat\L1.ElmTerm\Cub_1.StaCubic\ZLMINE_ZHNSAE-L3-7SA522.ElmRelay\Z3.RelDispoly,1,SANTO DOMINGO,CENTRAL,CENTRAL 138 kV,ZLMINE,Z3
Z4,\VM-PF.IntUser\PDD 31-12-2024.IntPrj\Network Model.IntPrjfolder\Network Data.IntPrjfolder\CENTRAL 138 kV.ElmNet\ZLMINE.ElmSubstat\L1.ElmTerm\Cub_1.StaCubic\ZLMINE_ZHNSAE-L3-7SA522.ElmRelay\Z4.RelDispoly,1,SANTO DOMINGO,CENTRAL,CENTRAL 138 kV,ZLMINE,Z4
Z5,\VM-PF.IntUser\PDD 31-12-2024.IntPrj\Network Model.IntPrjfolder\Network Data.IntPrjfolder\CENTRAL 138 kV.ElmNet\ZLMINE.ElmSubstat\L1.ElmTerm\Cub_1.StaCubic\ZLMINE_ZHNSAE-L3-7SA522.ElmRelay\Z5.RelDispoly,1,SANTO DOMINGO,CENTRAL,CENTRAL 138 kV,ZLMINE,Z5
PPOL poly,\VM-PF.IntUser\PDD 31-12-2024.IntPrj\Network Model.IntPrjfolder\Network Data.IntPrjfolder\CENTRAL 138 kV.ElmNet\ZLMINE.ElmSubstat\L1.ElmTerm\Cub_1.StaCubic\ZLMINE_ZHNSAE-L3-7SA522.ElmRelay\PPOL poly.RelDispoly,1,SANTO DOMINGO,CENTRAL,CENTRAL 138 kV,ZLMINE,PPOL poly
Z1,\VM-PF.IntUser\PDD 31-12-2024.IntPrj\Network Model.IntPrjfolder\Network Data.IntPrjfolder\CENTRAL 138 kV.ElmNet\ZLMINE.ElmSubstat\R1.ElmTerm\Cub_1.StaCubic\ZLMINE_ZHNSAE-L2-7SD52.ElmRelay\Distance/Overcurrent/Voltage.ElmRelay\Z1.RelDispoly,1,SANTO DOMINGO,CENTRAL,CENTRAL 138 kV,ZLMINE,Z1
Z1b,\VM-PF.IntUser\PDD 31-12-2024.IntPrj\Network Model.IntPrjfolder\Network Data.IntPrjfolder\CENTRAL 138 kV.ElmNet\ZLMINE.ElmSubstat\R1.ElmTerm\Cub_1.StaCubic\ZLMINE_ZHNSAE-L2-7SD52.ElmRelay\Distance/Overcurrent/Voltage.ElmRelay\Z1b.RelDispoly,1,SANTO DOMINGO,CENTRAL,CENTRAL 138 kV,ZLMINE,Z1b
Z2,\VM-PF.IntUser\PDD 31-12-2024.IntPrj\Network Model.IntPrjfolder\Network Data.IntPrjfolder\CENTRAL 138 kV.ElmNet\ZLMINE.ElmSubstat\R1.ElmTerm\Cub_1.StaCubic\ZLMINE_ZHNSAE-L2-7SD52.ElmRelay\Distance/Overcurrent/Voltage.ElmRelay\Z2.RelDispoly,1,SANTO DOMINGO,CENTRAL,CENTRAL 138 kV,ZLMINE,Z2
Z3,\VM-PF.IntUser\PDD 31-12-2024.IntPrj\Network Model.IntPrjfolder\Network Data.IntPrjfolder\CENTRAL 138 kV.ElmNet\ZLMINE.ElmSubstat\R1.ElmTerm\Cub_1.StaCubic\ZLMINE_ZHNSAE-L2-7SD52.ElmRelay\Distance/Overcurrent/Voltage.ElmRelay\Z3.RelDispoly,1,SANTO DOMINGO,CENTRAL,CENTRAL 138 kV,ZLMINE,Z3
Z4,\VM-PF.IntUser\PDD 31-12-2024.IntPrj\Network Model.IntPrjfolder\Network Data.IntPrjfolder\CENTRAL 138 kV.ElmNet\ZLMINE.ElmSubstat\R1.ElmTerm\Cub_1.StaCubic\ZLMINE_ZHNSAE-L2-7SD52.ElmRelay\Distance/Overcurrent/Voltage.ElmRelay\Z4.RelDispoly,1,SANTO DOMINGO,CENTRAL,CENTRAL 138 kV,ZLMINE,Z4
Z5,\VM-PF.IntUser\PDD 31-12-2024.IntPrj\Network Model.IntPrjfolder\Network Data.IntPrjfolder\CENTRAL 138 kV.ElmNet\ZLMINE.ElmSubstat\R1.ElmTerm\Cub_1.StaCubic\ZLMINE_ZHNSAE-L2-7SD52.ElmRelay\Distance/Overcurrent/Voltage.ElmRelay\Z5.RelDispoly,1,SANTO DOMINGO,CENTRAL,CENTRAL 138 kV,ZLMINE,Z5
PPOL poly,\VM-PF.IntUser\PDD 31-12-2024.IntPrj\Network Model.IntPrjfolder\Network Data.IntPrjfolder\CENTRAL 138 kV.ElmNet\ZLMINE.ElmSubstat\R1.ElmTerm\Cub_1.StaCubic\ZLMINE_ZHNSAE-L2-7SD52.ElmRelay\Distance/Overcurrent/Voltage.ElmRelay\PPOL poly.RelDispoly,1,SANTO DOMINGO,CENTRAL,CENTRAL 138 kV,ZLMINE,PPOL poly
Z1,\VM-PF.IntUser\PDD 31-12-2024.IntPrj\Network Model.IntPrjfolder\Network Data.IntPrjfolder\CENTRAL 138 kV.ElmNet\ZLMINE.ElmSubstat\L5.ElmTerm\Cub_1.StaCubic\ZLM11E_ZLISAE-L1-7SA6.ElmRelay\Distance Polygonal.ElmRelay\Z1.RelDispoly,1,SANTO DOMINGO,CENTRAL,CENTRAL 138 kV,ZLMINE,Z1
Z1b,\VM-PF.IntUser\PDD 31-12-2024.IntPrj\Network Model.IntPrjfolder\Network Data.IntPrjfolder\CENTRAL 138 kV.ElmNet\ZLMINE.ElmSubstat\L5.ElmTerm\Cub_1.StaCubic\ZLM11E_ZLISAE-L1-7SA6.ElmRelay\Distance Polygonal.ElmRelay\Z1b.RelDispoly,1,SANTO DOMINGO,CENTRAL,CENTRAL 138 kV,ZLMINE,Z1b
Z2,\VM-PF.IntUser\PDD 31-12-2024.IntPrj\Network Model.IntPrjfolder\Network Data.IntPrjfolder\CENTRAL 138 kV.ElmNet\ZLMINE.ElmSubstat\L5.ElmTerm\Cub_1.StaCubic\ZLM11E_ZLISAE-L1-7SA6.ElmRelay\Distance Polygonal.ElmRelay\Z2.RelDispoly,1,SANTO DOMINGO,CENTRAL,CENTRAL 138 kV,ZLMINE,Z2
Z3,\VM-PF.IntUser\PDD 31-12-2024.IntPrj\Network Model.IntPrjfolder\Network Data.IntPrjfolder\CENTRAL 138 kV.ElmNet\ZLMINE.ElmSubstat\L5.ElmTerm\Cub_1.StaCubic\ZLM11E_ZLISAE-L1-7SA6.ElmRelay\Distance Polygonal.ElmRelay\Z3.RelDispoly,1,SANTO DOMINGO,CENTRAL,CENTRAL 138 kV,ZLMINE,Z3
Z4,\VM-PF.IntUser\PDD 31-12-2024.IntPrj\Network Model.IntPrjfolder\Network Data.IntPrjfolder\CENTRAL 138 kV.ElmNet\ZLMINE.ElmSubstat\L5.ElmTerm\Cub_1.StaCubic\ZLM11E_ZLISAE-L1-7SA6.ElmRelay\Distance Polygonal.ElmRelay\Z4.RelDispoly,1,SANTO DOMINGO,CENTRAL,CENTRAL 138 kV,ZLMINE,Z4
Z5,\VM-PF.IntUser\PDD 31-12-2024.IntPrj\Network Model.IntPrjfolder\Network Data.IntPrjfolder\CENTRAL 138 kV.ElmNet\ZLMINE.ElmSubstat\L5.ElmTerm\Cub_1.StaCubic\ZLM11E_ZLISAE-L1-7SA6.ElmRelay\Distance Polygonal.ElmRelay\Z5.RelDispoly,1,SANTO DOMINGO,CENTRAL,CENTRAL 138 kV,ZLMINE,Z5
Z1,\VM-PF.IntUser\PDD 31-12-2024.IntPrj\Network Model.IntPrjfolder\Network Data.IntPrjfolder\CENTRAL 138 kV.ElmNet\ZLMINE.ElmSubstat\L6.ElmTerm\Cub_1.StaCubic\ZLM11E_ZHNS2E-L1-7SD52.ElmRelay\Distance/Overcurrent/Voltage.ElmRelay\Z1.RelDispoly,1,SANTO DOMINGO,CENTRAL,CENTRAL 138 kV,ZLMINE,Z1
Z1b,\VM-PF.IntUser\PDD 31-12-2024.IntPrj\Network Model.IntPrjfolder\Network Data.IntPrjfolder\CENTRAL 138 kV.ElmNet\ZLMINE.ElmSubstat\L6.ElmTerm\Cub_1.StaCubic\ZLM11E_ZHNS2E-L1-7SD52.ElmRelay\Distance/Overcurrent/Voltage.ElmRelay\Z1b.RelDispoly,1,SANTO DOMINGO,CENTRAL,CENTRAL 138 kV,ZLMINE,Z1b
Z2,\VM-PF.IntUser\PDD 31-12-2024.IntPrj\Network Model.IntPrjfolder\Network Data.IntPrjfolder\CENTRAL 138 kV.ElmNet\ZLMINE.ElmSubstat\L6.ElmTerm\Cub_1.StaCubic\ZLM11E_ZHNS2E-L1-7SD52.ElmRelay\Distance/Overcurrent/Voltage.ElmRelay\Z2.RelDispoly,1,SANTO DOMINGO,CENTRAL,CENTRAL 138 kV,ZLMINE,Z2
Z3,\VM-PF.IntUser\PDD 31-12-2024.IntPrj\Network Model.IntPrjfolder\Network Data.IntPrjfolder\CENTRAL 138 kV.ElmNet\ZLMINE.ElmSubstat\L6.ElmTerm\Cub_1.StaCubic\ZLM11E_ZHNS2E-L1-7SD52.ElmRelay\Distance/Overcurrent/Voltage.ElmRelay\Z3.RelDispoly,1,SANTO DOMINGO,CENTRAL,CENTRAL 138 kV,ZLMINE,Z3
Z4,\VM-PF.IntUser\PDD 31-12-2024.IntPrj\Network Model.IntPrjfolder\Network Data.IntPrjfolder\CENTRAL 138 kV.ElmNet\ZLMINE.ElmSubstat\L6.ElmTerm\Cub_1.StaCubic\ZLM11E_ZHNS2E-L1-7SD52.ElmRelay\Distance/Overcurrent/Voltage.ElmRelay\Z4.RelDispoly,1,SANTO DOMINGO,CENTRAL,CENTRAL 138 kV,ZLMINE,Z4
Z5,\VM-PF.IntUser\PDD 31-12-2024.IntPrj\Network Model.IntPrjfolder\Network Data.IntPrjfolder\CENTRAL 138 kV.ElmNet\ZLMINE.ElmSubstat\L6.ElmTerm\Cub_1.StaCubic\ZLM11E_ZHNS2E-L1-7SD52.ElmRelay\Distance/Overcurrent/Voltage.ElmRelay\Z5.RelDispoly,1,SANTO DOMINGO,CENTRAL,CENTRAL 138 kV,ZLMINE,Z5
PPOL poly,\VM-PF.IntUser\PDD 31-12-2024.IntPrj\Network Model.IntPrjfolder\Network Data.IntPrjfolder\CENTRAL 138 kV.ElmNet\ZLMINE.ElmSubstat\L6.ElmTerm\Cub_1.StaCubic\ZLM11E_ZHNS2E-L1-7SD52.ElmRelay\Distance/Overcurrent/Voltage.ElmRelay\PPOL poly.RelDispoly,1,SANTO DOMINGO,CENTRAL,CENTRAL 138 kV,ZLMINE,PPOL poly
Z1,\VM-PF.IntUser\PDD 31-12-2024.IntPrj\Network Model.IntPrjfolder\Network Data.IntPrjfolder\CENTRAL 138 kV.ElmNet\ZLMINE.ElmSubstat\R5.ElmTerm\Cub_1.StaCubic\ZLMINE_ZTIM2E-L1-7SA511.ElmRelay\Z1.RelDispoly,1,SANTO DOMINGO,CENTRAL,CENTRAL 138 kV,ZLMINE,Z1
Z2,\VM-PF.IntUser\PDD 31-12-2024.IntPrj\Network Model.IntPrjfolder\Network Data.IntPrjfolder\CENTRAL 138 kV.ElmNet\ZLMINE.ElmSubstat\R5.ElmTerm\Cub_1.StaCubic\ZLMINE_ZTIM2E-L1-7SA511.ElmRelay\Z2.RelDispoly,1,SANTO DOMINGO,CENTRAL,CENTRAL 138 kV,ZLMINE,Z2
Z3,\VM-PF.IntUser\PDD 31-12-2024.IntPrj\Network Model.IntPrjfolder\Network Data.IntPrjfolder\CENTRAL 138 kV.ElmNet\ZLMINE.ElmSubstat\R5.ElmTerm\Cub_1.StaCubic\ZLMINE_ZTIM2E-L1-7SA511.ElmRelay\Z3.RelDispoly,1,SANTO DOMINGO,CENTRAL,CENTRAL 138 kV,ZLMINE,Z3
Z1b,\VM-PF.IntUser\PDD 31-12-2024.IntPrj\Network Model.IntPrjfolder\Network Data.IntPrjfolder\CENTRAL 138 kV.ElmNet\ZLMINE.ElmSubstat\R5.ElmTerm\Cub_1.StaCubic\ZLMINE_ZTIM2E-L1-7SA511.ElmRelay\Z1b.RelDispoly,1,SANTO DOMINGO,CENTRAL,CENTRAL 138 kV,ZLMINE,Z1b
Z3,\VM-PF.IntUser\PDD 31-12-2024.IntPrj\Network Model.IntPrjfolder\Network Data.IntPrjfolder\CENTRAL 138 kV.ElmNet\ZLISAE.ElmSubstat\1.ElmTerm\Cub_1.StaCubic\ZLISAE_ZAHO1E-L1-7SA522.ElmRelay\Z3.RelDispoly,1,DISTRITO NACIONAL,CENTRAL,CENTRAL 138 kV,ZLISAE,Z3
Z1,\VM-PF.IntUser\PDD 31-12-2024.IntPrj\Network Model.IntPrjfolder\Network Data.IntPrjfolder\CENTRAL 138 kV.ElmNet\ZLISAE.ElmSubstat\1.ElmTerm\Cub_1.StaCubic\ZLISAE_ZAHO1E-L1-7SA522.ElmRelay\Z1.RelDispoly,1,DISTRITO NACIONAL,CENTRAL,CENTRAL 138 kV,ZLISAE,Z1
Z1b,\VM-PF.IntUser\PDD 31-12-2024.IntPrj\Network Model.IntPrjfolder\Network Data.IntPrjfolder\CENTRAL 138 kV.ElmNet\ZLISAE.ElmSubstat\1.ElmTerm\Cub_1.StaCubic\ZLISAE_ZAHO1E-L1-7SA522.ElmRelay\Z1b.RelDispoly,1,DISTRITO NACIONAL,CENTRAL,CENTRAL 138 kV,ZLISAE,Z1b
Z2,\VM-PF.IntUser\PDD 31-12-2024.IntPrj\Network Model.IntPrjfolder\Network Data.IntPrjfolder\CENTRAL 138 kV.ElmNet\ZLISAE.ElmSubstat\1.ElmTerm\Cub_1.StaCubic\ZLISAE_ZAHO1E-L1-7SA522.ElmRelay\Z2.RelDispoly,1,DISTRITO NACIONAL,CENTRAL,CENTRAL 138 kV,ZLISAE,Z2
Z4,\VM-PF.IntUser\PDD 31-12-2024.IntPrj\Network Model.IntPrjfolder\Network Data.IntPrjfolder\CENTRAL 138 kV.ElmNet\ZLISAE.ElmSubstat\1.ElmTerm\Cub_1.StaCubic\ZLISAE_ZAHO1E-L1-7SA522.ElmRelay\Z4.RelDispoly,1,DISTRITO NACIONAL,CENTRAL,CENTRAL 138 kV,ZLISAE,Z4
Z5,\VM-PF.IntUser\PDD 31-12-2024.IntPrj\Network Model.IntPrjfolder\Network Data.IntPrjfolder\CENTRAL 138 kV.ElmNet\ZLISAE.ElmSubstat\1.ElmTerm\Cub_1.StaCubic\ZLISAE_ZAHO1E-L1-7SA522.ElmRelay\Z5.RelDispoly,1,DISTRITO NACIONAL,CENTRAL,CENTRAL 138 kV,ZLISAE,Z5
PPOL Poly,\VM-PF.IntUser\PDD 31-12-2024.IntPrj\Network Model.IntPrjfolder\Network Data.IntPrjfolder\CENTRAL 138 kV.ElmNet\ZLISAE.ElmSubstat\1.ElmTerm\Cub_1.StaCubic\ZLISAE_ZAHO1E-L1-7SA522.ElmRelay\PPOL Poly.RelDispoly,1,DISTRITO NACIONAL,CENTRAL,CENTRAL 138 kV,ZLISAE,PPOL Poly
Z1,\VM-PF.IntUser\PDD 31-12-2024.IntPrj\Network Model.IntPrjfolder\Network Data.IntPrjfolder\CENTRAL 138 kV.ElmNet\ZLISAE.ElmSubstat\4.ElmTerm\Cub_1.StaCubic\ZLISAE_ZLM11E-L1-7SA522.ElmRelay\Z1.RelDispoly,1,DISTRITO NACIONAL,CENTRAL,CENTRAL 138 kV,ZLISAE,Z1
Z1b,\VM-PF.IntUser\PDD 31-12-2024.IntPrj\Network Model.IntPrjfolder\Network Data.IntPrjfolder\CENTRAL 138 kV.ElmNet\ZLISAE.ElmSubstat\4.ElmTerm\Cub_1.StaCubic\ZLISAE_ZLM11E-L1-7SA522.ElmRelay\Z1b.RelDispoly,1,DISTRITO NACIONAL,CENTRAL,CENTRAL 138 kV,ZLISAE,Z1b
Z2,\VM-PF.IntUser\PDD 31-12-2024.IntPrj\Network Model.IntPrjfolder\Network Data.IntPrjfolder\CENTRAL 138 kV.ElmNet\ZLISAE.ElmSubstat\4.ElmTerm\Cub_1.StaCubic\ZLISAE_ZLM11E-L1-7SA522.ElmRelay\Z2.RelDispoly,1,DISTRITO NACIONAL,CENTRAL,CENTRAL 138 kV,ZLISAE,Z2
Z3,\VM-PF.IntUser\PDD 31-12-2024.IntPrj\Network Model.IntPrjfolder\Network Data.IntPrjfolder\CENTRAL 138 kV.ElmNet\ZLISAE.ElmSubstat\4.ElmTerm\Cub_1.StaCubic\ZLISAE_ZLM11E-L1-7SA522.ElmRelay\Z3.RelDispoly,1,DISTRITO NACIONAL,CENTRAL,CENTRAL 138 kV,ZLISAE,Z3
Z4,\VM-PF.IntUser\PDD 31-12-2024.IntPrj\Network Model.IntPrjfolder\Network Data.IntPrjfolder\CENTRAL 138 kV.ElmNet\ZLISAE.ElmSubstat\4.ElmTerm\Cub_1.StaCubic\ZLISAE_ZLM11E-L1-7SA522.ElmRelay\Z4.RelDispoly,1,DISTRITO NACIONAL,CENTRAL,CENTRAL 138 kV,ZLISAE,Z4
Z5,\VM-PF.IntUser\PDD 31-12-2024.IntPrj\Network Model.IntPrjfolder\Network Data.IntPrjfolder\CENTRAL 138 kV.ElmNet\ZLISAE.ElmSubstat\4.ElmTerm\Cub_1.StaCubic\ZLISAE_ZLM11E-L1-7SA522.ElmRelay\Z5.RelDispoly,1,DISTRITO NACIONAL,CENTRAL,CENTRAL 138 kV,ZLISAE,Z5
PPOL Poly,\VM-PF.IntUser\PDD 31-12-2024.IntPrj\Network Model.IntPrjfolder\Network Data.IntPrjfolder\CENTRAL 138 kV.ElmNet\ZLISAE.ElmSubstat\4.ElmTerm\Cub_1.StaCubic\ZLISAE_ZLM11E-L1-7SA522.ElmRelay\PPOL Poly.RelDispoly,1,DISTRITO NACIONAL,CENTRAL,CENTRAL 138 kV,ZLISAE,PPOL Poly
Z1 Ph,\VM-PF.IntUser\PDD 31-12-2024.IntPrj\Network Model.IntPrjfolder\Network Data.IntPrjfolder\CENTRAL 138 kV.ElmNet\ZIAANE.ElmSubstat\1.ElmTerm\Cub_1.StaCubic\ZAAINE_ZAANDE-L1-P44x.ElmRelay\Z1 Ph.RelDispoly,1,SANTO DOMINGO,CENTRAL,CENTRAL 138 kV,ZIAANE,Z1 Ph
Z2 Ph,\VM-PF.IntUser\PDD 31-12-2024.IntPrj\Network Model.IntPrjfolder\Network Data.IntPrjfolder\CENTRAL 138 kV.ElmNet\ZIAANE.ElmSubstat\1.ElmTerm\Cub_1.StaCubic\ZAAINE_ZAANDE-L1-P44x.ElmRelay\Z2 Ph.RelDispoly,1,SANTO DOMINGO,CENTRAL,CENTRAL 138 kV,ZIAANE,Z2 Ph
Z3 Ph,\VM-PF.IntUser\PDD 31-12-2024.IntPrj\Network Model.IntPrjfolder\Network Data.IntPrjfolder\CENTRAL 138 kV.ElmNet\ZIAANE.ElmSubstat\1.ElmTerm\Cub_1.StaCubic\ZAAINE_ZAANDE-L1-P44x.ElmRelay\Z3 Ph.RelDispoly,1,SANTO DOMINGO,CENTRAL,CENTRAL 138 kV,ZIAANE,Z3 Ph
Z4 Ph,\VM-PF.IntUser\PDD 31-12-2024.IntPrj\Network Model.IntPrjfolder\Network Data.IntPrjfolder\CENTRAL 138 kV.ElmNet\ZIAANE.ElmSubstat\1.ElmTerm\Cub_1.StaCubic\ZAAINE_ZAANDE-L1-P44x.ElmRelay\Z4 Ph.RelDispoly,1,SANTO DOMINGO,CENTRAL,CENTRAL 138 kV,ZIAANE,Z4 Ph
ZP Ph,\VM-PF.IntUser\PDD 31-12-2024.IntPrj\Network Model.IntPrjfolder\Network Data.IntPrjfolder\CENTRAL 138 kV.ElmNet\ZIAANE.ElmSubstat\1.ElmTerm\Cub_1.StaCubic\ZAAINE_ZAANDE-L1-P44x.ElmRelay\ZP Ph.RelDispoly,1,SANTO DOMINGO,CENTRAL,CENTRAL 138 kV,ZIAANE,ZP Ph
Z1X Ph,\VM-PF.IntUser\PDD 31-12-2024.IntPrj\Network Model.IntPrjfolder\Network Data.IntPrjfolder\CENTRAL 138 kV.ElmNet\ZIAANE.ElmSubstat\1.ElmTerm\Cub_1.StaCubic\ZAAINE_ZAANDE-L1-P44x.ElmRelay\Z1X Ph.RelDispoly,1,SANTO DOMINGO,CENTRAL,CENTRAL 138 kV,ZIAANE,Z1X Ph
Z1 Grnd,\VM-PF.IntUser\PDD 31-12-2024.IntPrj\Network Model.IntPrjfolder\Network Data.IntPrjfolder\CENTRAL 138 kV.ElmNet\ZIAANE.ElmSubstat\1.ElmTerm\Cub_1.StaCubic\ZAAINE_ZAANDE-L1-P44x.ElmRelay\Z1 Grnd.RelDispoly,1,SANTO DOMINGO,CENTRAL,CENTRAL 138 kV,ZIAANE,Z1 Grnd
Z2 Grnd,\VM-PF.IntUser\PDD 31-12-2024.IntPrj\Network Model.IntPrjfolder\Network Data.IntPrjfolder\CENTRAL 138 kV.ElmNet\ZIAANE.ElmSubstat\1.ElmTerm\Cub_1.StaCubic\ZAAINE_ZAANDE-L1-P44x.ElmRelay\Z2 Grnd.RelDispoly,1,SANTO DOMINGO,CENTRAL,CENTRAL 138 kV,ZIAANE,Z2 Grnd
Z3 Grnd,\VM-PF.IntUser\PDD 31-12-2024.IntPrj\Network Model.IntPrjfolder\Network Data.IntPrjfolder\CENTRAL 138 kV.ElmNet\ZIAANE.ElmSubstat\1.ElmTerm\Cub_1.StaCubic\ZAAINE_ZAANDE-L1-P44x.ElmRelay\Z3 Grnd.RelDispoly,1,SANTO DOMINGO,CENTRAL,CENTRAL 138 kV,ZIAANE,Z3 Grnd
Z4 Grnd,\VM-PF.IntUser\PDD 31-12-2024.IntPrj\Network Model.IntPrjfolder\Network Data.IntPrjfolder\CENTRAL 138 kV.ElmNet\ZIAANE.ElmSubstat\1.ElmTerm\Cub_1.StaCubic\ZAAINE_ZAANDE-L1-P44x.ElmRelay\Z4 Grnd.RelDispoly,1,SANTO DOMINGO,CENTRAL,CENTRAL 138 kV,ZIAANE,Z4 Grnd
ZP Grnd,\VM-PF.IntUser\PDD 31-12-2024.IntPrj\Network Model.IntPrjfolder\Network Data.IntPrjfolder\CENTRAL 138 kV.ElmNet\ZIAANE.ElmSubstat\1.ElmTerm\Cub_1.StaCubic\ZAAINE_ZAANDE-L1-P44x.ElmRelay\ZP Grnd.RelDispoly,1,SANTO DOMINGO,CENTRAL,CENTRAL 138 kV,ZIAANE,ZP Grnd
Z1X Grnd,\VM-PF.IntUser\PDD 31-12-2024.IntPrj\Network Model.IntPrjfolder\Network Data.IntPrjfolder\CENTRAL 138 kV.ElmNet\ZIAANE.ElmSubstat\1.ElmTerm\Cub_1.StaCubic\ZAAINE_ZAANDE-L1-P44x.ElmRelay\Z1X Grnd.RelDispoly,1,SANTO DOMINGO,CENTRAL,CENTRAL 138 kV,ZIAANE,Z1X Grnd
Z1,\VM-PF.IntUser\PDD 31-12-2024.IntPrj\Network Model.IntPrjfolder\Network Data.IntPrjfolder\CENTRAL 138 kV.ElmNet\ZIAANE.ElmSubstat\2.ElmTerm\Cub_1.StaCubic\ZAAINE_ZHNSAE-L2-7SA6.ElmRelay\Distance Polygonal.ElmRelay\Z1.RelDispoly,1,SANTO DOMINGO,CENTRAL,CENTRAL 138 kV,ZIAANE,Z1
Z1b,\VM-PF.IntUser\PDD 31-12-2024.IntPrj\Network Model.IntPrjfolder\Network Data.IntPrjfolder\CENTRAL 138 kV.ElmNet\ZIAANE.ElmSubstat\2.ElmTerm\Cub_1.StaCubic\ZAAINE_ZHNSAE-L2-7SA6.ElmRelay\Distance Polygonal.ElmRelay\Z1b.RelDispoly,1,SANTO DOMINGO,CENTRAL,CENTRAL 138 kV,ZIAANE,Z1b
Z2,\VM-PF.IntUser\PDD 31-12-2024.IntPrj\Network Model.IntPrjfolder\Network Data.IntPrjfolder\CENTRAL 138 kV.ElmNet\ZIAANE.ElmSubstat\2.ElmTerm\Cub_1.StaCubic\ZAAINE_ZHNSAE-L2-7SA6.ElmRelay\Distance Polygonal.ElmRelay\Z2.RelDispoly,1,SANTO DOMINGO,CENTRAL,CENTRAL 138 kV,ZIAANE,Z2
Z3,\VM-PF.IntUser\PDD 31-12-2024.IntPrj\Network Model.IntPrjfolder\Network Data.IntPrjfolder\CENTRAL 138 kV.ElmNet\ZIAANE.ElmSubstat\2.ElmTerm\Cub_1.StaCubic\ZAAINE_ZHNSAE-L2-7SA6.ElmRelay\Distance Polygonal.ElmRelay\Z3.RelDispoly,1,SANTO DOMINGO,CENTRAL,CENTRAL 138 kV,ZIAANE,Z3
Z4,\VM-PF.IntUser\PDD 31-12-2024.IntPrj\Network Model.IntPrjfolder\Network Data.IntPrjfolder\CENTRAL 138 kV.ElmNet\ZIAANE.ElmSubstat\2.ElmTerm\Cub_1.StaCubic\ZAAINE_ZHNSAE-L2-7SA6.ElmRelay\Distance Polygonal.ElmRelay\Z4.RelDispoly,1,SANTO DOMINGO,CENTRAL,CENTRAL 138 kV,ZIAANE,Z4
Z5,\VM-PF.IntUser\PDD 31-12-2024.IntPrj\Network Model.IntPrjfolder\Network Data.IntPrjfolder\CENTRAL 138 kV.ElmNet\ZIAANE.ElmSubstat\2.ElmTerm\Cub_1.StaCubic\ZAAINE_ZHNSAE-L2-7SA6.ElmRelay\Distance Polygonal.ElmRelay\Z5.RelDispoly,1,SANTO DOMINGO,CENTRAL,CENTRAL 138 kV,ZIAANE,Z5
Z1,\VM-PF.IntUser\PDD 31-12-2024.IntPrj\Network Model.IntPrjfolder\Network Data.IntPrjfolder\CENTRAL 138 kV.ElmNet\ZIAANE.ElmSubstat\2.ElmTerm\Cub_1.StaCubic\ZAAINE_ZHNSAE-L2-7SD52.ElmRelay\Distance/Overcurrent/Voltage.ElmRelay\Z1.RelDispoly,1,SANTO DOMINGO,CENTRAL,CENTRAL 138 kV,ZIAANE,Z1
Z1b,\VM-PF.IntUser\PDD 31-12-2024.IntPrj\Network Model.IntPrjfolder\Network Data.IntPrjfolder\CENTRAL 138 kV.ElmNet\ZIAANE.ElmSubstat\2.ElmTerm\Cub_1.StaCubic\ZAAINE_ZHNSAE-L2-7SD52.ElmRelay\Distance/Overcurrent/Voltage.ElmRelay\Z1b.RelDispoly,1,SANTO DOMINGO,CENTRAL,CENTRAL 138 kV,ZIAANE,Z1b
Z2,\VM-PF.IntUser\PDD 31-12-2024.IntPrj\Network Model.IntPrjfolder\Network Data.IntPrjfolder\CENTRAL 138 kV.ElmNet\ZIAANE.ElmSubstat\2.ElmTerm\Cub_1.StaCubic\ZAAINE_ZHNSAE-L2-7SD52.ElmRelay\Distance/Overcurrent/Voltage.ElmRelay\Z2.RelDispoly,1,SANTO DOMINGO,CENTRAL,CENTRAL 138 kV,ZIAANE,Z2
Z3,\VM-PF.IntUser\PDD 31-12-2024.IntPrj\Network Model.IntPrjfolder\Network Data.IntPrjfolder\CENTRAL 138 kV.ElmNet\ZIAANE.ElmSubstat\2.ElmTerm\Cub_1.StaCubic\ZAAINE_ZHNSAE-L2-7SD52.ElmRelay\Distance/Overcurrent/Voltage.ElmRelay\Z3.RelDispoly,1,SANTO DOMINGO,CENTRAL,CENTRAL 138 kV,ZIAANE,Z3
Z4,\VM-PF.IntUser\PDD 31-12-2024.IntPrj\Network Model.IntPrjfolder\Network Data.IntPrjfolder\CENTRAL 138 kV.ElmNet\ZIAANE.ElmSubstat\2.ElmTerm\Cub_1.StaCubic\ZAAINE_ZHNSAE-L2-7SD52.ElmRelay\Distance/Overcurrent/Voltage.ElmRelay\Z4.RelDispoly,1,SANTO DOMINGO,CENTRAL,CENTRAL 138 kV,ZIAANE,Z4
Z5,\VM-PF.IntUser\PDD 31-12-2024.IntPrj\Network Model.IntPrjfolder\Network Data.IntPrjfolder\CENTRAL 138 kV.ElmNet\ZIAANE.ElmSubstat\2.ElmTerm\Cub_1.StaCubic\ZAAINE_ZHNSAE-L2-7SD52.ElmRelay\Distance/Overcurrent/Voltage.ElmRelay\Z5.RelDispoly,1,SANTO DOMINGO,CENTRAL,CENTRAL 138 kV,ZIAANE,Z5
PPOL poly,\VM-PF.IntUser\PDD 31-12-2024.IntPrj\Network Model.IntPrjfolder\Network Data.IntPrjfolder\CENTRAL 138 kV.ElmNet\ZIAANE.ElmSubstat\2.ElmTerm\Cub_1.StaCubic\ZAAINE_ZHNSAE-L2-7SD52.ElmRelay\Distance/Overcurrent/Voltage.ElmRelay\PPOL poly.RelDispoly,1,SANTO DOMINGO,CENTRAL,CENTRAL 138 kV,ZIAANE,PPOL poly
Z1,\VM-PF.IntUser\PDD 31-12-2024.IntPrj\Network Model.IntPrjfolder\Network Data.IntPrjfolder\CENTRAL 138 kV.ElmNet\ZIAANE.ElmSubstat\3.ElmTerm\Cub_1.StaCubic\ZAAINE_ZHNSAE-L1-7SA6.ElmRelay\Distance Polygonal.ElmRelay\Z1.RelDispoly,1,SANTO DOMINGO,CENTRAL,CENTRAL 138 kV,ZIAANE,Z1
Z1b,\VM-PF.IntUser\PDD 31-12-2024.IntPrj\Network Model.IntPrjfolder\Network Data.IntPrjfolder\CENTRAL 138 kV.ElmNet\ZIAANE.ElmSubstat\3.ElmTerm\Cub_1.StaCubic\ZAAINE_ZHNSAE-L1-7SA6.ElmRelay\Distance Polygonal.ElmRelay\Z1b.RelDispoly,1,SANTO DOMINGO,CENTRAL,CENTRAL 138 kV,ZIAANE,Z1b
Z2,\VM-PF.IntUser\PDD 31-12-2024.IntPrj\Network Model.IntPrjfolder\Network Data.IntPrjfolder\CENTRAL 138 kV.ElmNet\ZIAANE.ElmSubstat\3.ElmTerm\Cub_1.StaCubic\ZAAINE_ZHNSAE-L1-7SA6.ElmRelay\Distance Polygonal.ElmRelay\Z2.RelDispoly,1,SANTO DOMINGO,CENTRAL,CENTRAL 138 kV,ZIAANE,Z2
Z3,\VM-PF.IntUser\PDD 31-12-2024.IntPrj\Network Model.IntPrjfolder\Network Data.IntPrjfolder\CENTRAL 138 kV.ElmNet\ZIAANE.ElmSubstat\3.ElmTerm\Cub_1.StaCubic\ZAAINE_ZHNSAE-L1-7SA6.ElmRelay\Distance Polygonal.ElmRelay\Z3.RelDispoly,1,SANTO DOMINGO,CENTRAL,CENTRAL 138 kV,ZIAANE,Z3
Z4,\VM-PF.IntUser\PDD 31-12-2024.IntPrj\Network Model.IntPrjfolder\Network Data.IntPrjfolder\CENTRAL 138 kV.ElmNet\ZIAANE.ElmSubstat\3.ElmTerm\Cub_1.StaCubic\ZAAINE_ZHNSAE-L1-7SA6.ElmRelay\Distance Polygonal.ElmRelay\Z4.RelDispoly,1,SANTO DOMINGO,CENTRAL,CENTRAL 138 kV,ZIAANE,Z4
Z5,\VM-PF.IntUser\PDD 31-12-2024.IntPrj\Network Model.IntPrjfolder\Network Data.IntPrjfolder\CENTRAL 138 kV.ElmNet\ZIAANE.ElmSubstat\3.ElmTerm\Cub_1.StaCubic\ZAAINE_ZHNSAE-L1-7SA6.ElmRelay\Distance Polygonal.ElmRelay\Z5.RelDispoly,1,SANTO DOMINGO,CENTRAL,CENTRAL 138 kV,ZIAANE,Z5
Z1,\VM-PF.IntUser\PDD 31-12-2024.IntPrj\Network Model.IntPrjfolder\Network Data.IntPrjfolder\CENTRAL 138 kV.ElmNet\ZIAANE.ElmSubstat\3.ElmTerm\Cub_1.StaCubic\ZAAINE_ZHNSAE-L1-7SD52.ElmRelay\Distance/Overcurrent/Voltage.ElmRelay\Z1.RelDispoly,1,SANTO DOMINGO,CENTRAL,CENTRAL 138 kV,ZIAANE,Z1
Z1b,\VM-PF.IntUser\PDD 31-12-2024.IntPrj\Network Model.IntPrjfolder\Network Data.IntPrjfolder\CENTRAL 138 kV.ElmNet\ZIAANE.ElmSubstat\3.ElmTerm\Cub_1.StaCubic\ZAAINE_ZHNSAE-L1-7SD52.ElmRelay\Distance/Overcurrent/Voltage.ElmRelay\Z1b.RelDispoly,1,SANTO DOMINGO,CENTRAL,CENTRAL 138 kV,ZIAANE,Z1b
Z2,\VM-PF.IntUser\PDD 31-12-2024.IntPrj\Network Model.IntPrjfolder\Network Data.IntPrjfolder\CENTRAL 138 kV.ElmNet\ZIAANE.ElmSubstat\3.ElmTerm\Cub_1.StaCubic\ZAAINE_ZHNSAE-L1-7SD52.ElmRelay\Distance/Overcurrent/Voltage.ElmRelay\Z2.RelDispoly,1,SANTO DOMINGO,CENTRAL,CENTRAL 138 kV,ZIAANE,Z2
Z3,\VM-PF.IntUser\PDD 31-12-2024.IntPrj\Network Model.IntPrjfolder\Network Data.IntPrjfolder\CENTRAL 138 kV.ElmNet\ZIAANE.ElmSubstat\3.ElmTerm\Cub_1.StaCubic\ZAAINE_ZHNSAE-L1-7SD52.ElmRelay\Distance/Overcurrent/Voltage.ElmRelay\Z3.RelDispoly,1,SANTO DOMINGO,CENTRAL,CENTRAL 138 kV,ZIAANE,Z3
Z4,\VM-PF.IntUser\PDD 31-12-2024.IntPrj\Network Model.IntPrjfolder\Network Data.IntPrjfolder\CENTRAL 138 kV.ElmNet\ZIAANE.ElmSubstat\3.ElmTerm\Cub_1.StaCubic\ZAAINE_ZHNSAE-L1-7SD52.ElmRelay\Distance/Overcurrent/Voltage.ElmRelay\Z4.RelDispoly,1,SANTO DOMINGO,CENTRAL,CENTRAL 138 kV,ZIAANE,Z4
Z5,\VM-PF.IntUser\PDD 31-12-2024.IntPrj\Network Model.IntPrjfolder\Network Data.IntPrjfolder\CENTRAL 138 kV.ElmNet\ZIAANE.ElmSubstat\3.ElmTerm\Cub_1.StaCubic\ZAAINE_ZHNSAE-L1-7SD52.ElmRelay\Distance/Overcurrent/Voltage.ElmRelay\Z5.RelDispoly,1,SANTO DOMINGO,CENTRAL,CENTRAL 138 kV,ZIAANE,Z5
PPOL poly,\VM-PF.IntUser\PDD 31-12-2024.IntPrj\Network Model.IntPrjfolder\Network Data.IntPrjfolder\CENTRAL 138 kV.ElmNet\ZIAANE.ElmSubstat\3.ElmTerm\Cub_1.StaCubic\ZAAINE_ZHNSAE-L1-7SD52.ElmRelay\Distance/Overcurrent/Voltage.ElmRelay\PPOL poly.RelDispoly,1,SANTO DOMINGO,CENTRAL,CENTRAL 138 kV,ZIAANE,PPOL poly
Z1,\VM-PF.IntUser\PDD 31-12-2024.IntPrj\Network Model.IntPrjfolder\Network Data.IntPrjfolder\CENTRAL 138 kV.ElmNet\ZIAANE.ElmSubstat\4.ElmTerm\Cub_1.StaCubic\ZAAINE_ZHNSAE-L1-7SA6.ElmRelay\Distance Polygonal.ElmRelay\Z1.RelDispoly,1,SANTO DOMINGO,CENTRAL,CENTRAL 138 kV,ZIAANE,Z1
Z1b,\VM-PF.IntUser\PDD 31-12-2024.IntPrj\Network Model.IntPrjfolder\Network Data.IntPrjfolder\CENTRAL 138 kV.ElmNet\ZIAANE.ElmSubstat\4.ElmTerm\Cub_1.StaCubic\ZAAINE_ZHNSAE-L1-7SA6.ElmRelay\Distance Polygonal.ElmRelay\Z1b.RelDispoly,1,SANTO DOMINGO,CENTRAL,CENTRAL 138 kV,ZIAANE,Z1b
Z2,\VM-PF.IntUser\PDD 31-12-2024.IntPrj\Network Model.IntPrjfolder\Network Data.IntPrjfolder\CENTRAL 138 kV.ElmNet\ZIAANE.ElmSubstat\4.ElmTerm\Cub_1.StaCubic\ZAAINE_ZHNSAE-L1-7SA6.ElmRelay\Distance Polygonal.ElmRelay\Z2.RelDispoly,1,SANTO DOMINGO,CENTRAL,CENTRAL 138 kV,ZIAANE,Z2
Z3,\VM-PF.IntUser\PDD 31-12-2024.IntPrj\Network Model.IntPrjfolder\Network Data.IntPrjfolder\CENTRAL 138 kV.ElmNet\ZIAANE.ElmSubstat\4.ElmTerm\Cub_1.StaCubic\ZAAINE_ZHNSAE-L1-7SA6.ElmRelay\Distance Polygonal.ElmRelay\Z3.RelDispoly,1,SANTO DOMINGO,CENTRAL,CENTRAL 138 kV,ZIAANE,Z3
Z4,\VM-PF.IntUser\PDD 31-12-2024.IntPrj\Network Model.IntPrjfolder\Network Data.IntPrjfolder\CENTRAL 138 kV.ElmNet\ZIAANE.ElmSubstat\4.ElmTerm\Cub_1.StaCubic\ZAAINE_ZHNSAE-L1-7SA6.ElmRelay\Distance Polygonal.ElmRelay\Z4.RelDispoly,1,SANTO DOMINGO,CENTRAL,CENTRAL 138 kV,ZIAANE,Z4
Z5,\VM-PF.IntUser\PDD 31-12-2024.IntPrj\Network Model.IntPrjfolder\Network Data.IntPrjfolder\CENTRAL 138 kV.ElmNet\ZIAANE.ElmSubstat\4.ElmTerm\Cub_1.StaCubic\ZAAINE_ZHNSAE-L1-7SA6.ElmRelay\Distance Polygonal.ElmRelay\Z5.RelDispoly,1,SANTO DOMINGO,CENTRAL,CENTRAL 138 kV,ZIAANE,Z5
Z1,\VM-PF.IntUser\PDD 31-12-2024.IntPrj\Network Model.IntPrjfolder\Network Data.IntPrjfolder\CENTRAL 138 kV.ElmNet\ZIAANE.ElmSubstat\4.ElmTerm\Cub_1.StaCubic\ZAAINE_ZHNSAE-L1-7SD52.ElmRelay\Distance/Overcurrent/Voltage.ElmRelay\Z1.RelDispoly,1,SANTO DOMINGO,CENTRAL,CENTRAL 138 kV,ZIAANE,Z1
Z1b,\VM-PF.IntUser\PDD 31-12-2024.IntPrj\Network Model.IntPrjfolder\Network Data.IntPrjfolder\CENTRAL 138 kV.ElmNet\ZIAANE.ElmSubstat\4.ElmTerm\Cub_1.StaCubic\ZAAINE_ZHNSAE-L1-7SD52.ElmRelay\Distance/Overcurrent/Voltage.ElmRelay\Z1b.RelDispoly,1,SANTO DOMINGO,CENTRAL,CENTRAL 138 kV,ZIAANE,Z1b
Z2,\VM-PF.IntUser\PDD 31-12-2024.IntPrj\Network Model.IntPrjfolder\Network Data.IntPrjfolder\CENTRAL 138 kV.ElmNet\ZIAANE.ElmSubstat\4.ElmTerm\Cub_1.StaCubic\ZAAINE_ZHNSAE-L1-7SD52.ElmRelay\Distance/Overcurrent/Voltage.ElmRelay\Z2.RelDispoly,1,SANTO DOMINGO,CENTRAL,CENTRAL 138 kV,ZIAANE,Z2
Z3,\VM-PF.IntUser\PDD 31-12-2024.IntPrj\Network Model.IntPrjfolder\Network Data.IntPrjfolder\CENTRAL 138 kV.ElmNet\ZIAANE.ElmSubstat\4.ElmTerm\Cub_1.StaCubic\ZAAINE_ZHNSAE-L1-7SD52.ElmRelay\Distance/Overcurrent/Voltage.ElmRelay\Z3.RelDispoly,1,SANTO DOMINGO,CENTRAL,CENTRAL 138 kV,ZIAANE,Z3
Z4,\VM-PF.IntUser\PDD 31-12-2024.IntPrj\Network Model.IntPrjfolder\Network Data.IntPrjfolder\CENTRAL 138 kV.ElmNet\ZIAANE.ElmSubstat\4.ElmTerm\Cub_1.StaCubic\ZAAINE_ZHNSAE-L1-7SD52.ElmRelay\Distance/Overcurrent/Voltage.ElmRelay\Z4.RelDispoly,1,SANTO DOMINGO,CENTRAL,CENTRAL 138 kV,ZIAANE,Z4
Z5,\VM-PF.IntUser\PDD 31-12-2024.IntPrj\Network Model.IntPrjfolder\Network Data.IntPrjfolder\CENTRAL 138 kV.ElmNet\ZIAANE.ElmSubstat\4.ElmTerm\Cub_1.StaCubic\ZAAINE_ZHNSAE-L1-7SD52.ElmRelay\Distance/Overcurrent/Voltage.ElmRelay\Z5.RelDispoly,1,SANTO DOMINGO,CENTRAL,CENTRAL 138 kV,ZIAANE,Z5
PPOL poly,\VM-PF.IntUser\PDD 31-12-2024.IntPrj\Network Model.IntPrjfolder\Network Data.IntPrjfolder\CENTRAL 138 kV.ElmNet\ZIAANE.ElmSubstat\4.ElmTerm\Cub_1.StaCubic\ZAAINE_ZHNSAE-L1-7SD52.ElmRelay\Distance/Overcurrent/Voltage.ElmRelay\PPOL poly.RelDispoly,1,SANTO DOMINGO,CENTRAL,CENTRAL 138 kV,ZIAANE,PPOL poly
Z1,\VM-PF.IntUser\PDD 31-12-2024.IntPrj\Network Model.IntPrjfolder\Network Data.IntPrjfolder\CENTRAL 138 kV.ElmNet\ZIAANE.ElmSubstat\5.ElmTerm\Cub_1.StaCubic\ZAAINE_ZCLUIE-L1-7SA6.ElmRelay\Distance Polygonal.ElmRelay\Z1.RelDispoly,1,SANTO DOMINGO,CENTRAL,CENTRAL 138 kV,ZIAANE,Z1
Z1b,\VM-PF.IntUser\PDD 31-12-2024.IntPrj\Network Model.IntPrjfolder\Network Data.IntPrjfolder\CENTRAL 138 kV.ElmNet\ZIAANE.ElmSubstat\5.ElmTerm\Cub_1.StaCubic\ZAAINE_ZCLUIE-L1-7SA6.ElmRelay\Distance Polygonal.ElmRelay\Z1b.RelDispoly,1,SANTO DOMINGO,CENTRAL,CENTRAL 138 kV,ZIAANE,Z1b
Z2,\VM-PF.IntUser\PDD 31-12-2024.IntPrj\Network Model.IntPrjfolder\Network Data.IntPrjfolder\CENTRAL 138 kV.ElmNet\ZIAANE.ElmSubstat\5.ElmTerm\Cub_1.StaCubic\ZAAINE_ZCLUIE-L1-7SA6.ElmRelay\Distance Polygonal.ElmRelay\Z2.RelDispoly,1,SANTO DOMINGO,CENTRAL,CENTRAL 138 kV,ZIAANE,Z2
Z3,\VM-PF.IntUser\PDD 31-12-2024.IntPrj\Network Model.IntPrjfolder\Network Data.IntPrjfolder\CENTRAL 138 kV.ElmNet\ZIAANE.ElmSubstat\5.ElmTerm\Cub_1.StaCubic\ZAAINE_ZCLUIE-L1-7SA6.ElmRelay\Distance Polygonal.ElmRelay\Z3.RelDispoly,1,SANTO DOMINGO,CENTRAL,CENTRAL 138 kV,ZIAANE,Z3
Z4,\VM-PF.IntUser\PDD 31-12-2024.IntPrj\Network Model.IntPrjfolder\Network Data.IntPrjfolder\CENTRAL 138 kV.ElmNet\ZIAANE.ElmSubstat\5.ElmTerm\Cub_1.StaCubic\ZAAINE_ZCLUIE-L1-7SA6.ElmRelay\Distance Polygonal.ElmRelay\Z4.RelDispoly,1,SANTO DOMINGO,CENTRAL,CENTRAL 138 kV,ZIAANE,Z4
Z5,\VM-PF.IntUser\PDD 31-12-2024.IntPrj\Network Model.IntPrjfolder\Network Data.IntPrjfolder\CENTRAL 138 kV.ElmNet\ZIAANE.ElmSubstat\5.ElmTerm\Cub_1.StaCubic\ZAAINE_ZCLUIE-L1-7SA6.ElmRelay\Distance Polygonal.ElmRelay\Z5.RelDispoly,1,SANTO DOMINGO,CENTRAL,CENTRAL 138 kV,ZIAANE,Z5
Z1,\VM-PF.IntUser\PDD 31-12-2024.IntPrj\Network Model.IntPrjfolder\Network Data.IntPrjfolder\CENTRAL 138 kV.ElmNet\ZIAANE.ElmSubstat\5.ElmTerm\Cub_1.StaCubic\ZAAINE_ZCLUIE-L1-7SD52.ElmRelay\Distance/Overcurrent/Voltage.ElmRelay\Z1.RelDispoly,1,SANTO DOMINGO,CENTRAL,CENTRAL 138 kV,ZIAANE,Z1
Z1b,\VM-PF.IntUser\PDD 31-12-2024.IntPrj\Network Model.IntPrjfolder\Network Data.IntPrjfolder\CENTRAL 138 kV.ElmNet\ZIAANE.ElmSubstat\5.ElmTerm\Cub_1.StaCubic\ZAAINE_ZCLUIE-L1-7SD52.ElmRelay\Distance/Overcurrent/Voltage.ElmRelay\Z1b.RelDispoly,1,SANTO DOMINGO,CENTRAL,CENTRAL 138 kV,ZIAANE,Z1b
Z2,\VM-PF.IntUser\PDD 31-12-2024.IntPrj\Network Model.IntPrjfolder\Network Data.IntPrjfolder\CENTRAL 138 kV.ElmNet\ZIAANE.ElmSubstat\5.ElmTerm\Cub_1.StaCubic\ZAAINE_ZCLUIE-L1-7SD52.ElmRelay\Distance/Overcurrent/Voltage.ElmRelay\Z2.RelDispoly,1,SANTO DOMINGO,CENTRAL,CENTRAL 138 kV,ZIAANE,Z2
Z3,\VM-PF.IntUser\PDD 31-12-2024.IntPrj\Network Model.IntPrjfolder\Network Data.IntPrjfolder\CENTRAL 138 kV.ElmNet\ZIAANE.ElmSubstat\5.ElmTerm\Cub_1.StaCubic\ZAAINE_ZCLUIE-L1-7SD52.ElmRelay\Distance/Overcurrent/Voltage.ElmRelay\Z3.RelDispoly,1,SANTO DOMINGO,CENTRAL,CENTRAL 138 kV,ZIAANE,Z3
Z4,\VM-PF.IntUser\PDD 31-12-2024.IntPrj\Network Model.IntPrjfolder\Network Data.IntPrjfolder\CENTRAL 138 kV.ElmNet\ZIAANE.ElmSubstat\5.ElmTerm\Cub_1.StaCubic\ZAAINE_ZCLUIE-L1-7SD52.ElmRelay\Distance/Overcurrent/Voltage.ElmRelay\Z4.RelDispoly,1,SANTO DOMINGO,CENTRAL,CENTRAL 138 kV,ZIAANE,Z4
Z5,\VM-PF.IntUser\PDD 31-12-2024.IntPrj\Network Model.IntPrjfolder\Network Data.IntPrjfolder\CENTRAL 138 kV.ElmNet\ZIAANE.ElmSubstat\5.ElmTerm\Cub_1.StaCubic\ZAAINE_ZCLUIE-L1-7SD52.ElmRelay\Distance/Overcurrent/Voltage.ElmRelay\Z5.RelDispoly,1,SANTO DOMINGO,CENTRAL,CENTRAL 138 kV,ZIAANE,Z5
PPOL poly,\VM-PF.IntUser\PDD 31-12-2024.IntPrj\Network Model.IntPrjfolder\Network Data.IntPrjfolder\CENTRAL 138 kV.ElmNet\ZIAANE.ElmSubstat\5.ElmTerm\Cub_1.StaCubic\ZAAINE_ZCLUIE-L1-7SD52.ElmRelay\Distance/Overcurrent/Voltage.ElmRelay\PPOL poly.RelDispoly,1,SANTO DOMINGO,CENTRAL,CENTRAL 138 kV,ZIAANE,PPOL poly
Z1,\VM-PF.IntUser\PDD 31-12-2024.IntPrj\Network Model.IntPrjfolder\Network Data.IntPrjfolder\CENTRAL 138 kV.ElmNet\ZLPRAE.ElmSubstat\1.ElmTerm\Cub_1.StaCubic\ZLPRAE_ZEMBAE-L1-7SA6.ElmRelay\Distance Polygonal.ElmRelay\Z1.RelDispoly,1,DISTRITO NACIONAL,CENTRAL,CENTRAL 138 kV,ZLPRAE,Z1
Z1b,\VM-PF.IntUser\PDD 31-12-2024.IntPrj\Network Model.IntPrjfolder\Network Data.IntPrjfolder\CENTRAL 138 kV.ElmNet\ZLPRAE.ElmSubstat\1.ElmTerm\Cub_1.StaCubic\ZLPRAE_ZEMBAE-L1-7SA6.ElmRelay\Distance Polygonal.ElmRelay\Z1b.RelDispoly,1,DISTRITO NACIONAL,CENTRAL,CENTRAL 138 kV,ZLPRAE,Z1b
Z2,\VM-PF.IntUser\PDD 31-12-2024.IntPrj\Network Model.IntPrjfolder\Network Data.IntPrjfolder\CENTRAL 138 kV.ElmNet\ZLPRAE.ElmSubstat\1.ElmTerm\Cub_1.StaCubic\ZLPRAE_ZEMBAE-L1-7SA6.ElmRelay\Distance Polygonal.ElmRelay\Z2.RelDispoly,1,DISTRITO NACIONAL,CENTRAL,CENTRAL 138 kV,ZLPRAE,Z2
Z3,\VM-PF.IntUser\PDD 31-12-2024.IntPrj\Network Model.IntPrjfolder\Network Data.IntPrjfolder\CENTRAL 138 kV.ElmNet\ZLPRAE.ElmSubstat\1.ElmTerm\Cub_1.StaCubic\ZLPRAE_ZEMBAE-L1-7SA6.ElmRelay\Distance Polygonal.ElmRelay\Z3.RelDispoly,1,DISTRITO NACIONAL,CENTRAL,CENTRAL 138 kV,ZLPRAE,Z3
Z4,\VM-PF.IntUser\PDD 31-12-2024.IntPrj\Network Model.IntPrjfolder\Network Data.IntPrjfolder\CENTRAL 138 kV.ElmNet\ZLPRAE.ElmSubstat\1.ElmTerm\Cub_1.StaCubic\ZLPRAE_ZEMBAE-L1-7SA6.ElmRelay\Distance Polygonal.ElmRelay\Z4.RelDispoly,1,DISTRITO NACIONAL,CENTRAL,CENTRAL 138 kV,ZLPRAE,Z4
Z5,\VM-PF.IntUser\PDD 31-12-2024.IntPrj\Network Model.IntPrjfolder\Network Data.IntPrjfolder\CENTRAL 138 kV.ElmNet\ZLPRAE.ElmSubstat\1.ElmTerm\Cub_1.StaCubic\ZLPRAE_ZEMBAE-L1-7SA6.ElmRelay\Distance Polygonal.ElmRelay\Z5.RelDispoly,1,DISTRITO NACIONAL,CENTRAL,CENTRAL 138 kV,ZLPRAE,Z5
Z1,\VM-PF.IntUser\PDD 31-12-2024.IntPrj\Network Model.IntPrjfolder\Network Data.IntPrjfolder\CENTRAL 138 kV.ElmNet\ZLPRAE.ElmSubstat\3.ElmTerm\Cub_1.StaCubic\ZLPRAE_ZHERRE-L1-7SA6.ElmRelay\Distance Polygonal.ElmRelay\Z1.RelDispoly,1,DISTRITO NACIONAL,CENTRAL,CENTRAL 138 kV,ZLPRAE,Z1
Z1b,\VM-PF.IntUser\PDD 31-12-2024.IntPrj\Network Model.IntPrjfolder\Network Data.IntPrjfolder\CENTRAL 138 kV.ElmNet\ZLPRAE.ElmSubstat\3.ElmTerm\Cub_1.StaCubic\ZLPRAE_ZHERRE-L1-7SA6.ElmRelay\Distance Polygonal.ElmRelay\Z1b.RelDispoly,1,DISTRITO NACIONAL,CENTRAL,CENTRAL 138 kV,ZLPRAE,Z1b
Z2,\VM-PF.IntUser\PDD 31-12-2024.IntPrj\Network Model.IntPrjfolder\Network Data.IntPrjfolder\CENTRAL 138 kV.ElmNet\ZLPRAE.ElmSubstat\3.ElmTerm\Cub_1.StaCubic\ZLPRAE_ZHERRE-L1-7SA6.ElmRelay\Distance Polygonal.ElmRelay\Z2.RelDispoly,1,DISTRITO NACIONAL,CENTRAL,CENTRAL 138 kV,ZLPRAE,Z2
Z3,\VM-PF.IntUser\PDD 31-12-2024.IntPrj\Network Model.IntPrjfolder\Network Data.IntPrjfolder\CENTRAL 138 kV.ElmNet\ZLPRAE.ElmSubstat\3.ElmTerm\Cub_1.StaCubic\ZLPRAE_ZHERRE-L1-7SA6.ElmRelay\Distance Polygonal.ElmRelay\Z3.RelDispoly,1,DISTRITO NACIONAL,CENTRAL,CENTRAL 138 kV,ZLPRAE,Z3
Z4,\VM-PF.IntUser\PDD 31-12-2024.IntPrj\Network Model.IntPrjfolder\Network Data.IntPrjfolder\CENTRAL 138 kV.ElmNet\ZLPRAE.ElmSubstat\3.ElmTerm\Cub_1.StaCubic\ZLPRAE_ZHERRE-L1-7SA6.ElmRelay\Distance Polygonal.ElmRelay\Z4.RelDispoly,1,DISTRITO NACIONAL,CENTRAL,CENTRAL 138 kV,ZLPRAE,Z4
Z5,\VM-PF.IntUser\PDD 31-12-2024.IntPrj\Network Model.IntPrjfolder\Network Data.IntPrjfolder\CENTRAL 138 kV.ElmNet\ZLPRAE.ElmSubstat\3.ElmTerm\Cub_1.StaCubic\ZLPRAE_ZHERRE-L1-7SA6.ElmRelay\Distance Polygonal.ElmRelay\Z5.RelDispoly,1,DISTRITO NACIONAL,CENTRAL,CENTRAL 138 kV,ZLPRAE,Z5
Z1,\VM-PF.IntUser\PDD 31-12-2024.IntPrj\Network Model.IntPrjfolder\Network Data.IntPrjfolder\CENTRAL 138 kV.ElmNet\ZLPRAE.ElmSubstat\2.ElmTerm\Cub_1.StaCubic\ZLPRAE_WITA2E-L1-7SA6.ElmRelay\Distance Polygonal.ElmRelay\Z1.RelDispoly,1,DISTRITO NACIONAL,CENTRAL,CENTRAL 138 kV,ZLPRAE,Z1
Z1b,\VM-PF.IntUser\PDD 31-12-2024.IntPrj\Network Model.IntPrjfolder\Network Data.IntPrjfolder\CENTRAL 138 kV.ElmNet\ZLPRAE.ElmSubstat\2.ElmTerm\Cub_1.StaCubic\ZLPRAE_WITA2E-L1-7SA6.ElmRelay\Distance Polygonal.ElmRelay\Z1b.RelDispoly,1,DISTRITO NACIONAL,CENTRAL,CENTRAL 138 kV,ZLPRAE,Z1b
Z2,\VM-PF.IntUser\PDD 31-12-2024.IntPrj\Network Model.IntPrjfolder\Network Data.IntPrjfolder\CENTRAL 138 kV.ElmNet\ZLPRAE.ElmSubstat\2.ElmTerm\Cub_1.StaCubic\ZLPRAE_WITA2E-L1-7SA6.ElmRelay\Distance Polygonal.ElmRelay\Z2.RelDispoly,1,DISTRITO NACIONAL,CENTRAL,CENTRAL 138 kV,ZLPRAE,Z2
Z3,\VM-PF.IntUser\PDD 31-12-2024.IntPrj\Network Model.IntPrjfolder\Network Data.IntPrjfolder\CENTRAL 138 kV.ElmNet\ZLPRAE.ElmSubstat\2.ElmTerm\Cub_1.StaCubic\ZLPRAE_WITA2E-L1-7SA6.ElmRelay\Distance Polygonal.ElmRelay\Z3.RelDispoly,1,DISTRITO NACIONAL,CENTRAL,CENTRAL 138 kV,ZLPRAE,Z3
Z4,\VM-PF.IntUser\PDD 31-12-2024.IntPrj\Network Model.IntPrjfolder\Network Data.IntPrjfolder\CENTRAL 138 kV.ElmNet\ZLPRAE.ElmSubstat\2.ElmTerm\Cub_1.StaCubic\ZLPRAE_WITA2E-L1-7SA6.ElmRelay\Distance Polygonal.ElmRelay\Z4.RelDispoly,1,DISTRITO NACIONAL,CENTRAL,CENTRAL 138 kV,ZLPRAE,Z4
Z5,\VM-PF.IntUser\PDD 31-12-2024.IntPrj\Network Model.IntPrjfolder\Network Data.IntPrjfolder\CENTRAL 138 kV.ElmNet\ZLPRAE.ElmSubstat\2.ElmTerm\Cub_1.StaCubic\ZLPRAE_WITA2E-L1-7SA6.ElmRelay\Distance Polygonal.ElmRelay\Z5.RelDispoly,1,DISTRITO NACIONAL,CENTRAL,CENTRAL 138 kV,ZLPRAE,Z5
Z1,\VM-PF.IntUser\PDD 31-12-2024.IntPrj\Network Model.IntPrjfolder\Network Data.IntPrjfolder\CENTRAL 138 kV.ElmNet\ZUASDE.ElmSubstat\L1.ElmTerm\Cub_1.StaCubic\ZUASDE_ZCNPEE-L1-REL316-87L.ElmRelay\Z1.RelDispoly,1,DISTRITO NACIONAL,CENTRAL,CENTRAL 138 kV,ZUASDE,Z1
Z2,\VM-PF.IntUser\PDD 31-12-2024.IntPrj\Network Model.IntPrjfolder\Network Data.IntPrjfolder\CENTRAL 138 kV.ElmNet\ZUASDE.ElmSubstat\L1.ElmTerm\Cub_1.StaCubic\ZUASDE_ZCNPEE-L1-REL316-87L.ElmRelay\Z2.RelDispoly,1,DISTRITO NACIONAL,CENTRAL,CENTRAL 138 kV,ZUASDE,Z2
Z3,\VM-PF.IntUser\PDD 31-12-2024.IntPrj\Network Model.IntPrjfolder\Network Data.IntPrjfolder\CENTRAL 138 kV.ElmNet\ZUASDE.ElmSubstat\L1.ElmTerm\Cub_1.StaCubic\ZUASDE_ZCNPEE-L1-REL316-87L.ElmRelay\Z3.RelDispoly,1,DISTRITO NACIONAL,CENTRAL,CENTRAL 138 kV,ZUASDE,Z3
Z4,\VM-PF.IntUser\PDD 31-12-2024.IntPrj\Network Model.IntPrjfolder\Network Data.IntPrjfolder\CENTRAL 138 kV.ElmNet\ZUASDE.ElmSubstat\L1.ElmTerm\Cub_1.StaCubic\ZUASDE_ZCNPEE-L1-REL316-87L.ElmRelay\Z4.RelDispoly,1,DISTRITO NACIONAL,CENTRAL,CENTRAL 138 kV,ZUASDE,Z4
Zback,\VM-PF.IntUser\PDD 31-12-2024.IntPrj\Network Model.IntPrjfolder\Network Data.IntPrjfolder\CENTRAL 138 kV.ElmNet\ZUASDE.ElmSubstat\L1.ElmTerm\Cub_1.StaCubic\ZUASDE_ZCNPEE-L1-REL316-87L.ElmRelay\Zback.RelDispoly,1,DISTRITO NACIONAL,CENTRAL,CENTRAL 138 kV,ZUASDE,Zback
Z1,\VM-PF.IntUser\PDD 31-12-2024.IntPrj\Network Model.IntPrjfolder\Network Data.IntPrjfolder\CENTRAL 138 kV.ElmNet\ZUASDE.ElmSubstat\L1.ElmTerm\Cub_1.StaCubic\ZUASDE_ZCNPEE-L1-REL316.ElmRelay\Z1.RelDispoly,1,DISTRITO NACIONAL,CENTRAL,CENTRAL 138 kV,ZUASDE,Z1
Z2,\VM-PF.IntUser\PDD 31-12-2024.IntPrj\Network Model.IntPrjfolder\Network Data.IntPrjfolder\CENTRAL 138 kV.ElmNet\ZUASDE.ElmSubstat\L1.ElmTerm\Cub_1.StaCubic\ZUASDE_ZCNPEE-L1-REL316.ElmRelay\Z2.RelDispoly,1,DISTRITO NACIONAL,CENTRAL,CENTRAL 138 kV,ZUASDE,Z2
Z3,\VM-PF.IntUser\PDD 31-12-2024.IntPrj\Network Model.IntPrjfolder\Network Data.IntPrjfolder\CENTRAL 138 kV.ElmNet\ZUASDE.ElmSubstat\L1.ElmTerm\Cub_1.StaCubic\ZUASDE_ZCNPEE-L1-REL316.ElmRelay\Z3.RelDispoly,1,DISTRITO NACIONAL,CENTRAL,CENTRAL 138 kV,ZUASDE,Z3
Z4,\VM-PF.IntUser\PDD 31-12-2024.IntPrj\Network Model.IntPrjfolder\Network Data.IntPrjfolder\CENTRAL 138 kV.ElmNet\ZUASDE.ElmSubstat\L1.ElmTerm\Cub_1.StaCubic\ZUASDE_ZCNPEE-L1-REL316.ElmRelay\Z4.RelDispoly,1,DISTRITO NACIONAL,CENTRAL,CENTRAL 138 kV,ZUASDE,Z4
Zback,\VM-PF.IntUser\PDD 31-12-2024.IntPrj\Network Model.IntPrjfolder\Network Data.IntPrjfolder\CENTRAL 138 kV.ElmNet\ZUASDE.ElmSubstat\L1.ElmTerm\Cub_1.StaCubic\ZUASDE_ZCNPEE-L1-REL316.ElmRelay\Zback.RelDispoly,1,DISTRITO NACIONAL,CENTRAL,CENTRAL 138 kV,ZUASDE,Zback
Z1,\VM-PF.IntUser\PDD 31-12-2024.IntPrj\Network Model.IntPrjfolder\Network Data.IntPrjfolder\CENTRAL 138 kV.ElmNet\ZUASDE.ElmSubstat\R1.ElmTerm\Cub_1.StaCubic\ZUASDE_ZMATBE-L1-REL316-87L.ElmRelay\Z1.RelDispoly,1,DISTRITO NACIONAL,CENTRAL,CENTRAL 138 kV,ZUASDE,Z1
Z2,\VM-PF.IntUser\PDD 31-12-2024.IntPrj\Network Model.IntPrjfolder\Network Data.IntPrjfolder\CENTRAL 138 kV.ElmNet\ZUASDE.ElmSubstat\R1.ElmTerm\Cub_1.StaCubic\ZUASDE_ZMATBE-L1-REL316-87L.ElmRelay\Z2.RelDispoly,1,DISTRITO NACIONAL,CENTRAL,CENTRAL 138 kV,ZUASDE,Z2
Z3,\VM-PF.IntUser\PDD 31-12-2024.IntPrj\Network Model.IntPrjfolder\Network Data.IntPrjfolder\CENTRAL 138 kV.ElmNet\ZUASDE.ElmSubstat\R1.ElmTerm\Cub_1.StaCubic\ZUASDE_ZMATBE-L1-REL316-87L.ElmRelay\Z3.RelDispoly,1,DISTRITO NACIONAL,CENTRAL,CENTRAL 138 kV,ZUASDE,Z3
Z4,\VM-PF.IntUser\PDD 31-12-2024.IntPrj\Network Model.IntPrjfolder\Network Data.IntPrjfolder\CENTRAL 138 kV.ElmNet\ZUASDE.ElmSubstat\R1.ElmTerm\Cub_1.StaCubic\ZUASDE_ZMATBE-L1-REL316-87L.ElmRelay\Z4.RelDispoly,1,DISTRITO NACIONAL,CENTRAL,CENTRAL 138 kV,ZUASDE,Z4
Zback,\VM-PF.IntUser\PDD 31-12-2024.IntPrj\Network Model.IntPrjfolder\Network Data.IntPrjfolder\CENTRAL 138 kV.ElmNet\ZUASDE.ElmSubstat\R1.ElmTerm\Cub_1.StaCubic\ZUASDE_ZMATBE-L1-REL316-87L.ElmRelay\Zback.RelDispoly,1,DISTRITO NACIONAL,CENTRAL,CENTRAL 138 kV,ZUASDE,Zback
Z1,\VM-PF.IntUser\PDD 31-12-2024.IntPrj\Network Model.IntPrjfolder\Network Data.IntPrjfolder\CENTRAL 138 kV.ElmNet\ZUASDE.ElmSubstat\R1.ElmTerm\Cub_1.StaCubic\ZUASDE_ZMATBE-L1-REL316.ElmRelay\Z1.RelDispoly,1,DISTRITO NACIONAL,CENTRAL,CENTRAL 138 kV,ZUASDE,Z1
Z2,\VM-PF.IntUser\PDD 31-12-2024.IntPrj\Network Model.IntPrjfolder\Network Data.IntPrjfolder\CENTRAL 138 kV.ElmNet\ZUASDE.ElmSubstat\R1.ElmTerm\Cub_1.StaCubic\ZUASDE_ZMATBE-L1-REL316.ElmRelay\Z2.RelDispoly,1,DISTRITO NACIONAL,CENTRAL,CENTRAL 138 kV,ZUASDE,Z2
Z3,\VM-PF.IntUser\PDD 31-12-2024.IntPrj\Network Model.IntPrjfolder\Network Data.IntPrjfolder\CENTRAL 138 kV.ElmNet\ZUASDE.ElmSubstat\R1.ElmTerm\Cub_1.StaCubic\ZUASDE_ZMATBE-L1-REL316.ElmRelay\Z3.RelDispoly,1,DISTRITO NACIONAL,CENTRAL,CENTRAL 138 kV,ZUASDE,Z3
Z4,\VM-PF.IntUser\PDD 31-12-2024.IntPrj\Network Model.IntPrjfolder\Network Data.IntPrjfolder\CENTRAL 138 kV.ElmNet\ZUASDE.ElmSubstat\R1.ElmTerm\Cub_1.StaCubic\ZUASDE_ZMATBE-L1-REL316.ElmRelay\Z4.RelDispoly,1,DISTRITO NACIONAL,CENTRAL,CENTRAL 138 kV,ZUASDE,Z4
Zback,\VM-PF.IntUser\PDD 31-12-2024.IntPrj\Network Model.IntPrjfolder\Network Data.IntPrjfolder\CENTRAL 138 kV.ElmNet\ZUASDE.ElmSubstat\R1.ElmTerm\Cub_1.StaCubic\ZUASDE_ZMATBE-L1-REL316.ElmRelay\Zback.RelDispoly,1,DISTRITO NACIONAL,CENTRAL,CENTRAL 138 kV,ZUASDE,Zback
Zone 6,\VM-PF.IntUser\PDD 31-12-2024.IntPrj\Network Model.IntPrjfolder\Network Data.IntPrjfolder\CENTRAL 138 kV.ElmNet\ZUASDE.ElmSubstat\L2.ElmTerm\Cub_1.StaCubic\ZUASDE_ZITAGE-L1-SEL 411L.ElmRelay\Out of step.ElmRelay\Zone 6.RelDispoly,1,DISTRITO NACIONAL,CENTRAL,CENTRAL 138 kV,ZUASDE,Zone 6
Zone 7,\VM-PF.IntUser\PDD 31-12-2024.IntPrj\Network Model.IntPrjfolder\Network Data.IntPrjfolder\CENTRAL 138 kV.ElmNet\ZUASDE.ElmSubstat\L2.ElmTerm\Cub_1.StaCubic\ZUASDE_ZITAGE-L1-SEL 411L.ElmRelay\Out of step.ElmRelay\Zone 7.RelDispoly,1,DISTRITO NACIONAL,CENTRAL,CENTRAL 138 kV,ZUASDE,Zone 7
G-Q1,\VM-PF.IntUser\PDD 31-12-2024.IntPrj\Network Model.IntPrjfolder\Network Data.IntPrjfolder\CENTRAL 138 kV.ElmNet\ZUASDE.ElmSubstat\L2.ElmTerm\Cub_1.StaCubic\ZUASDE_ZITAGE-L1-SEL 411L.ElmRelay\G-Q1.RelDispoly,1,DISTRITO NACIONAL,CENTRAL,CENTRAL 138 kV,ZUASDE,G-Q1
G-Q2,\VM-PF.IntUser\PDD 31-12-2024.IntPrj\Network Model.IntPrjfolder\Network Data.IntPrjfolder\CENTRAL 138 kV.ElmNet\ZUASDE.ElmSubstat\L2.ElmTerm\Cub_1.StaCubic\ZUASDE_ZITAGE-L1-SEL 411L.ElmRelay\G-Q2.RelDispoly,1,DISTRITO NACIONAL,CENTRAL,CENTRAL 138 kV,ZUASDE,G-Q2
G-Q3,\VM-PF.IntUser\PDD 31-12-2024.IntPrj\Network Model.IntPrjfolder\Network Data.IntPrjfolder\CENTRAL 138 kV.ElmNet\ZUASDE.ElmSubstat\L2.ElmTerm\Cub_1.StaCubic\ZUASDE_ZITAGE-L1-SEL 411L.ElmRelay\G-Q3.RelDispoly,1,DISTRITO NACIONAL,CENTRAL,CENTRAL 138 kV,ZUASDE,G-Q3
G-Q4,\VM-PF.IntUser\PDD 31-12-2024.IntPrj\Network Model.IntPrjfolder\Network Data.IntPrjfolder\CENTRAL 138 kV.ElmNet\ZUASDE.ElmSubstat\L2.ElmTerm\Cub_1.StaCubic\ZUASDE_ZITAGE-L1-SEL 411L.ElmRelay\G-Q4.RelDispoly,1,DISTRITO NACIONAL,CENTRAL,CENTRAL 138 kV,ZUASDE,G-Q4
G-Q5,\VM-PF.IntUser\PDD 31-12-2024.IntPrj\Network Model.IntPrjfolder\Network Data.IntPrjfolder\CENTRAL 138 kV.ElmNet\ZUASDE.ElmSubstat\L2.ElmTerm\Cub_1.StaCubic\ZUASDE_ZITAGE-L1-SEL 411L.ElmRelay\G-Q5.RelDispoly,1,DISTRITO NACIONAL,CENTRAL,CENTRAL 138 kV,ZUASDE,G-Q5
Z1,\VM-PF.IntUser\PDD 31-12-2024.IntPrj\Network Model.IntPrjfolder\Network Data.IntPrjfolder\CENTRAL 138 kV.ElmNet\ZEBRIE.ElmSubstat\2.ElmTerm\Cub_1.StaCubic\ZEBRIE_ZHNSAE-L1-7SA6.ElmRelay\Distance Polygonal.ElmRelay\Z1.RelDispoly,1,SANTO DOMINGO,CENTRAL,CENTRAL 138 kV,ZEBRIE,Z1
Z1b,\VM-PF.IntUser\PDD 31-12-2024.IntPrj\Network Model.IntPrjfolder\Network Data.IntPrjfolder\CENTRAL 138 kV.ElmNet\ZEBRIE.ElmSubstat\2.ElmTerm\Cub_1.StaCubic\ZEBRIE_ZHNSAE-L1-7SA6.ElmRelay\Distance Polygonal.ElmRelay\Z1b.RelDispoly,1,SANTO DOMINGO,CENTRAL,CENTRAL 138 kV,ZEBRIE,Z1b
Z2,\VM-PF.IntUser\PDD 31-12-2024.IntPrj\Network Model.IntPrjfolder\Network Data.IntPrjfolder\CENTRAL 138 kV.ElmNet\ZEBRIE.ElmSubstat\2.ElmTerm\Cub_1.StaCubic\ZEBRIE_ZHNSAE-L1-7SA6.ElmRelay\Distance Polygonal.ElmRelay\Z2.RelDispoly,1,SANTO DOMINGO,CENTRAL,CENTRAL 138 kV,ZEBRIE,Z2
Z3,\VM-PF.IntUser\PDD 31-12-2024.IntPrj\Network Model.IntPrjfolder\Network Data.IntPrjfolder\CENTRAL 138 kV.ElmNet\ZEBRIE.ElmSubstat\2.ElmTerm\Cub_1.StaCubic\ZEBRIE_ZHNSAE-L1-7SA6.ElmRelay\Distance Polygonal.ElmRelay\Z3.RelDispoly,1,SANTO DOMINGO,CENTRAL,CENTRAL 138 kV,ZEBRIE,Z3
Z4,\VM-PF.IntUser\PDD 31-12-2024.IntPrj\Network Model.IntPrjfolder\Network Data.IntPrjfolder\CENTRAL 138 kV.ElmNet\ZEBRIE.ElmSubstat\2.ElmTerm\Cub_1.StaCubic\ZEBRIE_ZHNSAE-L1-7SA6.ElmRelay\Distance Polygonal.ElmRelay\Z4.RelDispoly,1,SANTO DOMINGO,CENTRAL,CENTRAL 138 kV,ZEBRIE,Z4
Z5,\VM-PF.IntUser\PDD 31-12-2024.IntPrj\Network Model.IntPrjfolder\Network Data.IntPrjfolder\CENTRAL 138 kV.ElmNet\ZEBRIE.ElmSubstat\2.ElmTerm\Cub_1.StaCubic\ZEBRIE_ZHNSAE-L1-7SA6.ElmRelay\Distance Polygonal.ElmRelay\Z5.RelDispoly,1,SANTO DOMINGO,CENTRAL,CENTRAL 138 kV,ZEBRIE,Z5
Z1,\VM-PF.IntUser\PDD 31-12-2024.IntPrj\Network Model.IntPrjfolder\Network Data.IntPrjfolder\CENTRAL 138 kV.ElmNet\ZEBRIE.ElmSubstat\1.ElmTerm\Cub_1.StaCubic\ZEBRIE_VDU1E-L1-7SA6.ElmRelay\Distance Polygonal.ElmRelay\Z1.RelDispoly,1,SANTO DOMINGO,CENTRAL,CENTRAL 138 kV,ZEBRIE,Z1
Z1b,\VM-PF.IntUser\PDD 31-12-2024.IntPrj\Network Model.IntPrjfolder\Network Data.IntPrjfolder\CENTRAL 138 kV.ElmNet\ZEBRIE.ElmSubstat\1.ElmTerm\Cub_1.StaCubic\ZEBRIE_VDU1E-L1-7SA6.ElmRelay\Distance Polygonal.ElmRelay\Z1b.RelDispoly,1,SANTO DOMINGO,CENTRAL,CENTRAL 138 kV,ZEBRIE,Z1b
Z2,\VM-PF.IntUser\PDD 31-12-2024.IntPrj\Network Model.IntPrjfolder\Network Data.IntPrjfolder\CENTRAL 138 kV.ElmNet\ZEBRIE.ElmSubstat\1.ElmTerm\Cub_1.StaCubic\ZEBRIE_VDU1E-L1-7SA6.ElmRelay\Distance Polygonal.ElmRelay\Z2.RelDispoly,1,SANTO DOMINGO,CENTRAL,CENTRAL 138 kV,ZEBRIE,Z2
Z3,\VM-PF.IntUser\PDD 31-12-2024.IntPrj\Network Model.IntPrjfolder\Network Data.IntPrjfolder\CENTRAL 138 kV.ElmNet\ZEBRIE.ElmSubstat\1.ElmTerm\Cub_1.StaCubic\ZEBRIE_VDU1E-L1-7SA6.ElmRelay\Distance Polygonal.ElmRelay\Z3.RelDispoly,1,SANTO DOMINGO,CENTRAL,CENTRAL 138 kV,ZEBRIE,Z3
Z4,\VM-PF.IntUser\PDD 31-12-2024.IntPrj\Network Model.IntPrjfolder\Network Data.IntPrjfolder\CENTRAL 138 kV.ElmNet\ZEBRIE.ElmSubstat\1.ElmTerm\Cub_1.StaCubic\ZEBRIE_VDU1E-L1-7SA6.ElmRelay\Distance Polygonal.ElmRelay\Z4.RelDispoly,1,SANTO DOMINGO,CENTRAL,CENTRAL 138 kV,ZEBRIE,Z4
Z5,\VM-PF.IntUser\PDD 31-12-2024.IntPrj\Network Model.IntPrjfolder\Network Data.IntPrjfolder\CENTRAL 138 kV.ElmNet\ZEBRIE.ElmSubstat\1.ElmTerm\Cub_1.StaCubic\ZEBRIE_VDU1E-L1-7SA6.ElmRelay\Distance Polygonal.ElmRelay\Z5.RelDispoly,1,SANTO DOMINGO,CENTRAL,CENTRAL 138 kV,ZEBRIE,Z5
Z1,\VM-PF.IntUser\PDD 31-12-2024.IntPrj\Network Model.IntPrjfolder\Network Data.IntPrjfolder\CENTRAL 138 kV.ElmNet\Metropolitano.ElmSite\ZMETRE.ElmSubstat\1.ElmTerm\Cub_1.StaCubic\ZMETRE_ZCNPEE-L1-REL316-87L.ElmRelay\Z1.RelDispoly,1,DISTRITO NACIONAL,CENTRAL,CENTRAL 138 kV,ZMETRE,Z1
Z2,\VM-PF.IntUser\PDD 31-12-2024.IntPrj\Network Model.IntPrjfolder\Network Data.IntPrjfolder\CENTRAL 138 kV.ElmNet\Metropolitano.ElmSite\ZMETRE.ElmSubstat\1.ElmTerm\Cub_1.StaCubic\ZMETRE_ZCNPEE-L1-REL316-87L.ElmRelay\Z2.RelDispoly,1,DISTRITO NACIONAL,CENTRAL,CENTRAL 138 kV,ZMETRE,Z2
Z3,\VM-PF.IntUser\PDD 31-12-2024.IntPrj\Network Model.IntPrjfolder\Network Data.IntPrjfolder\CENTRAL 138 kV.ElmNet\Metropolitano.ElmSite\ZMETRE.ElmSubstat\1.ElmTerm\Cub_1.StaCubic\ZMETRE_ZCNPEE-L1-REL316-87L.ElmRelay\Z3.RelDispoly,1,DISTRITO NACIONAL,CENTRAL,CENTRAL 138 kV,ZMETRE,Z3
Z4,\VM-PF.IntUser\PDD 31-12-2024.IntPrj\Network Model.IntPrjfolder\Network Data.IntPrjfolder\CENTRAL 138 kV.ElmNet\Metropolitano.ElmSite\ZMETRE.ElmSubstat\1.ElmTerm\Cub_1.StaCubic\ZMETRE_ZCNPEE-L1-REL316-87L.ElmRelay\Z4.RelDispoly,1,DISTRITO NACIONAL,CENTRAL,CENTRAL 138 kV,ZMETRE,Z4
Zback,\VM-PF.IntUser\PDD 31-12-2024.IntPrj\Network Model.IntPrjfolder\Network Data.IntPrjfolder\CENTRAL 138 kV.ElmNet\Metropolitano.ElmSite\ZMETRE.ElmSubstat\1.ElmTerm\Cub_1.StaCubic\ZMETRE_ZCNPEE-L1-REL316-87L.ElmRelay\Zback.RelDispoly,1,DISTRITO NACIONAL,CENTRAL,CENTRAL 138 kV,ZMETRE,Zback
Z1,\VM-PF.IntUser\PDD 31-12-2024.IntPrj\Network Model.IntPrjfolder\Network Data.IntPrjfolder\CENTRAL 138 kV.ElmNet\Metropolitano.ElmSite\ZMETRE.ElmSubstat\1.ElmTerm\Cub_1.StaCubic\ZMETRE_ZCNPEE-L1-REL316.ElmRelay\Z1.RelDispoly,1,DISTRITO NACIONAL,CENTRAL,CENTRAL 138 kV,ZMETRE,Z1
Z2,\VM-PF.IntUser\PDD 31-12-2024.IntPrj\Network Model.IntPrjfolder\Network Data.IntPrjfolder\CENTRAL 138 kV.ElmNet\Metropolitano.ElmSite\ZMETRE.ElmSubstat\1.ElmTerm\Cub_1.StaCubic\ZMETRE_ZCNPEE-L1-REL316.ElmRelay\Z2.RelDispoly,1,DISTRITO NACIONAL,CENTRAL,CENTRAL 138 kV,ZMETRE,Z2
Z3,\VM-PF.IntUser\PDD 31-12-2024.IntPrj\Network Model.IntPrjfolder\Network Data.IntPrjfolder\CENTRAL 138 kV.ElmNet\Metropolitano.ElmSite\ZMETRE.ElmSubstat\1.ElmTerm\Cub_1.StaCubic\ZMETRE_ZCNPEE-L1-REL316.ElmRelay\Z3.RelDispoly,1,DISTRITO NACIONAL,CENTRAL,CENTRAL 138 kV,ZMETRE,Z3
Z4,\VM-PF.IntUser\PDD 31-12-2024.IntPrj\Network Model.IntPrjfolder\Network Data.IntPrjfolder\CENTRAL 138 kV.ElmNet\Metropolitano.ElmSite\ZMETRE.ElmSubstat\1.ElmTerm\Cub_1.StaCubic\ZMETRE_ZCNPEE-L1-REL316.ElmRelay\Z4.RelDispoly,1,DISTRITO NACIONAL,CENTRAL,CENTRAL 138 kV,ZMETRE,Z4
Zback,\VM-PF.IntUser\PDD 31-12-2024.IntPrj\Network Model.IntPrjfolder\Network Data.IntPrjfolder\CENTRAL 138 kV.ElmNet\Metropolitano.ElmSite\ZMETRE.ElmSubstat\1.ElmTerm\Cub_1.StaCubic\ZMETRE_ZCNPEE-L1-REL316.ElmRelay\Zback.RelDispoly,1,DISTRITO NACIONAL,CENTRAL,CENTRAL 138 kV,ZMETRE,Zback
Z1,\VM-PF.IntUser\PDD 31-12-2024.IntPrj\Network Model.IntPrjfolder\Network Data.IntPrjfolder\CENTRAL 138 kV.ElmNet\Metropolitano.ElmSite\ZMETRE.ElmSubstat\2.ElmTerm\Cub_1.StaCubic\ZMETRE_ZPARAE-L1-REL316-87L.ElmRelay\Z1.RelDispoly,1,DISTRITO NACIONAL,CENTRAL,CENTRAL 138 kV,ZMETRE,Z1
Z2,\VM-PF.IntUser\PDD 31-12-2024.IntPrj\Network Model.IntPrjfolder\Network Data.IntPrjfolder\CENTRAL 138 kV.ElmNet\Metropolitano.ElmSite\ZMETRE.ElmSubstat\2.ElmTerm\Cub_1.StaCubic\ZMETRE_ZPARAE-L1-REL316-87L.ElmRelay\Z2.RelDispoly,1,DISTRITO NACIONAL,CENTRAL,CENTRAL 138 kV,ZMETRE,Z2
Z3,\VM-PF.IntUser\PDD 31-12-2024.IntPrj\Network Model.IntPrjfolder\Network Data.IntPrjfolder\CENTRAL 138 kV.ElmNet\Metropolitano.ElmSite\ZMETRE.ElmSubstat\2.ElmTerm\Cub_1.StaCubic\ZMETRE_ZPARAE-L1-REL316-87L.ElmRelay\Z3.RelDispoly,1,DISTRITO NACIONAL,CENTRAL,CENTRAL 138 kV,ZMETRE,Z3
Z4,\VM-PF.IntUser\PDD 31-12-2024.IntPrj\Network Model.IntPrjfolder\Network Data.IntPrjfolder\CENTRAL 138 kV.ElmNet\Metropolitano.ElmSite\ZMETRE.ElmSubstat\2.ElmTerm\Cub_1.StaCubic\ZMETRE_ZPARAE-L1-REL316-87L.ElmRelay\Z4.RelDispoly,1,DISTRITO NACIONAL,CENTRAL,CENTRAL 138 kV,ZMETRE,Z4
Zback,\VM-PF.IntUser\PDD 31-12-2024.IntPrj\Network Model.IntPrjfolder\Network Data.IntPrjfolder\CENTRAL 138 kV.ElmNet\Metropolitano.ElmSite\ZMETRE.ElmSubstat\2.ElmTerm\Cub_1.StaCubic\ZMETRE_ZPARAE-L1-REL316-87L.ElmRelay\Zback.RelDispoly,1,DISTRITO NACIONAL,CENTRAL,CENTRAL 138 kV,ZMETRE,Zback
Z1,\VM-PF.IntUser\PDD 31-12-2024.IntPrj\Network Model.IntPrjfolder\Network Data.IntPrjfolder\CENTRAL 138 kV.ElmNet\Metropolitano.ElmSite\ZMETRE.ElmSubstat\2.ElmTerm\Cub_1.StaCubic\ZMETRE_ZPARAE-L1-REL316.ElmRelay\Z1.RelDispoly,1,DISTRITO NACIONAL,CENTRAL,CENTRAL 138 kV,ZMETRE,Z1
Z2,\VM-PF.IntUser\PDD 31-12-2024.IntPrj\Network Model.IntPrjfolder\Network Data.IntPrjfolder\CENTRAL 138 kV.ElmNet\Metropolitano.ElmSite\ZMETRE.ElmSubstat\2.ElmTerm\Cub_1.StaCubic\ZMETRE_ZPARAE-L1-REL316.ElmRelay\Z2.RelDispoly,1,DISTRITO NACIONAL,CENTRAL,CENTRAL 138 kV,ZMETRE,Z2
Z3,\VM-PF.IntUser\PDD 31-12-2024.IntPrj\Network Model.IntPrjfolder\Network Data.IntPrjfolder\CENTRAL 138 kV.ElmNet\Metropolitano.ElmSite\ZMETRE.ElmSubstat\2.ElmTerm\Cub_1.StaCubic\ZMETRE_ZPARAE-L1-REL316.ElmRelay\Z3.RelDispoly,1,DISTRITO NACIONAL,CENTRAL,CENTRAL 138 kV,ZMETRE,Z3
Z4,\VM-PF.IntUser\PDD 31-12-2024.IntPrj\Network Model.IntPrjfolder\Network Data.IntPrjfolder\CENTRAL 138 kV.ElmNet\Metropolitano.ElmSite\ZMETRE.ElmSubstat\2.ElmTerm\Cub_1.StaCubic\ZMETRE_ZPARAE-L1-REL316.ElmRelay\Z4.RelDispoly,1,DISTRITO NACIONAL,CENTRAL,CENTRAL 138 kV,ZMETRE,Z4
Zback,\VM-PF.IntUser\PDD 31-12-2024.IntPrj\Network Model.IntPrjfolder\Network Data.IntPrjfolder\CENTRAL 138 kV.ElmNet\Metropolitano.ElmSite\ZMETRE.ElmSubstat\2.ElmTerm\Cub_1.StaCubic\ZMETRE_ZPARAE-L1-REL316.ElmRelay\Zback.RelDispoly,1,DISTRITO NACIONAL,CENTRAL,CENTRAL 138 kV,ZMETRE,Zback
Zone 1,\VM-PF.IntUser\PDD 31-12-2024.IntPrj\Network Model.IntPrjfolder\Network Data.IntPrjfolder\CENTRAL 138 kV.ElmNet\ZVMELE.ElmSubstat\1.ElmTerm\Cub_1.StaCubic\ZVMELE_ZPAL2E-L1-REF542.ElmRelay\Distance elements (F21).ElmRelay\Zone 1.RelDispoly,1,SANTO DOMINGO,CENTRAL,CENTRAL 138 kV,ZVMELE,Zone 1
Zone 2,\VM-PF.IntUser\PDD 31-12-2024.IntPrj\Network Model.IntPrjfolder\Network Data.IntPrjfolder\CENTRAL 138 kV.ElmNet\ZVMELE.ElmSubstat\1.ElmTerm\Cub_1.StaCubic\ZVMELE_ZPAL2E-L1-REF542.ElmRelay\Distance elements (F21).ElmRelay\Zone 2.RelDispoly,1,SANTO DOMINGO,CENTRAL,CENTRAL 138 kV,ZVMELE,Zone 2
Zone 3,\VM-PF.IntUser\PDD 31-12-2024.IntPrj\Network Model.IntPrjfolder\Network Data.IntPrjfolder\CENTRAL 138 kV.ElmNet\ZVMELE.ElmSubstat\1.ElmTerm\Cub_1.StaCubic\ZVMELE_ZPAL2E-L1-REF542.ElmRelay\Distance elements (F21).ElmRelay\Zone 3.RelDispoly,1,SANTO DOMINGO,CENTRAL,CENTRAL 138 kV,ZVMELE,Zone 3
Zone Overreach,\VM-PF.IntUser\PDD 31-12-2024.IntPrj\Network Model.IntPrjfolder\Network Data.IntPrjfolder\CENTRAL 138 kV.ElmNet\ZVMELE.ElmSubstat\1.ElmTerm\Cub_1.StaCubic\ZVMELE_ZPAL2E-L1-REF542.ElmRelay\Distance elements (F21).ElmRelay\Zone Overreach.RelDispoly,1,SANTO DOMINGO,CENTRAL,CENTRAL 138 kV,ZVMELE,Zone Overreach
Autoreclose,\VM-PF.IntUser\PDD 31-12-2024.IntPrj\Network Model.IntPrjfolder\Network Data.IntPrjfolder\CENTRAL 138 kV.ElmNet\ZVMELE.ElmSubstat\1.ElmTerm\Cub_1.StaCubic\ZVMELE_ZPAL2E-L1-REF542.ElmRelay\Distance elements (F21).ElmRelay\Autoreclose.RelDispoly,1,SANTO DOMINGO,CENTRAL,CENTRAL 138 kV,ZVMELE,Autoreclose
Z1,\VM-PF.IntUser\PDD 31-12-2024.IntPrj\Network Model.IntPrjfolder\Network Data.IntPrjfolder\CENTRAL 138 kV.ElmNet\ZVMELE.ElmSubstat\1.ElmTerm\Cub_1.StaCubic\ZVMELE_ZPAL2E-L1-REL316.ElmRelay\Z1.RelDispoly,1,SANTO DOMINGO,CENTRAL,CENTRAL 138 kV,ZVMELE,Z1
Z2,\VM-PF.IntUser\PDD 31-12-2024.IntPrj\Network Model.IntPrjfolder\Network Data.IntPrjfolder\CENTRAL 138 kV.ElmNet\ZVMELE.ElmSubstat\1.ElmTerm\Cub_1.StaCubic\ZVMELE_ZPAL2E-L1-REL316.ElmRelay\Z2.RelDispoly,1,SANTO DOMINGO,CENTRAL,CENTRAL 138 kV,ZVMELE,Z2
Z3,\VM-PF.IntUser\PDD 31-12-2024.IntPrj\Network Model.IntPrjfolder\Network Data.IntPrjfolder\CENTRAL 138 kV.ElmNet\ZVMELE.ElmSubstat\1.ElmTerm\Cub_1.StaCubic\ZVMELE_ZPAL2E-L1-REL316.ElmRelay\Z3.RelDispoly,1,SANTO DOMINGO,CENTRAL,CENTRAL 138 kV,ZVMELE,Z3
Z4,\VM-PF.IntUser\PDD 31-12-2024.IntPrj\Network Model.IntPrjfolder\Network Data.IntPrjfolder\CENTRAL 138 kV.ElmNet\ZVMELE.ElmSubstat\1.ElmTerm\Cub_1.StaCubic\ZVMELE_ZPAL2E-L1-REL316.ElmRelay\Z4.RelDispoly,1,SANTO DOMINGO,CENTRAL,CENTRAL 138 kV,ZVMELE,Z4
Zback,\VM-PF.IntUser\PDD 31-12-2024.IntPrj\Network Model.IntPrjfolder\Network Data.IntPrjfolder\CENTRAL 138 kV.ElmNet\ZVMELE.ElmSubstat\1.ElmTerm\Cub_1.StaCubic\ZVMELE_ZPAL2E-L1-REL316.ElmRelay\Zback.RelDispoly,1,SANTO DOMINGO,CENTRAL,CENTRAL 138 kV,ZVMELE,Zback
Zone 1,\VM-PF.IntUser\PDD 31-12-2024.IntPrj\Network Model.IntPrjfolder\Network Data.IntPrjfolder\CENTRAL 138 kV.ElmNet\ZVMELE.ElmSubstat\2.ElmTerm\Cub_1.StaCubic\ZVMELE_ZHNSAE-L1-REF542.ElmRelay\Distance elements (F21).ElmRelay\Zone 1.RelDispoly,1,SANTO DOMINGO,CENTRAL,CENTRAL 138 kV,ZVMELE,Zone 1
Zone 2,\VM-PF.IntUser\PDD 31-12-2024.IntPrj\Network Model.IntPrjfolder\Network Data.IntPrjfolder\CENTRAL 138 kV.ElmNet\ZVMELE.ElmSubstat\2.ElmTerm\Cub_1.StaCubic\ZVMELE_ZHNSAE-L1-REF542.ElmRelay\Distance elements (F21).ElmRelay\Zone 2.RelDispoly,1,SANTO DOMINGO,CENTRAL,CENTRAL 138 kV,ZVMELE,Zone 2
Zone 3,\VM-PF.IntUser\PDD 31-12-2024.IntPrj\Network Model.IntPrjfolder\Network Data.IntPrjfolder\CENTRAL 138 kV.ElmNet\ZVMELE.ElmSubstat\2.ElmTerm\Cub_1.StaCubic\ZVMELE_ZHNSAE-L1-REF542.ElmRelay\Distance elements (F21).ElmRelay\Zone 3.RelDispoly,1,SANTO DOMINGO,CENTRAL,CENTRAL 138 kV,ZVMELE,Zone 3
Zone Overreach,\VM-PF.IntUser\PDD 31-12-2024.IntPrj\Network Model.IntPrjfolder\Network Data.IntPrjfolder\CENTRAL 138 kV.ElmNet\ZVMELE.ElmSubstat\2.ElmTerm\Cub_1.StaCubic\ZVMELE_ZHNSAE-L1-REF542.ElmRelay\Distance elements (F21).ElmRelay\Zone Overreach.RelDispoly,1,SANTO DOMINGO,CENTRAL,CENTRAL 138 kV,ZVMELE,Zone Overreach
Autoreclose,\VM-PF.IntUser\PDD 31-12-2024.IntPrj\Network Model.IntPrjfolder\Network Data.IntPrjfolder\CENTRAL 138 kV.ElmNet\ZVMELE.ElmSubstat\2.ElmTerm\Cub_1.StaCubic\ZVMELE_ZHNSAE-L1-REF542.ElmRelay\Distance elements (F21).ElmRelay\Autoreclose.RelDispoly,1,SANTO DOMINGO,CENTRAL,CENTRAL 138 kV,ZVMELE,Autoreclose
Z1,\VM-PF.IntUser\PDD 31-12-2024.IntPrj\Network Model.IntPrjfolder\Network Data.IntPrjfolder\CENTRAL 138 kV.ElmNet\ZVMELE.ElmSubstat\2.ElmTerm\Cub_1.StaCubic\ZVMELE_ZHNSAE-L1-REL316.ElmRelay\Z1.RelDispoly,1,SANTO DOMINGO,CENTRAL,CENTRAL 138 kV,ZVMELE,Z1
Z2,\VM-PF.IntUser\PDD 31-12-2024.IntPrj\Network Model.IntPrjfolder\Network Data.IntPrjfolder\CENTRAL 138 kV.ElmNet\ZVMELE.ElmSubstat\2.ElmTerm\Cub_1.StaCubic\ZVMELE_ZHNSAE-L1-REL316.ElmRelay\Z2.RelDispoly,1,SANTO DOMINGO,CENTRAL,CENTRAL 138 kV,ZVMELE,Z2
Z3,\VM-PF.IntUser\PDD 31-12-2024.IntPrj\Network Model.IntPrjfolder\Network Data.IntPrjfolder\CENTRAL 138 kV.ElmNet\ZVMELE.ElmSubstat\2.ElmTerm\Cub_1.StaCubic\ZVMELE_ZHNSAE-L1-REL316.ElmRelay\Z3.RelDispoly,1,SANTO DOMINGO,CENTRAL,CENTRAL 138 kV,ZVMELE,Z3
Z4,\VM-PF.IntUser\PDD 31-12-2024.IntPrj\Network Model.IntPrjfolder\Network Data.IntPrjfolder\CENTRAL 138 kV.ElmNet\ZVMELE.ElmSubstat\2.ElmTerm\Cub_1.StaCubic\ZVMELE_ZHNSAE-L1-REL316.ElmRelay\Z4.RelDispoly,1,SANTO DOMINGO,CENTRAL,CENTRAL 138 kV,ZVMELE,Z4
Zback,\VM-PF.IntUser\PDD 31-12-2024.IntPrj\Network Model.IntPrjfolder\Network Data.IntPrjfolder\CENTRAL 138 kV.ElmNet\ZVMELE.ElmSubstat\2.ElmTerm\Cub_1.StaCubic\ZVMELE_ZHNSAE-L1-REL316.ElmRelay\Zback.RelDispoly,1,SANTO DOMINGO,CENTRAL,CENTRAL 138 kV,ZVMELE,Zback
