nombre,ruta,outserv,cpZone,cpArea,cpGrid,cpSubstat,typ_id
Logic,\VM-PF.IntUser\PDD 31-12-2024.IntPrj\Network Model.IntPrjfolder\Network Data.IntPrjfolder\CENTRAL 69 kV.ElmNet\ZEMARF.ElmSubstat\WEMARF(5).ElmTerm\WBEMARF(1).StaCubic\EDMAR 1 >f.ElmRelay\Logic.RelLogic,1,,CENTRAL,CENTRAL 69 kV,ZEMARF,Logic Type
Logic,\VM-PF.IntUser\PDD 31-12-2024.IntPrj\Network Model.IntPrjfolder\Network Data.IntPrjfolder\CENTRAL 69 kV.ElmNet\ZEMARF.ElmSubstat\WEMARF(5).ElmTerm\WBEMARF(1).StaCubic\EDMAR 1 <f.ElmRelay\Logic.RelLogic,1,,CENTRAL,CENTRAL 69 kV,ZEMARF,Logic Type
Logic,\VM-PF.IntUser\PDD 31-12-2024.IntPrj\Network Model.IntPrjfolder\Network Data.IntPrjfolder\CENTRAL 69 kV.ElmNet\ZEMARF.ElmSubstat\WEMARF(4).ElmTerm\WBEMARF(1).StaCubic\EDMAR 2 >f.ElmRelay\Logic.RelLogic,1,,CENTRAL,CENTRAL 69 kV,ZEMARF,Logic Type
Logic,\VM-PF.IntUser\PDD 31-12-2024.IntPrj\Network Model.IntPrjfolder\Network Data.IntPrjfolder\CENTRAL 69 kV.ElmNet\ZEMARF.ElmSubstat\WEMARF(4).ElmTerm\WBEMARF(1).StaCubic\EDMAR 2 <f.ElmRelay\Logic.RelLogic,1,,CENTRAL,CENTRAL 69 kV,ZEMARF,Logic Type
Closing Logic,\VM-PF.IntUser\PDD 31-12-2024.IntPrj\Network Model.IntPrjfolder\Network Data.IntPrjfolder\Expansión 345 kV.ElmNet\Julio Sauri.ElmSite\ZJSAUD.ElmSubstat\E7.ElmTerm\Cub_1.StaCubic\ZJSA2E_ZPAL1E-L1-7SA522.ElmRelay\Closing Logic.RelLogic,1,SUR CERCANO,SUR,Expansión 345 kV,ZJSAUD,Closing Logic
Closing Logic,\VM-PF.IntUser\PDD 31-12-2024.IntPrj\Network Model.IntPrjfolder\Network Data.IntPrjfolder\Expansión 345 kV.ElmNet\Julio Sauri.ElmSite\ZJSAUD.ElmSubstat\E8.ElmTerm\Cub_1.StaCubic\ZJSA2E_ZPAL1E-L2-7SA522.ElmRelay\Closing Logic.RelLogic,1,SUR CERCANO,SUR,Expansión 345 kV,ZJSAUD,Closing Logic
Closing Logic,\VM-PF.IntUser\PDD 31-12-2024.IntPrj\Network Model.IntPrjfolder\Network Data.IntPrjfolder\Expansión 345 kV.ElmNet\Julio Sauri.ElmSite\ZJSAUD.ElmSubstat\E3.ElmTerm\Cub_1.StaCubic\ZJSA1E_ZITAGE-L1-7SA522.ElmRelay\Closing Logic.RelLogic,1,SUR CERCANO,SUR,Expansión 345 kV,ZJSAUD,Closing Logic
Closing Logic,\VM-PF.IntUser\PDD 31-12-2024.IntPrj\Network Model.IntPrjfolder\Network Data.IntPrjfolder\Expansión 345 kV.ElmNet\Julio Sauri.ElmSite\ZJSAUD.ElmSubstat\E4.ElmTerm\Cub_1.StaCubic\ZJSA1E_ZITAGE-L2-7SA522.ElmRelay\Closing Logic.RelLogic,1,SUR CERCANO,SUR,Expansión 345 kV,ZJSAUD,Closing Logic
Closing Logic,\VM-PF.IntUser\PDD 31-12-2024.IntPrj\Network Model.IntPrjfolder\Network Data.IntPrjfolder\Expansión 345 kV.ElmNet\Julio Sauri.ElmSite\ZJSAUD.ElmSubstat\E9.ElmTerm\Cub_1.StaCubic\ZJSA1E_ZPARAE-L1-7SA522.ElmRelay\Closing Logic.RelLogic,1,SUR CERCANO,SUR,Expansión 345 kV,ZJSAUD,Closing Logic
Closing Logic,\VM-PF.IntUser\PDD 31-12-2024.IntPrj\Network Model.IntPrjfolder\Network Data.IntPrjfolder\Expansión 345 kV.ElmNet\Julio Sauri.ElmSite\ZJSAUD.ElmSubstat\E6(2).ElmTerm\Cub_1.StaCubic\ZJSA1E_ZITAGE-L2-7SA522.ElmRelay\Closing Logic.RelLogic,1,SUR CERCANO,SUR,Expansión 345 kV,ZJSAUD,Closing Logic
PIOC Output Logic,\VM-PF.IntUser\PDD 31-12-2024.IntPrj\Network Model.IntPrjfolder\Network Data.IntPrjfolder\Expansión 345 kV.ElmNet\Quisqueya.ElmSite\QUISQUEYA 2.ElmSubstat\7.ElmTerm\Cub_1.StaCubic\ZQU21D_ZPBLAD-L1-REL670.ElmRelay\PIOC.ElmRelay\PIOC Output Logic.RelLogic,1,ESTE CERCANO,ESTE,Expansión 345 kV,QUISQUEYA 2,PIOC Output Logic
Toc Output Logic,\VM-PF.IntUser\PDD 31-12-2024.IntPrj\Network Model.IntPrjfolder\Network Data.IntPrjfolder\Expansión 345 kV.ElmNet\Quisqueya.ElmSite\QUISQUEYA 2.ElmSubstat\7.ElmTerm\Cub_1.StaCubic\ZQU21D_ZPBLAD-L1-REL670.ElmRelay\PTOC 51_67.ElmRelay\Toc Output Logic.RelLogic,1,ESTE CERCANO,ESTE,Expansión 345 kV,QUISQUEYA 2,Toc Output Logic
Toc Output Logic,\VM-PF.IntUser\PDD 31-12-2024.IntPrj\Network Model.IntPrjfolder\Network Data.IntPrjfolder\Expansión 345 kV.ElmNet\Quisqueya.ElmSite\QUISQUEYA 2.ElmSubstat\7.ElmTerm\Cub_1.StaCubic\ZQU21D_ZPBLAD-L1-REL670.ElmRelay\PTOC 51N67N.ElmRelay\Toc Output Logic.RelLogic,1,ESTE CERCANO,ESTE,Expansión 345 kV,QUISQUEYA 2,Toc Output Logic
Frequency Output Logic,\VM-PF.IntUser\PDD 31-12-2024.IntPrj\Network Model.IntPrjfolder\Network Data.IntPrjfolder\Expansión 345 kV.ElmNet\Quisqueya.ElmSite\QUISQUEYA 2.ElmSubstat\7.ElmTerm\Cub_1.StaCubic\ZQU21D_ZPBLAD-L1-REL670.ElmRelay\PTOF PTUF PFRC 81.ElmRelay\Frequency Output Logic.RelLogic,1,ESTE CERCANO,ESTE,Expansión 345 kV,QUISQUEYA 2,Frequency Output Logic
Voltage Output Logic,\VM-PF.IntUser\PDD 31-12-2024.IntPrj\Network Model.IntPrjfolder\Network Data.IntPrjfolder\Expansión 345 kV.ElmNet\Quisqueya.ElmSite\QUISQUEYA 2.ElmSubstat\7.ElmTerm\Cub_1.StaCubic\ZQU21D_ZPBLAD-L1-REL670.ElmRelay\PTUV 27 PTOV 59.ElmRelay\Voltage Output Logic.RelLogic,1,ESTE CERCANO,ESTE,Expansión 345 kV,QUISQUEYA 2,Voltage Output Logic
Logic Z2G,\VM-PF.IntUser\PDD 31-12-2024.IntPrj\Network Model.IntPrjfolder\Network Data.IntPrjfolder\Expansión 345 kV.ElmNet\Quisqueya.ElmSite\QUISQUEYA 2.ElmSubstat\7.ElmTerm\Cub_1.StaCubic\ZQU21D_ZPBLAD-L1-SEL 311L.ElmRelay\Logic Z2G.RelLogic,1,ESTE CERCANO,ESTE,Expansión 345 kV,QUISQUEYA 2,Logic Z2G
PIOC Output Logic,\VM-PF.IntUser\PDD 31-12-2024.IntPrj\Network Model.IntPrjfolder\Network Data.IntPrjfolder\Expansión 345 kV.ElmNet\Quisqueya.ElmSite\QUISQUEYA 1.ElmSubstat\4.ElmTerm\Cub_1.StaCubic\ZQU11D_ZPVDCD-L1-REL670.ElmRelay\PIOC.ElmRelay\PIOC Output Logic.RelLogic,1,ESTE CERCANO,ESTE,Expansión 345 kV,QUISQUEYA 1,PIOC Output Logic
Toc Output Logic,\VM-PF.IntUser\PDD 31-12-2024.IntPrj\Network Model.IntPrjfolder\Network Data.IntPrjfolder\Expansión 345 kV.ElmNet\Quisqueya.ElmSite\QUISQUEYA 1.ElmSubstat\4.ElmTerm\Cub_1.StaCubic\ZQU11D_ZPVDCD-L1-REL670.ElmRelay\PTOC 51_67.ElmRelay\Toc Output Logic.RelLogic,1,ESTE CERCANO,ESTE,Expansión 345 kV,QUISQUEYA 1,Toc Output Logic
Toc Output Logic,\VM-PF.IntUser\PDD 31-12-2024.IntPrj\Network Model.IntPrjfolder\Network Data.IntPrjfolder\Expansión 345 kV.ElmNet\Quisqueya.ElmSite\QUISQUEYA 1.ElmSubstat\4.ElmTerm\Cub_1.StaCubic\ZQU11D_ZPVDCD-L1-REL670.ElmRelay\PTOC 51N67N.ElmRelay\Toc Output Logic.RelLogic,1,ESTE CERCANO,ESTE,Expansión 345 kV,QUISQUEYA 1,Toc Output Logic
Frequency Output Logic,\VM-PF.IntUser\PDD 31-12-2024.IntPrj\Network Model.IntPrjfolder\Network Data.IntPrjfolder\Expansión 345 kV.ElmNet\Quisqueya.ElmSite\QUISQUEYA 1.ElmSubstat\4.ElmTerm\Cub_1.StaCubic\ZQU11D_ZPVDCD-L1-REL670.ElmRelay\PTOF PTUF PFRC 81.ElmRelay\Frequency Output Logic.RelLogic,1,ESTE CERCANO,ESTE,Expansión 345 kV,QUISQUEYA 1,Frequency Output Logic
Voltage Output Logic,\VM-PF.IntUser\PDD 31-12-2024.IntPrj\Network Model.IntPrjfolder\Network Data.IntPrjfolder\Expansión 345 kV.ElmNet\Quisqueya.ElmSite\QUISQUEYA 1.ElmSubstat\4.ElmTerm\Cub_1.StaCubic\ZQU11D_ZPVDCD-L1-REL670.ElmRelay\PTUV 27 PTOV 59.ElmRelay\Voltage Output Logic.RelLogic,1,ESTE CERCANO,ESTE,Expansión 345 kV,QUISQUEYA 1,Voltage Output Logic
Logic Z2G,\VM-PF.IntUser\PDD 31-12-2024.IntPrj\Network Model.IntPrjfolder\Network Data.IntPrjfolder\Expansión 345 kV.ElmNet\Quisqueya.ElmSite\QUISQUEYA 1.ElmSubstat\4.ElmTerm\Cub_1.StaCubic\ZQU11D_ZPVDCD-L1-SEL 311L.ElmRelay\Logic Z2G.RelLogic,1,ESTE CERCANO,ESTE,Expansión 345 kV,QUISQUEYA 1,Logic Z2G
Logic Z2G,\VM-PF.IntUser\PDD 31-12-2024.IntPrj\Network Model.IntPrjfolder\Network Data.IntPrjfolder\Expansión 345 kV.ElmNet\PVDC.ElmSite\ZPVDCD.ElmSubstat\L1.ElmTerm\Cub_1.StaCubic\ZPVDCD_ZPBLAD-L1-SEL 311L.ElmRelay\Logic Z2G.RelLogic,1,CIBAO SUR,NORTE,Expansión 345 kV,ZPVDCD,Logic Z2G
Logic Z2G,\VM-PF.IntUser\PDD 31-12-2024.IntPrj\Network Model.IntPrjfolder\Network Data.IntPrjfolder\Expansión 345 kV.ElmNet\PVDC.ElmSite\ZPVDCD.ElmSubstat\R1.ElmTerm\Cub_1.StaCubic\ZPVDCD_ZQU11D-L1-SEL 311L.ElmRelay\Logic Z2G.RelLogic,1,CIBAO SUR,NORTE,Expansión 345 kV,ZPVDCD,Logic Z2G
Logic,\VM-PF.IntUser\PDD 31-12-2024.IntPrj\Network Model.IntPrjfolder\Network Data.IntPrjfolder\ESTE 138 kV.ElmNet\Sultana del Este.ElmSite\ZSESTE.ElmSubstat\2.ElmTerm\Cub_1.StaCubic\SULTANA DEL ESTE 2 <f.ElmRelay\Logic.RelLogic,1,ESTE CERCANO,ESTE,ESTE 138 kV,ZSESTE,Logic Type
Logic,\VM-PF.IntUser\PDD 31-12-2024.IntPrj\Network Model.IntPrjfolder\Network Data.IntPrjfolder\ESTE 138 kV.ElmNet\Sultana del Este.ElmSite\ZSESTE.ElmSubstat\2.ElmTerm\Cub_1.StaCubic\SULTANA DEL ESTE 2 >f.ElmRelay\Logic.RelLogic,1,ESTE CERCANO,ESTE,ESTE 138 kV,ZSESTE,Logic Type
Logic,\VM-PF.IntUser\PDD 31-12-2024.IntPrj\Network Model.IntPrjfolder\Network Data.IntPrjfolder\ESTE 138 kV.ElmNet\Sultana del Este.ElmSite\ZSESTE.ElmSubstat\4.ElmTerm\Cub_1.StaCubic\SULTANA DEL ESTE 1 <f.ElmRelay\Logic.RelLogic,1,ESTE CERCANO,ESTE,ESTE 138 kV,ZSESTE,Logic Type
Logic,\VM-PF.IntUser\PDD 31-12-2024.IntPrj\Network Model.IntPrjfolder\Network Data.IntPrjfolder\ESTE 138 kV.ElmNet\Sultana del Este.ElmSite\ZSESTE.ElmSubstat\4.ElmTerm\Cub_1.StaCubic\SULTANA DEL ESTE 1 >f.ElmRelay\Logic.RelLogic,1,ESTE CERCANO,ESTE,ESTE 138 kV,ZSESTE,Logic Type
Logic Z2G,\VM-PF.IntUser\PDD 31-12-2024.IntPrj\Network Model.IntPrjfolder\Network Data.IntPrjfolder\ESTE 138 kV.ElmNet\Sultana del Este.ElmSite\ZSESTE.ElmSubstat\5.ElmTerm\Cub_1.StaCubic\ZSESTE_ZSPBEE-L1-SEL 311L.ElmRelay\Logic Z2G.RelLogic,1,ESTE CERCANO,ESTE,ESTE 138 kV,ZSESTE,Logic Z2G
Logic Z2G,\VM-PF.IntUser\PDD 31-12-2024.IntPrj\Network Model.IntPrjfolder\Network Data.IntPrjfolder\ESTE 138 kV.ElmNet\Sultana del Este.ElmSite\ZSESTE.ElmSubstat\5.ElmTerm\Cub_1.StaCubic\ZSESTE_ZSPBEE-L1-SEL 421.ElmRelay\Logic Z2G.RelLogic,1,ESTE CERCANO,ESTE,ESTE 138 kV,ZSESTE,Logic Z2G
Logic Z2P,\VM-PF.IntUser\PDD 31-12-2024.IntPrj\Network Model.IntPrjfolder\Network Data.IntPrjfolder\ESTE 138 kV.ElmNet\Sultana del Este.ElmSite\ZSESTE.ElmSubstat\5.ElmTerm\Cub_1.StaCubic\ZSESTE_ZSPBEE-L1-SEL 421.ElmRelay\Logic Z2P.RelLogic,1,ESTE CERCANO,ESTE,ESTE 138 kV,ZSESTE,Logic Z2P
Closing Logic,\VM-PF.IntUser\PDD 31-12-2024.IntPrj\Network Model.IntPrjfolder\Network Data.IntPrjfolder\ESTE 138 kV.ElmNet\La Romana.ElmSite\ZLROME.ElmSubstat\1.ElmTerm\Cub_1.StaCubic\ZLROME_ZHIGUE-L1-7SD52.ElmRelay\Distance/Overcurrent/Voltage.ElmRelay\Closing Logic.RelLogic,1,ESTE PROFUNDO,ESTE,ESTE 138 kV,ZLROME,Closing Logic
PIOC Output Logic,\VM-PF.IntUser\PDD 31-12-2024.IntPrj\Network Model.IntPrjfolder\Network Data.IntPrjfolder\ESTE 138 kV.ElmNet\La Romana.ElmSite\ZLROME.ElmSubstat\1.ElmTerm\Cub_1.StaCubic\ZLROME_ZHIGUE-L1-REL670.ElmRelay\PIOC.ElmRelay\PIOC Output Logic.RelLogic,1,ESTE PROFUNDO,ESTE,ESTE 138 kV,ZLROME,PIOC Output Logic
Toc Output Logic,\VM-PF.IntUser\PDD 31-12-2024.IntPrj\Network Model.IntPrjfolder\Network Data.IntPrjfolder\ESTE 138 kV.ElmNet\La Romana.ElmSite\ZLROME.ElmSubstat\1.ElmTerm\Cub_1.StaCubic\ZLROME_ZHIGUE-L1-REL670.ElmRelay\PTOC 51_67.ElmRelay\Toc Output Logic.RelLogic,1,ESTE PROFUNDO,ESTE,ESTE 138 kV,ZLROME,Toc Output Logic
Toc Output Logic,\VM-PF.IntUser\PDD 31-12-2024.IntPrj\Network Model.IntPrjfolder\Network Data.IntPrjfolder\ESTE 138 kV.ElmNet\La Romana.ElmSite\ZLROME.ElmSubstat\1.ElmTerm\Cub_1.StaCubic\ZLROME_ZHIGUE-L1-REL670.ElmRelay\PTOC 51N67N.ElmRelay\Toc Output Logic.RelLogic,1,ESTE PROFUNDO,ESTE,ESTE 138 kV,ZLROME,Toc Output Logic
Frequency Output Logic,\VM-PF.IntUser\PDD 31-12-2024.IntPrj\Network Model.IntPrjfolder\Network Data.IntPrjfolder\ESTE 138 kV.ElmNet\La Romana.ElmSite\ZLROME.ElmSubstat\1.ElmTerm\Cub_1.StaCubic\ZLROME_ZHIGUE-L1-REL670.ElmRelay\PTOF PTUF PFRC 81.ElmRelay\Frequency Output Logic.RelLogic,1,ESTE PROFUNDO,ESTE,ESTE 138 kV,ZLROME,Frequency Output Logic
Voltage Output Logic,\VM-PF.IntUser\PDD 31-12-2024.IntPrj\Network Model.IntPrjfolder\Network Data.IntPrjfolder\ESTE 138 kV.ElmNet\La Romana.ElmSite\ZLROME.ElmSubstat\1.ElmTerm\Cub_1.StaCubic\ZLROME_ZHIGUE-L1-REL670.ElmRelay\PTUV 27 PTOV 59.ElmRelay\Voltage Output Logic.RelLogic,1,ESTE PROFUNDO,ESTE,ESTE 138 kV,ZLROME,Voltage Output Logic
Closing Logic,\VM-PF.IntUser\PDD 31-12-2024.IntPrj\Network Model.IntPrjfolder\Network Data.IntPrjfolder\ESTE 138 kV.ElmNet\La Romana.ElmSite\ZLROME.ElmSubstat\4.ElmTerm\Cub_1.StaCubic\ZLROME_ZSPMBE-L2-7SD52.ElmRelay\Distance/Overcurrent/Voltage.ElmRelay\Closing Logic.RelLogic,1,ESTE PROFUNDO,ESTE,ESTE 138 kV,ZLROME,Closing Logic
PIOC Output Logic,\VM-PF.IntUser\PDD 31-12-2024.IntPrj\Network Model.IntPrjfolder\Network Data.IntPrjfolder\ESTE 138 kV.ElmNet\La Romana.ElmSite\ZLROME.ElmSubstat\4.ElmTerm\Cub_1.StaCubic\ZLROME_ZSPMBE-L2-REL670.ElmRelay\PIOC.ElmRelay\PIOC Output Logic.RelLogic,1,ESTE PROFUNDO,ESTE,ESTE 138 kV,ZLROME,PIOC Output Logic
Toc Output Logic,\VM-PF.IntUser\PDD 31-12-2024.IntPrj\Network Model.IntPrjfolder\Network Data.IntPrjfolder\ESTE 138 kV.ElmNet\La Romana.ElmSite\ZLROME.ElmSubstat\4.ElmTerm\Cub_1.StaCubic\ZLROME_ZSPMBE-L2-REL670.ElmRelay\PTOC 51_67.ElmRelay\Toc Output Logic.RelLogic,1,ESTE PROFUNDO,ESTE,ESTE 138 kV,ZLROME,Toc Output Logic
Toc Output Logic,\VM-PF.IntUser\PDD 31-12-2024.IntPrj\Network Model.IntPrjfolder\Network Data.IntPrjfolder\ESTE 138 kV.ElmNet\La Romana.ElmSite\ZLROME.ElmSubstat\4.ElmTerm\Cub_1.StaCubic\ZLROME_ZSPMBE-L2-REL670.ElmRelay\PTOC 51N67N.ElmRelay\Toc Output Logic.RelLogic,1,ESTE PROFUNDO,ESTE,ESTE 138 kV,ZLROME,Toc Output Logic
Frequency Output Logic,\VM-PF.IntUser\PDD 31-12-2024.IntPrj\Network Model.IntPrjfolder\Network Data.IntPrjfolder\ESTE 138 kV.ElmNet\La Romana.ElmSite\ZLROME.ElmSubstat\4.ElmTerm\Cub_1.StaCubic\ZLROME_ZSPMBE-L2-REL670.ElmRelay\PTOF PTUF PFRC 81.ElmRelay\Frequency Output Logic.RelLogic,1,ESTE PROFUNDO,ESTE,ESTE 138 kV,ZLROME,Frequency Output Logic
Voltage Output Logic,\VM-PF.IntUser\PDD 31-12-2024.IntPrj\Network Model.IntPrjfolder\Network Data.IntPrjfolder\ESTE 138 kV.ElmNet\La Romana.ElmSite\ZLROME.ElmSubstat\4.ElmTerm\Cub_1.StaCubic\ZLROME_ZSPMBE-L2-REL670.ElmRelay\PTUV 27 PTOV 59.ElmRelay\Voltage Output Logic.RelLogic,1,ESTE PROFUNDO,ESTE,ESTE 138 kV,ZLROME,Voltage Output Logic
Closing Logic,\VM-PF.IntUser\PDD 31-12-2024.IntPrj\Network Model.IntPrjfolder\Network Data.IntPrjfolder\ESTE 138 kV.ElmNet\La Romana.ElmSite\ZLROME.ElmSubstat\5.ElmTerm\Cub_1.StaCubic\ZLROME_ZSPMBE-L1-7SD52.ElmRelay\Distance/Overcurrent/Voltage.ElmRelay\Closing Logic.RelLogic,1,ESTE PROFUNDO,ESTE,ESTE 138 kV,ZLROME,Closing Logic
PIOC Output Logic,\VM-PF.IntUser\PDD 31-12-2024.IntPrj\Network Model.IntPrjfolder\Network Data.IntPrjfolder\ESTE 138 kV.ElmNet\La Romana.ElmSite\ZLROME.ElmSubstat\5.ElmTerm\Cub_1.StaCubic\ZLROME_ZSPMBE-L1-REL670.ElmRelay\PIOC.ElmRelay\PIOC Output Logic.RelLogic,1,ESTE PROFUNDO,ESTE,ESTE 138 kV,ZLROME,PIOC Output Logic
Toc Output Logic,\VM-PF.IntUser\PDD 31-12-2024.IntPrj\Network Model.IntPrjfolder\Network Data.IntPrjfolder\ESTE 138 kV.ElmNet\La Romana.ElmSite\ZLROME.ElmSubstat\5.ElmTerm\Cub_1.StaCubic\ZLROME_ZSPMBE-L1-REL670.ElmRelay\PTOC 51_67.ElmRelay\Toc Output Logic.RelLogic,1,ESTE PROFUNDO,ESTE,ESTE 138 kV,ZLROME,Toc Output Logic
Toc Output Logic,\VM-PF.IntUser\PDD 31-12-2024.IntPrj\Network Model.IntPrjfolder\Network Data.IntPrjfolder\ESTE 138 kV.ElmNet\La Romana.ElmSite\ZLROME.ElmSubstat\5.ElmTerm\Cub_1.StaCubic\ZLROME_ZSPMBE-L1-REL670.ElmRelay\PTOC 51N67N.ElmRelay\Toc Output Logic.RelLogic,1,ESTE PROFUNDO,ESTE,ESTE 138 kV,ZLROME,Toc Output Logic
Frequency Output Logic,\VM-PF.IntUser\PDD 31-12-2024.IntPrj\Network Model.IntPrjfolder\Network Data.IntPrjfolder\ESTE 138 kV.ElmNet\La Romana.ElmSite\ZLROME.ElmSubstat\5.ElmTerm\Cub_1.StaCubic\ZLROME_ZSPMBE-L1-REL670.ElmRelay\PTOF PTUF PFRC 81.ElmRelay\Frequency Output Logic.RelLogic,1,ESTE PROFUNDO,ESTE,ESTE 138 kV,ZLROME,Frequency Output Logic
Voltage Output Logic,\VM-PF.IntUser\PDD 31-12-2024.IntPrj\Network Model.IntPrjfolder\Network Data.IntPrjfolder\ESTE 138 kV.ElmNet\La Romana.ElmSite\ZLROME.ElmSubstat\5.ElmTerm\Cub_1.StaCubic\ZLROME_ZSPMBE-L1-REL670.ElmRelay\PTUV 27 PTOV 59.ElmRelay\Voltage Output Logic.RelLogic,1,ESTE PROFUNDO,ESTE,ESTE 138 kV,ZLROME,Voltage Output Logic
Logic,\VM-PF.IntUser\PDD 31-12-2024.IntPrj\Network Model.IntPrjfolder\Network Data.IntPrjfolder\ESTE 138 kV.ElmNet\La Romana.ElmSite\ZLROMF.ElmSubstat\2.ElmTerm\Cub_1.StaCubic\Lin. Romana-Higuey.ElmRelay\Logic.RelLogic,1,ESTE PROFUNDO,ESTE,ESTE 138 kV,ZLROMF,Logic Type
Logic,\VM-PF.IntUser\PDD 31-12-2024.IntPrj\Network Model.IntPrjfolder\Network Data.IntPrjfolder\ESTE 138 kV.ElmNet\La Romana.ElmSite\ZLROMF.ElmSubstat\3.ElmTerm\Cub_1.StaCubic\Lin. Romana-Pintado.ElmRelay\Logic.RelLogic,1,ESTE PROFUNDO,ESTE,ESTE 138 kV,ZLROMF,Logic Type
Closing Logic,\VM-PF.IntUser\PDD 31-12-2024.IntPrj\Network Model.IntPrjfolder\Network Data.IntPrjfolder\ESTE 138 kV.ElmNet\CEMEX.ElmSite\ZCEMEE.ElmSubstat\WCEMEE(2).ElmTerm\WBCEMEE(2).StaCubic\ZCEMEE_ZSPM2E-L1-7SD52.ElmRelay\Distance/Overcurrent/Voltage.ElmRelay\Closing Logic.RelLogic,1,ESTE CERCANO,ESTE,ESTE 138 kV,ZCEMEE,Closing Logic
Closing Logic,\VM-PF.IntUser\PDD 31-12-2024.IntPrj\Network Model.IntPrjfolder\Network Data.IntPrjfolder\ESTE 138 kV.ElmNet\Los Orígenes.ElmSite\ZLORIE.ElmSubstat\1.ElmTerm\Cub_1.StaCubic\ZLORIE_ZSPM2E-L1-7SA511.ElmRelay\Closing Logic.RelLogic,1,ESTE CERCANO,ESTE,ESTE 138 kV,ZLORIE,Closing Logic
Closing Logic,\VM-PF.IntUser\PDD 31-12-2024.IntPrj\Network Model.IntPrjfolder\Network Data.IntPrjfolder\ESTE 138 kV.ElmNet\Los Orígenes.ElmSite\ZLORIE.ElmSubstat\1.ElmTerm\Cub_1.StaCubic\ZLORIE_ZSPM2E-L1-P141.ElmRelay\Closing Logic.RelLogic,1,ESTE CERCANO,ESTE,ESTE 138 kV,ZLORIE,Closing Logic
Closing Logic,\VM-PF.IntUser\PDD 31-12-2024.IntPrj\Network Model.IntPrjfolder\Network Data.IntPrjfolder\ESTE 138 kV.ElmNet\Los Orígenes.ElmSite\ZLORIE.ElmSubstat\1.ElmTerm\Cub_1.StaCubic\ZLORIE_ZSPM2E-L1-7SD52.ElmRelay\Distance/Overcurrent/Voltage.ElmRelay\Closing Logic.RelLogic,1,ESTE CERCANO,ESTE,ESTE 138 kV,ZLORIE,Closing Logic
PIOC Output Logic,\VM-PF.IntUser\PDD 31-12-2024.IntPrj\Network Model.IntPrjfolder\Network Data.IntPrjfolder\ESTE 138 kV.ElmNet\Los Orígenes.ElmSite\ZLORIE.ElmSubstat\2.ElmTerm\Cub_1.StaCubic\ZLORIE_ZXLO1E-L1-RED670.ElmRelay\PIOC.ElmRelay\PIOC Output Logic.RelLogic,1,ESTE CERCANO,ESTE,ESTE 138 kV,ZLORIE,PIOC Output Logic
Toc Output Logic,\VM-PF.IntUser\PDD 31-12-2024.IntPrj\Network Model.IntPrjfolder\Network Data.IntPrjfolder\ESTE 138 kV.ElmNet\Los Orígenes.ElmSite\ZLORIE.ElmSubstat\2.ElmTerm\Cub_1.StaCubic\ZLORIE_ZXLO1E-L1-RED670.ElmRelay\PTOC 51_67.ElmRelay\Toc Output Logic.RelLogic,1,ESTE CERCANO,ESTE,ESTE 138 kV,ZLORIE,Toc Output Logic
Toc Output Logic,\VM-PF.IntUser\PDD 31-12-2024.IntPrj\Network Model.IntPrjfolder\Network Data.IntPrjfolder\ESTE 138 kV.ElmNet\Los Orígenes.ElmSite\ZLORIE.ElmSubstat\2.ElmTerm\Cub_1.StaCubic\ZLORIE_ZXLO1E-L1-RED670.ElmRelay\PTOC 51N67N.ElmRelay\Toc Output Logic.RelLogic,1,ESTE CERCANO,ESTE,ESTE 138 kV,ZLORIE,Toc Output Logic
Frequency Output Logic,\VM-PF.IntUser\PDD 31-12-2024.IntPrj\Network Model.IntPrjfolder\Network Data.IntPrjfolder\ESTE 138 kV.ElmNet\Los Orígenes.ElmSite\ZLORIE.ElmSubstat\2.ElmTerm\Cub_1.StaCubic\ZLORIE_ZXLO1E-L1-RED670.ElmRelay\PTOF PTUF PFRC 81.ElmRelay\Frequency Output Logic.RelLogic,1,ESTE CERCANO,ESTE,ESTE 138 kV,ZLORIE,Frequency Output Logic
Voltage Output Logic,\VM-PF.IntUser\PDD 31-12-2024.IntPrj\Network Model.IntPrjfolder\Network Data.IntPrjfolder\ESTE 138 kV.ElmNet\Los Orígenes.ElmSite\ZLORIE.ElmSubstat\2.ElmTerm\Cub_1.StaCubic\ZLORIE_ZXLO1E-L1-RED670.ElmRelay\PTUV 27 PTOV 59.ElmRelay\Voltage Output Logic.RelLogic,1,ESTE CERCANO,ESTE,ESTE 138 kV,ZLORIE,Voltage Output Logic
Closing Logic,\VM-PF.IntUser\PDD 31-12-2024.IntPrj\Network Model.IntPrjfolder\Network Data.IntPrjfolder\ESTE 138 kV.ElmNet\Los Orígenes.ElmSite\ZLORIE.ElmSubstat\2.ElmTerm\Cub_1.StaCubic\ZLORIE_ZXLO1E-L1-P141.ElmRelay\Closing Logic.RelLogic,1,ESTE CERCANO,ESTE,ESTE 138 kV,ZLORIE,Closing Logic
PIOC Output Logic,\VM-PF.IntUser\PDD 31-12-2024.IntPrj\Network Model.IntPrjfolder\Network Data.IntPrjfolder\ESTE 138 kV.ElmNet\Tap 1 Los Orígenes.ElmTerm\Cub_3.StaCubic\ZLORIE_ZSPMAE-L1-RED670.ElmRelay\PIOC.ElmRelay\PIOC Output Logic.RelLogic,1,ESTE CERCANO,ESTE,ESTE 138 kV,,PIOC Output Logic
Toc Output Logic,\VM-PF.IntUser\PDD 31-12-2024.IntPrj\Network Model.IntPrjfolder\Network Data.IntPrjfolder\ESTE 138 kV.ElmNet\Tap 1 Los Orígenes.ElmTerm\Cub_3.StaCubic\ZLORIE_ZSPMAE-L1-RED670.ElmRelay\PTOC 51_67.ElmRelay\Toc Output Logic.RelLogic,1,ESTE CERCANO,ESTE,ESTE 138 kV,,Toc Output Logic
Toc Output Logic,\VM-PF.IntUser\PDD 31-12-2024.IntPrj\Network Model.IntPrjfolder\Network Data.IntPrjfolder\ESTE 138 kV.ElmNet\Tap 1 Los Orígenes.ElmTerm\Cub_3.StaCubic\ZLORIE_ZSPMAE-L1-RED670.ElmRelay\PTOC 51N67N.ElmRelay\Toc Output Logic.RelLogic,1,ESTE CERCANO,ESTE,ESTE 138 kV,,Toc Output Logic
Frequency Output Logic,\VM-PF.IntUser\PDD 31-12-2024.IntPrj\Network Model.IntPrjfolder\Network Data.IntPrjfolder\ESTE 138 kV.ElmNet\Tap 1 Los Orígenes.ElmTerm\Cub_3.StaCubic\ZLORIE_ZSPMAE-L1-RED670.ElmRelay\PTOF PTUF PFRC 81.ElmRelay\Frequency Output Logic.RelLogic,1,ESTE CERCANO,ESTE,ESTE 138 kV,,Frequency Output Logic
Voltage Output Logic,\VM-PF.IntUser\PDD 31-12-2024.IntPrj\Network Model.IntPrjfolder\Network Data.IntPrjfolder\ESTE 138 kV.ElmNet\Tap 1 Los Orígenes.ElmTerm\Cub_3.StaCubic\ZLORIE_ZSPMAE-L1-RED670.ElmRelay\PTUV 27 PTOV 59.ElmRelay\Voltage Output Logic.RelLogic,1,ESTE CERCANO,ESTE,ESTE 138 kV,,Voltage Output Logic
Closing Logic,\VM-PF.IntUser\PDD 31-12-2024.IntPrj\Network Model.IntPrjfolder\Network Data.IntPrjfolder\ESTE 138 kV.ElmNet\Tap 1 Los Orígenes.ElmTerm\Cub_3.StaCubic\ZLORIE_ZSPMAE-L1-P141.ElmRelay\Closing Logic.RelLogic,1,ESTE CERCANO,ESTE,ESTE 138 kV,,Closing Logic
Logic Z2G,\VM-PF.IntUser\PDD 31-12-2024.IntPrj\Network Model.IntPrjfolder\Network Data.IntPrjfolder\ESTE 138 kV.ElmNet\ZCLUIE.ElmSubstat\E1.ElmTerm\Cub_1.StaCubic\ZCLUIE_ZAAINE-L1-SEL 311C.ElmRelay\Logic Z2G.RelLogic,1,ESTE CERCANO,ESTE,ESTE 138 kV,ZCLUIE,Logic Z2G
PIOC Output Logic,\VM-PF.IntUser\PDD 31-12-2024.IntPrj\Network Model.IntPrjfolder\Network Data.IntPrjfolder\ESTE 138 kV.ElmNet\ZCLUIE.ElmSubstat\E1.ElmTerm\Cub_1.StaCubic\ZCLUIE_ZAAINE-L1-REL670.ElmRelay\PIOC.ElmRelay\PIOC Output Logic.RelLogic,1,ESTE CERCANO,ESTE,ESTE 138 kV,ZCLUIE,PIOC Output Logic
Toc Output Logic,\VM-PF.IntUser\PDD 31-12-2024.IntPrj\Network Model.IntPrjfolder\Network Data.IntPrjfolder\ESTE 138 kV.ElmNet\ZCLUIE.ElmSubstat\E1.ElmTerm\Cub_1.StaCubic\ZCLUIE_ZAAINE-L1-REL670.ElmRelay\PTOC 51_67.ElmRelay\Toc Output Logic.RelLogic,1,ESTE CERCANO,ESTE,ESTE 138 kV,ZCLUIE,Toc Output Logic
Toc Output Logic,\VM-PF.IntUser\PDD 31-12-2024.IntPrj\Network Model.IntPrjfolder\Network Data.IntPrjfolder\ESTE 138 kV.ElmNet\ZCLUIE.ElmSubstat\E1.ElmTerm\Cub_1.StaCubic\ZCLUIE_ZAAINE-L1-REL670.ElmRelay\PTOC 51N67N.ElmRelay\Toc Output Logic.RelLogic,1,ESTE CERCANO,ESTE,ESTE 138 kV,ZCLUIE,Toc Output Logic
Frequency Output Logic,\VM-PF.IntUser\PDD 31-12-2024.IntPrj\Network Model.IntPrjfolder\Network Data.IntPrjfolder\ESTE 138 kV.ElmNet\ZCLUIE.ElmSubstat\E1.ElmTerm\Cub_1.StaCubic\ZCLUIE_ZAAINE-L1-REL670.ElmRelay\PTOF PTUF PFRC 81.ElmRelay\Frequency Output Logic.RelLogic,1,ESTE CERCANO,ESTE,ESTE 138 kV,ZCLUIE,Frequency Output Logic
Voltage Output Logic,\VM-PF.IntUser\PDD 31-12-2024.IntPrj\Network Model.IntPrjfolder\Network Data.IntPrjfolder\ESTE 138 kV.ElmNet\ZCLUIE.ElmSubstat\E1.ElmTerm\Cub_1.StaCubic\ZCLUIE_ZAAINE-L1-REL670.ElmRelay\PTUV 27 PTOV 59.ElmRelay\Voltage Output Logic.RelLogic,1,ESTE CERCANO,ESTE,ESTE 138 kV,ZCLUIE,Voltage Output Logic
PIOC Output Logic,\VM-PF.IntUser\PDD 31-12-2024.IntPrj\Network Model.IntPrjfolder\Network Data.IntPrjfolder\ESTE 138 kV.ElmNet\ZCLUIE.ElmSubstat\E2.ElmTerm\Cub_1.StaCubic\ZCLUIE_ZSPM2E-L1-REL670.ElmRelay\PIOC.ElmRelay\PIOC Output Logic.RelLogic,1,ESTE CERCANO,ESTE,ESTE 138 kV,ZCLUIE,PIOC Output Logic
Toc Output Logic,\VM-PF.IntUser\PDD 31-12-2024.IntPrj\Network Model.IntPrjfolder\Network Data.IntPrjfolder\ESTE 138 kV.ElmNet\ZCLUIE.ElmSubstat\E2.ElmTerm\Cub_1.StaCubic\ZCLUIE_ZSPM2E-L1-REL670.ElmRelay\PTOC 51_67.ElmRelay\Toc Output Logic.RelLogic,1,ESTE CERCANO,ESTE,ESTE 138 kV,ZCLUIE,Toc Output Logic
Toc Output Logic,\VM-PF.IntUser\PDD 31-12-2024.IntPrj\Network Model.IntPrjfolder\Network Data.IntPrjfolder\ESTE 138 kV.ElmNet\ZCLUIE.ElmSubstat\E2.ElmTerm\Cub_1.StaCubic\ZCLUIE_ZSPM2E-L1-REL670.ElmRelay\PTOC 51N67N.ElmRelay\Toc Output Logic.RelLogic,1,ESTE CERCANO,ESTE,ESTE 138 kV,ZCLUIE,Toc Output Logic
Frequency Output Logic,\VM-PF.IntUser\PDD 31-12-2024.IntPrj\Network Model.IntPrjfolder\Network Data.IntPrjfolder\ESTE 138 kV.ElmNet\ZCLUIE.ElmSubstat\E2.ElmTerm\Cub_1.StaCubic\ZCLUIE_ZSPM2E-L1-REL670.ElmRelay\PTOF PTUF PFRC 81.ElmRelay\Frequency Output Logic.RelLogic,1,ESTE CERCANO,ESTE,ESTE 138 kV,ZCLUIE,Frequency Output Logic
Voltage Output Logic,\VM-PF.IntUser\PDD 31-12-2024.IntPrj\Network Model.IntPrjfolder\Network Data.IntPrjfolder\ESTE 138 kV.ElmNet\ZCLUIE.ElmSubstat\E2.ElmTerm\Cub_1.StaCubic\ZCLUIE_ZSPM2E-L1-REL670.ElmRelay\PTUV 27 PTOV 59.ElmRelay\Voltage Output Logic.RelLogic,1,ESTE CERCANO,ESTE,ESTE 138 kV,ZCLUIE,Voltage Output Logic
Logic Z2G,\VM-PF.IntUser\PDD 31-12-2024.IntPrj\Network Model.IntPrjfolder\Network Data.IntPrjfolder\ESTE 138 kV.ElmNet\ZCLUIE.ElmSubstat\E2.ElmTerm\Cub_1.StaCubic\ZCLUIE_ZSPM2E-L1-SEL 311C.ElmRelay\Logic Z2G.RelLogic,1,ESTE CERCANO,ESTE,ESTE 138 kV,ZCLUIE,Logic Z2G
Logic Z2G,\VM-PF.IntUser\PDD 31-12-2024.IntPrj\Network Model.IntPrjfolder\Network Data.IntPrjfolder\ESTE 138 kV.ElmNet\San Pedro Bio-Energy.ElmSite\ZSPBEE.ElmSubstat\3.ElmTerm\Cub_1.StaCubic\ZSPBEE_ZSESTE-L1-SEL 311L.ElmRelay\Logic Z2G.RelLogic,1,ESTE CERCANO,ESTE,ESTE 138 kV,ZSPBEE,Logic Z2G
Logic Z2G,\VM-PF.IntUser\PDD 31-12-2024.IntPrj\Network Model.IntPrjfolder\Network Data.IntPrjfolder\ESTE 138 kV.ElmNet\San Pedro Bio-Energy.ElmSite\ZSPBEE.ElmSubstat\3.ElmTerm\Cub_1.StaCubic\ZSPBEE_ZSESTE-L1-SEL 421.ElmRelay\Logic Z2G.RelLogic,1,ESTE CERCANO,ESTE,ESTE 138 kV,ZSPBEE,Logic Z2G
Logic Z2P,\VM-PF.IntUser\PDD 31-12-2024.IntPrj\Network Model.IntPrjfolder\Network Data.IntPrjfolder\ESTE 138 kV.ElmNet\San Pedro Bio-Energy.ElmSite\ZSPBEE.ElmSubstat\3.ElmTerm\Cub_1.StaCubic\ZSPBEE_ZSESTE-L1-SEL 421.ElmRelay\Logic Z2P.RelLogic,1,ESTE CERCANO,ESTE,ESTE 138 kV,ZSPBEE,Logic Z2P
Logic Z2G,\VM-PF.IntUser\PDD 31-12-2024.IntPrj\Network Model.IntPrjfolder\Network Data.IntPrjfolder\ESTE 138 kV.ElmNet\San Pedro Bio-Energy.ElmSite\ZSPBEE.ElmSubstat\5.ElmTerm\Cub_1.StaCubic\ZSPBEE_ZQUISE-L1-SEL 311L.ElmRelay\Logic Z2G.RelLogic,1,ESTE CERCANO,ESTE,ESTE 138 kV,ZSPBEE,Logic Z2G
Logic Z2G,\VM-PF.IntUser\PDD 31-12-2024.IntPrj\Network Model.IntPrjfolder\Network Data.IntPrjfolder\ESTE 138 kV.ElmNet\San Pedro Bio-Energy.ElmSite\ZSPBEE.ElmSubstat\5.ElmTerm\Cub_1.StaCubic\ZSPBEE_ZQUISE-L1-SEL 421.ElmRelay\Logic Z2G.RelLogic,1,ESTE CERCANO,ESTE,ESTE 138 kV,ZSPBEE,Logic Z2G
Logic Z2P,\VM-PF.IntUser\PDD 31-12-2024.IntPrj\Network Model.IntPrjfolder\Network Data.IntPrjfolder\ESTE 138 kV.ElmNet\San Pedro Bio-Energy.ElmSite\ZSPBEE.ElmSubstat\5.ElmTerm\Cub_1.StaCubic\ZSPBEE_ZQUISE-L1-SEL 421.ElmRelay\Logic Z2P.RelLogic,1,ESTE CERCANO,ESTE,ESTE 138 kV,ZSPBEE,Logic Z2P
U0 Trip,\VM-PF.IntUser\PDD 31-12-2024.IntPrj\Network Model.IntPrjfolder\Network Data.IntPrjfolder\ESTE 138 kV.ElmNet\San Pedro.ElmSite\ZSPMAE.ElmSubstat\L2.ElmTerm\Cub_2.StaCubic\ZSPMBE_ZSPM2E-L1-7SA6.ElmRelay\Earthfault.ElmRelay\U0 Trip.RelLogic,1,ESTE CERCANO,ESTE,ESTE 138 kV,ZSPMAE,U0 Trip
Earthfault Trip,\VM-PF.IntUser\PDD 31-12-2024.IntPrj\Network Model.IntPrjfolder\Network Data.IntPrjfolder\ESTE 138 kV.ElmNet\San Pedro.ElmSite\ZSPMAE.ElmSubstat\L2.ElmTerm\Cub_2.StaCubic\ZSPMBE_ZSPM2E-L1-7SA6.ElmRelay\Earthfault.ElmRelay\Earthfault Trip.RelLogic,1,ESTE CERCANO,ESTE,ESTE 138 kV,ZSPMAE,Earthfault Trip
Voltage Trip,\VM-PF.IntUser\PDD 31-12-2024.IntPrj\Network Model.IntPrjfolder\Network Data.IntPrjfolder\ESTE 138 kV.ElmNet\San Pedro.ElmSite\ZSPMAE.ElmSubstat\L2.ElmTerm\Cub_2.StaCubic\ZSPMBE_ZSPM2E-L1-7SA6.ElmRelay\Voltage.ElmRelay\Voltage Trip.RelLogic,1,ESTE CERCANO,ESTE,ESTE 138 kV,ZSPMAE,Voltage Trip
Close Logic,\VM-PF.IntUser\PDD 31-12-2024.IntPrj\Network Model.IntPrjfolder\Network Data.IntPrjfolder\ESTE 138 kV.ElmNet\San Pedro.ElmSite\ZSPMAE.ElmSubstat\L2.ElmTerm\Cub_2.StaCubic\ZSPMBE_ZSPM2E-L1-7SA6.ElmRelay\Close Logic.RelLogic,1,ESTE CERCANO,ESTE,ESTE 138 kV,ZSPMAE,Close Logic
U0 Trip,\VM-PF.IntUser\PDD 31-12-2024.IntPrj\Network Model.IntPrjfolder\Network Data.IntPrjfolder\ESTE 138 kV.ElmNet\San Pedro.ElmSite\ZSPMAE.ElmSubstat\R1.ElmTerm\Cub_2.StaCubic\ZSPMBE_ZLROME-L1-7SA6.ElmRelay\Earthfault.ElmRelay\U0 Trip.RelLogic,1,ESTE CERCANO,ESTE,ESTE 138 kV,ZSPMAE,U0 Trip
Earthfault Trip,\VM-PF.IntUser\PDD 31-12-2024.IntPrj\Network Model.IntPrjfolder\Network Data.IntPrjfolder\ESTE 138 kV.ElmNet\San Pedro.ElmSite\ZSPMAE.ElmSubstat\R1.ElmTerm\Cub_2.StaCubic\ZSPMBE_ZLROME-L1-7SA6.ElmRelay\Earthfault.ElmRelay\Earthfault Trip.RelLogic,1,ESTE CERCANO,ESTE,ESTE 138 kV,ZSPMAE,Earthfault Trip
Voltage Trip,\VM-PF.IntUser\PDD 31-12-2024.IntPrj\Network Model.IntPrjfolder\Network Data.IntPrjfolder\ESTE 138 kV.ElmNet\San Pedro.ElmSite\ZSPMAE.ElmSubstat\R1.ElmTerm\Cub_2.StaCubic\ZSPMBE_ZLROME-L1-7SA6.ElmRelay\Voltage.ElmRelay\Voltage Trip.RelLogic,1,ESTE CERCANO,ESTE,ESTE 138 kV,ZSPMAE,Voltage Trip
Close Logic,\VM-PF.IntUser\PDD 31-12-2024.IntPrj\Network Model.IntPrjfolder\Network Data.IntPrjfolder\ESTE 138 kV.ElmNet\San Pedro.ElmSite\ZSPMAE.ElmSubstat\R1.ElmTerm\Cub_2.StaCubic\ZSPMBE_ZLROME-L1-7SA6.ElmRelay\Close Logic.RelLogic,1,ESTE CERCANO,ESTE,ESTE 138 kV,ZSPMAE,Close Logic
Closing Logic,\VM-PF.IntUser\PDD 31-12-2024.IntPrj\Network Model.IntPrjfolder\Network Data.IntPrjfolder\ESTE 138 kV.ElmNet\San Pedro.ElmSite\ZSPMAE.ElmSubstat\R1.ElmTerm\Cub_2.StaCubic\ZSPMBE_ZLROME-L1-7SD52.ElmRelay\Distance/Overcurrent/Voltage.ElmRelay\Closing Logic.RelLogic,1,ESTE CERCANO,ESTE,ESTE 138 kV,ZSPMAE,Closing Logic
U0 Trip,\VM-PF.IntUser\PDD 31-12-2024.IntPrj\Network Model.IntPrjfolder\Network Data.IntPrjfolder\ESTE 138 kV.ElmNet\San Pedro.ElmSite\ZSPMAE.ElmSubstat\R2.ElmTerm\Cub_2.StaCubic\ZSPMBE_ZLROME-L2-7SA6.ElmRelay\Earthfault.ElmRelay\U0 Trip.RelLogic,1,ESTE CERCANO,ESTE,ESTE 138 kV,ZSPMAE,U0 Trip
Earthfault Trip,\VM-PF.IntUser\PDD 31-12-2024.IntPrj\Network Model.IntPrjfolder\Network Data.IntPrjfolder\ESTE 138 kV.ElmNet\San Pedro.ElmSite\ZSPMAE.ElmSubstat\R2.ElmTerm\Cub_2.StaCubic\ZSPMBE_ZLROME-L2-7SA6.ElmRelay\Earthfault.ElmRelay\Earthfault Trip.RelLogic,1,ESTE CERCANO,ESTE,ESTE 138 kV,ZSPMAE,Earthfault Trip
Voltage Trip,\VM-PF.IntUser\PDD 31-12-2024.IntPrj\Network Model.IntPrjfolder\Network Data.IntPrjfolder\ESTE 138 kV.ElmNet\San Pedro.ElmSite\ZSPMAE.ElmSubstat\R2.ElmTerm\Cub_2.StaCubic\ZSPMBE_ZLROME-L2-7SA6.ElmRelay\Voltage.ElmRelay\Voltage Trip.RelLogic,1,ESTE CERCANO,ESTE,ESTE 138 kV,ZSPMAE,Voltage Trip
Close Logic,\VM-PF.IntUser\PDD 31-12-2024.IntPrj\Network Model.IntPrjfolder\Network Data.IntPrjfolder\ESTE 138 kV.ElmNet\San Pedro.ElmSite\ZSPMAE.ElmSubstat\R2.ElmTerm\Cub_2.StaCubic\ZSPMBE_ZLROME-L2-7SA6.ElmRelay\Close Logic.RelLogic,1,ESTE CERCANO,ESTE,ESTE 138 kV,ZSPMAE,Close Logic
Closing Logic,\VM-PF.IntUser\PDD 31-12-2024.IntPrj\Network Model.IntPrjfolder\Network Data.IntPrjfolder\ESTE 138 kV.ElmNet\San Pedro.ElmSite\ZSPMAE.ElmSubstat\R2.ElmTerm\Cub_2.StaCubic\ZSPMBE_ZLROME-L2-7SD52.ElmRelay\Distance/Overcurrent/Voltage.ElmRelay\Closing Logic.RelLogic,1,ESTE CERCANO,ESTE,ESTE 138 kV,ZSPMAE,Closing Logic
U0 Trip,\VM-PF.IntUser\PDD 31-12-2024.IntPrj\Network Model.IntPrjfolder\Network Data.IntPrjfolder\ESTE 138 kV.ElmNet\San Pedro.ElmSite\ZSPMAE.ElmSubstat\R3.ElmTerm\Cub_2.StaCubic\ZSPMAE_ZLORIE-L1-7SA6.ElmRelay\Earthfault.ElmRelay\U0 Trip.RelLogic,1,ESTE CERCANO,ESTE,ESTE 138 kV,ZSPMAE,U0 Trip
Earthfault Trip,\VM-PF.IntUser\PDD 31-12-2024.IntPrj\Network Model.IntPrjfolder\Network Data.IntPrjfolder\ESTE 138 kV.ElmNet\San Pedro.ElmSite\ZSPMAE.ElmSubstat\R3.ElmTerm\Cub_2.StaCubic\ZSPMAE_ZLORIE-L1-7SA6.ElmRelay\Earthfault.ElmRelay\Earthfault Trip.RelLogic,1,ESTE CERCANO,ESTE,ESTE 138 kV,ZSPMAE,Earthfault Trip
Voltage Trip,\VM-PF.IntUser\PDD 31-12-2024.IntPrj\Network Model.IntPrjfolder\Network Data.IntPrjfolder\ESTE 138 kV.ElmNet\San Pedro.ElmSite\ZSPMAE.ElmSubstat\R3.ElmTerm\Cub_2.StaCubic\ZSPMAE_ZLORIE-L1-7SA6.ElmRelay\Voltage.ElmRelay\Voltage Trip.RelLogic,1,ESTE CERCANO,ESTE,ESTE 138 kV,ZSPMAE,Voltage Trip
Close Logic,\VM-PF.IntUser\PDD 31-12-2024.IntPrj\Network Model.IntPrjfolder\Network Data.IntPrjfolder\ESTE 138 kV.ElmNet\San Pedro.ElmSite\ZSPMAE.ElmSubstat\R3.ElmTerm\Cub_2.StaCubic\ZSPMAE_ZLORIE-L1-7SA6.ElmRelay\Close Logic.RelLogic,1,ESTE CERCANO,ESTE,ESTE 138 kV,ZSPMAE,Close Logic
Closing Logic,\VM-PF.IntUser\PDD 31-12-2024.IntPrj\Network Model.IntPrjfolder\Network Data.IntPrjfolder\ESTE 138 kV.ElmNet\ZESEIE.ElmSubstat\1.ElmTerm\Cub_1.StaCubic\ZESEIE_ZHIGUE-L1-7SD52.ElmRelay\Distance/Overcurrent/Voltage.ElmRelay\Closing Logic.RelLogic,1,ESTE PROFUNDO,ESTE,ESTE 138 kV,ZESEIE,Closing Logic
Closing Logic,\VM-PF.IntUser\PDD 31-12-2024.IntPrj\Network Model.IntPrjfolder\Network Data.IntPrjfolder\ESTE 138 kV.ElmNet\ZHIGUE.ElmSubstat\1.ElmTerm\Cub_1.StaCubic\ZHIGUE_ZLROME-L1-7SD52.ElmRelay\Distance/Overcurrent/Voltage.ElmRelay\Closing Logic.RelLogic,1,ESTE PROFUNDO,ESTE,ESTE 138 kV,ZHIGUE,Closing Logic
Logic block 50N,\VM-PF.IntUser\PDD 31-12-2024.IntPrj\Network Model.IntPrjfolder\Network Data.IntPrjfolder\ESTE 138 kV.ElmNet\ZHIGUE.ElmSubstat\1.ElmTerm\Cub_1.StaCubic\ZHIGUE_ZLROME-L1-REF615.ElmRelay\Logic block 50N.RelLogic,1,ESTE PROFUNDO,ESTE,ESTE 138 kV,ZHIGUE,Logic block 50N
Logic block 50P,\VM-PF.IntUser\PDD 31-12-2024.IntPrj\Network Model.IntPrjfolder\Network Data.IntPrjfolder\ESTE 138 kV.ElmNet\ZHIGUE.ElmSubstat\1.ElmTerm\Cub_1.StaCubic\ZHIGUE_ZLROME-L1-REF615.ElmRelay\Logic block 50P.RelLogic,1,ESTE PROFUNDO,ESTE,ESTE 138 kV,ZHIGUE,Logic block 50P
Logic block 51N,\VM-PF.IntUser\PDD 31-12-2024.IntPrj\Network Model.IntPrjfolder\Network Data.IntPrjfolder\ESTE 138 kV.ElmNet\ZHIGUE.ElmSubstat\1.ElmTerm\Cub_1.StaCubic\ZHIGUE_ZLROME-L1-REF615.ElmRelay\Logic block 51N.RelLogic,1,ESTE PROFUNDO,ESTE,ESTE 138 kV,ZHIGUE,Logic block 51N
Logic block 51P1,\VM-PF.IntUser\PDD 31-12-2024.IntPrj\Network Model.IntPrjfolder\Network Data.IntPrjfolder\ESTE 138 kV.ElmNet\ZHIGUE.ElmSubstat\1.ElmTerm\Cub_1.StaCubic\ZHIGUE_ZLROME-L1-REF615.ElmRelay\Logic block 51P1.RelLogic,1,ESTE PROFUNDO,ESTE,ESTE 138 kV,ZHIGUE,Logic block 51P1
Logic block 51P2,\VM-PF.IntUser\PDD 31-12-2024.IntPrj\Network Model.IntPrjfolder\Network Data.IntPrjfolder\ESTE 138 kV.ElmNet\ZHIGUE.ElmSubstat\1.ElmTerm\Cub_1.StaCubic\ZHIGUE_ZLROME-L1-REF615.ElmRelay\Logic block 51P2.RelLogic,1,ESTE PROFUNDO,ESTE,ESTE 138 kV,ZHIGUE,Logic block 51P2
Closing Logic,\VM-PF.IntUser\PDD 31-12-2024.IntPrj\Network Model.IntPrjfolder\Network Data.IntPrjfolder\ESTE 138 kV.ElmNet\ZHIGUE.ElmSubstat\1.ElmTerm\Cub_1.StaCubic\ZHIGUE_ZLROME-L1-REF615.ElmRelay\Closing Logic.RelLogic,1,ESTE PROFUNDO,ESTE,ESTE 138 kV,ZHIGUE,Closing Logic
PIOC Output Logic,\VM-PF.IntUser\PDD 31-12-2024.IntPrj\Network Model.IntPrjfolder\Network Data.IntPrjfolder\ESTE 138 kV.ElmNet\ZHIGUE.ElmSubstat\1.ElmTerm\Cub_1.StaCubic\ZHIGUE_ZLROME-L1-REL670.ElmRelay\PIOC.ElmRelay\PIOC Output Logic.RelLogic,1,ESTE PROFUNDO,ESTE,ESTE 138 kV,ZHIGUE,PIOC Output Logic
Toc Output Logic,\VM-PF.IntUser\PDD 31-12-2024.IntPrj\Network Model.IntPrjfolder\Network Data.IntPrjfolder\ESTE 138 kV.ElmNet\ZHIGUE.ElmSubstat\1.ElmTerm\Cub_1.StaCubic\ZHIGUE_ZLROME-L1-REL670.ElmRelay\PTOC 51_67.ElmRelay\Toc Output Logic.RelLogic,1,ESTE PROFUNDO,ESTE,ESTE 138 kV,ZHIGUE,Toc Output Logic
Toc Output Logic,\VM-PF.IntUser\PDD 31-12-2024.IntPrj\Network Model.IntPrjfolder\Network Data.IntPrjfolder\ESTE 138 kV.ElmNet\ZHIGUE.ElmSubstat\1.ElmTerm\Cub_1.StaCubic\ZHIGUE_ZLROME-L1-REL670.ElmRelay\PTOC 51N67N.ElmRelay\Toc Output Logic.RelLogic,1,ESTE PROFUNDO,ESTE,ESTE 138 kV,ZHIGUE,Toc Output Logic
Frequency Output Logic,\VM-PF.IntUser\PDD 31-12-2024.IntPrj\Network Model.IntPrjfolder\Network Data.IntPrjfolder\ESTE 138 kV.ElmNet\ZHIGUE.ElmSubstat\1.ElmTerm\Cub_1.StaCubic\ZHIGUE_ZLROME-L1-REL670.ElmRelay\PTOF PTUF PFRC 81.ElmRelay\Frequency Output Logic.RelLogic,1,ESTE PROFUNDO,ESTE,ESTE 138 kV,ZHIGUE,Frequency Output Logic
Voltage Output Logic,\VM-PF.IntUser\PDD 31-12-2024.IntPrj\Network Model.IntPrjfolder\Network Data.IntPrjfolder\ESTE 138 kV.ElmNet\ZHIGUE.ElmSubstat\1.ElmTerm\Cub_1.StaCubic\ZHIGUE_ZLROME-L1-REL670.ElmRelay\PTUV 27 PTOV 59.ElmRelay\Voltage Output Logic.RelLogic,1,ESTE PROFUNDO,ESTE,ESTE 138 kV,ZHIGUE,Voltage Output Logic
Closing Logic,\VM-PF.IntUser\PDD 31-12-2024.IntPrj\Network Model.IntPrjfolder\Network Data.IntPrjfolder\ESTE 138 kV.ElmNet\ZHIGUE.ElmSubstat\2.ElmTerm\Cub_1.StaCubic\ZHIGUE_ZESEIE-L1-7SD52.ElmRelay\Distance/Overcurrent/Voltage.ElmRelay\Closing Logic.RelLogic,1,ESTE PROFUNDO,ESTE,ESTE 138 kV,ZHIGUE,Closing Logic
Logic block 50N,\VM-PF.IntUser\PDD 31-12-2024.IntPrj\Network Model.IntPrjfolder\Network Data.IntPrjfolder\ESTE 138 kV.ElmNet\ZHIGUE.ElmSubstat\2.ElmTerm\Cub_1.StaCubic\ZHIGUE_ZESEIE-L1-REF615.ElmRelay\Logic block 50N.RelLogic,1,ESTE PROFUNDO,ESTE,ESTE 138 kV,ZHIGUE,Logic block 50N
Logic block 50P,\VM-PF.IntUser\PDD 31-12-2024.IntPrj\Network Model.IntPrjfolder\Network Data.IntPrjfolder\ESTE 138 kV.ElmNet\ZHIGUE.ElmSubstat\2.ElmTerm\Cub_1.StaCubic\ZHIGUE_ZESEIE-L1-REF615.ElmRelay\Logic block 50P.RelLogic,1,ESTE PROFUNDO,ESTE,ESTE 138 kV,ZHIGUE,Logic block 50P
Logic block 51N,\VM-PF.IntUser\PDD 31-12-2024.IntPrj\Network Model.IntPrjfolder\Network Data.IntPrjfolder\ESTE 138 kV.ElmNet\ZHIGUE.ElmSubstat\2.ElmTerm\Cub_1.StaCubic\ZHIGUE_ZESEIE-L1-REF615.ElmRelay\Logic block 51N.RelLogic,1,ESTE PROFUNDO,ESTE,ESTE 138 kV,ZHIGUE,Logic block 51N
Logic block 51P1,\VM-PF.IntUser\PDD 31-12-2024.IntPrj\Network Model.IntPrjfolder\Network Data.IntPrjfolder\ESTE 138 kV.ElmNet\ZHIGUE.ElmSubstat\2.ElmTerm\Cub_1.StaCubic\ZHIGUE_ZESEIE-L1-REF615.ElmRelay\Logic block 51P1.RelLogic,1,ESTE PROFUNDO,ESTE,ESTE 138 kV,ZHIGUE,Logic block 51P1
Logic block 51P2,\VM-PF.IntUser\PDD 31-12-2024.IntPrj\Network Model.IntPrjfolder\Network Data.IntPrjfolder\ESTE 138 kV.ElmNet\ZHIGUE.ElmSubstat\2.ElmTerm\Cub_1.StaCubic\ZHIGUE_ZESEIE-L1-REF615.ElmRelay\Logic block 51P2.RelLogic,1,ESTE PROFUNDO,ESTE,ESTE 138 kV,ZHIGUE,Logic block 51P2
Closing Logic,\VM-PF.IntUser\PDD 31-12-2024.IntPrj\Network Model.IntPrjfolder\Network Data.IntPrjfolder\ESTE 138 kV.ElmNet\ZHIGUE.ElmSubstat\2.ElmTerm\Cub_1.StaCubic\ZHIGUE_ZESEIE-L1-REF615.ElmRelay\Closing Logic.RelLogic,1,ESTE PROFUNDO,ESTE,ESTE 138 kV,ZHIGUE,Closing Logic
PIOC Output Logic,\VM-PF.IntUser\PDD 31-12-2024.IntPrj\Network Model.IntPrjfolder\Network Data.IntPrjfolder\ESTE 138 kV.ElmNet\ZHIGUE.ElmSubstat\2.ElmTerm\Cub_1.StaCubic\ZHIGUE_ZESEIE-L1-REL670.ElmRelay\PIOC.ElmRelay\PIOC Output Logic.RelLogic,1,ESTE PROFUNDO,ESTE,ESTE 138 kV,ZHIGUE,PIOC Output Logic
Toc Output Logic,\VM-PF.IntUser\PDD 31-12-2024.IntPrj\Network Model.IntPrjfolder\Network Data.IntPrjfolder\ESTE 138 kV.ElmNet\ZHIGUE.ElmSubstat\2.ElmTerm\Cub_1.StaCubic\ZHIGUE_ZESEIE-L1-REL670.ElmRelay\PTOC 51_67.ElmRelay\Toc Output Logic.RelLogic,1,ESTE PROFUNDO,ESTE,ESTE 138 kV,ZHIGUE,Toc Output Logic
Toc Output Logic,\VM-PF.IntUser\PDD 31-12-2024.IntPrj\Network Model.IntPrjfolder\Network Data.IntPrjfolder\ESTE 138 kV.ElmNet\ZHIGUE.ElmSubstat\2.ElmTerm\Cub_1.StaCubic\ZHIGUE_ZESEIE-L1-REL670.ElmRelay\PTOC 51N67N.ElmRelay\Toc Output Logic.RelLogic,1,ESTE PROFUNDO,ESTE,ESTE 138 kV,ZHIGUE,Toc Output Logic
Frequency Output Logic,\VM-PF.IntUser\PDD 31-12-2024.IntPrj\Network Model.IntPrjfolder\Network Data.IntPrjfolder\ESTE 138 kV.ElmNet\ZHIGUE.ElmSubstat\2.ElmTerm\Cub_1.StaCubic\ZHIGUE_ZESEIE-L1-REL670.ElmRelay\PTOF PTUF PFRC 81.ElmRelay\Frequency Output Logic.RelLogic,1,ESTE PROFUNDO,ESTE,ESTE 138 kV,ZHIGUE,Frequency Output Logic
Voltage Output Logic,\VM-PF.IntUser\PDD 31-12-2024.IntPrj\Network Model.IntPrjfolder\Network Data.IntPrjfolder\ESTE 138 kV.ElmNet\ZHIGUE.ElmSubstat\2.ElmTerm\Cub_1.StaCubic\ZHIGUE_ZESEIE-L1-REL670.ElmRelay\PTUV 27 PTOV 59.ElmRelay\Voltage Output Logic.RelLogic,1,ESTE PROFUNDO,ESTE,ESTE 138 kV,ZHIGUE,Voltage Output Logic
Closing Logic,\VM-PF.IntUser\PDD 31-12-2024.IntPrj\Network Model.IntPrjfolder\Network Data.IntPrjfolder\ESTE 138 kV.ElmNet\ZHIGUE.ElmSubstat\5(1).ElmTerm\Cub_1.StaCubic\ZHIGUE_ZLROME-L1-7SD52.ElmRelay\Distance/Overcurrent/Voltage.ElmRelay\Closing Logic.RelLogic,1,ESTE PROFUNDO,ESTE,ESTE 138 kV,ZHIGUE,Closing Logic
Logic block 50N,\VM-PF.IntUser\PDD 31-12-2024.IntPrj\Network Model.IntPrjfolder\Network Data.IntPrjfolder\ESTE 138 kV.ElmNet\ZHIGUE.ElmSubstat\5(1).ElmTerm\Cub_1.StaCubic\ZHIGUE_ZLROME-L1-REF615.ElmRelay\Logic block 50N.RelLogic,1,ESTE PROFUNDO,ESTE,ESTE 138 kV,ZHIGUE,Logic block 50N
Logic block 50P,\VM-PF.IntUser\PDD 31-12-2024.IntPrj\Network Model.IntPrjfolder\Network Data.IntPrjfolder\ESTE 138 kV.ElmNet\ZHIGUE.ElmSubstat\5(1).ElmTerm\Cub_1.StaCubic\ZHIGUE_ZLROME-L1-REF615.ElmRelay\Logic block 50P.RelLogic,1,ESTE PROFUNDO,ESTE,ESTE 138 kV,ZHIGUE,Logic block 50P
Logic block 51N,\VM-PF.IntUser\PDD 31-12-2024.IntPrj\Network Model.IntPrjfolder\Network Data.IntPrjfolder\ESTE 138 kV.ElmNet\ZHIGUE.ElmSubstat\5(1).ElmTerm\Cub_1.StaCubic\ZHIGUE_ZLROME-L1-REF615.ElmRelay\Logic block 51N.RelLogic,1,ESTE PROFUNDO,ESTE,ESTE 138 kV,ZHIGUE,Logic block 51N
Logic block 51P1,\VM-PF.IntUser\PDD 31-12-2024.IntPrj\Network Model.IntPrjfolder\Network Data.IntPrjfolder\ESTE 138 kV.ElmNet\ZHIGUE.ElmSubstat\5(1).ElmTerm\Cub_1.StaCubic\ZHIGUE_ZLROME-L1-REF615.ElmRelay\Logic block 51P1.RelLogic,1,ESTE PROFUNDO,ESTE,ESTE 138 kV,ZHIGUE,Logic block 51P1
Logic block 51P2,\VM-PF.IntUser\PDD 31-12-2024.IntPrj\Network Model.IntPrjfolder\Network Data.IntPrjfolder\ESTE 138 kV.ElmNet\ZHIGUE.ElmSubstat\5(1).ElmTerm\Cub_1.StaCubic\ZHIGUE_ZLROME-L1-REF615.ElmRelay\Logic block 51P2.RelLogic,1,ESTE PROFUNDO,ESTE,ESTE 138 kV,ZHIGUE,Logic block 51P2
Closing Logic,\VM-PF.IntUser\PDD 31-12-2024.IntPrj\Network Model.IntPrjfolder\Network Data.IntPrjfolder\ESTE 138 kV.ElmNet\ZHIGUE.ElmSubstat\5(1).ElmTerm\Cub_1.StaCubic\ZHIGUE_ZLROME-L1-REF615.ElmRelay\Closing Logic.RelLogic,1,ESTE PROFUNDO,ESTE,ESTE 138 kV,ZHIGUE,Closing Logic
PIOC Output Logic,\VM-PF.IntUser\PDD 31-12-2024.IntPrj\Network Model.IntPrjfolder\Network Data.IntPrjfolder\ESTE 138 kV.ElmNet\ZHIGUE.ElmSubstat\5(1).ElmTerm\Cub_1.StaCubic\ZHIGUE_ZLROME-L1-REL670.ElmRelay\PIOC.ElmRelay\PIOC Output Logic.RelLogic,1,ESTE PROFUNDO,ESTE,ESTE 138 kV,ZHIGUE,PIOC Output Logic
Toc Output Logic,\VM-PF.IntUser\PDD 31-12-2024.IntPrj\Network Model.IntPrjfolder\Network Data.IntPrjfolder\ESTE 138 kV.ElmNet\ZHIGUE.ElmSubstat\5(1).ElmTerm\Cub_1.StaCubic\ZHIGUE_ZLROME-L1-REL670.ElmRelay\PTOC 51_67.ElmRelay\Toc Output Logic.RelLogic,1,ESTE PROFUNDO,ESTE,ESTE 138 kV,ZHIGUE,Toc Output Logic
Toc Output Logic,\VM-PF.IntUser\PDD 31-12-2024.IntPrj\Network Model.IntPrjfolder\Network Data.IntPrjfolder\ESTE 138 kV.ElmNet\ZHIGUE.ElmSubstat\5(1).ElmTerm\Cub_1.StaCubic\ZHIGUE_ZLROME-L1-REL670.ElmRelay\PTOC 51N67N.ElmRelay\Toc Output Logic.RelLogic,1,ESTE PROFUNDO,ESTE,ESTE 138 kV,ZHIGUE,Toc Output Logic
Frequency Output Logic,\VM-PF.IntUser\PDD 31-12-2024.IntPrj\Network Model.IntPrjfolder\Network Data.IntPrjfolder\ESTE 138 kV.ElmNet\ZHIGUE.ElmSubstat\5(1).ElmTerm\Cub_1.StaCubic\ZHIGUE_ZLROME-L1-REL670.ElmRelay\PTOF PTUF PFRC 81.ElmRelay\Frequency Output Logic.RelLogic,1,ESTE PROFUNDO,ESTE,ESTE 138 kV,ZHIGUE,Frequency Output Logic
Voltage Output Logic,\VM-PF.IntUser\PDD 31-12-2024.IntPrj\Network Model.IntPrjfolder\Network Data.IntPrjfolder\ESTE 138 kV.ElmNet\ZHIGUE.ElmSubstat\5(1).ElmTerm\Cub_1.StaCubic\ZHIGUE_ZLROME-L1-REL670.ElmRelay\PTUV 27 PTOV 59.ElmRelay\Voltage Output Logic.RelLogic,1,ESTE PROFUNDO,ESTE,ESTE 138 kV,ZHIGUE,Voltage Output Logic
Closing Logic,\VM-PF.IntUser\PDD 31-12-2024.IntPrj\Network Model.IntPrjfolder\Network Data.IntPrjfolder\ESTE 138 kV.ElmNet\ZJDOLE.ElmSubstat\1.ElmTerm\Cub_1.StaCubic\ZJDOLE_ZHNSAE-L1-7SA522.ElmRelay\Closing Logic.RelLogic,1,ESTE CERCANO,ESTE,ESTE 138 kV,ZJDOLE,Closing Logic
U0 Trip,\VM-PF.IntUser\PDD 31-12-2024.IntPrj\Network Model.IntPrjfolder\Network Data.IntPrjfolder\ESTE 138 kV.ElmNet\ZJDOLE.ElmSubstat\1.ElmTerm\Cub_1.StaCubic\ZJDOLE_ZHNSAE-L1-7SA6.ElmRelay\Earthfault.ElmRelay\U0 Trip.RelLogic,1,ESTE CERCANO,ESTE,ESTE 138 kV,ZJDOLE,U0 Trip
Earthfault Trip,\VM-PF.IntUser\PDD 31-12-2024.IntPrj\Network Model.IntPrjfolder\Network Data.IntPrjfolder\ESTE 138 kV.ElmNet\ZJDOLE.ElmSubstat\1.ElmTerm\Cub_1.StaCubic\ZJDOLE_ZHNSAE-L1-7SA6.ElmRelay\Earthfault.ElmRelay\Earthfault Trip.RelLogic,1,ESTE CERCANO,ESTE,ESTE 138 kV,ZJDOLE,Earthfault Trip
Voltage Trip,\VM-PF.IntUser\PDD 31-12-2024.IntPrj\Network Model.IntPrjfolder\Network Data.IntPrjfolder\ESTE 138 kV.ElmNet\ZJDOLE.ElmSubstat\1.ElmTerm\Cub_1.StaCubic\ZJDOLE_ZHNSAE-L1-7SA6.ElmRelay\Voltage.ElmRelay\Voltage Trip.RelLogic,1,ESTE CERCANO,ESTE,ESTE 138 kV,ZJDOLE,Voltage Trip
Close Logic,\VM-PF.IntUser\PDD 31-12-2024.IntPrj\Network Model.IntPrjfolder\Network Data.IntPrjfolder\ESTE 138 kV.ElmNet\ZJDOLE.ElmSubstat\1.ElmTerm\Cub_1.StaCubic\ZJDOLE_ZHNSAE-L1-7SA6.ElmRelay\Close Logic.RelLogic,1,ESTE CERCANO,ESTE,ESTE 138 kV,ZJDOLE,Close Logic
Closing Logic,\VM-PF.IntUser\PDD 31-12-2024.IntPrj\Network Model.IntPrjfolder\Network Data.IntPrjfolder\ESTE 138 kV.ElmNet\ZJDOLE.ElmSubstat\2.ElmTerm\Cub_1.StaCubic\ZJDOLE_ZSPM2E-L1-7SA522.ElmRelay\Closing Logic.RelLogic,1,ESTE CERCANO,ESTE,ESTE 138 kV,ZJDOLE,Closing Logic
U0 Trip,\VM-PF.IntUser\PDD 31-12-2024.IntPrj\Network Model.IntPrjfolder\Network Data.IntPrjfolder\ESTE 138 kV.ElmNet\ZJDOLE.ElmSubstat\2.ElmTerm\Cub_1.StaCubic\ZJDOLE_ZSPM2E-L1-7SA6.ElmRelay\Earthfault.ElmRelay\U0 Trip.RelLogic,1,ESTE CERCANO,ESTE,ESTE 138 kV,ZJDOLE,U0 Trip
Earthfault Trip,\VM-PF.IntUser\PDD 31-12-2024.IntPrj\Network Model.IntPrjfolder\Network Data.IntPrjfolder\ESTE 138 kV.ElmNet\ZJDOLE.ElmSubstat\2.ElmTerm\Cub_1.StaCubic\ZJDOLE_ZSPM2E-L1-7SA6.ElmRelay\Earthfault.ElmRelay\Earthfault Trip.RelLogic,1,ESTE CERCANO,ESTE,ESTE 138 kV,ZJDOLE,Earthfault Trip
Voltage Trip,\VM-PF.IntUser\PDD 31-12-2024.IntPrj\Network Model.IntPrjfolder\Network Data.IntPrjfolder\ESTE 138 kV.ElmNet\ZJDOLE.ElmSubstat\2.ElmTerm\Cub_1.StaCubic\ZJDOLE_ZSPM2E-L1-7SA6.ElmRelay\Voltage.ElmRelay\Voltage Trip.RelLogic,1,ESTE CERCANO,ESTE,ESTE 138 kV,ZJDOLE,Voltage Trip
Close Logic,\VM-PF.IntUser\PDD 31-12-2024.IntPrj\Network Model.IntPrjfolder\Network Data.IntPrjfolder\ESTE 138 kV.ElmNet\ZJDOLE.ElmSubstat\2.ElmTerm\Cub_1.StaCubic\ZJDOLE_ZSPM2E-L1-7SA6.ElmRelay\Close Logic.RelLogic,1,ESTE CERCANO,ESTE,ESTE 138 kV,ZJDOLE,Close Logic
Logic,\VM-PF.IntUser\PDD 31-12-2024.IntPrj\Network Model.IntPrjfolder\Network Data.IntPrjfolder\NORTE 138 kV.ElmNet\Monción.ElmSite\13.8 kV Zona Monción.ElmTerm\Cub_2.StaCubic\CE MONCION <f.ElmRelay\Logic.RelLogic,1,CIBAO NOROESTE,NORTE,NORTE 138 kV,,Logic Type
Logic,\VM-PF.IntUser\PDD 31-12-2024.IntPrj\Network Model.IntPrjfolder\Network Data.IntPrjfolder\NORTE 138 kV.ElmNet\Monción.ElmSite\13.8 kV Zona Monción.ElmTerm\Cub_2.StaCubic\CE MONCION >f.ElmRelay\Logic.RelLogic,1,CIBAO NOROESTE,NORTE,NORTE 138 kV,,Logic Type
Logic,\VM-PF.IntUser\PDD 31-12-2024.IntPrj\Network Model.IntPrjfolder\Network Data.IntPrjfolder\NORTE 138 kV.ElmNet\Falcondo.ElmSite\ZFALCF.ElmSubstat\WFALCF(1).ElmTerm\WBFALC69(1).StaCubic\FALCON TT2 <f.ElmRelay\Logic.RelLogic,1,CIBAO SUR,NORTE,NORTE 138 kV,ZFALCF,Logic Type
Logic,\VM-PF.IntUser\PDD 31-12-2024.IntPrj\Network Model.IntPrjfolder\Network Data.IntPrjfolder\NORTE 138 kV.ElmNet\Falcondo.ElmSite\ZFALCF.ElmSubstat\1(1).ElmTerm\WBFALC69(1).StaCubic\FALCON TT2 <f.ElmRelay\Logic.RelLogic,1,CIBAO SUR,NORTE,NORTE 138 kV,ZFALCF,Logic Type
Logic,\VM-PF.IntUser\PDD 31-12-2024.IntPrj\Network Model.IntPrjfolder\Network Data.IntPrjfolder\NORTE 138 kV.ElmNet\Falcondo.ElmSite\ZFALCE.ElmSubstat\WFALCE(2).ElmTerm\WBFALC38(2).StaCubic\FALCON TT3 <f.ElmRelay\Logic.RelLogic,1,CIBAO SUR,NORTE,NORTE 138 kV,ZFALCE,Logic Type
Logic,\VM-PF.IntUser\PDD 31-12-2024.IntPrj\Network Model.IntPrjfolder\Network Data.IntPrjfolder\NORTE 138 kV.ElmNet\Falcondo.ElmSite\ZFALCE.ElmSubstat\2(1).ElmTerm\WBFALC38(2).StaCubic\FALCON TT3 <f.ElmRelay\Logic.RelLogic,1,CIBAO SUR,NORTE,NORTE 138 kV,ZFALCE,Logic Type
Logic,\VM-PF.IntUser\PDD 31-12-2024.IntPrj\Network Model.IntPrjfolder\Network Data.IntPrjfolder\NORTE 138 kV.ElmNet\Falcondo.ElmSite\ZFALCE.ElmSubstat\3.ElmTerm\WBFALC38(2).StaCubic\FALCON TT3 <f.ElmRelay\Logic.RelLogic,1,CIBAO SUR,NORTE,NORTE 138 kV,ZFALCE,Logic Type
Logic,\VM-PF.IntUser\PDD 31-12-2024.IntPrj\Network Model.IntPrjfolder\Network Data.IntPrjfolder\NORTE 138 kV.ElmNet\Falcondo.ElmSite\ZFALCE.ElmSubstat\4.ElmTerm\WBFALC38(2).StaCubic\FALCON TT3 <f.ElmRelay\Logic.RelLogic,1,CIBAO SUR,NORTE,NORTE 138 kV,ZFALCE,Logic Type
Logic,\VM-PF.IntUser\PDD 31-12-2024.IntPrj\Network Model.IntPrjfolder\Network Data.IntPrjfolder\NORTE 138 kV.ElmNet\ZSFELE(1).ElmSubstat\WSFELE(2).ElmTerm\WBSFELE(2).StaCubic\SMITH >f.ElmRelay\Logic.RelLogic,1,,NORTE,NORTE 138 kV,ZSFELE(1),Logic Type
Logic,\VM-PF.IntUser\PDD 31-12-2024.IntPrj\Network Model.IntPrjfolder\Network Data.IntPrjfolder\NORTE 138 kV.ElmNet\ZSFELE(1).ElmSubstat\WSFELE(2).ElmTerm\WBSFELE(2).StaCubic\SMITH <f.ElmRelay\Logic.RelLogic,1,,NORTE,NORTE 138 kV,ZSFELE(1),Logic Type
Logic,\VM-PF.IntUser\PDD 31-12-2024.IntPrj\Network Model.IntPrjfolder\Network Data.IntPrjfolder\NORTE 138 kV.ElmNet\ZSFELE.ElmSubstat\138 kV San Felipe B1.ElmTerm\Cub_2.StaCubic\SMITH <f.ElmRelay\Logic.RelLogic,1,CIBAO NORTE,NORTE,NORTE 138 kV,ZSFELE,Logic Type
Logic,\VM-PF.IntUser\PDD 31-12-2024.IntPrj\Network Model.IntPrjfolder\Network Data.IntPrjfolder\NORTE 138 kV.ElmNet\ZSFELE.ElmSubstat\138 kV San Felipe B1.ElmTerm\Cub_2.StaCubic\SMITH >f.ElmRelay\Logic.RelLogic,1,CIBAO NORTE,NORTE,NORTE 138 kV,ZSFELE,Logic Type
Logic,\VM-PF.IntUser\PDD 31-12-2024.IntPrj\Network Model.IntPrjfolder\Network Data.IntPrjfolder\SUR 69 kV.ElmNet\Sabaneta.ElmSite\ZSABAF.ElmSubstat\WSABAF(1).ElmTerm\WBSABAF(1).StaCubic\SABANETA >f.ElmRelay\Logic.RelLogic,1,SUR MEDIO,SUR,SUR 69 kV,ZSABAF,Logic Type
Logic,\VM-PF.IntUser\PDD 31-12-2024.IntPrj\Network Model.IntPrjfolder\Network Data.IntPrjfolder\SUR 69 kV.ElmNet\Sabaneta.ElmSite\ZSABAF.ElmSubstat\WSABAF(1).ElmTerm\WBSABAF(1).StaCubic\SABANETA <f.ElmRelay\Logic.RelLogic,1,SUR MEDIO,SUR,SUR 69 kV,ZSABAF,Logic Type
Logic,\VM-PF.IntUser\PDD 31-12-2024.IntPrj\Network Model.IntPrjfolder\Network Data.IntPrjfolder\SUR 138 kV.ElmNet\Haina.ElmSite\ZHAINE.ElmSubstat\1.ElmTerm\Cub_1.StaCubic\HAINA TG >f.ElmRelay\Logic.RelLogic,1,SUR CERCANO,SUR,SUR 138 kV,ZHAINE,Logic Type
Logic,\VM-PF.IntUser\PDD 31-12-2024.IntPrj\Network Model.IntPrjfolder\Network Data.IntPrjfolder\SUR 138 kV.ElmNet\Haina.ElmSite\ZHAINE.ElmSubstat\1.ElmTerm\Cub_1.StaCubic\HAINA TG <f.ElmRelay\Logic.RelLogic,1,SUR CERCANO,SUR,SUR 138 kV,ZHAINE,Logic Type
Logic Z2G,\VM-PF.IntUser\PDD 31-12-2024.IntPrj\Network Model.IntPrjfolder\Network Data.IntPrjfolder\SUR 138 kV.ElmNet\Haina.ElmSite\ZHAINE.ElmSubstat\3.ElmTerm\Cub_1.StaCubic\ZHAINE_ZITABE-L1-SEL 311L.ElmRelay\Logic Z2G.RelLogic,1,SUR CERCANO,SUR,SUR 138 kV,ZHAINE,Logic Z2G
Closing Logic,\VM-PF.IntUser\PDD 31-12-2024.IntPrj\Network Model.IntPrjfolder\Network Data.IntPrjfolder\SUR 138 kV.ElmNet\Haina.ElmSite\ZHAINE.ElmSubstat\3.ElmTerm\Cub_1.StaCubic\ZHAINE_ZITABE-L1-SEL 451.ElmRelay\Closing Logic.RelLogic,1,SUR CERCANO,SUR,SUR 138 kV,ZHAINE,Closing Logic
Logic Z2G,\VM-PF.IntUser\PDD 31-12-2024.IntPrj\Network Model.IntPrjfolder\Network Data.IntPrjfolder\SUR 138 kV.ElmNet\Haina.ElmSite\ZHAINE.ElmSubstat\4.ElmTerm\Cub_1.StaCubic\ZHAINE_ZITABE-L2-SEL 311L.ElmRelay\Logic Z2G.RelLogic,1,SUR CERCANO,SUR,SUR 138 kV,ZHAINE,Logic Z2G
Closing Logic,\VM-PF.IntUser\PDD 31-12-2024.IntPrj\Network Model.IntPrjfolder\Network Data.IntPrjfolder\SUR 138 kV.ElmNet\Haina.ElmSite\ZHAINE.ElmSubstat\4.ElmTerm\Cub_1.StaCubic\ZHAINE_ZITABE-L2-SEL 451.ElmRelay\Closing Logic.RelLogic,1,SUR CERCANO,SUR,SUR 138 kV,ZHAINE,Closing Logic
Logic Z2G,\VM-PF.IntUser\PDD 31-12-2024.IntPrj\Network Model.IntPrjfolder\Network Data.IntPrjfolder\SUR 138 kV.ElmNet\Haina.ElmSite\ZHAINE.ElmSubstat\6.ElmTerm\Cub_1.StaCubic\ZHAINE_ZMATAE-L2-SEL 311C.ElmRelay\Logic Z2G.RelLogic,1,SUR CERCANO,SUR,SUR 138 kV,ZHAINE,Logic Z2G
Closing Logic,\VM-PF.IntUser\PDD 31-12-2024.IntPrj\Network Model.IntPrjfolder\Network Data.IntPrjfolder\SUR 138 kV.ElmNet\Haina.ElmSite\ZHAINE.ElmSubstat\6.ElmTerm\Cub_1.StaCubic\ZHAINE_ZMATAE-L2-SEL 451.ElmRelay\Closing Logic.RelLogic,1,SUR CERCANO,SUR,SUR 138 kV,ZHAINE,Closing Logic
Logic Z2G,\VM-PF.IntUser\PDD 31-12-2024.IntPrj\Network Model.IntPrjfolder\Network Data.IntPrjfolder\SUR 138 kV.ElmNet\Haina.ElmSite\ZHAINE.ElmSubstat\5.ElmTerm\Cub_1.StaCubic\ZHAINE_ZMATBE-L1-SEL 311C.ElmRelay\Logic Z2G.RelLogic,1,SUR CERCANO,SUR,SUR 138 kV,ZHAINE,Logic Z2G
Closing Logic,\VM-PF.IntUser\PDD 31-12-2024.IntPrj\Network Model.IntPrjfolder\Network Data.IntPrjfolder\SUR 138 kV.ElmNet\Haina.ElmSite\ZHAINE.ElmSubstat\5.ElmTerm\Cub_1.StaCubic\ZHAINE_ZMATBE-L1-SEL 451.ElmRelay\Closing Logic.RelLogic,1,SUR CERCANO,SUR,SUR 138 kV,ZHAINE,Closing Logic
Logic,\VM-PF.IntUser\PDD 31-12-2024.IntPrj\Network Model.IntPrjfolder\Network Data.IntPrjfolder\SUR 138 kV.ElmNet\Haina.ElmSite\ZHAINF.ElmSubstat\R2.ElmTerm\Cub_2.StaCubic\Lin. Haina-Refineria.ElmRelay\Logic.RelLogic,1,SUR CERCANO,SUR,SUR 138 kV,ZHAINF,Logic Type
Logic,\VM-PF.IntUser\PDD 31-12-2024.IntPrj\Network Model.IntPrjfolder\Network Data.IntPrjfolder\SUR 138 kV.ElmNet\Barahona Carbón.ElmSite\ZBCARE.ElmSubstat\2.ElmTerm\Cub_1.StaCubic\BARAHONA CARBON <f.ElmRelay\Logic.RelLogic,1,SUR PROFUNDO,SUR,SUR 138 kV,ZBCARE,Logic Type
Logic,\VM-PF.IntUser\PDD 31-12-2024.IntPrj\Network Model.IntPrjfolder\Network Data.IntPrjfolder\SUR 138 kV.ElmNet\Barahona Carbón.ElmSite\ZBCARE.ElmSubstat\2.ElmTerm\Cub_1.StaCubic\BARAHONA CARBON >f.ElmRelay\Logic.RelLogic,1,SUR PROFUNDO,SUR,SUR 138 kV,ZBCARE,Logic Type
Logic,\VM-PF.IntUser\PDD 31-12-2024.IntPrj\Network Model.IntPrjfolder\Network Data.IntPrjfolder\SUR 138 kV.ElmNet\Barahona Carbón.ElmSite\ZBCARE.ElmSubstat\4.ElmTerm\Cub_1.StaCubic\BARAHONA CARBON <f.ElmRelay\Logic.RelLogic,1,SUR PROFUNDO,SUR,SUR 138 kV,ZBCARE,Logic Type
Logic,\VM-PF.IntUser\PDD 31-12-2024.IntPrj\Network Model.IntPrjfolder\Network Data.IntPrjfolder\SUR 138 kV.ElmNet\Barahona Carbón.ElmSite\ZBCARE.ElmSubstat\4.ElmTerm\Cub_1.StaCubic\BARAHONA CARBON >f.ElmRelay\Logic.RelLogic,1,SUR PROFUNDO,SUR,SUR 138 kV,ZBCARE,Logic Type
Logic Z2G,\VM-PF.IntUser\PDD 31-12-2024.IntPrj\Network Model.IntPrjfolder\Network Data.IntPrjfolder\SUR 138 kV.ElmNet\Itabo.ElmSite\ZITABE.ElmSubstat\1.ElmTerm\Cub_1.StaCubic\ZITABE_ZITAGE-L1-SEL 411L.ElmRelay\Logic Z2G.RelLogic,1,SUR CERCANO,SUR,SUR 138 kV,ZITABE,Logic Z2G
Logic Z2G,\VM-PF.IntUser\PDD 31-12-2024.IntPrj\Network Model.IntPrjfolder\Network Data.IntPrjfolder\SUR 138 kV.ElmNet\Itabo.ElmSite\ZITABE.ElmSubstat\1.ElmTerm\Cub_1.StaCubic\ZITABE_ZITAGE-L1-SEL 311C.ElmRelay\Logic Z2G.RelLogic,1,SUR CERCANO,SUR,SUR 138 kV,ZITABE,Logic Z2G
PIOC Output Logic,\VM-PF.IntUser\PDD 31-12-2024.IntPrj\Network Model.IntPrjfolder\Network Data.IntPrjfolder\SUR 138 kV.ElmNet\Itabo.ElmSite\ZITABE.ElmSubstat\2.ElmTerm\Cub_1.StaCubic\ZITABE_ZPALAE-L1-REL670.ElmRelay\PIOC.ElmRelay\PIOC Output Logic.RelLogic,1,SUR CERCANO,SUR,SUR 138 kV,ZITABE,PIOC Output Logic
Toc Output Logic,\VM-PF.IntUser\PDD 31-12-2024.IntPrj\Network Model.IntPrjfolder\Network Data.IntPrjfolder\SUR 138 kV.ElmNet\Itabo.ElmSite\ZITABE.ElmSubstat\2.ElmTerm\Cub_1.StaCubic\ZITABE_ZPALAE-L1-REL670.ElmRelay\PTOC 51_67.ElmRelay\Toc Output Logic.RelLogic,1,SUR CERCANO,SUR,SUR 138 kV,ZITABE,Toc Output Logic
Toc Output Logic,\VM-PF.IntUser\PDD 31-12-2024.IntPrj\Network Model.IntPrjfolder\Network Data.IntPrjfolder\SUR 138 kV.ElmNet\Itabo.ElmSite\ZITABE.ElmSubstat\2.ElmTerm\Cub_1.StaCubic\ZITABE_ZPALAE-L1-REL670.ElmRelay\PTOC 51N67N.ElmRelay\Toc Output Logic.RelLogic,1,SUR CERCANO,SUR,SUR 138 kV,ZITABE,Toc Output Logic
Frequency Output Logic,\VM-PF.IntUser\PDD 31-12-2024.IntPrj\Network Model.IntPrjfolder\Network Data.IntPrjfolder\SUR 138 kV.ElmNet\Itabo.ElmSite\ZITABE.ElmSubstat\2.ElmTerm\Cub_1.StaCubic\ZITABE_ZPALAE-L1-REL670.ElmRelay\PTOF PTUF PFRC 81.ElmRelay\Frequency Output Logic.RelLogic,1,SUR CERCANO,SUR,SUR 138 kV,ZITABE,Frequency Output Logic
Voltage Output Logic,\VM-PF.IntUser\PDD 31-12-2024.IntPrj\Network Model.IntPrjfolder\Network Data.IntPrjfolder\SUR 138 kV.ElmNet\Itabo.ElmSite\ZITABE.ElmSubstat\2.ElmTerm\Cub_1.StaCubic\ZITABE_ZPALAE-L1-REL670.ElmRelay\PTUV 27 PTOV 59.ElmRelay\Voltage Output Logic.RelLogic,1,SUR CERCANO,SUR,SUR 138 kV,ZITABE,Voltage Output Logic
PIOC Output Logic,\VM-PF.IntUser\PDD 31-12-2024.IntPrj\Network Model.IntPrjfolder\Network Data.IntPrjfolder\SUR 138 kV.ElmNet\Itabo.ElmSite\ZITABE.ElmSubstat\6.ElmTerm\Cub_1.StaCubic\ZITABE_ZHERRE-L1-REL670.ElmRelay\PIOC.ElmRelay\PIOC Output Logic.RelLogic,1,SUR CERCANO,SUR,SUR 138 kV,ZITABE,PIOC Output Logic
Toc Output Logic,\VM-PF.IntUser\PDD 31-12-2024.IntPrj\Network Model.IntPrjfolder\Network Data.IntPrjfolder\SUR 138 kV.ElmNet\Itabo.ElmSite\ZITABE.ElmSubstat\6.ElmTerm\Cub_1.StaCubic\ZITABE_ZHERRE-L1-REL670.ElmRelay\PTOC 51_67.ElmRelay\Toc Output Logic.RelLogic,1,SUR CERCANO,SUR,SUR 138 kV,ZITABE,Toc Output Logic
Toc Output Logic,\VM-PF.IntUser\PDD 31-12-2024.IntPrj\Network Model.IntPrjfolder\Network Data.IntPrjfolder\SUR 138 kV.ElmNet\Itabo.ElmSite\ZITABE.ElmSubstat\6.ElmTerm\Cub_1.StaCubic\ZITABE_ZHERRE-L1-REL670.ElmRelay\PTOC 51N67N.ElmRelay\Toc Output Logic.RelLogic,1,SUR CERCANO,SUR,SUR 138 kV,ZITABE,Toc Output Logic
Frequency Output Logic,\VM-PF.IntUser\PDD 31-12-2024.IntPrj\Network Model.IntPrjfolder\Network Data.IntPrjfolder\SUR 138 kV.ElmNet\Itabo.ElmSite\ZITABE.ElmSubstat\6.ElmTerm\Cub_1.StaCubic\ZITABE_ZHERRE-L1-REL670.ElmRelay\PTOF PTUF PFRC 81.ElmRelay\Frequency Output Logic.RelLogic,1,SUR CERCANO,SUR,SUR 138 kV,ZITABE,Frequency Output Logic
Voltage Output Logic,\VM-PF.IntUser\PDD 31-12-2024.IntPrj\Network Model.IntPrjfolder\Network Data.IntPrjfolder\SUR 138 kV.ElmNet\Itabo.ElmSite\ZITABE.ElmSubstat\6.ElmTerm\Cub_1.StaCubic\ZITABE_ZHERRE-L1-REL670.ElmRelay\PTUV 27 PTOV 59.ElmRelay\Voltage Output Logic.RelLogic,1,SUR CERCANO,SUR,SUR 138 kV,ZITABE,Voltage Output Logic
PIOC Output Logic,\VM-PF.IntUser\PDD 31-12-2024.IntPrj\Network Model.IntPrjfolder\Network Data.IntPrjfolder\SUR 138 kV.ElmNet\Itabo.ElmSite\ZITABE.ElmSubstat\7.ElmTerm\Cub_1.StaCubic\ZITABE_ZLPRAE-L1-REL670.ElmRelay\PIOC.ElmRelay\PIOC Output Logic.RelLogic,1,SUR CERCANO,SUR,SUR 138 kV,ZITABE,PIOC Output Logic
Toc Output Logic,\VM-PF.IntUser\PDD 31-12-2024.IntPrj\Network Model.IntPrjfolder\Network Data.IntPrjfolder\SUR 138 kV.ElmNet\Itabo.ElmSite\ZITABE.ElmSubstat\7.ElmTerm\Cub_1.StaCubic\ZITABE_ZLPRAE-L1-REL670.ElmRelay\PTOC 51_67.ElmRelay\Toc Output Logic.RelLogic,1,SUR CERCANO,SUR,SUR 138 kV,ZITABE,Toc Output Logic
Toc Output Logic,\VM-PF.IntUser\PDD 31-12-2024.IntPrj\Network Model.IntPrjfolder\Network Data.IntPrjfolder\SUR 138 kV.ElmNet\Itabo.ElmSite\ZITABE.ElmSubstat\7.ElmTerm\Cub_1.StaCubic\ZITABE_ZLPRAE-L1-REL670.ElmRelay\PTOC 51N67N.ElmRelay\Toc Output Logic.RelLogic,1,SUR CERCANO,SUR,SUR 138 kV,ZITABE,Toc Output Logic
Frequency Output Logic,\VM-PF.IntUser\PDD 31-12-2024.IntPrj\Network Model.IntPrjfolder\Network Data.IntPrjfolder\SUR 138 kV.ElmNet\Itabo.ElmSite\ZITABE.ElmSubstat\7.ElmTerm\Cub_1.StaCubic\ZITABE_ZLPRAE-L1-REL670.ElmRelay\PTOF PTUF PFRC 81.ElmRelay\Frequency Output Logic.RelLogic,1,SUR CERCANO,SUR,SUR 138 kV,ZITABE,Frequency Output Logic
Voltage Output Logic,\VM-PF.IntUser\PDD 31-12-2024.IntPrj\Network Model.IntPrjfolder\Network Data.IntPrjfolder\SUR 138 kV.ElmNet\Itabo.ElmSite\ZITABE.ElmSubstat\7.ElmTerm\Cub_1.StaCubic\ZITABE_ZLPRAE-L1-REL670.ElmRelay\PTUV 27 PTOV 59.ElmRelay\Voltage Output Logic.RelLogic,1,SUR CERCANO,SUR,SUR 138 kV,ZITABE,Voltage Output Logic
Logic Z2G,\VM-PF.IntUser\PDD 31-12-2024.IntPrj\Network Model.IntPrjfolder\Network Data.IntPrjfolder\SUR 138 kV.ElmNet\Itabo.ElmSite\ZITABE.ElmSubstat\8.ElmTerm\Cub_1.StaCubic\ZITABE_ZHAINE-L1-SEL 311L.ElmRelay\Logic Z2G.RelLogic,1,SUR CERCANO,SUR,SUR 138 kV,ZITABE,Logic Z2G
PIOC Output Logic,\VM-PF.IntUser\PDD 31-12-2024.IntPrj\Network Model.IntPrjfolder\Network Data.IntPrjfolder\SUR 138 kV.ElmNet\Itabo.ElmSite\ZITABE.ElmSubstat\8.ElmTerm\Cub_1.StaCubic\ZITABE_ZHAINE-L1-REL670.ElmRelay\PIOC.ElmRelay\PIOC Output Logic.RelLogic,1,SUR CERCANO,SUR,SUR 138 kV,ZITABE,PIOC Output Logic
Toc Output Logic,\VM-PF.IntUser\PDD 31-12-2024.IntPrj\Network Model.IntPrjfolder\Network Data.IntPrjfolder\SUR 138 kV.ElmNet\Itabo.ElmSite\ZITABE.ElmSubstat\8.ElmTerm\Cub_1.StaCubic\ZITABE_ZHAINE-L1-REL670.ElmRelay\PTOC 51_67.ElmRelay\Toc Output Logic.RelLogic,1,SUR CERCANO,SUR,SUR 138 kV,ZITABE,Toc Output Logic
Toc Output Logic,\VM-PF.IntUser\PDD 31-12-2024.IntPrj\Network Model.IntPrjfolder\Network Data.IntPrjfolder\SUR 138 kV.ElmNet\Itabo.ElmSite\ZITABE.ElmSubstat\8.ElmTerm\Cub_1.StaCubic\ZITABE_ZHAINE-L1-REL670.ElmRelay\PTOC 51N67N.ElmRelay\Toc Output Logic.RelLogic,1,SUR CERCANO,SUR,SUR 138 kV,ZITABE,Toc Output Logic
Frequency Output Logic,\VM-PF.IntUser\PDD 31-12-2024.IntPrj\Network Model.IntPrjfolder\Network Data.IntPrjfolder\SUR 138 kV.ElmNet\Itabo.ElmSite\ZITABE.ElmSubstat\8.ElmTerm\Cub_1.StaCubic\ZITABE_ZHAINE-L1-REL670.ElmRelay\PTOF PTUF PFRC 81.ElmRelay\Frequency Output Logic.RelLogic,1,SUR CERCANO,SUR,SUR 138 kV,ZITABE,Frequency Output Logic
Voltage Output Logic,\VM-PF.IntUser\PDD 31-12-2024.IntPrj\Network Model.IntPrjfolder\Network Data.IntPrjfolder\SUR 138 kV.ElmNet\Itabo.ElmSite\ZITABE.ElmSubstat\8.ElmTerm\Cub_1.StaCubic\ZITABE_ZHAINE-L1-REL670.ElmRelay\PTUV 27 PTOV 59.ElmRelay\Voltage Output Logic.RelLogic,1,SUR CERCANO,SUR,SUR 138 kV,ZITABE,Voltage Output Logic
Logic Z2G,\VM-PF.IntUser\PDD 31-12-2024.IntPrj\Network Model.IntPrjfolder\Network Data.IntPrjfolder\SUR 138 kV.ElmNet\Itabo.ElmSite\ZITABE.ElmSubstat\9.ElmTerm\Cub_1.StaCubic\ZITABE_ZHAINE-L2-SEL 311L.ElmRelay\Logic Z2G.RelLogic,1,SUR CERCANO,SUR,SUR 138 kV,ZITABE,Logic Z2G
PIOC Output Logic,\VM-PF.IntUser\PDD 31-12-2024.IntPrj\Network Model.IntPrjfolder\Network Data.IntPrjfolder\SUR 138 kV.ElmNet\Itabo.ElmSite\ZITABE.ElmSubstat\9.ElmTerm\Cub_1.StaCubic\ZITABE_ZHAINE-L2-REL670.ElmRelay\PIOC.ElmRelay\PIOC Output Logic.RelLogic,1,SUR CERCANO,SUR,SUR 138 kV,ZITABE,PIOC Output Logic
Toc Output Logic,\VM-PF.IntUser\PDD 31-12-2024.IntPrj\Network Model.IntPrjfolder\Network Data.IntPrjfolder\SUR 138 kV.ElmNet\Itabo.ElmSite\ZITABE.ElmSubstat\9.ElmTerm\Cub_1.StaCubic\ZITABE_ZHAINE-L2-REL670.ElmRelay\PTOC 51_67.ElmRelay\Toc Output Logic.RelLogic,1,SUR CERCANO,SUR,SUR 138 kV,ZITABE,Toc Output Logic
Toc Output Logic,\VM-PF.IntUser\PDD 31-12-2024.IntPrj\Network Model.IntPrjfolder\Network Data.IntPrjfolder\SUR 138 kV.ElmNet\Itabo.ElmSite\ZITABE.ElmSubstat\9.ElmTerm\Cub_1.StaCubic\ZITABE_ZHAINE-L2-REL670.ElmRelay\PTOC 51N67N.ElmRelay\Toc Output Logic.RelLogic,1,SUR CERCANO,SUR,SUR 138 kV,ZITABE,Toc Output Logic
Frequency Output Logic,\VM-PF.IntUser\PDD 31-12-2024.IntPrj\Network Model.IntPrjfolder\Network Data.IntPrjfolder\SUR 138 kV.ElmNet\Itabo.ElmSite\ZITABE.ElmSubstat\9.ElmTerm\Cub_1.StaCubic\ZITABE_ZHAINE-L2-REL670.ElmRelay\PTOF PTUF PFRC 81.ElmRelay\Frequency Output Logic.RelLogic,1,SUR CERCANO,SUR,SUR 138 kV,ZITABE,Frequency Output Logic
Voltage Output Logic,\VM-PF.IntUser\PDD 31-12-2024.IntPrj\Network Model.IntPrjfolder\Network Data.IntPrjfolder\SUR 138 kV.ElmNet\Itabo.ElmSite\ZITABE.ElmSubstat\9.ElmTerm\Cub_1.StaCubic\ZITABE_ZHAINE-L2-REL670.ElmRelay\PTUV 27 PTOV 59.ElmRelay\Voltage Output Logic.RelLogic,1,SUR CERCANO,SUR,SUR 138 kV,ZITABE,Voltage Output Logic
Logic Z2G,\VM-PF.IntUser\PDD 31-12-2024.IntPrj\Network Model.IntPrjfolder\Network Data.IntPrjfolder\SUR 138 kV.ElmNet\Itabo TG.ElmSite\ZITAGE.ElmSubstat\1.ElmTerm\Cub_1.StaCubic\ZITAGE_ZITABE-L1-SEL 411L.ElmRelay\Logic Z2G.RelLogic,1,SUR CERCANO,SUR,SUR 138 kV,ZITAGE,Logic Z2G
Logic Z2G,\VM-PF.IntUser\PDD 31-12-2024.IntPrj\Network Model.IntPrjfolder\Network Data.IntPrjfolder\SUR 138 kV.ElmNet\Itabo TG.ElmSite\ZITAGE.ElmSubstat\1.ElmTerm\Cub_1.StaCubic\ZITAGE_ZITABE-L1-SEL 311C.ElmRelay\Logic Z2G.RelLogic,1,SUR CERCANO,SUR,SUR 138 kV,ZITAGE,Logic Z2G
Logic Z2G,\VM-PF.IntUser\PDD 31-12-2024.IntPrj\Network Model.IntPrjfolder\Network Data.IntPrjfolder\SUR 138 kV.ElmNet\Itabo TG.ElmSite\ZITAGE.ElmSubstat\4.ElmTerm\Cub_1.StaCubic\ZITAGE_ZJSA1E-L1-SEL 411L.ElmRelay\Logic Z2G.RelLogic,1,SUR CERCANO,SUR,SUR 138 kV,ZITAGE,Logic Z2G
Logic Z2G,\VM-PF.IntUser\PDD 31-12-2024.IntPrj\Network Model.IntPrjfolder\Network Data.IntPrjfolder\SUR 138 kV.ElmNet\Itabo TG.ElmSite\ZITAGE.ElmSubstat\4.ElmTerm\Cub_1.StaCubic\ZITAGE_ZJSA1E-L1-SEL 311C.ElmRelay\Logic Z2G.RelLogic,1,SUR CERCANO,SUR,SUR 138 kV,ZITAGE,Logic Z2G
Logic Z2G,\VM-PF.IntUser\PDD 31-12-2024.IntPrj\Network Model.IntPrjfolder\Network Data.IntPrjfolder\SUR 138 kV.ElmNet\Itabo TG.ElmSite\ZITAGE.ElmSubstat\3.ElmTerm\Cub_1.StaCubic\ZITAGE_ZJSA1E-L2-SEL 411L.ElmRelay\Logic Z2G.RelLogic,1,SUR CERCANO,SUR,SUR 138 kV,ZITAGE,Logic Z2G
Logic Z2G,\VM-PF.IntUser\PDD 31-12-2024.IntPrj\Network Model.IntPrjfolder\Network Data.IntPrjfolder\SUR 138 kV.ElmNet\Itabo TG.ElmSite\ZITAGE.ElmSubstat\3.ElmTerm\Cub_1.StaCubic\ZITAGE_ZJSA1E-L2-SEL 311C.ElmRelay\Logic Z2G.RelLogic,1,SUR CERCANO,SUR,SUR 138 kV,ZITAGE,Logic Z2G
Logic Z2G,\VM-PF.IntUser\PDD 31-12-2024.IntPrj\Network Model.IntPrjfolder\Network Data.IntPrjfolder\SUR 138 kV.ElmNet\Itabo TG.ElmSite\ZITAGE.ElmSubstat\2.ElmTerm\Cub_1.StaCubic\ZITAGE_ZUASDE-L1-SEL 411L.ElmRelay\Logic Z2G.RelLogic,1,SUR CERCANO,SUR,SUR 138 kV,ZITAGE,Logic Z2G
Logic Z2G,\VM-PF.IntUser\PDD 31-12-2024.IntPrj\Network Model.IntPrjfolder\Network Data.IntPrjfolder\SUR 138 kV.ElmNet\Itabo TG.ElmSite\ZITAGE.ElmSubstat\2.ElmTerm\Cub_1.StaCubic\ZITAGE_ZUASDE-L1-SEL 311C.ElmRelay\Logic Z2G.RelLogic,1,SUR CERCANO,SUR,SUR 138 kV,ZITAGE,Logic Z2G
PIOC Output Logic,\VM-PF.IntUser\PDD 31-12-2024.IntPrj\Network Model.IntPrjfolder\Network Data.IntPrjfolder\CENTRAL 138 kV.ElmNet\Arroyo Hondo.ElmSite\ZAHONE.ElmSubstat\E02.ElmTerm\Cub_1.StaCubic\ZAHO1E_ZPAL2E-L1-REL 670.ElmRelay\PIOC.ElmRelay\PIOC Output Logic.RelLogic,1,DISTRITO NACIONAL,CENTRAL,CENTRAL 138 kV,ZAHONE,PIOC Output Logic
Toc Output Logic,\VM-PF.IntUser\PDD 31-12-2024.IntPrj\Network Model.IntPrjfolder\Network Data.IntPrjfolder\CENTRAL 138 kV.ElmNet\Arroyo Hondo.ElmSite\ZAHONE.ElmSubstat\E02.ElmTerm\Cub_1.StaCubic\ZAHO1E_ZPAL2E-L1-REL 670.ElmRelay\PTOC 51_67.ElmRelay\Toc Output Logic.RelLogic,1,DISTRITO NACIONAL,CENTRAL,CENTRAL 138 kV,ZAHONE,Toc Output Logic
Toc Output Logic,\VM-PF.IntUser\PDD 31-12-2024.IntPrj\Network Model.IntPrjfolder\Network Data.IntPrjfolder\CENTRAL 138 kV.ElmNet\Arroyo Hondo.ElmSite\ZAHONE.ElmSubstat\E02.ElmTerm\Cub_1.StaCubic\ZAHO1E_ZPAL2E-L1-REL 670.ElmRelay\PTOC 51N67N.ElmRelay\Toc Output Logic.RelLogic,1,DISTRITO NACIONAL,CENTRAL,CENTRAL 138 kV,ZAHONE,Toc Output Logic
Frequency Output Logic,\VM-PF.IntUser\PDD 31-12-2024.IntPrj\Network Model.IntPrjfolder\Network Data.IntPrjfolder\CENTRAL 138 kV.ElmNet\Arroyo Hondo.ElmSite\ZAHONE.ElmSubstat\E02.ElmTerm\Cub_1.StaCubic\ZAHO1E_ZPAL2E-L1-REL 670.ElmRelay\PTOF PTUF PFRC 81.ElmRelay\Frequency Output Logic.RelLogic,1,DISTRITO NACIONAL,CENTRAL,CENTRAL 138 kV,ZAHONE,Frequency Output Logic
Voltage Output Logic,\VM-PF.IntUser\PDD 31-12-2024.IntPrj\Network Model.IntPrjfolder\Network Data.IntPrjfolder\CENTRAL 138 kV.ElmNet\Arroyo Hondo.ElmSite\ZAHONE.ElmSubstat\E02.ElmTerm\Cub_1.StaCubic\ZAHO1E_ZPAL2E-L1-REL 670.ElmRelay\PTUV 27 PTOV 59.ElmRelay\Voltage Output Logic.RelLogic,1,DISTRITO NACIONAL,CENTRAL,CENTRAL 138 kV,ZAHONE,Voltage Output Logic
PIOC Output Logic,\VM-PF.IntUser\PDD 31-12-2024.IntPrj\Network Model.IntPrjfolder\Network Data.IntPrjfolder\CENTRAL 138 kV.ElmNet\Arroyo Hondo.ElmSite\ZAHONE.ElmSubstat\E02.ElmTerm\Cub_1.StaCubic\ZAHO1E_ZPAL2E-L1-RED 670.ElmRelay\PIOC.ElmRelay\PIOC Output Logic.RelLogic,1,DISTRITO NACIONAL,CENTRAL,CENTRAL 138 kV,ZAHONE,PIOC Output Logic
Toc Output Logic,\VM-PF.IntUser\PDD 31-12-2024.IntPrj\Network Model.IntPrjfolder\Network Data.IntPrjfolder\CENTRAL 138 kV.ElmNet\Arroyo Hondo.ElmSite\ZAHONE.ElmSubstat\E02.ElmTerm\Cub_1.StaCubic\ZAHO1E_ZPAL2E-L1-RED 670.ElmRelay\PTOC 51_67.ElmRelay\Toc Output Logic.RelLogic,1,DISTRITO NACIONAL,CENTRAL,CENTRAL 138 kV,ZAHONE,Toc Output Logic
Toc Output Logic,\VM-PF.IntUser\PDD 31-12-2024.IntPrj\Network Model.IntPrjfolder\Network Data.IntPrjfolder\CENTRAL 138 kV.ElmNet\Arroyo Hondo.ElmSite\ZAHONE.ElmSubstat\E02.ElmTerm\Cub_1.StaCubic\ZAHO1E_ZPAL2E-L1-RED 670.ElmRelay\PTOC 51N67N.ElmRelay\Toc Output Logic.RelLogic,1,DISTRITO NACIONAL,CENTRAL,CENTRAL 138 kV,ZAHONE,Toc Output Logic
Frequency Output Logic,\VM-PF.IntUser\PDD 31-12-2024.IntPrj\Network Model.IntPrjfolder\Network Data.IntPrjfolder\CENTRAL 138 kV.ElmNet\Arroyo Hondo.ElmSite\ZAHONE.ElmSubstat\E02.ElmTerm\Cub_1.StaCubic\ZAHO1E_ZPAL2E-L1-RED 670.ElmRelay\PTOF PTUF PFRC 81.ElmRelay\Frequency Output Logic.RelLogic,1,DISTRITO NACIONAL,CENTRAL,CENTRAL 138 kV,ZAHONE,Frequency Output Logic
Voltage Output Logic,\VM-PF.IntUser\PDD 31-12-2024.IntPrj\Network Model.IntPrjfolder\Network Data.IntPrjfolder\CENTRAL 138 kV.ElmNet\Arroyo Hondo.ElmSite\ZAHONE.ElmSubstat\E02.ElmTerm\Cub_1.StaCubic\ZAHO1E_ZPAL2E-L1-RED 670.ElmRelay\PTUV 27 PTOV 59.ElmRelay\Voltage Output Logic.RelLogic,1,DISTRITO NACIONAL,CENTRAL,CENTRAL 138 kV,ZAHONE,Voltage Output Logic
PIOC Output Logic,\VM-PF.IntUser\PDD 31-12-2024.IntPrj\Network Model.IntPrjfolder\Network Data.IntPrjfolder\CENTRAL 138 kV.ElmNet\Arroyo Hondo.ElmSite\ZAHONE.ElmSubstat\E08.ElmTerm\Cub_1.StaCubic\ZAHO1E_ZLISAE-L1-REL 670.ElmRelay\PIOC.ElmRelay\PIOC Output Logic.RelLogic,1,DISTRITO NACIONAL,CENTRAL,CENTRAL 138 kV,ZAHONE,PIOC Output Logic
Toc Output Logic,\VM-PF.IntUser\PDD 31-12-2024.IntPrj\Network Model.IntPrjfolder\Network Data.IntPrjfolder\CENTRAL 138 kV.ElmNet\Arroyo Hondo.ElmSite\ZAHONE.ElmSubstat\E08.ElmTerm\Cub_1.StaCubic\ZAHO1E_ZLISAE-L1-REL 670.ElmRelay\PTOC 51_67.ElmRelay\Toc Output Logic.RelLogic,1,DISTRITO NACIONAL,CENTRAL,CENTRAL 138 kV,ZAHONE,Toc Output Logic
Toc Output Logic,\VM-PF.IntUser\PDD 31-12-2024.IntPrj\Network Model.IntPrjfolder\Network Data.IntPrjfolder\CENTRAL 138 kV.ElmNet\Arroyo Hondo.ElmSite\ZAHONE.ElmSubstat\E08.ElmTerm\Cub_1.StaCubic\ZAHO1E_ZLISAE-L1-REL 670.ElmRelay\PTOC 51N67N.ElmRelay\Toc Output Logic.RelLogic,1,DISTRITO NACIONAL,CENTRAL,CENTRAL 138 kV,ZAHONE,Toc Output Logic
Frequency Output Logic,\VM-PF.IntUser\PDD 31-12-2024.IntPrj\Network Model.IntPrjfolder\Network Data.IntPrjfolder\CENTRAL 138 kV.ElmNet\Arroyo Hondo.ElmSite\ZAHONE.ElmSubstat\E08.ElmTerm\Cub_1.StaCubic\ZAHO1E_ZLISAE-L1-REL 670.ElmRelay\PTOF PTUF PFRC 81.ElmRelay\Frequency Output Logic.RelLogic,1,DISTRITO NACIONAL,CENTRAL,CENTRAL 138 kV,ZAHONE,Frequency Output Logic
Voltage Output Logic,\VM-PF.IntUser\PDD 31-12-2024.IntPrj\Network Model.IntPrjfolder\Network Data.IntPrjfolder\CENTRAL 138 kV.ElmNet\Arroyo Hondo.ElmSite\ZAHONE.ElmSubstat\E08.ElmTerm\Cub_1.StaCubic\ZAHO1E_ZLISAE-L1-REL 670.ElmRelay\PTUV 27 PTOV 59.ElmRelay\Voltage Output Logic.RelLogic,1,DISTRITO NACIONAL,CENTRAL,CENTRAL 138 kV,ZAHONE,Voltage Output Logic
Voltage Output Logic,\VM-PF.IntUser\PDD 31-12-2024.IntPrj\Network Model.IntPrjfolder\Network Data.IntPrjfolder\CENTRAL 138 kV.ElmNet\Arroyo Hondo.ElmSite\ZAHONE.ElmSubstat\E08.ElmTerm\Cub_1.StaCubic\ZAHO1E_ZLISAE-L1-RED 670.ElmRelay\PTUV 27 PTOV 59.ElmRelay\Voltage Output Logic.RelLogic,1,DISTRITO NACIONAL,CENTRAL,CENTRAL 138 kV,ZAHONE,Voltage Output Logic
PIOC Output Logic,\VM-PF.IntUser\PDD 31-12-2024.IntPrj\Network Model.IntPrjfolder\Network Data.IntPrjfolder\CENTRAL 138 kV.ElmNet\Arroyo Hondo.ElmSite\ZAHONE.ElmSubstat\E08.ElmTerm\Cub_1.StaCubic\ZAHO1E_ZLISAE-L1-RED 670.ElmRelay\PIOC.ElmRelay\PIOC Output Logic.RelLogic,1,DISTRITO NACIONAL,CENTRAL,CENTRAL 138 kV,ZAHONE,PIOC Output Logic
Toc Output Logic,\VM-PF.IntUser\PDD 31-12-2024.IntPrj\Network Model.IntPrjfolder\Network Data.IntPrjfolder\CENTRAL 138 kV.ElmNet\Arroyo Hondo.ElmSite\ZAHONE.ElmSubstat\E08.ElmTerm\Cub_1.StaCubic\ZAHO1E_ZLISAE-L1-RED 670.ElmRelay\PTOC 51_67.ElmRelay\Toc Output Logic.RelLogic,1,DISTRITO NACIONAL,CENTRAL,CENTRAL 138 kV,ZAHONE,Toc Output Logic
Toc Output Logic,\VM-PF.IntUser\PDD 31-12-2024.IntPrj\Network Model.IntPrjfolder\Network Data.IntPrjfolder\CENTRAL 138 kV.ElmNet\Arroyo Hondo.ElmSite\ZAHONE.ElmSubstat\E08.ElmTerm\Cub_1.StaCubic\ZAHO1E_ZLISAE-L1-RED 670.ElmRelay\PTOC 51N67N.ElmRelay\Toc Output Logic.RelLogic,1,DISTRITO NACIONAL,CENTRAL,CENTRAL 138 kV,ZAHONE,Toc Output Logic
Frequency Output Logic,\VM-PF.IntUser\PDD 31-12-2024.IntPrj\Network Model.IntPrjfolder\Network Data.IntPrjfolder\CENTRAL 138 kV.ElmNet\Arroyo Hondo.ElmSite\ZAHONE.ElmSubstat\E08.ElmTerm\Cub_1.StaCubic\ZAHO1E_ZLISAE-L1-RED 670.ElmRelay\PTOF PTUF PFRC 81.ElmRelay\Frequency Output Logic.RelLogic,1,DISTRITO NACIONAL,CENTRAL,CENTRAL 138 kV,ZAHONE,Frequency Output Logic
Closing Logic,\VM-PF.IntUser\PDD 31-12-2024.IntPrj\Network Model.IntPrjfolder\Network Data.IntPrjfolder\CENTRAL 138 kV.ElmNet\Herrera.ElmSite\ZHERRE.ElmSubstat\WHERRE(8).ElmTerm\WBHE38E(2).StaCubic\ZHERRE_ZITABE-L1-P44x.ElmRelay\Closing Logic.RelLogic,1,SANTO DOMINGO,CENTRAL,CENTRAL 138 kV,ZHERRE,Closing Logic
Closing Logic,\VM-PF.IntUser\PDD 31-12-2024.IntPrj\Network Model.IntPrjfolder\Network Data.IntPrjfolder\CENTRAL 138 kV.ElmNet\Herrera.ElmSite\ZHERRE.ElmSubstat\WHERRE(7).ElmTerm\WBHE38E(1).StaCubic\ZHERRE_ZLPRAE-L1-P44x.ElmRelay\Closing Logic.RelLogic,1,SANTO DOMINGO,CENTRAL,CENTRAL 138 kV,ZHERRE,Closing Logic
U0 Trip,\VM-PF.IntUser\PDD 31-12-2024.IntPrj\Network Model.IntPrjfolder\Network Data.IntPrjfolder\CENTRAL 138 kV.ElmNet\Boca Chica.ElmSite\ZBCHIE.ElmSubstat\1.ElmTerm\Cub_1.StaCubic\ZBCHIE_ZHNSAE-L1-7SA6.ElmRelay\Earthfault.ElmRelay\U0 Trip.RelLogic,1,SANTO DOMINGO,CENTRAL,CENTRAL 138 kV,ZBCHIE,U0 Trip
Earthfault Trip,\VM-PF.IntUser\PDD 31-12-2024.IntPrj\Network Model.IntPrjfolder\Network Data.IntPrjfolder\CENTRAL 138 kV.ElmNet\Boca Chica.ElmSite\ZBCHIE.ElmSubstat\1.ElmTerm\Cub_1.StaCubic\ZBCHIE_ZHNSAE-L1-7SA6.ElmRelay\Earthfault.ElmRelay\Earthfault Trip.RelLogic,1,SANTO DOMINGO,CENTRAL,CENTRAL 138 kV,ZBCHIE,Earthfault Trip
Voltage Trip,\VM-PF.IntUser\PDD 31-12-2024.IntPrj\Network Model.IntPrjfolder\Network Data.IntPrjfolder\CENTRAL 138 kV.ElmNet\Boca Chica.ElmSite\ZBCHIE.ElmSubstat\1.ElmTerm\Cub_1.StaCubic\ZBCHIE_ZHNSAE-L1-7SA6.ElmRelay\Voltage.ElmRelay\Voltage Trip.RelLogic,1,SANTO DOMINGO,CENTRAL,CENTRAL 138 kV,ZBCHIE,Voltage Trip
Close Logic,\VM-PF.IntUser\PDD 31-12-2024.IntPrj\Network Model.IntPrjfolder\Network Data.IntPrjfolder\CENTRAL 138 kV.ElmNet\Boca Chica.ElmSite\ZBCHIE.ElmSubstat\1.ElmTerm\Cub_1.StaCubic\ZBCHIE_ZHNSAE-L1-7SA6.ElmRelay\Close Logic.RelLogic,1,SANTO DOMINGO,CENTRAL,CENTRAL 138 kV,ZBCHIE,Close Logic
Closing Logic,\VM-PF.IntUser\PDD 31-12-2024.IntPrj\Network Model.IntPrjfolder\Network Data.IntPrjfolder\CENTRAL 138 kV.ElmNet\Boca Chica.ElmSite\ZBCHIE.ElmSubstat\1.ElmTerm\Cub_1.StaCubic\ZBCHIE_ZHNSAE-L1-7SD52.ElmRelay\Distance/Overcurrent/Voltage.ElmRelay\Closing Logic.RelLogic,1,SANTO DOMINGO,CENTRAL,CENTRAL 138 kV,ZBCHIE,Closing Logic
U0 Trip,\VM-PF.IntUser\PDD 31-12-2024.IntPrj\Network Model.IntPrjfolder\Network Data.IntPrjfolder\CENTRAL 138 kV.ElmNet\Boca Chica.ElmSite\ZBCHIE.ElmSubstat\2.ElmTerm\Cub_1.StaCubic\ZBCHIE_ZSPM2E-L1-7SA6.ElmRelay\Earthfault.ElmRelay\U0 Trip.RelLogic,1,SANTO DOMINGO,CENTRAL,CENTRAL 138 kV,ZBCHIE,U0 Trip
Earthfault Trip,\VM-PF.IntUser\PDD 31-12-2024.IntPrj\Network Model.IntPrjfolder\Network Data.IntPrjfolder\CENTRAL 138 kV.ElmNet\Boca Chica.ElmSite\ZBCHIE.ElmSubstat\2.ElmTerm\Cub_1.StaCubic\ZBCHIE_ZSPM2E-L1-7SA6.ElmRelay\Earthfault.ElmRelay\Earthfault Trip.RelLogic,1,SANTO DOMINGO,CENTRAL,CENTRAL 138 kV,ZBCHIE,Earthfault Trip
Voltage Trip,\VM-PF.IntUser\PDD 31-12-2024.IntPrj\Network Model.IntPrjfolder\Network Data.IntPrjfolder\CENTRAL 138 kV.ElmNet\Boca Chica.ElmSite\ZBCHIE.ElmSubstat\2.ElmTerm\Cub_1.StaCubic\ZBCHIE_ZSPM2E-L1-7SA6.ElmRelay\Voltage.ElmRelay\Voltage Trip.RelLogic,1,SANTO DOMINGO,CENTRAL,CENTRAL 138 kV,ZBCHIE,Voltage Trip
Close Logic,\VM-PF.IntUser\PDD 31-12-2024.IntPrj\Network Model.IntPrjfolder\Network Data.IntPrjfolder\CENTRAL 138 kV.ElmNet\Boca Chica.ElmSite\ZBCHIE.ElmSubstat\2.ElmTerm\Cub_1.StaCubic\ZBCHIE_ZSPM2E-L1-7SA6.ElmRelay\Close Logic.RelLogic,1,SANTO DOMINGO,CENTRAL,CENTRAL 138 kV,ZBCHIE,Close Logic
Closing Logic,\VM-PF.IntUser\PDD 31-12-2024.IntPrj\Network Model.IntPrjfolder\Network Data.IntPrjfolder\CENTRAL 138 kV.ElmNet\Boca Chica.ElmSite\ZBCHIE.ElmSubstat\2.ElmTerm\Cub_1.StaCubic\ZBCHIE_ZSPM2E-L1-7SD52.ElmRelay\Distance/Overcurrent/Voltage.ElmRelay\Closing Logic.RelLogic,1,SANTO DOMINGO,CENTRAL,CENTRAL 138 kV,ZBCHIE,Closing Logic
U0 Trip,\VM-PF.IntUser\PDD 31-12-2024.IntPrj\Network Model.IntPrjfolder\Network Data.IntPrjfolder\CENTRAL 138 kV.ElmNet\ZEMBAE.ElmSubstat\WEMBAE(2).ElmTerm\WBEMBAE(2).StaCubic\ZEMBAE_ZLPRAE-L1-7SA6.ElmRelay\Earthfault.ElmRelay\U0 Trip.RelLogic,1,DISTRITO NACIONAL,CENTRAL,CENTRAL 138 kV,ZEMBAE,U0 Trip
Earthfault Trip,\VM-PF.IntUser\PDD 31-12-2024.IntPrj\Network Model.IntPrjfolder\Network Data.IntPrjfolder\CENTRAL 138 kV.ElmNet\ZEMBAE.ElmSubstat\WEMBAE(2).ElmTerm\WBEMBAE(2).StaCubic\ZEMBAE_ZLPRAE-L1-7SA6.ElmRelay\Earthfault.ElmRelay\Earthfault Trip.RelLogic,1,DISTRITO NACIONAL,CENTRAL,CENTRAL 138 kV,ZEMBAE,Earthfault Trip
Voltage Trip,\VM-PF.IntUser\PDD 31-12-2024.IntPrj\Network Model.IntPrjfolder\Network Data.IntPrjfolder\CENTRAL 138 kV.ElmNet\ZEMBAE.ElmSubstat\WEMBAE(2).ElmTerm\WBEMBAE(2).StaCubic\ZEMBAE_ZLPRAE-L1-7SA6.ElmRelay\Voltage.ElmRelay\Voltage Trip.RelLogic,1,DISTRITO NACIONAL,CENTRAL,CENTRAL 138 kV,ZEMBAE,Voltage Trip
Close Logic,\VM-PF.IntUser\PDD 31-12-2024.IntPrj\Network Model.IntPrjfolder\Network Data.IntPrjfolder\CENTRAL 138 kV.ElmNet\ZEMBAE.ElmSubstat\WEMBAE(2).ElmTerm\WBEMBAE(2).StaCubic\ZEMBAE_ZLPRAE-L1-7SA6.ElmRelay\Close Logic.RelLogic,1,DISTRITO NACIONAL,CENTRAL,CENTRAL 138 kV,ZEMBAE,Close Logic
U0 Trip,\VM-PF.IntUser\PDD 31-12-2024.IntPrj\Network Model.IntPrjfolder\Network Data.IntPrjfolder\CENTRAL 138 kV.ElmNet\ZEMBAE.ElmSubstat\WEMBAE(1).ElmTerm\WBEMBAE(1).StaCubic\ZEMBAE_ZMATAE-L1-7SA6.ElmRelay\Earthfault.ElmRelay\U0 Trip.RelLogic,1,DISTRITO NACIONAL,CENTRAL,CENTRAL 138 kV,ZEMBAE,U0 Trip
Earthfault Trip,\VM-PF.IntUser\PDD 31-12-2024.IntPrj\Network Model.IntPrjfolder\Network Data.IntPrjfolder\CENTRAL 138 kV.ElmNet\ZEMBAE.ElmSubstat\WEMBAE(1).ElmTerm\WBEMBAE(1).StaCubic\ZEMBAE_ZMATAE-L1-7SA6.ElmRelay\Earthfault.ElmRelay\Earthfault Trip.RelLogic,1,DISTRITO NACIONAL,CENTRAL,CENTRAL 138 kV,ZEMBAE,Earthfault Trip
Voltage Trip,\VM-PF.IntUser\PDD 31-12-2024.IntPrj\Network Model.IntPrjfolder\Network Data.IntPrjfolder\CENTRAL 138 kV.ElmNet\ZEMBAE.ElmSubstat\WEMBAE(1).ElmTerm\WBEMBAE(1).StaCubic\ZEMBAE_ZMATAE-L1-7SA6.ElmRelay\Voltage.ElmRelay\Voltage Trip.RelLogic,1,DISTRITO NACIONAL,CENTRAL,CENTRAL 138 kV,ZEMBAE,Voltage Trip
Close Logic,\VM-PF.IntUser\PDD 31-12-2024.IntPrj\Network Model.IntPrjfolder\Network Data.IntPrjfolder\CENTRAL 138 kV.ElmNet\ZEMBAE.ElmSubstat\WEMBAE(1).ElmTerm\WBEMBAE(1).StaCubic\ZEMBAE_ZMATAE-L1-7SA6.ElmRelay\Close Logic.RelLogic,1,DISTRITO NACIONAL,CENTRAL,CENTRAL 138 kV,ZEMBAE,Close Logic
Closing Logic,\VM-PF.IntUser\PDD 31-12-2024.IntPrj\Network Model.IntPrjfolder\Network Data.IntPrjfolder\CENTRAL 138 kV.ElmNet\Hainamosa.ElmSite\ZHNSAE.ElmSubstat\E11.ElmTerm\Cub_1.StaCubic\ZHNS2E_ZLM11E-L1-7SD52.ElmRelay\Distance/Overcurrent/Voltage.ElmRelay\Closing Logic.RelLogic,1,SANTO DOMINGO,CENTRAL,CENTRAL 138 kV,ZHNSAE,Closing Logic
Closing Logic,\VM-PF.IntUser\PDD 31-12-2024.IntPrj\Network Model.IntPrjfolder\Network Data.IntPrjfolder\CENTRAL 138 kV.ElmNet\Hainamosa.ElmSite\ZHNSAE.ElmSubstat\E12.ElmTerm\Cub_1.StaCubic\ZHNSAE_ZLMINE-L2-7SD52.ElmRelay\Distance/Overcurrent/Voltage.ElmRelay\Closing Logic.RelLogic,1,SANTO DOMINGO,CENTRAL,CENTRAL 138 kV,ZHNSAE,Closing Logic
U0 Trip,\VM-PF.IntUser\PDD 31-12-2024.IntPrj\Network Model.IntPrjfolder\Network Data.IntPrjfolder\CENTRAL 138 kV.ElmNet\Hainamosa.ElmSite\ZHNSAE.ElmSubstat\E16.ElmTerm\Cub_1.StaCubic\ZHNSAE_ZVMELE-L1-7SA6.ElmRelay\Earthfault.ElmRelay\U0 Trip.RelLogic,1,SANTO DOMINGO,CENTRAL,CENTRAL 138 kV,ZHNSAE,U0 Trip
Earthfault Trip,\VM-PF.IntUser\PDD 31-12-2024.IntPrj\Network Model.IntPrjfolder\Network Data.IntPrjfolder\CENTRAL 138 kV.ElmNet\Hainamosa.ElmSite\ZHNSAE.ElmSubstat\E16.ElmTerm\Cub_1.StaCubic\ZHNSAE_ZVMELE-L1-7SA6.ElmRelay\Earthfault.ElmRelay\Earthfault Trip.RelLogic,1,SANTO DOMINGO,CENTRAL,CENTRAL 138 kV,ZHNSAE,Earthfault Trip
Voltage Trip,\VM-PF.IntUser\PDD 31-12-2024.IntPrj\Network Model.IntPrjfolder\Network Data.IntPrjfolder\CENTRAL 138 kV.ElmNet\Hainamosa.ElmSite\ZHNSAE.ElmSubstat\E16.ElmTerm\Cub_1.StaCubic\ZHNSAE_ZVMELE-L1-7SA6.ElmRelay\Voltage.ElmRelay\Voltage Trip.RelLogic,1,SANTO DOMINGO,CENTRAL,CENTRAL 138 kV,ZHNSAE,Voltage Trip
Close Logic,\VM-PF.IntUser\PDD 31-12-2024.IntPrj\Network Model.IntPrjfolder\Network Data.IntPrjfolder\CENTRAL 138 kV.ElmNet\Hainamosa.ElmSite\ZHNSAE.ElmSubstat\E16.ElmTerm\Cub_1.StaCubic\ZHNSAE_ZVMELE-L1-7SA6.ElmRelay\Close Logic.RelLogic,1,SANTO DOMINGO,CENTRAL,CENTRAL 138 kV,ZHNSAE,Close Logic
U0 Trip,\VM-PF.IntUser\PDD 31-12-2024.IntPrj\Network Model.IntPrjfolder\Network Data.IntPrjfolder\CENTRAL 138 kV.ElmNet\Hainamosa.ElmSite\ZHNSAE.ElmSubstat\E15.ElmTerm\Cub_1.StaCubic\ZHNSAE_ZEBRIE-L1-7SA6.ElmRelay\Earthfault.ElmRelay\U0 Trip.RelLogic,1,SANTO DOMINGO,CENTRAL,CENTRAL 138 kV,ZHNSAE,U0 Trip
Earthfault Trip,\VM-PF.IntUser\PDD 31-12-2024.IntPrj\Network Model.IntPrjfolder\Network Data.IntPrjfolder\CENTRAL 138 kV.ElmNet\Hainamosa.ElmSite\ZHNSAE.ElmSubstat\E15.ElmTerm\Cub_1.StaCubic\ZHNSAE_ZEBRIE-L1-7SA6.ElmRelay\Earthfault.ElmRelay\Earthfault Trip.RelLogic,1,SANTO DOMINGO,CENTRAL,CENTRAL 138 kV,ZHNSAE,Earthfault Trip
Voltage Trip,\VM-PF.IntUser\PDD 31-12-2024.IntPrj\Network Model.IntPrjfolder\Network Data.IntPrjfolder\CENTRAL 138 kV.ElmNet\Hainamosa.ElmSite\ZHNSAE.ElmSubstat\E15.ElmTerm\Cub_1.StaCubic\ZHNSAE_ZEBRIE-L1-7SA6.ElmRelay\Voltage.ElmRelay\Voltage Trip.RelLogic,1,SANTO DOMINGO,CENTRAL,CENTRAL 138 kV,ZHNSAE,Voltage Trip
Close Logic,\VM-PF.IntUser\PDD 31-12-2024.IntPrj\Network Model.IntPrjfolder\Network Data.IntPrjfolder\CENTRAL 138 kV.ElmNet\Hainamosa.ElmSite\ZHNSAE.ElmSubstat\E15.ElmTerm\Cub_1.StaCubic\ZHNSAE_ZEBRIE-L1-7SA6.ElmRelay\Close Logic.RelLogic,1,SANTO DOMINGO,CENTRAL,CENTRAL 138 kV,ZHNSAE,Close Logic
U0 Trip,\VM-PF.IntUser\PDD 31-12-2024.IntPrj\Network Model.IntPrjfolder\Network Data.IntPrjfolder\CENTRAL 138 kV.ElmNet\Hainamosa.ElmSite\ZHNSAE.ElmSubstat\E17.ElmTerm\Cub_1.StaCubic\ZHNSAE_ZVDU1E-L1-7SA6.ElmRelay\Earthfault.ElmRelay\U0 Trip.RelLogic,1,SANTO DOMINGO,CENTRAL,CENTRAL 138 kV,ZHNSAE,U0 Trip
Earthfault Trip,\VM-PF.IntUser\PDD 31-12-2024.IntPrj\Network Model.IntPrjfolder\Network Data.IntPrjfolder\CENTRAL 138 kV.ElmNet\Hainamosa.ElmSite\ZHNSAE.ElmSubstat\E17.ElmTerm\Cub_1.StaCubic\ZHNSAE_ZVDU1E-L1-7SA6.ElmRelay\Earthfault.ElmRelay\Earthfault Trip.RelLogic,1,SANTO DOMINGO,CENTRAL,CENTRAL 138 kV,ZHNSAE,Earthfault Trip
Voltage Trip,\VM-PF.IntUser\PDD 31-12-2024.IntPrj\Network Model.IntPrjfolder\Network Data.IntPrjfolder\CENTRAL 138 kV.ElmNet\Hainamosa.ElmSite\ZHNSAE.ElmSubstat\E17.ElmTerm\Cub_1.StaCubic\ZHNSAE_ZVDU1E-L1-7SA6.ElmRelay\Voltage.ElmRelay\Voltage Trip.RelLogic,1,SANTO DOMINGO,CENTRAL,CENTRAL 138 kV,ZHNSAE,Voltage Trip
Close Logic,\VM-PF.IntUser\PDD 31-12-2024.IntPrj\Network Model.IntPrjfolder\Network Data.IntPrjfolder\CENTRAL 138 kV.ElmNet\Hainamosa.ElmSite\ZHNSAE.ElmSubstat\E17.ElmTerm\Cub_1.StaCubic\ZHNSAE_ZVDU1E-L1-7SA6.ElmRelay\Close Logic.RelLogic,1,SANTO DOMINGO,CENTRAL,CENTRAL 138 kV,ZHNSAE,Close Logic
Closing Logic,\VM-PF.IntUser\PDD 31-12-2024.IntPrj\Network Model.IntPrjfolder\Network Data.IntPrjfolder\CENTRAL 138 kV.ElmNet\Hainamosa.ElmSite\ZHNSAE.ElmSubstat\E5.ElmTerm\Cub_1.StaCubic\ZHNSAE_ZBCHIE-L1-7SD52.ElmRelay\Distance/Overcurrent/Voltage.ElmRelay\Closing Logic.RelLogic,1,SANTO DOMINGO,CENTRAL,CENTRAL 138 kV,ZHNSAE,Closing Logic
U0 Trip,\VM-PF.IntUser\PDD 31-12-2024.IntPrj\Network Model.IntPrjfolder\Network Data.IntPrjfolder\CENTRAL 138 kV.ElmNet\Hainamosa.ElmSite\ZHNSAE.ElmSubstat\E4.ElmTerm\Cub_1.StaCubic\ZHNSAE_ZJDOLE-L1-7SA6.ElmRelay\Earthfault.ElmRelay\U0 Trip.RelLogic,1,SANTO DOMINGO,CENTRAL,CENTRAL 138 kV,ZHNSAE,U0 Trip
Earthfault Trip,\VM-PF.IntUser\PDD 31-12-2024.IntPrj\Network Model.IntPrjfolder\Network Data.IntPrjfolder\CENTRAL 138 kV.ElmNet\Hainamosa.ElmSite\ZHNSAE.ElmSubstat\E4.ElmTerm\Cub_1.StaCubic\ZHNSAE_ZJDOLE-L1-7SA6.ElmRelay\Earthfault.ElmRelay\Earthfault Trip.RelLogic,1,SANTO DOMINGO,CENTRAL,CENTRAL 138 kV,ZHNSAE,Earthfault Trip
Voltage Trip,\VM-PF.IntUser\PDD 31-12-2024.IntPrj\Network Model.IntPrjfolder\Network Data.IntPrjfolder\CENTRAL 138 kV.ElmNet\Hainamosa.ElmSite\ZHNSAE.ElmSubstat\E4.ElmTerm\Cub_1.StaCubic\ZHNSAE_ZJDOLE-L1-7SA6.ElmRelay\Voltage.ElmRelay\Voltage Trip.RelLogic,1,SANTO DOMINGO,CENTRAL,CENTRAL 138 kV,ZHNSAE,Voltage Trip
Close Logic,\VM-PF.IntUser\PDD 31-12-2024.IntPrj\Network Model.IntPrjfolder\Network Data.IntPrjfolder\CENTRAL 138 kV.ElmNet\Hainamosa.ElmSite\ZHNSAE.ElmSubstat\E4.ElmTerm\Cub_1.StaCubic\ZHNSAE_ZJDOLE-L1-7SA6.ElmRelay\Close Logic.RelLogic,1,SANTO DOMINGO,CENTRAL,CENTRAL 138 kV,ZHNSAE,Close Logic
U0 Trip,\VM-PF.IntUser\PDD 31-12-2024.IntPrj\Network Model.IntPrjfolder\Network Data.IntPrjfolder\CENTRAL 138 kV.ElmNet\Hainamosa.ElmSite\ZHNSAE.ElmSubstat\E14.ElmTerm\Cub_1.StaCubic\ZHNSAE_ZPAL2E-L1-7SA6.ElmRelay\Earthfault.ElmRelay\U0 Trip.RelLogic,1,SANTO DOMINGO,CENTRAL,CENTRAL 138 kV,ZHNSAE,U0 Trip
Earthfault Trip,\VM-PF.IntUser\PDD 31-12-2024.IntPrj\Network Model.IntPrjfolder\Network Data.IntPrjfolder\CENTRAL 138 kV.ElmNet\Hainamosa.ElmSite\ZHNSAE.ElmSubstat\E14.ElmTerm\Cub_1.StaCubic\ZHNSAE_ZPAL2E-L1-7SA6.ElmRelay\Earthfault.ElmRelay\Earthfault Trip.RelLogic,1,SANTO DOMINGO,CENTRAL,CENTRAL 138 kV,ZHNSAE,Earthfault Trip
Voltage Trip,\VM-PF.IntUser\PDD 31-12-2024.IntPrj\Network Model.IntPrjfolder\Network Data.IntPrjfolder\CENTRAL 138 kV.ElmNet\Hainamosa.ElmSite\ZHNSAE.ElmSubstat\E14.ElmTerm\Cub_1.StaCubic\ZHNSAE_ZPAL2E-L1-7SA6.ElmRelay\Voltage.ElmRelay\Voltage Trip.RelLogic,1,SANTO DOMINGO,CENTRAL,CENTRAL 138 kV,ZHNSAE,Voltage Trip
Close Logic,\VM-PF.IntUser\PDD 31-12-2024.IntPrj\Network Model.IntPrjfolder\Network Data.IntPrjfolder\CENTRAL 138 kV.ElmNet\Hainamosa.ElmSite\ZHNSAE.ElmSubstat\E14.ElmTerm\Cub_1.StaCubic\ZHNSAE_ZPAL2E-L1-7SA6.ElmRelay\Close Logic.RelLogic,1,SANTO DOMINGO,CENTRAL,CENTRAL 138 kV,ZHNSAE,Close Logic
U0 Trip,\VM-PF.IntUser\PDD 31-12-2024.IntPrj\Network Model.IntPrjfolder\Network Data.IntPrjfolder\CENTRAL 138 kV.ElmNet\Hainamosa.ElmSite\ZHNSAE.ElmSubstat\E1.ElmTerm\Cub_1.StaCubic\ZHNSAE_ZAAINE-L1-7SA6.ElmRelay\Earthfault.ElmRelay\U0 Trip.RelLogic,1,SANTO DOMINGO,CENTRAL,CENTRAL 138 kV,ZHNSAE,U0 Trip
Earthfault Trip,\VM-PF.IntUser\PDD 31-12-2024.IntPrj\Network Model.IntPrjfolder\Network Data.IntPrjfolder\CENTRAL 138 kV.ElmNet\Hainamosa.ElmSite\ZHNSAE.ElmSubstat\E1.ElmTerm\Cub_1.StaCubic\ZHNSAE_ZAAINE-L1-7SA6.ElmRelay\Earthfault.ElmRelay\Earthfault Trip.RelLogic,1,SANTO DOMINGO,CENTRAL,CENTRAL 138 kV,ZHNSAE,Earthfault Trip
Voltage Trip,\VM-PF.IntUser\PDD 31-12-2024.IntPrj\Network Model.IntPrjfolder\Network Data.IntPrjfolder\CENTRAL 138 kV.ElmNet\Hainamosa.ElmSite\ZHNSAE.ElmSubstat\E1.ElmTerm\Cub_1.StaCubic\ZHNSAE_ZAAINE-L1-7SA6.ElmRelay\Voltage.ElmRelay\Voltage Trip.RelLogic,1,SANTO DOMINGO,CENTRAL,CENTRAL 138 kV,ZHNSAE,Voltage Trip
Close Logic,\VM-PF.IntUser\PDD 31-12-2024.IntPrj\Network Model.IntPrjfolder\Network Data.IntPrjfolder\CENTRAL 138 kV.ElmNet\Hainamosa.ElmSite\ZHNSAE.ElmSubstat\E1.ElmTerm\Cub_1.StaCubic\ZHNSAE_ZAAINE-L1-7SA6.ElmRelay\Close Logic.RelLogic,1,SANTO DOMINGO,CENTRAL,CENTRAL 138 kV,ZHNSAE,Close Logic
U0 Trip,\VM-PF.IntUser\PDD 31-12-2024.IntPrj\Network Model.IntPrjfolder\Network Data.IntPrjfolder\CENTRAL 138 kV.ElmNet\Hainamosa.ElmSite\ZHNSAE.ElmSubstat\E2.ElmTerm\Cub_1.StaCubic\ZHNSAE_ZAAINE-L2-7SA6.ElmRelay\Earthfault.ElmRelay\U0 Trip.RelLogic,1,SANTO DOMINGO,CENTRAL,CENTRAL 138 kV,ZHNSAE,U0 Trip
Earthfault Trip,\VM-PF.IntUser\PDD 31-12-2024.IntPrj\Network Model.IntPrjfolder\Network Data.IntPrjfolder\CENTRAL 138 kV.ElmNet\Hainamosa.ElmSite\ZHNSAE.ElmSubstat\E2.ElmTerm\Cub_1.StaCubic\ZHNSAE_ZAAINE-L2-7SA6.ElmRelay\Earthfault.ElmRelay\Earthfault Trip.RelLogic,1,SANTO DOMINGO,CENTRAL,CENTRAL 138 kV,ZHNSAE,Earthfault Trip
Voltage Trip,\VM-PF.IntUser\PDD 31-12-2024.IntPrj\Network Model.IntPrjfolder\Network Data.IntPrjfolder\CENTRAL 138 kV.ElmNet\Hainamosa.ElmSite\ZHNSAE.ElmSubstat\E2.ElmTerm\Cub_1.StaCubic\ZHNSAE_ZAAINE-L2-7SA6.ElmRelay\Voltage.ElmRelay\Voltage Trip.RelLogic,1,SANTO DOMINGO,CENTRAL,CENTRAL 138 kV,ZHNSAE,Voltage Trip
Close Logic,\VM-PF.IntUser\PDD 31-12-2024.IntPrj\Network Model.IntPrjfolder\Network Data.IntPrjfolder\CENTRAL 138 kV.ElmNet\Hainamosa.ElmSite\ZHNSAE.ElmSubstat\E2.ElmTerm\Cub_1.StaCubic\ZHNSAE_ZAAINE-L2-7SA6.ElmRelay\Close Logic.RelLogic,1,SANTO DOMINGO,CENTRAL,CENTRAL 138 kV,ZHNSAE,Close Logic
Closing Logic,\VM-PF.IntUser\PDD 31-12-2024.IntPrj\Network Model.IntPrjfolder\Network Data.IntPrjfolder\CENTRAL 138 kV.ElmNet\Hainamosa.ElmSite\ZHNSAE.ElmSubstat\E7.ElmTerm\Cub_1.StaCubic\ZHNSAE_ZLMINE-L3-7SD52.ElmRelay\Distance/Overcurrent/Voltage.ElmRelay\Closing Logic.RelLogic,1,SANTO DOMINGO,CENTRAL,CENTRAL 138 kV,ZHNSAE,Closing Logic
Closing Logic,\VM-PF.IntUser\PDD 31-12-2024.IntPrj\Network Model.IntPrjfolder\Network Data.IntPrjfolder\CENTRAL 138 kV.ElmNet\Hainamosa.ElmSite\ZHNSAE.ElmSubstat\E7.ElmTerm\Cub_1.StaCubic\ZHNSAE_ZLMINE-L3-7SA522.ElmRelay\Closing Logic.RelLogic,1,SANTO DOMINGO,CENTRAL,CENTRAL 138 kV,ZHNSAE,Closing Logic
Logic,\VM-PF.IntUser\PDD 31-12-2024.IntPrj\Network Model.IntPrjfolder\Network Data.IntPrjfolder\CENTRAL 138 kV.ElmNet\Hainamosa.ElmSite\ZHNSAE.ElmSubstat\F3.ElmTerm\Cub_2.StaCubic\Lin. Hainamosa-Invivienda.ElmRelay\Logic.RelLogic,1,SANTO DOMINGO,CENTRAL,CENTRAL 138 kV,ZHNSAE,Logic Type
Closing Logic,\VM-PF.IntUser\PDD 31-12-2024.IntPrj\Network Model.IntPrjfolder\Network Data.IntPrjfolder\CENTRAL 138 kV.ElmNet\Hainamosa.ElmSite\ZHNSAE.ElmSubstat\E9.ElmTerm\Cub_1.StaCubic\ZHNSAE_ZLMINE-L3-7SA522.ElmRelay\Closing Logic.RelLogic,1,SANTO DOMINGO,CENTRAL,CENTRAL 138 kV,ZHNSAE,Closing Logic
Closing Logic,\VM-PF.IntUser\PDD 31-12-2024.IntPrj\Network Model.IntPrjfolder\Network Data.IntPrjfolder\CENTRAL 138 kV.ElmNet\Hainamosa.ElmSite\ZHNSAE.ElmSubstat\E9.ElmTerm\Cub_1.StaCubic\ZHNSAE_ZLMINE-L3-7SD52.ElmRelay\Distance/Overcurrent/Voltage.ElmRelay\Closing Logic.RelLogic,1,SANTO DOMINGO,CENTRAL,CENTRAL 138 kV,ZHNSAE,Closing Logic
U0 Trip,\VM-PF.IntUser\PDD 31-12-2024.IntPrj\Network Model.IntPrjfolder\Network Data.IntPrjfolder\CENTRAL 138 kV.ElmNet\Villa Duarte.ElmSite\ZVDUAE.ElmSubstat\E4.ElmTerm\Cub_1.StaCubic\ZVDUAE_ZTIM2E-L1-7SA6.ElmRelay\Earthfault.ElmRelay\U0 Trip.RelLogic,1,SANTO DOMINGO,CENTRAL,CENTRAL 138 kV,ZVDUAE,U0 Trip
Earthfault Trip,\VM-PF.IntUser\PDD 31-12-2024.IntPrj\Network Model.IntPrjfolder\Network Data.IntPrjfolder\CENTRAL 138 kV.ElmNet\Villa Duarte.ElmSite\ZVDUAE.ElmSubstat\E4.ElmTerm\Cub_1.StaCubic\ZVDUAE_ZTIM2E-L1-7SA6.ElmRelay\Earthfault.ElmRelay\Earthfault Trip.RelLogic,1,SANTO DOMINGO,CENTRAL,CENTRAL 138 kV,ZVDUAE,Earthfault Trip
Voltage Trip,\VM-PF.IntUser\PDD 31-12-2024.IntPrj\Network Model.IntPrjfolder\Network Data.IntPrjfolder\CENTRAL 138 kV.ElmNet\Villa Duarte.ElmSite\ZVDUAE.ElmSubstat\E4.ElmTerm\Cub_1.StaCubic\ZVDUAE_ZTIM2E-L1-7SA6.ElmRelay\Voltage.ElmRelay\Voltage Trip.RelLogic,1,SANTO DOMINGO,CENTRAL,CENTRAL 138 kV,ZVDUAE,Voltage Trip
Close Logic,\VM-PF.IntUser\PDD 31-12-2024.IntPrj\Network Model.IntPrjfolder\Network Data.IntPrjfolder\CENTRAL 138 kV.ElmNet\Villa Duarte.ElmSite\ZVDUAE.ElmSubstat\E4.ElmTerm\Cub_1.StaCubic\ZVDUAE_ZTIM2E-L1-7SA6.ElmRelay\Close Logic.RelLogic,1,SANTO DOMINGO,CENTRAL,CENTRAL 138 kV,ZVDUAE,Close Logic
Logic block 50N,\VM-PF.IntUser\PDD 31-12-2024.IntPrj\Network Model.IntPrjfolder\Network Data.IntPrjfolder\CENTRAL 138 kV.ElmNet\Villa Duarte.ElmSite\ZVDUAE.ElmSubstat\E4.ElmTerm\Cub_1.StaCubic\ZVDUAE_ZTIM2E-L1-REF615.ElmRelay\Logic block 50N.RelLogic,1,SANTO DOMINGO,CENTRAL,CENTRAL 138 kV,ZVDUAE,Logic block 50N
Logic block 50P,\VM-PF.IntUser\PDD 31-12-2024.IntPrj\Network Model.IntPrjfolder\Network Data.IntPrjfolder\CENTRAL 138 kV.ElmNet\Villa Duarte.ElmSite\ZVDUAE.ElmSubstat\E4.ElmTerm\Cub_1.StaCubic\ZVDUAE_ZTIM2E-L1-REF615.ElmRelay\Logic block 50P.RelLogic,1,SANTO DOMINGO,CENTRAL,CENTRAL 138 kV,ZVDUAE,Logic block 50P
Logic block 51N,\VM-PF.IntUser\PDD 31-12-2024.IntPrj\Network Model.IntPrjfolder\Network Data.IntPrjfolder\CENTRAL 138 kV.ElmNet\Villa Duarte.ElmSite\ZVDUAE.ElmSubstat\E4.ElmTerm\Cub_1.StaCubic\ZVDUAE_ZTIM2E-L1-REF615.ElmRelay\Logic block 51N.RelLogic,1,SANTO DOMINGO,CENTRAL,CENTRAL 138 kV,ZVDUAE,Logic block 51N
Logic block 51P1,\VM-PF.IntUser\PDD 31-12-2024.IntPrj\Network Model.IntPrjfolder\Network Data.IntPrjfolder\CENTRAL 138 kV.ElmNet\Villa Duarte.ElmSite\ZVDUAE.ElmSubstat\E4.ElmTerm\Cub_1.StaCubic\ZVDUAE_ZTIM2E-L1-REF615.ElmRelay\Logic block 51P1.RelLogic,1,SANTO DOMINGO,CENTRAL,CENTRAL 138 kV,ZVDUAE,Logic block 51P1
Logic block 51P2,\VM-PF.IntUser\PDD 31-12-2024.IntPrj\Network Model.IntPrjfolder\Network Data.IntPrjfolder\CENTRAL 138 kV.ElmNet\Villa Duarte.ElmSite\ZVDUAE.ElmSubstat\E4.ElmTerm\Cub_1.StaCubic\ZVDUAE_ZTIM2E-L1-REF615.ElmRelay\Logic block 51P2.RelLogic,1,SANTO DOMINGO,CENTRAL,CENTRAL 138 kV,ZVDUAE,Logic block 51P2
Closing Logic,\VM-PF.IntUser\PDD 31-12-2024.IntPrj\Network Model.IntPrjfolder\Network Data.IntPrjfolder\CENTRAL 138 kV.ElmNet\Villa Duarte.ElmSite\ZVDUAE.ElmSubstat\E4.ElmTerm\Cub_1.StaCubic\ZVDUAE_ZTIM2E-L1-REF615.ElmRelay\Closing Logic.RelLogic,1,SANTO DOMINGO,CENTRAL,CENTRAL 138 kV,ZVDUAE,Closing Logic
U0 Trip,\VM-PF.IntUser\PDD 31-12-2024.IntPrj\Network Model.IntPrjfolder\Network Data.IntPrjfolder\CENTRAL 138 kV.ElmNet\Villa Duarte.ElmSite\ZVDUAE.ElmSubstat\E1.ElmTerm\Cub_1.StaCubic\ZVDUAE_ZLMINE-L1-7SA6.ElmRelay\Earthfault.ElmRelay\U0 Trip.RelLogic,1,SANTO DOMINGO,CENTRAL,CENTRAL 138 kV,ZVDUAE,U0 Trip
Earthfault Trip,\VM-PF.IntUser\PDD 31-12-2024.IntPrj\Network Model.IntPrjfolder\Network Data.IntPrjfolder\CENTRAL 138 kV.ElmNet\Villa Duarte.ElmSite\ZVDUAE.ElmSubstat\E1.ElmTerm\Cub_1.StaCubic\ZVDUAE_ZLMINE-L1-7SA6.ElmRelay\Earthfault.ElmRelay\Earthfault Trip.RelLogic,1,SANTO DOMINGO,CENTRAL,CENTRAL 138 kV,ZVDUAE,Earthfault Trip
Voltage Trip,\VM-PF.IntUser\PDD 31-12-2024.IntPrj\Network Model.IntPrjfolder\Network Data.IntPrjfolder\CENTRAL 138 kV.ElmNet\Villa Duarte.ElmSite\ZVDUAE.ElmSubstat\E1.ElmTerm\Cub_1.StaCubic\ZVDUAE_ZLMINE-L1-7SA6.ElmRelay\Voltage.ElmRelay\Voltage Trip.RelLogic,1,SANTO DOMINGO,CENTRAL,CENTRAL 138 kV,ZVDUAE,Voltage Trip
Close Logic,\VM-PF.IntUser\PDD 31-12-2024.IntPrj\Network Model.IntPrjfolder\Network Data.IntPrjfolder\CENTRAL 138 kV.ElmNet\Villa Duarte.ElmSite\ZVDUAE.ElmSubstat\E1.ElmTerm\Cub_1.StaCubic\ZVDUAE_ZLMINE-L1-7SA6.ElmRelay\Close Logic.RelLogic,1,SANTO DOMINGO,CENTRAL,CENTRAL 138 kV,ZVDUAE,Close Logic
Logic block 50N,\VM-PF.IntUser\PDD 31-12-2024.IntPrj\Network Model.IntPrjfolder\Network Data.IntPrjfolder\CENTRAL 138 kV.ElmNet\Villa Duarte.ElmSite\ZVDUAE.ElmSubstat\E1.ElmTerm\Cub_1.StaCubic\ZVDUAE_ZLMINE-L1-REF615.ElmRelay\Logic block 50N.RelLogic,1,SANTO DOMINGO,CENTRAL,CENTRAL 138 kV,ZVDUAE,Logic block 50N
Logic block 50P,\VM-PF.IntUser\PDD 31-12-2024.IntPrj\Network Model.IntPrjfolder\Network Data.IntPrjfolder\CENTRAL 138 kV.ElmNet\Villa Duarte.ElmSite\ZVDUAE.ElmSubstat\E1.ElmTerm\Cub_1.StaCubic\ZVDUAE_ZLMINE-L1-REF615.ElmRelay\Logic block 50P.RelLogic,1,SANTO DOMINGO,CENTRAL,CENTRAL 138 kV,ZVDUAE,Logic block 50P
Logic block 51N,\VM-PF.IntUser\PDD 31-12-2024.IntPrj\Network Model.IntPrjfolder\Network Data.IntPrjfolder\CENTRAL 138 kV.ElmNet\Villa Duarte.ElmSite\ZVDUAE.ElmSubstat\E1.ElmTerm\Cub_1.StaCubic\ZVDUAE_ZLMINE-L1-REF615.ElmRelay\Logic block 51N.RelLogic,1,SANTO DOMINGO,CENTRAL,CENTRAL 138 kV,ZVDUAE,Logic block 51N
Logic block 51P1,\VM-PF.IntUser\PDD 31-12-2024.IntPrj\Network Model.IntPrjfolder\Network Data.IntPrjfolder\CENTRAL 138 kV.ElmNet\Villa Duarte.ElmSite\ZVDUAE.ElmSubstat\E1.ElmTerm\Cub_1.StaCubic\ZVDUAE_ZLMINE-L1-REF615.ElmRelay\Logic block 51P1.RelLogic,1,SANTO DOMINGO,CENTRAL,CENTRAL 138 kV,ZVDUAE,Logic block 51P1
Logic block 51P2,\VM-PF.IntUser\PDD 31-12-2024.IntPrj\Network Model.IntPrjfolder\Network Data.IntPrjfolder\CENTRAL 138 kV.ElmNet\Villa Duarte.ElmSite\ZVDUAE.ElmSubstat\E1.ElmTerm\Cub_1.StaCubic\ZVDUAE_ZLMINE-L1-REF615.ElmRelay\Logic block 51P2.RelLogic,1,SANTO DOMINGO,CENTRAL,CENTRAL 138 kV,ZVDUAE,Logic block 51P2
Closing Logic,\VM-PF.IntUser\PDD 31-12-2024.IntPrj\Network Model.IntPrjfolder\Network Data.IntPrjfolder\CENTRAL 138 kV.ElmNet\Villa Duarte.ElmSite\ZVDUAE.ElmSubstat\E1.ElmTerm\Cub_1.StaCubic\ZVDUAE_ZLMINE-L1-REF615.ElmRelay\Closing Logic.RelLogic,1,SANTO DOMINGO,CENTRAL,CENTRAL 138 kV,ZVDUAE,Closing Logic
U0 Trip,\VM-PF.IntUser\PDD 31-12-2024.IntPrj\Network Model.IntPrjfolder\Network Data.IntPrjfolder\CENTRAL 138 kV.ElmNet\Villa Duarte.ElmSite\ZVDUAE.ElmSubstat\E5.ElmTerm\Cub_1.StaCubic\ZVDUAE_ZEBRIE-L1-7SA6.ElmRelay\Earthfault.ElmRelay\U0 Trip.RelLogic,1,SANTO DOMINGO,CENTRAL,CENTRAL 138 kV,ZVDUAE,U0 Trip
Earthfault Trip,\VM-PF.IntUser\PDD 31-12-2024.IntPrj\Network Model.IntPrjfolder\Network Data.IntPrjfolder\CENTRAL 138 kV.ElmNet\Villa Duarte.ElmSite\ZVDUAE.ElmSubstat\E5.ElmTerm\Cub_1.StaCubic\ZVDUAE_ZEBRIE-L1-7SA6.ElmRelay\Earthfault.ElmRelay\Earthfault Trip.RelLogic,1,SANTO DOMINGO,CENTRAL,CENTRAL 138 kV,ZVDUAE,Earthfault Trip
Voltage Trip,\VM-PF.IntUser\PDD 31-12-2024.IntPrj\Network Model.IntPrjfolder\Network Data.IntPrjfolder\CENTRAL 138 kV.ElmNet\Villa Duarte.ElmSite\ZVDUAE.ElmSubstat\E5.ElmTerm\Cub_1.StaCubic\ZVDUAE_ZEBRIE-L1-7SA6.ElmRelay\Voltage.ElmRelay\Voltage Trip.RelLogic,1,SANTO DOMINGO,CENTRAL,CENTRAL 138 kV,ZVDUAE,Voltage Trip
Close Logic,\VM-PF.IntUser\PDD 31-12-2024.IntPrj\Network Model.IntPrjfolder\Network Data.IntPrjfolder\CENTRAL 138 kV.ElmNet\Villa Duarte.ElmSite\ZVDUAE.ElmSubstat\E5.ElmTerm\Cub_1.StaCubic\ZVDUAE_ZEBRIE-L1-7SA6.ElmRelay\Close Logic.RelLogic,1,SANTO DOMINGO,CENTRAL,CENTRAL 138 kV,ZVDUAE,Close Logic
Logic block 50N,\VM-PF.IntUser\PDD 31-12-2024.IntPrj\Network Model.IntPrjfolder\Network Data.IntPrjfolder\CENTRAL 138 kV.ElmNet\Villa Duarte.ElmSite\ZVDUAE.ElmSubstat\E5.ElmTerm\Cub_1.StaCubic\ZVDUAE_ZEBRIE-L1-REF615.ElmRelay\Logic block 50N.RelLogic,1,SANTO DOMINGO,CENTRAL,CENTRAL 138 kV,ZVDUAE,Logic block 50N
Logic block 50P,\VM-PF.IntUser\PDD 31-12-2024.IntPrj\Network Model.IntPrjfolder\Network Data.IntPrjfolder\CENTRAL 138 kV.ElmNet\Villa Duarte.ElmSite\ZVDUAE.ElmSubstat\E5.ElmTerm\Cub_1.StaCubic\ZVDUAE_ZEBRIE-L1-REF615.ElmRelay\Logic block 50P.RelLogic,1,SANTO DOMINGO,CENTRAL,CENTRAL 138 kV,ZVDUAE,Logic block 50P
Logic block 51N,\VM-PF.IntUser\PDD 31-12-2024.IntPrj\Network Model.IntPrjfolder\Network Data.IntPrjfolder\CENTRAL 138 kV.ElmNet\Villa Duarte.ElmSite\ZVDUAE.ElmSubstat\E5.ElmTerm\Cub_1.StaCubic\ZVDUAE_ZEBRIE-L1-REF615.ElmRelay\Logic block 51N.RelLogic,1,SANTO DOMINGO,CENTRAL,CENTRAL 138 kV,ZVDUAE,Logic block 51N
Logic block 51P1,\VM-PF.IntUser\PDD 31-12-2024.IntPrj\Network Model.IntPrjfolder\Network Data.IntPrjfolder\CENTRAL 138 kV.ElmNet\Villa Duarte.ElmSite\ZVDUAE.ElmSubstat\E5.ElmTerm\Cub_1.StaCubic\ZVDUAE_ZEBRIE-L1-REF615.ElmRelay\Logic block 51P1.RelLogic,1,SANTO DOMINGO,CENTRAL,CENTRAL 138 kV,ZVDUAE,Logic block 51P1
Logic block 51P2,\VM-PF.IntUser\PDD 31-12-2024.IntPrj\Network Model.IntPrjfolder\Network Data.IntPrjfolder\CENTRAL 138 kV.ElmNet\Villa Duarte.ElmSite\ZVDUAE.ElmSubstat\E5.ElmTerm\Cub_1.StaCubic\ZVDUAE_ZEBRIE-L1-REF615.ElmRelay\Logic block 51P2.RelLogic,1,SANTO DOMINGO,CENTRAL,CENTRAL 138 kV,ZVDUAE,Logic block 51P2
Closing Logic,\VM-PF.IntUser\PDD 31-12-2024.IntPrj\Network Model.IntPrjfolder\Network Data.IntPrjfolder\CENTRAL 138 kV.ElmNet\Villa Duarte.ElmSite\ZVDUAE.ElmSubstat\E5.ElmTerm\Cub_1.StaCubic\ZVDUAE_ZEBRIE-L1-REF615.ElmRelay\Closing Logic.RelLogic,1,SANTO DOMINGO,CENTRAL,CENTRAL 138 kV,ZVDUAE,Closing Logic
U0 Trip,\VM-PF.IntUser\PDD 31-12-2024.IntPrj\Network Model.IntPrjfolder\Network Data.IntPrjfolder\CENTRAL 138 kV.ElmNet\Villa Duarte.ElmSite\ZVDUAE.ElmSubstat\E3.ElmTerm\Cub_1.StaCubic\ZVDUAE_ZHNSAE-L1-7SA6.ElmRelay\Earthfault.ElmRelay\U0 Trip.RelLogic,1,SANTO DOMINGO,CENTRAL,CENTRAL 138 kV,ZVDUAE,U0 Trip
Earthfault Trip,\VM-PF.IntUser\PDD 31-12-2024.IntPrj\Network Model.IntPrjfolder\Network Data.IntPrjfolder\CENTRAL 138 kV.ElmNet\Villa Duarte.ElmSite\ZVDUAE.ElmSubstat\E3.ElmTerm\Cub_1.StaCubic\ZVDUAE_ZHNSAE-L1-7SA6.ElmRelay\Earthfault.ElmRelay\Earthfault Trip.RelLogic,1,SANTO DOMINGO,CENTRAL,CENTRAL 138 kV,ZVDUAE,Earthfault Trip
Voltage Trip,\VM-PF.IntUser\PDD 31-12-2024.IntPrj\Network Model.IntPrjfolder\Network Data.IntPrjfolder\CENTRAL 138 kV.ElmNet\Villa Duarte.ElmSite\ZVDUAE.ElmSubstat\E3.ElmTerm\Cub_1.StaCubic\ZVDUAE_ZHNSAE-L1-7SA6.ElmRelay\Voltage.ElmRelay\Voltage Trip.RelLogic,1,SANTO DOMINGO,CENTRAL,CENTRAL 138 kV,ZVDUAE,Voltage Trip
Close Logic,\VM-PF.IntUser\PDD 31-12-2024.IntPrj\Network Model.IntPrjfolder\Network Data.IntPrjfolder\CENTRAL 138 kV.ElmNet\Villa Duarte.ElmSite\ZVDUAE.ElmSubstat\E3.ElmTerm\Cub_1.StaCubic\ZVDUAE_ZHNSAE-L1-7SA6.ElmRelay\Close Logic.RelLogic,1,SANTO DOMINGO,CENTRAL,CENTRAL 138 kV,ZVDUAE,Close Logic
Logic block 50N,\VM-PF.IntUser\PDD 31-12-2024.IntPrj\Network Model.IntPrjfolder\Network Data.IntPrjfolder\CENTRAL 138 kV.ElmNet\Villa Duarte.ElmSite\ZVDUAE.ElmSubstat\E3.ElmTerm\Cub_1.StaCubic\ZVDUAE_ZHNSAE-L1-REF615.ElmRelay\Logic block 50N.RelLogic,1,SANTO DOMINGO,CENTRAL,CENTRAL 138 kV,ZVDUAE,Logic block 50N
Logic block 50P,\VM-PF.IntUser\PDD 31-12-2024.IntPrj\Network Model.IntPrjfolder\Network Data.IntPrjfolder\CENTRAL 138 kV.ElmNet\Villa Duarte.ElmSite\ZVDUAE.ElmSubstat\E3.ElmTerm\Cub_1.StaCubic\ZVDUAE_ZHNSAE-L1-REF615.ElmRelay\Logic block 50P.RelLogic,1,SANTO DOMINGO,CENTRAL,CENTRAL 138 kV,ZVDUAE,Logic block 50P
Logic block 51N,\VM-PF.IntUser\PDD 31-12-2024.IntPrj\Network Model.IntPrjfolder\Network Data.IntPrjfolder\CENTRAL 138 kV.ElmNet\Villa Duarte.ElmSite\ZVDUAE.ElmSubstat\E3.ElmTerm\Cub_1.StaCubic\ZVDUAE_ZHNSAE-L1-REF615.ElmRelay\Logic block 51N.RelLogic,1,SANTO DOMINGO,CENTRAL,CENTRAL 138 kV,ZVDUAE,Logic block 51N
Logic block 51P1,\VM-PF.IntUser\PDD 31-12-2024.IntPrj\Network Model.IntPrjfolder\Network Data.IntPrjfolder\CENTRAL 138 kV.ElmNet\Villa Duarte.ElmSite\ZVDUAE.ElmSubstat\E3.ElmTerm\Cub_1.StaCubic\ZVDUAE_ZHNSAE-L1-REF615.ElmRelay\Logic block 51P1.RelLogic,1,SANTO DOMINGO,CENTRAL,CENTRAL 138 kV,ZVDUAE,Logic block 51P1
Logic block 51P2,\VM-PF.IntUser\PDD 31-12-2024.IntPrj\Network Model.IntPrjfolder\Network Data.IntPrjfolder\CENTRAL 138 kV.ElmNet\Villa Duarte.ElmSite\ZVDUAE.ElmSubstat\E3.ElmTerm\Cub_1.StaCubic\ZVDUAE_ZHNSAE-L1-REF615.ElmRelay\Logic block 51P2.RelLogic,1,SANTO DOMINGO,CENTRAL,CENTRAL 138 kV,ZVDUAE,Logic block 51P2
Closing Logic,\VM-PF.IntUser\PDD 31-12-2024.IntPrj\Network Model.IntPrjfolder\Network Data.IntPrjfolder\CENTRAL 138 kV.ElmNet\Villa Duarte.ElmSite\ZVDUAE.ElmSubstat\E3.ElmTerm\Cub_1.StaCubic\ZVDUAE_ZHNSAE-L1-REF615.ElmRelay\Closing Logic.RelLogic,1,SANTO DOMINGO,CENTRAL,CENTRAL 138 kV,ZVDUAE,Closing Logic
U0 Trip,\VM-PF.IntUser\PDD 31-12-2024.IntPrj\Network Model.IntPrjfolder\Network Data.IntPrjfolder\CENTRAL 138 kV.ElmNet\ZMATAE.ElmSubstat\L1.ElmTerm\Cub_1.StaCubic\ZMATBE_ZHAINE-L1-7SA6.ElmRelay\Earthfault.ElmRelay\U0 Trip.RelLogic,1,DISTRITO NACIONAL,CENTRAL,CENTRAL 138 kV,ZMATAE,U0 Trip
Earthfault Trip,\VM-PF.IntUser\PDD 31-12-2024.IntPrj\Network Model.IntPrjfolder\Network Data.IntPrjfolder\CENTRAL 138 kV.ElmNet\ZMATAE.ElmSubstat\L1.ElmTerm\Cub_1.StaCubic\ZMATBE_ZHAINE-L1-7SA6.ElmRelay\Earthfault.ElmRelay\Earthfault Trip.RelLogic,1,DISTRITO NACIONAL,CENTRAL,CENTRAL 138 kV,ZMATAE,Earthfault Trip
Voltage Trip,\VM-PF.IntUser\PDD 31-12-2024.IntPrj\Network Model.IntPrjfolder\Network Data.IntPrjfolder\CENTRAL 138 kV.ElmNet\ZMATAE.ElmSubstat\L1.ElmTerm\Cub_1.StaCubic\ZMATBE_ZHAINE-L1-7SA6.ElmRelay\Voltage.ElmRelay\Voltage Trip.RelLogic,1,DISTRITO NACIONAL,CENTRAL,CENTRAL 138 kV,ZMATAE,Voltage Trip
Close Logic,\VM-PF.IntUser\PDD 31-12-2024.IntPrj\Network Model.IntPrjfolder\Network Data.IntPrjfolder\CENTRAL 138 kV.ElmNet\ZMATAE.ElmSubstat\L1.ElmTerm\Cub_1.StaCubic\ZMATBE_ZHAINE-L1-7SA6.ElmRelay\Close Logic.RelLogic,1,DISTRITO NACIONAL,CENTRAL,CENTRAL 138 kV,ZMATAE,Close Logic
Ioc Output Logic,\VM-PF.IntUser\PDD 31-12-2024.IntPrj\Network Model.IntPrjfolder\Network Data.IntPrjfolder\CENTRAL 138 kV.ElmNet\ZMATAE.ElmSubstat\L2.ElmTerm\Cub_1.StaCubic\ZMATBE_ZUASDE-L1-REL316-87L.ElmRelay\IOC.ElmRelay\Ioc Output Logic.RelLogic,1,DISTRITO NACIONAL,CENTRAL,CENTRAL 138 kV,ZMATAE,Ioc Output Logic
Toc Output Logic,\VM-PF.IntUser\PDD 31-12-2024.IntPrj\Network Model.IntPrjfolder\Network Data.IntPrjfolder\CENTRAL 138 kV.ElmNet\ZMATAE.ElmSubstat\L2.ElmTerm\Cub_1.StaCubic\ZMATBE_ZUASDE-L1-REL316-87L.ElmRelay\TOC.ElmRelay\Toc Output Logic.RelLogic,1,DISTRITO NACIONAL,CENTRAL,CENTRAL 138 kV,ZMATAE,Toc Output Logic
Toc2 Internal Output Logic,\VM-PF.IntUser\PDD 31-12-2024.IntPrj\Network Model.IntPrjfolder\Network Data.IntPrjfolder\CENTRAL 138 kV.ElmNet\ZMATAE.ElmSubstat\L2.ElmTerm\Cub_1.StaCubic\ZMATBE_ZUASDE-L1-REL316-87L.ElmRelay\TOC2.ElmRelay\Toc2 Internal Output Logic.RelLogic,1,DISTRITO NACIONAL,CENTRAL,CENTRAL 138 kV,ZMATAE,Toc2 Internal Output Logic
Toc2 Output Logic,\VM-PF.IntUser\PDD 31-12-2024.IntPrj\Network Model.IntPrjfolder\Network Data.IntPrjfolder\CENTRAL 138 kV.ElmNet\ZMATAE.ElmSubstat\L2.ElmTerm\Cub_1.StaCubic\ZMATBE_ZUASDE-L1-REL316-87L.ElmRelay\TOC2.ElmRelay\Toc2 Output Logic.RelLogic,1,DISTRITO NACIONAL,CENTRAL,CENTRAL 138 kV,ZMATAE,Toc2 Output Logic
Toc3 Internal Output Logic,\VM-PF.IntUser\PDD 31-12-2024.IntPrj\Network Model.IntPrjfolder\Network Data.IntPrjfolder\CENTRAL 138 kV.ElmNet\ZMATAE.ElmSubstat\L2.ElmTerm\Cub_1.StaCubic\ZMATBE_ZUASDE-L1-REL316-87L.ElmRelay\TOC3.ElmRelay\Toc3 Internal Output Logic.RelLogic,1,DISTRITO NACIONAL,CENTRAL,CENTRAL 138 kV,ZMATAE,Toc3 Internal Output Logic
Toc3 Output Logic,\VM-PF.IntUser\PDD 31-12-2024.IntPrj\Network Model.IntPrjfolder\Network Data.IntPrjfolder\CENTRAL 138 kV.ElmNet\ZMATAE.ElmSubstat\L2.ElmTerm\Cub_1.StaCubic\ZMATBE_ZUASDE-L1-REL316-87L.ElmRelay\TOC3.ElmRelay\Toc3 Output Logic.RelLogic,1,DISTRITO NACIONAL,CENTRAL,CENTRAL 138 kV,ZMATAE,Toc3 Output Logic
TEF Internal Output Logic,\VM-PF.IntUser\PDD 31-12-2024.IntPrj\Network Model.IntPrjfolder\Network Data.IntPrjfolder\CENTRAL 138 kV.ElmNet\ZMATAE.ElmSubstat\L2.ElmTerm\Cub_1.StaCubic\ZMATBE_ZUASDE-L1-REL316-87L.ElmRelay\TEF.ElmRelay\TEF Internal Output Logic.RelLogic,1,DISTRITO NACIONAL,CENTRAL,CENTRAL 138 kV,ZMATAE,TEF Internal Output Logic
EF4 Output Logic,\VM-PF.IntUser\PDD 31-12-2024.IntPrj\Network Model.IntPrjfolder\Network Data.IntPrjfolder\CENTRAL 138 kV.ElmNet\ZMATAE.ElmSubstat\L2.ElmTerm\Cub_1.StaCubic\ZMATBE_ZUASDE-L1-REL316-87L.ElmRelay\EF4.ElmRelay\EF4 Output Logic.RelLogic,1,DISTRITO NACIONAL,CENTRAL,CENTRAL 138 kV,ZMATAE,EF4 Output Logic
EF4 Step4 Internal Output Logic,\VM-PF.IntUser\PDD 31-12-2024.IntPrj\Network Model.IntPrjfolder\Network Data.IntPrjfolder\CENTRAL 138 kV.ElmNet\ZMATAE.ElmSubstat\L2.ElmTerm\Cub_1.StaCubic\ZMATBE_ZUASDE-L1-REL316-87L.ElmRelay\EF4.ElmRelay\EF4 Step4 Internal Output Logic.RelLogic,1,DISTRITO NACIONAL,CENTRAL,CENTRAL 138 kV,ZMATAE,EF4 Step4 Internal Output Logic
Voltage Output Logic,\VM-PF.IntUser\PDD 31-12-2024.IntPrj\Network Model.IntPrjfolder\Network Data.IntPrjfolder\CENTRAL 138 kV.ElmNet\ZMATAE.ElmSubstat\L2.ElmTerm\Cub_1.StaCubic\ZMATBE_ZUASDE-L1-REL316-87L.ElmRelay\Voltage.ElmRelay\Voltage Output Logic.RelLogic,1,DISTRITO NACIONAL,CENTRAL,CENTRAL 138 kV,ZMATAE,Voltage Output Logic
Ioc Output Logic,\VM-PF.IntUser\PDD 31-12-2024.IntPrj\Network Model.IntPrjfolder\Network Data.IntPrjfolder\CENTRAL 138 kV.ElmNet\ZMATAE.ElmSubstat\L2.ElmTerm\Cub_1.StaCubic\ZMATBE_ZUASDE-L1-REL316.ElmRelay\IOC.ElmRelay\Ioc Output Logic.RelLogic,1,DISTRITO NACIONAL,CENTRAL,CENTRAL 138 kV,ZMATAE,Ioc Output Logic
Toc Output Logic,\VM-PF.IntUser\PDD 31-12-2024.IntPrj\Network Model.IntPrjfolder\Network Data.IntPrjfolder\CENTRAL 138 kV.ElmNet\ZMATAE.ElmSubstat\L2.ElmTerm\Cub_1.StaCubic\ZMATBE_ZUASDE-L1-REL316.ElmRelay\TOC.ElmRelay\Toc Output Logic.RelLogic,1,DISTRITO NACIONAL,CENTRAL,CENTRAL 138 kV,ZMATAE,Toc Output Logic
Toc2 Internal Output Logic,\VM-PF.IntUser\PDD 31-12-2024.IntPrj\Network Model.IntPrjfolder\Network Data.IntPrjfolder\CENTRAL 138 kV.ElmNet\ZMATAE.ElmSubstat\L2.ElmTerm\Cub_1.StaCubic\ZMATBE_ZUASDE-L1-REL316.ElmRelay\TOC2.ElmRelay\Toc2 Internal Output Logic.RelLogic,1,DISTRITO NACIONAL,CENTRAL,CENTRAL 138 kV,ZMATAE,Toc2 Internal Output Logic
Toc2 Output Logic,\VM-PF.IntUser\PDD 31-12-2024.IntPrj\Network Model.IntPrjfolder\Network Data.IntPrjfolder\CENTRAL 138 kV.ElmNet\ZMATAE.ElmSubstat\L2.ElmTerm\Cub_1.StaCubic\ZMATBE_ZUASDE-L1-REL316.ElmRelay\TOC2.ElmRelay\Toc2 Output Logic.RelLogic,1,DISTRITO NACIONAL,CENTRAL,CENTRAL 138 kV,ZMATAE,Toc2 Output Logic
Toc3 Internal Output Logic,\VM-PF.IntUser\PDD 31-12-2024.IntPrj\Network Model.IntPrjfolder\Network Data.IntPrjfolder\CENTRAL 138 kV.ElmNet\ZMATAE.ElmSubstat\L2.ElmTerm\Cub_1.StaCubic\ZMATBE_ZUASDE-L1-REL316.ElmRelay\TOC3.ElmRelay\Toc3 Internal Output Logic.RelLogic,1,DISTRITO NACIONAL,CENTRAL,CENTRAL 138 kV,ZMATAE,Toc3 Internal Output Logic
Toc3 Output Logic,\VM-PF.IntUser\PDD 31-12-2024.IntPrj\Network Model.IntPrjfolder\Network Data.IntPrjfolder\CENTRAL 138 kV.ElmNet\ZMATAE.ElmSubstat\L2.ElmTerm\Cub_1.StaCubic\ZMATBE_ZUASDE-L1-REL316.ElmRelay\TOC3.ElmRelay\Toc3 Output Logic.RelLogic,1,DISTRITO NACIONAL,CENTRAL,CENTRAL 138 kV,ZMATAE,Toc3 Output Logic
TEF Internal Output Logic,\VM-PF.IntUser\PDD 31-12-2024.IntPrj\Network Model.IntPrjfolder\Network Data.IntPrjfolder\CENTRAL 138 kV.ElmNet\ZMATAE.ElmSubstat\L2.ElmTerm\Cub_1.StaCubic\ZMATBE_ZUASDE-L1-REL316.ElmRelay\TEF.ElmRelay\TEF Internal Output Logic.RelLogic,1,DISTRITO NACIONAL,CENTRAL,CENTRAL 138 kV,ZMATAE,TEF Internal Output Logic
EF4 Output Logic,\VM-PF.IntUser\PDD 31-12-2024.IntPrj\Network Model.IntPrjfolder\Network Data.IntPrjfolder\CENTRAL 138 kV.ElmNet\ZMATAE.ElmSubstat\L2.ElmTerm\Cub_1.StaCubic\ZMATBE_ZUASDE-L1-REL316.ElmRelay\EF4.ElmRelay\EF4 Output Logic.RelLogic,1,DISTRITO NACIONAL,CENTRAL,CENTRAL 138 kV,ZMATAE,EF4 Output Logic
EF4 Step4 Internal Output Logic,\VM-PF.IntUser\PDD 31-12-2024.IntPrj\Network Model.IntPrjfolder\Network Data.IntPrjfolder\CENTRAL 138 kV.ElmNet\ZMATAE.ElmSubstat\L2.ElmTerm\Cub_1.StaCubic\ZMATBE_ZUASDE-L1-REL316.ElmRelay\EF4.ElmRelay\EF4 Step4 Internal Output Logic.RelLogic,1,DISTRITO NACIONAL,CENTRAL,CENTRAL 138 kV,ZMATAE,EF4 Step4 Internal Output Logic
Voltage Output Logic,\VM-PF.IntUser\PDD 31-12-2024.IntPrj\Network Model.IntPrjfolder\Network Data.IntPrjfolder\CENTRAL 138 kV.ElmNet\ZMATAE.ElmSubstat\L2.ElmTerm\Cub_1.StaCubic\ZMATBE_ZUASDE-L1-REL316.ElmRelay\Voltage.ElmRelay\Voltage Output Logic.RelLogic,1,DISTRITO NACIONAL,CENTRAL,CENTRAL 138 kV,ZMATAE,Voltage Output Logic
PIOC Output Logic,\VM-PF.IntUser\PDD 31-12-2024.IntPrj\Network Model.IntPrjfolder\Network Data.IntPrjfolder\CENTRAL 138 kV.ElmNet\ZMATAE.ElmSubstat\L3.ElmTerm\Cub_1.StaCubic\ZMATBE_ZMETAE-L1-RED670.ElmRelay\PIOC.ElmRelay\PIOC Output Logic.RelLogic,1,DISTRITO NACIONAL,CENTRAL,CENTRAL 138 kV,ZMATAE,PIOC Output Logic
Toc Output Logic,\VM-PF.IntUser\PDD 31-12-2024.IntPrj\Network Model.IntPrjfolder\Network Data.IntPrjfolder\CENTRAL 138 kV.ElmNet\ZMATAE.ElmSubstat\L3.ElmTerm\Cub_1.StaCubic\ZMATBE_ZMETAE-L1-RED670.ElmRelay\PTOC 51_67.ElmRelay\Toc Output Logic.RelLogic,1,DISTRITO NACIONAL,CENTRAL,CENTRAL 138 kV,ZMATAE,Toc Output Logic
Toc Output Logic,\VM-PF.IntUser\PDD 31-12-2024.IntPrj\Network Model.IntPrjfolder\Network Data.IntPrjfolder\CENTRAL 138 kV.ElmNet\ZMATAE.ElmSubstat\L3.ElmTerm\Cub_1.StaCubic\ZMATBE_ZMETAE-L1-RED670.ElmRelay\PTOC 51N67N.ElmRelay\Toc Output Logic.RelLogic,1,DISTRITO NACIONAL,CENTRAL,CENTRAL 138 kV,ZMATAE,Toc Output Logic
Frequency Output Logic,\VM-PF.IntUser\PDD 31-12-2024.IntPrj\Network Model.IntPrjfolder\Network Data.IntPrjfolder\CENTRAL 138 kV.ElmNet\ZMATAE.ElmSubstat\L3.ElmTerm\Cub_1.StaCubic\ZMATBE_ZMETAE-L1-RED670.ElmRelay\PTOF PTUF PFRC 81.ElmRelay\Frequency Output Logic.RelLogic,1,DISTRITO NACIONAL,CENTRAL,CENTRAL 138 kV,ZMATAE,Frequency Output Logic
Voltage Output Logic,\VM-PF.IntUser\PDD 31-12-2024.IntPrj\Network Model.IntPrjfolder\Network Data.IntPrjfolder\CENTRAL 138 kV.ElmNet\ZMATAE.ElmSubstat\L3.ElmTerm\Cub_1.StaCubic\ZMATBE_ZMETAE-L1-RED670.ElmRelay\PTUV 27 PTOV 59.ElmRelay\Voltage Output Logic.RelLogic,1,DISTRITO NACIONAL,CENTRAL,CENTRAL 138 kV,ZMATAE,Voltage Output Logic
U0 Trip,\VM-PF.IntUser\PDD 31-12-2024.IntPrj\Network Model.IntPrjfolder\Network Data.IntPrjfolder\CENTRAL 138 kV.ElmNet\ZMATAE.ElmSubstat\R1.ElmTerm\Cub_1.StaCubic\ZMATBE_ZHAINE-L2-7SA6.ElmRelay\Earthfault.ElmRelay\U0 Trip.RelLogic,1,DISTRITO NACIONAL,CENTRAL,CENTRAL 138 kV,ZMATAE,U0 Trip
Earthfault Trip,\VM-PF.IntUser\PDD 31-12-2024.IntPrj\Network Model.IntPrjfolder\Network Data.IntPrjfolder\CENTRAL 138 kV.ElmNet\ZMATAE.ElmSubstat\R1.ElmTerm\Cub_1.StaCubic\ZMATBE_ZHAINE-L2-7SA6.ElmRelay\Earthfault.ElmRelay\Earthfault Trip.RelLogic,1,DISTRITO NACIONAL,CENTRAL,CENTRAL 138 kV,ZMATAE,Earthfault Trip
Voltage Trip,\VM-PF.IntUser\PDD 31-12-2024.IntPrj\Network Model.IntPrjfolder\Network Data.IntPrjfolder\CENTRAL 138 kV.ElmNet\ZMATAE.ElmSubstat\R1.ElmTerm\Cub_1.StaCubic\ZMATBE_ZHAINE-L2-7SA6.ElmRelay\Voltage.ElmRelay\Voltage Trip.RelLogic,1,DISTRITO NACIONAL,CENTRAL,CENTRAL 138 kV,ZMATAE,Voltage Trip
Close Logic,\VM-PF.IntUser\PDD 31-12-2024.IntPrj\Network Model.IntPrjfolder\Network Data.IntPrjfolder\CENTRAL 138 kV.ElmNet\ZMATAE.ElmSubstat\R1.ElmTerm\Cub_1.StaCubic\ZMATBE_ZHAINE-L2-7SA6.ElmRelay\Close Logic.RelLogic,1,DISTRITO NACIONAL,CENTRAL,CENTRAL 138 kV,ZMATAE,Close Logic
U0 Trip,\VM-PF.IntUser\PDD 31-12-2024.IntPrj\Network Model.IntPrjfolder\Network Data.IntPrjfolder\CENTRAL 138 kV.ElmNet\ZMATAE.ElmSubstat\R2.ElmTerm\Cub_1.StaCubic\ZMATAE_ZEMBAE-L1-7SA6.ElmRelay\Earthfault.ElmRelay\U0 Trip.RelLogic,1,DISTRITO NACIONAL,CENTRAL,CENTRAL 138 kV,ZMATAE,U0 Trip
Earthfault Trip,\VM-PF.IntUser\PDD 31-12-2024.IntPrj\Network Model.IntPrjfolder\Network Data.IntPrjfolder\CENTRAL 138 kV.ElmNet\ZMATAE.ElmSubstat\R2.ElmTerm\Cub_1.StaCubic\ZMATAE_ZEMBAE-L1-7SA6.ElmRelay\Earthfault.ElmRelay\Earthfault Trip.RelLogic,1,DISTRITO NACIONAL,CENTRAL,CENTRAL 138 kV,ZMATAE,Earthfault Trip
Voltage Trip,\VM-PF.IntUser\PDD 31-12-2024.IntPrj\Network Model.IntPrjfolder\Network Data.IntPrjfolder\CENTRAL 138 kV.ElmNet\ZMATAE.ElmSubstat\R2.ElmTerm\Cub_1.StaCubic\ZMATAE_ZEMBAE-L1-7SA6.ElmRelay\Voltage.ElmRelay\Voltage Trip.RelLogic,1,DISTRITO NACIONAL,CENTRAL,CENTRAL 138 kV,ZMATAE,Voltage Trip
Close Logic,\VM-PF.IntUser\PDD 31-12-2024.IntPrj\Network Model.IntPrjfolder\Network Data.IntPrjfolder\CENTRAL 138 kV.ElmNet\ZMATAE.ElmSubstat\R2.ElmTerm\Cub_1.StaCubic\ZMATAE_ZEMBAE-L1-7SA6.ElmRelay\Close Logic.RelLogic,1,DISTRITO NACIONAL,CENTRAL,CENTRAL 138 kV,ZMATAE,Close Logic
Closing Logic,\VM-PF.IntUser\PDD 31-12-2024.IntPrj\Network Model.IntPrjfolder\Network Data.IntPrjfolder\CENTRAL 138 kV.ElmNet\Los Mina 6.ElmSite\ZLMI6E.ElmSubstat\1.ElmTerm\Cub_1.StaCubic\ZLMI6E_ZLMINE-L1-7SD610.ElmRelay\Closing Logic.RelLogic,1,SANTO DOMINGO,CENTRAL,CENTRAL 138 kV,ZLMI6E,Closing Logic
Closing Logic,\VM-PF.IntUser\PDD 31-12-2024.IntPrj\Network Model.IntPrjfolder\Network Data.IntPrjfolder\CENTRAL 138 kV.ElmNet\Los Mina 6.ElmSite\ZLMI6E.ElmSubstat\1.ElmTerm\Cub_1.StaCubic\ZLMI6E_ZLMINE-L1-7SJ80.ElmRelay\Closing Logic.RelLogic,1,SANTO DOMINGO,CENTRAL,CENTRAL 138 kV,ZLMI6E,Closing Logic
Logic,\VM-PF.IntUser\PDD 31-12-2024.IntPrj\Network Model.IntPrjfolder\Network Data.IntPrjfolder\CENTRAL 138 kV.ElmNet\Los Mina 6.ElmSite\ZLMI6E.ElmSubstat\2.ElmTerm\Cub_1.StaCubic\LOS MINA 6 <f.ElmRelay\Logic.RelLogic,1,SANTO DOMINGO,CENTRAL,CENTRAL 138 kV,ZLMI6E,Logic Type
Logic,\VM-PF.IntUser\PDD 31-12-2024.IntPrj\Network Model.IntPrjfolder\Network Data.IntPrjfolder\CENTRAL 138 kV.ElmNet\Los Mina 6.ElmSite\ZLMI6E.ElmSubstat\2.ElmTerm\Cub_1.StaCubic\LOS MINA 6 >f.ElmRelay\Logic.RelLogic,1,SANTO DOMINGO,CENTRAL,CENTRAL 138 kV,ZLMI6E,Logic Type
Closing Logic,\VM-PF.IntUser\PDD 31-12-2024.IntPrj\Network Model.IntPrjfolder\Network Data.IntPrjfolder\CENTRAL 138 kV.ElmNet\AES Andrés.ElmSite\ZAANDE.ElmSubstat\1.ElmTerm\Cub_1.StaCubic\ZAANDE_ZAAINE-L1-P140.ElmRelay\Closing Logic.RelLogic,1,SANTO DOMINGO,CENTRAL,CENTRAL 138 kV,ZAANDE,Closing Logic
Closing Logic,\VM-PF.IntUser\PDD 31-12-2024.IntPrj\Network Model.IntPrjfolder\Network Data.IntPrjfolder\CENTRAL 138 kV.ElmNet\AES Andrés.ElmSite\ZAANDE.ElmSubstat\1.ElmTerm\Cub_1.StaCubic\ZAANDE_ZAAINE-L1-P44x.ElmRelay\Closing Logic.RelLogic,1,SANTO DOMINGO,CENTRAL,CENTRAL 138 kV,ZAANDE,Closing Logic
Logic,\VM-PF.IntUser\PDD 31-12-2024.IntPrj\Network Model.IntPrjfolder\Network Data.IntPrjfolder\CENTRAL 138 kV.ElmNet\AES Andrés.ElmSite\ZAANDE.ElmSubstat\3.ElmTerm\Cub_1.StaCubic\AES ANDRES TG <f.ElmRelay\Logic.RelLogic,1,SANTO DOMINGO,CENTRAL,CENTRAL 138 kV,ZAANDE,Logic Type
Logic,\VM-PF.IntUser\PDD 31-12-2024.IntPrj\Network Model.IntPrjfolder\Network Data.IntPrjfolder\CENTRAL 138 kV.ElmNet\AES Andrés.ElmSite\ZAANDE.ElmSubstat\3.ElmTerm\Cub_1.StaCubic\AES ANDRES TG >f.ElmRelay\Logic.RelLogic,1,SANTO DOMINGO,CENTRAL,CENTRAL 138 kV,ZAANDE,Logic Type
Logic,\VM-PF.IntUser\PDD 31-12-2024.IntPrj\Network Model.IntPrjfolder\Network Data.IntPrjfolder\CENTRAL 138 kV.ElmNet\AES Andrés.ElmSite\ZAANDE.ElmSubstat\4.ElmTerm\Cub_1.StaCubic\AES ANDRES TV <f.ElmRelay\Logic.RelLogic,1,SANTO DOMINGO,CENTRAL,CENTRAL 138 kV,ZAANDE,Logic Type
Logic,\VM-PF.IntUser\PDD 31-12-2024.IntPrj\Network Model.IntPrjfolder\Network Data.IntPrjfolder\CENTRAL 138 kV.ElmNet\AES Andrés.ElmSite\ZAANDE.ElmSubstat\4.ElmTerm\Cub_1.StaCubic\AES ANDRES TV >f.ElmRelay\Logic.RelLogic,1,SANTO DOMINGO,CENTRAL,CENTRAL 138 kV,ZAANDE,Logic Type
PIOC Output Logic,\VM-PF.IntUser\PDD 31-12-2024.IntPrj\Network Model.IntPrjfolder\Network Data.IntPrjfolder\CENTRAL 138 kV.ElmNet\METALDOM.ElmSite\ZMETAE.ElmSubstat\WMETAE(1).ElmTerm\WBMETAE(1).StaCubic\ZMETAE_ZMATBE-L1-RED670.ElmRelay\PIOC.ElmRelay\PIOC Output Logic.RelLogic,1,DISTRITO NACIONAL,CENTRAL,CENTRAL 138 kV,ZMETAE,PIOC Output Logic
Toc Output Logic,\VM-PF.IntUser\PDD 31-12-2024.IntPrj\Network Model.IntPrjfolder\Network Data.IntPrjfolder\CENTRAL 138 kV.ElmNet\METALDOM.ElmSite\ZMETAE.ElmSubstat\WMETAE(1).ElmTerm\WBMETAE(1).StaCubic\ZMETAE_ZMATBE-L1-RED670.ElmRelay\PTOC 51_67.ElmRelay\Toc Output Logic.RelLogic,1,DISTRITO NACIONAL,CENTRAL,CENTRAL 138 kV,ZMETAE,Toc Output Logic
Toc Output Logic,\VM-PF.IntUser\PDD 31-12-2024.IntPrj\Network Model.IntPrjfolder\Network Data.IntPrjfolder\CENTRAL 138 kV.ElmNet\METALDOM.ElmSite\ZMETAE.ElmSubstat\WMETAE(1).ElmTerm\WBMETAE(1).StaCubic\ZMETAE_ZMATBE-L1-RED670.ElmRelay\PTOC 51N67N.ElmRelay\Toc Output Logic.RelLogic,1,DISTRITO NACIONAL,CENTRAL,CENTRAL 138 kV,ZMETAE,Toc Output Logic
Frequency Output Logic,\VM-PF.IntUser\PDD 31-12-2024.IntPrj\Network Model.IntPrjfolder\Network Data.IntPrjfolder\CENTRAL 138 kV.ElmNet\METALDOM.ElmSite\ZMETAE.ElmSubstat\WMETAE(1).ElmTerm\WBMETAE(1).StaCubic\ZMETAE_ZMATBE-L1-RED670.ElmRelay\PTOF PTUF PFRC 81.ElmRelay\Frequency Output Logic.RelLogic,1,DISTRITO NACIONAL,CENTRAL,CENTRAL 138 kV,ZMETAE,Frequency Output Logic
Voltage Output Logic,\VM-PF.IntUser\PDD 31-12-2024.IntPrj\Network Model.IntPrjfolder\Network Data.IntPrjfolder\CENTRAL 138 kV.ElmNet\METALDOM.ElmSite\ZMETAE.ElmSubstat\WMETAE(1).ElmTerm\WBMETAE(1).StaCubic\ZMETAE_ZMATBE-L1-RED670.ElmRelay\PTUV 27 PTOV 59.ElmRelay\Voltage Output Logic.RelLogic,1,DISTRITO NACIONAL,CENTRAL,CENTRAL 138 kV,ZMETAE,Voltage Output Logic
Ioc Output Logic,\VM-PF.IntUser\PDD 31-12-2024.IntPrj\Network Model.IntPrjfolder\Network Data.IntPrjfolder\CENTRAL 138 kV.ElmNet\ZPARAE.ElmSubstat\WPARAE(6).ElmTerm\WBPARA(1).StaCubic\ZPARAE_ZMETRE-L1-REL316-87L.ElmRelay\IOC.ElmRelay\Ioc Output Logic.RelLogic,1,DISTRITO NACIONAL,CENTRAL,CENTRAL 138 kV,ZPARAE,Ioc Output Logic
Toc Output Logic,\VM-PF.IntUser\PDD 31-12-2024.IntPrj\Network Model.IntPrjfolder\Network Data.IntPrjfolder\CENTRAL 138 kV.ElmNet\ZPARAE.ElmSubstat\WPARAE(6).ElmTerm\WBPARA(1).StaCubic\ZPARAE_ZMETRE-L1-REL316-87L.ElmRelay\TOC.ElmRelay\Toc Output Logic.RelLogic,1,DISTRITO NACIONAL,CENTRAL,CENTRAL 138 kV,ZPARAE,Toc Output Logic
Toc2 Internal Output Logic,\VM-PF.IntUser\PDD 31-12-2024.IntPrj\Network Model.IntPrjfolder\Network Data.IntPrjfolder\CENTRAL 138 kV.ElmNet\ZPARAE.ElmSubstat\WPARAE(6).ElmTerm\WBPARA(1).StaCubic\ZPARAE_ZMETRE-L1-REL316-87L.ElmRelay\TOC2.ElmRelay\Toc2 Internal Output Logic.RelLogic,1,DISTRITO NACIONAL,CENTRAL,CENTRAL 138 kV,ZPARAE,Toc2 Internal Output Logic
Toc2 Output Logic,\VM-PF.IntUser\PDD 31-12-2024.IntPrj\Network Model.IntPrjfolder\Network Data.IntPrjfolder\CENTRAL 138 kV.ElmNet\ZPARAE.ElmSubstat\WPARAE(6).ElmTerm\WBPARA(1).StaCubic\ZPARAE_ZMETRE-L1-REL316-87L.ElmRelay\TOC2.ElmRelay\Toc2 Output Logic.RelLogic,1,DISTRITO NACIONAL,CENTRAL,CENTRAL 138 kV,ZPARAE,Toc2 Output Logic
Toc3 Internal Output Logic,\VM-PF.IntUser\PDD 31-12-2024.IntPrj\Network Model.IntPrjfolder\Network Data.IntPrjfolder\CENTRAL 138 kV.ElmNet\ZPARAE.ElmSubstat\WPARAE(6).ElmTerm\WBPARA(1).StaCubic\ZPARAE_ZMETRE-L1-REL316-87L.ElmRelay\TOC3.ElmRelay\Toc3 Internal Output Logic.RelLogic,1,DISTRITO NACIONAL,CENTRAL,CENTRAL 138 kV,ZPARAE,Toc3 Internal Output Logic
Toc3 Output Logic,\VM-PF.IntUser\PDD 31-12-2024.IntPrj\Network Model.IntPrjfolder\Network Data.IntPrjfolder\CENTRAL 138 kV.ElmNet\ZPARAE.ElmSubstat\WPARAE(6).ElmTerm\WBPARA(1).StaCubic\ZPARAE_ZMETRE-L1-REL316-87L.ElmRelay\TOC3.ElmRelay\Toc3 Output Logic.RelLogic,1,DISTRITO NACIONAL,CENTRAL,CENTRAL 138 kV,ZPARAE,Toc3 Output Logic
TEF Internal Output Logic,\VM-PF.IntUser\PDD 31-12-2024.IntPrj\Network Model.IntPrjfolder\Network Data.IntPrjfolder\CENTRAL 138 kV.ElmNet\ZPARAE.ElmSubstat\WPARAE(6).ElmTerm\WBPARA(1).StaCubic\ZPARAE_ZMETRE-L1-REL316-87L.ElmRelay\TEF.ElmRelay\TEF Internal Output Logic.RelLogic,1,DISTRITO NACIONAL,CENTRAL,CENTRAL 138 kV,ZPARAE,TEF Internal Output Logic
EF4 Output Logic,\VM-PF.IntUser\PDD 31-12-2024.IntPrj\Network Model.IntPrjfolder\Network Data.IntPrjfolder\CENTRAL 138 kV.ElmNet\ZPARAE.ElmSubstat\WPARAE(6).ElmTerm\WBPARA(1).StaCubic\ZPARAE_ZMETRE-L1-REL316-87L.ElmRelay\EF4.ElmRelay\EF4 Output Logic.RelLogic,1,DISTRITO NACIONAL,CENTRAL,CENTRAL 138 kV,ZPARAE,EF4 Output Logic
EF4 Step4 Internal Output Logic,\VM-PF.IntUser\PDD 31-12-2024.IntPrj\Network Model.IntPrjfolder\Network Data.IntPrjfolder\CENTRAL 138 kV.ElmNet\ZPARAE.ElmSubstat\WPARAE(6).ElmTerm\WBPARA(1).StaCubic\ZPARAE_ZMETRE-L1-REL316-87L.ElmRelay\EF4.ElmRelay\EF4 Step4 Internal Output Logic.RelLogic,1,DISTRITO NACIONAL,CENTRAL,CENTRAL 138 kV,ZPARAE,EF4 Step4 Internal Output Logic
Voltage Output Logic,\VM-PF.IntUser\PDD 31-12-2024.IntPrj\Network Model.IntPrjfolder\Network Data.IntPrjfolder\CENTRAL 138 kV.ElmNet\ZPARAE.ElmSubstat\WPARAE(6).ElmTerm\WBPARA(1).StaCubic\ZPARAE_ZMETRE-L1-REL316-87L.ElmRelay\Voltage.ElmRelay\Voltage Output Logic.RelLogic,1,DISTRITO NACIONAL,CENTRAL,CENTRAL 138 kV,ZPARAE,Voltage Output Logic
Ioc Output Logic,\VM-PF.IntUser\PDD 31-12-2024.IntPrj\Network Model.IntPrjfolder\Network Data.IntPrjfolder\CENTRAL 138 kV.ElmNet\ZPARAE.ElmSubstat\WPARAE(6).ElmTerm\WBPARA(1).StaCubic\ZPARAE_ZMETRE-L1-REL316.ElmRelay\IOC.ElmRelay\Ioc Output Logic.RelLogic,1,DISTRITO NACIONAL,CENTRAL,CENTRAL 138 kV,ZPARAE,Ioc Output Logic
Toc Output Logic,\VM-PF.IntUser\PDD 31-12-2024.IntPrj\Network Model.IntPrjfolder\Network Data.IntPrjfolder\CENTRAL 138 kV.ElmNet\ZPARAE.ElmSubstat\WPARAE(6).ElmTerm\WBPARA(1).StaCubic\ZPARAE_ZMETRE-L1-REL316.ElmRelay\TOC.ElmRelay\Toc Output Logic.RelLogic,1,DISTRITO NACIONAL,CENTRAL,CENTRAL 138 kV,ZPARAE,Toc Output Logic
Toc2 Internal Output Logic,\VM-PF.IntUser\PDD 31-12-2024.IntPrj\Network Model.IntPrjfolder\Network Data.IntPrjfolder\CENTRAL 138 kV.ElmNet\ZPARAE.ElmSubstat\WPARAE(6).ElmTerm\WBPARA(1).StaCubic\ZPARAE_ZMETRE-L1-REL316.ElmRelay\TOC2.ElmRelay\Toc2 Internal Output Logic.RelLogic,1,DISTRITO NACIONAL,CENTRAL,CENTRAL 138 kV,ZPARAE,Toc2 Internal Output Logic
Toc2 Output Logic,\VM-PF.IntUser\PDD 31-12-2024.IntPrj\Network Model.IntPrjfolder\Network Data.IntPrjfolder\CENTRAL 138 kV.ElmNet\ZPARAE.ElmSubstat\WPARAE(6).ElmTerm\WBPARA(1).StaCubic\ZPARAE_ZMETRE-L1-REL316.ElmRelay\TOC2.ElmRelay\Toc2 Output Logic.RelLogic,1,DISTRITO NACIONAL,CENTRAL,CENTRAL 138 kV,ZPARAE,Toc2 Output Logic
Toc3 Internal Output Logic,\VM-PF.IntUser\PDD 31-12-2024.IntPrj\Network Model.IntPrjfolder\Network Data.IntPrjfolder\CENTRAL 138 kV.ElmNet\ZPARAE.ElmSubstat\WPARAE(6).ElmTerm\WBPARA(1).StaCubic\ZPARAE_ZMETRE-L1-REL316.ElmRelay\TOC3.ElmRelay\Toc3 Internal Output Logic.RelLogic,1,DISTRITO NACIONAL,CENTRAL,CENTRAL 138 kV,ZPARAE,Toc3 Internal Output Logic
Toc3 Output Logic,\VM-PF.IntUser\PDD 31-12-2024.IntPrj\Network Model.IntPrjfolder\Network Data.IntPrjfolder\CENTRAL 138 kV.ElmNet\ZPARAE.ElmSubstat\WPARAE(6).ElmTerm\WBPARA(1).StaCubic\ZPARAE_ZMETRE-L1-REL316.ElmRelay\TOC3.ElmRelay\Toc3 Output Logic.RelLogic,1,DISTRITO NACIONAL,CENTRAL,CENTRAL 138 kV,ZPARAE,Toc3 Output Logic
TEF Internal Output Logic,\VM-PF.IntUser\PDD 31-12-2024.IntPrj\Network Model.IntPrjfolder\Network Data.IntPrjfolder\CENTRAL 138 kV.ElmNet\ZPARAE.ElmSubstat\WPARAE(6).ElmTerm\WBPARA(1).StaCubic\ZPARAE_ZMETRE-L1-REL316.ElmRelay\TEF.ElmRelay\TEF Internal Output Logic.RelLogic,1,DISTRITO NACIONAL,CENTRAL,CENTRAL 138 kV,ZPARAE,TEF Internal Output Logic
EF4 Output Logic,\VM-PF.IntUser\PDD 31-12-2024.IntPrj\Network Model.IntPrjfolder\Network Data.IntPrjfolder\CENTRAL 138 kV.ElmNet\ZPARAE.ElmSubstat\WPARAE(6).ElmTerm\WBPARA(1).StaCubic\ZPARAE_ZMETRE-L1-REL316.ElmRelay\EF4.ElmRelay\EF4 Output Logic.RelLogic,1,DISTRITO NACIONAL,CENTRAL,CENTRAL 138 kV,ZPARAE,EF4 Output Logic
EF4 Step4 Internal Output Logic,\VM-PF.IntUser\PDD 31-12-2024.IntPrj\Network Model.IntPrjfolder\Network Data.IntPrjfolder\CENTRAL 138 kV.ElmNet\ZPARAE.ElmSubstat\WPARAE(6).ElmTerm\WBPARA(1).StaCubic\ZPARAE_ZMETRE-L1-REL316.ElmRelay\EF4.ElmRelay\EF4 Step4 Internal Output Logic.RelLogic,1,DISTRITO NACIONAL,CENTRAL,CENTRAL 138 kV,ZPARAE,EF4 Step4 Internal Output Logic
Voltage Output Logic,\VM-PF.IntUser\PDD 31-12-2024.IntPrj\Network Model.IntPrjfolder\Network Data.IntPrjfolder\CENTRAL 138 kV.ElmNet\ZPARAE.ElmSubstat\WPARAE(6).ElmTerm\WBPARA(1).StaCubic\ZPARAE_ZMETRE-L1-REL316.ElmRelay\Voltage.ElmRelay\Voltage Output Logic.RelLogic,1,DISTRITO NACIONAL,CENTRAL,CENTRAL 138 kV,ZPARAE,Voltage Output Logic
Ioc Output Logic,\VM-PF.IntUser\PDD 31-12-2024.IntPrj\Network Model.IntPrjfolder\Network Data.IntPrjfolder\CENTRAL 138 kV.ElmNet\ZPARAE.ElmSubstat\1.ElmTerm\Cub_1.StaCubic\ZPARAE_ZJSA2E-L1-REL316.ElmRelay\IOC.ElmRelay\Ioc Output Logic.RelLogic,1,DISTRITO NACIONAL,CENTRAL,CENTRAL 138 kV,ZPARAE,Ioc Output Logic
Toc Output Logic,\VM-PF.IntUser\PDD 31-12-2024.IntPrj\Network Model.IntPrjfolder\Network Data.IntPrjfolder\CENTRAL 138 kV.ElmNet\ZPARAE.ElmSubstat\1.ElmTerm\Cub_1.StaCubic\ZPARAE_ZJSA2E-L1-REL316.ElmRelay\TOC.ElmRelay\Toc Output Logic.RelLogic,1,DISTRITO NACIONAL,CENTRAL,CENTRAL 138 kV,ZPARAE,Toc Output Logic
Toc2 Internal Output Logic,\VM-PF.IntUser\PDD 31-12-2024.IntPrj\Network Model.IntPrjfolder\Network Data.IntPrjfolder\CENTRAL 138 kV.ElmNet\ZPARAE.ElmSubstat\1.ElmTerm\Cub_1.StaCubic\ZPARAE_ZJSA2E-L1-REL316.ElmRelay\TOC2.ElmRelay\Toc2 Internal Output Logic.RelLogic,1,DISTRITO NACIONAL,CENTRAL,CENTRAL 138 kV,ZPARAE,Toc2 Internal Output Logic
Toc2 Output Logic,\VM-PF.IntUser\PDD 31-12-2024.IntPrj\Network Model.IntPrjfolder\Network Data.IntPrjfolder\CENTRAL 138 kV.ElmNet\ZPARAE.ElmSubstat\1.ElmTerm\Cub_1.StaCubic\ZPARAE_ZJSA2E-L1-REL316.ElmRelay\TOC2.ElmRelay\Toc2 Output Logic.RelLogic,1,DISTRITO NACIONAL,CENTRAL,CENTRAL 138 kV,ZPARAE,Toc2 Output Logic
Toc3 Internal Output Logic,\VM-PF.IntUser\PDD 31-12-2024.IntPrj\Network Model.IntPrjfolder\Network Data.IntPrjfolder\CENTRAL 138 kV.ElmNet\ZPARAE.ElmSubstat\1.ElmTerm\Cub_1.StaCubic\ZPARAE_ZJSA2E-L1-REL316.ElmRelay\TOC3.ElmRelay\Toc3 Internal Output Logic.RelLogic,1,DISTRITO NACIONAL,CENTRAL,CENTRAL 138 kV,ZPARAE,Toc3 Internal Output Logic
Toc3 Output Logic,\VM-PF.IntUser\PDD 31-12-2024.IntPrj\Network Model.IntPrjfolder\Network Data.IntPrjfolder\CENTRAL 138 kV.ElmNet\ZPARAE.ElmSubstat\1.ElmTerm\Cub_1.StaCubic\ZPARAE_ZJSA2E-L1-REL316.ElmRelay\TOC3.ElmRelay\Toc3 Output Logic.RelLogic,1,DISTRITO NACIONAL,CENTRAL,CENTRAL 138 kV,ZPARAE,Toc3 Output Logic
TEF Internal Output Logic,\VM-PF.IntUser\PDD 31-12-2024.IntPrj\Network Model.IntPrjfolder\Network Data.IntPrjfolder\CENTRAL 138 kV.ElmNet\ZPARAE.ElmSubstat\1.ElmTerm\Cub_1.StaCubic\ZPARAE_ZJSA2E-L1-REL316.ElmRelay\TEF.ElmRelay\TEF Internal Output Logic.RelLogic,1,DISTRITO NACIONAL,CENTRAL,CENTRAL 138 kV,ZPARAE,TEF Internal Output Logic
EF4 Output Logic,\VM-PF.IntUser\PDD 31-12-2024.IntPrj\Network Model.IntPrjfolder\Network Data.IntPrjfolder\CENTRAL 138 kV.ElmNet\ZPARAE.ElmSubstat\1.ElmTerm\Cub_1.StaCubic\ZPARAE_ZJSA2E-L1-REL316.ElmRelay\EF4.ElmRelay\EF4 Output Logic.RelLogic,1,DISTRITO NACIONAL,CENTRAL,CENTRAL 138 kV,ZPARAE,EF4 Output Logic
EF4 Step4 Internal Output Logic,\VM-PF.IntUser\PDD 31-12-2024.IntPrj\Network Model.IntPrjfolder\Network Data.IntPrjfolder\CENTRAL 138 kV.ElmNet\ZPARAE.ElmSubstat\1.ElmTerm\Cub_1.StaCubic\ZPARAE_ZJSA2E-L1-REL316.ElmRelay\EF4.ElmRelay\EF4 Step4 Internal Output Logic.RelLogic,1,DISTRITO NACIONAL,CENTRAL,CENTRAL 138 kV,ZPARAE,EF4 Step4 Internal Output Logic
Voltage Output Logic,\VM-PF.IntUser\PDD 31-12-2024.IntPrj\Network Model.IntPrjfolder\Network Data.IntPrjfolder\CENTRAL 138 kV.ElmNet\ZPARAE.ElmSubstat\1.ElmTerm\Cub_1.StaCubic\ZPARAE_ZJSA2E-L1-REL316.ElmRelay\Voltage.ElmRelay\Voltage Output Logic.RelLogic,1,DISTRITO NACIONAL,CENTRAL,CENTRAL 138 kV,ZPARAE,Voltage Output Logic
Ioc Output Logic,\VM-PF.IntUser\PDD 31-12-2024.IntPrj\Network Model.IntPrjfolder\Network Data.IntPrjfolder\CENTRAL 138 kV.ElmNet\ZPARAE.ElmSubstat\2.ElmTerm\WBPARA(1).StaCubic\ZPARAE_ZMETRE-L1-REL316.ElmRelay\IOC.ElmRelay\Ioc Output Logic.RelLogic,1,DISTRITO NACIONAL,CENTRAL,CENTRAL 138 kV,ZPARAE,Ioc Output Logic
Toc Output Logic,\VM-PF.IntUser\PDD 31-12-2024.IntPrj\Network Model.IntPrjfolder\Network Data.IntPrjfolder\CENTRAL 138 kV.ElmNet\ZPARAE.ElmSubstat\2.ElmTerm\WBPARA(1).StaCubic\ZPARAE_ZMETRE-L1-REL316.ElmRelay\TOC.ElmRelay\Toc Output Logic.RelLogic,1,DISTRITO NACIONAL,CENTRAL,CENTRAL 138 kV,ZPARAE,Toc Output Logic
Toc2 Internal Output Logic,\VM-PF.IntUser\PDD 31-12-2024.IntPrj\Network Model.IntPrjfolder\Network Data.IntPrjfolder\CENTRAL 138 kV.ElmNet\ZPARAE.ElmSubstat\2.ElmTerm\WBPARA(1).StaCubic\ZPARAE_ZMETRE-L1-REL316.ElmRelay\TOC2.ElmRelay\Toc2 Internal Output Logic.RelLogic,1,DISTRITO NACIONAL,CENTRAL,CENTRAL 138 kV,ZPARAE,Toc2 Internal Output Logic
Toc2 Output Logic,\VM-PF.IntUser\PDD 31-12-2024.IntPrj\Network Model.IntPrjfolder\Network Data.IntPrjfolder\CENTRAL 138 kV.ElmNet\ZPARAE.ElmSubstat\2.ElmTerm\WBPARA(1).StaCubic\ZPARAE_ZMETRE-L1-REL316.ElmRelay\TOC2.ElmRelay\Toc2 Output Logic.RelLogic,1,DISTRITO NACIONAL,CENTRAL,CENTRAL 138 kV,ZPARAE,Toc2 Output Logic
Toc3 Internal Output Logic,\VM-PF.IntUser\PDD 31-12-2024.IntPrj\Network Model.IntPrjfolder\Network Data.IntPrjfolder\CENTRAL 138 kV.ElmNet\ZPARAE.ElmSubstat\2.ElmTerm\WBPARA(1).StaCubic\ZPARAE_ZMETRE-L1-REL316.ElmRelay\TOC3.ElmRelay\Toc3 Internal Output Logic.RelLogic,1,DISTRITO NACIONAL,CENTRAL,CENTRAL 138 kV,ZPARAE,Toc3 Internal Output Logic
Toc3 Output Logic,\VM-PF.IntUser\PDD 31-12-2024.IntPrj\Network Model.IntPrjfolder\Network Data.IntPrjfolder\CENTRAL 138 kV.ElmNet\ZPARAE.ElmSubstat\2.ElmTerm\WBPARA(1).StaCubic\ZPARAE_ZMETRE-L1-REL316.ElmRelay\TOC3.ElmRelay\Toc3 Output Logic.RelLogic,1,DISTRITO NACIONAL,CENTRAL,CENTRAL 138 kV,ZPARAE,Toc3 Output Logic
TEF Internal Output Logic,\VM-PF.IntUser\PDD 31-12-2024.IntPrj\Network Model.IntPrjfolder\Network Data.IntPrjfolder\CENTRAL 138 kV.ElmNet\ZPARAE.ElmSubstat\2.ElmTerm\WBPARA(1).StaCubic\ZPARAE_ZMETRE-L1-REL316.ElmRelay\TEF.ElmRelay\TEF Internal Output Logic.RelLogic,1,DISTRITO NACIONAL,CENTRAL,CENTRAL 138 kV,ZPARAE,TEF Internal Output Logic
EF4 Output Logic,\VM-PF.IntUser\PDD 31-12-2024.IntPrj\Network Model.IntPrjfolder\Network Data.IntPrjfolder\CENTRAL 138 kV.ElmNet\ZPARAE.ElmSubstat\2.ElmTerm\WBPARA(1).StaCubic\ZPARAE_ZMETRE-L1-REL316.ElmRelay\EF4.ElmRelay\EF4 Output Logic.RelLogic,1,DISTRITO NACIONAL,CENTRAL,CENTRAL 138 kV,ZPARAE,EF4 Output Logic
EF4 Step4 Internal Output Logic,\VM-PF.IntUser\PDD 31-12-2024.IntPrj\Network Model.IntPrjfolder\Network Data.IntPrjfolder\CENTRAL 138 kV.ElmNet\ZPARAE.ElmSubstat\2.ElmTerm\WBPARA(1).StaCubic\ZPARAE_ZMETRE-L1-REL316.ElmRelay\EF4.ElmRelay\EF4 Step4 Internal Output Logic.RelLogic,1,DISTRITO NACIONAL,CENTRAL,CENTRAL 138 kV,ZPARAE,EF4 Step4 Internal Output Logic
Voltage Output Logic,\VM-PF.IntUser\PDD 31-12-2024.IntPrj\Network Model.IntPrjfolder\Network Data.IntPrjfolder\CENTRAL 138 kV.ElmNet\ZPARAE.ElmSubstat\2.ElmTerm\WBPARA(1).StaCubic\ZPARAE_ZMETRE-L1-REL316.ElmRelay\Voltage.ElmRelay\Voltage Output Logic.RelLogic,1,DISTRITO NACIONAL,CENTRAL,CENTRAL 138 kV,ZPARAE,Voltage Output Logic
Ioc Output Logic,\VM-PF.IntUser\PDD 31-12-2024.IntPrj\Network Model.IntPrjfolder\Network Data.IntPrjfolder\CENTRAL 138 kV.ElmNet\ZPARAE.ElmSubstat\2.ElmTerm\WBPARA(1).StaCubic\ZPARAE_ZMETRE-L1-REL316-87L.ElmRelay\IOC.ElmRelay\Ioc Output Logic.RelLogic,1,DISTRITO NACIONAL,CENTRAL,CENTRAL 138 kV,ZPARAE,Ioc Output Logic
Toc Output Logic,\VM-PF.IntUser\PDD 31-12-2024.IntPrj\Network Model.IntPrjfolder\Network Data.IntPrjfolder\CENTRAL 138 kV.ElmNet\ZPARAE.ElmSubstat\2.ElmTerm\WBPARA(1).StaCubic\ZPARAE_ZMETRE-L1-REL316-87L.ElmRelay\TOC.ElmRelay\Toc Output Logic.RelLogic,1,DISTRITO NACIONAL,CENTRAL,CENTRAL 138 kV,ZPARAE,Toc Output Logic
Toc2 Internal Output Logic,\VM-PF.IntUser\PDD 31-12-2024.IntPrj\Network Model.IntPrjfolder\Network Data.IntPrjfolder\CENTRAL 138 kV.ElmNet\ZPARAE.ElmSubstat\2.ElmTerm\WBPARA(1).StaCubic\ZPARAE_ZMETRE-L1-REL316-87L.ElmRelay\TOC2.ElmRelay\Toc2 Internal Output Logic.RelLogic,1,DISTRITO NACIONAL,CENTRAL,CENTRAL 138 kV,ZPARAE,Toc2 Internal Output Logic
Toc2 Output Logic,\VM-PF.IntUser\PDD 31-12-2024.IntPrj\Network Model.IntPrjfolder\Network Data.IntPrjfolder\CENTRAL 138 kV.ElmNet\ZPARAE.ElmSubstat\2.ElmTerm\WBPARA(1).StaCubic\ZPARAE_ZMETRE-L1-REL316-87L.ElmRelay\TOC2.ElmRelay\Toc2 Output Logic.RelLogic,1,DISTRITO NACIONAL,CENTRAL,CENTRAL 138 kV,ZPARAE,Toc2 Output Logic
Toc3 Internal Output Logic,\VM-PF.IntUser\PDD 31-12-2024.IntPrj\Network Model.IntPrjfolder\Network Data.IntPrjfolder\CENTRAL 138 kV.ElmNet\ZPARAE.ElmSubstat\2.ElmTerm\WBPARA(1).StaCubic\ZPARAE_ZMETRE-L1-REL316-87L.ElmRelay\TOC3.ElmRelay\Toc3 Internal Output Logic.RelLogic,1,DISTRITO NACIONAL,CENTRAL,CENTRAL 138 kV,ZPARAE,Toc3 Internal Output Logic
Toc3 Output Logic,\VM-PF.IntUser\PDD 31-12-2024.IntPrj\Network Model.IntPrjfolder\Network Data.IntPrjfolder\CENTRAL 138 kV.ElmNet\ZPARAE.ElmSubstat\2.ElmTerm\WBPARA(1).StaCubic\ZPARAE_ZMETRE-L1-REL316-87L.ElmRelay\TOC3.ElmRelay\Toc3 Output Logic.RelLogic,1,DISTRITO NACIONAL,CENTRAL,CENTRAL 138 kV,ZPARAE,Toc3 Output Logic
TEF Internal Output Logic,\VM-PF.IntUser\PDD 31-12-2024.IntPrj\Network Model.IntPrjfolder\Network Data.IntPrjfolder\CENTRAL 138 kV.ElmNet\ZPARAE.ElmSubstat\2.ElmTerm\WBPARA(1).StaCubic\ZPARAE_ZMETRE-L1-REL316-87L.ElmRelay\TEF.ElmRelay\TEF Internal Output Logic.RelLogic,1,DISTRITO NACIONAL,CENTRAL,CENTRAL 138 kV,ZPARAE,TEF Internal Output Logic
EF4 Output Logic,\VM-PF.IntUser\PDD 31-12-2024.IntPrj\Network Model.IntPrjfolder\Network Data.IntPrjfolder\CENTRAL 138 kV.ElmNet\ZPARAE.ElmSubstat\2.ElmTerm\WBPARA(1).StaCubic\ZPARAE_ZMETRE-L1-REL316-87L.ElmRelay\EF4.ElmRelay\EF4 Output Logic.RelLogic,1,DISTRITO NACIONAL,CENTRAL,CENTRAL 138 kV,ZPARAE,EF4 Output Logic
EF4 Step4 Internal Output Logic,\VM-PF.IntUser\PDD 31-12-2024.IntPrj\Network Model.IntPrjfolder\Network Data.IntPrjfolder\CENTRAL 138 kV.ElmNet\ZPARAE.ElmSubstat\2.ElmTerm\WBPARA(1).StaCubic\ZPARAE_ZMETRE-L1-REL316-87L.ElmRelay\EF4.ElmRelay\EF4 Step4 Internal Output Logic.RelLogic,1,DISTRITO NACIONAL,CENTRAL,CENTRAL 138 kV,ZPARAE,EF4 Step4 Internal Output Logic
Voltage Output Logic,\VM-PF.IntUser\PDD 31-12-2024.IntPrj\Network Model.IntPrjfolder\Network Data.IntPrjfolder\CENTRAL 138 kV.ElmNet\ZPARAE.ElmSubstat\2.ElmTerm\WBPARA(1).StaCubic\ZPARAE_ZMETRE-L1-REL316-87L.ElmRelay\Voltage.ElmRelay\Voltage Output Logic.RelLogic,1,DISTRITO NACIONAL,CENTRAL,CENTRAL 138 kV,ZPARAE,Voltage Output Logic
U0 Trip,\VM-PF.IntUser\PDD 31-12-2024.IntPrj\Network Model.IntPrjfolder\Network Data.IntPrjfolder\CENTRAL 138 kV.ElmNet\Timbeque 2.ElmSite\ZTIM2E.ElmSubstat\L2.ElmTerm\Cub_1.StaCubic\ZTIM2E_ZLMINE-L1-7SA6.ElmRelay\Earthfault.ElmRelay\U0 Trip.RelLogic,1,DISTRITO NACIONAL,CENTRAL,CENTRAL 138 kV,ZTIM2E,U0 Trip
Earthfault Trip,\VM-PF.IntUser\PDD 31-12-2024.IntPrj\Network Model.IntPrjfolder\Network Data.IntPrjfolder\CENTRAL 138 kV.ElmNet\Timbeque 2.ElmSite\ZTIM2E.ElmSubstat\L2.ElmTerm\Cub_1.StaCubic\ZTIM2E_ZLMINE-L1-7SA6.ElmRelay\Earthfault.ElmRelay\Earthfault Trip.RelLogic,1,DISTRITO NACIONAL,CENTRAL,CENTRAL 138 kV,ZTIM2E,Earthfault Trip
Voltage Trip,\VM-PF.IntUser\PDD 31-12-2024.IntPrj\Network Model.IntPrjfolder\Network Data.IntPrjfolder\CENTRAL 138 kV.ElmNet\Timbeque 2.ElmSite\ZTIM2E.ElmSubstat\L2.ElmTerm\Cub_1.StaCubic\ZTIM2E_ZLMINE-L1-7SA6.ElmRelay\Voltage.ElmRelay\Voltage Trip.RelLogic,1,DISTRITO NACIONAL,CENTRAL,CENTRAL 138 kV,ZTIM2E,Voltage Trip
Close Logic,\VM-PF.IntUser\PDD 31-12-2024.IntPrj\Network Model.IntPrjfolder\Network Data.IntPrjfolder\CENTRAL 138 kV.ElmNet\Timbeque 2.ElmSite\ZTIM2E.ElmSubstat\L2.ElmTerm\Cub_1.StaCubic\ZTIM2E_ZLMINE-L1-7SA6.ElmRelay\Close Logic.RelLogic,1,DISTRITO NACIONAL,CENTRAL,CENTRAL 138 kV,ZTIM2E,Close Logic
U0 Trip,\VM-PF.IntUser\PDD 31-12-2024.IntPrj\Network Model.IntPrjfolder\Network Data.IntPrjfolder\CENTRAL 138 kV.ElmNet\Timbeque 2.ElmSite\ZTIM2E.ElmSubstat\R1.ElmTerm\Cub_1.StaCubic\ZTIM2E_ZVDUAE-L1-7SA6.ElmRelay\Earthfault.ElmRelay\U0 Trip.RelLogic,1,DISTRITO NACIONAL,CENTRAL,CENTRAL 138 kV,ZTIM2E,U0 Trip
Earthfault Trip,\VM-PF.IntUser\PDD 31-12-2024.IntPrj\Network Model.IntPrjfolder\Network Data.IntPrjfolder\CENTRAL 138 kV.ElmNet\Timbeque 2.ElmSite\ZTIM2E.ElmSubstat\R1.ElmTerm\Cub_1.StaCubic\ZTIM2E_ZVDUAE-L1-7SA6.ElmRelay\Earthfault.ElmRelay\Earthfault Trip.RelLogic,1,DISTRITO NACIONAL,CENTRAL,CENTRAL 138 kV,ZTIM2E,Earthfault Trip
Voltage Trip,\VM-PF.IntUser\PDD 31-12-2024.IntPrj\Network Model.IntPrjfolder\Network Data.IntPrjfolder\CENTRAL 138 kV.ElmNet\Timbeque 2.ElmSite\ZTIM2E.ElmSubstat\R1.ElmTerm\Cub_1.StaCubic\ZTIM2E_ZVDUAE-L1-7SA6.ElmRelay\Voltage.ElmRelay\Voltage Trip.RelLogic,1,DISTRITO NACIONAL,CENTRAL,CENTRAL 138 kV,ZTIM2E,Voltage Trip
Close Logic,\VM-PF.IntUser\PDD 31-12-2024.IntPrj\Network Model.IntPrjfolder\Network Data.IntPrjfolder\CENTRAL 138 kV.ElmNet\Timbeque 2.ElmSite\ZTIM2E.ElmSubstat\R1.ElmTerm\Cub_1.StaCubic\ZTIM2E_ZVDUAE-L1-7SA6.ElmRelay\Close Logic.RelLogic,1,DISTRITO NACIONAL,CENTRAL,CENTRAL 138 kV,ZTIM2E,Close Logic
U0 Trip,\VM-PF.IntUser\PDD 31-12-2024.IntPrj\Network Model.IntPrjfolder\Network Data.IntPrjfolder\CENTRAL 138 kV.ElmNet\Timbeque 2.ElmSite\ZTIM2E.ElmSubstat\R2.ElmTerm\Cub_1.StaCubic\ZTIM2E_ZCNPEE-L1-7SA6.ElmRelay\Earthfault.ElmRelay\U0 Trip.RelLogic,1,DISTRITO NACIONAL,CENTRAL,CENTRAL 138 kV,ZTIM2E,U0 Trip
Earthfault Trip,\VM-PF.IntUser\PDD 31-12-2024.IntPrj\Network Model.IntPrjfolder\Network Data.IntPrjfolder\CENTRAL 138 kV.ElmNet\Timbeque 2.ElmSite\ZTIM2E.ElmSubstat\R2.ElmTerm\Cub_1.StaCubic\ZTIM2E_ZCNPEE-L1-7SA6.ElmRelay\Earthfault.ElmRelay\Earthfault Trip.RelLogic,1,DISTRITO NACIONAL,CENTRAL,CENTRAL 138 kV,ZTIM2E,Earthfault Trip
Voltage Trip,\VM-PF.IntUser\PDD 31-12-2024.IntPrj\Network Model.IntPrjfolder\Network Data.IntPrjfolder\CENTRAL 138 kV.ElmNet\Timbeque 2.ElmSite\ZTIM2E.ElmSubstat\R2.ElmTerm\Cub_1.StaCubic\ZTIM2E_ZCNPEE-L1-7SA6.ElmRelay\Voltage.ElmRelay\Voltage Trip.RelLogic,1,DISTRITO NACIONAL,CENTRAL,CENTRAL 138 kV,ZTIM2E,Voltage Trip
Close Logic,\VM-PF.IntUser\PDD 31-12-2024.IntPrj\Network Model.IntPrjfolder\Network Data.IntPrjfolder\CENTRAL 138 kV.ElmNet\Timbeque 2.ElmSite\ZTIM2E.ElmSubstat\R2.ElmTerm\Cub_1.StaCubic\ZTIM2E_ZCNPEE-L1-7SA6.ElmRelay\Close Logic.RelLogic,1,DISTRITO NACIONAL,CENTRAL,CENTRAL 138 kV,ZTIM2E,Close Logic
Closing Logic,\VM-PF.IntUser\PDD 31-12-2024.IntPrj\Network Model.IntPrjfolder\Network Data.IntPrjfolder\CENTRAL 138 kV.ElmNet\Los Mina 5.ElmSite\ZLMI5E.ElmSubstat\1.ElmTerm\Cub_1.StaCubic\ZLMI5E_ZLMINE-L1-7SD610.ElmRelay\Closing Logic.RelLogic,1,SANTO DOMINGO,CENTRAL,CENTRAL 138 kV,ZLMI5E,Closing Logic
Closing Logic,\VM-PF.IntUser\PDD 31-12-2024.IntPrj\Network Model.IntPrjfolder\Network Data.IntPrjfolder\CENTRAL 138 kV.ElmNet\Los Mina 5.ElmSite\ZLMI5E.ElmSubstat\1.ElmTerm\Cub_1.StaCubic\ZLMI5E_ZLMINE-L1-7SJ80.ElmRelay\Closing Logic.RelLogic,1,SANTO DOMINGO,CENTRAL,CENTRAL 138 kV,ZLMI5E,Closing Logic
Logic,\VM-PF.IntUser\PDD 31-12-2024.IntPrj\Network Model.IntPrjfolder\Network Data.IntPrjfolder\CENTRAL 138 kV.ElmNet\Los Mina 5.ElmSite\ZLMI5E.ElmSubstat\2.ElmTerm\Cub_1.StaCubic\LOS MINA 5 <f.ElmRelay\Logic.RelLogic,1,SANTO DOMINGO,CENTRAL,CENTRAL 138 kV,ZLMI5E,Logic Type
Logic,\VM-PF.IntUser\PDD 31-12-2024.IntPrj\Network Model.IntPrjfolder\Network Data.IntPrjfolder\CENTRAL 138 kV.ElmNet\Los Mina 5.ElmSite\ZLMI5E.ElmSubstat\2.ElmTerm\Cub_1.StaCubic\LOS MINA 5 >f.ElmRelay\Logic.RelLogic,1,SANTO DOMINGO,CENTRAL,CENTRAL 138 kV,ZLMI5E,Logic Type
U0 Trip,\VM-PF.IntUser\PDD 31-12-2024.IntPrj\Network Model.IntPrjfolder\Network Data.IntPrjfolder\CENTRAL 138 kV.ElmNet\Palamara.ElmSite\ZPALAE.ElmSubstat\1.ElmTerm\Cub_1.StaCubic\ZPALAE_ZBON2E-L1-7SA6.ElmRelay\Earthfault.ElmRelay\U0 Trip.RelLogic,1,SANTO DOMINGO,CENTRAL,CENTRAL 138 kV,ZPALAE,U0 Trip
Earthfault Trip,\VM-PF.IntUser\PDD 31-12-2024.IntPrj\Network Model.IntPrjfolder\Network Data.IntPrjfolder\CENTRAL 138 kV.ElmNet\Palamara.ElmSite\ZPALAE.ElmSubstat\1.ElmTerm\Cub_1.StaCubic\ZPALAE_ZBON2E-L1-7SA6.ElmRelay\Earthfault.ElmRelay\Earthfault Trip.RelLogic,1,SANTO DOMINGO,CENTRAL,CENTRAL 138 kV,ZPALAE,Earthfault Trip
Voltage Trip,\VM-PF.IntUser\PDD 31-12-2024.IntPrj\Network Model.IntPrjfolder\Network Data.IntPrjfolder\CENTRAL 138 kV.ElmNet\Palamara.ElmSite\ZPALAE.ElmSubstat\1.ElmTerm\Cub_1.StaCubic\ZPALAE_ZBON2E-L1-7SA6.ElmRelay\Voltage.ElmRelay\Voltage Trip.RelLogic,1,SANTO DOMINGO,CENTRAL,CENTRAL 138 kV,ZPALAE,Voltage Trip
Close Logic,\VM-PF.IntUser\PDD 31-12-2024.IntPrj\Network Model.IntPrjfolder\Network Data.IntPrjfolder\CENTRAL 138 kV.ElmNet\Palamara.ElmSite\ZPALAE.ElmSubstat\1.ElmTerm\Cub_1.StaCubic\ZPALAE_ZBON2E-L1-7SA6.ElmRelay\Close Logic.RelLogic,1,SANTO DOMINGO,CENTRAL,CENTRAL 138 kV,ZPALAE,Close Logic
Closing Logic,\VM-PF.IntUser\PDD 31-12-2024.IntPrj\Network Model.IntPrjfolder\Network Data.IntPrjfolder\CENTRAL 138 kV.ElmNet\Palamara.ElmSite\ZPALAE.ElmSubstat\1.ElmTerm\Cub_1.StaCubic\ZPALAE_ZBON2E-L1-7SJ64.ElmRelay\Closing Logic.RelLogic,1,SANTO DOMINGO,CENTRAL,CENTRAL 138 kV,ZPALAE,Closing Logic
U0 Trip,\VM-PF.IntUser\PDD 31-12-2024.IntPrj\Network Model.IntPrjfolder\Network Data.IntPrjfolder\CENTRAL 138 kV.ElmNet\Palamara.ElmSite\ZPALAE.ElmSubstat\2.ElmTerm\Cub_1.StaCubic\ZPALAE_ZBON2E-L2-7SA6.ElmRelay\Earthfault.ElmRelay\U0 Trip.RelLogic,1,SANTO DOMINGO,CENTRAL,CENTRAL 138 kV,ZPALAE,U0 Trip
Earthfault Trip,\VM-PF.IntUser\PDD 31-12-2024.IntPrj\Network Model.IntPrjfolder\Network Data.IntPrjfolder\CENTRAL 138 kV.ElmNet\Palamara.ElmSite\ZPALAE.ElmSubstat\2.ElmTerm\Cub_1.StaCubic\ZPALAE_ZBON2E-L2-7SA6.ElmRelay\Earthfault.ElmRelay\Earthfault Trip.RelLogic,1,SANTO DOMINGO,CENTRAL,CENTRAL 138 kV,ZPALAE,Earthfault Trip
Voltage Trip,\VM-PF.IntUser\PDD 31-12-2024.IntPrj\Network Model.IntPrjfolder\Network Data.IntPrjfolder\CENTRAL 138 kV.ElmNet\Palamara.ElmSite\ZPALAE.ElmSubstat\2.ElmTerm\Cub_1.StaCubic\ZPALAE_ZBON2E-L2-7SA6.ElmRelay\Voltage.ElmRelay\Voltage Trip.RelLogic,1,SANTO DOMINGO,CENTRAL,CENTRAL 138 kV,ZPALAE,Voltage Trip
Close Logic,\VM-PF.IntUser\PDD 31-12-2024.IntPrj\Network Model.IntPrjfolder\Network Data.IntPrjfolder\CENTRAL 138 kV.ElmNet\Palamara.ElmSite\ZPALAE.ElmSubstat\2.ElmTerm\Cub_1.StaCubic\ZPALAE_ZBON2E-L2-7SA6.ElmRelay\Close Logic.RelLogic,1,SANTO DOMINGO,CENTRAL,CENTRAL 138 kV,ZPALAE,Close Logic
Closing Logic,\VM-PF.IntUser\PDD 31-12-2024.IntPrj\Network Model.IntPrjfolder\Network Data.IntPrjfolder\CENTRAL 138 kV.ElmNet\Palamara.ElmSite\ZPALAE.ElmSubstat\2.ElmTerm\Cub_1.StaCubic\ZPALAE_ZBON2E-L2-7SJ804.ElmRelay\Closing Logic.RelLogic,1,SANTO DOMINGO,CENTRAL,CENTRAL 138 kV,ZPALAE,Closing Logic
Closing Logic,\VM-PF.IntUser\PDD 31-12-2024.IntPrj\Network Model.IntPrjfolder\Network Data.IntPrjfolder\CENTRAL 138 kV.ElmNet\Palamara.ElmSite\ZPALAE.ElmSubstat\3.ElmTerm\Cub_1.StaCubic\ZPAL1E_ZJSA2E-L2-7SA522.ElmRelay\Closing Logic.RelLogic,1,SANTO DOMINGO,CENTRAL,CENTRAL 138 kV,ZPALAE,Closing Logic
Closing Logic,\VM-PF.IntUser\PDD 31-12-2024.IntPrj\Network Model.IntPrjfolder\Network Data.IntPrjfolder\CENTRAL 138 kV.ElmNet\Palamara.ElmSite\ZPALAE.ElmSubstat\4.ElmTerm\Cub_1.StaCubic\ZPAL1E_ZJSA2E-L1-7SA522.ElmRelay\Closing Logic.RelLogic,1,SANTO DOMINGO,CENTRAL,CENTRAL 138 kV,ZPALAE,Closing Logic
Closing Logic,\VM-PF.IntUser\PDD 31-12-2024.IntPrj\Network Model.IntPrjfolder\Network Data.IntPrjfolder\CENTRAL 138 kV.ElmNet\Palamara.ElmSite\ZPALAE.ElmSubstat\4.ElmTerm\Cub_1.StaCubic\ZPAL1E_ZJSA2E-L1-7SJ804.ElmRelay\Closing Logic.RelLogic,1,SANTO DOMINGO,CENTRAL,CENTRAL 138 kV,ZPALAE,Closing Logic
U0 Trip,\VM-PF.IntUser\PDD 31-12-2024.IntPrj\Network Model.IntPrjfolder\Network Data.IntPrjfolder\CENTRAL 138 kV.ElmNet\Palamara.ElmSite\ZPALAE.ElmSubstat\5.ElmTerm\Cub_1.StaCubic\ZPALAE_ZVMELE-L1-7SA611.ElmRelay\Earthfault.ElmRelay\U0 Trip.RelLogic,1,SANTO DOMINGO,CENTRAL,CENTRAL 138 kV,ZPALAE,U0 Trip
Earthfault Trip,\VM-PF.IntUser\PDD 31-12-2024.IntPrj\Network Model.IntPrjfolder\Network Data.IntPrjfolder\CENTRAL 138 kV.ElmNet\Palamara.ElmSite\ZPALAE.ElmSubstat\5.ElmTerm\Cub_1.StaCubic\ZPALAE_ZVMELE-L1-7SA611.ElmRelay\Earthfault.ElmRelay\Earthfault Trip.RelLogic,1,SANTO DOMINGO,CENTRAL,CENTRAL 138 kV,ZPALAE,Earthfault Trip
Voltage Trip,\VM-PF.IntUser\PDD 31-12-2024.IntPrj\Network Model.IntPrjfolder\Network Data.IntPrjfolder\CENTRAL 138 kV.ElmNet\Palamara.ElmSite\ZPALAE.ElmSubstat\5.ElmTerm\Cub_1.StaCubic\ZPALAE_ZVMELE-L1-7SA611.ElmRelay\Voltage.ElmRelay\Voltage Trip.RelLogic,1,SANTO DOMINGO,CENTRAL,CENTRAL 138 kV,ZPALAE,Voltage Trip
Close Logic,\VM-PF.IntUser\PDD 31-12-2024.IntPrj\Network Model.IntPrjfolder\Network Data.IntPrjfolder\CENTRAL 138 kV.ElmNet\Palamara.ElmSite\ZPALAE.ElmSubstat\5.ElmTerm\Cub_1.StaCubic\ZPALAE_ZVMELE-L1-7SA611.ElmRelay\Close Logic.RelLogic,1,SANTO DOMINGO,CENTRAL,CENTRAL 138 kV,ZPALAE,Close Logic
Closing Logic,\VM-PF.IntUser\PDD 31-12-2024.IntPrj\Network Model.IntPrjfolder\Network Data.IntPrjfolder\CENTRAL 138 kV.ElmNet\Palamara.ElmSite\ZPALAE.ElmSubstat\5.ElmTerm\Cub_1.StaCubic\ZPALAE_ZVMELE-L1-7SJ804.ElmRelay\Closing Logic.RelLogic,1,SANTO DOMINGO,CENTRAL,CENTRAL 138 kV,ZPALAE,Closing Logic
U0 Trip,\VM-PF.IntUser\PDD 31-12-2024.IntPrj\Network Model.IntPrjfolder\Network Data.IntPrjfolder\CENTRAL 138 kV.ElmNet\Palamara.ElmSite\ZPALAE.ElmSubstat\6.ElmTerm\Cub_1.StaCubic\ZPALAE_ZHNS2E-L1-7SA611.ElmRelay\Earthfault.ElmRelay\U0 Trip.RelLogic,1,SANTO DOMINGO,CENTRAL,CENTRAL 138 kV,ZPALAE,U0 Trip
Earthfault Trip,\VM-PF.IntUser\PDD 31-12-2024.IntPrj\Network Model.IntPrjfolder\Network Data.IntPrjfolder\CENTRAL 138 kV.ElmNet\Palamara.ElmSite\ZPALAE.ElmSubstat\6.ElmTerm\Cub_1.StaCubic\ZPALAE_ZHNS2E-L1-7SA611.ElmRelay\Earthfault.ElmRelay\Earthfault Trip.RelLogic,1,SANTO DOMINGO,CENTRAL,CENTRAL 138 kV,ZPALAE,Earthfault Trip
Voltage Trip,\VM-PF.IntUser\PDD 31-12-2024.IntPrj\Network Model.IntPrjfolder\Network Data.IntPrjfolder\CENTRAL 138 kV.ElmNet\Palamara.ElmSite\ZPALAE.ElmSubstat\6.ElmTerm\Cub_1.StaCubic\ZPALAE_ZHNS2E-L1-7SA611.ElmRelay\Voltage.ElmRelay\Voltage Trip.RelLogic,1,SANTO DOMINGO,CENTRAL,CENTRAL 138 kV,ZPALAE,Voltage Trip
Close Logic,\VM-PF.IntUser\PDD 31-12-2024.IntPrj\Network Model.IntPrjfolder\Network Data.IntPrjfolder\CENTRAL 138 kV.ElmNet\Palamara.ElmSite\ZPALAE.ElmSubstat\6.ElmTerm\Cub_1.StaCubic\ZPALAE_ZHNS2E-L1-7SA611.ElmRelay\Close Logic.RelLogic,1,SANTO DOMINGO,CENTRAL,CENTRAL 138 kV,ZPALAE,Close Logic
Closing Logic,\VM-PF.IntUser\PDD 31-12-2024.IntPrj\Network Model.IntPrjfolder\Network Data.IntPrjfolder\CENTRAL 138 kV.ElmNet\Palamara.ElmSite\ZPALAE.ElmSubstat\6.ElmTerm\Cub_1.StaCubic\ZPALAE_ZHNS2E-L1-7SJ64.ElmRelay\Closing Logic.RelLogic,1,SANTO DOMINGO,CENTRAL,CENTRAL 138 kV,ZPALAE,Closing Logic
Closing Logic,\VM-PF.IntUser\PDD 31-12-2024.IntPrj\Network Model.IntPrjfolder\Network Data.IntPrjfolder\CENTRAL 138 kV.ElmNet\Palamara.ElmSite\ZPALAE.ElmSubstat\7.ElmTerm\Cub_1.StaCubic\ZPALAE_ZAHO1E-L1-7SA522.ElmRelay\Closing Logic.RelLogic,1,SANTO DOMINGO,CENTRAL,CENTRAL 138 kV,ZPALAE,Closing Logic
U0 Trip,\VM-PF.IntUser\PDD 31-12-2024.IntPrj\Network Model.IntPrjfolder\Network Data.IntPrjfolder\CENTRAL 138 kV.ElmNet\Palamara.ElmSite\ZPALAE.ElmSubstat\8.ElmTerm\Cub_1.StaCubic\ZPALAE_ZITABE-L1-7SA6.ElmRelay\Earthfault.ElmRelay\U0 Trip.RelLogic,1,SANTO DOMINGO,CENTRAL,CENTRAL 138 kV,ZPALAE,U0 Trip
Earthfault Trip,\VM-PF.IntUser\PDD 31-12-2024.IntPrj\Network Model.IntPrjfolder\Network Data.IntPrjfolder\CENTRAL 138 kV.ElmNet\Palamara.ElmSite\ZPALAE.ElmSubstat\8.ElmTerm\Cub_1.StaCubic\ZPALAE_ZITABE-L1-7SA6.ElmRelay\Earthfault.ElmRelay\Earthfault Trip.RelLogic,1,SANTO DOMINGO,CENTRAL,CENTRAL 138 kV,ZPALAE,Earthfault Trip
Voltage Trip,\VM-PF.IntUser\PDD 31-12-2024.IntPrj\Network Model.IntPrjfolder\Network Data.IntPrjfolder\CENTRAL 138 kV.ElmNet\Palamara.ElmSite\ZPALAE.ElmSubstat\8.ElmTerm\Cub_1.StaCubic\ZPALAE_ZITABE-L1-7SA6.ElmRelay\Voltage.ElmRelay\Voltage Trip.RelLogic,1,SANTO DOMINGO,CENTRAL,CENTRAL 138 kV,ZPALAE,Voltage Trip
Close Logic,\VM-PF.IntUser\PDD 31-12-2024.IntPrj\Network Model.IntPrjfolder\Network Data.IntPrjfolder\CENTRAL 138 kV.ElmNet\Palamara.ElmSite\ZPALAE.ElmSubstat\8.ElmTerm\Cub_1.StaCubic\ZPALAE_ZITABE-L1-7SA6.ElmRelay\Close Logic.RelLogic,1,SANTO DOMINGO,CENTRAL,CENTRAL 138 kV,ZPALAE,Close Logic
Closing Logic,\VM-PF.IntUser\PDD 31-12-2024.IntPrj\Network Model.IntPrjfolder\Network Data.IntPrjfolder\CENTRAL 138 kV.ElmNet\Palamara.ElmSite\ZPALAE.ElmSubstat\8.ElmTerm\Cub_1.StaCubic\ZPALAE_ZITABE-L1-7SJ804.ElmRelay\Closing Logic.RelLogic,1,SANTO DOMINGO,CENTRAL,CENTRAL 138 kV,ZPALAE,Closing Logic
U0 Trip,\VM-PF.IntUser\PDD 31-12-2024.IntPrj\Network Model.IntPrjfolder\Network Data.IntPrjfolder\CENTRAL 138 kV.ElmNet\Palamara.ElmSite\ZPALAE.ElmSubstat\11.ElmTerm\Cub_1.StaCubic\ZPALAE_ZSCNOE-L1-7SA6.ElmRelay\Earthfault.ElmRelay\U0 Trip.RelLogic,1,SANTO DOMINGO,CENTRAL,CENTRAL 138 kV,ZPALAE,U0 Trip
Earthfault Trip,\VM-PF.IntUser\PDD 31-12-2024.IntPrj\Network Model.IntPrjfolder\Network Data.IntPrjfolder\CENTRAL 138 kV.ElmNet\Palamara.ElmSite\ZPALAE.ElmSubstat\11.ElmTerm\Cub_1.StaCubic\ZPALAE_ZSCNOE-L1-7SA6.ElmRelay\Earthfault.ElmRelay\Earthfault Trip.RelLogic,1,SANTO DOMINGO,CENTRAL,CENTRAL 138 kV,ZPALAE,Earthfault Trip
Voltage Trip,\VM-PF.IntUser\PDD 31-12-2024.IntPrj\Network Model.IntPrjfolder\Network Data.IntPrjfolder\CENTRAL 138 kV.ElmNet\Palamara.ElmSite\ZPALAE.ElmSubstat\11.ElmTerm\Cub_1.StaCubic\ZPALAE_ZSCNOE-L1-7SA6.ElmRelay\Voltage.ElmRelay\Voltage Trip.RelLogic,1,SANTO DOMINGO,CENTRAL,CENTRAL 138 kV,ZPALAE,Voltage Trip
Close Logic,\VM-PF.IntUser\PDD 31-12-2024.IntPrj\Network Model.IntPrjfolder\Network Data.IntPrjfolder\CENTRAL 138 kV.ElmNet\Palamara.ElmSite\ZPALAE.ElmSubstat\11.ElmTerm\Cub_1.StaCubic\ZPALAE_ZSCNOE-L1-7SA6.ElmRelay\Close Logic.RelLogic,1,SANTO DOMINGO,CENTRAL,CENTRAL 138 kV,ZPALAE,Close Logic
Closing Logic,\VM-PF.IntUser\PDD 31-12-2024.IntPrj\Network Model.IntPrjfolder\Network Data.IntPrjfolder\CENTRAL 138 kV.ElmNet\Palamara.ElmSite\ZPALAE.ElmSubstat\11.ElmTerm\Cub_1.StaCubic\ZPALAE_ZSCNOE-L1-7SJ804.ElmRelay\Closing Logic.RelLogic,1,SANTO DOMINGO,CENTRAL,CENTRAL 138 kV,ZPALAE,Closing Logic
U0 Trip,\VM-PF.IntUser\PDD 31-12-2024.IntPrj\Network Model.IntPrjfolder\Network Data.IntPrjfolder\CENTRAL 138 kV.ElmNet\Palamara.ElmSite\ZPALAE.ElmSubstat\12.ElmTerm\Cub_1.StaCubic\ZPALAE_ZVALDE-L1-7SA6.ElmRelay\Earthfault.ElmRelay\U0 Trip.RelLogic,1,SANTO DOMINGO,CENTRAL,CENTRAL 138 kV,ZPALAE,U0 Trip
Earthfault Trip,\VM-PF.IntUser\PDD 31-12-2024.IntPrj\Network Model.IntPrjfolder\Network Data.IntPrjfolder\CENTRAL 138 kV.ElmNet\Palamara.ElmSite\ZPALAE.ElmSubstat\12.ElmTerm\Cub_1.StaCubic\ZPALAE_ZVALDE-L1-7SA6.ElmRelay\Earthfault.ElmRelay\Earthfault Trip.RelLogic,1,SANTO DOMINGO,CENTRAL,CENTRAL 138 kV,ZPALAE,Earthfault Trip
Voltage Trip,\VM-PF.IntUser\PDD 31-12-2024.IntPrj\Network Model.IntPrjfolder\Network Data.IntPrjfolder\CENTRAL 138 kV.ElmNet\Palamara.ElmSite\ZPALAE.ElmSubstat\12.ElmTerm\Cub_1.StaCubic\ZPALAE_ZVALDE-L1-7SA6.ElmRelay\Voltage.ElmRelay\Voltage Trip.RelLogic,1,SANTO DOMINGO,CENTRAL,CENTRAL 138 kV,ZPALAE,Voltage Trip
Close Logic,\VM-PF.IntUser\PDD 31-12-2024.IntPrj\Network Model.IntPrjfolder\Network Data.IntPrjfolder\CENTRAL 138 kV.ElmNet\Palamara.ElmSite\ZPALAE.ElmSubstat\12.ElmTerm\Cub_1.StaCubic\ZPALAE_ZVALDE-L1-7SA6.ElmRelay\Close Logic.RelLogic,1,SANTO DOMINGO,CENTRAL,CENTRAL 138 kV,ZPALAE,Close Logic
Closing Logic,\VM-PF.IntUser\PDD 31-12-2024.IntPrj\Network Model.IntPrjfolder\Network Data.IntPrjfolder\CENTRAL 138 kV.ElmNet\Palamara.ElmSite\ZPALAE.ElmSubstat\12.ElmTerm\Cub_1.StaCubic\ZPALAE_ZVALDE-L1-7SJ804.ElmRelay\Closing Logic.RelLogic,1,SANTO DOMINGO,CENTRAL,CENTRAL 138 kV,ZPALAE,Closing Logic
U0 Trip,\VM-PF.IntUser\PDD 31-12-2024.IntPrj\Network Model.IntPrjfolder\Network Data.IntPrjfolder\CENTRAL 138 kV.ElmNet\ZLMINE.ElmSubstat\R2.ElmTerm\Cub_1.StaCubic\ZLMINE_ZVDUAE-L1-7SA6.ElmRelay\Earthfault.ElmRelay\U0 Trip.RelLogic,1,SANTO DOMINGO,CENTRAL,CENTRAL 138 kV,ZLMINE,U0 Trip
Earthfault Trip,\VM-PF.IntUser\PDD 31-12-2024.IntPrj\Network Model.IntPrjfolder\Network Data.IntPrjfolder\CENTRAL 138 kV.ElmNet\ZLMINE.ElmSubstat\R2.ElmTerm\Cub_1.StaCubic\ZLMINE_ZVDUAE-L1-7SA6.ElmRelay\Earthfault.ElmRelay\Earthfault Trip.RelLogic,1,SANTO DOMINGO,CENTRAL,CENTRAL 138 kV,ZLMINE,Earthfault Trip
Voltage Trip,\VM-PF.IntUser\PDD 31-12-2024.IntPrj\Network Model.IntPrjfolder\Network Data.IntPrjfolder\CENTRAL 138 kV.ElmNet\ZLMINE.ElmSubstat\R2.ElmTerm\Cub_1.StaCubic\ZLMINE_ZVDUAE-L1-7SA6.ElmRelay\Voltage.ElmRelay\Voltage Trip.RelLogic,1,SANTO DOMINGO,CENTRAL,CENTRAL 138 kV,ZLMINE,Voltage Trip
Close Logic,\VM-PF.IntUser\PDD 31-12-2024.IntPrj\Network Model.IntPrjfolder\Network Data.IntPrjfolder\CENTRAL 138 kV.ElmNet\ZLMINE.ElmSubstat\R2.ElmTerm\Cub_1.StaCubic\ZLMINE_ZVDUAE-L1-7SA6.ElmRelay\Close Logic.RelLogic,1,SANTO DOMINGO,CENTRAL,CENTRAL 138 kV,ZLMINE,Close Logic
Closing Logic,\VM-PF.IntUser\PDD 31-12-2024.IntPrj\Network Model.IntPrjfolder\Network Data.IntPrjfolder\CENTRAL 138 kV.ElmNet\ZLMINE.ElmSubstat\L1.ElmTerm\Cub_1.StaCubic\ZLMINE_ZHNSAE-L3-7SD52.ElmRelay\Distance/Overcurrent/Voltage.ElmRelay\Closing Logic.RelLogic,1,SANTO DOMINGO,CENTRAL,CENTRAL 138 kV,ZLMINE,Closing Logic
Closing Logic,\VM-PF.IntUser\PDD 31-12-2024.IntPrj\Network Model.IntPrjfolder\Network Data.IntPrjfolder\CENTRAL 138 kV.ElmNet\ZLMINE.ElmSubstat\L1.ElmTerm\Cub_1.StaCubic\ZLMINE_ZHNSAE-L3-7SA522.ElmRelay\Closing Logic.RelLogic,1,SANTO DOMINGO,CENTRAL,CENTRAL 138 kV,ZLMINE,Closing Logic
Closing Logic,\VM-PF.IntUser\PDD 31-12-2024.IntPrj\Network Model.IntPrjfolder\Network Data.IntPrjfolder\CENTRAL 138 kV.ElmNet\ZLMINE.ElmSubstat\L2.ElmTerm\Cub_1.StaCubic\ZLMINE_ZLMI5E-L1-7SD610.ElmRelay\Closing Logic.RelLogic,1,SANTO DOMINGO,CENTRAL,CENTRAL 138 kV,ZLMINE,Closing Logic
Closing Logic,\VM-PF.IntUser\PDD 31-12-2024.IntPrj\Network Model.IntPrjfolder\Network Data.IntPrjfolder\CENTRAL 138 kV.ElmNet\ZLMINE.ElmSubstat\L2.ElmTerm\Cub_1.StaCubic\ZLMINE_ZLMI5E-L1-7SJ80.ElmRelay\Closing Logic.RelLogic,1,SANTO DOMINGO,CENTRAL,CENTRAL 138 kV,ZLMINE,Closing Logic
Closing Logic,\VM-PF.IntUser\PDD 31-12-2024.IntPrj\Network Model.IntPrjfolder\Network Data.IntPrjfolder\CENTRAL 138 kV.ElmNet\ZLMINE.ElmSubstat\R1.ElmTerm\Cub_1.StaCubic\ZLMINE_ZHNSAE-L2-7SD52.ElmRelay\Distance/Overcurrent/Voltage.ElmRelay\Closing Logic.RelLogic,1,SANTO DOMINGO,CENTRAL,CENTRAL 138 kV,ZLMINE,Closing Logic
Closing Logic,\VM-PF.IntUser\PDD 31-12-2024.IntPrj\Network Model.IntPrjfolder\Network Data.IntPrjfolder\CENTRAL 138 kV.ElmNet\ZLMINE.ElmSubstat\R3.ElmTerm\Cub_1.StaCubic\ZLMINE_ZLMI6E-L1-7SJD610.ElmRelay\Closing Logic.RelLogic,1,SANTO DOMINGO,CENTRAL,CENTRAL 138 kV,ZLMINE,Closing Logic
Closing Logic,\VM-PF.IntUser\PDD 31-12-2024.IntPrj\Network Model.IntPrjfolder\Network Data.IntPrjfolder\CENTRAL 138 kV.ElmNet\ZLMINE.ElmSubstat\R3.ElmTerm\Cub_1.StaCubic\ZLMINE_ZLMI7E-L1-7SJ80.ElmRelay\Closing Logic.RelLogic,1,SANTO DOMINGO,CENTRAL,CENTRAL 138 kV,ZLMINE,Closing Logic
Voltage Trip,\VM-PF.IntUser\PDD 31-12-2024.IntPrj\Network Model.IntPrjfolder\Network Data.IntPrjfolder\CENTRAL 138 kV.ElmNet\ZLMINE.ElmSubstat\L5.ElmTerm\Cub_1.StaCubic\ZLM11E_ZLISAE-L1-7SA6.ElmRelay\Voltage.ElmRelay\Voltage Trip.RelLogic,1,SANTO DOMINGO,CENTRAL,CENTRAL 138 kV,ZLMINE,Voltage Trip
U0 Trip,\VM-PF.IntUser\PDD 31-12-2024.IntPrj\Network Model.IntPrjfolder\Network Data.IntPrjfolder\CENTRAL 138 kV.ElmNet\ZLMINE.ElmSubstat\L5.ElmTerm\Cub_1.StaCubic\ZLM11E_ZLISAE-L1-7SA6.ElmRelay\Earthfault.ElmRelay\U0 Trip.RelLogic,1,SANTO DOMINGO,CENTRAL,CENTRAL 138 kV,ZLMINE,U0 Trip
Earthfault Trip,\VM-PF.IntUser\PDD 31-12-2024.IntPrj\Network Model.IntPrjfolder\Network Data.IntPrjfolder\CENTRAL 138 kV.ElmNet\ZLMINE.ElmSubstat\L5.ElmTerm\Cub_1.StaCubic\ZLM11E_ZLISAE-L1-7SA6.ElmRelay\Earthfault.ElmRelay\Earthfault Trip.RelLogic,1,SANTO DOMINGO,CENTRAL,CENTRAL 138 kV,ZLMINE,Earthfault Trip
Close Logic,\VM-PF.IntUser\PDD 31-12-2024.IntPrj\Network Model.IntPrjfolder\Network Data.IntPrjfolder\CENTRAL 138 kV.ElmNet\ZLMINE.ElmSubstat\L5.ElmTerm\Cub_1.StaCubic\ZLM11E_ZLISAE-L1-7SA6.ElmRelay\Close Logic.RelLogic,1,SANTO DOMINGO,CENTRAL,CENTRAL 138 kV,ZLMINE,Close Logic
Closing Logic,\VM-PF.IntUser\PDD 31-12-2024.IntPrj\Network Model.IntPrjfolder\Network Data.IntPrjfolder\CENTRAL 138 kV.ElmNet\ZLMINE.ElmSubstat\L6.ElmTerm\Cub_1.StaCubic\ZLM11E_ZHNS2E-L1-7SD52.ElmRelay\Distance/Overcurrent/Voltage.ElmRelay\Closing Logic.RelLogic,1,SANTO DOMINGO,CENTRAL,CENTRAL 138 kV,ZLMINE,Closing Logic
Closing Logic,\VM-PF.IntUser\PDD 31-12-2024.IntPrj\Network Model.IntPrjfolder\Network Data.IntPrjfolder\CENTRAL 138 kV.ElmNet\ZLMINE.ElmSubstat\L8.ElmTerm\Cub_1.StaCubic\ZLMINE_ZLMI7E-L1-7SD610.ElmRelay\Closing Logic.RelLogic,1,SANTO DOMINGO,CENTRAL,CENTRAL 138 kV,ZLMINE,Closing Logic
Closing Logic,\VM-PF.IntUser\PDD 31-12-2024.IntPrj\Network Model.IntPrjfolder\Network Data.IntPrjfolder\CENTRAL 138 kV.ElmNet\ZLMINE.ElmSubstat\L8.ElmTerm\Cub_1.StaCubic\ZLMINE_ZLMI7E-L1-7SJ80.ElmRelay\Closing Logic.RelLogic,1,SANTO DOMINGO,CENTRAL,CENTRAL 138 kV,ZLMINE,Closing Logic
Closing Logic,\VM-PF.IntUser\PDD 31-12-2024.IntPrj\Network Model.IntPrjfolder\Network Data.IntPrjfolder\CENTRAL 138 kV.ElmNet\ZLMINE.ElmSubstat\R5.ElmTerm\Cub_1.StaCubic\ZLMINE_ZTIM2E-L1-7SA511.ElmRelay\Closing Logic.RelLogic,1,SANTO DOMINGO,CENTRAL,CENTRAL 138 kV,ZLMINE,Closing Logic
Closing Logic,\VM-PF.IntUser\PDD 31-12-2024.IntPrj\Network Model.IntPrjfolder\Network Data.IntPrjfolder\CENTRAL 138 kV.ElmNet\ZLISAE.ElmSubstat\1.ElmTerm\Cub_1.StaCubic\ZLISAE_ZAHO1E-L1-7SA522.ElmRelay\Closing Logic.RelLogic,1,DISTRITO NACIONAL,CENTRAL,CENTRAL 138 kV,ZLISAE,Closing Logic
Closing Logic,\VM-PF.IntUser\PDD 31-12-2024.IntPrj\Network Model.IntPrjfolder\Network Data.IntPrjfolder\CENTRAL 138 kV.ElmNet\ZLISAE.ElmSubstat\4.ElmTerm\Cub_1.StaCubic\ZLISAE_ZLM11E-L1-7SA522.ElmRelay\Closing Logic.RelLogic,1,DISTRITO NACIONAL,CENTRAL,CENTRAL 138 kV,ZLISAE,Closing Logic
Closing Logic,\VM-PF.IntUser\PDD 31-12-2024.IntPrj\Network Model.IntPrjfolder\Network Data.IntPrjfolder\CENTRAL 138 kV.ElmNet\Los Mina 7.ElmSite\ZLMI7E.ElmSubstat\2.ElmTerm\Cub_1.StaCubic\ZLMI7E_ZLMINE-L1-7SD610.ElmRelay\Closing Logic.RelLogic,1,SANTO DOMINGO,CENTRAL,CENTRAL 138 kV,ZLMI7E,Closing Logic
Closing Logic,\VM-PF.IntUser\PDD 31-12-2024.IntPrj\Network Model.IntPrjfolder\Network Data.IntPrjfolder\CENTRAL 138 kV.ElmNet\Los Mina 7.ElmSite\ZLMI7E.ElmSubstat\2.ElmTerm\Cub_1.StaCubic\ZLMI7E_ZLMINE-L1-7SJ80.ElmRelay\Closing Logic.RelLogic,1,SANTO DOMINGO,CENTRAL,CENTRAL 138 kV,ZLMI7E,Closing Logic
Closing Logic,\VM-PF.IntUser\PDD 31-12-2024.IntPrj\Network Model.IntPrjfolder\Network Data.IntPrjfolder\CENTRAL 138 kV.ElmNet\ZIAANE.ElmSubstat\1.ElmTerm\Cub_1.StaCubic\ZAAINE_ZAANDE-L1-P140.ElmRelay\Closing Logic.RelLogic,1,SANTO DOMINGO,CENTRAL,CENTRAL 138 kV,ZIAANE,Closing Logic
Closing Logic,\VM-PF.IntUser\PDD 31-12-2024.IntPrj\Network Model.IntPrjfolder\Network Data.IntPrjfolder\CENTRAL 138 kV.ElmNet\ZIAANE.ElmSubstat\1.ElmTerm\Cub_1.StaCubic\ZAAINE_ZAANDE-L1-P44x.ElmRelay\Closing Logic.RelLogic,1,SANTO DOMINGO,CENTRAL,CENTRAL 138 kV,ZIAANE,Closing Logic
U0 Trip,\VM-PF.IntUser\PDD 31-12-2024.IntPrj\Network Model.IntPrjfolder\Network Data.IntPrjfolder\CENTRAL 138 kV.ElmNet\ZIAANE.ElmSubstat\2.ElmTerm\Cub_1.StaCubic\ZAAINE_ZHNSAE-L2-7SA6.ElmRelay\Earthfault.ElmRelay\U0 Trip.RelLogic,1,SANTO DOMINGO,CENTRAL,CENTRAL 138 kV,ZIAANE,U0 Trip
Earthfault Trip,\VM-PF.IntUser\PDD 31-12-2024.IntPrj\Network Model.IntPrjfolder\Network Data.IntPrjfolder\CENTRAL 138 kV.ElmNet\ZIAANE.ElmSubstat\2.ElmTerm\Cub_1.StaCubic\ZAAINE_ZHNSAE-L2-7SA6.ElmRelay\Earthfault.ElmRelay\Earthfault Trip.RelLogic,1,SANTO DOMINGO,CENTRAL,CENTRAL 138 kV,ZIAANE,Earthfault Trip
Voltage Trip,\VM-PF.IntUser\PDD 31-12-2024.IntPrj\Network Model.IntPrjfolder\Network Data.IntPrjfolder\CENTRAL 138 kV.ElmNet\ZIAANE.ElmSubstat\2.ElmTerm\Cub_1.StaCubic\ZAAINE_ZHNSAE-L2-7SA6.ElmRelay\Voltage.ElmRelay\Voltage Trip.RelLogic,1,SANTO DOMINGO,CENTRAL,CENTRAL 138 kV,ZIAANE,Voltage Trip
Close Logic,\VM-PF.IntUser\PDD 31-12-2024.IntPrj\Network Model.IntPrjfolder\Network Data.IntPrjfolder\CENTRAL 138 kV.ElmNet\ZIAANE.ElmSubstat\2.ElmTerm\Cub_1.StaCubic\ZAAINE_ZHNSAE-L2-7SA6.ElmRelay\Close Logic.RelLogic,1,SANTO DOMINGO,CENTRAL,CENTRAL 138 kV,ZIAANE,Close Logic
Closing Logic,\VM-PF.IntUser\PDD 31-12-2024.IntPrj\Network Model.IntPrjfolder\Network Data.IntPrjfolder\CENTRAL 138 kV.ElmNet\ZIAANE.ElmSubstat\2.ElmTerm\Cub_1.StaCubic\ZAAINE_ZHNSAE-L2-7SD52.ElmRelay\Distance/Overcurrent/Voltage.ElmRelay\Closing Logic.RelLogic,1,SANTO DOMINGO,CENTRAL,CENTRAL 138 kV,ZIAANE,Closing Logic
U0 Trip,\VM-PF.IntUser\PDD 31-12-2024.IntPrj\Network Model.IntPrjfolder\Network Data.IntPrjfolder\CENTRAL 138 kV.ElmNet\ZIAANE.ElmSubstat\3.ElmTerm\Cub_1.StaCubic\ZAAINE_ZHNSAE-L1-7SA6.ElmRelay\Earthfault.ElmRelay\U0 Trip.RelLogic,1,SANTO DOMINGO,CENTRAL,CENTRAL 138 kV,ZIAANE,U0 Trip
Earthfault Trip,\VM-PF.IntUser\PDD 31-12-2024.IntPrj\Network Model.IntPrjfolder\Network Data.IntPrjfolder\CENTRAL 138 kV.ElmNet\ZIAANE.ElmSubstat\3.ElmTerm\Cub_1.StaCubic\ZAAINE_ZHNSAE-L1-7SA6.ElmRelay\Earthfault.ElmRelay\Earthfault Trip.RelLogic,1,SANTO DOMINGO,CENTRAL,CENTRAL 138 kV,ZIAANE,Earthfault Trip
Voltage Trip,\VM-PF.IntUser\PDD 31-12-2024.IntPrj\Network Model.IntPrjfolder\Network Data.IntPrjfolder\CENTRAL 138 kV.ElmNet\ZIAANE.ElmSubstat\3.ElmTerm\Cub_1.StaCubic\ZAAINE_ZHNSAE-L1-7SA6.ElmRelay\Voltage.ElmRelay\Voltage Trip.RelLogic,1,SANTO DOMINGO,CENTRAL,CENTRAL 138 kV,ZIAANE,Voltage Trip
Close Logic,\VM-PF.IntUser\PDD 31-12-2024.IntPrj\Network Model.IntPrjfolder\Network Data.IntPrjfolder\CENTRAL 138 kV.ElmNet\ZIAANE.ElmSubstat\3.ElmTerm\Cub_1.StaCubic\ZAAINE_ZHNSAE-L1-7SA6.ElmRelay\Close Logic.RelLogic,1,SANTO DOMINGO,CENTRAL,CENTRAL 138 kV,ZIAANE,Close Logic
Closing Logic,\VM-PF.IntUser\PDD 31-12-2024.IntPrj\Network Model.IntPrjfolder\Network Data.IntPrjfolder\CENTRAL 138 kV.ElmNet\ZIAANE.ElmSubstat\3.ElmTerm\Cub_1.StaCubic\ZAAINE_ZHNSAE-L1-7SD52.ElmRelay\Distance/Overcurrent/Voltage.ElmRelay\Closing Logic.RelLogic,1,SANTO DOMINGO,CENTRAL,CENTRAL 138 kV,ZIAANE,Closing Logic
U0 Trip,\VM-PF.IntUser\PDD 31-12-2024.IntPrj\Network Model.IntPrjfolder\Network Data.IntPrjfolder\CENTRAL 138 kV.ElmNet\ZIAANE.ElmSubstat\4.ElmTerm\Cub_1.StaCubic\ZAAINE_ZHNSAE-L1-7SA6.ElmRelay\Earthfault.ElmRelay\U0 Trip.RelLogic,1,SANTO DOMINGO,CENTRAL,CENTRAL 138 kV,ZIAANE,U0 Trip
Earthfault Trip,\VM-PF.IntUser\PDD 31-12-2024.IntPrj\Network Model.IntPrjfolder\Network Data.IntPrjfolder\CENTRAL 138 kV.ElmNet\ZIAANE.ElmSubstat\4.ElmTerm\Cub_1.StaCubic\ZAAINE_ZHNSAE-L1-7SA6.ElmRelay\Earthfault.ElmRelay\Earthfault Trip.RelLogic,1,SANTO DOMINGO,CENTRAL,CENTRAL 138 kV,ZIAANE,Earthfault Trip
Voltage Trip,\VM-PF.IntUser\PDD 31-12-2024.IntPrj\Network Model.IntPrjfolder\Network Data.IntPrjfolder\CENTRAL 138 kV.ElmNet\ZIAANE.ElmSubstat\4.ElmTerm\Cub_1.StaCubic\ZAAINE_ZHNSAE-L1-7SA6.ElmRelay\Voltage.ElmRelay\Voltage Trip.RelLogic,1,SANTO DOMINGO,CENTRAL,CENTRAL 138 kV,ZIAANE,Voltage Trip
Close Logic,\VM-PF.IntUser\PDD 31-12-2024.IntPrj\Network Model.IntPrjfolder\Network Data.IntPrjfolder\CENTRAL 138 kV.ElmNet\ZIAANE.ElmSubstat\4.ElmTerm\Cub_1.StaCubic\ZAAINE_ZHNSAE-L1-7SA6.ElmRelay\Close Logic.RelLogic,1,SANTO DOMINGO,CENTRAL,CENTRAL 138 kV,ZIAANE,Close Logic
Closing Logic,\VM-PF.IntUser\PDD 31-12-2024.IntPrj\Network Model.IntPrjfolder\Network Data.IntPrjfolder\CENTRAL 138 kV.ElmNet\ZIAANE.ElmSubstat\4.ElmTerm\Cub_1.StaCubic\ZAAINE_ZHNSAE-L1-7SD52.ElmRelay\Distance/Overcurrent/Voltage.ElmRelay\Closing Logic.RelLogic,1,SANTO DOMINGO,CENTRAL,CENTRAL 138 kV,ZIAANE,Closing Logic
U0 Trip,\VM-PF.IntUser\PDD 31-12-2024.IntPrj\Network Model.IntPrjfolder\Network Data.IntPrjfolder\CENTRAL 138 kV.ElmNet\ZIAANE.ElmSubstat\5.ElmTerm\Cub_1.StaCubic\ZAAINE_ZCLUIE-L1-7SA6.ElmRelay\Earthfault.ElmRelay\U0 Trip.RelLogic,1,SANTO DOMINGO,CENTRAL,CENTRAL 138 kV,ZIAANE,U0 Trip
Earthfault Trip,\VM-PF.IntUser\PDD 31-12-2024.IntPrj\Network Model.IntPrjfolder\Network Data.IntPrjfolder\CENTRAL 138 kV.ElmNet\ZIAANE.ElmSubstat\5.ElmTerm\Cub_1.StaCubic\ZAAINE_ZCLUIE-L1-7SA6.ElmRelay\Earthfault.ElmRelay\Earthfault Trip.RelLogic,1,SANTO DOMINGO,CENTRAL,CENTRAL 138 kV,ZIAANE,Earthfault Trip
Voltage Trip,\VM-PF.IntUser\PDD 31-12-2024.IntPrj\Network Model.IntPrjfolder\Network Data.IntPrjfolder\CENTRAL 138 kV.ElmNet\ZIAANE.ElmSubstat\5.ElmTerm\Cub_1.StaCubic\ZAAINE_ZCLUIE-L1-7SA6.ElmRelay\Voltage.ElmRelay\Voltage Trip.RelLogic,1,SANTO DOMINGO,CENTRAL,CENTRAL 138 kV,ZIAANE,Voltage Trip
Close Logic,\VM-PF.IntUser\PDD 31-12-2024.IntPrj\Network Model.IntPrjfolder\Network Data.IntPrjfolder\CENTRAL 138 kV.ElmNet\ZIAANE.ElmSubstat\5.ElmTerm\Cub_1.StaCubic\ZAAINE_ZCLUIE-L1-7SA6.ElmRelay\Close Logic.RelLogic,1,SANTO DOMINGO,CENTRAL,CENTRAL 138 kV,ZIAANE,Close Logic
Closing Logic,\VM-PF.IntUser\PDD 31-12-2024.IntPrj\Network Model.IntPrjfolder\Network Data.IntPrjfolder\CENTRAL 138 kV.ElmNet\ZIAANE.ElmSubstat\5.ElmTerm\Cub_1.StaCubic\ZAAINE_ZCLUIE-L1-7SD52.ElmRelay\Distance/Overcurrent/Voltage.ElmRelay\Closing Logic.RelLogic,1,SANTO DOMINGO,CENTRAL,CENTRAL 138 kV,ZIAANE,Closing Logic
U0 Trip,\VM-PF.IntUser\PDD 31-12-2024.IntPrj\Network Model.IntPrjfolder\Network Data.IntPrjfolder\CENTRAL 138 kV.ElmNet\ZLPRAE.ElmSubstat\1.ElmTerm\Cub_1.StaCubic\ZLPRAE_ZEMBAE-L1-7SA6.ElmRelay\Earthfault.ElmRelay\U0 Trip.RelLogic,1,DISTRITO NACIONAL,CENTRAL,CENTRAL 138 kV,ZLPRAE,U0 Trip
Earthfault Trip,\VM-PF.IntUser\PDD 31-12-2024.IntPrj\Network Model.IntPrjfolder\Network Data.IntPrjfolder\CENTRAL 138 kV.ElmNet\ZLPRAE.ElmSubstat\1.ElmTerm\Cub_1.StaCubic\ZLPRAE_ZEMBAE-L1-7SA6.ElmRelay\Earthfault.ElmRelay\Earthfault Trip.RelLogic,1,DISTRITO NACIONAL,CENTRAL,CENTRAL 138 kV,ZLPRAE,Earthfault Trip
Voltage Trip,\VM-PF.IntUser\PDD 31-12-2024.IntPrj\Network Model.IntPrjfolder\Network Data.IntPrjfolder\CENTRAL 138 kV.ElmNet\ZLPRAE.ElmSubstat\1.ElmTerm\Cub_1.StaCubic\ZLPRAE_ZEMBAE-L1-7SA6.ElmRelay\Voltage.ElmRelay\Voltage Trip.RelLogic,1,DISTRITO NACIONAL,CENTRAL,CENTRAL 138 kV,ZLPRAE,Voltage Trip
Close Logic,\VM-PF.IntUser\PDD 31-12-2024.IntPrj\Network Model.IntPrjfolder\Network Data.IntPrjfolder\CENTRAL 138 kV.ElmNet\ZLPRAE.ElmSubstat\1.ElmTerm\Cub_1.StaCubic\ZLPRAE_ZEMBAE-L1-7SA6.ElmRelay\Close Logic.RelLogic,1,DISTRITO NACIONAL,CENTRAL,CENTRAL 138 kV,ZLPRAE,Close Logic
U0 Trip,\VM-PF.IntUser\PDD 31-12-2024.IntPrj\Network Model.IntPrjfolder\Network Data.IntPrjfolder\CENTRAL 138 kV.ElmNet\ZLPRAE.ElmSubstat\3.ElmTerm\Cub_1.StaCubic\ZLPRAE_ZHERRE-L1-7SA6.ElmRelay\Earthfault.ElmRelay\U0 Trip.RelLogic,1,DISTRITO NACIONAL,CENTRAL,CENTRAL 138 kV,ZLPRAE,U0 Trip
Earthfault Trip,\VM-PF.IntUser\PDD 31-12-2024.IntPrj\Network Model.IntPrjfolder\Network Data.IntPrjfolder\CENTRAL 138 kV.ElmNet\ZLPRAE.ElmSubstat\3.ElmTerm\Cub_1.StaCubic\ZLPRAE_ZHERRE-L1-7SA6.ElmRelay\Earthfault.ElmRelay\Earthfault Trip.RelLogic,1,DISTRITO NACIONAL,CENTRAL,CENTRAL 138 kV,ZLPRAE,Earthfault Trip
Voltage Trip,\VM-PF.IntUser\PDD 31-12-2024.IntPrj\Network Model.IntPrjfolder\Network Data.IntPrjfolder\CENTRAL 138 kV.ElmNet\ZLPRAE.ElmSubstat\3.ElmTerm\Cub_1.StaCubic\ZLPRAE_ZHERRE-L1-7SA6.ElmRelay\Voltage.ElmRelay\Voltage Trip.RelLogic,1,DISTRITO NACIONAL,CENTRAL,CENTRAL 138 kV,ZLPRAE,Voltage Trip
Close Logic,\VM-PF.IntUser\PDD 31-12-2024.IntPrj\Network Model.IntPrjfolder\Network Data.IntPrjfolder\CENTRAL 138 kV.ElmNet\ZLPRAE.ElmSubstat\3.ElmTerm\Cub_1.StaCubic\ZLPRAE_ZHERRE-L1-7SA6.ElmRelay\Close Logic.RelLogic,1,DISTRITO NACIONAL,CENTRAL,CENTRAL 138 kV,ZLPRAE,Close Logic
U0 Trip,\VM-PF.IntUser\PDD 31-12-2024.IntPrj\Network Model.IntPrjfolder\Network Data.IntPrjfolder\CENTRAL 138 kV.ElmNet\ZLPRAE.ElmSubstat\2.ElmTerm\Cub_1.StaCubic\ZLPRAE_WITA2E-L1-7SA6.ElmRelay\Earthfault.ElmRelay\U0 Trip.RelLogic,1,DISTRITO NACIONAL,CENTRAL,CENTRAL 138 kV,ZLPRAE,U0 Trip
Earthfault Trip,\VM-PF.IntUser\PDD 31-12-2024.IntPrj\Network Model.IntPrjfolder\Network Data.IntPrjfolder\CENTRAL 138 kV.ElmNet\ZLPRAE.ElmSubstat\2.ElmTerm\Cub_1.StaCubic\ZLPRAE_WITA2E-L1-7SA6.ElmRelay\Earthfault.ElmRelay\Earthfault Trip.RelLogic,1,DISTRITO NACIONAL,CENTRAL,CENTRAL 138 kV,ZLPRAE,Earthfault Trip
Voltage Trip,\VM-PF.IntUser\PDD 31-12-2024.IntPrj\Network Model.IntPrjfolder\Network Data.IntPrjfolder\CENTRAL 138 kV.ElmNet\ZLPRAE.ElmSubstat\2.ElmTerm\Cub_1.StaCubic\ZLPRAE_WITA2E-L1-7SA6.ElmRelay\Voltage.ElmRelay\Voltage Trip.RelLogic,1,DISTRITO NACIONAL,CENTRAL,CENTRAL 138 kV,ZLPRAE,Voltage Trip
Close Logic,\VM-PF.IntUser\PDD 31-12-2024.IntPrj\Network Model.IntPrjfolder\Network Data.IntPrjfolder\CENTRAL 138 kV.ElmNet\ZLPRAE.ElmSubstat\2.ElmTerm\Cub_1.StaCubic\ZLPRAE_WITA2E-L1-7SA6.ElmRelay\Close Logic.RelLogic,1,DISTRITO NACIONAL,CENTRAL,CENTRAL 138 kV,ZLPRAE,Close Logic
Ioc Output Logic,\VM-PF.IntUser\PDD 31-12-2024.IntPrj\Network Model.IntPrjfolder\Network Data.IntPrjfolder\CENTRAL 138 kV.ElmNet\ZUASDE.ElmSubstat\L1.ElmTerm\Cub_1.StaCubic\ZUASDE_ZCNPEE-L1-REL316-87L.ElmRelay\IOC.ElmRelay\Ioc Output Logic.RelLogic,1,DISTRITO NACIONAL,CENTRAL,CENTRAL 138 kV,ZUASDE,Ioc Output Logic
Toc Output Logic,\VM-PF.IntUser\PDD 31-12-2024.IntPrj\Network Model.IntPrjfolder\Network Data.IntPrjfolder\CENTRAL 138 kV.ElmNet\ZUASDE.ElmSubstat\L1.ElmTerm\Cub_1.StaCubic\ZUASDE_ZCNPEE-L1-REL316-87L.ElmRelay\TOC.ElmRelay\Toc Output Logic.RelLogic,1,DISTRITO NACIONAL,CENTRAL,CENTRAL 138 kV,ZUASDE,Toc Output Logic
Toc2 Internal Output Logic,\VM-PF.IntUser\PDD 31-12-2024.IntPrj\Network Model.IntPrjfolder\Network Data.IntPrjfolder\CENTRAL 138 kV.ElmNet\ZUASDE.ElmSubstat\L1.ElmTerm\Cub_1.StaCubic\ZUASDE_ZCNPEE-L1-REL316-87L.ElmRelay\TOC2.ElmRelay\Toc2 Internal Output Logic.RelLogic,1,DISTRITO NACIONAL,CENTRAL,CENTRAL 138 kV,ZUASDE,Toc2 Internal Output Logic
Toc2 Output Logic,\VM-PF.IntUser\PDD 31-12-2024.IntPrj\Network Model.IntPrjfolder\Network Data.IntPrjfolder\CENTRAL 138 kV.ElmNet\ZUASDE.ElmSubstat\L1.ElmTerm\Cub_1.StaCubic\ZUASDE_ZCNPEE-L1-REL316-87L.ElmRelay\TOC2.ElmRelay\Toc2 Output Logic.RelLogic,1,DISTRITO NACIONAL,CENTRAL,CENTRAL 138 kV,ZUASDE,Toc2 Output Logic
Toc3 Internal Output Logic,\VM-PF.IntUser\PDD 31-12-2024.IntPrj\Network Model.IntPrjfolder\Network Data.IntPrjfolder\CENTRAL 138 kV.ElmNet\ZUASDE.ElmSubstat\L1.ElmTerm\Cub_1.StaCubic\ZUASDE_ZCNPEE-L1-REL316-87L.ElmRelay\TOC3.ElmRelay\Toc3 Internal Output Logic.RelLogic,1,DISTRITO NACIONAL,CENTRAL,CENTRAL 138 kV,ZUASDE,Toc3 Internal Output Logic
Toc3 Output Logic,\VM-PF.IntUser\PDD 31-12-2024.IntPrj\Network Model.IntPrjfolder\Network Data.IntPrjfolder\CENTRAL 138 kV.ElmNet\ZUASDE.ElmSubstat\L1.ElmTerm\Cub_1.StaCubic\ZUASDE_ZCNPEE-L1-REL316-87L.ElmRelay\TOC3.ElmRelay\Toc3 Output Logic.RelLogic,1,DISTRITO NACIONAL,CENTRAL,CENTRAL 138 kV,ZUASDE,Toc3 Output Logic
TEF Internal Output Logic,\VM-PF.IntUser\PDD 31-12-2024.IntPrj\Network Model.IntPrjfolder\Network Data.IntPrjfolder\CENTRAL 138 kV.ElmNet\ZUASDE.ElmSubstat\L1.ElmTerm\Cub_1.StaCubic\ZUASDE_ZCNPEE-L1-REL316-87L.ElmRelay\TEF.ElmRelay\TEF Internal Output Logic.RelLogic,1,DISTRITO NACIONAL,CENTRAL,CENTRAL 138 kV,ZUASDE,TEF Internal Output Logic
EF4 Output Logic,\VM-PF.IntUser\PDD 31-12-2024.IntPrj\Network Model.IntPrjfolder\Network Data.IntPrjfolder\CENTRAL 138 kV.ElmNet\ZUASDE.ElmSubstat\L1.ElmTerm\Cub_1.StaCubic\ZUASDE_ZCNPEE-L1-REL316-87L.ElmRelay\EF4.ElmRelay\EF4 Output Logic.RelLogic,1,DISTRITO NACIONAL,CENTRAL,CENTRAL 138 kV,ZUASDE,EF4 Output Logic
EF4 Step4 Internal Output Logic,\VM-PF.IntUser\PDD 31-12-2024.IntPrj\Network Model.IntPrjfolder\Network Data.IntPrjfolder\CENTRAL 138 kV.ElmNet\ZUASDE.ElmSubstat\L1.ElmTerm\Cub_1.StaCubic\ZUASDE_ZCNPEE-L1-REL316-87L.ElmRelay\EF4.ElmRelay\EF4 Step4 Internal Output Logic.RelLogic,1,DISTRITO NACIONAL,CENTRAL,CENTRAL 138 kV,ZUASDE,EF4 Step4 Internal Output Logic
Voltage Output Logic,\VM-PF.IntUser\PDD 31-12-2024.IntPrj\Network Model.IntPrjfolder\Network Data.IntPrjfolder\CENTRAL 138 kV.ElmNet\ZUASDE.ElmSubstat\L1.ElmTerm\Cub_1.StaCubic\ZUASDE_ZCNPEE-L1-REL316-87L.ElmRelay\Voltage.ElmRelay\Voltage Output Logic.RelLogic,1,DISTRITO NACIONAL,CENTRAL,CENTRAL 138 kV,ZUASDE,Voltage Output Logic
Ioc Output Logic,\VM-PF.IntUser\PDD 31-12-2024.IntPrj\Network Model.IntPrjfolder\Network Data.IntPrjfolder\CENTRAL 138 kV.ElmNet\ZUASDE.ElmSubstat\L1.ElmTerm\Cub_1.StaCubic\ZUASDE_ZCNPEE-L1-REL316.ElmRelay\IOC.ElmRelay\Ioc Output Logic.RelLogic,1,DISTRITO NACIONAL,CENTRAL,CENTRAL 138 kV,ZUASDE,Ioc Output Logic
Toc Output Logic,\VM-PF.IntUser\PDD 31-12-2024.IntPrj\Network Model.IntPrjfolder\Network Data.IntPrjfolder\CENTRAL 138 kV.ElmNet\ZUASDE.ElmSubstat\L1.ElmTerm\Cub_1.StaCubic\ZUASDE_ZCNPEE-L1-REL316.ElmRelay\TOC.ElmRelay\Toc Output Logic.RelLogic,1,DISTRITO NACIONAL,CENTRAL,CENTRAL 138 kV,ZUASDE,Toc Output Logic
Toc2 Internal Output Logic,\VM-PF.IntUser\PDD 31-12-2024.IntPrj\Network Model.IntPrjfolder\Network Data.IntPrjfolder\CENTRAL 138 kV.ElmNet\ZUASDE.ElmSubstat\L1.ElmTerm\Cub_1.StaCubic\ZUASDE_ZCNPEE-L1-REL316.ElmRelay\TOC2.ElmRelay\Toc2 Internal Output Logic.RelLogic,1,DISTRITO NACIONAL,CENTRAL,CENTRAL 138 kV,ZUASDE,Toc2 Internal Output Logic
Toc2 Output Logic,\VM-PF.IntUser\PDD 31-12-2024.IntPrj\Network Model.IntPrjfolder\Network Data.IntPrjfolder\CENTRAL 138 kV.ElmNet\ZUASDE.ElmSubstat\L1.ElmTerm\Cub_1.StaCubic\ZUASDE_ZCNPEE-L1-REL316.ElmRelay\TOC2.ElmRelay\Toc2 Output Logic.RelLogic,1,DISTRITO NACIONAL,CENTRAL,CENTRAL 138 kV,ZUASDE,Toc2 Output Logic
Toc3 Internal Output Logic,\VM-PF.IntUser\PDD 31-12-2024.IntPrj\Network Model.IntPrjfolder\Network Data.IntPrjfolder\CENTRAL 138 kV.ElmNet\ZUASDE.ElmSubstat\L1.ElmTerm\Cub_1.StaCubic\ZUASDE_ZCNPEE-L1-REL316.ElmRelay\TOC3.ElmRelay\Toc3 Internal Output Logic.RelLogic,1,DISTRITO NACIONAL,CENTRAL,CENTRAL 138 kV,ZUASDE,Toc3 Internal Output Logic
Toc3 Output Logic,\VM-PF.IntUser\PDD 31-12-2024.IntPrj\Network Model.IntPrjfolder\Network Data.IntPrjfolder\CENTRAL 138 kV.ElmNet\ZUASDE.ElmSubstat\L1.ElmTerm\Cub_1.StaCubic\ZUASDE_ZCNPEE-L1-REL316.ElmRelay\TOC3.ElmRelay\Toc3 Output Logic.RelLogic,1,DISTRITO NACIONAL,CENTRAL,CENTRAL 138 kV,ZUASDE,Toc3 Output Logic
TEF Internal Output Logic,\VM-PF.IntUser\PDD 31-12-2024.IntPrj\Network Model.IntPrjfolder\Network Data.IntPrjfolder\CENTRAL 138 kV.ElmNet\ZUASDE.ElmSubstat\L1.ElmTerm\Cub_1.StaCubic\ZUASDE_ZCNPEE-L1-REL316.ElmRelay\TEF.ElmRelay\TEF Internal Output Logic.RelLogic,1,DISTRITO NACIONAL,CENTRAL,CENTRAL 138 kV,ZUASDE,TEF Internal Output Logic
EF4 Output Logic,\VM-PF.IntUser\PDD 31-12-2024.IntPrj\Network Model.IntPrjfolder\Network Data.IntPrjfolder\CENTRAL 138 kV.ElmNet\ZUASDE.ElmSubstat\L1.ElmTerm\Cub_1.StaCubic\ZUASDE_ZCNPEE-L1-REL316.ElmRelay\EF4.ElmRelay\EF4 Output Logic.RelLogic,1,DISTRITO NACIONAL,CENTRAL,CENTRAL 138 kV,ZUASDE,EF4 Output Logic
EF4 Step4 Internal Output Logic,\VM-PF.IntUser\PDD 31-12-2024.IntPrj\Network Model.IntPrjfolder\Network Data.IntPrjfolder\CENTRAL 138 kV.ElmNet\ZUASDE.ElmSubstat\L1.ElmTerm\Cub_1.StaCubic\ZUASDE_ZCNPEE-L1-REL316.ElmRelay\EF4.ElmRelay\EF4 Step4 Internal Output Logic.RelLogic,1,DISTRITO NACIONAL,CENTRAL,CENTRAL 138 kV,ZUASDE,EF4 Step4 Internal Output Logic
Voltage Output Logic,\VM-PF.IntUser\PDD 31-12-2024.IntPrj\Network Model.IntPrjfolder\Network Data.IntPrjfolder\CENTRAL 138 kV.ElmNet\ZUASDE.ElmSubstat\L1.ElmTerm\Cub_1.StaCubic\ZUASDE_ZCNPEE-L1-REL316.ElmRelay\Voltage.ElmRelay\Voltage Output Logic.RelLogic,1,DISTRITO NACIONAL,CENTRAL,CENTRAL 138 kV,ZUASDE,Voltage Output Logic
Ioc Output Logic,\VM-PF.IntUser\PDD 31-12-2024.IntPrj\Network Model.IntPrjfolder\Network Data.IntPrjfolder\CENTRAL 138 kV.ElmNet\ZUASDE.ElmSubstat\R1.ElmTerm\Cub_1.StaCubic\ZUASDE_ZMATBE-L1-REL316-87L.ElmRelay\IOC.ElmRelay\Ioc Output Logic.RelLogic,1,DISTRITO NACIONAL,CENTRAL,CENTRAL 138 kV,ZUASDE,Ioc Output Logic
Toc Output Logic,\VM-PF.IntUser\PDD 31-12-2024.IntPrj\Network Model.IntPrjfolder\Network Data.IntPrjfolder\CENTRAL 138 kV.ElmNet\ZUASDE.ElmSubstat\R1.ElmTerm\Cub_1.StaCubic\ZUASDE_ZMATBE-L1-REL316-87L.ElmRelay\TOC.ElmRelay\Toc Output Logic.RelLogic,1,DISTRITO NACIONAL,CENTRAL,CENTRAL 138 kV,ZUASDE,Toc Output Logic
Toc2 Internal Output Logic,\VM-PF.IntUser\PDD 31-12-2024.IntPrj\Network Model.IntPrjfolder\Network Data.IntPrjfolder\CENTRAL 138 kV.ElmNet\ZUASDE.ElmSubstat\R1.ElmTerm\Cub_1.StaCubic\ZUASDE_ZMATBE-L1-REL316-87L.ElmRelay\TOC2.ElmRelay\Toc2 Internal Output Logic.RelLogic,1,DISTRITO NACIONAL,CENTRAL,CENTRAL 138 kV,ZUASDE,Toc2 Internal Output Logic
Toc2 Output Logic,\VM-PF.IntUser\PDD 31-12-2024.IntPrj\Network Model.IntPrjfolder\Network Data.IntPrjfolder\CENTRAL 138 kV.ElmNet\ZUASDE.ElmSubstat\R1.ElmTerm\Cub_1.StaCubic\ZUASDE_ZMATBE-L1-REL316-87L.ElmRelay\TOC2.ElmRelay\Toc2 Output Logic.RelLogic,1,DISTRITO NACIONAL,CENTRAL,CENTRAL 138 kV,ZUASDE,Toc2 Output Logic
Toc3 Internal Output Logic,\VM-PF.IntUser\PDD 31-12-2024.IntPrj\Network Model.IntPrjfolder\Network Data.IntPrjfolder\CENTRAL 138 kV.ElmNet\ZUASDE.ElmSubstat\R1.ElmTerm\Cub_1.StaCubic\ZUASDE_ZMATBE-L1-REL316-87L.ElmRelay\TOC3.ElmRelay\Toc3 Internal Output Logic.RelLogic,1,DISTRITO NACIONAL,CENTRAL,CENTRAL 138 kV,ZUASDE,Toc3 Internal Output Logic
Toc3 Output Logic,\VM-PF.IntUser\PDD 31-12-2024.IntPrj\Network Model.IntPrjfolder\Network Data.IntPrjfolder\CENTRAL 138 kV.ElmNet\ZUASDE.ElmSubstat\R1.ElmTerm\Cub_1.StaCubic\ZUASDE_ZMATBE-L1-REL316-87L.ElmRelay\TOC3.ElmRelay\Toc3 Output Logic.RelLogic,1,DISTRITO NACIONAL,CENTRAL,CENTRAL 138 kV,ZUASDE,Toc3 Output Logic
TEF Internal Output Logic,\VM-PF.IntUser\PDD 31-12-2024.IntPrj\Network Model.IntPrjfolder\Network Data.IntPrjfolder\CENTRAL 138 kV.ElmNet\ZUASDE.ElmSubstat\R1.ElmTerm\Cub_1.StaCubic\ZUASDE_ZMATBE-L1-REL316-87L.ElmRelay\TEF.ElmRelay\TEF Internal Output Logic.RelLogic,1,DISTRITO NACIONAL,CENTRAL,CENTRAL 138 kV,ZUASDE,TEF Internal Output Logic
EF4 Output Logic,\VM-PF.IntUser\PDD 31-12-2024.IntPrj\Network Model.IntPrjfolder\Network Data.IntPrjfolder\CENTRAL 138 kV.ElmNet\ZUASDE.ElmSubstat\R1.ElmTerm\Cub_1.StaCubic\ZUASDE_ZMATBE-L1-REL316-87L.ElmRelay\EF4.ElmRelay\EF4 Output Logic.RelLogic,1,DISTRITO NACIONAL,CENTRAL,CENTRAL 138 kV,ZUASDE,EF4 Output Logic
EF4 Step4 Internal Output Logic,\VM-PF.IntUser\PDD 31-12-2024.IntPrj\Network Model.IntPrjfolder\Network Data.IntPrjfolder\CENTRAL 138 kV.ElmNet\ZUASDE.ElmSubstat\R1.ElmTerm\Cub_1.StaCubic\ZUASDE_ZMATBE-L1-REL316-87L.ElmRelay\EF4.ElmRelay\EF4 Step4 Internal Output Logic.RelLogic,1,DISTRITO NACIONAL,CENTRAL,CENTRAL 138 kV,ZUASDE,EF4 Step4 Internal Output Logic
Voltage Output Logic,\VM-PF.IntUser\PDD 31-12-2024.IntPrj\Network Model.IntPrjfolder\Network Data.IntPrjfolder\CENTRAL 138 kV.ElmNet\ZUASDE.ElmSubstat\R1.ElmTerm\Cub_1.StaCubic\ZUASDE_ZMATBE-L1-REL316-87L.ElmRelay\Voltage.ElmRelay\Voltage Output Logic.RelLogic,1,DISTRITO NACIONAL,CENTRAL,CENTRAL 138 kV,ZUASDE,Voltage Output Logic
Ioc Output Logic,\VM-PF.IntUser\PDD 31-12-2024.IntPrj\Network Model.IntPrjfolder\Network Data.IntPrjfolder\CENTRAL 138 kV.ElmNet\ZUASDE.ElmSubstat\R1.ElmTerm\Cub_1.StaCubic\ZUASDE_ZMATBE-L1-REL316.ElmRelay\IOC.ElmRelay\Ioc Output Logic.RelLogic,1,DISTRITO NACIONAL,CENTRAL,CENTRAL 138 kV,ZUASDE,Ioc Output Logic
Toc Output Logic,\VM-PF.IntUser\PDD 31-12-2024.IntPrj\Network Model.IntPrjfolder\Network Data.IntPrjfolder\CENTRAL 138 kV.ElmNet\ZUASDE.ElmSubstat\R1.ElmTerm\Cub_1.StaCubic\ZUASDE_ZMATBE-L1-REL316.ElmRelay\TOC.ElmRelay\Toc Output Logic.RelLogic,1,DISTRITO NACIONAL,CENTRAL,CENTRAL 138 kV,ZUASDE,Toc Output Logic
Toc2 Internal Output Logic,\VM-PF.IntUser\PDD 31-12-2024.IntPrj\Network Model.IntPrjfolder\Network Data.IntPrjfolder\CENTRAL 138 kV.ElmNet\ZUASDE.ElmSubstat\R1.ElmTerm\Cub_1.StaCubic\ZUASDE_ZMATBE-L1-REL316.ElmRelay\TOC2.ElmRelay\Toc2 Internal Output Logic.RelLogic,1,DISTRITO NACIONAL,CENTRAL,CENTRAL 138 kV,ZUASDE,Toc2 Internal Output Logic
Toc2 Output Logic,\VM-PF.IntUser\PDD 31-12-2024.IntPrj\Network Model.IntPrjfolder\Network Data.IntPrjfolder\CENTRAL 138 kV.ElmNet\ZUASDE.ElmSubstat\R1.ElmTerm\Cub_1.StaCubic\ZUASDE_ZMATBE-L1-REL316.ElmRelay\TOC2.ElmRelay\Toc2 Output Logic.RelLogic,1,DISTRITO NACIONAL,CENTRAL,CENTRAL 138 kV,ZUASDE,Toc2 Output Logic
Toc3 Internal Output Logic,\VM-PF.IntUser\PDD 31-12-2024.IntPrj\Network Model.IntPrjfolder\Network Data.IntPrjfolder\CENTRAL 138 kV.ElmNet\ZUASDE.ElmSubstat\R1.ElmTerm\Cub_1.StaCubic\ZUASDE_ZMATBE-L1-REL316.ElmRelay\TOC3.ElmRelay\Toc3 Internal Output Logic.RelLogic,1,DISTRITO NACIONAL,CENTRAL,CENTRAL 138 kV,ZUASDE,Toc3 Internal Output Logic
Toc3 Output Logic,\VM-PF.IntUser\PDD 31-12-2024.IntPrj\Network Model.IntPrjfolder\Network Data.IntPrjfolder\CENTRAL 138 kV.ElmNet\ZUASDE.ElmSubstat\R1.ElmTerm\Cub_1.StaCubic\ZUASDE_ZMATBE-L1-REL316.ElmRelay\TOC3.ElmRelay\Toc3 Output Logic.RelLogic,1,DISTRITO NACIONAL,CENTRAL,CENTRAL 138 kV,ZUASDE,Toc3 Output Logic
TEF Internal Output Logic,\VM-PF.IntUser\PDD 31-12-2024.IntPrj\Network Model.IntPrjfolder\Network Data.IntPrjfolder\CENTRAL 138 kV.ElmNet\ZUASDE.ElmSubstat\R1.ElmTerm\Cub_1.StaCubic\ZUASDE_ZMATBE-L1-REL316.ElmRelay\TEF.ElmRelay\TEF Internal Output Logic.RelLogic,1,DISTRITO NACIONAL,CENTRAL,CENTRAL 138 kV,ZUASDE,TEF Internal Output Logic
EF4 Output Logic,\VM-PF.IntUser\PDD 31-12-2024.IntPrj\Network Model.IntPrjfolder\Network Data.IntPrjfolder\CENTRAL 138 kV.ElmNet\ZUASDE.ElmSubstat\R1.ElmTerm\Cub_1.StaCubic\ZUASDE_ZMATBE-L1-REL316.ElmRelay\EF4.ElmRelay\EF4 Output Logic.RelLogic,1,DISTRITO NACIONAL,CENTRAL,CENTRAL 138 kV,ZUASDE,EF4 Output Logic
EF4 Step4 Internal Output Logic,\VM-PF.IntUser\PDD 31-12-2024.IntPrj\Network Model.IntPrjfolder\Network Data.IntPrjfolder\CENTRAL 138 kV.ElmNet\ZUASDE.ElmSubstat\R1.ElmTerm\Cub_1.StaCubic\ZUASDE_ZMATBE-L1-REL316.ElmRelay\EF4.ElmRelay\EF4 Step4 Internal Output Logic.RelLogic,1,DISTRITO NACIONAL,CENTRAL,CENTRAL 138 kV,ZUASDE,EF4 Step4 Internal Output Logic
Voltage Output Logic,\VM-PF.IntUser\PDD 31-12-2024.IntPrj\Network Model.IntPrjfolder\Network Data.IntPrjfolder\CENTRAL 138 kV.ElmNet\ZUASDE.ElmSubstat\R1.ElmTerm\Cub_1.StaCubic\ZUASDE_ZMATBE-L1-REL316.ElmRelay\Voltage.ElmRelay\Voltage Output Logic.RelLogic,1,DISTRITO NACIONAL,CENTRAL,CENTRAL 138 kV,ZUASDE,Voltage Output Logic
Logic Z2G,\VM-PF.IntUser\PDD 31-12-2024.IntPrj\Network Model.IntPrjfolder\Network Data.IntPrjfolder\CENTRAL 138 kV.ElmNet\ZUASDE.ElmSubstat\L2.ElmTerm\Cub_1.StaCubic\ZUASDE_ZITAGE-L1-SEL 411L.ElmRelay\Logic Z2G.RelLogic,1,DISTRITO NACIONAL,CENTRAL,CENTRAL 138 kV,ZUASDE,Logic Z2G
U0 Trip,\VM-PF.IntUser\PDD 31-12-2024.IntPrj\Network Model.IntPrjfolder\Network Data.IntPrjfolder\CENTRAL 138 kV.ElmNet\ZEBRIE.ElmSubstat\2.ElmTerm\Cub_1.StaCubic\ZEBRIE_ZHNSAE-L1-7SA6.ElmRelay\Earthfault.ElmRelay\U0 Trip.RelLogic,1,SANTO DOMINGO,CENTRAL,CENTRAL 138 kV,ZEBRIE,U0 Trip
Earthfault Trip,\VM-PF.IntUser\PDD 31-12-2024.IntPrj\Network Model.IntPrjfolder\Network Data.IntPrjfolder\CENTRAL 138 kV.ElmNet\ZEBRIE.ElmSubstat\2.ElmTerm\Cub_1.StaCubic\ZEBRIE_ZHNSAE-L1-7SA6.ElmRelay\Earthfault.ElmRelay\Earthfault Trip.RelLogic,1,SANTO DOMINGO,CENTRAL,CENTRAL 138 kV,ZEBRIE,Earthfault Trip
Voltage Trip,\VM-PF.IntUser\PDD 31-12-2024.IntPrj\Network Model.IntPrjfolder\Network Data.IntPrjfolder\CENTRAL 138 kV.ElmNet\ZEBRIE.ElmSubstat\2.ElmTerm\Cub_1.StaCubic\ZEBRIE_ZHNSAE-L1-7SA6.ElmRelay\Voltage.ElmRelay\Voltage Trip.RelLogic,1,SANTO DOMINGO,CENTRAL,CENTRAL 138 kV,ZEBRIE,Voltage Trip
Close Logic,\VM-PF.IntUser\PDD 31-12-2024.IntPrj\Network Model.IntPrjfolder\Network Data.IntPrjfolder\CENTRAL 138 kV.ElmNet\ZEBRIE.ElmSubstat\2.ElmTerm\Cub_1.StaCubic\ZEBRIE_ZHNSAE-L1-7SA6.ElmRelay\Close Logic.RelLogic,1,SANTO DOMINGO,CENTRAL,CENTRAL 138 kV,ZEBRIE,Close Logic
U0 Trip,\VM-PF.IntUser\PDD 31-12-2024.IntPrj\Network Model.IntPrjfolder\Network Data.IntPrjfolder\CENTRAL 138 kV.ElmNet\ZEBRIE.ElmSubstat\1.ElmTerm\Cub_1.StaCubic\ZEBRIE_VDU1E-L1-7SA6.ElmRelay\Earthfault.ElmRelay\U0 Trip.RelLogic,1,SANTO DOMINGO,CENTRAL,CENTRAL 138 kV,ZEBRIE,U0 Trip
Earthfault Trip,\VM-PF.IntUser\PDD 31-12-2024.IntPrj\Network Model.IntPrjfolder\Network Data.IntPrjfolder\CENTRAL 138 kV.ElmNet\ZEBRIE.ElmSubstat\1.ElmTerm\Cub_1.StaCubic\ZEBRIE_VDU1E-L1-7SA6.ElmRelay\Earthfault.ElmRelay\Earthfault Trip.RelLogic,1,SANTO DOMINGO,CENTRAL,CENTRAL 138 kV,ZEBRIE,Earthfault Trip
Voltage Trip,\VM-PF.IntUser\PDD 31-12-2024.IntPrj\Network Model.IntPrjfolder\Network Data.IntPrjfolder\CENTRAL 138 kV.ElmNet\ZEBRIE.ElmSubstat\1.ElmTerm\Cub_1.StaCubic\ZEBRIE_VDU1E-L1-7SA6.ElmRelay\Voltage.ElmRelay\Voltage Trip.RelLogic,1,SANTO DOMINGO,CENTRAL,CENTRAL 138 kV,ZEBRIE,Voltage Trip
Close Logic,\VM-PF.IntUser\PDD 31-12-2024.IntPrj\Network Model.IntPrjfolder\Network Data.IntPrjfolder\CENTRAL 138 kV.ElmNet\ZEBRIE.ElmSubstat\1.ElmTerm\Cub_1.StaCubic\ZEBRIE_VDU1E-L1-7SA6.ElmRelay\Close Logic.RelLogic,1,SANTO DOMINGO,CENTRAL,CENTRAL 138 kV,ZEBRIE,Close Logic
Ioc Output Logic,\VM-PF.IntUser\PDD 31-12-2024.IntPrj\Network Model.IntPrjfolder\Network Data.IntPrjfolder\CENTRAL 138 kV.ElmNet\Metropolitano.ElmSite\ZMETRE.ElmSubstat\1.ElmTerm\Cub_1.StaCubic\ZMETRE_ZCNPEE-L1-REL316-87L.ElmRelay\IOC.ElmRelay\Ioc Output Logic.RelLogic,1,DISTRITO NACIONAL,CENTRAL,CENTRAL 138 kV,ZMETRE,Ioc Output Logic
Toc Output Logic,\VM-PF.IntUser\PDD 31-12-2024.IntPrj\Network Model.IntPrjfolder\Network Data.IntPrjfolder\CENTRAL 138 kV.ElmNet\Metropolitano.ElmSite\ZMETRE.ElmSubstat\1.ElmTerm\Cub_1.StaCubic\ZMETRE_ZCNPEE-L1-REL316-87L.ElmRelay\TOC.ElmRelay\Toc Output Logic.RelLogic,1,DISTRITO NACIONAL,CENTRAL,CENTRAL 138 kV,ZMETRE,Toc Output Logic
Toc2 Internal Output Logic,\VM-PF.IntUser\PDD 31-12-2024.IntPrj\Network Model.IntPrjfolder\Network Data.IntPrjfolder\CENTRAL 138 kV.ElmNet\Metropolitano.ElmSite\ZMETRE.ElmSubstat\1.ElmTerm\Cub_1.StaCubic\ZMETRE_ZCNPEE-L1-REL316-87L.ElmRelay\TOC2.ElmRelay\Toc2 Internal Output Logic.RelLogic,1,DISTRITO NACIONAL,CENTRAL,CENTRAL 138 kV,ZMETRE,Toc2 Internal Output Logic
Toc2 Output Logic,\VM-PF.IntUser\PDD 31-12-2024.IntPrj\Network Model.IntPrjfolder\Network Data.IntPrjfolder\CENTRAL 138 kV.ElmNet\Metropolitano.ElmSite\ZMETRE.ElmSubstat\1.ElmTerm\Cub_1.StaCubic\ZMETRE_ZCNPEE-L1-REL316-87L.ElmRelay\TOC2.ElmRelay\Toc2 Output Logic.RelLogic,1,DISTRITO NACIONAL,CENTRAL,CENTRAL 138 kV,ZMETRE,Toc2 Output Logic
Toc3 Internal Output Logic,\VM-PF.IntUser\PDD 31-12-2024.IntPrj\Network Model.IntPrjfolder\Network Data.IntPrjfolder\CENTRAL 138 kV.ElmNet\Metropolitano.ElmSite\ZMETRE.ElmSubstat\1.ElmTerm\Cub_1.StaCubic\ZMETRE_ZCNPEE-L1-REL316-87L.ElmRelay\TOC3.ElmRelay\Toc3 Internal Output Logic.RelLogic,1,DISTRITO NACIONAL,CENTRAL,CENTRAL 138 kV,ZMETRE,Toc3 Internal Output Logic
Toc3 Output Logic,\VM-PF.IntUser\PDD 31-12-2024.IntPrj\Network Model.IntPrjfolder\Network Data.IntPrjfolder\CENTRAL 138 kV.ElmNet\Metropolitano.ElmSite\ZMETRE.ElmSubstat\1.ElmTerm\Cub_1.StaCubic\ZMETRE_ZCNPEE-L1-REL316-87L.ElmRelay\TOC3.ElmRelay\Toc3 Output Logic.RelLogic,1,DISTRITO NACIONAL,CENTRAL,CENTRAL 138 kV,ZMETRE,Toc3 Output Logic
TEF Internal Output Logic,\VM-PF.IntUser\PDD 31-12-2024.IntPrj\Network Model.IntPrjfolder\Network Data.IntPrjfolder\CENTRAL 138 kV.ElmNet\Metropolitano.ElmSite\ZMETRE.ElmSubstat\1.ElmTerm\Cub_1.StaCubic\ZMETRE_ZCNPEE-L1-REL316-87L.ElmRelay\TEF.ElmRelay\TEF Internal Output Logic.RelLogic,1,DISTRITO NACIONAL,CENTRAL,CENTRAL 138 kV,ZMETRE,TEF Internal Output Logic
EF4 Output Logic,\VM-PF.IntUser\PDD 31-12-2024.IntPrj\Network Model.IntPrjfolder\Network Data.IntPrjfolder\CENTRAL 138 kV.ElmNet\Metropolitano.ElmSite\ZMETRE.ElmSubstat\1.ElmTerm\Cub_1.StaCubic\ZMETRE_ZCNPEE-L1-REL316-87L.ElmRelay\EF4.ElmRelay\EF4 Output Logic.RelLogic,1,DISTRITO NACIONAL,CENTRAL,CENTRAL 138 kV,ZMETRE,EF4 Output Logic
EF4 Step4 Internal Output Logic,\VM-PF.IntUser\PDD 31-12-2024.IntPrj\Network Model.IntPrjfolder\Network Data.IntPrjfolder\CENTRAL 138 kV.ElmNet\Metropolitano.ElmSite\ZMETRE.ElmSubstat\1.ElmTerm\Cub_1.StaCubic\ZMETRE_ZCNPEE-L1-REL316-87L.ElmRelay\EF4.ElmRelay\EF4 Step4 Internal Output Logic.RelLogic,1,DISTRITO NACIONAL,CENTRAL,CENTRAL 138 kV,ZMETRE,EF4 Step4 Internal Output Logic
Voltage Output Logic,\VM-PF.IntUser\PDD 31-12-2024.IntPrj\Network Model.IntPrjfolder\Network Data.IntPrjfolder\CENTRAL 138 kV.ElmNet\Metropolitano.ElmSite\ZMETRE.ElmSubstat\1.ElmTerm\Cub_1.StaCubic\ZMETRE_ZCNPEE-L1-REL316-87L.ElmRelay\Voltage.ElmRelay\Voltage Output Logic.RelLogic,1,DISTRITO NACIONAL,CENTRAL,CENTRAL 138 kV,ZMETRE,Voltage Output Logic
Ioc Output Logic,\VM-PF.IntUser\PDD 31-12-2024.IntPrj\Network Model.IntPrjfolder\Network Data.IntPrjfolder\CENTRAL 138 kV.ElmNet\Metropolitano.ElmSite\ZMETRE.ElmSubstat\1.ElmTerm\Cub_1.StaCubic\ZMETRE_ZCNPEE-L1-REL316.ElmRelay\IOC.ElmRelay\Ioc Output Logic.RelLogic,1,DISTRITO NACIONAL,CENTRAL,CENTRAL 138 kV,ZMETRE,Ioc Output Logic
Toc Output Logic,\VM-PF.IntUser\PDD 31-12-2024.IntPrj\Network Model.IntPrjfolder\Network Data.IntPrjfolder\CENTRAL 138 kV.ElmNet\Metropolitano.ElmSite\ZMETRE.ElmSubstat\1.ElmTerm\Cub_1.StaCubic\ZMETRE_ZCNPEE-L1-REL316.ElmRelay\TOC.ElmRelay\Toc Output Logic.RelLogic,1,DISTRITO NACIONAL,CENTRAL,CENTRAL 138 kV,ZMETRE,Toc Output Logic
Toc2 Internal Output Logic,\VM-PF.IntUser\PDD 31-12-2024.IntPrj\Network Model.IntPrjfolder\Network Data.IntPrjfolder\CENTRAL 138 kV.ElmNet\Metropolitano.ElmSite\ZMETRE.ElmSubstat\1.ElmTerm\Cub_1.StaCubic\ZMETRE_ZCNPEE-L1-REL316.ElmRelay\TOC2.ElmRelay\Toc2 Internal Output Logic.RelLogic,1,DISTRITO NACIONAL,CENTRAL,CENTRAL 138 kV,ZMETRE,Toc2 Internal Output Logic
Toc2 Output Logic,\VM-PF.IntUser\PDD 31-12-2024.IntPrj\Network Model.IntPrjfolder\Network Data.IntPrjfolder\CENTRAL 138 kV.ElmNet\Metropolitano.ElmSite\ZMETRE.ElmSubstat\1.ElmTerm\Cub_1.StaCubic\ZMETRE_ZCNPEE-L1-REL316.ElmRelay\TOC2.ElmRelay\Toc2 Output Logic.RelLogic,1,DISTRITO NACIONAL,CENTRAL,CENTRAL 138 kV,ZMETRE,Toc2 Output Logic
Toc3 Internal Output Logic,\VM-PF.IntUser\PDD 31-12-2024.IntPrj\Network Model.IntPrjfolder\Network Data.IntPrjfolder\CENTRAL 138 kV.ElmNet\Metropolitano.ElmSite\ZMETRE.ElmSubstat\1.ElmTerm\Cub_1.StaCubic\ZMETRE_ZCNPEE-L1-REL316.ElmRelay\TOC3.ElmRelay\Toc3 Internal Output Logic.RelLogic,1,DISTRITO NACIONAL,CENTRAL,CENTRAL 138 kV,ZMETRE,Toc3 Internal Output Logic
Toc3 Output Logic,\VM-PF.IntUser\PDD 31-12-2024.IntPrj\Network Model.IntPrjfolder\Network Data.IntPrjfolder\CENTRAL 138 kV.ElmNet\Metropolitano.ElmSite\ZMETRE.ElmSubstat\1.ElmTerm\Cub_1.StaCubic\ZMETRE_ZCNPEE-L1-REL316.ElmRelay\TOC3.ElmRelay\Toc3 Output Logic.RelLogic,1,DISTRITO NACIONAL,CENTRAL,CENTRAL 138 kV,ZMETRE,Toc3 Output Logic
TEF Internal Output Logic,\VM-PF.IntUser\PDD 31-12-2024.IntPrj\Network Model.IntPrjfolder\Network Data.IntPrjfolder\CENTRAL 138 kV.ElmNet\Metropolitano.ElmSite\ZMETRE.ElmSubstat\1.ElmTerm\Cub_1.StaCubic\ZMETRE_ZCNPEE-L1-REL316.ElmRelay\TEF.ElmRelay\TEF Internal Output Logic.RelLogic,1,DISTRITO NACIONAL,CENTRAL,CENTRAL 138 kV,ZMETRE,TEF Internal Output Logic
EF4 Output Logic,\VM-PF.IntUser\PDD 31-12-2024.IntPrj\Network Model.IntPrjfolder\Network Data.IntPrjfolder\CENTRAL 138 kV.ElmNet\Metropolitano.ElmSite\ZMETRE.ElmSubstat\1.ElmTerm\Cub_1.StaCubic\ZMETRE_ZCNPEE-L1-REL316.ElmRelay\EF4.ElmRelay\EF4 Output Logic.RelLogic,1,DISTRITO NACIONAL,CENTRAL,CENTRAL 138 kV,ZMETRE,EF4 Output Logic
EF4 Step4 Internal Output Logic,\VM-PF.IntUser\PDD 31-12-2024.IntPrj\Network Model.IntPrjfolder\Network Data.IntPrjfolder\CENTRAL 138 kV.ElmNet\Metropolitano.ElmSite\ZMETRE.ElmSubstat\1.ElmTerm\Cub_1.StaCubic\ZMETRE_ZCNPEE-L1-REL316.ElmRelay\EF4.ElmRelay\EF4 Step4 Internal Output Logic.RelLogic,1,DISTRITO NACIONAL,CENTRAL,CENTRAL 138 kV,ZMETRE,EF4 Step4 Internal Output Logic
Voltage Output Logic,\VM-PF.IntUser\PDD 31-12-2024.IntPrj\Network Model.IntPrjfolder\Network Data.IntPrjfolder\CENTRAL 138 kV.ElmNet\Metropolitano.ElmSite\ZMETRE.ElmSubstat\1.ElmTerm\Cub_1.StaCubic\ZMETRE_ZCNPEE-L1-REL316.ElmRelay\Voltage.ElmRelay\Voltage Output Logic.RelLogic,1,DISTRITO NACIONAL,CENTRAL,CENTRAL 138 kV,ZMETRE,Voltage Output Logic
Ioc Output Logic,\VM-PF.IntUser\PDD 31-12-2024.IntPrj\Network Model.IntPrjfolder\Network Data.IntPrjfolder\CENTRAL 138 kV.ElmNet\Metropolitano.ElmSite\ZMETRE.ElmSubstat\2.ElmTerm\Cub_1.StaCubic\ZMETRE_ZPARAE-L1-REL316-87L.ElmRelay\IOC.ElmRelay\Ioc Output Logic.RelLogic,1,DISTRITO NACIONAL,CENTRAL,CENTRAL 138 kV,ZMETRE,Ioc Output Logic
Toc Output Logic,\VM-PF.IntUser\PDD 31-12-2024.IntPrj\Network Model.IntPrjfolder\Network Data.IntPrjfolder\CENTRAL 138 kV.ElmNet\Metropolitano.ElmSite\ZMETRE.ElmSubstat\2.ElmTerm\Cub_1.StaCubic\ZMETRE_ZPARAE-L1-REL316-87L.ElmRelay\TOC.ElmRelay\Toc Output Logic.RelLogic,1,DISTRITO NACIONAL,CENTRAL,CENTRAL 138 kV,ZMETRE,Toc Output Logic
Toc2 Internal Output Logic,\VM-PF.IntUser\PDD 31-12-2024.IntPrj\Network Model.IntPrjfolder\Network Data.IntPrjfolder\CENTRAL 138 kV.ElmNet\Metropolitano.ElmSite\ZMETRE.ElmSubstat\2.ElmTerm\Cub_1.StaCubic\ZMETRE_ZPARAE-L1-REL316-87L.ElmRelay\TOC2.ElmRelay\Toc2 Internal Output Logic.RelLogic,1,DISTRITO NACIONAL,CENTRAL,CENTRAL 138 kV,ZMETRE,Toc2 Internal Output Logic
Toc2 Output Logic,\VM-PF.IntUser\PDD 31-12-2024.IntPrj\Network Model.IntPrjfolder\Network Data.IntPrjfolder\CENTRAL 138 kV.ElmNet\Metropolitano.ElmSite\ZMETRE.ElmSubstat\2.ElmTerm\Cub_1.StaCubic\ZMETRE_ZPARAE-L1-REL316-87L.ElmRelay\TOC2.ElmRelay\Toc2 Output Logic.RelLogic,1,DISTRITO NACIONAL,CENTRAL,CENTRAL 138 kV,ZMETRE,Toc2 Output Logic
Toc3 Internal Output Logic,\VM-PF.IntUser\PDD 31-12-2024.IntPrj\Network Model.IntPrjfolder\Network Data.IntPrjfolder\CENTRAL 138 kV.ElmNet\Metropolitano.ElmSite\ZMETRE.ElmSubstat\2.ElmTerm\Cub_1.StaCubic\ZMETRE_ZPARAE-L1-REL316-87L.ElmRelay\TOC3.ElmRelay\Toc3 Internal Output Logic.RelLogic,1,DISTRITO NACIONAL,CENTRAL,CENTRAL 138 kV,ZMETRE,Toc3 Internal Output Logic
Toc3 Output Logic,\VM-PF.IntUser\PDD 31-12-2024.IntPrj\Network Model.IntPrjfolder\Network Data.IntPrjfolder\CENTRAL 138 kV.ElmNet\Metropolitano.ElmSite\ZMETRE.ElmSubstat\2.ElmTerm\Cub_1.StaCubic\ZMETRE_ZPARAE-L1-REL316-87L.ElmRelay\TOC3.ElmRelay\Toc3 Output Logic.RelLogic,1,DISTRITO NACIONAL,CENTRAL,CENTRAL 138 kV,ZMETRE,Toc3 Output Logic
TEF Internal Output Logic,\VM-PF.IntUser\PDD 31-12-2024.IntPrj\Network Model.IntPrjfolder\Network Data.IntPrjfolder\CENTRAL 138 kV.ElmNet\Metropolitano.ElmSite\ZMETRE.ElmSubstat\2.ElmTerm\Cub_1.StaCubic\ZMETRE_ZPARAE-L1-REL316-87L.ElmRelay\TEF.ElmRelay\TEF Internal Output Logic.RelLogic,1,DISTRITO NACIONAL,CENTRAL,CENTRAL 138 kV,ZMETRE,TEF Internal Output Logic
EF4 Output Logic,\VM-PF.IntUser\PDD 31-12-2024.IntPrj\Network Model.IntPrjfolder\Network Data.IntPrjfolder\CENTRAL 138 kV.ElmNet\Metropolitano.ElmSite\ZMETRE.ElmSubstat\2.ElmTerm\Cub_1.StaCubic\ZMETRE_ZPARAE-L1-REL316-87L.ElmRelay\EF4.ElmRelay\EF4 Output Logic.RelLogic,1,DISTRITO NACIONAL,CENTRAL,CENTRAL 138 kV,ZMETRE,EF4 Output Logic
EF4 Step4 Internal Output Logic,\VM-PF.IntUser\PDD 31-12-2024.IntPrj\Network Model.IntPrjfolder\Network Data.IntPrjfolder\CENTRAL 138 kV.ElmNet\Metropolitano.ElmSite\ZMETRE.ElmSubstat\2.ElmTerm\Cub_1.StaCubic\ZMETRE_ZPARAE-L1-REL316-87L.ElmRelay\EF4.ElmRelay\EF4 Step4 Internal Output Logic.RelLogic,1,DISTRITO NACIONAL,CENTRAL,CENTRAL 138 kV,ZMETRE,EF4 Step4 Internal Output Logic
Voltage Output Logic,\VM-PF.IntUser\PDD 31-12-2024.IntPrj\Network Model.IntPrjfolder\Network Data.IntPrjfolder\CENTRAL 138 kV.ElmNet\Metropolitano.ElmSite\ZMETRE.ElmSubstat\2.ElmTerm\Cub_1.StaCubic\ZMETRE_ZPARAE-L1-REL316-87L.ElmRelay\Voltage.ElmRelay\Voltage Output Logic.RelLogic,1,DISTRITO NACIONAL,CENTRAL,CENTRAL 138 kV,ZMETRE,Voltage Output Logic
Ioc Output Logic,\VM-PF.IntUser\PDD 31-12-2024.IntPrj\Network Model.IntPrjfolder\Network Data.IntPrjfolder\CENTRAL 138 kV.ElmNet\Metropolitano.ElmSite\ZMETRE.ElmSubstat\2.ElmTerm\Cub_1.StaCubic\ZMETRE_ZPARAE-L1-REL316.ElmRelay\IOC.ElmRelay\Ioc Output Logic.RelLogic,1,DISTRITO NACIONAL,CENTRAL,CENTRAL 138 kV,ZMETRE,Ioc Output Logic
Toc Output Logic,\VM-PF.IntUser\PDD 31-12-2024.IntPrj\Network Model.IntPrjfolder\Network Data.IntPrjfolder\CENTRAL 138 kV.ElmNet\Metropolitano.ElmSite\ZMETRE.ElmSubstat\2.ElmTerm\Cub_1.StaCubic\ZMETRE_ZPARAE-L1-REL316.ElmRelay\TOC.ElmRelay\Toc Output Logic.RelLogic,1,DISTRITO NACIONAL,CENTRAL,CENTRAL 138 kV,ZMETRE,Toc Output Logic
Toc2 Internal Output Logic,\VM-PF.IntUser\PDD 31-12-2024.IntPrj\Network Model.IntPrjfolder\Network Data.IntPrjfolder\CENTRAL 138 kV.ElmNet\Metropolitano.ElmSite\ZMETRE.ElmSubstat\2.ElmTerm\Cub_1.StaCubic\ZMETRE_ZPARAE-L1-REL316.ElmRelay\TOC2.ElmRelay\Toc2 Internal Output Logic.RelLogic,1,DISTRITO NACIONAL,CENTRAL,CENTRAL 138 kV,ZMETRE,Toc2 Internal Output Logic
Toc2 Output Logic,\VM-PF.IntUser\PDD 31-12-2024.IntPrj\Network Model.IntPrjfolder\Network Data.IntPrjfolder\CENTRAL 138 kV.ElmNet\Metropolitano.ElmSite\ZMETRE.ElmSubstat\2.ElmTerm\Cub_1.StaCubic\ZMETRE_ZPARAE-L1-REL316.ElmRelay\TOC2.ElmRelay\Toc2 Output Logic.RelLogic,1,DISTRITO NACIONAL,CENTRAL,CENTRAL 138 kV,ZMETRE,Toc2 Output Logic
Toc3 Internal Output Logic,\VM-PF.IntUser\PDD 31-12-2024.IntPrj\Network Model.IntPrjfolder\Network Data.IntPrjfolder\CENTRAL 138 kV.ElmNet\Metropolitano.ElmSite\ZMETRE.ElmSubstat\2.ElmTerm\Cub_1.StaCubic\ZMETRE_ZPARAE-L1-REL316.ElmRelay\TOC3.ElmRelay\Toc3 Internal Output Logic.RelLogic,1,DISTRITO NACIONAL,CENTRAL,CENTRAL 138 kV,ZMETRE,Toc3 Internal Output Logic
Toc3 Output Logic,\VM-PF.IntUser\PDD 31-12-2024.IntPrj\Network Model.IntPrjfolder\Network Data.IntPrjfolder\CENTRAL 138 kV.ElmNet\Metropolitano.ElmSite\ZMETRE.ElmSubstat\2.ElmTerm\Cub_1.StaCubic\ZMETRE_ZPARAE-L1-REL316.ElmRelay\TOC3.ElmRelay\Toc3 Output Logic.RelLogic,1,DISTRITO NACIONAL,CENTRAL,CENTRAL 138 kV,ZMETRE,Toc3 Output Logic
TEF Internal Output Logic,\VM-PF.IntUser\PDD 31-12-2024.IntPrj\Network Model.IntPrjfolder\Network Data.IntPrjfolder\CENTRAL 138 kV.ElmNet\Metropolitano.ElmSite\ZMETRE.ElmSubstat\2.ElmTerm\Cub_1.StaCubic\ZMETRE_ZPARAE-L1-REL316.ElmRelay\TEF.ElmRelay\TEF Internal Output Logic.RelLogic,1,DISTRITO NACIONAL,CENTRAL,CENTRAL 138 kV,ZMETRE,TEF Internal Output Logic
EF4 Output Logic,\VM-PF.IntUser\PDD 31-12-2024.IntPrj\Network Model.IntPrjfolder\Network Data.IntPrjfolder\CENTRAL 138 kV.ElmNet\Metropolitano.ElmSite\ZMETRE.ElmSubstat\2.ElmTerm\Cub_1.StaCubic\ZMETRE_ZPARAE-L1-REL316.ElmRelay\EF4.ElmRelay\EF4 Output Logic.RelLogic,1,DISTRITO NACIONAL,CENTRAL,CENTRAL 138 kV,ZMETRE,EF4 Output Logic
EF4 Step4 Internal Output Logic,\VM-PF.IntUser\PDD 31-12-2024.IntPrj\Network Model.IntPrjfolder\Network Data.IntPrjfolder\CENTRAL 138 kV.ElmNet\Metropolitano.ElmSite\ZMETRE.ElmSubstat\2.ElmTerm\Cub_1.StaCubic\ZMETRE_ZPARAE-L1-REL316.ElmRelay\EF4.ElmRelay\EF4 Step4 Internal Output Logic.RelLogic,1,DISTRITO NACIONAL,CENTRAL,CENTRAL 138 kV,ZMETRE,EF4 Step4 Internal Output Logic
Voltage Output Logic,\VM-PF.IntUser\PDD 31-12-2024.IntPrj\Network Model.IntPrjfolder\Network Data.IntPrjfolder\CENTRAL 138 kV.ElmNet\Metropolitano.ElmSite\ZMETRE.ElmSubstat\2.ElmTerm\Cub_1.StaCubic\ZMETRE_ZPARAE-L1-REL316.ElmRelay\Voltage.ElmRelay\Voltage Output Logic.RelLogic,1,DISTRITO NACIONAL,CENTRAL,CENTRAL 138 kV,ZMETRE,Voltage Output Logic
Close,\VM-PF.IntUser\PDD 31-12-2024.IntPrj\Network Model.IntPrjfolder\Network Data.IntPrjfolder\CENTRAL 138 kV.ElmNet\ZVMELE.ElmSubstat\1.ElmTerm\Cub_1.StaCubic\ZVMELE_ZPAL2E-L1-REF542.ElmRelay\Overcurrent elements (F50 - F51 - F46).ElmRelay\Close.RelLogic,1,SANTO DOMINGO,CENTRAL,CENTRAL 138 kV,ZVMELE,Close
Close,\VM-PF.IntUser\PDD 31-12-2024.IntPrj\Network Model.IntPrjfolder\Network Data.IntPrjfolder\CENTRAL 138 kV.ElmNet\ZVMELE.ElmSubstat\1.ElmTerm\Cub_1.StaCubic\ZVMELE_ZPAL2E-L1-REF542.ElmRelay\Distance elements (F21).ElmRelay\Close.RelLogic,1,SANTO DOMINGO,CENTRAL,CENTRAL 138 kV,ZVMELE,Close
Ioc Output Logic,\VM-PF.IntUser\PDD 31-12-2024.IntPrj\Network Model.IntPrjfolder\Network Data.IntPrjfolder\CENTRAL 138 kV.ElmNet\ZVMELE.ElmSubstat\1.ElmTerm\Cub_1.StaCubic\ZVMELE_ZPAL2E-L1-REL316.ElmRelay\IOC.ElmRelay\Ioc Output Logic.RelLogic,1,SANTO DOMINGO,CENTRAL,CENTRAL 138 kV,ZVMELE,Ioc Output Logic
Toc Output Logic,\VM-PF.IntUser\PDD 31-12-2024.IntPrj\Network Model.IntPrjfolder\Network Data.IntPrjfolder\CENTRAL 138 kV.ElmNet\ZVMELE.ElmSubstat\1.ElmTerm\Cub_1.StaCubic\ZVMELE_ZPAL2E-L1-REL316.ElmRelay\TOC.ElmRelay\Toc Output Logic.RelLogic,1,SANTO DOMINGO,CENTRAL,CENTRAL 138 kV,ZVMELE,Toc Output Logic
Toc2 Internal Output Logic,\VM-PF.IntUser\PDD 31-12-2024.IntPrj\Network Model.IntPrjfolder\Network Data.IntPrjfolder\CENTRAL 138 kV.ElmNet\ZVMELE.ElmSubstat\1.ElmTerm\Cub_1.StaCubic\ZVMELE_ZPAL2E-L1-REL316.ElmRelay\TOC2.ElmRelay\Toc2 Internal Output Logic.RelLogic,1,SANTO DOMINGO,CENTRAL,CENTRAL 138 kV,ZVMELE,Toc2 Internal Output Logic
Toc2 Output Logic,\VM-PF.IntUser\PDD 31-12-2024.IntPrj\Network Model.IntPrjfolder\Network Data.IntPrjfolder\CENTRAL 138 kV.ElmNet\ZVMELE.ElmSubstat\1.ElmTerm\Cub_1.StaCubic\ZVMELE_ZPAL2E-L1-REL316.ElmRelay\TOC2.ElmRelay\Toc2 Output Logic.RelLogic,1,SANTO DOMINGO,CENTRAL,CENTRAL 138 kV,ZVMELE,Toc2 Output Logic
Toc3 Internal Output Logic,\VM-PF.IntUser\PDD 31-12-2024.IntPrj\Network Model.IntPrjfolder\Network Data.IntPrjfolder\CENTRAL 138 kV.ElmNet\ZVMELE.ElmSubstat\1.ElmTerm\Cub_1.StaCubic\ZVMELE_ZPAL2E-L1-REL316.ElmRelay\TOC3.ElmRelay\Toc3 Internal Output Logic.RelLogic,1,SANTO DOMINGO,CENTRAL,CENTRAL 138 kV,ZVMELE,Toc3 Internal Output Logic
Toc3 Output Logic,\VM-PF.IntUser\PDD 31-12-2024.IntPrj\Network Model.IntPrjfolder\Network Data.IntPrjfolder\CENTRAL 138 kV.ElmNet\ZVMELE.ElmSubstat\1.ElmTerm\Cub_1.StaCubic\ZVMELE_ZPAL2E-L1-REL316.ElmRelay\TOC3.ElmRelay\Toc3 Output Logic.RelLogic,1,SANTO DOMINGO,CENTRAL,CENTRAL 138 kV,ZVMELE,Toc3 Output Logic
TEF Internal Output Logic,\VM-PF.IntUser\PDD 31-12-2024.IntPrj\Network Model.IntPrjfolder\Network Data.IntPrjfolder\CENTRAL 138 kV.ElmNet\ZVMELE.ElmSubstat\1.ElmTerm\Cub_1.StaCubic\ZVMELE_ZPAL2E-L1-REL316.ElmRelay\TEF.ElmRelay\TEF Internal Output Logic.RelLogic,1,SANTO DOMINGO,CENTRAL,CENTRAL 138 kV,ZVMELE,TEF Internal Output Logic
EF4 Output Logic,\VM-PF.IntUser\PDD 31-12-2024.IntPrj\Network Model.IntPrjfolder\Network Data.IntPrjfolder\CENTRAL 138 kV.ElmNet\ZVMELE.ElmSubstat\1.ElmTerm\Cub_1.StaCubic\ZVMELE_ZPAL2E-L1-REL316.ElmRelay\EF4.ElmRelay\EF4 Output Logic.RelLogic,1,SANTO DOMINGO,CENTRAL,CENTRAL 138 kV,ZVMELE,EF4 Output Logic
EF4 Step4 Internal Output Logic,\VM-PF.IntUser\PDD 31-12-2024.IntPrj\Network Model.IntPrjfolder\Network Data.IntPrjfolder\CENTRAL 138 kV.ElmNet\ZVMELE.ElmSubstat\1.ElmTerm\Cub_1.StaCubic\ZVMELE_ZPAL2E-L1-REL316.ElmRelay\EF4.ElmRelay\EF4 Step4 Internal Output Logic.RelLogic,1,SANTO DOMINGO,CENTRAL,CENTRAL 138 kV,ZVMELE,EF4 Step4 Internal Output Logic
Voltage Output Logic,\VM-PF.IntUser\PDD 31-12-2024.IntPrj\Network Model.IntPrjfolder\Network Data.IntPrjfolder\CENTRAL 138 kV.ElmNet\ZVMELE.ElmSubstat\1.ElmTerm\Cub_1.StaCubic\ZVMELE_ZPAL2E-L1-REL316.ElmRelay\Voltage.ElmRelay\Voltage Output Logic.RelLogic,1,SANTO DOMINGO,CENTRAL,CENTRAL 138 kV,ZVMELE,Voltage Output Logic
Close,\VM-PF.IntUser\PDD 31-12-2024.IntPrj\Network Model.IntPrjfolder\Network Data.IntPrjfolder\CENTRAL 138 kV.ElmNet\ZVMELE.ElmSubstat\2.ElmTerm\Cub_1.StaCubic\ZVMELE_ZHNSAE-L1-REF542.ElmRelay\Overcurrent elements (F50 - F51 - F46).ElmRelay\Close.RelLogic,1,SANTO DOMINGO,CENTRAL,CENTRAL 138 kV,ZVMELE,Close
Close,\VM-PF.IntUser\PDD 31-12-2024.IntPrj\Network Model.IntPrjfolder\Network Data.IntPrjfolder\CENTRAL 138 kV.ElmNet\ZVMELE.ElmSubstat\2.ElmTerm\Cub_1.StaCubic\ZVMELE_ZHNSAE-L1-REF542.ElmRelay\Distance elements (F21).ElmRelay\Close.RelLogic,1,SANTO DOMINGO,CENTRAL,CENTRAL 138 kV,ZVMELE,Close
Ioc Output Logic,\VM-PF.IntUser\PDD 31-12-2024.IntPrj\Network Model.IntPrjfolder\Network Data.IntPrjfolder\CENTRAL 138 kV.ElmNet\ZVMELE.ElmSubstat\2.ElmTerm\Cub_1.StaCubic\ZVMELE_ZHNSAE-L1-REL316.ElmRelay\IOC.ElmRelay\Ioc Output Logic.RelLogic,1,SANTO DOMINGO,CENTRAL,CENTRAL 138 kV,ZVMELE,Ioc Output Logic
Toc Output Logic,\VM-PF.IntUser\PDD 31-12-2024.IntPrj\Network Model.IntPrjfolder\Network Data.IntPrjfolder\CENTRAL 138 kV.ElmNet\ZVMELE.ElmSubstat\2.ElmTerm\Cub_1.StaCubic\ZVMELE_ZHNSAE-L1-REL316.ElmRelay\TOC.ElmRelay\Toc Output Logic.RelLogic,1,SANTO DOMINGO,CENTRAL,CENTRAL 138 kV,ZVMELE,Toc Output Logic
Toc2 Internal Output Logic,\VM-PF.IntUser\PDD 31-12-2024.IntPrj\Network Model.IntPrjfolder\Network Data.IntPrjfolder\CENTRAL 138 kV.ElmNet\ZVMELE.ElmSubstat\2.ElmTerm\Cub_1.StaCubic\ZVMELE_ZHNSAE-L1-REL316.ElmRelay\TOC2.ElmRelay\Toc2 Internal Output Logic.RelLogic,1,SANTO DOMINGO,CENTRAL,CENTRAL 138 kV,ZVMELE,Toc2 Internal Output Logic
Toc2 Output Logic,\VM-PF.IntUser\PDD 31-12-2024.IntPrj\Network Model.IntPrjfolder\Network Data.IntPrjfolder\CENTRAL 138 kV.ElmNet\ZVMELE.ElmSubstat\2.ElmTerm\Cub_1.StaCubic\ZVMELE_ZHNSAE-L1-REL316.ElmRelay\TOC2.ElmRelay\Toc2 Output Logic.RelLogic,1,SANTO DOMINGO,CENTRAL,CENTRAL 138 kV,ZVMELE,Toc2 Output Logic
Toc3 Internal Output Logic,\VM-PF.IntUser\PDD 31-12-2024.IntPrj\Network Model.IntPrjfolder\Network Data.IntPrjfolder\CENTRAL 138 kV.ElmNet\ZVMELE.ElmSubstat\2.ElmTerm\Cub_1.StaCubic\ZVMELE_ZHNSAE-L1-REL316.ElmRelay\TOC3.ElmRelay\Toc3 Internal Output Logic.RelLogic,1,SANTO DOMINGO,CENTRAL,CENTRAL 138 kV,ZVMELE,Toc3 Internal Output Logic
Toc3 Output Logic,\VM-PF.IntUser\PDD 31-12-2024.IntPrj\Network Model.IntPrjfolder\Network Data.IntPrjfolder\CENTRAL 138 kV.ElmNet\ZVMELE.ElmSubstat\2.ElmTerm\Cub_1.StaCubic\ZVMELE_ZHNSAE-L1-REL316.ElmRelay\TOC3.ElmRelay\Toc3 Output Logic.RelLogic,1,SANTO DOMINGO,CENTRAL,CENTRAL 138 kV,ZVMELE,Toc3 Output Logic
TEF Internal Output Logic,\VM-PF.IntUser\PDD 31-12-2024.IntPrj\Network Model.IntPrjfolder\Network Data.IntPrjfolder\CENTRAL 138 kV.ElmNet\ZVMELE.ElmSubstat\2.ElmTerm\Cub_1.StaCubic\ZVMELE_ZHNSAE-L1-REL316.ElmRelay\TEF.ElmRelay\TEF Internal Output Logic.RelLogic,1,SANTO DOMINGO,CENTRAL,CENTRAL 138 kV,ZVMELE,TEF Internal Output Logic
EF4 Output Logic,\VM-PF.IntUser\PDD 31-12-2024.IntPrj\Network Model.IntPrjfolder\Network Data.IntPrjfolder\CENTRAL 138 kV.ElmNet\ZVMELE.ElmSubstat\2.ElmTerm\Cub_1.StaCubic\ZVMELE_ZHNSAE-L1-REL316.ElmRelay\EF4.ElmRelay\EF4 Output Logic.RelLogic,1,SANTO DOMINGO,CENTRAL,CENTRAL 138 kV,ZVMELE,EF4 Output Logic
EF4 Step4 Internal Output Logic,\VM-PF.IntUser\PDD 31-12-2024.IntPrj\Network Model.IntPrjfolder\Network Data.IntPrjfolder\CENTRAL 138 kV.ElmNet\ZVMELE.ElmSubstat\2.ElmTerm\Cub_1.StaCubic\ZVMELE_ZHNSAE-L1-REL316.ElmRelay\EF4.ElmRelay\EF4 Step4 Internal Output Logic.RelLogic,1,SANTO DOMINGO,CENTRAL,CENTRAL 138 kV,ZVMELE,EF4 Step4 Internal Output Logic
Voltage Output Logic,\VM-PF.IntUser\PDD 31-12-2024.IntPrj\Network Model.IntPrjfolder\Network Data.IntPrjfolder\CENTRAL 138 kV.ElmNet\ZVMELE.ElmSubstat\2.ElmTerm\Cub_1.StaCubic\ZVMELE_ZHNSAE-L1-REL316.ElmRelay\Voltage.ElmRelay\Voltage Output Logic.RelLogic,1,SANTO DOMINGO,CENTRAL,CENTRAL 138 kV,ZVMELE,Voltage Output Logic
Logic,\VM-PF.IntUser\PDD 31-12-2024.IntPrj\Network Model.IntPrjfolder\Network Data.IntPrjfolder\NORTE 69 kV.ElmNet\Rincón.ElmSite\Terminal Rincón.ElmTerm\WRINCK.StaCubic\RINCON >f.ElmRelay\Logic.RelLogic,1,CIBAO SUR,NORTE,NORTE 69 kV,,Logic Type
Logic,\VM-PF.IntUser\PDD 31-12-2024.IntPrj\Network Model.IntPrjfolder\Network Data.IntPrjfolder\NORTE 69 kV.ElmNet\Rincón.ElmSite\Terminal Rincón.ElmTerm\WRINCK.StaCubic\RINCON <f.ElmRelay\Logic.RelLogic,1,CIBAO SUR,NORTE,NORTE 69 kV,,Logic Type
Logic,\VM-PF.IntUser\PDD 31-12-2024.IntPrj\Network Model.IntPrjfolder\Network Data.IntPrjfolder\NORTE 69 kV.ElmNet\Diésel La Vega.ElmSite\ZGVEGF.ElmSubstat\R2.ElmTerm\Cub_1.StaCubic\LA VEGA 1 >f.ElmRelay\Logic.RelLogic,1,CIBAO SUR,NORTE,NORTE 69 kV,ZGVEGF,Logic Type
Logic,\VM-PF.IntUser\PDD 31-12-2024.IntPrj\Network Model.IntPrjfolder\Network Data.IntPrjfolder\NORTE 69 kV.ElmNet\Diésel La Vega.ElmSite\ZGVEGF.ElmSubstat\R2.ElmTerm\Cub_1.StaCubic\LA VEGA 1 <f.ElmRelay\Logic.RelLogic,1,CIBAO SUR,NORTE,NORTE 69 kV,ZGVEGF,Logic Type
Logic,\VM-PF.IntUser\PDD 31-12-2024.IntPrj\Network Model.IntPrjfolder\Network Data.IntPrjfolder\NORTE 69 kV.ElmNet\Diésel La Vega.ElmSite\ZGVEGF.ElmSubstat\L2.ElmTerm\Cub_1.StaCubic\LA VEGA 2 >f.ElmRelay\Logic.RelLogic,1,CIBAO SUR,NORTE,NORTE 69 kV,ZGVEGF,Logic Type
Logic,\VM-PF.IntUser\PDD 31-12-2024.IntPrj\Network Model.IntPrjfolder\Network Data.IntPrjfolder\NORTE 69 kV.ElmNet\Diésel La Vega.ElmSite\ZGVEGF.ElmSubstat\L2.ElmTerm\Cub_1.StaCubic\LA VEGA 2 <f.ElmRelay\Logic.RelLogic,1,CIBAO SUR,NORTE,NORTE 69 kV,ZGVEGF,Logic Type
Logic,\VM-PF.IntUser\PDD 31-12-2024.IntPrj\Network Model.IntPrjfolder\Network Data.IntPrjfolder\NORTE 69 kV.ElmNet\ZPPLAF.ElmSubstat\4.ElmTerm\Cub_1.StaCubic\CEPP 1 >f.ElmRelay\Logic.RelLogic,1,CIBAO NORTE,NORTE,NORTE 69 kV,ZPPLAF,Logic Type
Logic,\VM-PF.IntUser\PDD 31-12-2024.IntPrj\Network Model.IntPrjfolder\Network Data.IntPrjfolder\NORTE 69 kV.ElmNet\ZPPLAF.ElmSubstat\4.ElmTerm\Cub_1.StaCubic\CEPP 1 <f.ElmRelay\Logic.RelLogic,1,CIBAO NORTE,NORTE,NORTE 69 kV,ZPPLAF,Logic Type
