nombre,ruta,outserv,cpZone,cpArea,cpGrid,cpSubstat,typ_id
Ig>,\VM-PF.IntUser\PDD 31-12-2024.IntPrj\Network Model.IntPrjfolder\Network Data.IntPrjfolder\CENTRAL 69 kV.ElmNet\Terminal Palamara.ElmTerm\Cub_1.StaCubic\PALAK_TR1_DIST_50-51N.ElmRelay\Ig>.RelToc,1,SANTO DOMINGO,CENTRAL,CENTRAL 69 kV,,Ig>
I>,\VM-PF.IntUser\PDD 31-12-2024.IntPrj\Network Model.IntPrjfolder\Network Data.IntPrjfolder\CENTRAL 69 kV.ElmNet\Terminal Palamara.ElmTerm\Cub_1.StaCubic\PALAK_TR1_DIST_50-51.ElmRelay\I>.RelToc,1,SANTO DOMINGO,CENTRAL,CENTRAL 69 kV,,I>
I>>,\VM-PF.IntUser\PDD 31-12-2024.IntPrj\Network Model.IntPrjfolder\Network Data.IntPrjfolder\CENTRAL 69 kV.ElmNet\Terminal Palamara.ElmTerm\Cub_1.StaCubic\PALAK_TR1_DIST_50-51.ElmRelay\I>>.RelToc,1,SANTO DOMINGO,CENTRAL,CENTRAL 69 kV,,I>>
I>,\VM-PF.IntUser\PDD 31-12-2024.IntPrj\Network Model.IntPrjfolder\Network Data.IntPrjfolder\Expansión 345 kV.ElmNet\Julio Sauri.ElmSite\ZJSAUD.ElmSubstat\E7.ElmTerm\Cub_1.StaCubic\ZJSA2E_ZPAL1E-L1-7SA522.ElmRelay\I>.RelToc,1,SUR CERCANO,SUR,Expansión 345 kV,ZJSAUD,I>
H-Resist-IE>,\VM-PF.IntUser\PDD 31-12-2024.IntPrj\Network Model.IntPrjfolder\Network Data.IntPrjfolder\Expansión 345 kV.ElmNet\Julio Sauri.ElmSite\ZJSAUD.ElmSubstat\E7.ElmTerm\Cub_1.StaCubic\ZJSA2E_ZPAL1E-L1-7SA522.ElmRelay\H-Resist-IE>.RelToc,1,SUR CERCANO,SUR,Expansión 345 kV,ZJSAUD,H-Resist-IE>
Ip 51,\VM-PF.IntUser\PDD 31-12-2024.IntPrj\Network Model.IntPrjfolder\Network Data.IntPrjfolder\Expansión 345 kV.ElmNet\Julio Sauri.ElmSite\ZJSAUD.ElmSubstat\E7.ElmTerm\Cub_1.StaCubic\ZJSA2E_ZPAL1E-L1-7SJ62.ElmRelay\Ip 51.RelToc,1,SUR CERCANO,SUR,Expansión 345 kV,ZJSAUD,Ip 51
Iep 51N,\VM-PF.IntUser\PDD 31-12-2024.IntPrj\Network Model.IntPrjfolder\Network Data.IntPrjfolder\Expansión 345 kV.ElmNet\Julio Sauri.ElmSite\ZJSAUD.ElmSubstat\E7.ElmTerm\Cub_1.StaCubic\ZJSA2E_ZPAL1E-L1-7SJ62.ElmRelay\Iep 51N.RelToc,1,SUR CERCANO,SUR,Expansión 345 kV,ZJSAUD,Iep 51N
Ip 67 TOC,\VM-PF.IntUser\PDD 31-12-2024.IntPrj\Network Model.IntPrjfolder\Network Data.IntPrjfolder\Expansión 345 kV.ElmNet\Julio Sauri.ElmSite\ZJSAUD.ElmSubstat\E7.ElmTerm\Cub_1.StaCubic\ZJSA2E_ZPAL1E-L1-7SJ62.ElmRelay\Ip 67 TOC.RelToc,1,SUR CERCANO,SUR,Expansión 345 kV,ZJSAUD,Ip 67 TOC
Iep 67N TOC,\VM-PF.IntUser\PDD 31-12-2024.IntPrj\Network Model.IntPrjfolder\Network Data.IntPrjfolder\Expansión 345 kV.ElmNet\Julio Sauri.ElmSite\ZJSAUD.ElmSubstat\E7.ElmTerm\Cub_1.StaCubic\ZJSA2E_ZPAL1E-L1-7SJ62.ElmRelay\Iep 67N TOC.RelToc,1,SUR CERCANO,SUR,Expansión 345 kV,ZJSAUD,Iep 67N TOC
I2p 46 TOC,\VM-PF.IntUser\PDD 31-12-2024.IntPrj\Network Model.IntPrjfolder\Network Data.IntPrjfolder\Expansión 345 kV.ElmNet\Julio Sauri.ElmSite\ZJSAUD.ElmSubstat\E7.ElmTerm\Cub_1.StaCubic\ZJSA2E_ZPAL1E-L1-7SJ62.ElmRelay\I2p 46 TOC.RelToc,1,SUR CERCANO,SUR,Expansión 345 kV,ZJSAUD,I2p 46 TOC
Overload 49,\VM-PF.IntUser\PDD 31-12-2024.IntPrj\Network Model.IntPrjfolder\Network Data.IntPrjfolder\Expansión 345 kV.ElmNet\Julio Sauri.ElmSite\ZJSAUD.ElmSubstat\E7.ElmTerm\Cub_1.StaCubic\ZJSA2E_ZPAL1E-L1-7SJ62.ElmRelay\Overload 49.RelToc,1,SUR CERCANO,SUR,Expansión 345 kV,ZJSAUD,Overload 49
I>,\VM-PF.IntUser\PDD 31-12-2024.IntPrj\Network Model.IntPrjfolder\Network Data.IntPrjfolder\Expansión 345 kV.ElmNet\Julio Sauri.ElmSite\ZJSAUD.ElmSubstat\E8.ElmTerm\Cub_1.StaCubic\ZJSA2E_ZPAL1E-L2-7SA522.ElmRelay\I>.RelToc,1,SUR CERCANO,SUR,Expansión 345 kV,ZJSAUD,I>
H-Resist-IE>,\VM-PF.IntUser\PDD 31-12-2024.IntPrj\Network Model.IntPrjfolder\Network Data.IntPrjfolder\Expansión 345 kV.ElmNet\Julio Sauri.ElmSite\ZJSAUD.ElmSubstat\E8.ElmTerm\Cub_1.StaCubic\ZJSA2E_ZPAL1E-L2-7SA522.ElmRelay\H-Resist-IE>.RelToc,1,SUR CERCANO,SUR,Expansión 345 kV,ZJSAUD,H-Resist-IE>
Ip 51,\VM-PF.IntUser\PDD 31-12-2024.IntPrj\Network Model.IntPrjfolder\Network Data.IntPrjfolder\Expansión 345 kV.ElmNet\Julio Sauri.ElmSite\ZJSAUD.ElmSubstat\E8.ElmTerm\Cub_1.StaCubic\ZJSA2E_ZPAL1E-L2-7SJ62.ElmRelay\Ip 51.RelToc,1,SUR CERCANO,SUR,Expansión 345 kV,ZJSAUD,Ip 51
Iep 51N,\VM-PF.IntUser\PDD 31-12-2024.IntPrj\Network Model.IntPrjfolder\Network Data.IntPrjfolder\Expansión 345 kV.ElmNet\Julio Sauri.ElmSite\ZJSAUD.ElmSubstat\E8.ElmTerm\Cub_1.StaCubic\ZJSA2E_ZPAL1E-L2-7SJ62.ElmRelay\Iep 51N.RelToc,1,SUR CERCANO,SUR,Expansión 345 kV,ZJSAUD,Iep 51N
Ip 67 TOC,\VM-PF.IntUser\PDD 31-12-2024.IntPrj\Network Model.IntPrjfolder\Network Data.IntPrjfolder\Expansión 345 kV.ElmNet\Julio Sauri.ElmSite\ZJSAUD.ElmSubstat\E8.ElmTerm\Cub_1.StaCubic\ZJSA2E_ZPAL1E-L2-7SJ62.ElmRelay\Ip 67 TOC.RelToc,1,SUR CERCANO,SUR,Expansión 345 kV,ZJSAUD,Ip 67 TOC
Iep 67N TOC,\VM-PF.IntUser\PDD 31-12-2024.IntPrj\Network Model.IntPrjfolder\Network Data.IntPrjfolder\Expansión 345 kV.ElmNet\Julio Sauri.ElmSite\ZJSAUD.ElmSubstat\E8.ElmTerm\Cub_1.StaCubic\ZJSA2E_ZPAL1E-L2-7SJ62.ElmRelay\Iep 67N TOC.RelToc,1,SUR CERCANO,SUR,Expansión 345 kV,ZJSAUD,Iep 67N TOC
I2p 46 TOC,\VM-PF.IntUser\PDD 31-12-2024.IntPrj\Network Model.IntPrjfolder\Network Data.IntPrjfolder\Expansión 345 kV.ElmNet\Julio Sauri.ElmSite\ZJSAUD.ElmSubstat\E8.ElmTerm\Cub_1.StaCubic\ZJSA2E_ZPAL1E-L2-7SJ62.ElmRelay\I2p 46 TOC.RelToc,1,SUR CERCANO,SUR,Expansión 345 kV,ZJSAUD,I2p 46 TOC
Overload 49,\VM-PF.IntUser\PDD 31-12-2024.IntPrj\Network Model.IntPrjfolder\Network Data.IntPrjfolder\Expansión 345 kV.ElmNet\Julio Sauri.ElmSite\ZJSAUD.ElmSubstat\E8.ElmTerm\Cub_1.StaCubic\ZJSA2E_ZPAL1E-L2-7SJ62.ElmRelay\Overload 49.RelToc,1,SUR CERCANO,SUR,Expansión 345 kV,ZJSAUD,Overload 49
I>,\VM-PF.IntUser\PDD 31-12-2024.IntPrj\Network Model.IntPrjfolder\Network Data.IntPrjfolder\Expansión 345 kV.ElmNet\Julio Sauri.ElmSite\ZJSAUD.ElmSubstat\E3.ElmTerm\Cub_1.StaCubic\ZJSA1E_ZITAGE-L1-7SA522.ElmRelay\I>.RelToc,1,SUR CERCANO,SUR,Expansión 345 kV,ZJSAUD,I>
H-Resist-IE>,\VM-PF.IntUser\PDD 31-12-2024.IntPrj\Network Model.IntPrjfolder\Network Data.IntPrjfolder\Expansión 345 kV.ElmNet\Julio Sauri.ElmSite\ZJSAUD.ElmSubstat\E3.ElmTerm\Cub_1.StaCubic\ZJSA1E_ZITAGE-L1-7SA522.ElmRelay\H-Resist-IE>.RelToc,1,SUR CERCANO,SUR,Expansión 345 kV,ZJSAUD,H-Resist-IE>
Ip 51,\VM-PF.IntUser\PDD 31-12-2024.IntPrj\Network Model.IntPrjfolder\Network Data.IntPrjfolder\Expansión 345 kV.ElmNet\Julio Sauri.ElmSite\ZJSAUD.ElmSubstat\E3.ElmTerm\Cub_1.StaCubic\ZJSA1E_ZITAGE-L1-7SJ62.ElmRelay\Ip 51.RelToc,1,SUR CERCANO,SUR,Expansión 345 kV,ZJSAUD,Ip 51
Iep 51N,\VM-PF.IntUser\PDD 31-12-2024.IntPrj\Network Model.IntPrjfolder\Network Data.IntPrjfolder\Expansión 345 kV.ElmNet\Julio Sauri.ElmSite\ZJSAUD.ElmSubstat\E3.ElmTerm\Cub_1.StaCubic\ZJSA1E_ZITAGE-L1-7SJ62.ElmRelay\Iep 51N.RelToc,1,SUR CERCANO,SUR,Expansión 345 kV,ZJSAUD,Iep 51N
Ip 67 TOC,\VM-PF.IntUser\PDD 31-12-2024.IntPrj\Network Model.IntPrjfolder\Network Data.IntPrjfolder\Expansión 345 kV.ElmNet\Julio Sauri.ElmSite\ZJSAUD.ElmSubstat\E3.ElmTerm\Cub_1.StaCubic\ZJSA1E_ZITAGE-L1-7SJ62.ElmRelay\Ip 67 TOC.RelToc,1,SUR CERCANO,SUR,Expansión 345 kV,ZJSAUD,Ip 67 TOC
Iep 67N TOC,\VM-PF.IntUser\PDD 31-12-2024.IntPrj\Network Model.IntPrjfolder\Network Data.IntPrjfolder\Expansión 345 kV.ElmNet\Julio Sauri.ElmSite\ZJSAUD.ElmSubstat\E3.ElmTerm\Cub_1.StaCubic\ZJSA1E_ZITAGE-L1-7SJ62.ElmRelay\Iep 67N TOC.RelToc,1,SUR CERCANO,SUR,Expansión 345 kV,ZJSAUD,Iep 67N TOC
I2p 46 TOC,\VM-PF.IntUser\PDD 31-12-2024.IntPrj\Network Model.IntPrjfolder\Network Data.IntPrjfolder\Expansión 345 kV.ElmNet\Julio Sauri.ElmSite\ZJSAUD.ElmSubstat\E3.ElmTerm\Cub_1.StaCubic\ZJSA1E_ZITAGE-L1-7SJ62.ElmRelay\I2p 46 TOC.RelToc,1,SUR CERCANO,SUR,Expansión 345 kV,ZJSAUD,I2p 46 TOC
Overload 49,\VM-PF.IntUser\PDD 31-12-2024.IntPrj\Network Model.IntPrjfolder\Network Data.IntPrjfolder\Expansión 345 kV.ElmNet\Julio Sauri.ElmSite\ZJSAUD.ElmSubstat\E3.ElmTerm\Cub_1.StaCubic\ZJSA1E_ZITAGE-L1-7SJ62.ElmRelay\Overload 49.RelToc,1,SUR CERCANO,SUR,Expansión 345 kV,ZJSAUD,Overload 49
I>,\VM-PF.IntUser\PDD 31-12-2024.IntPrj\Network Model.IntPrjfolder\Network Data.IntPrjfolder\Expansión 345 kV.ElmNet\Julio Sauri.ElmSite\ZJSAUD.ElmSubstat\E4.ElmTerm\Cub_1.StaCubic\ZJSA1E_ZITAGE-L2-7SA522.ElmRelay\I>.RelToc,1,SUR CERCANO,SUR,Expansión 345 kV,ZJSAUD,I>
H-Resist-IE>,\VM-PF.IntUser\PDD 31-12-2024.IntPrj\Network Model.IntPrjfolder\Network Data.IntPrjfolder\Expansión 345 kV.ElmNet\Julio Sauri.ElmSite\ZJSAUD.ElmSubstat\E4.ElmTerm\Cub_1.StaCubic\ZJSA1E_ZITAGE-L2-7SA522.ElmRelay\H-Resist-IE>.RelToc,1,SUR CERCANO,SUR,Expansión 345 kV,ZJSAUD,H-Resist-IE>
Ip 51,\VM-PF.IntUser\PDD 31-12-2024.IntPrj\Network Model.IntPrjfolder\Network Data.IntPrjfolder\Expansión 345 kV.ElmNet\Julio Sauri.ElmSite\ZJSAUD.ElmSubstat\E4.ElmTerm\Cub_1.StaCubic\ZJSA1E_ZITAGE-L2-7SJ62.ElmRelay\Ip 51.RelToc,1,SUR CERCANO,SUR,Expansión 345 kV,ZJSAUD,Ip 51
Iep 51N,\VM-PF.IntUser\PDD 31-12-2024.IntPrj\Network Model.IntPrjfolder\Network Data.IntPrjfolder\Expansión 345 kV.ElmNet\Julio Sauri.ElmSite\ZJSAUD.ElmSubstat\E4.ElmTerm\Cub_1.StaCubic\ZJSA1E_ZITAGE-L2-7SJ62.ElmRelay\Iep 51N.RelToc,1,SUR CERCANO,SUR,Expansión 345 kV,ZJSAUD,Iep 51N
Ip 67 TOC,\VM-PF.IntUser\PDD 31-12-2024.IntPrj\Network Model.IntPrjfolder\Network Data.IntPrjfolder\Expansión 345 kV.ElmNet\Julio Sauri.ElmSite\ZJSAUD.ElmSubstat\E4.ElmTerm\Cub_1.StaCubic\ZJSA1E_ZITAGE-L2-7SJ62.ElmRelay\Ip 67 TOC.RelToc,1,SUR CERCANO,SUR,Expansión 345 kV,ZJSAUD,Ip 67 TOC
Iep 67N TOC,\VM-PF.IntUser\PDD 31-12-2024.IntPrj\Network Model.IntPrjfolder\Network Data.IntPrjfolder\Expansión 345 kV.ElmNet\Julio Sauri.ElmSite\ZJSAUD.ElmSubstat\E4.ElmTerm\Cub_1.StaCubic\ZJSA1E_ZITAGE-L2-7SJ62.ElmRelay\Iep 67N TOC.RelToc,1,SUR CERCANO,SUR,Expansión 345 kV,ZJSAUD,Iep 67N TOC
I2p 46 TOC,\VM-PF.IntUser\PDD 31-12-2024.IntPrj\Network Model.IntPrjfolder\Network Data.IntPrjfolder\Expansión 345 kV.ElmNet\Julio Sauri.ElmSite\ZJSAUD.ElmSubstat\E4.ElmTerm\Cub_1.StaCubic\ZJSA1E_ZITAGE-L2-7SJ62.ElmRelay\I2p 46 TOC.RelToc,1,SUR CERCANO,SUR,Expansión 345 kV,ZJSAUD,I2p 46 TOC
Overload 49,\VM-PF.IntUser\PDD 31-12-2024.IntPrj\Network Model.IntPrjfolder\Network Data.IntPrjfolder\Expansión 345 kV.ElmNet\Julio Sauri.ElmSite\ZJSAUD.ElmSubstat\E4.ElmTerm\Cub_1.StaCubic\ZJSA1E_ZITAGE-L2-7SJ62.ElmRelay\Overload 49.RelToc,1,SUR CERCANO,SUR,Expansión 345 kV,ZJSAUD,Overload 49
I>,\VM-PF.IntUser\PDD 31-12-2024.IntPrj\Network Model.IntPrjfolder\Network Data.IntPrjfolder\Expansión 345 kV.ElmNet\Julio Sauri.ElmSite\ZJSAUD.ElmSubstat\E9.ElmTerm\Cub_1.StaCubic\ZJSA1E_ZPARAE-L1-7SA522.ElmRelay\I>.RelToc,1,SUR CERCANO,SUR,Expansión 345 kV,ZJSAUD,I>
H-Resist-IE>,\VM-PF.IntUser\PDD 31-12-2024.IntPrj\Network Model.IntPrjfolder\Network Data.IntPrjfolder\Expansión 345 kV.ElmNet\Julio Sauri.ElmSite\ZJSAUD.ElmSubstat\E9.ElmTerm\Cub_1.StaCubic\ZJSA1E_ZPARAE-L1-7SA522.ElmRelay\H-Resist-IE>.RelToc,1,SUR CERCANO,SUR,Expansión 345 kV,ZJSAUD,H-Resist-IE>
Ip 51,\VM-PF.IntUser\PDD 31-12-2024.IntPrj\Network Model.IntPrjfolder\Network Data.IntPrjfolder\Expansión 345 kV.ElmNet\Julio Sauri.ElmSite\ZJSAUD.ElmSubstat\E9.ElmTerm\Cub_1.StaCubic\ZJSA1E_ZPARAE-L1-7SJ62.ElmRelay\Ip 51.RelToc,1,SUR CERCANO,SUR,Expansión 345 kV,ZJSAUD,Ip 51
Iep 51N,\VM-PF.IntUser\PDD 31-12-2024.IntPrj\Network Model.IntPrjfolder\Network Data.IntPrjfolder\Expansión 345 kV.ElmNet\Julio Sauri.ElmSite\ZJSAUD.ElmSubstat\E9.ElmTerm\Cub_1.StaCubic\ZJSA1E_ZPARAE-L1-7SJ62.ElmRelay\Iep 51N.RelToc,1,SUR CERCANO,SUR,Expansión 345 kV,ZJSAUD,Iep 51N
Ip 67 TOC,\VM-PF.IntUser\PDD 31-12-2024.IntPrj\Network Model.IntPrjfolder\Network Data.IntPrjfolder\Expansión 345 kV.ElmNet\Julio Sauri.ElmSite\ZJSAUD.ElmSubstat\E9.ElmTerm\Cub_1.StaCubic\ZJSA1E_ZPARAE-L1-7SJ62.ElmRelay\Ip 67 TOC.RelToc,1,SUR CERCANO,SUR,Expansión 345 kV,ZJSAUD,Ip 67 TOC
Iep 67N TOC,\VM-PF.IntUser\PDD 31-12-2024.IntPrj\Network Model.IntPrjfolder\Network Data.IntPrjfolder\Expansión 345 kV.ElmNet\Julio Sauri.ElmSite\ZJSAUD.ElmSubstat\E9.ElmTerm\Cub_1.StaCubic\ZJSA1E_ZPARAE-L1-7SJ62.ElmRelay\Iep 67N TOC.RelToc,1,SUR CERCANO,SUR,Expansión 345 kV,ZJSAUD,Iep 67N TOC
I2p 46 TOC,\VM-PF.IntUser\PDD 31-12-2024.IntPrj\Network Model.IntPrjfolder\Network Data.IntPrjfolder\Expansión 345 kV.ElmNet\Julio Sauri.ElmSite\ZJSAUD.ElmSubstat\E9.ElmTerm\Cub_1.StaCubic\ZJSA1E_ZPARAE-L1-7SJ62.ElmRelay\I2p 46 TOC.RelToc,1,SUR CERCANO,SUR,Expansión 345 kV,ZJSAUD,I2p 46 TOC
Overload 49,\VM-PF.IntUser\PDD 31-12-2024.IntPrj\Network Model.IntPrjfolder\Network Data.IntPrjfolder\Expansión 345 kV.ElmNet\Julio Sauri.ElmSite\ZJSAUD.ElmSubstat\E9.ElmTerm\Cub_1.StaCubic\ZJSA1E_ZPARAE-L1-7SJ62.ElmRelay\Overload 49.RelToc,1,SUR CERCANO,SUR,Expansión 345 kV,ZJSAUD,Overload 49
I>,\VM-PF.IntUser\PDD 31-12-2024.IntPrj\Network Model.IntPrjfolder\Network Data.IntPrjfolder\Expansión 345 kV.ElmNet\Julio Sauri.ElmSite\ZJSAUD.ElmSubstat\E6(2).ElmTerm\Cub_1.StaCubic\ZJSA1E_ZITAGE-L2-7SA522.ElmRelay\I>.RelToc,1,SUR CERCANO,SUR,Expansión 345 kV,ZJSAUD,I>
H-Resist-IE>,\VM-PF.IntUser\PDD 31-12-2024.IntPrj\Network Model.IntPrjfolder\Network Data.IntPrjfolder\Expansión 345 kV.ElmNet\Julio Sauri.ElmSite\ZJSAUD.ElmSubstat\E6(2).ElmTerm\Cub_1.StaCubic\ZJSA1E_ZITAGE-L2-7SA522.ElmRelay\H-Resist-IE>.RelToc,1,SUR CERCANO,SUR,Expansión 345 kV,ZJSAUD,H-Resist-IE>
Ip 51,\VM-PF.IntUser\PDD 31-12-2024.IntPrj\Network Model.IntPrjfolder\Network Data.IntPrjfolder\Expansión 345 kV.ElmNet\Julio Sauri.ElmSite\ZJSAUD.ElmSubstat\E6(2).ElmTerm\Cub_1.StaCubic\ZJSA1E_ZITAGE-L2-7SJ62.ElmRelay\Ip 51.RelToc,1,SUR CERCANO,SUR,Expansión 345 kV,ZJSAUD,Ip 51
Iep 51N,\VM-PF.IntUser\PDD 31-12-2024.IntPrj\Network Model.IntPrjfolder\Network Data.IntPrjfolder\Expansión 345 kV.ElmNet\Julio Sauri.ElmSite\ZJSAUD.ElmSubstat\E6(2).ElmTerm\Cub_1.StaCubic\ZJSA1E_ZITAGE-L2-7SJ62.ElmRelay\Iep 51N.RelToc,1,SUR CERCANO,SUR,Expansión 345 kV,ZJSAUD,Iep 51N
Ip 67 TOC,\VM-PF.IntUser\PDD 31-12-2024.IntPrj\Network Model.IntPrjfolder\Network Data.IntPrjfolder\Expansión 345 kV.ElmNet\Julio Sauri.ElmSite\ZJSAUD.ElmSubstat\E6(2).ElmTerm\Cub_1.StaCubic\ZJSA1E_ZITAGE-L2-7SJ62.ElmRelay\Ip 67 TOC.RelToc,1,SUR CERCANO,SUR,Expansión 345 kV,ZJSAUD,Ip 67 TOC
Iep 67N TOC,\VM-PF.IntUser\PDD 31-12-2024.IntPrj\Network Model.IntPrjfolder\Network Data.IntPrjfolder\Expansión 345 kV.ElmNet\Julio Sauri.ElmSite\ZJSAUD.ElmSubstat\E6(2).ElmTerm\Cub_1.StaCubic\ZJSA1E_ZITAGE-L2-7SJ62.ElmRelay\Iep 67N TOC.RelToc,1,SUR CERCANO,SUR,Expansión 345 kV,ZJSAUD,Iep 67N TOC
I2p 46 TOC,\VM-PF.IntUser\PDD 31-12-2024.IntPrj\Network Model.IntPrjfolder\Network Data.IntPrjfolder\Expansión 345 kV.ElmNet\Julio Sauri.ElmSite\ZJSAUD.ElmSubstat\E6(2).ElmTerm\Cub_1.StaCubic\ZJSA1E_ZITAGE-L2-7SJ62.ElmRelay\I2p 46 TOC.RelToc,1,SUR CERCANO,SUR,Expansión 345 kV,ZJSAUD,I2p 46 TOC
Overload 49,\VM-PF.IntUser\PDD 31-12-2024.IntPrj\Network Model.IntPrjfolder\Network Data.IntPrjfolder\Expansión 345 kV.ElmNet\Julio Sauri.ElmSite\ZJSAUD.ElmSubstat\E6(2).ElmTerm\Cub_1.StaCubic\ZJSA1E_ZITAGE-L2-7SJ62.ElmRelay\Overload 49.RelToc,1,SUR CERCANO,SUR,Expansión 345 kV,ZJSAUD,Overload 49
PTOC 51_67 1,\VM-PF.IntUser\PDD 31-12-2024.IntPrj\Network Model.IntPrjfolder\Network Data.IntPrjfolder\Expansión 345 kV.ElmNet\Quisqueya.ElmSite\QUISQUEYA 2.ElmSubstat\7.ElmTerm\Cub_1.StaCubic\ZQU21D_ZPBLAD-L1-REL670.ElmRelay\PTOC 51_67.ElmRelay\PTOC 51_67 1.RelToc,1,ESTE CERCANO,ESTE,Expansión 345 kV,QUISQUEYA 2,PTOC 51_67 1
PTOC 51_67 2,\VM-PF.IntUser\PDD 31-12-2024.IntPrj\Network Model.IntPrjfolder\Network Data.IntPrjfolder\Expansión 345 kV.ElmNet\Quisqueya.ElmSite\QUISQUEYA 2.ElmSubstat\7.ElmTerm\Cub_1.StaCubic\ZQU21D_ZPBLAD-L1-REL670.ElmRelay\PTOC 51_67.ElmRelay\PTOC 51_67 2.RelToc,1,ESTE CERCANO,ESTE,Expansión 345 kV,QUISQUEYA 2,PTOC 51_67 2
PTOC 51_67 3,\VM-PF.IntUser\PDD 31-12-2024.IntPrj\Network Model.IntPrjfolder\Network Data.IntPrjfolder\Expansión 345 kV.ElmNet\Quisqueya.ElmSite\QUISQUEYA 2.ElmSubstat\7.ElmTerm\Cub_1.StaCubic\ZQU21D_ZPBLAD-L1-REL670.ElmRelay\PTOC 51_67.ElmRelay\PTOC 51_67 3.RelToc,1,ESTE CERCANO,ESTE,Expansión 345 kV,QUISQUEYA 2,PTOC 51_67 3
PTOC 51_67 4,\VM-PF.IntUser\PDD 31-12-2024.IntPrj\Network Model.IntPrjfolder\Network Data.IntPrjfolder\Expansión 345 kV.ElmNet\Quisqueya.ElmSite\QUISQUEYA 2.ElmSubstat\7.ElmTerm\Cub_1.StaCubic\ZQU21D_ZPBLAD-L1-REL670.ElmRelay\PTOC 51_67.ElmRelay\PTOC 51_67 4.RelToc,1,ESTE CERCANO,ESTE,Expansión 345 kV,QUISQUEYA 2,PTOC 51_67 4
PTOC 51N_67N 1,\VM-PF.IntUser\PDD 31-12-2024.IntPrj\Network Model.IntPrjfolder\Network Data.IntPrjfolder\Expansión 345 kV.ElmNet\Quisqueya.ElmSite\QUISQUEYA 2.ElmSubstat\7.ElmTerm\Cub_1.StaCubic\ZQU21D_ZPBLAD-L1-REL670.ElmRelay\PTOC 51N67N.ElmRelay\PTOC 51N_67N 1.RelToc,1,ESTE CERCANO,ESTE,Expansión 345 kV,QUISQUEYA 2,PTOC 51N_67N 1
PTOC 51N_67N 2,\VM-PF.IntUser\PDD 31-12-2024.IntPrj\Network Model.IntPrjfolder\Network Data.IntPrjfolder\Expansión 345 kV.ElmNet\Quisqueya.ElmSite\QUISQUEYA 2.ElmSubstat\7.ElmTerm\Cub_1.StaCubic\ZQU21D_ZPBLAD-L1-REL670.ElmRelay\PTOC 51N67N.ElmRelay\PTOC 51N_67N 2.RelToc,1,ESTE CERCANO,ESTE,Expansión 345 kV,QUISQUEYA 2,PTOC 51N_67N 2
PTOC 51N_67N 3,\VM-PF.IntUser\PDD 31-12-2024.IntPrj\Network Model.IntPrjfolder\Network Data.IntPrjfolder\Expansión 345 kV.ElmNet\Quisqueya.ElmSite\QUISQUEYA 2.ElmSubstat\7.ElmTerm\Cub_1.StaCubic\ZQU21D_ZPBLAD-L1-REL670.ElmRelay\PTOC 51N67N.ElmRelay\PTOC 51N_67N 3.RelToc,1,ESTE CERCANO,ESTE,Expansión 345 kV,QUISQUEYA 2,PTOC 51N_67N 3
PTOC 51N_67N 4,\VM-PF.IntUser\PDD 31-12-2024.IntPrj\Network Model.IntPrjfolder\Network Data.IntPrjfolder\Expansión 345 kV.ElmNet\Quisqueya.ElmSite\QUISQUEYA 2.ElmSubstat\7.ElmTerm\Cub_1.StaCubic\ZQU21D_ZPBLAD-L1-REL670.ElmRelay\PTOC 51N67N.ElmRelay\PTOC 51N_67N 4.RelToc,1,ESTE CERCANO,ESTE,Expansión 345 kV,QUISQUEYA 2,PTOC 51N_67N 4
51P,\VM-PF.IntUser\PDD 31-12-2024.IntPrj\Network Model.IntPrjfolder\Network Data.IntPrjfolder\Expansión 345 kV.ElmNet\Quisqueya.ElmSite\QUISQUEYA 2.ElmSubstat\7.ElmTerm\Cub_1.StaCubic\ZQU21D_ZPBLAD-L1-SEL 311L.ElmRelay\51P.RelToc,1,ESTE CERCANO,ESTE,Expansión 345 kV,QUISQUEYA 2,51P
51N,\VM-PF.IntUser\PDD 31-12-2024.IntPrj\Network Model.IntPrjfolder\Network Data.IntPrjfolder\Expansión 345 kV.ElmNet\Quisqueya.ElmSite\QUISQUEYA 2.ElmSubstat\7.ElmTerm\Cub_1.StaCubic\ZQU21D_ZPBLAD-L1-SEL 311L.ElmRelay\51N.RelToc,1,ESTE CERCANO,ESTE,Expansión 345 kV,QUISQUEYA 2,51N
51Q,\VM-PF.IntUser\PDD 31-12-2024.IntPrj\Network Model.IntPrjfolder\Network Data.IntPrjfolder\Expansión 345 kV.ElmNet\Quisqueya.ElmSite\QUISQUEYA 2.ElmSubstat\7.ElmTerm\Cub_1.StaCubic\ZQU21D_ZPBLAD-L1-SEL 311L.ElmRelay\51Q.RelToc,1,ESTE CERCANO,ESTE,Expansión 345 kV,QUISQUEYA 2,51Q
PTOC 51_67 1,\VM-PF.IntUser\PDD 31-12-2024.IntPrj\Network Model.IntPrjfolder\Network Data.IntPrjfolder\Expansión 345 kV.ElmNet\Quisqueya.ElmSite\QUISQUEYA 1.ElmSubstat\4.ElmTerm\Cub_1.StaCubic\ZQU11D_ZPVDCD-L1-REL670.ElmRelay\PTOC 51_67.ElmRelay\PTOC 51_67 1.RelToc,1,ESTE CERCANO,ESTE,Expansión 345 kV,QUISQUEYA 1,PTOC 51_67 1
PTOC 51_67 2,\VM-PF.IntUser\PDD 31-12-2024.IntPrj\Network Model.IntPrjfolder\Network Data.IntPrjfolder\Expansión 345 kV.ElmNet\Quisqueya.ElmSite\QUISQUEYA 1.ElmSubstat\4.ElmTerm\Cub_1.StaCubic\ZQU11D_ZPVDCD-L1-REL670.ElmRelay\PTOC 51_67.ElmRelay\PTOC 51_67 2.RelToc,1,ESTE CERCANO,ESTE,Expansión 345 kV,QUISQUEYA 1,PTOC 51_67 2
PTOC 51_67 3,\VM-PF.IntUser\PDD 31-12-2024.IntPrj\Network Model.IntPrjfolder\Network Data.IntPrjfolder\Expansión 345 kV.ElmNet\Quisqueya.ElmSite\QUISQUEYA 1.ElmSubstat\4.ElmTerm\Cub_1.StaCubic\ZQU11D_ZPVDCD-L1-REL670.ElmRelay\PTOC 51_67.ElmRelay\PTOC 51_67 3.RelToc,1,ESTE CERCANO,ESTE,Expansión 345 kV,QUISQUEYA 1,PTOC 51_67 3
PTOC 51_67 4,\VM-PF.IntUser\PDD 31-12-2024.IntPrj\Network Model.IntPrjfolder\Network Data.IntPrjfolder\Expansión 345 kV.ElmNet\Quisqueya.ElmSite\QUISQUEYA 1.ElmSubstat\4.ElmTerm\Cub_1.StaCubic\ZQU11D_ZPVDCD-L1-REL670.ElmRelay\PTOC 51_67.ElmRelay\PTOC 51_67 4.RelToc,1,ESTE CERCANO,ESTE,Expansión 345 kV,QUISQUEYA 1,PTOC 51_67 4
PTOC 51N_67N 1,\VM-PF.IntUser\PDD 31-12-2024.IntPrj\Network Model.IntPrjfolder\Network Data.IntPrjfolder\Expansión 345 kV.ElmNet\Quisqueya.ElmSite\QUISQUEYA 1.ElmSubstat\4.ElmTerm\Cub_1.StaCubic\ZQU11D_ZPVDCD-L1-REL670.ElmRelay\PTOC 51N67N.ElmRelay\PTOC 51N_67N 1.RelToc,1,ESTE CERCANO,ESTE,Expansión 345 kV,QUISQUEYA 1,PTOC 51N_67N 1
PTOC 51N_67N 2,\VM-PF.IntUser\PDD 31-12-2024.IntPrj\Network Model.IntPrjfolder\Network Data.IntPrjfolder\Expansión 345 kV.ElmNet\Quisqueya.ElmSite\QUISQUEYA 1.ElmSubstat\4.ElmTerm\Cub_1.StaCubic\ZQU11D_ZPVDCD-L1-REL670.ElmRelay\PTOC 51N67N.ElmRelay\PTOC 51N_67N 2.RelToc,1,ESTE CERCANO,ESTE,Expansión 345 kV,QUISQUEYA 1,PTOC 51N_67N 2
PTOC 51N_67N 3,\VM-PF.IntUser\PDD 31-12-2024.IntPrj\Network Model.IntPrjfolder\Network Data.IntPrjfolder\Expansión 345 kV.ElmNet\Quisqueya.ElmSite\QUISQUEYA 1.ElmSubstat\4.ElmTerm\Cub_1.StaCubic\ZQU11D_ZPVDCD-L1-REL670.ElmRelay\PTOC 51N67N.ElmRelay\PTOC 51N_67N 3.RelToc,1,ESTE CERCANO,ESTE,Expansión 345 kV,QUISQUEYA 1,PTOC 51N_67N 3
PTOC 51N_67N 4,\VM-PF.IntUser\PDD 31-12-2024.IntPrj\Network Model.IntPrjfolder\Network Data.IntPrjfolder\Expansión 345 kV.ElmNet\Quisqueya.ElmSite\QUISQUEYA 1.ElmSubstat\4.ElmTerm\Cub_1.StaCubic\ZQU11D_ZPVDCD-L1-REL670.ElmRelay\PTOC 51N67N.ElmRelay\PTOC 51N_67N 4.RelToc,1,ESTE CERCANO,ESTE,Expansión 345 kV,QUISQUEYA 1,PTOC 51N_67N 4
51P,\VM-PF.IntUser\PDD 31-12-2024.IntPrj\Network Model.IntPrjfolder\Network Data.IntPrjfolder\Expansión 345 kV.ElmNet\Quisqueya.ElmSite\QUISQUEYA 1.ElmSubstat\4.ElmTerm\Cub_1.StaCubic\ZQU11D_ZPVDCD-L1-SEL 311L.ElmRelay\51P.RelToc,1,ESTE CERCANO,ESTE,Expansión 345 kV,QUISQUEYA 1,51P
51N,\VM-PF.IntUser\PDD 31-12-2024.IntPrj\Network Model.IntPrjfolder\Network Data.IntPrjfolder\Expansión 345 kV.ElmNet\Quisqueya.ElmSite\QUISQUEYA 1.ElmSubstat\4.ElmTerm\Cub_1.StaCubic\ZQU11D_ZPVDCD-L1-SEL 311L.ElmRelay\51N.RelToc,1,ESTE CERCANO,ESTE,Expansión 345 kV,QUISQUEYA 1,51N
51Q,\VM-PF.IntUser\PDD 31-12-2024.IntPrj\Network Model.IntPrjfolder\Network Data.IntPrjfolder\Expansión 345 kV.ElmNet\Quisqueya.ElmSite\QUISQUEYA 1.ElmSubstat\4.ElmTerm\Cub_1.StaCubic\ZQU11D_ZPVDCD-L1-SEL 311L.ElmRelay\51Q.RelToc,1,ESTE CERCANO,ESTE,Expansión 345 kV,QUISQUEYA 1,51Q
51P,\VM-PF.IntUser\PDD 31-12-2024.IntPrj\Network Model.IntPrjfolder\Network Data.IntPrjfolder\Expansión 345 kV.ElmNet\PVDC.ElmSite\ZPVDCD.ElmSubstat\L1.ElmTerm\Cub_1.StaCubic\ZPVDCD_ZPBLAD-L1-SEL 311L.ElmRelay\51P.RelToc,1,CIBAO SUR,NORTE,Expansión 345 kV,ZPVDCD,51P
51N,\VM-PF.IntUser\PDD 31-12-2024.IntPrj\Network Model.IntPrjfolder\Network Data.IntPrjfolder\Expansión 345 kV.ElmNet\PVDC.ElmSite\ZPVDCD.ElmSubstat\L1.ElmTerm\Cub_1.StaCubic\ZPVDCD_ZPBLAD-L1-SEL 311L.ElmRelay\51N.RelToc,1,CIBAO SUR,NORTE,Expansión 345 kV,ZPVDCD,51N
51Q,\VM-PF.IntUser\PDD 31-12-2024.IntPrj\Network Model.IntPrjfolder\Network Data.IntPrjfolder\Expansión 345 kV.ElmNet\PVDC.ElmSite\ZPVDCD.ElmSubstat\L1.ElmTerm\Cub_1.StaCubic\ZPVDCD_ZPBLAD-L1-SEL 311L.ElmRelay\51Q.RelToc,1,CIBAO SUR,NORTE,Expansión 345 kV,ZPVDCD,51Q
51P,\VM-PF.IntUser\PDD 31-12-2024.IntPrj\Network Model.IntPrjfolder\Network Data.IntPrjfolder\Expansión 345 kV.ElmNet\PVDC.ElmSite\ZPVDCD.ElmSubstat\R1.ElmTerm\Cub_1.StaCubic\ZPVDCD_ZQU11D-L1-SEL 311L.ElmRelay\51P.RelToc,1,CIBAO SUR,NORTE,Expansión 345 kV,ZPVDCD,51P
51N,\VM-PF.IntUser\PDD 31-12-2024.IntPrj\Network Model.IntPrjfolder\Network Data.IntPrjfolder\Expansión 345 kV.ElmNet\PVDC.ElmSite\ZPVDCD.ElmSubstat\R1.ElmTerm\Cub_1.StaCubic\ZPVDCD_ZQU11D-L1-SEL 311L.ElmRelay\51N.RelToc,1,CIBAO SUR,NORTE,Expansión 345 kV,ZPVDCD,51N
51Q,\VM-PF.IntUser\PDD 31-12-2024.IntPrj\Network Model.IntPrjfolder\Network Data.IntPrjfolder\Expansión 345 kV.ElmNet\PVDC.ElmSite\ZPVDCD.ElmSubstat\R1.ElmTerm\Cub_1.StaCubic\ZPVDCD_ZQU11D-L1-SEL 311L.ElmRelay\51Q.RelToc,1,CIBAO SUR,NORTE,Expansión 345 kV,ZPVDCD,51Q
51P,\VM-PF.IntUser\PDD 31-12-2024.IntPrj\Network Model.IntPrjfolder\Network Data.IntPrjfolder\ESTE 138 kV.ElmNet\Sultana del Este.ElmSite\ZSESTE.ElmSubstat\5.ElmTerm\Cub_1.StaCubic\ZSESTE_ZSPBEE-L1-SEL 311L.ElmRelay\51P.RelToc,1,ESTE CERCANO,ESTE,ESTE 138 kV,ZSESTE,51P
51N,\VM-PF.IntUser\PDD 31-12-2024.IntPrj\Network Model.IntPrjfolder\Network Data.IntPrjfolder\ESTE 138 kV.ElmNet\Sultana del Este.ElmSite\ZSESTE.ElmSubstat\5.ElmTerm\Cub_1.StaCubic\ZSESTE_ZSPBEE-L1-SEL 311L.ElmRelay\51N.RelToc,1,ESTE CERCANO,ESTE,ESTE 138 kV,ZSESTE,51N
51Q,\VM-PF.IntUser\PDD 31-12-2024.IntPrj\Network Model.IntPrjfolder\Network Data.IntPrjfolder\ESTE 138 kV.ElmNet\Sultana del Este.ElmSite\ZSESTE.ElmSubstat\5.ElmTerm\Cub_1.StaCubic\ZSESTE_ZSPBEE-L1-SEL 311L.ElmRelay\51Q.RelToc,1,ESTE CERCANO,ESTE,ESTE 138 kV,ZSESTE,51Q
51S1P,\VM-PF.IntUser\PDD 31-12-2024.IntPrj\Network Model.IntPrjfolder\Network Data.IntPrjfolder\ESTE 138 kV.ElmNet\Sultana del Este.ElmSite\ZSESTE.ElmSubstat\5.ElmTerm\Cub_1.StaCubic\ZSESTE_ZSPBEE-L1-SEL 421.ElmRelay\51S1P.RelToc,1,ESTE CERCANO,ESTE,ESTE 138 kV,ZSESTE,51S1P
51S2P,\VM-PF.IntUser\PDD 31-12-2024.IntPrj\Network Model.IntPrjfolder\Network Data.IntPrjfolder\ESTE 138 kV.ElmNet\Sultana del Este.ElmSite\ZSESTE.ElmSubstat\5.ElmTerm\Cub_1.StaCubic\ZSESTE_ZSPBEE-L1-SEL 421.ElmRelay\51S2P.RelToc,1,ESTE CERCANO,ESTE,ESTE 138 kV,ZSESTE,51S2P
51S3P,\VM-PF.IntUser\PDD 31-12-2024.IntPrj\Network Model.IntPrjfolder\Network Data.IntPrjfolder\ESTE 138 kV.ElmNet\Sultana del Este.ElmSite\ZSESTE.ElmSubstat\5.ElmTerm\Cub_1.StaCubic\ZSESTE_ZSPBEE-L1-SEL 421.ElmRelay\51S3P.RelToc,1,ESTE CERCANO,ESTE,ESTE 138 kV,ZSESTE,51S3P
51S1I1,\VM-PF.IntUser\PDD 31-12-2024.IntPrj\Network Model.IntPrjfolder\Network Data.IntPrjfolder\ESTE 138 kV.ElmNet\Sultana del Este.ElmSite\ZSESTE.ElmSubstat\5.ElmTerm\Cub_1.StaCubic\ZSESTE_ZSPBEE-L1-SEL 421.ElmRelay\51S1I1.RelToc,1,ESTE CERCANO,ESTE,ESTE 138 kV,ZSESTE,51S1I1
51S2I1,\VM-PF.IntUser\PDD 31-12-2024.IntPrj\Network Model.IntPrjfolder\Network Data.IntPrjfolder\ESTE 138 kV.ElmNet\Sultana del Este.ElmSite\ZSESTE.ElmSubstat\5.ElmTerm\Cub_1.StaCubic\ZSESTE_ZSPBEE-L1-SEL 421.ElmRelay\51S2I1.RelToc,1,ESTE CERCANO,ESTE,ESTE 138 kV,ZSESTE,51S2I1
51S3I1,\VM-PF.IntUser\PDD 31-12-2024.IntPrj\Network Model.IntPrjfolder\Network Data.IntPrjfolder\ESTE 138 kV.ElmNet\Sultana del Este.ElmSite\ZSESTE.ElmSubstat\5.ElmTerm\Cub_1.StaCubic\ZSESTE_ZSPBEE-L1-SEL 421.ElmRelay\51S3I1.RelToc,1,ESTE CERCANO,ESTE,ESTE 138 kV,ZSESTE,51S3I1
51S1N,\VM-PF.IntUser\PDD 31-12-2024.IntPrj\Network Model.IntPrjfolder\Network Data.IntPrjfolder\ESTE 138 kV.ElmNet\Sultana del Este.ElmSite\ZSESTE.ElmSubstat\5.ElmTerm\Cub_1.StaCubic\ZSESTE_ZSPBEE-L1-SEL 421.ElmRelay\51S1N.RelToc,1,ESTE CERCANO,ESTE,ESTE 138 kV,ZSESTE,51S1N
51S2N,\VM-PF.IntUser\PDD 31-12-2024.IntPrj\Network Model.IntPrjfolder\Network Data.IntPrjfolder\ESTE 138 kV.ElmNet\Sultana del Este.ElmSite\ZSESTE.ElmSubstat\5.ElmTerm\Cub_1.StaCubic\ZSESTE_ZSPBEE-L1-SEL 421.ElmRelay\51S2N.RelToc,1,ESTE CERCANO,ESTE,ESTE 138 kV,ZSESTE,51S2N
51S3N,\VM-PF.IntUser\PDD 31-12-2024.IntPrj\Network Model.IntPrjfolder\Network Data.IntPrjfolder\ESTE 138 kV.ElmNet\Sultana del Este.ElmSite\ZSESTE.ElmSubstat\5.ElmTerm\Cub_1.StaCubic\ZSESTE_ZSPBEE-L1-SEL 421.ElmRelay\51S3N.RelToc,1,ESTE CERCANO,ESTE,ESTE 138 kV,ZSESTE,51S3N
51S1Q,\VM-PF.IntUser\PDD 31-12-2024.IntPrj\Network Model.IntPrjfolder\Network Data.IntPrjfolder\ESTE 138 kV.ElmNet\Sultana del Este.ElmSite\ZSESTE.ElmSubstat\5.ElmTerm\Cub_1.StaCubic\ZSESTE_ZSPBEE-L1-SEL 421.ElmRelay\51S1Q.RelToc,1,ESTE CERCANO,ESTE,ESTE 138 kV,ZSESTE,51S1Q
51S2Q,\VM-PF.IntUser\PDD 31-12-2024.IntPrj\Network Model.IntPrjfolder\Network Data.IntPrjfolder\ESTE 138 kV.ElmNet\Sultana del Este.ElmSite\ZSESTE.ElmSubstat\5.ElmTerm\Cub_1.StaCubic\ZSESTE_ZSPBEE-L1-SEL 421.ElmRelay\51S2Q.RelToc,1,ESTE CERCANO,ESTE,ESTE 138 kV,ZSESTE,51S2Q
51S3Q,\VM-PF.IntUser\PDD 31-12-2024.IntPrj\Network Model.IntPrjfolder\Network Data.IntPrjfolder\ESTE 138 kV.ElmNet\Sultana del Este.ElmSite\ZSESTE.ElmSubstat\5.ElmTerm\Cub_1.StaCubic\ZSESTE_ZSPBEE-L1-SEL 421.ElmRelay\51S3Q.RelToc,1,ESTE CERCANO,ESTE,ESTE 138 kV,ZSESTE,51S3Q
Ip,\VM-PF.IntUser\PDD 31-12-2024.IntPrj\Network Model.IntPrjfolder\Network Data.IntPrjfolder\ESTE 138 kV.ElmNet\La Romana.ElmSite\ZLROME.ElmSubstat\1.ElmTerm\Cub_1.StaCubic\ZLROME_ZHIGUE-L1-7SD52.ElmRelay\Distance/Overcurrent/Voltage.ElmRelay\Ip.RelToc,1,ESTE PROFUNDO,ESTE,ESTE 138 kV,ZLROME,Ip
Thr. Overload,\VM-PF.IntUser\PDD 31-12-2024.IntPrj\Network Model.IntPrjfolder\Network Data.IntPrjfolder\ESTE 138 kV.ElmNet\La Romana.ElmSite\ZLROME.ElmSubstat\1.ElmTerm\Cub_1.StaCubic\ZLROME_ZHIGUE-L1-7SD52.ElmRelay\Distance/Overcurrent/Voltage.ElmRelay\Thr. Overload.RelToc,1,ESTE PROFUNDO,ESTE,ESTE 138 kV,ZLROME,Thr. Overload
I0p,\VM-PF.IntUser\PDD 31-12-2024.IntPrj\Network Model.IntPrjfolder\Network Data.IntPrjfolder\ESTE 138 kV.ElmNet\La Romana.ElmSite\ZLROME.ElmSubstat\1.ElmTerm\Cub_1.StaCubic\ZLROME_ZHIGUE-L1-7SD52.ElmRelay\Distance/Overcurrent/Voltage.ElmRelay\I0p.RelToc,1,ESTE PROFUNDO,ESTE,ESTE 138 kV,ZLROME,I0p
PTOC 51_67 1,\VM-PF.IntUser\PDD 31-12-2024.IntPrj\Network Model.IntPrjfolder\Network Data.IntPrjfolder\ESTE 138 kV.ElmNet\La Romana.ElmSite\ZLROME.ElmSubstat\1.ElmTerm\Cub_1.StaCubic\ZLROME_ZHIGUE-L1-REL670.ElmRelay\PTOC 51_67.ElmRelay\PTOC 51_67 1.RelToc,1,ESTE PROFUNDO,ESTE,ESTE 138 kV,ZLROME,PTOC 51_67 1
PTOC 51_67 2,\VM-PF.IntUser\PDD 31-12-2024.IntPrj\Network Model.IntPrjfolder\Network Data.IntPrjfolder\ESTE 138 kV.ElmNet\La Romana.ElmSite\ZLROME.ElmSubstat\1.ElmTerm\Cub_1.StaCubic\ZLROME_ZHIGUE-L1-REL670.ElmRelay\PTOC 51_67.ElmRelay\PTOC 51_67 2.RelToc,1,ESTE PROFUNDO,ESTE,ESTE 138 kV,ZLROME,PTOC 51_67 2
PTOC 51_67 3,\VM-PF.IntUser\PDD 31-12-2024.IntPrj\Network Model.IntPrjfolder\Network Data.IntPrjfolder\ESTE 138 kV.ElmNet\La Romana.ElmSite\ZLROME.ElmSubstat\1.ElmTerm\Cub_1.StaCubic\ZLROME_ZHIGUE-L1-REL670.ElmRelay\PTOC 51_67.ElmRelay\PTOC 51_67 3.RelToc,1,ESTE PROFUNDO,ESTE,ESTE 138 kV,ZLROME,PTOC 51_67 3
PTOC 51_67 4,\VM-PF.IntUser\PDD 31-12-2024.IntPrj\Network Model.IntPrjfolder\Network Data.IntPrjfolder\ESTE 138 kV.ElmNet\La Romana.ElmSite\ZLROME.ElmSubstat\1.ElmTerm\Cub_1.StaCubic\ZLROME_ZHIGUE-L1-REL670.ElmRelay\PTOC 51_67.ElmRelay\PTOC 51_67 4.RelToc,1,ESTE PROFUNDO,ESTE,ESTE 138 kV,ZLROME,PTOC 51_67 4
PTOC 51N_67N 1,\VM-PF.IntUser\PDD 31-12-2024.IntPrj\Network Model.IntPrjfolder\Network Data.IntPrjfolder\ESTE 138 kV.ElmNet\La Romana.ElmSite\ZLROME.ElmSubstat\1.ElmTerm\Cub_1.StaCubic\ZLROME_ZHIGUE-L1-REL670.ElmRelay\PTOC 51N67N.ElmRelay\PTOC 51N_67N 1.RelToc,1,ESTE PROFUNDO,ESTE,ESTE 138 kV,ZLROME,PTOC 51N_67N 1
PTOC 51N_67N 2,\VM-PF.IntUser\PDD 31-12-2024.IntPrj\Network Model.IntPrjfolder\Network Data.IntPrjfolder\ESTE 138 kV.ElmNet\La Romana.ElmSite\ZLROME.ElmSubstat\1.ElmTerm\Cub_1.StaCubic\ZLROME_ZHIGUE-L1-REL670.ElmRelay\PTOC 51N67N.ElmRelay\PTOC 51N_67N 2.RelToc,1,ESTE PROFUNDO,ESTE,ESTE 138 kV,ZLROME,PTOC 51N_67N 2
PTOC 51N_67N 3,\VM-PF.IntUser\PDD 31-12-2024.IntPrj\Network Model.IntPrjfolder\Network Data.IntPrjfolder\ESTE 138 kV.ElmNet\La Romana.ElmSite\ZLROME.ElmSubstat\1.ElmTerm\Cub_1.StaCubic\ZLROME_ZHIGUE-L1-REL670.ElmRelay\PTOC 51N67N.ElmRelay\PTOC 51N_67N 3.RelToc,1,ESTE PROFUNDO,ESTE,ESTE 138 kV,ZLROME,PTOC 51N_67N 3
PTOC 51N_67N 4,\VM-PF.IntUser\PDD 31-12-2024.IntPrj\Network Model.IntPrjfolder\Network Data.IntPrjfolder\ESTE 138 kV.ElmNet\La Romana.ElmSite\ZLROME.ElmSubstat\1.ElmTerm\Cub_1.StaCubic\ZLROME_ZHIGUE-L1-REL670.ElmRelay\PTOC 51N67N.ElmRelay\PTOC 51N_67N 4.RelToc,1,ESTE PROFUNDO,ESTE,ESTE 138 kV,ZLROME,PTOC 51N_67N 4
Ip,\VM-PF.IntUser\PDD 31-12-2024.IntPrj\Network Model.IntPrjfolder\Network Data.IntPrjfolder\ESTE 138 kV.ElmNet\La Romana.ElmSite\ZLROME.ElmSubstat\4.ElmTerm\Cub_1.StaCubic\ZLROME_ZSPMBE-L2-7SD52.ElmRelay\Distance/Overcurrent/Voltage.ElmRelay\Ip.RelToc,1,ESTE PROFUNDO,ESTE,ESTE 138 kV,ZLROME,Ip
Thr. Overload,\VM-PF.IntUser\PDD 31-12-2024.IntPrj\Network Model.IntPrjfolder\Network Data.IntPrjfolder\ESTE 138 kV.ElmNet\La Romana.ElmSite\ZLROME.ElmSubstat\4.ElmTerm\Cub_1.StaCubic\ZLROME_ZSPMBE-L2-7SD52.ElmRelay\Distance/Overcurrent/Voltage.ElmRelay\Thr. Overload.RelToc,1,ESTE PROFUNDO,ESTE,ESTE 138 kV,ZLROME,Thr. Overload
I0p,\VM-PF.IntUser\PDD 31-12-2024.IntPrj\Network Model.IntPrjfolder\Network Data.IntPrjfolder\ESTE 138 kV.ElmNet\La Romana.ElmSite\ZLROME.ElmSubstat\4.ElmTerm\Cub_1.StaCubic\ZLROME_ZSPMBE-L2-7SD52.ElmRelay\Distance/Overcurrent/Voltage.ElmRelay\I0p.RelToc,1,ESTE PROFUNDO,ESTE,ESTE 138 kV,ZLROME,I0p
Ip 51,\VM-PF.IntUser\PDD 31-12-2024.IntPrj\Network Model.IntPrjfolder\Network Data.IntPrjfolder\ESTE 138 kV.ElmNet\La Romana.ElmSite\ZLROME.ElmSubstat\4.ElmTerm\Cub_1.StaCubic\ZLROME_ZSPMBE-L2-7SJ62.ElmRelay\Ip 51.RelToc,1,ESTE PROFUNDO,ESTE,ESTE 138 kV,ZLROME,Ip 51
Iep 51N,\VM-PF.IntUser\PDD 31-12-2024.IntPrj\Network Model.IntPrjfolder\Network Data.IntPrjfolder\ESTE 138 kV.ElmNet\La Romana.ElmSite\ZLROME.ElmSubstat\4.ElmTerm\Cub_1.StaCubic\ZLROME_ZSPMBE-L2-7SJ62.ElmRelay\Iep 51N.RelToc,1,ESTE PROFUNDO,ESTE,ESTE 138 kV,ZLROME,Iep 51N
Ip 67 TOC,\VM-PF.IntUser\PDD 31-12-2024.IntPrj\Network Model.IntPrjfolder\Network Data.IntPrjfolder\ESTE 138 kV.ElmNet\La Romana.ElmSite\ZLROME.ElmSubstat\4.ElmTerm\Cub_1.StaCubic\ZLROME_ZSPMBE-L2-7SJ62.ElmRelay\Ip 67 TOC.RelToc,1,ESTE PROFUNDO,ESTE,ESTE 138 kV,ZLROME,Ip 67 TOC
Iep 67N TOC,\VM-PF.IntUser\PDD 31-12-2024.IntPrj\Network Model.IntPrjfolder\Network Data.IntPrjfolder\ESTE 138 kV.ElmNet\La Romana.ElmSite\ZLROME.ElmSubstat\4.ElmTerm\Cub_1.StaCubic\ZLROME_ZSPMBE-L2-7SJ62.ElmRelay\Iep 67N TOC.RelToc,1,ESTE PROFUNDO,ESTE,ESTE 138 kV,ZLROME,Iep 67N TOC
I2p 46 TOC,\VM-PF.IntUser\PDD 31-12-2024.IntPrj\Network Model.IntPrjfolder\Network Data.IntPrjfolder\ESTE 138 kV.ElmNet\La Romana.ElmSite\ZLROME.ElmSubstat\4.ElmTerm\Cub_1.StaCubic\ZLROME_ZSPMBE-L2-7SJ62.ElmRelay\I2p 46 TOC.RelToc,1,ESTE PROFUNDO,ESTE,ESTE 138 kV,ZLROME,I2p 46 TOC
Overload 49,\VM-PF.IntUser\PDD 31-12-2024.IntPrj\Network Model.IntPrjfolder\Network Data.IntPrjfolder\ESTE 138 kV.ElmNet\La Romana.ElmSite\ZLROME.ElmSubstat\4.ElmTerm\Cub_1.StaCubic\ZLROME_ZSPMBE-L2-7SJ62.ElmRelay\Overload 49.RelToc,1,ESTE PROFUNDO,ESTE,ESTE 138 kV,ZLROME,Overload 49
PTOC 51_67 1,\VM-PF.IntUser\PDD 31-12-2024.IntPrj\Network Model.IntPrjfolder\Network Data.IntPrjfolder\ESTE 138 kV.ElmNet\La Romana.ElmSite\ZLROME.ElmSubstat\4.ElmTerm\Cub_1.StaCubic\ZLROME_ZSPMBE-L2-REL670.ElmRelay\PTOC 51_67.ElmRelay\PTOC 51_67 1.RelToc,1,ESTE PROFUNDO,ESTE,ESTE 138 kV,ZLROME,PTOC 51_67 1
PTOC 51_67 2,\VM-PF.IntUser\PDD 31-12-2024.IntPrj\Network Model.IntPrjfolder\Network Data.IntPrjfolder\ESTE 138 kV.ElmNet\La Romana.ElmSite\ZLROME.ElmSubstat\4.ElmTerm\Cub_1.StaCubic\ZLROME_ZSPMBE-L2-REL670.ElmRelay\PTOC 51_67.ElmRelay\PTOC 51_67 2.RelToc,1,ESTE PROFUNDO,ESTE,ESTE 138 kV,ZLROME,PTOC 51_67 2
PTOC 51_67 3,\VM-PF.IntUser\PDD 31-12-2024.IntPrj\Network Model.IntPrjfolder\Network Data.IntPrjfolder\ESTE 138 kV.ElmNet\La Romana.ElmSite\ZLROME.ElmSubstat\4.ElmTerm\Cub_1.StaCubic\ZLROME_ZSPMBE-L2-REL670.ElmRelay\PTOC 51_67.ElmRelay\PTOC 51_67 3.RelToc,1,ESTE PROFUNDO,ESTE,ESTE 138 kV,ZLROME,PTOC 51_67 3
PTOC 51_67 4,\VM-PF.IntUser\PDD 31-12-2024.IntPrj\Network Model.IntPrjfolder\Network Data.IntPrjfolder\ESTE 138 kV.ElmNet\La Romana.ElmSite\ZLROME.ElmSubstat\4.ElmTerm\Cub_1.StaCubic\ZLROME_ZSPMBE-L2-REL670.ElmRelay\PTOC 51_67.ElmRelay\PTOC 51_67 4.RelToc,1,ESTE PROFUNDO,ESTE,ESTE 138 kV,ZLROME,PTOC 51_67 4
PTOC 51N_67N 1,\VM-PF.IntUser\PDD 31-12-2024.IntPrj\Network Model.IntPrjfolder\Network Data.IntPrjfolder\ESTE 138 kV.ElmNet\La Romana.ElmSite\ZLROME.ElmSubstat\4.ElmTerm\Cub_1.StaCubic\ZLROME_ZSPMBE-L2-REL670.ElmRelay\PTOC 51N67N.ElmRelay\PTOC 51N_67N 1.RelToc,1,ESTE PROFUNDO,ESTE,ESTE 138 kV,ZLROME,PTOC 51N_67N 1
PTOC 51N_67N 2,\VM-PF.IntUser\PDD 31-12-2024.IntPrj\Network Model.IntPrjfolder\Network Data.IntPrjfolder\ESTE 138 kV.ElmNet\La Romana.ElmSite\ZLROME.ElmSubstat\4.ElmTerm\Cub_1.StaCubic\ZLROME_ZSPMBE-L2-REL670.ElmRelay\PTOC 51N67N.ElmRelay\PTOC 51N_67N 2.RelToc,1,ESTE PROFUNDO,ESTE,ESTE 138 kV,ZLROME,PTOC 51N_67N 2
PTOC 51N_67N 3,\VM-PF.IntUser\PDD 31-12-2024.IntPrj\Network Model.IntPrjfolder\Network Data.IntPrjfolder\ESTE 138 kV.ElmNet\La Romana.ElmSite\ZLROME.ElmSubstat\4.ElmTerm\Cub_1.StaCubic\ZLROME_ZSPMBE-L2-REL670.ElmRelay\PTOC 51N67N.ElmRelay\PTOC 51N_67N 3.RelToc,1,ESTE PROFUNDO,ESTE,ESTE 138 kV,ZLROME,PTOC 51N_67N 3
PTOC 51N_67N 4,\VM-PF.IntUser\PDD 31-12-2024.IntPrj\Network Model.IntPrjfolder\Network Data.IntPrjfolder\ESTE 138 kV.ElmNet\La Romana.ElmSite\ZLROME.ElmSubstat\4.ElmTerm\Cub_1.StaCubic\ZLROME_ZSPMBE-L2-REL670.ElmRelay\PTOC 51N67N.ElmRelay\PTOC 51N_67N 4.RelToc,1,ESTE PROFUNDO,ESTE,ESTE 138 kV,ZLROME,PTOC 51N_67N 4
Ip,\VM-PF.IntUser\PDD 31-12-2024.IntPrj\Network Model.IntPrjfolder\Network Data.IntPrjfolder\ESTE 138 kV.ElmNet\La Romana.ElmSite\ZLROME.ElmSubstat\5.ElmTerm\Cub_1.StaCubic\ZLROME_ZSPMBE-L1-7SD52.ElmRelay\Distance/Overcurrent/Voltage.ElmRelay\Ip.RelToc,1,ESTE PROFUNDO,ESTE,ESTE 138 kV,ZLROME,Ip
Thr. Overload,\VM-PF.IntUser\PDD 31-12-2024.IntPrj\Network Model.IntPrjfolder\Network Data.IntPrjfolder\ESTE 138 kV.ElmNet\La Romana.ElmSite\ZLROME.ElmSubstat\5.ElmTerm\Cub_1.StaCubic\ZLROME_ZSPMBE-L1-7SD52.ElmRelay\Distance/Overcurrent/Voltage.ElmRelay\Thr. Overload.RelToc,1,ESTE PROFUNDO,ESTE,ESTE 138 kV,ZLROME,Thr. Overload
I0p,\VM-PF.IntUser\PDD 31-12-2024.IntPrj\Network Model.IntPrjfolder\Network Data.IntPrjfolder\ESTE 138 kV.ElmNet\La Romana.ElmSite\ZLROME.ElmSubstat\5.ElmTerm\Cub_1.StaCubic\ZLROME_ZSPMBE-L1-7SD52.ElmRelay\Distance/Overcurrent/Voltage.ElmRelay\I0p.RelToc,1,ESTE PROFUNDO,ESTE,ESTE 138 kV,ZLROME,I0p
Ip 51,\VM-PF.IntUser\PDD 31-12-2024.IntPrj\Network Model.IntPrjfolder\Network Data.IntPrjfolder\ESTE 138 kV.ElmNet\La Romana.ElmSite\ZLROME.ElmSubstat\5.ElmTerm\Cub_1.StaCubic\ZLROME_ZSPMBE-L1-7SJ62.ElmRelay\Ip 51.RelToc,1,ESTE PROFUNDO,ESTE,ESTE 138 kV,ZLROME,Ip 51
Iep 51N,\VM-PF.IntUser\PDD 31-12-2024.IntPrj\Network Model.IntPrjfolder\Network Data.IntPrjfolder\ESTE 138 kV.ElmNet\La Romana.ElmSite\ZLROME.ElmSubstat\5.ElmTerm\Cub_1.StaCubic\ZLROME_ZSPMBE-L1-7SJ62.ElmRelay\Iep 51N.RelToc,1,ESTE PROFUNDO,ESTE,ESTE 138 kV,ZLROME,Iep 51N
Ip 67 TOC,\VM-PF.IntUser\PDD 31-12-2024.IntPrj\Network Model.IntPrjfolder\Network Data.IntPrjfolder\ESTE 138 kV.ElmNet\La Romana.ElmSite\ZLROME.ElmSubstat\5.ElmTerm\Cub_1.StaCubic\ZLROME_ZSPMBE-L1-7SJ62.ElmRelay\Ip 67 TOC.RelToc,1,ESTE PROFUNDO,ESTE,ESTE 138 kV,ZLROME,Ip 67 TOC
Iep 67N TOC,\VM-PF.IntUser\PDD 31-12-2024.IntPrj\Network Model.IntPrjfolder\Network Data.IntPrjfolder\ESTE 138 kV.ElmNet\La Romana.ElmSite\ZLROME.ElmSubstat\5.ElmTerm\Cub_1.StaCubic\ZLROME_ZSPMBE-L1-7SJ62.ElmRelay\Iep 67N TOC.RelToc,1,ESTE PROFUNDO,ESTE,ESTE 138 kV,ZLROME,Iep 67N TOC
I2p 46 TOC,\VM-PF.IntUser\PDD 31-12-2024.IntPrj\Network Model.IntPrjfolder\Network Data.IntPrjfolder\ESTE 138 kV.ElmNet\La Romana.ElmSite\ZLROME.ElmSubstat\5.ElmTerm\Cub_1.StaCubic\ZLROME_ZSPMBE-L1-7SJ62.ElmRelay\I2p 46 TOC.RelToc,1,ESTE PROFUNDO,ESTE,ESTE 138 kV,ZLROME,I2p 46 TOC
Overload 49,\VM-PF.IntUser\PDD 31-12-2024.IntPrj\Network Model.IntPrjfolder\Network Data.IntPrjfolder\ESTE 138 kV.ElmNet\La Romana.ElmSite\ZLROME.ElmSubstat\5.ElmTerm\Cub_1.StaCubic\ZLROME_ZSPMBE-L1-7SJ62.ElmRelay\Overload 49.RelToc,1,ESTE PROFUNDO,ESTE,ESTE 138 kV,ZLROME,Overload 49
PTOC 51_67 1,\VM-PF.IntUser\PDD 31-12-2024.IntPrj\Network Model.IntPrjfolder\Network Data.IntPrjfolder\ESTE 138 kV.ElmNet\La Romana.ElmSite\ZLROME.ElmSubstat\5.ElmTerm\Cub_1.StaCubic\ZLROME_ZSPMBE-L1-REL670.ElmRelay\PTOC 51_67.ElmRelay\PTOC 51_67 1.RelToc,1,ESTE PROFUNDO,ESTE,ESTE 138 kV,ZLROME,PTOC 51_67 1
PTOC 51_67 2,\VM-PF.IntUser\PDD 31-12-2024.IntPrj\Network Model.IntPrjfolder\Network Data.IntPrjfolder\ESTE 138 kV.ElmNet\La Romana.ElmSite\ZLROME.ElmSubstat\5.ElmTerm\Cub_1.StaCubic\ZLROME_ZSPMBE-L1-REL670.ElmRelay\PTOC 51_67.ElmRelay\PTOC 51_67 2.RelToc,1,ESTE PROFUNDO,ESTE,ESTE 138 kV,ZLROME,PTOC 51_67 2
PTOC 51_67 3,\VM-PF.IntUser\PDD 31-12-2024.IntPrj\Network Model.IntPrjfolder\Network Data.IntPrjfolder\ESTE 138 kV.ElmNet\La Romana.ElmSite\ZLROME.ElmSubstat\5.ElmTerm\Cub_1.StaCubic\ZLROME_ZSPMBE-L1-REL670.ElmRelay\PTOC 51_67.ElmRelay\PTOC 51_67 3.RelToc,1,ESTE PROFUNDO,ESTE,ESTE 138 kV,ZLROME,PTOC 51_67 3
PTOC 51_67 4,\VM-PF.IntUser\PDD 31-12-2024.IntPrj\Network Model.IntPrjfolder\Network Data.IntPrjfolder\ESTE 138 kV.ElmNet\La Romana.ElmSite\ZLROME.ElmSubstat\5.ElmTerm\Cub_1.StaCubic\ZLROME_ZSPMBE-L1-REL670.ElmRelay\PTOC 51_67.ElmRelay\PTOC 51_67 4.RelToc,1,ESTE PROFUNDO,ESTE,ESTE 138 kV,ZLROME,PTOC 51_67 4
PTOC 51N_67N 1,\VM-PF.IntUser\PDD 31-12-2024.IntPrj\Network Model.IntPrjfolder\Network Data.IntPrjfolder\ESTE 138 kV.ElmNet\La Romana.ElmSite\ZLROME.ElmSubstat\5.ElmTerm\Cub_1.StaCubic\ZLROME_ZSPMBE-L1-REL670.ElmRelay\PTOC 51N67N.ElmRelay\PTOC 51N_67N 1.RelToc,1,ESTE PROFUNDO,ESTE,ESTE 138 kV,ZLROME,PTOC 51N_67N 1
PTOC 51N_67N 2,\VM-PF.IntUser\PDD 31-12-2024.IntPrj\Network Model.IntPrjfolder\Network Data.IntPrjfolder\ESTE 138 kV.ElmNet\La Romana.ElmSite\ZLROME.ElmSubstat\5.ElmTerm\Cub_1.StaCubic\ZLROME_ZSPMBE-L1-REL670.ElmRelay\PTOC 51N67N.ElmRelay\PTOC 51N_67N 2.RelToc,1,ESTE PROFUNDO,ESTE,ESTE 138 kV,ZLROME,PTOC 51N_67N 2
PTOC 51N_67N 3,\VM-PF.IntUser\PDD 31-12-2024.IntPrj\Network Model.IntPrjfolder\Network Data.IntPrjfolder\ESTE 138 kV.ElmNet\La Romana.ElmSite\ZLROME.ElmSubstat\5.ElmTerm\Cub_1.StaCubic\ZLROME_ZSPMBE-L1-REL670.ElmRelay\PTOC 51N67N.ElmRelay\PTOC 51N_67N 3.RelToc,1,ESTE PROFUNDO,ESTE,ESTE 138 kV,ZLROME,PTOC 51N_67N 3
PTOC 51N_67N 4,\VM-PF.IntUser\PDD 31-12-2024.IntPrj\Network Model.IntPrjfolder\Network Data.IntPrjfolder\ESTE 138 kV.ElmNet\La Romana.ElmSite\ZLROME.ElmSubstat\5.ElmTerm\Cub_1.StaCubic\ZLROME_ZSPMBE-L1-REL670.ElmRelay\PTOC 51N67N.ElmRelay\PTOC 51N_67N 4.RelToc,1,ESTE PROFUNDO,ESTE,ESTE 138 kV,ZLROME,PTOC 51N_67N 4
Thermal overload,\VM-PF.IntUser\PDD 31-12-2024.IntPrj\Network Model.IntPrjfolder\Network Data.IntPrjfolder\ESTE 138 kV.ElmNet\SPM 2.ElmSite\Terminal CESPM 3.ElmTerm\WCES3K(2).StaCubic\ZCES3K_ZSPM2E-7SD511.ElmRelay\Thermal overload.RelToc,1,ESTE CERCANO,ESTE,ESTE 138 kV,,Thermal overload
Iph>,\VM-PF.IntUser\PDD 31-12-2024.IntPrj\Network Model.IntPrjfolder\Network Data.IntPrjfolder\ESTE 138 kV.ElmNet\SPM 2.ElmSite\Terminal CESPM 3.ElmTerm\WCES3K(2).StaCubic\ZCES3K_ZSPM2E-7SD511.ElmRelay\Iph>.RelToc,1,ESTE CERCANO,ESTE,ESTE 138 kV,,Iph>
IE>,\VM-PF.IntUser\PDD 31-12-2024.IntPrj\Network Model.IntPrjfolder\Network Data.IntPrjfolder\ESTE 138 kV.ElmNet\SPM 2.ElmSite\Terminal CESPM 3.ElmTerm\WCES3K(2).StaCubic\ZCES3K_ZSPM2E-7SD511.ElmRelay\IE>.RelToc,1,ESTE CERCANO,ESTE,ESTE 138 kV,,IE>
Ip,\VM-PF.IntUser\PDD 31-12-2024.IntPrj\Network Model.IntPrjfolder\Network Data.IntPrjfolder\ESTE 138 kV.ElmNet\SPM 2.ElmSite\Terminal CESPM 3.ElmTerm\WCES3K(2).StaCubic\ZCES3K_ZSPM2E-7SJ512.ElmRelay\Ip.RelToc,1,ESTE CERCANO,ESTE,ESTE 138 kV,,Ip
Iep,\VM-PF.IntUser\PDD 31-12-2024.IntPrj\Network Model.IntPrjfolder\Network Data.IntPrjfolder\ESTE 138 kV.ElmNet\SPM 2.ElmSite\Terminal CESPM 3.ElmTerm\WCES3K(2).StaCubic\ZCES3K_ZSPM2E-7SJ512.ElmRelay\Iep.RelToc,1,ESTE CERCANO,ESTE,ESTE 138 kV,,Iep
Thermal OL,\VM-PF.IntUser\PDD 31-12-2024.IntPrj\Network Model.IntPrjfolder\Network Data.IntPrjfolder\ESTE 138 kV.ElmNet\SPM 2.ElmSite\Terminal CESPM 3.ElmTerm\WCES3K(2).StaCubic\ZCES3K_ZSPM2E-7SJ512.ElmRelay\Thermal OL.RelToc,1,ESTE CERCANO,ESTE,ESTE 138 kV,,Thermal OL
Ieep,\VM-PF.IntUser\PDD 31-12-2024.IntPrj\Network Model.IntPrjfolder\Network Data.IntPrjfolder\ESTE 138 kV.ElmNet\SPM 2.ElmSite\Terminal CESPM 3.ElmTerm\WCES3K(2).StaCubic\ZCES3K_ZSPM2E-7SJ512.ElmRelay\Ieep.RelToc,1,ESTE CERCANO,ESTE,ESTE 138 kV,,Ieep
Thermal overload,\VM-PF.IntUser\PDD 31-12-2024.IntPrj\Network Model.IntPrjfolder\Network Data.IntPrjfolder\ESTE 138 kV.ElmNet\SPM 2.ElmSite\Terminal CESPM 2.ElmTerm\WCES2K(2).StaCubic\ZCES2K_ZSPM2E-7SD511.ElmRelay\Thermal overload.RelToc,1,ESTE CERCANO,ESTE,ESTE 138 kV,,Thermal overload
Iph>,\VM-PF.IntUser\PDD 31-12-2024.IntPrj\Network Model.IntPrjfolder\Network Data.IntPrjfolder\ESTE 138 kV.ElmNet\SPM 2.ElmSite\Terminal CESPM 2.ElmTerm\WCES2K(2).StaCubic\ZCES2K_ZSPM2E-7SD511.ElmRelay\Iph>.RelToc,1,ESTE CERCANO,ESTE,ESTE 138 kV,,Iph>
IE>,\VM-PF.IntUser\PDD 31-12-2024.IntPrj\Network Model.IntPrjfolder\Network Data.IntPrjfolder\ESTE 138 kV.ElmNet\SPM 2.ElmSite\Terminal CESPM 2.ElmTerm\WCES2K(2).StaCubic\ZCES2K_ZSPM2E-7SD511.ElmRelay\IE>.RelToc,1,ESTE CERCANO,ESTE,ESTE 138 kV,,IE>
Ip,\VM-PF.IntUser\PDD 31-12-2024.IntPrj\Network Model.IntPrjfolder\Network Data.IntPrjfolder\ESTE 138 kV.ElmNet\SPM 2.ElmSite\Terminal CESPM 2.ElmTerm\WCES2K(2).StaCubic\ZCES2K_ZSPM2E-7SJ512.ElmRelay\Ip.RelToc,1,ESTE CERCANO,ESTE,ESTE 138 kV,,Ip
Iep,\VM-PF.IntUser\PDD 31-12-2024.IntPrj\Network Model.IntPrjfolder\Network Data.IntPrjfolder\ESTE 138 kV.ElmNet\SPM 2.ElmSite\Terminal CESPM 2.ElmTerm\WCES2K(2).StaCubic\ZCES2K_ZSPM2E-7SJ512.ElmRelay\Iep.RelToc,1,ESTE CERCANO,ESTE,ESTE 138 kV,,Iep
Thermal OL,\VM-PF.IntUser\PDD 31-12-2024.IntPrj\Network Model.IntPrjfolder\Network Data.IntPrjfolder\ESTE 138 kV.ElmNet\SPM 2.ElmSite\Terminal CESPM 2.ElmTerm\WCES2K(2).StaCubic\ZCES2K_ZSPM2E-7SJ512.ElmRelay\Thermal OL.RelToc,1,ESTE CERCANO,ESTE,ESTE 138 kV,,Thermal OL
Ieep,\VM-PF.IntUser\PDD 31-12-2024.IntPrj\Network Model.IntPrjfolder\Network Data.IntPrjfolder\ESTE 138 kV.ElmNet\SPM 2.ElmSite\Terminal CESPM 2.ElmTerm\WCES2K(2).StaCubic\ZCES2K_ZSPM2E-7SJ512.ElmRelay\Ieep.RelToc,1,ESTE CERCANO,ESTE,ESTE 138 kV,,Ieep
Thermal overload,\VM-PF.IntUser\PDD 31-12-2024.IntPrj\Network Model.IntPrjfolder\Network Data.IntPrjfolder\ESTE 138 kV.ElmNet\SPM 2.ElmSite\Terminal CESPM 1.ElmTerm\WCES1K(2).StaCubic\ZCES1K_ZSPM2E-7SD511.ElmRelay\Thermal overload.RelToc,1,ESTE CERCANO,ESTE,ESTE 138 kV,,Thermal overload
Iph>,\VM-PF.IntUser\PDD 31-12-2024.IntPrj\Network Model.IntPrjfolder\Network Data.IntPrjfolder\ESTE 138 kV.ElmNet\SPM 2.ElmSite\Terminal CESPM 1.ElmTerm\WCES1K(2).StaCubic\ZCES1K_ZSPM2E-7SD511.ElmRelay\Iph>.RelToc,1,ESTE CERCANO,ESTE,ESTE 138 kV,,Iph>
IE>,\VM-PF.IntUser\PDD 31-12-2024.IntPrj\Network Model.IntPrjfolder\Network Data.IntPrjfolder\ESTE 138 kV.ElmNet\SPM 2.ElmSite\Terminal CESPM 1.ElmTerm\WCES1K(2).StaCubic\ZCES1K_ZSPM2E-7SD511.ElmRelay\IE>.RelToc,1,ESTE CERCANO,ESTE,ESTE 138 kV,,IE>
Ip,\VM-PF.IntUser\PDD 31-12-2024.IntPrj\Network Model.IntPrjfolder\Network Data.IntPrjfolder\ESTE 138 kV.ElmNet\SPM 2.ElmSite\Terminal CESPM 1.ElmTerm\WCES1K(2).StaCubic\ZCES1K_ZSPM2E-7SJ512.ElmRelay\Ip.RelToc,1,ESTE CERCANO,ESTE,ESTE 138 kV,,Ip
Iep,\VM-PF.IntUser\PDD 31-12-2024.IntPrj\Network Model.IntPrjfolder\Network Data.IntPrjfolder\ESTE 138 kV.ElmNet\SPM 2.ElmSite\Terminal CESPM 1.ElmTerm\WCES1K(2).StaCubic\ZCES1K_ZSPM2E-7SJ512.ElmRelay\Iep.RelToc,1,ESTE CERCANO,ESTE,ESTE 138 kV,,Iep
Thermal OL,\VM-PF.IntUser\PDD 31-12-2024.IntPrj\Network Model.IntPrjfolder\Network Data.IntPrjfolder\ESTE 138 kV.ElmNet\SPM 2.ElmSite\Terminal CESPM 1.ElmTerm\WCES1K(2).StaCubic\ZCES1K_ZSPM2E-7SJ512.ElmRelay\Thermal OL.RelToc,1,ESTE CERCANO,ESTE,ESTE 138 kV,,Thermal OL
Ieep,\VM-PF.IntUser\PDD 31-12-2024.IntPrj\Network Model.IntPrjfolder\Network Data.IntPrjfolder\ESTE 138 kV.ElmNet\SPM 2.ElmSite\Terminal CESPM 1.ElmTerm\WCES1K(2).StaCubic\ZCES1K_ZSPM2E-7SJ512.ElmRelay\Ieep.RelToc,1,ESTE CERCANO,ESTE,ESTE 138 kV,,Ieep
Ip,\VM-PF.IntUser\PDD 31-12-2024.IntPrj\Network Model.IntPrjfolder\Network Data.IntPrjfolder\ESTE 138 kV.ElmNet\CEMEX.ElmSite\ZCEMEE.ElmSubstat\WCEMEE(2).ElmTerm\WBCEMEE(2).StaCubic\ZCEMEE_ZSPM2E-L1-7SD52.ElmRelay\Distance/Overcurrent/Voltage.ElmRelay\Ip.RelToc,1,ESTE CERCANO,ESTE,ESTE 138 kV,ZCEMEE,Ip
Thr. Overload,\VM-PF.IntUser\PDD 31-12-2024.IntPrj\Network Model.IntPrjfolder\Network Data.IntPrjfolder\ESTE 138 kV.ElmNet\CEMEX.ElmSite\ZCEMEE.ElmSubstat\WCEMEE(2).ElmTerm\WBCEMEE(2).StaCubic\ZCEMEE_ZSPM2E-L1-7SD52.ElmRelay\Distance/Overcurrent/Voltage.ElmRelay\Thr. Overload.RelToc,1,ESTE CERCANO,ESTE,ESTE 138 kV,ZCEMEE,Thr. Overload
I0p,\VM-PF.IntUser\PDD 31-12-2024.IntPrj\Network Model.IntPrjfolder\Network Data.IntPrjfolder\ESTE 138 kV.ElmNet\CEMEX.ElmSite\ZCEMEE.ElmSubstat\WCEMEE(2).ElmTerm\WBCEMEE(2).StaCubic\ZCEMEE_ZSPM2E-L1-7SD52.ElmRelay\Distance/Overcurrent/Voltage.ElmRelay\I0p.RelToc,1,ESTE CERCANO,ESTE,ESTE 138 kV,ZCEMEE,I0p
Ip 51,\VM-PF.IntUser\PDD 31-12-2024.IntPrj\Network Model.IntPrjfolder\Network Data.IntPrjfolder\ESTE 138 kV.ElmNet\CEMEX.ElmSite\ZCEMEE.ElmSubstat\WCEMEE(2).ElmTerm\WBCEMEE(2).StaCubic\ZCEMEE_ZSPM2E-L1-7SJ63.ElmRelay\Ip 51.RelToc,1,ESTE CERCANO,ESTE,ESTE 138 kV,ZCEMEE,Ip 51
Iep 51N,\VM-PF.IntUser\PDD 31-12-2024.IntPrj\Network Model.IntPrjfolder\Network Data.IntPrjfolder\ESTE 138 kV.ElmNet\CEMEX.ElmSite\ZCEMEE.ElmSubstat\WCEMEE(2).ElmTerm\WBCEMEE(2).StaCubic\ZCEMEE_ZSPM2E-L1-7SJ63.ElmRelay\Iep 51N.RelToc,1,ESTE CERCANO,ESTE,ESTE 138 kV,ZCEMEE,Iep 51N
Ip 67 TOC,\VM-PF.IntUser\PDD 31-12-2024.IntPrj\Network Model.IntPrjfolder\Network Data.IntPrjfolder\ESTE 138 kV.ElmNet\CEMEX.ElmSite\ZCEMEE.ElmSubstat\WCEMEE(2).ElmTerm\WBCEMEE(2).StaCubic\ZCEMEE_ZSPM2E-L1-7SJ63.ElmRelay\Ip 67 TOC.RelToc,1,ESTE CERCANO,ESTE,ESTE 138 kV,ZCEMEE,Ip 67 TOC
Iep 67N TOC,\VM-PF.IntUser\PDD 31-12-2024.IntPrj\Network Model.IntPrjfolder\Network Data.IntPrjfolder\ESTE 138 kV.ElmNet\CEMEX.ElmSite\ZCEMEE.ElmSubstat\WCEMEE(2).ElmTerm\WBCEMEE(2).StaCubic\ZCEMEE_ZSPM2E-L1-7SJ63.ElmRelay\Iep 67N TOC.RelToc,1,ESTE CERCANO,ESTE,ESTE 138 kV,ZCEMEE,Iep 67N TOC
I2p 46 TOC,\VM-PF.IntUser\PDD 31-12-2024.IntPrj\Network Model.IntPrjfolder\Network Data.IntPrjfolder\ESTE 138 kV.ElmNet\CEMEX.ElmSite\ZCEMEE.ElmSubstat\WCEMEE(2).ElmTerm\WBCEMEE(2).StaCubic\ZCEMEE_ZSPM2E-L1-7SJ63.ElmRelay\I2p 46 TOC.RelToc,1,ESTE CERCANO,ESTE,ESTE 138 kV,ZCEMEE,I2p 46 TOC
Overload 49,\VM-PF.IntUser\PDD 31-12-2024.IntPrj\Network Model.IntPrjfolder\Network Data.IntPrjfolder\ESTE 138 kV.ElmNet\CEMEX.ElmSite\ZCEMEE.ElmSubstat\WCEMEE(2).ElmTerm\WBCEMEE(2).StaCubic\ZCEMEE_ZSPM2E-L1-7SJ63.ElmRelay\Overload 49.RelToc,1,ESTE CERCANO,ESTE,ESTE 138 kV,ZCEMEE,Overload 49
Thermal overload,\VM-PF.IntUser\PDD 31-12-2024.IntPrj\Network Model.IntPrjfolder\Network Data.IntPrjfolder\ESTE 138 kV.ElmNet\Los Orígenes.ElmSite\ZLORIE.ElmSubstat\1.ElmTerm\Cub_1.StaCubic\ZLORIE_ZSPM2E-L1-7SA511.ElmRelay\Thermal overload.RelToc,1,ESTE CERCANO,ESTE,ESTE 138 kV,ZLORIE,Thermal overload
High resistence IE>,\VM-PF.IntUser\PDD 31-12-2024.IntPrj\Network Model.IntPrjfolder\Network Data.IntPrjfolder\ESTE 138 kV.ElmNet\Los Orígenes.ElmSite\ZLORIE.ElmSubstat\1.ElmTerm\Cub_1.StaCubic\ZLORIE_ZSPM2E-L1-7SA511.ElmRelay\High resistence IE>.RelToc,1,ESTE CERCANO,ESTE,ESTE 138 kV,ZLORIE,High resistence IE>
I>1,\VM-PF.IntUser\PDD 31-12-2024.IntPrj\Network Model.IntPrjfolder\Network Data.IntPrjfolder\ESTE 138 kV.ElmNet\Los Orígenes.ElmSite\ZLORIE.ElmSubstat\1.ElmTerm\Cub_1.StaCubic\ZLORIE_ZSPM2E-L1-P141.ElmRelay\I>1.RelToc,1,ESTE CERCANO,ESTE,ESTE 138 kV,ZLORIE,I>1
I>2,\VM-PF.IntUser\PDD 31-12-2024.IntPrj\Network Model.IntPrjfolder\Network Data.IntPrjfolder\ESTE 138 kV.ElmNet\Los Orígenes.ElmSite\ZLORIE.ElmSubstat\1.ElmTerm\Cub_1.StaCubic\ZLORIE_ZSPM2E-L1-P141.ElmRelay\I>2.RelToc,1,ESTE CERCANO,ESTE,ESTE 138 kV,ZLORIE,I>2
Therm,\VM-PF.IntUser\PDD 31-12-2024.IntPrj\Network Model.IntPrjfolder\Network Data.IntPrjfolder\ESTE 138 kV.ElmNet\Los Orígenes.ElmSite\ZLORIE.ElmSubstat\1.ElmTerm\Cub_1.StaCubic\ZLORIE_ZSPM2E-L1-P141.ElmRelay\Therm.RelToc,1,ESTE CERCANO,ESTE,ESTE 138 kV,ZLORIE,Therm
IN1>1,\VM-PF.IntUser\PDD 31-12-2024.IntPrj\Network Model.IntPrjfolder\Network Data.IntPrjfolder\ESTE 138 kV.ElmNet\Los Orígenes.ElmSite\ZLORIE.ElmSubstat\1.ElmTerm\Cub_1.StaCubic\ZLORIE_ZSPM2E-L1-P141.ElmRelay\IN1>1.RelToc,1,ESTE CERCANO,ESTE,ESTE 138 kV,ZLORIE,IN1>1
IN1>2,\VM-PF.IntUser\PDD 31-12-2024.IntPrj\Network Model.IntPrjfolder\Network Data.IntPrjfolder\ESTE 138 kV.ElmNet\Los Orígenes.ElmSite\ZLORIE.ElmSubstat\1.ElmTerm\Cub_1.StaCubic\ZLORIE_ZSPM2E-L1-P141.ElmRelay\IN1>2.RelToc,1,ESTE CERCANO,ESTE,ESTE 138 kV,ZLORIE,IN1>2
IN2>1,\VM-PF.IntUser\PDD 31-12-2024.IntPrj\Network Model.IntPrjfolder\Network Data.IntPrjfolder\ESTE 138 kV.ElmNet\Los Orígenes.ElmSite\ZLORIE.ElmSubstat\1.ElmTerm\Cub_1.StaCubic\ZLORIE_ZSPM2E-L1-P141.ElmRelay\IN2>1.RelToc,1,ESTE CERCANO,ESTE,ESTE 138 kV,ZLORIE,IN2>1
IN2>2,\VM-PF.IntUser\PDD 31-12-2024.IntPrj\Network Model.IntPrjfolder\Network Data.IntPrjfolder\ESTE 138 kV.ElmNet\Los Orígenes.ElmSite\ZLORIE.ElmSubstat\1.ElmTerm\Cub_1.StaCubic\ZLORIE_ZSPM2E-L1-P141.ElmRelay\IN2>2.RelToc,1,ESTE CERCANO,ESTE,ESTE 138 kV,ZLORIE,IN2>2
ISEF>1,\VM-PF.IntUser\PDD 31-12-2024.IntPrj\Network Model.IntPrjfolder\Network Data.IntPrjfolder\ESTE 138 kV.ElmNet\Los Orígenes.ElmSite\ZLORIE.ElmSubstat\1.ElmTerm\Cub_1.StaCubic\ZLORIE_ZSPM2E-L1-P141.ElmRelay\ISEF>1.RelToc,1,ESTE CERCANO,ESTE,ESTE 138 kV,ZLORIE,ISEF>1
ISEF>2,\VM-PF.IntUser\PDD 31-12-2024.IntPrj\Network Model.IntPrjfolder\Network Data.IntPrjfolder\ESTE 138 kV.ElmNet\Los Orígenes.ElmSite\ZLORIE.ElmSubstat\1.ElmTerm\Cub_1.StaCubic\ZLORIE_ZSPM2E-L1-P141.ElmRelay\ISEF>2.RelToc,1,ESTE CERCANO,ESTE,ESTE 138 kV,ZLORIE,ISEF>2
Ip,\VM-PF.IntUser\PDD 31-12-2024.IntPrj\Network Model.IntPrjfolder\Network Data.IntPrjfolder\ESTE 138 kV.ElmNet\Los Orígenes.ElmSite\ZLORIE.ElmSubstat\1.ElmTerm\Cub_1.StaCubic\ZLORIE_ZSPM2E-L1-7SD52.ElmRelay\Distance/Overcurrent/Voltage.ElmRelay\Ip.RelToc,1,ESTE CERCANO,ESTE,ESTE 138 kV,ZLORIE,Ip
Thr. Overload,\VM-PF.IntUser\PDD 31-12-2024.IntPrj\Network Model.IntPrjfolder\Network Data.IntPrjfolder\ESTE 138 kV.ElmNet\Los Orígenes.ElmSite\ZLORIE.ElmSubstat\1.ElmTerm\Cub_1.StaCubic\ZLORIE_ZSPM2E-L1-7SD52.ElmRelay\Distance/Overcurrent/Voltage.ElmRelay\Thr. Overload.RelToc,1,ESTE CERCANO,ESTE,ESTE 138 kV,ZLORIE,Thr. Overload
I0p,\VM-PF.IntUser\PDD 31-12-2024.IntPrj\Network Model.IntPrjfolder\Network Data.IntPrjfolder\ESTE 138 kV.ElmNet\Los Orígenes.ElmSite\ZLORIE.ElmSubstat\1.ElmTerm\Cub_1.StaCubic\ZLORIE_ZSPM2E-L1-7SD52.ElmRelay\Distance/Overcurrent/Voltage.ElmRelay\I0p.RelToc,1,ESTE CERCANO,ESTE,ESTE 138 kV,ZLORIE,I0p
L6CPDIF IMaxAddDelay,\VM-PF.IntUser\PDD 31-12-2024.IntPrj\Network Model.IntPrjfolder\Network Data.IntPrjfolder\ESTE 138 kV.ElmNet\Los Orígenes.ElmSite\ZLORIE.ElmSubstat\2.ElmTerm\Cub_1.StaCubic\ZLORIE_ZXLO1E-L1-RED670.ElmRelay\PDIF 87.ElmRelay\L6CPDIF IMaxAddDelay.RelToc,1,ESTE CERCANO,ESTE,ESTE 138 kV,ZLORIE,L6CPDIF IMaxAddDelay
LT6CPDIF IMaxAddDelay,\VM-PF.IntUser\PDD 31-12-2024.IntPrj\Network Model.IntPrjfolder\Network Data.IntPrjfolder\ESTE 138 kV.ElmNet\Los Orígenes.ElmSite\ZLORIE.ElmSubstat\2.ElmTerm\Cub_1.StaCubic\ZLORIE_ZXLO1E-L1-RED670.ElmRelay\PDIF 87.ElmRelay\LT6CPDIF IMaxAddDelay.RelToc,1,ESTE CERCANO,ESTE,ESTE 138 kV,ZLORIE,LT6CPDIF IMaxAddDelay
PTOC 51_67 1,\VM-PF.IntUser\PDD 31-12-2024.IntPrj\Network Model.IntPrjfolder\Network Data.IntPrjfolder\ESTE 138 kV.ElmNet\Los Orígenes.ElmSite\ZLORIE.ElmSubstat\2.ElmTerm\Cub_1.StaCubic\ZLORIE_ZXLO1E-L1-RED670.ElmRelay\PTOC 51_67.ElmRelay\PTOC 51_67 1.RelToc,1,ESTE CERCANO,ESTE,ESTE 138 kV,ZLORIE,PTOC 51_67 1
PTOC 51_67 2,\VM-PF.IntUser\PDD 31-12-2024.IntPrj\Network Model.IntPrjfolder\Network Data.IntPrjfolder\ESTE 138 kV.ElmNet\Los Orígenes.ElmSite\ZLORIE.ElmSubstat\2.ElmTerm\Cub_1.StaCubic\ZLORIE_ZXLO1E-L1-RED670.ElmRelay\PTOC 51_67.ElmRelay\PTOC 51_67 2.RelToc,1,ESTE CERCANO,ESTE,ESTE 138 kV,ZLORIE,PTOC 51_67 2
PTOC 51_67 3,\VM-PF.IntUser\PDD 31-12-2024.IntPrj\Network Model.IntPrjfolder\Network Data.IntPrjfolder\ESTE 138 kV.ElmNet\Los Orígenes.ElmSite\ZLORIE.ElmSubstat\2.ElmTerm\Cub_1.StaCubic\ZLORIE_ZXLO1E-L1-RED670.ElmRelay\PTOC 51_67.ElmRelay\PTOC 51_67 3.RelToc,1,ESTE CERCANO,ESTE,ESTE 138 kV,ZLORIE,PTOC 51_67 3
PTOC 51_67 4,\VM-PF.IntUser\PDD 31-12-2024.IntPrj\Network Model.IntPrjfolder\Network Data.IntPrjfolder\ESTE 138 kV.ElmNet\Los Orígenes.ElmSite\ZLORIE.ElmSubstat\2.ElmTerm\Cub_1.StaCubic\ZLORIE_ZXLO1E-L1-RED670.ElmRelay\PTOC 51_67.ElmRelay\PTOC 51_67 4.RelToc,1,ESTE CERCANO,ESTE,ESTE 138 kV,ZLORIE,PTOC 51_67 4
PTOC 51N_67N 1,\VM-PF.IntUser\PDD 31-12-2024.IntPrj\Network Model.IntPrjfolder\Network Data.IntPrjfolder\ESTE 138 kV.ElmNet\Los Orígenes.ElmSite\ZLORIE.ElmSubstat\2.ElmTerm\Cub_1.StaCubic\ZLORIE_ZXLO1E-L1-RED670.ElmRelay\PTOC 51N67N.ElmRelay\PTOC 51N_67N 1.RelToc,1,ESTE CERCANO,ESTE,ESTE 138 kV,ZLORIE,PTOC 51N_67N 1
PTOC 51N_67N 2,\VM-PF.IntUser\PDD 31-12-2024.IntPrj\Network Model.IntPrjfolder\Network Data.IntPrjfolder\ESTE 138 kV.ElmNet\Los Orígenes.ElmSite\ZLORIE.ElmSubstat\2.ElmTerm\Cub_1.StaCubic\ZLORIE_ZXLO1E-L1-RED670.ElmRelay\PTOC 51N67N.ElmRelay\PTOC 51N_67N 2.RelToc,1,ESTE CERCANO,ESTE,ESTE 138 kV,ZLORIE,PTOC 51N_67N 2
PTOC 51N_67N 3,\VM-PF.IntUser\PDD 31-12-2024.IntPrj\Network Model.IntPrjfolder\Network Data.IntPrjfolder\ESTE 138 kV.ElmNet\Los Orígenes.ElmSite\ZLORIE.ElmSubstat\2.ElmTerm\Cub_1.StaCubic\ZLORIE_ZXLO1E-L1-RED670.ElmRelay\PTOC 51N67N.ElmRelay\PTOC 51N_67N 3.RelToc,1,ESTE CERCANO,ESTE,ESTE 138 kV,ZLORIE,PTOC 51N_67N 3
PTOC 51N_67N 4,\VM-PF.IntUser\PDD 31-12-2024.IntPrj\Network Model.IntPrjfolder\Network Data.IntPrjfolder\ESTE 138 kV.ElmNet\Los Orígenes.ElmSite\ZLORIE.ElmSubstat\2.ElmTerm\Cub_1.StaCubic\ZLORIE_ZXLO1E-L1-RED670.ElmRelay\PTOC 51N67N.ElmRelay\PTOC 51N_67N 4.RelToc,1,ESTE CERCANO,ESTE,ESTE 138 kV,ZLORIE,PTOC 51N_67N 4
I>1,\VM-PF.IntUser\PDD 31-12-2024.IntPrj\Network Model.IntPrjfolder\Network Data.IntPrjfolder\ESTE 138 kV.ElmNet\Los Orígenes.ElmSite\ZLORIE.ElmSubstat\2.ElmTerm\Cub_1.StaCubic\ZLORIE_ZXLO1E-L1-P141.ElmRelay\I>1.RelToc,1,ESTE CERCANO,ESTE,ESTE 138 kV,ZLORIE,I>1
I>2,\VM-PF.IntUser\PDD 31-12-2024.IntPrj\Network Model.IntPrjfolder\Network Data.IntPrjfolder\ESTE 138 kV.ElmNet\Los Orígenes.ElmSite\ZLORIE.ElmSubstat\2.ElmTerm\Cub_1.StaCubic\ZLORIE_ZXLO1E-L1-P141.ElmRelay\I>2.RelToc,1,ESTE CERCANO,ESTE,ESTE 138 kV,ZLORIE,I>2
Therm,\VM-PF.IntUser\PDD 31-12-2024.IntPrj\Network Model.IntPrjfolder\Network Data.IntPrjfolder\ESTE 138 kV.ElmNet\Los Orígenes.ElmSite\ZLORIE.ElmSubstat\2.ElmTerm\Cub_1.StaCubic\ZLORIE_ZXLO1E-L1-P141.ElmRelay\Therm.RelToc,1,ESTE CERCANO,ESTE,ESTE 138 kV,ZLORIE,Therm
IN1>1,\VM-PF.IntUser\PDD 31-12-2024.IntPrj\Network Model.IntPrjfolder\Network Data.IntPrjfolder\ESTE 138 kV.ElmNet\Los Orígenes.ElmSite\ZLORIE.ElmSubstat\2.ElmTerm\Cub_1.StaCubic\ZLORIE_ZXLO1E-L1-P141.ElmRelay\IN1>1.RelToc,1,ESTE CERCANO,ESTE,ESTE 138 kV,ZLORIE,IN1>1
IN1>2,\VM-PF.IntUser\PDD 31-12-2024.IntPrj\Network Model.IntPrjfolder\Network Data.IntPrjfolder\ESTE 138 kV.ElmNet\Los Orígenes.ElmSite\ZLORIE.ElmSubstat\2.ElmTerm\Cub_1.StaCubic\ZLORIE_ZXLO1E-L1-P141.ElmRelay\IN1>2.RelToc,1,ESTE CERCANO,ESTE,ESTE 138 kV,ZLORIE,IN1>2
IN2>1,\VM-PF.IntUser\PDD 31-12-2024.IntPrj\Network Model.IntPrjfolder\Network Data.IntPrjfolder\ESTE 138 kV.ElmNet\Los Orígenes.ElmSite\ZLORIE.ElmSubstat\2.ElmTerm\Cub_1.StaCubic\ZLORIE_ZXLO1E-L1-P141.ElmRelay\IN2>1.RelToc,1,ESTE CERCANO,ESTE,ESTE 138 kV,ZLORIE,IN2>1
IN2>2,\VM-PF.IntUser\PDD 31-12-2024.IntPrj\Network Model.IntPrjfolder\Network Data.IntPrjfolder\ESTE 138 kV.ElmNet\Los Orígenes.ElmSite\ZLORIE.ElmSubstat\2.ElmTerm\Cub_1.StaCubic\ZLORIE_ZXLO1E-L1-P141.ElmRelay\IN2>2.RelToc,1,ESTE CERCANO,ESTE,ESTE 138 kV,ZLORIE,IN2>2
ISEF>1,\VM-PF.IntUser\PDD 31-12-2024.IntPrj\Network Model.IntPrjfolder\Network Data.IntPrjfolder\ESTE 138 kV.ElmNet\Los Orígenes.ElmSite\ZLORIE.ElmSubstat\2.ElmTerm\Cub_1.StaCubic\ZLORIE_ZXLO1E-L1-P141.ElmRelay\ISEF>1.RelToc,1,ESTE CERCANO,ESTE,ESTE 138 kV,ZLORIE,ISEF>1
ISEF>2,\VM-PF.IntUser\PDD 31-12-2024.IntPrj\Network Model.IntPrjfolder\Network Data.IntPrjfolder\ESTE 138 kV.ElmNet\Los Orígenes.ElmSite\ZLORIE.ElmSubstat\2.ElmTerm\Cub_1.StaCubic\ZLORIE_ZXLO1E-L1-P141.ElmRelay\ISEF>2.RelToc,1,ESTE CERCANO,ESTE,ESTE 138 kV,ZLORIE,ISEF>2
L6CPDIF IMaxAddDelay,\VM-PF.IntUser\PDD 31-12-2024.IntPrj\Network Model.IntPrjfolder\Network Data.IntPrjfolder\ESTE 138 kV.ElmNet\Tap 1 Los Orígenes.ElmTerm\Cub_3.StaCubic\ZLORIE_ZSPMAE-L1-RED670.ElmRelay\PDIF 87.ElmRelay\L6CPDIF IMaxAddDelay.RelToc,1,ESTE CERCANO,ESTE,ESTE 138 kV,,L6CPDIF IMaxAddDelay
LT6CPDIF IMaxAddDelay,\VM-PF.IntUser\PDD 31-12-2024.IntPrj\Network Model.IntPrjfolder\Network Data.IntPrjfolder\ESTE 138 kV.ElmNet\Tap 1 Los Orígenes.ElmTerm\Cub_3.StaCubic\ZLORIE_ZSPMAE-L1-RED670.ElmRelay\PDIF 87.ElmRelay\LT6CPDIF IMaxAddDelay.RelToc,1,ESTE CERCANO,ESTE,ESTE 138 kV,,LT6CPDIF IMaxAddDelay
PTOC 51_67 1,\VM-PF.IntUser\PDD 31-12-2024.IntPrj\Network Model.IntPrjfolder\Network Data.IntPrjfolder\ESTE 138 kV.ElmNet\Tap 1 Los Orígenes.ElmTerm\Cub_3.StaCubic\ZLORIE_ZSPMAE-L1-RED670.ElmRelay\PTOC 51_67.ElmRelay\PTOC 51_67 1.RelToc,1,ESTE CERCANO,ESTE,ESTE 138 kV,,PTOC 51_67 1
PTOC 51_67 2,\VM-PF.IntUser\PDD 31-12-2024.IntPrj\Network Model.IntPrjfolder\Network Data.IntPrjfolder\ESTE 138 kV.ElmNet\Tap 1 Los Orígenes.ElmTerm\Cub_3.StaCubic\ZLORIE_ZSPMAE-L1-RED670.ElmRelay\PTOC 51_67.ElmRelay\PTOC 51_67 2.RelToc,1,ESTE CERCANO,ESTE,ESTE 138 kV,,PTOC 51_67 2
PTOC 51_67 3,\VM-PF.IntUser\PDD 31-12-2024.IntPrj\Network Model.IntPrjfolder\Network Data.IntPrjfolder\ESTE 138 kV.ElmNet\Tap 1 Los Orígenes.ElmTerm\Cub_3.StaCubic\ZLORIE_ZSPMAE-L1-RED670.ElmRelay\PTOC 51_67.ElmRelay\PTOC 51_67 3.RelToc,1,ESTE CERCANO,ESTE,ESTE 138 kV,,PTOC 51_67 3
PTOC 51_67 4,\VM-PF.IntUser\PDD 31-12-2024.IntPrj\Network Model.IntPrjfolder\Network Data.IntPrjfolder\ESTE 138 kV.ElmNet\Tap 1 Los Orígenes.ElmTerm\Cub_3.StaCubic\ZLORIE_ZSPMAE-L1-RED670.ElmRelay\PTOC 51_67.ElmRelay\PTOC 51_67 4.RelToc,1,ESTE CERCANO,ESTE,ESTE 138 kV,,PTOC 51_67 4
PTOC 51N_67N 1,\VM-PF.IntUser\PDD 31-12-2024.IntPrj\Network Model.IntPrjfolder\Network Data.IntPrjfolder\ESTE 138 kV.ElmNet\Tap 1 Los Orígenes.ElmTerm\Cub_3.StaCubic\ZLORIE_ZSPMAE-L1-RED670.ElmRelay\PTOC 51N67N.ElmRelay\PTOC 51N_67N 1.RelToc,1,ESTE CERCANO,ESTE,ESTE 138 kV,,PTOC 51N_67N 1
PTOC 51N_67N 2,\VM-PF.IntUser\PDD 31-12-2024.IntPrj\Network Model.IntPrjfolder\Network Data.IntPrjfolder\ESTE 138 kV.ElmNet\Tap 1 Los Orígenes.ElmTerm\Cub_3.StaCubic\ZLORIE_ZSPMAE-L1-RED670.ElmRelay\PTOC 51N67N.ElmRelay\PTOC 51N_67N 2.RelToc,1,ESTE CERCANO,ESTE,ESTE 138 kV,,PTOC 51N_67N 2
PTOC 51N_67N 3,\VM-PF.IntUser\PDD 31-12-2024.IntPrj\Network Model.IntPrjfolder\Network Data.IntPrjfolder\ESTE 138 kV.ElmNet\Tap 1 Los Orígenes.ElmTerm\Cub_3.StaCubic\ZLORIE_ZSPMAE-L1-RED670.ElmRelay\PTOC 51N67N.ElmRelay\PTOC 51N_67N 3.RelToc,1,ESTE CERCANO,ESTE,ESTE 138 kV,,PTOC 51N_67N 3
PTOC 51N_67N 4,\VM-PF.IntUser\PDD 31-12-2024.IntPrj\Network Model.IntPrjfolder\Network Data.IntPrjfolder\ESTE 138 kV.ElmNet\Tap 1 Los Orígenes.ElmTerm\Cub_3.StaCubic\ZLORIE_ZSPMAE-L1-RED670.ElmRelay\PTOC 51N67N.ElmRelay\PTOC 51N_67N 4.RelToc,1,ESTE CERCANO,ESTE,ESTE 138 kV,,PTOC 51N_67N 4
I>1,\VM-PF.IntUser\PDD 31-12-2024.IntPrj\Network Model.IntPrjfolder\Network Data.IntPrjfolder\ESTE 138 kV.ElmNet\Tap 1 Los Orígenes.ElmTerm\Cub_3.StaCubic\ZLORIE_ZSPMAE-L1-P141.ElmRelay\I>1.RelToc,1,ESTE CERCANO,ESTE,ESTE 138 kV,,I>1
I>2,\VM-PF.IntUser\PDD 31-12-2024.IntPrj\Network Model.IntPrjfolder\Network Data.IntPrjfolder\ESTE 138 kV.ElmNet\Tap 1 Los Orígenes.ElmTerm\Cub_3.StaCubic\ZLORIE_ZSPMAE-L1-P141.ElmRelay\I>2.RelToc,1,ESTE CERCANO,ESTE,ESTE 138 kV,,I>2
Therm,\VM-PF.IntUser\PDD 31-12-2024.IntPrj\Network Model.IntPrjfolder\Network Data.IntPrjfolder\ESTE 138 kV.ElmNet\Tap 1 Los Orígenes.ElmTerm\Cub_3.StaCubic\ZLORIE_ZSPMAE-L1-P141.ElmRelay\Therm.RelToc,1,ESTE CERCANO,ESTE,ESTE 138 kV,,Therm
IN1>1,\VM-PF.IntUser\PDD 31-12-2024.IntPrj\Network Model.IntPrjfolder\Network Data.IntPrjfolder\ESTE 138 kV.ElmNet\Tap 1 Los Orígenes.ElmTerm\Cub_3.StaCubic\ZLORIE_ZSPMAE-L1-P141.ElmRelay\IN1>1.RelToc,1,ESTE CERCANO,ESTE,ESTE 138 kV,,IN1>1
IN1>2,\VM-PF.IntUser\PDD 31-12-2024.IntPrj\Network Model.IntPrjfolder\Network Data.IntPrjfolder\ESTE 138 kV.ElmNet\Tap 1 Los Orígenes.ElmTerm\Cub_3.StaCubic\ZLORIE_ZSPMAE-L1-P141.ElmRelay\IN1>2.RelToc,1,ESTE CERCANO,ESTE,ESTE 138 kV,,IN1>2
IN2>1,\VM-PF.IntUser\PDD 31-12-2024.IntPrj\Network Model.IntPrjfolder\Network Data.IntPrjfolder\ESTE 138 kV.ElmNet\Tap 1 Los Orígenes.ElmTerm\Cub_3.StaCubic\ZLORIE_ZSPMAE-L1-P141.ElmRelay\IN2>1.RelToc,1,ESTE CERCANO,ESTE,ESTE 138 kV,,IN2>1
IN2>2,\VM-PF.IntUser\PDD 31-12-2024.IntPrj\Network Model.IntPrjfolder\Network Data.IntPrjfolder\ESTE 138 kV.ElmNet\Tap 1 Los Orígenes.ElmTerm\Cub_3.StaCubic\ZLORIE_ZSPMAE-L1-P141.ElmRelay\IN2>2.RelToc,1,ESTE CERCANO,ESTE,ESTE 138 kV,,IN2>2
ISEF>1,\VM-PF.IntUser\PDD 31-12-2024.IntPrj\Network Model.IntPrjfolder\Network Data.IntPrjfolder\ESTE 138 kV.ElmNet\Tap 1 Los Orígenes.ElmTerm\Cub_3.StaCubic\ZLORIE_ZSPMAE-L1-P141.ElmRelay\ISEF>1.RelToc,1,ESTE CERCANO,ESTE,ESTE 138 kV,,ISEF>1
ISEF>2,\VM-PF.IntUser\PDD 31-12-2024.IntPrj\Network Model.IntPrjfolder\Network Data.IntPrjfolder\ESTE 138 kV.ElmNet\Tap 1 Los Orígenes.ElmTerm\Cub_3.StaCubic\ZLORIE_ZSPMAE-L1-P141.ElmRelay\ISEF>2.RelToc,1,ESTE CERCANO,ESTE,ESTE 138 kV,,ISEF>2
51P,\VM-PF.IntUser\PDD 31-12-2024.IntPrj\Network Model.IntPrjfolder\Network Data.IntPrjfolder\ESTE 138 kV.ElmNet\ZCLUIE.ElmSubstat\E1.ElmTerm\Cub_1.StaCubic\ZCLUIE_ZAAINE-L1-SEL 311C.ElmRelay\51P.RelToc,1,ESTE CERCANO,ESTE,ESTE 138 kV,ZCLUIE,51P
51N,\VM-PF.IntUser\PDD 31-12-2024.IntPrj\Network Model.IntPrjfolder\Network Data.IntPrjfolder\ESTE 138 kV.ElmNet\ZCLUIE.ElmSubstat\E1.ElmTerm\Cub_1.StaCubic\ZCLUIE_ZAAINE-L1-SEL 311C.ElmRelay\51N.RelToc,1,ESTE CERCANO,ESTE,ESTE 138 kV,ZCLUIE,51N
51Q,\VM-PF.IntUser\PDD 31-12-2024.IntPrj\Network Model.IntPrjfolder\Network Data.IntPrjfolder\ESTE 138 kV.ElmNet\ZCLUIE.ElmSubstat\E1.ElmTerm\Cub_1.StaCubic\ZCLUIE_ZAAINE-L1-SEL 311C.ElmRelay\51Q.RelToc,1,ESTE CERCANO,ESTE,ESTE 138 kV,ZCLUIE,51Q
PTOC 51_67 1,\VM-PF.IntUser\PDD 31-12-2024.IntPrj\Network Model.IntPrjfolder\Network Data.IntPrjfolder\ESTE 138 kV.ElmNet\ZCLUIE.ElmSubstat\E1.ElmTerm\Cub_1.StaCubic\ZCLUIE_ZAAINE-L1-REL670.ElmRelay\PTOC 51_67.ElmRelay\PTOC 51_67 1.RelToc,1,ESTE CERCANO,ESTE,ESTE 138 kV,ZCLUIE,PTOC 51_67 1
PTOC 51_67 2,\VM-PF.IntUser\PDD 31-12-2024.IntPrj\Network Model.IntPrjfolder\Network Data.IntPrjfolder\ESTE 138 kV.ElmNet\ZCLUIE.ElmSubstat\E1.ElmTerm\Cub_1.StaCubic\ZCLUIE_ZAAINE-L1-REL670.ElmRelay\PTOC 51_67.ElmRelay\PTOC 51_67 2.RelToc,1,ESTE CERCANO,ESTE,ESTE 138 kV,ZCLUIE,PTOC 51_67 2
PTOC 51_67 3,\VM-PF.IntUser\PDD 31-12-2024.IntPrj\Network Model.IntPrjfolder\Network Data.IntPrjfolder\ESTE 138 kV.ElmNet\ZCLUIE.ElmSubstat\E1.ElmTerm\Cub_1.StaCubic\ZCLUIE_ZAAINE-L1-REL670.ElmRelay\PTOC 51_67.ElmRelay\PTOC 51_67 3.RelToc,1,ESTE CERCANO,ESTE,ESTE 138 kV,ZCLUIE,PTOC 51_67 3
PTOC 51_67 4,\VM-PF.IntUser\PDD 31-12-2024.IntPrj\Network Model.IntPrjfolder\Network Data.IntPrjfolder\ESTE 138 kV.ElmNet\ZCLUIE.ElmSubstat\E1.ElmTerm\Cub_1.StaCubic\ZCLUIE_ZAAINE-L1-REL670.ElmRelay\PTOC 51_67.ElmRelay\PTOC 51_67 4.RelToc,1,ESTE CERCANO,ESTE,ESTE 138 kV,ZCLUIE,PTOC 51_67 4
PTOC 51N_67N 1,\VM-PF.IntUser\PDD 31-12-2024.IntPrj\Network Model.IntPrjfolder\Network Data.IntPrjfolder\ESTE 138 kV.ElmNet\ZCLUIE.ElmSubstat\E1.ElmTerm\Cub_1.StaCubic\ZCLUIE_ZAAINE-L1-REL670.ElmRelay\PTOC 51N67N.ElmRelay\PTOC 51N_67N 1.RelToc,1,ESTE CERCANO,ESTE,ESTE 138 kV,ZCLUIE,PTOC 51N_67N 1
PTOC 51N_67N 2,\VM-PF.IntUser\PDD 31-12-2024.IntPrj\Network Model.IntPrjfolder\Network Data.IntPrjfolder\ESTE 138 kV.ElmNet\ZCLUIE.ElmSubstat\E1.ElmTerm\Cub_1.StaCubic\ZCLUIE_ZAAINE-L1-REL670.ElmRelay\PTOC 51N67N.ElmRelay\PTOC 51N_67N 2.RelToc,1,ESTE CERCANO,ESTE,ESTE 138 kV,ZCLUIE,PTOC 51N_67N 2
PTOC 51N_67N 3,\VM-PF.IntUser\PDD 31-12-2024.IntPrj\Network Model.IntPrjfolder\Network Data.IntPrjfolder\ESTE 138 kV.ElmNet\ZCLUIE.ElmSubstat\E1.ElmTerm\Cub_1.StaCubic\ZCLUIE_ZAAINE-L1-REL670.ElmRelay\PTOC 51N67N.ElmRelay\PTOC 51N_67N 3.RelToc,1,ESTE CERCANO,ESTE,ESTE 138 kV,ZCLUIE,PTOC 51N_67N 3
PTOC 51N_67N 4,\VM-PF.IntUser\PDD 31-12-2024.IntPrj\Network Model.IntPrjfolder\Network Data.IntPrjfolder\ESTE 138 kV.ElmNet\ZCLUIE.ElmSubstat\E1.ElmTerm\Cub_1.StaCubic\ZCLUIE_ZAAINE-L1-REL670.ElmRelay\PTOC 51N67N.ElmRelay\PTOC 51N_67N 4.RelToc,1,ESTE CERCANO,ESTE,ESTE 138 kV,ZCLUIE,PTOC 51N_67N 4
PTOC 51_67 1,\VM-PF.IntUser\PDD 31-12-2024.IntPrj\Network Model.IntPrjfolder\Network Data.IntPrjfolder\ESTE 138 kV.ElmNet\ZCLUIE.ElmSubstat\E2.ElmTerm\Cub_1.StaCubic\ZCLUIE_ZSPM2E-L1-REL670.ElmRelay\PTOC 51_67.ElmRelay\PTOC 51_67 1.RelToc,1,ESTE CERCANO,ESTE,ESTE 138 kV,ZCLUIE,PTOC 51_67 1
PTOC 51_67 2,\VM-PF.IntUser\PDD 31-12-2024.IntPrj\Network Model.IntPrjfolder\Network Data.IntPrjfolder\ESTE 138 kV.ElmNet\ZCLUIE.ElmSubstat\E2.ElmTerm\Cub_1.StaCubic\ZCLUIE_ZSPM2E-L1-REL670.ElmRelay\PTOC 51_67.ElmRelay\PTOC 51_67 2.RelToc,1,ESTE CERCANO,ESTE,ESTE 138 kV,ZCLUIE,PTOC 51_67 2
PTOC 51_67 3,\VM-PF.IntUser\PDD 31-12-2024.IntPrj\Network Model.IntPrjfolder\Network Data.IntPrjfolder\ESTE 138 kV.ElmNet\ZCLUIE.ElmSubstat\E2.ElmTerm\Cub_1.StaCubic\ZCLUIE_ZSPM2E-L1-REL670.ElmRelay\PTOC 51_67.ElmRelay\PTOC 51_67 3.RelToc,1,ESTE CERCANO,ESTE,ESTE 138 kV,ZCLUIE,PTOC 51_67 3
PTOC 51_67 4,\VM-PF.IntUser\PDD 31-12-2024.IntPrj\Network Model.IntPrjfolder\Network Data.IntPrjfolder\ESTE 138 kV.ElmNet\ZCLUIE.ElmSubstat\E2.ElmTerm\Cub_1.StaCubic\ZCLUIE_ZSPM2E-L1-REL670.ElmRelay\PTOC 51_67.ElmRelay\PTOC 51_67 4.RelToc,1,ESTE CERCANO,ESTE,ESTE 138 kV,ZCLUIE,PTOC 51_67 4
PTOC 51N_67N 1,\VM-PF.IntUser\PDD 31-12-2024.IntPrj\Network Model.IntPrjfolder\Network Data.IntPrjfolder\ESTE 138 kV.ElmNet\ZCLUIE.ElmSubstat\E2.ElmTerm\Cub_1.StaCubic\ZCLUIE_ZSPM2E-L1-REL670.ElmRelay\PTOC 51N67N.ElmRelay\PTOC 51N_67N 1.RelToc,1,ESTE CERCANO,ESTE,ESTE 138 kV,ZCLUIE,PTOC 51N_67N 1
PTOC 51N_67N 2,\VM-PF.IntUser\PDD 31-12-2024.IntPrj\Network Model.IntPrjfolder\Network Data.IntPrjfolder\ESTE 138 kV.ElmNet\ZCLUIE.ElmSubstat\E2.ElmTerm\Cub_1.StaCubic\ZCLUIE_ZSPM2E-L1-REL670.ElmRelay\PTOC 51N67N.ElmRelay\PTOC 51N_67N 2.RelToc,1,ESTE CERCANO,ESTE,ESTE 138 kV,ZCLUIE,PTOC 51N_67N 2
PTOC 51N_67N 3,\VM-PF.IntUser\PDD 31-12-2024.IntPrj\Network Model.IntPrjfolder\Network Data.IntPrjfolder\ESTE 138 kV.ElmNet\ZCLUIE.ElmSubstat\E2.ElmTerm\Cub_1.StaCubic\ZCLUIE_ZSPM2E-L1-REL670.ElmRelay\PTOC 51N67N.ElmRelay\PTOC 51N_67N 3.RelToc,1,ESTE CERCANO,ESTE,ESTE 138 kV,ZCLUIE,PTOC 51N_67N 3
PTOC 51N_67N 4,\VM-PF.IntUser\PDD 31-12-2024.IntPrj\Network Model.IntPrjfolder\Network Data.IntPrjfolder\ESTE 138 kV.ElmNet\ZCLUIE.ElmSubstat\E2.ElmTerm\Cub_1.StaCubic\ZCLUIE_ZSPM2E-L1-REL670.ElmRelay\PTOC 51N67N.ElmRelay\PTOC 51N_67N 4.RelToc,1,ESTE CERCANO,ESTE,ESTE 138 kV,ZCLUIE,PTOC 51N_67N 4
51P,\VM-PF.IntUser\PDD 31-12-2024.IntPrj\Network Model.IntPrjfolder\Network Data.IntPrjfolder\ESTE 138 kV.ElmNet\ZCLUIE.ElmSubstat\E2.ElmTerm\Cub_1.StaCubic\ZCLUIE_ZSPM2E-L1-SEL 311C.ElmRelay\51P.RelToc,1,ESTE CERCANO,ESTE,ESTE 138 kV,ZCLUIE,51P
51N,\VM-PF.IntUser\PDD 31-12-2024.IntPrj\Network Model.IntPrjfolder\Network Data.IntPrjfolder\ESTE 138 kV.ElmNet\ZCLUIE.ElmSubstat\E2.ElmTerm\Cub_1.StaCubic\ZCLUIE_ZSPM2E-L1-SEL 311C.ElmRelay\51N.RelToc,1,ESTE CERCANO,ESTE,ESTE 138 kV,ZCLUIE,51N
51Q,\VM-PF.IntUser\PDD 31-12-2024.IntPrj\Network Model.IntPrjfolder\Network Data.IntPrjfolder\ESTE 138 kV.ElmNet\ZCLUIE.ElmSubstat\E2.ElmTerm\Cub_1.StaCubic\ZCLUIE_ZSPM2E-L1-SEL 311C.ElmRelay\51Q.RelToc,1,ESTE CERCANO,ESTE,ESTE 138 kV,ZCLUIE,51Q
51P,\VM-PF.IntUser\PDD 31-12-2024.IntPrj\Network Model.IntPrjfolder\Network Data.IntPrjfolder\ESTE 138 kV.ElmNet\San Pedro Bio-Energy.ElmSite\ZSPBEE.ElmSubstat\3.ElmTerm\Cub_1.StaCubic\ZSPBEE_ZSESTE-L1-SEL 311L.ElmRelay\51P.RelToc,1,ESTE CERCANO,ESTE,ESTE 138 kV,ZSPBEE,51P
51N,\VM-PF.IntUser\PDD 31-12-2024.IntPrj\Network Model.IntPrjfolder\Network Data.IntPrjfolder\ESTE 138 kV.ElmNet\San Pedro Bio-Energy.ElmSite\ZSPBEE.ElmSubstat\3.ElmTerm\Cub_1.StaCubic\ZSPBEE_ZSESTE-L1-SEL 311L.ElmRelay\51N.RelToc,1,ESTE CERCANO,ESTE,ESTE 138 kV,ZSPBEE,51N
51Q,\VM-PF.IntUser\PDD 31-12-2024.IntPrj\Network Model.IntPrjfolder\Network Data.IntPrjfolder\ESTE 138 kV.ElmNet\San Pedro Bio-Energy.ElmSite\ZSPBEE.ElmSubstat\3.ElmTerm\Cub_1.StaCubic\ZSPBEE_ZSESTE-L1-SEL 311L.ElmRelay\51Q.RelToc,1,ESTE CERCANO,ESTE,ESTE 138 kV,ZSPBEE,51Q
51S1P,\VM-PF.IntUser\PDD 31-12-2024.IntPrj\Network Model.IntPrjfolder\Network Data.IntPrjfolder\ESTE 138 kV.ElmNet\San Pedro Bio-Energy.ElmSite\ZSPBEE.ElmSubstat\3.ElmTerm\Cub_1.StaCubic\ZSPBEE_ZSESTE-L1-SEL 421.ElmRelay\51S1P.RelToc,1,ESTE CERCANO,ESTE,ESTE 138 kV,ZSPBEE,51S1P
51S2P,\VM-PF.IntUser\PDD 31-12-2024.IntPrj\Network Model.IntPrjfolder\Network Data.IntPrjfolder\ESTE 138 kV.ElmNet\San Pedro Bio-Energy.ElmSite\ZSPBEE.ElmSubstat\3.ElmTerm\Cub_1.StaCubic\ZSPBEE_ZSESTE-L1-SEL 421.ElmRelay\51S2P.RelToc,1,ESTE CERCANO,ESTE,ESTE 138 kV,ZSPBEE,51S2P
51S3P,\VM-PF.IntUser\PDD 31-12-2024.IntPrj\Network Model.IntPrjfolder\Network Data.IntPrjfolder\ESTE 138 kV.ElmNet\San Pedro Bio-Energy.ElmSite\ZSPBEE.ElmSubstat\3.ElmTerm\Cub_1.StaCubic\ZSPBEE_ZSESTE-L1-SEL 421.ElmRelay\51S3P.RelToc,1,ESTE CERCANO,ESTE,ESTE 138 kV,ZSPBEE,51S3P
51S1I1,\VM-PF.IntUser\PDD 31-12-2024.IntPrj\Network Model.IntPrjfolder\Network Data.IntPrjfolder\ESTE 138 kV.ElmNet\San Pedro Bio-Energy.ElmSite\ZSPBEE.ElmSubstat\3.ElmTerm\Cub_1.StaCubic\ZSPBEE_ZSESTE-L1-SEL 421.ElmRelay\51S1I1.RelToc,1,ESTE CERCANO,ESTE,ESTE 138 kV,ZSPBEE,51S1I1
51S2I1,\VM-PF.IntUser\PDD 31-12-2024.IntPrj\Network Model.IntPrjfolder\Network Data.IntPrjfolder\ESTE 138 kV.ElmNet\San Pedro Bio-Energy.ElmSite\ZSPBEE.ElmSubstat\3.ElmTerm\Cub_1.StaCubic\ZSPBEE_ZSESTE-L1-SEL 421.ElmRelay\51S2I1.RelToc,1,ESTE CERCANO,ESTE,ESTE 138 kV,ZSPBEE,51S2I1
51S3I1,\VM-PF.IntUser\PDD 31-12-2024.IntPrj\Network Model.IntPrjfolder\Network Data.IntPrjfolder\ESTE 138 kV.ElmNet\San Pedro Bio-Energy.ElmSite\ZSPBEE.ElmSubstat\3.ElmTerm\Cub_1.StaCubic\ZSPBEE_ZSESTE-L1-SEL 421.ElmRelay\51S3I1.RelToc,1,ESTE CERCANO,ESTE,ESTE 138 kV,ZSPBEE,51S3I1
51S1N,\VM-PF.IntUser\PDD 31-12-2024.IntPrj\Network Model.IntPrjfolder\Network Data.IntPrjfolder\ESTE 138 kV.ElmNet\San Pedro Bio-Energy.ElmSite\ZSPBEE.ElmSubstat\3.ElmTerm\Cub_1.StaCubic\ZSPBEE_ZSESTE-L1-SEL 421.ElmRelay\51S1N.RelToc,1,ESTE CERCANO,ESTE,ESTE 138 kV,ZSPBEE,51S1N
51S2N,\VM-PF.IntUser\PDD 31-12-2024.IntPrj\Network Model.IntPrjfolder\Network Data.IntPrjfolder\ESTE 138 kV.ElmNet\San Pedro Bio-Energy.ElmSite\ZSPBEE.ElmSubstat\3.ElmTerm\Cub_1.StaCubic\ZSPBEE_ZSESTE-L1-SEL 421.ElmRelay\51S2N.RelToc,1,ESTE CERCANO,ESTE,ESTE 138 kV,ZSPBEE,51S2N
51S3N,\VM-PF.IntUser\PDD 31-12-2024.IntPrj\Network Model.IntPrjfolder\Network Data.IntPrjfolder\ESTE 138 kV.ElmNet\San Pedro Bio-Energy.ElmSite\ZSPBEE.ElmSubstat\3.ElmTerm\Cub_1.StaCubic\ZSPBEE_ZSESTE-L1-SEL 421.ElmRelay\51S3N.RelToc,1,ESTE CERCANO,ESTE,ESTE 138 kV,ZSPBEE,51S3N
51S1Q,\VM-PF.IntUser\PDD 31-12-2024.IntPrj\Network Model.IntPrjfolder\Network Data.IntPrjfolder\ESTE 138 kV.ElmNet\San Pedro Bio-Energy.ElmSite\ZSPBEE.ElmSubstat\3.ElmTerm\Cub_1.StaCubic\ZSPBEE_ZSESTE-L1-SEL 421.ElmRelay\51S1Q.RelToc,1,ESTE CERCANO,ESTE,ESTE 138 kV,ZSPBEE,51S1Q
51S2Q,\VM-PF.IntUser\PDD 31-12-2024.IntPrj\Network Model.IntPrjfolder\Network Data.IntPrjfolder\ESTE 138 kV.ElmNet\San Pedro Bio-Energy.ElmSite\ZSPBEE.ElmSubstat\3.ElmTerm\Cub_1.StaCubic\ZSPBEE_ZSESTE-L1-SEL 421.ElmRelay\51S2Q.RelToc,1,ESTE CERCANO,ESTE,ESTE 138 kV,ZSPBEE,51S2Q
51S3Q,\VM-PF.IntUser\PDD 31-12-2024.IntPrj\Network Model.IntPrjfolder\Network Data.IntPrjfolder\ESTE 138 kV.ElmNet\San Pedro Bio-Energy.ElmSite\ZSPBEE.ElmSubstat\3.ElmTerm\Cub_1.StaCubic\ZSPBEE_ZSESTE-L1-SEL 421.ElmRelay\51S3Q.RelToc,1,ESTE CERCANO,ESTE,ESTE 138 kV,ZSPBEE,51S3Q
51P,\VM-PF.IntUser\PDD 31-12-2024.IntPrj\Network Model.IntPrjfolder\Network Data.IntPrjfolder\ESTE 138 kV.ElmNet\San Pedro Bio-Energy.ElmSite\ZSPBEE.ElmSubstat\5.ElmTerm\Cub_1.StaCubic\ZSPBEE_ZQUISE-L1-SEL 311L.ElmRelay\51P.RelToc,1,ESTE CERCANO,ESTE,ESTE 138 kV,ZSPBEE,51P
51N,\VM-PF.IntUser\PDD 31-12-2024.IntPrj\Network Model.IntPrjfolder\Network Data.IntPrjfolder\ESTE 138 kV.ElmNet\San Pedro Bio-Energy.ElmSite\ZSPBEE.ElmSubstat\5.ElmTerm\Cub_1.StaCubic\ZSPBEE_ZQUISE-L1-SEL 311L.ElmRelay\51N.RelToc,1,ESTE CERCANO,ESTE,ESTE 138 kV,ZSPBEE,51N
51Q,\VM-PF.IntUser\PDD 31-12-2024.IntPrj\Network Model.IntPrjfolder\Network Data.IntPrjfolder\ESTE 138 kV.ElmNet\San Pedro Bio-Energy.ElmSite\ZSPBEE.ElmSubstat\5.ElmTerm\Cub_1.StaCubic\ZSPBEE_ZQUISE-L1-SEL 311L.ElmRelay\51Q.RelToc,1,ESTE CERCANO,ESTE,ESTE 138 kV,ZSPBEE,51Q
51S1P,\VM-PF.IntUser\PDD 31-12-2024.IntPrj\Network Model.IntPrjfolder\Network Data.IntPrjfolder\ESTE 138 kV.ElmNet\San Pedro Bio-Energy.ElmSite\ZSPBEE.ElmSubstat\5.ElmTerm\Cub_1.StaCubic\ZSPBEE_ZQUISE-L1-SEL 421.ElmRelay\51S1P.RelToc,1,ESTE CERCANO,ESTE,ESTE 138 kV,ZSPBEE,51S1P
51S2P,\VM-PF.IntUser\PDD 31-12-2024.IntPrj\Network Model.IntPrjfolder\Network Data.IntPrjfolder\ESTE 138 kV.ElmNet\San Pedro Bio-Energy.ElmSite\ZSPBEE.ElmSubstat\5.ElmTerm\Cub_1.StaCubic\ZSPBEE_ZQUISE-L1-SEL 421.ElmRelay\51S2P.RelToc,1,ESTE CERCANO,ESTE,ESTE 138 kV,ZSPBEE,51S2P
51S3P,\VM-PF.IntUser\PDD 31-12-2024.IntPrj\Network Model.IntPrjfolder\Network Data.IntPrjfolder\ESTE 138 kV.ElmNet\San Pedro Bio-Energy.ElmSite\ZSPBEE.ElmSubstat\5.ElmTerm\Cub_1.StaCubic\ZSPBEE_ZQUISE-L1-SEL 421.ElmRelay\51S3P.RelToc,1,ESTE CERCANO,ESTE,ESTE 138 kV,ZSPBEE,51S3P
51S1I1,\VM-PF.IntUser\PDD 31-12-2024.IntPrj\Network Model.IntPrjfolder\Network Data.IntPrjfolder\ESTE 138 kV.ElmNet\San Pedro Bio-Energy.ElmSite\ZSPBEE.ElmSubstat\5.ElmTerm\Cub_1.StaCubic\ZSPBEE_ZQUISE-L1-SEL 421.ElmRelay\51S1I1.RelToc,1,ESTE CERCANO,ESTE,ESTE 138 kV,ZSPBEE,51S1I1
51S2I1,\VM-PF.IntUser\PDD 31-12-2024.IntPrj\Network Model.IntPrjfolder\Network Data.IntPrjfolder\ESTE 138 kV.ElmNet\San Pedro Bio-Energy.ElmSite\ZSPBEE.ElmSubstat\5.ElmTerm\Cub_1.StaCubic\ZSPBEE_ZQUISE-L1-SEL 421.ElmRelay\51S2I1.RelToc,1,ESTE CERCANO,ESTE,ESTE 138 kV,ZSPBEE,51S2I1
51S3I1,\VM-PF.IntUser\PDD 31-12-2024.IntPrj\Network Model.IntPrjfolder\Network Data.IntPrjfolder\ESTE 138 kV.ElmNet\San Pedro Bio-Energy.ElmSite\ZSPBEE.ElmSubstat\5.ElmTerm\Cub_1.StaCubic\ZSPBEE_ZQUISE-L1-SEL 421.ElmRelay\51S3I1.RelToc,1,ESTE CERCANO,ESTE,ESTE 138 kV,ZSPBEE,51S3I1
51S1N,\VM-PF.IntUser\PDD 31-12-2024.IntPrj\Network Model.IntPrjfolder\Network Data.IntPrjfolder\ESTE 138 kV.ElmNet\San Pedro Bio-Energy.ElmSite\ZSPBEE.ElmSubstat\5.ElmTerm\Cub_1.StaCubic\ZSPBEE_ZQUISE-L1-SEL 421.ElmRelay\51S1N.RelToc,1,ESTE CERCANO,ESTE,ESTE 138 kV,ZSPBEE,51S1N
51S2N,\VM-PF.IntUser\PDD 31-12-2024.IntPrj\Network Model.IntPrjfolder\Network Data.IntPrjfolder\ESTE 138 kV.ElmNet\San Pedro Bio-Energy.ElmSite\ZSPBEE.ElmSubstat\5.ElmTerm\Cub_1.StaCubic\ZSPBEE_ZQUISE-L1-SEL 421.ElmRelay\51S2N.RelToc,1,ESTE CERCANO,ESTE,ESTE 138 kV,ZSPBEE,51S2N
51S3N,\VM-PF.IntUser\PDD 31-12-2024.IntPrj\Network Model.IntPrjfolder\Network Data.IntPrjfolder\ESTE 138 kV.ElmNet\San Pedro Bio-Energy.ElmSite\ZSPBEE.ElmSubstat\5.ElmTerm\Cub_1.StaCubic\ZSPBEE_ZQUISE-L1-SEL 421.ElmRelay\51S3N.RelToc,1,ESTE CERCANO,ESTE,ESTE 138 kV,ZSPBEE,51S3N
51S1Q,\VM-PF.IntUser\PDD 31-12-2024.IntPrj\Network Model.IntPrjfolder\Network Data.IntPrjfolder\ESTE 138 kV.ElmNet\San Pedro Bio-Energy.ElmSite\ZSPBEE.ElmSubstat\5.ElmTerm\Cub_1.StaCubic\ZSPBEE_ZQUISE-L1-SEL 421.ElmRelay\51S1Q.RelToc,1,ESTE CERCANO,ESTE,ESTE 138 kV,ZSPBEE,51S1Q
51S2Q,\VM-PF.IntUser\PDD 31-12-2024.IntPrj\Network Model.IntPrjfolder\Network Data.IntPrjfolder\ESTE 138 kV.ElmNet\San Pedro Bio-Energy.ElmSite\ZSPBEE.ElmSubstat\5.ElmTerm\Cub_1.StaCubic\ZSPBEE_ZQUISE-L1-SEL 421.ElmRelay\51S2Q.RelToc,1,ESTE CERCANO,ESTE,ESTE 138 kV,ZSPBEE,51S2Q
51S3Q,\VM-PF.IntUser\PDD 31-12-2024.IntPrj\Network Model.IntPrjfolder\Network Data.IntPrjfolder\ESTE 138 kV.ElmNet\San Pedro Bio-Energy.ElmSite\ZSPBEE.ElmSubstat\5.ElmTerm\Cub_1.StaCubic\ZSPBEE_ZQUISE-L1-SEL 421.ElmRelay\51S3Q.RelToc,1,ESTE CERCANO,ESTE,ESTE 138 kV,ZSPBEE,51S3Q
Ip>,\VM-PF.IntUser\PDD 31-12-2024.IntPrj\Network Model.IntPrjfolder\Network Data.IntPrjfolder\ESTE 138 kV.ElmNet\San Pedro.ElmSite\ZSPMAE.ElmSubstat\L2.ElmTerm\Cub_2.StaCubic\ZSPMBE_ZSPM2E-L1-7SA6.ElmRelay\Overcurrent.ElmRelay\Ip>.RelToc,1,ESTE CERCANO,ESTE,ESTE 138 kV,ZSPMAE,Ip>
3I0p,\VM-PF.IntUser\PDD 31-12-2024.IntPrj\Network Model.IntPrjfolder\Network Data.IntPrjfolder\ESTE 138 kV.ElmNet\San Pedro.ElmSite\ZSPMAE.ElmSubstat\L2.ElmTerm\Cub_2.StaCubic\ZSPMBE_ZSPM2E-L1-7SA6.ElmRelay\Overcurrent.ElmRelay\3I0p.RelToc,1,ESTE CERCANO,ESTE,ESTE 138 kV,ZSPMAE,3I0p
3I0p,\VM-PF.IntUser\PDD 31-12-2024.IntPrj\Network Model.IntPrjfolder\Network Data.IntPrjfolder\ESTE 138 kV.ElmNet\San Pedro.ElmSite\ZSPMAE.ElmSubstat\L2.ElmTerm\Cub_2.StaCubic\ZSPMBE_ZSPM2E-L1-7SA6.ElmRelay\Earthfault.ElmRelay\3I0p.RelToc,1,ESTE CERCANO,ESTE,ESTE 138 kV,ZSPMAE,3I0p
Thermal Overload,\VM-PF.IntUser\PDD 31-12-2024.IntPrj\Network Model.IntPrjfolder\Network Data.IntPrjfolder\ESTE 138 kV.ElmNet\San Pedro.ElmSite\ZSPMAE.ElmSubstat\L2.ElmTerm\Cub_2.StaCubic\ZSPMBE_ZSPM2E-L1-7SA6.ElmRelay\Thermal Overload.RelToc,1,ESTE CERCANO,ESTE,ESTE 138 kV,ZSPMAE,Thermal Overload
Ip 51,\VM-PF.IntUser\PDD 31-12-2024.IntPrj\Network Model.IntPrjfolder\Network Data.IntPrjfolder\ESTE 138 kV.ElmNet\San Pedro.ElmSite\ZSPMAE.ElmSubstat\L2.ElmTerm\Cub_2.StaCubic\ZSPMBE_ZSPM2E-L1-7SJ62.ElmRelay\Ip 51.RelToc,1,ESTE CERCANO,ESTE,ESTE 138 kV,ZSPMAE,Ip 51
Iep 51N,\VM-PF.IntUser\PDD 31-12-2024.IntPrj\Network Model.IntPrjfolder\Network Data.IntPrjfolder\ESTE 138 kV.ElmNet\San Pedro.ElmSite\ZSPMAE.ElmSubstat\L2.ElmTerm\Cub_2.StaCubic\ZSPMBE_ZSPM2E-L1-7SJ62.ElmRelay\Iep 51N.RelToc,1,ESTE CERCANO,ESTE,ESTE 138 kV,ZSPMAE,Iep 51N
Ip 67 TOC,\VM-PF.IntUser\PDD 31-12-2024.IntPrj\Network Model.IntPrjfolder\Network Data.IntPrjfolder\ESTE 138 kV.ElmNet\San Pedro.ElmSite\ZSPMAE.ElmSubstat\L2.ElmTerm\Cub_2.StaCubic\ZSPMBE_ZSPM2E-L1-7SJ62.ElmRelay\Ip 67 TOC.RelToc,1,ESTE CERCANO,ESTE,ESTE 138 kV,ZSPMAE,Ip 67 TOC
Iep 67N TOC,\VM-PF.IntUser\PDD 31-12-2024.IntPrj\Network Model.IntPrjfolder\Network Data.IntPrjfolder\ESTE 138 kV.ElmNet\San Pedro.ElmSite\ZSPMAE.ElmSubstat\L2.ElmTerm\Cub_2.StaCubic\ZSPMBE_ZSPM2E-L1-7SJ62.ElmRelay\Iep 67N TOC.RelToc,1,ESTE CERCANO,ESTE,ESTE 138 kV,ZSPMAE,Iep 67N TOC
I2p 46 TOC,\VM-PF.IntUser\PDD 31-12-2024.IntPrj\Network Model.IntPrjfolder\Network Data.IntPrjfolder\ESTE 138 kV.ElmNet\San Pedro.ElmSite\ZSPMAE.ElmSubstat\L2.ElmTerm\Cub_2.StaCubic\ZSPMBE_ZSPM2E-L1-7SJ62.ElmRelay\I2p 46 TOC.RelToc,1,ESTE CERCANO,ESTE,ESTE 138 kV,ZSPMAE,I2p 46 TOC
Overload 49,\VM-PF.IntUser\PDD 31-12-2024.IntPrj\Network Model.IntPrjfolder\Network Data.IntPrjfolder\ESTE 138 kV.ElmNet\San Pedro.ElmSite\ZSPMAE.ElmSubstat\L2.ElmTerm\Cub_2.StaCubic\ZSPMBE_ZSPM2E-L1-7SJ62.ElmRelay\Overload 49.RelToc,1,ESTE CERCANO,ESTE,ESTE 138 kV,ZSPMAE,Overload 49
Ip>,\VM-PF.IntUser\PDD 31-12-2024.IntPrj\Network Model.IntPrjfolder\Network Data.IntPrjfolder\ESTE 138 kV.ElmNet\San Pedro.ElmSite\ZSPMAE.ElmSubstat\R1.ElmTerm\Cub_2.StaCubic\ZSPMBE_ZLROME-L1-7SA6.ElmRelay\Overcurrent.ElmRelay\Ip>.RelToc,1,ESTE CERCANO,ESTE,ESTE 138 kV,ZSPMAE,Ip>
3I0p,\VM-PF.IntUser\PDD 31-12-2024.IntPrj\Network Model.IntPrjfolder\Network Data.IntPrjfolder\ESTE 138 kV.ElmNet\San Pedro.ElmSite\ZSPMAE.ElmSubstat\R1.ElmTerm\Cub_2.StaCubic\ZSPMBE_ZLROME-L1-7SA6.ElmRelay\Overcurrent.ElmRelay\3I0p.RelToc,1,ESTE CERCANO,ESTE,ESTE 138 kV,ZSPMAE,3I0p
3I0p,\VM-PF.IntUser\PDD 31-12-2024.IntPrj\Network Model.IntPrjfolder\Network Data.IntPrjfolder\ESTE 138 kV.ElmNet\San Pedro.ElmSite\ZSPMAE.ElmSubstat\R1.ElmTerm\Cub_2.StaCubic\ZSPMBE_ZLROME-L1-7SA6.ElmRelay\Earthfault.ElmRelay\3I0p.RelToc,1,ESTE CERCANO,ESTE,ESTE 138 kV,ZSPMAE,3I0p
Thermal Overload,\VM-PF.IntUser\PDD 31-12-2024.IntPrj\Network Model.IntPrjfolder\Network Data.IntPrjfolder\ESTE 138 kV.ElmNet\San Pedro.ElmSite\ZSPMAE.ElmSubstat\R1.ElmTerm\Cub_2.StaCubic\ZSPMBE_ZLROME-L1-7SA6.ElmRelay\Thermal Overload.RelToc,1,ESTE CERCANO,ESTE,ESTE 138 kV,ZSPMAE,Thermal Overload
Ip,\VM-PF.IntUser\PDD 31-12-2024.IntPrj\Network Model.IntPrjfolder\Network Data.IntPrjfolder\ESTE 138 kV.ElmNet\San Pedro.ElmSite\ZSPMAE.ElmSubstat\R1.ElmTerm\Cub_2.StaCubic\ZSPMBE_ZLROME-L1-7SD52.ElmRelay\Distance/Overcurrent/Voltage.ElmRelay\Ip.RelToc,1,ESTE CERCANO,ESTE,ESTE 138 kV,ZSPMAE,Ip
Thr. Overload,\VM-PF.IntUser\PDD 31-12-2024.IntPrj\Network Model.IntPrjfolder\Network Data.IntPrjfolder\ESTE 138 kV.ElmNet\San Pedro.ElmSite\ZSPMAE.ElmSubstat\R1.ElmTerm\Cub_2.StaCubic\ZSPMBE_ZLROME-L1-7SD52.ElmRelay\Distance/Overcurrent/Voltage.ElmRelay\Thr. Overload.RelToc,1,ESTE CERCANO,ESTE,ESTE 138 kV,ZSPMAE,Thr. Overload
I0p,\VM-PF.IntUser\PDD 31-12-2024.IntPrj\Network Model.IntPrjfolder\Network Data.IntPrjfolder\ESTE 138 kV.ElmNet\San Pedro.ElmSite\ZSPMAE.ElmSubstat\R1.ElmTerm\Cub_2.StaCubic\ZSPMBE_ZLROME-L1-7SD52.ElmRelay\Distance/Overcurrent/Voltage.ElmRelay\I0p.RelToc,1,ESTE CERCANO,ESTE,ESTE 138 kV,ZSPMAE,I0p
Ip 51,\VM-PF.IntUser\PDD 31-12-2024.IntPrj\Network Model.IntPrjfolder\Network Data.IntPrjfolder\ESTE 138 kV.ElmNet\San Pedro.ElmSite\ZSPMAE.ElmSubstat\R1.ElmTerm\Cub_2.StaCubic\ZSPMBE_ZLROME-L1-7SJ62.ElmRelay\Ip 51.RelToc,1,ESTE CERCANO,ESTE,ESTE 138 kV,ZSPMAE,Ip 51
Iep 51N,\VM-PF.IntUser\PDD 31-12-2024.IntPrj\Network Model.IntPrjfolder\Network Data.IntPrjfolder\ESTE 138 kV.ElmNet\San Pedro.ElmSite\ZSPMAE.ElmSubstat\R1.ElmTerm\Cub_2.StaCubic\ZSPMBE_ZLROME-L1-7SJ62.ElmRelay\Iep 51N.RelToc,1,ESTE CERCANO,ESTE,ESTE 138 kV,ZSPMAE,Iep 51N
Ip 67 TOC,\VM-PF.IntUser\PDD 31-12-2024.IntPrj\Network Model.IntPrjfolder\Network Data.IntPrjfolder\ESTE 138 kV.ElmNet\San Pedro.ElmSite\ZSPMAE.ElmSubstat\R1.ElmTerm\Cub_2.StaCubic\ZSPMBE_ZLROME-L1-7SJ62.ElmRelay\Ip 67 TOC.RelToc,1,ESTE CERCANO,ESTE,ESTE 138 kV,ZSPMAE,Ip 67 TOC
Iep 67N TOC,\VM-PF.IntUser\PDD 31-12-2024.IntPrj\Network Model.IntPrjfolder\Network Data.IntPrjfolder\ESTE 138 kV.ElmNet\San Pedro.ElmSite\ZSPMAE.ElmSubstat\R1.ElmTerm\Cub_2.StaCubic\ZSPMBE_ZLROME-L1-7SJ62.ElmRelay\Iep 67N TOC.RelToc,1,ESTE CERCANO,ESTE,ESTE 138 kV,ZSPMAE,Iep 67N TOC
I2p 46 TOC,\VM-PF.IntUser\PDD 31-12-2024.IntPrj\Network Model.IntPrjfolder\Network Data.IntPrjfolder\ESTE 138 kV.ElmNet\San Pedro.ElmSite\ZSPMAE.ElmSubstat\R1.ElmTerm\Cub_2.StaCubic\ZSPMBE_ZLROME-L1-7SJ62.ElmRelay\I2p 46 TOC.RelToc,1,ESTE CERCANO,ESTE,ESTE 138 kV,ZSPMAE,I2p 46 TOC
Overload 49,\VM-PF.IntUser\PDD 31-12-2024.IntPrj\Network Model.IntPrjfolder\Network Data.IntPrjfolder\ESTE 138 kV.ElmNet\San Pedro.ElmSite\ZSPMAE.ElmSubstat\R1.ElmTerm\Cub_2.StaCubic\ZSPMBE_ZLROME-L1-7SJ62.ElmRelay\Overload 49.RelToc,1,ESTE CERCANO,ESTE,ESTE 138 kV,ZSPMAE,Overload 49
Ip>,\VM-PF.IntUser\PDD 31-12-2024.IntPrj\Network Model.IntPrjfolder\Network Data.IntPrjfolder\ESTE 138 kV.ElmNet\San Pedro.ElmSite\ZSPMAE.ElmSubstat\R2.ElmTerm\Cub_2.StaCubic\ZSPMBE_ZLROME-L2-7SA6.ElmRelay\Overcurrent.ElmRelay\Ip>.RelToc,1,ESTE CERCANO,ESTE,ESTE 138 kV,ZSPMAE,Ip>
3I0p,\VM-PF.IntUser\PDD 31-12-2024.IntPrj\Network Model.IntPrjfolder\Network Data.IntPrjfolder\ESTE 138 kV.ElmNet\San Pedro.ElmSite\ZSPMAE.ElmSubstat\R2.ElmTerm\Cub_2.StaCubic\ZSPMBE_ZLROME-L2-7SA6.ElmRelay\Overcurrent.ElmRelay\3I0p.RelToc,1,ESTE CERCANO,ESTE,ESTE 138 kV,ZSPMAE,3I0p
3I0p,\VM-PF.IntUser\PDD 31-12-2024.IntPrj\Network Model.IntPrjfolder\Network Data.IntPrjfolder\ESTE 138 kV.ElmNet\San Pedro.ElmSite\ZSPMAE.ElmSubstat\R2.ElmTerm\Cub_2.StaCubic\ZSPMBE_ZLROME-L2-7SA6.ElmRelay\Earthfault.ElmRelay\3I0p.RelToc,1,ESTE CERCANO,ESTE,ESTE 138 kV,ZSPMAE,3I0p
Thermal Overload,\VM-PF.IntUser\PDD 31-12-2024.IntPrj\Network Model.IntPrjfolder\Network Data.IntPrjfolder\ESTE 138 kV.ElmNet\San Pedro.ElmSite\ZSPMAE.ElmSubstat\R2.ElmTerm\Cub_2.StaCubic\ZSPMBE_ZLROME-L2-7SA6.ElmRelay\Thermal Overload.RelToc,1,ESTE CERCANO,ESTE,ESTE 138 kV,ZSPMAE,Thermal Overload
Ip,\VM-PF.IntUser\PDD 31-12-2024.IntPrj\Network Model.IntPrjfolder\Network Data.IntPrjfolder\ESTE 138 kV.ElmNet\San Pedro.ElmSite\ZSPMAE.ElmSubstat\R2.ElmTerm\Cub_2.StaCubic\ZSPMBE_ZLROME-L2-7SD52.ElmRelay\Distance/Overcurrent/Voltage.ElmRelay\Ip.RelToc,1,ESTE CERCANO,ESTE,ESTE 138 kV,ZSPMAE,Ip
Thr. Overload,\VM-PF.IntUser\PDD 31-12-2024.IntPrj\Network Model.IntPrjfolder\Network Data.IntPrjfolder\ESTE 138 kV.ElmNet\San Pedro.ElmSite\ZSPMAE.ElmSubstat\R2.ElmTerm\Cub_2.StaCubic\ZSPMBE_ZLROME-L2-7SD52.ElmRelay\Distance/Overcurrent/Voltage.ElmRelay\Thr. Overload.RelToc,1,ESTE CERCANO,ESTE,ESTE 138 kV,ZSPMAE,Thr. Overload
I0p,\VM-PF.IntUser\PDD 31-12-2024.IntPrj\Network Model.IntPrjfolder\Network Data.IntPrjfolder\ESTE 138 kV.ElmNet\San Pedro.ElmSite\ZSPMAE.ElmSubstat\R2.ElmTerm\Cub_2.StaCubic\ZSPMBE_ZLROME-L2-7SD52.ElmRelay\Distance/Overcurrent/Voltage.ElmRelay\I0p.RelToc,1,ESTE CERCANO,ESTE,ESTE 138 kV,ZSPMAE,I0p
Ip 51,\VM-PF.IntUser\PDD 31-12-2024.IntPrj\Network Model.IntPrjfolder\Network Data.IntPrjfolder\ESTE 138 kV.ElmNet\San Pedro.ElmSite\ZSPMAE.ElmSubstat\R2.ElmTerm\Cub_2.StaCubic\ZSPMBE_ZLROME-L2-7SJ62.ElmRelay\Ip 51.RelToc,1,ESTE CERCANO,ESTE,ESTE 138 kV,ZSPMAE,Ip 51
Iep 51N,\VM-PF.IntUser\PDD 31-12-2024.IntPrj\Network Model.IntPrjfolder\Network Data.IntPrjfolder\ESTE 138 kV.ElmNet\San Pedro.ElmSite\ZSPMAE.ElmSubstat\R2.ElmTerm\Cub_2.StaCubic\ZSPMBE_ZLROME-L2-7SJ62.ElmRelay\Iep 51N.RelToc,1,ESTE CERCANO,ESTE,ESTE 138 kV,ZSPMAE,Iep 51N
Ip 67 TOC,\VM-PF.IntUser\PDD 31-12-2024.IntPrj\Network Model.IntPrjfolder\Network Data.IntPrjfolder\ESTE 138 kV.ElmNet\San Pedro.ElmSite\ZSPMAE.ElmSubstat\R2.ElmTerm\Cub_2.StaCubic\ZSPMBE_ZLROME-L2-7SJ62.ElmRelay\Ip 67 TOC.RelToc,1,ESTE CERCANO,ESTE,ESTE 138 kV,ZSPMAE,Ip 67 TOC
Iep 67N TOC,\VM-PF.IntUser\PDD 31-12-2024.IntPrj\Network Model.IntPrjfolder\Network Data.IntPrjfolder\ESTE 138 kV.ElmNet\San Pedro.ElmSite\ZSPMAE.ElmSubstat\R2.ElmTerm\Cub_2.StaCubic\ZSPMBE_ZLROME-L2-7SJ62.ElmRelay\Iep 67N TOC.RelToc,1,ESTE CERCANO,ESTE,ESTE 138 kV,ZSPMAE,Iep 67N TOC
I2p 46 TOC,\VM-PF.IntUser\PDD 31-12-2024.IntPrj\Network Model.IntPrjfolder\Network Data.IntPrjfolder\ESTE 138 kV.ElmNet\San Pedro.ElmSite\ZSPMAE.ElmSubstat\R2.ElmTerm\Cub_2.StaCubic\ZSPMBE_ZLROME-L2-7SJ62.ElmRelay\I2p 46 TOC.RelToc,1,ESTE CERCANO,ESTE,ESTE 138 kV,ZSPMAE,I2p 46 TOC
Overload 49,\VM-PF.IntUser\PDD 31-12-2024.IntPrj\Network Model.IntPrjfolder\Network Data.IntPrjfolder\ESTE 138 kV.ElmNet\San Pedro.ElmSite\ZSPMAE.ElmSubstat\R2.ElmTerm\Cub_2.StaCubic\ZSPMBE_ZLROME-L2-7SJ62.ElmRelay\Overload 49.RelToc,1,ESTE CERCANO,ESTE,ESTE 138 kV,ZSPMAE,Overload 49
Ip>,\VM-PF.IntUser\PDD 31-12-2024.IntPrj\Network Model.IntPrjfolder\Network Data.IntPrjfolder\ESTE 138 kV.ElmNet\San Pedro.ElmSite\ZSPMAE.ElmSubstat\R3.ElmTerm\Cub_2.StaCubic\ZSPMAE_ZLORIE-L1-7SA6.ElmRelay\Overcurrent.ElmRelay\Ip>.RelToc,1,ESTE CERCANO,ESTE,ESTE 138 kV,ZSPMAE,Ip>
3I0p,\VM-PF.IntUser\PDD 31-12-2024.IntPrj\Network Model.IntPrjfolder\Network Data.IntPrjfolder\ESTE 138 kV.ElmNet\San Pedro.ElmSite\ZSPMAE.ElmSubstat\R3.ElmTerm\Cub_2.StaCubic\ZSPMAE_ZLORIE-L1-7SA6.ElmRelay\Overcurrent.ElmRelay\3I0p.RelToc,1,ESTE CERCANO,ESTE,ESTE 138 kV,ZSPMAE,3I0p
3I0p,\VM-PF.IntUser\PDD 31-12-2024.IntPrj\Network Model.IntPrjfolder\Network Data.IntPrjfolder\ESTE 138 kV.ElmNet\San Pedro.ElmSite\ZSPMAE.ElmSubstat\R3.ElmTerm\Cub_2.StaCubic\ZSPMAE_ZLORIE-L1-7SA6.ElmRelay\Earthfault.ElmRelay\3I0p.RelToc,1,ESTE CERCANO,ESTE,ESTE 138 kV,ZSPMAE,3I0p
Thermal Overload,\VM-PF.IntUser\PDD 31-12-2024.IntPrj\Network Model.IntPrjfolder\Network Data.IntPrjfolder\ESTE 138 kV.ElmNet\San Pedro.ElmSite\ZSPMAE.ElmSubstat\R3.ElmTerm\Cub_2.StaCubic\ZSPMAE_ZLORIE-L1-7SA6.ElmRelay\Thermal Overload.RelToc,1,ESTE CERCANO,ESTE,ESTE 138 kV,ZSPMAE,Thermal Overload
Ip 51,\VM-PF.IntUser\PDD 31-12-2024.IntPrj\Network Model.IntPrjfolder\Network Data.IntPrjfolder\ESTE 138 kV.ElmNet\San Pedro.ElmSite\ZSPMAE.ElmSubstat\R3.ElmTerm\Cub_2.StaCubic\ZSPMAE_ZLORIE-L1-7SJ62.ElmRelay\Ip 51.RelToc,1,ESTE CERCANO,ESTE,ESTE 138 kV,ZSPMAE,Ip 51
Iep 51N,\VM-PF.IntUser\PDD 31-12-2024.IntPrj\Network Model.IntPrjfolder\Network Data.IntPrjfolder\ESTE 138 kV.ElmNet\San Pedro.ElmSite\ZSPMAE.ElmSubstat\R3.ElmTerm\Cub_2.StaCubic\ZSPMAE_ZLORIE-L1-7SJ62.ElmRelay\Iep 51N.RelToc,1,ESTE CERCANO,ESTE,ESTE 138 kV,ZSPMAE,Iep 51N
Ip 67 TOC,\VM-PF.IntUser\PDD 31-12-2024.IntPrj\Network Model.IntPrjfolder\Network Data.IntPrjfolder\ESTE 138 kV.ElmNet\San Pedro.ElmSite\ZSPMAE.ElmSubstat\R3.ElmTerm\Cub_2.StaCubic\ZSPMAE_ZLORIE-L1-7SJ62.ElmRelay\Ip 67 TOC.RelToc,1,ESTE CERCANO,ESTE,ESTE 138 kV,ZSPMAE,Ip 67 TOC
Iep 67N TOC,\VM-PF.IntUser\PDD 31-12-2024.IntPrj\Network Model.IntPrjfolder\Network Data.IntPrjfolder\ESTE 138 kV.ElmNet\San Pedro.ElmSite\ZSPMAE.ElmSubstat\R3.ElmTerm\Cub_2.StaCubic\ZSPMAE_ZLORIE-L1-7SJ62.ElmRelay\Iep 67N TOC.RelToc,1,ESTE CERCANO,ESTE,ESTE 138 kV,ZSPMAE,Iep 67N TOC
I2p 46 TOC,\VM-PF.IntUser\PDD 31-12-2024.IntPrj\Network Model.IntPrjfolder\Network Data.IntPrjfolder\ESTE 138 kV.ElmNet\San Pedro.ElmSite\ZSPMAE.ElmSubstat\R3.ElmTerm\Cub_2.StaCubic\ZSPMAE_ZLORIE-L1-7SJ62.ElmRelay\I2p 46 TOC.RelToc,1,ESTE CERCANO,ESTE,ESTE 138 kV,ZSPMAE,I2p 46 TOC
Overload 49,\VM-PF.IntUser\PDD 31-12-2024.IntPrj\Network Model.IntPrjfolder\Network Data.IntPrjfolder\ESTE 138 kV.ElmNet\San Pedro.ElmSite\ZSPMAE.ElmSubstat\R3.ElmTerm\Cub_2.StaCubic\ZSPMAE_ZLORIE-L1-7SJ62.ElmRelay\Overload 49.RelToc,1,ESTE CERCANO,ESTE,ESTE 138 kV,ZSPMAE,Overload 49
Ip,\VM-PF.IntUser\PDD 31-12-2024.IntPrj\Network Model.IntPrjfolder\Network Data.IntPrjfolder\ESTE 138 kV.ElmNet\ZESEIE.ElmSubstat\1.ElmTerm\Cub_1.StaCubic\ZESEIE_ZHIGUE-L1-7SD52.ElmRelay\Distance/Overcurrent/Voltage.ElmRelay\Ip.RelToc,1,ESTE PROFUNDO,ESTE,ESTE 138 kV,ZESEIE,Ip
Thr. Overload,\VM-PF.IntUser\PDD 31-12-2024.IntPrj\Network Model.IntPrjfolder\Network Data.IntPrjfolder\ESTE 138 kV.ElmNet\ZESEIE.ElmSubstat\1.ElmTerm\Cub_1.StaCubic\ZESEIE_ZHIGUE-L1-7SD52.ElmRelay\Distance/Overcurrent/Voltage.ElmRelay\Thr. Overload.RelToc,1,ESTE PROFUNDO,ESTE,ESTE 138 kV,ZESEIE,Thr. Overload
I0p,\VM-PF.IntUser\PDD 31-12-2024.IntPrj\Network Model.IntPrjfolder\Network Data.IntPrjfolder\ESTE 138 kV.ElmNet\ZESEIE.ElmSubstat\1.ElmTerm\Cub_1.StaCubic\ZESEIE_ZHIGUE-L1-7SD52.ElmRelay\Distance/Overcurrent/Voltage.ElmRelay\I0p.RelToc,1,ESTE PROFUNDO,ESTE,ESTE 138 kV,ZESEIE,I0p
Ip 51,\VM-PF.IntUser\PDD 31-12-2024.IntPrj\Network Model.IntPrjfolder\Network Data.IntPrjfolder\ESTE 138 kV.ElmNet\ZESEIE.ElmSubstat\1.ElmTerm\Cub_1.StaCubic\ZESEIE_ZHIGUE-L1-7SJ62.ElmRelay\Ip 51.RelToc,1,ESTE PROFUNDO,ESTE,ESTE 138 kV,ZESEIE,Ip 51
Iep 51N,\VM-PF.IntUser\PDD 31-12-2024.IntPrj\Network Model.IntPrjfolder\Network Data.IntPrjfolder\ESTE 138 kV.ElmNet\ZESEIE.ElmSubstat\1.ElmTerm\Cub_1.StaCubic\ZESEIE_ZHIGUE-L1-7SJ62.ElmRelay\Iep 51N.RelToc,1,ESTE PROFUNDO,ESTE,ESTE 138 kV,ZESEIE,Iep 51N
Ip 67 TOC,\VM-PF.IntUser\PDD 31-12-2024.IntPrj\Network Model.IntPrjfolder\Network Data.IntPrjfolder\ESTE 138 kV.ElmNet\ZESEIE.ElmSubstat\1.ElmTerm\Cub_1.StaCubic\ZESEIE_ZHIGUE-L1-7SJ62.ElmRelay\Ip 67 TOC.RelToc,1,ESTE PROFUNDO,ESTE,ESTE 138 kV,ZESEIE,Ip 67 TOC
Iep 67N TOC,\VM-PF.IntUser\PDD 31-12-2024.IntPrj\Network Model.IntPrjfolder\Network Data.IntPrjfolder\ESTE 138 kV.ElmNet\ZESEIE.ElmSubstat\1.ElmTerm\Cub_1.StaCubic\ZESEIE_ZHIGUE-L1-7SJ62.ElmRelay\Iep 67N TOC.RelToc,1,ESTE PROFUNDO,ESTE,ESTE 138 kV,ZESEIE,Iep 67N TOC
I2p 46 TOC,\VM-PF.IntUser\PDD 31-12-2024.IntPrj\Network Model.IntPrjfolder\Network Data.IntPrjfolder\ESTE 138 kV.ElmNet\ZESEIE.ElmSubstat\1.ElmTerm\Cub_1.StaCubic\ZESEIE_ZHIGUE-L1-7SJ62.ElmRelay\I2p 46 TOC.RelToc,1,ESTE PROFUNDO,ESTE,ESTE 138 kV,ZESEIE,I2p 46 TOC
Overload 49,\VM-PF.IntUser\PDD 31-12-2024.IntPrj\Network Model.IntPrjfolder\Network Data.IntPrjfolder\ESTE 138 kV.ElmNet\ZESEIE.ElmSubstat\1.ElmTerm\Cub_1.StaCubic\ZESEIE_ZHIGUE-L1-7SJ62.ElmRelay\Overload 49.RelToc,1,ESTE PROFUNDO,ESTE,ESTE 138 kV,ZESEIE,Overload 49
Ip,\VM-PF.IntUser\PDD 31-12-2024.IntPrj\Network Model.IntPrjfolder\Network Data.IntPrjfolder\ESTE 138 kV.ElmNet\ZHIGUE.ElmSubstat\1.ElmTerm\Cub_1.StaCubic\ZHIGUE_ZLROME-L1-7SD52.ElmRelay\Distance/Overcurrent/Voltage.ElmRelay\Ip.RelToc,1,ESTE PROFUNDO,ESTE,ESTE 138 kV,ZHIGUE,Ip
Thr. Overload,\VM-PF.IntUser\PDD 31-12-2024.IntPrj\Network Model.IntPrjfolder\Network Data.IntPrjfolder\ESTE 138 kV.ElmNet\ZHIGUE.ElmSubstat\1.ElmTerm\Cub_1.StaCubic\ZHIGUE_ZLROME-L1-7SD52.ElmRelay\Distance/Overcurrent/Voltage.ElmRelay\Thr. Overload.RelToc,1,ESTE PROFUNDO,ESTE,ESTE 138 kV,ZHIGUE,Thr. Overload
I0p,\VM-PF.IntUser\PDD 31-12-2024.IntPrj\Network Model.IntPrjfolder\Network Data.IntPrjfolder\ESTE 138 kV.ElmNet\ZHIGUE.ElmSubstat\1.ElmTerm\Cub_1.StaCubic\ZHIGUE_ZLROME-L1-7SD52.ElmRelay\Distance/Overcurrent/Voltage.ElmRelay\I0p.RelToc,1,ESTE PROFUNDO,ESTE,ESTE 138 kV,ZHIGUE,I0p
51P-1(1),\VM-PF.IntUser\PDD 31-12-2024.IntPrj\Network Model.IntPrjfolder\Network Data.IntPrjfolder\ESTE 138 kV.ElmNet\ZHIGUE.ElmSubstat\1.ElmTerm\Cub_1.StaCubic\ZHIGUE_ZLROME-L1-REF615.ElmRelay\51P-1(1).RelToc,1,ESTE PROFUNDO,ESTE,ESTE 138 kV,ZHIGUE,51P-1(1)
51P-1(2),\VM-PF.IntUser\PDD 31-12-2024.IntPrj\Network Model.IntPrjfolder\Network Data.IntPrjfolder\ESTE 138 kV.ElmNet\ZHIGUE.ElmSubstat\1.ElmTerm\Cub_1.StaCubic\ZHIGUE_ZLROME-L1-REF615.ElmRelay\51P-1(2).RelToc,1,ESTE PROFUNDO,ESTE,ESTE 138 kV,ZHIGUE,51P-1(2)
51P-2(1),\VM-PF.IntUser\PDD 31-12-2024.IntPrj\Network Model.IntPrjfolder\Network Data.IntPrjfolder\ESTE 138 kV.ElmNet\ZHIGUE.ElmSubstat\1.ElmTerm\Cub_1.StaCubic\ZHIGUE_ZLROME-L1-REF615.ElmRelay\51P-2(1).RelToc,1,ESTE PROFUNDO,ESTE,ESTE 138 kV,ZHIGUE,51P-2(1)
51P-2(2),\VM-PF.IntUser\PDD 31-12-2024.IntPrj\Network Model.IntPrjfolder\Network Data.IntPrjfolder\ESTE 138 kV.ElmNet\ZHIGUE.ElmSubstat\1.ElmTerm\Cub_1.StaCubic\ZHIGUE_ZLROME-L1-REF615.ElmRelay\51P-2(2).RelToc,1,ESTE PROFUNDO,ESTE,ESTE 138 kV,ZHIGUE,51P-2(2)
67-1(1),\VM-PF.IntUser\PDD 31-12-2024.IntPrj\Network Model.IntPrjfolder\Network Data.IntPrjfolder\ESTE 138 kV.ElmNet\ZHIGUE.ElmSubstat\1.ElmTerm\Cub_1.StaCubic\ZHIGUE_ZLROME-L1-REF615.ElmRelay\67-1(1).RelToc,1,ESTE PROFUNDO,ESTE,ESTE 138 kV,ZHIGUE,67-1(1)
67-1(2),\VM-PF.IntUser\PDD 31-12-2024.IntPrj\Network Model.IntPrjfolder\Network Data.IntPrjfolder\ESTE 138 kV.ElmNet\ZHIGUE.ElmSubstat\1.ElmTerm\Cub_1.StaCubic\ZHIGUE_ZLROME-L1-REF615.ElmRelay\67-1(2).RelToc,1,ESTE PROFUNDO,ESTE,ESTE 138 kV,ZHIGUE,67-1(2)
67-2,\VM-PF.IntUser\PDD 31-12-2024.IntPrj\Network Model.IntPrjfolder\Network Data.IntPrjfolder\ESTE 138 kV.ElmNet\ZHIGUE.ElmSubstat\1.ElmTerm\Cub_1.StaCubic\ZHIGUE_ZLROME-L1-REF615.ElmRelay\67-2.RelToc,1,ESTE PROFUNDO,ESTE,ESTE 138 kV,ZHIGUE,67-2
51N-1(1),\VM-PF.IntUser\PDD 31-12-2024.IntPrj\Network Model.IntPrjfolder\Network Data.IntPrjfolder\ESTE 138 kV.ElmNet\ZHIGUE.ElmSubstat\1.ElmTerm\Cub_1.StaCubic\ZHIGUE_ZLROME-L1-REF615.ElmRelay\51N-1(1).RelToc,1,ESTE PROFUNDO,ESTE,ESTE 138 kV,ZHIGUE,51N-1(1)
51N-1(2),\VM-PF.IntUser\PDD 31-12-2024.IntPrj\Network Model.IntPrjfolder\Network Data.IntPrjfolder\ESTE 138 kV.ElmNet\ZHIGUE.ElmSubstat\1.ElmTerm\Cub_1.StaCubic\ZHIGUE_ZLROME-L1-REF615.ElmRelay\51N-1(2).RelToc,1,ESTE PROFUNDO,ESTE,ESTE 138 kV,ZHIGUE,51N-1(2)
51N-2(1),\VM-PF.IntUser\PDD 31-12-2024.IntPrj\Network Model.IntPrjfolder\Network Data.IntPrjfolder\ESTE 138 kV.ElmNet\ZHIGUE.ElmSubstat\1.ElmTerm\Cub_1.StaCubic\ZHIGUE_ZLROME-L1-REF615.ElmRelay\51N-2(1).RelToc,1,ESTE PROFUNDO,ESTE,ESTE 138 kV,ZHIGUE,51N-2(1)
51N-2(2),\VM-PF.IntUser\PDD 31-12-2024.IntPrj\Network Model.IntPrjfolder\Network Data.IntPrjfolder\ESTE 138 kV.ElmNet\ZHIGUE.ElmSubstat\1.ElmTerm\Cub_1.StaCubic\ZHIGUE_ZLROME-L1-REF615.ElmRelay\51N-2(2).RelToc,1,ESTE PROFUNDO,ESTE,ESTE 138 kV,ZHIGUE,51N-2(2)
67N-1(1),\VM-PF.IntUser\PDD 31-12-2024.IntPrj\Network Model.IntPrjfolder\Network Data.IntPrjfolder\ESTE 138 kV.ElmNet\ZHIGUE.ElmSubstat\1.ElmTerm\Cub_1.StaCubic\ZHIGUE_ZLROME-L1-REF615.ElmRelay\67N-1(1).RelToc,1,ESTE PROFUNDO,ESTE,ESTE 138 kV,ZHIGUE,67N-1(1)
67N-1(2),\VM-PF.IntUser\PDD 31-12-2024.IntPrj\Network Model.IntPrjfolder\Network Data.IntPrjfolder\ESTE 138 kV.ElmNet\ZHIGUE.ElmSubstat\1.ElmTerm\Cub_1.StaCubic\ZHIGUE_ZLROME-L1-REF615.ElmRelay\67N-1(2).RelToc,1,ESTE PROFUNDO,ESTE,ESTE 138 kV,ZHIGUE,67N-1(2)
67N-2,\VM-PF.IntUser\PDD 31-12-2024.IntPrj\Network Model.IntPrjfolder\Network Data.IntPrjfolder\ESTE 138 kV.ElmNet\ZHIGUE.ElmSubstat\1.ElmTerm\Cub_1.StaCubic\ZHIGUE_ZLROME-L1-REF615.ElmRelay\67N-2.RelToc,1,ESTE PROFUNDO,ESTE,ESTE 138 kV,ZHIGUE,67N-2
46(1),\VM-PF.IntUser\PDD 31-12-2024.IntPrj\Network Model.IntPrjfolder\Network Data.IntPrjfolder\ESTE 138 kV.ElmNet\ZHIGUE.ElmSubstat\1.ElmTerm\Cub_1.StaCubic\ZHIGUE_ZLROME-L1-REF615.ElmRelay\46(1).RelToc,1,ESTE PROFUNDO,ESTE,ESTE 138 kV,ZHIGUE,46(1)
46(2),\VM-PF.IntUser\PDD 31-12-2024.IntPrj\Network Model.IntPrjfolder\Network Data.IntPrjfolder\ESTE 138 kV.ElmNet\ZHIGUE.ElmSubstat\1.ElmTerm\Cub_1.StaCubic\ZHIGUE_ZLROME-L1-REF615.ElmRelay\46(2).RelToc,1,ESTE PROFUNDO,ESTE,ESTE 138 kV,ZHIGUE,46(2)
49F,\VM-PF.IntUser\PDD 31-12-2024.IntPrj\Network Model.IntPrjfolder\Network Data.IntPrjfolder\ESTE 138 kV.ElmNet\ZHIGUE.ElmSubstat\1.ElmTerm\Cub_1.StaCubic\ZHIGUE_ZLROME-L1-REF615.ElmRelay\49F.RelToc,1,ESTE PROFUNDO,ESTE,ESTE 138 kV,ZHIGUE,49F
PTOC 51_67 1,\VM-PF.IntUser\PDD 31-12-2024.IntPrj\Network Model.IntPrjfolder\Network Data.IntPrjfolder\ESTE 138 kV.ElmNet\ZHIGUE.ElmSubstat\1.ElmTerm\Cub_1.StaCubic\ZHIGUE_ZLROME-L1-REL670.ElmRelay\PTOC 51_67.ElmRelay\PTOC 51_67 1.RelToc,1,ESTE PROFUNDO,ESTE,ESTE 138 kV,ZHIGUE,PTOC 51_67 1
PTOC 51_67 2,\VM-PF.IntUser\PDD 31-12-2024.IntPrj\Network Model.IntPrjfolder\Network Data.IntPrjfolder\ESTE 138 kV.ElmNet\ZHIGUE.ElmSubstat\1.ElmTerm\Cub_1.StaCubic\ZHIGUE_ZLROME-L1-REL670.ElmRelay\PTOC 51_67.ElmRelay\PTOC 51_67 2.RelToc,1,ESTE PROFUNDO,ESTE,ESTE 138 kV,ZHIGUE,PTOC 51_67 2
PTOC 51_67 3,\VM-PF.IntUser\PDD 31-12-2024.IntPrj\Network Model.IntPrjfolder\Network Data.IntPrjfolder\ESTE 138 kV.ElmNet\ZHIGUE.ElmSubstat\1.ElmTerm\Cub_1.StaCubic\ZHIGUE_ZLROME-L1-REL670.ElmRelay\PTOC 51_67.ElmRelay\PTOC 51_67 3.RelToc,1,ESTE PROFUNDO,ESTE,ESTE 138 kV,ZHIGUE,PTOC 51_67 3
PTOC 51_67 4,\VM-PF.IntUser\PDD 31-12-2024.IntPrj\Network Model.IntPrjfolder\Network Data.IntPrjfolder\ESTE 138 kV.ElmNet\ZHIGUE.ElmSubstat\1.ElmTerm\Cub_1.StaCubic\ZHIGUE_ZLROME-L1-REL670.ElmRelay\PTOC 51_67.ElmRelay\PTOC 51_67 4.RelToc,1,ESTE PROFUNDO,ESTE,ESTE 138 kV,ZHIGUE,PTOC 51_67 4
PTOC 51N_67N 1,\VM-PF.IntUser\PDD 31-12-2024.IntPrj\Network Model.IntPrjfolder\Network Data.IntPrjfolder\ESTE 138 kV.ElmNet\ZHIGUE.ElmSubstat\1.ElmTerm\Cub_1.StaCubic\ZHIGUE_ZLROME-L1-REL670.ElmRelay\PTOC 51N67N.ElmRelay\PTOC 51N_67N 1.RelToc,1,ESTE PROFUNDO,ESTE,ESTE 138 kV,ZHIGUE,PTOC 51N_67N 1
PTOC 51N_67N 2,\VM-PF.IntUser\PDD 31-12-2024.IntPrj\Network Model.IntPrjfolder\Network Data.IntPrjfolder\ESTE 138 kV.ElmNet\ZHIGUE.ElmSubstat\1.ElmTerm\Cub_1.StaCubic\ZHIGUE_ZLROME-L1-REL670.ElmRelay\PTOC 51N67N.ElmRelay\PTOC 51N_67N 2.RelToc,1,ESTE PROFUNDO,ESTE,ESTE 138 kV,ZHIGUE,PTOC 51N_67N 2
PTOC 51N_67N 3,\VM-PF.IntUser\PDD 31-12-2024.IntPrj\Network Model.IntPrjfolder\Network Data.IntPrjfolder\ESTE 138 kV.ElmNet\ZHIGUE.ElmSubstat\1.ElmTerm\Cub_1.StaCubic\ZHIGUE_ZLROME-L1-REL670.ElmRelay\PTOC 51N67N.ElmRelay\PTOC 51N_67N 3.RelToc,1,ESTE PROFUNDO,ESTE,ESTE 138 kV,ZHIGUE,PTOC 51N_67N 3
PTOC 51N_67N 4,\VM-PF.IntUser\PDD 31-12-2024.IntPrj\Network Model.IntPrjfolder\Network Data.IntPrjfolder\ESTE 138 kV.ElmNet\ZHIGUE.ElmSubstat\1.ElmTerm\Cub_1.StaCubic\ZHIGUE_ZLROME-L1-REL670.ElmRelay\PTOC 51N67N.ElmRelay\PTOC 51N_67N 4.RelToc,1,ESTE PROFUNDO,ESTE,ESTE 138 kV,ZHIGUE,PTOC 51N_67N 4
Ip,\VM-PF.IntUser\PDD 31-12-2024.IntPrj\Network Model.IntPrjfolder\Network Data.IntPrjfolder\ESTE 138 kV.ElmNet\ZHIGUE.ElmSubstat\2.ElmTerm\Cub_1.StaCubic\ZHIGUE_ZESEIE-L1-7SD52.ElmRelay\Distance/Overcurrent/Voltage.ElmRelay\Ip.RelToc,1,ESTE PROFUNDO,ESTE,ESTE 138 kV,ZHIGUE,Ip
Thr. Overload,\VM-PF.IntUser\PDD 31-12-2024.IntPrj\Network Model.IntPrjfolder\Network Data.IntPrjfolder\ESTE 138 kV.ElmNet\ZHIGUE.ElmSubstat\2.ElmTerm\Cub_1.StaCubic\ZHIGUE_ZESEIE-L1-7SD52.ElmRelay\Distance/Overcurrent/Voltage.ElmRelay\Thr. Overload.RelToc,1,ESTE PROFUNDO,ESTE,ESTE 138 kV,ZHIGUE,Thr. Overload
I0p,\VM-PF.IntUser\PDD 31-12-2024.IntPrj\Network Model.IntPrjfolder\Network Data.IntPrjfolder\ESTE 138 kV.ElmNet\ZHIGUE.ElmSubstat\2.ElmTerm\Cub_1.StaCubic\ZHIGUE_ZESEIE-L1-7SD52.ElmRelay\Distance/Overcurrent/Voltage.ElmRelay\I0p.RelToc,1,ESTE PROFUNDO,ESTE,ESTE 138 kV,ZHIGUE,I0p
51P-1(1),\VM-PF.IntUser\PDD 31-12-2024.IntPrj\Network Model.IntPrjfolder\Network Data.IntPrjfolder\ESTE 138 kV.ElmNet\ZHIGUE.ElmSubstat\2.ElmTerm\Cub_1.StaCubic\ZHIGUE_ZESEIE-L1-REF615.ElmRelay\51P-1(1).RelToc,1,ESTE PROFUNDO,ESTE,ESTE 138 kV,ZHIGUE,51P-1(1)
51P-1(2),\VM-PF.IntUser\PDD 31-12-2024.IntPrj\Network Model.IntPrjfolder\Network Data.IntPrjfolder\ESTE 138 kV.ElmNet\ZHIGUE.ElmSubstat\2.ElmTerm\Cub_1.StaCubic\ZHIGUE_ZESEIE-L1-REF615.ElmRelay\51P-1(2).RelToc,1,ESTE PROFUNDO,ESTE,ESTE 138 kV,ZHIGUE,51P-1(2)
51P-2(1),\VM-PF.IntUser\PDD 31-12-2024.IntPrj\Network Model.IntPrjfolder\Network Data.IntPrjfolder\ESTE 138 kV.ElmNet\ZHIGUE.ElmSubstat\2.ElmTerm\Cub_1.StaCubic\ZHIGUE_ZESEIE-L1-REF615.ElmRelay\51P-2(1).RelToc,1,ESTE PROFUNDO,ESTE,ESTE 138 kV,ZHIGUE,51P-2(1)
51P-2(2),\VM-PF.IntUser\PDD 31-12-2024.IntPrj\Network Model.IntPrjfolder\Network Data.IntPrjfolder\ESTE 138 kV.ElmNet\ZHIGUE.ElmSubstat\2.ElmTerm\Cub_1.StaCubic\ZHIGUE_ZESEIE-L1-REF615.ElmRelay\51P-2(2).RelToc,1,ESTE PROFUNDO,ESTE,ESTE 138 kV,ZHIGUE,51P-2(2)
67-1(1),\VM-PF.IntUser\PDD 31-12-2024.IntPrj\Network Model.IntPrjfolder\Network Data.IntPrjfolder\ESTE 138 kV.ElmNet\ZHIGUE.ElmSubstat\2.ElmTerm\Cub_1.StaCubic\ZHIGUE_ZESEIE-L1-REF615.ElmRelay\67-1(1).RelToc,1,ESTE PROFUNDO,ESTE,ESTE 138 kV,ZHIGUE,67-1(1)
67-1(2),\VM-PF.IntUser\PDD 31-12-2024.IntPrj\Network Model.IntPrjfolder\Network Data.IntPrjfolder\ESTE 138 kV.ElmNet\ZHIGUE.ElmSubstat\2.ElmTerm\Cub_1.StaCubic\ZHIGUE_ZESEIE-L1-REF615.ElmRelay\67-1(2).RelToc,1,ESTE PROFUNDO,ESTE,ESTE 138 kV,ZHIGUE,67-1(2)
67-2,\VM-PF.IntUser\PDD 31-12-2024.IntPrj\Network Model.IntPrjfolder\Network Data.IntPrjfolder\ESTE 138 kV.ElmNet\ZHIGUE.ElmSubstat\2.ElmTerm\Cub_1.StaCubic\ZHIGUE_ZESEIE-L1-REF615.ElmRelay\67-2.RelToc,1,ESTE PROFUNDO,ESTE,ESTE 138 kV,ZHIGUE,67-2
51N-1(1),\VM-PF.IntUser\PDD 31-12-2024.IntPrj\Network Model.IntPrjfolder\Network Data.IntPrjfolder\ESTE 138 kV.ElmNet\ZHIGUE.ElmSubstat\2.ElmTerm\Cub_1.StaCubic\ZHIGUE_ZESEIE-L1-REF615.ElmRelay\51N-1(1).RelToc,1,ESTE PROFUNDO,ESTE,ESTE 138 kV,ZHIGUE,51N-1(1)
51N-1(2),\VM-PF.IntUser\PDD 31-12-2024.IntPrj\Network Model.IntPrjfolder\Network Data.IntPrjfolder\ESTE 138 kV.ElmNet\ZHIGUE.ElmSubstat\2.ElmTerm\Cub_1.StaCubic\ZHIGUE_ZESEIE-L1-REF615.ElmRelay\51N-1(2).RelToc,1,ESTE PROFUNDO,ESTE,ESTE 138 kV,ZHIGUE,51N-1(2)
51N-2(1),\VM-PF.IntUser\PDD 31-12-2024.IntPrj\Network Model.IntPrjfolder\Network Data.IntPrjfolder\ESTE 138 kV.ElmNet\ZHIGUE.ElmSubstat\2.ElmTerm\Cub_1.StaCubic\ZHIGUE_ZESEIE-L1-REF615.ElmRelay\51N-2(1).RelToc,1,ESTE PROFUNDO,ESTE,ESTE 138 kV,ZHIGUE,51N-2(1)
51N-2(2),\VM-PF.IntUser\PDD 31-12-2024.IntPrj\Network Model.IntPrjfolder\Network Data.IntPrjfolder\ESTE 138 kV.ElmNet\ZHIGUE.ElmSubstat\2.ElmTerm\Cub_1.StaCubic\ZHIGUE_ZESEIE-L1-REF615.ElmRelay\51N-2(2).RelToc,1,ESTE PROFUNDO,ESTE,ESTE 138 kV,ZHIGUE,51N-2(2)
67N-1(1),\VM-PF.IntUser\PDD 31-12-2024.IntPrj\Network Model.IntPrjfolder\Network Data.IntPrjfolder\ESTE 138 kV.ElmNet\ZHIGUE.ElmSubstat\2.ElmTerm\Cub_1.StaCubic\ZHIGUE_ZESEIE-L1-REF615.ElmRelay\67N-1(1).RelToc,1,ESTE PROFUNDO,ESTE,ESTE 138 kV,ZHIGUE,67N-1(1)
67N-1(2),\VM-PF.IntUser\PDD 31-12-2024.IntPrj\Network Model.IntPrjfolder\Network Data.IntPrjfolder\ESTE 138 kV.ElmNet\ZHIGUE.ElmSubstat\2.ElmTerm\Cub_1.StaCubic\ZHIGUE_ZESEIE-L1-REF615.ElmRelay\67N-1(2).RelToc,1,ESTE PROFUNDO,ESTE,ESTE 138 kV,ZHIGUE,67N-1(2)
67N-2,\VM-PF.IntUser\PDD 31-12-2024.IntPrj\Network Model.IntPrjfolder\Network Data.IntPrjfolder\ESTE 138 kV.ElmNet\ZHIGUE.ElmSubstat\2.ElmTerm\Cub_1.StaCubic\ZHIGUE_ZESEIE-L1-REF615.ElmRelay\67N-2.RelToc,1,ESTE PROFUNDO,ESTE,ESTE 138 kV,ZHIGUE,67N-2
46(1),\VM-PF.IntUser\PDD 31-12-2024.IntPrj\Network Model.IntPrjfolder\Network Data.IntPrjfolder\ESTE 138 kV.ElmNet\ZHIGUE.ElmSubstat\2.ElmTerm\Cub_1.StaCubic\ZHIGUE_ZESEIE-L1-REF615.ElmRelay\46(1).RelToc,1,ESTE PROFUNDO,ESTE,ESTE 138 kV,ZHIGUE,46(1)
46(2),\VM-PF.IntUser\PDD 31-12-2024.IntPrj\Network Model.IntPrjfolder\Network Data.IntPrjfolder\ESTE 138 kV.ElmNet\ZHIGUE.ElmSubstat\2.ElmTerm\Cub_1.StaCubic\ZHIGUE_ZESEIE-L1-REF615.ElmRelay\46(2).RelToc,1,ESTE PROFUNDO,ESTE,ESTE 138 kV,ZHIGUE,46(2)
49F,\VM-PF.IntUser\PDD 31-12-2024.IntPrj\Network Model.IntPrjfolder\Network Data.IntPrjfolder\ESTE 138 kV.ElmNet\ZHIGUE.ElmSubstat\2.ElmTerm\Cub_1.StaCubic\ZHIGUE_ZESEIE-L1-REF615.ElmRelay\49F.RelToc,1,ESTE PROFUNDO,ESTE,ESTE 138 kV,ZHIGUE,49F
PTOC 51_67 1,\VM-PF.IntUser\PDD 31-12-2024.IntPrj\Network Model.IntPrjfolder\Network Data.IntPrjfolder\ESTE 138 kV.ElmNet\ZHIGUE.ElmSubstat\2.ElmTerm\Cub_1.StaCubic\ZHIGUE_ZESEIE-L1-REL670.ElmRelay\PTOC 51_67.ElmRelay\PTOC 51_67 1.RelToc,1,ESTE PROFUNDO,ESTE,ESTE 138 kV,ZHIGUE,PTOC 51_67 1
PTOC 51_67 2,\VM-PF.IntUser\PDD 31-12-2024.IntPrj\Network Model.IntPrjfolder\Network Data.IntPrjfolder\ESTE 138 kV.ElmNet\ZHIGUE.ElmSubstat\2.ElmTerm\Cub_1.StaCubic\ZHIGUE_ZESEIE-L1-REL670.ElmRelay\PTOC 51_67.ElmRelay\PTOC 51_67 2.RelToc,1,ESTE PROFUNDO,ESTE,ESTE 138 kV,ZHIGUE,PTOC 51_67 2
PTOC 51_67 3,\VM-PF.IntUser\PDD 31-12-2024.IntPrj\Network Model.IntPrjfolder\Network Data.IntPrjfolder\ESTE 138 kV.ElmNet\ZHIGUE.ElmSubstat\2.ElmTerm\Cub_1.StaCubic\ZHIGUE_ZESEIE-L1-REL670.ElmRelay\PTOC 51_67.ElmRelay\PTOC 51_67 3.RelToc,1,ESTE PROFUNDO,ESTE,ESTE 138 kV,ZHIGUE,PTOC 51_67 3
PTOC 51_67 4,\VM-PF.IntUser\PDD 31-12-2024.IntPrj\Network Model.IntPrjfolder\Network Data.IntPrjfolder\ESTE 138 kV.ElmNet\ZHIGUE.ElmSubstat\2.ElmTerm\Cub_1.StaCubic\ZHIGUE_ZESEIE-L1-REL670.ElmRelay\PTOC 51_67.ElmRelay\PTOC 51_67 4.RelToc,1,ESTE PROFUNDO,ESTE,ESTE 138 kV,ZHIGUE,PTOC 51_67 4
PTOC 51N_67N 1,\VM-PF.IntUser\PDD 31-12-2024.IntPrj\Network Model.IntPrjfolder\Network Data.IntPrjfolder\ESTE 138 kV.ElmNet\ZHIGUE.ElmSubstat\2.ElmTerm\Cub_1.StaCubic\ZHIGUE_ZESEIE-L1-REL670.ElmRelay\PTOC 51N67N.ElmRelay\PTOC 51N_67N 1.RelToc,1,ESTE PROFUNDO,ESTE,ESTE 138 kV,ZHIGUE,PTOC 51N_67N 1
PTOC 51N_67N 2,\VM-PF.IntUser\PDD 31-12-2024.IntPrj\Network Model.IntPrjfolder\Network Data.IntPrjfolder\ESTE 138 kV.ElmNet\ZHIGUE.ElmSubstat\2.ElmTerm\Cub_1.StaCubic\ZHIGUE_ZESEIE-L1-REL670.ElmRelay\PTOC 51N67N.ElmRelay\PTOC 51N_67N 2.RelToc,1,ESTE PROFUNDO,ESTE,ESTE 138 kV,ZHIGUE,PTOC 51N_67N 2
PTOC 51N_67N 3,\VM-PF.IntUser\PDD 31-12-2024.IntPrj\Network Model.IntPrjfolder\Network Data.IntPrjfolder\ESTE 138 kV.ElmNet\ZHIGUE.ElmSubstat\2.ElmTerm\Cub_1.StaCubic\ZHIGUE_ZESEIE-L1-REL670.ElmRelay\PTOC 51N67N.ElmRelay\PTOC 51N_67N 3.RelToc,1,ESTE PROFUNDO,ESTE,ESTE 138 kV,ZHIGUE,PTOC 51N_67N 3
PTOC 51N_67N 4,\VM-PF.IntUser\PDD 31-12-2024.IntPrj\Network Model.IntPrjfolder\Network Data.IntPrjfolder\ESTE 138 kV.ElmNet\ZHIGUE.ElmSubstat\2.ElmTerm\Cub_1.StaCubic\ZHIGUE_ZESEIE-L1-REL670.ElmRelay\PTOC 51N67N.ElmRelay\PTOC 51N_67N 4.RelToc,1,ESTE PROFUNDO,ESTE,ESTE 138 kV,ZHIGUE,PTOC 51N_67N 4
Ip,\VM-PF.IntUser\PDD 31-12-2024.IntPrj\Network Model.IntPrjfolder\Network Data.IntPrjfolder\ESTE 138 kV.ElmNet\ZHIGUE.ElmSubstat\5(1).ElmTerm\Cub_1.StaCubic\ZHIGUE_ZLROME-L1-7SD52.ElmRelay\Distance/Overcurrent/Voltage.ElmRelay\Ip.RelToc,1,ESTE PROFUNDO,ESTE,ESTE 138 kV,ZHIGUE,Ip
Thr. Overload,\VM-PF.IntUser\PDD 31-12-2024.IntPrj\Network Model.IntPrjfolder\Network Data.IntPrjfolder\ESTE 138 kV.ElmNet\ZHIGUE.ElmSubstat\5(1).ElmTerm\Cub_1.StaCubic\ZHIGUE_ZLROME-L1-7SD52.ElmRelay\Distance/Overcurrent/Voltage.ElmRelay\Thr. Overload.RelToc,1,ESTE PROFUNDO,ESTE,ESTE 138 kV,ZHIGUE,Thr. Overload
I0p,\VM-PF.IntUser\PDD 31-12-2024.IntPrj\Network Model.IntPrjfolder\Network Data.IntPrjfolder\ESTE 138 kV.ElmNet\ZHIGUE.ElmSubstat\5(1).ElmTerm\Cub_1.StaCubic\ZHIGUE_ZLROME-L1-7SD52.ElmRelay\Distance/Overcurrent/Voltage.ElmRelay\I0p.RelToc,1,ESTE PROFUNDO,ESTE,ESTE 138 kV,ZHIGUE,I0p
51P-1(1),\VM-PF.IntUser\PDD 31-12-2024.IntPrj\Network Model.IntPrjfolder\Network Data.IntPrjfolder\ESTE 138 kV.ElmNet\ZHIGUE.ElmSubstat\5(1).ElmTerm\Cub_1.StaCubic\ZHIGUE_ZLROME-L1-REF615.ElmRelay\51P-1(1).RelToc,1,ESTE PROFUNDO,ESTE,ESTE 138 kV,ZHIGUE,51P-1(1)
51P-1(2),\VM-PF.IntUser\PDD 31-12-2024.IntPrj\Network Model.IntPrjfolder\Network Data.IntPrjfolder\ESTE 138 kV.ElmNet\ZHIGUE.ElmSubstat\5(1).ElmTerm\Cub_1.StaCubic\ZHIGUE_ZLROME-L1-REF615.ElmRelay\51P-1(2).RelToc,1,ESTE PROFUNDO,ESTE,ESTE 138 kV,ZHIGUE,51P-1(2)
51P-2(1),\VM-PF.IntUser\PDD 31-12-2024.IntPrj\Network Model.IntPrjfolder\Network Data.IntPrjfolder\ESTE 138 kV.ElmNet\ZHIGUE.ElmSubstat\5(1).ElmTerm\Cub_1.StaCubic\ZHIGUE_ZLROME-L1-REF615.ElmRelay\51P-2(1).RelToc,1,ESTE PROFUNDO,ESTE,ESTE 138 kV,ZHIGUE,51P-2(1)
51P-2(2),\VM-PF.IntUser\PDD 31-12-2024.IntPrj\Network Model.IntPrjfolder\Network Data.IntPrjfolder\ESTE 138 kV.ElmNet\ZHIGUE.ElmSubstat\5(1).ElmTerm\Cub_1.StaCubic\ZHIGUE_ZLROME-L1-REF615.ElmRelay\51P-2(2).RelToc,1,ESTE PROFUNDO,ESTE,ESTE 138 kV,ZHIGUE,51P-2(2)
67-1(1),\VM-PF.IntUser\PDD 31-12-2024.IntPrj\Network Model.IntPrjfolder\Network Data.IntPrjfolder\ESTE 138 kV.ElmNet\ZHIGUE.ElmSubstat\5(1).ElmTerm\Cub_1.StaCubic\ZHIGUE_ZLROME-L1-REF615.ElmRelay\67-1(1).RelToc,1,ESTE PROFUNDO,ESTE,ESTE 138 kV,ZHIGUE,67-1(1)
67-1(2),\VM-PF.IntUser\PDD 31-12-2024.IntPrj\Network Model.IntPrjfolder\Network Data.IntPrjfolder\ESTE 138 kV.ElmNet\ZHIGUE.ElmSubstat\5(1).ElmTerm\Cub_1.StaCubic\ZHIGUE_ZLROME-L1-REF615.ElmRelay\67-1(2).RelToc,1,ESTE PROFUNDO,ESTE,ESTE 138 kV,ZHIGUE,67-1(2)
67-2,\VM-PF.IntUser\PDD 31-12-2024.IntPrj\Network Model.IntPrjfolder\Network Data.IntPrjfolder\ESTE 138 kV.ElmNet\ZHIGUE.ElmSubstat\5(1).ElmTerm\Cub_1.StaCubic\ZHIGUE_ZLROME-L1-REF615.ElmRelay\67-2.RelToc,1,ESTE PROFUNDO,ESTE,ESTE 138 kV,ZHIGUE,67-2
51N-1(1),\VM-PF.IntUser\PDD 31-12-2024.IntPrj\Network Model.IntPrjfolder\Network Data.IntPrjfolder\ESTE 138 kV.ElmNet\ZHIGUE.ElmSubstat\5(1).ElmTerm\Cub_1.StaCubic\ZHIGUE_ZLROME-L1-REF615.ElmRelay\51N-1(1).RelToc,1,ESTE PROFUNDO,ESTE,ESTE 138 kV,ZHIGUE,51N-1(1)
51N-1(2),\VM-PF.IntUser\PDD 31-12-2024.IntPrj\Network Model.IntPrjfolder\Network Data.IntPrjfolder\ESTE 138 kV.ElmNet\ZHIGUE.ElmSubstat\5(1).ElmTerm\Cub_1.StaCubic\ZHIGUE_ZLROME-L1-REF615.ElmRelay\51N-1(2).RelToc,1,ESTE PROFUNDO,ESTE,ESTE 138 kV,ZHIGUE,51N-1(2)
51N-2(1),\VM-PF.IntUser\PDD 31-12-2024.IntPrj\Network Model.IntPrjfolder\Network Data.IntPrjfolder\ESTE 138 kV.ElmNet\ZHIGUE.ElmSubstat\5(1).ElmTerm\Cub_1.StaCubic\ZHIGUE_ZLROME-L1-REF615.ElmRelay\51N-2(1).RelToc,1,ESTE PROFUNDO,ESTE,ESTE 138 kV,ZHIGUE,51N-2(1)
51N-2(2),\VM-PF.IntUser\PDD 31-12-2024.IntPrj\Network Model.IntPrjfolder\Network Data.IntPrjfolder\ESTE 138 kV.ElmNet\ZHIGUE.ElmSubstat\5(1).ElmTerm\Cub_1.StaCubic\ZHIGUE_ZLROME-L1-REF615.ElmRelay\51N-2(2).RelToc,1,ESTE PROFUNDO,ESTE,ESTE 138 kV,ZHIGUE,51N-2(2)
67N-1(1),\VM-PF.IntUser\PDD 31-12-2024.IntPrj\Network Model.IntPrjfolder\Network Data.IntPrjfolder\ESTE 138 kV.ElmNet\ZHIGUE.ElmSubstat\5(1).ElmTerm\Cub_1.StaCubic\ZHIGUE_ZLROME-L1-REF615.ElmRelay\67N-1(1).RelToc,1,ESTE PROFUNDO,ESTE,ESTE 138 kV,ZHIGUE,67N-1(1)
67N-1(2),\VM-PF.IntUser\PDD 31-12-2024.IntPrj\Network Model.IntPrjfolder\Network Data.IntPrjfolder\ESTE 138 kV.ElmNet\ZHIGUE.ElmSubstat\5(1).ElmTerm\Cub_1.StaCubic\ZHIGUE_ZLROME-L1-REF615.ElmRelay\67N-1(2).RelToc,1,ESTE PROFUNDO,ESTE,ESTE 138 kV,ZHIGUE,67N-1(2)
67N-2,\VM-PF.IntUser\PDD 31-12-2024.IntPrj\Network Model.IntPrjfolder\Network Data.IntPrjfolder\ESTE 138 kV.ElmNet\ZHIGUE.ElmSubstat\5(1).ElmTerm\Cub_1.StaCubic\ZHIGUE_ZLROME-L1-REF615.ElmRelay\67N-2.RelToc,1,ESTE PROFUNDO,ESTE,ESTE 138 kV,ZHIGUE,67N-2
46(1),\VM-PF.IntUser\PDD 31-12-2024.IntPrj\Network Model.IntPrjfolder\Network Data.IntPrjfolder\ESTE 138 kV.ElmNet\ZHIGUE.ElmSubstat\5(1).ElmTerm\Cub_1.StaCubic\ZHIGUE_ZLROME-L1-REF615.ElmRelay\46(1).RelToc,1,ESTE PROFUNDO,ESTE,ESTE 138 kV,ZHIGUE,46(1)
46(2),\VM-PF.IntUser\PDD 31-12-2024.IntPrj\Network Model.IntPrjfolder\Network Data.IntPrjfolder\ESTE 138 kV.ElmNet\ZHIGUE.ElmSubstat\5(1).ElmTerm\Cub_1.StaCubic\ZHIGUE_ZLROME-L1-REF615.ElmRelay\46(2).RelToc,1,ESTE PROFUNDO,ESTE,ESTE 138 kV,ZHIGUE,46(2)
49F,\VM-PF.IntUser\PDD 31-12-2024.IntPrj\Network Model.IntPrjfolder\Network Data.IntPrjfolder\ESTE 138 kV.ElmNet\ZHIGUE.ElmSubstat\5(1).ElmTerm\Cub_1.StaCubic\ZHIGUE_ZLROME-L1-REF615.ElmRelay\49F.RelToc,1,ESTE PROFUNDO,ESTE,ESTE 138 kV,ZHIGUE,49F
PTOC 51_67 1,\VM-PF.IntUser\PDD 31-12-2024.IntPrj\Network Model.IntPrjfolder\Network Data.IntPrjfolder\ESTE 138 kV.ElmNet\ZHIGUE.ElmSubstat\5(1).ElmTerm\Cub_1.StaCubic\ZHIGUE_ZLROME-L1-REL670.ElmRelay\PTOC 51_67.ElmRelay\PTOC 51_67 1.RelToc,1,ESTE PROFUNDO,ESTE,ESTE 138 kV,ZHIGUE,PTOC 51_67 1
PTOC 51_67 2,\VM-PF.IntUser\PDD 31-12-2024.IntPrj\Network Model.IntPrjfolder\Network Data.IntPrjfolder\ESTE 138 kV.ElmNet\ZHIGUE.ElmSubstat\5(1).ElmTerm\Cub_1.StaCubic\ZHIGUE_ZLROME-L1-REL670.ElmRelay\PTOC 51_67.ElmRelay\PTOC 51_67 2.RelToc,1,ESTE PROFUNDO,ESTE,ESTE 138 kV,ZHIGUE,PTOC 51_67 2
PTOC 51_67 3,\VM-PF.IntUser\PDD 31-12-2024.IntPrj\Network Model.IntPrjfolder\Network Data.IntPrjfolder\ESTE 138 kV.ElmNet\ZHIGUE.ElmSubstat\5(1).ElmTerm\Cub_1.StaCubic\ZHIGUE_ZLROME-L1-REL670.ElmRelay\PTOC 51_67.ElmRelay\PTOC 51_67 3.RelToc,1,ESTE PROFUNDO,ESTE,ESTE 138 kV,ZHIGUE,PTOC 51_67 3
PTOC 51_67 4,\VM-PF.IntUser\PDD 31-12-2024.IntPrj\Network Model.IntPrjfolder\Network Data.IntPrjfolder\ESTE 138 kV.ElmNet\ZHIGUE.ElmSubstat\5(1).ElmTerm\Cub_1.StaCubic\ZHIGUE_ZLROME-L1-REL670.ElmRelay\PTOC 51_67.ElmRelay\PTOC 51_67 4.RelToc,1,ESTE PROFUNDO,ESTE,ESTE 138 kV,ZHIGUE,PTOC 51_67 4
PTOC 51N_67N 1,\VM-PF.IntUser\PDD 31-12-2024.IntPrj\Network Model.IntPrjfolder\Network Data.IntPrjfolder\ESTE 138 kV.ElmNet\ZHIGUE.ElmSubstat\5(1).ElmTerm\Cub_1.StaCubic\ZHIGUE_ZLROME-L1-REL670.ElmRelay\PTOC 51N67N.ElmRelay\PTOC 51N_67N 1.RelToc,1,ESTE PROFUNDO,ESTE,ESTE 138 kV,ZHIGUE,PTOC 51N_67N 1
PTOC 51N_67N 2,\VM-PF.IntUser\PDD 31-12-2024.IntPrj\Network Model.IntPrjfolder\Network Data.IntPrjfolder\ESTE 138 kV.ElmNet\ZHIGUE.ElmSubstat\5(1).ElmTerm\Cub_1.StaCubic\ZHIGUE_ZLROME-L1-REL670.ElmRelay\PTOC 51N67N.ElmRelay\PTOC 51N_67N 2.RelToc,1,ESTE PROFUNDO,ESTE,ESTE 138 kV,ZHIGUE,PTOC 51N_67N 2
PTOC 51N_67N 3,\VM-PF.IntUser\PDD 31-12-2024.IntPrj\Network Model.IntPrjfolder\Network Data.IntPrjfolder\ESTE 138 kV.ElmNet\ZHIGUE.ElmSubstat\5(1).ElmTerm\Cub_1.StaCubic\ZHIGUE_ZLROME-L1-REL670.ElmRelay\PTOC 51N67N.ElmRelay\PTOC 51N_67N 3.RelToc,1,ESTE PROFUNDO,ESTE,ESTE 138 kV,ZHIGUE,PTOC 51N_67N 3
PTOC 51N_67N 4,\VM-PF.IntUser\PDD 31-12-2024.IntPrj\Network Model.IntPrjfolder\Network Data.IntPrjfolder\ESTE 138 kV.ElmNet\ZHIGUE.ElmSubstat\5(1).ElmTerm\Cub_1.StaCubic\ZHIGUE_ZLROME-L1-REL670.ElmRelay\PTOC 51N67N.ElmRelay\PTOC 51N_67N 4.RelToc,1,ESTE PROFUNDO,ESTE,ESTE 138 kV,ZHIGUE,PTOC 51N_67N 4
I>,\VM-PF.IntUser\PDD 31-12-2024.IntPrj\Network Model.IntPrjfolder\Network Data.IntPrjfolder\ESTE 138 kV.ElmNet\ZJDOLE.ElmSubstat\1.ElmTerm\Cub_1.StaCubic\ZJDOLE_ZHNSAE-L1-7SA522.ElmRelay\I>.RelToc,1,ESTE CERCANO,ESTE,ESTE 138 kV,ZJDOLE,I>
H-Resist-IE>,\VM-PF.IntUser\PDD 31-12-2024.IntPrj\Network Model.IntPrjfolder\Network Data.IntPrjfolder\ESTE 138 kV.ElmNet\ZJDOLE.ElmSubstat\1.ElmTerm\Cub_1.StaCubic\ZJDOLE_ZHNSAE-L1-7SA522.ElmRelay\H-Resist-IE>.RelToc,1,ESTE CERCANO,ESTE,ESTE 138 kV,ZJDOLE,H-Resist-IE>
Ip>,\VM-PF.IntUser\PDD 31-12-2024.IntPrj\Network Model.IntPrjfolder\Network Data.IntPrjfolder\ESTE 138 kV.ElmNet\ZJDOLE.ElmSubstat\1.ElmTerm\Cub_1.StaCubic\ZJDOLE_ZHNSAE-L1-7SA6.ElmRelay\Overcurrent.ElmRelay\Ip>.RelToc,1,ESTE CERCANO,ESTE,ESTE 138 kV,ZJDOLE,Ip>
3I0p,\VM-PF.IntUser\PDD 31-12-2024.IntPrj\Network Model.IntPrjfolder\Network Data.IntPrjfolder\ESTE 138 kV.ElmNet\ZJDOLE.ElmSubstat\1.ElmTerm\Cub_1.StaCubic\ZJDOLE_ZHNSAE-L1-7SA6.ElmRelay\Overcurrent.ElmRelay\3I0p.RelToc,1,ESTE CERCANO,ESTE,ESTE 138 kV,ZJDOLE,3I0p
3I0p,\VM-PF.IntUser\PDD 31-12-2024.IntPrj\Network Model.IntPrjfolder\Network Data.IntPrjfolder\ESTE 138 kV.ElmNet\ZJDOLE.ElmSubstat\1.ElmTerm\Cub_1.StaCubic\ZJDOLE_ZHNSAE-L1-7SA6.ElmRelay\Earthfault.ElmRelay\3I0p.RelToc,1,ESTE CERCANO,ESTE,ESTE 138 kV,ZJDOLE,3I0p
Thermal Overload,\VM-PF.IntUser\PDD 31-12-2024.IntPrj\Network Model.IntPrjfolder\Network Data.IntPrjfolder\ESTE 138 kV.ElmNet\ZJDOLE.ElmSubstat\1.ElmTerm\Cub_1.StaCubic\ZJDOLE_ZHNSAE-L1-7SA6.ElmRelay\Thermal Overload.RelToc,1,ESTE CERCANO,ESTE,ESTE 138 kV,ZJDOLE,Thermal Overload
I>,\VM-PF.IntUser\PDD 31-12-2024.IntPrj\Network Model.IntPrjfolder\Network Data.IntPrjfolder\ESTE 138 kV.ElmNet\ZJDOLE.ElmSubstat\2.ElmTerm\Cub_1.StaCubic\ZJDOLE_ZSPM2E-L1-7SA522.ElmRelay\I>.RelToc,1,ESTE CERCANO,ESTE,ESTE 138 kV,ZJDOLE,I>
H-Resist-IE>,\VM-PF.IntUser\PDD 31-12-2024.IntPrj\Network Model.IntPrjfolder\Network Data.IntPrjfolder\ESTE 138 kV.ElmNet\ZJDOLE.ElmSubstat\2.ElmTerm\Cub_1.StaCubic\ZJDOLE_ZSPM2E-L1-7SA522.ElmRelay\H-Resist-IE>.RelToc,1,ESTE CERCANO,ESTE,ESTE 138 kV,ZJDOLE,H-Resist-IE>
Ip>,\VM-PF.IntUser\PDD 31-12-2024.IntPrj\Network Model.IntPrjfolder\Network Data.IntPrjfolder\ESTE 138 kV.ElmNet\ZJDOLE.ElmSubstat\2.ElmTerm\Cub_1.StaCubic\ZJDOLE_ZSPM2E-L1-7SA6.ElmRelay\Overcurrent.ElmRelay\Ip>.RelToc,1,ESTE CERCANO,ESTE,ESTE 138 kV,ZJDOLE,Ip>
3I0p,\VM-PF.IntUser\PDD 31-12-2024.IntPrj\Network Model.IntPrjfolder\Network Data.IntPrjfolder\ESTE 138 kV.ElmNet\ZJDOLE.ElmSubstat\2.ElmTerm\Cub_1.StaCubic\ZJDOLE_ZSPM2E-L1-7SA6.ElmRelay\Overcurrent.ElmRelay\3I0p.RelToc,1,ESTE CERCANO,ESTE,ESTE 138 kV,ZJDOLE,3I0p
3I0p,\VM-PF.IntUser\PDD 31-12-2024.IntPrj\Network Model.IntPrjfolder\Network Data.IntPrjfolder\ESTE 138 kV.ElmNet\ZJDOLE.ElmSubstat\2.ElmTerm\Cub_1.StaCubic\ZJDOLE_ZSPM2E-L1-7SA6.ElmRelay\Earthfault.ElmRelay\3I0p.RelToc,1,ESTE CERCANO,ESTE,ESTE 138 kV,ZJDOLE,3I0p
Thermal Overload,\VM-PF.IntUser\PDD 31-12-2024.IntPrj\Network Model.IntPrjfolder\Network Data.IntPrjfolder\ESTE 138 kV.ElmNet\ZJDOLE.ElmSubstat\2.ElmTerm\Cub_1.StaCubic\ZJDOLE_ZSPM2E-L1-7SA6.ElmRelay\Thermal Overload.RelToc,1,ESTE CERCANO,ESTE,ESTE 138 kV,ZJDOLE,Thermal Overload
I>,\VM-PF.IntUser\PDD 31-12-2024.IntPrj\Network Model.IntPrjfolder\Network Data.IntPrjfolder\SUR 69 kV.ElmNet\ZBMATF.ElmSubstat\1.ElmTerm\WBBMATF(2).StaCubic\FASE_BMATF_TR_DIST.ElmRelay\I>.RelToc,1,SUR CERCANO,SUR,SUR 69 kV,ZBMATF,I>
I>>,\VM-PF.IntUser\PDD 31-12-2024.IntPrj\Network Model.IntPrjfolder\Network Data.IntPrjfolder\SUR 69 kV.ElmNet\ZBMATF.ElmSubstat\1.ElmTerm\WBBMATF(2).StaCubic\FASE_BMATF_TR_DIST.ElmRelay\I>>.RelToc,1,SUR CERCANO,SUR,SUR 69 kV,ZBMATF,I>>
Ig>,\VM-PF.IntUser\PDD 31-12-2024.IntPrj\Network Model.IntPrjfolder\Network Data.IntPrjfolder\SUR 138 kV.ElmNet\km 15 de Azua.ElmSite\ZKQAZF.ElmSubstat\F8.ElmTerm\Cub_1.StaCubic\R_EARTH_KM15F.ElmRelay\Ig>.RelToc,1,SUR MEDIO,SUR,SUR 138 kV,ZKQAZF,Ig>
I>,\VM-PF.IntUser\PDD 31-12-2024.IntPrj\Network Model.IntPrjfolder\Network Data.IntPrjfolder\SUR 138 kV.ElmNet\km 15 de Azua.ElmSite\ZKQAZF.ElmSubstat\F8.ElmTerm\Cub_1.StaCubic\R_PHASE_KM15F.ElmRelay\I>.RelToc,1,SUR MEDIO,SUR,SUR 138 kV,ZKQAZF,I>
I>>,\VM-PF.IntUser\PDD 31-12-2024.IntPrj\Network Model.IntPrjfolder\Network Data.IntPrjfolder\SUR 138 kV.ElmNet\km 15 de Azua.ElmSite\ZKQAZF.ElmSubstat\F8.ElmTerm\Cub_1.StaCubic\R_PHASE_KM15F.ElmRelay\I>>.RelToc,1,SUR MEDIO,SUR,SUR 138 kV,ZKQAZF,I>>
51P,\VM-PF.IntUser\PDD 31-12-2024.IntPrj\Network Model.IntPrjfolder\Network Data.IntPrjfolder\SUR 138 kV.ElmNet\Haina.ElmSite\ZHAINE.ElmSubstat\3.ElmTerm\Cub_1.StaCubic\ZHAINE_ZITABE-L1-SEL 311L.ElmRelay\51P.RelToc,1,SUR CERCANO,SUR,SUR 138 kV,ZHAINE,51P
51N,\VM-PF.IntUser\PDD 31-12-2024.IntPrj\Network Model.IntPrjfolder\Network Data.IntPrjfolder\SUR 138 kV.ElmNet\Haina.ElmSite\ZHAINE.ElmSubstat\3.ElmTerm\Cub_1.StaCubic\ZHAINE_ZITABE-L1-SEL 311L.ElmRelay\51N.RelToc,1,SUR CERCANO,SUR,SUR 138 kV,ZHAINE,51N
51Q,\VM-PF.IntUser\PDD 31-12-2024.IntPrj\Network Model.IntPrjfolder\Network Data.IntPrjfolder\SUR 138 kV.ElmNet\Haina.ElmSite\ZHAINE.ElmSubstat\3.ElmTerm\Cub_1.StaCubic\ZHAINE_ZITABE-L1-SEL 311L.ElmRelay\51Q.RelToc,1,SUR CERCANO,SUR,SUR 138 kV,ZHAINE,51Q
51S1I,\VM-PF.IntUser\PDD 31-12-2024.IntPrj\Network Model.IntPrjfolder\Network Data.IntPrjfolder\SUR 138 kV.ElmNet\Haina.ElmSite\ZHAINE.ElmSubstat\3.ElmTerm\Cub_1.StaCubic\ZHAINE_ZITABE-L1-SEL 451.ElmRelay\51S1I.RelToc,1,SUR CERCANO,SUR,SUR 138 kV,ZHAINE,51S1I
51S2I,\VM-PF.IntUser\PDD 31-12-2024.IntPrj\Network Model.IntPrjfolder\Network Data.IntPrjfolder\SUR 138 kV.ElmNet\Haina.ElmSite\ZHAINE.ElmSubstat\3.ElmTerm\Cub_1.StaCubic\ZHAINE_ZITABE-L1-SEL 451.ElmRelay\51S2I.RelToc,1,SUR CERCANO,SUR,SUR 138 kV,ZHAINE,51S2I
51S3I,\VM-PF.IntUser\PDD 31-12-2024.IntPrj\Network Model.IntPrjfolder\Network Data.IntPrjfolder\SUR 138 kV.ElmNet\Haina.ElmSite\ZHAINE.ElmSubstat\3.ElmTerm\Cub_1.StaCubic\ZHAINE_ZITABE-L1-SEL 451.ElmRelay\51S3I.RelToc,1,SUR CERCANO,SUR,SUR 138 kV,ZHAINE,51S3I
51S4I,\VM-PF.IntUser\PDD 31-12-2024.IntPrj\Network Model.IntPrjfolder\Network Data.IntPrjfolder\SUR 138 kV.ElmNet\Haina.ElmSite\ZHAINE.ElmSubstat\3.ElmTerm\Cub_1.StaCubic\ZHAINE_ZITABE-L1-SEL 451.ElmRelay\51S4I.RelToc,1,SUR CERCANO,SUR,SUR 138 kV,ZHAINE,51S4I
51S5I,\VM-PF.IntUser\PDD 31-12-2024.IntPrj\Network Model.IntPrjfolder\Network Data.IntPrjfolder\SUR 138 kV.ElmNet\Haina.ElmSite\ZHAINE.ElmSubstat\3.ElmTerm\Cub_1.StaCubic\ZHAINE_ZITABE-L1-SEL 451.ElmRelay\51S5I.RelToc,1,SUR CERCANO,SUR,SUR 138 kV,ZHAINE,51S5I
51S6I,\VM-PF.IntUser\PDD 31-12-2024.IntPrj\Network Model.IntPrjfolder\Network Data.IntPrjfolder\SUR 138 kV.ElmNet\Haina.ElmSite\ZHAINE.ElmSubstat\3.ElmTerm\Cub_1.StaCubic\ZHAINE_ZITABE-L1-SEL 451.ElmRelay\51S6I.RelToc,1,SUR CERCANO,SUR,SUR 138 kV,ZHAINE,51S6I
51S1I2,\VM-PF.IntUser\PDD 31-12-2024.IntPrj\Network Model.IntPrjfolder\Network Data.IntPrjfolder\SUR 138 kV.ElmNet\Haina.ElmSite\ZHAINE.ElmSubstat\3.ElmTerm\Cub_1.StaCubic\ZHAINE_ZITABE-L1-SEL 451.ElmRelay\51S1I2.RelToc,1,SUR CERCANO,SUR,SUR 138 kV,ZHAINE,51S1I2
51S2I2,\VM-PF.IntUser\PDD 31-12-2024.IntPrj\Network Model.IntPrjfolder\Network Data.IntPrjfolder\SUR 138 kV.ElmNet\Haina.ElmSite\ZHAINE.ElmSubstat\3.ElmTerm\Cub_1.StaCubic\ZHAINE_ZITABE-L1-SEL 451.ElmRelay\51S2I2.RelToc,1,SUR CERCANO,SUR,SUR 138 kV,ZHAINE,51S2I2
51S3I2,\VM-PF.IntUser\PDD 31-12-2024.IntPrj\Network Model.IntPrjfolder\Network Data.IntPrjfolder\SUR 138 kV.ElmNet\Haina.ElmSite\ZHAINE.ElmSubstat\3.ElmTerm\Cub_1.StaCubic\ZHAINE_ZITABE-L1-SEL 451.ElmRelay\51S3I2.RelToc,1,SUR CERCANO,SUR,SUR 138 kV,ZHAINE,51S3I2
51S4I2,\VM-PF.IntUser\PDD 31-12-2024.IntPrj\Network Model.IntPrjfolder\Network Data.IntPrjfolder\SUR 138 kV.ElmNet\Haina.ElmSite\ZHAINE.ElmSubstat\3.ElmTerm\Cub_1.StaCubic\ZHAINE_ZITABE-L1-SEL 451.ElmRelay\51S4I2.RelToc,1,SUR CERCANO,SUR,SUR 138 kV,ZHAINE,51S4I2
51S5I2,\VM-PF.IntUser\PDD 31-12-2024.IntPrj\Network Model.IntPrjfolder\Network Data.IntPrjfolder\SUR 138 kV.ElmNet\Haina.ElmSite\ZHAINE.ElmSubstat\3.ElmTerm\Cub_1.StaCubic\ZHAINE_ZITABE-L1-SEL 451.ElmRelay\51S5I2.RelToc,1,SUR CERCANO,SUR,SUR 138 kV,ZHAINE,51S5I2
51S6I2,\VM-PF.IntUser\PDD 31-12-2024.IntPrj\Network Model.IntPrjfolder\Network Data.IntPrjfolder\SUR 138 kV.ElmNet\Haina.ElmSite\ZHAINE.ElmSubstat\3.ElmTerm\Cub_1.StaCubic\ZHAINE_ZITABE-L1-SEL 451.ElmRelay\51S6I2.RelToc,1,SUR CERCANO,SUR,SUR 138 kV,ZHAINE,51S6I2
51S1I1,\VM-PF.IntUser\PDD 31-12-2024.IntPrj\Network Model.IntPrjfolder\Network Data.IntPrjfolder\SUR 138 kV.ElmNet\Haina.ElmSite\ZHAINE.ElmSubstat\3.ElmTerm\Cub_1.StaCubic\ZHAINE_ZITABE-L1-SEL 451.ElmRelay\51S1I1.RelToc,1,SUR CERCANO,SUR,SUR 138 kV,ZHAINE,51S1I1
51S2I1,\VM-PF.IntUser\PDD 31-12-2024.IntPrj\Network Model.IntPrjfolder\Network Data.IntPrjfolder\SUR 138 kV.ElmNet\Haina.ElmSite\ZHAINE.ElmSubstat\3.ElmTerm\Cub_1.StaCubic\ZHAINE_ZITABE-L1-SEL 451.ElmRelay\51S2I1.RelToc,1,SUR CERCANO,SUR,SUR 138 kV,ZHAINE,51S2I1
51S3I1,\VM-PF.IntUser\PDD 31-12-2024.IntPrj\Network Model.IntPrjfolder\Network Data.IntPrjfolder\SUR 138 kV.ElmNet\Haina.ElmSite\ZHAINE.ElmSubstat\3.ElmTerm\Cub_1.StaCubic\ZHAINE_ZITABE-L1-SEL 451.ElmRelay\51S3I1.RelToc,1,SUR CERCANO,SUR,SUR 138 kV,ZHAINE,51S3I1
51S4I1,\VM-PF.IntUser\PDD 31-12-2024.IntPrj\Network Model.IntPrjfolder\Network Data.IntPrjfolder\SUR 138 kV.ElmNet\Haina.ElmSite\ZHAINE.ElmSubstat\3.ElmTerm\Cub_1.StaCubic\ZHAINE_ZITABE-L1-SEL 451.ElmRelay\51S4I1.RelToc,1,SUR CERCANO,SUR,SUR 138 kV,ZHAINE,51S4I1
51S5I1,\VM-PF.IntUser\PDD 31-12-2024.IntPrj\Network Model.IntPrjfolder\Network Data.IntPrjfolder\SUR 138 kV.ElmNet\Haina.ElmSite\ZHAINE.ElmSubstat\3.ElmTerm\Cub_1.StaCubic\ZHAINE_ZITABE-L1-SEL 451.ElmRelay\51S5I1.RelToc,1,SUR CERCANO,SUR,SUR 138 kV,ZHAINE,51S5I1
51S6I1,\VM-PF.IntUser\PDD 31-12-2024.IntPrj\Network Model.IntPrjfolder\Network Data.IntPrjfolder\SUR 138 kV.ElmNet\Haina.ElmSite\ZHAINE.ElmSubstat\3.ElmTerm\Cub_1.StaCubic\ZHAINE_ZITABE-L1-SEL 451.ElmRelay\51S6I1.RelToc,1,SUR CERCANO,SUR,SUR 138 kV,ZHAINE,51S6I1
51S1I0,\VM-PF.IntUser\PDD 31-12-2024.IntPrj\Network Model.IntPrjfolder\Network Data.IntPrjfolder\SUR 138 kV.ElmNet\Haina.ElmSite\ZHAINE.ElmSubstat\3.ElmTerm\Cub_1.StaCubic\ZHAINE_ZITABE-L1-SEL 451.ElmRelay\51S1I0.RelToc,1,SUR CERCANO,SUR,SUR 138 kV,ZHAINE,51S1I0
51S2I0,\VM-PF.IntUser\PDD 31-12-2024.IntPrj\Network Model.IntPrjfolder\Network Data.IntPrjfolder\SUR 138 kV.ElmNet\Haina.ElmSite\ZHAINE.ElmSubstat\3.ElmTerm\Cub_1.StaCubic\ZHAINE_ZITABE-L1-SEL 451.ElmRelay\51S2I0.RelToc,1,SUR CERCANO,SUR,SUR 138 kV,ZHAINE,51S2I0
51S3I0,\VM-PF.IntUser\PDD 31-12-2024.IntPrj\Network Model.IntPrjfolder\Network Data.IntPrjfolder\SUR 138 kV.ElmNet\Haina.ElmSite\ZHAINE.ElmSubstat\3.ElmTerm\Cub_1.StaCubic\ZHAINE_ZITABE-L1-SEL 451.ElmRelay\51S3I0.RelToc,1,SUR CERCANO,SUR,SUR 138 kV,ZHAINE,51S3I0
51S4I0,\VM-PF.IntUser\PDD 31-12-2024.IntPrj\Network Model.IntPrjfolder\Network Data.IntPrjfolder\SUR 138 kV.ElmNet\Haina.ElmSite\ZHAINE.ElmSubstat\3.ElmTerm\Cub_1.StaCubic\ZHAINE_ZITABE-L1-SEL 451.ElmRelay\51S4I0.RelToc,1,SUR CERCANO,SUR,SUR 138 kV,ZHAINE,51S4I0
51S5I0,\VM-PF.IntUser\PDD 31-12-2024.IntPrj\Network Model.IntPrjfolder\Network Data.IntPrjfolder\SUR 138 kV.ElmNet\Haina.ElmSite\ZHAINE.ElmSubstat\3.ElmTerm\Cub_1.StaCubic\ZHAINE_ZITABE-L1-SEL 451.ElmRelay\51S5I0.RelToc,1,SUR CERCANO,SUR,SUR 138 kV,ZHAINE,51S5I0
51S6I0,\VM-PF.IntUser\PDD 31-12-2024.IntPrj\Network Model.IntPrjfolder\Network Data.IntPrjfolder\SUR 138 kV.ElmNet\Haina.ElmSite\ZHAINE.ElmSubstat\3.ElmTerm\Cub_1.StaCubic\ZHAINE_ZITABE-L1-SEL 451.ElmRelay\51S6I0.RelToc,1,SUR CERCANO,SUR,SUR 138 kV,ZHAINE,51S6I0
51P,\VM-PF.IntUser\PDD 31-12-2024.IntPrj\Network Model.IntPrjfolder\Network Data.IntPrjfolder\SUR 138 kV.ElmNet\Haina.ElmSite\ZHAINE.ElmSubstat\4.ElmTerm\Cub_1.StaCubic\ZHAINE_ZITABE-L2-SEL 311L.ElmRelay\51P.RelToc,1,SUR CERCANO,SUR,SUR 138 kV,ZHAINE,51P
51N,\VM-PF.IntUser\PDD 31-12-2024.IntPrj\Network Model.IntPrjfolder\Network Data.IntPrjfolder\SUR 138 kV.ElmNet\Haina.ElmSite\ZHAINE.ElmSubstat\4.ElmTerm\Cub_1.StaCubic\ZHAINE_ZITABE-L2-SEL 311L.ElmRelay\51N.RelToc,1,SUR CERCANO,SUR,SUR 138 kV,ZHAINE,51N
51Q,\VM-PF.IntUser\PDD 31-12-2024.IntPrj\Network Model.IntPrjfolder\Network Data.IntPrjfolder\SUR 138 kV.ElmNet\Haina.ElmSite\ZHAINE.ElmSubstat\4.ElmTerm\Cub_1.StaCubic\ZHAINE_ZITABE-L2-SEL 311L.ElmRelay\51Q.RelToc,1,SUR CERCANO,SUR,SUR 138 kV,ZHAINE,51Q
51S1I,\VM-PF.IntUser\PDD 31-12-2024.IntPrj\Network Model.IntPrjfolder\Network Data.IntPrjfolder\SUR 138 kV.ElmNet\Haina.ElmSite\ZHAINE.ElmSubstat\4.ElmTerm\Cub_1.StaCubic\ZHAINE_ZITABE-L2-SEL 451.ElmRelay\51S1I.RelToc,1,SUR CERCANO,SUR,SUR 138 kV,ZHAINE,51S1I
51S2I,\VM-PF.IntUser\PDD 31-12-2024.IntPrj\Network Model.IntPrjfolder\Network Data.IntPrjfolder\SUR 138 kV.ElmNet\Haina.ElmSite\ZHAINE.ElmSubstat\4.ElmTerm\Cub_1.StaCubic\ZHAINE_ZITABE-L2-SEL 451.ElmRelay\51S2I.RelToc,1,SUR CERCANO,SUR,SUR 138 kV,ZHAINE,51S2I
51S3I,\VM-PF.IntUser\PDD 31-12-2024.IntPrj\Network Model.IntPrjfolder\Network Data.IntPrjfolder\SUR 138 kV.ElmNet\Haina.ElmSite\ZHAINE.ElmSubstat\4.ElmTerm\Cub_1.StaCubic\ZHAINE_ZITABE-L2-SEL 451.ElmRelay\51S3I.RelToc,1,SUR CERCANO,SUR,SUR 138 kV,ZHAINE,51S3I
51S4I,\VM-PF.IntUser\PDD 31-12-2024.IntPrj\Network Model.IntPrjfolder\Network Data.IntPrjfolder\SUR 138 kV.ElmNet\Haina.ElmSite\ZHAINE.ElmSubstat\4.ElmTerm\Cub_1.StaCubic\ZHAINE_ZITABE-L2-SEL 451.ElmRelay\51S4I.RelToc,1,SUR CERCANO,SUR,SUR 138 kV,ZHAINE,51S4I
51S5I,\VM-PF.IntUser\PDD 31-12-2024.IntPrj\Network Model.IntPrjfolder\Network Data.IntPrjfolder\SUR 138 kV.ElmNet\Haina.ElmSite\ZHAINE.ElmSubstat\4.ElmTerm\Cub_1.StaCubic\ZHAINE_ZITABE-L2-SEL 451.ElmRelay\51S5I.RelToc,1,SUR CERCANO,SUR,SUR 138 kV,ZHAINE,51S5I
51S6I,\VM-PF.IntUser\PDD 31-12-2024.IntPrj\Network Model.IntPrjfolder\Network Data.IntPrjfolder\SUR 138 kV.ElmNet\Haina.ElmSite\ZHAINE.ElmSubstat\4.ElmTerm\Cub_1.StaCubic\ZHAINE_ZITABE-L2-SEL 451.ElmRelay\51S6I.RelToc,1,SUR CERCANO,SUR,SUR 138 kV,ZHAINE,51S6I
51S1I2,\VM-PF.IntUser\PDD 31-12-2024.IntPrj\Network Model.IntPrjfolder\Network Data.IntPrjfolder\SUR 138 kV.ElmNet\Haina.ElmSite\ZHAINE.ElmSubstat\4.ElmTerm\Cub_1.StaCubic\ZHAINE_ZITABE-L2-SEL 451.ElmRelay\51S1I2.RelToc,1,SUR CERCANO,SUR,SUR 138 kV,ZHAINE,51S1I2
51S2I2,\VM-PF.IntUser\PDD 31-12-2024.IntPrj\Network Model.IntPrjfolder\Network Data.IntPrjfolder\SUR 138 kV.ElmNet\Haina.ElmSite\ZHAINE.ElmSubstat\4.ElmTerm\Cub_1.StaCubic\ZHAINE_ZITABE-L2-SEL 451.ElmRelay\51S2I2.RelToc,1,SUR CERCANO,SUR,SUR 138 kV,ZHAINE,51S2I2
51S3I2,\VM-PF.IntUser\PDD 31-12-2024.IntPrj\Network Model.IntPrjfolder\Network Data.IntPrjfolder\SUR 138 kV.ElmNet\Haina.ElmSite\ZHAINE.ElmSubstat\4.ElmTerm\Cub_1.StaCubic\ZHAINE_ZITABE-L2-SEL 451.ElmRelay\51S3I2.RelToc,1,SUR CERCANO,SUR,SUR 138 kV,ZHAINE,51S3I2
51S4I2,\VM-PF.IntUser\PDD 31-12-2024.IntPrj\Network Model.IntPrjfolder\Network Data.IntPrjfolder\SUR 138 kV.ElmNet\Haina.ElmSite\ZHAINE.ElmSubstat\4.ElmTerm\Cub_1.StaCubic\ZHAINE_ZITABE-L2-SEL 451.ElmRelay\51S4I2.RelToc,1,SUR CERCANO,SUR,SUR 138 kV,ZHAINE,51S4I2
51S5I2,\VM-PF.IntUser\PDD 31-12-2024.IntPrj\Network Model.IntPrjfolder\Network Data.IntPrjfolder\SUR 138 kV.ElmNet\Haina.ElmSite\ZHAINE.ElmSubstat\4.ElmTerm\Cub_1.StaCubic\ZHAINE_ZITABE-L2-SEL 451.ElmRelay\51S5I2.RelToc,1,SUR CERCANO,SUR,SUR 138 kV,ZHAINE,51S5I2
51S6I2,\VM-PF.IntUser\PDD 31-12-2024.IntPrj\Network Model.IntPrjfolder\Network Data.IntPrjfolder\SUR 138 kV.ElmNet\Haina.ElmSite\ZHAINE.ElmSubstat\4.ElmTerm\Cub_1.StaCubic\ZHAINE_ZITABE-L2-SEL 451.ElmRelay\51S6I2.RelToc,1,SUR CERCANO,SUR,SUR 138 kV,ZHAINE,51S6I2
51S1I1,\VM-PF.IntUser\PDD 31-12-2024.IntPrj\Network Model.IntPrjfolder\Network Data.IntPrjfolder\SUR 138 kV.ElmNet\Haina.ElmSite\ZHAINE.ElmSubstat\4.ElmTerm\Cub_1.StaCubic\ZHAINE_ZITABE-L2-SEL 451.ElmRelay\51S1I1.RelToc,1,SUR CERCANO,SUR,SUR 138 kV,ZHAINE,51S1I1
51S2I1,\VM-PF.IntUser\PDD 31-12-2024.IntPrj\Network Model.IntPrjfolder\Network Data.IntPrjfolder\SUR 138 kV.ElmNet\Haina.ElmSite\ZHAINE.ElmSubstat\4.ElmTerm\Cub_1.StaCubic\ZHAINE_ZITABE-L2-SEL 451.ElmRelay\51S2I1.RelToc,1,SUR CERCANO,SUR,SUR 138 kV,ZHAINE,51S2I1
51S3I1,\VM-PF.IntUser\PDD 31-12-2024.IntPrj\Network Model.IntPrjfolder\Network Data.IntPrjfolder\SUR 138 kV.ElmNet\Haina.ElmSite\ZHAINE.ElmSubstat\4.ElmTerm\Cub_1.StaCubic\ZHAINE_ZITABE-L2-SEL 451.ElmRelay\51S3I1.RelToc,1,SUR CERCANO,SUR,SUR 138 kV,ZHAINE,51S3I1
51S4I1,\VM-PF.IntUser\PDD 31-12-2024.IntPrj\Network Model.IntPrjfolder\Network Data.IntPrjfolder\SUR 138 kV.ElmNet\Haina.ElmSite\ZHAINE.ElmSubstat\4.ElmTerm\Cub_1.StaCubic\ZHAINE_ZITABE-L2-SEL 451.ElmRelay\51S4I1.RelToc,1,SUR CERCANO,SUR,SUR 138 kV,ZHAINE,51S4I1
51S5I1,\VM-PF.IntUser\PDD 31-12-2024.IntPrj\Network Model.IntPrjfolder\Network Data.IntPrjfolder\SUR 138 kV.ElmNet\Haina.ElmSite\ZHAINE.ElmSubstat\4.ElmTerm\Cub_1.StaCubic\ZHAINE_ZITABE-L2-SEL 451.ElmRelay\51S5I1.RelToc,1,SUR CERCANO,SUR,SUR 138 kV,ZHAINE,51S5I1
51S6I1,\VM-PF.IntUser\PDD 31-12-2024.IntPrj\Network Model.IntPrjfolder\Network Data.IntPrjfolder\SUR 138 kV.ElmNet\Haina.ElmSite\ZHAINE.ElmSubstat\4.ElmTerm\Cub_1.StaCubic\ZHAINE_ZITABE-L2-SEL 451.ElmRelay\51S6I1.RelToc,1,SUR CERCANO,SUR,SUR 138 kV,ZHAINE,51S6I1
51S1I0,\VM-PF.IntUser\PDD 31-12-2024.IntPrj\Network Model.IntPrjfolder\Network Data.IntPrjfolder\SUR 138 kV.ElmNet\Haina.ElmSite\ZHAINE.ElmSubstat\4.ElmTerm\Cub_1.StaCubic\ZHAINE_ZITABE-L2-SEL 451.ElmRelay\51S1I0.RelToc,1,SUR CERCANO,SUR,SUR 138 kV,ZHAINE,51S1I0
51S2I0,\VM-PF.IntUser\PDD 31-12-2024.IntPrj\Network Model.IntPrjfolder\Network Data.IntPrjfolder\SUR 138 kV.ElmNet\Haina.ElmSite\ZHAINE.ElmSubstat\4.ElmTerm\Cub_1.StaCubic\ZHAINE_ZITABE-L2-SEL 451.ElmRelay\51S2I0.RelToc,1,SUR CERCANO,SUR,SUR 138 kV,ZHAINE,51S2I0
51S3I0,\VM-PF.IntUser\PDD 31-12-2024.IntPrj\Network Model.IntPrjfolder\Network Data.IntPrjfolder\SUR 138 kV.ElmNet\Haina.ElmSite\ZHAINE.ElmSubstat\4.ElmTerm\Cub_1.StaCubic\ZHAINE_ZITABE-L2-SEL 451.ElmRelay\51S3I0.RelToc,1,SUR CERCANO,SUR,SUR 138 kV,ZHAINE,51S3I0
51S4I0,\VM-PF.IntUser\PDD 31-12-2024.IntPrj\Network Model.IntPrjfolder\Network Data.IntPrjfolder\SUR 138 kV.ElmNet\Haina.ElmSite\ZHAINE.ElmSubstat\4.ElmTerm\Cub_1.StaCubic\ZHAINE_ZITABE-L2-SEL 451.ElmRelay\51S4I0.RelToc,1,SUR CERCANO,SUR,SUR 138 kV,ZHAINE,51S4I0
51S5I0,\VM-PF.IntUser\PDD 31-12-2024.IntPrj\Network Model.IntPrjfolder\Network Data.IntPrjfolder\SUR 138 kV.ElmNet\Haina.ElmSite\ZHAINE.ElmSubstat\4.ElmTerm\Cub_1.StaCubic\ZHAINE_ZITABE-L2-SEL 451.ElmRelay\51S5I0.RelToc,1,SUR CERCANO,SUR,SUR 138 kV,ZHAINE,51S5I0
51S6I0,\VM-PF.IntUser\PDD 31-12-2024.IntPrj\Network Model.IntPrjfolder\Network Data.IntPrjfolder\SUR 138 kV.ElmNet\Haina.ElmSite\ZHAINE.ElmSubstat\4.ElmTerm\Cub_1.StaCubic\ZHAINE_ZITABE-L2-SEL 451.ElmRelay\51S6I0.RelToc,1,SUR CERCANO,SUR,SUR 138 kV,ZHAINE,51S6I0
51P,\VM-PF.IntUser\PDD 31-12-2024.IntPrj\Network Model.IntPrjfolder\Network Data.IntPrjfolder\SUR 138 kV.ElmNet\Haina.ElmSite\ZHAINE.ElmSubstat\6.ElmTerm\Cub_1.StaCubic\ZHAINE_ZMATAE-L2-SEL 311C.ElmRelay\51P.RelToc,1,SUR CERCANO,SUR,SUR 138 kV,ZHAINE,51P
51N,\VM-PF.IntUser\PDD 31-12-2024.IntPrj\Network Model.IntPrjfolder\Network Data.IntPrjfolder\SUR 138 kV.ElmNet\Haina.ElmSite\ZHAINE.ElmSubstat\6.ElmTerm\Cub_1.StaCubic\ZHAINE_ZMATAE-L2-SEL 311C.ElmRelay\51N.RelToc,1,SUR CERCANO,SUR,SUR 138 kV,ZHAINE,51N
51Q,\VM-PF.IntUser\PDD 31-12-2024.IntPrj\Network Model.IntPrjfolder\Network Data.IntPrjfolder\SUR 138 kV.ElmNet\Haina.ElmSite\ZHAINE.ElmSubstat\6.ElmTerm\Cub_1.StaCubic\ZHAINE_ZMATAE-L2-SEL 311C.ElmRelay\51Q.RelToc,1,SUR CERCANO,SUR,SUR 138 kV,ZHAINE,51Q
51S1I,\VM-PF.IntUser\PDD 31-12-2024.IntPrj\Network Model.IntPrjfolder\Network Data.IntPrjfolder\SUR 138 kV.ElmNet\Haina.ElmSite\ZHAINE.ElmSubstat\6.ElmTerm\Cub_1.StaCubic\ZHAINE_ZMATAE-L2-SEL 451.ElmRelay\51S1I.RelToc,1,SUR CERCANO,SUR,SUR 138 kV,ZHAINE,51S1I
51S2I,\VM-PF.IntUser\PDD 31-12-2024.IntPrj\Network Model.IntPrjfolder\Network Data.IntPrjfolder\SUR 138 kV.ElmNet\Haina.ElmSite\ZHAINE.ElmSubstat\6.ElmTerm\Cub_1.StaCubic\ZHAINE_ZMATAE-L2-SEL 451.ElmRelay\51S2I.RelToc,1,SUR CERCANO,SUR,SUR 138 kV,ZHAINE,51S2I
51S3I,\VM-PF.IntUser\PDD 31-12-2024.IntPrj\Network Model.IntPrjfolder\Network Data.IntPrjfolder\SUR 138 kV.ElmNet\Haina.ElmSite\ZHAINE.ElmSubstat\6.ElmTerm\Cub_1.StaCubic\ZHAINE_ZMATAE-L2-SEL 451.ElmRelay\51S3I.RelToc,1,SUR CERCANO,SUR,SUR 138 kV,ZHAINE,51S3I
51S4I,\VM-PF.IntUser\PDD 31-12-2024.IntPrj\Network Model.IntPrjfolder\Network Data.IntPrjfolder\SUR 138 kV.ElmNet\Haina.ElmSite\ZHAINE.ElmSubstat\6.ElmTerm\Cub_1.StaCubic\ZHAINE_ZMATAE-L2-SEL 451.ElmRelay\51S4I.RelToc,1,SUR CERCANO,SUR,SUR 138 kV,ZHAINE,51S4I
51S5I,\VM-PF.IntUser\PDD 31-12-2024.IntPrj\Network Model.IntPrjfolder\Network Data.IntPrjfolder\SUR 138 kV.ElmNet\Haina.ElmSite\ZHAINE.ElmSubstat\6.ElmTerm\Cub_1.StaCubic\ZHAINE_ZMATAE-L2-SEL 451.ElmRelay\51S5I.RelToc,1,SUR CERCANO,SUR,SUR 138 kV,ZHAINE,51S5I
51S6I,\VM-PF.IntUser\PDD 31-12-2024.IntPrj\Network Model.IntPrjfolder\Network Data.IntPrjfolder\SUR 138 kV.ElmNet\Haina.ElmSite\ZHAINE.ElmSubstat\6.ElmTerm\Cub_1.StaCubic\ZHAINE_ZMATAE-L2-SEL 451.ElmRelay\51S6I.RelToc,1,SUR CERCANO,SUR,SUR 138 kV,ZHAINE,51S6I
51S1I2,\VM-PF.IntUser\PDD 31-12-2024.IntPrj\Network Model.IntPrjfolder\Network Data.IntPrjfolder\SUR 138 kV.ElmNet\Haina.ElmSite\ZHAINE.ElmSubstat\6.ElmTerm\Cub_1.StaCubic\ZHAINE_ZMATAE-L2-SEL 451.ElmRelay\51S1I2.RelToc,1,SUR CERCANO,SUR,SUR 138 kV,ZHAINE,51S1I2
51S2I2,\VM-PF.IntUser\PDD 31-12-2024.IntPrj\Network Model.IntPrjfolder\Network Data.IntPrjfolder\SUR 138 kV.ElmNet\Haina.ElmSite\ZHAINE.ElmSubstat\6.ElmTerm\Cub_1.StaCubic\ZHAINE_ZMATAE-L2-SEL 451.ElmRelay\51S2I2.RelToc,1,SUR CERCANO,SUR,SUR 138 kV,ZHAINE,51S2I2
51S3I2,\VM-PF.IntUser\PDD 31-12-2024.IntPrj\Network Model.IntPrjfolder\Network Data.IntPrjfolder\SUR 138 kV.ElmNet\Haina.ElmSite\ZHAINE.ElmSubstat\6.ElmTerm\Cub_1.StaCubic\ZHAINE_ZMATAE-L2-SEL 451.ElmRelay\51S3I2.RelToc,1,SUR CERCANO,SUR,SUR 138 kV,ZHAINE,51S3I2
51S4I2,\VM-PF.IntUser\PDD 31-12-2024.IntPrj\Network Model.IntPrjfolder\Network Data.IntPrjfolder\SUR 138 kV.ElmNet\Haina.ElmSite\ZHAINE.ElmSubstat\6.ElmTerm\Cub_1.StaCubic\ZHAINE_ZMATAE-L2-SEL 451.ElmRelay\51S4I2.RelToc,1,SUR CERCANO,SUR,SUR 138 kV,ZHAINE,51S4I2
51S5I2,\VM-PF.IntUser\PDD 31-12-2024.IntPrj\Network Model.IntPrjfolder\Network Data.IntPrjfolder\SUR 138 kV.ElmNet\Haina.ElmSite\ZHAINE.ElmSubstat\6.ElmTerm\Cub_1.StaCubic\ZHAINE_ZMATAE-L2-SEL 451.ElmRelay\51S5I2.RelToc,1,SUR CERCANO,SUR,SUR 138 kV,ZHAINE,51S5I2
51S6I2,\VM-PF.IntUser\PDD 31-12-2024.IntPrj\Network Model.IntPrjfolder\Network Data.IntPrjfolder\SUR 138 kV.ElmNet\Haina.ElmSite\ZHAINE.ElmSubstat\6.ElmTerm\Cub_1.StaCubic\ZHAINE_ZMATAE-L2-SEL 451.ElmRelay\51S6I2.RelToc,1,SUR CERCANO,SUR,SUR 138 kV,ZHAINE,51S6I2
51S1I1,\VM-PF.IntUser\PDD 31-12-2024.IntPrj\Network Model.IntPrjfolder\Network Data.IntPrjfolder\SUR 138 kV.ElmNet\Haina.ElmSite\ZHAINE.ElmSubstat\6.ElmTerm\Cub_1.StaCubic\ZHAINE_ZMATAE-L2-SEL 451.ElmRelay\51S1I1.RelToc,1,SUR CERCANO,SUR,SUR 138 kV,ZHAINE,51S1I1
51S2I1,\VM-PF.IntUser\PDD 31-12-2024.IntPrj\Network Model.IntPrjfolder\Network Data.IntPrjfolder\SUR 138 kV.ElmNet\Haina.ElmSite\ZHAINE.ElmSubstat\6.ElmTerm\Cub_1.StaCubic\ZHAINE_ZMATAE-L2-SEL 451.ElmRelay\51S2I1.RelToc,1,SUR CERCANO,SUR,SUR 138 kV,ZHAINE,51S2I1
51S3I1,\VM-PF.IntUser\PDD 31-12-2024.IntPrj\Network Model.IntPrjfolder\Network Data.IntPrjfolder\SUR 138 kV.ElmNet\Haina.ElmSite\ZHAINE.ElmSubstat\6.ElmTerm\Cub_1.StaCubic\ZHAINE_ZMATAE-L2-SEL 451.ElmRelay\51S3I1.RelToc,1,SUR CERCANO,SUR,SUR 138 kV,ZHAINE,51S3I1
51S4I1,\VM-PF.IntUser\PDD 31-12-2024.IntPrj\Network Model.IntPrjfolder\Network Data.IntPrjfolder\SUR 138 kV.ElmNet\Haina.ElmSite\ZHAINE.ElmSubstat\6.ElmTerm\Cub_1.StaCubic\ZHAINE_ZMATAE-L2-SEL 451.ElmRelay\51S4I1.RelToc,1,SUR CERCANO,SUR,SUR 138 kV,ZHAINE,51S4I1
51S5I1,\VM-PF.IntUser\PDD 31-12-2024.IntPrj\Network Model.IntPrjfolder\Network Data.IntPrjfolder\SUR 138 kV.ElmNet\Haina.ElmSite\ZHAINE.ElmSubstat\6.ElmTerm\Cub_1.StaCubic\ZHAINE_ZMATAE-L2-SEL 451.ElmRelay\51S5I1.RelToc,1,SUR CERCANO,SUR,SUR 138 kV,ZHAINE,51S5I1
51S6I1,\VM-PF.IntUser\PDD 31-12-2024.IntPrj\Network Model.IntPrjfolder\Network Data.IntPrjfolder\SUR 138 kV.ElmNet\Haina.ElmSite\ZHAINE.ElmSubstat\6.ElmTerm\Cub_1.StaCubic\ZHAINE_ZMATAE-L2-SEL 451.ElmRelay\51S6I1.RelToc,1,SUR CERCANO,SUR,SUR 138 kV,ZHAINE,51S6I1
51S1I0,\VM-PF.IntUser\PDD 31-12-2024.IntPrj\Network Model.IntPrjfolder\Network Data.IntPrjfolder\SUR 138 kV.ElmNet\Haina.ElmSite\ZHAINE.ElmSubstat\6.ElmTerm\Cub_1.StaCubic\ZHAINE_ZMATAE-L2-SEL 451.ElmRelay\51S1I0.RelToc,1,SUR CERCANO,SUR,SUR 138 kV,ZHAINE,51S1I0
51S2I0,\VM-PF.IntUser\PDD 31-12-2024.IntPrj\Network Model.IntPrjfolder\Network Data.IntPrjfolder\SUR 138 kV.ElmNet\Haina.ElmSite\ZHAINE.ElmSubstat\6.ElmTerm\Cub_1.StaCubic\ZHAINE_ZMATAE-L2-SEL 451.ElmRelay\51S2I0.RelToc,1,SUR CERCANO,SUR,SUR 138 kV,ZHAINE,51S2I0
51S3I0,\VM-PF.IntUser\PDD 31-12-2024.IntPrj\Network Model.IntPrjfolder\Network Data.IntPrjfolder\SUR 138 kV.ElmNet\Haina.ElmSite\ZHAINE.ElmSubstat\6.ElmTerm\Cub_1.StaCubic\ZHAINE_ZMATAE-L2-SEL 451.ElmRelay\51S3I0.RelToc,1,SUR CERCANO,SUR,SUR 138 kV,ZHAINE,51S3I0
51S4I0,\VM-PF.IntUser\PDD 31-12-2024.IntPrj\Network Model.IntPrjfolder\Network Data.IntPrjfolder\SUR 138 kV.ElmNet\Haina.ElmSite\ZHAINE.ElmSubstat\6.ElmTerm\Cub_1.StaCubic\ZHAINE_ZMATAE-L2-SEL 451.ElmRelay\51S4I0.RelToc,1,SUR CERCANO,SUR,SUR 138 kV,ZHAINE,51S4I0
51S5I0,\VM-PF.IntUser\PDD 31-12-2024.IntPrj\Network Model.IntPrjfolder\Network Data.IntPrjfolder\SUR 138 kV.ElmNet\Haina.ElmSite\ZHAINE.ElmSubstat\6.ElmTerm\Cub_1.StaCubic\ZHAINE_ZMATAE-L2-SEL 451.ElmRelay\51S5I0.RelToc,1,SUR CERCANO,SUR,SUR 138 kV,ZHAINE,51S5I0
51S6I0,\VM-PF.IntUser\PDD 31-12-2024.IntPrj\Network Model.IntPrjfolder\Network Data.IntPrjfolder\SUR 138 kV.ElmNet\Haina.ElmSite\ZHAINE.ElmSubstat\6.ElmTerm\Cub_1.StaCubic\ZHAINE_ZMATAE-L2-SEL 451.ElmRelay\51S6I0.RelToc,1,SUR CERCANO,SUR,SUR 138 kV,ZHAINE,51S6I0
51P,\VM-PF.IntUser\PDD 31-12-2024.IntPrj\Network Model.IntPrjfolder\Network Data.IntPrjfolder\SUR 138 kV.ElmNet\Haina.ElmSite\ZHAINE.ElmSubstat\5.ElmTerm\Cub_1.StaCubic\ZHAINE_ZMATBE-L1-SEL 311C.ElmRelay\51P.RelToc,1,SUR CERCANO,SUR,SUR 138 kV,ZHAINE,51P
51N,\VM-PF.IntUser\PDD 31-12-2024.IntPrj\Network Model.IntPrjfolder\Network Data.IntPrjfolder\SUR 138 kV.ElmNet\Haina.ElmSite\ZHAINE.ElmSubstat\5.ElmTerm\Cub_1.StaCubic\ZHAINE_ZMATBE-L1-SEL 311C.ElmRelay\51N.RelToc,1,SUR CERCANO,SUR,SUR 138 kV,ZHAINE,51N
51Q,\VM-PF.IntUser\PDD 31-12-2024.IntPrj\Network Model.IntPrjfolder\Network Data.IntPrjfolder\SUR 138 kV.ElmNet\Haina.ElmSite\ZHAINE.ElmSubstat\5.ElmTerm\Cub_1.StaCubic\ZHAINE_ZMATBE-L1-SEL 311C.ElmRelay\51Q.RelToc,1,SUR CERCANO,SUR,SUR 138 kV,ZHAINE,51Q
51S1I,\VM-PF.IntUser\PDD 31-12-2024.IntPrj\Network Model.IntPrjfolder\Network Data.IntPrjfolder\SUR 138 kV.ElmNet\Haina.ElmSite\ZHAINE.ElmSubstat\5.ElmTerm\Cub_1.StaCubic\ZHAINE_ZMATBE-L1-SEL 451.ElmRelay\51S1I.RelToc,1,SUR CERCANO,SUR,SUR 138 kV,ZHAINE,51S1I
51S2I,\VM-PF.IntUser\PDD 31-12-2024.IntPrj\Network Model.IntPrjfolder\Network Data.IntPrjfolder\SUR 138 kV.ElmNet\Haina.ElmSite\ZHAINE.ElmSubstat\5.ElmTerm\Cub_1.StaCubic\ZHAINE_ZMATBE-L1-SEL 451.ElmRelay\51S2I.RelToc,1,SUR CERCANO,SUR,SUR 138 kV,ZHAINE,51S2I
51S3I,\VM-PF.IntUser\PDD 31-12-2024.IntPrj\Network Model.IntPrjfolder\Network Data.IntPrjfolder\SUR 138 kV.ElmNet\Haina.ElmSite\ZHAINE.ElmSubstat\5.ElmTerm\Cub_1.StaCubic\ZHAINE_ZMATBE-L1-SEL 451.ElmRelay\51S3I.RelToc,1,SUR CERCANO,SUR,SUR 138 kV,ZHAINE,51S3I
51S4I,\VM-PF.IntUser\PDD 31-12-2024.IntPrj\Network Model.IntPrjfolder\Network Data.IntPrjfolder\SUR 138 kV.ElmNet\Haina.ElmSite\ZHAINE.ElmSubstat\5.ElmTerm\Cub_1.StaCubic\ZHAINE_ZMATBE-L1-SEL 451.ElmRelay\51S4I.RelToc,1,SUR CERCANO,SUR,SUR 138 kV,ZHAINE,51S4I
51S5I,\VM-PF.IntUser\PDD 31-12-2024.IntPrj\Network Model.IntPrjfolder\Network Data.IntPrjfolder\SUR 138 kV.ElmNet\Haina.ElmSite\ZHAINE.ElmSubstat\5.ElmTerm\Cub_1.StaCubic\ZHAINE_ZMATBE-L1-SEL 451.ElmRelay\51S5I.RelToc,1,SUR CERCANO,SUR,SUR 138 kV,ZHAINE,51S5I
51S6I,\VM-PF.IntUser\PDD 31-12-2024.IntPrj\Network Model.IntPrjfolder\Network Data.IntPrjfolder\SUR 138 kV.ElmNet\Haina.ElmSite\ZHAINE.ElmSubstat\5.ElmTerm\Cub_1.StaCubic\ZHAINE_ZMATBE-L1-SEL 451.ElmRelay\51S6I.RelToc,1,SUR CERCANO,SUR,SUR 138 kV,ZHAINE,51S6I
51S1I2,\VM-PF.IntUser\PDD 31-12-2024.IntPrj\Network Model.IntPrjfolder\Network Data.IntPrjfolder\SUR 138 kV.ElmNet\Haina.ElmSite\ZHAINE.ElmSubstat\5.ElmTerm\Cub_1.StaCubic\ZHAINE_ZMATBE-L1-SEL 451.ElmRelay\51S1I2.RelToc,1,SUR CERCANO,SUR,SUR 138 kV,ZHAINE,51S1I2
51S2I2,\VM-PF.IntUser\PDD 31-12-2024.IntPrj\Network Model.IntPrjfolder\Network Data.IntPrjfolder\SUR 138 kV.ElmNet\Haina.ElmSite\ZHAINE.ElmSubstat\5.ElmTerm\Cub_1.StaCubic\ZHAINE_ZMATBE-L1-SEL 451.ElmRelay\51S2I2.RelToc,1,SUR CERCANO,SUR,SUR 138 kV,ZHAINE,51S2I2
51S3I2,\VM-PF.IntUser\PDD 31-12-2024.IntPrj\Network Model.IntPrjfolder\Network Data.IntPrjfolder\SUR 138 kV.ElmNet\Haina.ElmSite\ZHAINE.ElmSubstat\5.ElmTerm\Cub_1.StaCubic\ZHAINE_ZMATBE-L1-SEL 451.ElmRelay\51S3I2.RelToc,1,SUR CERCANO,SUR,SUR 138 kV,ZHAINE,51S3I2
51S4I2,\VM-PF.IntUser\PDD 31-12-2024.IntPrj\Network Model.IntPrjfolder\Network Data.IntPrjfolder\SUR 138 kV.ElmNet\Haina.ElmSite\ZHAINE.ElmSubstat\5.ElmTerm\Cub_1.StaCubic\ZHAINE_ZMATBE-L1-SEL 451.ElmRelay\51S4I2.RelToc,1,SUR CERCANO,SUR,SUR 138 kV,ZHAINE,51S4I2
51S5I2,\VM-PF.IntUser\PDD 31-12-2024.IntPrj\Network Model.IntPrjfolder\Network Data.IntPrjfolder\SUR 138 kV.ElmNet\Haina.ElmSite\ZHAINE.ElmSubstat\5.ElmTerm\Cub_1.StaCubic\ZHAINE_ZMATBE-L1-SEL 451.ElmRelay\51S5I2.RelToc,1,SUR CERCANO,SUR,SUR 138 kV,ZHAINE,51S5I2
51S6I2,\VM-PF.IntUser\PDD 31-12-2024.IntPrj\Network Model.IntPrjfolder\Network Data.IntPrjfolder\SUR 138 kV.ElmNet\Haina.ElmSite\ZHAINE.ElmSubstat\5.ElmTerm\Cub_1.StaCubic\ZHAINE_ZMATBE-L1-SEL 451.ElmRelay\51S6I2.RelToc,1,SUR CERCANO,SUR,SUR 138 kV,ZHAINE,51S6I2
51S1I1,\VM-PF.IntUser\PDD 31-12-2024.IntPrj\Network Model.IntPrjfolder\Network Data.IntPrjfolder\SUR 138 kV.ElmNet\Haina.ElmSite\ZHAINE.ElmSubstat\5.ElmTerm\Cub_1.StaCubic\ZHAINE_ZMATBE-L1-SEL 451.ElmRelay\51S1I1.RelToc,1,SUR CERCANO,SUR,SUR 138 kV,ZHAINE,51S1I1
51S2I1,\VM-PF.IntUser\PDD 31-12-2024.IntPrj\Network Model.IntPrjfolder\Network Data.IntPrjfolder\SUR 138 kV.ElmNet\Haina.ElmSite\ZHAINE.ElmSubstat\5.ElmTerm\Cub_1.StaCubic\ZHAINE_ZMATBE-L1-SEL 451.ElmRelay\51S2I1.RelToc,1,SUR CERCANO,SUR,SUR 138 kV,ZHAINE,51S2I1
51S3I1,\VM-PF.IntUser\PDD 31-12-2024.IntPrj\Network Model.IntPrjfolder\Network Data.IntPrjfolder\SUR 138 kV.ElmNet\Haina.ElmSite\ZHAINE.ElmSubstat\5.ElmTerm\Cub_1.StaCubic\ZHAINE_ZMATBE-L1-SEL 451.ElmRelay\51S3I1.RelToc,1,SUR CERCANO,SUR,SUR 138 kV,ZHAINE,51S3I1
51S4I1,\VM-PF.IntUser\PDD 31-12-2024.IntPrj\Network Model.IntPrjfolder\Network Data.IntPrjfolder\SUR 138 kV.ElmNet\Haina.ElmSite\ZHAINE.ElmSubstat\5.ElmTerm\Cub_1.StaCubic\ZHAINE_ZMATBE-L1-SEL 451.ElmRelay\51S4I1.RelToc,1,SUR CERCANO,SUR,SUR 138 kV,ZHAINE,51S4I1
51S5I1,\VM-PF.IntUser\PDD 31-12-2024.IntPrj\Network Model.IntPrjfolder\Network Data.IntPrjfolder\SUR 138 kV.ElmNet\Haina.ElmSite\ZHAINE.ElmSubstat\5.ElmTerm\Cub_1.StaCubic\ZHAINE_ZMATBE-L1-SEL 451.ElmRelay\51S5I1.RelToc,1,SUR CERCANO,SUR,SUR 138 kV,ZHAINE,51S5I1
51S6I1,\VM-PF.IntUser\PDD 31-12-2024.IntPrj\Network Model.IntPrjfolder\Network Data.IntPrjfolder\SUR 138 kV.ElmNet\Haina.ElmSite\ZHAINE.ElmSubstat\5.ElmTerm\Cub_1.StaCubic\ZHAINE_ZMATBE-L1-SEL 451.ElmRelay\51S6I1.RelToc,1,SUR CERCANO,SUR,SUR 138 kV,ZHAINE,51S6I1
51S1I0,\VM-PF.IntUser\PDD 31-12-2024.IntPrj\Network Model.IntPrjfolder\Network Data.IntPrjfolder\SUR 138 kV.ElmNet\Haina.ElmSite\ZHAINE.ElmSubstat\5.ElmTerm\Cub_1.StaCubic\ZHAINE_ZMATBE-L1-SEL 451.ElmRelay\51S1I0.RelToc,1,SUR CERCANO,SUR,SUR 138 kV,ZHAINE,51S1I0
51S2I0,\VM-PF.IntUser\PDD 31-12-2024.IntPrj\Network Model.IntPrjfolder\Network Data.IntPrjfolder\SUR 138 kV.ElmNet\Haina.ElmSite\ZHAINE.ElmSubstat\5.ElmTerm\Cub_1.StaCubic\ZHAINE_ZMATBE-L1-SEL 451.ElmRelay\51S2I0.RelToc,1,SUR CERCANO,SUR,SUR 138 kV,ZHAINE,51S2I0
51S3I0,\VM-PF.IntUser\PDD 31-12-2024.IntPrj\Network Model.IntPrjfolder\Network Data.IntPrjfolder\SUR 138 kV.ElmNet\Haina.ElmSite\ZHAINE.ElmSubstat\5.ElmTerm\Cub_1.StaCubic\ZHAINE_ZMATBE-L1-SEL 451.ElmRelay\51S3I0.RelToc,1,SUR CERCANO,SUR,SUR 138 kV,ZHAINE,51S3I0
51S4I0,\VM-PF.IntUser\PDD 31-12-2024.IntPrj\Network Model.IntPrjfolder\Network Data.IntPrjfolder\SUR 138 kV.ElmNet\Haina.ElmSite\ZHAINE.ElmSubstat\5.ElmTerm\Cub_1.StaCubic\ZHAINE_ZMATBE-L1-SEL 451.ElmRelay\51S4I0.RelToc,1,SUR CERCANO,SUR,SUR 138 kV,ZHAINE,51S4I0
51S5I0,\VM-PF.IntUser\PDD 31-12-2024.IntPrj\Network Model.IntPrjfolder\Network Data.IntPrjfolder\SUR 138 kV.ElmNet\Haina.ElmSite\ZHAINE.ElmSubstat\5.ElmTerm\Cub_1.StaCubic\ZHAINE_ZMATBE-L1-SEL 451.ElmRelay\51S5I0.RelToc,1,SUR CERCANO,SUR,SUR 138 kV,ZHAINE,51S5I0
51S6I0,\VM-PF.IntUser\PDD 31-12-2024.IntPrj\Network Model.IntPrjfolder\Network Data.IntPrjfolder\SUR 138 kV.ElmNet\Haina.ElmSite\ZHAINE.ElmSubstat\5.ElmTerm\Cub_1.StaCubic\ZHAINE_ZMATBE-L1-SEL 451.ElmRelay\51S6I0.RelToc,1,SUR CERCANO,SUR,SUR 138 kV,ZHAINE,51S6I0
5101,\VM-PF.IntUser\PDD 31-12-2024.IntPrj\Network Model.IntPrjfolder\Network Data.IntPrjfolder\SUR 138 kV.ElmNet\Itabo.ElmSite\ZITABE.ElmSubstat\1.ElmTerm\Cub_1.StaCubic\ZITABE_ZITAGE-L1-SEL 411L.ElmRelay\Overcurrent.ElmRelay\5101.RelToc,1,SUR CERCANO,SUR,SUR 138 kV,ZITABE,5101
5102,\VM-PF.IntUser\PDD 31-12-2024.IntPrj\Network Model.IntPrjfolder\Network Data.IntPrjfolder\SUR 138 kV.ElmNet\Itabo.ElmSite\ZITABE.ElmSubstat\1.ElmTerm\Cub_1.StaCubic\ZITABE_ZITAGE-L1-SEL 411L.ElmRelay\Overcurrent.ElmRelay\5102.RelToc,1,SUR CERCANO,SUR,SUR 138 kV,ZITABE,5102
5103,\VM-PF.IntUser\PDD 31-12-2024.IntPrj\Network Model.IntPrjfolder\Network Data.IntPrjfolder\SUR 138 kV.ElmNet\Itabo.ElmSite\ZITABE.ElmSubstat\1.ElmTerm\Cub_1.StaCubic\ZITABE_ZITAGE-L1-SEL 411L.ElmRelay\Overcurrent.ElmRelay\5103.RelToc,1,SUR CERCANO,SUR,SUR 138 kV,ZITABE,5103
5104,\VM-PF.IntUser\PDD 31-12-2024.IntPrj\Network Model.IntPrjfolder\Network Data.IntPrjfolder\SUR 138 kV.ElmNet\Itabo.ElmSite\ZITABE.ElmSubstat\1.ElmTerm\Cub_1.StaCubic\ZITABE_ZITAGE-L1-SEL 411L.ElmRelay\Overcurrent.ElmRelay\5104.RelToc,1,SUR CERCANO,SUR,SUR 138 kV,ZITABE,5104
5105,\VM-PF.IntUser\PDD 31-12-2024.IntPrj\Network Model.IntPrjfolder\Network Data.IntPrjfolder\SUR 138 kV.ElmNet\Itabo.ElmSite\ZITABE.ElmSubstat\1.ElmTerm\Cub_1.StaCubic\ZITABE_ZITAGE-L1-SEL 411L.ElmRelay\Overcurrent.ElmRelay\5105.RelToc,1,SUR CERCANO,SUR,SUR 138 kV,ZITABE,5105
5106,\VM-PF.IntUser\PDD 31-12-2024.IntPrj\Network Model.IntPrjfolder\Network Data.IntPrjfolder\SUR 138 kV.ElmNet\Itabo.ElmSite\ZITABE.ElmSubstat\1.ElmTerm\Cub_1.StaCubic\ZITABE_ZITAGE-L1-SEL 411L.ElmRelay\Overcurrent.ElmRelay\5106.RelToc,1,SUR CERCANO,SUR,SUR 138 kV,ZITABE,5106
5107,\VM-PF.IntUser\PDD 31-12-2024.IntPrj\Network Model.IntPrjfolder\Network Data.IntPrjfolder\SUR 138 kV.ElmNet\Itabo.ElmSite\ZITABE.ElmSubstat\1.ElmTerm\Cub_1.StaCubic\ZITABE_ZITAGE-L1-SEL 411L.ElmRelay\Overcurrent.ElmRelay\5107.RelToc,1,SUR CERCANO,SUR,SUR 138 kV,ZITABE,5107
5108,\VM-PF.IntUser\PDD 31-12-2024.IntPrj\Network Model.IntPrjfolder\Network Data.IntPrjfolder\SUR 138 kV.ElmNet\Itabo.ElmSite\ZITABE.ElmSubstat\1.ElmTerm\Cub_1.StaCubic\ZITABE_ZITAGE-L1-SEL 411L.ElmRelay\Overcurrent.ElmRelay\5108.RelToc,1,SUR CERCANO,SUR,SUR 138 kV,ZITABE,5108
5109,\VM-PF.IntUser\PDD 31-12-2024.IntPrj\Network Model.IntPrjfolder\Network Data.IntPrjfolder\SUR 138 kV.ElmNet\Itabo.ElmSite\ZITABE.ElmSubstat\1.ElmTerm\Cub_1.StaCubic\ZITABE_ZITAGE-L1-SEL 411L.ElmRelay\Overcurrent.ElmRelay\5109.RelToc,1,SUR CERCANO,SUR,SUR 138 kV,ZITABE,5109
5110,\VM-PF.IntUser\PDD 31-12-2024.IntPrj\Network Model.IntPrjfolder\Network Data.IntPrjfolder\SUR 138 kV.ElmNet\Itabo.ElmSite\ZITABE.ElmSubstat\1.ElmTerm\Cub_1.StaCubic\ZITABE_ZITAGE-L1-SEL 411L.ElmRelay\Overcurrent.ElmRelay\5110.RelToc,1,SUR CERCANO,SUR,SUR 138 kV,ZITABE,5110
51P,\VM-PF.IntUser\PDD 31-12-2024.IntPrj\Network Model.IntPrjfolder\Network Data.IntPrjfolder\SUR 138 kV.ElmNet\Itabo.ElmSite\ZITABE.ElmSubstat\1.ElmTerm\Cub_1.StaCubic\ZITABE_ZITAGE-L1-SEL 311C.ElmRelay\51P.RelToc,1,SUR CERCANO,SUR,SUR 138 kV,ZITABE,51P
51N,\VM-PF.IntUser\PDD 31-12-2024.IntPrj\Network Model.IntPrjfolder\Network Data.IntPrjfolder\SUR 138 kV.ElmNet\Itabo.ElmSite\ZITABE.ElmSubstat\1.ElmTerm\Cub_1.StaCubic\ZITABE_ZITAGE-L1-SEL 311C.ElmRelay\51N.RelToc,1,SUR CERCANO,SUR,SUR 138 kV,ZITABE,51N
51Q,\VM-PF.IntUser\PDD 31-12-2024.IntPrj\Network Model.IntPrjfolder\Network Data.IntPrjfolder\SUR 138 kV.ElmNet\Itabo.ElmSite\ZITABE.ElmSubstat\1.ElmTerm\Cub_1.StaCubic\ZITABE_ZITAGE-L1-SEL 311C.ElmRelay\51Q.RelToc,1,SUR CERCANO,SUR,SUR 138 kV,ZITABE,51Q
PTOC 51_67 1,\VM-PF.IntUser\PDD 31-12-2024.IntPrj\Network Model.IntPrjfolder\Network Data.IntPrjfolder\SUR 138 kV.ElmNet\Itabo.ElmSite\ZITABE.ElmSubstat\2.ElmTerm\Cub_1.StaCubic\ZITABE_ZPALAE-L1-REL670.ElmRelay\PTOC 51_67.ElmRelay\PTOC 51_67 1.RelToc,1,SUR CERCANO,SUR,SUR 138 kV,ZITABE,PTOC 51_67 1
PTOC 51_67 2,\VM-PF.IntUser\PDD 31-12-2024.IntPrj\Network Model.IntPrjfolder\Network Data.IntPrjfolder\SUR 138 kV.ElmNet\Itabo.ElmSite\ZITABE.ElmSubstat\2.ElmTerm\Cub_1.StaCubic\ZITABE_ZPALAE-L1-REL670.ElmRelay\PTOC 51_67.ElmRelay\PTOC 51_67 2.RelToc,1,SUR CERCANO,SUR,SUR 138 kV,ZITABE,PTOC 51_67 2
PTOC 51_67 3,\VM-PF.IntUser\PDD 31-12-2024.IntPrj\Network Model.IntPrjfolder\Network Data.IntPrjfolder\SUR 138 kV.ElmNet\Itabo.ElmSite\ZITABE.ElmSubstat\2.ElmTerm\Cub_1.StaCubic\ZITABE_ZPALAE-L1-REL670.ElmRelay\PTOC 51_67.ElmRelay\PTOC 51_67 3.RelToc,1,SUR CERCANO,SUR,SUR 138 kV,ZITABE,PTOC 51_67 3
PTOC 51_67 4,\VM-PF.IntUser\PDD 31-12-2024.IntPrj\Network Model.IntPrjfolder\Network Data.IntPrjfolder\SUR 138 kV.ElmNet\Itabo.ElmSite\ZITABE.ElmSubstat\2.ElmTerm\Cub_1.StaCubic\ZITABE_ZPALAE-L1-REL670.ElmRelay\PTOC 51_67.ElmRelay\PTOC 51_67 4.RelToc,1,SUR CERCANO,SUR,SUR 138 kV,ZITABE,PTOC 51_67 4
PTOC 51N_67N 1,\VM-PF.IntUser\PDD 31-12-2024.IntPrj\Network Model.IntPrjfolder\Network Data.IntPrjfolder\SUR 138 kV.ElmNet\Itabo.ElmSite\ZITABE.ElmSubstat\2.ElmTerm\Cub_1.StaCubic\ZITABE_ZPALAE-L1-REL670.ElmRelay\PTOC 51N67N.ElmRelay\PTOC 51N_67N 1.RelToc,1,SUR CERCANO,SUR,SUR 138 kV,ZITABE,PTOC 51N_67N 1
PTOC 51N_67N 2,\VM-PF.IntUser\PDD 31-12-2024.IntPrj\Network Model.IntPrjfolder\Network Data.IntPrjfolder\SUR 138 kV.ElmNet\Itabo.ElmSite\ZITABE.ElmSubstat\2.ElmTerm\Cub_1.StaCubic\ZITABE_ZPALAE-L1-REL670.ElmRelay\PTOC 51N67N.ElmRelay\PTOC 51N_67N 2.RelToc,1,SUR CERCANO,SUR,SUR 138 kV,ZITABE,PTOC 51N_67N 2
PTOC 51N_67N 3,\VM-PF.IntUser\PDD 31-12-2024.IntPrj\Network Model.IntPrjfolder\Network Data.IntPrjfolder\SUR 138 kV.ElmNet\Itabo.ElmSite\ZITABE.ElmSubstat\2.ElmTerm\Cub_1.StaCubic\ZITABE_ZPALAE-L1-REL670.ElmRelay\PTOC 51N67N.ElmRelay\PTOC 51N_67N 3.RelToc,1,SUR CERCANO,SUR,SUR 138 kV,ZITABE,PTOC 51N_67N 3
PTOC 51N_67N 4,\VM-PF.IntUser\PDD 31-12-2024.IntPrj\Network Model.IntPrjfolder\Network Data.IntPrjfolder\SUR 138 kV.ElmNet\Itabo.ElmSite\ZITABE.ElmSubstat\2.ElmTerm\Cub_1.StaCubic\ZITABE_ZPALAE-L1-REL670.ElmRelay\PTOC 51N67N.ElmRelay\PTOC 51N_67N 4.RelToc,1,SUR CERCANO,SUR,SUR 138 kV,ZITABE,PTOC 51N_67N 4
PTOC 51_67 1,\VM-PF.IntUser\PDD 31-12-2024.IntPrj\Network Model.IntPrjfolder\Network Data.IntPrjfolder\SUR 138 kV.ElmNet\Itabo.ElmSite\ZITABE.ElmSubstat\6.ElmTerm\Cub_1.StaCubic\ZITABE_ZHERRE-L1-REL670.ElmRelay\PTOC 51_67.ElmRelay\PTOC 51_67 1.RelToc,1,SUR CERCANO,SUR,SUR 138 kV,ZITABE,PTOC 51_67 1
PTOC 51_67 2,\VM-PF.IntUser\PDD 31-12-2024.IntPrj\Network Model.IntPrjfolder\Network Data.IntPrjfolder\SUR 138 kV.ElmNet\Itabo.ElmSite\ZITABE.ElmSubstat\6.ElmTerm\Cub_1.StaCubic\ZITABE_ZHERRE-L1-REL670.ElmRelay\PTOC 51_67.ElmRelay\PTOC 51_67 2.RelToc,1,SUR CERCANO,SUR,SUR 138 kV,ZITABE,PTOC 51_67 2
PTOC 51_67 3,\VM-PF.IntUser\PDD 31-12-2024.IntPrj\Network Model.IntPrjfolder\Network Data.IntPrjfolder\SUR 138 kV.ElmNet\Itabo.ElmSite\ZITABE.ElmSubstat\6.ElmTerm\Cub_1.StaCubic\ZITABE_ZHERRE-L1-REL670.ElmRelay\PTOC 51_67.ElmRelay\PTOC 51_67 3.RelToc,1,SUR CERCANO,SUR,SUR 138 kV,ZITABE,PTOC 51_67 3
PTOC 51_67 4,\VM-PF.IntUser\PDD 31-12-2024.IntPrj\Network Model.IntPrjfolder\Network Data.IntPrjfolder\SUR 138 kV.ElmNet\Itabo.ElmSite\ZITABE.ElmSubstat\6.ElmTerm\Cub_1.StaCubic\ZITABE_ZHERRE-L1-REL670.ElmRelay\PTOC 51_67.ElmRelay\PTOC 51_67 4.RelToc,1,SUR CERCANO,SUR,SUR 138 kV,ZITABE,PTOC 51_67 4
PTOC 51N_67N 1,\VM-PF.IntUser\PDD 31-12-2024.IntPrj\Network Model.IntPrjfolder\Network Data.IntPrjfolder\SUR 138 kV.ElmNet\Itabo.ElmSite\ZITABE.ElmSubstat\6.ElmTerm\Cub_1.StaCubic\ZITABE_ZHERRE-L1-REL670.ElmRelay\PTOC 51N67N.ElmRelay\PTOC 51N_67N 1.RelToc,1,SUR CERCANO,SUR,SUR 138 kV,ZITABE,PTOC 51N_67N 1
PTOC 51N_67N 2,\VM-PF.IntUser\PDD 31-12-2024.IntPrj\Network Model.IntPrjfolder\Network Data.IntPrjfolder\SUR 138 kV.ElmNet\Itabo.ElmSite\ZITABE.ElmSubstat\6.ElmTerm\Cub_1.StaCubic\ZITABE_ZHERRE-L1-REL670.ElmRelay\PTOC 51N67N.ElmRelay\PTOC 51N_67N 2.RelToc,1,SUR CERCANO,SUR,SUR 138 kV,ZITABE,PTOC 51N_67N 2
PTOC 51N_67N 3,\VM-PF.IntUser\PDD 31-12-2024.IntPrj\Network Model.IntPrjfolder\Network Data.IntPrjfolder\SUR 138 kV.ElmNet\Itabo.ElmSite\ZITABE.ElmSubstat\6.ElmTerm\Cub_1.StaCubic\ZITABE_ZHERRE-L1-REL670.ElmRelay\PTOC 51N67N.ElmRelay\PTOC 51N_67N 3.RelToc,1,SUR CERCANO,SUR,SUR 138 kV,ZITABE,PTOC 51N_67N 3
PTOC 51N_67N 4,\VM-PF.IntUser\PDD 31-12-2024.IntPrj\Network Model.IntPrjfolder\Network Data.IntPrjfolder\SUR 138 kV.ElmNet\Itabo.ElmSite\ZITABE.ElmSubstat\6.ElmTerm\Cub_1.StaCubic\ZITABE_ZHERRE-L1-REL670.ElmRelay\PTOC 51N67N.ElmRelay\PTOC 51N_67N 4.RelToc,1,SUR CERCANO,SUR,SUR 138 kV,ZITABE,PTOC 51N_67N 4
PTOC 51_67 1,\VM-PF.IntUser\PDD 31-12-2024.IntPrj\Network Model.IntPrjfolder\Network Data.IntPrjfolder\SUR 138 kV.ElmNet\Itabo.ElmSite\ZITABE.ElmSubstat\7.ElmTerm\Cub_1.StaCubic\ZITABE_ZLPRAE-L1-REL670.ElmRelay\PTOC 51_67.ElmRelay\PTOC 51_67 1.RelToc,1,SUR CERCANO,SUR,SUR 138 kV,ZITABE,PTOC 51_67 1
PTOC 51_67 2,\VM-PF.IntUser\PDD 31-12-2024.IntPrj\Network Model.IntPrjfolder\Network Data.IntPrjfolder\SUR 138 kV.ElmNet\Itabo.ElmSite\ZITABE.ElmSubstat\7.ElmTerm\Cub_1.StaCubic\ZITABE_ZLPRAE-L1-REL670.ElmRelay\PTOC 51_67.ElmRelay\PTOC 51_67 2.RelToc,1,SUR CERCANO,SUR,SUR 138 kV,ZITABE,PTOC 51_67 2
PTOC 51_67 3,\VM-PF.IntUser\PDD 31-12-2024.IntPrj\Network Model.IntPrjfolder\Network Data.IntPrjfolder\SUR 138 kV.ElmNet\Itabo.ElmSite\ZITABE.ElmSubstat\7.ElmTerm\Cub_1.StaCubic\ZITABE_ZLPRAE-L1-REL670.ElmRelay\PTOC 51_67.ElmRelay\PTOC 51_67 3.RelToc,1,SUR CERCANO,SUR,SUR 138 kV,ZITABE,PTOC 51_67 3
PTOC 51_67 4,\VM-PF.IntUser\PDD 31-12-2024.IntPrj\Network Model.IntPrjfolder\Network Data.IntPrjfolder\SUR 138 kV.ElmNet\Itabo.ElmSite\ZITABE.ElmSubstat\7.ElmTerm\Cub_1.StaCubic\ZITABE_ZLPRAE-L1-REL670.ElmRelay\PTOC 51_67.ElmRelay\PTOC 51_67 4.RelToc,1,SUR CERCANO,SUR,SUR 138 kV,ZITABE,PTOC 51_67 4
PTOC 51N_67N 1,\VM-PF.IntUser\PDD 31-12-2024.IntPrj\Network Model.IntPrjfolder\Network Data.IntPrjfolder\SUR 138 kV.ElmNet\Itabo.ElmSite\ZITABE.ElmSubstat\7.ElmTerm\Cub_1.StaCubic\ZITABE_ZLPRAE-L1-REL670.ElmRelay\PTOC 51N67N.ElmRelay\PTOC 51N_67N 1.RelToc,1,SUR CERCANO,SUR,SUR 138 kV,ZITABE,PTOC 51N_67N 1
PTOC 51N_67N 2,\VM-PF.IntUser\PDD 31-12-2024.IntPrj\Network Model.IntPrjfolder\Network Data.IntPrjfolder\SUR 138 kV.ElmNet\Itabo.ElmSite\ZITABE.ElmSubstat\7.ElmTerm\Cub_1.StaCubic\ZITABE_ZLPRAE-L1-REL670.ElmRelay\PTOC 51N67N.ElmRelay\PTOC 51N_67N 2.RelToc,1,SUR CERCANO,SUR,SUR 138 kV,ZITABE,PTOC 51N_67N 2
PTOC 51N_67N 3,\VM-PF.IntUser\PDD 31-12-2024.IntPrj\Network Model.IntPrjfolder\Network Data.IntPrjfolder\SUR 138 kV.ElmNet\Itabo.ElmSite\ZITABE.ElmSubstat\7.ElmTerm\Cub_1.StaCubic\ZITABE_ZLPRAE-L1-REL670.ElmRelay\PTOC 51N67N.ElmRelay\PTOC 51N_67N 3.RelToc,1,SUR CERCANO,SUR,SUR 138 kV,ZITABE,PTOC 51N_67N 3
PTOC 51N_67N 4,\VM-PF.IntUser\PDD 31-12-2024.IntPrj\Network Model.IntPrjfolder\Network Data.IntPrjfolder\SUR 138 kV.ElmNet\Itabo.ElmSite\ZITABE.ElmSubstat\7.ElmTerm\Cub_1.StaCubic\ZITABE_ZLPRAE-L1-REL670.ElmRelay\PTOC 51N67N.ElmRelay\PTOC 51N_67N 4.RelToc,1,SUR CERCANO,SUR,SUR 138 kV,ZITABE,PTOC 51N_67N 4
51P,\VM-PF.IntUser\PDD 31-12-2024.IntPrj\Network Model.IntPrjfolder\Network Data.IntPrjfolder\SUR 138 kV.ElmNet\Itabo.ElmSite\ZITABE.ElmSubstat\8.ElmTerm\Cub_1.StaCubic\ZITABE_ZHAINE-L1-SEL 311L.ElmRelay\51P.RelToc,1,SUR CERCANO,SUR,SUR 138 kV,ZITABE,51P
51N,\VM-PF.IntUser\PDD 31-12-2024.IntPrj\Network Model.IntPrjfolder\Network Data.IntPrjfolder\SUR 138 kV.ElmNet\Itabo.ElmSite\ZITABE.ElmSubstat\8.ElmTerm\Cub_1.StaCubic\ZITABE_ZHAINE-L1-SEL 311L.ElmRelay\51N.RelToc,1,SUR CERCANO,SUR,SUR 138 kV,ZITABE,51N
51Q,\VM-PF.IntUser\PDD 31-12-2024.IntPrj\Network Model.IntPrjfolder\Network Data.IntPrjfolder\SUR 138 kV.ElmNet\Itabo.ElmSite\ZITABE.ElmSubstat\8.ElmTerm\Cub_1.StaCubic\ZITABE_ZHAINE-L1-SEL 311L.ElmRelay\51Q.RelToc,1,SUR CERCANO,SUR,SUR 138 kV,ZITABE,51Q
PTOC 51_67 1,\VM-PF.IntUser\PDD 31-12-2024.IntPrj\Network Model.IntPrjfolder\Network Data.IntPrjfolder\SUR 138 kV.ElmNet\Itabo.ElmSite\ZITABE.ElmSubstat\8.ElmTerm\Cub_1.StaCubic\ZITABE_ZHAINE-L1-REL670.ElmRelay\PTOC 51_67.ElmRelay\PTOC 51_67 1.RelToc,1,SUR CERCANO,SUR,SUR 138 kV,ZITABE,PTOC 51_67 1
PTOC 51_67 2,\VM-PF.IntUser\PDD 31-12-2024.IntPrj\Network Model.IntPrjfolder\Network Data.IntPrjfolder\SUR 138 kV.ElmNet\Itabo.ElmSite\ZITABE.ElmSubstat\8.ElmTerm\Cub_1.StaCubic\ZITABE_ZHAINE-L1-REL670.ElmRelay\PTOC 51_67.ElmRelay\PTOC 51_67 2.RelToc,1,SUR CERCANO,SUR,SUR 138 kV,ZITABE,PTOC 51_67 2
PTOC 51_67 3,\VM-PF.IntUser\PDD 31-12-2024.IntPrj\Network Model.IntPrjfolder\Network Data.IntPrjfolder\SUR 138 kV.ElmNet\Itabo.ElmSite\ZITABE.ElmSubstat\8.ElmTerm\Cub_1.StaCubic\ZITABE_ZHAINE-L1-REL670.ElmRelay\PTOC 51_67.ElmRelay\PTOC 51_67 3.RelToc,1,SUR CERCANO,SUR,SUR 138 kV,ZITABE,PTOC 51_67 3
PTOC 51_67 4,\VM-PF.IntUser\PDD 31-12-2024.IntPrj\Network Model.IntPrjfolder\Network Data.IntPrjfolder\SUR 138 kV.ElmNet\Itabo.ElmSite\ZITABE.ElmSubstat\8.ElmTerm\Cub_1.StaCubic\ZITABE_ZHAINE-L1-REL670.ElmRelay\PTOC 51_67.ElmRelay\PTOC 51_67 4.RelToc,1,SUR CERCANO,SUR,SUR 138 kV,ZITABE,PTOC 51_67 4
PTOC 51N_67N 1,\VM-PF.IntUser\PDD 31-12-2024.IntPrj\Network Model.IntPrjfolder\Network Data.IntPrjfolder\SUR 138 kV.ElmNet\Itabo.ElmSite\ZITABE.ElmSubstat\8.ElmTerm\Cub_1.StaCubic\ZITABE_ZHAINE-L1-REL670.ElmRelay\PTOC 51N67N.ElmRelay\PTOC 51N_67N 1.RelToc,1,SUR CERCANO,SUR,SUR 138 kV,ZITABE,PTOC 51N_67N 1
PTOC 51N_67N 2,\VM-PF.IntUser\PDD 31-12-2024.IntPrj\Network Model.IntPrjfolder\Network Data.IntPrjfolder\SUR 138 kV.ElmNet\Itabo.ElmSite\ZITABE.ElmSubstat\8.ElmTerm\Cub_1.StaCubic\ZITABE_ZHAINE-L1-REL670.ElmRelay\PTOC 51N67N.ElmRelay\PTOC 51N_67N 2.RelToc,1,SUR CERCANO,SUR,SUR 138 kV,ZITABE,PTOC 51N_67N 2
PTOC 51N_67N 3,\VM-PF.IntUser\PDD 31-12-2024.IntPrj\Network Model.IntPrjfolder\Network Data.IntPrjfolder\SUR 138 kV.ElmNet\Itabo.ElmSite\ZITABE.ElmSubstat\8.ElmTerm\Cub_1.StaCubic\ZITABE_ZHAINE-L1-REL670.ElmRelay\PTOC 51N67N.ElmRelay\PTOC 51N_67N 3.RelToc,1,SUR CERCANO,SUR,SUR 138 kV,ZITABE,PTOC 51N_67N 3
PTOC 51N_67N 4,\VM-PF.IntUser\PDD 31-12-2024.IntPrj\Network Model.IntPrjfolder\Network Data.IntPrjfolder\SUR 138 kV.ElmNet\Itabo.ElmSite\ZITABE.ElmSubstat\8.ElmTerm\Cub_1.StaCubic\ZITABE_ZHAINE-L1-REL670.ElmRelay\PTOC 51N67N.ElmRelay\PTOC 51N_67N 4.RelToc,1,SUR CERCANO,SUR,SUR 138 kV,ZITABE,PTOC 51N_67N 4
51P,\VM-PF.IntUser\PDD 31-12-2024.IntPrj\Network Model.IntPrjfolder\Network Data.IntPrjfolder\SUR 138 kV.ElmNet\Itabo.ElmSite\ZITABE.ElmSubstat\9.ElmTerm\Cub_1.StaCubic\ZITABE_ZHAINE-L2-SEL 311L.ElmRelay\51P.RelToc,1,SUR CERCANO,SUR,SUR 138 kV,ZITABE,51P
51N,\VM-PF.IntUser\PDD 31-12-2024.IntPrj\Network Model.IntPrjfolder\Network Data.IntPrjfolder\SUR 138 kV.ElmNet\Itabo.ElmSite\ZITABE.ElmSubstat\9.ElmTerm\Cub_1.StaCubic\ZITABE_ZHAINE-L2-SEL 311L.ElmRelay\51N.RelToc,1,SUR CERCANO,SUR,SUR 138 kV,ZITABE,51N
51Q,\VM-PF.IntUser\PDD 31-12-2024.IntPrj\Network Model.IntPrjfolder\Network Data.IntPrjfolder\SUR 138 kV.ElmNet\Itabo.ElmSite\ZITABE.ElmSubstat\9.ElmTerm\Cub_1.StaCubic\ZITABE_ZHAINE-L2-SEL 311L.ElmRelay\51Q.RelToc,1,SUR CERCANO,SUR,SUR 138 kV,ZITABE,51Q
PTOC 51_67 1,\VM-PF.IntUser\PDD 31-12-2024.IntPrj\Network Model.IntPrjfolder\Network Data.IntPrjfolder\SUR 138 kV.ElmNet\Itabo.ElmSite\ZITABE.ElmSubstat\9.ElmTerm\Cub_1.StaCubic\ZITABE_ZHAINE-L2-REL670.ElmRelay\PTOC 51_67.ElmRelay\PTOC 51_67 1.RelToc,1,SUR CERCANO,SUR,SUR 138 kV,ZITABE,PTOC 51_67 1
PTOC 51_67 2,\VM-PF.IntUser\PDD 31-12-2024.IntPrj\Network Model.IntPrjfolder\Network Data.IntPrjfolder\SUR 138 kV.ElmNet\Itabo.ElmSite\ZITABE.ElmSubstat\9.ElmTerm\Cub_1.StaCubic\ZITABE_ZHAINE-L2-REL670.ElmRelay\PTOC 51_67.ElmRelay\PTOC 51_67 2.RelToc,1,SUR CERCANO,SUR,SUR 138 kV,ZITABE,PTOC 51_67 2
PTOC 51_67 3,\VM-PF.IntUser\PDD 31-12-2024.IntPrj\Network Model.IntPrjfolder\Network Data.IntPrjfolder\SUR 138 kV.ElmNet\Itabo.ElmSite\ZITABE.ElmSubstat\9.ElmTerm\Cub_1.StaCubic\ZITABE_ZHAINE-L2-REL670.ElmRelay\PTOC 51_67.ElmRelay\PTOC 51_67 3.RelToc,1,SUR CERCANO,SUR,SUR 138 kV,ZITABE,PTOC 51_67 3
PTOC 51_67 4,\VM-PF.IntUser\PDD 31-12-2024.IntPrj\Network Model.IntPrjfolder\Network Data.IntPrjfolder\SUR 138 kV.ElmNet\Itabo.ElmSite\ZITABE.ElmSubstat\9.ElmTerm\Cub_1.StaCubic\ZITABE_ZHAINE-L2-REL670.ElmRelay\PTOC 51_67.ElmRelay\PTOC 51_67 4.RelToc,1,SUR CERCANO,SUR,SUR 138 kV,ZITABE,PTOC 51_67 4
PTOC 51N_67N 1,\VM-PF.IntUser\PDD 31-12-2024.IntPrj\Network Model.IntPrjfolder\Network Data.IntPrjfolder\SUR 138 kV.ElmNet\Itabo.ElmSite\ZITABE.ElmSubstat\9.ElmTerm\Cub_1.StaCubic\ZITABE_ZHAINE-L2-REL670.ElmRelay\PTOC 51N67N.ElmRelay\PTOC 51N_67N 1.RelToc,1,SUR CERCANO,SUR,SUR 138 kV,ZITABE,PTOC 51N_67N 1
PTOC 51N_67N 2,\VM-PF.IntUser\PDD 31-12-2024.IntPrj\Network Model.IntPrjfolder\Network Data.IntPrjfolder\SUR 138 kV.ElmNet\Itabo.ElmSite\ZITABE.ElmSubstat\9.ElmTerm\Cub_1.StaCubic\ZITABE_ZHAINE-L2-REL670.ElmRelay\PTOC 51N67N.ElmRelay\PTOC 51N_67N 2.RelToc,1,SUR CERCANO,SUR,SUR 138 kV,ZITABE,PTOC 51N_67N 2
PTOC 51N_67N 3,\VM-PF.IntUser\PDD 31-12-2024.IntPrj\Network Model.IntPrjfolder\Network Data.IntPrjfolder\SUR 138 kV.ElmNet\Itabo.ElmSite\ZITABE.ElmSubstat\9.ElmTerm\Cub_1.StaCubic\ZITABE_ZHAINE-L2-REL670.ElmRelay\PTOC 51N67N.ElmRelay\PTOC 51N_67N 3.RelToc,1,SUR CERCANO,SUR,SUR 138 kV,ZITABE,PTOC 51N_67N 3
PTOC 51N_67N 4,\VM-PF.IntUser\PDD 31-12-2024.IntPrj\Network Model.IntPrjfolder\Network Data.IntPrjfolder\SUR 138 kV.ElmNet\Itabo.ElmSite\ZITABE.ElmSubstat\9.ElmTerm\Cub_1.StaCubic\ZITABE_ZHAINE-L2-REL670.ElmRelay\PTOC 51N67N.ElmRelay\PTOC 51N_67N 4.RelToc,1,SUR CERCANO,SUR,SUR 138 kV,ZITABE,PTOC 51N_67N 4
5101,\VM-PF.IntUser\PDD 31-12-2024.IntPrj\Network Model.IntPrjfolder\Network Data.IntPrjfolder\SUR 138 kV.ElmNet\Itabo TG.ElmSite\ZITAGE.ElmSubstat\1.ElmTerm\Cub_1.StaCubic\ZITAGE_ZITABE-L1-SEL 411L.ElmRelay\Overcurrent.ElmRelay\5101.RelToc,1,SUR CERCANO,SUR,SUR 138 kV,ZITAGE,5101
5102,\VM-PF.IntUser\PDD 31-12-2024.IntPrj\Network Model.IntPrjfolder\Network Data.IntPrjfolder\SUR 138 kV.ElmNet\Itabo TG.ElmSite\ZITAGE.ElmSubstat\1.ElmTerm\Cub_1.StaCubic\ZITAGE_ZITABE-L1-SEL 411L.ElmRelay\Overcurrent.ElmRelay\5102.RelToc,1,SUR CERCANO,SUR,SUR 138 kV,ZITAGE,5102
5103,\VM-PF.IntUser\PDD 31-12-2024.IntPrj\Network Model.IntPrjfolder\Network Data.IntPrjfolder\SUR 138 kV.ElmNet\Itabo TG.ElmSite\ZITAGE.ElmSubstat\1.ElmTerm\Cub_1.StaCubic\ZITAGE_ZITABE-L1-SEL 411L.ElmRelay\Overcurrent.ElmRelay\5103.RelToc,1,SUR CERCANO,SUR,SUR 138 kV,ZITAGE,5103
5104,\VM-PF.IntUser\PDD 31-12-2024.IntPrj\Network Model.IntPrjfolder\Network Data.IntPrjfolder\SUR 138 kV.ElmNet\Itabo TG.ElmSite\ZITAGE.ElmSubstat\1.ElmTerm\Cub_1.StaCubic\ZITAGE_ZITABE-L1-SEL 411L.ElmRelay\Overcurrent.ElmRelay\5104.RelToc,1,SUR CERCANO,SUR,SUR 138 kV,ZITAGE,5104
5105,\VM-PF.IntUser\PDD 31-12-2024.IntPrj\Network Model.IntPrjfolder\Network Data.IntPrjfolder\SUR 138 kV.ElmNet\Itabo TG.ElmSite\ZITAGE.ElmSubstat\1.ElmTerm\Cub_1.StaCubic\ZITAGE_ZITABE-L1-SEL 411L.ElmRelay\Overcurrent.ElmRelay\5105.RelToc,1,SUR CERCANO,SUR,SUR 138 kV,ZITAGE,5105
5106,\VM-PF.IntUser\PDD 31-12-2024.IntPrj\Network Model.IntPrjfolder\Network Data.IntPrjfolder\SUR 138 kV.ElmNet\Itabo TG.ElmSite\ZITAGE.ElmSubstat\1.ElmTerm\Cub_1.StaCubic\ZITAGE_ZITABE-L1-SEL 411L.ElmRelay\Overcurrent.ElmRelay\5106.RelToc,1,SUR CERCANO,SUR,SUR 138 kV,ZITAGE,5106
5107,\VM-PF.IntUser\PDD 31-12-2024.IntPrj\Network Model.IntPrjfolder\Network Data.IntPrjfolder\SUR 138 kV.ElmNet\Itabo TG.ElmSite\ZITAGE.ElmSubstat\1.ElmTerm\Cub_1.StaCubic\ZITAGE_ZITABE-L1-SEL 411L.ElmRelay\Overcurrent.ElmRelay\5107.RelToc,1,SUR CERCANO,SUR,SUR 138 kV,ZITAGE,5107
5108,\VM-PF.IntUser\PDD 31-12-2024.IntPrj\Network Model.IntPrjfolder\Network Data.IntPrjfolder\SUR 138 kV.ElmNet\Itabo TG.ElmSite\ZITAGE.ElmSubstat\1.ElmTerm\Cub_1.StaCubic\ZITAGE_ZITABE-L1-SEL 411L.ElmRelay\Overcurrent.ElmRelay\5108.RelToc,1,SUR CERCANO,SUR,SUR 138 kV,ZITAGE,5108
5109,\VM-PF.IntUser\PDD 31-12-2024.IntPrj\Network Model.IntPrjfolder\Network Data.IntPrjfolder\SUR 138 kV.ElmNet\Itabo TG.ElmSite\ZITAGE.ElmSubstat\1.ElmTerm\Cub_1.StaCubic\ZITAGE_ZITABE-L1-SEL 411L.ElmRelay\Overcurrent.ElmRelay\5109.RelToc,1,SUR CERCANO,SUR,SUR 138 kV,ZITAGE,5109
5110,\VM-PF.IntUser\PDD 31-12-2024.IntPrj\Network Model.IntPrjfolder\Network Data.IntPrjfolder\SUR 138 kV.ElmNet\Itabo TG.ElmSite\ZITAGE.ElmSubstat\1.ElmTerm\Cub_1.StaCubic\ZITAGE_ZITABE-L1-SEL 411L.ElmRelay\Overcurrent.ElmRelay\5110.RelToc,1,SUR CERCANO,SUR,SUR 138 kV,ZITAGE,5110
51P,\VM-PF.IntUser\PDD 31-12-2024.IntPrj\Network Model.IntPrjfolder\Network Data.IntPrjfolder\SUR 138 kV.ElmNet\Itabo TG.ElmSite\ZITAGE.ElmSubstat\1.ElmTerm\Cub_1.StaCubic\ZITAGE_ZITABE-L1-SEL 311C.ElmRelay\51P.RelToc,1,SUR CERCANO,SUR,SUR 138 kV,ZITAGE,51P
51N,\VM-PF.IntUser\PDD 31-12-2024.IntPrj\Network Model.IntPrjfolder\Network Data.IntPrjfolder\SUR 138 kV.ElmNet\Itabo TG.ElmSite\ZITAGE.ElmSubstat\1.ElmTerm\Cub_1.StaCubic\ZITAGE_ZITABE-L1-SEL 311C.ElmRelay\51N.RelToc,1,SUR CERCANO,SUR,SUR 138 kV,ZITAGE,51N
51Q,\VM-PF.IntUser\PDD 31-12-2024.IntPrj\Network Model.IntPrjfolder\Network Data.IntPrjfolder\SUR 138 kV.ElmNet\Itabo TG.ElmSite\ZITAGE.ElmSubstat\1.ElmTerm\Cub_1.StaCubic\ZITAGE_ZITABE-L1-SEL 311C.ElmRelay\51Q.RelToc,1,SUR CERCANO,SUR,SUR 138 kV,ZITAGE,51Q
5101,\VM-PF.IntUser\PDD 31-12-2024.IntPrj\Network Model.IntPrjfolder\Network Data.IntPrjfolder\SUR 138 kV.ElmNet\Itabo TG.ElmSite\ZITAGE.ElmSubstat\4.ElmTerm\Cub_1.StaCubic\ZITAGE_ZJSA1E-L1-SEL 411L.ElmRelay\Overcurrent.ElmRelay\5101.RelToc,1,SUR CERCANO,SUR,SUR 138 kV,ZITAGE,5101
5102,\VM-PF.IntUser\PDD 31-12-2024.IntPrj\Network Model.IntPrjfolder\Network Data.IntPrjfolder\SUR 138 kV.ElmNet\Itabo TG.ElmSite\ZITAGE.ElmSubstat\4.ElmTerm\Cub_1.StaCubic\ZITAGE_ZJSA1E-L1-SEL 411L.ElmRelay\Overcurrent.ElmRelay\5102.RelToc,1,SUR CERCANO,SUR,SUR 138 kV,ZITAGE,5102
5103,\VM-PF.IntUser\PDD 31-12-2024.IntPrj\Network Model.IntPrjfolder\Network Data.IntPrjfolder\SUR 138 kV.ElmNet\Itabo TG.ElmSite\ZITAGE.ElmSubstat\4.ElmTerm\Cub_1.StaCubic\ZITAGE_ZJSA1E-L1-SEL 411L.ElmRelay\Overcurrent.ElmRelay\5103.RelToc,1,SUR CERCANO,SUR,SUR 138 kV,ZITAGE,5103
5104,\VM-PF.IntUser\PDD 31-12-2024.IntPrj\Network Model.IntPrjfolder\Network Data.IntPrjfolder\SUR 138 kV.ElmNet\Itabo TG.ElmSite\ZITAGE.ElmSubstat\4.ElmTerm\Cub_1.StaCubic\ZITAGE_ZJSA1E-L1-SEL 411L.ElmRelay\Overcurrent.ElmRelay\5104.RelToc,1,SUR CERCANO,SUR,SUR 138 kV,ZITAGE,5104
5105,\VM-PF.IntUser\PDD 31-12-2024.IntPrj\Network Model.IntPrjfolder\Network Data.IntPrjfolder\SUR 138 kV.ElmNet\Itabo TG.ElmSite\ZITAGE.ElmSubstat\4.ElmTerm\Cub_1.StaCubic\ZITAGE_ZJSA1E-L1-SEL 411L.ElmRelay\Overcurrent.ElmRelay\5105.RelToc,1,SUR CERCANO,SUR,SUR 138 kV,ZITAGE,5105
5106,\VM-PF.IntUser\PDD 31-12-2024.IntPrj\Network Model.IntPrjfolder\Network Data.IntPrjfolder\SUR 138 kV.ElmNet\Itabo TG.ElmSite\ZITAGE.ElmSubstat\4.ElmTerm\Cub_1.StaCubic\ZITAGE_ZJSA1E-L1-SEL 411L.ElmRelay\Overcurrent.ElmRelay\5106.RelToc,1,SUR CERCANO,SUR,SUR 138 kV,ZITAGE,5106
5107,\VM-PF.IntUser\PDD 31-12-2024.IntPrj\Network Model.IntPrjfolder\Network Data.IntPrjfolder\SUR 138 kV.ElmNet\Itabo TG.ElmSite\ZITAGE.ElmSubstat\4.ElmTerm\Cub_1.StaCubic\ZITAGE_ZJSA1E-L1-SEL 411L.ElmRelay\Overcurrent.ElmRelay\5107.RelToc,1,SUR CERCANO,SUR,SUR 138 kV,ZITAGE,5107
5108,\VM-PF.IntUser\PDD 31-12-2024.IntPrj\Network Model.IntPrjfolder\Network Data.IntPrjfolder\SUR 138 kV.ElmNet\Itabo TG.ElmSite\ZITAGE.ElmSubstat\4.ElmTerm\Cub_1.StaCubic\ZITAGE_ZJSA1E-L1-SEL 411L.ElmRelay\Overcurrent.ElmRelay\5108.RelToc,1,SUR CERCANO,SUR,SUR 138 kV,ZITAGE,5108
5109,\VM-PF.IntUser\PDD 31-12-2024.IntPrj\Network Model.IntPrjfolder\Network Data.IntPrjfolder\SUR 138 kV.ElmNet\Itabo TG.ElmSite\ZITAGE.ElmSubstat\4.ElmTerm\Cub_1.StaCubic\ZITAGE_ZJSA1E-L1-SEL 411L.ElmRelay\Overcurrent.ElmRelay\5109.RelToc,1,SUR CERCANO,SUR,SUR 138 kV,ZITAGE,5109
5110,\VM-PF.IntUser\PDD 31-12-2024.IntPrj\Network Model.IntPrjfolder\Network Data.IntPrjfolder\SUR 138 kV.ElmNet\Itabo TG.ElmSite\ZITAGE.ElmSubstat\4.ElmTerm\Cub_1.StaCubic\ZITAGE_ZJSA1E-L1-SEL 411L.ElmRelay\Overcurrent.ElmRelay\5110.RelToc,1,SUR CERCANO,SUR,SUR 138 kV,ZITAGE,5110
51P,\VM-PF.IntUser\PDD 31-12-2024.IntPrj\Network Model.IntPrjfolder\Network Data.IntPrjfolder\SUR 138 kV.ElmNet\Itabo TG.ElmSite\ZITAGE.ElmSubstat\4.ElmTerm\Cub_1.StaCubic\ZITAGE_ZJSA1E-L1-SEL 311C.ElmRelay\51P.RelToc,1,SUR CERCANO,SUR,SUR 138 kV,ZITAGE,51P
51N,\VM-PF.IntUser\PDD 31-12-2024.IntPrj\Network Model.IntPrjfolder\Network Data.IntPrjfolder\SUR 138 kV.ElmNet\Itabo TG.ElmSite\ZITAGE.ElmSubstat\4.ElmTerm\Cub_1.StaCubic\ZITAGE_ZJSA1E-L1-SEL 311C.ElmRelay\51N.RelToc,1,SUR CERCANO,SUR,SUR 138 kV,ZITAGE,51N
51Q,\VM-PF.IntUser\PDD 31-12-2024.IntPrj\Network Model.IntPrjfolder\Network Data.IntPrjfolder\SUR 138 kV.ElmNet\Itabo TG.ElmSite\ZITAGE.ElmSubstat\4.ElmTerm\Cub_1.StaCubic\ZITAGE_ZJSA1E-L1-SEL 311C.ElmRelay\51Q.RelToc,1,SUR CERCANO,SUR,SUR 138 kV,ZITAGE,51Q
5101,\VM-PF.IntUser\PDD 31-12-2024.IntPrj\Network Model.IntPrjfolder\Network Data.IntPrjfolder\SUR 138 kV.ElmNet\Itabo TG.ElmSite\ZITAGE.ElmSubstat\3.ElmTerm\Cub_1.StaCubic\ZITAGE_ZJSA1E-L2-SEL 411L.ElmRelay\Overcurrent.ElmRelay\5101.RelToc,1,SUR CERCANO,SUR,SUR 138 kV,ZITAGE,5101
5102,\VM-PF.IntUser\PDD 31-12-2024.IntPrj\Network Model.IntPrjfolder\Network Data.IntPrjfolder\SUR 138 kV.ElmNet\Itabo TG.ElmSite\ZITAGE.ElmSubstat\3.ElmTerm\Cub_1.StaCubic\ZITAGE_ZJSA1E-L2-SEL 411L.ElmRelay\Overcurrent.ElmRelay\5102.RelToc,1,SUR CERCANO,SUR,SUR 138 kV,ZITAGE,5102
5103,\VM-PF.IntUser\PDD 31-12-2024.IntPrj\Network Model.IntPrjfolder\Network Data.IntPrjfolder\SUR 138 kV.ElmNet\Itabo TG.ElmSite\ZITAGE.ElmSubstat\3.ElmTerm\Cub_1.StaCubic\ZITAGE_ZJSA1E-L2-SEL 411L.ElmRelay\Overcurrent.ElmRelay\5103.RelToc,1,SUR CERCANO,SUR,SUR 138 kV,ZITAGE,5103
5104,\VM-PF.IntUser\PDD 31-12-2024.IntPrj\Network Model.IntPrjfolder\Network Data.IntPrjfolder\SUR 138 kV.ElmNet\Itabo TG.ElmSite\ZITAGE.ElmSubstat\3.ElmTerm\Cub_1.StaCubic\ZITAGE_ZJSA1E-L2-SEL 411L.ElmRelay\Overcurrent.ElmRelay\5104.RelToc,1,SUR CERCANO,SUR,SUR 138 kV,ZITAGE,5104
5105,\VM-PF.IntUser\PDD 31-12-2024.IntPrj\Network Model.IntPrjfolder\Network Data.IntPrjfolder\SUR 138 kV.ElmNet\Itabo TG.ElmSite\ZITAGE.ElmSubstat\3.ElmTerm\Cub_1.StaCubic\ZITAGE_ZJSA1E-L2-SEL 411L.ElmRelay\Overcurrent.ElmRelay\5105.RelToc,1,SUR CERCANO,SUR,SUR 138 kV,ZITAGE,5105
5106,\VM-PF.IntUser\PDD 31-12-2024.IntPrj\Network Model.IntPrjfolder\Network Data.IntPrjfolder\SUR 138 kV.ElmNet\Itabo TG.ElmSite\ZITAGE.ElmSubstat\3.ElmTerm\Cub_1.StaCubic\ZITAGE_ZJSA1E-L2-SEL 411L.ElmRelay\Overcurrent.ElmRelay\5106.RelToc,1,SUR CERCANO,SUR,SUR 138 kV,ZITAGE,5106
5107,\VM-PF.IntUser\PDD 31-12-2024.IntPrj\Network Model.IntPrjfolder\Network Data.IntPrjfolder\SUR 138 kV.ElmNet\Itabo TG.ElmSite\ZITAGE.ElmSubstat\3.ElmTerm\Cub_1.StaCubic\ZITAGE_ZJSA1E-L2-SEL 411L.ElmRelay\Overcurrent.ElmRelay\5107.RelToc,1,SUR CERCANO,SUR,SUR 138 kV,ZITAGE,5107
5108,\VM-PF.IntUser\PDD 31-12-2024.IntPrj\Network Model.IntPrjfolder\Network Data.IntPrjfolder\SUR 138 kV.ElmNet\Itabo TG.ElmSite\ZITAGE.ElmSubstat\3.ElmTerm\Cub_1.StaCubic\ZITAGE_ZJSA1E-L2-SEL 411L.ElmRelay\Overcurrent.ElmRelay\5108.RelToc,1,SUR CERCANO,SUR,SUR 138 kV,ZITAGE,5108
5109,\VM-PF.IntUser\PDD 31-12-2024.IntPrj\Network Model.IntPrjfolder\Network Data.IntPrjfolder\SUR 138 kV.ElmNet\Itabo TG.ElmSite\ZITAGE.ElmSubstat\3.ElmTerm\Cub_1.StaCubic\ZITAGE_ZJSA1E-L2-SEL 411L.ElmRelay\Overcurrent.ElmRelay\5109.RelToc,1,SUR CERCANO,SUR,SUR 138 kV,ZITAGE,5109
5110,\VM-PF.IntUser\PDD 31-12-2024.IntPrj\Network Model.IntPrjfolder\Network Data.IntPrjfolder\SUR 138 kV.ElmNet\Itabo TG.ElmSite\ZITAGE.ElmSubstat\3.ElmTerm\Cub_1.StaCubic\ZITAGE_ZJSA1E-L2-SEL 411L.ElmRelay\Overcurrent.ElmRelay\5110.RelToc,1,SUR CERCANO,SUR,SUR 138 kV,ZITAGE,5110
51P,\VM-PF.IntUser\PDD 31-12-2024.IntPrj\Network Model.IntPrjfolder\Network Data.IntPrjfolder\SUR 138 kV.ElmNet\Itabo TG.ElmSite\ZITAGE.ElmSubstat\3.ElmTerm\Cub_1.StaCubic\ZITAGE_ZJSA1E-L2-SEL 311C.ElmRelay\51P.RelToc,1,SUR CERCANO,SUR,SUR 138 kV,ZITAGE,51P
51N,\VM-PF.IntUser\PDD 31-12-2024.IntPrj\Network Model.IntPrjfolder\Network Data.IntPrjfolder\SUR 138 kV.ElmNet\Itabo TG.ElmSite\ZITAGE.ElmSubstat\3.ElmTerm\Cub_1.StaCubic\ZITAGE_ZJSA1E-L2-SEL 311C.ElmRelay\51N.RelToc,1,SUR CERCANO,SUR,SUR 138 kV,ZITAGE,51N
51Q,\VM-PF.IntUser\PDD 31-12-2024.IntPrj\Network Model.IntPrjfolder\Network Data.IntPrjfolder\SUR 138 kV.ElmNet\Itabo TG.ElmSite\ZITAGE.ElmSubstat\3.ElmTerm\Cub_1.StaCubic\ZITAGE_ZJSA1E-L2-SEL 311C.ElmRelay\51Q.RelToc,1,SUR CERCANO,SUR,SUR 138 kV,ZITAGE,51Q
5101,\VM-PF.IntUser\PDD 31-12-2024.IntPrj\Network Model.IntPrjfolder\Network Data.IntPrjfolder\SUR 138 kV.ElmNet\Itabo TG.ElmSite\ZITAGE.ElmSubstat\2.ElmTerm\Cub_1.StaCubic\ZITAGE_ZUASDE-L1-SEL 411L.ElmRelay\Overcurrent.ElmRelay\5101.RelToc,1,SUR CERCANO,SUR,SUR 138 kV,ZITAGE,5101
5102,\VM-PF.IntUser\PDD 31-12-2024.IntPrj\Network Model.IntPrjfolder\Network Data.IntPrjfolder\SUR 138 kV.ElmNet\Itabo TG.ElmSite\ZITAGE.ElmSubstat\2.ElmTerm\Cub_1.StaCubic\ZITAGE_ZUASDE-L1-SEL 411L.ElmRelay\Overcurrent.ElmRelay\5102.RelToc,1,SUR CERCANO,SUR,SUR 138 kV,ZITAGE,5102
5103,\VM-PF.IntUser\PDD 31-12-2024.IntPrj\Network Model.IntPrjfolder\Network Data.IntPrjfolder\SUR 138 kV.ElmNet\Itabo TG.ElmSite\ZITAGE.ElmSubstat\2.ElmTerm\Cub_1.StaCubic\ZITAGE_ZUASDE-L1-SEL 411L.ElmRelay\Overcurrent.ElmRelay\5103.RelToc,1,SUR CERCANO,SUR,SUR 138 kV,ZITAGE,5103
5104,\VM-PF.IntUser\PDD 31-12-2024.IntPrj\Network Model.IntPrjfolder\Network Data.IntPrjfolder\SUR 138 kV.ElmNet\Itabo TG.ElmSite\ZITAGE.ElmSubstat\2.ElmTerm\Cub_1.StaCubic\ZITAGE_ZUASDE-L1-SEL 411L.ElmRelay\Overcurrent.ElmRelay\5104.RelToc,1,SUR CERCANO,SUR,SUR 138 kV,ZITAGE,5104
5105,\VM-PF.IntUser\PDD 31-12-2024.IntPrj\Network Model.IntPrjfolder\Network Data.IntPrjfolder\SUR 138 kV.ElmNet\Itabo TG.ElmSite\ZITAGE.ElmSubstat\2.ElmTerm\Cub_1.StaCubic\ZITAGE_ZUASDE-L1-SEL 411L.ElmRelay\Overcurrent.ElmRelay\5105.RelToc,1,SUR CERCANO,SUR,SUR 138 kV,ZITAGE,5105
5106,\VM-PF.IntUser\PDD 31-12-2024.IntPrj\Network Model.IntPrjfolder\Network Data.IntPrjfolder\SUR 138 kV.ElmNet\Itabo TG.ElmSite\ZITAGE.ElmSubstat\2.ElmTerm\Cub_1.StaCubic\ZITAGE_ZUASDE-L1-SEL 411L.ElmRelay\Overcurrent.ElmRelay\5106.RelToc,1,SUR CERCANO,SUR,SUR 138 kV,ZITAGE,5106
5107,\VM-PF.IntUser\PDD 31-12-2024.IntPrj\Network Model.IntPrjfolder\Network Data.IntPrjfolder\SUR 138 kV.ElmNet\Itabo TG.ElmSite\ZITAGE.ElmSubstat\2.ElmTerm\Cub_1.StaCubic\ZITAGE_ZUASDE-L1-SEL 411L.ElmRelay\Overcurrent.ElmRelay\5107.RelToc,1,SUR CERCANO,SUR,SUR 138 kV,ZITAGE,5107
5108,\VM-PF.IntUser\PDD 31-12-2024.IntPrj\Network Model.IntPrjfolder\Network Data.IntPrjfolder\SUR 138 kV.ElmNet\Itabo TG.ElmSite\ZITAGE.ElmSubstat\2.ElmTerm\Cub_1.StaCubic\ZITAGE_ZUASDE-L1-SEL 411L.ElmRelay\Overcurrent.ElmRelay\5108.RelToc,1,SUR CERCANO,SUR,SUR 138 kV,ZITAGE,5108
5109,\VM-PF.IntUser\PDD 31-12-2024.IntPrj\Network Model.IntPrjfolder\Network Data.IntPrjfolder\SUR 138 kV.ElmNet\Itabo TG.ElmSite\ZITAGE.ElmSubstat\2.ElmTerm\Cub_1.StaCubic\ZITAGE_ZUASDE-L1-SEL 411L.ElmRelay\Overcurrent.ElmRelay\5109.RelToc,1,SUR CERCANO,SUR,SUR 138 kV,ZITAGE,5109
5110,\VM-PF.IntUser\PDD 31-12-2024.IntPrj\Network Model.IntPrjfolder\Network Data.IntPrjfolder\SUR 138 kV.ElmNet\Itabo TG.ElmSite\ZITAGE.ElmSubstat\2.ElmTerm\Cub_1.StaCubic\ZITAGE_ZUASDE-L1-SEL 411L.ElmRelay\Overcurrent.ElmRelay\5110.RelToc,1,SUR CERCANO,SUR,SUR 138 kV,ZITAGE,5110
51P,\VM-PF.IntUser\PDD 31-12-2024.IntPrj\Network Model.IntPrjfolder\Network Data.IntPrjfolder\SUR 138 kV.ElmNet\Itabo TG.ElmSite\ZITAGE.ElmSubstat\2.ElmTerm\Cub_1.StaCubic\ZITAGE_ZUASDE-L1-SEL 311C.ElmRelay\51P.RelToc,1,SUR CERCANO,SUR,SUR 138 kV,ZITAGE,51P
51N,\VM-PF.IntUser\PDD 31-12-2024.IntPrj\Network Model.IntPrjfolder\Network Data.IntPrjfolder\SUR 138 kV.ElmNet\Itabo TG.ElmSite\ZITAGE.ElmSubstat\2.ElmTerm\Cub_1.StaCubic\ZITAGE_ZUASDE-L1-SEL 311C.ElmRelay\51N.RelToc,1,SUR CERCANO,SUR,SUR 138 kV,ZITAGE,51N
51Q,\VM-PF.IntUser\PDD 31-12-2024.IntPrj\Network Model.IntPrjfolder\Network Data.IntPrjfolder\SUR 138 kV.ElmNet\Itabo TG.ElmSite\ZITAGE.ElmSubstat\2.ElmTerm\Cub_1.StaCubic\ZITAGE_ZUASDE-L1-SEL 311C.ElmRelay\51Q.RelToc,1,SUR CERCANO,SUR,SUR 138 kV,ZITAGE,51Q
PTOC 51_67 1,\VM-PF.IntUser\PDD 31-12-2024.IntPrj\Network Model.IntPrjfolder\Network Data.IntPrjfolder\CENTRAL 138 kV.ElmNet\Arroyo Hondo.ElmSite\ZAHONE.ElmSubstat\E02.ElmTerm\Cub_1.StaCubic\ZAHO1E_ZPAL2E-L1-REL 670.ElmRelay\PTOC 51_67.ElmRelay\PTOC 51_67 1.RelToc,1,DISTRITO NACIONAL,CENTRAL,CENTRAL 138 kV,ZAHONE,PTOC 51_67 1
PTOC 51_67 2,\VM-PF.IntUser\PDD 31-12-2024.IntPrj\Network Model.IntPrjfolder\Network Data.IntPrjfolder\CENTRAL 138 kV.ElmNet\Arroyo Hondo.ElmSite\ZAHONE.ElmSubstat\E02.ElmTerm\Cub_1.StaCubic\ZAHO1E_ZPAL2E-L1-REL 670.ElmRelay\PTOC 51_67.ElmRelay\PTOC 51_67 2.RelToc,1,DISTRITO NACIONAL,CENTRAL,CENTRAL 138 kV,ZAHONE,PTOC 51_67 2
PTOC 51_67 3,\VM-PF.IntUser\PDD 31-12-2024.IntPrj\Network Model.IntPrjfolder\Network Data.IntPrjfolder\CENTRAL 138 kV.ElmNet\Arroyo Hondo.ElmSite\ZAHONE.ElmSubstat\E02.ElmTerm\Cub_1.StaCubic\ZAHO1E_ZPAL2E-L1-REL 670.ElmRelay\PTOC 51_67.ElmRelay\PTOC 51_67 3.RelToc,1,DISTRITO NACIONAL,CENTRAL,CENTRAL 138 kV,ZAHONE,PTOC 51_67 3
PTOC 51_67 4,\VM-PF.IntUser\PDD 31-12-2024.IntPrj\Network Model.IntPrjfolder\Network Data.IntPrjfolder\CENTRAL 138 kV.ElmNet\Arroyo Hondo.ElmSite\ZAHONE.ElmSubstat\E02.ElmTerm\Cub_1.StaCubic\ZAHO1E_ZPAL2E-L1-REL 670.ElmRelay\PTOC 51_67.ElmRelay\PTOC 51_67 4.RelToc,1,DISTRITO NACIONAL,CENTRAL,CENTRAL 138 kV,ZAHONE,PTOC 51_67 4
PTOC 51N_67N 1,\VM-PF.IntUser\PDD 31-12-2024.IntPrj\Network Model.IntPrjfolder\Network Data.IntPrjfolder\CENTRAL 138 kV.ElmNet\Arroyo Hondo.ElmSite\ZAHONE.ElmSubstat\E02.ElmTerm\Cub_1.StaCubic\ZAHO1E_ZPAL2E-L1-REL 670.ElmRelay\PTOC 51N67N.ElmRelay\PTOC 51N_67N 1.RelToc,1,DISTRITO NACIONAL,CENTRAL,CENTRAL 138 kV,ZAHONE,PTOC 51N_67N 1
PTOC 51N_67N 2,\VM-PF.IntUser\PDD 31-12-2024.IntPrj\Network Model.IntPrjfolder\Network Data.IntPrjfolder\CENTRAL 138 kV.ElmNet\Arroyo Hondo.ElmSite\ZAHONE.ElmSubstat\E02.ElmTerm\Cub_1.StaCubic\ZAHO1E_ZPAL2E-L1-REL 670.ElmRelay\PTOC 51N67N.ElmRelay\PTOC 51N_67N 2.RelToc,1,DISTRITO NACIONAL,CENTRAL,CENTRAL 138 kV,ZAHONE,PTOC 51N_67N 2
PTOC 51N_67N 3,\VM-PF.IntUser\PDD 31-12-2024.IntPrj\Network Model.IntPrjfolder\Network Data.IntPrjfolder\CENTRAL 138 kV.ElmNet\Arroyo Hondo.ElmSite\ZAHONE.ElmSubstat\E02.ElmTerm\Cub_1.StaCubic\ZAHO1E_ZPAL2E-L1-REL 670.ElmRelay\PTOC 51N67N.ElmRelay\PTOC 51N_67N 3.RelToc,1,DISTRITO NACIONAL,CENTRAL,CENTRAL 138 kV,ZAHONE,PTOC 51N_67N 3
PTOC 51N_67N 4,\VM-PF.IntUser\PDD 31-12-2024.IntPrj\Network Model.IntPrjfolder\Network Data.IntPrjfolder\CENTRAL 138 kV.ElmNet\Arroyo Hondo.ElmSite\ZAHONE.ElmSubstat\E02.ElmTerm\Cub_1.StaCubic\ZAHO1E_ZPAL2E-L1-REL 670.ElmRelay\PTOC 51N67N.ElmRelay\PTOC 51N_67N 4.RelToc,1,DISTRITO NACIONAL,CENTRAL,CENTRAL 138 kV,ZAHONE,PTOC 51N_67N 4
L6CPDIF IMaxAddDelay,\VM-PF.IntUser\PDD 31-12-2024.IntPrj\Network Model.IntPrjfolder\Network Data.IntPrjfolder\CENTRAL 138 kV.ElmNet\Arroyo Hondo.ElmSite\ZAHONE.ElmSubstat\E02.ElmTerm\Cub_1.StaCubic\ZAHO1E_ZPAL2E-L1-RED 670.ElmRelay\PDIF 87.ElmRelay\L6CPDIF IMaxAddDelay.RelToc,1,DISTRITO NACIONAL,CENTRAL,CENTRAL 138 kV,ZAHONE,L6CPDIF IMaxAddDelay
LT6CPDIF IMaxAddDelay,\VM-PF.IntUser\PDD 31-12-2024.IntPrj\Network Model.IntPrjfolder\Network Data.IntPrjfolder\CENTRAL 138 kV.ElmNet\Arroyo Hondo.ElmSite\ZAHONE.ElmSubstat\E02.ElmTerm\Cub_1.StaCubic\ZAHO1E_ZPAL2E-L1-RED 670.ElmRelay\PDIF 87.ElmRelay\LT6CPDIF IMaxAddDelay.RelToc,1,DISTRITO NACIONAL,CENTRAL,CENTRAL 138 kV,ZAHONE,LT6CPDIF IMaxAddDelay
PTOC 51_67 1,\VM-PF.IntUser\PDD 31-12-2024.IntPrj\Network Model.IntPrjfolder\Network Data.IntPrjfolder\CENTRAL 138 kV.ElmNet\Arroyo Hondo.ElmSite\ZAHONE.ElmSubstat\E02.ElmTerm\Cub_1.StaCubic\ZAHO1E_ZPAL2E-L1-RED 670.ElmRelay\PTOC 51_67.ElmRelay\PTOC 51_67 1.RelToc,1,DISTRITO NACIONAL,CENTRAL,CENTRAL 138 kV,ZAHONE,PTOC 51_67 1
PTOC 51_67 2,\VM-PF.IntUser\PDD 31-12-2024.IntPrj\Network Model.IntPrjfolder\Network Data.IntPrjfolder\CENTRAL 138 kV.ElmNet\Arroyo Hondo.ElmSite\ZAHONE.ElmSubstat\E02.ElmTerm\Cub_1.StaCubic\ZAHO1E_ZPAL2E-L1-RED 670.ElmRelay\PTOC 51_67.ElmRelay\PTOC 51_67 2.RelToc,1,DISTRITO NACIONAL,CENTRAL,CENTRAL 138 kV,ZAHONE,PTOC 51_67 2
PTOC 51_67 3,\VM-PF.IntUser\PDD 31-12-2024.IntPrj\Network Model.IntPrjfolder\Network Data.IntPrjfolder\CENTRAL 138 kV.ElmNet\Arroyo Hondo.ElmSite\ZAHONE.ElmSubstat\E02.ElmTerm\Cub_1.StaCubic\ZAHO1E_ZPAL2E-L1-RED 670.ElmRelay\PTOC 51_67.ElmRelay\PTOC 51_67 3.RelToc,1,DISTRITO NACIONAL,CENTRAL,CENTRAL 138 kV,ZAHONE,PTOC 51_67 3
PTOC 51_67 4,\VM-PF.IntUser\PDD 31-12-2024.IntPrj\Network Model.IntPrjfolder\Network Data.IntPrjfolder\CENTRAL 138 kV.ElmNet\Arroyo Hondo.ElmSite\ZAHONE.ElmSubstat\E02.ElmTerm\Cub_1.StaCubic\ZAHO1E_ZPAL2E-L1-RED 670.ElmRelay\PTOC 51_67.ElmRelay\PTOC 51_67 4.RelToc,1,DISTRITO NACIONAL,CENTRAL,CENTRAL 138 kV,ZAHONE,PTOC 51_67 4
PTOC 51N_67N 1,\VM-PF.IntUser\PDD 31-12-2024.IntPrj\Network Model.IntPrjfolder\Network Data.IntPrjfolder\CENTRAL 138 kV.ElmNet\Arroyo Hondo.ElmSite\ZAHONE.ElmSubstat\E02.ElmTerm\Cub_1.StaCubic\ZAHO1E_ZPAL2E-L1-RED 670.ElmRelay\PTOC 51N67N.ElmRelay\PTOC 51N_67N 1.RelToc,1,DISTRITO NACIONAL,CENTRAL,CENTRAL 138 kV,ZAHONE,PTOC 51N_67N 1
PTOC 51N_67N 2,\VM-PF.IntUser\PDD 31-12-2024.IntPrj\Network Model.IntPrjfolder\Network Data.IntPrjfolder\CENTRAL 138 kV.ElmNet\Arroyo Hondo.ElmSite\ZAHONE.ElmSubstat\E02.ElmTerm\Cub_1.StaCubic\ZAHO1E_ZPAL2E-L1-RED 670.ElmRelay\PTOC 51N67N.ElmRelay\PTOC 51N_67N 2.RelToc,1,DISTRITO NACIONAL,CENTRAL,CENTRAL 138 kV,ZAHONE,PTOC 51N_67N 2
PTOC 51N_67N 3,\VM-PF.IntUser\PDD 31-12-2024.IntPrj\Network Model.IntPrjfolder\Network Data.IntPrjfolder\CENTRAL 138 kV.ElmNet\Arroyo Hondo.ElmSite\ZAHONE.ElmSubstat\E02.ElmTerm\Cub_1.StaCubic\ZAHO1E_ZPAL2E-L1-RED 670.ElmRelay\PTOC 51N67N.ElmRelay\PTOC 51N_67N 3.RelToc,1,DISTRITO NACIONAL,CENTRAL,CENTRAL 138 kV,ZAHONE,PTOC 51N_67N 3
PTOC 51N_67N 4,\VM-PF.IntUser\PDD 31-12-2024.IntPrj\Network Model.IntPrjfolder\Network Data.IntPrjfolder\CENTRAL 138 kV.ElmNet\Arroyo Hondo.ElmSite\ZAHONE.ElmSubstat\E02.ElmTerm\Cub_1.StaCubic\ZAHO1E_ZPAL2E-L1-RED 670.ElmRelay\PTOC 51N67N.ElmRelay\PTOC 51N_67N 4.RelToc,1,DISTRITO NACIONAL,CENTRAL,CENTRAL 138 kV,ZAHONE,PTOC 51N_67N 4
PTOC 51_67 1,\VM-PF.IntUser\PDD 31-12-2024.IntPrj\Network Model.IntPrjfolder\Network Data.IntPrjfolder\CENTRAL 138 kV.ElmNet\Arroyo Hondo.ElmSite\ZAHONE.ElmSubstat\E08.ElmTerm\Cub_1.StaCubic\ZAHO1E_ZLISAE-L1-REL 670.ElmRelay\PTOC 51_67.ElmRelay\PTOC 51_67 1.RelToc,1,DISTRITO NACIONAL,CENTRAL,CENTRAL 138 kV,ZAHONE,PTOC 51_67 1
PTOC 51_67 2,\VM-PF.IntUser\PDD 31-12-2024.IntPrj\Network Model.IntPrjfolder\Network Data.IntPrjfolder\CENTRAL 138 kV.ElmNet\Arroyo Hondo.ElmSite\ZAHONE.ElmSubstat\E08.ElmTerm\Cub_1.StaCubic\ZAHO1E_ZLISAE-L1-REL 670.ElmRelay\PTOC 51_67.ElmRelay\PTOC 51_67 2.RelToc,1,DISTRITO NACIONAL,CENTRAL,CENTRAL 138 kV,ZAHONE,PTOC 51_67 2
PTOC 51_67 3,\VM-PF.IntUser\PDD 31-12-2024.IntPrj\Network Model.IntPrjfolder\Network Data.IntPrjfolder\CENTRAL 138 kV.ElmNet\Arroyo Hondo.ElmSite\ZAHONE.ElmSubstat\E08.ElmTerm\Cub_1.StaCubic\ZAHO1E_ZLISAE-L1-REL 670.ElmRelay\PTOC 51_67.ElmRelay\PTOC 51_67 3.RelToc,1,DISTRITO NACIONAL,CENTRAL,CENTRAL 138 kV,ZAHONE,PTOC 51_67 3
PTOC 51_67 4,\VM-PF.IntUser\PDD 31-12-2024.IntPrj\Network Model.IntPrjfolder\Network Data.IntPrjfolder\CENTRAL 138 kV.ElmNet\Arroyo Hondo.ElmSite\ZAHONE.ElmSubstat\E08.ElmTerm\Cub_1.StaCubic\ZAHO1E_ZLISAE-L1-REL 670.ElmRelay\PTOC 51_67.ElmRelay\PTOC 51_67 4.RelToc,1,DISTRITO NACIONAL,CENTRAL,CENTRAL 138 kV,ZAHONE,PTOC 51_67 4
PTOC 51N_67N 1,\VM-PF.IntUser\PDD 31-12-2024.IntPrj\Network Model.IntPrjfolder\Network Data.IntPrjfolder\CENTRAL 138 kV.ElmNet\Arroyo Hondo.ElmSite\ZAHONE.ElmSubstat\E08.ElmTerm\Cub_1.StaCubic\ZAHO1E_ZLISAE-L1-REL 670.ElmRelay\PTOC 51N67N.ElmRelay\PTOC 51N_67N 1.RelToc,1,DISTRITO NACIONAL,CENTRAL,CENTRAL 138 kV,ZAHONE,PTOC 51N_67N 1
PTOC 51N_67N 2,\VM-PF.IntUser\PDD 31-12-2024.IntPrj\Network Model.IntPrjfolder\Network Data.IntPrjfolder\CENTRAL 138 kV.ElmNet\Arroyo Hondo.ElmSite\ZAHONE.ElmSubstat\E08.ElmTerm\Cub_1.StaCubic\ZAHO1E_ZLISAE-L1-REL 670.ElmRelay\PTOC 51N67N.ElmRelay\PTOC 51N_67N 2.RelToc,1,DISTRITO NACIONAL,CENTRAL,CENTRAL 138 kV,ZAHONE,PTOC 51N_67N 2
PTOC 51N_67N 3,\VM-PF.IntUser\PDD 31-12-2024.IntPrj\Network Model.IntPrjfolder\Network Data.IntPrjfolder\CENTRAL 138 kV.ElmNet\Arroyo Hondo.ElmSite\ZAHONE.ElmSubstat\E08.ElmTerm\Cub_1.StaCubic\ZAHO1E_ZLISAE-L1-REL 670.ElmRelay\PTOC 51N67N.ElmRelay\PTOC 51N_67N 3.RelToc,1,DISTRITO NACIONAL,CENTRAL,CENTRAL 138 kV,ZAHONE,PTOC 51N_67N 3
PTOC 51N_67N 4,\VM-PF.IntUser\PDD 31-12-2024.IntPrj\Network Model.IntPrjfolder\Network Data.IntPrjfolder\CENTRAL 138 kV.ElmNet\Arroyo Hondo.ElmSite\ZAHONE.ElmSubstat\E08.ElmTerm\Cub_1.StaCubic\ZAHO1E_ZLISAE-L1-REL 670.ElmRelay\PTOC 51N67N.ElmRelay\PTOC 51N_67N 4.RelToc,1,DISTRITO NACIONAL,CENTRAL,CENTRAL 138 kV,ZAHONE,PTOC 51N_67N 4
L6CPDIF IMaxAddDelay,\VM-PF.IntUser\PDD 31-12-2024.IntPrj\Network Model.IntPrjfolder\Network Data.IntPrjfolder\CENTRAL 138 kV.ElmNet\Arroyo Hondo.ElmSite\ZAHONE.ElmSubstat\E08.ElmTerm\Cub_1.StaCubic\ZAHO1E_ZLISAE-L1-RED 670.ElmRelay\PDIF 87.ElmRelay\L6CPDIF IMaxAddDelay.RelToc,1,DISTRITO NACIONAL,CENTRAL,CENTRAL 138 kV,ZAHONE,L6CPDIF IMaxAddDelay
LT6CPDIF IMaxAddDelay,\VM-PF.IntUser\PDD 31-12-2024.IntPrj\Network Model.IntPrjfolder\Network Data.IntPrjfolder\CENTRAL 138 kV.ElmNet\Arroyo Hondo.ElmSite\ZAHONE.ElmSubstat\E08.ElmTerm\Cub_1.StaCubic\ZAHO1E_ZLISAE-L1-RED 670.ElmRelay\PDIF 87.ElmRelay\LT6CPDIF IMaxAddDelay.RelToc,1,DISTRITO NACIONAL,CENTRAL,CENTRAL 138 kV,ZAHONE,LT6CPDIF IMaxAddDelay
PTOC 51_67 1,\VM-PF.IntUser\PDD 31-12-2024.IntPrj\Network Model.IntPrjfolder\Network Data.IntPrjfolder\CENTRAL 138 kV.ElmNet\Arroyo Hondo.ElmSite\ZAHONE.ElmSubstat\E08.ElmTerm\Cub_1.StaCubic\ZAHO1E_ZLISAE-L1-RED 670.ElmRelay\PTOC 51_67.ElmRelay\PTOC 51_67 1.RelToc,1,DISTRITO NACIONAL,CENTRAL,CENTRAL 138 kV,ZAHONE,PTOC 51_67 1
PTOC 51_67 2,\VM-PF.IntUser\PDD 31-12-2024.IntPrj\Network Model.IntPrjfolder\Network Data.IntPrjfolder\CENTRAL 138 kV.ElmNet\Arroyo Hondo.ElmSite\ZAHONE.ElmSubstat\E08.ElmTerm\Cub_1.StaCubic\ZAHO1E_ZLISAE-L1-RED 670.ElmRelay\PTOC 51_67.ElmRelay\PTOC 51_67 2.RelToc,1,DISTRITO NACIONAL,CENTRAL,CENTRAL 138 kV,ZAHONE,PTOC 51_67 2
PTOC 51_67 3,\VM-PF.IntUser\PDD 31-12-2024.IntPrj\Network Model.IntPrjfolder\Network Data.IntPrjfolder\CENTRAL 138 kV.ElmNet\Arroyo Hondo.ElmSite\ZAHONE.ElmSubstat\E08.ElmTerm\Cub_1.StaCubic\ZAHO1E_ZLISAE-L1-RED 670.ElmRelay\PTOC 51_67.ElmRelay\PTOC 51_67 3.RelToc,1,DISTRITO NACIONAL,CENTRAL,CENTRAL 138 kV,ZAHONE,PTOC 51_67 3
PTOC 51_67 4,\VM-PF.IntUser\PDD 31-12-2024.IntPrj\Network Model.IntPrjfolder\Network Data.IntPrjfolder\CENTRAL 138 kV.ElmNet\Arroyo Hondo.ElmSite\ZAHONE.ElmSubstat\E08.ElmTerm\Cub_1.StaCubic\ZAHO1E_ZLISAE-L1-RED 670.ElmRelay\PTOC 51_67.ElmRelay\PTOC 51_67 4.RelToc,1,DISTRITO NACIONAL,CENTRAL,CENTRAL 138 kV,ZAHONE,PTOC 51_67 4
PTOC 51N_67N 1,\VM-PF.IntUser\PDD 31-12-2024.IntPrj\Network Model.IntPrjfolder\Network Data.IntPrjfolder\CENTRAL 138 kV.ElmNet\Arroyo Hondo.ElmSite\ZAHONE.ElmSubstat\E08.ElmTerm\Cub_1.StaCubic\ZAHO1E_ZLISAE-L1-RED 670.ElmRelay\PTOC 51N67N.ElmRelay\PTOC 51N_67N 1.RelToc,1,DISTRITO NACIONAL,CENTRAL,CENTRAL 138 kV,ZAHONE,PTOC 51N_67N 1
PTOC 51N_67N 2,\VM-PF.IntUser\PDD 31-12-2024.IntPrj\Network Model.IntPrjfolder\Network Data.IntPrjfolder\CENTRAL 138 kV.ElmNet\Arroyo Hondo.ElmSite\ZAHONE.ElmSubstat\E08.ElmTerm\Cub_1.StaCubic\ZAHO1E_ZLISAE-L1-RED 670.ElmRelay\PTOC 51N67N.ElmRelay\PTOC 51N_67N 2.RelToc,1,DISTRITO NACIONAL,CENTRAL,CENTRAL 138 kV,ZAHONE,PTOC 51N_67N 2
PTOC 51N_67N 3,\VM-PF.IntUser\PDD 31-12-2024.IntPrj\Network Model.IntPrjfolder\Network Data.IntPrjfolder\CENTRAL 138 kV.ElmNet\Arroyo Hondo.ElmSite\ZAHONE.ElmSubstat\E08.ElmTerm\Cub_1.StaCubic\ZAHO1E_ZLISAE-L1-RED 670.ElmRelay\PTOC 51N67N.ElmRelay\PTOC 51N_67N 3.RelToc,1,DISTRITO NACIONAL,CENTRAL,CENTRAL 138 kV,ZAHONE,PTOC 51N_67N 3
PTOC 51N_67N 4,\VM-PF.IntUser\PDD 31-12-2024.IntPrj\Network Model.IntPrjfolder\Network Data.IntPrjfolder\CENTRAL 138 kV.ElmNet\Arroyo Hondo.ElmSite\ZAHONE.ElmSubstat\E08.ElmTerm\Cub_1.StaCubic\ZAHO1E_ZLISAE-L1-RED 670.ElmRelay\PTOC 51N67N.ElmRelay\PTOC 51N_67N 4.RelToc,1,DISTRITO NACIONAL,CENTRAL,CENTRAL 138 kV,ZAHONE,PTOC 51N_67N 4
I>1,\VM-PF.IntUser\PDD 31-12-2024.IntPrj\Network Model.IntPrjfolder\Network Data.IntPrjfolder\CENTRAL 138 kV.ElmNet\Herrera.ElmSite\ZHERRE.ElmSubstat\WHERRE(8).ElmTerm\WBHE38E(2).StaCubic\ZHERRE_ZITABE-L1-P44x.ElmRelay\I>1.RelToc,1,SANTO DOMINGO,CENTRAL,CENTRAL 138 kV,ZHERRE,I>1
I>2,\VM-PF.IntUser\PDD 31-12-2024.IntPrj\Network Model.IntPrjfolder\Network Data.IntPrjfolder\CENTRAL 138 kV.ElmNet\Herrera.ElmSite\ZHERRE.ElmSubstat\WHERRE(8).ElmTerm\WBHE38E(2).StaCubic\ZHERRE_ZITABE-L1-P44x.ElmRelay\I>2.RelToc,1,SANTO DOMINGO,CENTRAL,CENTRAL 138 kV,ZHERRE,I>2
IN>1,\VM-PF.IntUser\PDD 31-12-2024.IntPrj\Network Model.IntPrjfolder\Network Data.IntPrjfolder\CENTRAL 138 kV.ElmNet\Herrera.ElmSite\ZHERRE.ElmSubstat\WHERRE(8).ElmTerm\WBHE38E(2).StaCubic\ZHERRE_ZITABE-L1-P44x.ElmRelay\IN>1.RelToc,1,SANTO DOMINGO,CENTRAL,CENTRAL 138 kV,ZHERRE,IN>1
IN>2,\VM-PF.IntUser\PDD 31-12-2024.IntPrj\Network Model.IntPrjfolder\Network Data.IntPrjfolder\CENTRAL 138 kV.ElmNet\Herrera.ElmSite\ZHERRE.ElmSubstat\WHERRE(8).ElmTerm\WBHE38E(2).StaCubic\ZHERRE_ZITABE-L1-P44x.ElmRelay\IN>2.RelToc,1,SANTO DOMINGO,CENTRAL,CENTRAL 138 kV,ZHERRE,IN>2
I>1,\VM-PF.IntUser\PDD 31-12-2024.IntPrj\Network Model.IntPrjfolder\Network Data.IntPrjfolder\CENTRAL 138 kV.ElmNet\Herrera.ElmSite\ZHERRE.ElmSubstat\WHERRE(7).ElmTerm\WBHE38E(1).StaCubic\ZHERRE_ZLPRAE-L1-P44x.ElmRelay\I>1.RelToc,1,SANTO DOMINGO,CENTRAL,CENTRAL 138 kV,ZHERRE,I>1
I>2,\VM-PF.IntUser\PDD 31-12-2024.IntPrj\Network Model.IntPrjfolder\Network Data.IntPrjfolder\CENTRAL 138 kV.ElmNet\Herrera.ElmSite\ZHERRE.ElmSubstat\WHERRE(7).ElmTerm\WBHE38E(1).StaCubic\ZHERRE_ZLPRAE-L1-P44x.ElmRelay\I>2.RelToc,1,SANTO DOMINGO,CENTRAL,CENTRAL 138 kV,ZHERRE,I>2
IN>1,\VM-PF.IntUser\PDD 31-12-2024.IntPrj\Network Model.IntPrjfolder\Network Data.IntPrjfolder\CENTRAL 138 kV.ElmNet\Herrera.ElmSite\ZHERRE.ElmSubstat\WHERRE(7).ElmTerm\WBHE38E(1).StaCubic\ZHERRE_ZLPRAE-L1-P44x.ElmRelay\IN>1.RelToc,1,SANTO DOMINGO,CENTRAL,CENTRAL 138 kV,ZHERRE,IN>1
IN>2,\VM-PF.IntUser\PDD 31-12-2024.IntPrj\Network Model.IntPrjfolder\Network Data.IntPrjfolder\CENTRAL 138 kV.ElmNet\Herrera.ElmSite\ZHERRE.ElmSubstat\WHERRE(7).ElmTerm\WBHE38E(1).StaCubic\ZHERRE_ZLPRAE-L1-P44x.ElmRelay\IN>2.RelToc,1,SANTO DOMINGO,CENTRAL,CENTRAL 138 kV,ZHERRE,IN>2
Ip>,\VM-PF.IntUser\PDD 31-12-2024.IntPrj\Network Model.IntPrjfolder\Network Data.IntPrjfolder\CENTRAL 138 kV.ElmNet\Boca Chica.ElmSite\ZBCHIE.ElmSubstat\1.ElmTerm\Cub_1.StaCubic\ZBCHIE_ZHNSAE-L1-7SA6.ElmRelay\Overcurrent.ElmRelay\Ip>.RelToc,1,SANTO DOMINGO,CENTRAL,CENTRAL 138 kV,ZBCHIE,Ip>
3I0p,\VM-PF.IntUser\PDD 31-12-2024.IntPrj\Network Model.IntPrjfolder\Network Data.IntPrjfolder\CENTRAL 138 kV.ElmNet\Boca Chica.ElmSite\ZBCHIE.ElmSubstat\1.ElmTerm\Cub_1.StaCubic\ZBCHIE_ZHNSAE-L1-7SA6.ElmRelay\Overcurrent.ElmRelay\3I0p.RelToc,1,SANTO DOMINGO,CENTRAL,CENTRAL 138 kV,ZBCHIE,3I0p
3I0p,\VM-PF.IntUser\PDD 31-12-2024.IntPrj\Network Model.IntPrjfolder\Network Data.IntPrjfolder\CENTRAL 138 kV.ElmNet\Boca Chica.ElmSite\ZBCHIE.ElmSubstat\1.ElmTerm\Cub_1.StaCubic\ZBCHIE_ZHNSAE-L1-7SA6.ElmRelay\Earthfault.ElmRelay\3I0p.RelToc,1,SANTO DOMINGO,CENTRAL,CENTRAL 138 kV,ZBCHIE,3I0p
Thermal Overload,\VM-PF.IntUser\PDD 31-12-2024.IntPrj\Network Model.IntPrjfolder\Network Data.IntPrjfolder\CENTRAL 138 kV.ElmNet\Boca Chica.ElmSite\ZBCHIE.ElmSubstat\1.ElmTerm\Cub_1.StaCubic\ZBCHIE_ZHNSAE-L1-7SA6.ElmRelay\Thermal Overload.RelToc,1,SANTO DOMINGO,CENTRAL,CENTRAL 138 kV,ZBCHIE,Thermal Overload
Ip,\VM-PF.IntUser\PDD 31-12-2024.IntPrj\Network Model.IntPrjfolder\Network Data.IntPrjfolder\CENTRAL 138 kV.ElmNet\Boca Chica.ElmSite\ZBCHIE.ElmSubstat\1.ElmTerm\Cub_1.StaCubic\ZBCHIE_ZHNSAE-L1-7SD52.ElmRelay\Distance/Overcurrent/Voltage.ElmRelay\Ip.RelToc,1,SANTO DOMINGO,CENTRAL,CENTRAL 138 kV,ZBCHIE,Ip
Thr. Overload,\VM-PF.IntUser\PDD 31-12-2024.IntPrj\Network Model.IntPrjfolder\Network Data.IntPrjfolder\CENTRAL 138 kV.ElmNet\Boca Chica.ElmSite\ZBCHIE.ElmSubstat\1.ElmTerm\Cub_1.StaCubic\ZBCHIE_ZHNSAE-L1-7SD52.ElmRelay\Distance/Overcurrent/Voltage.ElmRelay\Thr. Overload.RelToc,1,SANTO DOMINGO,CENTRAL,CENTRAL 138 kV,ZBCHIE,Thr. Overload
I0p,\VM-PF.IntUser\PDD 31-12-2024.IntPrj\Network Model.IntPrjfolder\Network Data.IntPrjfolder\CENTRAL 138 kV.ElmNet\Boca Chica.ElmSite\ZBCHIE.ElmSubstat\1.ElmTerm\Cub_1.StaCubic\ZBCHIE_ZHNSAE-L1-7SD52.ElmRelay\Distance/Overcurrent/Voltage.ElmRelay\I0p.RelToc,1,SANTO DOMINGO,CENTRAL,CENTRAL 138 kV,ZBCHIE,I0p
Ip>,\VM-PF.IntUser\PDD 31-12-2024.IntPrj\Network Model.IntPrjfolder\Network Data.IntPrjfolder\CENTRAL 138 kV.ElmNet\Boca Chica.ElmSite\ZBCHIE.ElmSubstat\2.ElmTerm\Cub_1.StaCubic\ZBCHIE_ZSPM2E-L1-7SA6.ElmRelay\Overcurrent.ElmRelay\Ip>.RelToc,1,SANTO DOMINGO,CENTRAL,CENTRAL 138 kV,ZBCHIE,Ip>
3I0p,\VM-PF.IntUser\PDD 31-12-2024.IntPrj\Network Model.IntPrjfolder\Network Data.IntPrjfolder\CENTRAL 138 kV.ElmNet\Boca Chica.ElmSite\ZBCHIE.ElmSubstat\2.ElmTerm\Cub_1.StaCubic\ZBCHIE_ZSPM2E-L1-7SA6.ElmRelay\Overcurrent.ElmRelay\3I0p.RelToc,1,SANTO DOMINGO,CENTRAL,CENTRAL 138 kV,ZBCHIE,3I0p
3I0p,\VM-PF.IntUser\PDD 31-12-2024.IntPrj\Network Model.IntPrjfolder\Network Data.IntPrjfolder\CENTRAL 138 kV.ElmNet\Boca Chica.ElmSite\ZBCHIE.ElmSubstat\2.ElmTerm\Cub_1.StaCubic\ZBCHIE_ZSPM2E-L1-7SA6.ElmRelay\Earthfault.ElmRelay\3I0p.RelToc,1,SANTO DOMINGO,CENTRAL,CENTRAL 138 kV,ZBCHIE,3I0p
Thermal Overload,\VM-PF.IntUser\PDD 31-12-2024.IntPrj\Network Model.IntPrjfolder\Network Data.IntPrjfolder\CENTRAL 138 kV.ElmNet\Boca Chica.ElmSite\ZBCHIE.ElmSubstat\2.ElmTerm\Cub_1.StaCubic\ZBCHIE_ZSPM2E-L1-7SA6.ElmRelay\Thermal Overload.RelToc,1,SANTO DOMINGO,CENTRAL,CENTRAL 138 kV,ZBCHIE,Thermal Overload
Ip,\VM-PF.IntUser\PDD 31-12-2024.IntPrj\Network Model.IntPrjfolder\Network Data.IntPrjfolder\CENTRAL 138 kV.ElmNet\Boca Chica.ElmSite\ZBCHIE.ElmSubstat\2.ElmTerm\Cub_1.StaCubic\ZBCHIE_ZSPM2E-L1-7SD52.ElmRelay\Distance/Overcurrent/Voltage.ElmRelay\Ip.RelToc,1,SANTO DOMINGO,CENTRAL,CENTRAL 138 kV,ZBCHIE,Ip
Thr. Overload,\VM-PF.IntUser\PDD 31-12-2024.IntPrj\Network Model.IntPrjfolder\Network Data.IntPrjfolder\CENTRAL 138 kV.ElmNet\Boca Chica.ElmSite\ZBCHIE.ElmSubstat\2.ElmTerm\Cub_1.StaCubic\ZBCHIE_ZSPM2E-L1-7SD52.ElmRelay\Distance/Overcurrent/Voltage.ElmRelay\Thr. Overload.RelToc,1,SANTO DOMINGO,CENTRAL,CENTRAL 138 kV,ZBCHIE,Thr. Overload
I0p,\VM-PF.IntUser\PDD 31-12-2024.IntPrj\Network Model.IntPrjfolder\Network Data.IntPrjfolder\CENTRAL 138 kV.ElmNet\Boca Chica.ElmSite\ZBCHIE.ElmSubstat\2.ElmTerm\Cub_1.StaCubic\ZBCHIE_ZSPM2E-L1-7SD52.ElmRelay\Distance/Overcurrent/Voltage.ElmRelay\I0p.RelToc,1,SANTO DOMINGO,CENTRAL,CENTRAL 138 kV,ZBCHIE,I0p
Ip>,\VM-PF.IntUser\PDD 31-12-2024.IntPrj\Network Model.IntPrjfolder\Network Data.IntPrjfolder\CENTRAL 138 kV.ElmNet\ZEMBAE.ElmSubstat\WEMBAE(2).ElmTerm\WBEMBAE(2).StaCubic\ZEMBAE_ZLPRAE-L1-7SA6.ElmRelay\Overcurrent.ElmRelay\Ip>.RelToc,1,DISTRITO NACIONAL,CENTRAL,CENTRAL 138 kV,ZEMBAE,Ip>
3I0p,\VM-PF.IntUser\PDD 31-12-2024.IntPrj\Network Model.IntPrjfolder\Network Data.IntPrjfolder\CENTRAL 138 kV.ElmNet\ZEMBAE.ElmSubstat\WEMBAE(2).ElmTerm\WBEMBAE(2).StaCubic\ZEMBAE_ZLPRAE-L1-7SA6.ElmRelay\Overcurrent.ElmRelay\3I0p.RelToc,1,DISTRITO NACIONAL,CENTRAL,CENTRAL 138 kV,ZEMBAE,3I0p
3I0p,\VM-PF.IntUser\PDD 31-12-2024.IntPrj\Network Model.IntPrjfolder\Network Data.IntPrjfolder\CENTRAL 138 kV.ElmNet\ZEMBAE.ElmSubstat\WEMBAE(2).ElmTerm\WBEMBAE(2).StaCubic\ZEMBAE_ZLPRAE-L1-7SA6.ElmRelay\Earthfault.ElmRelay\3I0p.RelToc,1,DISTRITO NACIONAL,CENTRAL,CENTRAL 138 kV,ZEMBAE,3I0p
Thermal Overload,\VM-PF.IntUser\PDD 31-12-2024.IntPrj\Network Model.IntPrjfolder\Network Data.IntPrjfolder\CENTRAL 138 kV.ElmNet\ZEMBAE.ElmSubstat\WEMBAE(2).ElmTerm\WBEMBAE(2).StaCubic\ZEMBAE_ZLPRAE-L1-7SA6.ElmRelay\Thermal Overload.RelToc,1,DISTRITO NACIONAL,CENTRAL,CENTRAL 138 kV,ZEMBAE,Thermal Overload
Ip>,\VM-PF.IntUser\PDD 31-12-2024.IntPrj\Network Model.IntPrjfolder\Network Data.IntPrjfolder\CENTRAL 138 kV.ElmNet\ZEMBAE.ElmSubstat\WEMBAE(1).ElmTerm\WBEMBAE(1).StaCubic\ZEMBAE_ZMATAE-L1-7SA6.ElmRelay\Overcurrent.ElmRelay\Ip>.RelToc,1,DISTRITO NACIONAL,CENTRAL,CENTRAL 138 kV,ZEMBAE,Ip>
3I0p,\VM-PF.IntUser\PDD 31-12-2024.IntPrj\Network Model.IntPrjfolder\Network Data.IntPrjfolder\CENTRAL 138 kV.ElmNet\ZEMBAE.ElmSubstat\WEMBAE(1).ElmTerm\WBEMBAE(1).StaCubic\ZEMBAE_ZMATAE-L1-7SA6.ElmRelay\Overcurrent.ElmRelay\3I0p.RelToc,1,DISTRITO NACIONAL,CENTRAL,CENTRAL 138 kV,ZEMBAE,3I0p
3I0p,\VM-PF.IntUser\PDD 31-12-2024.IntPrj\Network Model.IntPrjfolder\Network Data.IntPrjfolder\CENTRAL 138 kV.ElmNet\ZEMBAE.ElmSubstat\WEMBAE(1).ElmTerm\WBEMBAE(1).StaCubic\ZEMBAE_ZMATAE-L1-7SA6.ElmRelay\Earthfault.ElmRelay\3I0p.RelToc,1,DISTRITO NACIONAL,CENTRAL,CENTRAL 138 kV,ZEMBAE,3I0p
Thermal Overload,\VM-PF.IntUser\PDD 31-12-2024.IntPrj\Network Model.IntPrjfolder\Network Data.IntPrjfolder\CENTRAL 138 kV.ElmNet\ZEMBAE.ElmSubstat\WEMBAE(1).ElmTerm\WBEMBAE(1).StaCubic\ZEMBAE_ZMATAE-L1-7SA6.ElmRelay\Thermal Overload.RelToc,1,DISTRITO NACIONAL,CENTRAL,CENTRAL 138 kV,ZEMBAE,Thermal Overload
Ip,\VM-PF.IntUser\PDD 31-12-2024.IntPrj\Network Model.IntPrjfolder\Network Data.IntPrjfolder\CENTRAL 138 kV.ElmNet\Hainamosa.ElmSite\ZHNSAE.ElmSubstat\E11.ElmTerm\Cub_1.StaCubic\ZHNS2E_ZLM11E-L1-7SD52.ElmRelay\Distance/Overcurrent/Voltage.ElmRelay\Ip.RelToc,1,SANTO DOMINGO,CENTRAL,CENTRAL 138 kV,ZHNSAE,Ip
Thr. Overload,\VM-PF.IntUser\PDD 31-12-2024.IntPrj\Network Model.IntPrjfolder\Network Data.IntPrjfolder\CENTRAL 138 kV.ElmNet\Hainamosa.ElmSite\ZHNSAE.ElmSubstat\E11.ElmTerm\Cub_1.StaCubic\ZHNS2E_ZLM11E-L1-7SD52.ElmRelay\Distance/Overcurrent/Voltage.ElmRelay\Thr. Overload.RelToc,1,SANTO DOMINGO,CENTRAL,CENTRAL 138 kV,ZHNSAE,Thr. Overload
I0p,\VM-PF.IntUser\PDD 31-12-2024.IntPrj\Network Model.IntPrjfolder\Network Data.IntPrjfolder\CENTRAL 138 kV.ElmNet\Hainamosa.ElmSite\ZHNSAE.ElmSubstat\E11.ElmTerm\Cub_1.StaCubic\ZHNS2E_ZLM11E-L1-7SD52.ElmRelay\Distance/Overcurrent/Voltage.ElmRelay\I0p.RelToc,1,SANTO DOMINGO,CENTRAL,CENTRAL 138 kV,ZHNSAE,I0p
Ip 51,\VM-PF.IntUser\PDD 31-12-2024.IntPrj\Network Model.IntPrjfolder\Network Data.IntPrjfolder\CENTRAL 138 kV.ElmNet\Hainamosa.ElmSite\ZHNSAE.ElmSubstat\E11.ElmTerm\Cub_1.StaCubic\ZHNS2E_ZLM11E-L1-7SJ62.ElmRelay\Ip 51.RelToc,1,SANTO DOMINGO,CENTRAL,CENTRAL 138 kV,ZHNSAE,Ip 51
Iep 51N,\VM-PF.IntUser\PDD 31-12-2024.IntPrj\Network Model.IntPrjfolder\Network Data.IntPrjfolder\CENTRAL 138 kV.ElmNet\Hainamosa.ElmSite\ZHNSAE.ElmSubstat\E11.ElmTerm\Cub_1.StaCubic\ZHNS2E_ZLM11E-L1-7SJ62.ElmRelay\Iep 51N.RelToc,1,SANTO DOMINGO,CENTRAL,CENTRAL 138 kV,ZHNSAE,Iep 51N
Ip 67 TOC,\VM-PF.IntUser\PDD 31-12-2024.IntPrj\Network Model.IntPrjfolder\Network Data.IntPrjfolder\CENTRAL 138 kV.ElmNet\Hainamosa.ElmSite\ZHNSAE.ElmSubstat\E11.ElmTerm\Cub_1.StaCubic\ZHNS2E_ZLM11E-L1-7SJ62.ElmRelay\Ip 67 TOC.RelToc,1,SANTO DOMINGO,CENTRAL,CENTRAL 138 kV,ZHNSAE,Ip 67 TOC
Iep 67N TOC,\VM-PF.IntUser\PDD 31-12-2024.IntPrj\Network Model.IntPrjfolder\Network Data.IntPrjfolder\CENTRAL 138 kV.ElmNet\Hainamosa.ElmSite\ZHNSAE.ElmSubstat\E11.ElmTerm\Cub_1.StaCubic\ZHNS2E_ZLM11E-L1-7SJ62.ElmRelay\Iep 67N TOC.RelToc,1,SANTO DOMINGO,CENTRAL,CENTRAL 138 kV,ZHNSAE,Iep 67N TOC
I2p 46 TOC,\VM-PF.IntUser\PDD 31-12-2024.IntPrj\Network Model.IntPrjfolder\Network Data.IntPrjfolder\CENTRAL 138 kV.ElmNet\Hainamosa.ElmSite\ZHNSAE.ElmSubstat\E11.ElmTerm\Cub_1.StaCubic\ZHNS2E_ZLM11E-L1-7SJ62.ElmRelay\I2p 46 TOC.RelToc,1,SANTO DOMINGO,CENTRAL,CENTRAL 138 kV,ZHNSAE,I2p 46 TOC
Overload 49,\VM-PF.IntUser\PDD 31-12-2024.IntPrj\Network Model.IntPrjfolder\Network Data.IntPrjfolder\CENTRAL 138 kV.ElmNet\Hainamosa.ElmSite\ZHNSAE.ElmSubstat\E11.ElmTerm\Cub_1.StaCubic\ZHNS2E_ZLM11E-L1-7SJ62.ElmRelay\Overload 49.RelToc,1,SANTO DOMINGO,CENTRAL,CENTRAL 138 kV,ZHNSAE,Overload 49
Ip,\VM-PF.IntUser\PDD 31-12-2024.IntPrj\Network Model.IntPrjfolder\Network Data.IntPrjfolder\CENTRAL 138 kV.ElmNet\Hainamosa.ElmSite\ZHNSAE.ElmSubstat\E12.ElmTerm\Cub_1.StaCubic\ZHNSAE_ZLMINE-L2-7SD52.ElmRelay\Distance/Overcurrent/Voltage.ElmRelay\Ip.RelToc,1,SANTO DOMINGO,CENTRAL,CENTRAL 138 kV,ZHNSAE,Ip
Thr. Overload,\VM-PF.IntUser\PDD 31-12-2024.IntPrj\Network Model.IntPrjfolder\Network Data.IntPrjfolder\CENTRAL 138 kV.ElmNet\Hainamosa.ElmSite\ZHNSAE.ElmSubstat\E12.ElmTerm\Cub_1.StaCubic\ZHNSAE_ZLMINE-L2-7SD52.ElmRelay\Distance/Overcurrent/Voltage.ElmRelay\Thr. Overload.RelToc,1,SANTO DOMINGO,CENTRAL,CENTRAL 138 kV,ZHNSAE,Thr. Overload
I0p,\VM-PF.IntUser\PDD 31-12-2024.IntPrj\Network Model.IntPrjfolder\Network Data.IntPrjfolder\CENTRAL 138 kV.ElmNet\Hainamosa.ElmSite\ZHNSAE.ElmSubstat\E12.ElmTerm\Cub_1.StaCubic\ZHNSAE_ZLMINE-L2-7SD52.ElmRelay\Distance/Overcurrent/Voltage.ElmRelay\I0p.RelToc,1,SANTO DOMINGO,CENTRAL,CENTRAL 138 kV,ZHNSAE,I0p
Ip 51,\VM-PF.IntUser\PDD 31-12-2024.IntPrj\Network Model.IntPrjfolder\Network Data.IntPrjfolder\CENTRAL 138 kV.ElmNet\Hainamosa.ElmSite\ZHNSAE.ElmSubstat\E12.ElmTerm\Cub_1.StaCubic\ZHNSAE_ZLMINE-L2-7SJ62.ElmRelay\Ip 51.RelToc,1,SANTO DOMINGO,CENTRAL,CENTRAL 138 kV,ZHNSAE,Ip 51
Iep 51N,\VM-PF.IntUser\PDD 31-12-2024.IntPrj\Network Model.IntPrjfolder\Network Data.IntPrjfolder\CENTRAL 138 kV.ElmNet\Hainamosa.ElmSite\ZHNSAE.ElmSubstat\E12.ElmTerm\Cub_1.StaCubic\ZHNSAE_ZLMINE-L2-7SJ62.ElmRelay\Iep 51N.RelToc,1,SANTO DOMINGO,CENTRAL,CENTRAL 138 kV,ZHNSAE,Iep 51N
Ip 67 TOC,\VM-PF.IntUser\PDD 31-12-2024.IntPrj\Network Model.IntPrjfolder\Network Data.IntPrjfolder\CENTRAL 138 kV.ElmNet\Hainamosa.ElmSite\ZHNSAE.ElmSubstat\E12.ElmTerm\Cub_1.StaCubic\ZHNSAE_ZLMINE-L2-7SJ62.ElmRelay\Ip 67 TOC.RelToc,1,SANTO DOMINGO,CENTRAL,CENTRAL 138 kV,ZHNSAE,Ip 67 TOC
Iep 67N TOC,\VM-PF.IntUser\PDD 31-12-2024.IntPrj\Network Model.IntPrjfolder\Network Data.IntPrjfolder\CENTRAL 138 kV.ElmNet\Hainamosa.ElmSite\ZHNSAE.ElmSubstat\E12.ElmTerm\Cub_1.StaCubic\ZHNSAE_ZLMINE-L2-7SJ62.ElmRelay\Iep 67N TOC.RelToc,1,SANTO DOMINGO,CENTRAL,CENTRAL 138 kV,ZHNSAE,Iep 67N TOC
I2p 46 TOC,\VM-PF.IntUser\PDD 31-12-2024.IntPrj\Network Model.IntPrjfolder\Network Data.IntPrjfolder\CENTRAL 138 kV.ElmNet\Hainamosa.ElmSite\ZHNSAE.ElmSubstat\E12.ElmTerm\Cub_1.StaCubic\ZHNSAE_ZLMINE-L2-7SJ62.ElmRelay\I2p 46 TOC.RelToc,1,SANTO DOMINGO,CENTRAL,CENTRAL 138 kV,ZHNSAE,I2p 46 TOC
Overload 49,\VM-PF.IntUser\PDD 31-12-2024.IntPrj\Network Model.IntPrjfolder\Network Data.IntPrjfolder\CENTRAL 138 kV.ElmNet\Hainamosa.ElmSite\ZHNSAE.ElmSubstat\E12.ElmTerm\Cub_1.StaCubic\ZHNSAE_ZLMINE-L2-7SJ62.ElmRelay\Overload 49.RelToc,1,SANTO DOMINGO,CENTRAL,CENTRAL 138 kV,ZHNSAE,Overload 49
Ip>,\VM-PF.IntUser\PDD 31-12-2024.IntPrj\Network Model.IntPrjfolder\Network Data.IntPrjfolder\CENTRAL 138 kV.ElmNet\Hainamosa.ElmSite\ZHNSAE.ElmSubstat\E16.ElmTerm\Cub_1.StaCubic\ZHNSAE_ZVMELE-L1-7SA6.ElmRelay\Overcurrent.ElmRelay\Ip>.RelToc,1,SANTO DOMINGO,CENTRAL,CENTRAL 138 kV,ZHNSAE,Ip>
3I0p,\VM-PF.IntUser\PDD 31-12-2024.IntPrj\Network Model.IntPrjfolder\Network Data.IntPrjfolder\CENTRAL 138 kV.ElmNet\Hainamosa.ElmSite\ZHNSAE.ElmSubstat\E16.ElmTerm\Cub_1.StaCubic\ZHNSAE_ZVMELE-L1-7SA6.ElmRelay\Overcurrent.ElmRelay\3I0p.RelToc,1,SANTO DOMINGO,CENTRAL,CENTRAL 138 kV,ZHNSAE,3I0p
3I0p,\VM-PF.IntUser\PDD 31-12-2024.IntPrj\Network Model.IntPrjfolder\Network Data.IntPrjfolder\CENTRAL 138 kV.ElmNet\Hainamosa.ElmSite\ZHNSAE.ElmSubstat\E16.ElmTerm\Cub_1.StaCubic\ZHNSAE_ZVMELE-L1-7SA6.ElmRelay\Earthfault.ElmRelay\3I0p.RelToc,1,SANTO DOMINGO,CENTRAL,CENTRAL 138 kV,ZHNSAE,3I0p
Thermal Overload,\VM-PF.IntUser\PDD 31-12-2024.IntPrj\Network Model.IntPrjfolder\Network Data.IntPrjfolder\CENTRAL 138 kV.ElmNet\Hainamosa.ElmSite\ZHNSAE.ElmSubstat\E16.ElmTerm\Cub_1.StaCubic\ZHNSAE_ZVMELE-L1-7SA6.ElmRelay\Thermal Overload.RelToc,1,SANTO DOMINGO,CENTRAL,CENTRAL 138 kV,ZHNSAE,Thermal Overload
Ip 51,\VM-PF.IntUser\PDD 31-12-2024.IntPrj\Network Model.IntPrjfolder\Network Data.IntPrjfolder\CENTRAL 138 kV.ElmNet\Hainamosa.ElmSite\ZHNSAE.ElmSubstat\E16.ElmTerm\Cub_1.StaCubic\ZHNSAE_ZVMELE-L1-7SJ62.ElmRelay\Ip 51.RelToc,1,SANTO DOMINGO,CENTRAL,CENTRAL 138 kV,ZHNSAE,Ip 51
Iep 51N,\VM-PF.IntUser\PDD 31-12-2024.IntPrj\Network Model.IntPrjfolder\Network Data.IntPrjfolder\CENTRAL 138 kV.ElmNet\Hainamosa.ElmSite\ZHNSAE.ElmSubstat\E16.ElmTerm\Cub_1.StaCubic\ZHNSAE_ZVMELE-L1-7SJ62.ElmRelay\Iep 51N.RelToc,1,SANTO DOMINGO,CENTRAL,CENTRAL 138 kV,ZHNSAE,Iep 51N
Ip 67 TOC,\VM-PF.IntUser\PDD 31-12-2024.IntPrj\Network Model.IntPrjfolder\Network Data.IntPrjfolder\CENTRAL 138 kV.ElmNet\Hainamosa.ElmSite\ZHNSAE.ElmSubstat\E16.ElmTerm\Cub_1.StaCubic\ZHNSAE_ZVMELE-L1-7SJ62.ElmRelay\Ip 67 TOC.RelToc,1,SANTO DOMINGO,CENTRAL,CENTRAL 138 kV,ZHNSAE,Ip 67 TOC
Iep 67N TOC,\VM-PF.IntUser\PDD 31-12-2024.IntPrj\Network Model.IntPrjfolder\Network Data.IntPrjfolder\CENTRAL 138 kV.ElmNet\Hainamosa.ElmSite\ZHNSAE.ElmSubstat\E16.ElmTerm\Cub_1.StaCubic\ZHNSAE_ZVMELE-L1-7SJ62.ElmRelay\Iep 67N TOC.RelToc,1,SANTO DOMINGO,CENTRAL,CENTRAL 138 kV,ZHNSAE,Iep 67N TOC
I2p 46 TOC,\VM-PF.IntUser\PDD 31-12-2024.IntPrj\Network Model.IntPrjfolder\Network Data.IntPrjfolder\CENTRAL 138 kV.ElmNet\Hainamosa.ElmSite\ZHNSAE.ElmSubstat\E16.ElmTerm\Cub_1.StaCubic\ZHNSAE_ZVMELE-L1-7SJ62.ElmRelay\I2p 46 TOC.RelToc,1,SANTO DOMINGO,CENTRAL,CENTRAL 138 kV,ZHNSAE,I2p 46 TOC
Overload 49,\VM-PF.IntUser\PDD 31-12-2024.IntPrj\Network Model.IntPrjfolder\Network Data.IntPrjfolder\CENTRAL 138 kV.ElmNet\Hainamosa.ElmSite\ZHNSAE.ElmSubstat\E16.ElmTerm\Cub_1.StaCubic\ZHNSAE_ZVMELE-L1-7SJ62.ElmRelay\Overload 49.RelToc,1,SANTO DOMINGO,CENTRAL,CENTRAL 138 kV,ZHNSAE,Overload 49
Ip>,\VM-PF.IntUser\PDD 31-12-2024.IntPrj\Network Model.IntPrjfolder\Network Data.IntPrjfolder\CENTRAL 138 kV.ElmNet\Hainamosa.ElmSite\ZHNSAE.ElmSubstat\E15.ElmTerm\Cub_1.StaCubic\ZHNSAE_ZEBRIE-L1-7SA6.ElmRelay\Overcurrent.ElmRelay\Ip>.RelToc,1,SANTO DOMINGO,CENTRAL,CENTRAL 138 kV,ZHNSAE,Ip>
3I0p,\VM-PF.IntUser\PDD 31-12-2024.IntPrj\Network Model.IntPrjfolder\Network Data.IntPrjfolder\CENTRAL 138 kV.ElmNet\Hainamosa.ElmSite\ZHNSAE.ElmSubstat\E15.ElmTerm\Cub_1.StaCubic\ZHNSAE_ZEBRIE-L1-7SA6.ElmRelay\Overcurrent.ElmRelay\3I0p.RelToc,1,SANTO DOMINGO,CENTRAL,CENTRAL 138 kV,ZHNSAE,3I0p
3I0p,\VM-PF.IntUser\PDD 31-12-2024.IntPrj\Network Model.IntPrjfolder\Network Data.IntPrjfolder\CENTRAL 138 kV.ElmNet\Hainamosa.ElmSite\ZHNSAE.ElmSubstat\E15.ElmTerm\Cub_1.StaCubic\ZHNSAE_ZEBRIE-L1-7SA6.ElmRelay\Earthfault.ElmRelay\3I0p.RelToc,1,SANTO DOMINGO,CENTRAL,CENTRAL 138 kV,ZHNSAE,3I0p
Thermal Overload,\VM-PF.IntUser\PDD 31-12-2024.IntPrj\Network Model.IntPrjfolder\Network Data.IntPrjfolder\CENTRAL 138 kV.ElmNet\Hainamosa.ElmSite\ZHNSAE.ElmSubstat\E15.ElmTerm\Cub_1.StaCubic\ZHNSAE_ZEBRIE-L1-7SA6.ElmRelay\Thermal Overload.RelToc,1,SANTO DOMINGO,CENTRAL,CENTRAL 138 kV,ZHNSAE,Thermal Overload
Ip 51,\VM-PF.IntUser\PDD 31-12-2024.IntPrj\Network Model.IntPrjfolder\Network Data.IntPrjfolder\CENTRAL 138 kV.ElmNet\Hainamosa.ElmSite\ZHNSAE.ElmSubstat\E15.ElmTerm\Cub_1.StaCubic\ZHNSAE_ZEBRIE-L1-7SJ62.ElmRelay\Ip 51.RelToc,1,SANTO DOMINGO,CENTRAL,CENTRAL 138 kV,ZHNSAE,Ip 51
Iep 51N,\VM-PF.IntUser\PDD 31-12-2024.IntPrj\Network Model.IntPrjfolder\Network Data.IntPrjfolder\CENTRAL 138 kV.ElmNet\Hainamosa.ElmSite\ZHNSAE.ElmSubstat\E15.ElmTerm\Cub_1.StaCubic\ZHNSAE_ZEBRIE-L1-7SJ62.ElmRelay\Iep 51N.RelToc,1,SANTO DOMINGO,CENTRAL,CENTRAL 138 kV,ZHNSAE,Iep 51N
Ip 67 TOC,\VM-PF.IntUser\PDD 31-12-2024.IntPrj\Network Model.IntPrjfolder\Network Data.IntPrjfolder\CENTRAL 138 kV.ElmNet\Hainamosa.ElmSite\ZHNSAE.ElmSubstat\E15.ElmTerm\Cub_1.StaCubic\ZHNSAE_ZEBRIE-L1-7SJ62.ElmRelay\Ip 67 TOC.RelToc,1,SANTO DOMINGO,CENTRAL,CENTRAL 138 kV,ZHNSAE,Ip 67 TOC
Iep 67N TOC,\VM-PF.IntUser\PDD 31-12-2024.IntPrj\Network Model.IntPrjfolder\Network Data.IntPrjfolder\CENTRAL 138 kV.ElmNet\Hainamosa.ElmSite\ZHNSAE.ElmSubstat\E15.ElmTerm\Cub_1.StaCubic\ZHNSAE_ZEBRIE-L1-7SJ62.ElmRelay\Iep 67N TOC.RelToc,1,SANTO DOMINGO,CENTRAL,CENTRAL 138 kV,ZHNSAE,Iep 67N TOC
I2p 46 TOC,\VM-PF.IntUser\PDD 31-12-2024.IntPrj\Network Model.IntPrjfolder\Network Data.IntPrjfolder\CENTRAL 138 kV.ElmNet\Hainamosa.ElmSite\ZHNSAE.ElmSubstat\E15.ElmTerm\Cub_1.StaCubic\ZHNSAE_ZEBRIE-L1-7SJ62.ElmRelay\I2p 46 TOC.RelToc,1,SANTO DOMINGO,CENTRAL,CENTRAL 138 kV,ZHNSAE,I2p 46 TOC
Overload 49,\VM-PF.IntUser\PDD 31-12-2024.IntPrj\Network Model.IntPrjfolder\Network Data.IntPrjfolder\CENTRAL 138 kV.ElmNet\Hainamosa.ElmSite\ZHNSAE.ElmSubstat\E15.ElmTerm\Cub_1.StaCubic\ZHNSAE_ZEBRIE-L1-7SJ62.ElmRelay\Overload 49.RelToc,1,SANTO DOMINGO,CENTRAL,CENTRAL 138 kV,ZHNSAE,Overload 49
Ip>,\VM-PF.IntUser\PDD 31-12-2024.IntPrj\Network Model.IntPrjfolder\Network Data.IntPrjfolder\CENTRAL 138 kV.ElmNet\Hainamosa.ElmSite\ZHNSAE.ElmSubstat\E17.ElmTerm\Cub_1.StaCubic\ZHNSAE_ZVDU1E-L1-7SA6.ElmRelay\Overcurrent.ElmRelay\Ip>.RelToc,1,SANTO DOMINGO,CENTRAL,CENTRAL 138 kV,ZHNSAE,Ip>
3I0p,\VM-PF.IntUser\PDD 31-12-2024.IntPrj\Network Model.IntPrjfolder\Network Data.IntPrjfolder\CENTRAL 138 kV.ElmNet\Hainamosa.ElmSite\ZHNSAE.ElmSubstat\E17.ElmTerm\Cub_1.StaCubic\ZHNSAE_ZVDU1E-L1-7SA6.ElmRelay\Overcurrent.ElmRelay\3I0p.RelToc,1,SANTO DOMINGO,CENTRAL,CENTRAL 138 kV,ZHNSAE,3I0p
3I0p,\VM-PF.IntUser\PDD 31-12-2024.IntPrj\Network Model.IntPrjfolder\Network Data.IntPrjfolder\CENTRAL 138 kV.ElmNet\Hainamosa.ElmSite\ZHNSAE.ElmSubstat\E17.ElmTerm\Cub_1.StaCubic\ZHNSAE_ZVDU1E-L1-7SA6.ElmRelay\Earthfault.ElmRelay\3I0p.RelToc,1,SANTO DOMINGO,CENTRAL,CENTRAL 138 kV,ZHNSAE,3I0p
Thermal Overload,\VM-PF.IntUser\PDD 31-12-2024.IntPrj\Network Model.IntPrjfolder\Network Data.IntPrjfolder\CENTRAL 138 kV.ElmNet\Hainamosa.ElmSite\ZHNSAE.ElmSubstat\E17.ElmTerm\Cub_1.StaCubic\ZHNSAE_ZVDU1E-L1-7SA6.ElmRelay\Thermal Overload.RelToc,1,SANTO DOMINGO,CENTRAL,CENTRAL 138 kV,ZHNSAE,Thermal Overload
Ip 51,\VM-PF.IntUser\PDD 31-12-2024.IntPrj\Network Model.IntPrjfolder\Network Data.IntPrjfolder\CENTRAL 138 kV.ElmNet\Hainamosa.ElmSite\ZHNSAE.ElmSubstat\E17.ElmTerm\Cub_1.StaCubic\ZHNSAE_ZVDU1E-L1-7SJ62.ElmRelay\Ip 51.RelToc,1,SANTO DOMINGO,CENTRAL,CENTRAL 138 kV,ZHNSAE,Ip 51
Iep 51N,\VM-PF.IntUser\PDD 31-12-2024.IntPrj\Network Model.IntPrjfolder\Network Data.IntPrjfolder\CENTRAL 138 kV.ElmNet\Hainamosa.ElmSite\ZHNSAE.ElmSubstat\E17.ElmTerm\Cub_1.StaCubic\ZHNSAE_ZVDU1E-L1-7SJ62.ElmRelay\Iep 51N.RelToc,1,SANTO DOMINGO,CENTRAL,CENTRAL 138 kV,ZHNSAE,Iep 51N
Ip 67 TOC,\VM-PF.IntUser\PDD 31-12-2024.IntPrj\Network Model.IntPrjfolder\Network Data.IntPrjfolder\CENTRAL 138 kV.ElmNet\Hainamosa.ElmSite\ZHNSAE.ElmSubstat\E17.ElmTerm\Cub_1.StaCubic\ZHNSAE_ZVDU1E-L1-7SJ62.ElmRelay\Ip 67 TOC.RelToc,1,SANTO DOMINGO,CENTRAL,CENTRAL 138 kV,ZHNSAE,Ip 67 TOC
Iep 67N TOC,\VM-PF.IntUser\PDD 31-12-2024.IntPrj\Network Model.IntPrjfolder\Network Data.IntPrjfolder\CENTRAL 138 kV.ElmNet\Hainamosa.ElmSite\ZHNSAE.ElmSubstat\E17.ElmTerm\Cub_1.StaCubic\ZHNSAE_ZVDU1E-L1-7SJ62.ElmRelay\Iep 67N TOC.RelToc,1,SANTO DOMINGO,CENTRAL,CENTRAL 138 kV,ZHNSAE,Iep 67N TOC
I2p 46 TOC,\VM-PF.IntUser\PDD 31-12-2024.IntPrj\Network Model.IntPrjfolder\Network Data.IntPrjfolder\CENTRAL 138 kV.ElmNet\Hainamosa.ElmSite\ZHNSAE.ElmSubstat\E17.ElmTerm\Cub_1.StaCubic\ZHNSAE_ZVDU1E-L1-7SJ62.ElmRelay\I2p 46 TOC.RelToc,1,SANTO DOMINGO,CENTRAL,CENTRAL 138 kV,ZHNSAE,I2p 46 TOC
Overload 49,\VM-PF.IntUser\PDD 31-12-2024.IntPrj\Network Model.IntPrjfolder\Network Data.IntPrjfolder\CENTRAL 138 kV.ElmNet\Hainamosa.ElmSite\ZHNSAE.ElmSubstat\E17.ElmTerm\Cub_1.StaCubic\ZHNSAE_ZVDU1E-L1-7SJ62.ElmRelay\Overload 49.RelToc,1,SANTO DOMINGO,CENTRAL,CENTRAL 138 kV,ZHNSAE,Overload 49
Ip,\VM-PF.IntUser\PDD 31-12-2024.IntPrj\Network Model.IntPrjfolder\Network Data.IntPrjfolder\CENTRAL 138 kV.ElmNet\Hainamosa.ElmSite\ZHNSAE.ElmSubstat\E5.ElmTerm\Cub_1.StaCubic\ZHNSAE_ZBCHIE-L1-7SD52.ElmRelay\Distance/Overcurrent/Voltage.ElmRelay\Ip.RelToc,1,SANTO DOMINGO,CENTRAL,CENTRAL 138 kV,ZHNSAE,Ip
Thr. Overload,\VM-PF.IntUser\PDD 31-12-2024.IntPrj\Network Model.IntPrjfolder\Network Data.IntPrjfolder\CENTRAL 138 kV.ElmNet\Hainamosa.ElmSite\ZHNSAE.ElmSubstat\E5.ElmTerm\Cub_1.StaCubic\ZHNSAE_ZBCHIE-L1-7SD52.ElmRelay\Distance/Overcurrent/Voltage.ElmRelay\Thr. Overload.RelToc,1,SANTO DOMINGO,CENTRAL,CENTRAL 138 kV,ZHNSAE,Thr. Overload
I0p,\VM-PF.IntUser\PDD 31-12-2024.IntPrj\Network Model.IntPrjfolder\Network Data.IntPrjfolder\CENTRAL 138 kV.ElmNet\Hainamosa.ElmSite\ZHNSAE.ElmSubstat\E5.ElmTerm\Cub_1.StaCubic\ZHNSAE_ZBCHIE-L1-7SD52.ElmRelay\Distance/Overcurrent/Voltage.ElmRelay\I0p.RelToc,1,SANTO DOMINGO,CENTRAL,CENTRAL 138 kV,ZHNSAE,I0p
Ip 51,\VM-PF.IntUser\PDD 31-12-2024.IntPrj\Network Model.IntPrjfolder\Network Data.IntPrjfolder\CENTRAL 138 kV.ElmNet\Hainamosa.ElmSite\ZHNSAE.ElmSubstat\E5.ElmTerm\Cub_1.StaCubic\ZHNSAE_ZBCHIE-L1-7SJ62.ElmRelay\Ip 51.RelToc,1,SANTO DOMINGO,CENTRAL,CENTRAL 138 kV,ZHNSAE,Ip 51
Iep 51N,\VM-PF.IntUser\PDD 31-12-2024.IntPrj\Network Model.IntPrjfolder\Network Data.IntPrjfolder\CENTRAL 138 kV.ElmNet\Hainamosa.ElmSite\ZHNSAE.ElmSubstat\E5.ElmTerm\Cub_1.StaCubic\ZHNSAE_ZBCHIE-L1-7SJ62.ElmRelay\Iep 51N.RelToc,1,SANTO DOMINGO,CENTRAL,CENTRAL 138 kV,ZHNSAE,Iep 51N
Ip 67 TOC,\VM-PF.IntUser\PDD 31-12-2024.IntPrj\Network Model.IntPrjfolder\Network Data.IntPrjfolder\CENTRAL 138 kV.ElmNet\Hainamosa.ElmSite\ZHNSAE.ElmSubstat\E5.ElmTerm\Cub_1.StaCubic\ZHNSAE_ZBCHIE-L1-7SJ62.ElmRelay\Ip 67 TOC.RelToc,1,SANTO DOMINGO,CENTRAL,CENTRAL 138 kV,ZHNSAE,Ip 67 TOC
Iep 67N TOC,\VM-PF.IntUser\PDD 31-12-2024.IntPrj\Network Model.IntPrjfolder\Network Data.IntPrjfolder\CENTRAL 138 kV.ElmNet\Hainamosa.ElmSite\ZHNSAE.ElmSubstat\E5.ElmTerm\Cub_1.StaCubic\ZHNSAE_ZBCHIE-L1-7SJ62.ElmRelay\Iep 67N TOC.RelToc,1,SANTO DOMINGO,CENTRAL,CENTRAL 138 kV,ZHNSAE,Iep 67N TOC
I2p 46 TOC,\VM-PF.IntUser\PDD 31-12-2024.IntPrj\Network Model.IntPrjfolder\Network Data.IntPrjfolder\CENTRAL 138 kV.ElmNet\Hainamosa.ElmSite\ZHNSAE.ElmSubstat\E5.ElmTerm\Cub_1.StaCubic\ZHNSAE_ZBCHIE-L1-7SJ62.ElmRelay\I2p 46 TOC.RelToc,1,SANTO DOMINGO,CENTRAL,CENTRAL 138 kV,ZHNSAE,I2p 46 TOC
Overload 49,\VM-PF.IntUser\PDD 31-12-2024.IntPrj\Network Model.IntPrjfolder\Network Data.IntPrjfolder\CENTRAL 138 kV.ElmNet\Hainamosa.ElmSite\ZHNSAE.ElmSubstat\E5.ElmTerm\Cub_1.StaCubic\ZHNSAE_ZBCHIE-L1-7SJ62.ElmRelay\Overload 49.RelToc,1,SANTO DOMINGO,CENTRAL,CENTRAL 138 kV,ZHNSAE,Overload 49
Ip>,\VM-PF.IntUser\PDD 31-12-2024.IntPrj\Network Model.IntPrjfolder\Network Data.IntPrjfolder\CENTRAL 138 kV.ElmNet\Hainamosa.ElmSite\ZHNSAE.ElmSubstat\E4.ElmTerm\Cub_1.StaCubic\ZHNSAE_ZJDOLE-L1-7SA6.ElmRelay\Overcurrent.ElmRelay\Ip>.RelToc,1,SANTO DOMINGO,CENTRAL,CENTRAL 138 kV,ZHNSAE,Ip>
3I0p,\VM-PF.IntUser\PDD 31-12-2024.IntPrj\Network Model.IntPrjfolder\Network Data.IntPrjfolder\CENTRAL 138 kV.ElmNet\Hainamosa.ElmSite\ZHNSAE.ElmSubstat\E4.ElmTerm\Cub_1.StaCubic\ZHNSAE_ZJDOLE-L1-7SA6.ElmRelay\Overcurrent.ElmRelay\3I0p.RelToc,1,SANTO DOMINGO,CENTRAL,CENTRAL 138 kV,ZHNSAE,3I0p
3I0p,\VM-PF.IntUser\PDD 31-12-2024.IntPrj\Network Model.IntPrjfolder\Network Data.IntPrjfolder\CENTRAL 138 kV.ElmNet\Hainamosa.ElmSite\ZHNSAE.ElmSubstat\E4.ElmTerm\Cub_1.StaCubic\ZHNSAE_ZJDOLE-L1-7SA6.ElmRelay\Earthfault.ElmRelay\3I0p.RelToc,1,SANTO DOMINGO,CENTRAL,CENTRAL 138 kV,ZHNSAE,3I0p
Thermal Overload,\VM-PF.IntUser\PDD 31-12-2024.IntPrj\Network Model.IntPrjfolder\Network Data.IntPrjfolder\CENTRAL 138 kV.ElmNet\Hainamosa.ElmSite\ZHNSAE.ElmSubstat\E4.ElmTerm\Cub_1.StaCubic\ZHNSAE_ZJDOLE-L1-7SA6.ElmRelay\Thermal Overload.RelToc,1,SANTO DOMINGO,CENTRAL,CENTRAL 138 kV,ZHNSAE,Thermal Overload
Ip 51,\VM-PF.IntUser\PDD 31-12-2024.IntPrj\Network Model.IntPrjfolder\Network Data.IntPrjfolder\CENTRAL 138 kV.ElmNet\Hainamosa.ElmSite\ZHNSAE.ElmSubstat\E4.ElmTerm\Cub_1.StaCubic\ZHNSAE_ZJDOLE-L1-7SJ62.ElmRelay\Ip 51.RelToc,1,SANTO DOMINGO,CENTRAL,CENTRAL 138 kV,ZHNSAE,Ip 51
Iep 51N,\VM-PF.IntUser\PDD 31-12-2024.IntPrj\Network Model.IntPrjfolder\Network Data.IntPrjfolder\CENTRAL 138 kV.ElmNet\Hainamosa.ElmSite\ZHNSAE.ElmSubstat\E4.ElmTerm\Cub_1.StaCubic\ZHNSAE_ZJDOLE-L1-7SJ62.ElmRelay\Iep 51N.RelToc,1,SANTO DOMINGO,CENTRAL,CENTRAL 138 kV,ZHNSAE,Iep 51N
Ip 67 TOC,\VM-PF.IntUser\PDD 31-12-2024.IntPrj\Network Model.IntPrjfolder\Network Data.IntPrjfolder\CENTRAL 138 kV.ElmNet\Hainamosa.ElmSite\ZHNSAE.ElmSubstat\E4.ElmTerm\Cub_1.StaCubic\ZHNSAE_ZJDOLE-L1-7SJ62.ElmRelay\Ip 67 TOC.RelToc,1,SANTO DOMINGO,CENTRAL,CENTRAL 138 kV,ZHNSAE,Ip 67 TOC
Iep 67N TOC,\VM-PF.IntUser\PDD 31-12-2024.IntPrj\Network Model.IntPrjfolder\Network Data.IntPrjfolder\CENTRAL 138 kV.ElmNet\Hainamosa.ElmSite\ZHNSAE.ElmSubstat\E4.ElmTerm\Cub_1.StaCubic\ZHNSAE_ZJDOLE-L1-7SJ62.ElmRelay\Iep 67N TOC.RelToc,1,SANTO DOMINGO,CENTRAL,CENTRAL 138 kV,ZHNSAE,Iep 67N TOC
I2p 46 TOC,\VM-PF.IntUser\PDD 31-12-2024.IntPrj\Network Model.IntPrjfolder\Network Data.IntPrjfolder\CENTRAL 138 kV.ElmNet\Hainamosa.ElmSite\ZHNSAE.ElmSubstat\E4.ElmTerm\Cub_1.StaCubic\ZHNSAE_ZJDOLE-L1-7SJ62.ElmRelay\I2p 46 TOC.RelToc,1,SANTO DOMINGO,CENTRAL,CENTRAL 138 kV,ZHNSAE,I2p 46 TOC
Overload 49,\VM-PF.IntUser\PDD 31-12-2024.IntPrj\Network Model.IntPrjfolder\Network Data.IntPrjfolder\CENTRAL 138 kV.ElmNet\Hainamosa.ElmSite\ZHNSAE.ElmSubstat\E4.ElmTerm\Cub_1.StaCubic\ZHNSAE_ZJDOLE-L1-7SJ62.ElmRelay\Overload 49.RelToc,1,SANTO DOMINGO,CENTRAL,CENTRAL 138 kV,ZHNSAE,Overload 49
Ip>,\VM-PF.IntUser\PDD 31-12-2024.IntPrj\Network Model.IntPrjfolder\Network Data.IntPrjfolder\CENTRAL 138 kV.ElmNet\Hainamosa.ElmSite\ZHNSAE.ElmSubstat\E14.ElmTerm\Cub_1.StaCubic\ZHNSAE_ZPAL2E-L1-7SA6.ElmRelay\Overcurrent.ElmRelay\Ip>.RelToc,1,SANTO DOMINGO,CENTRAL,CENTRAL 138 kV,ZHNSAE,Ip>
3I0p,\VM-PF.IntUser\PDD 31-12-2024.IntPrj\Network Model.IntPrjfolder\Network Data.IntPrjfolder\CENTRAL 138 kV.ElmNet\Hainamosa.ElmSite\ZHNSAE.ElmSubstat\E14.ElmTerm\Cub_1.StaCubic\ZHNSAE_ZPAL2E-L1-7SA6.ElmRelay\Overcurrent.ElmRelay\3I0p.RelToc,1,SANTO DOMINGO,CENTRAL,CENTRAL 138 kV,ZHNSAE,3I0p
3I0p,\VM-PF.IntUser\PDD 31-12-2024.IntPrj\Network Model.IntPrjfolder\Network Data.IntPrjfolder\CENTRAL 138 kV.ElmNet\Hainamosa.ElmSite\ZHNSAE.ElmSubstat\E14.ElmTerm\Cub_1.StaCubic\ZHNSAE_ZPAL2E-L1-7SA6.ElmRelay\Earthfault.ElmRelay\3I0p.RelToc,1,SANTO DOMINGO,CENTRAL,CENTRAL 138 kV,ZHNSAE,3I0p
Thermal Overload,\VM-PF.IntUser\PDD 31-12-2024.IntPrj\Network Model.IntPrjfolder\Network Data.IntPrjfolder\CENTRAL 138 kV.ElmNet\Hainamosa.ElmSite\ZHNSAE.ElmSubstat\E14.ElmTerm\Cub_1.StaCubic\ZHNSAE_ZPAL2E-L1-7SA6.ElmRelay\Thermal Overload.RelToc,1,SANTO DOMINGO,CENTRAL,CENTRAL 138 kV,ZHNSAE,Thermal Overload
Ip 51,\VM-PF.IntUser\PDD 31-12-2024.IntPrj\Network Model.IntPrjfolder\Network Data.IntPrjfolder\CENTRAL 138 kV.ElmNet\Hainamosa.ElmSite\ZHNSAE.ElmSubstat\E14.ElmTerm\Cub_1.StaCubic\ZHNSAE_ZPAL2E-L1-7SJ62.ElmRelay\Ip 51.RelToc,1,SANTO DOMINGO,CENTRAL,CENTRAL 138 kV,ZHNSAE,Ip 51
Iep 51N,\VM-PF.IntUser\PDD 31-12-2024.IntPrj\Network Model.IntPrjfolder\Network Data.IntPrjfolder\CENTRAL 138 kV.ElmNet\Hainamosa.ElmSite\ZHNSAE.ElmSubstat\E14.ElmTerm\Cub_1.StaCubic\ZHNSAE_ZPAL2E-L1-7SJ62.ElmRelay\Iep 51N.RelToc,1,SANTO DOMINGO,CENTRAL,CENTRAL 138 kV,ZHNSAE,Iep 51N
Ip 67 TOC,\VM-PF.IntUser\PDD 31-12-2024.IntPrj\Network Model.IntPrjfolder\Network Data.IntPrjfolder\CENTRAL 138 kV.ElmNet\Hainamosa.ElmSite\ZHNSAE.ElmSubstat\E14.ElmTerm\Cub_1.StaCubic\ZHNSAE_ZPAL2E-L1-7SJ62.ElmRelay\Ip 67 TOC.RelToc,1,SANTO DOMINGO,CENTRAL,CENTRAL 138 kV,ZHNSAE,Ip 67 TOC
Iep 67N TOC,\VM-PF.IntUser\PDD 31-12-2024.IntPrj\Network Model.IntPrjfolder\Network Data.IntPrjfolder\CENTRAL 138 kV.ElmNet\Hainamosa.ElmSite\ZHNSAE.ElmSubstat\E14.ElmTerm\Cub_1.StaCubic\ZHNSAE_ZPAL2E-L1-7SJ62.ElmRelay\Iep 67N TOC.RelToc,1,SANTO DOMINGO,CENTRAL,CENTRAL 138 kV,ZHNSAE,Iep 67N TOC
I2p 46 TOC,\VM-PF.IntUser\PDD 31-12-2024.IntPrj\Network Model.IntPrjfolder\Network Data.IntPrjfolder\CENTRAL 138 kV.ElmNet\Hainamosa.ElmSite\ZHNSAE.ElmSubstat\E14.ElmTerm\Cub_1.StaCubic\ZHNSAE_ZPAL2E-L1-7SJ62.ElmRelay\I2p 46 TOC.RelToc,1,SANTO DOMINGO,CENTRAL,CENTRAL 138 kV,ZHNSAE,I2p 46 TOC
Overload 49,\VM-PF.IntUser\PDD 31-12-2024.IntPrj\Network Model.IntPrjfolder\Network Data.IntPrjfolder\CENTRAL 138 kV.ElmNet\Hainamosa.ElmSite\ZHNSAE.ElmSubstat\E14.ElmTerm\Cub_1.StaCubic\ZHNSAE_ZPAL2E-L1-7SJ62.ElmRelay\Overload 49.RelToc,1,SANTO DOMINGO,CENTRAL,CENTRAL 138 kV,ZHNSAE,Overload 49
Ip>,\VM-PF.IntUser\PDD 31-12-2024.IntPrj\Network Model.IntPrjfolder\Network Data.IntPrjfolder\CENTRAL 138 kV.ElmNet\Hainamosa.ElmSite\ZHNSAE.ElmSubstat\E1.ElmTerm\Cub_1.StaCubic\ZHNSAE_ZAAINE-L1-7SA6.ElmRelay\Overcurrent.ElmRelay\Ip>.RelToc,1,SANTO DOMINGO,CENTRAL,CENTRAL 138 kV,ZHNSAE,Ip>
3I0p,\VM-PF.IntUser\PDD 31-12-2024.IntPrj\Network Model.IntPrjfolder\Network Data.IntPrjfolder\CENTRAL 138 kV.ElmNet\Hainamosa.ElmSite\ZHNSAE.ElmSubstat\E1.ElmTerm\Cub_1.StaCubic\ZHNSAE_ZAAINE-L1-7SA6.ElmRelay\Overcurrent.ElmRelay\3I0p.RelToc,1,SANTO DOMINGO,CENTRAL,CENTRAL 138 kV,ZHNSAE,3I0p
3I0p,\VM-PF.IntUser\PDD 31-12-2024.IntPrj\Network Model.IntPrjfolder\Network Data.IntPrjfolder\CENTRAL 138 kV.ElmNet\Hainamosa.ElmSite\ZHNSAE.ElmSubstat\E1.ElmTerm\Cub_1.StaCubic\ZHNSAE_ZAAINE-L1-7SA6.ElmRelay\Earthfault.ElmRelay\3I0p.RelToc,1,SANTO DOMINGO,CENTRAL,CENTRAL 138 kV,ZHNSAE,3I0p
Thermal Overload,\VM-PF.IntUser\PDD 31-12-2024.IntPrj\Network Model.IntPrjfolder\Network Data.IntPrjfolder\CENTRAL 138 kV.ElmNet\Hainamosa.ElmSite\ZHNSAE.ElmSubstat\E1.ElmTerm\Cub_1.StaCubic\ZHNSAE_ZAAINE-L1-7SA6.ElmRelay\Thermal Overload.RelToc,1,SANTO DOMINGO,CENTRAL,CENTRAL 138 kV,ZHNSAE,Thermal Overload
Ip 51,\VM-PF.IntUser\PDD 31-12-2024.IntPrj\Network Model.IntPrjfolder\Network Data.IntPrjfolder\CENTRAL 138 kV.ElmNet\Hainamosa.ElmSite\ZHNSAE.ElmSubstat\E1.ElmTerm\Cub_1.StaCubic\ZHNSAE_ZAAINE-L1-7SJ62.ElmRelay\Ip 51.RelToc,1,SANTO DOMINGO,CENTRAL,CENTRAL 138 kV,ZHNSAE,Ip 51
Iep 51N,\VM-PF.IntUser\PDD 31-12-2024.IntPrj\Network Model.IntPrjfolder\Network Data.IntPrjfolder\CENTRAL 138 kV.ElmNet\Hainamosa.ElmSite\ZHNSAE.ElmSubstat\E1.ElmTerm\Cub_1.StaCubic\ZHNSAE_ZAAINE-L1-7SJ62.ElmRelay\Iep 51N.RelToc,1,SANTO DOMINGO,CENTRAL,CENTRAL 138 kV,ZHNSAE,Iep 51N
Ip 67 TOC,\VM-PF.IntUser\PDD 31-12-2024.IntPrj\Network Model.IntPrjfolder\Network Data.IntPrjfolder\CENTRAL 138 kV.ElmNet\Hainamosa.ElmSite\ZHNSAE.ElmSubstat\E1.ElmTerm\Cub_1.StaCubic\ZHNSAE_ZAAINE-L1-7SJ62.ElmRelay\Ip 67 TOC.RelToc,1,SANTO DOMINGO,CENTRAL,CENTRAL 138 kV,ZHNSAE,Ip 67 TOC
Iep 67N TOC,\VM-PF.IntUser\PDD 31-12-2024.IntPrj\Network Model.IntPrjfolder\Network Data.IntPrjfolder\CENTRAL 138 kV.ElmNet\Hainamosa.ElmSite\ZHNSAE.ElmSubstat\E1.ElmTerm\Cub_1.StaCubic\ZHNSAE_ZAAINE-L1-7SJ62.ElmRelay\Iep 67N TOC.RelToc,1,SANTO DOMINGO,CENTRAL,CENTRAL 138 kV,ZHNSAE,Iep 67N TOC
I2p 46 TOC,\VM-PF.IntUser\PDD 31-12-2024.IntPrj\Network Model.IntPrjfolder\Network Data.IntPrjfolder\CENTRAL 138 kV.ElmNet\Hainamosa.ElmSite\ZHNSAE.ElmSubstat\E1.ElmTerm\Cub_1.StaCubic\ZHNSAE_ZAAINE-L1-7SJ62.ElmRelay\I2p 46 TOC.RelToc,1,SANTO DOMINGO,CENTRAL,CENTRAL 138 kV,ZHNSAE,I2p 46 TOC
Overload 49,\VM-PF.IntUser\PDD 31-12-2024.IntPrj\Network Model.IntPrjfolder\Network Data.IntPrjfolder\CENTRAL 138 kV.ElmNet\Hainamosa.ElmSite\ZHNSAE.ElmSubstat\E1.ElmTerm\Cub_1.StaCubic\ZHNSAE_ZAAINE-L1-7SJ62.ElmRelay\Overload 49.RelToc,1,SANTO DOMINGO,CENTRAL,CENTRAL 138 kV,ZHNSAE,Overload 49
Ip>,\VM-PF.IntUser\PDD 31-12-2024.IntPrj\Network Model.IntPrjfolder\Network Data.IntPrjfolder\CENTRAL 138 kV.ElmNet\Hainamosa.ElmSite\ZHNSAE.ElmSubstat\E2.ElmTerm\Cub_1.StaCubic\ZHNSAE_ZAAINE-L2-7SA6.ElmRelay\Overcurrent.ElmRelay\Ip>.RelToc,1,SANTO DOMINGO,CENTRAL,CENTRAL 138 kV,ZHNSAE,Ip>
3I0p,\VM-PF.IntUser\PDD 31-12-2024.IntPrj\Network Model.IntPrjfolder\Network Data.IntPrjfolder\CENTRAL 138 kV.ElmNet\Hainamosa.ElmSite\ZHNSAE.ElmSubstat\E2.ElmTerm\Cub_1.StaCubic\ZHNSAE_ZAAINE-L2-7SA6.ElmRelay\Overcurrent.ElmRelay\3I0p.RelToc,1,SANTO DOMINGO,CENTRAL,CENTRAL 138 kV,ZHNSAE,3I0p
3I0p,\VM-PF.IntUser\PDD 31-12-2024.IntPrj\Network Model.IntPrjfolder\Network Data.IntPrjfolder\CENTRAL 138 kV.ElmNet\Hainamosa.ElmSite\ZHNSAE.ElmSubstat\E2.ElmTerm\Cub_1.StaCubic\ZHNSAE_ZAAINE-L2-7SA6.ElmRelay\Earthfault.ElmRelay\3I0p.RelToc,1,SANTO DOMINGO,CENTRAL,CENTRAL 138 kV,ZHNSAE,3I0p
Thermal Overload,\VM-PF.IntUser\PDD 31-12-2024.IntPrj\Network Model.IntPrjfolder\Network Data.IntPrjfolder\CENTRAL 138 kV.ElmNet\Hainamosa.ElmSite\ZHNSAE.ElmSubstat\E2.ElmTerm\Cub_1.StaCubic\ZHNSAE_ZAAINE-L2-7SA6.ElmRelay\Thermal Overload.RelToc,1,SANTO DOMINGO,CENTRAL,CENTRAL 138 kV,ZHNSAE,Thermal Overload
Ip 51,\VM-PF.IntUser\PDD 31-12-2024.IntPrj\Network Model.IntPrjfolder\Network Data.IntPrjfolder\CENTRAL 138 kV.ElmNet\Hainamosa.ElmSite\ZHNSAE.ElmSubstat\E2.ElmTerm\Cub_1.StaCubic\ZHNSAE_ZAAINE-L2-7SJ62.ElmRelay\Ip 51.RelToc,1,SANTO DOMINGO,CENTRAL,CENTRAL 138 kV,ZHNSAE,Ip 51
Iep 51N,\VM-PF.IntUser\PDD 31-12-2024.IntPrj\Network Model.IntPrjfolder\Network Data.IntPrjfolder\CENTRAL 138 kV.ElmNet\Hainamosa.ElmSite\ZHNSAE.ElmSubstat\E2.ElmTerm\Cub_1.StaCubic\ZHNSAE_ZAAINE-L2-7SJ62.ElmRelay\Iep 51N.RelToc,1,SANTO DOMINGO,CENTRAL,CENTRAL 138 kV,ZHNSAE,Iep 51N
Ip 67 TOC,\VM-PF.IntUser\PDD 31-12-2024.IntPrj\Network Model.IntPrjfolder\Network Data.IntPrjfolder\CENTRAL 138 kV.ElmNet\Hainamosa.ElmSite\ZHNSAE.ElmSubstat\E2.ElmTerm\Cub_1.StaCubic\ZHNSAE_ZAAINE-L2-7SJ62.ElmRelay\Ip 67 TOC.RelToc,1,SANTO DOMINGO,CENTRAL,CENTRAL 138 kV,ZHNSAE,Ip 67 TOC
Iep 67N TOC,\VM-PF.IntUser\PDD 31-12-2024.IntPrj\Network Model.IntPrjfolder\Network Data.IntPrjfolder\CENTRAL 138 kV.ElmNet\Hainamosa.ElmSite\ZHNSAE.ElmSubstat\E2.ElmTerm\Cub_1.StaCubic\ZHNSAE_ZAAINE-L2-7SJ62.ElmRelay\Iep 67N TOC.RelToc,1,SANTO DOMINGO,CENTRAL,CENTRAL 138 kV,ZHNSAE,Iep 67N TOC
I2p 46 TOC,\VM-PF.IntUser\PDD 31-12-2024.IntPrj\Network Model.IntPrjfolder\Network Data.IntPrjfolder\CENTRAL 138 kV.ElmNet\Hainamosa.ElmSite\ZHNSAE.ElmSubstat\E2.ElmTerm\Cub_1.StaCubic\ZHNSAE_ZAAINE-L2-7SJ62.ElmRelay\I2p 46 TOC.RelToc,1,SANTO DOMINGO,CENTRAL,CENTRAL 138 kV,ZHNSAE,I2p 46 TOC
Overload 49,\VM-PF.IntUser\PDD 31-12-2024.IntPrj\Network Model.IntPrjfolder\Network Data.IntPrjfolder\CENTRAL 138 kV.ElmNet\Hainamosa.ElmSite\ZHNSAE.ElmSubstat\E2.ElmTerm\Cub_1.StaCubic\ZHNSAE_ZAAINE-L2-7SJ62.ElmRelay\Overload 49.RelToc,1,SANTO DOMINGO,CENTRAL,CENTRAL 138 kV,ZHNSAE,Overload 49
Ip,\VM-PF.IntUser\PDD 31-12-2024.IntPrj\Network Model.IntPrjfolder\Network Data.IntPrjfolder\CENTRAL 138 kV.ElmNet\Hainamosa.ElmSite\ZHNSAE.ElmSubstat\E7.ElmTerm\Cub_1.StaCubic\ZHNSAE_ZLMINE-L3-7SD52.ElmRelay\Distance/Overcurrent/Voltage.ElmRelay\Ip.RelToc,1,SANTO DOMINGO,CENTRAL,CENTRAL 138 kV,ZHNSAE,Ip
Thr. Overload,\VM-PF.IntUser\PDD 31-12-2024.IntPrj\Network Model.IntPrjfolder\Network Data.IntPrjfolder\CENTRAL 138 kV.ElmNet\Hainamosa.ElmSite\ZHNSAE.ElmSubstat\E7.ElmTerm\Cub_1.StaCubic\ZHNSAE_ZLMINE-L3-7SD52.ElmRelay\Distance/Overcurrent/Voltage.ElmRelay\Thr. Overload.RelToc,1,SANTO DOMINGO,CENTRAL,CENTRAL 138 kV,ZHNSAE,Thr. Overload
I0p,\VM-PF.IntUser\PDD 31-12-2024.IntPrj\Network Model.IntPrjfolder\Network Data.IntPrjfolder\CENTRAL 138 kV.ElmNet\Hainamosa.ElmSite\ZHNSAE.ElmSubstat\E7.ElmTerm\Cub_1.StaCubic\ZHNSAE_ZLMINE-L3-7SD52.ElmRelay\Distance/Overcurrent/Voltage.ElmRelay\I0p.RelToc,1,SANTO DOMINGO,CENTRAL,CENTRAL 138 kV,ZHNSAE,I0p
I>,\VM-PF.IntUser\PDD 31-12-2024.IntPrj\Network Model.IntPrjfolder\Network Data.IntPrjfolder\CENTRAL 138 kV.ElmNet\Hainamosa.ElmSite\ZHNSAE.ElmSubstat\E7.ElmTerm\Cub_1.StaCubic\ZHNSAE_ZLMINE-L3-7SA522.ElmRelay\I>.RelToc,1,SANTO DOMINGO,CENTRAL,CENTRAL 138 kV,ZHNSAE,I>
H-Resist-IE>,\VM-PF.IntUser\PDD 31-12-2024.IntPrj\Network Model.IntPrjfolder\Network Data.IntPrjfolder\CENTRAL 138 kV.ElmNet\Hainamosa.ElmSite\ZHNSAE.ElmSubstat\E7.ElmTerm\Cub_1.StaCubic\ZHNSAE_ZLMINE-L3-7SA522.ElmRelay\H-Resist-IE>.RelToc,1,SANTO DOMINGO,CENTRAL,CENTRAL 138 kV,ZHNSAE,H-Resist-IE>
I>,\VM-PF.IntUser\PDD 31-12-2024.IntPrj\Network Model.IntPrjfolder\Network Data.IntPrjfolder\CENTRAL 138 kV.ElmNet\Hainamosa.ElmSite\ZHNSAE.ElmSubstat\E9.ElmTerm\Cub_1.StaCubic\ZHNSAE_ZLMINE-L3-7SA522.ElmRelay\I>.RelToc,1,SANTO DOMINGO,CENTRAL,CENTRAL 138 kV,ZHNSAE,I>
H-Resist-IE>,\VM-PF.IntUser\PDD 31-12-2024.IntPrj\Network Model.IntPrjfolder\Network Data.IntPrjfolder\CENTRAL 138 kV.ElmNet\Hainamosa.ElmSite\ZHNSAE.ElmSubstat\E9.ElmTerm\Cub_1.StaCubic\ZHNSAE_ZLMINE-L3-7SA522.ElmRelay\H-Resist-IE>.RelToc,1,SANTO DOMINGO,CENTRAL,CENTRAL 138 kV,ZHNSAE,H-Resist-IE>
Ip,\VM-PF.IntUser\PDD 31-12-2024.IntPrj\Network Model.IntPrjfolder\Network Data.IntPrjfolder\CENTRAL 138 kV.ElmNet\Hainamosa.ElmSite\ZHNSAE.ElmSubstat\E9.ElmTerm\Cub_1.StaCubic\ZHNSAE_ZLMINE-L3-7SD52.ElmRelay\Distance/Overcurrent/Voltage.ElmRelay\Ip.RelToc,1,SANTO DOMINGO,CENTRAL,CENTRAL 138 kV,ZHNSAE,Ip
I0p,\VM-PF.IntUser\PDD 31-12-2024.IntPrj\Network Model.IntPrjfolder\Network Data.IntPrjfolder\CENTRAL 138 kV.ElmNet\Hainamosa.ElmSite\ZHNSAE.ElmSubstat\E9.ElmTerm\Cub_1.StaCubic\ZHNSAE_ZLMINE-L3-7SD52.ElmRelay\Distance/Overcurrent/Voltage.ElmRelay\I0p.RelToc,1,SANTO DOMINGO,CENTRAL,CENTRAL 138 kV,ZHNSAE,I0p
Thr. Overload,\VM-PF.IntUser\PDD 31-12-2024.IntPrj\Network Model.IntPrjfolder\Network Data.IntPrjfolder\CENTRAL 138 kV.ElmNet\Hainamosa.ElmSite\ZHNSAE.ElmSubstat\E9.ElmTerm\Cub_1.StaCubic\ZHNSAE_ZLMINE-L3-7SD52.ElmRelay\Distance/Overcurrent/Voltage.ElmRelay\Thr. Overload.RelToc,1,SANTO DOMINGO,CENTRAL,CENTRAL 138 kV,ZHNSAE,Thr. Overload
Ip>,\VM-PF.IntUser\PDD 31-12-2024.IntPrj\Network Model.IntPrjfolder\Network Data.IntPrjfolder\CENTRAL 138 kV.ElmNet\Villa Duarte.ElmSite\ZVDUAE.ElmSubstat\E4.ElmTerm\Cub_1.StaCubic\ZVDUAE_ZTIM2E-L1-7SA6.ElmRelay\Overcurrent.ElmRelay\Ip>.RelToc,1,SANTO DOMINGO,CENTRAL,CENTRAL 138 kV,ZVDUAE,Ip>
3I0p,\VM-PF.IntUser\PDD 31-12-2024.IntPrj\Network Model.IntPrjfolder\Network Data.IntPrjfolder\CENTRAL 138 kV.ElmNet\Villa Duarte.ElmSite\ZVDUAE.ElmSubstat\E4.ElmTerm\Cub_1.StaCubic\ZVDUAE_ZTIM2E-L1-7SA6.ElmRelay\Overcurrent.ElmRelay\3I0p.RelToc,1,SANTO DOMINGO,CENTRAL,CENTRAL 138 kV,ZVDUAE,3I0p
3I0p,\VM-PF.IntUser\PDD 31-12-2024.IntPrj\Network Model.IntPrjfolder\Network Data.IntPrjfolder\CENTRAL 138 kV.ElmNet\Villa Duarte.ElmSite\ZVDUAE.ElmSubstat\E4.ElmTerm\Cub_1.StaCubic\ZVDUAE_ZTIM2E-L1-7SA6.ElmRelay\Earthfault.ElmRelay\3I0p.RelToc,1,SANTO DOMINGO,CENTRAL,CENTRAL 138 kV,ZVDUAE,3I0p
Thermal Overload,\VM-PF.IntUser\PDD 31-12-2024.IntPrj\Network Model.IntPrjfolder\Network Data.IntPrjfolder\CENTRAL 138 kV.ElmNet\Villa Duarte.ElmSite\ZVDUAE.ElmSubstat\E4.ElmTerm\Cub_1.StaCubic\ZVDUAE_ZTIM2E-L1-7SA6.ElmRelay\Thermal Overload.RelToc,1,SANTO DOMINGO,CENTRAL,CENTRAL 138 kV,ZVDUAE,Thermal Overload
51P-1(1),\VM-PF.IntUser\PDD 31-12-2024.IntPrj\Network Model.IntPrjfolder\Network Data.IntPrjfolder\CENTRAL 138 kV.ElmNet\Villa Duarte.ElmSite\ZVDUAE.ElmSubstat\E4.ElmTerm\Cub_1.StaCubic\ZVDUAE_ZTIM2E-L1-REF615.ElmRelay\51P-1(1).RelToc,1,SANTO DOMINGO,CENTRAL,CENTRAL 138 kV,ZVDUAE,51P-1(1)
51P-1(2),\VM-PF.IntUser\PDD 31-12-2024.IntPrj\Network Model.IntPrjfolder\Network Data.IntPrjfolder\CENTRAL 138 kV.ElmNet\Villa Duarte.ElmSite\ZVDUAE.ElmSubstat\E4.ElmTerm\Cub_1.StaCubic\ZVDUAE_ZTIM2E-L1-REF615.ElmRelay\51P-1(2).RelToc,1,SANTO DOMINGO,CENTRAL,CENTRAL 138 kV,ZVDUAE,51P-1(2)
51P-2(1),\VM-PF.IntUser\PDD 31-12-2024.IntPrj\Network Model.IntPrjfolder\Network Data.IntPrjfolder\CENTRAL 138 kV.ElmNet\Villa Duarte.ElmSite\ZVDUAE.ElmSubstat\E4.ElmTerm\Cub_1.StaCubic\ZVDUAE_ZTIM2E-L1-REF615.ElmRelay\51P-2(1).RelToc,1,SANTO DOMINGO,CENTRAL,CENTRAL 138 kV,ZVDUAE,51P-2(1)
51P-2(2),\VM-PF.IntUser\PDD 31-12-2024.IntPrj\Network Model.IntPrjfolder\Network Data.IntPrjfolder\CENTRAL 138 kV.ElmNet\Villa Duarte.ElmSite\ZVDUAE.ElmSubstat\E4.ElmTerm\Cub_1.StaCubic\ZVDUAE_ZTIM2E-L1-REF615.ElmRelay\51P-2(2).RelToc,1,SANTO DOMINGO,CENTRAL,CENTRAL 138 kV,ZVDUAE,51P-2(2)
67-1(1),\VM-PF.IntUser\PDD 31-12-2024.IntPrj\Network Model.IntPrjfolder\Network Data.IntPrjfolder\CENTRAL 138 kV.ElmNet\Villa Duarte.ElmSite\ZVDUAE.ElmSubstat\E4.ElmTerm\Cub_1.StaCubic\ZVDUAE_ZTIM2E-L1-REF615.ElmRelay\67-1(1).RelToc,1,SANTO DOMINGO,CENTRAL,CENTRAL 138 kV,ZVDUAE,67-1(1)
67-1(2),\VM-PF.IntUser\PDD 31-12-2024.IntPrj\Network Model.IntPrjfolder\Network Data.IntPrjfolder\CENTRAL 138 kV.ElmNet\Villa Duarte.ElmSite\ZVDUAE.ElmSubstat\E4.ElmTerm\Cub_1.StaCubic\ZVDUAE_ZTIM2E-L1-REF615.ElmRelay\67-1(2).RelToc,1,SANTO DOMINGO,CENTRAL,CENTRAL 138 kV,ZVDUAE,67-1(2)
67-2,\VM-PF.IntUser\PDD 31-12-2024.IntPrj\Network Model.IntPrjfolder\Network Data.IntPrjfolder\CENTRAL 138 kV.ElmNet\Villa Duarte.ElmSite\ZVDUAE.ElmSubstat\E4.ElmTerm\Cub_1.StaCubic\ZVDUAE_ZTIM2E-L1-REF615.ElmRelay\67-2.RelToc,1,SANTO DOMINGO,CENTRAL,CENTRAL 138 kV,ZVDUAE,67-2
51N-1(1),\VM-PF.IntUser\PDD 31-12-2024.IntPrj\Network Model.IntPrjfolder\Network Data.IntPrjfolder\CENTRAL 138 kV.ElmNet\Villa Duarte.ElmSite\ZVDUAE.ElmSubstat\E4.ElmTerm\Cub_1.StaCubic\ZVDUAE_ZTIM2E-L1-REF615.ElmRelay\51N-1(1).RelToc,1,SANTO DOMINGO,CENTRAL,CENTRAL 138 kV,ZVDUAE,51N-1(1)
51N-1(2),\VM-PF.IntUser\PDD 31-12-2024.IntPrj\Network Model.IntPrjfolder\Network Data.IntPrjfolder\CENTRAL 138 kV.ElmNet\Villa Duarte.ElmSite\ZVDUAE.ElmSubstat\E4.ElmTerm\Cub_1.StaCubic\ZVDUAE_ZTIM2E-L1-REF615.ElmRelay\51N-1(2).RelToc,1,SANTO DOMINGO,CENTRAL,CENTRAL 138 kV,ZVDUAE,51N-1(2)
51N-2(1),\VM-PF.IntUser\PDD 31-12-2024.IntPrj\Network Model.IntPrjfolder\Network Data.IntPrjfolder\CENTRAL 138 kV.ElmNet\Villa Duarte.ElmSite\ZVDUAE.ElmSubstat\E4.ElmTerm\Cub_1.StaCubic\ZVDUAE_ZTIM2E-L1-REF615.ElmRelay\51N-2(1).RelToc,1,SANTO DOMINGO,CENTRAL,CENTRAL 138 kV,ZVDUAE,51N-2(1)
51N-2(2),\VM-PF.IntUser\PDD 31-12-2024.IntPrj\Network Model.IntPrjfolder\Network Data.IntPrjfolder\CENTRAL 138 kV.ElmNet\Villa Duarte.ElmSite\ZVDUAE.ElmSubstat\E4.ElmTerm\Cub_1.StaCubic\ZVDUAE_ZTIM2E-L1-REF615.ElmRelay\51N-2(2).RelToc,1,SANTO DOMINGO,CENTRAL,CENTRAL 138 kV,ZVDUAE,51N-2(2)
67N-1(1),\VM-PF.IntUser\PDD 31-12-2024.IntPrj\Network Model.IntPrjfolder\Network Data.IntPrjfolder\CENTRAL 138 kV.ElmNet\Villa Duarte.ElmSite\ZVDUAE.ElmSubstat\E4.ElmTerm\Cub_1.StaCubic\ZVDUAE_ZTIM2E-L1-REF615.ElmRelay\67N-1(1).RelToc,1,SANTO DOMINGO,CENTRAL,CENTRAL 138 kV,ZVDUAE,67N-1(1)
67N-1(2),\VM-PF.IntUser\PDD 31-12-2024.IntPrj\Network Model.IntPrjfolder\Network Data.IntPrjfolder\CENTRAL 138 kV.ElmNet\Villa Duarte.ElmSite\ZVDUAE.ElmSubstat\E4.ElmTerm\Cub_1.StaCubic\ZVDUAE_ZTIM2E-L1-REF615.ElmRelay\67N-1(2).RelToc,1,SANTO DOMINGO,CENTRAL,CENTRAL 138 kV,ZVDUAE,67N-1(2)
67N-2,\VM-PF.IntUser\PDD 31-12-2024.IntPrj\Network Model.IntPrjfolder\Network Data.IntPrjfolder\CENTRAL 138 kV.ElmNet\Villa Duarte.ElmSite\ZVDUAE.ElmSubstat\E4.ElmTerm\Cub_1.StaCubic\ZVDUAE_ZTIM2E-L1-REF615.ElmRelay\67N-2.RelToc,1,SANTO DOMINGO,CENTRAL,CENTRAL 138 kV,ZVDUAE,67N-2
46(1),\VM-PF.IntUser\PDD 31-12-2024.IntPrj\Network Model.IntPrjfolder\Network Data.IntPrjfolder\CENTRAL 138 kV.ElmNet\Villa Duarte.ElmSite\ZVDUAE.ElmSubstat\E4.ElmTerm\Cub_1.StaCubic\ZVDUAE_ZTIM2E-L1-REF615.ElmRelay\46(1).RelToc,1,SANTO DOMINGO,CENTRAL,CENTRAL 138 kV,ZVDUAE,46(1)
46(2),\VM-PF.IntUser\PDD 31-12-2024.IntPrj\Network Model.IntPrjfolder\Network Data.IntPrjfolder\CENTRAL 138 kV.ElmNet\Villa Duarte.ElmSite\ZVDUAE.ElmSubstat\E4.ElmTerm\Cub_1.StaCubic\ZVDUAE_ZTIM2E-L1-REF615.ElmRelay\46(2).RelToc,1,SANTO DOMINGO,CENTRAL,CENTRAL 138 kV,ZVDUAE,46(2)
49F,\VM-PF.IntUser\PDD 31-12-2024.IntPrj\Network Model.IntPrjfolder\Network Data.IntPrjfolder\CENTRAL 138 kV.ElmNet\Villa Duarte.ElmSite\ZVDUAE.ElmSubstat\E4.ElmTerm\Cub_1.StaCubic\ZVDUAE_ZTIM2E-L1-REF615.ElmRelay\49F.RelToc,1,SANTO DOMINGO,CENTRAL,CENTRAL 138 kV,ZVDUAE,49F
Ip>,\VM-PF.IntUser\PDD 31-12-2024.IntPrj\Network Model.IntPrjfolder\Network Data.IntPrjfolder\CENTRAL 138 kV.ElmNet\Villa Duarte.ElmSite\ZVDUAE.ElmSubstat\E1.ElmTerm\Cub_1.StaCubic\ZVDUAE_ZLMINE-L1-7SA6.ElmRelay\Overcurrent.ElmRelay\Ip>.RelToc,1,SANTO DOMINGO,CENTRAL,CENTRAL 138 kV,ZVDUAE,Ip>
3I0p,\VM-PF.IntUser\PDD 31-12-2024.IntPrj\Network Model.IntPrjfolder\Network Data.IntPrjfolder\CENTRAL 138 kV.ElmNet\Villa Duarte.ElmSite\ZVDUAE.ElmSubstat\E1.ElmTerm\Cub_1.StaCubic\ZVDUAE_ZLMINE-L1-7SA6.ElmRelay\Overcurrent.ElmRelay\3I0p.RelToc,1,SANTO DOMINGO,CENTRAL,CENTRAL 138 kV,ZVDUAE,3I0p
3I0p,\VM-PF.IntUser\PDD 31-12-2024.IntPrj\Network Model.IntPrjfolder\Network Data.IntPrjfolder\CENTRAL 138 kV.ElmNet\Villa Duarte.ElmSite\ZVDUAE.ElmSubstat\E1.ElmTerm\Cub_1.StaCubic\ZVDUAE_ZLMINE-L1-7SA6.ElmRelay\Earthfault.ElmRelay\3I0p.RelToc,1,SANTO DOMINGO,CENTRAL,CENTRAL 138 kV,ZVDUAE,3I0p
Thermal Overload,\VM-PF.IntUser\PDD 31-12-2024.IntPrj\Network Model.IntPrjfolder\Network Data.IntPrjfolder\CENTRAL 138 kV.ElmNet\Villa Duarte.ElmSite\ZVDUAE.ElmSubstat\E1.ElmTerm\Cub_1.StaCubic\ZVDUAE_ZLMINE-L1-7SA6.ElmRelay\Thermal Overload.RelToc,1,SANTO DOMINGO,CENTRAL,CENTRAL 138 kV,ZVDUAE,Thermal Overload
51P-1(1),\VM-PF.IntUser\PDD 31-12-2024.IntPrj\Network Model.IntPrjfolder\Network Data.IntPrjfolder\CENTRAL 138 kV.ElmNet\Villa Duarte.ElmSite\ZVDUAE.ElmSubstat\E1.ElmTerm\Cub_1.StaCubic\ZVDUAE_ZLMINE-L1-REF615.ElmRelay\51P-1(1).RelToc,1,SANTO DOMINGO,CENTRAL,CENTRAL 138 kV,ZVDUAE,51P-1(1)
51P-1(2),\VM-PF.IntUser\PDD 31-12-2024.IntPrj\Network Model.IntPrjfolder\Network Data.IntPrjfolder\CENTRAL 138 kV.ElmNet\Villa Duarte.ElmSite\ZVDUAE.ElmSubstat\E1.ElmTerm\Cub_1.StaCubic\ZVDUAE_ZLMINE-L1-REF615.ElmRelay\51P-1(2).RelToc,1,SANTO DOMINGO,CENTRAL,CENTRAL 138 kV,ZVDUAE,51P-1(2)
51P-2(1),\VM-PF.IntUser\PDD 31-12-2024.IntPrj\Network Model.IntPrjfolder\Network Data.IntPrjfolder\CENTRAL 138 kV.ElmNet\Villa Duarte.ElmSite\ZVDUAE.ElmSubstat\E1.ElmTerm\Cub_1.StaCubic\ZVDUAE_ZLMINE-L1-REF615.ElmRelay\51P-2(1).RelToc,1,SANTO DOMINGO,CENTRAL,CENTRAL 138 kV,ZVDUAE,51P-2(1)
51P-2(2),\VM-PF.IntUser\PDD 31-12-2024.IntPrj\Network Model.IntPrjfolder\Network Data.IntPrjfolder\CENTRAL 138 kV.ElmNet\Villa Duarte.ElmSite\ZVDUAE.ElmSubstat\E1.ElmTerm\Cub_1.StaCubic\ZVDUAE_ZLMINE-L1-REF615.ElmRelay\51P-2(2).RelToc,1,SANTO DOMINGO,CENTRAL,CENTRAL 138 kV,ZVDUAE,51P-2(2)
67-1(1),\VM-PF.IntUser\PDD 31-12-2024.IntPrj\Network Model.IntPrjfolder\Network Data.IntPrjfolder\CENTRAL 138 kV.ElmNet\Villa Duarte.ElmSite\ZVDUAE.ElmSubstat\E1.ElmTerm\Cub_1.StaCubic\ZVDUAE_ZLMINE-L1-REF615.ElmRelay\67-1(1).RelToc,1,SANTO DOMINGO,CENTRAL,CENTRAL 138 kV,ZVDUAE,67-1(1)
67-1(2),\VM-PF.IntUser\PDD 31-12-2024.IntPrj\Network Model.IntPrjfolder\Network Data.IntPrjfolder\CENTRAL 138 kV.ElmNet\Villa Duarte.ElmSite\ZVDUAE.ElmSubstat\E1.ElmTerm\Cub_1.StaCubic\ZVDUAE_ZLMINE-L1-REF615.ElmRelay\67-1(2).RelToc,1,SANTO DOMINGO,CENTRAL,CENTRAL 138 kV,ZVDUAE,67-1(2)
67-2,\VM-PF.IntUser\PDD 31-12-2024.IntPrj\Network Model.IntPrjfolder\Network Data.IntPrjfolder\CENTRAL 138 kV.ElmNet\Villa Duarte.ElmSite\ZVDUAE.ElmSubstat\E1.ElmTerm\Cub_1.StaCubic\ZVDUAE_ZLMINE-L1-REF615.ElmRelay\67-2.RelToc,1,SANTO DOMINGO,CENTRAL,CENTRAL 138 kV,ZVDUAE,67-2
51N-1(1),\VM-PF.IntUser\PDD 31-12-2024.IntPrj\Network Model.IntPrjfolder\Network Data.IntPrjfolder\CENTRAL 138 kV.ElmNet\Villa Duarte.ElmSite\ZVDUAE.ElmSubstat\E1.ElmTerm\Cub_1.StaCubic\ZVDUAE_ZLMINE-L1-REF615.ElmRelay\51N-1(1).RelToc,1,SANTO DOMINGO,CENTRAL,CENTRAL 138 kV,ZVDUAE,51N-1(1)
51N-1(2),\VM-PF.IntUser\PDD 31-12-2024.IntPrj\Network Model.IntPrjfolder\Network Data.IntPrjfolder\CENTRAL 138 kV.ElmNet\Villa Duarte.ElmSite\ZVDUAE.ElmSubstat\E1.ElmTerm\Cub_1.StaCubic\ZVDUAE_ZLMINE-L1-REF615.ElmRelay\51N-1(2).RelToc,1,SANTO DOMINGO,CENTRAL,CENTRAL 138 kV,ZVDUAE,51N-1(2)
51N-2(1),\VM-PF.IntUser\PDD 31-12-2024.IntPrj\Network Model.IntPrjfolder\Network Data.IntPrjfolder\CENTRAL 138 kV.ElmNet\Villa Duarte.ElmSite\ZVDUAE.ElmSubstat\E1.ElmTerm\Cub_1.StaCubic\ZVDUAE_ZLMINE-L1-REF615.ElmRelay\51N-2(1).RelToc,1,SANTO DOMINGO,CENTRAL,CENTRAL 138 kV,ZVDUAE,51N-2(1)
51N-2(2),\VM-PF.IntUser\PDD 31-12-2024.IntPrj\Network Model.IntPrjfolder\Network Data.IntPrjfolder\CENTRAL 138 kV.ElmNet\Villa Duarte.ElmSite\ZVDUAE.ElmSubstat\E1.ElmTerm\Cub_1.StaCubic\ZVDUAE_ZLMINE-L1-REF615.ElmRelay\51N-2(2).RelToc,1,SANTO DOMINGO,CENTRAL,CENTRAL 138 kV,ZVDUAE,51N-2(2)
67N-1(1),\VM-PF.IntUser\PDD 31-12-2024.IntPrj\Network Model.IntPrjfolder\Network Data.IntPrjfolder\CENTRAL 138 kV.ElmNet\Villa Duarte.ElmSite\ZVDUAE.ElmSubstat\E1.ElmTerm\Cub_1.StaCubic\ZVDUAE_ZLMINE-L1-REF615.ElmRelay\67N-1(1).RelToc,1,SANTO DOMINGO,CENTRAL,CENTRAL 138 kV,ZVDUAE,67N-1(1)
67N-1(2),\VM-PF.IntUser\PDD 31-12-2024.IntPrj\Network Model.IntPrjfolder\Network Data.IntPrjfolder\CENTRAL 138 kV.ElmNet\Villa Duarte.ElmSite\ZVDUAE.ElmSubstat\E1.ElmTerm\Cub_1.StaCubic\ZVDUAE_ZLMINE-L1-REF615.ElmRelay\67N-1(2).RelToc,1,SANTO DOMINGO,CENTRAL,CENTRAL 138 kV,ZVDUAE,67N-1(2)
67N-2,\VM-PF.IntUser\PDD 31-12-2024.IntPrj\Network Model.IntPrjfolder\Network Data.IntPrjfolder\CENTRAL 138 kV.ElmNet\Villa Duarte.ElmSite\ZVDUAE.ElmSubstat\E1.ElmTerm\Cub_1.StaCubic\ZVDUAE_ZLMINE-L1-REF615.ElmRelay\67N-2.RelToc,1,SANTO DOMINGO,CENTRAL,CENTRAL 138 kV,ZVDUAE,67N-2
46(1),\VM-PF.IntUser\PDD 31-12-2024.IntPrj\Network Model.IntPrjfolder\Network Data.IntPrjfolder\CENTRAL 138 kV.ElmNet\Villa Duarte.ElmSite\ZVDUAE.ElmSubstat\E1.ElmTerm\Cub_1.StaCubic\ZVDUAE_ZLMINE-L1-REF615.ElmRelay\46(1).RelToc,1,SANTO DOMINGO,CENTRAL,CENTRAL 138 kV,ZVDUAE,46(1)
46(2),\VM-PF.IntUser\PDD 31-12-2024.IntPrj\Network Model.IntPrjfolder\Network Data.IntPrjfolder\CENTRAL 138 kV.ElmNet\Villa Duarte.ElmSite\ZVDUAE.ElmSubstat\E1.ElmTerm\Cub_1.StaCubic\ZVDUAE_ZLMINE-L1-REF615.ElmRelay\46(2).RelToc,1,SANTO DOMINGO,CENTRAL,CENTRAL 138 kV,ZVDUAE,46(2)
49F,\VM-PF.IntUser\PDD 31-12-2024.IntPrj\Network Model.IntPrjfolder\Network Data.IntPrjfolder\CENTRAL 138 kV.ElmNet\Villa Duarte.ElmSite\ZVDUAE.ElmSubstat\E1.ElmTerm\Cub_1.StaCubic\ZVDUAE_ZLMINE-L1-REF615.ElmRelay\49F.RelToc,1,SANTO DOMINGO,CENTRAL,CENTRAL 138 kV,ZVDUAE,49F
Ip>,\VM-PF.IntUser\PDD 31-12-2024.IntPrj\Network Model.IntPrjfolder\Network Data.IntPrjfolder\CENTRAL 138 kV.ElmNet\Villa Duarte.ElmSite\ZVDUAE.ElmSubstat\E5.ElmTerm\Cub_1.StaCubic\ZVDUAE_ZEBRIE-L1-7SA6.ElmRelay\Overcurrent.ElmRelay\Ip>.RelToc,1,SANTO DOMINGO,CENTRAL,CENTRAL 138 kV,ZVDUAE,Ip>
3I0p,\VM-PF.IntUser\PDD 31-12-2024.IntPrj\Network Model.IntPrjfolder\Network Data.IntPrjfolder\CENTRAL 138 kV.ElmNet\Villa Duarte.ElmSite\ZVDUAE.ElmSubstat\E5.ElmTerm\Cub_1.StaCubic\ZVDUAE_ZEBRIE-L1-7SA6.ElmRelay\Overcurrent.ElmRelay\3I0p.RelToc,1,SANTO DOMINGO,CENTRAL,CENTRAL 138 kV,ZVDUAE,3I0p
3I0p,\VM-PF.IntUser\PDD 31-12-2024.IntPrj\Network Model.IntPrjfolder\Network Data.IntPrjfolder\CENTRAL 138 kV.ElmNet\Villa Duarte.ElmSite\ZVDUAE.ElmSubstat\E5.ElmTerm\Cub_1.StaCubic\ZVDUAE_ZEBRIE-L1-7SA6.ElmRelay\Earthfault.ElmRelay\3I0p.RelToc,1,SANTO DOMINGO,CENTRAL,CENTRAL 138 kV,ZVDUAE,3I0p
Thermal Overload,\VM-PF.IntUser\PDD 31-12-2024.IntPrj\Network Model.IntPrjfolder\Network Data.IntPrjfolder\CENTRAL 138 kV.ElmNet\Villa Duarte.ElmSite\ZVDUAE.ElmSubstat\E5.ElmTerm\Cub_1.StaCubic\ZVDUAE_ZEBRIE-L1-7SA6.ElmRelay\Thermal Overload.RelToc,1,SANTO DOMINGO,CENTRAL,CENTRAL 138 kV,ZVDUAE,Thermal Overload
51P-1(1),\VM-PF.IntUser\PDD 31-12-2024.IntPrj\Network Model.IntPrjfolder\Network Data.IntPrjfolder\CENTRAL 138 kV.ElmNet\Villa Duarte.ElmSite\ZVDUAE.ElmSubstat\E5.ElmTerm\Cub_1.StaCubic\ZVDUAE_ZEBRIE-L1-REF615.ElmRelay\51P-1(1).RelToc,1,SANTO DOMINGO,CENTRAL,CENTRAL 138 kV,ZVDUAE,51P-1(1)
51P-1(2),\VM-PF.IntUser\PDD 31-12-2024.IntPrj\Network Model.IntPrjfolder\Network Data.IntPrjfolder\CENTRAL 138 kV.ElmNet\Villa Duarte.ElmSite\ZVDUAE.ElmSubstat\E5.ElmTerm\Cub_1.StaCubic\ZVDUAE_ZEBRIE-L1-REF615.ElmRelay\51P-1(2).RelToc,1,SANTO DOMINGO,CENTRAL,CENTRAL 138 kV,ZVDUAE,51P-1(2)
51P-2(1),\VM-PF.IntUser\PDD 31-12-2024.IntPrj\Network Model.IntPrjfolder\Network Data.IntPrjfolder\CENTRAL 138 kV.ElmNet\Villa Duarte.ElmSite\ZVDUAE.ElmSubstat\E5.ElmTerm\Cub_1.StaCubic\ZVDUAE_ZEBRIE-L1-REF615.ElmRelay\51P-2(1).RelToc,1,SANTO DOMINGO,CENTRAL,CENTRAL 138 kV,ZVDUAE,51P-2(1)
51P-2(2),\VM-PF.IntUser\PDD 31-12-2024.IntPrj\Network Model.IntPrjfolder\Network Data.IntPrjfolder\CENTRAL 138 kV.ElmNet\Villa Duarte.ElmSite\ZVDUAE.ElmSubstat\E5.ElmTerm\Cub_1.StaCubic\ZVDUAE_ZEBRIE-L1-REF615.ElmRelay\51P-2(2).RelToc,1,SANTO DOMINGO,CENTRAL,CENTRAL 138 kV,ZVDUAE,51P-2(2)
67-1(1),\VM-PF.IntUser\PDD 31-12-2024.IntPrj\Network Model.IntPrjfolder\Network Data.IntPrjfolder\CENTRAL 138 kV.ElmNet\Villa Duarte.ElmSite\ZVDUAE.ElmSubstat\E5.ElmTerm\Cub_1.StaCubic\ZVDUAE_ZEBRIE-L1-REF615.ElmRelay\67-1(1).RelToc,1,SANTO DOMINGO,CENTRAL,CENTRAL 138 kV,ZVDUAE,67-1(1)
67-1(2),\VM-PF.IntUser\PDD 31-12-2024.IntPrj\Network Model.IntPrjfolder\Network Data.IntPrjfolder\CENTRAL 138 kV.ElmNet\Villa Duarte.ElmSite\ZVDUAE.ElmSubstat\E5.ElmTerm\Cub_1.StaCubic\ZVDUAE_ZEBRIE-L1-REF615.ElmRelay\67-1(2).RelToc,1,SANTO DOMINGO,CENTRAL,CENTRAL 138 kV,ZVDUAE,67-1(2)
67-2,\VM-PF.IntUser\PDD 31-12-2024.IntPrj\Network Model.IntPrjfolder\Network Data.IntPrjfolder\CENTRAL 138 kV.ElmNet\Villa Duarte.ElmSite\ZVDUAE.ElmSubstat\E5.ElmTerm\Cub_1.StaCubic\ZVDUAE_ZEBRIE-L1-REF615.ElmRelay\67-2.RelToc,1,SANTO DOMINGO,CENTRAL,CENTRAL 138 kV,ZVDUAE,67-2
51N-1(1),\VM-PF.IntUser\PDD 31-12-2024.IntPrj\Network Model.IntPrjfolder\Network Data.IntPrjfolder\CENTRAL 138 kV.ElmNet\Villa Duarte.ElmSite\ZVDUAE.ElmSubstat\E5.ElmTerm\Cub_1.StaCubic\ZVDUAE_ZEBRIE-L1-REF615.ElmRelay\51N-1(1).RelToc,1,SANTO DOMINGO,CENTRAL,CENTRAL 138 kV,ZVDUAE,51N-1(1)
51N-1(2),\VM-PF.IntUser\PDD 31-12-2024.IntPrj\Network Model.IntPrjfolder\Network Data.IntPrjfolder\CENTRAL 138 kV.ElmNet\Villa Duarte.ElmSite\ZVDUAE.ElmSubstat\E5.ElmTerm\Cub_1.StaCubic\ZVDUAE_ZEBRIE-L1-REF615.ElmRelay\51N-1(2).RelToc,1,SANTO DOMINGO,CENTRAL,CENTRAL 138 kV,ZVDUAE,51N-1(2)
51N-2(1),\VM-PF.IntUser\PDD 31-12-2024.IntPrj\Network Model.IntPrjfolder\Network Data.IntPrjfolder\CENTRAL 138 kV.ElmNet\Villa Duarte.ElmSite\ZVDUAE.ElmSubstat\E5.ElmTerm\Cub_1.StaCubic\ZVDUAE_ZEBRIE-L1-REF615.ElmRelay\51N-2(1).RelToc,1,SANTO DOMINGO,CENTRAL,CENTRAL 138 kV,ZVDUAE,51N-2(1)
51N-2(2),\VM-PF.IntUser\PDD 31-12-2024.IntPrj\Network Model.IntPrjfolder\Network Data.IntPrjfolder\CENTRAL 138 kV.ElmNet\Villa Duarte.ElmSite\ZVDUAE.ElmSubstat\E5.ElmTerm\Cub_1.StaCubic\ZVDUAE_ZEBRIE-L1-REF615.ElmRelay\51N-2(2).RelToc,1,SANTO DOMINGO,CENTRAL,CENTRAL 138 kV,ZVDUAE,51N-2(2)
67N-1(1),\VM-PF.IntUser\PDD 31-12-2024.IntPrj\Network Model.IntPrjfolder\Network Data.IntPrjfolder\CENTRAL 138 kV.ElmNet\Villa Duarte.ElmSite\ZVDUAE.ElmSubstat\E5.ElmTerm\Cub_1.StaCubic\ZVDUAE_ZEBRIE-L1-REF615.ElmRelay\67N-1(1).RelToc,1,SANTO DOMINGO,CENTRAL,CENTRAL 138 kV,ZVDUAE,67N-1(1)
67N-1(2),\VM-PF.IntUser\PDD 31-12-2024.IntPrj\Network Model.IntPrjfolder\Network Data.IntPrjfolder\CENTRAL 138 kV.ElmNet\Villa Duarte.ElmSite\ZVDUAE.ElmSubstat\E5.ElmTerm\Cub_1.StaCubic\ZVDUAE_ZEBRIE-L1-REF615.ElmRelay\67N-1(2).RelToc,1,SANTO DOMINGO,CENTRAL,CENTRAL 138 kV,ZVDUAE,67N-1(2)
67N-2,\VM-PF.IntUser\PDD 31-12-2024.IntPrj\Network Model.IntPrjfolder\Network Data.IntPrjfolder\CENTRAL 138 kV.ElmNet\Villa Duarte.ElmSite\ZVDUAE.ElmSubstat\E5.ElmTerm\Cub_1.StaCubic\ZVDUAE_ZEBRIE-L1-REF615.ElmRelay\67N-2.RelToc,1,SANTO DOMINGO,CENTRAL,CENTRAL 138 kV,ZVDUAE,67N-2
46(1),\VM-PF.IntUser\PDD 31-12-2024.IntPrj\Network Model.IntPrjfolder\Network Data.IntPrjfolder\CENTRAL 138 kV.ElmNet\Villa Duarte.ElmSite\ZVDUAE.ElmSubstat\E5.ElmTerm\Cub_1.StaCubic\ZVDUAE_ZEBRIE-L1-REF615.ElmRelay\46(1).RelToc,1,SANTO DOMINGO,CENTRAL,CENTRAL 138 kV,ZVDUAE,46(1)
46(2),\VM-PF.IntUser\PDD 31-12-2024.IntPrj\Network Model.IntPrjfolder\Network Data.IntPrjfolder\CENTRAL 138 kV.ElmNet\Villa Duarte.ElmSite\ZVDUAE.ElmSubstat\E5.ElmTerm\Cub_1.StaCubic\ZVDUAE_ZEBRIE-L1-REF615.ElmRelay\46(2).RelToc,1,SANTO DOMINGO,CENTRAL,CENTRAL 138 kV,ZVDUAE,46(2)
49F,\VM-PF.IntUser\PDD 31-12-2024.IntPrj\Network Model.IntPrjfolder\Network Data.IntPrjfolder\CENTRAL 138 kV.ElmNet\Villa Duarte.ElmSite\ZVDUAE.ElmSubstat\E5.ElmTerm\Cub_1.StaCubic\ZVDUAE_ZEBRIE-L1-REF615.ElmRelay\49F.RelToc,1,SANTO DOMINGO,CENTRAL,CENTRAL 138 kV,ZVDUAE,49F
Ip>,\VM-PF.IntUser\PDD 31-12-2024.IntPrj\Network Model.IntPrjfolder\Network Data.IntPrjfolder\CENTRAL 138 kV.ElmNet\Villa Duarte.ElmSite\ZVDUAE.ElmSubstat\E3.ElmTerm\Cub_1.StaCubic\ZVDUAE_ZHNSAE-L1-7SA6.ElmRelay\Overcurrent.ElmRelay\Ip>.RelToc,1,SANTO DOMINGO,CENTRAL,CENTRAL 138 kV,ZVDUAE,Ip>
3I0p,\VM-PF.IntUser\PDD 31-12-2024.IntPrj\Network Model.IntPrjfolder\Network Data.IntPrjfolder\CENTRAL 138 kV.ElmNet\Villa Duarte.ElmSite\ZVDUAE.ElmSubstat\E3.ElmTerm\Cub_1.StaCubic\ZVDUAE_ZHNSAE-L1-7SA6.ElmRelay\Overcurrent.ElmRelay\3I0p.RelToc,1,SANTO DOMINGO,CENTRAL,CENTRAL 138 kV,ZVDUAE,3I0p
3I0p,\VM-PF.IntUser\PDD 31-12-2024.IntPrj\Network Model.IntPrjfolder\Network Data.IntPrjfolder\CENTRAL 138 kV.ElmNet\Villa Duarte.ElmSite\ZVDUAE.ElmSubstat\E3.ElmTerm\Cub_1.StaCubic\ZVDUAE_ZHNSAE-L1-7SA6.ElmRelay\Earthfault.ElmRelay\3I0p.RelToc,1,SANTO DOMINGO,CENTRAL,CENTRAL 138 kV,ZVDUAE,3I0p
Thermal Overload,\VM-PF.IntUser\PDD 31-12-2024.IntPrj\Network Model.IntPrjfolder\Network Data.IntPrjfolder\CENTRAL 138 kV.ElmNet\Villa Duarte.ElmSite\ZVDUAE.ElmSubstat\E3.ElmTerm\Cub_1.StaCubic\ZVDUAE_ZHNSAE-L1-7SA6.ElmRelay\Thermal Overload.RelToc,1,SANTO DOMINGO,CENTRAL,CENTRAL 138 kV,ZVDUAE,Thermal Overload
51P-1(1),\VM-PF.IntUser\PDD 31-12-2024.IntPrj\Network Model.IntPrjfolder\Network Data.IntPrjfolder\CENTRAL 138 kV.ElmNet\Villa Duarte.ElmSite\ZVDUAE.ElmSubstat\E3.ElmTerm\Cub_1.StaCubic\ZVDUAE_ZHNSAE-L1-REF615.ElmRelay\51P-1(1).RelToc,1,SANTO DOMINGO,CENTRAL,CENTRAL 138 kV,ZVDUAE,51P-1(1)
51P-1(2),\VM-PF.IntUser\PDD 31-12-2024.IntPrj\Network Model.IntPrjfolder\Network Data.IntPrjfolder\CENTRAL 138 kV.ElmNet\Villa Duarte.ElmSite\ZVDUAE.ElmSubstat\E3.ElmTerm\Cub_1.StaCubic\ZVDUAE_ZHNSAE-L1-REF615.ElmRelay\51P-1(2).RelToc,1,SANTO DOMINGO,CENTRAL,CENTRAL 138 kV,ZVDUAE,51P-1(2)
51P-2(1),\VM-PF.IntUser\PDD 31-12-2024.IntPrj\Network Model.IntPrjfolder\Network Data.IntPrjfolder\CENTRAL 138 kV.ElmNet\Villa Duarte.ElmSite\ZVDUAE.ElmSubstat\E3.ElmTerm\Cub_1.StaCubic\ZVDUAE_ZHNSAE-L1-REF615.ElmRelay\51P-2(1).RelToc,1,SANTO DOMINGO,CENTRAL,CENTRAL 138 kV,ZVDUAE,51P-2(1)
51P-2(2),\VM-PF.IntUser\PDD 31-12-2024.IntPrj\Network Model.IntPrjfolder\Network Data.IntPrjfolder\CENTRAL 138 kV.ElmNet\Villa Duarte.ElmSite\ZVDUAE.ElmSubstat\E3.ElmTerm\Cub_1.StaCubic\ZVDUAE_ZHNSAE-L1-REF615.ElmRelay\51P-2(2).RelToc,1,SANTO DOMINGO,CENTRAL,CENTRAL 138 kV,ZVDUAE,51P-2(2)
67-1(1),\VM-PF.IntUser\PDD 31-12-2024.IntPrj\Network Model.IntPrjfolder\Network Data.IntPrjfolder\CENTRAL 138 kV.ElmNet\Villa Duarte.ElmSite\ZVDUAE.ElmSubstat\E3.ElmTerm\Cub_1.StaCubic\ZVDUAE_ZHNSAE-L1-REF615.ElmRelay\67-1(1).RelToc,1,SANTO DOMINGO,CENTRAL,CENTRAL 138 kV,ZVDUAE,67-1(1)
67-1(2),\VM-PF.IntUser\PDD 31-12-2024.IntPrj\Network Model.IntPrjfolder\Network Data.IntPrjfolder\CENTRAL 138 kV.ElmNet\Villa Duarte.ElmSite\ZVDUAE.ElmSubstat\E3.ElmTerm\Cub_1.StaCubic\ZVDUAE_ZHNSAE-L1-REF615.ElmRelay\67-1(2).RelToc,1,SANTO DOMINGO,CENTRAL,CENTRAL 138 kV,ZVDUAE,67-1(2)
67-2,\VM-PF.IntUser\PDD 31-12-2024.IntPrj\Network Model.IntPrjfolder\Network Data.IntPrjfolder\CENTRAL 138 kV.ElmNet\Villa Duarte.ElmSite\ZVDUAE.ElmSubstat\E3.ElmTerm\Cub_1.StaCubic\ZVDUAE_ZHNSAE-L1-REF615.ElmRelay\67-2.RelToc,1,SANTO DOMINGO,CENTRAL,CENTRAL 138 kV,ZVDUAE,67-2
51N-1(1),\VM-PF.IntUser\PDD 31-12-2024.IntPrj\Network Model.IntPrjfolder\Network Data.IntPrjfolder\CENTRAL 138 kV.ElmNet\Villa Duarte.ElmSite\ZVDUAE.ElmSubstat\E3.ElmTerm\Cub_1.StaCubic\ZVDUAE_ZHNSAE-L1-REF615.ElmRelay\51N-1(1).RelToc,1,SANTO DOMINGO,CENTRAL,CENTRAL 138 kV,ZVDUAE,51N-1(1)
51N-1(2),\VM-PF.IntUser\PDD 31-12-2024.IntPrj\Network Model.IntPrjfolder\Network Data.IntPrjfolder\CENTRAL 138 kV.ElmNet\Villa Duarte.ElmSite\ZVDUAE.ElmSubstat\E3.ElmTerm\Cub_1.StaCubic\ZVDUAE_ZHNSAE-L1-REF615.ElmRelay\51N-1(2).RelToc,1,SANTO DOMINGO,CENTRAL,CENTRAL 138 kV,ZVDUAE,51N-1(2)
51N-2(1),\VM-PF.IntUser\PDD 31-12-2024.IntPrj\Network Model.IntPrjfolder\Network Data.IntPrjfolder\CENTRAL 138 kV.ElmNet\Villa Duarte.ElmSite\ZVDUAE.ElmSubstat\E3.ElmTerm\Cub_1.StaCubic\ZVDUAE_ZHNSAE-L1-REF615.ElmRelay\51N-2(1).RelToc,1,SANTO DOMINGO,CENTRAL,CENTRAL 138 kV,ZVDUAE,51N-2(1)
51N-2(2),\VM-PF.IntUser\PDD 31-12-2024.IntPrj\Network Model.IntPrjfolder\Network Data.IntPrjfolder\CENTRAL 138 kV.ElmNet\Villa Duarte.ElmSite\ZVDUAE.ElmSubstat\E3.ElmTerm\Cub_1.StaCubic\ZVDUAE_ZHNSAE-L1-REF615.ElmRelay\51N-2(2).RelToc,1,SANTO DOMINGO,CENTRAL,CENTRAL 138 kV,ZVDUAE,51N-2(2)
67N-1(1),\VM-PF.IntUser\PDD 31-12-2024.IntPrj\Network Model.IntPrjfolder\Network Data.IntPrjfolder\CENTRAL 138 kV.ElmNet\Villa Duarte.ElmSite\ZVDUAE.ElmSubstat\E3.ElmTerm\Cub_1.StaCubic\ZVDUAE_ZHNSAE-L1-REF615.ElmRelay\67N-1(1).RelToc,1,SANTO DOMINGO,CENTRAL,CENTRAL 138 kV,ZVDUAE,67N-1(1)
67N-1(2),\VM-PF.IntUser\PDD 31-12-2024.IntPrj\Network Model.IntPrjfolder\Network Data.IntPrjfolder\CENTRAL 138 kV.ElmNet\Villa Duarte.ElmSite\ZVDUAE.ElmSubstat\E3.ElmTerm\Cub_1.StaCubic\ZVDUAE_ZHNSAE-L1-REF615.ElmRelay\67N-1(2).RelToc,1,SANTO DOMINGO,CENTRAL,CENTRAL 138 kV,ZVDUAE,67N-1(2)
67N-2,\VM-PF.IntUser\PDD 31-12-2024.IntPrj\Network Model.IntPrjfolder\Network Data.IntPrjfolder\CENTRAL 138 kV.ElmNet\Villa Duarte.ElmSite\ZVDUAE.ElmSubstat\E3.ElmTerm\Cub_1.StaCubic\ZVDUAE_ZHNSAE-L1-REF615.ElmRelay\67N-2.RelToc,1,SANTO DOMINGO,CENTRAL,CENTRAL 138 kV,ZVDUAE,67N-2
46(1),\VM-PF.IntUser\PDD 31-12-2024.IntPrj\Network Model.IntPrjfolder\Network Data.IntPrjfolder\CENTRAL 138 kV.ElmNet\Villa Duarte.ElmSite\ZVDUAE.ElmSubstat\E3.ElmTerm\Cub_1.StaCubic\ZVDUAE_ZHNSAE-L1-REF615.ElmRelay\46(1).RelToc,1,SANTO DOMINGO,CENTRAL,CENTRAL 138 kV,ZVDUAE,46(1)
46(2),\VM-PF.IntUser\PDD 31-12-2024.IntPrj\Network Model.IntPrjfolder\Network Data.IntPrjfolder\CENTRAL 138 kV.ElmNet\Villa Duarte.ElmSite\ZVDUAE.ElmSubstat\E3.ElmTerm\Cub_1.StaCubic\ZVDUAE_ZHNSAE-L1-REF615.ElmRelay\46(2).RelToc,1,SANTO DOMINGO,CENTRAL,CENTRAL 138 kV,ZVDUAE,46(2)
49F,\VM-PF.IntUser\PDD 31-12-2024.IntPrj\Network Model.IntPrjfolder\Network Data.IntPrjfolder\CENTRAL 138 kV.ElmNet\Villa Duarte.ElmSite\ZVDUAE.ElmSubstat\E3.ElmTerm\Cub_1.StaCubic\ZVDUAE_ZHNSAE-L1-REF615.ElmRelay\49F.RelToc,1,SANTO DOMINGO,CENTRAL,CENTRAL 138 kV,ZVDUAE,49F
Ip>,\VM-PF.IntUser\PDD 31-12-2024.IntPrj\Network Model.IntPrjfolder\Network Data.IntPrjfolder\CENTRAL 138 kV.ElmNet\ZMATAE.ElmSubstat\L1.ElmTerm\Cub_1.StaCubic\ZMATBE_ZHAINE-L1-7SA6.ElmRelay\Overcurrent.ElmRelay\Ip>.RelToc,1,DISTRITO NACIONAL,CENTRAL,CENTRAL 138 kV,ZMATAE,Ip>
3I0p,\VM-PF.IntUser\PDD 31-12-2024.IntPrj\Network Model.IntPrjfolder\Network Data.IntPrjfolder\CENTRAL 138 kV.ElmNet\ZMATAE.ElmSubstat\L1.ElmTerm\Cub_1.StaCubic\ZMATBE_ZHAINE-L1-7SA6.ElmRelay\Overcurrent.ElmRelay\3I0p.RelToc,1,DISTRITO NACIONAL,CENTRAL,CENTRAL 138 kV,ZMATAE,3I0p
3I0p,\VM-PF.IntUser\PDD 31-12-2024.IntPrj\Network Model.IntPrjfolder\Network Data.IntPrjfolder\CENTRAL 138 kV.ElmNet\ZMATAE.ElmSubstat\L1.ElmTerm\Cub_1.StaCubic\ZMATBE_ZHAINE-L1-7SA6.ElmRelay\Earthfault.ElmRelay\3I0p.RelToc,1,DISTRITO NACIONAL,CENTRAL,CENTRAL 138 kV,ZMATAE,3I0p
Thermal Overload,\VM-PF.IntUser\PDD 31-12-2024.IntPrj\Network Model.IntPrjfolder\Network Data.IntPrjfolder\CENTRAL 138 kV.ElmNet\ZMATAE.ElmSubstat\L1.ElmTerm\Cub_1.StaCubic\ZMATBE_ZHAINE-L1-7SA6.ElmRelay\Thermal Overload.RelToc,1,DISTRITO NACIONAL,CENTRAL,CENTRAL 138 kV,ZMATAE,Thermal Overload
Toc2,\VM-PF.IntUser\PDD 31-12-2024.IntPrj\Network Model.IntPrjfolder\Network Data.IntPrjfolder\CENTRAL 138 kV.ElmNet\ZMATAE.ElmSubstat\L2.ElmTerm\Cub_1.StaCubic\ZMATBE_ZUASDE-L1-REL316-87L.ElmRelay\TOC2.ElmRelay\Toc2.RelToc,1,DISTRITO NACIONAL,CENTRAL,CENTRAL 138 kV,ZMATAE,Toc2
Toc3,\VM-PF.IntUser\PDD 31-12-2024.IntPrj\Network Model.IntPrjfolder\Network Data.IntPrjfolder\CENTRAL 138 kV.ElmNet\ZMATAE.ElmSubstat\L2.ElmTerm\Cub_1.StaCubic\ZMATBE_ZUASDE-L1-REL316-87L.ElmRelay\TOC3.ElmRelay\Toc3.RelToc,1,DISTRITO NACIONAL,CENTRAL,CENTRAL 138 kV,ZMATAE,Toc3
TEF,\VM-PF.IntUser\PDD 31-12-2024.IntPrj\Network Model.IntPrjfolder\Network Data.IntPrjfolder\CENTRAL 138 kV.ElmNet\ZMATAE.ElmSubstat\L2.ElmTerm\Cub_1.StaCubic\ZMATBE_ZUASDE-L1-REL316-87L.ElmRelay\TEF.ElmRelay\TEF.RelToc,1,DISTRITO NACIONAL,CENTRAL,CENTRAL 138 kV,ZMATAE,TEF
EF4 Step 4,\VM-PF.IntUser\PDD 31-12-2024.IntPrj\Network Model.IntPrjfolder\Network Data.IntPrjfolder\CENTRAL 138 kV.ElmNet\ZMATAE.ElmSubstat\L2.ElmTerm\Cub_1.StaCubic\ZMATBE_ZUASDE-L1-REL316-87L.ElmRelay\EF4.ElmRelay\EF4 Step 4.RelToc,1,DISTRITO NACIONAL,CENTRAL,CENTRAL 138 kV,ZMATAE,EF4 Step 4
Toc2,\VM-PF.IntUser\PDD 31-12-2024.IntPrj\Network Model.IntPrjfolder\Network Data.IntPrjfolder\CENTRAL 138 kV.ElmNet\ZMATAE.ElmSubstat\L2.ElmTerm\Cub_1.StaCubic\ZMATBE_ZUASDE-L1-REL316.ElmRelay\TOC2.ElmRelay\Toc2.RelToc,1,DISTRITO NACIONAL,CENTRAL,CENTRAL 138 kV,ZMATAE,Toc2
Toc3,\VM-PF.IntUser\PDD 31-12-2024.IntPrj\Network Model.IntPrjfolder\Network Data.IntPrjfolder\CENTRAL 138 kV.ElmNet\ZMATAE.ElmSubstat\L2.ElmTerm\Cub_1.StaCubic\ZMATBE_ZUASDE-L1-REL316.ElmRelay\TOC3.ElmRelay\Toc3.RelToc,1,DISTRITO NACIONAL,CENTRAL,CENTRAL 138 kV,ZMATAE,Toc3
TEF,\VM-PF.IntUser\PDD 31-12-2024.IntPrj\Network Model.IntPrjfolder\Network Data.IntPrjfolder\CENTRAL 138 kV.ElmNet\ZMATAE.ElmSubstat\L2.ElmTerm\Cub_1.StaCubic\ZMATBE_ZUASDE-L1-REL316.ElmRelay\TEF.ElmRelay\TEF.RelToc,1,DISTRITO NACIONAL,CENTRAL,CENTRAL 138 kV,ZMATAE,TEF
EF4 Step 4,\VM-PF.IntUser\PDD 31-12-2024.IntPrj\Network Model.IntPrjfolder\Network Data.IntPrjfolder\CENTRAL 138 kV.ElmNet\ZMATAE.ElmSubstat\L2.ElmTerm\Cub_1.StaCubic\ZMATBE_ZUASDE-L1-REL316.ElmRelay\EF4.ElmRelay\EF4 Step 4.RelToc,1,DISTRITO NACIONAL,CENTRAL,CENTRAL 138 kV,ZMATAE,EF4 Step 4
L6CPDIF IMaxAddDelay,\VM-PF.IntUser\PDD 31-12-2024.IntPrj\Network Model.IntPrjfolder\Network Data.IntPrjfolder\CENTRAL 138 kV.ElmNet\ZMATAE.ElmSubstat\L3.ElmTerm\Cub_1.StaCubic\ZMATBE_ZMETAE-L1-RED670.ElmRelay\PDIF 87.ElmRelay\L6CPDIF IMaxAddDelay.RelToc,1,DISTRITO NACIONAL,CENTRAL,CENTRAL 138 kV,ZMATAE,L6CPDIF IMaxAddDelay
LT6CPDIF IMaxAddDelay,\VM-PF.IntUser\PDD 31-12-2024.IntPrj\Network Model.IntPrjfolder\Network Data.IntPrjfolder\CENTRAL 138 kV.ElmNet\ZMATAE.ElmSubstat\L3.ElmTerm\Cub_1.StaCubic\ZMATBE_ZMETAE-L1-RED670.ElmRelay\PDIF 87.ElmRelay\LT6CPDIF IMaxAddDelay.RelToc,1,DISTRITO NACIONAL,CENTRAL,CENTRAL 138 kV,ZMATAE,LT6CPDIF IMaxAddDelay
PTOC 51_67 1,\VM-PF.IntUser\PDD 31-12-2024.IntPrj\Network Model.IntPrjfolder\Network Data.IntPrjfolder\CENTRAL 138 kV.ElmNet\ZMATAE.ElmSubstat\L3.ElmTerm\Cub_1.StaCubic\ZMATBE_ZMETAE-L1-RED670.ElmRelay\PTOC 51_67.ElmRelay\PTOC 51_67 1.RelToc,1,DISTRITO NACIONAL,CENTRAL,CENTRAL 138 kV,ZMATAE,PTOC 51_67 1
PTOC 51_67 2,\VM-PF.IntUser\PDD 31-12-2024.IntPrj\Network Model.IntPrjfolder\Network Data.IntPrjfolder\CENTRAL 138 kV.ElmNet\ZMATAE.ElmSubstat\L3.ElmTerm\Cub_1.StaCubic\ZMATBE_ZMETAE-L1-RED670.ElmRelay\PTOC 51_67.ElmRelay\PTOC 51_67 2.RelToc,1,DISTRITO NACIONAL,CENTRAL,CENTRAL 138 kV,ZMATAE,PTOC 51_67 2
PTOC 51_67 3,\VM-PF.IntUser\PDD 31-12-2024.IntPrj\Network Model.IntPrjfolder\Network Data.IntPrjfolder\CENTRAL 138 kV.ElmNet\ZMATAE.ElmSubstat\L3.ElmTerm\Cub_1.StaCubic\ZMATBE_ZMETAE-L1-RED670.ElmRelay\PTOC 51_67.ElmRelay\PTOC 51_67 3.RelToc,1,DISTRITO NACIONAL,CENTRAL,CENTRAL 138 kV,ZMATAE,PTOC 51_67 3
PTOC 51_67 4,\VM-PF.IntUser\PDD 31-12-2024.IntPrj\Network Model.IntPrjfolder\Network Data.IntPrjfolder\CENTRAL 138 kV.ElmNet\ZMATAE.ElmSubstat\L3.ElmTerm\Cub_1.StaCubic\ZMATBE_ZMETAE-L1-RED670.ElmRelay\PTOC 51_67.ElmRelay\PTOC 51_67 4.RelToc,1,DISTRITO NACIONAL,CENTRAL,CENTRAL 138 kV,ZMATAE,PTOC 51_67 4
PTOC 51N_67N 1,\VM-PF.IntUser\PDD 31-12-2024.IntPrj\Network Model.IntPrjfolder\Network Data.IntPrjfolder\CENTRAL 138 kV.ElmNet\ZMATAE.ElmSubstat\L3.ElmTerm\Cub_1.StaCubic\ZMATBE_ZMETAE-L1-RED670.ElmRelay\PTOC 51N67N.ElmRelay\PTOC 51N_67N 1.RelToc,1,DISTRITO NACIONAL,CENTRAL,CENTRAL 138 kV,ZMATAE,PTOC 51N_67N 1
PTOC 51N_67N 2,\VM-PF.IntUser\PDD 31-12-2024.IntPrj\Network Model.IntPrjfolder\Network Data.IntPrjfolder\CENTRAL 138 kV.ElmNet\ZMATAE.ElmSubstat\L3.ElmTerm\Cub_1.StaCubic\ZMATBE_ZMETAE-L1-RED670.ElmRelay\PTOC 51N67N.ElmRelay\PTOC 51N_67N 2.RelToc,1,DISTRITO NACIONAL,CENTRAL,CENTRAL 138 kV,ZMATAE,PTOC 51N_67N 2
PTOC 51N_67N 3,\VM-PF.IntUser\PDD 31-12-2024.IntPrj\Network Model.IntPrjfolder\Network Data.IntPrjfolder\CENTRAL 138 kV.ElmNet\ZMATAE.ElmSubstat\L3.ElmTerm\Cub_1.StaCubic\ZMATBE_ZMETAE-L1-RED670.ElmRelay\PTOC 51N67N.ElmRelay\PTOC 51N_67N 3.RelToc,1,DISTRITO NACIONAL,CENTRAL,CENTRAL 138 kV,ZMATAE,PTOC 51N_67N 3
PTOC 51N_67N 4,\VM-PF.IntUser\PDD 31-12-2024.IntPrj\Network Model.IntPrjfolder\Network Data.IntPrjfolder\CENTRAL 138 kV.ElmNet\ZMATAE.ElmSubstat\L3.ElmTerm\Cub_1.StaCubic\ZMATBE_ZMETAE-L1-RED670.ElmRelay\PTOC 51N67N.ElmRelay\PTOC 51N_67N 4.RelToc,1,DISTRITO NACIONAL,CENTRAL,CENTRAL 138 kV,ZMATAE,PTOC 51N_67N 4
Ip>,\VM-PF.IntUser\PDD 31-12-2024.IntPrj\Network Model.IntPrjfolder\Network Data.IntPrjfolder\CENTRAL 138 kV.ElmNet\ZMATAE.ElmSubstat\R1.ElmTerm\Cub_1.StaCubic\ZMATBE_ZHAINE-L2-7SA6.ElmRelay\Overcurrent.ElmRelay\Ip>.RelToc,1,DISTRITO NACIONAL,CENTRAL,CENTRAL 138 kV,ZMATAE,Ip>
3I0p,\VM-PF.IntUser\PDD 31-12-2024.IntPrj\Network Model.IntPrjfolder\Network Data.IntPrjfolder\CENTRAL 138 kV.ElmNet\ZMATAE.ElmSubstat\R1.ElmTerm\Cub_1.StaCubic\ZMATBE_ZHAINE-L2-7SA6.ElmRelay\Overcurrent.ElmRelay\3I0p.RelToc,1,DISTRITO NACIONAL,CENTRAL,CENTRAL 138 kV,ZMATAE,3I0p
3I0p,\VM-PF.IntUser\PDD 31-12-2024.IntPrj\Network Model.IntPrjfolder\Network Data.IntPrjfolder\CENTRAL 138 kV.ElmNet\ZMATAE.ElmSubstat\R1.ElmTerm\Cub_1.StaCubic\ZMATBE_ZHAINE-L2-7SA6.ElmRelay\Earthfault.ElmRelay\3I0p.RelToc,1,DISTRITO NACIONAL,CENTRAL,CENTRAL 138 kV,ZMATAE,3I0p
Thermal Overload,\VM-PF.IntUser\PDD 31-12-2024.IntPrj\Network Model.IntPrjfolder\Network Data.IntPrjfolder\CENTRAL 138 kV.ElmNet\ZMATAE.ElmSubstat\R1.ElmTerm\Cub_1.StaCubic\ZMATBE_ZHAINE-L2-7SA6.ElmRelay\Thermal Overload.RelToc,1,DISTRITO NACIONAL,CENTRAL,CENTRAL 138 kV,ZMATAE,Thermal Overload
Ip>,\VM-PF.IntUser\PDD 31-12-2024.IntPrj\Network Model.IntPrjfolder\Network Data.IntPrjfolder\CENTRAL 138 kV.ElmNet\ZMATAE.ElmSubstat\R2.ElmTerm\Cub_1.StaCubic\ZMATAE_ZEMBAE-L1-7SA6.ElmRelay\Overcurrent.ElmRelay\Ip>.RelToc,1,DISTRITO NACIONAL,CENTRAL,CENTRAL 138 kV,ZMATAE,Ip>
3I0p,\VM-PF.IntUser\PDD 31-12-2024.IntPrj\Network Model.IntPrjfolder\Network Data.IntPrjfolder\CENTRAL 138 kV.ElmNet\ZMATAE.ElmSubstat\R2.ElmTerm\Cub_1.StaCubic\ZMATAE_ZEMBAE-L1-7SA6.ElmRelay\Overcurrent.ElmRelay\3I0p.RelToc,1,DISTRITO NACIONAL,CENTRAL,CENTRAL 138 kV,ZMATAE,3I0p
3I0p,\VM-PF.IntUser\PDD 31-12-2024.IntPrj\Network Model.IntPrjfolder\Network Data.IntPrjfolder\CENTRAL 138 kV.ElmNet\ZMATAE.ElmSubstat\R2.ElmTerm\Cub_1.StaCubic\ZMATAE_ZEMBAE-L1-7SA6.ElmRelay\Earthfault.ElmRelay\3I0p.RelToc,1,DISTRITO NACIONAL,CENTRAL,CENTRAL 138 kV,ZMATAE,3I0p
Thermal Overload,\VM-PF.IntUser\PDD 31-12-2024.IntPrj\Network Model.IntPrjfolder\Network Data.IntPrjfolder\CENTRAL 138 kV.ElmNet\ZMATAE.ElmSubstat\R2.ElmTerm\Cub_1.StaCubic\ZMATAE_ZEMBAE-L1-7SA6.ElmRelay\Thermal Overload.RelToc,1,DISTRITO NACIONAL,CENTRAL,CENTRAL 138 kV,ZMATAE,Thermal Overload
ANSI 49,\VM-PF.IntUser\PDD 31-12-2024.IntPrj\Network Model.IntPrjfolder\Network Data.IntPrjfolder\CENTRAL 138 kV.ElmNet\Los Mina 6.ElmSite\ZLMI6E.ElmSubstat\1.ElmTerm\Cub_1.StaCubic\ZLMI6E_ZLMINE-L1-7SD610.ElmRelay\ANSI 49.RelToc,1,SANTO DOMINGO,CENTRAL,CENTRAL 138 kV,ZLMI6E,ANSI 49
Iph,\VM-PF.IntUser\PDD 31-12-2024.IntPrj\Network Model.IntPrjfolder\Network Data.IntPrjfolder\CENTRAL 138 kV.ElmNet\Los Mina 6.ElmSite\ZLMI6E.ElmSubstat\1.ElmTerm\Cub_1.StaCubic\ZLMI6E_ZLMINE-L1-7SD610.ElmRelay\Iph.RelToc,1,SANTO DOMINGO,CENTRAL,CENTRAL 138 kV,ZLMI6E,Iph
3I0,\VM-PF.IntUser\PDD 31-12-2024.IntPrj\Network Model.IntPrjfolder\Network Data.IntPrjfolder\CENTRAL 138 kV.ElmNet\Los Mina 6.ElmSite\ZLMI6E.ElmSubstat\1.ElmTerm\Cub_1.StaCubic\ZLMI6E_ZLMINE-L1-7SD610.ElmRelay\3I0.RelToc,1,SANTO DOMINGO,CENTRAL,CENTRAL 138 kV,ZLMI6E,3I0
Ip 51,\VM-PF.IntUser\PDD 31-12-2024.IntPrj\Network Model.IntPrjfolder\Network Data.IntPrjfolder\CENTRAL 138 kV.ElmNet\Los Mina 6.ElmSite\ZLMI6E.ElmSubstat\1.ElmTerm\Cub_1.StaCubic\ZLMI6E_ZLMINE-L1-7SJ80.ElmRelay\Ip 51.RelToc,1,SANTO DOMINGO,CENTRAL,CENTRAL 138 kV,ZLMI6E,Ip 51
Iep 51N,\VM-PF.IntUser\PDD 31-12-2024.IntPrj\Network Model.IntPrjfolder\Network Data.IntPrjfolder\CENTRAL 138 kV.ElmNet\Los Mina 6.ElmSite\ZLMI6E.ElmSubstat\1.ElmTerm\Cub_1.StaCubic\ZLMI6E_ZLMINE-L1-7SJ80.ElmRelay\Iep 51N.RelToc,1,SANTO DOMINGO,CENTRAL,CENTRAL 138 kV,ZLMI6E,Iep 51N
Ip 67 TOC,\VM-PF.IntUser\PDD 31-12-2024.IntPrj\Network Model.IntPrjfolder\Network Data.IntPrjfolder\CENTRAL 138 kV.ElmNet\Los Mina 6.ElmSite\ZLMI6E.ElmSubstat\1.ElmTerm\Cub_1.StaCubic\ZLMI6E_ZLMINE-L1-7SJ80.ElmRelay\Ip 67 TOC.RelToc,1,SANTO DOMINGO,CENTRAL,CENTRAL 138 kV,ZLMI6E,Ip 67 TOC
Iep 67N TOC,\VM-PF.IntUser\PDD 31-12-2024.IntPrj\Network Model.IntPrjfolder\Network Data.IntPrjfolder\CENTRAL 138 kV.ElmNet\Los Mina 6.ElmSite\ZLMI6E.ElmSubstat\1.ElmTerm\Cub_1.StaCubic\ZLMI6E_ZLMINE-L1-7SJ80.ElmRelay\Iep 67N TOC.RelToc,1,SANTO DOMINGO,CENTRAL,CENTRAL 138 kV,ZLMI6E,Iep 67N TOC
I2p 46 TOC,\VM-PF.IntUser\PDD 31-12-2024.IntPrj\Network Model.IntPrjfolder\Network Data.IntPrjfolder\CENTRAL 138 kV.ElmNet\Los Mina 6.ElmSite\ZLMI6E.ElmSubstat\1.ElmTerm\Cub_1.StaCubic\ZLMI6E_ZLMINE-L1-7SJ80.ElmRelay\I2p 46 TOC.RelToc,1,SANTO DOMINGO,CENTRAL,CENTRAL 138 kV,ZLMI6E,I2p 46 TOC
Overload 49,\VM-PF.IntUser\PDD 31-12-2024.IntPrj\Network Model.IntPrjfolder\Network Data.IntPrjfolder\CENTRAL 138 kV.ElmNet\Los Mina 6.ElmSite\ZLMI6E.ElmSubstat\1.ElmTerm\Cub_1.StaCubic\ZLMI6E_ZLMINE-L1-7SJ80.ElmRelay\Overload 49.RelToc,1,SANTO DOMINGO,CENTRAL,CENTRAL 138 kV,ZLMI6E,Overload 49
I>1,\VM-PF.IntUser\PDD 31-12-2024.IntPrj\Network Model.IntPrjfolder\Network Data.IntPrjfolder\CENTRAL 138 kV.ElmNet\AES Andrés.ElmSite\ZAANDE.ElmSubstat\1.ElmTerm\Cub_1.StaCubic\ZAANDE_ZAAINE-L1-P140.ElmRelay\I>1.RelToc,1,SANTO DOMINGO,CENTRAL,CENTRAL 138 kV,ZAANDE,I>1
I>2,\VM-PF.IntUser\PDD 31-12-2024.IntPrj\Network Model.IntPrjfolder\Network Data.IntPrjfolder\CENTRAL 138 kV.ElmNet\AES Andrés.ElmSite\ZAANDE.ElmSubstat\1.ElmTerm\Cub_1.StaCubic\ZAANDE_ZAAINE-L1-P140.ElmRelay\I>2.RelToc,1,SANTO DOMINGO,CENTRAL,CENTRAL 138 kV,ZAANDE,I>2
Therm,\VM-PF.IntUser\PDD 31-12-2024.IntPrj\Network Model.IntPrjfolder\Network Data.IntPrjfolder\CENTRAL 138 kV.ElmNet\AES Andrés.ElmSite\ZAANDE.ElmSubstat\1.ElmTerm\Cub_1.StaCubic\ZAANDE_ZAAINE-L1-P140.ElmRelay\Therm.RelToc,1,SANTO DOMINGO,CENTRAL,CENTRAL 138 kV,ZAANDE,Therm
IN1>1,\VM-PF.IntUser\PDD 31-12-2024.IntPrj\Network Model.IntPrjfolder\Network Data.IntPrjfolder\CENTRAL 138 kV.ElmNet\AES Andrés.ElmSite\ZAANDE.ElmSubstat\1.ElmTerm\Cub_1.StaCubic\ZAANDE_ZAAINE-L1-P140.ElmRelay\IN1>1.RelToc,1,SANTO DOMINGO,CENTRAL,CENTRAL 138 kV,ZAANDE,IN1>1
IN1>2,\VM-PF.IntUser\PDD 31-12-2024.IntPrj\Network Model.IntPrjfolder\Network Data.IntPrjfolder\CENTRAL 138 kV.ElmNet\AES Andrés.ElmSite\ZAANDE.ElmSubstat\1.ElmTerm\Cub_1.StaCubic\ZAANDE_ZAAINE-L1-P140.ElmRelay\IN1>2.RelToc,1,SANTO DOMINGO,CENTRAL,CENTRAL 138 kV,ZAANDE,IN1>2
IN2>1,\VM-PF.IntUser\PDD 31-12-2024.IntPrj\Network Model.IntPrjfolder\Network Data.IntPrjfolder\CENTRAL 138 kV.ElmNet\AES Andrés.ElmSite\ZAANDE.ElmSubstat\1.ElmTerm\Cub_1.StaCubic\ZAANDE_ZAAINE-L1-P140.ElmRelay\IN2>1.RelToc,1,SANTO DOMINGO,CENTRAL,CENTRAL 138 kV,ZAANDE,IN2>1
IN2>2,\VM-PF.IntUser\PDD 31-12-2024.IntPrj\Network Model.IntPrjfolder\Network Data.IntPrjfolder\CENTRAL 138 kV.ElmNet\AES Andrés.ElmSite\ZAANDE.ElmSubstat\1.ElmTerm\Cub_1.StaCubic\ZAANDE_ZAAINE-L1-P140.ElmRelay\IN2>2.RelToc,1,SANTO DOMINGO,CENTRAL,CENTRAL 138 kV,ZAANDE,IN2>2
ISEF>1,\VM-PF.IntUser\PDD 31-12-2024.IntPrj\Network Model.IntPrjfolder\Network Data.IntPrjfolder\CENTRAL 138 kV.ElmNet\AES Andrés.ElmSite\ZAANDE.ElmSubstat\1.ElmTerm\Cub_1.StaCubic\ZAANDE_ZAAINE-L1-P140.ElmRelay\ISEF>1.RelToc,1,SANTO DOMINGO,CENTRAL,CENTRAL 138 kV,ZAANDE,ISEF>1
ISEF>2,\VM-PF.IntUser\PDD 31-12-2024.IntPrj\Network Model.IntPrjfolder\Network Data.IntPrjfolder\CENTRAL 138 kV.ElmNet\AES Andrés.ElmSite\ZAANDE.ElmSubstat\1.ElmTerm\Cub_1.StaCubic\ZAANDE_ZAAINE-L1-P140.ElmRelay\ISEF>2.RelToc,1,SANTO DOMINGO,CENTRAL,CENTRAL 138 kV,ZAANDE,ISEF>2
I>1,\VM-PF.IntUser\PDD 31-12-2024.IntPrj\Network Model.IntPrjfolder\Network Data.IntPrjfolder\CENTRAL 138 kV.ElmNet\AES Andrés.ElmSite\ZAANDE.ElmSubstat\1.ElmTerm\Cub_1.StaCubic\ZAANDE_ZAAINE-L1-P44x.ElmRelay\I>1.RelToc,1,SANTO DOMINGO,CENTRAL,CENTRAL 138 kV,ZAANDE,I>1
I>2,\VM-PF.IntUser\PDD 31-12-2024.IntPrj\Network Model.IntPrjfolder\Network Data.IntPrjfolder\CENTRAL 138 kV.ElmNet\AES Andrés.ElmSite\ZAANDE.ElmSubstat\1.ElmTerm\Cub_1.StaCubic\ZAANDE_ZAAINE-L1-P44x.ElmRelay\I>2.RelToc,1,SANTO DOMINGO,CENTRAL,CENTRAL 138 kV,ZAANDE,I>2
IN>1,\VM-PF.IntUser\PDD 31-12-2024.IntPrj\Network Model.IntPrjfolder\Network Data.IntPrjfolder\CENTRAL 138 kV.ElmNet\AES Andrés.ElmSite\ZAANDE.ElmSubstat\1.ElmTerm\Cub_1.StaCubic\ZAANDE_ZAAINE-L1-P44x.ElmRelay\IN>1.RelToc,1,SANTO DOMINGO,CENTRAL,CENTRAL 138 kV,ZAANDE,IN>1
IN>2,\VM-PF.IntUser\PDD 31-12-2024.IntPrj\Network Model.IntPrjfolder\Network Data.IntPrjfolder\CENTRAL 138 kV.ElmNet\AES Andrés.ElmSite\ZAANDE.ElmSubstat\1.ElmTerm\Cub_1.StaCubic\ZAANDE_ZAAINE-L1-P44x.ElmRelay\IN>2.RelToc,1,SANTO DOMINGO,CENTRAL,CENTRAL 138 kV,ZAANDE,IN>2
L6CPDIF IMaxAddDelay,\VM-PF.IntUser\PDD 31-12-2024.IntPrj\Network Model.IntPrjfolder\Network Data.IntPrjfolder\CENTRAL 138 kV.ElmNet\METALDOM.ElmSite\ZMETAE.ElmSubstat\WMETAE(1).ElmTerm\WBMETAE(1).StaCubic\ZMETAE_ZMATBE-L1-RED670.ElmRelay\PDIF 87.ElmRelay\L6CPDIF IMaxAddDelay.RelToc,1,DISTRITO NACIONAL,CENTRAL,CENTRAL 138 kV,ZMETAE,L6CPDIF IMaxAddDelay
LT6CPDIF IMaxAddDelay,\VM-PF.IntUser\PDD 31-12-2024.IntPrj\Network Model.IntPrjfolder\Network Data.IntPrjfolder\CENTRAL 138 kV.ElmNet\METALDOM.ElmSite\ZMETAE.ElmSubstat\WMETAE(1).ElmTerm\WBMETAE(1).StaCubic\ZMETAE_ZMATBE-L1-RED670.ElmRelay\PDIF 87.ElmRelay\LT6CPDIF IMaxAddDelay.RelToc,1,DISTRITO NACIONAL,CENTRAL,CENTRAL 138 kV,ZMETAE,LT6CPDIF IMaxAddDelay
PTOC 51_67 1,\VM-PF.IntUser\PDD 31-12-2024.IntPrj\Network Model.IntPrjfolder\Network Data.IntPrjfolder\CENTRAL 138 kV.ElmNet\METALDOM.ElmSite\ZMETAE.ElmSubstat\WMETAE(1).ElmTerm\WBMETAE(1).StaCubic\ZMETAE_ZMATBE-L1-RED670.ElmRelay\PTOC 51_67.ElmRelay\PTOC 51_67 1.RelToc,1,DISTRITO NACIONAL,CENTRAL,CENTRAL 138 kV,ZMETAE,PTOC 51_67 1
PTOC 51_67 2,\VM-PF.IntUser\PDD 31-12-2024.IntPrj\Network Model.IntPrjfolder\Network Data.IntPrjfolder\CENTRAL 138 kV.ElmNet\METALDOM.ElmSite\ZMETAE.ElmSubstat\WMETAE(1).ElmTerm\WBMETAE(1).StaCubic\ZMETAE_ZMATBE-L1-RED670.ElmRelay\PTOC 51_67.ElmRelay\PTOC 51_67 2.RelToc,1,DISTRITO NACIONAL,CENTRAL,CENTRAL 138 kV,ZMETAE,PTOC 51_67 2
PTOC 51_67 3,\VM-PF.IntUser\PDD 31-12-2024.IntPrj\Network Model.IntPrjfolder\Network Data.IntPrjfolder\CENTRAL 138 kV.ElmNet\METALDOM.ElmSite\ZMETAE.ElmSubstat\WMETAE(1).ElmTerm\WBMETAE(1).StaCubic\ZMETAE_ZMATBE-L1-RED670.ElmRelay\PTOC 51_67.ElmRelay\PTOC 51_67 3.RelToc,1,DISTRITO NACIONAL,CENTRAL,CENTRAL 138 kV,ZMETAE,PTOC 51_67 3
PTOC 51_67 4,\VM-PF.IntUser\PDD 31-12-2024.IntPrj\Network Model.IntPrjfolder\Network Data.IntPrjfolder\CENTRAL 138 kV.ElmNet\METALDOM.ElmSite\ZMETAE.ElmSubstat\WMETAE(1).ElmTerm\WBMETAE(1).StaCubic\ZMETAE_ZMATBE-L1-RED670.ElmRelay\PTOC 51_67.ElmRelay\PTOC 51_67 4.RelToc,1,DISTRITO NACIONAL,CENTRAL,CENTRAL 138 kV,ZMETAE,PTOC 51_67 4
PTOC 51N_67N 1,\VM-PF.IntUser\PDD 31-12-2024.IntPrj\Network Model.IntPrjfolder\Network Data.IntPrjfolder\CENTRAL 138 kV.ElmNet\METALDOM.ElmSite\ZMETAE.ElmSubstat\WMETAE(1).ElmTerm\WBMETAE(1).StaCubic\ZMETAE_ZMATBE-L1-RED670.ElmRelay\PTOC 51N67N.ElmRelay\PTOC 51N_67N 1.RelToc,1,DISTRITO NACIONAL,CENTRAL,CENTRAL 138 kV,ZMETAE,PTOC 51N_67N 1
PTOC 51N_67N 2,\VM-PF.IntUser\PDD 31-12-2024.IntPrj\Network Model.IntPrjfolder\Network Data.IntPrjfolder\CENTRAL 138 kV.ElmNet\METALDOM.ElmSite\ZMETAE.ElmSubstat\WMETAE(1).ElmTerm\WBMETAE(1).StaCubic\ZMETAE_ZMATBE-L1-RED670.ElmRelay\PTOC 51N67N.ElmRelay\PTOC 51N_67N 2.RelToc,1,DISTRITO NACIONAL,CENTRAL,CENTRAL 138 kV,ZMETAE,PTOC 51N_67N 2
PTOC 51N_67N 3,\VM-PF.IntUser\PDD 31-12-2024.IntPrj\Network Model.IntPrjfolder\Network Data.IntPrjfolder\CENTRAL 138 kV.ElmNet\METALDOM.ElmSite\ZMETAE.ElmSubstat\WMETAE(1).ElmTerm\WBMETAE(1).StaCubic\ZMETAE_ZMATBE-L1-RED670.ElmRelay\PTOC 51N67N.ElmRelay\PTOC 51N_67N 3.RelToc,1,DISTRITO NACIONAL,CENTRAL,CENTRAL 138 kV,ZMETAE,PTOC 51N_67N 3
PTOC 51N_67N 4,\VM-PF.IntUser\PDD 31-12-2024.IntPrj\Network Model.IntPrjfolder\Network Data.IntPrjfolder\CENTRAL 138 kV.ElmNet\METALDOM.ElmSite\ZMETAE.ElmSubstat\WMETAE(1).ElmTerm\WBMETAE(1).StaCubic\ZMETAE_ZMATBE-L1-RED670.ElmRelay\PTOC 51N67N.ElmRelay\PTOC 51N_67N 4.RelToc,1,DISTRITO NACIONAL,CENTRAL,CENTRAL 138 kV,ZMETAE,PTOC 51N_67N 4
Toc2,\VM-PF.IntUser\PDD 31-12-2024.IntPrj\Network Model.IntPrjfolder\Network Data.IntPrjfolder\CENTRAL 138 kV.ElmNet\ZPARAE.ElmSubstat\WPARAE(6).ElmTerm\WBPARA(1).StaCubic\ZPARAE_ZMETRE-L1-REL316-87L.ElmRelay\TOC2.ElmRelay\Toc2.RelToc,1,DISTRITO NACIONAL,CENTRAL,CENTRAL 138 kV,ZPARAE,Toc2
Toc3,\VM-PF.IntUser\PDD 31-12-2024.IntPrj\Network Model.IntPrjfolder\Network Data.IntPrjfolder\CENTRAL 138 kV.ElmNet\ZPARAE.ElmSubstat\WPARAE(6).ElmTerm\WBPARA(1).StaCubic\ZPARAE_ZMETRE-L1-REL316-87L.ElmRelay\TOC3.ElmRelay\Toc3.RelToc,1,DISTRITO NACIONAL,CENTRAL,CENTRAL 138 kV,ZPARAE,Toc3
TEF,\VM-PF.IntUser\PDD 31-12-2024.IntPrj\Network Model.IntPrjfolder\Network Data.IntPrjfolder\CENTRAL 138 kV.ElmNet\ZPARAE.ElmSubstat\WPARAE(6).ElmTerm\WBPARA(1).StaCubic\ZPARAE_ZMETRE-L1-REL316-87L.ElmRelay\TEF.ElmRelay\TEF.RelToc,1,DISTRITO NACIONAL,CENTRAL,CENTRAL 138 kV,ZPARAE,TEF
EF4 Step 4,\VM-PF.IntUser\PDD 31-12-2024.IntPrj\Network Model.IntPrjfolder\Network Data.IntPrjfolder\CENTRAL 138 kV.ElmNet\ZPARAE.ElmSubstat\WPARAE(6).ElmTerm\WBPARA(1).StaCubic\ZPARAE_ZMETRE-L1-REL316-87L.ElmRelay\EF4.ElmRelay\EF4 Step 4.RelToc,1,DISTRITO NACIONAL,CENTRAL,CENTRAL 138 kV,ZPARAE,EF4 Step 4
Toc2,\VM-PF.IntUser\PDD 31-12-2024.IntPrj\Network Model.IntPrjfolder\Network Data.IntPrjfolder\CENTRAL 138 kV.ElmNet\ZPARAE.ElmSubstat\WPARAE(6).ElmTerm\WBPARA(1).StaCubic\ZPARAE_ZMETRE-L1-REL316.ElmRelay\TOC2.ElmRelay\Toc2.RelToc,1,DISTRITO NACIONAL,CENTRAL,CENTRAL 138 kV,ZPARAE,Toc2
Toc3,\VM-PF.IntUser\PDD 31-12-2024.IntPrj\Network Model.IntPrjfolder\Network Data.IntPrjfolder\CENTRAL 138 kV.ElmNet\ZPARAE.ElmSubstat\WPARAE(6).ElmTerm\WBPARA(1).StaCubic\ZPARAE_ZMETRE-L1-REL316.ElmRelay\TOC3.ElmRelay\Toc3.RelToc,1,DISTRITO NACIONAL,CENTRAL,CENTRAL 138 kV,ZPARAE,Toc3
TEF,\VM-PF.IntUser\PDD 31-12-2024.IntPrj\Network Model.IntPrjfolder\Network Data.IntPrjfolder\CENTRAL 138 kV.ElmNet\ZPARAE.ElmSubstat\WPARAE(6).ElmTerm\WBPARA(1).StaCubic\ZPARAE_ZMETRE-L1-REL316.ElmRelay\TEF.ElmRelay\TEF.RelToc,1,DISTRITO NACIONAL,CENTRAL,CENTRAL 138 kV,ZPARAE,TEF
EF4 Step 4,\VM-PF.IntUser\PDD 31-12-2024.IntPrj\Network Model.IntPrjfolder\Network Data.IntPrjfolder\CENTRAL 138 kV.ElmNet\ZPARAE.ElmSubstat\WPARAE(6).ElmTerm\WBPARA(1).StaCubic\ZPARAE_ZMETRE-L1-REL316.ElmRelay\EF4.ElmRelay\EF4 Step 4.RelToc,1,DISTRITO NACIONAL,CENTRAL,CENTRAL 138 kV,ZPARAE,EF4 Step 4
Toc2,\VM-PF.IntUser\PDD 31-12-2024.IntPrj\Network Model.IntPrjfolder\Network Data.IntPrjfolder\CENTRAL 138 kV.ElmNet\ZPARAE.ElmSubstat\1.ElmTerm\Cub_1.StaCubic\ZPARAE_ZJSA2E-L1-REL316.ElmRelay\TOC2.ElmRelay\Toc2.RelToc,1,DISTRITO NACIONAL,CENTRAL,CENTRAL 138 kV,ZPARAE,Toc2
Toc3,\VM-PF.IntUser\PDD 31-12-2024.IntPrj\Network Model.IntPrjfolder\Network Data.IntPrjfolder\CENTRAL 138 kV.ElmNet\ZPARAE.ElmSubstat\1.ElmTerm\Cub_1.StaCubic\ZPARAE_ZJSA2E-L1-REL316.ElmRelay\TOC3.ElmRelay\Toc3.RelToc,1,DISTRITO NACIONAL,CENTRAL,CENTRAL 138 kV,ZPARAE,Toc3
TEF,\VM-PF.IntUser\PDD 31-12-2024.IntPrj\Network Model.IntPrjfolder\Network Data.IntPrjfolder\CENTRAL 138 kV.ElmNet\ZPARAE.ElmSubstat\1.ElmTerm\Cub_1.StaCubic\ZPARAE_ZJSA2E-L1-REL316.ElmRelay\TEF.ElmRelay\TEF.RelToc,1,DISTRITO NACIONAL,CENTRAL,CENTRAL 138 kV,ZPARAE,TEF
EF4 Step 4,\VM-PF.IntUser\PDD 31-12-2024.IntPrj\Network Model.IntPrjfolder\Network Data.IntPrjfolder\CENTRAL 138 kV.ElmNet\ZPARAE.ElmSubstat\1.ElmTerm\Cub_1.StaCubic\ZPARAE_ZJSA2E-L1-REL316.ElmRelay\EF4.ElmRelay\EF4 Step 4.RelToc,1,DISTRITO NACIONAL,CENTRAL,CENTRAL 138 kV,ZPARAE,EF4 Step 4
Toc2,\VM-PF.IntUser\PDD 31-12-2024.IntPrj\Network Model.IntPrjfolder\Network Data.IntPrjfolder\CENTRAL 138 kV.ElmNet\ZPARAE.ElmSubstat\2.ElmTerm\WBPARA(1).StaCubic\ZPARAE_ZMETRE-L1-REL316.ElmRelay\TOC2.ElmRelay\Toc2.RelToc,1,DISTRITO NACIONAL,CENTRAL,CENTRAL 138 kV,ZPARAE,Toc2
Toc3,\VM-PF.IntUser\PDD 31-12-2024.IntPrj\Network Model.IntPrjfolder\Network Data.IntPrjfolder\CENTRAL 138 kV.ElmNet\ZPARAE.ElmSubstat\2.ElmTerm\WBPARA(1).StaCubic\ZPARAE_ZMETRE-L1-REL316.ElmRelay\TOC3.ElmRelay\Toc3.RelToc,1,DISTRITO NACIONAL,CENTRAL,CENTRAL 138 kV,ZPARAE,Toc3
TEF,\VM-PF.IntUser\PDD 31-12-2024.IntPrj\Network Model.IntPrjfolder\Network Data.IntPrjfolder\CENTRAL 138 kV.ElmNet\ZPARAE.ElmSubstat\2.ElmTerm\WBPARA(1).StaCubic\ZPARAE_ZMETRE-L1-REL316.ElmRelay\TEF.ElmRelay\TEF.RelToc,1,DISTRITO NACIONAL,CENTRAL,CENTRAL 138 kV,ZPARAE,TEF
EF4 Step 4,\VM-PF.IntUser\PDD 31-12-2024.IntPrj\Network Model.IntPrjfolder\Network Data.IntPrjfolder\CENTRAL 138 kV.ElmNet\ZPARAE.ElmSubstat\2.ElmTerm\WBPARA(1).StaCubic\ZPARAE_ZMETRE-L1-REL316.ElmRelay\EF4.ElmRelay\EF4 Step 4.RelToc,1,DISTRITO NACIONAL,CENTRAL,CENTRAL 138 kV,ZPARAE,EF4 Step 4
Toc2,\VM-PF.IntUser\PDD 31-12-2024.IntPrj\Network Model.IntPrjfolder\Network Data.IntPrjfolder\CENTRAL 138 kV.ElmNet\ZPARAE.ElmSubstat\2.ElmTerm\WBPARA(1).StaCubic\ZPARAE_ZMETRE-L1-REL316-87L.ElmRelay\TOC2.ElmRelay\Toc2.RelToc,1,DISTRITO NACIONAL,CENTRAL,CENTRAL 138 kV,ZPARAE,Toc2
Toc3,\VM-PF.IntUser\PDD 31-12-2024.IntPrj\Network Model.IntPrjfolder\Network Data.IntPrjfolder\CENTRAL 138 kV.ElmNet\ZPARAE.ElmSubstat\2.ElmTerm\WBPARA(1).StaCubic\ZPARAE_ZMETRE-L1-REL316-87L.ElmRelay\TOC3.ElmRelay\Toc3.RelToc,1,DISTRITO NACIONAL,CENTRAL,CENTRAL 138 kV,ZPARAE,Toc3
TEF,\VM-PF.IntUser\PDD 31-12-2024.IntPrj\Network Model.IntPrjfolder\Network Data.IntPrjfolder\CENTRAL 138 kV.ElmNet\ZPARAE.ElmSubstat\2.ElmTerm\WBPARA(1).StaCubic\ZPARAE_ZMETRE-L1-REL316-87L.ElmRelay\TEF.ElmRelay\TEF.RelToc,1,DISTRITO NACIONAL,CENTRAL,CENTRAL 138 kV,ZPARAE,TEF
EF4 Step 4,\VM-PF.IntUser\PDD 31-12-2024.IntPrj\Network Model.IntPrjfolder\Network Data.IntPrjfolder\CENTRAL 138 kV.ElmNet\ZPARAE.ElmSubstat\2.ElmTerm\WBPARA(1).StaCubic\ZPARAE_ZMETRE-L1-REL316-87L.ElmRelay\EF4.ElmRelay\EF4 Step 4.RelToc,1,DISTRITO NACIONAL,CENTRAL,CENTRAL 138 kV,ZPARAE,EF4 Step 4
Ip>,\VM-PF.IntUser\PDD 31-12-2024.IntPrj\Network Model.IntPrjfolder\Network Data.IntPrjfolder\CENTRAL 138 kV.ElmNet\Timbeque 2.ElmSite\ZTIM2E.ElmSubstat\L2.ElmTerm\Cub_1.StaCubic\ZTIM2E_ZLMINE-L1-7SA6.ElmRelay\Overcurrent.ElmRelay\Ip>.RelToc,1,DISTRITO NACIONAL,CENTRAL,CENTRAL 138 kV,ZTIM2E,Ip>
3I0p,\VM-PF.IntUser\PDD 31-12-2024.IntPrj\Network Model.IntPrjfolder\Network Data.IntPrjfolder\CENTRAL 138 kV.ElmNet\Timbeque 2.ElmSite\ZTIM2E.ElmSubstat\L2.ElmTerm\Cub_1.StaCubic\ZTIM2E_ZLMINE-L1-7SA6.ElmRelay\Overcurrent.ElmRelay\3I0p.RelToc,1,DISTRITO NACIONAL,CENTRAL,CENTRAL 138 kV,ZTIM2E,3I0p
3I0p,\VM-PF.IntUser\PDD 31-12-2024.IntPrj\Network Model.IntPrjfolder\Network Data.IntPrjfolder\CENTRAL 138 kV.ElmNet\Timbeque 2.ElmSite\ZTIM2E.ElmSubstat\L2.ElmTerm\Cub_1.StaCubic\ZTIM2E_ZLMINE-L1-7SA6.ElmRelay\Earthfault.ElmRelay\3I0p.RelToc,1,DISTRITO NACIONAL,CENTRAL,CENTRAL 138 kV,ZTIM2E,3I0p
Thermal Overload,\VM-PF.IntUser\PDD 31-12-2024.IntPrj\Network Model.IntPrjfolder\Network Data.IntPrjfolder\CENTRAL 138 kV.ElmNet\Timbeque 2.ElmSite\ZTIM2E.ElmSubstat\L2.ElmTerm\Cub_1.StaCubic\ZTIM2E_ZLMINE-L1-7SA6.ElmRelay\Thermal Overload.RelToc,1,DISTRITO NACIONAL,CENTRAL,CENTRAL 138 kV,ZTIM2E,Thermal Overload
Ip 51,\VM-PF.IntUser\PDD 31-12-2024.IntPrj\Network Model.IntPrjfolder\Network Data.IntPrjfolder\CENTRAL 138 kV.ElmNet\Timbeque 2.ElmSite\ZTIM2E.ElmSubstat\L2.ElmTerm\Cub_1.StaCubic\ZTIM2E_ZLMINE-L1-7SJ62.ElmRelay\Ip 51.RelToc,1,DISTRITO NACIONAL,CENTRAL,CENTRAL 138 kV,ZTIM2E,Ip 51
Iep 51N,\VM-PF.IntUser\PDD 31-12-2024.IntPrj\Network Model.IntPrjfolder\Network Data.IntPrjfolder\CENTRAL 138 kV.ElmNet\Timbeque 2.ElmSite\ZTIM2E.ElmSubstat\L2.ElmTerm\Cub_1.StaCubic\ZTIM2E_ZLMINE-L1-7SJ62.ElmRelay\Iep 51N.RelToc,1,DISTRITO NACIONAL,CENTRAL,CENTRAL 138 kV,ZTIM2E,Iep 51N
Ip 67 TOC,\VM-PF.IntUser\PDD 31-12-2024.IntPrj\Network Model.IntPrjfolder\Network Data.IntPrjfolder\CENTRAL 138 kV.ElmNet\Timbeque 2.ElmSite\ZTIM2E.ElmSubstat\L2.ElmTerm\Cub_1.StaCubic\ZTIM2E_ZLMINE-L1-7SJ62.ElmRelay\Ip 67 TOC.RelToc,1,DISTRITO NACIONAL,CENTRAL,CENTRAL 138 kV,ZTIM2E,Ip 67 TOC
Iep 67N TOC,\VM-PF.IntUser\PDD 31-12-2024.IntPrj\Network Model.IntPrjfolder\Network Data.IntPrjfolder\CENTRAL 138 kV.ElmNet\Timbeque 2.ElmSite\ZTIM2E.ElmSubstat\L2.ElmTerm\Cub_1.StaCubic\ZTIM2E_ZLMINE-L1-7SJ62.ElmRelay\Iep 67N TOC.RelToc,1,DISTRITO NACIONAL,CENTRAL,CENTRAL 138 kV,ZTIM2E,Iep 67N TOC
I2p 46 TOC,\VM-PF.IntUser\PDD 31-12-2024.IntPrj\Network Model.IntPrjfolder\Network Data.IntPrjfolder\CENTRAL 138 kV.ElmNet\Timbeque 2.ElmSite\ZTIM2E.ElmSubstat\L2.ElmTerm\Cub_1.StaCubic\ZTIM2E_ZLMINE-L1-7SJ62.ElmRelay\I2p 46 TOC.RelToc,1,DISTRITO NACIONAL,CENTRAL,CENTRAL 138 kV,ZTIM2E,I2p 46 TOC
Overload 49,\VM-PF.IntUser\PDD 31-12-2024.IntPrj\Network Model.IntPrjfolder\Network Data.IntPrjfolder\CENTRAL 138 kV.ElmNet\Timbeque 2.ElmSite\ZTIM2E.ElmSubstat\L2.ElmTerm\Cub_1.StaCubic\ZTIM2E_ZLMINE-L1-7SJ62.ElmRelay\Overload 49.RelToc,1,DISTRITO NACIONAL,CENTRAL,CENTRAL 138 kV,ZTIM2E,Overload 49
Ip>,\VM-PF.IntUser\PDD 31-12-2024.IntPrj\Network Model.IntPrjfolder\Network Data.IntPrjfolder\CENTRAL 138 kV.ElmNet\Timbeque 2.ElmSite\ZTIM2E.ElmSubstat\R1.ElmTerm\Cub_1.StaCubic\ZTIM2E_ZVDUAE-L1-7SA6.ElmRelay\Overcurrent.ElmRelay\Ip>.RelToc,1,DISTRITO NACIONAL,CENTRAL,CENTRAL 138 kV,ZTIM2E,Ip>
3I0p,\VM-PF.IntUser\PDD 31-12-2024.IntPrj\Network Model.IntPrjfolder\Network Data.IntPrjfolder\CENTRAL 138 kV.ElmNet\Timbeque 2.ElmSite\ZTIM2E.ElmSubstat\R1.ElmTerm\Cub_1.StaCubic\ZTIM2E_ZVDUAE-L1-7SA6.ElmRelay\Overcurrent.ElmRelay\3I0p.RelToc,1,DISTRITO NACIONAL,CENTRAL,CENTRAL 138 kV,ZTIM2E,3I0p
3I0p,\VM-PF.IntUser\PDD 31-12-2024.IntPrj\Network Model.IntPrjfolder\Network Data.IntPrjfolder\CENTRAL 138 kV.ElmNet\Timbeque 2.ElmSite\ZTIM2E.ElmSubstat\R1.ElmTerm\Cub_1.StaCubic\ZTIM2E_ZVDUAE-L1-7SA6.ElmRelay\Earthfault.ElmRelay\3I0p.RelToc,1,DISTRITO NACIONAL,CENTRAL,CENTRAL 138 kV,ZTIM2E,3I0p
Thermal Overload,\VM-PF.IntUser\PDD 31-12-2024.IntPrj\Network Model.IntPrjfolder\Network Data.IntPrjfolder\CENTRAL 138 kV.ElmNet\Timbeque 2.ElmSite\ZTIM2E.ElmSubstat\R1.ElmTerm\Cub_1.StaCubic\ZTIM2E_ZVDUAE-L1-7SA6.ElmRelay\Thermal Overload.RelToc,1,DISTRITO NACIONAL,CENTRAL,CENTRAL 138 kV,ZTIM2E,Thermal Overload
Ip 51,\VM-PF.IntUser\PDD 31-12-2024.IntPrj\Network Model.IntPrjfolder\Network Data.IntPrjfolder\CENTRAL 138 kV.ElmNet\Timbeque 2.ElmSite\ZTIM2E.ElmSubstat\R1.ElmTerm\Cub_1.StaCubic\ZTIM2E_ZVDUAE-L1-7SJ62.ElmRelay\Ip 51.RelToc,1,DISTRITO NACIONAL,CENTRAL,CENTRAL 138 kV,ZTIM2E,Ip 51
Iep 51N,\VM-PF.IntUser\PDD 31-12-2024.IntPrj\Network Model.IntPrjfolder\Network Data.IntPrjfolder\CENTRAL 138 kV.ElmNet\Timbeque 2.ElmSite\ZTIM2E.ElmSubstat\R1.ElmTerm\Cub_1.StaCubic\ZTIM2E_ZVDUAE-L1-7SJ62.ElmRelay\Iep 51N.RelToc,1,DISTRITO NACIONAL,CENTRAL,CENTRAL 138 kV,ZTIM2E,Iep 51N
Ip 67 TOC,\VM-PF.IntUser\PDD 31-12-2024.IntPrj\Network Model.IntPrjfolder\Network Data.IntPrjfolder\CENTRAL 138 kV.ElmNet\Timbeque 2.ElmSite\ZTIM2E.ElmSubstat\R1.ElmTerm\Cub_1.StaCubic\ZTIM2E_ZVDUAE-L1-7SJ62.ElmRelay\Ip 67 TOC.RelToc,1,DISTRITO NACIONAL,CENTRAL,CENTRAL 138 kV,ZTIM2E,Ip 67 TOC
Iep 67N TOC,\VM-PF.IntUser\PDD 31-12-2024.IntPrj\Network Model.IntPrjfolder\Network Data.IntPrjfolder\CENTRAL 138 kV.ElmNet\Timbeque 2.ElmSite\ZTIM2E.ElmSubstat\R1.ElmTerm\Cub_1.StaCubic\ZTIM2E_ZVDUAE-L1-7SJ62.ElmRelay\Iep 67N TOC.RelToc,1,DISTRITO NACIONAL,CENTRAL,CENTRAL 138 kV,ZTIM2E,Iep 67N TOC
I2p 46 TOC,\VM-PF.IntUser\PDD 31-12-2024.IntPrj\Network Model.IntPrjfolder\Network Data.IntPrjfolder\CENTRAL 138 kV.ElmNet\Timbeque 2.ElmSite\ZTIM2E.ElmSubstat\R1.ElmTerm\Cub_1.StaCubic\ZTIM2E_ZVDUAE-L1-7SJ62.ElmRelay\I2p 46 TOC.RelToc,1,DISTRITO NACIONAL,CENTRAL,CENTRAL 138 kV,ZTIM2E,I2p 46 TOC
Overload 49,\VM-PF.IntUser\PDD 31-12-2024.IntPrj\Network Model.IntPrjfolder\Network Data.IntPrjfolder\CENTRAL 138 kV.ElmNet\Timbeque 2.ElmSite\ZTIM2E.ElmSubstat\R1.ElmTerm\Cub_1.StaCubic\ZTIM2E_ZVDUAE-L1-7SJ62.ElmRelay\Overload 49.RelToc,1,DISTRITO NACIONAL,CENTRAL,CENTRAL 138 kV,ZTIM2E,Overload 49
Ip>,\VM-PF.IntUser\PDD 31-12-2024.IntPrj\Network Model.IntPrjfolder\Network Data.IntPrjfolder\CENTRAL 138 kV.ElmNet\Timbeque 2.ElmSite\ZTIM2E.ElmSubstat\R2.ElmTerm\Cub_1.StaCubic\ZTIM2E_ZCNPEE-L1-7SA6.ElmRelay\Overcurrent.ElmRelay\Ip>.RelToc,1,DISTRITO NACIONAL,CENTRAL,CENTRAL 138 kV,ZTIM2E,Ip>
3I0p,\VM-PF.IntUser\PDD 31-12-2024.IntPrj\Network Model.IntPrjfolder\Network Data.IntPrjfolder\CENTRAL 138 kV.ElmNet\Timbeque 2.ElmSite\ZTIM2E.ElmSubstat\R2.ElmTerm\Cub_1.StaCubic\ZTIM2E_ZCNPEE-L1-7SA6.ElmRelay\Overcurrent.ElmRelay\3I0p.RelToc,1,DISTRITO NACIONAL,CENTRAL,CENTRAL 138 kV,ZTIM2E,3I0p
3I0p,\VM-PF.IntUser\PDD 31-12-2024.IntPrj\Network Model.IntPrjfolder\Network Data.IntPrjfolder\CENTRAL 138 kV.ElmNet\Timbeque 2.ElmSite\ZTIM2E.ElmSubstat\R2.ElmTerm\Cub_1.StaCubic\ZTIM2E_ZCNPEE-L1-7SA6.ElmRelay\Earthfault.ElmRelay\3I0p.RelToc,1,DISTRITO NACIONAL,CENTRAL,CENTRAL 138 kV,ZTIM2E,3I0p
Thermal Overload,\VM-PF.IntUser\PDD 31-12-2024.IntPrj\Network Model.IntPrjfolder\Network Data.IntPrjfolder\CENTRAL 138 kV.ElmNet\Timbeque 2.ElmSite\ZTIM2E.ElmSubstat\R2.ElmTerm\Cub_1.StaCubic\ZTIM2E_ZCNPEE-L1-7SA6.ElmRelay\Thermal Overload.RelToc,1,DISTRITO NACIONAL,CENTRAL,CENTRAL 138 kV,ZTIM2E,Thermal Overload
Ip 51,\VM-PF.IntUser\PDD 31-12-2024.IntPrj\Network Model.IntPrjfolder\Network Data.IntPrjfolder\CENTRAL 138 kV.ElmNet\Timbeque 2.ElmSite\ZTIM2E.ElmSubstat\R2.ElmTerm\Cub_1.StaCubic\ZTIM2E_ZCNPEE-L1-7SJ62.ElmRelay\Ip 51.RelToc,1,DISTRITO NACIONAL,CENTRAL,CENTRAL 138 kV,ZTIM2E,Ip 51
Iep 51N,\VM-PF.IntUser\PDD 31-12-2024.IntPrj\Network Model.IntPrjfolder\Network Data.IntPrjfolder\CENTRAL 138 kV.ElmNet\Timbeque 2.ElmSite\ZTIM2E.ElmSubstat\R2.ElmTerm\Cub_1.StaCubic\ZTIM2E_ZCNPEE-L1-7SJ62.ElmRelay\Iep 51N.RelToc,1,DISTRITO NACIONAL,CENTRAL,CENTRAL 138 kV,ZTIM2E,Iep 51N
Ip 67 TOC,\VM-PF.IntUser\PDD 31-12-2024.IntPrj\Network Model.IntPrjfolder\Network Data.IntPrjfolder\CENTRAL 138 kV.ElmNet\Timbeque 2.ElmSite\ZTIM2E.ElmSubstat\R2.ElmTerm\Cub_1.StaCubic\ZTIM2E_ZCNPEE-L1-7SJ62.ElmRelay\Ip 67 TOC.RelToc,1,DISTRITO NACIONAL,CENTRAL,CENTRAL 138 kV,ZTIM2E,Ip 67 TOC
Iep 67N TOC,\VM-PF.IntUser\PDD 31-12-2024.IntPrj\Network Model.IntPrjfolder\Network Data.IntPrjfolder\CENTRAL 138 kV.ElmNet\Timbeque 2.ElmSite\ZTIM2E.ElmSubstat\R2.ElmTerm\Cub_1.StaCubic\ZTIM2E_ZCNPEE-L1-7SJ62.ElmRelay\Iep 67N TOC.RelToc,1,DISTRITO NACIONAL,CENTRAL,CENTRAL 138 kV,ZTIM2E,Iep 67N TOC
I2p 46 TOC,\VM-PF.IntUser\PDD 31-12-2024.IntPrj\Network Model.IntPrjfolder\Network Data.IntPrjfolder\CENTRAL 138 kV.ElmNet\Timbeque 2.ElmSite\ZTIM2E.ElmSubstat\R2.ElmTerm\Cub_1.StaCubic\ZTIM2E_ZCNPEE-L1-7SJ62.ElmRelay\I2p 46 TOC.RelToc,1,DISTRITO NACIONAL,CENTRAL,CENTRAL 138 kV,ZTIM2E,I2p 46 TOC
Overload 49,\VM-PF.IntUser\PDD 31-12-2024.IntPrj\Network Model.IntPrjfolder\Network Data.IntPrjfolder\CENTRAL 138 kV.ElmNet\Timbeque 2.ElmSite\ZTIM2E.ElmSubstat\R2.ElmTerm\Cub_1.StaCubic\ZTIM2E_ZCNPEE-L1-7SJ62.ElmRelay\Overload 49.RelToc,1,DISTRITO NACIONAL,CENTRAL,CENTRAL 138 kV,ZTIM2E,Overload 49
ANSI 49,\VM-PF.IntUser\PDD 31-12-2024.IntPrj\Network Model.IntPrjfolder\Network Data.IntPrjfolder\CENTRAL 138 kV.ElmNet\Los Mina 5.ElmSite\ZLMI5E.ElmSubstat\1.ElmTerm\Cub_1.StaCubic\ZLMI5E_ZLMINE-L1-7SD610.ElmRelay\ANSI 49.RelToc,1,SANTO DOMINGO,CENTRAL,CENTRAL 138 kV,ZLMI5E,ANSI 49
Iph,\VM-PF.IntUser\PDD 31-12-2024.IntPrj\Network Model.IntPrjfolder\Network Data.IntPrjfolder\CENTRAL 138 kV.ElmNet\Los Mina 5.ElmSite\ZLMI5E.ElmSubstat\1.ElmTerm\Cub_1.StaCubic\ZLMI5E_ZLMINE-L1-7SD610.ElmRelay\Iph.RelToc,1,SANTO DOMINGO,CENTRAL,CENTRAL 138 kV,ZLMI5E,Iph
3I0,\VM-PF.IntUser\PDD 31-12-2024.IntPrj\Network Model.IntPrjfolder\Network Data.IntPrjfolder\CENTRAL 138 kV.ElmNet\Los Mina 5.ElmSite\ZLMI5E.ElmSubstat\1.ElmTerm\Cub_1.StaCubic\ZLMI5E_ZLMINE-L1-7SD610.ElmRelay\3I0.RelToc,1,SANTO DOMINGO,CENTRAL,CENTRAL 138 kV,ZLMI5E,3I0
Ip 51,\VM-PF.IntUser\PDD 31-12-2024.IntPrj\Network Model.IntPrjfolder\Network Data.IntPrjfolder\CENTRAL 138 kV.ElmNet\Los Mina 5.ElmSite\ZLMI5E.ElmSubstat\1.ElmTerm\Cub_1.StaCubic\ZLMI5E_ZLMINE-L1-7SJ80.ElmRelay\Ip 51.RelToc,1,SANTO DOMINGO,CENTRAL,CENTRAL 138 kV,ZLMI5E,Ip 51
Iep 51N,\VM-PF.IntUser\PDD 31-12-2024.IntPrj\Network Model.IntPrjfolder\Network Data.IntPrjfolder\CENTRAL 138 kV.ElmNet\Los Mina 5.ElmSite\ZLMI5E.ElmSubstat\1.ElmTerm\Cub_1.StaCubic\ZLMI5E_ZLMINE-L1-7SJ80.ElmRelay\Iep 51N.RelToc,1,SANTO DOMINGO,CENTRAL,CENTRAL 138 kV,ZLMI5E,Iep 51N
Ip 67 TOC,\VM-PF.IntUser\PDD 31-12-2024.IntPrj\Network Model.IntPrjfolder\Network Data.IntPrjfolder\CENTRAL 138 kV.ElmNet\Los Mina 5.ElmSite\ZLMI5E.ElmSubstat\1.ElmTerm\Cub_1.StaCubic\ZLMI5E_ZLMINE-L1-7SJ80.ElmRelay\Ip 67 TOC.RelToc,1,SANTO DOMINGO,CENTRAL,CENTRAL 138 kV,ZLMI5E,Ip 67 TOC
Iep 67N TOC,\VM-PF.IntUser\PDD 31-12-2024.IntPrj\Network Model.IntPrjfolder\Network Data.IntPrjfolder\CENTRAL 138 kV.ElmNet\Los Mina 5.ElmSite\ZLMI5E.ElmSubstat\1.ElmTerm\Cub_1.StaCubic\ZLMI5E_ZLMINE-L1-7SJ80.ElmRelay\Iep 67N TOC.RelToc,1,SANTO DOMINGO,CENTRAL,CENTRAL 138 kV,ZLMI5E,Iep 67N TOC
I2p 46 TOC,\VM-PF.IntUser\PDD 31-12-2024.IntPrj\Network Model.IntPrjfolder\Network Data.IntPrjfolder\CENTRAL 138 kV.ElmNet\Los Mina 5.ElmSite\ZLMI5E.ElmSubstat\1.ElmTerm\Cub_1.StaCubic\ZLMI5E_ZLMINE-L1-7SJ80.ElmRelay\I2p 46 TOC.RelToc,1,SANTO DOMINGO,CENTRAL,CENTRAL 138 kV,ZLMI5E,I2p 46 TOC
Overload 49,\VM-PF.IntUser\PDD 31-12-2024.IntPrj\Network Model.IntPrjfolder\Network Data.IntPrjfolder\CENTRAL 138 kV.ElmNet\Los Mina 5.ElmSite\ZLMI5E.ElmSubstat\1.ElmTerm\Cub_1.StaCubic\ZLMI5E_ZLMINE-L1-7SJ80.ElmRelay\Overload 49.RelToc,1,SANTO DOMINGO,CENTRAL,CENTRAL 138 kV,ZLMI5E,Overload 49
Ip>,\VM-PF.IntUser\PDD 31-12-2024.IntPrj\Network Model.IntPrjfolder\Network Data.IntPrjfolder\CENTRAL 138 kV.ElmNet\Palamara.ElmSite\ZPALAE.ElmSubstat\1.ElmTerm\Cub_1.StaCubic\ZPALAE_ZBON2E-L1-7SA6.ElmRelay\Overcurrent.ElmRelay\Ip>.RelToc,1,SANTO DOMINGO,CENTRAL,CENTRAL 138 kV,ZPALAE,Ip>
3I0p,\VM-PF.IntUser\PDD 31-12-2024.IntPrj\Network Model.IntPrjfolder\Network Data.IntPrjfolder\CENTRAL 138 kV.ElmNet\Palamara.ElmSite\ZPALAE.ElmSubstat\1.ElmTerm\Cub_1.StaCubic\ZPALAE_ZBON2E-L1-7SA6.ElmRelay\Overcurrent.ElmRelay\3I0p.RelToc,1,SANTO DOMINGO,CENTRAL,CENTRAL 138 kV,ZPALAE,3I0p
3I0p,\VM-PF.IntUser\PDD 31-12-2024.IntPrj\Network Model.IntPrjfolder\Network Data.IntPrjfolder\CENTRAL 138 kV.ElmNet\Palamara.ElmSite\ZPALAE.ElmSubstat\1.ElmTerm\Cub_1.StaCubic\ZPALAE_ZBON2E-L1-7SA6.ElmRelay\Earthfault.ElmRelay\3I0p.RelToc,1,SANTO DOMINGO,CENTRAL,CENTRAL 138 kV,ZPALAE,3I0p
Thermal Overload,\VM-PF.IntUser\PDD 31-12-2024.IntPrj\Network Model.IntPrjfolder\Network Data.IntPrjfolder\CENTRAL 138 kV.ElmNet\Palamara.ElmSite\ZPALAE.ElmSubstat\1.ElmTerm\Cub_1.StaCubic\ZPALAE_ZBON2E-L1-7SA6.ElmRelay\Thermal Overload.RelToc,1,SANTO DOMINGO,CENTRAL,CENTRAL 138 kV,ZPALAE,Thermal Overload
Ip 51,\VM-PF.IntUser\PDD 31-12-2024.IntPrj\Network Model.IntPrjfolder\Network Data.IntPrjfolder\CENTRAL 138 kV.ElmNet\Palamara.ElmSite\ZPALAE.ElmSubstat\1.ElmTerm\Cub_1.StaCubic\ZPALAE_ZBON2E-L1-7SJ64.ElmRelay\Ip 51.RelToc,1,SANTO DOMINGO,CENTRAL,CENTRAL 138 kV,ZPALAE,Ip 51
Iep 51N,\VM-PF.IntUser\PDD 31-12-2024.IntPrj\Network Model.IntPrjfolder\Network Data.IntPrjfolder\CENTRAL 138 kV.ElmNet\Palamara.ElmSite\ZPALAE.ElmSubstat\1.ElmTerm\Cub_1.StaCubic\ZPALAE_ZBON2E-L1-7SJ64.ElmRelay\Iep 51N.RelToc,1,SANTO DOMINGO,CENTRAL,CENTRAL 138 kV,ZPALAE,Iep 51N
Ip 67 TOC,\VM-PF.IntUser\PDD 31-12-2024.IntPrj\Network Model.IntPrjfolder\Network Data.IntPrjfolder\CENTRAL 138 kV.ElmNet\Palamara.ElmSite\ZPALAE.ElmSubstat\1.ElmTerm\Cub_1.StaCubic\ZPALAE_ZBON2E-L1-7SJ64.ElmRelay\Ip 67 TOC.RelToc,1,SANTO DOMINGO,CENTRAL,CENTRAL 138 kV,ZPALAE,Ip 67 TOC
Iep 67N TOC,\VM-PF.IntUser\PDD 31-12-2024.IntPrj\Network Model.IntPrjfolder\Network Data.IntPrjfolder\CENTRAL 138 kV.ElmNet\Palamara.ElmSite\ZPALAE.ElmSubstat\1.ElmTerm\Cub_1.StaCubic\ZPALAE_ZBON2E-L1-7SJ64.ElmRelay\Iep 67N TOC.RelToc,1,SANTO DOMINGO,CENTRAL,CENTRAL 138 kV,ZPALAE,Iep 67N TOC
I2p 46 TOC,\VM-PF.IntUser\PDD 31-12-2024.IntPrj\Network Model.IntPrjfolder\Network Data.IntPrjfolder\CENTRAL 138 kV.ElmNet\Palamara.ElmSite\ZPALAE.ElmSubstat\1.ElmTerm\Cub_1.StaCubic\ZPALAE_ZBON2E-L1-7SJ64.ElmRelay\I2p 46 TOC.RelToc,1,SANTO DOMINGO,CENTRAL,CENTRAL 138 kV,ZPALAE,I2p 46 TOC
Overload 49,\VM-PF.IntUser\PDD 31-12-2024.IntPrj\Network Model.IntPrjfolder\Network Data.IntPrjfolder\CENTRAL 138 kV.ElmNet\Palamara.ElmSite\ZPALAE.ElmSubstat\1.ElmTerm\Cub_1.StaCubic\ZPALAE_ZBON2E-L1-7SJ64.ElmRelay\Overload 49.RelToc,1,SANTO DOMINGO,CENTRAL,CENTRAL 138 kV,ZPALAE,Overload 49
Ip>,\VM-PF.IntUser\PDD 31-12-2024.IntPrj\Network Model.IntPrjfolder\Network Data.IntPrjfolder\CENTRAL 138 kV.ElmNet\Palamara.ElmSite\ZPALAE.ElmSubstat\2.ElmTerm\Cub_1.StaCubic\ZPALAE_ZBON2E-L2-7SA6.ElmRelay\Overcurrent.ElmRelay\Ip>.RelToc,1,SANTO DOMINGO,CENTRAL,CENTRAL 138 kV,ZPALAE,Ip>
3I0p,\VM-PF.IntUser\PDD 31-12-2024.IntPrj\Network Model.IntPrjfolder\Network Data.IntPrjfolder\CENTRAL 138 kV.ElmNet\Palamara.ElmSite\ZPALAE.ElmSubstat\2.ElmTerm\Cub_1.StaCubic\ZPALAE_ZBON2E-L2-7SA6.ElmRelay\Overcurrent.ElmRelay\3I0p.RelToc,1,SANTO DOMINGO,CENTRAL,CENTRAL 138 kV,ZPALAE,3I0p
3I0p,\VM-PF.IntUser\PDD 31-12-2024.IntPrj\Network Model.IntPrjfolder\Network Data.IntPrjfolder\CENTRAL 138 kV.ElmNet\Palamara.ElmSite\ZPALAE.ElmSubstat\2.ElmTerm\Cub_1.StaCubic\ZPALAE_ZBON2E-L2-7SA6.ElmRelay\Earthfault.ElmRelay\3I0p.RelToc,1,SANTO DOMINGO,CENTRAL,CENTRAL 138 kV,ZPALAE,3I0p
Thermal Overload,\VM-PF.IntUser\PDD 31-12-2024.IntPrj\Network Model.IntPrjfolder\Network Data.IntPrjfolder\CENTRAL 138 kV.ElmNet\Palamara.ElmSite\ZPALAE.ElmSubstat\2.ElmTerm\Cub_1.StaCubic\ZPALAE_ZBON2E-L2-7SA6.ElmRelay\Thermal Overload.RelToc,1,SANTO DOMINGO,CENTRAL,CENTRAL 138 kV,ZPALAE,Thermal Overload
Ip 51,\VM-PF.IntUser\PDD 31-12-2024.IntPrj\Network Model.IntPrjfolder\Network Data.IntPrjfolder\CENTRAL 138 kV.ElmNet\Palamara.ElmSite\ZPALAE.ElmSubstat\2.ElmTerm\Cub_1.StaCubic\ZPALAE_ZBON2E-L2-7SJ804.ElmRelay\Ip 51.RelToc,1,SANTO DOMINGO,CENTRAL,CENTRAL 138 kV,ZPALAE,Ip 51
Iep 51N,\VM-PF.IntUser\PDD 31-12-2024.IntPrj\Network Model.IntPrjfolder\Network Data.IntPrjfolder\CENTRAL 138 kV.ElmNet\Palamara.ElmSite\ZPALAE.ElmSubstat\2.ElmTerm\Cub_1.StaCubic\ZPALAE_ZBON2E-L2-7SJ804.ElmRelay\Iep 51N.RelToc,1,SANTO DOMINGO,CENTRAL,CENTRAL 138 kV,ZPALAE,Iep 51N
Ip 67 TOC,\VM-PF.IntUser\PDD 31-12-2024.IntPrj\Network Model.IntPrjfolder\Network Data.IntPrjfolder\CENTRAL 138 kV.ElmNet\Palamara.ElmSite\ZPALAE.ElmSubstat\2.ElmTerm\Cub_1.StaCubic\ZPALAE_ZBON2E-L2-7SJ804.ElmRelay\Ip 67 TOC.RelToc,1,SANTO DOMINGO,CENTRAL,CENTRAL 138 kV,ZPALAE,Ip 67 TOC
Iep 67N TOC,\VM-PF.IntUser\PDD 31-12-2024.IntPrj\Network Model.IntPrjfolder\Network Data.IntPrjfolder\CENTRAL 138 kV.ElmNet\Palamara.ElmSite\ZPALAE.ElmSubstat\2.ElmTerm\Cub_1.StaCubic\ZPALAE_ZBON2E-L2-7SJ804.ElmRelay\Iep 67N TOC.RelToc,1,SANTO DOMINGO,CENTRAL,CENTRAL 138 kV,ZPALAE,Iep 67N TOC
I2p 46 TOC,\VM-PF.IntUser\PDD 31-12-2024.IntPrj\Network Model.IntPrjfolder\Network Data.IntPrjfolder\CENTRAL 138 kV.ElmNet\Palamara.ElmSite\ZPALAE.ElmSubstat\2.ElmTerm\Cub_1.StaCubic\ZPALAE_ZBON2E-L2-7SJ804.ElmRelay\I2p 46 TOC.RelToc,1,SANTO DOMINGO,CENTRAL,CENTRAL 138 kV,ZPALAE,I2p 46 TOC
Overload 49,\VM-PF.IntUser\PDD 31-12-2024.IntPrj\Network Model.IntPrjfolder\Network Data.IntPrjfolder\CENTRAL 138 kV.ElmNet\Palamara.ElmSite\ZPALAE.ElmSubstat\2.ElmTerm\Cub_1.StaCubic\ZPALAE_ZBON2E-L2-7SJ804.ElmRelay\Overload 49.RelToc,1,SANTO DOMINGO,CENTRAL,CENTRAL 138 kV,ZPALAE,Overload 49
I>,\VM-PF.IntUser\PDD 31-12-2024.IntPrj\Network Model.IntPrjfolder\Network Data.IntPrjfolder\CENTRAL 138 kV.ElmNet\Palamara.ElmSite\ZPALAE.ElmSubstat\3.ElmTerm\Cub_1.StaCubic\ZPAL1E_ZJSA2E-L2-7SA522.ElmRelay\I>.RelToc,1,SANTO DOMINGO,CENTRAL,CENTRAL 138 kV,ZPALAE,I>
H-Resist-IE>,\VM-PF.IntUser\PDD 31-12-2024.IntPrj\Network Model.IntPrjfolder\Network Data.IntPrjfolder\CENTRAL 138 kV.ElmNet\Palamara.ElmSite\ZPALAE.ElmSubstat\3.ElmTerm\Cub_1.StaCubic\ZPAL1E_ZJSA2E-L2-7SA522.ElmRelay\H-Resist-IE>.RelToc,1,SANTO DOMINGO,CENTRAL,CENTRAL 138 kV,ZPALAE,H-Resist-IE>
Ip 51,\VM-PF.IntUser\PDD 31-12-2024.IntPrj\Network Model.IntPrjfolder\Network Data.IntPrjfolder\CENTRAL 138 kV.ElmNet\Palamara.ElmSite\ZPALAE.ElmSubstat\3.ElmTerm\Cub_1.StaCubic\ZPAL1E_ZJSA2E-L2-7SJ62.ElmRelay\Ip 51.RelToc,1,SANTO DOMINGO,CENTRAL,CENTRAL 138 kV,ZPALAE,Ip 51
Iep 51N,\VM-PF.IntUser\PDD 31-12-2024.IntPrj\Network Model.IntPrjfolder\Network Data.IntPrjfolder\CENTRAL 138 kV.ElmNet\Palamara.ElmSite\ZPALAE.ElmSubstat\3.ElmTerm\Cub_1.StaCubic\ZPAL1E_ZJSA2E-L2-7SJ62.ElmRelay\Iep 51N.RelToc,1,SANTO DOMINGO,CENTRAL,CENTRAL 138 kV,ZPALAE,Iep 51N
Ip 67 TOC,\VM-PF.IntUser\PDD 31-12-2024.IntPrj\Network Model.IntPrjfolder\Network Data.IntPrjfolder\CENTRAL 138 kV.ElmNet\Palamara.ElmSite\ZPALAE.ElmSubstat\3.ElmTerm\Cub_1.StaCubic\ZPAL1E_ZJSA2E-L2-7SJ62.ElmRelay\Ip 67 TOC.RelToc,1,SANTO DOMINGO,CENTRAL,CENTRAL 138 kV,ZPALAE,Ip 67 TOC
Iep 67N TOC,\VM-PF.IntUser\PDD 31-12-2024.IntPrj\Network Model.IntPrjfolder\Network Data.IntPrjfolder\CENTRAL 138 kV.ElmNet\Palamara.ElmSite\ZPALAE.ElmSubstat\3.ElmTerm\Cub_1.StaCubic\ZPAL1E_ZJSA2E-L2-7SJ62.ElmRelay\Iep 67N TOC.RelToc,1,SANTO DOMINGO,CENTRAL,CENTRAL 138 kV,ZPALAE,Iep 67N TOC
I2p 46 TOC,\VM-PF.IntUser\PDD 31-12-2024.IntPrj\Network Model.IntPrjfolder\Network Data.IntPrjfolder\CENTRAL 138 kV.ElmNet\Palamara.ElmSite\ZPALAE.ElmSubstat\3.ElmTerm\Cub_1.StaCubic\ZPAL1E_ZJSA2E-L2-7SJ62.ElmRelay\I2p 46 TOC.RelToc,1,SANTO DOMINGO,CENTRAL,CENTRAL 138 kV,ZPALAE,I2p 46 TOC
Overload 49,\VM-PF.IntUser\PDD 31-12-2024.IntPrj\Network Model.IntPrjfolder\Network Data.IntPrjfolder\CENTRAL 138 kV.ElmNet\Palamara.ElmSite\ZPALAE.ElmSubstat\3.ElmTerm\Cub_1.StaCubic\ZPAL1E_ZJSA2E-L2-7SJ62.ElmRelay\Overload 49.RelToc,1,SANTO DOMINGO,CENTRAL,CENTRAL 138 kV,ZPALAE,Overload 49
I>,\VM-PF.IntUser\PDD 31-12-2024.IntPrj\Network Model.IntPrjfolder\Network Data.IntPrjfolder\CENTRAL 138 kV.ElmNet\Palamara.ElmSite\ZPALAE.ElmSubstat\4.ElmTerm\Cub_1.StaCubic\ZPAL1E_ZJSA2E-L1-7SA522.ElmRelay\I>.RelToc,1,SANTO DOMINGO,CENTRAL,CENTRAL 138 kV,ZPALAE,I>
H-Resist-IE>,\VM-PF.IntUser\PDD 31-12-2024.IntPrj\Network Model.IntPrjfolder\Network Data.IntPrjfolder\CENTRAL 138 kV.ElmNet\Palamara.ElmSite\ZPALAE.ElmSubstat\4.ElmTerm\Cub_1.StaCubic\ZPAL1E_ZJSA2E-L1-7SA522.ElmRelay\H-Resist-IE>.RelToc,1,SANTO DOMINGO,CENTRAL,CENTRAL 138 kV,ZPALAE,H-Resist-IE>
Ip 51,\VM-PF.IntUser\PDD 31-12-2024.IntPrj\Network Model.IntPrjfolder\Network Data.IntPrjfolder\CENTRAL 138 kV.ElmNet\Palamara.ElmSite\ZPALAE.ElmSubstat\4.ElmTerm\Cub_1.StaCubic\ZPAL1E_ZJSA2E-L1-7SJ804.ElmRelay\Ip 51.RelToc,1,SANTO DOMINGO,CENTRAL,CENTRAL 138 kV,ZPALAE,Ip 51
Iep 51N,\VM-PF.IntUser\PDD 31-12-2024.IntPrj\Network Model.IntPrjfolder\Network Data.IntPrjfolder\CENTRAL 138 kV.ElmNet\Palamara.ElmSite\ZPALAE.ElmSubstat\4.ElmTerm\Cub_1.StaCubic\ZPAL1E_ZJSA2E-L1-7SJ804.ElmRelay\Iep 51N.RelToc,1,SANTO DOMINGO,CENTRAL,CENTRAL 138 kV,ZPALAE,Iep 51N
Ip 67 TOC,\VM-PF.IntUser\PDD 31-12-2024.IntPrj\Network Model.IntPrjfolder\Network Data.IntPrjfolder\CENTRAL 138 kV.ElmNet\Palamara.ElmSite\ZPALAE.ElmSubstat\4.ElmTerm\Cub_1.StaCubic\ZPAL1E_ZJSA2E-L1-7SJ804.ElmRelay\Ip 67 TOC.RelToc,1,SANTO DOMINGO,CENTRAL,CENTRAL 138 kV,ZPALAE,Ip 67 TOC
Iep 67N TOC,\VM-PF.IntUser\PDD 31-12-2024.IntPrj\Network Model.IntPrjfolder\Network Data.IntPrjfolder\CENTRAL 138 kV.ElmNet\Palamara.ElmSite\ZPALAE.ElmSubstat\4.ElmTerm\Cub_1.StaCubic\ZPAL1E_ZJSA2E-L1-7SJ804.ElmRelay\Iep 67N TOC.RelToc,1,SANTO DOMINGO,CENTRAL,CENTRAL 138 kV,ZPALAE,Iep 67N TOC
I2p 46 TOC,\VM-PF.IntUser\PDD 31-12-2024.IntPrj\Network Model.IntPrjfolder\Network Data.IntPrjfolder\CENTRAL 138 kV.ElmNet\Palamara.ElmSite\ZPALAE.ElmSubstat\4.ElmTerm\Cub_1.StaCubic\ZPAL1E_ZJSA2E-L1-7SJ804.ElmRelay\I2p 46 TOC.RelToc,1,SANTO DOMINGO,CENTRAL,CENTRAL 138 kV,ZPALAE,I2p 46 TOC
Overload 49,\VM-PF.IntUser\PDD 31-12-2024.IntPrj\Network Model.IntPrjfolder\Network Data.IntPrjfolder\CENTRAL 138 kV.ElmNet\Palamara.ElmSite\ZPALAE.ElmSubstat\4.ElmTerm\Cub_1.StaCubic\ZPAL1E_ZJSA2E-L1-7SJ804.ElmRelay\Overload 49.RelToc,1,SANTO DOMINGO,CENTRAL,CENTRAL 138 kV,ZPALAE,Overload 49
Ip>,\VM-PF.IntUser\PDD 31-12-2024.IntPrj\Network Model.IntPrjfolder\Network Data.IntPrjfolder\CENTRAL 138 kV.ElmNet\Palamara.ElmSite\ZPALAE.ElmSubstat\5.ElmTerm\Cub_1.StaCubic\ZPALAE_ZVMELE-L1-7SA611.ElmRelay\Overcurrent.ElmRelay\Ip>.RelToc,1,SANTO DOMINGO,CENTRAL,CENTRAL 138 kV,ZPALAE,Ip>
3I0p,\VM-PF.IntUser\PDD 31-12-2024.IntPrj\Network Model.IntPrjfolder\Network Data.IntPrjfolder\CENTRAL 138 kV.ElmNet\Palamara.ElmSite\ZPALAE.ElmSubstat\5.ElmTerm\Cub_1.StaCubic\ZPALAE_ZVMELE-L1-7SA611.ElmRelay\Overcurrent.ElmRelay\3I0p.RelToc,1,SANTO DOMINGO,CENTRAL,CENTRAL 138 kV,ZPALAE,3I0p
3I0p,\VM-PF.IntUser\PDD 31-12-2024.IntPrj\Network Model.IntPrjfolder\Network Data.IntPrjfolder\CENTRAL 138 kV.ElmNet\Palamara.ElmSite\ZPALAE.ElmSubstat\5.ElmTerm\Cub_1.StaCubic\ZPALAE_ZVMELE-L1-7SA611.ElmRelay\Earthfault.ElmRelay\3I0p.RelToc,1,SANTO DOMINGO,CENTRAL,CENTRAL 138 kV,ZPALAE,3I0p
Thermal Overload,\VM-PF.IntUser\PDD 31-12-2024.IntPrj\Network Model.IntPrjfolder\Network Data.IntPrjfolder\CENTRAL 138 kV.ElmNet\Palamara.ElmSite\ZPALAE.ElmSubstat\5.ElmTerm\Cub_1.StaCubic\ZPALAE_ZVMELE-L1-7SA611.ElmRelay\Thermal Overload.RelToc,1,SANTO DOMINGO,CENTRAL,CENTRAL 138 kV,ZPALAE,Thermal Overload
Ip 51,\VM-PF.IntUser\PDD 31-12-2024.IntPrj\Network Model.IntPrjfolder\Network Data.IntPrjfolder\CENTRAL 138 kV.ElmNet\Palamara.ElmSite\ZPALAE.ElmSubstat\5.ElmTerm\Cub_1.StaCubic\ZPALAE_ZVMELE-L1-7SJ804.ElmRelay\Ip 51.RelToc,1,SANTO DOMINGO,CENTRAL,CENTRAL 138 kV,ZPALAE,Ip 51
Iep 51N,\VM-PF.IntUser\PDD 31-12-2024.IntPrj\Network Model.IntPrjfolder\Network Data.IntPrjfolder\CENTRAL 138 kV.ElmNet\Palamara.ElmSite\ZPALAE.ElmSubstat\5.ElmTerm\Cub_1.StaCubic\ZPALAE_ZVMELE-L1-7SJ804.ElmRelay\Iep 51N.RelToc,1,SANTO DOMINGO,CENTRAL,CENTRAL 138 kV,ZPALAE,Iep 51N
Ip 67 TOC,\VM-PF.IntUser\PDD 31-12-2024.IntPrj\Network Model.IntPrjfolder\Network Data.IntPrjfolder\CENTRAL 138 kV.ElmNet\Palamara.ElmSite\ZPALAE.ElmSubstat\5.ElmTerm\Cub_1.StaCubic\ZPALAE_ZVMELE-L1-7SJ804.ElmRelay\Ip 67 TOC.RelToc,1,SANTO DOMINGO,CENTRAL,CENTRAL 138 kV,ZPALAE,Ip 67 TOC
Iep 67N TOC,\VM-PF.IntUser\PDD 31-12-2024.IntPrj\Network Model.IntPrjfolder\Network Data.IntPrjfolder\CENTRAL 138 kV.ElmNet\Palamara.ElmSite\ZPALAE.ElmSubstat\5.ElmTerm\Cub_1.StaCubic\ZPALAE_ZVMELE-L1-7SJ804.ElmRelay\Iep 67N TOC.RelToc,1,SANTO DOMINGO,CENTRAL,CENTRAL 138 kV,ZPALAE,Iep 67N TOC
I2p 46 TOC,\VM-PF.IntUser\PDD 31-12-2024.IntPrj\Network Model.IntPrjfolder\Network Data.IntPrjfolder\CENTRAL 138 kV.ElmNet\Palamara.ElmSite\ZPALAE.ElmSubstat\5.ElmTerm\Cub_1.StaCubic\ZPALAE_ZVMELE-L1-7SJ804.ElmRelay\I2p 46 TOC.RelToc,1,SANTO DOMINGO,CENTRAL,CENTRAL 138 kV,ZPALAE,I2p 46 TOC
Overload 49,\VM-PF.IntUser\PDD 31-12-2024.IntPrj\Network Model.IntPrjfolder\Network Data.IntPrjfolder\CENTRAL 138 kV.ElmNet\Palamara.ElmSite\ZPALAE.ElmSubstat\5.ElmTerm\Cub_1.StaCubic\ZPALAE_ZVMELE-L1-7SJ804.ElmRelay\Overload 49.RelToc,1,SANTO DOMINGO,CENTRAL,CENTRAL 138 kV,ZPALAE,Overload 49
Ip>,\VM-PF.IntUser\PDD 31-12-2024.IntPrj\Network Model.IntPrjfolder\Network Data.IntPrjfolder\CENTRAL 138 kV.ElmNet\Palamara.ElmSite\ZPALAE.ElmSubstat\6.ElmTerm\Cub_1.StaCubic\ZPALAE_ZHNS2E-L1-7SA611.ElmRelay\Overcurrent.ElmRelay\Ip>.RelToc,1,SANTO DOMINGO,CENTRAL,CENTRAL 138 kV,ZPALAE,Ip>
3I0p,\VM-PF.IntUser\PDD 31-12-2024.IntPrj\Network Model.IntPrjfolder\Network Data.IntPrjfolder\CENTRAL 138 kV.ElmNet\Palamara.ElmSite\ZPALAE.ElmSubstat\6.ElmTerm\Cub_1.StaCubic\ZPALAE_ZHNS2E-L1-7SA611.ElmRelay\Overcurrent.ElmRelay\3I0p.RelToc,1,SANTO DOMINGO,CENTRAL,CENTRAL 138 kV,ZPALAE,3I0p
3I0p,\VM-PF.IntUser\PDD 31-12-2024.IntPrj\Network Model.IntPrjfolder\Network Data.IntPrjfolder\CENTRAL 138 kV.ElmNet\Palamara.ElmSite\ZPALAE.ElmSubstat\6.ElmTerm\Cub_1.StaCubic\ZPALAE_ZHNS2E-L1-7SA611.ElmRelay\Earthfault.ElmRelay\3I0p.RelToc,1,SANTO DOMINGO,CENTRAL,CENTRAL 138 kV,ZPALAE,3I0p
Thermal Overload,\VM-PF.IntUser\PDD 31-12-2024.IntPrj\Network Model.IntPrjfolder\Network Data.IntPrjfolder\CENTRAL 138 kV.ElmNet\Palamara.ElmSite\ZPALAE.ElmSubstat\6.ElmTerm\Cub_1.StaCubic\ZPALAE_ZHNS2E-L1-7SA611.ElmRelay\Thermal Overload.RelToc,1,SANTO DOMINGO,CENTRAL,CENTRAL 138 kV,ZPALAE,Thermal Overload
Ip 51,\VM-PF.IntUser\PDD 31-12-2024.IntPrj\Network Model.IntPrjfolder\Network Data.IntPrjfolder\CENTRAL 138 kV.ElmNet\Palamara.ElmSite\ZPALAE.ElmSubstat\6.ElmTerm\Cub_1.StaCubic\ZPALAE_ZHNS2E-L1-7SJ64.ElmRelay\Ip 51.RelToc,1,SANTO DOMINGO,CENTRAL,CENTRAL 138 kV,ZPALAE,Ip 51
Iep 51N,\VM-PF.IntUser\PDD 31-12-2024.IntPrj\Network Model.IntPrjfolder\Network Data.IntPrjfolder\CENTRAL 138 kV.ElmNet\Palamara.ElmSite\ZPALAE.ElmSubstat\6.ElmTerm\Cub_1.StaCubic\ZPALAE_ZHNS2E-L1-7SJ64.ElmRelay\Iep 51N.RelToc,1,SANTO DOMINGO,CENTRAL,CENTRAL 138 kV,ZPALAE,Iep 51N
Ip 67 TOC,\VM-PF.IntUser\PDD 31-12-2024.IntPrj\Network Model.IntPrjfolder\Network Data.IntPrjfolder\CENTRAL 138 kV.ElmNet\Palamara.ElmSite\ZPALAE.ElmSubstat\6.ElmTerm\Cub_1.StaCubic\ZPALAE_ZHNS2E-L1-7SJ64.ElmRelay\Ip 67 TOC.RelToc,1,SANTO DOMINGO,CENTRAL,CENTRAL 138 kV,ZPALAE,Ip 67 TOC
Iep 67N TOC,\VM-PF.IntUser\PDD 31-12-2024.IntPrj\Network Model.IntPrjfolder\Network Data.IntPrjfolder\CENTRAL 138 kV.ElmNet\Palamara.ElmSite\ZPALAE.ElmSubstat\6.ElmTerm\Cub_1.StaCubic\ZPALAE_ZHNS2E-L1-7SJ64.ElmRelay\Iep 67N TOC.RelToc,1,SANTO DOMINGO,CENTRAL,CENTRAL 138 kV,ZPALAE,Iep 67N TOC
I2p 46 TOC,\VM-PF.IntUser\PDD 31-12-2024.IntPrj\Network Model.IntPrjfolder\Network Data.IntPrjfolder\CENTRAL 138 kV.ElmNet\Palamara.ElmSite\ZPALAE.ElmSubstat\6.ElmTerm\Cub_1.StaCubic\ZPALAE_ZHNS2E-L1-7SJ64.ElmRelay\I2p 46 TOC.RelToc,1,SANTO DOMINGO,CENTRAL,CENTRAL 138 kV,ZPALAE,I2p 46 TOC
Overload 49,\VM-PF.IntUser\PDD 31-12-2024.IntPrj\Network Model.IntPrjfolder\Network Data.IntPrjfolder\CENTRAL 138 kV.ElmNet\Palamara.ElmSite\ZPALAE.ElmSubstat\6.ElmTerm\Cub_1.StaCubic\ZPALAE_ZHNS2E-L1-7SJ64.ElmRelay\Overload 49.RelToc,1,SANTO DOMINGO,CENTRAL,CENTRAL 138 kV,ZPALAE,Overload 49
I>,\VM-PF.IntUser\PDD 31-12-2024.IntPrj\Network Model.IntPrjfolder\Network Data.IntPrjfolder\CENTRAL 138 kV.ElmNet\Palamara.ElmSite\ZPALAE.ElmSubstat\7.ElmTerm\Cub_1.StaCubic\ZPALAE_ZAHO1E-L1-7SA522.ElmRelay\I>.RelToc,1,SANTO DOMINGO,CENTRAL,CENTRAL 138 kV,ZPALAE,I>
H-Resist-IE>,\VM-PF.IntUser\PDD 31-12-2024.IntPrj\Network Model.IntPrjfolder\Network Data.IntPrjfolder\CENTRAL 138 kV.ElmNet\Palamara.ElmSite\ZPALAE.ElmSubstat\7.ElmTerm\Cub_1.StaCubic\ZPALAE_ZAHO1E-L1-7SA522.ElmRelay\H-Resist-IE>.RelToc,1,SANTO DOMINGO,CENTRAL,CENTRAL 138 kV,ZPALAE,H-Resist-IE>
Ip 51,\VM-PF.IntUser\PDD 31-12-2024.IntPrj\Network Model.IntPrjfolder\Network Data.IntPrjfolder\CENTRAL 138 kV.ElmNet\Palamara.ElmSite\ZPALAE.ElmSubstat\7.ElmTerm\Cub_1.StaCubic\ZPALAE_ZAHO1E-L1-7SJ62.ElmRelay\Ip 51.RelToc,1,SANTO DOMINGO,CENTRAL,CENTRAL 138 kV,ZPALAE,Ip 51
Iep 51N,\VM-PF.IntUser\PDD 31-12-2024.IntPrj\Network Model.IntPrjfolder\Network Data.IntPrjfolder\CENTRAL 138 kV.ElmNet\Palamara.ElmSite\ZPALAE.ElmSubstat\7.ElmTerm\Cub_1.StaCubic\ZPALAE_ZAHO1E-L1-7SJ62.ElmRelay\Iep 51N.RelToc,1,SANTO DOMINGO,CENTRAL,CENTRAL 138 kV,ZPALAE,Iep 51N
Ip 67 TOC,\VM-PF.IntUser\PDD 31-12-2024.IntPrj\Network Model.IntPrjfolder\Network Data.IntPrjfolder\CENTRAL 138 kV.ElmNet\Palamara.ElmSite\ZPALAE.ElmSubstat\7.ElmTerm\Cub_1.StaCubic\ZPALAE_ZAHO1E-L1-7SJ62.ElmRelay\Ip 67 TOC.RelToc,1,SANTO DOMINGO,CENTRAL,CENTRAL 138 kV,ZPALAE,Ip 67 TOC
Iep 67N TOC,\VM-PF.IntUser\PDD 31-12-2024.IntPrj\Network Model.IntPrjfolder\Network Data.IntPrjfolder\CENTRAL 138 kV.ElmNet\Palamara.ElmSite\ZPALAE.ElmSubstat\7.ElmTerm\Cub_1.StaCubic\ZPALAE_ZAHO1E-L1-7SJ62.ElmRelay\Iep 67N TOC.RelToc,1,SANTO DOMINGO,CENTRAL,CENTRAL 138 kV,ZPALAE,Iep 67N TOC
I2p 46 TOC,\VM-PF.IntUser\PDD 31-12-2024.IntPrj\Network Model.IntPrjfolder\Network Data.IntPrjfolder\CENTRAL 138 kV.ElmNet\Palamara.ElmSite\ZPALAE.ElmSubstat\7.ElmTerm\Cub_1.StaCubic\ZPALAE_ZAHO1E-L1-7SJ62.ElmRelay\I2p 46 TOC.RelToc,1,SANTO DOMINGO,CENTRAL,CENTRAL 138 kV,ZPALAE,I2p 46 TOC
Overload 49,\VM-PF.IntUser\PDD 31-12-2024.IntPrj\Network Model.IntPrjfolder\Network Data.IntPrjfolder\CENTRAL 138 kV.ElmNet\Palamara.ElmSite\ZPALAE.ElmSubstat\7.ElmTerm\Cub_1.StaCubic\ZPALAE_ZAHO1E-L1-7SJ62.ElmRelay\Overload 49.RelToc,1,SANTO DOMINGO,CENTRAL,CENTRAL 138 kV,ZPALAE,Overload 49
Ip>,\VM-PF.IntUser\PDD 31-12-2024.IntPrj\Network Model.IntPrjfolder\Network Data.IntPrjfolder\CENTRAL 138 kV.ElmNet\Palamara.ElmSite\ZPALAE.ElmSubstat\8.ElmTerm\Cub_1.StaCubic\ZPALAE_ZITABE-L1-7SA6.ElmRelay\Overcurrent.ElmRelay\Ip>.RelToc,1,SANTO DOMINGO,CENTRAL,CENTRAL 138 kV,ZPALAE,Ip>
3I0p,\VM-PF.IntUser\PDD 31-12-2024.IntPrj\Network Model.IntPrjfolder\Network Data.IntPrjfolder\CENTRAL 138 kV.ElmNet\Palamara.ElmSite\ZPALAE.ElmSubstat\8.ElmTerm\Cub_1.StaCubic\ZPALAE_ZITABE-L1-7SA6.ElmRelay\Overcurrent.ElmRelay\3I0p.RelToc,1,SANTO DOMINGO,CENTRAL,CENTRAL 138 kV,ZPALAE,3I0p
3I0p,\VM-PF.IntUser\PDD 31-12-2024.IntPrj\Network Model.IntPrjfolder\Network Data.IntPrjfolder\CENTRAL 138 kV.ElmNet\Palamara.ElmSite\ZPALAE.ElmSubstat\8.ElmTerm\Cub_1.StaCubic\ZPALAE_ZITABE-L1-7SA6.ElmRelay\Earthfault.ElmRelay\3I0p.RelToc,1,SANTO DOMINGO,CENTRAL,CENTRAL 138 kV,ZPALAE,3I0p
Thermal Overload,\VM-PF.IntUser\PDD 31-12-2024.IntPrj\Network Model.IntPrjfolder\Network Data.IntPrjfolder\CENTRAL 138 kV.ElmNet\Palamara.ElmSite\ZPALAE.ElmSubstat\8.ElmTerm\Cub_1.StaCubic\ZPALAE_ZITABE-L1-7SA6.ElmRelay\Thermal Overload.RelToc,1,SANTO DOMINGO,CENTRAL,CENTRAL 138 kV,ZPALAE,Thermal Overload
Ip 51,\VM-PF.IntUser\PDD 31-12-2024.IntPrj\Network Model.IntPrjfolder\Network Data.IntPrjfolder\CENTRAL 138 kV.ElmNet\Palamara.ElmSite\ZPALAE.ElmSubstat\8.ElmTerm\Cub_1.StaCubic\ZPALAE_ZITABE-L1-7SJ804.ElmRelay\Ip 51.RelToc,1,SANTO DOMINGO,CENTRAL,CENTRAL 138 kV,ZPALAE,Ip 51
Iep 51N,\VM-PF.IntUser\PDD 31-12-2024.IntPrj\Network Model.IntPrjfolder\Network Data.IntPrjfolder\CENTRAL 138 kV.ElmNet\Palamara.ElmSite\ZPALAE.ElmSubstat\8.ElmTerm\Cub_1.StaCubic\ZPALAE_ZITABE-L1-7SJ804.ElmRelay\Iep 51N.RelToc,1,SANTO DOMINGO,CENTRAL,CENTRAL 138 kV,ZPALAE,Iep 51N
Ip 67 TOC,\VM-PF.IntUser\PDD 31-12-2024.IntPrj\Network Model.IntPrjfolder\Network Data.IntPrjfolder\CENTRAL 138 kV.ElmNet\Palamara.ElmSite\ZPALAE.ElmSubstat\8.ElmTerm\Cub_1.StaCubic\ZPALAE_ZITABE-L1-7SJ804.ElmRelay\Ip 67 TOC.RelToc,1,SANTO DOMINGO,CENTRAL,CENTRAL 138 kV,ZPALAE,Ip 67 TOC
Iep 67N TOC,\VM-PF.IntUser\PDD 31-12-2024.IntPrj\Network Model.IntPrjfolder\Network Data.IntPrjfolder\CENTRAL 138 kV.ElmNet\Palamara.ElmSite\ZPALAE.ElmSubstat\8.ElmTerm\Cub_1.StaCubic\ZPALAE_ZITABE-L1-7SJ804.ElmRelay\Iep 67N TOC.RelToc,1,SANTO DOMINGO,CENTRAL,CENTRAL 138 kV,ZPALAE,Iep 67N TOC
I2p 46 TOC,\VM-PF.IntUser\PDD 31-12-2024.IntPrj\Network Model.IntPrjfolder\Network Data.IntPrjfolder\CENTRAL 138 kV.ElmNet\Palamara.ElmSite\ZPALAE.ElmSubstat\8.ElmTerm\Cub_1.StaCubic\ZPALAE_ZITABE-L1-7SJ804.ElmRelay\I2p 46 TOC.RelToc,1,SANTO DOMINGO,CENTRAL,CENTRAL 138 kV,ZPALAE,I2p 46 TOC
Overload 49,\VM-PF.IntUser\PDD 31-12-2024.IntPrj\Network Model.IntPrjfolder\Network Data.IntPrjfolder\CENTRAL 138 kV.ElmNet\Palamara.ElmSite\ZPALAE.ElmSubstat\8.ElmTerm\Cub_1.StaCubic\ZPALAE_ZITABE-L1-7SJ804.ElmRelay\Overload 49.RelToc,1,SANTO DOMINGO,CENTRAL,CENTRAL 138 kV,ZPALAE,Overload 49
Ip>,\VM-PF.IntUser\PDD 31-12-2024.IntPrj\Network Model.IntPrjfolder\Network Data.IntPrjfolder\CENTRAL 138 kV.ElmNet\Palamara.ElmSite\ZPALAE.ElmSubstat\11.ElmTerm\Cub_1.StaCubic\ZPALAE_ZSCNOE-L1-7SA6.ElmRelay\Overcurrent.ElmRelay\Ip>.RelToc,1,SANTO DOMINGO,CENTRAL,CENTRAL 138 kV,ZPALAE,Ip>
3I0p,\VM-PF.IntUser\PDD 31-12-2024.IntPrj\Network Model.IntPrjfolder\Network Data.IntPrjfolder\CENTRAL 138 kV.ElmNet\Palamara.ElmSite\ZPALAE.ElmSubstat\11.ElmTerm\Cub_1.StaCubic\ZPALAE_ZSCNOE-L1-7SA6.ElmRelay\Overcurrent.ElmRelay\3I0p.RelToc,1,SANTO DOMINGO,CENTRAL,CENTRAL 138 kV,ZPALAE,3I0p
3I0p,\VM-PF.IntUser\PDD 31-12-2024.IntPrj\Network Model.IntPrjfolder\Network Data.IntPrjfolder\CENTRAL 138 kV.ElmNet\Palamara.ElmSite\ZPALAE.ElmSubstat\11.ElmTerm\Cub_1.StaCubic\ZPALAE_ZSCNOE-L1-7SA6.ElmRelay\Earthfault.ElmRelay\3I0p.RelToc,1,SANTO DOMINGO,CENTRAL,CENTRAL 138 kV,ZPALAE,3I0p
Thermal Overload,\VM-PF.IntUser\PDD 31-12-2024.IntPrj\Network Model.IntPrjfolder\Network Data.IntPrjfolder\CENTRAL 138 kV.ElmNet\Palamara.ElmSite\ZPALAE.ElmSubstat\11.ElmTerm\Cub_1.StaCubic\ZPALAE_ZSCNOE-L1-7SA6.ElmRelay\Thermal Overload.RelToc,1,SANTO DOMINGO,CENTRAL,CENTRAL 138 kV,ZPALAE,Thermal Overload
Ip 51,\VM-PF.IntUser\PDD 31-12-2024.IntPrj\Network Model.IntPrjfolder\Network Data.IntPrjfolder\CENTRAL 138 kV.ElmNet\Palamara.ElmSite\ZPALAE.ElmSubstat\11.ElmTerm\Cub_1.StaCubic\ZPALAE_ZSCNOE-L1-7SJ804.ElmRelay\Ip 51.RelToc,1,SANTO DOMINGO,CENTRAL,CENTRAL 138 kV,ZPALAE,Ip 51
Iep 51N,\VM-PF.IntUser\PDD 31-12-2024.IntPrj\Network Model.IntPrjfolder\Network Data.IntPrjfolder\CENTRAL 138 kV.ElmNet\Palamara.ElmSite\ZPALAE.ElmSubstat\11.ElmTerm\Cub_1.StaCubic\ZPALAE_ZSCNOE-L1-7SJ804.ElmRelay\Iep 51N.RelToc,1,SANTO DOMINGO,CENTRAL,CENTRAL 138 kV,ZPALAE,Iep 51N
Ip 67 TOC,\VM-PF.IntUser\PDD 31-12-2024.IntPrj\Network Model.IntPrjfolder\Network Data.IntPrjfolder\CENTRAL 138 kV.ElmNet\Palamara.ElmSite\ZPALAE.ElmSubstat\11.ElmTerm\Cub_1.StaCubic\ZPALAE_ZSCNOE-L1-7SJ804.ElmRelay\Ip 67 TOC.RelToc,1,SANTO DOMINGO,CENTRAL,CENTRAL 138 kV,ZPALAE,Ip 67 TOC
Iep 67N TOC,\VM-PF.IntUser\PDD 31-12-2024.IntPrj\Network Model.IntPrjfolder\Network Data.IntPrjfolder\CENTRAL 138 kV.ElmNet\Palamara.ElmSite\ZPALAE.ElmSubstat\11.ElmTerm\Cub_1.StaCubic\ZPALAE_ZSCNOE-L1-7SJ804.ElmRelay\Iep 67N TOC.RelToc,1,SANTO DOMINGO,CENTRAL,CENTRAL 138 kV,ZPALAE,Iep 67N TOC
I2p 46 TOC,\VM-PF.IntUser\PDD 31-12-2024.IntPrj\Network Model.IntPrjfolder\Network Data.IntPrjfolder\CENTRAL 138 kV.ElmNet\Palamara.ElmSite\ZPALAE.ElmSubstat\11.ElmTerm\Cub_1.StaCubic\ZPALAE_ZSCNOE-L1-7SJ804.ElmRelay\I2p 46 TOC.RelToc,1,SANTO DOMINGO,CENTRAL,CENTRAL 138 kV,ZPALAE,I2p 46 TOC
Overload 49,\VM-PF.IntUser\PDD 31-12-2024.IntPrj\Network Model.IntPrjfolder\Network Data.IntPrjfolder\CENTRAL 138 kV.ElmNet\Palamara.ElmSite\ZPALAE.ElmSubstat\11.ElmTerm\Cub_1.StaCubic\ZPALAE_ZSCNOE-L1-7SJ804.ElmRelay\Overload 49.RelToc,1,SANTO DOMINGO,CENTRAL,CENTRAL 138 kV,ZPALAE,Overload 49
Ip>,\VM-PF.IntUser\PDD 31-12-2024.IntPrj\Network Model.IntPrjfolder\Network Data.IntPrjfolder\CENTRAL 138 kV.ElmNet\Palamara.ElmSite\ZPALAE.ElmSubstat\12.ElmTerm\Cub_1.StaCubic\ZPALAE_ZVALDE-L1-7SA6.ElmRelay\Overcurrent.ElmRelay\Ip>.RelToc,1,SANTO DOMINGO,CENTRAL,CENTRAL 138 kV,ZPALAE,Ip>
3I0p,\VM-PF.IntUser\PDD 31-12-2024.IntPrj\Network Model.IntPrjfolder\Network Data.IntPrjfolder\CENTRAL 138 kV.ElmNet\Palamara.ElmSite\ZPALAE.ElmSubstat\12.ElmTerm\Cub_1.StaCubic\ZPALAE_ZVALDE-L1-7SA6.ElmRelay\Overcurrent.ElmRelay\3I0p.RelToc,1,SANTO DOMINGO,CENTRAL,CENTRAL 138 kV,ZPALAE,3I0p
3I0p,\VM-PF.IntUser\PDD 31-12-2024.IntPrj\Network Model.IntPrjfolder\Network Data.IntPrjfolder\CENTRAL 138 kV.ElmNet\Palamara.ElmSite\ZPALAE.ElmSubstat\12.ElmTerm\Cub_1.StaCubic\ZPALAE_ZVALDE-L1-7SA6.ElmRelay\Earthfault.ElmRelay\3I0p.RelToc,1,SANTO DOMINGO,CENTRAL,CENTRAL 138 kV,ZPALAE,3I0p
Thermal Overload,\VM-PF.IntUser\PDD 31-12-2024.IntPrj\Network Model.IntPrjfolder\Network Data.IntPrjfolder\CENTRAL 138 kV.ElmNet\Palamara.ElmSite\ZPALAE.ElmSubstat\12.ElmTerm\Cub_1.StaCubic\ZPALAE_ZVALDE-L1-7SA6.ElmRelay\Thermal Overload.RelToc,1,SANTO DOMINGO,CENTRAL,CENTRAL 138 kV,ZPALAE,Thermal Overload
Ip 51,\VM-PF.IntUser\PDD 31-12-2024.IntPrj\Network Model.IntPrjfolder\Network Data.IntPrjfolder\CENTRAL 138 kV.ElmNet\Palamara.ElmSite\ZPALAE.ElmSubstat\12.ElmTerm\Cub_1.StaCubic\ZPALAE_ZVALDE-L1-7SJ804.ElmRelay\Ip 51.RelToc,1,SANTO DOMINGO,CENTRAL,CENTRAL 138 kV,ZPALAE,Ip 51
Iep 51N,\VM-PF.IntUser\PDD 31-12-2024.IntPrj\Network Model.IntPrjfolder\Network Data.IntPrjfolder\CENTRAL 138 kV.ElmNet\Palamara.ElmSite\ZPALAE.ElmSubstat\12.ElmTerm\Cub_1.StaCubic\ZPALAE_ZVALDE-L1-7SJ804.ElmRelay\Iep 51N.RelToc,1,SANTO DOMINGO,CENTRAL,CENTRAL 138 kV,ZPALAE,Iep 51N
Ip 67 TOC,\VM-PF.IntUser\PDD 31-12-2024.IntPrj\Network Model.IntPrjfolder\Network Data.IntPrjfolder\CENTRAL 138 kV.ElmNet\Palamara.ElmSite\ZPALAE.ElmSubstat\12.ElmTerm\Cub_1.StaCubic\ZPALAE_ZVALDE-L1-7SJ804.ElmRelay\Ip 67 TOC.RelToc,1,SANTO DOMINGO,CENTRAL,CENTRAL 138 kV,ZPALAE,Ip 67 TOC
Iep 67N TOC,\VM-PF.IntUser\PDD 31-12-2024.IntPrj\Network Model.IntPrjfolder\Network Data.IntPrjfolder\CENTRAL 138 kV.ElmNet\Palamara.ElmSite\ZPALAE.ElmSubstat\12.ElmTerm\Cub_1.StaCubic\ZPALAE_ZVALDE-L1-7SJ804.ElmRelay\Iep 67N TOC.RelToc,1,SANTO DOMINGO,CENTRAL,CENTRAL 138 kV,ZPALAE,Iep 67N TOC
I2p 46 TOC,\VM-PF.IntUser\PDD 31-12-2024.IntPrj\Network Model.IntPrjfolder\Network Data.IntPrjfolder\CENTRAL 138 kV.ElmNet\Palamara.ElmSite\ZPALAE.ElmSubstat\12.ElmTerm\Cub_1.StaCubic\ZPALAE_ZVALDE-L1-7SJ804.ElmRelay\I2p 46 TOC.RelToc,1,SANTO DOMINGO,CENTRAL,CENTRAL 138 kV,ZPALAE,I2p 46 TOC
Overload 49,\VM-PF.IntUser\PDD 31-12-2024.IntPrj\Network Model.IntPrjfolder\Network Data.IntPrjfolder\CENTRAL 138 kV.ElmNet\Palamara.ElmSite\ZPALAE.ElmSubstat\12.ElmTerm\Cub_1.StaCubic\ZPALAE_ZVALDE-L1-7SJ804.ElmRelay\Overload 49.RelToc,1,SANTO DOMINGO,CENTRAL,CENTRAL 138 kV,ZPALAE,Overload 49
Ip>,\VM-PF.IntUser\PDD 31-12-2024.IntPrj\Network Model.IntPrjfolder\Network Data.IntPrjfolder\CENTRAL 138 kV.ElmNet\ZLMINE.ElmSubstat\R2.ElmTerm\Cub_1.StaCubic\ZLMINE_ZVDUAE-L1-7SA6.ElmRelay\Overcurrent.ElmRelay\Ip>.RelToc,1,SANTO DOMINGO,CENTRAL,CENTRAL 138 kV,ZLMINE,Ip>
3I0p,\VM-PF.IntUser\PDD 31-12-2024.IntPrj\Network Model.IntPrjfolder\Network Data.IntPrjfolder\CENTRAL 138 kV.ElmNet\ZLMINE.ElmSubstat\R2.ElmTerm\Cub_1.StaCubic\ZLMINE_ZVDUAE-L1-7SA6.ElmRelay\Overcurrent.ElmRelay\3I0p.RelToc,1,SANTO DOMINGO,CENTRAL,CENTRAL 138 kV,ZLMINE,3I0p
3I0p,\VM-PF.IntUser\PDD 31-12-2024.IntPrj\Network Model.IntPrjfolder\Network Data.IntPrjfolder\CENTRAL 138 kV.ElmNet\ZLMINE.ElmSubstat\R2.ElmTerm\Cub_1.StaCubic\ZLMINE_ZVDUAE-L1-7SA6.ElmRelay\Earthfault.ElmRelay\3I0p.RelToc,1,SANTO DOMINGO,CENTRAL,CENTRAL 138 kV,ZLMINE,3I0p
Thermal Overload,\VM-PF.IntUser\PDD 31-12-2024.IntPrj\Network Model.IntPrjfolder\Network Data.IntPrjfolder\CENTRAL 138 kV.ElmNet\ZLMINE.ElmSubstat\R2.ElmTerm\Cub_1.StaCubic\ZLMINE_ZVDUAE-L1-7SA6.ElmRelay\Thermal Overload.RelToc,1,SANTO DOMINGO,CENTRAL,CENTRAL 138 kV,ZLMINE,Thermal Overload
Ip 51,\VM-PF.IntUser\PDD 31-12-2024.IntPrj\Network Model.IntPrjfolder\Network Data.IntPrjfolder\CENTRAL 138 kV.ElmNet\ZLMINE.ElmSubstat\R2.ElmTerm\Cub_1.StaCubic\ZLMINE_ZVDUAE-L1-7SJ62.ElmRelay\Ip 51.RelToc,1,SANTO DOMINGO,CENTRAL,CENTRAL 138 kV,ZLMINE,Ip 51
Iep 51N,\VM-PF.IntUser\PDD 31-12-2024.IntPrj\Network Model.IntPrjfolder\Network Data.IntPrjfolder\CENTRAL 138 kV.ElmNet\ZLMINE.ElmSubstat\R2.ElmTerm\Cub_1.StaCubic\ZLMINE_ZVDUAE-L1-7SJ62.ElmRelay\Iep 51N.RelToc,1,SANTO DOMINGO,CENTRAL,CENTRAL 138 kV,ZLMINE,Iep 51N
Ip 67 TOC,\VM-PF.IntUser\PDD 31-12-2024.IntPrj\Network Model.IntPrjfolder\Network Data.IntPrjfolder\CENTRAL 138 kV.ElmNet\ZLMINE.ElmSubstat\R2.ElmTerm\Cub_1.StaCubic\ZLMINE_ZVDUAE-L1-7SJ62.ElmRelay\Ip 67 TOC.RelToc,1,SANTO DOMINGO,CENTRAL,CENTRAL 138 kV,ZLMINE,Ip 67 TOC
Iep 67N TOC,\VM-PF.IntUser\PDD 31-12-2024.IntPrj\Network Model.IntPrjfolder\Network Data.IntPrjfolder\CENTRAL 138 kV.ElmNet\ZLMINE.ElmSubstat\R2.ElmTerm\Cub_1.StaCubic\ZLMINE_ZVDUAE-L1-7SJ62.ElmRelay\Iep 67N TOC.RelToc,1,SANTO DOMINGO,CENTRAL,CENTRAL 138 kV,ZLMINE,Iep 67N TOC
I2p 46 TOC,\VM-PF.IntUser\PDD 31-12-2024.IntPrj\Network Model.IntPrjfolder\Network Data.IntPrjfolder\CENTRAL 138 kV.ElmNet\ZLMINE.ElmSubstat\R2.ElmTerm\Cub_1.StaCubic\ZLMINE_ZVDUAE-L1-7SJ62.ElmRelay\I2p 46 TOC.RelToc,1,SANTO DOMINGO,CENTRAL,CENTRAL 138 kV,ZLMINE,I2p 46 TOC
Overload 49,\VM-PF.IntUser\PDD 31-12-2024.IntPrj\Network Model.IntPrjfolder\Network Data.IntPrjfolder\CENTRAL 138 kV.ElmNet\ZLMINE.ElmSubstat\R2.ElmTerm\Cub_1.StaCubic\ZLMINE_ZVDUAE-L1-7SJ62.ElmRelay\Overload 49.RelToc,1,SANTO DOMINGO,CENTRAL,CENTRAL 138 kV,ZLMINE,Overload 49
Ip,\VM-PF.IntUser\PDD 31-12-2024.IntPrj\Network Model.IntPrjfolder\Network Data.IntPrjfolder\CENTRAL 138 kV.ElmNet\ZLMINE.ElmSubstat\L1.ElmTerm\Cub_1.StaCubic\ZLMINE_ZHNSAE-L3-7SD52.ElmRelay\Distance/Overcurrent/Voltage.ElmRelay\Ip.RelToc,1,SANTO DOMINGO,CENTRAL,CENTRAL 138 kV,ZLMINE,Ip
Thr. Overload,\VM-PF.IntUser\PDD 31-12-2024.IntPrj\Network Model.IntPrjfolder\Network Data.IntPrjfolder\CENTRAL 138 kV.ElmNet\ZLMINE.ElmSubstat\L1.ElmTerm\Cub_1.StaCubic\ZLMINE_ZHNSAE-L3-7SD52.ElmRelay\Distance/Overcurrent/Voltage.ElmRelay\Thr. Overload.RelToc,1,SANTO DOMINGO,CENTRAL,CENTRAL 138 kV,ZLMINE,Thr. Overload
I0p,\VM-PF.IntUser\PDD 31-12-2024.IntPrj\Network Model.IntPrjfolder\Network Data.IntPrjfolder\CENTRAL 138 kV.ElmNet\ZLMINE.ElmSubstat\L1.ElmTerm\Cub_1.StaCubic\ZLMINE_ZHNSAE-L3-7SD52.ElmRelay\Distance/Overcurrent/Voltage.ElmRelay\I0p.RelToc,1,SANTO DOMINGO,CENTRAL,CENTRAL 138 kV,ZLMINE,I0p
I>,\VM-PF.IntUser\PDD 31-12-2024.IntPrj\Network Model.IntPrjfolder\Network Data.IntPrjfolder\CENTRAL 138 kV.ElmNet\ZLMINE.ElmSubstat\L1.ElmTerm\Cub_1.StaCubic\ZLMINE_ZHNSAE-L3-7SA522.ElmRelay\I>.RelToc,1,SANTO DOMINGO,CENTRAL,CENTRAL 138 kV,ZLMINE,I>
H-Resist-IE>,\VM-PF.IntUser\PDD 31-12-2024.IntPrj\Network Model.IntPrjfolder\Network Data.IntPrjfolder\CENTRAL 138 kV.ElmNet\ZLMINE.ElmSubstat\L1.ElmTerm\Cub_1.StaCubic\ZLMINE_ZHNSAE-L3-7SA522.ElmRelay\H-Resist-IE>.RelToc,1,SANTO DOMINGO,CENTRAL,CENTRAL 138 kV,ZLMINE,H-Resist-IE>
ANSI 49,\VM-PF.IntUser\PDD 31-12-2024.IntPrj\Network Model.IntPrjfolder\Network Data.IntPrjfolder\CENTRAL 138 kV.ElmNet\ZLMINE.ElmSubstat\L2.ElmTerm\Cub_1.StaCubic\ZLMINE_ZLMI5E-L1-7SD610.ElmRelay\ANSI 49.RelToc,1,SANTO DOMINGO,CENTRAL,CENTRAL 138 kV,ZLMINE,ANSI 49
Iph,\VM-PF.IntUser\PDD 31-12-2024.IntPrj\Network Model.IntPrjfolder\Network Data.IntPrjfolder\CENTRAL 138 kV.ElmNet\ZLMINE.ElmSubstat\L2.ElmTerm\Cub_1.StaCubic\ZLMINE_ZLMI5E-L1-7SD610.ElmRelay\Iph.RelToc,1,SANTO DOMINGO,CENTRAL,CENTRAL 138 kV,ZLMINE,Iph
3I0,\VM-PF.IntUser\PDD 31-12-2024.IntPrj\Network Model.IntPrjfolder\Network Data.IntPrjfolder\CENTRAL 138 kV.ElmNet\ZLMINE.ElmSubstat\L2.ElmTerm\Cub_1.StaCubic\ZLMINE_ZLMI5E-L1-7SD610.ElmRelay\3I0.RelToc,1,SANTO DOMINGO,CENTRAL,CENTRAL 138 kV,ZLMINE,3I0
Ip 51,\VM-PF.IntUser\PDD 31-12-2024.IntPrj\Network Model.IntPrjfolder\Network Data.IntPrjfolder\CENTRAL 138 kV.ElmNet\ZLMINE.ElmSubstat\L2.ElmTerm\Cub_1.StaCubic\ZLMINE_ZLMI5E-L1-7SJ80.ElmRelay\Ip 51.RelToc,1,SANTO DOMINGO,CENTRAL,CENTRAL 138 kV,ZLMINE,Ip 51
Iep 51N,\VM-PF.IntUser\PDD 31-12-2024.IntPrj\Network Model.IntPrjfolder\Network Data.IntPrjfolder\CENTRAL 138 kV.ElmNet\ZLMINE.ElmSubstat\L2.ElmTerm\Cub_1.StaCubic\ZLMINE_ZLMI5E-L1-7SJ80.ElmRelay\Iep 51N.RelToc,1,SANTO DOMINGO,CENTRAL,CENTRAL 138 kV,ZLMINE,Iep 51N
Ip 67 TOC,\VM-PF.IntUser\PDD 31-12-2024.IntPrj\Network Model.IntPrjfolder\Network Data.IntPrjfolder\CENTRAL 138 kV.ElmNet\ZLMINE.ElmSubstat\L2.ElmTerm\Cub_1.StaCubic\ZLMINE_ZLMI5E-L1-7SJ80.ElmRelay\Ip 67 TOC.RelToc,1,SANTO DOMINGO,CENTRAL,CENTRAL 138 kV,ZLMINE,Ip 67 TOC
Iep 67N TOC,\VM-PF.IntUser\PDD 31-12-2024.IntPrj\Network Model.IntPrjfolder\Network Data.IntPrjfolder\CENTRAL 138 kV.ElmNet\ZLMINE.ElmSubstat\L2.ElmTerm\Cub_1.StaCubic\ZLMINE_ZLMI5E-L1-7SJ80.ElmRelay\Iep 67N TOC.RelToc,1,SANTO DOMINGO,CENTRAL,CENTRAL 138 kV,ZLMINE,Iep 67N TOC
I2p 46 TOC,\VM-PF.IntUser\PDD 31-12-2024.IntPrj\Network Model.IntPrjfolder\Network Data.IntPrjfolder\CENTRAL 138 kV.ElmNet\ZLMINE.ElmSubstat\L2.ElmTerm\Cub_1.StaCubic\ZLMINE_ZLMI5E-L1-7SJ80.ElmRelay\I2p 46 TOC.RelToc,1,SANTO DOMINGO,CENTRAL,CENTRAL 138 kV,ZLMINE,I2p 46 TOC
Overload 49,\VM-PF.IntUser\PDD 31-12-2024.IntPrj\Network Model.IntPrjfolder\Network Data.IntPrjfolder\CENTRAL 138 kV.ElmNet\ZLMINE.ElmSubstat\L2.ElmTerm\Cub_1.StaCubic\ZLMINE_ZLMI5E-L1-7SJ80.ElmRelay\Overload 49.RelToc,1,SANTO DOMINGO,CENTRAL,CENTRAL 138 kV,ZLMINE,Overload 49
Ip,\VM-PF.IntUser\PDD 31-12-2024.IntPrj\Network Model.IntPrjfolder\Network Data.IntPrjfolder\CENTRAL 138 kV.ElmNet\ZLMINE.ElmSubstat\R1.ElmTerm\Cub_1.StaCubic\ZLMINE_ZHNSAE-L2-7SD52.ElmRelay\Distance/Overcurrent/Voltage.ElmRelay\Ip.RelToc,1,SANTO DOMINGO,CENTRAL,CENTRAL 138 kV,ZLMINE,Ip
Thr. Overload,\VM-PF.IntUser\PDD 31-12-2024.IntPrj\Network Model.IntPrjfolder\Network Data.IntPrjfolder\CENTRAL 138 kV.ElmNet\ZLMINE.ElmSubstat\R1.ElmTerm\Cub_1.StaCubic\ZLMINE_ZHNSAE-L2-7SD52.ElmRelay\Distance/Overcurrent/Voltage.ElmRelay\Thr. Overload.RelToc,1,SANTO DOMINGO,CENTRAL,CENTRAL 138 kV,ZLMINE,Thr. Overload
I0p,\VM-PF.IntUser\PDD 31-12-2024.IntPrj\Network Model.IntPrjfolder\Network Data.IntPrjfolder\CENTRAL 138 kV.ElmNet\ZLMINE.ElmSubstat\R1.ElmTerm\Cub_1.StaCubic\ZLMINE_ZHNSAE-L2-7SD52.ElmRelay\Distance/Overcurrent/Voltage.ElmRelay\I0p.RelToc,1,SANTO DOMINGO,CENTRAL,CENTRAL 138 kV,ZLMINE,I0p
Ip 51,\VM-PF.IntUser\PDD 31-12-2024.IntPrj\Network Model.IntPrjfolder\Network Data.IntPrjfolder\CENTRAL 138 kV.ElmNet\ZLMINE.ElmSubstat\R1.ElmTerm\Cub_1.StaCubic\ZLMINE_ZHNSAE-L2-7SJ62.ElmRelay\Ip 51.RelToc,1,SANTO DOMINGO,CENTRAL,CENTRAL 138 kV,ZLMINE,Ip 51
Iep 51N,\VM-PF.IntUser\PDD 31-12-2024.IntPrj\Network Model.IntPrjfolder\Network Data.IntPrjfolder\CENTRAL 138 kV.ElmNet\ZLMINE.ElmSubstat\R1.ElmTerm\Cub_1.StaCubic\ZLMINE_ZHNSAE-L2-7SJ62.ElmRelay\Iep 51N.RelToc,1,SANTO DOMINGO,CENTRAL,CENTRAL 138 kV,ZLMINE,Iep 51N
Ip 67 TOC,\VM-PF.IntUser\PDD 31-12-2024.IntPrj\Network Model.IntPrjfolder\Network Data.IntPrjfolder\CENTRAL 138 kV.ElmNet\ZLMINE.ElmSubstat\R1.ElmTerm\Cub_1.StaCubic\ZLMINE_ZHNSAE-L2-7SJ62.ElmRelay\Ip 67 TOC.RelToc,1,SANTO DOMINGO,CENTRAL,CENTRAL 138 kV,ZLMINE,Ip 67 TOC
Iep 67N TOC,\VM-PF.IntUser\PDD 31-12-2024.IntPrj\Network Model.IntPrjfolder\Network Data.IntPrjfolder\CENTRAL 138 kV.ElmNet\ZLMINE.ElmSubstat\R1.ElmTerm\Cub_1.StaCubic\ZLMINE_ZHNSAE-L2-7SJ62.ElmRelay\Iep 67N TOC.RelToc,1,SANTO DOMINGO,CENTRAL,CENTRAL 138 kV,ZLMINE,Iep 67N TOC
I2p 46 TOC,\VM-PF.IntUser\PDD 31-12-2024.IntPrj\Network Model.IntPrjfolder\Network Data.IntPrjfolder\CENTRAL 138 kV.ElmNet\ZLMINE.ElmSubstat\R1.ElmTerm\Cub_1.StaCubic\ZLMINE_ZHNSAE-L2-7SJ62.ElmRelay\I2p 46 TOC.RelToc,1,SANTO DOMINGO,CENTRAL,CENTRAL 138 kV,ZLMINE,I2p 46 TOC
Overload 49,\VM-PF.IntUser\PDD 31-12-2024.IntPrj\Network Model.IntPrjfolder\Network Data.IntPrjfolder\CENTRAL 138 kV.ElmNet\ZLMINE.ElmSubstat\R1.ElmTerm\Cub_1.StaCubic\ZLMINE_ZHNSAE-L2-7SJ62.ElmRelay\Overload 49.RelToc,1,SANTO DOMINGO,CENTRAL,CENTRAL 138 kV,ZLMINE,Overload 49
ANSI 49,\VM-PF.IntUser\PDD 31-12-2024.IntPrj\Network Model.IntPrjfolder\Network Data.IntPrjfolder\CENTRAL 138 kV.ElmNet\ZLMINE.ElmSubstat\R3.ElmTerm\Cub_1.StaCubic\ZLMINE_ZLMI6E-L1-7SJD610.ElmRelay\ANSI 49.RelToc,1,SANTO DOMINGO,CENTRAL,CENTRAL 138 kV,ZLMINE,ANSI 49
Iph,\VM-PF.IntUser\PDD 31-12-2024.IntPrj\Network Model.IntPrjfolder\Network Data.IntPrjfolder\CENTRAL 138 kV.ElmNet\ZLMINE.ElmSubstat\R3.ElmTerm\Cub_1.StaCubic\ZLMINE_ZLMI6E-L1-7SJD610.ElmRelay\Iph.RelToc,1,SANTO DOMINGO,CENTRAL,CENTRAL 138 kV,ZLMINE,Iph
3I0,\VM-PF.IntUser\PDD 31-12-2024.IntPrj\Network Model.IntPrjfolder\Network Data.IntPrjfolder\CENTRAL 138 kV.ElmNet\ZLMINE.ElmSubstat\R3.ElmTerm\Cub_1.StaCubic\ZLMINE_ZLMI6E-L1-7SJD610.ElmRelay\3I0.RelToc,1,SANTO DOMINGO,CENTRAL,CENTRAL 138 kV,ZLMINE,3I0
Ip 51,\VM-PF.IntUser\PDD 31-12-2024.IntPrj\Network Model.IntPrjfolder\Network Data.IntPrjfolder\CENTRAL 138 kV.ElmNet\ZLMINE.ElmSubstat\R3.ElmTerm\Cub_1.StaCubic\ZLMINE_ZLMI7E-L1-7SJ80.ElmRelay\Ip 51.RelToc,1,SANTO DOMINGO,CENTRAL,CENTRAL 138 kV,ZLMINE,Ip 51
Iep 51N,\VM-PF.IntUser\PDD 31-12-2024.IntPrj\Network Model.IntPrjfolder\Network Data.IntPrjfolder\CENTRAL 138 kV.ElmNet\ZLMINE.ElmSubstat\R3.ElmTerm\Cub_1.StaCubic\ZLMINE_ZLMI7E-L1-7SJ80.ElmRelay\Iep 51N.RelToc,1,SANTO DOMINGO,CENTRAL,CENTRAL 138 kV,ZLMINE,Iep 51N
Ip 67 TOC,\VM-PF.IntUser\PDD 31-12-2024.IntPrj\Network Model.IntPrjfolder\Network Data.IntPrjfolder\CENTRAL 138 kV.ElmNet\ZLMINE.ElmSubstat\R3.ElmTerm\Cub_1.StaCubic\ZLMINE_ZLMI7E-L1-7SJ80.ElmRelay\Ip 67 TOC.RelToc,1,SANTO DOMINGO,CENTRAL,CENTRAL 138 kV,ZLMINE,Ip 67 TOC
Iep 67N TOC,\VM-PF.IntUser\PDD 31-12-2024.IntPrj\Network Model.IntPrjfolder\Network Data.IntPrjfolder\CENTRAL 138 kV.ElmNet\ZLMINE.ElmSubstat\R3.ElmTerm\Cub_1.StaCubic\ZLMINE_ZLMI7E-L1-7SJ80.ElmRelay\Iep 67N TOC.RelToc,1,SANTO DOMINGO,CENTRAL,CENTRAL 138 kV,ZLMINE,Iep 67N TOC
I2p 46 TOC,\VM-PF.IntUser\PDD 31-12-2024.IntPrj\Network Model.IntPrjfolder\Network Data.IntPrjfolder\CENTRAL 138 kV.ElmNet\ZLMINE.ElmSubstat\R3.ElmTerm\Cub_1.StaCubic\ZLMINE_ZLMI7E-L1-7SJ80.ElmRelay\I2p 46 TOC.RelToc,1,SANTO DOMINGO,CENTRAL,CENTRAL 138 kV,ZLMINE,I2p 46 TOC
Overload 49,\VM-PF.IntUser\PDD 31-12-2024.IntPrj\Network Model.IntPrjfolder\Network Data.IntPrjfolder\CENTRAL 138 kV.ElmNet\ZLMINE.ElmSubstat\R3.ElmTerm\Cub_1.StaCubic\ZLMINE_ZLMI7E-L1-7SJ80.ElmRelay\Overload 49.RelToc,1,SANTO DOMINGO,CENTRAL,CENTRAL 138 kV,ZLMINE,Overload 49
Ip>,\VM-PF.IntUser\PDD 31-12-2024.IntPrj\Network Model.IntPrjfolder\Network Data.IntPrjfolder\CENTRAL 138 kV.ElmNet\ZLMINE.ElmSubstat\L5.ElmTerm\Cub_1.StaCubic\ZLM11E_ZLISAE-L1-7SA6.ElmRelay\Overcurrent.ElmRelay\Ip>.RelToc,1,SANTO DOMINGO,CENTRAL,CENTRAL 138 kV,ZLMINE,Ip>
3I0p,\VM-PF.IntUser\PDD 31-12-2024.IntPrj\Network Model.IntPrjfolder\Network Data.IntPrjfolder\CENTRAL 138 kV.ElmNet\ZLMINE.ElmSubstat\L5.ElmTerm\Cub_1.StaCubic\ZLM11E_ZLISAE-L1-7SA6.ElmRelay\Overcurrent.ElmRelay\3I0p.RelToc,1,SANTO DOMINGO,CENTRAL,CENTRAL 138 kV,ZLMINE,3I0p
3I0p,\VM-PF.IntUser\PDD 31-12-2024.IntPrj\Network Model.IntPrjfolder\Network Data.IntPrjfolder\CENTRAL 138 kV.ElmNet\ZLMINE.ElmSubstat\L5.ElmTerm\Cub_1.StaCubic\ZLM11E_ZLISAE-L1-7SA6.ElmRelay\Earthfault.ElmRelay\3I0p.RelToc,1,SANTO DOMINGO,CENTRAL,CENTRAL 138 kV,ZLMINE,3I0p
Thermal Overload,\VM-PF.IntUser\PDD 31-12-2024.IntPrj\Network Model.IntPrjfolder\Network Data.IntPrjfolder\CENTRAL 138 kV.ElmNet\ZLMINE.ElmSubstat\L5.ElmTerm\Cub_1.StaCubic\ZLM11E_ZLISAE-L1-7SA6.ElmRelay\Thermal Overload.RelToc,1,SANTO DOMINGO,CENTRAL,CENTRAL 138 kV,ZLMINE,Thermal Overload
Ip 51,\VM-PF.IntUser\PDD 31-12-2024.IntPrj\Network Model.IntPrjfolder\Network Data.IntPrjfolder\CENTRAL 138 kV.ElmNet\ZLMINE.ElmSubstat\L5.ElmTerm\Cub_1.StaCubic\ZLM11E_ZLISAE-L1-7SJ62.ElmRelay\Ip 51.RelToc,1,SANTO DOMINGO,CENTRAL,CENTRAL 138 kV,ZLMINE,Ip 51
Iep 51N,\VM-PF.IntUser\PDD 31-12-2024.IntPrj\Network Model.IntPrjfolder\Network Data.IntPrjfolder\CENTRAL 138 kV.ElmNet\ZLMINE.ElmSubstat\L5.ElmTerm\Cub_1.StaCubic\ZLM11E_ZLISAE-L1-7SJ62.ElmRelay\Iep 51N.RelToc,1,SANTO DOMINGO,CENTRAL,CENTRAL 138 kV,ZLMINE,Iep 51N
Ip 67 TOC,\VM-PF.IntUser\PDD 31-12-2024.IntPrj\Network Model.IntPrjfolder\Network Data.IntPrjfolder\CENTRAL 138 kV.ElmNet\ZLMINE.ElmSubstat\L5.ElmTerm\Cub_1.StaCubic\ZLM11E_ZLISAE-L1-7SJ62.ElmRelay\Ip 67 TOC.RelToc,1,SANTO DOMINGO,CENTRAL,CENTRAL 138 kV,ZLMINE,Ip 67 TOC
Iep 67N TOC,\VM-PF.IntUser\PDD 31-12-2024.IntPrj\Network Model.IntPrjfolder\Network Data.IntPrjfolder\CENTRAL 138 kV.ElmNet\ZLMINE.ElmSubstat\L5.ElmTerm\Cub_1.StaCubic\ZLM11E_ZLISAE-L1-7SJ62.ElmRelay\Iep 67N TOC.RelToc,1,SANTO DOMINGO,CENTRAL,CENTRAL 138 kV,ZLMINE,Iep 67N TOC
I2p 46 TOC,\VM-PF.IntUser\PDD 31-12-2024.IntPrj\Network Model.IntPrjfolder\Network Data.IntPrjfolder\CENTRAL 138 kV.ElmNet\ZLMINE.ElmSubstat\L5.ElmTerm\Cub_1.StaCubic\ZLM11E_ZLISAE-L1-7SJ62.ElmRelay\I2p 46 TOC.RelToc,1,SANTO DOMINGO,CENTRAL,CENTRAL 138 kV,ZLMINE,I2p 46 TOC
Overload 49,\VM-PF.IntUser\PDD 31-12-2024.IntPrj\Network Model.IntPrjfolder\Network Data.IntPrjfolder\CENTRAL 138 kV.ElmNet\ZLMINE.ElmSubstat\L5.ElmTerm\Cub_1.StaCubic\ZLM11E_ZLISAE-L1-7SJ62.ElmRelay\Overload 49.RelToc,1,SANTO DOMINGO,CENTRAL,CENTRAL 138 kV,ZLMINE,Overload 49
Ip,\VM-PF.IntUser\PDD 31-12-2024.IntPrj\Network Model.IntPrjfolder\Network Data.IntPrjfolder\CENTRAL 138 kV.ElmNet\ZLMINE.ElmSubstat\L6.ElmTerm\Cub_1.StaCubic\ZLM11E_ZHNS2E-L1-7SD52.ElmRelay\Distance/Overcurrent/Voltage.ElmRelay\Ip.RelToc,1,SANTO DOMINGO,CENTRAL,CENTRAL 138 kV,ZLMINE,Ip
Thr. Overload,\VM-PF.IntUser\PDD 31-12-2024.IntPrj\Network Model.IntPrjfolder\Network Data.IntPrjfolder\CENTRAL 138 kV.ElmNet\ZLMINE.ElmSubstat\L6.ElmTerm\Cub_1.StaCubic\ZLM11E_ZHNS2E-L1-7SD52.ElmRelay\Distance/Overcurrent/Voltage.ElmRelay\Thr. Overload.RelToc,1,SANTO DOMINGO,CENTRAL,CENTRAL 138 kV,ZLMINE,Thr. Overload
I0p,\VM-PF.IntUser\PDD 31-12-2024.IntPrj\Network Model.IntPrjfolder\Network Data.IntPrjfolder\CENTRAL 138 kV.ElmNet\ZLMINE.ElmSubstat\L6.ElmTerm\Cub_1.StaCubic\ZLM11E_ZHNS2E-L1-7SD52.ElmRelay\Distance/Overcurrent/Voltage.ElmRelay\I0p.RelToc,1,SANTO DOMINGO,CENTRAL,CENTRAL 138 kV,ZLMINE,I0p
Ip 51,\VM-PF.IntUser\PDD 31-12-2024.IntPrj\Network Model.IntPrjfolder\Network Data.IntPrjfolder\CENTRAL 138 kV.ElmNet\ZLMINE.ElmSubstat\L6.ElmTerm\Cub_1.StaCubic\ZLM11E_ZHNS2E-L1-7SJ62.ElmRelay\Ip 51.RelToc,1,SANTO DOMINGO,CENTRAL,CENTRAL 138 kV,ZLMINE,Ip 51
Iep 51N,\VM-PF.IntUser\PDD 31-12-2024.IntPrj\Network Model.IntPrjfolder\Network Data.IntPrjfolder\CENTRAL 138 kV.ElmNet\ZLMINE.ElmSubstat\L6.ElmTerm\Cub_1.StaCubic\ZLM11E_ZHNS2E-L1-7SJ62.ElmRelay\Iep 51N.RelToc,1,SANTO DOMINGO,CENTRAL,CENTRAL 138 kV,ZLMINE,Iep 51N
Ip 67 TOC,\VM-PF.IntUser\PDD 31-12-2024.IntPrj\Network Model.IntPrjfolder\Network Data.IntPrjfolder\CENTRAL 138 kV.ElmNet\ZLMINE.ElmSubstat\L6.ElmTerm\Cub_1.StaCubic\ZLM11E_ZHNS2E-L1-7SJ62.ElmRelay\Ip 67 TOC.RelToc,1,SANTO DOMINGO,CENTRAL,CENTRAL 138 kV,ZLMINE,Ip 67 TOC
Iep 67N TOC,\VM-PF.IntUser\PDD 31-12-2024.IntPrj\Network Model.IntPrjfolder\Network Data.IntPrjfolder\CENTRAL 138 kV.ElmNet\ZLMINE.ElmSubstat\L6.ElmTerm\Cub_1.StaCubic\ZLM11E_ZHNS2E-L1-7SJ62.ElmRelay\Iep 67N TOC.RelToc,1,SANTO DOMINGO,CENTRAL,CENTRAL 138 kV,ZLMINE,Iep 67N TOC
I2p 46 TOC,\VM-PF.IntUser\PDD 31-12-2024.IntPrj\Network Model.IntPrjfolder\Network Data.IntPrjfolder\CENTRAL 138 kV.ElmNet\ZLMINE.ElmSubstat\L6.ElmTerm\Cub_1.StaCubic\ZLM11E_ZHNS2E-L1-7SJ62.ElmRelay\I2p 46 TOC.RelToc,1,SANTO DOMINGO,CENTRAL,CENTRAL 138 kV,ZLMINE,I2p 46 TOC
Overload 49,\VM-PF.IntUser\PDD 31-12-2024.IntPrj\Network Model.IntPrjfolder\Network Data.IntPrjfolder\CENTRAL 138 kV.ElmNet\ZLMINE.ElmSubstat\L6.ElmTerm\Cub_1.StaCubic\ZLM11E_ZHNS2E-L1-7SJ62.ElmRelay\Overload 49.RelToc,1,SANTO DOMINGO,CENTRAL,CENTRAL 138 kV,ZLMINE,Overload 49
ANSI 49,\VM-PF.IntUser\PDD 31-12-2024.IntPrj\Network Model.IntPrjfolder\Network Data.IntPrjfolder\CENTRAL 138 kV.ElmNet\ZLMINE.ElmSubstat\L8.ElmTerm\Cub_1.StaCubic\ZLMINE_ZLMI7E-L1-7SD610.ElmRelay\ANSI 49.RelToc,1,SANTO DOMINGO,CENTRAL,CENTRAL 138 kV,ZLMINE,ANSI 49
Iph,\VM-PF.IntUser\PDD 31-12-2024.IntPrj\Network Model.IntPrjfolder\Network Data.IntPrjfolder\CENTRAL 138 kV.ElmNet\ZLMINE.ElmSubstat\L8.ElmTerm\Cub_1.StaCubic\ZLMINE_ZLMI7E-L1-7SD610.ElmRelay\Iph.RelToc,1,SANTO DOMINGO,CENTRAL,CENTRAL 138 kV,ZLMINE,Iph
3I0,\VM-PF.IntUser\PDD 31-12-2024.IntPrj\Network Model.IntPrjfolder\Network Data.IntPrjfolder\CENTRAL 138 kV.ElmNet\ZLMINE.ElmSubstat\L8.ElmTerm\Cub_1.StaCubic\ZLMINE_ZLMI7E-L1-7SD610.ElmRelay\3I0.RelToc,1,SANTO DOMINGO,CENTRAL,CENTRAL 138 kV,ZLMINE,3I0
Ip 51,\VM-PF.IntUser\PDD 31-12-2024.IntPrj\Network Model.IntPrjfolder\Network Data.IntPrjfolder\CENTRAL 138 kV.ElmNet\ZLMINE.ElmSubstat\L8.ElmTerm\Cub_1.StaCubic\ZLMINE_ZLMI7E-L1-7SJ80.ElmRelay\Ip 51.RelToc,1,SANTO DOMINGO,CENTRAL,CENTRAL 138 kV,ZLMINE,Ip 51
Iep 51N,\VM-PF.IntUser\PDD 31-12-2024.IntPrj\Network Model.IntPrjfolder\Network Data.IntPrjfolder\CENTRAL 138 kV.ElmNet\ZLMINE.ElmSubstat\L8.ElmTerm\Cub_1.StaCubic\ZLMINE_ZLMI7E-L1-7SJ80.ElmRelay\Iep 51N.RelToc,1,SANTO DOMINGO,CENTRAL,CENTRAL 138 kV,ZLMINE,Iep 51N
Ip 67 TOC,\VM-PF.IntUser\PDD 31-12-2024.IntPrj\Network Model.IntPrjfolder\Network Data.IntPrjfolder\CENTRAL 138 kV.ElmNet\ZLMINE.ElmSubstat\L8.ElmTerm\Cub_1.StaCubic\ZLMINE_ZLMI7E-L1-7SJ80.ElmRelay\Ip 67 TOC.RelToc,1,SANTO DOMINGO,CENTRAL,CENTRAL 138 kV,ZLMINE,Ip 67 TOC
Iep 67N TOC,\VM-PF.IntUser\PDD 31-12-2024.IntPrj\Network Model.IntPrjfolder\Network Data.IntPrjfolder\CENTRAL 138 kV.ElmNet\ZLMINE.ElmSubstat\L8.ElmTerm\Cub_1.StaCubic\ZLMINE_ZLMI7E-L1-7SJ80.ElmRelay\Iep 67N TOC.RelToc,1,SANTO DOMINGO,CENTRAL,CENTRAL 138 kV,ZLMINE,Iep 67N TOC
I2p 46 TOC,\VM-PF.IntUser\PDD 31-12-2024.IntPrj\Network Model.IntPrjfolder\Network Data.IntPrjfolder\CENTRAL 138 kV.ElmNet\ZLMINE.ElmSubstat\L8.ElmTerm\Cub_1.StaCubic\ZLMINE_ZLMI7E-L1-7SJ80.ElmRelay\I2p 46 TOC.RelToc,1,SANTO DOMINGO,CENTRAL,CENTRAL 138 kV,ZLMINE,I2p 46 TOC
Overload 49,\VM-PF.IntUser\PDD 31-12-2024.IntPrj\Network Model.IntPrjfolder\Network Data.IntPrjfolder\CENTRAL 138 kV.ElmNet\ZLMINE.ElmSubstat\L8.ElmTerm\Cub_1.StaCubic\ZLMINE_ZLMI7E-L1-7SJ80.ElmRelay\Overload 49.RelToc,1,SANTO DOMINGO,CENTRAL,CENTRAL 138 kV,ZLMINE,Overload 49
Thermal overload,\VM-PF.IntUser\PDD 31-12-2024.IntPrj\Network Model.IntPrjfolder\Network Data.IntPrjfolder\CENTRAL 138 kV.ElmNet\ZLMINE.ElmSubstat\R5.ElmTerm\Cub_1.StaCubic\ZLMINE_ZTIM2E-L1-7SA511.ElmRelay\Thermal overload.RelToc,1,SANTO DOMINGO,CENTRAL,CENTRAL 138 kV,ZLMINE,Thermal overload
High resistence IE>,\VM-PF.IntUser\PDD 31-12-2024.IntPrj\Network Model.IntPrjfolder\Network Data.IntPrjfolder\CENTRAL 138 kV.ElmNet\ZLMINE.ElmSubstat\R5.ElmTerm\Cub_1.StaCubic\ZLMINE_ZTIM2E-L1-7SA511.ElmRelay\High resistence IE>.RelToc,1,SANTO DOMINGO,CENTRAL,CENTRAL 138 kV,ZLMINE,High resistence IE>
Ip,\VM-PF.IntUser\PDD 31-12-2024.IntPrj\Network Model.IntPrjfolder\Network Data.IntPrjfolder\CENTRAL 138 kV.ElmNet\ZLMINE.ElmSubstat\R5.ElmTerm\Cub_1.StaCubic\ZLMINE_ZTIM2E-L1-7SJ512.ElmRelay\Ip.RelToc,1,SANTO DOMINGO,CENTRAL,CENTRAL 138 kV,ZLMINE,Ip
Iep,\VM-PF.IntUser\PDD 31-12-2024.IntPrj\Network Model.IntPrjfolder\Network Data.IntPrjfolder\CENTRAL 138 kV.ElmNet\ZLMINE.ElmSubstat\R5.ElmTerm\Cub_1.StaCubic\ZLMINE_ZTIM2E-L1-7SJ512.ElmRelay\Iep.RelToc,1,SANTO DOMINGO,CENTRAL,CENTRAL 138 kV,ZLMINE,Iep
Thermal OL,\VM-PF.IntUser\PDD 31-12-2024.IntPrj\Network Model.IntPrjfolder\Network Data.IntPrjfolder\CENTRAL 138 kV.ElmNet\ZLMINE.ElmSubstat\R5.ElmTerm\Cub_1.StaCubic\ZLMINE_ZTIM2E-L1-7SJ512.ElmRelay\Thermal OL.RelToc,1,SANTO DOMINGO,CENTRAL,CENTRAL 138 kV,ZLMINE,Thermal OL
Ieep,\VM-PF.IntUser\PDD 31-12-2024.IntPrj\Network Model.IntPrjfolder\Network Data.IntPrjfolder\CENTRAL 138 kV.ElmNet\ZLMINE.ElmSubstat\R5.ElmTerm\Cub_1.StaCubic\ZLMINE_ZTIM2E-L1-7SJ512.ElmRelay\Ieep.RelToc,1,SANTO DOMINGO,CENTRAL,CENTRAL 138 kV,ZLMINE,Ieep
I>,\VM-PF.IntUser\PDD 31-12-2024.IntPrj\Network Model.IntPrjfolder\Network Data.IntPrjfolder\CENTRAL 138 kV.ElmNet\ZLISAE.ElmSubstat\1.ElmTerm\Cub_1.StaCubic\ZLISAE_ZAHO1E-L1-7SA522.ElmRelay\I>.RelToc,1,DISTRITO NACIONAL,CENTRAL,CENTRAL 138 kV,ZLISAE,I>
H-Resist-IE>,\VM-PF.IntUser\PDD 31-12-2024.IntPrj\Network Model.IntPrjfolder\Network Data.IntPrjfolder\CENTRAL 138 kV.ElmNet\ZLISAE.ElmSubstat\1.ElmTerm\Cub_1.StaCubic\ZLISAE_ZAHO1E-L1-7SA522.ElmRelay\H-Resist-IE>.RelToc,1,DISTRITO NACIONAL,CENTRAL,CENTRAL 138 kV,ZLISAE,H-Resist-IE>
Ip 51,\VM-PF.IntUser\PDD 31-12-2024.IntPrj\Network Model.IntPrjfolder\Network Data.IntPrjfolder\CENTRAL 138 kV.ElmNet\ZLISAE.ElmSubstat\1.ElmTerm\Cub_1.StaCubic\ZLISAE_ZAHO1E-L1-7SJ62.ElmRelay\Ip 51.RelToc,1,DISTRITO NACIONAL,CENTRAL,CENTRAL 138 kV,ZLISAE,Ip 51
Iep 51N,\VM-PF.IntUser\PDD 31-12-2024.IntPrj\Network Model.IntPrjfolder\Network Data.IntPrjfolder\CENTRAL 138 kV.ElmNet\ZLISAE.ElmSubstat\1.ElmTerm\Cub_1.StaCubic\ZLISAE_ZAHO1E-L1-7SJ62.ElmRelay\Iep 51N.RelToc,1,DISTRITO NACIONAL,CENTRAL,CENTRAL 138 kV,ZLISAE,Iep 51N
Ip 67 TOC,\VM-PF.IntUser\PDD 31-12-2024.IntPrj\Network Model.IntPrjfolder\Network Data.IntPrjfolder\CENTRAL 138 kV.ElmNet\ZLISAE.ElmSubstat\1.ElmTerm\Cub_1.StaCubic\ZLISAE_ZAHO1E-L1-7SJ62.ElmRelay\Ip 67 TOC.RelToc,1,DISTRITO NACIONAL,CENTRAL,CENTRAL 138 kV,ZLISAE,Ip 67 TOC
Iep 67N TOC,\VM-PF.IntUser\PDD 31-12-2024.IntPrj\Network Model.IntPrjfolder\Network Data.IntPrjfolder\CENTRAL 138 kV.ElmNet\ZLISAE.ElmSubstat\1.ElmTerm\Cub_1.StaCubic\ZLISAE_ZAHO1E-L1-7SJ62.ElmRelay\Iep 67N TOC.RelToc,1,DISTRITO NACIONAL,CENTRAL,CENTRAL 138 kV,ZLISAE,Iep 67N TOC
I2p 46 TOC,\VM-PF.IntUser\PDD 31-12-2024.IntPrj\Network Model.IntPrjfolder\Network Data.IntPrjfolder\CENTRAL 138 kV.ElmNet\ZLISAE.ElmSubstat\1.ElmTerm\Cub_1.StaCubic\ZLISAE_ZAHO1E-L1-7SJ62.ElmRelay\I2p 46 TOC.RelToc,1,DISTRITO NACIONAL,CENTRAL,CENTRAL 138 kV,ZLISAE,I2p 46 TOC
Overload 49,\VM-PF.IntUser\PDD 31-12-2024.IntPrj\Network Model.IntPrjfolder\Network Data.IntPrjfolder\CENTRAL 138 kV.ElmNet\ZLISAE.ElmSubstat\1.ElmTerm\Cub_1.StaCubic\ZLISAE_ZAHO1E-L1-7SJ62.ElmRelay\Overload 49.RelToc,1,DISTRITO NACIONAL,CENTRAL,CENTRAL 138 kV,ZLISAE,Overload 49
Ip 51,\VM-PF.IntUser\PDD 31-12-2024.IntPrj\Network Model.IntPrjfolder\Network Data.IntPrjfolder\CENTRAL 138 kV.ElmNet\ZLISAE.ElmSubstat\4.ElmTerm\Cub_1.StaCubic\ZLISAE_ZLM11E-L1-7SJ62.ElmRelay\Ip 51.RelToc,1,DISTRITO NACIONAL,CENTRAL,CENTRAL 138 kV,ZLISAE,Ip 51
Iep 51N,\VM-PF.IntUser\PDD 31-12-2024.IntPrj\Network Model.IntPrjfolder\Network Data.IntPrjfolder\CENTRAL 138 kV.ElmNet\ZLISAE.ElmSubstat\4.ElmTerm\Cub_1.StaCubic\ZLISAE_ZLM11E-L1-7SJ62.ElmRelay\Iep 51N.RelToc,1,DISTRITO NACIONAL,CENTRAL,CENTRAL 138 kV,ZLISAE,Iep 51N
Ip 67 TOC,\VM-PF.IntUser\PDD 31-12-2024.IntPrj\Network Model.IntPrjfolder\Network Data.IntPrjfolder\CENTRAL 138 kV.ElmNet\ZLISAE.ElmSubstat\4.ElmTerm\Cub_1.StaCubic\ZLISAE_ZLM11E-L1-7SJ62.ElmRelay\Ip 67 TOC.RelToc,1,DISTRITO NACIONAL,CENTRAL,CENTRAL 138 kV,ZLISAE,Ip 67 TOC
Iep 67N TOC,\VM-PF.IntUser\PDD 31-12-2024.IntPrj\Network Model.IntPrjfolder\Network Data.IntPrjfolder\CENTRAL 138 kV.ElmNet\ZLISAE.ElmSubstat\4.ElmTerm\Cub_1.StaCubic\ZLISAE_ZLM11E-L1-7SJ62.ElmRelay\Iep 67N TOC.RelToc,1,DISTRITO NACIONAL,CENTRAL,CENTRAL 138 kV,ZLISAE,Iep 67N TOC
I2p 46 TOC,\VM-PF.IntUser\PDD 31-12-2024.IntPrj\Network Model.IntPrjfolder\Network Data.IntPrjfolder\CENTRAL 138 kV.ElmNet\ZLISAE.ElmSubstat\4.ElmTerm\Cub_1.StaCubic\ZLISAE_ZLM11E-L1-7SJ62.ElmRelay\I2p 46 TOC.RelToc,1,DISTRITO NACIONAL,CENTRAL,CENTRAL 138 kV,ZLISAE,I2p 46 TOC
Overload 49,\VM-PF.IntUser\PDD 31-12-2024.IntPrj\Network Model.IntPrjfolder\Network Data.IntPrjfolder\CENTRAL 138 kV.ElmNet\ZLISAE.ElmSubstat\4.ElmTerm\Cub_1.StaCubic\ZLISAE_ZLM11E-L1-7SJ62.ElmRelay\Overload 49.RelToc,1,DISTRITO NACIONAL,CENTRAL,CENTRAL 138 kV,ZLISAE,Overload 49
I>,\VM-PF.IntUser\PDD 31-12-2024.IntPrj\Network Model.IntPrjfolder\Network Data.IntPrjfolder\CENTRAL 138 kV.ElmNet\ZLISAE.ElmSubstat\4.ElmTerm\Cub_1.StaCubic\ZLISAE_ZLM11E-L1-7SA522.ElmRelay\I>.RelToc,1,DISTRITO NACIONAL,CENTRAL,CENTRAL 138 kV,ZLISAE,I>
H-Resist-IE>,\VM-PF.IntUser\PDD 31-12-2024.IntPrj\Network Model.IntPrjfolder\Network Data.IntPrjfolder\CENTRAL 138 kV.ElmNet\ZLISAE.ElmSubstat\4.ElmTerm\Cub_1.StaCubic\ZLISAE_ZLM11E-L1-7SA522.ElmRelay\H-Resist-IE>.RelToc,1,DISTRITO NACIONAL,CENTRAL,CENTRAL 138 kV,ZLISAE,H-Resist-IE>
ANSI 49,\VM-PF.IntUser\PDD 31-12-2024.IntPrj\Network Model.IntPrjfolder\Network Data.IntPrjfolder\CENTRAL 138 kV.ElmNet\Los Mina 7.ElmSite\ZLMI7E.ElmSubstat\2.ElmTerm\Cub_1.StaCubic\ZLMI7E_ZLMINE-L1-7SD610.ElmRelay\ANSI 49.RelToc,1,SANTO DOMINGO,CENTRAL,CENTRAL 138 kV,ZLMI7E,ANSI 49
Iph,\VM-PF.IntUser\PDD 31-12-2024.IntPrj\Network Model.IntPrjfolder\Network Data.IntPrjfolder\CENTRAL 138 kV.ElmNet\Los Mina 7.ElmSite\ZLMI7E.ElmSubstat\2.ElmTerm\Cub_1.StaCubic\ZLMI7E_ZLMINE-L1-7SD610.ElmRelay\Iph.RelToc,1,SANTO DOMINGO,CENTRAL,CENTRAL 138 kV,ZLMI7E,Iph
3I0,\VM-PF.IntUser\PDD 31-12-2024.IntPrj\Network Model.IntPrjfolder\Network Data.IntPrjfolder\CENTRAL 138 kV.ElmNet\Los Mina 7.ElmSite\ZLMI7E.ElmSubstat\2.ElmTerm\Cub_1.StaCubic\ZLMI7E_ZLMINE-L1-7SD610.ElmRelay\3I0.RelToc,1,SANTO DOMINGO,CENTRAL,CENTRAL 138 kV,ZLMI7E,3I0
Ip 51,\VM-PF.IntUser\PDD 31-12-2024.IntPrj\Network Model.IntPrjfolder\Network Data.IntPrjfolder\CENTRAL 138 kV.ElmNet\Los Mina 7.ElmSite\ZLMI7E.ElmSubstat\2.ElmTerm\Cub_1.StaCubic\ZLMI7E_ZLMINE-L1-7SJ80.ElmRelay\Ip 51.RelToc,1,SANTO DOMINGO,CENTRAL,CENTRAL 138 kV,ZLMI7E,Ip 51
Iep 51N,\VM-PF.IntUser\PDD 31-12-2024.IntPrj\Network Model.IntPrjfolder\Network Data.IntPrjfolder\CENTRAL 138 kV.ElmNet\Los Mina 7.ElmSite\ZLMI7E.ElmSubstat\2.ElmTerm\Cub_1.StaCubic\ZLMI7E_ZLMINE-L1-7SJ80.ElmRelay\Iep 51N.RelToc,1,SANTO DOMINGO,CENTRAL,CENTRAL 138 kV,ZLMI7E,Iep 51N
Ip 67 TOC,\VM-PF.IntUser\PDD 31-12-2024.IntPrj\Network Model.IntPrjfolder\Network Data.IntPrjfolder\CENTRAL 138 kV.ElmNet\Los Mina 7.ElmSite\ZLMI7E.ElmSubstat\2.ElmTerm\Cub_1.StaCubic\ZLMI7E_ZLMINE-L1-7SJ80.ElmRelay\Ip 67 TOC.RelToc,1,SANTO DOMINGO,CENTRAL,CENTRAL 138 kV,ZLMI7E,Ip 67 TOC
Iep 67N TOC,\VM-PF.IntUser\PDD 31-12-2024.IntPrj\Network Model.IntPrjfolder\Network Data.IntPrjfolder\CENTRAL 138 kV.ElmNet\Los Mina 7.ElmSite\ZLMI7E.ElmSubstat\2.ElmTerm\Cub_1.StaCubic\ZLMI7E_ZLMINE-L1-7SJ80.ElmRelay\Iep 67N TOC.RelToc,1,SANTO DOMINGO,CENTRAL,CENTRAL 138 kV,ZLMI7E,Iep 67N TOC
I2p 46 TOC,\VM-PF.IntUser\PDD 31-12-2024.IntPrj\Network Model.IntPrjfolder\Network Data.IntPrjfolder\CENTRAL 138 kV.ElmNet\Los Mina 7.ElmSite\ZLMI7E.ElmSubstat\2.ElmTerm\Cub_1.StaCubic\ZLMI7E_ZLMINE-L1-7SJ80.ElmRelay\I2p 46 TOC.RelToc,1,SANTO DOMINGO,CENTRAL,CENTRAL 138 kV,ZLMI7E,I2p 46 TOC
Overload 49,\VM-PF.IntUser\PDD 31-12-2024.IntPrj\Network Model.IntPrjfolder\Network Data.IntPrjfolder\CENTRAL 138 kV.ElmNet\Los Mina 7.ElmSite\ZLMI7E.ElmSubstat\2.ElmTerm\Cub_1.StaCubic\ZLMI7E_ZLMINE-L1-7SJ80.ElmRelay\Overload 49.RelToc,1,SANTO DOMINGO,CENTRAL,CENTRAL 138 kV,ZLMI7E,Overload 49
I>1,\VM-PF.IntUser\PDD 31-12-2024.IntPrj\Network Model.IntPrjfolder\Network Data.IntPrjfolder\CENTRAL 138 kV.ElmNet\ZIAANE.ElmSubstat\1.ElmTerm\Cub_1.StaCubic\ZAAINE_ZAANDE-L1-P140.ElmRelay\I>1.RelToc,1,SANTO DOMINGO,CENTRAL,CENTRAL 138 kV,ZIAANE,I>1
I>2,\VM-PF.IntUser\PDD 31-12-2024.IntPrj\Network Model.IntPrjfolder\Network Data.IntPrjfolder\CENTRAL 138 kV.ElmNet\ZIAANE.ElmSubstat\1.ElmTerm\Cub_1.StaCubic\ZAAINE_ZAANDE-L1-P140.ElmRelay\I>2.RelToc,1,SANTO DOMINGO,CENTRAL,CENTRAL 138 kV,ZIAANE,I>2
Therm,\VM-PF.IntUser\PDD 31-12-2024.IntPrj\Network Model.IntPrjfolder\Network Data.IntPrjfolder\CENTRAL 138 kV.ElmNet\ZIAANE.ElmSubstat\1.ElmTerm\Cub_1.StaCubic\ZAAINE_ZAANDE-L1-P140.ElmRelay\Therm.RelToc,1,SANTO DOMINGO,CENTRAL,CENTRAL 138 kV,ZIAANE,Therm
IN1>1,\VM-PF.IntUser\PDD 31-12-2024.IntPrj\Network Model.IntPrjfolder\Network Data.IntPrjfolder\CENTRAL 138 kV.ElmNet\ZIAANE.ElmSubstat\1.ElmTerm\Cub_1.StaCubic\ZAAINE_ZAANDE-L1-P140.ElmRelay\IN1>1.RelToc,1,SANTO DOMINGO,CENTRAL,CENTRAL 138 kV,ZIAANE,IN1>1
IN1>2,\VM-PF.IntUser\PDD 31-12-2024.IntPrj\Network Model.IntPrjfolder\Network Data.IntPrjfolder\CENTRAL 138 kV.ElmNet\ZIAANE.ElmSubstat\1.ElmTerm\Cub_1.StaCubic\ZAAINE_ZAANDE-L1-P140.ElmRelay\IN1>2.RelToc,1,SANTO DOMINGO,CENTRAL,CENTRAL 138 kV,ZIAANE,IN1>2
IN2>1,\VM-PF.IntUser\PDD 31-12-2024.IntPrj\Network Model.IntPrjfolder\Network Data.IntPrjfolder\CENTRAL 138 kV.ElmNet\ZIAANE.ElmSubstat\1.ElmTerm\Cub_1.StaCubic\ZAAINE_ZAANDE-L1-P140.ElmRelay\IN2>1.RelToc,1,SANTO DOMINGO,CENTRAL,CENTRAL 138 kV,ZIAANE,IN2>1
IN2>2,\VM-PF.IntUser\PDD 31-12-2024.IntPrj\Network Model.IntPrjfolder\Network Data.IntPrjfolder\CENTRAL 138 kV.ElmNet\ZIAANE.ElmSubstat\1.ElmTerm\Cub_1.StaCubic\ZAAINE_ZAANDE-L1-P140.ElmRelay\IN2>2.RelToc,1,SANTO DOMINGO,CENTRAL,CENTRAL 138 kV,ZIAANE,IN2>2
ISEF>1,\VM-PF.IntUser\PDD 31-12-2024.IntPrj\Network Model.IntPrjfolder\Network Data.IntPrjfolder\CENTRAL 138 kV.ElmNet\ZIAANE.ElmSubstat\1.ElmTerm\Cub_1.StaCubic\ZAAINE_ZAANDE-L1-P140.ElmRelay\ISEF>1.RelToc,1,SANTO DOMINGO,CENTRAL,CENTRAL 138 kV,ZIAANE,ISEF>1
ISEF>2,\VM-PF.IntUser\PDD 31-12-2024.IntPrj\Network Model.IntPrjfolder\Network Data.IntPrjfolder\CENTRAL 138 kV.ElmNet\ZIAANE.ElmSubstat\1.ElmTerm\Cub_1.StaCubic\ZAAINE_ZAANDE-L1-P140.ElmRelay\ISEF>2.RelToc,1,SANTO DOMINGO,CENTRAL,CENTRAL 138 kV,ZIAANE,ISEF>2
I>1,\VM-PF.IntUser\PDD 31-12-2024.IntPrj\Network Model.IntPrjfolder\Network Data.IntPrjfolder\CENTRAL 138 kV.ElmNet\ZIAANE.ElmSubstat\1.ElmTerm\Cub_1.StaCubic\ZAAINE_ZAANDE-L1-P44x.ElmRelay\I>1.RelToc,1,SANTO DOMINGO,CENTRAL,CENTRAL 138 kV,ZIAANE,I>1
I>2,\VM-PF.IntUser\PDD 31-12-2024.IntPrj\Network Model.IntPrjfolder\Network Data.IntPrjfolder\CENTRAL 138 kV.ElmNet\ZIAANE.ElmSubstat\1.ElmTerm\Cub_1.StaCubic\ZAAINE_ZAANDE-L1-P44x.ElmRelay\I>2.RelToc,1,SANTO DOMINGO,CENTRAL,CENTRAL 138 kV,ZIAANE,I>2
IN>1,\VM-PF.IntUser\PDD 31-12-2024.IntPrj\Network Model.IntPrjfolder\Network Data.IntPrjfolder\CENTRAL 138 kV.ElmNet\ZIAANE.ElmSubstat\1.ElmTerm\Cub_1.StaCubic\ZAAINE_ZAANDE-L1-P44x.ElmRelay\IN>1.RelToc,1,SANTO DOMINGO,CENTRAL,CENTRAL 138 kV,ZIAANE,IN>1
IN>2,\VM-PF.IntUser\PDD 31-12-2024.IntPrj\Network Model.IntPrjfolder\Network Data.IntPrjfolder\CENTRAL 138 kV.ElmNet\ZIAANE.ElmSubstat\1.ElmTerm\Cub_1.StaCubic\ZAAINE_ZAANDE-L1-P44x.ElmRelay\IN>2.RelToc,1,SANTO DOMINGO,CENTRAL,CENTRAL 138 kV,ZIAANE,IN>2
Ip>,\VM-PF.IntUser\PDD 31-12-2024.IntPrj\Network Model.IntPrjfolder\Network Data.IntPrjfolder\CENTRAL 138 kV.ElmNet\ZIAANE.ElmSubstat\2.ElmTerm\Cub_1.StaCubic\ZAAINE_ZHNSAE-L2-7SA6.ElmRelay\Overcurrent.ElmRelay\Ip>.RelToc,1,SANTO DOMINGO,CENTRAL,CENTRAL 138 kV,ZIAANE,Ip>
3I0p,\VM-PF.IntUser\PDD 31-12-2024.IntPrj\Network Model.IntPrjfolder\Network Data.IntPrjfolder\CENTRAL 138 kV.ElmNet\ZIAANE.ElmSubstat\2.ElmTerm\Cub_1.StaCubic\ZAAINE_ZHNSAE-L2-7SA6.ElmRelay\Overcurrent.ElmRelay\3I0p.RelToc,1,SANTO DOMINGO,CENTRAL,CENTRAL 138 kV,ZIAANE,3I0p
3I0p,\VM-PF.IntUser\PDD 31-12-2024.IntPrj\Network Model.IntPrjfolder\Network Data.IntPrjfolder\CENTRAL 138 kV.ElmNet\ZIAANE.ElmSubstat\2.ElmTerm\Cub_1.StaCubic\ZAAINE_ZHNSAE-L2-7SA6.ElmRelay\Earthfault.ElmRelay\3I0p.RelToc,1,SANTO DOMINGO,CENTRAL,CENTRAL 138 kV,ZIAANE,3I0p
Thermal Overload,\VM-PF.IntUser\PDD 31-12-2024.IntPrj\Network Model.IntPrjfolder\Network Data.IntPrjfolder\CENTRAL 138 kV.ElmNet\ZIAANE.ElmSubstat\2.ElmTerm\Cub_1.StaCubic\ZAAINE_ZHNSAE-L2-7SA6.ElmRelay\Thermal Overload.RelToc,1,SANTO DOMINGO,CENTRAL,CENTRAL 138 kV,ZIAANE,Thermal Overload
Ip,\VM-PF.IntUser\PDD 31-12-2024.IntPrj\Network Model.IntPrjfolder\Network Data.IntPrjfolder\CENTRAL 138 kV.ElmNet\ZIAANE.ElmSubstat\2.ElmTerm\Cub_1.StaCubic\ZAAINE_ZHNSAE-L2-7SD52.ElmRelay\Distance/Overcurrent/Voltage.ElmRelay\Ip.RelToc,1,SANTO DOMINGO,CENTRAL,CENTRAL 138 kV,ZIAANE,Ip
Thr. Overload,\VM-PF.IntUser\PDD 31-12-2024.IntPrj\Network Model.IntPrjfolder\Network Data.IntPrjfolder\CENTRAL 138 kV.ElmNet\ZIAANE.ElmSubstat\2.ElmTerm\Cub_1.StaCubic\ZAAINE_ZHNSAE-L2-7SD52.ElmRelay\Distance/Overcurrent/Voltage.ElmRelay\Thr. Overload.RelToc,1,SANTO DOMINGO,CENTRAL,CENTRAL 138 kV,ZIAANE,Thr. Overload
I0p,\VM-PF.IntUser\PDD 31-12-2024.IntPrj\Network Model.IntPrjfolder\Network Data.IntPrjfolder\CENTRAL 138 kV.ElmNet\ZIAANE.ElmSubstat\2.ElmTerm\Cub_1.StaCubic\ZAAINE_ZHNSAE-L2-7SD52.ElmRelay\Distance/Overcurrent/Voltage.ElmRelay\I0p.RelToc,1,SANTO DOMINGO,CENTRAL,CENTRAL 138 kV,ZIAANE,I0p
Ip>,\VM-PF.IntUser\PDD 31-12-2024.IntPrj\Network Model.IntPrjfolder\Network Data.IntPrjfolder\CENTRAL 138 kV.ElmNet\ZIAANE.ElmSubstat\3.ElmTerm\Cub_1.StaCubic\ZAAINE_ZHNSAE-L1-7SA6.ElmRelay\Overcurrent.ElmRelay\Ip>.RelToc,1,SANTO DOMINGO,CENTRAL,CENTRAL 138 kV,ZIAANE,Ip>
3I0p,\VM-PF.IntUser\PDD 31-12-2024.IntPrj\Network Model.IntPrjfolder\Network Data.IntPrjfolder\CENTRAL 138 kV.ElmNet\ZIAANE.ElmSubstat\3.ElmTerm\Cub_1.StaCubic\ZAAINE_ZHNSAE-L1-7SA6.ElmRelay\Overcurrent.ElmRelay\3I0p.RelToc,1,SANTO DOMINGO,CENTRAL,CENTRAL 138 kV,ZIAANE,3I0p
3I0p,\VM-PF.IntUser\PDD 31-12-2024.IntPrj\Network Model.IntPrjfolder\Network Data.IntPrjfolder\CENTRAL 138 kV.ElmNet\ZIAANE.ElmSubstat\3.ElmTerm\Cub_1.StaCubic\ZAAINE_ZHNSAE-L1-7SA6.ElmRelay\Earthfault.ElmRelay\3I0p.RelToc,1,SANTO DOMINGO,CENTRAL,CENTRAL 138 kV,ZIAANE,3I0p
Thermal Overload,\VM-PF.IntUser\PDD 31-12-2024.IntPrj\Network Model.IntPrjfolder\Network Data.IntPrjfolder\CENTRAL 138 kV.ElmNet\ZIAANE.ElmSubstat\3.ElmTerm\Cub_1.StaCubic\ZAAINE_ZHNSAE-L1-7SA6.ElmRelay\Thermal Overload.RelToc,1,SANTO DOMINGO,CENTRAL,CENTRAL 138 kV,ZIAANE,Thermal Overload
Ip,\VM-PF.IntUser\PDD 31-12-2024.IntPrj\Network Model.IntPrjfolder\Network Data.IntPrjfolder\CENTRAL 138 kV.ElmNet\ZIAANE.ElmSubstat\3.ElmTerm\Cub_1.StaCubic\ZAAINE_ZHNSAE-L1-7SD52.ElmRelay\Distance/Overcurrent/Voltage.ElmRelay\Ip.RelToc,1,SANTO DOMINGO,CENTRAL,CENTRAL 138 kV,ZIAANE,Ip
Thr. Overload,\VM-PF.IntUser\PDD 31-12-2024.IntPrj\Network Model.IntPrjfolder\Network Data.IntPrjfolder\CENTRAL 138 kV.ElmNet\ZIAANE.ElmSubstat\3.ElmTerm\Cub_1.StaCubic\ZAAINE_ZHNSAE-L1-7SD52.ElmRelay\Distance/Overcurrent/Voltage.ElmRelay\Thr. Overload.RelToc,1,SANTO DOMINGO,CENTRAL,CENTRAL 138 kV,ZIAANE,Thr. Overload
I0p,\VM-PF.IntUser\PDD 31-12-2024.IntPrj\Network Model.IntPrjfolder\Network Data.IntPrjfolder\CENTRAL 138 kV.ElmNet\ZIAANE.ElmSubstat\3.ElmTerm\Cub_1.StaCubic\ZAAINE_ZHNSAE-L1-7SD52.ElmRelay\Distance/Overcurrent/Voltage.ElmRelay\I0p.RelToc,1,SANTO DOMINGO,CENTRAL,CENTRAL 138 kV,ZIAANE,I0p
Ip>,\VM-PF.IntUser\PDD 31-12-2024.IntPrj\Network Model.IntPrjfolder\Network Data.IntPrjfolder\CENTRAL 138 kV.ElmNet\ZIAANE.ElmSubstat\4.ElmTerm\Cub_1.StaCubic\ZAAINE_ZHNSAE-L1-7SA6.ElmRelay\Overcurrent.ElmRelay\Ip>.RelToc,1,SANTO DOMINGO,CENTRAL,CENTRAL 138 kV,ZIAANE,Ip>
3I0p,\VM-PF.IntUser\PDD 31-12-2024.IntPrj\Network Model.IntPrjfolder\Network Data.IntPrjfolder\CENTRAL 138 kV.ElmNet\ZIAANE.ElmSubstat\4.ElmTerm\Cub_1.StaCubic\ZAAINE_ZHNSAE-L1-7SA6.ElmRelay\Overcurrent.ElmRelay\3I0p.RelToc,1,SANTO DOMINGO,CENTRAL,CENTRAL 138 kV,ZIAANE,3I0p
3I0p,\VM-PF.IntUser\PDD 31-12-2024.IntPrj\Network Model.IntPrjfolder\Network Data.IntPrjfolder\CENTRAL 138 kV.ElmNet\ZIAANE.ElmSubstat\4.ElmTerm\Cub_1.StaCubic\ZAAINE_ZHNSAE-L1-7SA6.ElmRelay\Earthfault.ElmRelay\3I0p.RelToc,1,SANTO DOMINGO,CENTRAL,CENTRAL 138 kV,ZIAANE,3I0p
Thermal Overload,\VM-PF.IntUser\PDD 31-12-2024.IntPrj\Network Model.IntPrjfolder\Network Data.IntPrjfolder\CENTRAL 138 kV.ElmNet\ZIAANE.ElmSubstat\4.ElmTerm\Cub_1.StaCubic\ZAAINE_ZHNSAE-L1-7SA6.ElmRelay\Thermal Overload.RelToc,1,SANTO DOMINGO,CENTRAL,CENTRAL 138 kV,ZIAANE,Thermal Overload
Ip,\VM-PF.IntUser\PDD 31-12-2024.IntPrj\Network Model.IntPrjfolder\Network Data.IntPrjfolder\CENTRAL 138 kV.ElmNet\ZIAANE.ElmSubstat\4.ElmTerm\Cub_1.StaCubic\ZAAINE_ZHNSAE-L1-7SD52.ElmRelay\Distance/Overcurrent/Voltage.ElmRelay\Ip.RelToc,1,SANTO DOMINGO,CENTRAL,CENTRAL 138 kV,ZIAANE,Ip
Thr. Overload,\VM-PF.IntUser\PDD 31-12-2024.IntPrj\Network Model.IntPrjfolder\Network Data.IntPrjfolder\CENTRAL 138 kV.ElmNet\ZIAANE.ElmSubstat\4.ElmTerm\Cub_1.StaCubic\ZAAINE_ZHNSAE-L1-7SD52.ElmRelay\Distance/Overcurrent/Voltage.ElmRelay\Thr. Overload.RelToc,1,SANTO DOMINGO,CENTRAL,CENTRAL 138 kV,ZIAANE,Thr. Overload
I0p,\VM-PF.IntUser\PDD 31-12-2024.IntPrj\Network Model.IntPrjfolder\Network Data.IntPrjfolder\CENTRAL 138 kV.ElmNet\ZIAANE.ElmSubstat\4.ElmTerm\Cub_1.StaCubic\ZAAINE_ZHNSAE-L1-7SD52.ElmRelay\Distance/Overcurrent/Voltage.ElmRelay\I0p.RelToc,1,SANTO DOMINGO,CENTRAL,CENTRAL 138 kV,ZIAANE,I0p
Ip>,\VM-PF.IntUser\PDD 31-12-2024.IntPrj\Network Model.IntPrjfolder\Network Data.IntPrjfolder\CENTRAL 138 kV.ElmNet\ZIAANE.ElmSubstat\5.ElmTerm\Cub_1.StaCubic\ZAAINE_ZCLUIE-L1-7SA6.ElmRelay\Overcurrent.ElmRelay\Ip>.RelToc,1,SANTO DOMINGO,CENTRAL,CENTRAL 138 kV,ZIAANE,Ip>
3I0p,\VM-PF.IntUser\PDD 31-12-2024.IntPrj\Network Model.IntPrjfolder\Network Data.IntPrjfolder\CENTRAL 138 kV.ElmNet\ZIAANE.ElmSubstat\5.ElmTerm\Cub_1.StaCubic\ZAAINE_ZCLUIE-L1-7SA6.ElmRelay\Overcurrent.ElmRelay\3I0p.RelToc,1,SANTO DOMINGO,CENTRAL,CENTRAL 138 kV,ZIAANE,3I0p
3I0p,\VM-PF.IntUser\PDD 31-12-2024.IntPrj\Network Model.IntPrjfolder\Network Data.IntPrjfolder\CENTRAL 138 kV.ElmNet\ZIAANE.ElmSubstat\5.ElmTerm\Cub_1.StaCubic\ZAAINE_ZCLUIE-L1-7SA6.ElmRelay\Earthfault.ElmRelay\3I0p.RelToc,1,SANTO DOMINGO,CENTRAL,CENTRAL 138 kV,ZIAANE,3I0p
Thermal Overload,\VM-PF.IntUser\PDD 31-12-2024.IntPrj\Network Model.IntPrjfolder\Network Data.IntPrjfolder\CENTRAL 138 kV.ElmNet\ZIAANE.ElmSubstat\5.ElmTerm\Cub_1.StaCubic\ZAAINE_ZCLUIE-L1-7SA6.ElmRelay\Thermal Overload.RelToc,1,SANTO DOMINGO,CENTRAL,CENTRAL 138 kV,ZIAANE,Thermal Overload
Ip,\VM-PF.IntUser\PDD 31-12-2024.IntPrj\Network Model.IntPrjfolder\Network Data.IntPrjfolder\CENTRAL 138 kV.ElmNet\ZIAANE.ElmSubstat\5.ElmTerm\Cub_1.StaCubic\ZAAINE_ZCLUIE-L1-7SD52.ElmRelay\Distance/Overcurrent/Voltage.ElmRelay\Ip.RelToc,1,SANTO DOMINGO,CENTRAL,CENTRAL 138 kV,ZIAANE,Ip
Thr. Overload,\VM-PF.IntUser\PDD 31-12-2024.IntPrj\Network Model.IntPrjfolder\Network Data.IntPrjfolder\CENTRAL 138 kV.ElmNet\ZIAANE.ElmSubstat\5.ElmTerm\Cub_1.StaCubic\ZAAINE_ZCLUIE-L1-7SD52.ElmRelay\Distance/Overcurrent/Voltage.ElmRelay\Thr. Overload.RelToc,1,SANTO DOMINGO,CENTRAL,CENTRAL 138 kV,ZIAANE,Thr. Overload
I0p,\VM-PF.IntUser\PDD 31-12-2024.IntPrj\Network Model.IntPrjfolder\Network Data.IntPrjfolder\CENTRAL 138 kV.ElmNet\ZIAANE.ElmSubstat\5.ElmTerm\Cub_1.StaCubic\ZAAINE_ZCLUIE-L1-7SD52.ElmRelay\Distance/Overcurrent/Voltage.ElmRelay\I0p.RelToc,1,SANTO DOMINGO,CENTRAL,CENTRAL 138 kV,ZIAANE,I0p
Ip>,\VM-PF.IntUser\PDD 31-12-2024.IntPrj\Network Model.IntPrjfolder\Network Data.IntPrjfolder\CENTRAL 138 kV.ElmNet\ZLPRAE.ElmSubstat\1.ElmTerm\Cub_1.StaCubic\ZLPRAE_ZEMBAE-L1-7SA6.ElmRelay\Overcurrent.ElmRelay\Ip>.RelToc,1,DISTRITO NACIONAL,CENTRAL,CENTRAL 138 kV,ZLPRAE,Ip>
3I0p,\VM-PF.IntUser\PDD 31-12-2024.IntPrj\Network Model.IntPrjfolder\Network Data.IntPrjfolder\CENTRAL 138 kV.ElmNet\ZLPRAE.ElmSubstat\1.ElmTerm\Cub_1.StaCubic\ZLPRAE_ZEMBAE-L1-7SA6.ElmRelay\Overcurrent.ElmRelay\3I0p.RelToc,1,DISTRITO NACIONAL,CENTRAL,CENTRAL 138 kV,ZLPRAE,3I0p
3I0p,\VM-PF.IntUser\PDD 31-12-2024.IntPrj\Network Model.IntPrjfolder\Network Data.IntPrjfolder\CENTRAL 138 kV.ElmNet\ZLPRAE.ElmSubstat\1.ElmTerm\Cub_1.StaCubic\ZLPRAE_ZEMBAE-L1-7SA6.ElmRelay\Earthfault.ElmRelay\3I0p.RelToc,1,DISTRITO NACIONAL,CENTRAL,CENTRAL 138 kV,ZLPRAE,3I0p
Thermal Overload,\VM-PF.IntUser\PDD 31-12-2024.IntPrj\Network Model.IntPrjfolder\Network Data.IntPrjfolder\CENTRAL 138 kV.ElmNet\ZLPRAE.ElmSubstat\1.ElmTerm\Cub_1.StaCubic\ZLPRAE_ZEMBAE-L1-7SA6.ElmRelay\Thermal Overload.RelToc,1,DISTRITO NACIONAL,CENTRAL,CENTRAL 138 kV,ZLPRAE,Thermal Overload
Ip>,\VM-PF.IntUser\PDD 31-12-2024.IntPrj\Network Model.IntPrjfolder\Network Data.IntPrjfolder\CENTRAL 138 kV.ElmNet\ZLPRAE.ElmSubstat\3.ElmTerm\Cub_1.StaCubic\ZLPRAE_ZHERRE-L1-7SA6.ElmRelay\Overcurrent.ElmRelay\Ip>.RelToc,1,DISTRITO NACIONAL,CENTRAL,CENTRAL 138 kV,ZLPRAE,Ip>
3I0p,\VM-PF.IntUser\PDD 31-12-2024.IntPrj\Network Model.IntPrjfolder\Network Data.IntPrjfolder\CENTRAL 138 kV.ElmNet\ZLPRAE.ElmSubstat\3.ElmTerm\Cub_1.StaCubic\ZLPRAE_ZHERRE-L1-7SA6.ElmRelay\Overcurrent.ElmRelay\3I0p.RelToc,1,DISTRITO NACIONAL,CENTRAL,CENTRAL 138 kV,ZLPRAE,3I0p
3I0p,\VM-PF.IntUser\PDD 31-12-2024.IntPrj\Network Model.IntPrjfolder\Network Data.IntPrjfolder\CENTRAL 138 kV.ElmNet\ZLPRAE.ElmSubstat\3.ElmTerm\Cub_1.StaCubic\ZLPRAE_ZHERRE-L1-7SA6.ElmRelay\Earthfault.ElmRelay\3I0p.RelToc,1,DISTRITO NACIONAL,CENTRAL,CENTRAL 138 kV,ZLPRAE,3I0p
Thermal Overload,\VM-PF.IntUser\PDD 31-12-2024.IntPrj\Network Model.IntPrjfolder\Network Data.IntPrjfolder\CENTRAL 138 kV.ElmNet\ZLPRAE.ElmSubstat\3.ElmTerm\Cub_1.StaCubic\ZLPRAE_ZHERRE-L1-7SA6.ElmRelay\Thermal Overload.RelToc,1,DISTRITO NACIONAL,CENTRAL,CENTRAL 138 kV,ZLPRAE,Thermal Overload
Ip>,\VM-PF.IntUser\PDD 31-12-2024.IntPrj\Network Model.IntPrjfolder\Network Data.IntPrjfolder\CENTRAL 138 kV.ElmNet\ZLPRAE.ElmSubstat\2.ElmTerm\Cub_1.StaCubic\ZLPRAE_WITA2E-L1-7SA6.ElmRelay\Overcurrent.ElmRelay\Ip>.RelToc,1,DISTRITO NACIONAL,CENTRAL,CENTRAL 138 kV,ZLPRAE,Ip>
3I0p,\VM-PF.IntUser\PDD 31-12-2024.IntPrj\Network Model.IntPrjfolder\Network Data.IntPrjfolder\CENTRAL 138 kV.ElmNet\ZLPRAE.ElmSubstat\2.ElmTerm\Cub_1.StaCubic\ZLPRAE_WITA2E-L1-7SA6.ElmRelay\Overcurrent.ElmRelay\3I0p.RelToc,1,DISTRITO NACIONAL,CENTRAL,CENTRAL 138 kV,ZLPRAE,3I0p
3I0p,\VM-PF.IntUser\PDD 31-12-2024.IntPrj\Network Model.IntPrjfolder\Network Data.IntPrjfolder\CENTRAL 138 kV.ElmNet\ZLPRAE.ElmSubstat\2.ElmTerm\Cub_1.StaCubic\ZLPRAE_WITA2E-L1-7SA6.ElmRelay\Earthfault.ElmRelay\3I0p.RelToc,1,DISTRITO NACIONAL,CENTRAL,CENTRAL 138 kV,ZLPRAE,3I0p
Thermal Overload,\VM-PF.IntUser\PDD 31-12-2024.IntPrj\Network Model.IntPrjfolder\Network Data.IntPrjfolder\CENTRAL 138 kV.ElmNet\ZLPRAE.ElmSubstat\2.ElmTerm\Cub_1.StaCubic\ZLPRAE_WITA2E-L1-7SA6.ElmRelay\Thermal Overload.RelToc,1,DISTRITO NACIONAL,CENTRAL,CENTRAL 138 kV,ZLPRAE,Thermal Overload
Toc2,\VM-PF.IntUser\PDD 31-12-2024.IntPrj\Network Model.IntPrjfolder\Network Data.IntPrjfolder\CENTRAL 138 kV.ElmNet\ZUASDE.ElmSubstat\L1.ElmTerm\Cub_1.StaCubic\ZUASDE_ZCNPEE-L1-REL316-87L.ElmRelay\TOC2.ElmRelay\Toc2.RelToc,1,DISTRITO NACIONAL,CENTRAL,CENTRAL 138 kV,ZUASDE,Toc2
Toc3,\VM-PF.IntUser\PDD 31-12-2024.IntPrj\Network Model.IntPrjfolder\Network Data.IntPrjfolder\CENTRAL 138 kV.ElmNet\ZUASDE.ElmSubstat\L1.ElmTerm\Cub_1.StaCubic\ZUASDE_ZCNPEE-L1-REL316-87L.ElmRelay\TOC3.ElmRelay\Toc3.RelToc,1,DISTRITO NACIONAL,CENTRAL,CENTRAL 138 kV,ZUASDE,Toc3
TEF,\VM-PF.IntUser\PDD 31-12-2024.IntPrj\Network Model.IntPrjfolder\Network Data.IntPrjfolder\CENTRAL 138 kV.ElmNet\ZUASDE.ElmSubstat\L1.ElmTerm\Cub_1.StaCubic\ZUASDE_ZCNPEE-L1-REL316-87L.ElmRelay\TEF.ElmRelay\TEF.RelToc,1,DISTRITO NACIONAL,CENTRAL,CENTRAL 138 kV,ZUASDE,TEF
EF4 Step 4,\VM-PF.IntUser\PDD 31-12-2024.IntPrj\Network Model.IntPrjfolder\Network Data.IntPrjfolder\CENTRAL 138 kV.ElmNet\ZUASDE.ElmSubstat\L1.ElmTerm\Cub_1.StaCubic\ZUASDE_ZCNPEE-L1-REL316-87L.ElmRelay\EF4.ElmRelay\EF4 Step 4.RelToc,1,DISTRITO NACIONAL,CENTRAL,CENTRAL 138 kV,ZUASDE,EF4 Step 4
Toc2,\VM-PF.IntUser\PDD 31-12-2024.IntPrj\Network Model.IntPrjfolder\Network Data.IntPrjfolder\CENTRAL 138 kV.ElmNet\ZUASDE.ElmSubstat\L1.ElmTerm\Cub_1.StaCubic\ZUASDE_ZCNPEE-L1-REL316.ElmRelay\TOC2.ElmRelay\Toc2.RelToc,1,DISTRITO NACIONAL,CENTRAL,CENTRAL 138 kV,ZUASDE,Toc2
Toc3,\VM-PF.IntUser\PDD 31-12-2024.IntPrj\Network Model.IntPrjfolder\Network Data.IntPrjfolder\CENTRAL 138 kV.ElmNet\ZUASDE.ElmSubstat\L1.ElmTerm\Cub_1.StaCubic\ZUASDE_ZCNPEE-L1-REL316.ElmRelay\TOC3.ElmRelay\Toc3.RelToc,1,DISTRITO NACIONAL,CENTRAL,CENTRAL 138 kV,ZUASDE,Toc3
TEF,\VM-PF.IntUser\PDD 31-12-2024.IntPrj\Network Model.IntPrjfolder\Network Data.IntPrjfolder\CENTRAL 138 kV.ElmNet\ZUASDE.ElmSubstat\L1.ElmTerm\Cub_1.StaCubic\ZUASDE_ZCNPEE-L1-REL316.ElmRelay\TEF.ElmRelay\TEF.RelToc,1,DISTRITO NACIONAL,CENTRAL,CENTRAL 138 kV,ZUASDE,TEF
EF4 Step 4,\VM-PF.IntUser\PDD 31-12-2024.IntPrj\Network Model.IntPrjfolder\Network Data.IntPrjfolder\CENTRAL 138 kV.ElmNet\ZUASDE.ElmSubstat\L1.ElmTerm\Cub_1.StaCubic\ZUASDE_ZCNPEE-L1-REL316.ElmRelay\EF4.ElmRelay\EF4 Step 4.RelToc,1,DISTRITO NACIONAL,CENTRAL,CENTRAL 138 kV,ZUASDE,EF4 Step 4
Toc2,\VM-PF.IntUser\PDD 31-12-2024.IntPrj\Network Model.IntPrjfolder\Network Data.IntPrjfolder\CENTRAL 138 kV.ElmNet\ZUASDE.ElmSubstat\R1.ElmTerm\Cub_1.StaCubic\ZUASDE_ZMATBE-L1-REL316-87L.ElmRelay\TOC2.ElmRelay\Toc2.RelToc,1,DISTRITO NACIONAL,CENTRAL,CENTRAL 138 kV,ZUASDE,Toc2
Toc3,\VM-PF.IntUser\PDD 31-12-2024.IntPrj\Network Model.IntPrjfolder\Network Data.IntPrjfolder\CENTRAL 138 kV.ElmNet\ZUASDE.ElmSubstat\R1.ElmTerm\Cub_1.StaCubic\ZUASDE_ZMATBE-L1-REL316-87L.ElmRelay\TOC3.ElmRelay\Toc3.RelToc,1,DISTRITO NACIONAL,CENTRAL,CENTRAL 138 kV,ZUASDE,Toc3
TEF,\VM-PF.IntUser\PDD 31-12-2024.IntPrj\Network Model.IntPrjfolder\Network Data.IntPrjfolder\CENTRAL 138 kV.ElmNet\ZUASDE.ElmSubstat\R1.ElmTerm\Cub_1.StaCubic\ZUASDE_ZMATBE-L1-REL316-87L.ElmRelay\TEF.ElmRelay\TEF.RelToc,1,DISTRITO NACIONAL,CENTRAL,CENTRAL 138 kV,ZUASDE,TEF
EF4 Step 4,\VM-PF.IntUser\PDD 31-12-2024.IntPrj\Network Model.IntPrjfolder\Network Data.IntPrjfolder\CENTRAL 138 kV.ElmNet\ZUASDE.ElmSubstat\R1.ElmTerm\Cub_1.StaCubic\ZUASDE_ZMATBE-L1-REL316-87L.ElmRelay\EF4.ElmRelay\EF4 Step 4.RelToc,1,DISTRITO NACIONAL,CENTRAL,CENTRAL 138 kV,ZUASDE,EF4 Step 4
Toc2,\VM-PF.IntUser\PDD 31-12-2024.IntPrj\Network Model.IntPrjfolder\Network Data.IntPrjfolder\CENTRAL 138 kV.ElmNet\ZUASDE.ElmSubstat\R1.ElmTerm\Cub_1.StaCubic\ZUASDE_ZMATBE-L1-REL316.ElmRelay\TOC2.ElmRelay\Toc2.RelToc,1,DISTRITO NACIONAL,CENTRAL,CENTRAL 138 kV,ZUASDE,Toc2
Toc3,\VM-PF.IntUser\PDD 31-12-2024.IntPrj\Network Model.IntPrjfolder\Network Data.IntPrjfolder\CENTRAL 138 kV.ElmNet\ZUASDE.ElmSubstat\R1.ElmTerm\Cub_1.StaCubic\ZUASDE_ZMATBE-L1-REL316.ElmRelay\TOC3.ElmRelay\Toc3.RelToc,1,DISTRITO NACIONAL,CENTRAL,CENTRAL 138 kV,ZUASDE,Toc3
TEF,\VM-PF.IntUser\PDD 31-12-2024.IntPrj\Network Model.IntPrjfolder\Network Data.IntPrjfolder\CENTRAL 138 kV.ElmNet\ZUASDE.ElmSubstat\R1.ElmTerm\Cub_1.StaCubic\ZUASDE_ZMATBE-L1-REL316.ElmRelay\TEF.ElmRelay\TEF.RelToc,1,DISTRITO NACIONAL,CENTRAL,CENTRAL 138 kV,ZUASDE,TEF
EF4 Step 4,\VM-PF.IntUser\PDD 31-12-2024.IntPrj\Network Model.IntPrjfolder\Network Data.IntPrjfolder\CENTRAL 138 kV.ElmNet\ZUASDE.ElmSubstat\R1.ElmTerm\Cub_1.StaCubic\ZUASDE_ZMATBE-L1-REL316.ElmRelay\EF4.ElmRelay\EF4 Step 4.RelToc,1,DISTRITO NACIONAL,CENTRAL,CENTRAL 138 kV,ZUASDE,EF4 Step 4
5101,\VM-PF.IntUser\PDD 31-12-2024.IntPrj\Network Model.IntPrjfolder\Network Data.IntPrjfolder\CENTRAL 138 kV.ElmNet\ZUASDE.ElmSubstat\L2.ElmTerm\Cub_1.StaCubic\ZUASDE_ZITAGE-L1-SEL 411L.ElmRelay\Overcurrent.ElmRelay\5101.RelToc,1,DISTRITO NACIONAL,CENTRAL,CENTRAL 138 kV,ZUASDE,5101
5102,\VM-PF.IntUser\PDD 31-12-2024.IntPrj\Network Model.IntPrjfolder\Network Data.IntPrjfolder\CENTRAL 138 kV.ElmNet\ZUASDE.ElmSubstat\L2.ElmTerm\Cub_1.StaCubic\ZUASDE_ZITAGE-L1-SEL 411L.ElmRelay\Overcurrent.ElmRelay\5102.RelToc,1,DISTRITO NACIONAL,CENTRAL,CENTRAL 138 kV,ZUASDE,5102
5103,\VM-PF.IntUser\PDD 31-12-2024.IntPrj\Network Model.IntPrjfolder\Network Data.IntPrjfolder\CENTRAL 138 kV.ElmNet\ZUASDE.ElmSubstat\L2.ElmTerm\Cub_1.StaCubic\ZUASDE_ZITAGE-L1-SEL 411L.ElmRelay\Overcurrent.ElmRelay\5103.RelToc,1,DISTRITO NACIONAL,CENTRAL,CENTRAL 138 kV,ZUASDE,5103
5104,\VM-PF.IntUser\PDD 31-12-2024.IntPrj\Network Model.IntPrjfolder\Network Data.IntPrjfolder\CENTRAL 138 kV.ElmNet\ZUASDE.ElmSubstat\L2.ElmTerm\Cub_1.StaCubic\ZUASDE_ZITAGE-L1-SEL 411L.ElmRelay\Overcurrent.ElmRelay\5104.RelToc,1,DISTRITO NACIONAL,CENTRAL,CENTRAL 138 kV,ZUASDE,5104
5105,\VM-PF.IntUser\PDD 31-12-2024.IntPrj\Network Model.IntPrjfolder\Network Data.IntPrjfolder\CENTRAL 138 kV.ElmNet\ZUASDE.ElmSubstat\L2.ElmTerm\Cub_1.StaCubic\ZUASDE_ZITAGE-L1-SEL 411L.ElmRelay\Overcurrent.ElmRelay\5105.RelToc,1,DISTRITO NACIONAL,CENTRAL,CENTRAL 138 kV,ZUASDE,5105
5106,\VM-PF.IntUser\PDD 31-12-2024.IntPrj\Network Model.IntPrjfolder\Network Data.IntPrjfolder\CENTRAL 138 kV.ElmNet\ZUASDE.ElmSubstat\L2.ElmTerm\Cub_1.StaCubic\ZUASDE_ZITAGE-L1-SEL 411L.ElmRelay\Overcurrent.ElmRelay\5106.RelToc,1,DISTRITO NACIONAL,CENTRAL,CENTRAL 138 kV,ZUASDE,5106
5107,\VM-PF.IntUser\PDD 31-12-2024.IntPrj\Network Model.IntPrjfolder\Network Data.IntPrjfolder\CENTRAL 138 kV.ElmNet\ZUASDE.ElmSubstat\L2.ElmTerm\Cub_1.StaCubic\ZUASDE_ZITAGE-L1-SEL 411L.ElmRelay\Overcurrent.ElmRelay\5107.RelToc,1,DISTRITO NACIONAL,CENTRAL,CENTRAL 138 kV,ZUASDE,5107
5108,\VM-PF.IntUser\PDD 31-12-2024.IntPrj\Network Model.IntPrjfolder\Network Data.IntPrjfolder\CENTRAL 138 kV.ElmNet\ZUASDE.ElmSubstat\L2.ElmTerm\Cub_1.StaCubic\ZUASDE_ZITAGE-L1-SEL 411L.ElmRelay\Overcurrent.ElmRelay\5108.RelToc,1,DISTRITO NACIONAL,CENTRAL,CENTRAL 138 kV,ZUASDE,5108
5109,\VM-PF.IntUser\PDD 31-12-2024.IntPrj\Network Model.IntPrjfolder\Network Data.IntPrjfolder\CENTRAL 138 kV.ElmNet\ZUASDE.ElmSubstat\L2.ElmTerm\Cub_1.StaCubic\ZUASDE_ZITAGE-L1-SEL 411L.ElmRelay\Overcurrent.ElmRelay\5109.RelToc,1,DISTRITO NACIONAL,CENTRAL,CENTRAL 138 kV,ZUASDE,5109
5110,\VM-PF.IntUser\PDD 31-12-2024.IntPrj\Network Model.IntPrjfolder\Network Data.IntPrjfolder\CENTRAL 138 kV.ElmNet\ZUASDE.ElmSubstat\L2.ElmTerm\Cub_1.StaCubic\ZUASDE_ZITAGE-L1-SEL 411L.ElmRelay\Overcurrent.ElmRelay\5110.RelToc,1,DISTRITO NACIONAL,CENTRAL,CENTRAL 138 kV,ZUASDE,5110
Ip>,\VM-PF.IntUser\PDD 31-12-2024.IntPrj\Network Model.IntPrjfolder\Network Data.IntPrjfolder\CENTRAL 138 kV.ElmNet\ZEBRIE.ElmSubstat\2.ElmTerm\Cub_1.StaCubic\ZEBRIE_ZHNSAE-L1-7SA6.ElmRelay\Overcurrent.ElmRelay\Ip>.RelToc,1,SANTO DOMINGO,CENTRAL,CENTRAL 138 kV,ZEBRIE,Ip>
3I0p,\VM-PF.IntUser\PDD 31-12-2024.IntPrj\Network Model.IntPrjfolder\Network Data.IntPrjfolder\CENTRAL 138 kV.ElmNet\ZEBRIE.ElmSubstat\2.ElmTerm\Cub_1.StaCubic\ZEBRIE_ZHNSAE-L1-7SA6.ElmRelay\Overcurrent.ElmRelay\3I0p.RelToc,1,SANTO DOMINGO,CENTRAL,CENTRAL 138 kV,ZEBRIE,3I0p
3I0p,\VM-PF.IntUser\PDD 31-12-2024.IntPrj\Network Model.IntPrjfolder\Network Data.IntPrjfolder\CENTRAL 138 kV.ElmNet\ZEBRIE.ElmSubstat\2.ElmTerm\Cub_1.StaCubic\ZEBRIE_ZHNSAE-L1-7SA6.ElmRelay\Earthfault.ElmRelay\3I0p.RelToc,1,SANTO DOMINGO,CENTRAL,CENTRAL 138 kV,ZEBRIE,3I0p
Thermal Overload,\VM-PF.IntUser\PDD 31-12-2024.IntPrj\Network Model.IntPrjfolder\Network Data.IntPrjfolder\CENTRAL 138 kV.ElmNet\ZEBRIE.ElmSubstat\2.ElmTerm\Cub_1.StaCubic\ZEBRIE_ZHNSAE-L1-7SA6.ElmRelay\Thermal Overload.RelToc,1,SANTO DOMINGO,CENTRAL,CENTRAL 138 kV,ZEBRIE,Thermal Overload
Ip 51,\VM-PF.IntUser\PDD 31-12-2024.IntPrj\Network Model.IntPrjfolder\Network Data.IntPrjfolder\CENTRAL 138 kV.ElmNet\ZEBRIE.ElmSubstat\2.ElmTerm\Cub_1.StaCubic\ZEBRIE_ZHNSAE-L1-7SJ62.ElmRelay\Ip 51.RelToc,1,SANTO DOMINGO,CENTRAL,CENTRAL 138 kV,ZEBRIE,Ip 51
Iep 51N,\VM-PF.IntUser\PDD 31-12-2024.IntPrj\Network Model.IntPrjfolder\Network Data.IntPrjfolder\CENTRAL 138 kV.ElmNet\ZEBRIE.ElmSubstat\2.ElmTerm\Cub_1.StaCubic\ZEBRIE_ZHNSAE-L1-7SJ62.ElmRelay\Iep 51N.RelToc,1,SANTO DOMINGO,CENTRAL,CENTRAL 138 kV,ZEBRIE,Iep 51N
Ip 67 TOC,\VM-PF.IntUser\PDD 31-12-2024.IntPrj\Network Model.IntPrjfolder\Network Data.IntPrjfolder\CENTRAL 138 kV.ElmNet\ZEBRIE.ElmSubstat\2.ElmTerm\Cub_1.StaCubic\ZEBRIE_ZHNSAE-L1-7SJ62.ElmRelay\Ip 67 TOC.RelToc,1,SANTO DOMINGO,CENTRAL,CENTRAL 138 kV,ZEBRIE,Ip 67 TOC
Iep 67N TOC,\VM-PF.IntUser\PDD 31-12-2024.IntPrj\Network Model.IntPrjfolder\Network Data.IntPrjfolder\CENTRAL 138 kV.ElmNet\ZEBRIE.ElmSubstat\2.ElmTerm\Cub_1.StaCubic\ZEBRIE_ZHNSAE-L1-7SJ62.ElmRelay\Iep 67N TOC.RelToc,1,SANTO DOMINGO,CENTRAL,CENTRAL 138 kV,ZEBRIE,Iep 67N TOC
I2p 46 TOC,\VM-PF.IntUser\PDD 31-12-2024.IntPrj\Network Model.IntPrjfolder\Network Data.IntPrjfolder\CENTRAL 138 kV.ElmNet\ZEBRIE.ElmSubstat\2.ElmTerm\Cub_1.StaCubic\ZEBRIE_ZHNSAE-L1-7SJ62.ElmRelay\I2p 46 TOC.RelToc,1,SANTO DOMINGO,CENTRAL,CENTRAL 138 kV,ZEBRIE,I2p 46 TOC
Overload 49,\VM-PF.IntUser\PDD 31-12-2024.IntPrj\Network Model.IntPrjfolder\Network Data.IntPrjfolder\CENTRAL 138 kV.ElmNet\ZEBRIE.ElmSubstat\2.ElmTerm\Cub_1.StaCubic\ZEBRIE_ZHNSAE-L1-7SJ62.ElmRelay\Overload 49.RelToc,1,SANTO DOMINGO,CENTRAL,CENTRAL 138 kV,ZEBRIE,Overload 49
Ip>,\VM-PF.IntUser\PDD 31-12-2024.IntPrj\Network Model.IntPrjfolder\Network Data.IntPrjfolder\CENTRAL 138 kV.ElmNet\ZEBRIE.ElmSubstat\1.ElmTerm\Cub_1.StaCubic\ZEBRIE_VDU1E-L1-7SA6.ElmRelay\Overcurrent.ElmRelay\Ip>.RelToc,1,SANTO DOMINGO,CENTRAL,CENTRAL 138 kV,ZEBRIE,Ip>
3I0p,\VM-PF.IntUser\PDD 31-12-2024.IntPrj\Network Model.IntPrjfolder\Network Data.IntPrjfolder\CENTRAL 138 kV.ElmNet\ZEBRIE.ElmSubstat\1.ElmTerm\Cub_1.StaCubic\ZEBRIE_VDU1E-L1-7SA6.ElmRelay\Overcurrent.ElmRelay\3I0p.RelToc,1,SANTO DOMINGO,CENTRAL,CENTRAL 138 kV,ZEBRIE,3I0p
3I0p,\VM-PF.IntUser\PDD 31-12-2024.IntPrj\Network Model.IntPrjfolder\Network Data.IntPrjfolder\CENTRAL 138 kV.ElmNet\ZEBRIE.ElmSubstat\1.ElmTerm\Cub_1.StaCubic\ZEBRIE_VDU1E-L1-7SA6.ElmRelay\Earthfault.ElmRelay\3I0p.RelToc,1,SANTO DOMINGO,CENTRAL,CENTRAL 138 kV,ZEBRIE,3I0p
Thermal Overload,\VM-PF.IntUser\PDD 31-12-2024.IntPrj\Network Model.IntPrjfolder\Network Data.IntPrjfolder\CENTRAL 138 kV.ElmNet\ZEBRIE.ElmSubstat\1.ElmTerm\Cub_1.StaCubic\ZEBRIE_VDU1E-L1-7SA6.ElmRelay\Thermal Overload.RelToc,1,SANTO DOMINGO,CENTRAL,CENTRAL 138 kV,ZEBRIE,Thermal Overload
Ip 51,\VM-PF.IntUser\PDD 31-12-2024.IntPrj\Network Model.IntPrjfolder\Network Data.IntPrjfolder\CENTRAL 138 kV.ElmNet\ZEBRIE.ElmSubstat\1.ElmTerm\Cub_1.StaCubic\ZEBRIE_VDU1E-L1-7SJ62.ElmRelay\Ip 51.RelToc,1,SANTO DOMINGO,CENTRAL,CENTRAL 138 kV,ZEBRIE,Ip 51
Iep 51N,\VM-PF.IntUser\PDD 31-12-2024.IntPrj\Network Model.IntPrjfolder\Network Data.IntPrjfolder\CENTRAL 138 kV.ElmNet\ZEBRIE.ElmSubstat\1.ElmTerm\Cub_1.StaCubic\ZEBRIE_VDU1E-L1-7SJ62.ElmRelay\Iep 51N.RelToc,1,SANTO DOMINGO,CENTRAL,CENTRAL 138 kV,ZEBRIE,Iep 51N
Ip 67 TOC,\VM-PF.IntUser\PDD 31-12-2024.IntPrj\Network Model.IntPrjfolder\Network Data.IntPrjfolder\CENTRAL 138 kV.ElmNet\ZEBRIE.ElmSubstat\1.ElmTerm\Cub_1.StaCubic\ZEBRIE_VDU1E-L1-7SJ62.ElmRelay\Ip 67 TOC.RelToc,1,SANTO DOMINGO,CENTRAL,CENTRAL 138 kV,ZEBRIE,Ip 67 TOC
Iep 67N TOC,\VM-PF.IntUser\PDD 31-12-2024.IntPrj\Network Model.IntPrjfolder\Network Data.IntPrjfolder\CENTRAL 138 kV.ElmNet\ZEBRIE.ElmSubstat\1.ElmTerm\Cub_1.StaCubic\ZEBRIE_VDU1E-L1-7SJ62.ElmRelay\Iep 67N TOC.RelToc,1,SANTO DOMINGO,CENTRAL,CENTRAL 138 kV,ZEBRIE,Iep 67N TOC
I2p 46 TOC,\VM-PF.IntUser\PDD 31-12-2024.IntPrj\Network Model.IntPrjfolder\Network Data.IntPrjfolder\CENTRAL 138 kV.ElmNet\ZEBRIE.ElmSubstat\1.ElmTerm\Cub_1.StaCubic\ZEBRIE_VDU1E-L1-7SJ62.ElmRelay\I2p 46 TOC.RelToc,1,SANTO DOMINGO,CENTRAL,CENTRAL 138 kV,ZEBRIE,I2p 46 TOC
Overload 49,\VM-PF.IntUser\PDD 31-12-2024.IntPrj\Network Model.IntPrjfolder\Network Data.IntPrjfolder\CENTRAL 138 kV.ElmNet\ZEBRIE.ElmSubstat\1.ElmTerm\Cub_1.StaCubic\ZEBRIE_VDU1E-L1-7SJ62.ElmRelay\Overload 49.RelToc,1,SANTO DOMINGO,CENTRAL,CENTRAL 138 kV,ZEBRIE,Overload 49
Toc2,\VM-PF.IntUser\PDD 31-12-2024.IntPrj\Network Model.IntPrjfolder\Network Data.IntPrjfolder\CENTRAL 138 kV.ElmNet\Metropolitano.ElmSite\ZMETRE.ElmSubstat\1.ElmTerm\Cub_1.StaCubic\ZMETRE_ZCNPEE-L1-REL316-87L.ElmRelay\TOC2.ElmRelay\Toc2.RelToc,1,DISTRITO NACIONAL,CENTRAL,CENTRAL 138 kV,ZMETRE,Toc2
Toc3,\VM-PF.IntUser\PDD 31-12-2024.IntPrj\Network Model.IntPrjfolder\Network Data.IntPrjfolder\CENTRAL 138 kV.ElmNet\Metropolitano.ElmSite\ZMETRE.ElmSubstat\1.ElmTerm\Cub_1.StaCubic\ZMETRE_ZCNPEE-L1-REL316-87L.ElmRelay\TOC3.ElmRelay\Toc3.RelToc,1,DISTRITO NACIONAL,CENTRAL,CENTRAL 138 kV,ZMETRE,Toc3
TEF,\VM-PF.IntUser\PDD 31-12-2024.IntPrj\Network Model.IntPrjfolder\Network Data.IntPrjfolder\CENTRAL 138 kV.ElmNet\Metropolitano.ElmSite\ZMETRE.ElmSubstat\1.ElmTerm\Cub_1.StaCubic\ZMETRE_ZCNPEE-L1-REL316-87L.ElmRelay\TEF.ElmRelay\TEF.RelToc,1,DISTRITO NACIONAL,CENTRAL,CENTRAL 138 kV,ZMETRE,TEF
EF4 Step 4,\VM-PF.IntUser\PDD 31-12-2024.IntPrj\Network Model.IntPrjfolder\Network Data.IntPrjfolder\CENTRAL 138 kV.ElmNet\Metropolitano.ElmSite\ZMETRE.ElmSubstat\1.ElmTerm\Cub_1.StaCubic\ZMETRE_ZCNPEE-L1-REL316-87L.ElmRelay\EF4.ElmRelay\EF4 Step 4.RelToc,1,DISTRITO NACIONAL,CENTRAL,CENTRAL 138 kV,ZMETRE,EF4 Step 4
Toc2,\VM-PF.IntUser\PDD 31-12-2024.IntPrj\Network Model.IntPrjfolder\Network Data.IntPrjfolder\CENTRAL 138 kV.ElmNet\Metropolitano.ElmSite\ZMETRE.ElmSubstat\1.ElmTerm\Cub_1.StaCubic\ZMETRE_ZCNPEE-L1-REL316.ElmRelay\TOC2.ElmRelay\Toc2.RelToc,1,DISTRITO NACIONAL,CENTRAL,CENTRAL 138 kV,ZMETRE,Toc2
Toc3,\VM-PF.IntUser\PDD 31-12-2024.IntPrj\Network Model.IntPrjfolder\Network Data.IntPrjfolder\CENTRAL 138 kV.ElmNet\Metropolitano.ElmSite\ZMETRE.ElmSubstat\1.ElmTerm\Cub_1.StaCubic\ZMETRE_ZCNPEE-L1-REL316.ElmRelay\TOC3.ElmRelay\Toc3.RelToc,1,DISTRITO NACIONAL,CENTRAL,CENTRAL 138 kV,ZMETRE,Toc3
TEF,\VM-PF.IntUser\PDD 31-12-2024.IntPrj\Network Model.IntPrjfolder\Network Data.IntPrjfolder\CENTRAL 138 kV.ElmNet\Metropolitano.ElmSite\ZMETRE.ElmSubstat\1.ElmTerm\Cub_1.StaCubic\ZMETRE_ZCNPEE-L1-REL316.ElmRelay\TEF.ElmRelay\TEF.RelToc,1,DISTRITO NACIONAL,CENTRAL,CENTRAL 138 kV,ZMETRE,TEF
EF4 Step 4,\VM-PF.IntUser\PDD 31-12-2024.IntPrj\Network Model.IntPrjfolder\Network Data.IntPrjfolder\CENTRAL 138 kV.ElmNet\Metropolitano.ElmSite\ZMETRE.ElmSubstat\1.ElmTerm\Cub_1.StaCubic\ZMETRE_ZCNPEE-L1-REL316.ElmRelay\EF4.ElmRelay\EF4 Step 4.RelToc,1,DISTRITO NACIONAL,CENTRAL,CENTRAL 138 kV,ZMETRE,EF4 Step 4
Toc2,\VM-PF.IntUser\PDD 31-12-2024.IntPrj\Network Model.IntPrjfolder\Network Data.IntPrjfolder\CENTRAL 138 kV.ElmNet\Metropolitano.ElmSite\ZMETRE.ElmSubstat\2.ElmTerm\Cub_1.StaCubic\ZMETRE_ZPARAE-L1-REL316-87L.ElmRelay\TOC2.ElmRelay\Toc2.RelToc,1,DISTRITO NACIONAL,CENTRAL,CENTRAL 138 kV,ZMETRE,Toc2
Toc3,\VM-PF.IntUser\PDD 31-12-2024.IntPrj\Network Model.IntPrjfolder\Network Data.IntPrjfolder\CENTRAL 138 kV.ElmNet\Metropolitano.ElmSite\ZMETRE.ElmSubstat\2.ElmTerm\Cub_1.StaCubic\ZMETRE_ZPARAE-L1-REL316-87L.ElmRelay\TOC3.ElmRelay\Toc3.RelToc,1,DISTRITO NACIONAL,CENTRAL,CENTRAL 138 kV,ZMETRE,Toc3
TEF,\VM-PF.IntUser\PDD 31-12-2024.IntPrj\Network Model.IntPrjfolder\Network Data.IntPrjfolder\CENTRAL 138 kV.ElmNet\Metropolitano.ElmSite\ZMETRE.ElmSubstat\2.ElmTerm\Cub_1.StaCubic\ZMETRE_ZPARAE-L1-REL316-87L.ElmRelay\TEF.ElmRelay\TEF.RelToc,1,DISTRITO NACIONAL,CENTRAL,CENTRAL 138 kV,ZMETRE,TEF
EF4 Step 4,\VM-PF.IntUser\PDD 31-12-2024.IntPrj\Network Model.IntPrjfolder\Network Data.IntPrjfolder\CENTRAL 138 kV.ElmNet\Metropolitano.ElmSite\ZMETRE.ElmSubstat\2.ElmTerm\Cub_1.StaCubic\ZMETRE_ZPARAE-L1-REL316-87L.ElmRelay\EF4.ElmRelay\EF4 Step 4.RelToc,1,DISTRITO NACIONAL,CENTRAL,CENTRAL 138 kV,ZMETRE,EF4 Step 4
Toc2,\VM-PF.IntUser\PDD 31-12-2024.IntPrj\Network Model.IntPrjfolder\Network Data.IntPrjfolder\CENTRAL 138 kV.ElmNet\Metropolitano.ElmSite\ZMETRE.ElmSubstat\2.ElmTerm\Cub_1.StaCubic\ZMETRE_ZPARAE-L1-REL316.ElmRelay\TOC2.ElmRelay\Toc2.RelToc,1,DISTRITO NACIONAL,CENTRAL,CENTRAL 138 kV,ZMETRE,Toc2
Toc3,\VM-PF.IntUser\PDD 31-12-2024.IntPrj\Network Model.IntPrjfolder\Network Data.IntPrjfolder\CENTRAL 138 kV.ElmNet\Metropolitano.ElmSite\ZMETRE.ElmSubstat\2.ElmTerm\Cub_1.StaCubic\ZMETRE_ZPARAE-L1-REL316.ElmRelay\TOC3.ElmRelay\Toc3.RelToc,1,DISTRITO NACIONAL,CENTRAL,CENTRAL 138 kV,ZMETRE,Toc3
TEF,\VM-PF.IntUser\PDD 31-12-2024.IntPrj\Network Model.IntPrjfolder\Network Data.IntPrjfolder\CENTRAL 138 kV.ElmNet\Metropolitano.ElmSite\ZMETRE.ElmSubstat\2.ElmTerm\Cub_1.StaCubic\ZMETRE_ZPARAE-L1-REL316.ElmRelay\TEF.ElmRelay\TEF.RelToc,1,DISTRITO NACIONAL,CENTRAL,CENTRAL 138 kV,ZMETRE,TEF
EF4 Step 4,\VM-PF.IntUser\PDD 31-12-2024.IntPrj\Network Model.IntPrjfolder\Network Data.IntPrjfolder\CENTRAL 138 kV.ElmNet\Metropolitano.ElmSite\ZMETRE.ElmSubstat\2.ElmTerm\Cub_1.StaCubic\ZMETRE_ZPARAE-L1-REL316.ElmRelay\EF4.ElmRelay\EF4 Step 4.RelToc,1,DISTRITO NACIONAL,CENTRAL,CENTRAL 138 kV,ZMETRE,EF4 Step 4
Phase IDMT,\VM-PF.IntUser\PDD 31-12-2024.IntPrj\Network Model.IntPrjfolder\Network Data.IntPrjfolder\CENTRAL 138 kV.ElmNet\ZVMELE.ElmSubstat\1.ElmTerm\Cub_1.StaCubic\ZVMELE_ZPAL2E-L1-REF542.ElmRelay\Overcurrent elements (F50 - F51 - F46).ElmRelay\Phase IDMT.RelToc,1,SANTO DOMINGO,CENTRAL,CENTRAL 138 kV,ZVMELE,Phase IDMT
Earth IDMT calc,\VM-PF.IntUser\PDD 31-12-2024.IntPrj\Network Model.IntPrjfolder\Network Data.IntPrjfolder\CENTRAL 138 kV.ElmNet\ZVMELE.ElmSubstat\1.ElmTerm\Cub_1.StaCubic\ZVMELE_ZPAL2E-L1-REF542.ElmRelay\Overcurrent elements (F50 - F51 - F46).ElmRelay\Earth IDMT calc.RelToc,1,SANTO DOMINGO,CENTRAL,CENTRAL 138 kV,ZVMELE,Earth IDMT calc
Earth IDMT meas,\VM-PF.IntUser\PDD 31-12-2024.IntPrj\Network Model.IntPrjfolder\Network Data.IntPrjfolder\CENTRAL 138 kV.ElmNet\ZVMELE.ElmSubstat\1.ElmTerm\Cub_1.StaCubic\ZVMELE_ZPAL2E-L1-REF542.ElmRelay\Overcurrent elements (F50 - F51 - F46).ElmRelay\Earth IDMT meas.RelToc,1,SANTO DOMINGO,CENTRAL,CENTRAL 138 kV,ZVMELE,Earth IDMT meas
Toc2,\VM-PF.IntUser\PDD 31-12-2024.IntPrj\Network Model.IntPrjfolder\Network Data.IntPrjfolder\CENTRAL 138 kV.ElmNet\ZVMELE.ElmSubstat\1.ElmTerm\Cub_1.StaCubic\ZVMELE_ZPAL2E-L1-REL316.ElmRelay\TOC2.ElmRelay\Toc2.RelToc,1,SANTO DOMINGO,CENTRAL,CENTRAL 138 kV,ZVMELE,Toc2
Toc3,\VM-PF.IntUser\PDD 31-12-2024.IntPrj\Network Model.IntPrjfolder\Network Data.IntPrjfolder\CENTRAL 138 kV.ElmNet\ZVMELE.ElmSubstat\1.ElmTerm\Cub_1.StaCubic\ZVMELE_ZPAL2E-L1-REL316.ElmRelay\TOC3.ElmRelay\Toc3.RelToc,1,SANTO DOMINGO,CENTRAL,CENTRAL 138 kV,ZVMELE,Toc3
TEF,\VM-PF.IntUser\PDD 31-12-2024.IntPrj\Network Model.IntPrjfolder\Network Data.IntPrjfolder\CENTRAL 138 kV.ElmNet\ZVMELE.ElmSubstat\1.ElmTerm\Cub_1.StaCubic\ZVMELE_ZPAL2E-L1-REL316.ElmRelay\TEF.ElmRelay\TEF.RelToc,1,SANTO DOMINGO,CENTRAL,CENTRAL 138 kV,ZVMELE,TEF
EF4 Step 4,\VM-PF.IntUser\PDD 31-12-2024.IntPrj\Network Model.IntPrjfolder\Network Data.IntPrjfolder\CENTRAL 138 kV.ElmNet\ZVMELE.ElmSubstat\1.ElmTerm\Cub_1.StaCubic\ZVMELE_ZPAL2E-L1-REL316.ElmRelay\EF4.ElmRelay\EF4 Step 4.RelToc,1,SANTO DOMINGO,CENTRAL,CENTRAL 138 kV,ZVMELE,EF4 Step 4
Phase IDMT,\VM-PF.IntUser\PDD 31-12-2024.IntPrj\Network Model.IntPrjfolder\Network Data.IntPrjfolder\CENTRAL 138 kV.ElmNet\ZVMELE.ElmSubstat\2.ElmTerm\Cub_1.StaCubic\ZVMELE_ZHNSAE-L1-REF542.ElmRelay\Overcurrent elements (F50 - F51 - F46).ElmRelay\Phase IDMT.RelToc,1,SANTO DOMINGO,CENTRAL,CENTRAL 138 kV,ZVMELE,Phase IDMT
Earth IDMT calc,\VM-PF.IntUser\PDD 31-12-2024.IntPrj\Network Model.IntPrjfolder\Network Data.IntPrjfolder\CENTRAL 138 kV.ElmNet\ZVMELE.ElmSubstat\2.ElmTerm\Cub_1.StaCubic\ZVMELE_ZHNSAE-L1-REF542.ElmRelay\Overcurrent elements (F50 - F51 - F46).ElmRelay\Earth IDMT calc.RelToc,1,SANTO DOMINGO,CENTRAL,CENTRAL 138 kV,ZVMELE,Earth IDMT calc
Earth IDMT meas,\VM-PF.IntUser\PDD 31-12-2024.IntPrj\Network Model.IntPrjfolder\Network Data.IntPrjfolder\CENTRAL 138 kV.ElmNet\ZVMELE.ElmSubstat\2.ElmTerm\Cub_1.StaCubic\ZVMELE_ZHNSAE-L1-REF542.ElmRelay\Overcurrent elements (F50 - F51 - F46).ElmRelay\Earth IDMT meas.RelToc,1,SANTO DOMINGO,CENTRAL,CENTRAL 138 kV,ZVMELE,Earth IDMT meas
Toc2,\VM-PF.IntUser\PDD 31-12-2024.IntPrj\Network Model.IntPrjfolder\Network Data.IntPrjfolder\CENTRAL 138 kV.ElmNet\ZVMELE.ElmSubstat\2.ElmTerm\Cub_1.StaCubic\ZVMELE_ZHNSAE-L1-REL316.ElmRelay\TOC2.ElmRelay\Toc2.RelToc,1,SANTO DOMINGO,CENTRAL,CENTRAL 138 kV,ZVMELE,Toc2
Toc3,\VM-PF.IntUser\PDD 31-12-2024.IntPrj\Network Model.IntPrjfolder\Network Data.IntPrjfolder\CENTRAL 138 kV.ElmNet\ZVMELE.ElmSubstat\2.ElmTerm\Cub_1.StaCubic\ZVMELE_ZHNSAE-L1-REL316.ElmRelay\TOC3.ElmRelay\Toc3.RelToc,1,SANTO DOMINGO,CENTRAL,CENTRAL 138 kV,ZVMELE,Toc3
TEF,\VM-PF.IntUser\PDD 31-12-2024.IntPrj\Network Model.IntPrjfolder\Network Data.IntPrjfolder\CENTRAL 138 kV.ElmNet\ZVMELE.ElmSubstat\2.ElmTerm\Cub_1.StaCubic\ZVMELE_ZHNSAE-L1-REL316.ElmRelay\TEF.ElmRelay\TEF.RelToc,1,SANTO DOMINGO,CENTRAL,CENTRAL 138 kV,ZVMELE,TEF
EF4 Step 4,\VM-PF.IntUser\PDD 31-12-2024.IntPrj\Network Model.IntPrjfolder\Network Data.IntPrjfolder\CENTRAL 138 kV.ElmNet\ZVMELE.ElmSubstat\2.ElmTerm\Cub_1.StaCubic\ZVMELE_ZHNSAE-L1-REL316.ElmRelay\EF4.ElmRelay\EF4 Step 4.RelToc,1,SANTO DOMINGO,CENTRAL,CENTRAL 138 kV,ZVMELE,EF4 Step 4
