nombre,fuera_servicio,zona,area,red,ruta,barra_i,subest_i,barra_i_id,barra_j,subest_j,barra_j_id,tipo,clase_tipo,long_km,num_paralelas,I_nom_kA,R1_ohm,X1_ohm,R0_ohm,X0_ohm,B1_uS,B0_uS,G1_uS,U_tipo_kV,Inom_tipo_kA,R1_ohm_km,X1_ohm_km,B1_uS_km,C1_uF_km,R0_ohm_km,X0_ohm_km
69 kV Derivación Río Chavón,0,ESTE PROFUNDO,ESTE,ESTE 69 kV,\VM-PF.IntUser\PDD 31-12-2024.IntPrj\Network Model.IntPrjfolder\Network Data.IntPrjfolder\ESTE 69 kV.ElmNet\69 kV Derivación Río Chavón.ElmLne,Tap Chavón,,\VM-PF.IntUser\PDD 31-12-2024.IntPrj\Network Model.IntPrjfolder\Network Data.IntPrjfolder\ESTE 69 kV.ElmNet\Tap Chavón.ElmTerm,69 kV Río Chavón,,\VM-PF.IntUser\PDD 31-12-2024.IntPrj\Network Model.IntPrjfolder\Network Data.IntPrjfolder\ESTE 69 kV.ElmNet\69 kV Río Chavón.ElmTerm,P.MADERA/1C/69/1xF - 4/0 ACSR,TypTow,0.029999999329447746,1,0.3569999933242798,0.007860386744141579,0.013679273426532745,0.019407976418733597,0.04801061376929283,0.11219258606433868,0.053579334169626236,-1.6653344997146072e-18,,1.0,,,,,,
69 kV La Romana – Rancho Peligro_b,0,ESTE PROFUNDO,ESTE,ESTE 69 kV,\VM-PF.IntUser\PDD 31-12-2024.IntPrj\Network Model.IntPrjfolder\Network Data.IntPrjfolder\ESTE 69 kV.ElmNet\69 kV La Romana – Rancho Peligro_b.ElmLne,Tap Batey Lechuga,,\VM-PF.IntUser\PDD 31-12-2024.IntPrj\Network Model.IntPrjfolder\Network Data.IntPrjfolder\ESTE 69 kV.ElmNet\Tap Batey Lechuga.ElmTerm,Tap Guaymate,,\VM-PF.IntUser\PDD 31-12-2024.IntPrj\Network Model.IntPrjfolder\Network Data.IntPrjfolder\ESTE 69 kV.ElmNet\Tap Guaymate.ElmTerm,P.MADERA TP-IG 50 P/69 - 2/0 AAAC,TypTow,12.550000190734863,1,0.2849999964237213,6.124405384063721,6.1678972244262695,11.19015884399414,19.64138412475586,42.84480667114258,24.183130264282227,5.22498732140038e-16,,1.0,,,,,,
69 kV La Romana – Rancho Peligro_a,0,ESTE PROFUNDO,ESTE,ESTE 69 kV,\VM-PF.IntUser\PDD 31-12-2024.IntPrj\Network Model.IntPrjfolder\Network Data.IntPrjfolder\ESTE 69 kV.ElmNet\69 kV La Romana – Rancho Peligro_a.ElmLne,4,ZLROMF,\VM-PF.IntUser\PDD 31-12-2024.IntPrj\Network Model.IntPrjfolder\Network Data.IntPrjfolder\ESTE 138 kV.ElmNet\La Romana.ElmSite\ZLROMF.ElmSubstat\4.ElmTerm,Tap Batey Lechuga,,\VM-PF.IntUser\PDD 31-12-2024.IntPrj\Network Model.IntPrjfolder\Network Data.IntPrjfolder\ESTE 69 kV.ElmNet\Tap Batey Lechuga.ElmTerm,P.MADERA TP-IG 50 P/69 - 2/0 CU,TypTow,18.5,1,0.36000001430511475,5.576463222503662,9.089887619018555,13.043909072875977,28.951204299926758,63.15768051147461,35.6484375,7.7021722333370235e-16,,1.0,,,,,,
69 kV Derivación Batey Lechuga,0,ESTE PROFUNDO,ESTE,ESTE 69 kV,\VM-PF.IntUser\PDD 31-12-2024.IntPrj\Network Model.IntPrjfolder\Network Data.IntPrjfolder\ESTE 69 kV.ElmNet\69 kV Derivación Batey Lechuga.ElmLne,Tap Batey Lechuga,,\VM-PF.IntUser\PDD 31-12-2024.IntPrj\Network Model.IntPrjfolder\Network Data.IntPrjfolder\ESTE 69 kV.ElmNet\Tap Batey Lechuga.ElmTerm,69 kV Batey Lechuga,,\VM-PF.IntUser\PDD 31-12-2024.IntPrj\Network Model.IntPrjfolder\Network Data.IntPrjfolder\ESTE 69 kV.ElmNet\69 kV Batey Lechuga.ElmTerm,P.MADERA TP-IG 50 P/69 - 2/0 CU,TypTow,6.400000095367432,1,0.36000001430511475,1.929154872894287,3.1446099281311035,4.512487411499023,10.015551567077637,21.849143981933594,12.332432746887207,2.664535364979494e-16,,1.0,,,,,,
69 kV La Romana – La Romana Pueblo_a,0,ESTE PROFUNDO,ESTE,ESTE 69 kV,\VM-PF.IntUser\PDD 31-12-2024.IntPrj\Network Model.IntPrjfolder\Network Data.IntPrjfolder\ESTE 69 kV.ElmNet\69 kV La Romana – La Romana Pueblo_a.ElmLne,3,ZLROMF,\VM-PF.IntUser\PDD 31-12-2024.IntPrj\Network Model.IntPrjfolder\Network Data.IntPrjfolder\ESTE 138 kV.ElmNet\La Romana.ElmSite\ZLROMF.ElmSubstat\3.ElmTerm,Tap Capacitor 69 kV La Romana Pueblo,,\VM-PF.IntUser\PDD 31-12-2024.IntPrj\Network Model.IntPrjfolder\Network Data.IntPrjfolder\ESTE 69 kV.ElmNet\Tap Capacitor 69 kV La Romana Pueblo.ElmTerm,P.MADERA TVS-1/1C/69/1xF - 4/0 AAAC,TypTow,2.3970000743865967,1,0.3799999952316284,0.7365679144859314,1.1140869855880737,1.6527708768844604,3.7942821979522705,8.722661018371582,4.459401607513428,-3.326505840765266e-17,,1.0,,,,,,
69 kV Buena Vista – Higüey_c,0,ESTE PROFUNDO,ESTE,ESTE 69 kV,\VM-PF.IntUser\PDD 31-12-2024.IntPrj\Network Model.IntPrjfolder\Network Data.IntPrjfolder\ESTE 69 kV.ElmNet\69 kV Buena Vista – Higüey_c.ElmLne,Tap Benedicto,,\VM-PF.IntUser\PDD 31-12-2024.IntPrj\Network Model.IntPrjfolder\Network Data.IntPrjfolder\ESTE 69 kV.ElmNet\Tap Benedicto.ElmTerm,WHIGUF(5),ZHIGUF,\VM-PF.IntUser\PDD 31-12-2024.IntPrj\Network Model.IntPrjfolder\Network Data.IntPrjfolder\ESTE 69 kV.ElmNet\ZHIGUF.ElmSubstat\WHIGUF(5).ElmTerm,P.MADERA TP-IG 55 P/69 - 4/0 AAAC,TypTow,27.5,1,0.3799999952316284,8.448834419250488,13.029640197753906,19.54408073425293,42.570186614990234,97.54069519042969,53.20756149291992,-1.5265566588595902e-15,,1.0,,,,,,
69 kV Hato Mayor 2 – SPM_b,0,ESTE CERCANO,ESTE,ESTE 69 kV,\VM-PF.IntUser\PDD 31-12-2024.IntPrj\Network Model.IntPrjfolder\Network Data.IntPrjfolder\ESTE 69 kV.ElmNet\69 kV Hato Mayor 2 – SPM_b.ElmLne,Tap Hato Mayor,,\VM-PF.IntUser\PDD 31-12-2024.IntPrj\Network Model.IntPrjfolder\Network Data.IntPrjfolder\ESTE 69 kV.ElmNet\Tap Hato Mayor.ElmTerm,Tap Consuelo,,\VM-PF.IntUser\PDD 31-12-2024.IntPrj\Network Model.IntPrjfolder\Network Data.IntPrjfolder\ESTE 69 kV.ElmNet\Tap Consuelo.ElmTerm,P.MADERA TP-IG 50 P/69 - 559 AAAC,TypTow,29.0,1,0.6629999876022339,3.3798928260803223,12.369938850402832,15.19619369506836,43.921600341796875,113.8804931640625,59.4062385559082,-8.049116928532385e-16,,1.0,,,,,,
69 kV Hato Mayor 2 – SPM_a,0,ESTE CERCANO,ESTE,ESTE 69 kV,\VM-PF.IntUser\PDD 31-12-2024.IntPrj\Network Model.IntPrjfolder\Network Data.IntPrjfolder\ESTE 69 kV.ElmNet\69 kV Hato Mayor 2 – SPM_a.ElmLne,Tap Hato Mayor,,\VM-PF.IntUser\PDD 31-12-2024.IntPrj\Network Model.IntPrjfolder\Network Data.IntPrjfolder\ESTE 69 kV.ElmNet\Tap Hato Mayor.ElmTerm,2,WHMA2F,\VM-PF.IntUser\PDD 31-12-2024.IntPrj\Network Model.IntPrjfolder\Network Data.IntPrjfolder\ESTE 138 kV.ElmNet\Hato Mayor 2.ElmSite\WHMA2F.ElmSubstat\2.ElmTerm,P.MADERA TVS/1C/69/1xF - 559 AAAC,TypTow,0.8999999761581421,1,0.6629999876022339,0.10459627211093903,0.37391397356987,0.46079084277153015,1.3921024799346924,3.615964889526367,1.762068748474121,3.43475235008518e-17,,1.0,,,,,,
69 kV SPM – ZF SPM Chentec_c,0,ESTE CERCANO,ESTE,ESTE 69 kV,\VM-PF.IntUser\PDD 31-12-2024.IntPrj\Network Model.IntPrjfolder\Network Data.IntPrjfolder\ESTE 69 kV.ElmNet\69 kV SPM – ZF SPM Chentec_c.ElmLne,Tap ZF SPM,,\VM-PF.IntUser\PDD 31-12-2024.IntPrj\Network Model.IntPrjfolder\Network Data.IntPrjfolder\ESTE 69 kV.ElmNet\Tap ZF SPM.ElmTerm,Tap ZF San Pedro AES,,\VM-PF.IntUser\PDD 31-12-2024.IntPrj\Network Model.IntPrjfolder\Network Data.IntPrjfolder\ESTE 69 kV.ElmNet\Tap ZF San Pedro AES.ElmTerm,P.MADERA TP-IG 55 P/69 - 559 AAAC,TypTow,0.41999998688697815,1,0.6629999876022339,0.048976339399814606,0.18158058822155,0.2184309959411621,0.6327452659606934,1.6267645359039307,0.8517380952835083,3.205768904195801e-17,,1.0,,,,,,
69 kV La Romana – Rancho Peligro_c,0,ESTE PROFUNDO,ESTE,ESTE 69 kV,\VM-PF.IntUser\PDD 31-12-2024.IntPrj\Network Model.IntPrjfolder\Network Data.IntPrjfolder\ESTE 69 kV.ElmNet\69 kV La Romana – Rancho Peligro_c.ElmLne,Tap Guaymate,,\VM-PF.IntUser\PDD 31-12-2024.IntPrj\Network Model.IntPrjfolder\Network Data.IntPrjfolder\ESTE 69 kV.ElmNet\Tap Guaymate.ElmTerm,69 kV Rancho Peligro,,\VM-PF.IntUser\PDD 31-12-2024.IntPrj\Network Model.IntPrjfolder\Network Data.IntPrjfolder\ESTE 69 kV.ElmNet\69 kV Rancho Peligro.ElmTerm,P.MADERA TP-IG 50 P/69 - 2/0 AAAC,TypTow,7.300000190734863,1,0.2849999964237213,3.5624032020568848,3.5877010822296143,6.509016990661621,11.424869537353516,24.921680450439453,14.066681861877441,3.039235741669603e-16,,1.0,,,,,,
69 kV Derivación Monte Plata,0,ESTE CERCANO,ESTE,ESTE 69 kV,\VM-PF.IntUser\PDD 31-12-2024.IntPrj\Network Model.IntPrjfolder\Network Data.IntPrjfolder\ESTE 69 kV.ElmNet\69 kV Derivación Monte Plata.ElmLne,69 kV Monte Plata,ZMPLAF,\VM-PF.IntUser\PDD 31-12-2024.IntPrj\Network Model.IntPrjfolder\Network Data.IntPrjfolder\ESTE 69 kV.ElmNet\ZMPLAF.ElmSubstat\69 kV Monte Plata.ElmTerm,Tap Monte Plata Solar,,\VM-PF.IntUser\PDD 31-12-2024.IntPrj\Network Model.IntPrjfolder\Network Data.IntPrjfolder\ESTE 69 kV.ElmNet\Tap Monte Plata Solar.ElmTerm,T.ACERO S1(2)/1C/138/1xF/559 AAAC,TypTow,0.05000000074505806,1,0.6629999876022339,0.005816388875246048,0.023726973682641983,0.021557020023465157,0.07497365772724152,0.17587995529174805,0.08910605311393738,4.1633365077804595e-18,,1.0,,,,,,
69 kV SPM – ZF SPM Chentec_d,0,ESTE CERCANO,ESTE,ESTE 69 kV,\VM-PF.IntUser\PDD 31-12-2024.IntPrj\Network Model.IntPrjfolder\Network Data.IntPrjfolder\ESTE 69 kV.ElmNet\69 kV SPM – ZF SPM Chentec_d.ElmLne,Tap ZF San Pedro AES,,\VM-PF.IntUser\PDD 31-12-2024.IntPrj\Network Model.IntPrjfolder\Network Data.IntPrjfolder\ESTE 69 kV.ElmNet\Tap ZF San Pedro AES.ElmTerm,69 kV ZF San Pedro Chentec,,\VM-PF.IntUser\PDD 31-12-2024.IntPrj\Network Model.IntPrjfolder\Network Data.IntPrjfolder\ESTE 69 kV.ElmNet\69 kV ZF San Pedro Chentec.ElmTerm,P.MADERA TP-IG 50 P/69 - 4/0 CU,TypTow,0.1899999976158142,1,0.47999998927116394,0.036014582961797714,0.09002240002155304,0.11270726472139359,0.2940034866333008,0.674136221408844,0.37409600615501404,2.1094237203180178e-17,,1.0,,,,,,
69 kV Derivación San Pedro TG_a,1,ESTE CERCANO,ESTE,ESTE 69 kV,\VM-PF.IntUser\PDD 31-12-2024.IntPrj\Network Model.IntPrjfolder\Network Data.IntPrjfolder\ESTE 69 kV.ElmNet\69 kV Derivación San Pedro TG_a.ElmLne,Tap San Pedro Macorís,,\VM-PF.IntUser\PDD 31-12-2024.IntPrj\Network Model.IntPrjfolder\Network Data.IntPrjfolder\ESTE 69 kV.ElmNet\Tap San Pedro Macorís.ElmTerm,69 kV San Pedro TG,,\VM-PF.IntUser\PDD 31-12-2024.IntPrj\Network Model.IntPrjfolder\Network Data.IntPrjfolder\ESTE 69 kV.ElmNet\69 kV San Pedro TG.ElmTerm,P.MADERA TP-IG 50 P/69 - 4/0 AAAC,TypTow,0.30000001192092896,1,0.3799999952316284,0.0921691432595253,0.14214158058166504,0.21326285600662231,0.46421700716018677,1.0644257068634033,0.5906779170036316,3.3306692062243676e-17,,1.0,,,,,,
69 kV SPM – ZF SPM Chentec_b,0,ESTE CERCANO,ESTE,ESTE 69 kV,\VM-PF.IntUser\PDD 31-12-2024.IntPrj\Network Model.IntPrjfolder\Network Data.IntPrjfolder\ESTE 69 kV.ElmNet\69 kV SPM – ZF SPM Chentec_b.ElmLne,Tap San Pedro Macorís,,\VM-PF.IntUser\PDD 31-12-2024.IntPrj\Network Model.IntPrjfolder\Network Data.IntPrjfolder\ESTE 69 kV.ElmNet\Tap San Pedro Macorís.ElmTerm,Tap ZF SPM,,\VM-PF.IntUser\PDD 31-12-2024.IntPrj\Network Model.IntPrjfolder\Network Data.IntPrjfolder\ESTE 69 kV.ElmNet\Tap ZF SPM.ElmTerm,P.MADERA TP-IG 50 P/69 - 4/0 CU,TypTow,2.549999952316284,1,0.47999998927116394,0.4833536148071289,1.208195447921753,1.5126501321792603,3.945836305618286,9.04761791229248,5.020761966705322,2.83106865985459e-16,,1.0,,,,,,
69 kV Derivación Guavaberry,0,ESTE CERCANO,ESTE,ESTE 69 kV,\VM-PF.IntUser\PDD 31-12-2024.IntPrj\Network Model.IntPrjfolder\Network Data.IntPrjfolder\ESTE 69 kV.ElmNet\69 kV Derivación Guavaberry.ElmLne,Tap Guavaberry,,\VM-PF.IntUser\PDD 31-12-2024.IntPrj\Network Model.IntPrjfolder\Network Data.IntPrjfolder\ESTE 69 kV.ElmNet\Tap Guavaberry.ElmTerm,69 kV Guavaberry,,\VM-PF.IntUser\PDD 31-12-2024.IntPrj\Network Model.IntPrjfolder\Network Data.IntPrjfolder\ESTE 69 kV.ElmNet\69 kV Guavaberry.ElmTerm,P.MADERA TVS-1/1C/69/1xF - 4/0 AAAC,TypTow,1.9199999570846558,1,0.3799999952316284,0.5899917483329773,0.8923850059509277,1.3238714933395386,3.039224624633789,6.9868621826171875,3.571985960006714,-2.6645351995433716e-17,,1.0,,,,,,
69 kV La Romana – La Romana Pueblo_b,0,ESTE PROFUNDO,ESTE,ESTE 69 kV,\VM-PF.IntUser\PDD 31-12-2024.IntPrj\Network Model.IntPrjfolder\Network Data.IntPrjfolder\ESTE 69 kV.ElmNet\69 kV La Romana – La Romana Pueblo_b.ElmLne,69 kV La Romana Pueblo,ZLRPUF,\VM-PF.IntUser\PDD 31-12-2024.IntPrj\Network Model.IntPrjfolder\Network Data.IntPrjfolder\ESTE 69 kV.ElmNet\ZLRPUF.ElmSubstat\69 kV La Romana Pueblo.ElmTerm,Tap Capacitor 69 kV La Romana Pueblo,,\VM-PF.IntUser\PDD 31-12-2024.IntPrj\Network Model.IntPrjfolder\Network Data.IntPrjfolder\ESTE 69 kV.ElmNet\Tap Capacitor 69 kV La Romana Pueblo.ElmTerm,P.MADERA TVS-1/1C/69/1xF - 4/0 AAAC,TypTow,0.003000020980834961,1,0.3799999952316284,0.000921868602745235,0.0013943613739684224,0.002068563597276807,0.004748821724206209,0.010917048901319504,0.005581267178058624,-4.163365459101899e-20,,1.0,,,,,,
69 kV Hato Mayor 2 – Sabana de la Mar,0,ESTE CERCANO,ESTE,ESTE 69 kV,\VM-PF.IntUser\PDD 31-12-2024.IntPrj\Network Model.IntPrjfolder\Network Data.IntPrjfolder\ESTE 69 kV.ElmNet\69 kV Hato Mayor 2 – Sabana de la Mar.ElmLne,3,WHMA2F,\VM-PF.IntUser\PDD 31-12-2024.IntPrj\Network Model.IntPrjfolder\Network Data.IntPrjfolder\ESTE 138 kV.ElmNet\Hato Mayor 2.ElmSite\WHMA2F.ElmSubstat\3.ElmTerm,69 kV Sabana de la Mar,,\VM-PF.IntUser\PDD 31-12-2024.IntPrj\Network Model.IntPrjfolder\Network Data.IntPrjfolder\ESTE 69 kV.ElmNet\69 kV Sabana de la Mar.ElmTerm,P.MADERA TVS/1C/69/1xF - 559 AAAC,TypTow,39.099998474121094,1,0.6629999876022339,4.544126987457275,16.24448585510254,20.018802642822266,60.47911834716797,157.0935821533203,76.55209350585938,1.4922090493319547e-15,,1.0,,,,,,
69 kV Buena Vista – La Romana,0,ESTE PROFUNDO,ESTE,ESTE 69 kV,\VM-PF.IntUser\PDD 31-12-2024.IntPrj\Network Model.IntPrjfolder\Network Data.IntPrjfolder\ESTE 69 kV.ElmNet\69 kV Buena Vista – La Romana.ElmLne,2,ZLROMF,\VM-PF.IntUser\PDD 31-12-2024.IntPrj\Network Model.IntPrjfolder\Network Data.IntPrjfolder\ESTE 138 kV.ElmNet\La Romana.ElmSite\ZLROMF.ElmSubstat\2.ElmTerm,69 kV Buena Vista,ZBVISF,\VM-PF.IntUser\PDD 31-12-2024.IntPrj\Network Model.IntPrjfolder\Network Data.IntPrjfolder\ESTE 69 kV.ElmNet\ZBVISF.ElmSubstat\69 kV Buena Vista.ElmTerm,P.MADERA TP-IG 50 P/69 - 559 AAAC,TypTow,5.699999809265137,1,0.6629999876022339,0.6643237471580505,2.43133282661438,2.9868381023406982,8.632865905761719,22.383407592773438,11.676398277282715,-1.5820677571512889e-16,,1.0,,,,,,
69 kV SPM – ZF SPM Chentec_a,0,ESTE CERCANO,ESTE,ESTE 69 kV,\VM-PF.IntUser\PDD 31-12-2024.IntPrj\Network Model.IntPrjfolder\Network Data.IntPrjfolder\ESTE 69 kV.ElmNet\69 kV SPM – ZF SPM Chentec_a.ElmLne,6,ZSPMAF,\VM-PF.IntUser\PDD 31-12-2024.IntPrj\Network Model.IntPrjfolder\Network Data.IntPrjfolder\ESTE 138 kV.ElmNet\San Pedro.ElmSite\ZSPMAF.ElmSubstat\6.ElmTerm,Tap San Pedro Macorís,,\VM-PF.IntUser\PDD 31-12-2024.IntPrj\Network Model.IntPrjfolder\Network Data.IntPrjfolder\ESTE 69 kV.ElmNet\Tap San Pedro Macorís.ElmTerm,P.MADERA TP-IG 50 P/69 - 4/0 AAAC,TypTow,0.7400000095367432,1,0.3799999952316284,0.22735054790973663,0.35061588883399963,0.5260483622550964,1.1450685262680054,2.6255834102630615,1.457005500793457,8.215650488105277e-17,,1.0,,,,,,
69 kV SPM – Boca Chica(Cementos)_a,0,ESTE CERCANO,ESTE,ESTE 69 kV,\VM-PF.IntUser\PDD 31-12-2024.IntPrj\Network Model.IntPrjfolder\Network Data.IntPrjfolder\ESTE 69 kV.ElmNet\69 kV SPM – Boca Chica(Cementos)_a.ElmLne,7,ZSPMAF,\VM-PF.IntUser\PDD 31-12-2024.IntPrj\Network Model.IntPrjfolder\Network Data.IntPrjfolder\ESTE 138 kV.ElmNet\San Pedro.ElmSite\ZSPMAF.ElmSubstat\7.ElmTerm,Tap César Iglesias,,\VM-PF.IntUser\PDD 31-12-2024.IntPrj\Network Model.IntPrjfolder\Network Data.IntPrjfolder\ESTE 69 kV.ElmNet\Tap César Iglesias.ElmTerm,P.MADERA TP-IG 50 P/69 - 477 ACSR,TypTow,0.20000000298023224,1,0.6589999794960022,0.0235860887914896,0.08770836144685745,0.10431522876024246,0.3024252951145172,0.7749218940734863,0.41308438777923584,-2.775557602921922e-18,,1.0,,,,,,
69 kV SPM – SE Sultana (Mitsubishi),0,ESTE CERCANO,ESTE,ESTE 69 kV,\VM-PF.IntUser\PDD 31-12-2024.IntPrj\Network Model.IntPrjfolder\Network Data.IntPrjfolder\ESTE 69 kV.ElmNet\69 kV SPM – SE Sultana (Mitsubishi).ElmLne,4,ZSPMAF,\VM-PF.IntUser\PDD 31-12-2024.IntPrj\Network Model.IntPrjfolder\Network Data.IntPrjfolder\ESTE 138 kV.ElmNet\San Pedro.ElmSite\ZSPMAF.ElmSubstat\4.ElmTerm,69 kV Servicio Estación Sultana del Este,,\VM-PF.IntUser\PDD 31-12-2024.IntPrj\Network Model.IntPrjfolder\Network Data.IntPrjfolder\ESTE 69 kV.ElmNet\69 kV Servicio Estación Sultana del Este.ElmTerm,P.MADERA TP-IG 50 P/69 - 559 AAAC,TypTow,1.2799999713897705,1,0.6629999876022339,0.14918147027492523,0.5459834933280945,0.6707285642623901,1.9386085271835327,5.026449203491211,2.622068405151367,-3.552713599391162e-17,,1.0,,,,,,
69 kV Hato Mayor 2 – SPM_c,0,ESTE CERCANO,ESTE,ESTE 69 kV,\VM-PF.IntUser\PDD 31-12-2024.IntPrj\Network Model.IntPrjfolder\Network Data.IntPrjfolder\ESTE 69 kV.ElmNet\69 kV Hato Mayor 2 – SPM_c.ElmLne,5,ZSPMAF,\VM-PF.IntUser\PDD 31-12-2024.IntPrj\Network Model.IntPrjfolder\Network Data.IntPrjfolder\ESTE 138 kV.ElmNet\San Pedro.ElmSite\ZSPMAF.ElmSubstat\5.ElmTerm,Tap Consuelo,,\VM-PF.IntUser\PDD 31-12-2024.IntPrj\Network Model.IntPrjfolder\Network Data.IntPrjfolder\ESTE 69 kV.ElmNet\Tap Consuelo.ElmTerm,P.MADERA TP-IG 50 P/69 - 559 AAAC,TypTow,12.0,1,0.6629999876022339,1.3985763788223267,5.118595600128174,6.288080215454102,18.174455642700195,47.122962951660156,24.581892013549805,-3.3306690738754696e-16,,1.0,,,,,,
69 kV Derivación Guaymate,0,ESTE PROFUNDO,ESTE,ESTE 69 kV,\VM-PF.IntUser\PDD 31-12-2024.IntPrj\Network Model.IntPrjfolder\Network Data.IntPrjfolder\ESTE 69 kV.ElmNet\69 kV Derivación Guaymate.ElmLne,Tap Guaymate,,\VM-PF.IntUser\PDD 31-12-2024.IntPrj\Network Model.IntPrjfolder\Network Data.IntPrjfolder\ESTE 69 kV.ElmNet\Tap Guaymate.ElmTerm,69 kV Guaymate,,\VM-PF.IntUser\PDD 31-12-2024.IntPrj\Network Model.IntPrjfolder\Network Data.IntPrjfolder\ESTE 69 kV.ElmNet\69 kV Guaymate.ElmTerm,P.MADERA TP-IG 50 P/69 - 2/0 AAAC,TypTow,0.029999999329447746,1,0.2849999964237213,0.014640012755990028,0.014743976294994354,0.0267493836581707,0.04695151746273041,0.10241786390542984,0.057808276265859604,1.2490008489365613e-18,,1.0,,,,,,
69 kV Derivación Benedicto,0,ESTE PROFUNDO,ESTE,ESTE 69 kV,\VM-PF.IntUser\PDD 31-12-2024.IntPrj\Network Model.IntPrjfolder\Network Data.IntPrjfolder\ESTE 69 kV.ElmNet\69 kV Derivación Benedicto.ElmLne,69 kV Benedicto,,\VM-PF.IntUser\PDD 31-12-2024.IntPrj\Network Model.IntPrjfolder\Network Data.IntPrjfolder\ESTE 69 kV.ElmNet\69 kV Benedicto.ElmTerm,Tap Benedicto,,\VM-PF.IntUser\PDD 31-12-2024.IntPrj\Network Model.IntPrjfolder\Network Data.IntPrjfolder\ESTE 69 kV.ElmNet\Tap Benedicto.ElmTerm,P.MADERA/1C/69/1xF - 4/0 ACSR,TypTow,0.009999999776482582,1,0.3569999933242798,0.002620128681883216,0.004559758119285107,0.006469325162470341,0.01600353792309761,0.03739752992987633,0.017859777435660362,-5.551114999048691e-19,,1.0,,,,,,
69 kV Derivación Asoc Industrias ZF SPM,0,ESTE CERCANO,ESTE,ESTE 69 kV,\VM-PF.IntUser\PDD 31-12-2024.IntPrj\Network Model.IntPrjfolder\Network Data.IntPrjfolder\ESTE 69 kV.ElmNet\69 kV Derivación Asoc Industrias ZF SPM.ElmLne,69 kV Asociación Industrial ZF SPM,,\VM-PF.IntUser\PDD 31-12-2024.IntPrj\Network Model.IntPrjfolder\Network Data.IntPrjfolder\ESTE 69 kV.ElmNet\69 kV Asociación Industrial ZF SPM.ElmTerm,Tap ZF SPM,,\VM-PF.IntUser\PDD 31-12-2024.IntPrj\Network Model.IntPrjfolder\Network Data.IntPrjfolder\ESTE 69 kV.ElmNet\Tap ZF SPM.ElmTerm,P.MADERA/1C/69/1xF - 4/0 ACSR,TypTow,0.009999999776482582,1,0.3569999933242798,0.002620128681883216,0.004559758119285107,0.006469325162470341,0.01600353792309761,0.03739752992987633,0.017859777435660362,-5.551114999048691e-19,,1.0,,,,,,
69 kV Derivación ZF San Pedro AES,0,ESTE CERCANO,ESTE,ESTE 69 kV,\VM-PF.IntUser\PDD 31-12-2024.IntPrj\Network Model.IntPrjfolder\Network Data.IntPrjfolder\ESTE 69 kV.ElmNet\69 kV Derivación ZF San Pedro AES.ElmLne,Tap ZF San Pedro AES,,\VM-PF.IntUser\PDD 31-12-2024.IntPrj\Network Model.IntPrjfolder\Network Data.IntPrjfolder\ESTE 69 kV.ElmNet\Tap ZF San Pedro AES.ElmTerm,69 kV ZF San Pedro AES,,\VM-PF.IntUser\PDD 31-12-2024.IntPrj\Network Model.IntPrjfolder\Network Data.IntPrjfolder\ESTE 69 kV.ElmNet\69 kV ZF San Pedro AES.ElmTerm,P.MADERA/1C/69/1xF - 4/0 ACSR,TypTow,0.009999999776482582,1,0.3569999933242798,0.002620128681883216,0.004559758119285107,0.006469325162470341,0.01600353792309761,0.03739752992987633,0.017859777435660362,-5.551114999048691e-19,,1.0,,,,,,
69 kV Derivación Consuelo,0,ESTE CERCANO,ESTE,ESTE 69 kV,\VM-PF.IntUser\PDD 31-12-2024.IntPrj\Network Model.IntPrjfolder\Network Data.IntPrjfolder\ESTE 69 kV.ElmNet\69 kV Derivación Consuelo.ElmLne,Tap Consuelo,,\VM-PF.IntUser\PDD 31-12-2024.IntPrj\Network Model.IntPrjfolder\Network Data.IntPrjfolder\ESTE 69 kV.ElmNet\Tap Consuelo.ElmTerm,69 kV Consuelo,,\VM-PF.IntUser\PDD 31-12-2024.IntPrj\Network Model.IntPrjfolder\Network Data.IntPrjfolder\ESTE 69 kV.ElmNet\69 kV Consuelo.ElmTerm,P.MADERA/1C/69/1xF - 4/0 ACSR,TypTow,0.25,1,0.3569999933242798,0.06550321727991104,0.11399395018815994,0.16173313558101654,0.40008845925331116,0.9349382519721985,0.446494460105896,-1.3877787807814457e-17,,1.0,,,,,,
69 kV Derivación Hato Mayor,0,ESTE CERCANO,ESTE,ESTE 69 kV,\VM-PF.IntUser\PDD 31-12-2024.IntPrj\Network Model.IntPrjfolder\Network Data.IntPrjfolder\ESTE 69 kV.ElmNet\69 kV Derivación Hato Mayor.ElmLne,69 kV Hato Mayor,,\VM-PF.IntUser\PDD 31-12-2024.IntPrj\Network Model.IntPrjfolder\Network Data.IntPrjfolder\ESTE 69 kV.ElmNet\69 kV Hato Mayor.ElmTerm,Tap Hato Mayor,,\VM-PF.IntUser\PDD 31-12-2024.IntPrj\Network Model.IntPrjfolder\Network Data.IntPrjfolder\ESTE 69 kV.ElmNet\Tap Hato Mayor.ElmTerm,P.MADERA/1C/69/1xF - 4/0 ACSR,TypTow,0.009999999776482582,1,0.3569999933242798,0.002620128681883216,0.004559758119285107,0.006469325162470341,0.01600353792309761,0.03739752992987633,0.017859777435660362,-5.551114999048691e-19,,1.0,,,,,,
69 kV Derivación César Iglesias,0,ESTE CERCANO,ESTE,ESTE 69 kV,\VM-PF.IntUser\PDD 31-12-2024.IntPrj\Network Model.IntPrjfolder\Network Data.IntPrjfolder\ESTE 69 kV.ElmNet\69 kV Derivación César Iglesias.ElmLne,Tap César Iglesias,,\VM-PF.IntUser\PDD 31-12-2024.IntPrj\Network Model.IntPrjfolder\Network Data.IntPrjfolder\ESTE 69 kV.ElmNet\Tap César Iglesias.ElmTerm,69 kV César Iglesias,,\VM-PF.IntUser\PDD 31-12-2024.IntPrj\Network Model.IntPrjfolder\Network Data.IntPrjfolder\ESTE 69 kV.ElmNet\69 kV César Iglesias.ElmTerm,P.MADERA TP-IG 50 P/69 - 559 AAAC,TypTow,0.029999999329447746,1,0.6629999876022339,0.003496440825983882,0.012796488590538502,0.015720199793577194,0.04543613642454147,0.11780740320682526,0.06145472824573517,-8.326672498573036e-19,,1.0,,,,,,
69 kV Derivación Destilería Brugal,0,ESTE CERCANO,ESTE,ESTE 69 kV,\VM-PF.IntUser\PDD 31-12-2024.IntPrj\Network Model.IntPrjfolder\Network Data.IntPrjfolder\ESTE 69 kV.ElmNet\69 kV Derivación Destilería Brugal.ElmLne,69 kV Destilería Brugal,,\VM-PF.IntUser\PDD 31-12-2024.IntPrj\Network Model.IntPrjfolder\Network Data.IntPrjfolder\ESTE 69 kV.ElmNet\69 kV Destilería Brugal.ElmTerm,Tap Destilería Brugal,,\VM-PF.IntUser\PDD 31-12-2024.IntPrj\Network Model.IntPrjfolder\Network Data.IntPrjfolder\ESTE 69 kV.ElmNet\Tap Destilería Brugal.ElmTerm,P.MADERA/1C/69/1xF - 4/0 ACSR,TypTow,0.029999999329447746,1,0.3569999933242798,0.007860386744141579,0.013679273426532745,0.019407976418733597,0.04801061376929283,0.11219258606433868,0.053579334169626236,-1.6653344997146072e-18,,1.0,,,,,,
69 kV Derivación Harinas del Higuamo,0,ESTE CERCANO,ESTE,ESTE 69 kV,\VM-PF.IntUser\PDD 31-12-2024.IntPrj\Network Model.IntPrjfolder\Network Data.IntPrjfolder\ESTE 69 kV.ElmNet\69 kV Derivación Harinas del Higuamo.ElmLne,Tap Harinas Del Higüamo,,\VM-PF.IntUser\PDD 31-12-2024.IntPrj\Network Model.IntPrjfolder\Network Data.IntPrjfolder\ESTE 69 kV.ElmNet\Tap Harinas Del Higüamo.ElmTerm,69 kV Harinas del Higuamo,,\VM-PF.IntUser\PDD 31-12-2024.IntPrj\Network Model.IntPrjfolder\Network Data.IntPrjfolder\ESTE 69 kV.ElmNet\69 kV Harinas del Higuamo.ElmTerm,P.MADERA TP-IG 50 P/69 - 559 AAAC,TypTow,0.10999999940395355,1,0.6629999876022339,0.012820282950997353,0.04692045971751213,0.05764073505997658,0.16659916937351227,0.43196049332618713,0.22533400356769562,-3.0531133011755682e-18,,1.0,,,,,,
69 kV Derivación Cayacoa,0,ESTE CERCANO,ESTE,ESTE 69 kV,\VM-PF.IntUser\PDD 31-12-2024.IntPrj\Network Model.IntPrjfolder\Network Data.IntPrjfolder\ESTE 69 kV.ElmNet\69 kV Derivación Cayacoa.ElmLne,Tap Cayacoa,,\VM-PF.IntUser\PDD 31-12-2024.IntPrj\Network Model.IntPrjfolder\Network Data.IntPrjfolder\CENTRAL 69 kV.ElmNet\Tap Cayacoa.ElmTerm,69 kV Cayacoa,,\VM-PF.IntUser\PDD 31-12-2024.IntPrj\Network Model.IntPrjfolder\Network Data.IntPrjfolder\ESTE 69 kV.ElmNet\69 kV Cayacoa.ElmTerm,P.MADERA/1C/69/1xF - 4/0 ACSR,TypTow,0.09000000357627869,1,0.3569999933242798,0.023581160232424736,0.041037824004888535,0.05822393298149109,0.1440318524837494,0.33657777309417725,0.160738006234169,-4.9960038093365514e-18,,1.0,,,,,,
69 kV Derivación Yamasá,0,ESTE CERCANO,ESTE,ESTE 69 kV,\VM-PF.IntUser\PDD 31-12-2024.IntPrj\Network Model.IntPrjfolder\Network Data.IntPrjfolder\ESTE 69 kV.ElmNet\69 kV Derivación Yamasá.ElmLne,69 kV Yamasá,,\VM-PF.IntUser\PDD 31-12-2024.IntPrj\Network Model.IntPrjfolder\Network Data.IntPrjfolder\ESTE 69 kV.ElmNet\69 kV Yamasá.ElmTerm,Tap Yamasá,,\VM-PF.IntUser\PDD 31-12-2024.IntPrj\Network Model.IntPrjfolder\Network Data.IntPrjfolder\ESTE 69 kV.ElmNet\Tap Yamasá.ElmTerm,P.MADERA TP-IG 55 P/69 - 4/0 AAAC,TypTow,0.675000011920929,1,0.3799999952316284,0.2073804885149002,0.3198184370994568,0.4797183573246002,1.0449045896530151,2.3941807746887207,1.3060038089752197,-3.7470027742843523e-17,,1.0,,,,,,
69 kV Buena Vista – Higüey_a,0,ESTE PROFUNDO,ESTE,ESTE 69 kV,\VM-PF.IntUser\PDD 31-12-2024.IntPrj\Network Model.IntPrjfolder\Network Data.IntPrjfolder\ESTE 69 kV.ElmNet\69 kV Buena Vista – Higüey_a.ElmLne,2,ZBVISF,\VM-PF.IntUser\PDD 31-12-2024.IntPrj\Network Model.IntPrjfolder\Network Data.IntPrjfolder\ESTE 69 kV.ElmNet\ZBVISF.ElmSubstat\2.ElmTerm,Tap Chavón,,\VM-PF.IntUser\PDD 31-12-2024.IntPrj\Network Model.IntPrjfolder\Network Data.IntPrjfolder\ESTE 69 kV.ElmNet\Tap Chavón.ElmTerm,P.MADERA TP-IG 55 P/69 - 4/0 AAAC,TypTow,9.0,1,0.3799999952316284,2.76507306098938,4.264245986938477,6.396244525909424,13.932060241699219,31.922409057617188,17.41338348388672,-4.996003610813204e-16,,1.0,,,,,,
69 kV Buena Vista – Higüey_b,0,ESTE PROFUNDO,ESTE,ESTE 69 kV,\VM-PF.IntUser\PDD 31-12-2024.IntPrj\Network Model.IntPrjfolder\Network Data.IntPrjfolder\ESTE 69 kV.ElmNet\69 kV Buena Vista – Higüey_b.ElmLne,Tap Chavón,,\VM-PF.IntUser\PDD 31-12-2024.IntPrj\Network Model.IntPrjfolder\Network Data.IntPrjfolder\ESTE 69 kV.ElmNet\Tap Chavón.ElmTerm,Tap Benedicto,,\VM-PF.IntUser\PDD 31-12-2024.IntPrj\Network Model.IntPrjfolder\Network Data.IntPrjfolder\ESTE 69 kV.ElmNet\Tap Benedicto.ElmTerm,P.MADERA TP-IG 55 P/69 - 4/0 AAAC,TypTow,7.5,1,0.3799999952316284,2.304227590560913,3.5535383224487305,5.330203533172607,11.610050201416016,26.602006912231445,14.511152267456055,-4.163336342344337e-16,,1.0,,,,,,
69 kV SPM – Boca Chica(Cementos)_g,0,SANTO DOMINGO,CENTRAL,ESTE 69 kV,\VM-PF.IntUser\PDD 31-12-2024.IntPrj\Network Model.IntPrjfolder\Network Data.IntPrjfolder\ESTE 69 kV.ElmNet\69 kV SPM – Boca Chica(Cementos)_g.ElmLne,Tap 1 Catalina,,\VM-PF.IntUser\PDD 31-12-2024.IntPrj\Network Model.IntPrjfolder\Network Data.IntPrjfolder\CENTRAL 69 kV.ElmNet\Tap 1 Catalina.ElmTerm,Tap Cayacoa,,\VM-PF.IntUser\PDD 31-12-2024.IntPrj\Network Model.IntPrjfolder\Network Data.IntPrjfolder\CENTRAL 69 kV.ElmNet\Tap Cayacoa.ElmTerm,P.MADERA TP-IG 50 P/69 - 559 AAAC,TypTow,12.199999809265137,1,0.6629999876022339,1.4218859672546387,5.2039055824279785,6.392881393432617,18.47736167907715,47.90834426879883,24.991588592529297,-3.386180172167168e-16,,1.0,,,,,,
69 kV SPM – Boca Chica(Cementos)_f,0,ESTE CERCANO,ESTE,ESTE 69 kV,\VM-PF.IntUser\PDD 31-12-2024.IntPrj\Network Model.IntPrjfolder\Network Data.IntPrjfolder\ESTE 69 kV.ElmNet\69 kV SPM – Boca Chica(Cementos)_f.ElmLne,Tap Cayacoa,,\VM-PF.IntUser\PDD 31-12-2024.IntPrj\Network Model.IntPrjfolder\Network Data.IntPrjfolder\CENTRAL 69 kV.ElmNet\Tap Cayacoa.ElmTerm,Tap Guavaberry,,\VM-PF.IntUser\PDD 31-12-2024.IntPrj\Network Model.IntPrjfolder\Network Data.IntPrjfolder\ESTE 69 kV.ElmNet\Tap Guavaberry.ElmTerm,P.MADERA TP-IG 50 P/69 - 559 AAAC,TypTow,3.9000000953674316,1,0.6629999876022339,0.4545373320579529,1.6635435819625854,2.043626070022583,5.906698226928711,15.314963340759277,7.989114761352539,-1.0824674754793072e-16,,1.0,,,,,,
69 kV SPM – Boca Chica(Cementos)_e,0,ESTE CERCANO,ESTE,ESTE 69 kV,\VM-PF.IntUser\PDD 31-12-2024.IntPrj\Network Model.IntPrjfolder\Network Data.IntPrjfolder\ESTE 69 kV.ElmNet\69 kV SPM – Boca Chica(Cementos)_e.ElmLne,Tap Guavaberry,,\VM-PF.IntUser\PDD 31-12-2024.IntPrj\Network Model.IntPrjfolder\Network Data.IntPrjfolder\ESTE 69 kV.ElmNet\Tap Guavaberry.ElmTerm,Tap Cementos Nacionales,,\VM-PF.IntUser\PDD 31-12-2024.IntPrj\Network Model.IntPrjfolder\Network Data.IntPrjfolder\CENTRAL 69 kV.ElmNet\Tap Cementos Nacionales.ElmTerm,P.MADERA TP-IG 50 P/69 - 559 AAAC,TypTow,14.0,1,0.6629999876022339,1.6316723823547363,5.9716949462890625,7.336093425750732,21.20353126525879,54.97679138183594,28.67887306213379,-3.885780586188048e-16,,1.0,,,,,,
69 kV SPM – Boca Chica(Cementos)_d,0,ESTE CERCANO,ESTE,ESTE 69 kV,\VM-PF.IntUser\PDD 31-12-2024.IntPrj\Network Model.IntPrjfolder\Network Data.IntPrjfolder\ESTE 69 kV.ElmNet\69 kV SPM – Boca Chica(Cementos)_d.ElmLne,Tap Harinas Del Higüamo,,\VM-PF.IntUser\PDD 31-12-2024.IntPrj\Network Model.IntPrjfolder\Network Data.IntPrjfolder\ESTE 69 kV.ElmNet\Tap Harinas Del Higüamo.ElmTerm,Tap Cementos Nacionales,,\VM-PF.IntUser\PDD 31-12-2024.IntPrj\Network Model.IntPrjfolder\Network Data.IntPrjfolder\CENTRAL 69 kV.ElmNet\Tap Cementos Nacionales.ElmTerm,P.MADERA TP-IG 50 P/69 - 477 ACSR,TypTow,5.039999961853027,1,0.6589999794960022,0.5943694114685059,2.2102506160736084,2.6287436485290527,7.62111759185791,19.528032302856445,10.4097261428833,-6.994405002198927e-17,,1.0,,,,,,
69 kV SPM – Boca Chica(Cementos)_c,0,ESTE CERCANO,ESTE,ESTE 69 kV,\VM-PF.IntUser\PDD 31-12-2024.IntPrj\Network Model.IntPrjfolder\Network Data.IntPrjfolder\ESTE 69 kV.ElmNet\69 kV SPM – Boca Chica(Cementos)_c.ElmLne,Tap Destilería Brugal,,\VM-PF.IntUser\PDD 31-12-2024.IntPrj\Network Model.IntPrjfolder\Network Data.IntPrjfolder\ESTE 69 kV.ElmNet\Tap Destilería Brugal.ElmTerm,Tap Harinas Del Higüamo,,\VM-PF.IntUser\PDD 31-12-2024.IntPrj\Network Model.IntPrjfolder\Network Data.IntPrjfolder\ESTE 69 kV.ElmNet\Tap Harinas Del Higüamo.ElmTerm,P.MADERA TP-IG 50 P/69 - 477 ACSR,TypTow,0.6000000238418579,1,0.6589999794960022,0.07075826823711395,0.26312509179115295,0.312945693731308,0.907275915145874,2.324765682220459,1.2392531633377075,-8.326673015560919e-18,,1.0,,,,,,
69 kV SPM – Boca Chica(Cementos)_b,0,ESTE CERCANO,ESTE,ESTE 69 kV,\VM-PF.IntUser\PDD 31-12-2024.IntPrj\Network Model.IntPrjfolder\Network Data.IntPrjfolder\ESTE 69 kV.ElmNet\69 kV SPM – Boca Chica(Cementos)_b.ElmLne,Tap César Iglesias,,\VM-PF.IntUser\PDD 31-12-2024.IntPrj\Network Model.IntPrjfolder\Network Data.IntPrjfolder\ESTE 69 kV.ElmNet\Tap César Iglesias.ElmTerm,Tap Destilería Brugal,,\VM-PF.IntUser\PDD 31-12-2024.IntPrj\Network Model.IntPrjfolder\Network Data.IntPrjfolder\ESTE 69 kV.ElmNet\Tap Destilería Brugal.ElmTerm,P.MADERA TP-IG 50 P/69 - 477 ACSR,TypTow,0.07999999821186066,1,0.6589999794960022,0.00943443551659584,0.0350833460688591,0.041726090013980865,0.12097011506557465,0.3099687397480011,0.16523374617099762,-1.1102229998097382e-18,,1.0,,,,,,
69 kV Derivación Sierra Prieta,0,ESTE CERCANO,ESTE,ESTE 69 kV,\VM-PF.IntUser\PDD 31-12-2024.IntPrj\Network Model.IntPrjfolder\Network Data.IntPrjfolder\ESTE 69 kV.ElmNet\69 kV Derivación Sierra Prieta.ElmLne,69 kV Sierra Prieta,,\VM-PF.IntUser\PDD 31-12-2024.IntPrj\Network Model.IntPrjfolder\Network Data.IntPrjfolder\ESTE 69 kV.ElmNet\69 kV Sierra Prieta.ElmTerm,Tap Sierra Prieta,,\VM-PF.IntUser\PDD 31-12-2024.IntPrj\Network Model.IntPrjfolder\Network Data.IntPrjfolder\ESTE 69 kV.ElmNet\Tap Sierra Prieta.ElmTerm,P.MADERA TP-IG 55 P/69 - 559 AAAC,TypTow,0.07500000298023224,1,0.6629999876022339,0.008745775558054447,0.032425109297037125,0.03900553658604622,0.11299023032188416,0.2904936969280243,0.15209609270095825,5.7245878015957084e-18,,1.0,,,,,,
69 kV Cítricos Nacionales – INCA km 22_d,0,SANTO DOMINGO,CENTRAL,CENTRAL 69 kV,\VM-PF.IntUser\PDD 31-12-2024.IntPrj\Network Model.IntPrjfolder\Network Data.IntPrjfolder\CENTRAL 69 kV.ElmNet\69 kV Cítricos Nacionales – INCA km 22_d.ElmLne,Tap Campamento 16 Agosto,,\VM-PF.IntUser\PDD 31-12-2024.IntPrj\Network Model.IntPrjfolder\Network Data.IntPrjfolder\CENTRAL 69 kV.ElmNet\Tap Campamento 16 Agosto.ElmTerm,Tap CORVI PVC,,\VM-PF.IntUser\PDD 31-12-2024.IntPrj\Network Model.IntPrjfolder\Network Data.IntPrjfolder\CENTRAL 69 kV.ElmNet\Tap CORVI PVC.ElmTerm,P.MADERA TP-IG 55 P/69 - 4/0 AAAC,TypTow,2.299999952316284,1,0.3799999952316284,0.706629753112793,1.0897517204284668,1.6345957517623901,3.560415506362915,8.15794849395752,4.45008659362793,-1.2767564518491504e-16,,1.0,,,,,,
69 kV Derivación Hato Nuevo,0,SANTO DOMINGO,CENTRAL,CENTRAL 69 kV,\VM-PF.IntUser\PDD 31-12-2024.IntPrj\Network Model.IntPrjfolder\Network Data.IntPrjfolder\CENTRAL 69 kV.ElmNet\69 kV Derivación Hato Nuevo.ElmLne,Tap Hato Nuevo,,\VM-PF.IntUser\PDD 31-12-2024.IntPrj\Network Model.IntPrjfolder\Network Data.IntPrjfolder\CENTRAL 69 kV.ElmNet\Tap Hato Nuevo.ElmTerm,69 kV Hato Nuevo,,\VM-PF.IntUser\PDD 31-12-2024.IntPrj\Network Model.IntPrjfolder\Network Data.IntPrjfolder\CENTRAL 69 kV.ElmNet\69 kV Hato Nuevo.ElmTerm,P.MADERA TP-IG 55 P/69 - 4/0 AAAC,TypTow,0.6000000238418579,1,0.3799999952316284,0.18433821201324463,0.2842830717563629,0.4264163076877594,0.9288040995597839,2.1281607151031494,1.1608922481536865,-3.3306692062243676e-17,,1.0,,,,,,
69 kV Derivación MERCASID_a,0,DISTRITO NACIONAL,CENTRAL,CENTRAL 69 kV,\VM-PF.IntUser\PDD 31-12-2024.IntPrj\Network Model.IntPrjfolder\Network Data.IntPrjfolder\CENTRAL 69 kV.ElmNet\69 kV Derivación MERCASID_a.ElmLne,Tap Petroquímica,,\VM-PF.IntUser\PDD 31-12-2024.IntPrj\Network Model.IntPrjfolder\Network Data.IntPrjfolder\CENTRAL 69 kV.ElmNet\Tap Petroquímica.ElmTerm,Tap Grupo Petroquímica,,\VM-PF.IntUser\PDD 31-12-2024.IntPrj\Network Model.IntPrjfolder\Network Data.IntPrjfolder\CENTRAL 69 kV.ElmNet\Tap Grupo Petroquímica.ElmTerm,P.MADERA TP-IG 55 P/69 - 559 AAAC,TypTow,0.20000000298023224,1,0.6629999876022339,0.02332206629216671,0.0864669531583786,0.10401476919651031,0.3013072907924652,0.7746497988700867,0.40558958053588867,1.5265566919468147e-17,,1.0,,,,,,
69 kV Arroyo Hondo – Capotillo_b,0,DISTRITO NACIONAL,CENTRAL,CENTRAL 69 kV,\VM-PF.IntUser\PDD 31-12-2024.IntPrj\Network Model.IntPrjfolder\Network Data.IntPrjfolder\CENTRAL 69 kV.ElmNet\69 kV Arroyo Hondo – Capotillo_b.ElmLne,Tap Malla,,\VM-PF.IntUser\PDD 31-12-2024.IntPrj\Network Model.IntPrjfolder\Network Data.IntPrjfolder\CENTRAL 69 kV.ElmNet\Tap Malla.ElmTerm,Tap Petroquímica,,\VM-PF.IntUser\PDD 31-12-2024.IntPrj\Network Model.IntPrjfolder\Network Data.IntPrjfolder\CENTRAL 69 kV.ElmNet\Tap Petroquímica.ElmTerm,P.MADERA TP-IG 55 P/69 - 559 AAAC,TypTow,0.1251000016927719,1,0.6629999876022339,0.014587952755391598,0.054085079580545425,0.06506123393774033,0.18846771121025085,0.48454344272613525,0.2536962926387787,9.548612340565078e-18,,1.0,,,,,,
69 kV Arroyo Hondo – Capotillo_a,0,DISTRITO NACIONAL,CENTRAL,CENTRAL 69 kV,\VM-PF.IntUser\PDD 31-12-2024.IntPrj\Network Model.IntPrjfolder\Network Data.IntPrjfolder\CENTRAL 69 kV.ElmNet\69 kV Arroyo Hondo – Capotillo_a.ElmLne,WAHONF(1),ZAHONF,\VM-PF.IntUser\PDD 31-12-2024.IntPrj\Network Model.IntPrjfolder\Network Data.IntPrjfolder\CENTRAL 138 kV.ElmNet\Arroyo Hondo.ElmSite\ZAHONF.ElmSubstat\WAHONF(1).ElmTerm,Tap Malla,,\VM-PF.IntUser\PDD 31-12-2024.IntPrj\Network Model.IntPrjfolder\Network Data.IntPrjfolder\CENTRAL 69 kV.ElmNet\Tap Malla.ElmTerm,P.MADERA TP-IG 55 P/69 - 559 AAAC,TypTow,3.3299999237060547,1,0.6629999876022339,0.3883123993873596,1.439674735069275,1.731845736503601,5.01676607131958,12.897918701171875,6.753066539764404,2.5417166464188046e-16,,1.0,,,,,,
69 kV Bayona – Palamara_c,0,SANTO DOMINGO,CENTRAL,CENTRAL 69 kV,\VM-PF.IntUser\PDD 31-12-2024.IntPrj\Network Model.IntPrjfolder\Network Data.IntPrjfolder\CENTRAL 69 kV.ElmNet\69 kV Bayona – Palamara_c.ElmLne,Tap Productos Diversos,,\VM-PF.IntUser\PDD 31-12-2024.IntPrj\Network Model.IntPrjfolder\Network Data.IntPrjfolder\CENTRAL 69 kV.ElmNet\Tap Productos Diversos.ElmTerm,Tap 1 Cabayona,,\VM-PF.IntUser\PDD 31-12-2024.IntPrj\Network Model.IntPrjfolder\Network Data.IntPrjfolder\CENTRAL 69 kV.ElmNet\Tap 1 Cabayona.ElmTerm,P.MADERA TP-IG 55 P/69 - 559 AAAC,TypTow,6.0,1,0.6629999876022339,0.6996619701385498,2.594008445739746,3.1204428672790527,9.039217948913574,23.23949432373047,12.16768741607666,4.579669976578771e-16,,1.0,,,,,,
69 kV Derivación ZF Los Alcarrizos_b,0,SANTO DOMINGO,CENTRAL,CENTRAL 69 kV,\VM-PF.IntUser\PDD 31-12-2024.IntPrj\Network Model.IntPrjfolder\Network Data.IntPrjfolder\CENTRAL 69 kV.ElmNet\69 kV Derivación ZF Los Alcarrizos_b.ElmLne,Tap 2 Cabayona,,\VM-PF.IntUser\PDD 31-12-2024.IntPrj\Network Model.IntPrjfolder\Network Data.IntPrjfolder\CENTRAL 69 kV.ElmNet\Tap 2 Cabayona.ElmTerm,Tap 1 DISDO,,\VM-PF.IntUser\PDD 31-12-2024.IntPrj\Network Model.IntPrjfolder\Network Data.IntPrjfolder\CENTRAL 69 kV.ElmNet\Tap 1 DISDO.ElmTerm,P.MADERA TP-IG 55 P/69 - 559 AAAC,TypTow,0.5699999928474426,1,0.6629999876022339,0.06646788865327835,0.24643079936504364,0.29644206166267395,0.8587257266044617,2.207751989364624,1.1559302806854248,4.3506864645149424e-17,,1.0,,,,,,
69 kV Derivación ZF Los Alcarrizos_a,0,SANTO DOMINGO,CENTRAL,CENTRAL 69 kV,\VM-PF.IntUser\PDD 31-12-2024.IntPrj\Network Model.IntPrjfolder\Network Data.IntPrjfolder\CENTRAL 69 kV.ElmNet\69 kV Derivación ZF Los Alcarrizos_a.ElmLne,Tap 1 Cabayona,,\VM-PF.IntUser\PDD 31-12-2024.IntPrj\Network Model.IntPrjfolder\Network Data.IntPrjfolder\CENTRAL 69 kV.ElmNet\Tap 1 Cabayona.ElmTerm,Tap 2 Cabayona,,\VM-PF.IntUser\PDD 31-12-2024.IntPrj\Network Model.IntPrjfolder\Network Data.IntPrjfolder\CENTRAL 69 kV.ElmNet\Tap 2 Cabayona.ElmTerm,P.MADERA TP-IG 55 P/69 - 559 AAAC,TypTow,1.9199999570846558,1,0.6629999876022339,0.22389183938503265,0.8300827145576477,0.9985417127609253,2.892549753189087,7.436637878417969,3.893659830093384,1.4654943183898237e-16,,1.0,,,,,,
69 kV Novoplast – Plastifar_a,0,SANTO DOMINGO,CENTRAL,CENTRAL 69 kV,\VM-PF.IntUser\PDD 31-12-2024.IntPrj\Network Model.IntPrjfolder\Network Data.IntPrjfolder\CENTRAL 69 kV.ElmNet\69 kV Novoplast – Plastifar_a.ElmLne,69 kV Novoplast,,\VM-PF.IntUser\PDD 31-12-2024.IntPrj\Network Model.IntPrjfolder\Network Data.IntPrjfolder\CENTRAL 69 kV.ElmNet\69 kV Novoplast.ElmTerm,Tap Novoplast,,\VM-PF.IntUser\PDD 31-12-2024.IntPrj\Network Model.IntPrjfolder\Network Data.IntPrjfolder\CENTRAL 69 kV.ElmNet\Tap Novoplast.ElmTerm,P.MADERA TVS/1C/69/1xF - 559 AAAC,TypTow,1.149999976158142,1,0.6629999876022339,0.1336507946252823,0.47777900099754333,0.5887883305549622,1.7787976264953613,4.6203999519348145,2.2515323162078857,4.388850261872424e-17,,1.0,,,,,,
69 kV Cítricos Nacionales – INCA km 22_a,0,SUR CERCANO,SUR,CENTRAL 69 kV,\VM-PF.IntUser\PDD 31-12-2024.IntPrj\Network Model.IntPrjfolder\Network Data.IntPrjfolder\CENTRAL 69 kV.ElmNet\69 kV Cítricos Nacionales – INCA km 22_a.ElmLne,Tap Cítricos Nacionales,,\VM-PF.IntUser\PDD 31-12-2024.IntPrj\Network Model.IntPrjfolder\Network Data.IntPrjfolder\CENTRAL 69 kV.ElmNet\Tap Cítricos Nacionales.ElmTerm,69 kV Cítricos Nacionales,ZCINAF,\VM-PF.IntUser\PDD 31-12-2024.IntPrj\Network Model.IntPrjfolder\Network Data.IntPrjfolder\CENTRAL 69 kV.ElmNet\ZCINAF.ElmSubstat\69 kV Cítricos Nacionales.ElmTerm,P.MADERA TP-IG 50 P/69 - 4/0 AAAC,TypTow,4.800000190734863,1,0.3799999952316284,1.4747062921524048,2.2742652893066406,3.412205696105957,7.427472114562988,17.030811309814453,9.450846672058105,5.329070729958988e-16,,1.0,,,,,,
69 kV Derivación Campamento 16 Agosto,0,SANTO DOMINGO,CENTRAL,CENTRAL 69 kV,\VM-PF.IntUser\PDD 31-12-2024.IntPrj\Network Model.IntPrjfolder\Network Data.IntPrjfolder\CENTRAL 69 kV.ElmNet\69 kV Derivación Campamento 16 Agosto.ElmLne,Tap Campamento 16 Agosto,,\VM-PF.IntUser\PDD 31-12-2024.IntPrj\Network Model.IntPrjfolder\Network Data.IntPrjfolder\CENTRAL 69 kV.ElmNet\Tap Campamento 16 Agosto.ElmTerm,69 kV Campamento 16 Agosto,,\VM-PF.IntUser\PDD 31-12-2024.IntPrj\Network Model.IntPrjfolder\Network Data.IntPrjfolder\CENTRAL 69 kV.ElmNet\69 kV Campamento 16 Agosto.ElmTerm,P.MADERA/69 TH-1G- 4/0 AAAC,TypTow,0.5519999861717224,1,0.3799999952316284,0.16980627179145813,0.2798216938972473,0.42845866084098816,0.7076627016067505,1.834842562675476,1.2739934921264648,6.128430942406142e-17,,1.0,,,,,,
69 kV Cítricos Nacionales – INCA km 22_e,0,SANTO DOMINGO,CENTRAL,CENTRAL 69 kV,\VM-PF.IntUser\PDD 31-12-2024.IntPrj\Network Model.IntPrjfolder\Network Data.IntPrjfolder\CENTRAL 69 kV.ElmNet\69 kV Cítricos Nacionales – INCA km 22_e.ElmLne,Tap CORVI PVC,,\VM-PF.IntUser\PDD 31-12-2024.IntPrj\Network Model.IntPrjfolder\Network Data.IntPrjfolder\CENTRAL 69 kV.ElmNet\Tap CORVI PVC.ElmTerm,2,ZINCAF,\VM-PF.IntUser\PDD 31-12-2024.IntPrj\Network Model.IntPrjfolder\Network Data.IntPrjfolder\CENTRAL 69 kV.ElmNet\INCA km 22.ElmSite\ZINCAF.ElmSubstat\2.ElmTerm,P.MADERA TP-IG 55 P/69 - 4/0 AAAC,TypTow,0.925000011920929,1,0.3799999952316284,0.28418806195259094,0.4382697343826294,0.6573917865753174,1.4319062232971191,3.280914306640625,1.7897088527679443,-5.134781555065798e-17,,1.0,,,,,,
69 kV Cítricos Nacionales – INCA km 22_c,0,SANTO DOMINGO,CENTRAL,CENTRAL 69 kV,\VM-PF.IntUser\PDD 31-12-2024.IntPrj\Network Model.IntPrjfolder\Network Data.IntPrjfolder\CENTRAL 69 kV.ElmNet\69 kV Cítricos Nacionales – INCA km 22_c.ElmLne,Tap Campamento 16 Agosto,,\VM-PF.IntUser\PDD 31-12-2024.IntPrj\Network Model.IntPrjfolder\Network Data.IntPrjfolder\CENTRAL 69 kV.ElmNet\Tap Campamento 16 Agosto.ElmTerm,Tap Parque Caribbean Glass,,\VM-PF.IntUser\PDD 31-12-2024.IntPrj\Network Model.IntPrjfolder\Network Data.IntPrjfolder\CENTRAL 69 kV.ElmNet\Tap Parque Caribbean Glass.ElmTerm,P.MADERA/69 TH-1G- 4/0 AAAC,TypTow,1.5700000524520874,1,0.3799999952316284,0.48296353220939636,0.7958697080612183,1.218623399734497,2.0127363204956055,5.21866512298584,3.6234960556030273,1.743050206895011e-16,,1.0,,,,,,
69 kV Derivación Ciudad Satélite,0,SANTO DOMINGO,CENTRAL,CENTRAL 69 kV,\VM-PF.IntUser\PDD 31-12-2024.IntPrj\Network Model.IntPrjfolder\Network Data.IntPrjfolder\CENTRAL 69 kV.ElmNet\69 kV Derivación Ciudad Satélite.ElmLne,Tap Ciudad Satélite,,\VM-PF.IntUser\PDD 31-12-2024.IntPrj\Network Model.IntPrjfolder\Network Data.IntPrjfolder\CENTRAL 69 kV.ElmNet\Tap Ciudad Satélite.ElmTerm,69 kV Ciudad Satélite,,\VM-PF.IntUser\PDD 31-12-2024.IntPrj\Network Model.IntPrjfolder\Network Data.IntPrjfolder\CENTRAL 69 kV.ElmNet\69 kV Ciudad Satélite.ElmTerm,P.MADERA TP-IG 50 P/69 - 559 AAAC,TypTow,0.17900000512599945,1,0.6629999876022339,0.020862096920609474,0.07635238766670227,0.09379719942808151,0.27110230922698975,0.7029175758361816,0.3666799068450928,-4.968248177472641e-18,,1.0,,,,,,
69 kV Metropolitano – Listín Diario_d,0,DISTRITO NACIONAL,CENTRAL,CENTRAL 69 kV,\VM-PF.IntUser\PDD 31-12-2024.IntPrj\Network Model.IntPrjfolder\Network Data.IntPrjfolder\CENTRAL 69 kV.ElmNet\69 kV Metropolitano – Listín Diario_d.ElmLne,Tap Banco Popular,,\VM-PF.IntUser\PDD 31-12-2024.IntPrj\Network Model.IntPrjfolder\Network Data.IntPrjfolder\CENTRAL 69 kV.ElmNet\Tap Banco Popular.ElmTerm,69 kV Listín Diario,,\VM-PF.IntUser\PDD 31-12-2024.IntPrj\Network Model.IntPrjfolder\Network Data.IntPrjfolder\CENTRAL 69 kV.ElmNet\69 kV Listín Diario.ElmTerm,P.CONCRETO TVS-1/1C/69/1xF - 4/0 AAAC,TypTow,0.15000000596046448,1,0.3799999952316284,0.046093109995126724,0.06971758604049683,0.1034274622797966,0.23743943870067596,0.5458486080169678,0.2790614068508148,-2.0816682538902298e-18,,1.0,,,,,,
69 kV Derivación Oleoducto FALCONDO,0,SUR CERCANO,SUR,CENTRAL 69 kV,\VM-PF.IntUser\PDD 31-12-2024.IntPrj\Network Model.IntPrjfolder\Network Data.IntPrjfolder\CENTRAL 69 kV.ElmNet\69 kV Derivación Oleoducto FALCONDO.ElmLne,Tap Oleoducto FALCONDO,,\VM-PF.IntUser\PDD 31-12-2024.IntPrj\Network Model.IntPrjfolder\Network Data.IntPrjfolder\CENTRAL 69 kV.ElmNet\Tap Oleoducto FALCONDO.ElmTerm,69 kV Oleoducto FALCONDO,,\VM-PF.IntUser\PDD 31-12-2024.IntPrj\Network Model.IntPrjfolder\Network Data.IntPrjfolder\CENTRAL 69 kV.ElmNet\69 kV Oleoducto FALCONDO.ElmTerm,P.MADERA TP-IG 50 P/69 - 2/0 AAAC,TypTow,0.800000011920929,1,0.2849999964237213,0.39040035009384155,0.3931727111339569,0.7133169174194336,1.2520405054092407,2.731142997741699,1.5415540933609009,3.3306692062243676e-17,,1.0,,,,,,
69 kV Derivación Cervecería Bohemia,0,SANTO DOMINGO,CENTRAL,CENTRAL 69 kV,\VM-PF.IntUser\PDD 31-12-2024.IntPrj\Network Model.IntPrjfolder\Network Data.IntPrjfolder\CENTRAL 69 kV.ElmNet\69 kV Derivación Cervecería Bohemia.ElmLne,Tap Bohemia,,\VM-PF.IntUser\PDD 31-12-2024.IntPrj\Network Model.IntPrjfolder\Network Data.IntPrjfolder\CENTRAL 69 kV.ElmNet\Tap Bohemia.ElmTerm,69 kV Cervecería Bohemia,,\VM-PF.IntUser\PDD 31-12-2024.IntPrj\Network Model.IntPrjfolder\Network Data.IntPrjfolder\CENTRAL 69 kV.ElmNet\69 kV Cervecería Bohemia.ElmTerm,P.MADERA TP-IG 55 P/69 - 477 ACSR,TypTow,0.8999999761581421,1,0.6589999794960022,0.10613729059696198,0.3946874737739563,0.46925443410873413,1.3614689111709595,3.485924005508423,1.8251529932022095,6.86950470017036e-17,,1.0,,,,,,
69 kV Derivación CAASD Bayona 2,0,SUR CERCANO,SUR,CENTRAL 69 kV,\VM-PF.IntUser\PDD 31-12-2024.IntPrj\Network Model.IntPrjfolder\Network Data.IntPrjfolder\CENTRAL 69 kV.ElmNet\69 kV Derivación CAASD Bayona 2.ElmLne,Tap CAASD Bayona,,\VM-PF.IntUser\PDD 31-12-2024.IntPrj\Network Model.IntPrjfolder\Network Data.IntPrjfolder\CENTRAL 69 kV.ElmNet\Tap CAASD Bayona.ElmTerm,69 kV CAASD Bayona 2,,\VM-PF.IntUser\PDD 31-12-2024.IntPrj\Network Model.IntPrjfolder\Network Data.IntPrjfolder\CENTRAL 69 kV.ElmNet\69 kV CAASD Bayona 2.ElmTerm,P.MADERA TP-IG 55 P/69 - 559 AAAC,TypTow,0.0010000000474974513,1,0.6629999876022339,0.00011661033931886777,0.00043233478209003806,0.0005200738669373095,0.0015065365005284548,0.003873249050229788,0.002027947921305895,7.632783899173774e-20,,1.0,,,,,,
69 kV Metropolitano – Listín Diario_c,0,DISTRITO NACIONAL,CENTRAL,CENTRAL 69 kV,\VM-PF.IntUser\PDD 31-12-2024.IntPrj\Network Model.IntPrjfolder\Network Data.IntPrjfolder\CENTRAL 69 kV.ElmNet\69 kV Metropolitano – Listín Diario_c.ElmLne,Tap Haché,,\VM-PF.IntUser\PDD 31-12-2024.IntPrj\Network Model.IntPrjfolder\Network Data.IntPrjfolder\CENTRAL 69 kV.ElmNet\Tap Haché.ElmTerm,Tap Banco Popular,,\VM-PF.IntUser\PDD 31-12-2024.IntPrj\Network Model.IntPrjfolder\Network Data.IntPrjfolder\CENTRAL 69 kV.ElmNet\Tap Banco Popular.ElmTerm,P.CONCRETO TVS-1/1C/69/1xF - 4/0 AAAC,TypTow,1.1430000066757202,1,0.3799999952316284,0.3512294888496399,0.5312479734420776,0.7881172895431519,1.8092883825302124,4.159366607666016,2.126447916030884,-1.5862311556976153e-17,,1.0,,,,,,
69 kV Bayona – CAASD Bayona_a,0,SANTO DOMINGO,CENTRAL,CENTRAL 69 kV,\VM-PF.IntUser\PDD 31-12-2024.IntPrj\Network Model.IntPrjfolder\Network Data.IntPrjfolder\CENTRAL 69 kV.ElmNet\69 kV Bayona – CAASD Bayona_a.ElmLne,2,ZBAYOF,\VM-PF.IntUser\PDD 31-12-2024.IntPrj\Network Model.IntPrjfolder\Network Data.IntPrjfolder\CENTRAL 69 kV.ElmNet\ZBAYOF.ElmSubstat\2.ElmTerm,Tap CAASD Bayona,,\VM-PF.IntUser\PDD 31-12-2024.IntPrj\Network Model.IntPrjfolder\Network Data.IntPrjfolder\CENTRAL 69 kV.ElmNet\Tap CAASD Bayona.ElmTerm,P.MADERA TP-IG 55 P/69 - 559 AAAC,TypTow,0.6499999761581421,1,0.6629999876022339,0.0757967159152031,0.28101757168769836,0.33804798126220703,0.9792486429214478,2.5176117420196533,1.3181661367416382,4.961308876595872e-17,,1.0,,,,,,
69 kV Derivación Grupo Haché,0,DISTRITO NACIONAL,CENTRAL,CENTRAL 69 kV,\VM-PF.IntUser\PDD 31-12-2024.IntPrj\Network Model.IntPrjfolder\Network Data.IntPrjfolder\CENTRAL 69 kV.ElmNet\69 kV Derivación Grupo Haché.ElmLne,69 kV Grupo Haché,,\VM-PF.IntUser\PDD 31-12-2024.IntPrj\Network Model.IntPrjfolder\Network Data.IntPrjfolder\CENTRAL 69 kV.ElmNet\69 kV Grupo Haché.ElmTerm,Tap Haché,,\VM-PF.IntUser\PDD 31-12-2024.IntPrj\Network Model.IntPrjfolder\Network Data.IntPrjfolder\CENTRAL 69 kV.ElmNet\Tap Haché.ElmTerm,P.MADERA TVS/1C/69/1xF - 4/0 AAAC,TypTow,0.5899999737739563,1,0.3799999952316284,0.18103447556495667,0.2695888876914978,0.41453978419303894,0.9370680451393127,2.1643974781036377,1.103879451751709,-6.550315554120848e-17,,1.0,,,,,,
69 kV Metropolitano – Listín Diario_b,0,DISTRITO NACIONAL,CENTRAL,CENTRAL 69 kV,\VM-PF.IntUser\PDD 31-12-2024.IntPrj\Network Model.IntPrjfolder\Network Data.IntPrjfolder\CENTRAL 69 kV.ElmNet\69 kV Metropolitano – Listín Diario_b.ElmLne,Tap CODETEL,,\VM-PF.IntUser\PDD 31-12-2024.IntPrj\Network Model.IntPrjfolder\Network Data.IntPrjfolder\CENTRAL 69 kV.ElmNet\Tap CODETEL.ElmTerm,Tap Haché,,\VM-PF.IntUser\PDD 31-12-2024.IntPrj\Network Model.IntPrjfolder\Network Data.IntPrjfolder\CENTRAL 69 kV.ElmNet\Tap Haché.ElmTerm,P.CONCRETO TVS-1/1C/69/1xF - 559 AAAC,TypTow,0.28299999237060547,1,0.6629999876022339,0.0330168679356575,0.1197977215051651,0.14118768274784088,0.43623292446136475,1.12769615650177,0.5509371757507324,0.0,,1.0,,,,,,
69 kV Hainamosa – Boca Chica(Tamarindo)b,0,SANTO DOMINGO,CENTRAL,CENTRAL 69 kV,\VM-PF.IntUser\PDD 31-12-2024.IntPrj\Network Model.IntPrjfolder\Network Data.IntPrjfolder\CENTRAL 69 kV.ElmNet\69 kV Hainamosa – Boca Chica(Tamarindo)b.ElmLne,Tap Tamarindo,,\VM-PF.IntUser\PDD 31-12-2024.IntPrj\Network Model.IntPrjfolder\Network Data.IntPrjfolder\CENTRAL 69 kV.ElmNet\Tap Tamarindo.ElmTerm,Tap Acueducto Oriental,,\VM-PF.IntUser\PDD 31-12-2024.IntPrj\Network Model.IntPrjfolder\Network Data.IntPrjfolder\CENTRAL 69 kV.ElmNet\Tap Acueducto Oriental.ElmTerm,P.MADERA TP-IG 50 P/69 - 559 AAAC,TypTow,2.380000114440918,1,0.6629999876022339,0.27738431096076965,1.015188217163086,1.2471359968185425,3.604600429534912,9.346055030822754,4.87540864944458,-6.605827314157037e-17,,1.0,,,,,,
69 kV Derivación Acueducto Oriental,0,SANTO DOMINGO,CENTRAL,CENTRAL 69 kV,\VM-PF.IntUser\PDD 31-12-2024.IntPrj\Network Model.IntPrjfolder\Network Data.IntPrjfolder\CENTRAL 69 kV.ElmNet\69 kV Derivación Acueducto Oriental.ElmLne,Tap Acueducto Oriental,,\VM-PF.IntUser\PDD 31-12-2024.IntPrj\Network Model.IntPrjfolder\Network Data.IntPrjfolder\CENTRAL 69 kV.ElmNet\Tap Acueducto Oriental.ElmTerm,69 kV Acueducto Oriental,,\VM-PF.IntUser\PDD 31-12-2024.IntPrj\Network Model.IntPrjfolder\Network Data.IntPrjfolder\CENTRAL 69 kV.ElmNet\69 kV Acueducto Oriental.ElmTerm,P.MADERA TP-IG 55 P/69 - 559 AAAC,TypTow,3.9800000190734863,1,0.6629999876022339,0.4641091227531433,1.7206922769546509,2.0698938369750977,5.9960150718688965,15.415531158447266,8.071232795715332,3.03784766642729e-16,,1.0,,,,,,
69 kV Dajao – Sabana Perdida_a,0,SANTO DOMINGO,CENTRAL,CENTRAL 69 kV,\VM-PF.IntUser\PDD 31-12-2024.IntPrj\Network Model.IntPrjfolder\Network Data.IntPrjfolder\CENTRAL 69 kV.ElmNet\69 kV Dajao – Sabana Perdida_a.ElmLne,WDJAOF(11),ZDJAOF,\VM-PF.IntUser\PDD 31-12-2024.IntPrj\Network Model.IntPrjfolder\Network Data.IntPrjfolder\CENTRAL 138 kV.ElmNet\Dajao.ElmSite\ZDJAOF.ElmSubstat\WDJAOF(11).ElmTerm,Tap Terminal Dajao,Dajao,\VM-PF.IntUser\PDD 31-12-2024.IntPrj\Network Model.IntPrjfolder\Network Data.IntPrjfolder\CENTRAL 138 kV.ElmNet\Dajao.ElmSite\Tap Terminal Dajao.ElmTerm,P.MADERA TVS-1/1C/69/2xF - 559 AAAC,TypTow,0.2199999988079071,1,1.3259999752044678,0.012927723117172718,0.06146080046892166,0.09701810777187347,0.30745282769203186,1.3301578760147095,0.513942301273346,-4.884981281880909e-17,,1.0,,,,,,
69 kV Los Mina – Templástica_a,0,SANTO DOMINGO,CENTRAL,CENTRAL 69 kV,\VM-PF.IntUser\PDD 31-12-2024.IntPrj\Network Model.IntPrjfolder\Network Data.IntPrjfolder\CENTRAL 69 kV.ElmNet\69 kV Los Mina – Templástica_a.ElmLne,Tap Megacentro,,\VM-PF.IntUser\PDD 31-12-2024.IntPrj\Network Model.IntPrjfolder\Network Data.IntPrjfolder\CENTRAL 69 kV.ElmNet\Tap Megacentro.ElmTerm,3,ZLMINF,\VM-PF.IntUser\PDD 31-12-2024.IntPrj\Network Model.IntPrjfolder\Network Data.IntPrjfolder\CENTRAL 69 kV.ElmNet\ZLMINF.ElmSubstat\3.ElmTerm,P.MADERA TP-IG 55 P/69 - 559 AAAC,TypTow,0.5519999861717224,1,0.6629999876022339,0.06436890363693237,0.23864877223968506,0.2870807349681854,0.8316080570220947,2.138033390045166,1.11942720413208,4.213296396981315e-17,,1.0,,,,,,
69 kV Derivación Megacentro,0,SANTO DOMINGO,CENTRAL,CENTRAL 69 kV,\VM-PF.IntUser\PDD 31-12-2024.IntPrj\Network Model.IntPrjfolder\Network Data.IntPrjfolder\CENTRAL 69 kV.ElmNet\69 kV Derivación Megacentro.ElmLne,Tap Megacentro,,\VM-PF.IntUser\PDD 31-12-2024.IntPrj\Network Model.IntPrjfolder\Network Data.IntPrjfolder\CENTRAL 69 kV.ElmNet\Tap Megacentro.ElmTerm,69 kV Megacentro,,\VM-PF.IntUser\PDD 31-12-2024.IntPrj\Network Model.IntPrjfolder\Network Data.IntPrjfolder\CENTRAL 69 kV.ElmNet\69 kV Megacentro.ElmTerm,P.MADERA TVS-1/1C/69/1xF - 559 AAAC,TypTow,2.200000047683716,1,0.6629999876022339,0.25666823983192444,0.931289792060852,1.0975720882415771,3.3912100791931152,8.766542434692383,4.282904148101807,0.0,,1.0,,,,,,
69 kV Derivación Grupo Alaska,0,SANTO DOMINGO,CENTRAL,CENTRAL 69 kV,\VM-PF.IntUser\PDD 31-12-2024.IntPrj\Network Model.IntPrjfolder\Network Data.IntPrjfolder\CENTRAL 69 kV.ElmNet\69 kV Derivación Grupo Alaska.ElmLne,Tap Grupo Alaska,,\VM-PF.IntUser\PDD 31-12-2024.IntPrj\Network Model.IntPrjfolder\Network Data.IntPrjfolder\CENTRAL 69 kV.ElmNet\Tap Grupo Alaska.ElmTerm,69 kV Grupo Alaska,,\VM-PF.IntUser\PDD 31-12-2024.IntPrj\Network Model.IntPrjfolder\Network Data.IntPrjfolder\CENTRAL 69 kV.ElmNet\69 kV Grupo Alaska.ElmTerm,P.MADERA TP-IG 55 P/69 - 4/0 AAAC,TypTow,0.32499998807907104,1,0.3799999952316284,0.09984985738992691,0.15398664772510529,0.23097549378871918,0.50310218334198,1.1527535915374756,0.6288166046142578,-1.8041123488414304e-17,,1.0,,,,,,
69 kV Los Mina – Templástica_b,0,SANTO DOMINGO,CENTRAL,CENTRAL 69 kV,\VM-PF.IntUser\PDD 31-12-2024.IntPrj\Network Model.IntPrjfolder\Network Data.IntPrjfolder\CENTRAL 69 kV.ElmNet\69 kV Los Mina – Templástica_b.ElmLne,Tap Megacentro,,\VM-PF.IntUser\PDD 31-12-2024.IntPrj\Network Model.IntPrjfolder\Network Data.IntPrjfolder\CENTRAL 69 kV.ElmNet\Tap Megacentro.ElmTerm,Tap Tamara,,\VM-PF.IntUser\PDD 31-12-2024.IntPrj\Network Model.IntPrjfolder\Network Data.IntPrjfolder\CENTRAL 69 kV.ElmNet\Tap Tamara.ElmTerm,P.MADERA TP-IG 55 P/69 - 559 AAAC,TypTow,0.25999999046325684,1,0.6629999876022339,0.03031868487596512,0.11240702867507935,0.13521918654441833,0.3916994333267212,1.0070446729660034,0.5272664427757263,1.9845235837255734e-17,,1.0,,,,,,
69 kV Los Mina – Templástica_c,0,SANTO DOMINGO,CENTRAL,CENTRAL 69 kV,\VM-PF.IntUser\PDD 31-12-2024.IntPrj\Network Model.IntPrjfolder\Network Data.IntPrjfolder\CENTRAL 69 kV.ElmNet\69 kV Los Mina – Templástica_c.ElmLne,69 kV Templastisa,,\VM-PF.IntUser\PDD 31-12-2024.IntPrj\Network Model.IntPrjfolder\Network Data.IntPrjfolder\CENTRAL 69 kV.ElmNet\69 kV Templastisa.ElmTerm,Tap Tamara,,\VM-PF.IntUser\PDD 31-12-2024.IntPrj\Network Model.IntPrjfolder\Network Data.IntPrjfolder\CENTRAL 69 kV.ElmNet\Tap Tamara.ElmTerm,P.MADERA TP-IG 55 P/69 - 4/0 AAAC,TypTow,0.3499999940395355,1,0.3799999952316284,0.1075306162238121,0.1658317893743515,0.24874283373355865,0.5418023467063904,1.241426944732666,0.6771871447563171,-1.9428902600067994e-17,,1.0,,,,,,
69 kV Invivienda – Villa Duarte_b,0,SANTO DOMINGO,CENTRAL,CENTRAL 69 kV,\VM-PF.IntUser\PDD 31-12-2024.IntPrj\Network Model.IntPrjfolder\Network Data.IntPrjfolder\CENTRAL 69 kV.ElmNet\69 kV Invivienda – Villa Duarte_b.ElmLne,Tap Gomas Y Plásticos,,\VM-PF.IntUser\PDD 31-12-2024.IntPrj\Network Model.IntPrjfolder\Network Data.IntPrjfolder\CENTRAL 69 kV.ElmNet\Tap Gomas Y Plásticos.ElmTerm,Tap Invivienda,,\VM-PF.IntUser\PDD 31-12-2024.IntPrj\Network Model.IntPrjfolder\Network Data.IntPrjfolder\CENTRAL 69 kV.ElmNet\Tap Invivienda.ElmTerm,P.MADERA TP-IG 55 P/69 - 559 AAAC,TypTow,1.5299999713897705,1,0.6629999876022339,0.17841380834579468,0.6614721417427063,0.795712947845459,2.3050005435943604,5.926070690155029,3.1027603149414062,1.1678158387336306e-16,,1.0,,,,,,
69 kV Los Mina – Timbeque,0,SANTO DOMINGO,CENTRAL,CENTRAL 69 kV,\VM-PF.IntUser\PDD 31-12-2024.IntPrj\Network Model.IntPrjfolder\Network Data.IntPrjfolder\CENTRAL 69 kV.ElmNet\69 kV Los Mina – Timbeque.ElmLne,2,ZLMINF,\VM-PF.IntUser\PDD 31-12-2024.IntPrj\Network Model.IntPrjfolder\Network Data.IntPrjfolder\CENTRAL 69 kV.ElmNet\ZLMINF.ElmSubstat\2.ElmTerm,1,ZTIMBF,\VM-PF.IntUser\PDD 31-12-2024.IntPrj\Network Model.IntPrjfolder\Network Data.IntPrjfolder\CENTRAL 69 kV.ElmNet\ZTIMBF.ElmSubstat\1.ElmTerm,P.CONCRETO TVS-1/1C/69/1xF - 559 AAAC,TypTow,6.320000171661377,1,0.6629999876022339,0.7373378276824951,2.6753416061401367,3.1530253887176514,9.742022514343262,25.183887481689453,12.30361557006836,0.0,,1.0,,,,,,
69 kV Despacho – Timbeque,0,DISTRITO NACIONAL,CENTRAL,CENTRAL 69 kV,\VM-PF.IntUser\PDD 31-12-2024.IntPrj\Network Model.IntPrjfolder\Network Data.IntPrjfolder\CENTRAL 69 kV.ElmNet\69 kV Despacho – Timbeque.ElmLne,5,ZTIMBF,\VM-PF.IntUser\PDD 31-12-2024.IntPrj\Network Model.IntPrjfolder\Network Data.IntPrjfolder\CENTRAL 69 kV.ElmNet\ZTIMBF.ElmSubstat\5.ElmTerm,69 kV Despacho,ZDESPF,\VM-PF.IntUser\PDD 31-12-2024.IntPrj\Network Model.IntPrjfolder\Network Data.IntPrjfolder\CENTRAL 69 kV.ElmNet\ZDESPF.ElmSubstat\69 kV Despacho.ElmTerm,P.MADERA TP-IG 50 P/69 - 4/0 CU,TypTow,0.09399999678134918,1,0.47999998927116394,0.017817741259932518,0.04453739896416664,0.05576043576002121,0.14545434713363647,0.3335200250148773,0.18507906794548035,1.0436096074134447e-17,,1.0,,,,,,
69 kV Capotillo – Timbeque,0,DISTRITO NACIONAL,CENTRAL,CENTRAL 69 kV,\VM-PF.IntUser\PDD 31-12-2024.IntPrj\Network Model.IntPrjfolder\Network Data.IntPrjfolder\CENTRAL 69 kV.ElmNet\69 kV Capotillo – Timbeque.ElmLne,6,ZTIMBF,\VM-PF.IntUser\PDD 31-12-2024.IntPrj\Network Model.IntPrjfolder\Network Data.IntPrjfolder\CENTRAL 69 kV.ElmNet\ZTIMBF.ElmSubstat\6.ElmTerm,2,ZCAPOF,\VM-PF.IntUser\PDD 31-12-2024.IntPrj\Network Model.IntPrjfolder\Network Data.IntPrjfolder\CENTRAL 69 kV.ElmNet\ZCAPOF.ElmSubstat\2.ElmTerm,P.MADERA TP-IG 55 P/69 - 559 AAAC,TypTow,3.569999933242798,1,0.6629999876022339,0.41629886627197266,1.5434350967407227,1.856663465499878,5.378334999084473,13.827498435974121,7.239773750305176,2.724903667828104e-16,,1.0,,,,,,
69 kV Dajao – Sabana Perdida_b,0,SANTO DOMINGO,CENTRAL,CENTRAL 69 kV,\VM-PF.IntUser\PDD 31-12-2024.IntPrj\Network Model.IntPrjfolder\Network Data.IntPrjfolder\CENTRAL 69 kV.ElmNet\69 kV Dajao – Sabana Perdida_b.ElmLne,Tap Terminal Dajao,Dajao,\VM-PF.IntUser\PDD 31-12-2024.IntPrj\Network Model.IntPrjfolder\Network Data.IntPrjfolder\CENTRAL 138 kV.ElmNet\Dajao.ElmSite\Tap Terminal Dajao.ElmTerm,69 kV Sabana Perdida,,\VM-PF.IntUser\PDD 31-12-2024.IntPrj\Network Model.IntPrjfolder\Network Data.IntPrjfolder\CENTRAL 69 kV.ElmNet\69 kV Sabana Perdida.ElmTerm,P.MADERA TP-IG 55 P/69 - 559 AAAC,TypTow,4.949999809265137,1,0.6629999876022339,0.5772210955619812,2.140056848526001,2.5743653774261475,7.45735502243042,19.17258071899414,10.038341522216797,3.778227518919249e-16,,1.0,,,,,,
69 kV Boca Chica – Mata de Palma_c,1,SANTO DOMINGO,CENTRAL,CENTRAL 69 kV,\VM-PF.IntUser\PDD 31-12-2024.IntPrj\Network Model.IntPrjfolder\Network Data.IntPrjfolder\CENTRAL 69 kV.ElmNet\69 kV Boca Chica – Mata de Palma_c.ElmLne,Tap 2 Kilómetro 24,,\VM-PF.IntUser\PDD 31-12-2024.IntPrj\Network Model.IntPrjfolder\Network Data.IntPrjfolder\CENTRAL 69 kV.ElmNet\Tap 2 Kilómetro 24.ElmTerm,Tap 1 Kilómetro 24,,\VM-PF.IntUser\PDD 31-12-2024.IntPrj\Network Model.IntPrjfolder\Network Data.IntPrjfolder\CENTRAL 69 kV.ElmNet\Tap 1 Kilómetro 24.ElmTerm,P.MADERA TP-IG 50 P/69 - 559 AAAC,TypTow,4.71999979019165,1,0.6629999876022339,0.5501066446304321,2.0133142471313477,2.473311424255371,7.148618698120117,18.535032272338867,9.668876647949219,-1.3100631108241696e-16,,1.0,,,,,,
69 kV INCA km 22 – Palamara_a,0,SANTO DOMINGO,CENTRAL,CENTRAL 69 kV,\VM-PF.IntUser\PDD 31-12-2024.IntPrj\Network Model.IntPrjfolder\Network Data.IntPrjfolder\CENTRAL 69 kV.ElmNet\69 kV INCA km 22 – Palamara_a.ElmLne,Tap Ciudad Satélite,,\VM-PF.IntUser\PDD 31-12-2024.IntPrj\Network Model.IntPrjfolder\Network Data.IntPrjfolder\CENTRAL 69 kV.ElmNet\Tap Ciudad Satélite.ElmTerm,69 kV INCA km 22,ZINCAF,\VM-PF.IntUser\PDD 31-12-2024.IntPrj\Network Model.IntPrjfolder\Network Data.IntPrjfolder\CENTRAL 69 kV.ElmNet\INCA km 22.ElmSite\ZINCAF.ElmSubstat\69 kV INCA km 22.ElmTerm,P.MADERA TP-IG 50 P/69 - 559 AAAC,TypTow,0.35199999809265137,1,0.6629999876022339,0.04102490469813347,0.15014547109603882,0.18445035815238953,0.5331173539161682,1.382273554801941,0.721068799495697,-9.769962563761818e-18,,1.0,,,,,,
69 kV Boca Chica – La Caleta,1,SANTO DOMINGO,CENTRAL,CENTRAL 69 kV,\VM-PF.IntUser\PDD 31-12-2024.IntPrj\Network Model.IntPrjfolder\Network Data.IntPrjfolder\CENTRAL 69 kV.ElmNet\69 kV Boca Chica – La Caleta.ElmLne,Tap 2 Kilómetro 24,,\VM-PF.IntUser\PDD 31-12-2024.IntPrj\Network Model.IntPrjfolder\Network Data.IntPrjfolder\CENTRAL 69 kV.ElmNet\Tap 2 Kilómetro 24.ElmTerm,Tap 1 La Caleta,,\VM-PF.IntUser\PDD 31-12-2024.IntPrj\Network Model.IntPrjfolder\Network Data.IntPrjfolder\CENTRAL 69 kV.ElmNet\Tap 1 La Caleta.ElmTerm,P.MADERA TP-IG 50 P/69 - 559 AAAC,TypTow,8.529999732971191,1,0.6629999876022339,0.9941546320915222,3.6384682655334473,4.4697771072387695,12.919008255004883,33.4965705871582,17.4736270904541,-2.3675505258977634e-16,,1.0,,,,,,
69 kV Boca Chica – ZF Las Americas_d,0,SANTO DOMINGO,CENTRAL,CENTRAL 69 kV,\VM-PF.IntUser\PDD 31-12-2024.IntPrj\Network Model.IntPrjfolder\Network Data.IntPrjfolder\CENTRAL 69 kV.ElmNet\69 kV Boca Chica – ZF Las Americas_d.ElmLne,Tap 1 La Caleta,,\VM-PF.IntUser\PDD 31-12-2024.IntPrj\Network Model.IntPrjfolder\Network Data.IntPrjfolder\CENTRAL 69 kV.ElmNet\Tap 1 La Caleta.ElmTerm,Tap 2 La Caleta,,\VM-PF.IntUser\PDD 31-12-2024.IntPrj\Network Model.IntPrjfolder\Network Data.IntPrjfolder\CENTRAL 69 kV.ElmNet\Tap 2 La Caleta.ElmTerm,P.MADERA TP-IG 50 P/69 - 559 AAAC,TypTow,0.4292300045490265,1,0.6629999876022339,0.05002591013908386,0.18308790028095245,0.224919393658638,0.6500851511955261,1.6855491399765015,0.8792737722396851,-1.1913525847757247e-17,,1.0,,,,,,
69 kV Derivación Parque Cibernético,0,SANTO DOMINGO,CENTRAL,CENTRAL 69 kV,\VM-PF.IntUser\PDD 31-12-2024.IntPrj\Network Model.IntPrjfolder\Network Data.IntPrjfolder\CENTRAL 69 kV.ElmNet\69 kV Derivación Parque Cibernético.ElmLne,Tap 2 Parque Cibernético,,\VM-PF.IntUser\PDD 31-12-2024.IntPrj\Network Model.IntPrjfolder\Network Data.IntPrjfolder\CENTRAL 69 kV.ElmNet\Tap 2 Parque Cibernético.ElmTerm,69 kV Parque Cibernético,,\VM-PF.IntUser\PDD 31-12-2024.IntPrj\Network Model.IntPrjfolder\Network Data.IntPrjfolder\CENTRAL 69 kV.ElmNet\69 kV Parque Cibernético.ElmTerm,P.MADERA TVS-1/1C/69/1xF - 559 AAAC,TypTow,0.02800000086426735,1,0.6629999876022339,0.003266686573624611,0.011852779425680637,0.013969099149107933,0.043160855770111084,0.11157418042421341,0.054509688168764114,0.0,,1.0,,,,,,
69 kV Boca Chica – ZF Las Americas_b,0,SANTO DOMINGO,CENTRAL,CENTRAL 69 kV,\VM-PF.IntUser\PDD 31-12-2024.IntPrj\Network Model.IntPrjfolder\Network Data.IntPrjfolder\CENTRAL 69 kV.ElmNet\69 kV Boca Chica – ZF Las Americas_b.ElmLne,Tap 2 Parque Cibernético,,\VM-PF.IntUser\PDD 31-12-2024.IntPrj\Network Model.IntPrjfolder\Network Data.IntPrjfolder\CENTRAL 69 kV.ElmNet\Tap 2 Parque Cibernético.ElmTerm,Tap 1 Parque Cibernético,,\VM-PF.IntUser\PDD 31-12-2024.IntPrj\Network Model.IntPrjfolder\Network Data.IntPrjfolder\CENTRAL 69 kV.ElmNet\Tap 1 Parque Cibernético.ElmTerm,P.MADERA TVS-1/1C/69/1xF - 559 AAAC,TypTow,2.4000000953674316,1,0.6629999876022339,0.280001699924469,1.015952467918396,1.1973514556884766,3.6995019912719727,9.563501358032227,4.6722588539123535,0.0,,1.0,,,,,,
69 kV Derivación ZF Gildan,0,SANTO DOMINGO,CENTRAL,CENTRAL 69 kV,\VM-PF.IntUser\PDD 31-12-2024.IntPrj\Network Model.IntPrjfolder\Network Data.IntPrjfolder\CENTRAL 69 kV.ElmNet\69 kV Derivación ZF Gildan.ElmLne,Tap Mata de Palma,,\VM-PF.IntUser\PDD 31-12-2024.IntPrj\Network Model.IntPrjfolder\Network Data.IntPrjfolder\CENTRAL 69 kV.ElmNet\Tap Mata de Palma.ElmTerm,69 kV ZF Gildan,,\VM-PF.IntUser\PDD 31-12-2024.IntPrj\Network Model.IntPrjfolder\Network Data.IntPrjfolder\CENTRAL 69 kV.ElmNet\69 kV ZF Gildan.ElmTerm,P.MADERA TP-IG 50 P/69 - 559 AAAC,TypTow,0.5,1,0.6629999876022339,0.05827401578426361,0.21327482163906097,0.2620033323764801,0.7572689652442932,1.9634568691253662,1.0242455005645752,-1.3877787807814457e-17,,1.0,,,,,,
69 kV Boca Chica – Mata de Palma_g,0,SANTO DOMINGO,CENTRAL,CENTRAL 69 kV,\VM-PF.IntUser\PDD 31-12-2024.IntPrj\Network Model.IntPrjfolder\Network Data.IntPrjfolder\CENTRAL 69 kV.ElmNet\69 kV Boca Chica – Mata de Palma_g.ElmLne,Tap Mata de Palma,,\VM-PF.IntUser\PDD 31-12-2024.IntPrj\Network Model.IntPrjfolder\Network Data.IntPrjfolder\CENTRAL 69 kV.ElmNet\Tap Mata de Palma.ElmTerm,Tap Guerra,,\VM-PF.IntUser\PDD 31-12-2024.IntPrj\Network Model.IntPrjfolder\Network Data.IntPrjfolder\CENTRAL 69 kV.ElmNet\Tap Guerra.ElmTerm,P.MADERA TP-IG 50 P/69 - 559 AAAC,TypTow,8.600000381469727,1,0.6629999876022339,1.0023131370544434,3.6683268547058105,4.506457805633545,13.025026321411133,33.77145767211914,17.617023468017578,-2.386979608823205e-16,,1.0,,,,,,
69 kV Derivación Acueducto Brujela_b,0,SANTO DOMINGO,CENTRAL,CENTRAL 69 kV,\VM-PF.IntUser\PDD 31-12-2024.IntPrj\Network Model.IntPrjfolder\Network Data.IntPrjfolder\CENTRAL 69 kV.ElmNet\69 kV Derivación Acueducto Brujela_b.ElmLne,Tap Acueducto Brujuelas,,\VM-PF.IntUser\PDD 31-12-2024.IntPrj\Network Model.IntPrjfolder\Network Data.IntPrjfolder\CENTRAL 69 kV.ElmNet\Tap Acueducto Brujuelas.ElmTerm,69 kV Acueducto Brujuela,,\VM-PF.IntUser\PDD 31-12-2024.IntPrj\Network Model.IntPrjfolder\Network Data.IntPrjfolder\CENTRAL 69 kV.ElmNet\69 kV Acueducto Brujuela.ElmTerm,P.MADERA TP-IG 55 P/69 - 559 AAAC,TypTow,11.640000343322754,1,0.6629999876022339,1.3573442697525024,5.032376766204834,6.053659439086914,17.536083221435547,45.084617614746094,23.605314254760742,8.884560347485878e-16,,1.0,,,,,,
69 kV Derivación Aero Las Américas,0,SANTO DOMINGO,CENTRAL,CENTRAL 69 kV,\VM-PF.IntUser\PDD 31-12-2024.IntPrj\Network Model.IntPrjfolder\Network Data.IntPrjfolder\CENTRAL 69 kV.ElmNet\69 kV Derivación Aero Las Américas.ElmLne,Tap 2 La Caleta,,\VM-PF.IntUser\PDD 31-12-2024.IntPrj\Network Model.IntPrjfolder\Network Data.IntPrjfolder\CENTRAL 69 kV.ElmNet\Tap 2 La Caleta.ElmTerm,69 kV Aero Las Américas,,\VM-PF.IntUser\PDD 31-12-2024.IntPrj\Network Model.IntPrjfolder\Network Data.IntPrjfolder\CENTRAL 69 kV.ElmNet\69 kV Aero Las Américas.ElmTerm,P.MADERA TVS-1/1C/69/1xF - 559 AAAC,TypTow,1.649999976158142,1,0.6629999876022339,0.19250117242336273,0.6984673142433167,0.8231790661811829,2.543407440185547,6.574906826019287,3.2121779918670654,0.0,,1.0,,,,,,
69 kV Boca Chica – ZF Las Americas_e,0,SANTO DOMINGO,CENTRAL,CENTRAL 69 kV,\VM-PF.IntUser\PDD 31-12-2024.IntPrj\Network Model.IntPrjfolder\Network Data.IntPrjfolder\CENTRAL 69 kV.ElmNet\69 kV Boca Chica – ZF Las Americas_e.ElmLne,Tap 2 La Caleta,,\VM-PF.IntUser\PDD 31-12-2024.IntPrj\Network Model.IntPrjfolder\Network Data.IntPrjfolder\CENTRAL 69 kV.ElmNet\Tap 2 La Caleta.ElmTerm,Tap ZF Las Américas,,\VM-PF.IntUser\PDD 31-12-2024.IntPrj\Network Model.IntPrjfolder\Network Data.IntPrjfolder\CENTRAL 69 kV.ElmNet\Tap ZF Las Américas.ElmTerm,P.CONCRETO TVS-1/1C/69/1xF - 559 AAAC,TypTow,2.890000104904175,1,0.6629999876022339,0.33716872334480286,1.2233761548995972,1.4418106079101562,4.454817295074463,11.5160493850708,5.626178741455078,0.0,,1.0,,,,,,
69 kV Boca Chica – ZF Las Americas_f,0,SANTO DOMINGO,CENTRAL,CENTRAL 69 kV,\VM-PF.IntUser\PDD 31-12-2024.IntPrj\Network Model.IntPrjfolder\Network Data.IntPrjfolder\CENTRAL 69 kV.ElmNet\69 kV Boca Chica – ZF Las Americas_f.ElmLne,Tap ZF Las Américas,,\VM-PF.IntUser\PDD 31-12-2024.IntPrj\Network Model.IntPrjfolder\Network Data.IntPrjfolder\CENTRAL 69 kV.ElmNet\Tap ZF Las Américas.ElmTerm,69 kV ZF Las Américas,ZZAMEF,\VM-PF.IntUser\PDD 31-12-2024.IntPrj\Network Model.IntPrjfolder\Network Data.IntPrjfolder\CENTRAL 69 kV.ElmNet\ZZAMEF.ElmSubstat\69 kV ZF Las Américas.ElmTerm,P.CONCRETO TVS-1/1C/69/1xF - 559 AAAC,TypTow,0.5899999737739563,1,0.6629999876022339,0.06883374601602554,0.24975496530532837,0.2943488657474518,0.9094608426094055,2.351027250289917,1.1485968828201294,0.0,,1.0,,,,,,
69 kV Derivación Multiform,0,SANTO DOMINGO,CENTRAL,CENTRAL 69 kV,\VM-PF.IntUser\PDD 31-12-2024.IntPrj\Network Model.IntPrjfolder\Network Data.IntPrjfolder\CENTRAL 69 kV.ElmNet\69 kV Derivación Multiform.ElmLne,Tap INCA La Isabela,,\VM-PF.IntUser\PDD 31-12-2024.IntPrj\Network Model.IntPrjfolder\Network Data.IntPrjfolder\CENTRAL 69 kV.ElmNet\Tap INCA La Isabela.ElmTerm,69 kV Multiform,,\VM-PF.IntUser\PDD 31-12-2024.IntPrj\Network Model.IntPrjfolder\Network Data.IntPrjfolder\CENTRAL 69 kV.ElmNet\69 kV Multiform.ElmTerm,P.MADERA TVS-1/1C/69/1xF - 4/0 AAAC,TypTow,0.20000000298023224,1,0.3799999952316284,0.06145747750997543,0.0929567739367485,0.13790328800678253,0.316585898399353,0.7277981638908386,0.3720818758010864,-2.775557602921922e-18,,1.0,,,,,,
69 kV Derivación INCA La Isabela_a,0,SANTO DOMINGO,CENTRAL,CENTRAL 69 kV,\VM-PF.IntUser\PDD 31-12-2024.IntPrj\Network Model.IntPrjfolder\Network Data.IntPrjfolder\CENTRAL 69 kV.ElmNet\69 kV Derivación INCA La Isabela_a.ElmLne,Tap Industrias Nacionales,,\VM-PF.IntUser\PDD 31-12-2024.IntPrj\Network Model.IntPrjfolder\Network Data.IntPrjfolder\CENTRAL 69 kV.ElmNet\Tap Industrias Nacionales.ElmTerm,Tap INCA La Isabela,,\VM-PF.IntUser\PDD 31-12-2024.IntPrj\Network Model.IntPrjfolder\Network Data.IntPrjfolder\CENTRAL 69 kV.ElmNet\Tap INCA La Isabela.ElmTerm,P.MADERA TP-IG 55 P/69 - 4/0 AAAC,TypTow,2.0,1,0.3799999952316284,0.6144607067108154,0.9476101994514465,1.4213876724243164,3.0960135459899902,7.093868732452393,3.869640827178955,-1.1102230246251565e-16,,1.0,,,,,,
69 kV Dajao – Monte Plata Solar_c,0,ESTE CERCANO,ESTE,CENTRAL 69 kV,\VM-PF.IntUser\PDD 31-12-2024.IntPrj\Network Model.IntPrjfolder\Network Data.IntPrjfolder\CENTRAL 69 kV.ElmNet\69 kV Dajao – Monte Plata Solar_c.ElmLne,Tap Monte Plata Solar,,\VM-PF.IntUser\PDD 31-12-2024.IntPrj\Network Model.IntPrjfolder\Network Data.IntPrjfolder\ESTE 69 kV.ElmNet\Tap Monte Plata Solar.ElmTerm,Tap Yamasá,,\VM-PF.IntUser\PDD 31-12-2024.IntPrj\Network Model.IntPrjfolder\Network Data.IntPrjfolder\ESTE 69 kV.ElmNet\Tap Yamasá.ElmTerm,T.ACERO S1(2)/1C/138/1xF/559 AAAC,TypTow,13.5600004196167,1,0.6629999876022339,1.5774046182632446,6.434755325317383,5.846263885498047,20.332857131958008,47.69864273071289,24.16556167602539,1.1290968245141137e-15,,1.0,,,,,,
69 kV Derivación Smurfit Kappa,0,DISTRITO NACIONAL,CENTRAL,CENTRAL 69 kV,\VM-PF.IntUser\PDD 31-12-2024.IntPrj\Network Model.IntPrjfolder\Network Data.IntPrjfolder\CENTRAL 69 kV.ElmNet\69 kV Derivación Smurfit Kappa.ElmLne,69 kV Smurfit Kappa,,\VM-PF.IntUser\PDD 31-12-2024.IntPrj\Network Model.IntPrjfolder\Network Data.IntPrjfolder\CENTRAL 69 kV.ElmNet\69 kV Smurfit Kappa.ElmTerm,Tap Smurfit Kappa,,\VM-PF.IntUser\PDD 31-12-2024.IntPrj\Network Model.IntPrjfolder\Network Data.IntPrjfolder\CENTRAL 69 kV.ElmNet\Tap Smurfit Kappa.ElmTerm,P.MADERA TVS/1C/69/1xF - 559 AAAC,TypTow,1.0,1,0.6629999876022339,0.11621808260679245,0.4154599905014038,0.5119898319244385,1.5467805862426758,4.0177388191223145,1.957854151725769,3.8163916471489756e-17,,1.0,,,,,,
69 kV Derivación MERCASID_b,0,DISTRITO NACIONAL,CENTRAL,CENTRAL 69 kV,\VM-PF.IntUser\PDD 31-12-2024.IntPrj\Network Model.IntPrjfolder\Network Data.IntPrjfolder\CENTRAL 69 kV.ElmNet\69 kV Derivación MERCASID_b.ElmLne,Tap Grupo Petroquímica,,\VM-PF.IntUser\PDD 31-12-2024.IntPrj\Network Model.IntPrjfolder\Network Data.IntPrjfolder\CENTRAL 69 kV.ElmNet\Tap Grupo Petroquímica.ElmTerm,69 kV MERCASID,,\VM-PF.IntUser\PDD 31-12-2024.IntPrj\Network Model.IntPrjfolder\Network Data.IntPrjfolder\CENTRAL 69 kV.ElmNet\69 kV MERCASID.ElmTerm,P.MADERA TP-IG 55 P/69 - 559 AAAC,TypTow,0.09000000357627869,1,0.6629999876022339,0.010494930669665337,0.03891012817621231,0.04680664464831352,0.13558827340602875,0.3485924303531647,0.18251532316207886,6.869505031042605e-18,,1.0,,,,,,
69 kV Palamara – Bco Nacional Vivienda_b,0,SANTO DOMINGO,CENTRAL,CENTRAL 69 kV,\VM-PF.IntUser\PDD 31-12-2024.IntPrj\Network Model.IntPrjfolder\Network Data.IntPrjfolder\CENTRAL 69 kV.ElmNet\69 kV Palamara – Bco Nacional Vivienda_b.ElmLne,Tap Aeropuerto Higüero,,\VM-PF.IntUser\PDD 31-12-2024.IntPrj\Network Model.IntPrjfolder\Network Data.IntPrjfolder\CENTRAL 69 kV.ElmNet\Tap Aeropuerto Higüero.ElmTerm,Tap Acueducto La Isabela,,\VM-PF.IntUser\PDD 31-12-2024.IntPrj\Network Model.IntPrjfolder\Network Data.IntPrjfolder\CENTRAL 69 kV.ElmNet\Tap Acueducto La Isabela.ElmTerm,P.MADERA TP-IG 50 P/69 - 559 AAAC,TypTow,1.5399999618530273,1,0.6629999876022339,0.17948396503925323,0.6568863987922668,0.8069702982902527,2.332388401031494,6.0474467277526855,3.1546759605407715,-4.274358538927734e-17,,1.0,,,,,,
69 kV INCA km 22 – Palamara_b,0,SANTO DOMINGO,CENTRAL,CENTRAL 69 kV,\VM-PF.IntUser\PDD 31-12-2024.IntPrj\Network Model.IntPrjfolder\Network Data.IntPrjfolder\CENTRAL 69 kV.ElmNet\69 kV INCA km 22 – Palamara_b.ElmLne,Tap Ciudad Satélite,,\VM-PF.IntUser\PDD 31-12-2024.IntPrj\Network Model.IntPrjfolder\Network Data.IntPrjfolder\CENTRAL 69 kV.ElmNet\Tap Ciudad Satélite.ElmTerm,Tap Parque Industrial Duarte,,\VM-PF.IntUser\PDD 31-12-2024.IntPrj\Network Model.IntPrjfolder\Network Data.IntPrjfolder\CENTRAL 69 kV.ElmNet\Tap Parque Industrial Duarte.ElmTerm,P.MADERA TP-IG 50 P/69 - 559 AAAC,TypTow,0.5709999799728394,1,0.6629999876022339,0.0665489211678505,0.2435598224401474,0.29920780658721924,0.8648011088371277,2.242267608642578,1.16968834400177,-1.5848433120658738e-17,,1.0,,,,,,
69 kV Dajao – Monte Plata Solar_b,0,ESTE CERCANO,ESTE,CENTRAL 69 kV,\VM-PF.IntUser\PDD 31-12-2024.IntPrj\Network Model.IntPrjfolder\Network Data.IntPrjfolder\CENTRAL 69 kV.ElmNet\69 kV Dajao – Monte Plata Solar_b.ElmLne,Tap Sierra Prieta,,\VM-PF.IntUser\PDD 31-12-2024.IntPrj\Network Model.IntPrjfolder\Network Data.IntPrjfolder\ESTE 69 kV.ElmNet\Tap Sierra Prieta.ElmTerm,Tap Yamasá,,\VM-PF.IntUser\PDD 31-12-2024.IntPrj\Network Model.IntPrjfolder\Network Data.IntPrjfolder\ESTE 69 kV.ElmNet\Tap Yamasá.ElmTerm,T.ACERO S1(2)/1C/138/1xF/559 AAAC,TypTow,14.1899995803833,1,0.6629999876022339,1.650691032409668,6.733714580535889,6.117882251739502,21.277523040771484,49.914730072021484,25.28829574584961,1.1815548454869934e-15,,1.0,,,,,,
69 kV Derivación Molinos del Ozama,0,SANTO DOMINGO,CENTRAL,CENTRAL 69 kV,\VM-PF.IntUser\PDD 31-12-2024.IntPrj\Network Model.IntPrjfolder\Network Data.IntPrjfolder\CENTRAL 69 kV.ElmNet\69 kV Derivación Molinos del Ozama.ElmLne,Tap Molinos Ozama,,\VM-PF.IntUser\PDD 31-12-2024.IntPrj\Network Model.IntPrjfolder\Network Data.IntPrjfolder\CENTRAL 69 kV.ElmNet\Tap Molinos Ozama.ElmTerm,69 kV Molinos del Ozama,,\VM-PF.IntUser\PDD 31-12-2024.IntPrj\Network Model.IntPrjfolder\Network Data.IntPrjfolder\CENTRAL 69 kV.ElmNet\69 kV Molinos del Ozama.ElmTerm,P.MADERA TP-IG 50 P/69 - 559 AAAC,TypTow,0.9300000071525574,1,0.6629999876022339,0.10838966816663742,0.39669114351272583,0.4873262345790863,1.4085203409194946,3.6520297527313232,1.9050966501235962,-2.5812685521058237e-17,,1.0,,,,,,
69 kV Derivación Grupo Malla,0,DISTRITO NACIONAL,CENTRAL,CENTRAL 69 kV,\VM-PF.IntUser\PDD 31-12-2024.IntPrj\Network Model.IntPrjfolder\Network Data.IntPrjfolder\CENTRAL 69 kV.ElmNet\69 kV Derivación Grupo Malla.ElmLne,Tap Malla,,\VM-PF.IntUser\PDD 31-12-2024.IntPrj\Network Model.IntPrjfolder\Network Data.IntPrjfolder\CENTRAL 69 kV.ElmNet\Tap Malla.ElmTerm,69 kV Molinos Modernos,,\VM-PF.IntUser\PDD 31-12-2024.IntPrj\Network Model.IntPrjfolder\Network Data.IntPrjfolder\CENTRAL 69 kV.ElmNet\69 kV Molinos Modernos.ElmTerm,P.MADERA TP-IG 50 P/69 - 4/0 AAAC,TypTow,1.100000023841858,1,0.3799999952316284,0.33795350790023804,0.5211858153343201,0.7819637656211853,1.7021290063858032,3.9028940200805664,2.1658191680908203,1.2212453535574518e-16,,1.0,,,,,,
69 kV Boca Chica – Mata de Palma_b,1,SANTO DOMINGO,CENTRAL,CENTRAL 69 kV,\VM-PF.IntUser\PDD 31-12-2024.IntPrj\Network Model.IntPrjfolder\Network Data.IntPrjfolder\CENTRAL 69 kV.ElmNet\69 kV Boca Chica – Mata de Palma_b.ElmLne,Tap 2 Catalina,,\VM-PF.IntUser\PDD 31-12-2024.IntPrj\Network Model.IntPrjfolder\Network Data.IntPrjfolder\CENTRAL 69 kV.ElmNet\Tap 2 Catalina.ElmTerm,Tap 2 Kilómetro 24,,\VM-PF.IntUser\PDD 31-12-2024.IntPrj\Network Model.IntPrjfolder\Network Data.IntPrjfolder\CENTRAL 69 kV.ElmNet\Tap 2 Kilómetro 24.ElmTerm,P.MADERA TP-IG 50 P/69 - 559 AAAC,TypTow,7.670000076293945,1,0.6629999876022339,0.8939234018325806,3.2716357707977295,4.019131183624268,11.61650562286377,30.119428634643555,15.711925506591797,-2.1288526708945613e-16,,1.0,,,,,,
69 kV Invivienda – Villa Duarte_c,0,SANTO DOMINGO,CENTRAL,CENTRAL 69 kV,\VM-PF.IntUser\PDD 31-12-2024.IntPrj\Network Model.IntPrjfolder\Network Data.IntPrjfolder\CENTRAL 69 kV.ElmNet\69 kV Invivienda – Villa Duarte_c.ElmLne,Tap Grupo Alaska,,\VM-PF.IntUser\PDD 31-12-2024.IntPrj\Network Model.IntPrjfolder\Network Data.IntPrjfolder\CENTRAL 69 kV.ElmNet\Tap Grupo Alaska.ElmTerm,Tap Gomas Y Plásticos,,\VM-PF.IntUser\PDD 31-12-2024.IntPrj\Network Model.IntPrjfolder\Network Data.IntPrjfolder\CENTRAL 69 kV.ElmNet\Tap Gomas Y Plásticos.ElmTerm,P.MADERA TP-IG 55 P/69 - 559 AAAC,TypTow,1.2000000476837158,1,0.6629999876022339,0.13993240892887115,0.518801748752594,0.6240885853767395,1.8078436851501465,4.647899150848389,2.433537483215332,9.159340482553133e-17,,1.0,,,,,,
69 kV Palamara – Bco Nacional Vivienda_c,0,SANTO DOMINGO,CENTRAL,CENTRAL 69 kV,\VM-PF.IntUser\PDD 31-12-2024.IntPrj\Network Model.IntPrjfolder\Network Data.IntPrjfolder\CENTRAL 69 kV.ElmNet\69 kV Palamara – Bco Nacional Vivienda_c.ElmLne,Tap Aeropuerto Higüero,,\VM-PF.IntUser\PDD 31-12-2024.IntPrj\Network Model.IntPrjfolder\Network Data.IntPrjfolder\CENTRAL 69 kV.ElmNet\Tap Aeropuerto Higüero.ElmTerm,69 kV Banco Nacional de la Vivienda,,\VM-PF.IntUser\PDD 31-12-2024.IntPrj\Network Model.IntPrjfolder\Network Data.IntPrjfolder\CENTRAL 69 kV.ElmNet\69 kV Banco Nacional de la Vivienda.ElmTerm,P.MADERA TP-IG 50 P/69 - 559 AAAC,TypTow,5.53000020980835,1,0.6629999876022339,0.6445106267929077,2.3588194847106934,2.897757053375244,8.375394821166992,21.71583366394043,11.328155517578125,-1.534883389777794e-16,,1.0,,,,,,
69 kV Derivación Aeropuerto El Higüero,0,SANTO DOMINGO,CENTRAL,CENTRAL 69 kV,\VM-PF.IntUser\PDD 31-12-2024.IntPrj\Network Model.IntPrjfolder\Network Data.IntPrjfolder\CENTRAL 69 kV.ElmNet\69 kV Derivación Aeropuerto El Higüero.ElmLne,Tap Aeropuerto Higüero,,\VM-PF.IntUser\PDD 31-12-2024.IntPrj\Network Model.IntPrjfolder\Network Data.IntPrjfolder\CENTRAL 69 kV.ElmNet\Tap Aeropuerto Higüero.ElmTerm,69 kV Aeropuerto El Higüero,,\VM-PF.IntUser\PDD 31-12-2024.IntPrj\Network Model.IntPrjfolder\Network Data.IntPrjfolder\CENTRAL 69 kV.ElmNet\69 kV Aeropuerto El Higüero.ElmTerm,P.MADERA TP-IG 50 P/69 - 559 AAAC,TypTow,1.2899999618530273,1,0.6629999876022339,0.15034694969654083,0.5502489805221558,0.675968587398529,1.9537538290023804,5.065718650817871,2.6425533294677734,-3.5804691485370114e-17,,1.0,,,,,,
69 kV Derivación ZF Los Alcarrizos_c,0,SANTO DOMINGO,CENTRAL,CENTRAL 69 kV,\VM-PF.IntUser\PDD 31-12-2024.IntPrj\Network Model.IntPrjfolder\Network Data.IntPrjfolder\CENTRAL 69 kV.ElmNet\69 kV Derivación ZF Los Alcarrizos_c.ElmLne,Tap 1 DISDO,,\VM-PF.IntUser\PDD 31-12-2024.IntPrj\Network Model.IntPrjfolder\Network Data.IntPrjfolder\CENTRAL 69 kV.ElmNet\Tap 1 DISDO.ElmTerm,69 kV ZF Los Alcarrizos,,\VM-PF.IntUser\PDD 31-12-2024.IntPrj\Network Model.IntPrjfolder\Network Data.IntPrjfolder\CENTRAL 69 kV.ElmNet\69 kV ZF Los Alcarrizos.ElmTerm,P.MADERA TP-IG 55 P/69 - 559 AAAC,TypTow,2.0899999141693115,1,0.6629999876022339,0.2437155842781067,0.903579592704773,1.0869542360305786,3.148660898208618,8.09508991241455,4.238410949707031,1.595251692626404e-16,,1.0,,,,,,
69 kV Invivienda – Villa Duarte_a,0,SANTO DOMINGO,CENTRAL,CENTRAL 69 kV,\VM-PF.IntUser\PDD 31-12-2024.IntPrj\Network Model.IntPrjfolder\Network Data.IntPrjfolder\CENTRAL 69 kV.ElmNet\69 kV Invivienda – Villa Duarte_a.ElmLne,Tap Invivienda,,\VM-PF.IntUser\PDD 31-12-2024.IntPrj\Network Model.IntPrjfolder\Network Data.IntPrjfolder\CENTRAL 69 kV.ElmNet\Tap Invivienda.ElmTerm,R1,ZINVIF,\VM-PF.IntUser\PDD 31-12-2024.IntPrj\Network Model.IntPrjfolder\Network Data.IntPrjfolder\CENTRAL 69 kV.ElmNet\ZINVIF.ElmSubstat\R1.ElmTerm,P.MADERA TP-IG 55 P/69 - 559 AAAC,TypTow,0.5,1,0.6629999876022339,0.05830516666173935,0.2161673754453659,0.2600369155406952,0.7532681822776794,1.936624526977539,1.0139739513397217,3.8163916471489756e-17,,1.0,,,,,,
69 kV Derivación Acueducto La Isabela,0,SANTO DOMINGO,CENTRAL,CENTRAL 69 kV,\VM-PF.IntUser\PDD 31-12-2024.IntPrj\Network Model.IntPrjfolder\Network Data.IntPrjfolder\CENTRAL 69 kV.ElmNet\69 kV Derivación Acueducto La Isabela.ElmLne,Tap Acueducto La Isabela,,\VM-PF.IntUser\PDD 31-12-2024.IntPrj\Network Model.IntPrjfolder\Network Data.IntPrjfolder\CENTRAL 69 kV.ElmNet\Tap Acueducto La Isabela.ElmTerm,69 kV Acueducto La Isabela,,\VM-PF.IntUser\PDD 31-12-2024.IntPrj\Network Model.IntPrjfolder\Network Data.IntPrjfolder\CENTRAL 69 kV.ElmNet\69 kV Acueducto La Isabela.ElmTerm,P.MADERA TP-IG 50 P/69 - 559 AAAC,TypTow,0.4699999988079071,1,0.6629999876022339,0.05477757379412651,0.20047833025455475,0.2462831437587738,0.7118328213691711,1.8456493616104126,0.9627907276153564,-1.3045120506258365e-17,,1.0,,,,,,
69 kV Invivienda – Villa Duarte_d,0,SANTO DOMINGO,CENTRAL,CENTRAL 69 kV,\VM-PF.IntUser\PDD 31-12-2024.IntPrj\Network Model.IntPrjfolder\Network Data.IntPrjfolder\CENTRAL 69 kV.ElmNet\69 kV Invivienda – Villa Duarte_d.ElmLne,F4,ZVDUAE,\VM-PF.IntUser\PDD 31-12-2024.IntPrj\Network Model.IntPrjfolder\Network Data.IntPrjfolder\CENTRAL 138 kV.ElmNet\Villa Duarte.ElmSite\ZVDUAE.ElmSubstat\F4.ElmTerm,Tap Grupo Alaska,,\VM-PF.IntUser\PDD 31-12-2024.IntPrj\Network Model.IntPrjfolder\Network Data.IntPrjfolder\CENTRAL 69 kV.ElmNet\Tap Grupo Alaska.ElmTerm,P.MADERA TP-IG 55 P/69 - 559 AAAC,TypTow,4.360000133514404,1,0.6629999876022339,0.5084210634231567,1.8849796056747437,2.267521858215332,6.568498611450195,16.887365341186523,8.841853141784668,3.3278937174842317e-16,,1.0,,,,,,
69 kV Timbeque – Villa Duarte_b,0,SANTO DOMINGO,CENTRAL,CENTRAL 69 kV,\VM-PF.IntUser\PDD 31-12-2024.IntPrj\Network Model.IntPrjfolder\Network Data.IntPrjfolder\CENTRAL 69 kV.ElmNet\69 kV Timbeque – Villa Duarte_b.ElmLne,Tap Molinos Ozama,,\VM-PF.IntUser\PDD 31-12-2024.IntPrj\Network Model.IntPrjfolder\Network Data.IntPrjfolder\CENTRAL 69 kV.ElmNet\Tap Molinos Ozama.ElmTerm,F3,ZVDUAE,\VM-PF.IntUser\PDD 31-12-2024.IntPrj\Network Model.IntPrjfolder\Network Data.IntPrjfolder\CENTRAL 138 kV.ElmNet\Villa Duarte.ElmSite\ZVDUAE.ElmSubstat\F3.ElmTerm,P.CONCRETO TVS-1/1C/69/1xF - 559 AAAC,TypTow,2.4000000953674316,1,0.6629999876022339,0.280001699924469,1.015952467918396,1.1973514556884766,3.6995019912719727,9.563501358032227,4.6722588539123535,0.0,,1.0,,,,,,
69 kV Hainamosa – Boca Chica(Tamarindo)a,0,SANTO DOMINGO,CENTRAL,CENTRAL 69 kV,\VM-PF.IntUser\PDD 31-12-2024.IntPrj\Network Model.IntPrjfolder\Network Data.IntPrjfolder\CENTRAL 69 kV.ElmNet\69 kV Hainamosa – Boca Chica(Tamarindo)a.ElmLne,F4,ZHNSAE,\VM-PF.IntUser\PDD 31-12-2024.IntPrj\Network Model.IntPrjfolder\Network Data.IntPrjfolder\CENTRAL 138 kV.ElmNet\Hainamosa.ElmSite\ZHNSAE.ElmSubstat\F4.ElmTerm,Tap Tamarindo,,\VM-PF.IntUser\PDD 31-12-2024.IntPrj\Network Model.IntPrjfolder\Network Data.IntPrjfolder\CENTRAL 69 kV.ElmNet\Tap Tamarindo.ElmTerm,P.MADERA TP-IG 50 P/69 - 559 AAAC,TypTow,0.2199999988079071,1,0.6629999876022339,0.025640565901994705,0.09384091943502426,0.11528147011995316,0.33319833874702454,0.8639209866523743,0.45066800713539124,-6.1062266023511365e-18,,1.0,,,,,,
69 kV Hainamosa – Invivienda,0,SANTO DOMINGO,CENTRAL,CENTRAL 69 kV,\VM-PF.IntUser\PDD 31-12-2024.IntPrj\Network Model.IntPrjfolder\Network Data.IntPrjfolder\CENTRAL 69 kV.ElmNet\69 kV Hainamosa – Invivienda.ElmLne,F3,ZHNSAE,\VM-PF.IntUser\PDD 31-12-2024.IntPrj\Network Model.IntPrjfolder\Network Data.IntPrjfolder\CENTRAL 138 kV.ElmNet\Hainamosa.ElmSite\ZHNSAE.ElmSubstat\F3.ElmTerm,L1,ZINVIF,\VM-PF.IntUser\PDD 31-12-2024.IntPrj\Network Model.IntPrjfolder\Network Data.IntPrjfolder\CENTRAL 69 kV.ElmNet\ZINVIF.ElmSubstat\L1.ElmTerm,P.MADERA TP-IG 50 P/69 - 559 AAAC,TypTow,3.7300000190734863,1,0.6629999876022339,0.4347241520881653,1.5910301208496094,1.9545449018478394,5.649226665496826,14.647388458251953,7.640871524810791,-1.0352829757569144e-16,,1.0,,,,,,
69 kV Hainamosa – Boca Chica(Tamarindo)c,0,SANTO DOMINGO,CENTRAL,CENTRAL 69 kV,\VM-PF.IntUser\PDD 31-12-2024.IntPrj\Network Model.IntPrjfolder\Network Data.IntPrjfolder\CENTRAL 69 kV.ElmNet\69 kV Hainamosa – Boca Chica(Tamarindo)c.ElmLne,Tap Base Aérea San Isidro,,\VM-PF.IntUser\PDD 31-12-2024.IntPrj\Network Model.IntPrjfolder\Network Data.IntPrjfolder\CENTRAL 69 kV.ElmNet\Tap Base Aérea San Isidro.ElmTerm,Tap Acueducto Oriental,,\VM-PF.IntUser\PDD 31-12-2024.IntPrj\Network Model.IntPrjfolder\Network Data.IntPrjfolder\CENTRAL 69 kV.ElmNet\Tap Acueducto Oriental.ElmTerm,P.MADERA TVS-1 65/1C/69/1xF - 559 AAA,TypTow,4.110000133514404,1,0.6629999876022339,0.47893622517585754,1.7384642362594604,2.0185370445251465,6.3668036460876465,16.3685359954834,7.758854389190674,2.2815083897200796e-16,,1.0,,,,,,
69 kV Boca Chica – ZF Las Americas_c,0,SANTO DOMINGO,CENTRAL,CENTRAL 69 kV,\VM-PF.IntUser\PDD 31-12-2024.IntPrj\Network Model.IntPrjfolder\Network Data.IntPrjfolder\CENTRAL 69 kV.ElmNet\69 kV Boca Chica – ZF Las Americas_c.ElmLne,Tap 2 Parque Cibernético,,\VM-PF.IntUser\PDD 31-12-2024.IntPrj\Network Model.IntPrjfolder\Network Data.IntPrjfolder\CENTRAL 69 kV.ElmNet\Tap 2 Parque Cibernético.ElmTerm,Tap 1 La Caleta,,\VM-PF.IntUser\PDD 31-12-2024.IntPrj\Network Model.IntPrjfolder\Network Data.IntPrjfolder\CENTRAL 69 kV.ElmNet\Tap 1 La Caleta.ElmTerm,P.MADERA TVS-1/1C/69/1xF - 559 AAAC,TypTow,3.299999952316284,1,0.6629999876022339,0.38500234484672546,1.3969346284866333,1.6463581323623657,5.086814880371094,13.149813652038574,6.424355983734131,0.0,,1.0,,,,,,
69 kV Boca Chica – Mata de Palma_f,0,SANTO DOMINGO,CENTRAL,CENTRAL 69 kV,\VM-PF.IntUser\PDD 31-12-2024.IntPrj\Network Model.IntPrjfolder\Network Data.IntPrjfolder\CENTRAL 69 kV.ElmNet\69 kV Boca Chica – Mata de Palma_f.ElmLne,Tap ZF Buena Vista,,\VM-PF.IntUser\PDD 31-12-2024.IntPrj\Network Model.IntPrjfolder\Network Data.IntPrjfolder\ESTE 69 kV.ElmNet\Tap ZF Buena Vista.ElmTerm,Tap Guerra,,\VM-PF.IntUser\PDD 31-12-2024.IntPrj\Network Model.IntPrjfolder\Network Data.IntPrjfolder\CENTRAL 69 kV.ElmNet\Tap Guerra.ElmTerm,P.MADERA TP-IG 50 P/69 - 559 AAAC,TypTow,7.0,1,0.6629999876022339,0.8158361911773682,2.9858474731445312,3.668046712875366,10.601765632629395,27.48839569091797,14.339436531066895,-1.942890293094024e-16,,1.0,,,,,,
69 kV Palamara – Madre Vieja_b,0,SANTO DOMINGO,CENTRAL,CENTRAL 69 kV,\VM-PF.IntUser\PDD 31-12-2024.IntPrj\Network Model.IntPrjfolder\Network Data.IntPrjfolder\CENTRAL 69 kV.ElmNet\69 kV Palamara – Madre Vieja_b.ElmLne,Tap 1 Palamara,,\VM-PF.IntUser\PDD 31-12-2024.IntPrj\Network Model.IntPrjfolder\Network Data.IntPrjfolder\SUR 69 kV.ElmNet\Tap 1 Palamara.ElmTerm,Tap 2 Palamara,,\VM-PF.IntUser\PDD 31-12-2024.IntPrj\Network Model.IntPrjfolder\Network Data.IntPrjfolder\SUR 69 kV.ElmNet\Tap 2 Palamara.ElmTerm,T.ACERO S1 1C 1xF 450 ACAR-138 kV,TypTow,22.0,1,0.5680000185966492,2.8768911361694336,10.626296043395996,9.80276870727539,33.17483901977539,76.00005340576172,38.848052978515625,-2.4424906541753444e-15,,1.0,,,,,,
69 kV Bayona – Multiparques,0,SUR CERCANO,SUR,CENTRAL 69 kV,\VM-PF.IntUser\PDD 31-12-2024.IntPrj\Network Model.IntPrjfolder\Network Data.IntPrjfolder\CENTRAL 69 kV.ElmNet\69 kV Bayona – Multiparques.ElmLne,1,ZMLTPF,\VM-PF.IntUser\PDD 31-12-2024.IntPrj\Network Model.IntPrjfolder\Network Data.IntPrjfolder\CENTRAL 69 kV.ElmNet\ZMLTPF.ElmSubstat\1.ElmTerm,3,ZBAYOF,\VM-PF.IntUser\PDD 31-12-2024.IntPrj\Network Model.IntPrjfolder\Network Data.IntPrjfolder\CENTRAL 69 kV.ElmNet\ZBAYOF.ElmSubstat\3.ElmTerm,P.MADERA TP-IG 50 P/69 - 559 AAAC,TypTow,5.700000286102295,1,0.6629999876022339,0.6643238067626953,2.431333065032959,2.9868383407592773,8.632866859436035,22.38340950012207,11.676399230957031,-1.5820678895001869e-16,,1.0,,,,,,
69 kV Dajao – Monte Plata Solar_d,0,ESTE CERCANO,ESTE,CENTRAL 69 kV,\VM-PF.IntUser\PDD 31-12-2024.IntPrj\Network Model.IntPrjfolder\Network Data.IntPrjfolder\CENTRAL 69 kV.ElmNet\69 kV Dajao – Monte Plata Solar_d.ElmLne,Tap Monte Plata Solar,,\VM-PF.IntUser\PDD 31-12-2024.IntPrj\Network Model.IntPrjfolder\Network Data.IntPrjfolder\ESTE 69 kV.ElmNet\Tap Monte Plata Solar.ElmTerm,69 kV Monte Plata Solar,Monte Plata Solar,\VM-PF.IntUser\PDD 31-12-2024.IntPrj\Network Model.IntPrjfolder\Network Data.IntPrjfolder\ESTE 69 kV.ElmNet\Monte Plata Solar.ElmSite\69 kV Monte Plata Solar.ElmTerm,P.CONCRETO TVS-1/1C/69/1xF - 559 AAAC,TypTow,0.164000004529953,1,0.6629999876022339,0.019133450463414192,0.06942342221736908,0.08181901276111603,0.25279930233955383,0.6535059213638306,0.3192710280418396,0.0,,1.0,,,,,,
69 kV Derivación Textiles Titán,0,DISTRITO NACIONAL,CENTRAL,CENTRAL 69 kV,\VM-PF.IntUser\PDD 31-12-2024.IntPrj\Network Model.IntPrjfolder\Network Data.IntPrjfolder\CENTRAL 69 kV.ElmNet\69 kV Derivación Textiles Titán.ElmLne,Tap Textiles Titán,,\VM-PF.IntUser\PDD 31-12-2024.IntPrj\Network Model.IntPrjfolder\Network Data.IntPrjfolder\CENTRAL 69 kV.ElmNet\Tap Textiles Titán.ElmTerm,69 kV Textiles Titán,,\VM-PF.IntUser\PDD 31-12-2024.IntPrj\Network Model.IntPrjfolder\Network Data.IntPrjfolder\CENTRAL 69 kV.ElmNet\69 kV Textiles Titán.ElmTerm,P.MADERA TP-IG 50 P/69 - 559 AAAC,TypTow,0.019999999552965164,1,0.6629999876022339,0.0023309604730457067,0.008530992083251476,0.010480133816599846,0.0302907582372427,0.07853826880455017,0.04096981883049011,-5.551114999048691e-19,,1.0,,,,,,
69 kV Derivación Kilómetro 24,0,SANTO DOMINGO,CENTRAL,CENTRAL 69 kV,\VM-PF.IntUser\PDD 31-12-2024.IntPrj\Network Model.IntPrjfolder\Network Data.IntPrjfolder\CENTRAL 69 kV.ElmNet\69 kV Derivación Kilómetro 24.ElmLne,Tap 1 Kilómetro 24,,\VM-PF.IntUser\PDD 31-12-2024.IntPrj\Network Model.IntPrjfolder\Network Data.IntPrjfolder\CENTRAL 69 kV.ElmNet\Tap 1 Kilómetro 24.ElmTerm,69 kV Kilómetro 24,,\VM-PF.IntUser\PDD 31-12-2024.IntPrj\Network Model.IntPrjfolder\Network Data.IntPrjfolder\CENTRAL 69 kV.ElmNet\69 kV Kilómetro 24.ElmTerm,P.MADERA TP-IG 50 P/69 - 559 AAAC,TypTow,0.36000001430511475,1,0.6629999876022339,0.04195729270577431,0.15355786681175232,0.18864241242408752,0.5452336668968201,1.4136890172958374,0.7374567985534668,-9.992007618673103e-18,,1.0,,,,,,
69 kV Arroyo Hondo – Palamara_a,0,SANTO DOMINGO,CENTRAL,CENTRAL 69 kV,\VM-PF.IntUser\PDD 31-12-2024.IntPrj\Network Model.IntPrjfolder\Network Data.IntPrjfolder\CENTRAL 69 kV.ElmNet\69 kV Arroyo Hondo – Palamara_a.ElmLne,Tap Plásticos Flexibles,,\VM-PF.IntUser\PDD 31-12-2024.IntPrj\Network Model.IntPrjfolder\Network Data.IntPrjfolder\CENTRAL 69 kV.ElmNet\Tap Plásticos Flexibles.ElmTerm,WAHONF(14),ZAHONF,\VM-PF.IntUser\PDD 31-12-2024.IntPrj\Network Model.IntPrjfolder\Network Data.IntPrjfolder\CENTRAL 138 kV.ElmNet\Arroyo Hondo.ElmSite\ZAHONF.ElmSubstat\WAHONF(14).ElmTerm,,,5.690000057220459,1,1.3259999752044678,0.33158406615257263,1.8815834522247314,2.0375423431396484,7.7873640060424805,28.640457153320312,14.512785911560059,6.317169073644612e-16,,,,,,,,
69 kV Arroyo Hondo – Palamara_b,0,SANTO DOMINGO,CENTRAL,CENTRAL 69 kV,\VM-PF.IntUser\PDD 31-12-2024.IntPrj\Network Model.IntPrjfolder\Network Data.IntPrjfolder\CENTRAL 69 kV.ElmNet\69 kV Arroyo Hondo – Palamara_b.ElmLne,R3,ZPALAF,\VM-PF.IntUser\PDD 31-12-2024.IntPrj\Network Model.IntPrjfolder\Network Data.IntPrjfolder\CENTRAL 138 kV.ElmNet\Palamara.ElmSite\ZPALAF.ElmSubstat\R3.ElmTerm,Tap Plásticos Flexibles,,\VM-PF.IntUser\PDD 31-12-2024.IntPrj\Network Model.IntPrjfolder\Network Data.IntPrjfolder\CENTRAL 69 kV.ElmNet\Tap Plásticos Flexibles.ElmTerm,,,6.710000038146973,1,1.3259999752044678,0.3910244405269623,2.218879461288452,2.4027960300445557,9.183341979980469,33.774600982666016,17.1143741607666,7.449596537586448e-16,,,,,,,,
69 kV Boca Chica – ZF Las Americas_a,0,SANTO DOMINGO,CENTRAL,CENTRAL 69 kV,\VM-PF.IntUser\PDD 31-12-2024.IntPrj\Network Model.IntPrjfolder\Network Data.IntPrjfolder\CENTRAL 69 kV.ElmNet\69 kV Boca Chica – ZF Las Americas_a.ElmLne,2,ZBCHIF,\VM-PF.IntUser\PDD 31-12-2024.IntPrj\Network Model.IntPrjfolder\Network Data.IntPrjfolder\CENTRAL 138 kV.ElmNet\Boca Chica.ElmSite\ZBCHIF.ElmSubstat\2.ElmTerm,Tap 1 Parque Cibernético,,\VM-PF.IntUser\PDD 31-12-2024.IntPrj\Network Model.IntPrjfolder\Network Data.IntPrjfolder\CENTRAL 69 kV.ElmNet\Tap 1 Parque Cibernético.ElmTerm,P.MADERA TVS-1/1C/69/1xF - 559 AAAC,TypTow,3.299999952316284,1,0.6629999876022339,0.38500234484672546,1.3969346284866333,1.6463581323623657,5.086814880371094,13.149813652038574,6.424355983734131,0.0,,1.0,,,,,,
69 kV Boca Chica – SPM_a,0,SANTO DOMINGO,CENTRAL,CENTRAL 69 kV,\VM-PF.IntUser\PDD 31-12-2024.IntPrj\Network Model.IntPrjfolder\Network Data.IntPrjfolder\CENTRAL 69 kV.ElmNet\69 kV Boca Chica – SPM_a.ElmLne,Tap 1 Catalina,,\VM-PF.IntUser\PDD 31-12-2024.IntPrj\Network Model.IntPrjfolder\Network Data.IntPrjfolder\CENTRAL 69 kV.ElmNet\Tap 1 Catalina.ElmTerm,3,ZBCHIF,\VM-PF.IntUser\PDD 31-12-2024.IntPrj\Network Model.IntPrjfolder\Network Data.IntPrjfolder\CENTRAL 138 kV.ElmNet\Boca Chica.ElmSite\ZBCHIF.ElmSubstat\3.ElmTerm,P.MADERA TP-IG 50 P/69 - 559 AAAC,TypTow,11.829999923706055,1,0.6629999876022339,1.378763198852539,5.046082019805908,6.198998928070068,17.916982650756836,46.455387115478516,24.2336483001709,-3.283484574153077e-16,,1.0,,,,,,
69 kV Palamara – Generadora Palamara,0,SANTO DOMINGO,CENTRAL,CENTRAL 69 kV,\VM-PF.IntUser\PDD 31-12-2024.IntPrj\Network Model.IntPrjfolder\Network Data.IntPrjfolder\CENTRAL 69 kV.ElmNet\69 kV Palamara – Generadora Palamara.ElmLne,R2,ZPALAF,\VM-PF.IntUser\PDD 31-12-2024.IntPrj\Network Model.IntPrjfolder\Network Data.IntPrjfolder\CENTRAL 138 kV.ElmNet\Palamara.ElmSite\ZPALAF.ElmSubstat\R2.ElmTerm,1,ZGPALF,\VM-PF.IntUser\PDD 31-12-2024.IntPrj\Network Model.IntPrjfolder\Network Data.IntPrjfolder\CENTRAL 69 kV.ElmNet\ZGPALF.ElmSubstat\1.ElmTerm,P.MADERA TVS-1/1C/69/2xF - 559 AAAC,TypTow,0.009999999776482582,1,1.3259999752044678,0.0005876237410120666,0.002793672727420926,0.004409913904964924,0.013975128531455994,0.06046171858906746,0.02336101420223713,-2.2204459996194763e-18,,1.0,,,,,,
69 kV Bayona – Palamara_d,0,SANTO DOMINGO,CENTRAL,CENTRAL 69 kV,\VM-PF.IntUser\PDD 31-12-2024.IntPrj\Network Model.IntPrjfolder\Network Data.IntPrjfolder\CENTRAL 69 kV.ElmNet\69 kV Bayona – Palamara_d.ElmLne,L4,ZPALAF,\VM-PF.IntUser\PDD 31-12-2024.IntPrj\Network Model.IntPrjfolder\Network Data.IntPrjfolder\CENTRAL 138 kV.ElmNet\Palamara.ElmSite\ZPALAF.ElmSubstat\L4.ElmTerm,Tap Productos Diversos,,\VM-PF.IntUser\PDD 31-12-2024.IntPrj\Network Model.IntPrjfolder\Network Data.IntPrjfolder\CENTRAL 69 kV.ElmNet\Tap Productos Diversos.ElmTerm,P.MADERA TP-IG 50 P/69 - 559 AAAC,TypTow,3.450000047683716,1,0.6629999876022339,0.4020906984806061,1.4715962409973145,1.8078230619430542,5.225155830383301,13.547852516174316,7.067294120788574,-9.575673719740873e-17,,1.0,,,,,,
69 kV Novoplast – Palamara,0,SANTO DOMINGO,CENTRAL,CENTRAL 69 kV,\VM-PF.IntUser\PDD 31-12-2024.IntPrj\Network Model.IntPrjfolder\Network Data.IntPrjfolder\CENTRAL 69 kV.ElmNet\69 kV Novoplast – Palamara.ElmLne,R5,ZPALAF,\VM-PF.IntUser\PDD 31-12-2024.IntPrj\Network Model.IntPrjfolder\Network Data.IntPrjfolder\CENTRAL 138 kV.ElmNet\Palamara.ElmSite\ZPALAF.ElmSubstat\R5.ElmTerm,69 kV Novoplast,,\VM-PF.IntUser\PDD 31-12-2024.IntPrj\Network Model.IntPrjfolder\Network Data.IntPrjfolder\CENTRAL 69 kV.ElmNet\69 kV Novoplast.ElmTerm,P.MADERA TP-IG 50 P/69 - 559 AAAC,TypTow,5.275000095367432,1,0.6629999876022339,0.6147908568382263,2.250049352645874,2.7641353607177734,7.989187717437744,20.71446990966797,10.805789947509766,-1.4641066401942048e-16,,1.0,,,,,,
69 kV INCA km 22 – Palamara_d,0,SANTO DOMINGO,CENTRAL,CENTRAL 69 kV,\VM-PF.IntUser\PDD 31-12-2024.IntPrj\Network Model.IntPrjfolder\Network Data.IntPrjfolder\CENTRAL 69 kV.ElmNet\69 kV INCA km 22 – Palamara_d.ElmLne,L3,ZPALAF,\VM-PF.IntUser\PDD 31-12-2024.IntPrj\Network Model.IntPrjfolder\Network Data.IntPrjfolder\CENTRAL 138 kV.ElmNet\Palamara.ElmSite\ZPALAF.ElmSubstat\L3.ElmTerm,Terminal(4),,\VM-PF.IntUser\PDD 31-12-2024.IntPrj\Network Model.IntPrjfolder\Network Data.IntPrjfolder\CENTRAL 69 kV.ElmNet\Terminal(4).ElmTerm,P.MADERA TP-IG 50 P/69 - 559 AAAC,TypTow,2.049999952316284,1,0.6629999876022339,0.23892344534397125,0.8744267225265503,1.0742137432098389,3.1048026084899902,8.050172805786133,4.199406623840332,-5.689892868855029e-17,,1.0,,,,,,
69 kV Palamara – Bco Nacional Vivienda_a,0,SANTO DOMINGO,CENTRAL,CENTRAL 69 kV,\VM-PF.IntUser\PDD 31-12-2024.IntPrj\Network Model.IntPrjfolder\Network Data.IntPrjfolder\CENTRAL 69 kV.ElmNet\69 kV Palamara – Bco Nacional Vivienda_a.ElmLne,L2,ZPALAF,\VM-PF.IntUser\PDD 31-12-2024.IntPrj\Network Model.IntPrjfolder\Network Data.IntPrjfolder\CENTRAL 138 kV.ElmNet\Palamara.ElmSite\ZPALAF.ElmSubstat\L2.ElmTerm,Tap Acueducto La Isabela,,\VM-PF.IntUser\PDD 31-12-2024.IntPrj\Network Model.IntPrjfolder\Network Data.IntPrjfolder\CENTRAL 69 kV.ElmNet\Tap Acueducto La Isabela.ElmTerm,P.MADERA TP-IG 50 P/69 - 559 AAAC,TypTow,3.2200000286102295,1,0.6629999876022339,0.3752846419811249,1.3734898567199707,1.687301516532898,4.876811981201172,12.644661903381348,6.5961408615112305,-8.937295427641849e-17,,1.0,,,,,,
69 kV Timbeque – Timbeque 2,0,DISTRITO NACIONAL,CENTRAL,CENTRAL 69 kV,\VM-PF.IntUser\PDD 31-12-2024.IntPrj\Network Model.IntPrjfolder\Network Data.IntPrjfolder\CENTRAL 69 kV.ElmNet\69 kV Timbeque – Timbeque 2.ElmLne,4,ZTIMBF,\VM-PF.IntUser\PDD 31-12-2024.IntPrj\Network Model.IntPrjfolder\Network Data.IntPrjfolder\CENTRAL 69 kV.ElmNet\ZTIMBF.ElmSubstat\4.ElmTerm,1,ZTIM2F,\VM-PF.IntUser\PDD 31-12-2024.IntPrj\Network Model.IntPrjfolder\Network Data.IntPrjfolder\CENTRAL 138 kV.ElmNet\Timbeque 2.ElmSite\ZTIM2F.ElmSubstat\1.ElmTerm,P.MADERA TVS-1/1C/69/2xF - 559 AAAC,TypTow,0.20000000298023224,1,1.1999999284744263,0.011752475053071976,0.05587345361709595,0.08819828182458878,0.2795025706291199,1.2092344760894775,0.4672203063964844,-4.440892164675075e-17,,1.0,,,,,,
69 kV La Cuarenta – Timbeque 2_c,0,DISTRITO NACIONAL,CENTRAL,CENTRAL 69 kV,\VM-PF.IntUser\PDD 31-12-2024.IntPrj\Network Model.IntPrjfolder\Network Data.IntPrjfolder\CENTRAL 69 kV.ElmNet\69 kV La Cuarenta – Timbeque 2_c.ElmLne,Tap Textiles Titán,,\VM-PF.IntUser\PDD 31-12-2024.IntPrj\Network Model.IntPrjfolder\Network Data.IntPrjfolder\CENTRAL 69 kV.ElmNet\Tap Textiles Titán.ElmTerm,3,ZTIM2F,\VM-PF.IntUser\PDD 31-12-2024.IntPrj\Network Model.IntPrjfolder\Network Data.IntPrjfolder\CENTRAL 138 kV.ElmNet\Timbeque 2.ElmSite\ZTIM2F.ElmSubstat\3.ElmTerm,P.MADERA TP-IG 50 P/69 - 559 AAAC,TypTow,1.100000023841858,1,0.6629999876022339,0.12820284068584442,0.4692046046257019,0.5764073729515076,1.6659917831420898,4.319604873657227,2.253340005874634,-3.0531133838936295e-17,,1.0,,,,,,
69 kV Estrella del Mar 3 – Timbeque 2,0,DISTRITO NACIONAL,CENTRAL,CENTRAL 69 kV,\VM-PF.IntUser\PDD 31-12-2024.IntPrj\Network Model.IntPrjfolder\Network Data.IntPrjfolder\CENTRAL 69 kV.ElmNet\69 kV Estrella del Mar 3 – Timbeque 2.ElmLne,R4,ZEMA3F,\VM-PF.IntUser\PDD 31-12-2024.IntPrj\Network Model.IntPrjfolder\Network Data.IntPrjfolder\CENTRAL 69 kV.ElmNet\EDM 3.ElmSite\ZEMA3F.ElmSubstat\R4.ElmTerm,2,ZTIM2F,\VM-PF.IntUser\PDD 31-12-2024.IntPrj\Network Model.IntPrjfolder\Network Data.IntPrjfolder\CENTRAL 138 kV.ElmNet\Timbeque 2.ElmSite\ZTIM2F.ElmSubstat\2.ElmTerm,P.MADERA TVS-1/1C/69/2xF - ACCC GDANSK,TypTow,0.18000000715255737,1,1.4199999570846558,0.010577227920293808,0.05028611049056053,0.07937845587730408,0.2515523433685303,1.0883110761642456,0.4204982817173004,-3.996803047469241e-17,,1.0,,,,,,
69 kV Estrella del Mar 3 – Timbeque,0,DISTRITO NACIONAL,CENTRAL,CENTRAL 69 kV,\VM-PF.IntUser\PDD 31-12-2024.IntPrj\Network Model.IntPrjfolder\Network Data.IntPrjfolder\CENTRAL 69 kV.ElmNet\69 kV Estrella del Mar 3 – Timbeque.ElmLne,3,ZTIMBF,\VM-PF.IntUser\PDD 31-12-2024.IntPrj\Network Model.IntPrjfolder\Network Data.IntPrjfolder\CENTRAL 69 kV.ElmNet\ZTIMBF.ElmSubstat\3.ElmTerm,L4,ZEMA3F,\VM-PF.IntUser\PDD 31-12-2024.IntPrj\Network Model.IntPrjfolder\Network Data.IntPrjfolder\CENTRAL 69 kV.ElmNet\EDM 3.ElmSite\ZEMA3F.ElmSubstat\L4.ElmTerm,P.MADERA TVS-1/1C/69/2xF - 559 AAAC,TypTow,0.3499999940395355,1,1.3259999752044678,0.020566832274198532,0.09777854382991791,0.1543469876050949,0.48912951350212097,2.1161601543426514,0.8176354765892029,-7.771561040027198e-17,,1.0,,,,,,
69 kV La Cuarenta – Timbeque 2_b,0,SANTO DOMINGO,CENTRAL,CENTRAL 69 kV,\VM-PF.IntUser\PDD 31-12-2024.IntPrj\Network Model.IntPrjfolder\Network Data.IntPrjfolder\CENTRAL 69 kV.ElmNet\69 kV La Cuarenta – Timbeque 2_b.ElmLne,Tap Industrias Nacionales,,\VM-PF.IntUser\PDD 31-12-2024.IntPrj\Network Model.IntPrjfolder\Network Data.IntPrjfolder\CENTRAL 69 kV.ElmNet\Tap Industrias Nacionales.ElmTerm,Tap Textiles Titán,,\VM-PF.IntUser\PDD 31-12-2024.IntPrj\Network Model.IntPrjfolder\Network Data.IntPrjfolder\CENTRAL 69 kV.ElmNet\Tap Textiles Titán.ElmTerm,P.MADERA TP-IG 50 P/69 - 559 AAAC,TypTow,1.649999976158142,1,0.6629999876022339,0.19230423867702484,0.7038068771362305,0.864611029624939,2.4989874362945557,6.47940731048584,3.3800101280212402,-4.579669910404322e-17,,1.0,,,,,,
69 kV Metropolitano – Listín Diario_a,0,DISTRITO NACIONAL,CENTRAL,CENTRAL 69 kV,\VM-PF.IntUser\PDD 31-12-2024.IntPrj\Network Model.IntPrjfolder\Network Data.IntPrjfolder\CENTRAL 69 kV.ElmNet\69 kV Metropolitano – Listín Diario_a.ElmLne,R1,WMETRF,\VM-PF.IntUser\PDD 31-12-2024.IntPrj\Network Model.IntPrjfolder\Network Data.IntPrjfolder\CENTRAL 138 kV.ElmNet\Metropolitano.ElmSite\WMETRF.ElmSubstat\R1.ElmTerm,Tap CODETEL,,\VM-PF.IntUser\PDD 31-12-2024.IntPrj\Network Model.IntPrjfolder\Network Data.IntPrjfolder\CENTRAL 69 kV.ElmNet\Tap CODETEL.ElmTerm,P.CONCRETO TVS-1/1C/69/1xF - 559 AAAC,TypTow,0.019999999552965164,1,0.6629999876022339,0.0023333474528044462,0.008466270752251148,0.009977927431464195,0.030829181894659996,0.07969584316015244,0.03893548995256424,0.0,,1.0,,,,,,
69 kV Herrera – Metropolitano_a,0,SANTO DOMINGO,CENTRAL,CENTRAL 69 kV,\VM-PF.IntUser\PDD 31-12-2024.IntPrj\Network Model.IntPrjfolder\Network Data.IntPrjfolder\CENTRAL 69 kV.ElmNet\69 kV Herrera – Metropolitano_a.ElmLne,Tap 1 Herrera,,\VM-PF.IntUser\PDD 31-12-2024.IntPrj\Network Model.IntPrjfolder\Network Data.IntPrjfolder\CENTRAL 69 kV.ElmNet\Tap 1 Herrera.ElmTerm,L1,WMETRF,\VM-PF.IntUser\PDD 31-12-2024.IntPrj\Network Model.IntPrjfolder\Network Data.IntPrjfolder\CENTRAL 138 kV.ElmNet\Metropolitano.ElmSite\WMETRF.ElmSubstat\L1.ElmTerm,P.MADERA TP-IG 55 P/69 - 477 ACSR,TypTow,8.25,1,0.6589999794960022,0.9729251861572266,3.6179685592651367,4.301498889923096,12.480132102966309,31.954303741455078,16.73056983947754,6.29704621779581e-16,,1.0,,,,,,
69 kV Boca Chica – Mata de Palma_h,0,SANTO DOMINGO,CENTRAL,CENTRAL 69 kV,\VM-PF.IntUser\PDD 31-12-2024.IntPrj\Network Model.IntPrjfolder\Network Data.IntPrjfolder\CENTRAL 69 kV.ElmNet\69 kV Boca Chica – Mata de Palma_h.ElmLne,Tap Mata de Palma,,\VM-PF.IntUser\PDD 31-12-2024.IntPrj\Network Model.IntPrjfolder\Network Data.IntPrjfolder\CENTRAL 69 kV.ElmNet\Tap Mata de Palma.ElmTerm,69 kV Mata de Palma,Mata de Palma,\VM-PF.IntUser\PDD 31-12-2024.IntPrj\Network Model.IntPrjfolder\Network Data.IntPrjfolder\CENTRAL 69 kV.ElmNet\Mata de Palma.ElmSite\69 kV Mata de Palma.ElmTerm,P.MADERA TP-IG 50 P/69 - 559 AAAC,TypTow,15.694999694824219,1,0.6629999876022339,1.829221248626709,6.694696426391602,8.224285125732422,23.770671844482422,61.63290786743164,32.151065826416016,-4.3562375081696633e-16,,1.0,,,,,,
69 kV Derivación Productos Diversos,0,SANTO DOMINGO,CENTRAL,CENTRAL 69 kV,\VM-PF.IntUser\PDD 31-12-2024.IntPrj\Network Model.IntPrjfolder\Network Data.IntPrjfolder\CENTRAL 69 kV.ElmNet\69 kV Derivación Productos Diversos.ElmLne,Tap Productos Diversos,,\VM-PF.IntUser\PDD 31-12-2024.IntPrj\Network Model.IntPrjfolder\Network Data.IntPrjfolder\CENTRAL 69 kV.ElmNet\Tap Productos Diversos.ElmTerm,69 kV Productos Diversos,,\VM-PF.IntUser\PDD 31-12-2024.IntPrj\Network Model.IntPrjfolder\Network Data.IntPrjfolder\CENTRAL 69 kV.ElmNet\69 kV Productos Diversos.ElmTerm,P.MADERA TP-IG 50 P/69 - 559 AAAC,TypTow,0.009999999776482582,1,0.6629999876022339,0.0011654802365228534,0.004265496041625738,0.005240066908299923,0.01514537911862135,0.039269134402275085,0.020484909415245056,-2.7755574995243454e-19,,1.0,,,,,,
69 kV Derivación Cabayona,0,SANTO DOMINGO,CENTRAL,CENTRAL 69 kV,\VM-PF.IntUser\PDD 31-12-2024.IntPrj\Network Model.IntPrjfolder\Network Data.IntPrjfolder\CENTRAL 69 kV.ElmNet\69 kV Derivación Cabayona.ElmLne,Tap 2 Cabayona,,\VM-PF.IntUser\PDD 31-12-2024.IntPrj\Network Model.IntPrjfolder\Network Data.IntPrjfolder\CENTRAL 69 kV.ElmNet\Tap 2 Cabayona.ElmTerm,69 kV Caballona,,\VM-PF.IntUser\PDD 31-12-2024.IntPrj\Network Model.IntPrjfolder\Network Data.IntPrjfolder\CENTRAL 69 kV.ElmNet\69 kV Caballona.ElmTerm,P.MADERA TP-IG 55 P/69 - 559 AAAC,TypTow,0.03799999877810478,1,0.6629999876022339,0.004431192297488451,0.016428720206022263,0.019762804731726646,0.05724838003516197,0.14718346297740936,0.07706201821565628,2.9004575327192133e-18,,1.0,,,,,,
69 kV Derivación Ind Papel SIDO,0,SANTO DOMINGO,CENTRAL,CENTRAL 69 kV,\VM-PF.IntUser\PDD 31-12-2024.IntPrj\Network Model.IntPrjfolder\Network Data.IntPrjfolder\CENTRAL 69 kV.ElmNet\69 kV Derivación Ind Papel SIDO.ElmLne,Tap Industria Papel SIDO,,\VM-PF.IntUser\PDD 31-12-2024.IntPrj\Network Model.IntPrjfolder\Network Data.IntPrjfolder\CENTRAL 69 kV.ElmNet\Tap Industria Papel SIDO.ElmTerm,69 kV Industria Papel SIDO,,\VM-PF.IntUser\PDD 31-12-2024.IntPrj\Network Model.IntPrjfolder\Network Data.IntPrjfolder\CENTRAL 69 kV.ElmNet\69 kV Industria Papel SIDO.ElmTerm,P.MADERA TP-IG 50 P/69 - 559 AAAC,TypTow,0.15600000321865082,1,0.6629999876022339,0.018181493505835533,0.06654174625873566,0.08174504339694977,0.23626792430877686,0.6125985383987427,0.3195646107196808,-4.329869885373617e-18,,1.0,,,,,,
69 kV INCA km 22 – Palamara_c,0,SANTO DOMINGO,CENTRAL,CENTRAL 69 kV,\VM-PF.IntUser\PDD 31-12-2024.IntPrj\Network Model.IntPrjfolder\Network Data.IntPrjfolder\CENTRAL 69 kV.ElmNet\69 kV INCA km 22 – Palamara_c.ElmLne,Tap Parque Industrial Duarte,,\VM-PF.IntUser\PDD 31-12-2024.IntPrj\Network Model.IntPrjfolder\Network Data.IntPrjfolder\CENTRAL 69 kV.ElmNet\Tap Parque Industrial Duarte.ElmTerm,Tap Industria Papel SIDO,,\VM-PF.IntUser\PDD 31-12-2024.IntPrj\Network Model.IntPrjfolder\Network Data.IntPrjfolder\CENTRAL 69 kV.ElmNet\Tap Industria Papel SIDO.ElmTerm,P.MADERA TP-IG 50 P/69 - 559 AAAC,TypTow,0.017000000923871994,1,0.6629999876022339,0.001981316599994898,0.007251344155520201,0.008908114396035671,0.0257471464574337,0.06675753742456436,0.034824348986148834,-4.718448111082905e-19,,1.0,,,,,,
69 kV Derivación CORVI PVC,0,SANTO DOMINGO,CENTRAL,CENTRAL 69 kV,\VM-PF.IntUser\PDD 31-12-2024.IntPrj\Network Model.IntPrjfolder\Network Data.IntPrjfolder\CENTRAL 69 kV.ElmNet\69 kV Derivación CORVI PVC.ElmLne,69 kV CORVI PVC,,\VM-PF.IntUser\PDD 31-12-2024.IntPrj\Network Model.IntPrjfolder\Network Data.IntPrjfolder\CENTRAL 69 kV.ElmNet\69 kV CORVI PVC.ElmTerm,Tap CORVI PVC,,\VM-PF.IntUser\PDD 31-12-2024.IntPrj\Network Model.IntPrjfolder\Network Data.IntPrjfolder\CENTRAL 69 kV.ElmNet\Tap CORVI PVC.ElmTerm,P.MADERA TP-IG 55 P/69 - 4/0 AAAC,TypTow,0.10199999809265137,1,0.3799999952316284,0.031337495893239975,0.04832812026143074,0.07249076664447784,0.15789668262004852,0.3617872893810272,0.19735167920589447,-5.66213731970918e-18,,1.0,,,,,,
69 kV Cítricos Nacionales – INCA km 22_b,0,SANTO DOMINGO,CENTRAL,CENTRAL 69 kV,\VM-PF.IntUser\PDD 31-12-2024.IntPrj\Network Model.IntPrjfolder\Network Data.IntPrjfolder\CENTRAL 69 kV.ElmNet\69 kV Cítricos Nacionales – INCA km 22_b.ElmLne,Tap Parque Caribbean Glass,,\VM-PF.IntUser\PDD 31-12-2024.IntPrj\Network Model.IntPrjfolder\Network Data.IntPrjfolder\CENTRAL 69 kV.ElmNet\Tap Parque Caribbean Glass.ElmTerm,Tap Cítricos Nacionales,,\VM-PF.IntUser\PDD 31-12-2024.IntPrj\Network Model.IntPrjfolder\Network Data.IntPrjfolder\CENTRAL 69 kV.ElmNet\Tap Cítricos Nacionales.ElmTerm,P.MADERA/69 TH-1G- 4/0 AAAC,TypTow,16.799999237060547,1,0.3799999952316284,5.1680169105529785,8.516311645507812,13.040045738220215,21.537559509277344,55.84303283691406,38.773712158203125,1.8651745966669683e-15,,1.0,,,,,,
69 kV Derivación Alambres Domicanos,0,SUR CERCANO,SUR,CENTRAL 69 kV,\VM-PF.IntUser\PDD 31-12-2024.IntPrj\Network Model.IntPrjfolder\Network Data.IntPrjfolder\CENTRAL 69 kV.ElmNet\69 kV Derivación Alambres Domicanos.ElmLne,69 kV Alambres Dominicanos,,\VM-PF.IntUser\PDD 31-12-2024.IntPrj\Network Model.IntPrjfolder\Network Data.IntPrjfolder\SUR 69 kV.ElmNet\69 kV Alambres Dominicanos.ElmTerm,Tap Alambres Dominicano,,\VM-PF.IntUser\PDD 31-12-2024.IntPrj\Network Model.IntPrjfolder\Network Data.IntPrjfolder\SUR 69 kV.ElmNet\Tap Alambres Dominicano.ElmTerm,P.MADERA TP-IG 55 P/69 - 559 AAAC,TypTow,0.014999999664723873,1,0.6629999876022339,0.0017491549951955676,0.006485021207481623,0.007801107130944729,0.02259804494678974,0.05809873342514038,0.03041921742260456,1.1449174362420498e-18,,1.0,,,,,,
69 kV Bayona – CAASD Bayona_b,0,SUR CERCANO,SUR,CENTRAL 69 kV,\VM-PF.IntUser\PDD 31-12-2024.IntPrj\Network Model.IntPrjfolder\Network Data.IntPrjfolder\CENTRAL 69 kV.ElmNet\69 kV Bayona – CAASD Bayona_b.ElmLne,Tap CAASD Bayona,,\VM-PF.IntUser\PDD 31-12-2024.IntPrj\Network Model.IntPrjfolder\Network Data.IntPrjfolder\CENTRAL 69 kV.ElmNet\Tap CAASD Bayona.ElmTerm,69 kV CAASD Bayona 1,,\VM-PF.IntUser\PDD 31-12-2024.IntPrj\Network Model.IntPrjfolder\Network Data.IntPrjfolder\CENTRAL 69 kV.ElmNet\69 kV CAASD Bayona 1.ElmTerm,P.MADERA TP-IG 55 P/69 - 559 AAAC,TypTow,0.0010000000474974513,1,0.6629999876022339,0.00011661033931886777,0.00043233478209003806,0.0005200738669373095,0.0015065365005284548,0.003873249050229788,0.002027947921305895,7.632783899173774e-20,,1.0,,,,,,
69 kV Derivación Carrefour,0,DISTRITO NACIONAL,CENTRAL,CENTRAL 69 kV,\VM-PF.IntUser\PDD 31-12-2024.IntPrj\Network Model.IntPrjfolder\Network Data.IntPrjfolder\CENTRAL 69 kV.ElmNet\69 kV Derivación Carrefour.ElmLne,69 kV Carrefour(1),,\VM-PF.IntUser\PDD 31-12-2024.IntPrj\Network Model.IntPrjfolder\Network Data.IntPrjfolder\CENTRAL 69 kV.ElmNet\69 kV Carrefour(1).ElmTerm,Tap Carrefour,,\VM-PF.IntUser\PDD 31-12-2024.IntPrj\Network Model.IntPrjfolder\Network Data.IntPrjfolder\CENTRAL 69 kV.ElmNet\Tap Carrefour.ElmTerm,P.MADERA TP-IG 55 P/69 - 477 ACSR,TypTow,0.004999999888241291,1,0.6589999794960022,0.0005896516377106309,0.002192708197981119,0.002606969093903899,0.0075637162663042545,0.019366243854165077,0.010139739140868187,3.8163916264694603e-19,,1.0,,,,,,
69 kV Derivación Grupo Petroquímica,0,DISTRITO NACIONAL,CENTRAL,CENTRAL 69 kV,\VM-PF.IntUser\PDD 31-12-2024.IntPrj\Network Model.IntPrjfolder\Network Data.IntPrjfolder\CENTRAL 69 kV.ElmNet\69 kV Derivación Grupo Petroquímica.ElmLne,69 kV Grupo Petroquímica,,\VM-PF.IntUser\PDD 31-12-2024.IntPrj\Network Model.IntPrjfolder\Network Data.IntPrjfolder\CENTRAL 69 kV.ElmNet\69 kV Grupo Petroquímica.ElmTerm,Tap Grupo Petroquímica,,\VM-PF.IntUser\PDD 31-12-2024.IntPrj\Network Model.IntPrjfolder\Network Data.IntPrjfolder\CENTRAL 69 kV.ElmNet\Tap Grupo Petroquímica.ElmTerm,P.MADERA TP-IG 55 P/69 - 559 AAAC,TypTow,0.0010000000474974513,1,0.6629999876022339,0.00011661033931886777,0.00043233478209003806,0.0005200738669373095,0.0015065365005284548,0.003873249050229788,0.002027947921305895,7.632783899173774e-20,,1.0,,,,,,
69 kV Derivación CODETEL,0,DISTRITO NACIONAL,CENTRAL,CENTRAL 69 kV,\VM-PF.IntUser\PDD 31-12-2024.IntPrj\Network Model.IntPrjfolder\Network Data.IntPrjfolder\CENTRAL 69 kV.ElmNet\69 kV Derivación CODETEL.ElmLne,Tap CODETEL,,\VM-PF.IntUser\PDD 31-12-2024.IntPrj\Network Model.IntPrjfolder\Network Data.IntPrjfolder\CENTRAL 69 kV.ElmNet\Tap CODETEL.ElmTerm,69 kV CODETEL,,\VM-PF.IntUser\PDD 31-12-2024.IntPrj\Network Model.IntPrjfolder\Network Data.IntPrjfolder\CENTRAL 69 kV.ElmNet\69 kV CODETEL.ElmTerm,P.MADERA TP-IG 50 P/69 - 477 ACSR,TypTow,0.019999999552965164,1,0.6589999794960022,0.00235860887914896,0.008770836517214775,0.010431522503495216,0.03024252876639366,0.07749218493700027,0.041308436542749405,-2.7755574995243454e-19,,1.0,,,,,,
69 kV Derivación Banco Popular,0,DISTRITO NACIONAL,CENTRAL,CENTRAL 69 kV,\VM-PF.IntUser\PDD 31-12-2024.IntPrj\Network Model.IntPrjfolder\Network Data.IntPrjfolder\CENTRAL 69 kV.ElmNet\69 kV Derivación Banco Popular.ElmLne,69 kV Banco Popular,,\VM-PF.IntUser\PDD 31-12-2024.IntPrj\Network Model.IntPrjfolder\Network Data.IntPrjfolder\CENTRAL 69 kV.ElmNet\69 kV Banco Popular.ElmTerm,Tap Banco Popular,,\VM-PF.IntUser\PDD 31-12-2024.IntPrj\Network Model.IntPrjfolder\Network Data.IntPrjfolder\CENTRAL 69 kV.ElmNet\Tap Banco Popular.ElmTerm,P.CONCRETO TVS-1/1C/69/1xF - 4/0 AAAC,TypTow,0.01600000075995922,1,0.3799999952316284,0.004916598554700613,0.007436542306095362,0.011032262817025185,0.025326872244477272,0.05822385475039482,0.02976655215024948,-2.220446154715841e-19,,1.0,,,,,,
69 kV Derivación Centro Oper Herrera,0,SANTO DOMINGO,CENTRAL,CENTRAL 69 kV,\VM-PF.IntUser\PDD 31-12-2024.IntPrj\Network Model.IntPrjfolder\Network Data.IntPrjfolder\CENTRAL 69 kV.ElmNet\69 kV Derivación Centro Oper Herrera.ElmLne,69 kV Centro Operaciones Herrera,,\VM-PF.IntUser\PDD 31-12-2024.IntPrj\Network Model.IntPrjfolder\Network Data.IntPrjfolder\CENTRAL 69 kV.ElmNet\69 kV Centro Operaciones Herrera.ElmTerm,Tap Centro Operación Herrera,,\VM-PF.IntUser\PDD 31-12-2024.IntPrj\Network Model.IntPrjfolder\Network Data.IntPrjfolder\CENTRAL 69 kV.ElmNet\Tap Centro Operación Herrera.ElmTerm,P.MADERA TP-IG 50 P/69 - 4/0 AAAC,TypTow,0.02500000037252903,1,0.3799999952316284,0.007680761627852917,0.011845131404697895,0.017771903425455093,0.038684748113155365,0.08870214223861694,0.0492231585085392,2.775557602921922e-18,,1.0,,,,,,
69 kV Derivación Plásticos Flexibles,1,SANTO DOMINGO,CENTRAL,CENTRAL 69 kV,\VM-PF.IntUser\PDD 31-12-2024.IntPrj\Network Model.IntPrjfolder\Network Data.IntPrjfolder\CENTRAL 69 kV.ElmNet\69 kV Derivación Plásticos Flexibles.ElmLne,Tap Plásticos Flexibles(1),,\VM-PF.IntUser\PDD 31-12-2024.IntPrj\Network Model.IntPrjfolder\Network Data.IntPrjfolder\CENTRAL 69 kV.ElmNet\Tap Plásticos Flexibles(1).ElmTerm,69 kV Plásticos Flexibles,,\VM-PF.IntUser\PDD 31-12-2024.IntPrj\Network Model.IntPrjfolder\Network Data.IntPrjfolder\CENTRAL 69 kV.ElmNet\69 kV Plásticos Flexibles.ElmTerm,P.MADERA TP-IG 50 P/69 - 4/0 AAAC,TypTow,0.05000000074505806,1,0.3799999952316284,0.015361523255705833,0.02369026280939579,0.03554380685091019,0.07736949622631073,0.1774042844772339,0.0984463170170784,5.551115205843844e-18,,1.0,,,,,,
69 kV Derivación TORGINOL,0,SANTO DOMINGO,CENTRAL,CENTRAL 69 kV,\VM-PF.IntUser\PDD 31-12-2024.IntPrj\Network Model.IntPrjfolder\Network Data.IntPrjfolder\CENTRAL 69 kV.ElmNet\69 kV Derivación TORGINOL.ElmLne,69 kV TORGINOL,,\VM-PF.IntUser\PDD 31-12-2024.IntPrj\Network Model.IntPrjfolder\Network Data.IntPrjfolder\CENTRAL 69 kV.ElmNet\69 kV TORGINOL.ElmTerm,Tap TORGINOL,,\VM-PF.IntUser\PDD 31-12-2024.IntPrj\Network Model.IntPrjfolder\Network Data.IntPrjfolder\CENTRAL 69 kV.ElmNet\Tap TORGINOL.ElmTerm,P.MADERA TP-IG 50 P/69 - 4/0 AAAC,TypTow,0.029999999329447746,1,0.3799999952316284,0.0092169139534235,0.01421415712684393,0.021326284855604172,0.04642169550061226,0.10644256323575974,0.05906778946518898,3.3306689994292145e-18,,1.0,,,,,,
69 kV Derivación Acueducto Brujela_a,0,SANTO DOMINGO,CENTRAL,CENTRAL 69 kV,\VM-PF.IntUser\PDD 31-12-2024.IntPrj\Network Model.IntPrjfolder\Network Data.IntPrjfolder\CENTRAL 69 kV.ElmNet\69 kV Derivación Acueducto Brujela_a.ElmLne,Tap 2 Catalina,,\VM-PF.IntUser\PDD 31-12-2024.IntPrj\Network Model.IntPrjfolder\Network Data.IntPrjfolder\CENTRAL 69 kV.ElmNet\Tap 2 Catalina.ElmTerm,Tap Acueducto Brujuelas,,\VM-PF.IntUser\PDD 31-12-2024.IntPrj\Network Model.IntPrjfolder\Network Data.IntPrjfolder\CENTRAL 69 kV.ElmNet\Tap Acueducto Brujuelas.ElmTerm,P.CONCRETO TVS-1/1C/69/1xF - 4/0 AAAC,TypTow,0.10000000149011612,1,0.3799999952316284,0.030728738754987717,0.04647838696837425,0.06895164400339127,0.1582929491996765,0.3638990819454193,0.1860409379005432,-1.387778801460961e-18,,1.0,,,,,,
69 kV Derivación Catalina,0,SANTO DOMINGO,CENTRAL,CENTRAL 69 kV,\VM-PF.IntUser\PDD 31-12-2024.IntPrj\Network Model.IntPrjfolder\Network Data.IntPrjfolder\CENTRAL 69 kV.ElmNet\69 kV Derivación Catalina.ElmLne,69 kV Catalina,,\VM-PF.IntUser\PDD 31-12-2024.IntPrj\Network Model.IntPrjfolder\Network Data.IntPrjfolder\CENTRAL 69 kV.ElmNet\69 kV Catalina.ElmTerm,Tap Acueducto Brujuelas,,\VM-PF.IntUser\PDD 31-12-2024.IntPrj\Network Model.IntPrjfolder\Network Data.IntPrjfolder\CENTRAL 69 kV.ElmNet\Tap Acueducto Brujuelas.ElmTerm,P.CONCRETO TVS-1/1C/69/1xF - 4/0 AAAC,TypTow,0.0010000000474974513,1,0.3799999952316284,0.0003072874096687883,0.0004647838941309601,0.000689516426064074,0.0015829295152798295,0.0036389909218996763,0.0018604095093905926,-1.3877788466974007e-20,,1.0,,,,,,
69 kV Derivación La Caleta,0,SANTO DOMINGO,CENTRAL,CENTRAL 69 kV,\VM-PF.IntUser\PDD 31-12-2024.IntPrj\Network Model.IntPrjfolder\Network Data.IntPrjfolder\CENTRAL 69 kV.ElmNet\69 kV Derivación La Caleta.ElmLne,69 kV La Caleta,ZLCALF,\VM-PF.IntUser\PDD 31-12-2024.IntPrj\Network Model.IntPrjfolder\Network Data.IntPrjfolder\CENTRAL 69 kV.ElmNet\ZLCALF.ElmSubstat\69 kV La Caleta.ElmTerm,Tap 1 La Caleta,,\VM-PF.IntUser\PDD 31-12-2024.IntPrj\Network Model.IntPrjfolder\Network Data.IntPrjfolder\CENTRAL 69 kV.ElmNet\Tap 1 La Caleta.ElmTerm,P.MADERA TP-IG 50 P/69 - 559 AAAC,TypTow,0.020999999716877937,1,0.6629999876022339,0.0024475085083395243,0.008957542479038239,0.011004140600562096,0.03180529549717903,0.08246518671512604,0.04301831126213074,-5.828670800699914e-19,,1.0,,,,,,
69 kV Derivación Grupo Ramos Mella,0,SANTO DOMINGO,CENTRAL,CENTRAL 69 kV,\VM-PF.IntUser\PDD 31-12-2024.IntPrj\Network Model.IntPrjfolder\Network Data.IntPrjfolder\CENTRAL 69 kV.ElmNet\69 kV Derivación Grupo Ramos Mella.ElmLne,Tap Grupo Ramos Mella,,\VM-PF.IntUser\PDD 31-12-2024.IntPrj\Network Model.IntPrjfolder\Network Data.IntPrjfolder\CENTRAL 69 kV.ElmNet\Tap Grupo Ramos Mella.ElmTerm,69 kV Grupo Ramos Mella,,\VM-PF.IntUser\PDD 31-12-2024.IntPrj\Network Model.IntPrjfolder\Network Data.IntPrjfolder\CENTRAL 69 kV.ElmNet\69 kV Grupo Ramos Mella.ElmTerm,P.MADERA TP-IG 50 P/69 - 559 AAAC,TypTow,0.0010000000474974513,1,0.6629999876022339,0.00011654803529381752,0.00042654963908717036,0.0005240067257545888,0.0015145379584282637,0.003926913719624281,0.002048491034656763,-2.7755576933948015e-20,,1.0,,,,,,
69 kV Derivación Guerra,0,SANTO DOMINGO,CENTRAL,CENTRAL 69 kV,\VM-PF.IntUser\PDD 31-12-2024.IntPrj\Network Model.IntPrjfolder\Network Data.IntPrjfolder\CENTRAL 69 kV.ElmNet\69 kV Derivación Guerra.ElmLne,Tap Guerra,,\VM-PF.IntUser\PDD 31-12-2024.IntPrj\Network Model.IntPrjfolder\Network Data.IntPrjfolder\CENTRAL 69 kV.ElmNet\Tap Guerra.ElmTerm,69 kV Guerra,,\VM-PF.IntUser\PDD 31-12-2024.IntPrj\Network Model.IntPrjfolder\Network Data.IntPrjfolder\CENTRAL 69 kV.ElmNet\69 kV Guerra.ElmTerm,P.MADERA TP-IG 50 P/69 - 559 AAAC,TypTow,0.0010000000474974513,1,0.6629999876022339,0.00011654803529381752,0.00042654963908717036,0.0005240067257545888,0.0015145379584282637,0.003926913719624281,0.002048491034656763,-2.7755576933948015e-20,,1.0,,,,,,
69 kV Derivación Base Aerea San Isidro,0,SANTO DOMINGO,CENTRAL,CENTRAL 69 kV,\VM-PF.IntUser\PDD 31-12-2024.IntPrj\Network Model.IntPrjfolder\Network Data.IntPrjfolder\CENTRAL 69 kV.ElmNet\69 kV Derivación Base Aerea San Isidro.ElmLne,Tap Base Aérea San Isidro,,\VM-PF.IntUser\PDD 31-12-2024.IntPrj\Network Model.IntPrjfolder\Network Data.IntPrjfolder\CENTRAL 69 kV.ElmNet\Tap Base Aérea San Isidro.ElmTerm,69 kV Base Aérea San Isidro,,\VM-PF.IntUser\PDD 31-12-2024.IntPrj\Network Model.IntPrjfolder\Network Data.IntPrjfolder\CENTRAL 69 kV.ElmNet\69 kV Base Aérea San Isidro.ElmTerm,P.CONCRETO TVS-1/1C/69/1xF - 4/0 AAAC,TypTow,1.100000023841858,1,0.3799999952316284,0.3380161225795746,0.5112622976303101,0.7584680914878845,1.7412225008010864,4.002890110015869,2.04645037651062,-1.5265566919468147e-17,,1.0,,,,,,
69 kV Derivación Tamarindo,0,SANTO DOMINGO,CENTRAL,CENTRAL 69 kV,\VM-PF.IntUser\PDD 31-12-2024.IntPrj\Network Model.IntPrjfolder\Network Data.IntPrjfolder\CENTRAL 69 kV.ElmNet\69 kV Derivación Tamarindo.ElmLne,69 kV Tamarindo,,\VM-PF.IntUser\PDD 31-12-2024.IntPrj\Network Model.IntPrjfolder\Network Data.IntPrjfolder\CENTRAL 69 kV.ElmNet\69 kV Tamarindo.ElmTerm,Tap Tamarindo,,\VM-PF.IntUser\PDD 31-12-2024.IntPrj\Network Model.IntPrjfolder\Network Data.IntPrjfolder\CENTRAL 69 kV.ElmNet\Tap Tamarindo.ElmTerm,P.MADERA TP-IG 50 P/69 - 559 AAAC,TypTow,0.30000001192092896,1,0.6629999876022339,0.03496440872550011,0.12796489894390106,0.15720202028751373,0.4543614089488983,1.1780741214752197,0.6145473122596741,-8.326673015560919e-18,,1.0,,,,,,
69 kV Derivación Gomas y Plásticos,0,SANTO DOMINGO,CENTRAL,CENTRAL 69 kV,\VM-PF.IntUser\PDD 31-12-2024.IntPrj\Network Model.IntPrjfolder\Network Data.IntPrjfolder\CENTRAL 69 kV.ElmNet\69 kV Derivación Gomas y Plásticos.ElmLne,69 kV Gomas y Plásticos,,\VM-PF.IntUser\PDD 31-12-2024.IntPrj\Network Model.IntPrjfolder\Network Data.IntPrjfolder\CENTRAL 69 kV.ElmNet\69 kV Gomas y Plásticos.ElmTerm,Tap Gomas Y Plásticos,,\VM-PF.IntUser\PDD 31-12-2024.IntPrj\Network Model.IntPrjfolder\Network Data.IntPrjfolder\CENTRAL 69 kV.ElmNet\Tap Gomas Y Plásticos.ElmTerm,P.MADERA TP-IG 55 P/69 - 4/0 AAAC,TypTow,0.019999999552965164,1,0.3799999952316284,0.006144606973975897,0.009476101957261562,0.01421387679874897,0.03096013329923153,0.07093868404626846,0.03869640454649925,-1.1102229998097382e-18,,1.0,,,,,,
69 kV Derivación INCA La Isabela_b,0,SANTO DOMINGO,CENTRAL,CENTRAL 69 kV,\VM-PF.IntUser\PDD 31-12-2024.IntPrj\Network Model.IntPrjfolder\Network Data.IntPrjfolder\CENTRAL 69 kV.ElmNet\69 kV Derivación INCA La Isabela_b.ElmLne,69 kV INCA La Isabela,,\VM-PF.IntUser\PDD 31-12-2024.IntPrj\Network Model.IntPrjfolder\Network Data.IntPrjfolder\CENTRAL 69 kV.ElmNet\69 kV INCA La Isabela.ElmTerm,Tap INCA La Isabela,,\VM-PF.IntUser\PDD 31-12-2024.IntPrj\Network Model.IntPrjfolder\Network Data.IntPrjfolder\CENTRAL 69 kV.ElmNet\Tap INCA La Isabela.ElmTerm,P.MADERA TP-IG 55 P/69 - 4/0 AAAC,TypTow,0.25,1,0.3799999952316284,0.07680758833885193,0.11845127493143082,0.17767345905303955,0.3870016932487488,0.8867335915565491,0.4837051033973694,-1.3877787807814457e-17,,1.0,,,,,,
69 kV Dajao – Monte Plata Solar_a,0,SANTO DOMINGO,CENTRAL,CENTRAL 69 kV,\VM-PF.IntUser\PDD 31-12-2024.IntPrj\Network Model.IntPrjfolder\Network Data.IntPrjfolder\CENTRAL 69 kV.ElmNet\69 kV Dajao – Monte Plata Solar_a.ElmLne,1(3),ZDJAOF,\VM-PF.IntUser\PDD 31-12-2024.IntPrj\Network Model.IntPrjfolder\Network Data.IntPrjfolder\CENTRAL 138 kV.ElmNet\Dajao.ElmSite\ZDJAOF.ElmSubstat\1(3).ElmTerm,Tap Sierra Prieta,,\VM-PF.IntUser\PDD 31-12-2024.IntPrj\Network Model.IntPrjfolder\Network Data.IntPrjfolder\ESTE 69 kV.ElmNet\Tap Sierra Prieta.ElmTerm,T.ACERO S1(2)/1C/138/1xF/559 AAAC,TypTow,9.329999923706055,1,0.6629999876022339,1.0853381156921387,4.42745304107666,4.022540092468262,13.990084648132324,32.81919860839844,16.627187728881836,7.768785551287062e-16,,1.0,,,,,,
69 kV Derivación Parque Ind Duarte,0,SANTO DOMINGO,CENTRAL,CENTRAL 69 kV,\VM-PF.IntUser\PDD 31-12-2024.IntPrj\Network Model.IntPrjfolder\Network Data.IntPrjfolder\CENTRAL 69 kV.ElmNet\69 kV Derivación Parque Ind Duarte.ElmLne,Tap Parque Industrial Duarte,,\VM-PF.IntUser\PDD 31-12-2024.IntPrj\Network Model.IntPrjfolder\Network Data.IntPrjfolder\CENTRAL 69 kV.ElmNet\Tap Parque Industrial Duarte.ElmTerm,69 kV Parque Industrial Duarte,,\VM-PF.IntUser\PDD 31-12-2024.IntPrj\Network Model.IntPrjfolder\Network Data.IntPrjfolder\CENTRAL 69 kV.ElmNet\69 kV Parque Industrial Duarte.ElmTerm,P.MADERA TP-IG 50 P/69 - 559 AAAC,TypTow,0.007000000216066837,1,0.6629999876022339,0.0008158362470567226,0.0029858474154025316,0.003668047022074461,0.010601765476167202,0.02748839557170868,0.014339436776936054,-1.9428903530646184e-19,,1.0,,,,,,
69 kV Arroyo Hondo – Kilómetro 10.5_b,0,SANTO DOMINGO,CENTRAL,CENTRAL 69 kV,\VM-PF.IntUser\PDD 31-12-2024.IntPrj\Network Model.IntPrjfolder\Network Data.IntPrjfolder\CENTRAL 69 kV.ElmNet\69 kV Arroyo Hondo – Kilómetro 10.5_b.ElmLne,L1,ZKDMEF,\VM-PF.IntUser\PDD 31-12-2024.IntPrj\Network Model.IntPrjfolder\Network Data.IntPrjfolder\CENTRAL 69 kV.ElmNet\ZKDMEF.ElmSubstat\L1.ElmTerm,Tap Carrefour,,\VM-PF.IntUser\PDD 31-12-2024.IntPrj\Network Model.IntPrjfolder\Network Data.IntPrjfolder\CENTRAL 69 kV.ElmNet\Tap Carrefour.ElmTerm,P.MADERA TP-IG 50 P/69 - 477 ACSR,TypTow,0.6000000238418579,1,0.5999999642372131,0.07075826823711395,0.26312509179115295,0.312945693731308,0.907275915145874,2.324765682220459,1.2392531633377075,-8.326673015560919e-18,,1.0,,,,,,
69 kV Arroyo Hondo – Kilómetro 10.5_a,0,DISTRITO NACIONAL,CENTRAL,CENTRAL 69 kV,\VM-PF.IntUser\PDD 31-12-2024.IntPrj\Network Model.IntPrjfolder\Network Data.IntPrjfolder\CENTRAL 69 kV.ElmNet\69 kV Arroyo Hondo – Kilómetro 10.5_a.ElmLne,WAHONF(12),ZAHONF,\VM-PF.IntUser\PDD 31-12-2024.IntPrj\Network Model.IntPrjfolder\Network Data.IntPrjfolder\CENTRAL 138 kV.ElmNet\Arroyo Hondo.ElmSite\ZAHONF.ElmSubstat\WAHONF(12).ElmTerm,Tap Carrefour,,\VM-PF.IntUser\PDD 31-12-2024.IntPrj\Network Model.IntPrjfolder\Network Data.IntPrjfolder\CENTRAL 69 kV.ElmNet\Tap Carrefour.ElmTerm,P.MADERA TP-IG 55 P/69 - 477 ACSR,TypTow,4.75,1,0.5999999642372131,0.5601690411567688,2.0830729007720947,2.476620674133301,7.185530662536621,18.397932052612305,9.632752418518066,3.625572064791527e-16,,1.0,,,,,,
69 kV Hainamosa – Boca Chica(Tamarindo)d,0,SANTO DOMINGO,CENTRAL,CENTRAL 69 kV,\VM-PF.IntUser\PDD 31-12-2024.IntPrj\Network Model.IntPrjfolder\Network Data.IntPrjfolder\CENTRAL 69 kV.ElmNet\69 kV Hainamosa – Boca Chica(Tamarindo)d.ElmLne,Tap Base Aérea San Isidro,,\VM-PF.IntUser\PDD 31-12-2024.IntPrj\Network Model.IntPrjfolder\Network Data.IntPrjfolder\CENTRAL 69 kV.ElmNet\Tap Base Aérea San Isidro.ElmTerm,Tap 69 kV Maranatha,,\VM-PF.IntUser\PDD 31-12-2024.IntPrj\Network Model.IntPrjfolder\Network Data.IntPrjfolder\CENTRAL 69 kV.ElmNet\Tap 69 kV Maranatha.ElmTerm,P.MADERA TP-IG 50 P/69 - 559 AAAC,TypTow,1.7999999523162842,1,0.6629999876022339,0.20978644490242004,0.7677893042564392,0.9432120323181152,2.726168155670166,7.06844425201416,3.687283754348755,-4.9960034784643064e-17,,1.0,,,,,,
69 kV Hainamosa – Boca Chica(Tamar(1),0,,,CENTRAL 69 kV,\VM-PF.IntUser\PDD 31-12-2024.IntPrj\Network Model.IntPrjfolder\Network Data.IntPrjfolder\CENTRAL 69 kV.ElmNet\69 kV Hainamosa – Boca Chica(Tamar(1).ElmLne,Tap 69 kV Maranatha,,\VM-PF.IntUser\PDD 31-12-2024.IntPrj\Network Model.IntPrjfolder\Network Data.IntPrjfolder\CENTRAL 69 kV.ElmNet\Tap 69 kV Maranatha.ElmTerm,Tap ZF Buena Vista,,\VM-PF.IntUser\PDD 31-12-2024.IntPrj\Network Model.IntPrjfolder\Network Data.IntPrjfolder\ESTE 69 kV.ElmNet\Tap ZF Buena Vista.ElmTerm,P.MADERA TP-IG 50 P/69 - 559 AAAC,TypTow,1.1200001239776611,1,0.6629999876022339,0.13053379952907562,0.47773563861846924,0.586887538433075,1.6962826251983643,4.398143768310547,2.2943100929260254,-3.108624813057573e-17,,1.0,,,,,,
69 kV Boca Chica – Mata de Palma_e,0,SANTO DOMINGO,CENTRAL,CENTRAL 69 kV,\VM-PF.IntUser\PDD 31-12-2024.IntPrj\Network Model.IntPrjfolder\Network Data.IntPrjfolder\CENTRAL 69 kV.ElmNet\69 kV Boca Chica – Mata de Palma_e.ElmLne,Tap ZF Buena Vista,,\VM-PF.IntUser\PDD 31-12-2024.IntPrj\Network Model.IntPrjfolder\Network Data.IntPrjfolder\ESTE 69 kV.ElmNet\Tap ZF Buena Vista.ElmTerm,Tap Grupo Ramos Mella,,\VM-PF.IntUser\PDD 31-12-2024.IntPrj\Network Model.IntPrjfolder\Network Data.IntPrjfolder\CENTRAL 69 kV.ElmNet\Tap Grupo Ramos Mella.ElmTerm,P.MADERA TP-IG 50 P/69 - 559 AAAC,TypTow,0.8500000238418579,1,0.6629999876022339,0.09906582534313202,0.3625671863555908,0.4454056918621063,1.2873573303222656,3.337876796722412,1.7412173748016357,-2.3592239935029067e-17,,1.0,,,,,,
69 kV Boca Chica – Mata de Palma_d,0,SANTO DOMINGO,CENTRAL,CENTRAL 69 kV,\VM-PF.IntUser\PDD 31-12-2024.IntPrj\Network Model.IntPrjfolder\Network Data.IntPrjfolder\CENTRAL 69 kV.ElmNet\69 kV Boca Chica – Mata de Palma_d.ElmLne,Tap Grupo Ramos Mella,,\VM-PF.IntUser\PDD 31-12-2024.IntPrj\Network Model.IntPrjfolder\Network Data.IntPrjfolder\CENTRAL 69 kV.ElmNet\Tap Grupo Ramos Mella.ElmTerm,Tap 1 Kilómetro 24,,\VM-PF.IntUser\PDD 31-12-2024.IntPrj\Network Model.IntPrjfolder\Network Data.IntPrjfolder\CENTRAL 69 kV.ElmNet\Tap 1 Kilómetro 24.ElmTerm,P.MADERA TP-IG 50 P/69 - 559 AAAC,TypTow,0.8500000238418579,1,0.6629999876022339,0.09906582534313202,0.3625671863555908,0.4454056918621063,1.2873573303222656,3.337876796722412,1.7412173748016357,-2.3592239935029067e-17,,1.0,,,,,,
69 kV Derivación ZF Multinodal Caucedo,0,SANTO DOMINGO,CENTRAL,CENTRAL 69 kV,\VM-PF.IntUser\PDD 31-12-2024.IntPrj\Network Model.IntPrjfolder\Network Data.IntPrjfolder\CENTRAL 69 kV.ElmNet\69 kV Derivación ZF Multinodal Caucedo.ElmLne,Tap 1 Parque Cibernético,,\VM-PF.IntUser\PDD 31-12-2024.IntPrj\Network Model.IntPrjfolder\Network Data.IntPrjfolder\CENTRAL 69 kV.ElmNet\Tap 1 Parque Cibernético.ElmTerm,69 kV ZF Multimodal Caucedo,,\VM-PF.IntUser\PDD 31-12-2024.IntPrj\Network Model.IntPrjfolder\Network Data.IntPrjfolder\CENTRAL 69 kV.ElmNet\69 kV ZF Multimodal Caucedo.ElmTerm,P.MADERA TVS-1/1C/69/1xF - 4/0 AAAC,TypTow,3.299999952316284,1,0.3799999952316284,1.0140483379364014,1.5337867736816406,2.275404214859009,5.223667144775391,12.008668899536133,6.139350891113281,-4.579669910404322e-17,,1.0,,,,,,
69 kV Boca Chica – Acueducto Brujuela_a,0,SANTO DOMINGO,CENTRAL,CENTRAL 69 kV,\VM-PF.IntUser\PDD 31-12-2024.IntPrj\Network Model.IntPrjfolder\Network Data.IntPrjfolder\CENTRAL 69 kV.ElmNet\69 kV Boca Chica – Acueducto Brujuela_a.ElmLne,Tap 2 Catalina,,\VM-PF.IntUser\PDD 31-12-2024.IntPrj\Network Model.IntPrjfolder\Network Data.IntPrjfolder\CENTRAL 69 kV.ElmNet\Tap 2 Catalina.ElmTerm,Tap 1 Catalina,,\VM-PF.IntUser\PDD 31-12-2024.IntPrj\Network Model.IntPrjfolder\Network Data.IntPrjfolder\CENTRAL 69 kV.ElmNet\Tap 1 Catalina.ElmTerm,P.MADERA TP-IG 50 P/69 - 559 AAAC,TypTow,6.449999809265137,1,0.6629999876022339,0.751734733581543,2.7512450218200684,3.37984299659729,9.768769264221191,25.32859230041504,13.212766647338867,-1.7902345742685057e-16,,1.0,,,,,,
69 kV Derivación Cartonera del Caribe_a,0,SANTO DOMINGO,CENTRAL,CENTRAL 69 kV,\VM-PF.IntUser\PDD 31-12-2024.IntPrj\Network Model.IntPrjfolder\Network Data.IntPrjfolder\CENTRAL 69 kV.ElmNet\69 kV Derivación Cartonera del Caribe_a.ElmLne,Tap ZF Las Américas,,\VM-PF.IntUser\PDD 31-12-2024.IntPrj\Network Model.IntPrjfolder\Network Data.IntPrjfolder\CENTRAL 69 kV.ElmNet\Tap ZF Las Américas.ElmTerm,Tap LADON,,\VM-PF.IntUser\PDD 31-12-2024.IntPrj\Network Model.IntPrjfolder\Network Data.IntPrjfolder\CENTRAL 69 kV.ElmNet\Tap LADON.ElmTerm,P.CONCRETO TVS-1/1C/69/1xF - 559 AAAC,TypTow,0.10999999940395355,1,0.6629999876022339,0.012833410874009132,0.0465644896030426,0.0548786036670208,0.169560506939888,0.4383271336555481,0.21414519846439362,0.0,,1.0,,,,,,
69 kV Derivación Cartonera del Caribe_b,0,SANTO DOMINGO,CENTRAL,CENTRAL 69 kV,\VM-PF.IntUser\PDD 31-12-2024.IntPrj\Network Model.IntPrjfolder\Network Data.IntPrjfolder\CENTRAL 69 kV.ElmNet\69 kV Derivación Cartonera del Caribe_b.ElmLne,69 kV Cartones del Caribe,,\VM-PF.IntUser\PDD 31-12-2024.IntPrj\Network Model.IntPrjfolder\Network Data.IntPrjfolder\CENTRAL 69 kV.ElmNet\69 kV Cartones del Caribe.ElmTerm,Tap LADON,,\VM-PF.IntUser\PDD 31-12-2024.IntPrj\Network Model.IntPrjfolder\Network Data.IntPrjfolder\CENTRAL 69 kV.ElmNet\Tap LADON.ElmTerm,P.CONCRETO TVS-1/1C/69/1xF - 559 AAAC,TypTow,0.4000000059604645,1,0.6629999876022339,0.0466669499874115,0.16932541131973267,0.1995585560798645,0.6165836453437805,1.593916893005371,0.7787098288536072,0.0,,1.0,,,,,,
69 kV Bayona – Palamara_a,0,SANTO DOMINGO,CENTRAL,CENTRAL 69 kV,\VM-PF.IntUser\PDD 31-12-2024.IntPrj\Network Model.IntPrjfolder\Network Data.IntPrjfolder\CENTRAL 69 kV.ElmNet\69 kV Bayona – Palamara_a.ElmLne,1,ZBAYOF,\VM-PF.IntUser\PDD 31-12-2024.IntPrj\Network Model.IntPrjfolder\Network Data.IntPrjfolder\CENTRAL 69 kV.ElmNet\ZBAYOF.ElmSubstat\1.ElmTerm,Tap Hato Nuevo,,\VM-PF.IntUser\PDD 31-12-2024.IntPrj\Network Model.IntPrjfolder\Network Data.IntPrjfolder\CENTRAL 69 kV.ElmNet\Tap Hato Nuevo.ElmTerm,P.MADERA TP-IG 50 P/69 - 559 AAAC,TypTow,1.5800000429153442,1,0.6629999876022339,0.18414588272571564,0.6739484071731567,0.8279305696487427,2.392970085144043,6.20452356338501,3.2366158962249756,-4.3853810663833765e-17,,1.0,,,,,,
69 kV Bayona – Palamara_b,0,SANTO DOMINGO,CENTRAL,CENTRAL 69 kV,\VM-PF.IntUser\PDD 31-12-2024.IntPrj\Network Model.IntPrjfolder\Network Data.IntPrjfolder\CENTRAL 69 kV.ElmNet\69 kV Bayona – Palamara_b.ElmLne,Tap Hato Nuevo,,\VM-PF.IntUser\PDD 31-12-2024.IntPrj\Network Model.IntPrjfolder\Network Data.IntPrjfolder\CENTRAL 69 kV.ElmNet\Tap Hato Nuevo.ElmTerm,Tap 1 Cabayona,,\VM-PF.IntUser\PDD 31-12-2024.IntPrj\Network Model.IntPrjfolder\Network Data.IntPrjfolder\CENTRAL 69 kV.ElmNet\Tap 1 Cabayona.ElmTerm,P.MADERA TP-IG 50 P/69 - 559 AAAC,TypTow,1.149999976158142,1,0.6629999876022339,0.13403022289276123,0.4905320703983307,0.6026076674461365,1.7417185306549072,4.515950679779053,2.355764627456665,-3.191891129622876e-17,,1.0,,,,,,
69 kV Arroyo Hondo – Capotillo_c,0,DISTRITO NACIONAL,CENTRAL,CENTRAL 69 kV,\VM-PF.IntUser\PDD 31-12-2024.IntPrj\Network Model.IntPrjfolder\Network Data.IntPrjfolder\CENTRAL 69 kV.ElmNet\69 kV Arroyo Hondo – Capotillo_c.ElmLne,Tap Petroquímica,,\VM-PF.IntUser\PDD 31-12-2024.IntPrj\Network Model.IntPrjfolder\Network Data.IntPrjfolder\CENTRAL 69 kV.ElmNet\Tap Petroquímica.ElmTerm,Tap Smurfit Kappa,,\VM-PF.IntUser\PDD 31-12-2024.IntPrj\Network Model.IntPrjfolder\Network Data.IntPrjfolder\CENTRAL 69 kV.ElmNet\Tap Smurfit Kappa.ElmTerm,P.MADERA TP-IG 55 P/69 - 559 AAAC,TypTow,0.8755000233650208,1,0.6629999876022339,0.10209234803915024,0.3785090744495392,0.455324649810791,1.3189725875854492,3.3910295963287354,1.7754684686660767,6.682501662984782e-17,,1.0,,,,,,
69 kV Arroyo Hondo – Capotillo_d,0,DISTRITO NACIONAL,CENTRAL,CENTRAL 69 kV,\VM-PF.IntUser\PDD 31-12-2024.IntPrj\Network Model.IntPrjfolder\Network Data.IntPrjfolder\CENTRAL 69 kV.ElmNet\69 kV Arroyo Hondo – Capotillo_d.ElmLne,Tap Smurfit Kappa,,\VM-PF.IntUser\PDD 31-12-2024.IntPrj\Network Model.IntPrjfolder\Network Data.IntPrjfolder\CENTRAL 69 kV.ElmNet\Tap Smurfit Kappa.ElmTerm,1,ZCAPOF,\VM-PF.IntUser\PDD 31-12-2024.IntPrj\Network Model.IntPrjfolder\Network Data.IntPrjfolder\CENTRAL 69 kV.ElmNet\ZCAPOF.ElmSubstat\1.ElmTerm,P.MADERA TP-IG 55 P/69 - 559 AAAC,TypTow,0.8755000233650208,1,0.6629999876022339,0.10209234803915024,0.3785090744495392,0.455324649810791,1.3189725875854492,3.3910295963287354,1.7754684686660767,6.682501662984782e-17,,1.0,,,,,,
69 kV Novoplast – Plastifar_b,0,SANTO DOMINGO,CENTRAL,CENTRAL 69 kV,\VM-PF.IntUser\PDD 31-12-2024.IntPrj\Network Model.IntPrjfolder\Network Data.IntPrjfolder\CENTRAL 69 kV.ElmNet\69 kV Novoplast – Plastifar_b.ElmLne,Tap Novoplast,,\VM-PF.IntUser\PDD 31-12-2024.IntPrj\Network Model.IntPrjfolder\Network Data.IntPrjfolder\CENTRAL 69 kV.ElmNet\Tap Novoplast.ElmTerm,69 kV Plastifar,,\VM-PF.IntUser\PDD 31-12-2024.IntPrj\Network Model.IntPrjfolder\Network Data.IntPrjfolder\CENTRAL 69 kV.ElmNet\69 kV Plastifar.ElmTerm,P.MADERA TP-IG 55 P/69 - 4/0 AAAC,TypTow,0.24899999797344208,1,0.3799999952316284,0.07650035619735718,0.11797747015953064,0.17696276307106018,0.3854536712169647,0.8831866383552551,0.48177027702331543,-1.3822276544086636e-17,,1.0,,,,,,
69 kV Derivación Plastifar,0,SANTO DOMINGO,CENTRAL,CENTRAL 69 kV,\VM-PF.IntUser\PDD 31-12-2024.IntPrj\Network Model.IntPrjfolder\Network Data.IntPrjfolder\CENTRAL 69 kV.ElmNet\69 kV Derivación Plastifar.ElmLne,Tap Novoplast,,\VM-PF.IntUser\PDD 31-12-2024.IntPrj\Network Model.IntPrjfolder\Network Data.IntPrjfolder\CENTRAL 69 kV.ElmNet\Tap Novoplast.ElmTerm,Tap Plásticos Flexibles,,\VM-PF.IntUser\PDD 31-12-2024.IntPrj\Network Model.IntPrjfolder\Network Data.IntPrjfolder\CENTRAL 69 kV.ElmNet\Tap Plásticos Flexibles.ElmTerm,P.MADERA TP-IG 55 P/69 - 477 ACSR,TypTow,1.600000023841858,1,0.6589999794960022,0.18868853151798248,0.7016666531562805,0.8342301249504089,2.420389413833618,6.197198390960693,3.2447166442871094,1.2212453535574518e-16,,1.0,,,,,,
69 kV La Cuarenta – Timbeque 2_a,0,SANTO DOMINGO,CENTRAL,CENTRAL 69 kV,\VM-PF.IntUser\PDD 31-12-2024.IntPrj\Network Model.IntPrjfolder\Network Data.IntPrjfolder\CENTRAL 69 kV.ElmNet\69 kV La Cuarenta – Timbeque 2_a.ElmLne,Tap Industrias Nacionales,,\VM-PF.IntUser\PDD 31-12-2024.IntPrj\Network Model.IntPrjfolder\Network Data.IntPrjfolder\CENTRAL 69 kV.ElmNet\Tap Industrias Nacionales.ElmTerm,1,ZLCUAF,\VM-PF.IntUser\PDD 31-12-2024.IntPrj\Network Model.IntPrjfolder\Network Data.IntPrjfolder\CENTRAL 69 kV.ElmNet\ZLCUAF.ElmSubstat\1.ElmTerm,P.MADERA TP-IG 50 P/69 - 559 AAAC,TypTow,2.75,1,0.6629999876022339,0.32050707936286926,1.1730114221572876,1.4410183429718018,4.164979457855225,10.799012184143066,5.633350372314453,-7.632783294297951e-17,,1.0,,,,,,
69 kV Timbeque – Villa Duarte_a,0,DISTRITO NACIONAL,CENTRAL,CENTRAL 69 kV,\VM-PF.IntUser\PDD 31-12-2024.IntPrj\Network Model.IntPrjfolder\Network Data.IntPrjfolder\CENTRAL 69 kV.ElmNet\69 kV Timbeque – Villa Duarte_a.ElmLne,2,ZTIMBF,\VM-PF.IntUser\PDD 31-12-2024.IntPrj\Network Model.IntPrjfolder\Network Data.IntPrjfolder\CENTRAL 69 kV.ElmNet\ZTIMBF.ElmSubstat\2.ElmTerm,Tap Molinos Ozama,,\VM-PF.IntUser\PDD 31-12-2024.IntPrj\Network Model.IntPrjfolder\Network Data.IntPrjfolder\CENTRAL 69 kV.ElmNet\Tap Molinos Ozama.ElmTerm,P.CONCRETO TVS-1/1C/69/1xF - 559 AAAC,TypTow,0.8500000238418579,1,0.6629999876022339,0.09916727244853973,0.3598165214061737,0.42406195402145386,1.3102402687072754,3.387073278427124,1.6547584533691406,0.0,,1.0,,,,,,
69 kV Derivación G. Ramos Charles,0,SANTO DOMINGO,CENTRAL,CENTRAL 69 kV,\VM-PF.IntUser\PDD 31-12-2024.IntPrj\Network Model.IntPrjfolder\Network Data.IntPrjfolder\CENTRAL 69 kV.ElmNet\69 kV Derivación G. Ramos Charles.ElmLne,Tap Invivienda,,\VM-PF.IntUser\PDD 31-12-2024.IntPrj\Network Model.IntPrjfolder\Network Data.IntPrjfolder\CENTRAL 69 kV.ElmNet\Tap Invivienda.ElmTerm,69 kV Grupo Ramos Charles,,\VM-PF.IntUser\PDD 31-12-2024.IntPrj\Network Model.IntPrjfolder\Network Data.IntPrjfolder\CENTRAL 69 kV.ElmNet\69 kV Grupo Ramos Charles.ElmTerm,P.MADERA TP-IG 55 P/69 - 4/0 AAAC,TypTow,2.0,1,0.3799999952316284,0.6144607067108154,0.9476101994514465,1.4213876724243164,3.0960135459899902,7.093868732452393,3.869640827178955,-1.1102230246251565e-16,,1.0,,,,,,
69 kV Derivación ZF San Isidro,0,SANTO DOMINGO,CENTRAL,CENTRAL 69 kV,\VM-PF.IntUser\PDD 31-12-2024.IntPrj\Network Model.IntPrjfolder\Network Data.IntPrjfolder\CENTRAL 69 kV.ElmNet\69 kV Derivación ZF San Isidro.ElmLne,69 kV ZF San Isidro,,\VM-PF.IntUser\PDD 31-12-2024.IntPrj\Network Model.IntPrjfolder\Network Data.IntPrjfolder\CENTRAL 69 kV.ElmNet\69 kV ZF San Isidro.ElmTerm,Tap Invivienda,,\VM-PF.IntUser\PDD 31-12-2024.IntPrj\Network Model.IntPrjfolder\Network Data.IntPrjfolder\CENTRAL 69 kV.ElmNet\Tap Invivienda.ElmTerm,P.MADERA TP-IG 55 P/69 - 4/0 AAAC,TypTow,5.539999961853027,1,0.3799999952316284,1.7020560503005981,2.624880313873291,3.937243938446045,8.575957298278809,19.650014877319336,10.718904495239258,-3.07531775703586e-16,,1.0,,,,,,
69 kV Derivación Parque Caribbean Glass,0,SANTO DOMINGO,CENTRAL,CENTRAL 69 kV,\VM-PF.IntUser\PDD 31-12-2024.IntPrj\Network Model.IntPrjfolder\Network Data.IntPrjfolder\CENTRAL 69 kV.ElmNet\69 kV Derivación Parque Caribbean Glass.ElmLne,Tap Parque Caribbean Glass,,\VM-PF.IntUser\PDD 31-12-2024.IntPrj\Network Model.IntPrjfolder\Network Data.IntPrjfolder\CENTRAL 69 kV.ElmNet\Tap Parque Caribbean Glass.ElmTerm,69 kV Parque Caribbean Glass,,\VM-PF.IntUser\PDD 31-12-2024.IntPrj\Network Model.IntPrjfolder\Network Data.IntPrjfolder\CENTRAL 69 kV.ElmNet\69 kV Parque Caribbean Glass.ElmTerm,P.MADERA TP-IG 50 P/69 - 559 AAAC,TypTow,0.04500000178813934,1,0.6629999876022339,0.005244661588221788,0.01919473335146904,0.02358030155301094,0.06815420836210251,0.17671112716197968,0.09218209981918335,-1.2490009523341379e-18,,1.0,,,,,,
69 kV Arroyo Hondo – Palamara_c,1,,,CENTRAL 69 kV,\VM-PF.IntUser\PDD 31-12-2024.IntPrj\Network Model.IntPrjfolder\Network Data.IntPrjfolder\CENTRAL 69 kV.ElmNet\69 kV Arroyo Hondo – Palamara_c.ElmLne,Terminal(2),,\VM-PF.IntUser\PDD 31-12-2024.IntPrj\Network Model.IntPrjfolder\Network Data.IntPrjfolder\CENTRAL 69 kV.ElmNet\Terminal(2).ElmTerm,WAHONF(14),ZAHONF,\VM-PF.IntUser\PDD 31-12-2024.IntPrj\Network Model.IntPrjfolder\Network Data.IntPrjfolder\CENTRAL 138 kV.ElmNet\Arroyo Hondo.ElmSite\ZAHONF.ElmSubstat\WAHONF(14).ElmTerm,,,5.590000152587891,1,0.0,0.0,0.0,0.0,0.0,0.0,0.0,0.0,,,,,,,,
69 kV INCA km 22 – Palamara_e,0,,,CENTRAL 69 kV,\VM-PF.IntUser\PDD 31-12-2024.IntPrj\Network Model.IntPrjfolder\Network Data.IntPrjfolder\CENTRAL 69 kV.ElmNet\69 kV INCA km 22 – Palamara_e.ElmLne,Terminal(4),,\VM-PF.IntUser\PDD 31-12-2024.IntPrj\Network Model.IntPrjfolder\Network Data.IntPrjfolder\CENTRAL 69 kV.ElmNet\Terminal(4).ElmTerm,Tap Industria Papel SIDO,,\VM-PF.IntUser\PDD 31-12-2024.IntPrj\Network Model.IntPrjfolder\Network Data.IntPrjfolder\CENTRAL 69 kV.ElmNet\Tap Industria Papel SIDO.ElmTerm,P.MADERA TP-IG 50 P/69 - 559 AAAC,TypTow,3.799999952316284,1,0.6629999876022339,0.4428825080394745,1.620888590812683,1.9912253618240356,5.755244255065918,14.922271728515625,7.784265518188477,-1.0547118601590089e-16,,1.0,,,,,,
69 kV Arroyo Hondo – La Cuarenta,0,DISTRITO NACIONAL,CENTRAL,CENTRAL 69 kV,\VM-PF.IntUser\PDD 31-12-2024.IntPrj\Network Model.IntPrjfolder\Network Data.IntPrjfolder\CENTRAL 69 kV.ElmNet\69 kV Arroyo Hondo – La Cuarenta.ElmLne,2,ZAHONF,\VM-PF.IntUser\PDD 31-12-2024.IntPrj\Network Model.IntPrjfolder\Network Data.IntPrjfolder\CENTRAL 138 kV.ElmNet\Arroyo Hondo.ElmSite\ZAHONF.ElmSubstat\2.ElmTerm,2,ZLCUAF,\VM-PF.IntUser\PDD 31-12-2024.IntPrj\Network Model.IntPrjfolder\Network Data.IntPrjfolder\CENTRAL 69 kV.ElmNet\ZLCUAF.ElmSubstat\2.ElmTerm,P.MADERA TP-IG 50 P/69 - 559 AAAC,TypTow,3.9000000953674316,1,0.6629999876022339,0.4545373320579529,1.6635435819625854,2.043626070022583,5.906698226928711,15.314963340759277,7.989114761352539,-1.0824674754793072e-16,,1.0,,,,,,
69 kV Los Mina – Villa Duarte,0,SANTO DOMINGO,CENTRAL,CENTRAL 69 kV,\VM-PF.IntUser\PDD 31-12-2024.IntPrj\Network Model.IntPrjfolder\Network Data.IntPrjfolder\CENTRAL 69 kV.ElmNet\69 kV Los Mina – Villa Duarte.ElmLne,1,ZLMINF,\VM-PF.IntUser\PDD 31-12-2024.IntPrj\Network Model.IntPrjfolder\Network Data.IntPrjfolder\CENTRAL 69 kV.ElmNet\ZLMINF.ElmSubstat\1.ElmTerm,F2,ZVDUAE,\VM-PF.IntUser\PDD 31-12-2024.IntPrj\Network Model.IntPrjfolder\Network Data.IntPrjfolder\CENTRAL 138 kV.ElmNet\Villa Duarte.ElmSite\ZVDUAE.ElmSubstat\F2.ElmTerm,P.MADERA TP-IG 55 P/69 - 559 AAAC,TypTow,2.5,1,0.6629999876022339,0.29152584075927734,1.0808368921279907,1.3001846075057983,3.766340970993042,9.683122634887695,5.069869518280029,1.9081958235744878e-16,,1.0,,,,,,
Derivación Terminal 69 kV Dajao,0,SANTO DOMINGO,CENTRAL,CENTRAL 69 kV,\VM-PF.IntUser\PDD 31-12-2024.IntPrj\Network Model.IntPrjfolder\Network Data.IntPrjfolder\CENTRAL 69 kV.ElmNet\Derivación Terminal 69 kV Dajao.ElmLne,Tap Terminal Dajao,Dajao,\VM-PF.IntUser\PDD 31-12-2024.IntPrj\Network Model.IntPrjfolder\Network Data.IntPrjfolder\CENTRAL 138 kV.ElmNet\Dajao.ElmSite\Tap Terminal Dajao.ElmTerm,Terminal 69 kV Dajao,Dajao,\VM-PF.IntUser\PDD 31-12-2024.IntPrj\Network Model.IntPrjfolder\Network Data.IntPrjfolder\CENTRAL 138 kV.ElmNet\Dajao.ElmSite\Terminal 69 kV Dajao.ElmTerm,P.MADERA TP-IG 55 P/69 - 559 AAAC,TypTow,0.04500000178813934,1,0.6629999876022339,0.005247465334832668,0.019455064088106155,0.02340332232415676,0.06779413670301437,0.17429621517658234,0.09125766158103943,3.4347525155213025e-18,,1.0,,,,,,
69 kV Palamara – Madre Vieja_g,0,SUR CERCANO,SUR,CENTRAL 69 kV,\VM-PF.IntUser\PDD 31-12-2024.IntPrj\Network Model.IntPrjfolder\Network Data.IntPrjfolder\CENTRAL 69 kV.ElmNet\69 kV Palamara – Madre Vieja_g.ElmLne,Tap Argos Dominicana,,\VM-PF.IntUser\PDD 31-12-2024.IntPrj\Network Model.IntPrjfolder\Network Data.IntPrjfolder\CENTRAL 69 kV.ElmNet\Tap Argos Dominicana.ElmTerm,Tap INAPA San Rafael,,\VM-PF.IntUser\PDD 31-12-2024.IntPrj\Network Model.IntPrjfolder\Network Data.IntPrjfolder\SUR 69 kV.ElmNet\Tap INAPA San Rafael.ElmTerm,P.MADERA TP-IG 50 P/69 - 559 AAAC,TypTow,2.890000104904175,1,0.6629999876022339,0.33682382106781006,1.2327284812927246,1.5143793821334839,4.377014636993408,11.348780632019043,5.920139312744141,-8.021361644084332e-17,,1.0,,,,,,
69 kV Palamara – Madre Vieja_h,0,SUR CERCANO,SUR,CENTRAL 69 kV,\VM-PF.IntUser\PDD 31-12-2024.IntPrj\Network Model.IntPrjfolder\Network Data.IntPrjfolder\CENTRAL 69 kV.ElmNet\69 kV Palamara – Madre Vieja_h.ElmLne,Tap INAPA San Rafael,,\VM-PF.IntUser\PDD 31-12-2024.IntPrj\Network Model.IntPrjfolder\Network Data.IntPrjfolder\SUR 69 kV.ElmNet\Tap INAPA San Rafael.ElmTerm,Tap 2 Madre Vieja,,\VM-PF.IntUser\PDD 31-12-2024.IntPrj\Network Model.IntPrjfolder\Network Data.IntPrjfolder\SUR 69 kV.ElmNet\Tap 2 Madre Vieja.ElmTerm,P.MADERA TP-IG 50 P/69 - 559 AAAC,TypTow,1.9700000286102295,1,0.6629999876022339,0.22959962487220764,0.8403027653694153,1.0322932004928589,2.983639717102051,7.736020088195801,4.035527229309082,-5.467848475688235e-17,,1.0,,,,,,
69 kV Derivación Parque Industrial DISDO,0,SANTO DOMINGO,CENTRAL,CENTRAL 69 kV,\VM-PF.IntUser\PDD 31-12-2024.IntPrj\Network Model.IntPrjfolder\Network Data.IntPrjfolder\CENTRAL 69 kV.ElmNet\69 kV Derivación Parque Industrial DISDO.ElmLne,Tap 1 DISDO,,\VM-PF.IntUser\PDD 31-12-2024.IntPrj\Network Model.IntPrjfolder\Network Data.IntPrjfolder\CENTRAL 69 kV.ElmNet\Tap 1 DISDO.ElmTerm,69 kV DISDO,,\VM-PF.IntUser\PDD 31-12-2024.IntPrj\Network Model.IntPrjfolder\Network Data.IntPrjfolder\CENTRAL 69 kV.ElmNet\69 kV DISDO.ElmTerm,P.MADERA TP-IG 55 P/69 - 559 AAAC,TypTow,1.600000023841858,1,0.6629999876022339,0.18657653033733368,0.6917356252670288,0.8321181535720825,2.4104583263397217,6.197198390960693,3.2447166442871094,1.2212453535574518e-16,,1.0,,,,,,
69 kV Derivación Maranatha,0,,,CENTRAL 69 kV,\VM-PF.IntUser\PDD 31-12-2024.IntPrj\Network Model.IntPrjfolder\Network Data.IntPrjfolder\CENTRAL 69 kV.ElmNet\69 kV Derivación Maranatha.ElmLne,Tap 69 kV Maranatha,,\VM-PF.IntUser\PDD 31-12-2024.IntPrj\Network Model.IntPrjfolder\Network Data.IntPrjfolder\CENTRAL 69 kV.ElmNet\Tap 69 kV Maranatha.ElmTerm,69 kV Maranatha,Maranatha,\VM-PF.IntUser\PDD 31-12-2024.IntPrj\Network Model.IntPrjfolder\Network Data.IntPrjfolder\CENTRAL 69 kV.ElmNet\Maranatha.ElmSite\69 kV Maranatha.ElmTerm,P.MADERA TVS-1 65/1C/69/1xF - 559 AAA,TypTow,5.385000228881836,1,0.6629999876022339,0.6275113224983215,2.277768850326538,2.6447255611419678,8.341907501220703,21.446365356445312,10.16579818725586,2.989275620858176e-16,,1.0,,,,,,
Derivación 69 kV CCN,0,SANTO DOMINGO,CENTRAL,CENTRAL 69 kV,\VM-PF.IntUser\PDD 31-12-2024.IntPrj\Network Model.IntPrjfolder\Network Data.IntPrjfolder\CENTRAL 69 kV.ElmNet\Derivación 69 kV CCN.ElmLne,69 kV Parque Logístico CCN,,\VM-PF.IntUser\PDD 31-12-2024.IntPrj\Network Model.IntPrjfolder\Network Data.IntPrjfolder\CENTRAL 69 kV.ElmNet\69 kV Parque Logístico CCN.ElmTerm,Terminal(4),,\VM-PF.IntUser\PDD 31-12-2024.IntPrj\Network Model.IntPrjfolder\Network Data.IntPrjfolder\CENTRAL 69 kV.ElmNet\Terminal(4).ElmTerm,P.MADERA TP-IG 50 P/69 - 559 AAAC,TypTow,4.0,1,0.6629999876022339,0.4661921262741089,1.7061985731124878,2.096026659011841,6.058151721954346,15.70765495300293,8.193964004516602,-1.1102230246251565e-16,,1.0,,,,,,
345 kV Bonao 3 – El Naranjo L1,0,CIBAO NORTE,NORTE,Expansión 345 kV,\VM-PF.IntUser\PDD 31-12-2024.IntPrj\Network Model.IntPrjfolder\Network Data.IntPrjfolder\Expansión 345 kV.ElmNet\345 kV Bonao 3 – El Naranjo L1.ElmLne,D6,ZNARAD,\VM-PF.IntUser\PDD 31-12-2024.IntPrj\Network Model.IntPrjfolder\Network Data.IntPrjfolder\Expansión 345 kV.ElmNet\El Naranjo.ElmSite\ZNARAD.ElmSubstat\D6.ElmTerm,L2,ZBON3D,\VM-PF.IntUser\PDD 31-12-2024.IntPrj\Network Model.IntPrjfolder\Network Data.IntPrjfolder\Expansión 345 kV.ElmNet\Bonao 3.ElmSite\ZBON3D.ElmSubstat\L2.ElmTerm,,,75.16999816894531,1,1.9889999628067017,8.872048377990723,40.498016357421875,31.7536563873291,98.45075988769531,232.3426055908203,152.78387451171875,0.0,,,,,,,,
345 kV Bonao 3 – El Naranjo L2,0,CIBAO NORTE,NORTE,Expansión 345 kV,\VM-PF.IntUser\PDD 31-12-2024.IntPrj\Network Model.IntPrjfolder\Network Data.IntPrjfolder\Expansión 345 kV.ElmNet\345 kV Bonao 3 – El Naranjo L2.ElmLne,D7,ZNARAD,\VM-PF.IntUser\PDD 31-12-2024.IntPrj\Network Model.IntPrjfolder\Network Data.IntPrjfolder\Expansión 345 kV.ElmNet\El Naranjo.ElmSite\ZNARAD.ElmSubstat\D7.ElmTerm,L1,ZBON3D,\VM-PF.IntUser\PDD 31-12-2024.IntPrj\Network Model.IntPrjfolder\Network Data.IntPrjfolder\Expansión 345 kV.ElmNet\Bonao 3.ElmSite\ZBON3D.ElmSubstat\L1.ElmTerm,,,75.16999816894531,1,1.9889999628067017,8.872048377990723,40.498016357421875,31.7536563873291,98.45075988769531,232.3426055908203,152.78387451171875,2.0863865682048486e-15,,,,,,,,
345 kV Bonao 3 – Julio Sauri_a,0,SUR CERCANO,SUR,Expansión 345 kV,\VM-PF.IntUser\PDD 31-12-2024.IntPrj\Network Model.IntPrjfolder\Network Data.IntPrjfolder\Expansión 345 kV.ElmNet\345 kV Bonao 3 – Julio Sauri_a.ElmLne,Tap 3 Julio Sauri,,\VM-PF.IntUser\PDD 31-12-2024.IntPrj\Network Model.IntPrjfolder\Network Data.IntPrjfolder\Expansión 345 kV.ElmNet\Tap 3 Julio Sauri.ElmTerm,R1,ZBON3D,\VM-PF.IntUser\PDD 31-12-2024.IntPrj\Network Model.IntPrjfolder\Network Data.IntPrjfolder\Expansión 345 kV.ElmNet\Bonao 3.ElmSite\ZBON3D.ElmSubstat\R1.ElmTerm,,,43.97999954223633,1,1.9889999628067017,5.190803527832031,23.6943302154541,18.57823371887207,57.6009635925293,135.9375762939453,89.38985443115234,0.0,,,,,,,,
345 kV Bonao 3 – Julio Sauri_b,0,SUR CERCANO,SUR,Expansión 345 kV,\VM-PF.IntUser\PDD 31-12-2024.IntPrj\Network Model.IntPrjfolder\Network Data.IntPrjfolder\Expansión 345 kV.ElmNet\345 kV Bonao 3 – Julio Sauri_b.ElmLne,Tap 3 Julio Sauri,,\VM-PF.IntUser\PDD 31-12-2024.IntPrj\Network Model.IntPrjfolder\Network Data.IntPrjfolder\Expansión 345 kV.ElmNet\Tap 3 Julio Sauri.ElmTerm,D6,ZJSAUD,\VM-PF.IntUser\PDD 31-12-2024.IntPrj\Network Model.IntPrjfolder\Network Data.IntPrjfolder\Expansión 345 kV.ElmNet\Julio Sauri.ElmSite\ZJSAUD.ElmSubstat\D6.ElmTerm,,,11.760000228881836,1,1.9889999628067017,1.3879910707473755,6.335728168487549,4.967713356018066,15.402167320251465,36.34893035888672,23.902334213256836,0.0,,,,,,,,
230 kV Bonao 3 – PVDC_a,0,CIBAO SUR,NORTE,Expansión 345 kV,\VM-PF.IntUser\PDD 31-12-2024.IntPrj\Network Model.IntPrjfolder\Network Data.IntPrjfolder\Expansión 345 kV.ElmNet\230 kV Bonao 3 – PVDC_a.ElmLne,Tap 1 PVDC,,\VM-PF.IntUser\PDD 31-12-2024.IntPrj\Network Model.IntPrjfolder\Network Data.IntPrjfolder\Expansión 345 kV.ElmNet\Tap 1 PVDC.ElmTerm,Tap 230 kV Bonao 3 D01,Bonao 3,\VM-PF.IntUser\PDD 31-12-2024.IntPrj\Network Model.IntPrjfolder\Network Data.IntPrjfolder\Expansión 345 kV.ElmNet\Bonao 3.ElmSite\Tap 230 kV Bonao 3 D01.ElmTerm,,,27.049999237060547,1,1.2000000476837158,1.5350353717803955,12.908092498779297,10.649782180786133,35.16445541381836,94.76304626464844,57.901756286621094,-2.252364791801697e-15,,,,,,,,
230 kV Bonao 3 – Quisqueya 2_a,0,CIBAO SUR,NORTE,Expansión 345 kV,\VM-PF.IntUser\PDD 31-12-2024.IntPrj\Network Model.IntPrjfolder\Network Data.IntPrjfolder\Expansión 345 kV.ElmNet\230 kV Bonao 3 – Quisqueya 2_a.ElmLne,Tap 3 PVDC,,\VM-PF.IntUser\PDD 31-12-2024.IntPrj\Network Model.IntPrjfolder\Network Data.IntPrjfolder\Expansión 345 kV.ElmNet\Tap 3 PVDC.ElmTerm,Tap 230 kV Bonao 3 D02,Bonao 3,\VM-PF.IntUser\PDD 31-12-2024.IntPrj\Network Model.IntPrjfolder\Network Data.IntPrjfolder\Expansión 345 kV.ElmNet\Bonao 3.ElmSite\Tap 230 kV Bonao 3 D02.ElmTerm,,,27.049999237060547,1,1.2000000476837158,1.5350353717803955,12.908092498779297,10.649782180786133,35.16445541381836,94.76304626464844,57.901756286621094,1.1261823959008484e-15,,,,,,,,
230 kV Bonao 3 – Quisqueya 2_b,0,ESTE CERCANO,ESTE,Expansión 345 kV,\VM-PF.IntUser\PDD 31-12-2024.IntPrj\Network Model.IntPrjfolder\Network Data.IntPrjfolder\Expansión 345 kV.ElmNet\230 kV Bonao 3 – Quisqueya 2_b.ElmLne,7,QUISQUEYA 2,\VM-PF.IntUser\PDD 31-12-2024.IntPrj\Network Model.IntPrjfolder\Network Data.IntPrjfolder\Expansión 345 kV.ElmNet\Quisqueya.ElmSite\QUISQUEYA 2.ElmSubstat\7.ElmTerm,Tap 3 PVDC,,\VM-PF.IntUser\PDD 31-12-2024.IntPrj\Network Model.IntPrjfolder\Network Data.IntPrjfolder\Expansión 345 kV.ElmNet\Tap 3 PVDC.ElmTerm,,,110.73999786376953,1,1.2000000476837158,6.284281253814697,52.84444046020508,43.599143981933594,143.95977783203125,387.950439453125,237.04400634765625,-9.220957364905556e-15,,,,,,,,
230 kV PVDC – Quisqueya 1_b,0,ESTE CERCANO,ESTE,Expansión 345 kV,\VM-PF.IntUser\PDD 31-12-2024.IntPrj\Network Model.IntPrjfolder\Network Data.IntPrjfolder\Expansión 345 kV.ElmNet\230 kV PVDC – Quisqueya 1_b.ElmLne,4,QUISQUEYA 1,\VM-PF.IntUser\PDD 31-12-2024.IntPrj\Network Model.IntPrjfolder\Network Data.IntPrjfolder\Expansión 345 kV.ElmNet\Quisqueya.ElmSite\QUISQUEYA 1.ElmSubstat\4.ElmTerm,Tap 2 PVDC,,\VM-PF.IntUser\PDD 31-12-2024.IntPrj\Network Model.IntPrjfolder\Network Data.IntPrjfolder\Expansión 345 kV.ElmNet\Tap 2 PVDC.ElmTerm,,,110.73999786376953,1,1.2000000476837158,6.284281253814697,52.84444046020508,43.599143981933594,143.95977783203125,387.950439453125,237.04400634765625,4.610478682452778e-15,,,,,,,,
230 kV PVDC – Quisqueya 1_a,0,CIBAO SUR,NORTE,Expansión 345 kV,\VM-PF.IntUser\PDD 31-12-2024.IntPrj\Network Model.IntPrjfolder\Network Data.IntPrjfolder\Expansión 345 kV.ElmNet\230 kV PVDC – Quisqueya 1_a.ElmLne,R1,ZPVDCD,\VM-PF.IntUser\PDD 31-12-2024.IntPrj\Network Model.IntPrjfolder\Network Data.IntPrjfolder\Expansión 345 kV.ElmNet\PVDC.ElmSite\ZPVDCD.ElmSubstat\R1.ElmTerm,Tap 2 PVDC,,\VM-PF.IntUser\PDD 31-12-2024.IntPrj\Network Model.IntPrjfolder\Network Data.IntPrjfolder\Expansión 345 kV.ElmNet\Tap 2 PVDC.ElmTerm,,,3.809999942779541,1,1.2000000476837158,0.21621015667915344,1.8181084394454956,1.5000247955322266,4.95292329788208,13.347400665283203,8.155478477478027,1.5862311887848398e-16,,,,,,,,
230 kV Bonao 3 – PVDC_b,0,CIBAO SUR,NORTE,Expansión 345 kV,\VM-PF.IntUser\PDD 31-12-2024.IntPrj\Network Model.IntPrjfolder\Network Data.IntPrjfolder\Expansión 345 kV.ElmNet\230 kV Bonao 3 – PVDC_b.ElmLne,Tap 1 PVDC,,\VM-PF.IntUser\PDD 31-12-2024.IntPrj\Network Model.IntPrjfolder\Network Data.IntPrjfolder\Expansión 345 kV.ElmNet\Tap 1 PVDC.ElmTerm,L1,ZPVDCD,\VM-PF.IntUser\PDD 31-12-2024.IntPrj\Network Model.IntPrjfolder\Network Data.IntPrjfolder\Expansión 345 kV.ElmNet\PVDC.ElmSite\ZPVDCD.ElmSubstat\L1.ElmTerm,,,3.809999942779541,1,1.2000000476837158,0.21621015667915344,1.8181084394454956,1.5000247955322266,4.95292329788208,13.347400665283203,8.155478477478027,-3.1724623775696795e-16,,,,,,,,
345 kV Bonao 3 – Guerra_a,0,SUR CERCANO,SUR,Expansión 345 kV,\VM-PF.IntUser\PDD 31-12-2024.IntPrj\Network Model.IntPrjfolder\Network Data.IntPrjfolder\Expansión 345 kV.ElmNet\345 kV Bonao 3 – Guerra_a.ElmLne,Tap 4 Julio Sauri,,\VM-PF.IntUser\PDD 31-12-2024.IntPrj\Network Model.IntPrjfolder\Network Data.IntPrjfolder\Expansión 345 kV.ElmNet\Tap 4 Julio Sauri.ElmTerm,R2,ZBON3D,\VM-PF.IntUser\PDD 31-12-2024.IntPrj\Network Model.IntPrjfolder\Network Data.IntPrjfolder\Expansión 345 kV.ElmNet\Bonao 3.ElmSite\ZBON3D.ElmSubstat\R2.ElmTerm,,,43.97999954223633,1,1.9889999628067017,5.190803527832031,23.6943302154541,18.57823371887207,57.6009635925293,135.9375762939453,89.38985443115234,1.2206902028698654e-15,,,,,,,,
345 kV Guerra – Julio Sauri_b,0,SANTO DOMINGO,SUR,Expansión 345 kV,\VM-PF.IntUser\PDD 31-12-2024.IntPrj\Network Model.IntPrjfolder\Network Data.IntPrjfolder\Expansión 345 kV.ElmNet\345 kV Guerra – Julio Sauri_b.ElmLne,Tap 1 Guerra,,\VM-PF.IntUser\PDD 31-12-2024.IntPrj\Network Model.IntPrjfolder\Network Data.IntPrjfolder\Expansión 345 kV.ElmNet\Tap 1 Guerra.ElmTerm,D8,ZJSAUD,\VM-PF.IntUser\PDD 31-12-2024.IntPrj\Network Model.IntPrjfolder\Network Data.IntPrjfolder\Expansión 345 kV.ElmNet\Julio Sauri.ElmSite\ZJSAUD.ElmSubstat\D8.ElmTerm,,,11.760000228881836,1,1.9889999628067017,1.3879910707473755,6.335728168487549,4.967713356018066,15.402167320251465,36.34893035888672,23.902334213256836,3.2640557559254313e-16,,,,,,,,
345 kV Julio Sauri – Punta Catalina L1,0,SUR CERCANO,SUR,Expansión 345 kV,\VM-PF.IntUser\PDD 31-12-2024.IntPrj\Network Model.IntPrjfolder\Network Data.IntPrjfolder\Expansión 345 kV.ElmNet\345 kV Julio Sauri – Punta Catalina L1.ElmLne,3,ZPCATD,\VM-PF.IntUser\PDD 31-12-2024.IntPrj\Network Model.IntPrjfolder\Network Data.IntPrjfolder\Expansión 345 kV.ElmNet\Punta Catalina.ElmSite\ZPCATD.ElmSubstat\3.ElmTerm,D1,ZJSAUD,\VM-PF.IntUser\PDD 31-12-2024.IntPrj\Network Model.IntPrjfolder\Network Data.IntPrjfolder\Expansión 345 kV.ElmNet\Julio Sauri.ElmSite\ZJSAUD.ElmSubstat\D1.ElmTerm,,,44.93000030517578,1,2.7239999771118164,1.2327253818511963,15.131564140319824,15.987042427062988,48.66032409667969,222.52000427246094,126.00247955322266,1.1223521976166592e-14,,,,,,,,
345 kV Bonao 3 – Guerra_b,0,SUR CERCANO,SUR,Expansión 345 kV,\VM-PF.IntUser\PDD 31-12-2024.IntPrj\Network Model.IntPrjfolder\Network Data.IntPrjfolder\Expansión 345 kV.ElmNet\345 kV Bonao 3 – Guerra_b.ElmLne,Tap 4 Julio Sauri,,\VM-PF.IntUser\PDD 31-12-2024.IntPrj\Network Model.IntPrjfolder\Network Data.IntPrjfolder\Expansión 345 kV.ElmNet\Tap 4 Julio Sauri.ElmTerm,5,ZGUERD,\VM-PF.IntUser\PDD 31-12-2024.IntPrj\Network Model.IntPrjfolder\Network Data.IntPrjfolder\Expansión 345 kV.ElmNet\Guerra.ElmSite\ZGUERD.ElmSubstat\5.ElmTerm,,,42.0,1,1.9889999628067017,4.95711088180542,22.627599716186523,17.741832733154297,55.00774002075195,129.81761169433594,85.365478515625,1.1657341758564144e-15,,,,,,,,
345 kV Guerra – Julio Sauri_a,0,SANTO DOMINGO,CENTRAL,Expansión 345 kV,\VM-PF.IntUser\PDD 31-12-2024.IntPrj\Network Model.IntPrjfolder\Network Data.IntPrjfolder\Expansión 345 kV.ElmNet\345 kV Guerra – Julio Sauri_a.ElmLne,Tap 1 Guerra,,\VM-PF.IntUser\PDD 31-12-2024.IntPrj\Network Model.IntPrjfolder\Network Data.IntPrjfolder\Expansión 345 kV.ElmNet\Tap 1 Guerra.ElmTerm,1,ZGUERD,\VM-PF.IntUser\PDD 31-12-2024.IntPrj\Network Model.IntPrjfolder\Network Data.IntPrjfolder\Expansión 345 kV.ElmNet\Guerra.ElmSite\ZGUERD.ElmSubstat\1.ElmTerm,,,42.0,1,1.9889999628067017,4.95711088180542,22.627599716186523,17.741832733154297,55.00774002075195,129.81761169433594,85.365478515625,0.0,,,,,,,,
138 kV SPM – SPM 2_b,0,ESTE CERCANO,ESTE,ESTE 138 kV,\VM-PF.IntUser\PDD 31-12-2024.IntPrj\Network Model.IntPrjfolder\Network Data.IntPrjfolder\ESTE 138 kV.ElmNet\138 kV SPM – SPM 2_b.ElmLne,Tap 3 Los Orígenes,,\VM-PF.IntUser\PDD 31-12-2024.IntPrj\Network Model.IntPrjfolder\Network Data.IntPrjfolder\ESTE 138 kV.ElmNet\Tap 3 Los Orígenes.ElmTerm,L7,ZSPM2E,\VM-PF.IntUser\PDD 31-12-2024.IntPrj\Network Model.IntPrjfolder\Network Data.IntPrjfolder\ESTE 138 kV.ElmNet\SPM 2.ElmSite\ZSPM2E.ElmSubstat\L7.ElmTerm,,,4.809999942779541,1,0.5680000185966492,0.5595365762710571,2.2825348377227783,2.0737853050231934,7.212465763092041,16.943222045898438,9.882915496826172,7.342737507938805e-16,,,,,,,,
138 kV Los Orígenes – SPM 2_b,0,ESTE CERCANO,ESTE,ESTE 138 kV,\VM-PF.IntUser\PDD 31-12-2024.IntPrj\Network Model.IntPrjfolder\Network Data.IntPrjfolder\ESTE 138 kV.ElmNet\138 kV Los Orígenes – SPM 2_b.ElmLne,Tap 2 Los Orígenes,,\VM-PF.IntUser\PDD 31-12-2024.IntPrj\Network Model.IntPrjfolder\Network Data.IntPrjfolder\ESTE 138 kV.ElmNet\Tap 2 Los Orígenes.ElmTerm,L6,ZSPM2E,\VM-PF.IntUser\PDD 31-12-2024.IntPrj\Network Model.IntPrjfolder\Network Data.IntPrjfolder\ESTE 138 kV.ElmNet\SPM 2.ElmSite\ZSPM2E.ElmSubstat\L6.ElmTerm,,,4.809999942779541,1,0.5680000185966492,0.5595365762710571,2.2825348377227783,2.0737853050231934,7.212465763092041,16.943222045898438,9.882915496826172,-6.675215856149415e-17,,,,,,,,
138 kV Higüey – La Romana,0,ESTE PROFUNDO,ESTE,ESTE 138 kV,\VM-PF.IntUser\PDD 31-12-2024.IntPrj\Network Model.IntPrjfolder\Network Data.IntPrjfolder\ESTE 138 kV.ElmNet\138 kV Higüey – La Romana.ElmLne,1,ZLROME,\VM-PF.IntUser\PDD 31-12-2024.IntPrj\Network Model.IntPrjfolder\Network Data.IntPrjfolder\ESTE 138 kV.ElmNet\La Romana.ElmSite\ZLROME.ElmSubstat\1.ElmTerm,1,ZHIGUE,\VM-PF.IntUser\PDD 31-12-2024.IntPrj\Network Model.IntPrjfolder\Network Data.IntPrjfolder\ESTE 138 kV.ElmNet\ZHIGUE.ElmSubstat\1.ElmTerm,T.ACERO S1/1C/138/1xF - 559.5 AAAC,TypTow,32.0,1,0.6629999876022339,3.7114405632019043,15.92041015625,13.538176536560059,46.762428283691406,106.54002380371094,58.54232406616211,-1.3322676295501878e-15,,1.0,,,,,,
138 kV La Romana – SPM_b,0,ESTE CERCANO,ESTE,ESTE 138 kV,\VM-PF.IntUser\PDD 31-12-2024.IntPrj\Network Model.IntPrjfolder\Network Data.IntPrjfolder\ESTE 138 kV.ElmNet\138 kV La Romana – SPM_b.ElmLne,R1,ZSPMAE,\VM-PF.IntUser\PDD 31-12-2024.IntPrj\Network Model.IntPrjfolder\Network Data.IntPrjfolder\ESTE 138 kV.ElmNet\San Pedro.ElmSite\ZSPMAE.ElmSubstat\R1.ElmTerm,Tap 3 Cumayasa,,\VM-PF.IntUser\PDD 31-12-2024.IntPrj\Network Model.IntPrjfolder\Network Data.IntPrjfolder\ESTE 138 kV.ElmNet\Tap 3 Cumayasa.ElmTerm,,,31.209999084472656,1,0.6629999876022339,3.630589723587036,14.810376167297363,13.455891609191895,46.79855728149414,109.93720245361328,64.12593841552734,-4.33125744776395e-16,,,,,,,,
138 kV Cumayasa – SPM_b,0,ESTE CERCANO,ESTE,ESTE 138 kV,\VM-PF.IntUser\PDD 31-12-2024.IntPrj\Network Model.IntPrjfolder\Network Data.IntPrjfolder\ESTE 138 kV.ElmNet\138 kV Cumayasa – SPM_b.ElmLne,R2,ZSPMAE,\VM-PF.IntUser\PDD 31-12-2024.IntPrj\Network Model.IntPrjfolder\Network Data.IntPrjfolder\ESTE 138 kV.ElmNet\San Pedro.ElmSite\ZSPMAE.ElmSubstat\R2.ElmTerm,Tap 1 Cumayasa,,\VM-PF.IntUser\PDD 31-12-2024.IntPrj\Network Model.IntPrjfolder\Network Data.IntPrjfolder\ESTE 138 kV.ElmNet\Tap 1 Cumayasa.ElmTerm,,,31.209999084472656,1,0.6629999876022339,3.630589723587036,14.810376167297363,13.455891609191895,46.79855728149414,109.93720245361328,64.12593841552734,4.764383298419463e-15,,,,,,,,
138 kV CEMEX – SPM 2,0,ESTE CERCANO,ESTE,ESTE 138 kV,\VM-PF.IntUser\PDD 31-12-2024.IntPrj\Network Model.IntPrjfolder\Network Data.IntPrjfolder\ESTE 138 kV.ElmNet\138 kV CEMEX – SPM 2.ElmLne,WCEMEE(2),ZCEMEE,\VM-PF.IntUser\PDD 31-12-2024.IntPrj\Network Model.IntPrjfolder\Network Data.IntPrjfolder\ESTE 138 kV.ElmNet\CEMEX.ElmSite\ZCEMEE.ElmSubstat\WCEMEE(2).ElmTerm,L5,ZSPM2E,\VM-PF.IntUser\PDD 31-12-2024.IntPrj\Network Model.IntPrjfolder\Network Data.IntPrjfolder\ESTE 138 kV.ElmNet\SPM 2.ElmSite\ZSPM2E.ElmSubstat\L5.ElmTerm,T.ACERO S1(2)/1C/138/2xF/559 AAAC,TypTow,1.6979999542236328,1,1.3259999752044678,0.09920186549425125,0.561347246170044,0.6337536573410034,2.301684617996216,8.536069869995117,3.5676028728485107,9.425793224957695e-17,,1.0,,,,,,
138 kV Juan Dolio – SPM 2_a,0,ESTE CERCANO,ESTE,ESTE 138 kV,\VM-PF.IntUser\PDD 31-12-2024.IntPrj\Network Model.IntPrjfolder\Network Data.IntPrjfolder\ESTE 138 kV.ElmNet\138 kV Juan Dolio – SPM 2_a.ElmLne,Tap 3 Juan Dolio,,\VM-PF.IntUser\PDD 31-12-2024.IntPrj\Network Model.IntPrjfolder\Network Data.IntPrjfolder\ESTE 138 kV.ElmNet\Tap 3 Juan Dolio.ElmTerm,2,ZJDOLE,\VM-PF.IntUser\PDD 31-12-2024.IntPrj\Network Model.IntPrjfolder\Network Data.IntPrjfolder\ESTE 138 kV.ElmNet\ZJDOLE.ElmSubstat\2.ElmTerm,,,5.288000106811523,1,1.3259999752044678,0.3080923557281494,1.7486884593963623,1.8904056549072266,7.239927768707275,26.601259231567383,13.289602279663086,-1.4677148682006101e-15,,,,,,,,
138 kV Juan Dolio – SPM 2_b,0,ESTE CERCANO,ESTE,ESTE 138 kV,\VM-PF.IntUser\PDD 31-12-2024.IntPrj\Network Model.IntPrjfolder\Network Data.IntPrjfolder\ESTE 138 kV.ElmNet\138 kV Juan Dolio – SPM 2_b.ElmLne,Tap 3 Juan Dolio,,\VM-PF.IntUser\PDD 31-12-2024.IntPrj\Network Model.IntPrjfolder\Network Data.IntPrjfolder\ESTE 138 kV.ElmNet\Tap 3 Juan Dolio.ElmTerm,R2,ZSPM2E,\VM-PF.IntUser\PDD 31-12-2024.IntPrj\Network Model.IntPrjfolder\Network Data.IntPrjfolder\ESTE 138 kV.ElmNet\SPM 2.ElmSite\ZSPM2E.ElmSubstat\R2.ElmTerm,,,7.199999809265137,1,1.3259999752044678,0.41949033737182617,2.380967617034912,2.5739259719848633,9.85769271850586,36.21956253051758,18.09476661682129,0.0,,,,,,,,
138 kV CIP La Luisa – SPM 2_b,0,ESTE CERCANO,ESTE,ESTE 138 kV,\VM-PF.IntUser\PDD 31-12-2024.IntPrj\Network Model.IntPrjfolder\Network Data.IntPrjfolder\ESTE 138 kV.ElmNet\138 kV CIP La Luisa – SPM 2_b.ElmLne,R7,ZSPM2E,\VM-PF.IntUser\PDD 31-12-2024.IntPrj\Network Model.IntPrjfolder\Network Data.IntPrjfolder\ESTE 138 kV.ElmNet\SPM 2.ElmSite\ZSPM2E.ElmSubstat\R7.ElmTerm,Tap 3 CIP La Luisa,,\VM-PF.IntUser\PDD 31-12-2024.IntPrj\Network Model.IntPrjfolder\Network Data.IntPrjfolder\ESTE 138 kV.ElmNet\Tap 3 CIP La Luisa.ElmTerm,,,30.364999771118164,1,1.3259999752044678,1.7691422700881958,10.041399955749512,10.855175018310547,41.573448181152344,152.7509765625,76.31217193603516,-8.42798036627913e-15,,,,,,,,
138 kV El Seibo – Higüey,0,ESTE PROFUNDO,ESTE,ESTE 138 kV,\VM-PF.IntUser\PDD 31-12-2024.IntPrj\Network Model.IntPrjfolder\Network Data.IntPrjfolder\ESTE 138 kV.ElmNet\138 kV El Seibo – Higüey.ElmLne,1,ZESEIE,\VM-PF.IntUser\PDD 31-12-2024.IntPrj\Network Model.IntPrjfolder\Network Data.IntPrjfolder\ESTE 138 kV.ElmNet\ZESEIE.ElmSubstat\1.ElmTerm,2,ZHIGUE,\VM-PF.IntUser\PDD 31-12-2024.IntPrj\Network Model.IntPrjfolder\Network Data.IntPrjfolder\ESTE 138 kV.ElmNet\ZHIGUE.ElmSubstat\2.ElmTerm,T.ACERO S1/1C/138/1xF - 559.5 AAAC,TypTow,40.029998779296875,1,0.6629999876022339,4.64277982711792,19.915437698364258,16.93541145324707,58.49687194824219,133.27490234375,73.2327880859375,-1.6665834870184613e-15,,1.0,,,,,,
138 kV SPM – SPM 2_a,0,ESTE CERCANO,ESTE,ESTE 138 kV,\VM-PF.IntUser\PDD 31-12-2024.IntPrj\Network Model.IntPrjfolder\Network Data.IntPrjfolder\ESTE 138 kV.ElmNet\138 kV SPM – SPM 2_a.ElmLne,Tap 3 Los Orígenes,,\VM-PF.IntUser\PDD 31-12-2024.IntPrj\Network Model.IntPrjfolder\Network Data.IntPrjfolder\ESTE 138 kV.ElmNet\Tap 3 Los Orígenes.ElmTerm,L2,ZSPMAE,\VM-PF.IntUser\PDD 31-12-2024.IntPrj\Network Model.IntPrjfolder\Network Data.IntPrjfolder\ESTE 138 kV.ElmNet\San Pedro.ElmSite\ZSPMAE.ElmSubstat\L2.ElmTerm,,,0.5699999928474426,1,0.6629999876022339,0.06630682945251465,0.2704874873161316,0.24575002491474152,0.8546996712684631,2.007824659347534,1.1711562871932983,8.701372929029885e-17,,,,,,,,
138 kV Los Orígenes – SPM 2_a,0,ESTE CERCANO,ESTE,ESTE 138 kV,\VM-PF.IntUser\PDD 31-12-2024.IntPrj\Network Model.IntPrjfolder\Network Data.IntPrjfolder\ESTE 138 kV.ElmNet\138 kV Los Orígenes – SPM 2_a.ElmLne,Tap 2 Los Orígenes,,\VM-PF.IntUser\PDD 31-12-2024.IntPrj\Network Model.IntPrjfolder\Network Data.IntPrjfolder\ESTE 138 kV.ElmNet\Tap 2 Los Orígenes.ElmTerm,1,ZLORIE,\VM-PF.IntUser\PDD 31-12-2024.IntPrj\Network Model.IntPrjfolder\Network Data.IntPrjfolder\ESTE 138 kV.ElmNet\Los Orígenes.ElmSite\ZLORIE.ElmSubstat\1.ElmTerm,,,0.3400000035762787,1,0.6629999876022339,0.039551444351673126,0.16134342551231384,0.14658772945404053,0.5098208785057068,1.1976498365402222,0.6985844373703003,-4.718447904287752e-18,,,,,,,,
138 kV Los Orígenes – SPM_b,0,ESTE CERCANO,ESTE,ESTE 138 kV,\VM-PF.IntUser\PDD 31-12-2024.IntPrj\Network Model.IntPrjfolder\Network Data.IntPrjfolder\ESTE 138 kV.ElmNet\138 kV Los Orígenes – SPM_b.ElmLne,Tap 1 Los Orígenes,,\VM-PF.IntUser\PDD 31-12-2024.IntPrj\Network Model.IntPrjfolder\Network Data.IntPrjfolder\ESTE 138 kV.ElmNet\Tap 1 Los Orígenes.ElmTerm,R3,ZSPMAE,\VM-PF.IntUser\PDD 31-12-2024.IntPrj\Network Model.IntPrjfolder\Network Data.IntPrjfolder\ESTE 138 kV.ElmNet\San Pedro.ElmSite\ZSPMAE.ElmSubstat\R3.ElmTerm,,,0.5699999928474426,1,0.6629999876022339,0.06630682945251465,0.2704874873161316,0.24575002491474152,0.8546996712684631,2.007824659347534,1.1711562871932983,-7.910338951192567e-18,,,,,,,,
138 kV Los Orígenes – SPM_a,0,ESTE CERCANO,ESTE,ESTE 138 kV,\VM-PF.IntUser\PDD 31-12-2024.IntPrj\Network Model.IntPrjfolder\Network Data.IntPrjfolder\ESTE 138 kV.ElmNet\138 kV Los Orígenes – SPM_a.ElmLne,Tap 1 Los Orígenes,,\VM-PF.IntUser\PDD 31-12-2024.IntPrj\Network Model.IntPrjfolder\Network Data.IntPrjfolder\ESTE 138 kV.ElmNet\Tap 1 Los Orígenes.ElmTerm,2,ZLORIE,\VM-PF.IntUser\PDD 31-12-2024.IntPrj\Network Model.IntPrjfolder\Network Data.IntPrjfolder\ESTE 138 kV.ElmNet\Los Orígenes.ElmSite\ZLORIE.ElmSubstat\2.ElmTerm,,,0.3400000035762787,1,0.6629999876022339,0.039551444351673126,0.16134342551231384,0.14658772945404053,0.5098208785057068,1.1976498365402222,0.6985844373703003,5.1902926533574966e-17,,,,,,,,
138 kV CIP La Luisa – SPM 2_a,0,ESTE CERCANO,ESTE,ESTE 138 kV,\VM-PF.IntUser\PDD 31-12-2024.IntPrj\Network Model.IntPrjfolder\Network Data.IntPrjfolder\ESTE 138 kV.ElmNet\138 kV CIP La Luisa – SPM 2_a.ElmLne,Tap 3 CIP La Luisa,,\VM-PF.IntUser\PDD 31-12-2024.IntPrj\Network Model.IntPrjfolder\Network Data.IntPrjfolder\ESTE 138 kV.ElmNet\Tap 3 CIP La Luisa.ElmTerm,E2,ZCLUIE,\VM-PF.IntUser\PDD 31-12-2024.IntPrj\Network Model.IntPrjfolder\Network Data.IntPrjfolder\ESTE 138 kV.ElmNet\ZCLUIE.ElmSubstat\E2.ElmTerm,,,1.5579999685287476,1,1.3259999752044678,0.09079226106405258,0.5152032971382141,0.5579070448875427,2.13228702545166,7.84214973449707,3.973799705505371,-2.1621593298695805e-16,,,,,,,,
138kV SP Bio-Energy – Sultana del Este_b,0,ESTE CERCANO,ESTE,ESTE 138 kV,\VM-PF.IntUser\PDD 31-12-2024.IntPrj\Network Model.IntPrjfolder\Network Data.IntPrjfolder\ESTE 138 kV.ElmNet\138kV SP Bio-Energy – Sultana del Este_b.ElmLne,5,ZSESTE,\VM-PF.IntUser\PDD 31-12-2024.IntPrj\Network Model.IntPrjfolder\Network Data.IntPrjfolder\ESTE 138 kV.ElmNet\Sultana del Este.ElmSite\ZSESTE.ElmSubstat\5.ElmTerm,Tap 2 San Pedro Bio-Energy,,\VM-PF.IntUser\PDD 31-12-2024.IntPrj\Network Model.IntPrjfolder\Network Data.IntPrjfolder\ESTE 138 kV.ElmNet\Tap 2 San Pedro Bio-Energy.ElmTerm,T.ACERO S1/1C/138/2xF - 559.5 AAAC,TypTow,2.869999885559082,1,1.3259999752044678,0.16668246686458588,1.0147359371185303,1.0480177402496338,3.780879259109497,13.325313568115234,6.214504241943359,3.9829249420240715e-16,,1.0,,,,,,
138 kV San Pedro Bio-Energy – SPM 2_b,0,ESTE CERCANO,ESTE,ESTE 138 kV,\VM-PF.IntUser\PDD 31-12-2024.IntPrj\Network Model.IntPrjfolder\Network Data.IntPrjfolder\ESTE 138 kV.ElmNet\138 kV San Pedro Bio-Energy – SPM 2_b.ElmLne,Tap 1 San Pedro Bio-Energy,,\VM-PF.IntUser\PDD 31-12-2024.IntPrj\Network Model.IntPrjfolder\Network Data.IntPrjfolder\ESTE 138 kV.ElmNet\Tap 1 San Pedro Bio-Energy.ElmTerm,R1,ZSPM2E,\VM-PF.IntUser\PDD 31-12-2024.IntPrj\Network Model.IntPrjfolder\Network Data.IntPrjfolder\ESTE 138 kV.ElmNet\SPM 2.ElmSite\ZSPM2E.ElmSubstat\R1.ElmTerm,T.ACERO S1/1C/138/2xF - 559.5 AAAC,TypTow,3.9000000953674316,1,1.3259999752044678,0.22650231420993805,1.3789095878601074,1.4241358041763306,5.137780666351318,18.10757064819336,8.44479751586914,5.412337245047638e-16,,1.0,,,,,,
138kV SP Bio-Energy – Sultana del Este_a,0,ESTE CERCANO,ESTE,ESTE 138 kV,\VM-PF.IntUser\PDD 31-12-2024.IntPrj\Network Model.IntPrjfolder\Network Data.IntPrjfolder\ESTE 138 kV.ElmNet\138kV SP Bio-Energy – Sultana del Este_a.ElmLne,3,ZSPBEE,\VM-PF.IntUser\PDD 31-12-2024.IntPrj\Network Model.IntPrjfolder\Network Data.IntPrjfolder\ESTE 138 kV.ElmNet\San Pedro Bio-Energy.ElmSite\ZSPBEE.ElmSubstat\3.ElmTerm,Tap 2 San Pedro Bio-Energy,,\VM-PF.IntUser\PDD 31-12-2024.IntPrj\Network Model.IntPrjfolder\Network Data.IntPrjfolder\ESTE 138 kV.ElmNet\Tap 2 San Pedro Bio-Energy.ElmTerm,,,0.38999998569488525,1,1.3259999752044678,0.02271176129579544,0.13350848853588104,0.13384301960468292,0.5306388139724731,1.8893394470214844,0.9381067156791687,-2.1649348186097164e-17,,,,,,,,
138 kV San Pedro Bio-Energy – SPM 2_a,0,ESTE CERCANO,ESTE,ESTE 138 kV,\VM-PF.IntUser\PDD 31-12-2024.IntPrj\Network Model.IntPrjfolder\Network Data.IntPrjfolder\ESTE 138 kV.ElmNet\138 kV San Pedro Bio-Energy – SPM 2_a.ElmLne,Tap 1 San Pedro Bio-Energy,,\VM-PF.IntUser\PDD 31-12-2024.IntPrj\Network Model.IntPrjfolder\Network Data.IntPrjfolder\ESTE 138 kV.ElmNet\Tap 1 San Pedro Bio-Energy.ElmTerm,5,ZSPBEE,\VM-PF.IntUser\PDD 31-12-2024.IntPrj\Network Model.IntPrjfolder\Network Data.IntPrjfolder\ESTE 138 kV.ElmNet\San Pedro Bio-Energy.ElmSite\ZSPBEE.ElmSubstat\5.ElmTerm,,,0.38999998569488525,1,1.3259999752044678,0.02271176129579544,0.13350848853588104,0.13384301960468292,0.5306388139724731,1.8893394470214844,0.9381067156791687,-8.659739274438866e-17,,,,,,,,
138 kV Cumayasa – La Romana_b,0,ESTE PROFUNDO,ESTE,ESTE 138 kV,\VM-PF.IntUser\PDD 31-12-2024.IntPrj\Network Model.IntPrjfolder\Network Data.IntPrjfolder\ESTE 138 kV.ElmNet\138 kV Cumayasa – La Romana_b.ElmLne,Tap 2 Cumayasa,,\VM-PF.IntUser\PDD 31-12-2024.IntPrj\Network Model.IntPrjfolder\Network Data.IntPrjfolder\ESTE 138 kV.ElmNet\Tap 2 Cumayasa.ElmTerm,4,ZLROME,\VM-PF.IntUser\PDD 31-12-2024.IntPrj\Network Model.IntPrjfolder\Network Data.IntPrjfolder\ESTE 138 kV.ElmNet\La Romana.ElmSite\ZLROME.ElmSubstat\4.ElmTerm,,,8.819999694824219,1,0.6629999876022339,1.0260108709335327,4.18543815612793,3.8026580810546875,13.225353240966797,31.068445205688477,18.122102737426758,1.3464229265273465e-15,,,,,,,,
138 kV La Romana – SPM_a,0,ESTE PROFUNDO,ESTE,ESTE 138 kV,\VM-PF.IntUser\PDD 31-12-2024.IntPrj\Network Model.IntPrjfolder\Network Data.IntPrjfolder\ESTE 138 kV.ElmNet\138 kV La Romana – SPM_a.ElmLne,Tap 3 Cumayasa,,\VM-PF.IntUser\PDD 31-12-2024.IntPrj\Network Model.IntPrjfolder\Network Data.IntPrjfolder\ESTE 138 kV.ElmNet\Tap 3 Cumayasa.ElmTerm,5,ZLROME,\VM-PF.IntUser\PDD 31-12-2024.IntPrj\Network Model.IntPrjfolder\Network Data.IntPrjfolder\ESTE 138 kV.ElmNet\La Romana.ElmSite\ZLROME.ElmSubstat\5.ElmTerm,,,8.819999694824219,1,0.6629999876022339,1.0260108709335327,4.18543815612793,3.8026580810546875,13.225353240966797,31.068445205688477,18.122102737426758,-1.2240208422975877e-16,,,,,,,,
138 kV El Soco – SPM 2_b,0,ESTE CERCANO,ESTE,ESTE 138 kV,\VM-PF.IntUser\PDD 31-12-2024.IntPrj\Network Model.IntPrjfolder\Network Data.IntPrjfolder\ESTE 138 kV.ElmNet\138 kV El Soco – SPM 2_b.ElmLne,Tap 1 El Soco,,\VM-PF.IntUser\PDD 31-12-2024.IntPrj\Network Model.IntPrjfolder\Network Data.IntPrjfolder\ESTE 138 kV.ElmNet\Tap 1 El Soco.ElmTerm,L4,ZSPM2E,\VM-PF.IntUser\PDD 31-12-2024.IntPrj\Network Model.IntPrjfolder\Network Data.IntPrjfolder\ESTE 138 kV.ElmNet\SPM 2.ElmSite\ZSPM2E.ElmSubstat\L4.ElmTerm,T.ACERO S1/1C/138/1xF - 559.5 AAAC,TypTow,6.784999847412109,1,0.6629999876022339,0.7869413495063782,3.375624418258667,2.870516300201416,9.915095329284668,22.589815139770508,12.412802696228027,-2.8248236447531616e-16,,1.0,,,,,,
138 kV El Seibo – Hato Mayor 2,0,ESTE CERCANO,ESTE,ESTE 138 kV,\VM-PF.IntUser\PDD 31-12-2024.IntPrj\Network Model.IntPrjfolder\Network Data.IntPrjfolder\ESTE 138 kV.ElmNet\138 kV El Seibo – Hato Mayor 2.ElmLne,3,ZHMA2E,\VM-PF.IntUser\PDD 31-12-2024.IntPrj\Network Model.IntPrjfolder\Network Data.IntPrjfolder\ESTE 138 kV.ElmNet\Hato Mayor 2.ElmSite\ZHMA2E.ElmSubstat\3.ElmTerm,3,ZESEIE,\VM-PF.IntUser\PDD 31-12-2024.IntPrj\Network Model.IntPrjfolder\Network Data.IntPrjfolder\ESTE 138 kV.ElmNet\ZESEIE.ElmSubstat\3.ElmTerm,T.ACERO S1/1C/138/1xF - 559.5 AAAC,TypTow,28.8799991607666,1,0.6629999876022339,3.3495748043060303,14.368169784545898,12.2182035446167,42.20309066772461,96.1523666381836,52.83444595336914,-1.202371527198715e-15,,1.0,,,,,,
138 kV El Soco – Hato Mayor 2_a,0,ESTE CERCANO,ESTE,ESTE 138 kV,\VM-PF.IntUser\PDD 31-12-2024.IntPrj\Network Model.IntPrjfolder\Network Data.IntPrjfolder\ESTE 138 kV.ElmNet\138 kV El Soco – Hato Mayor 2_a.ElmLne,Tap 2 PS El Soco,,\VM-PF.IntUser\PDD 31-12-2024.IntPrj\Network Model.IntPrjfolder\Network Data.IntPrjfolder\ESTE 138 kV.ElmNet\Tap 2 PS El Soco.ElmTerm,1,ZESOCE,\VM-PF.IntUser\PDD 31-12-2024.IntPrj\Network Model.IntPrjfolder\Network Data.IntPrjfolder\ESTE 138 kV.ElmNet\El Soco.ElmSite\ZESOCE.ElmSubstat\1.ElmTerm,,,0.9229999780654907,1,0.6629999876022339,0.1073705330491066,0.4379999041557312,0.39794257283210754,1.3840136528015137,3.2512669563293457,1.8964512348175049,1.4090117791867428e-16,,,,,,,,
138 kV El Soco – SPM 2_a,0,ESTE CERCANO,ESTE,ESTE 138 kV,\VM-PF.IntUser\PDD 31-12-2024.IntPrj\Network Model.IntPrjfolder\Network Data.IntPrjfolder\ESTE 138 kV.ElmNet\138 kV El Soco – SPM 2_a.ElmLne,Tap 1 El Soco,,\VM-PF.IntUser\PDD 31-12-2024.IntPrj\Network Model.IntPrjfolder\Network Data.IntPrjfolder\ESTE 138 kV.ElmNet\Tap 1 El Soco.ElmTerm,3,ZESOCE,\VM-PF.IntUser\PDD 31-12-2024.IntPrj\Network Model.IntPrjfolder\Network Data.IntPrjfolder\ESTE 138 kV.ElmNet\El Soco.ElmSite\ZESOCE.ElmSubstat\3.ElmTerm,,,0.9229999780654907,1,0.6629999876022339,0.1073705330491066,0.4379999041557312,0.39794257283210754,1.3840136528015137,3.2512669563293457,1.8964512348175049,-1.2809197842210278e-17,,,,,,,,
138 kV El Soco – Hato Mayor 2_b,0,ESTE CERCANO,ESTE,ESTE 138 kV,\VM-PF.IntUser\PDD 31-12-2024.IntPrj\Network Model.IntPrjfolder\Network Data.IntPrjfolder\ESTE 138 kV.ElmNet\138 kV El Soco – Hato Mayor 2_b.ElmLne,Tap 2 PS El Soco,,\VM-PF.IntUser\PDD 31-12-2024.IntPrj\Network Model.IntPrjfolder\Network Data.IntPrjfolder\ESTE 138 kV.ElmNet\Tap 2 PS El Soco.ElmTerm,5,ZHMA2E,\VM-PF.IntUser\PDD 31-12-2024.IntPrj\Network Model.IntPrjfolder\Network Data.IntPrjfolder\ESTE 138 kV.ElmNet\Hato Mayor 2.ElmSite\ZHMA2E.ElmSubstat\5.ElmTerm,T.ACERO S1/1C/138/1xF - 559.5 AAAC,TypTow,29.204999923706055,1,0.6629999876022339,3.3872692584991455,14.529861450195312,12.355701446533203,42.67802047729492,97.23442077636719,53.429019927978516,-1.2159023491355105e-15,,1.0,,,,,,
138 kV Cumayasa – SPM_a,0,ESTE PROFUNDO,ESTE,ESTE 138 kV,\VM-PF.IntUser\PDD 31-12-2024.IntPrj\Network Model.IntPrjfolder\Network Data.IntPrjfolder\ESTE 138 kV.ElmNet\138 kV Cumayasa – SPM_a.ElmLne,Tap 1 Cumayasa,,\VM-PF.IntUser\PDD 31-12-2024.IntPrj\Network Model.IntPrjfolder\Network Data.IntPrjfolder\ESTE 138 kV.ElmNet\Tap 1 Cumayasa.ElmTerm,L2,ZCUMAE,\VM-PF.IntUser\PDD 31-12-2024.IntPrj\Network Model.IntPrjfolder\Network Data.IntPrjfolder\ESTE 138 kV.ElmNet\Cumayasa.ElmSite\ZCUMAE.ElmSubstat\L2.ElmTerm,,,0.30000001192092896,1,0.6629999876022339,0.03489833325147629,0.1423618495464325,0.12934212386608124,0.4498419761657715,1.056749939918518,0.6163980960845947,-4.1633365077804595e-18,,,,,,,,
138 kV Cumayasa – La Romana_a,0,ESTE PROFUNDO,ESTE,ESTE 138 kV,\VM-PF.IntUser\PDD 31-12-2024.IntPrj\Network Model.IntPrjfolder\Network Data.IntPrjfolder\ESTE 138 kV.ElmNet\138 kV Cumayasa – La Romana_a.ElmLne,R1,ZCUMAE,\VM-PF.IntUser\PDD 31-12-2024.IntPrj\Network Model.IntPrjfolder\Network Data.IntPrjfolder\ESTE 138 kV.ElmNet\Cumayasa.ElmSite\ZCUMAE.ElmSubstat\R1.ElmTerm,Tap 2 Cumayasa,,\VM-PF.IntUser\PDD 31-12-2024.IntPrj\Network Model.IntPrjfolder\Network Data.IntPrjfolder\ESTE 138 kV.ElmNet\Tap 2 Cumayasa.ElmTerm,,,0.30000001192092896,1,0.6629999876022339,0.03489833325147629,0.1423618495464325,0.12934212386608124,0.4498419761657715,1.056749939918518,0.6163980960845947,4.579670241276567e-17,,,,,,,,
138 kV Bonao 2 – Palamara L2,0,CIBAO SUR,NORTE,NORTE 138 kV,\VM-PF.IntUser\PDD 31-12-2024.IntPrj\Network Model.IntPrjfolder\Network Data.IntPrjfolder\NORTE 138 kV.ElmNet\138 kV Bonao 2 – Palamara L2.ElmLne,E5,ZBON2E,\VM-PF.IntUser\PDD 31-12-2024.IntPrj\Network Model.IntPrjfolder\Network Data.IntPrjfolder\NORTE 138 kV.ElmNet\Bonao 2.ElmSite\ZBON2E.ElmSubstat\E5.ElmTerm,2,ZPALAE,\VM-PF.IntUser\PDD 31-12-2024.IntPrj\Network Model.IntPrjfolder\Network Data.IntPrjfolder\CENTRAL 138 kV.ElmNet\Palamara.ElmSite\ZPALAE.ElmSubstat\2.ElmTerm,,,58.0,1,0.5680000185966492,7.575953483581543,28.01995849609375,24.965335845947266,88.219482421875,200.43798828125,116.69686889648438,-3.219646771412954e-15,,,,,,,,
138 kV Bonao 2 – Palamara L1,0,CIBAO SUR,NORTE,NORTE 138 kV,\VM-PF.IntUser\PDD 31-12-2024.IntPrj\Network Model.IntPrjfolder\Network Data.IntPrjfolder\NORTE 138 kV.ElmNet\138 kV Bonao 2 – Palamara L1.ElmLne,E4,ZBON2E,\VM-PF.IntUser\PDD 31-12-2024.IntPrj\Network Model.IntPrjfolder\Network Data.IntPrjfolder\NORTE 138 kV.ElmNet\Bonao 2.ElmSite\ZBON2E.ElmSubstat\E4.ElmTerm,1,ZPALAE,\VM-PF.IntUser\PDD 31-12-2024.IntPrj\Network Model.IntPrjfolder\Network Data.IntPrjfolder\CENTRAL 138 kV.ElmNet\Palamara.ElmSite\ZPALAE.ElmSubstat\1.ElmTerm,,,58.0,1,0.5680000185966492,7.575953483581543,28.01995849609375,24.965335845947266,88.219482421875,200.43798828125,116.69686889648438,5.6343818499726694e-15,,,,,,,,
138 kV Guayubín – Monte Cristi_a,0,CIBAO NOROESTE,NORTE,NORTE 138 kV,\VM-PF.IntUser\PDD 31-12-2024.IntPrj\Network Model.IntPrjfolder\Network Data.IntPrjfolder\NORTE 138 kV.ElmNet\138 kV Guayubín – Monte Cristi_a.ElmLne,1,ZGUAYE,\VM-PF.IntUser\PDD 31-12-2024.IntPrj\Network Model.IntPrjfolder\Network Data.IntPrjfolder\NORTE 138 kV.ElmNet\Monte Cristi Solar.ElmSite\ZGUAYE.ElmSubstat\1.ElmTerm,Tap 2 Guayubín,,\VM-PF.IntUser\PDD 31-12-2024.IntPrj\Network Model.IntPrjfolder\Network Data.IntPrjfolder\NORTE 138 kV.ElmNet\Tap 2 Guayubín.ElmTerm,,,0.061000000685453415,1,0.6629999876022339,0.0070959944278001785,0.028946908190846443,0.02629956416785717,0.09146786481142044,0.21487246453762054,0.12533427774906158,9.31199567198306e-18,,,,,,,,
69 kV Canabacoa – ZF Santiago_b,1,CIBAO NORTE,NORTE,NORTE 138 kV,\VM-PF.IntUser\PDD 31-12-2024.IntPrj\Network Model.IntPrjfolder\Network Data.IntPrjfolder\NORTE 138 kV.ElmNet\69 kV Canabacoa – ZF Santiago_b.ElmLne,Tap 1 69 kV Nibaje,,\VM-PF.IntUser\PDD 31-12-2024.IntPrj\Network Model.IntPrjfolder\Network Data.IntPrjfolder\NORTE 138 kV.ElmNet\Tap 1 69 kV Nibaje.ElmTerm,Tap 69 kV provisional Canabaoca,,\VM-PF.IntUser\PDD 31-12-2024.IntPrj\Network Model.IntPrjfolder\Network Data.IntPrjfolder\NORTE 138 kV.ElmNet\Tap 69 kV provisional Canabaoca.ElmTerm,,,8.0,1,0.5680000185966492,1.0449590682983398,3.8648219108581543,3.4434945583343506,12.168204307556152,27.64661979675293,16.096118927001953,-4.440892098500626e-16,,,,,,,,
138 kV Navarrete 2 – Valverde Mao_a,0,CIBAO NORTE,NORTE,NORTE 138 kV,\VM-PF.IntUser\PDD 31-12-2024.IntPrj\Network Model.IntPrjfolder\Network Data.IntPrjfolder\NORTE 138 kV.ElmNet\138 kV Navarrete 2 – Valverde Mao_a.ElmLne,R1,ZNAV2E,\VM-PF.IntUser\PDD 31-12-2024.IntPrj\Network Model.IntPrjfolder\Network Data.IntPrjfolder\NORTE 138 kV.ElmNet\ZNAV2E.ElmSubstat\R1.ElmTerm,Tap 2 Cruce Esperanza,,\VM-PF.IntUser\PDD 31-12-2024.IntPrj\Network Model.IntPrjfolder\Network Data.IntPrjfolder\NORTE 138 kV.ElmNet\Tap 2 Cruce Esperanza.ElmTerm,,,26.0,1,0.6629999876022339,3.024522066116333,12.33802604675293,11.209650039672852,38.98630142211914,91.5849838256836,53.421165466308594,-3.608224830031759e-16,,,,,,,,
138 kV La Gallera – ZF Santiago,0,CIBAO NORTE,NORTE,NORTE 138 kV,\VM-PF.IntUser\PDD 31-12-2024.IntPrj\Network Model.IntPrjfolder\Network Data.IntPrjfolder\NORTE 138 kV.ElmNet\138 kV La Gallera – ZF Santiago.ElmLne,L1,ZLGALE,\VM-PF.IntUser\PDD 31-12-2024.IntPrj\Network Model.IntPrjfolder\Network Data.IntPrjfolder\NORTE 138 kV.ElmNet\ZLGALE.ElmSubstat\L1.ElmTerm,E3,ZZSANE,\VM-PF.IntUser\PDD 31-12-2024.IntPrj\Network Model.IntPrjfolder\Network Data.IntPrjfolder\NORTE 138 kV.ElmNet\ZF Santiago.ElmSite\ZZSANE.ElmSubstat\E3.ElmTerm,P.TUBULAR PA(1)/1C/138/1xF/559 AAAC,TypTow,5.699999809265137,1,0.6629999876022339,0.661220133304596,2.705991268157959,2.241396427154541,8.727571487426758,20.02388572692871,10.29223346710205,3.1641355143025777e-16,,1.0,,,,,,
138 kV Canabacoa – Nibaje_a,0,CIBAO NORTE,NORTE,NORTE 138 kV,\VM-PF.IntUser\PDD 31-12-2024.IntPrj\Network Model.IntPrjfolder\Network Data.IntPrjfolder\NORTE 138 kV.ElmNet\138 kV Canabacoa – Nibaje_a.ElmLne,R2,ZCANAE,\VM-PF.IntUser\PDD 31-12-2024.IntPrj\Network Model.IntPrjfolder\Network Data.IntPrjfolder\NORTE 138 kV.ElmNet\Canabacoa.ElmSite\ZCANAE.ElmSubstat\R2.ElmTerm,Tap 3 Nibaje,,\VM-PF.IntUser\PDD 31-12-2024.IntPrj\Network Model.IntPrjfolder\Network Data.IntPrjfolder\NORTE 138 kV.ElmNet\Tap 3 Nibaje.ElmTerm,,,8.0,1,0.5680000185966492,1.0449590682983398,3.8648219108581543,3.4434945583343506,12.168204307556152,27.64661979675293,16.096118927001953,7.771561172376096e-16,,,,,,,,
138 kV Canabacoa – La Gallera,0,CIBAO NORTE,NORTE,NORTE 138 kV,\VM-PF.IntUser\PDD 31-12-2024.IntPrj\Network Model.IntPrjfolder\Network Data.IntPrjfolder\NORTE 138 kV.ElmNet\138 kV Canabacoa – La Gallera.ElmLne,R1,ZLGALE,\VM-PF.IntUser\PDD 31-12-2024.IntPrj\Network Model.IntPrjfolder\Network Data.IntPrjfolder\NORTE 138 kV.ElmNet\ZLGALE.ElmSubstat\R1.ElmTerm,R3,ZCANAE,\VM-PF.IntUser\PDD 31-12-2024.IntPrj\Network Model.IntPrjfolder\Network Data.IntPrjfolder\NORTE 138 kV.ElmNet\Canabacoa.ElmSite\ZCANAE.ElmSubstat\R3.ElmTerm,P.TUBULAR PA(1)/1C/138/1xF/559 AAAC,TypTow,9.800000190734863,1,0.6629999876022339,1.1368346214294434,4.652406215667725,3.8536291122436523,15.00529956817627,34.427032470703125,17.69542121887207,5.440092926542385e-16,,1.0,,,,,,
138 kV Bonao 2 – Canabacoa L1,0,CIBAO SUR,NORTE,NORTE 138 kV,\VM-PF.IntUser\PDD 31-12-2024.IntPrj\Network Model.IntPrjfolder\Network Data.IntPrjfolder\NORTE 138 kV.ElmNet\138 kV Bonao 2 – Canabacoa L1.ElmLne,E3,ZBON2E,\VM-PF.IntUser\PDD 31-12-2024.IntPrj\Network Model.IntPrjfolder\Network Data.IntPrjfolder\NORTE 138 kV.ElmNet\Bonao 2.ElmSite\ZBON2E.ElmSubstat\E3.ElmTerm,R1,ZCANAE,\VM-PF.IntUser\PDD 31-12-2024.IntPrj\Network Model.IntPrjfolder\Network Data.IntPrjfolder\NORTE 138 kV.ElmNet\Canabacoa.ElmSite\ZCANAE.ElmSubstat\R1.ElmTerm,,,67.0,1,0.5680000185966492,8.751532554626465,32.36788558959961,28.83926773071289,101.9087142944336,231.54043579101562,134.8050079345703,-3.7192471324942744e-15,,,,,,,,
138 kV Bonao 2 – Canabacoa L2,0,CIBAO SUR,NORTE,NORTE 138 kV,\VM-PF.IntUser\PDD 31-12-2024.IntPrj\Network Model.IntPrjfolder\Network Data.IntPrjfolder\NORTE 138 kV.ElmNet\138 kV Bonao 2 – Canabacoa L2.ElmLne,E6,ZBON2E,\VM-PF.IntUser\PDD 31-12-2024.IntPrj\Network Model.IntPrjfolder\Network Data.IntPrjfolder\NORTE 138 kV.ElmNet\Bonao 2.ElmSite\ZBON2E.ElmSubstat\E6.ElmTerm,L7,ZCANAE,\VM-PF.IntUser\PDD 31-12-2024.IntPrj\Network Model.IntPrjfolder\Network Data.IntPrjfolder\NORTE 138 kV.ElmNet\Canabacoa.ElmSite\ZCANAE.ElmSubstat\L7.ElmTerm,,,67.0,1,0.5680000185966492,8.751532554626465,32.36788558959961,28.83926773071289,101.9087142944336,231.54043579101562,134.8050079345703,6.50868248186498e-15,,,,,,,,
138 kV Canabacoa – Tavera L1,0,CIBAO NORTE,NORTE,NORTE 138 kV,\VM-PF.IntUser\PDD 31-12-2024.IntPrj\Network Model.IntPrjfolder\Network Data.IntPrjfolder\NORTE 138 kV.ElmNet\138 kV Canabacoa – Tavera L1.ElmLne,1,ZTAVEE,\VM-PF.IntUser\PDD 31-12-2024.IntPrj\Network Model.IntPrjfolder\Network Data.IntPrjfolder\NORTE 138 kV.ElmNet\Tavera.ElmSite\ZTAVEE.ElmSubstat\1.ElmTerm,L5,ZCANAE,\VM-PF.IntUser\PDD 31-12-2024.IntPrj\Network Model.IntPrjfolder\Network Data.IntPrjfolder\NORTE 138 kV.ElmNet\Canabacoa.ElmSite\ZCANAE.ElmSubstat\L5.ElmTerm,,,15.899999618530273,1,0.9610000252723694,0.9968909621238708,7.252669811248779,5.754602909088135,23.763771057128906,58.95380401611328,33.14706802368164,-1.1032841307212493e-15,,,,,,,,
138 kV Canabacoa – Tavera L2,0,CIBAO NORTE,NORTE,NORTE 138 kV,\VM-PF.IntUser\PDD 31-12-2024.IntPrj\Network Model.IntPrjfolder\Network Data.IntPrjfolder\NORTE 138 kV.ElmNet\138 kV Canabacoa – Tavera L2.ElmLne,2,ZTAVEE,\VM-PF.IntUser\PDD 31-12-2024.IntPrj\Network Model.IntPrjfolder\Network Data.IntPrjfolder\NORTE 138 kV.ElmNet\Tavera.ElmSite\ZTAVEE.ElmSubstat\2.ElmTerm,L6,ZCANAE,\VM-PF.IntUser\PDD 31-12-2024.IntPrj\Network Model.IntPrjfolder\Network Data.IntPrjfolder\NORTE 138 kV.ElmNet\Canabacoa.ElmSite\ZCANAE.ElmSubstat\L6.ElmTerm,,,15.899999618530273,1,0.9610000252723694,0.9968909621238708,7.252669811248779,5.754602909088135,23.763771057128906,58.95380401611328,33.14706802368164,-1.9859113082433067e-15,,,,,,,,
138 kV Agua Clara – Navarrete 2_c,0,CIBAO NORTE,NORTE,NORTE 138 kV,\VM-PF.IntUser\PDD 31-12-2024.IntPrj\Network Model.IntPrjfolder\Network Data.IntPrjfolder\NORTE 138 kV.ElmNet\138 kV Agua Clara – Navarrete 2_c.ElmLne,R2,ZNAV2E,\VM-PF.IntUser\PDD 31-12-2024.IntPrj\Network Model.IntPrjfolder\Network Data.IntPrjfolder\NORTE 138 kV.ElmNet\ZNAV2E.ElmSubstat\R2.ElmTerm,Tap 1 Cruce Esperanza,,\VM-PF.IntUser\PDD 31-12-2024.IntPrj\Network Model.IntPrjfolder\Network Data.IntPrjfolder\NORTE 138 kV.ElmNet\Tap 1 Cruce Esperanza.ElmTerm,,,26.0,1,0.6629999876022339,3.024522066116333,12.33802604675293,11.209650039672852,38.98630142211914,91.5849838256836,53.421165466308594,3.969047313034935e-15,,,,,,,,
138 kV Navarrete 2 – Valverde Mao_b,0,CIBAO NOROESTE,NORTE,NORTE 138 kV,\VM-PF.IntUser\PDD 31-12-2024.IntPrj\Network Model.IntPrjfolder\Network Data.IntPrjfolder\NORTE 138 kV.ElmNet\138 kV Navarrete 2 – Valverde Mao_b.ElmLne,Tap 2 Cruce Esperanza,,\VM-PF.IntUser\PDD 31-12-2024.IntPrj\Network Model.IntPrjfolder\Network Data.IntPrjfolder\NORTE 138 kV.ElmNet\Tap 2 Cruce Esperanza.ElmTerm,3,ZVMAOE,\VM-PF.IntUser\PDD 31-12-2024.IntPrj\Network Model.IntPrjfolder\Network Data.IntPrjfolder\NORTE 138 kV.ElmNet\ZVMAOE.ElmSubstat\3.ElmTerm,T.ACERO S1(2)/1C/138/1xF/559 AAAC,TypTow,10.899999618530273,1,0.6629999876022339,1.267972707748413,5.17248010635376,4.699429988861084,16.344257354736328,38.341827392578125,19.42511749267578,9.076072379277707e-16,,1.0,,,,,,
138 kV Nagua 2 – Pimentel,0,CIBAO NORESTE,NORTE,NORTE 138 kV,\VM-PF.IntUser\PDD 31-12-2024.IntPrj\Network Model.IntPrjfolder\Network Data.IntPrjfolder\NORTE 138 kV.ElmNet\138 kV Nagua 2 – Pimentel.ElmLne,R3,ZPIMEE,\VM-PF.IntUser\PDD 31-12-2024.IntPrj\Network Model.IntPrjfolder\Network Data.IntPrjfolder\NORTE 138 kV.ElmNet\Pimentel.ElmSite\ZPIMEE.ElmSubstat\R3.ElmTerm,WNAG2E(3),ZNAG2E,\VM-PF.IntUser\PDD 31-12-2024.IntPrj\Network Model.IntPrjfolder\Network Data.IntPrjfolder\NORTE 138 kV.ElmNet\Nagua.ElmSite\ZNAG2E.ElmSubstat\WNAG2E(3).ElmTerm,T.ACERO SS1/1C/138/1xF - 559 AAAC,TypTow,40.0,1,0.6629999876022339,4.641536235809326,19.97730827331543,16.72857093811035,58.4565315246582,132.80377197265625,73.43783569335938,-1.6653345369377348e-15,,1.0,,,,,,
138 kV Pimentel – SFM,0,CIBAO NORESTE,NORTE,NORTE 138 kV,\VM-PF.IntUser\PDD 31-12-2024.IntPrj\Network Model.IntPrjfolder\Network Data.IntPrjfolder\NORTE 138 kV.ElmNet\138 kV Pimentel – SFM.ElmLne,2,ZSFMAE,\VM-PF.IntUser\PDD 31-12-2024.IntPrj\Network Model.IntPrjfolder\Network Data.IntPrjfolder\NORTE 138 kV.ElmNet\SFM.ElmSite\ZSFMAE.ElmSubstat\2.ElmTerm,L2,ZPIMEE,\VM-PF.IntUser\PDD 31-12-2024.IntPrj\Network Model.IntPrjfolder\Network Data.IntPrjfolder\NORTE 138 kV.ElmNet\Pimentel.ElmSite\ZPIMEE.ElmSubstat\L2.ElmTerm,T.ACERO S1/1C/138/1xF - 559.5 AAAC,TypTow,25.0,1,0.6629999876022339,2.8995628356933594,12.437820434570312,10.576700210571289,36.533145904541016,83.2343978881836,45.73619079589844,-1.0408340855860843e-15,,1.0,,,,,,
138 kV Los Guzmancito – Puerto Plata 2_b,0,CIBAO NORTE,NORTE,NORTE 138 kV,\VM-PF.IntUser\PDD 31-12-2024.IntPrj\Network Model.IntPrjfolder\Network Data.IntPrjfolder\NORTE 138 kV.ElmNet\138 kV Los Guzmancito – Puerto Plata 2_b.ElmLne,E3,ZPPL2E,\VM-PF.IntUser\PDD 31-12-2024.IntPrj\Network Model.IntPrjfolder\Network Data.IntPrjfolder\NORTE 138 kV.ElmNet\Puerto Plata 2.ElmSite\ZPPL2E.ElmSubstat\E3.ElmTerm,Tap 2 Guzmancito,,\VM-PF.IntUser\PDD 31-12-2024.IntPrj\Network Model.IntPrjfolder\Network Data.IntPrjfolder\NORTE 138 kV.ElmNet\Tap 2 Guzmancito.ElmTerm,,,7.199999809265137,1,1.3259999752044678,0.4195791184902191,2.3809139728546143,2.578260898590088,9.853958129882812,36.24100112915039,18.36415672302246,7.99360556554289e-16,,,,,,,,
138 kV Monción – Valverde Mao_a,0,CIBAO NOROESTE,NORTE,NORTE 138 kV,\VM-PF.IntUser\PDD 31-12-2024.IntPrj\Network Model.IntPrjfolder\Network Data.IntPrjfolder\NORTE 138 kV.ElmNet\138 kV Monción – Valverde Mao_a.ElmLne,4,ZMONCE,\VM-PF.IntUser\PDD 31-12-2024.IntPrj\Network Model.IntPrjfolder\Network Data.IntPrjfolder\NORTE 138 kV.ElmNet\Monción.ElmSite\ZMONCE.ElmSubstat\4.ElmTerm,Tap 2 Cruce Los Quema,,\VM-PF.IntUser\PDD 31-12-2024.IntPrj\Network Model.IntPrjfolder\Network Data.IntPrjfolder\NORTE 138 kV.ElmNet\Tap 2 Cruce Los Quema.ElmTerm,,,14.680000305175781,1,0.6629999876022339,1.7076917886734009,6.9662394523620605,6.329141139984131,22.012266159057617,51.71029281616211,30.162410736083984,2.240985327671809e-15,,,,,,,,
138 kV Monción – Valverde Mao_b,0,CIBAO NOROESTE,NORTE,NORTE 138 kV,\VM-PF.IntUser\PDD 31-12-2024.IntPrj\Network Model.IntPrjfolder\Network Data.IntPrjfolder\NORTE 138 kV.ElmNet\138 kV Monción – Valverde Mao_b.ElmLne,Tap 2 Cruce Los Quema,,\VM-PF.IntUser\PDD 31-12-2024.IntPrj\Network Model.IntPrjfolder\Network Data.IntPrjfolder\NORTE 138 kV.ElmNet\Tap 2 Cruce Los Quema.ElmTerm,1,ZVMAOE,\VM-PF.IntUser\PDD 31-12-2024.IntPrj\Network Model.IntPrjfolder\Network Data.IntPrjfolder\NORTE 138 kV.ElmNet\ZVMAOE.ElmSubstat\1.ElmTerm,T.ACERO S1/1C/138/1xF - 559.5 AAAC,TypTow,12.0,1,0.6629999876022339,1.3917901515960693,5.97015380859375,5.076816082000732,17.53590965270996,39.952510833740234,21.953372955322266,-4.996003610813204e-16,,1.0,,,,,,
138 kV Dajabón – Santiago Rodríguez_b,0,CIBAO NOROESTE,NORTE,NORTE 138 kV,\VM-PF.IntUser\PDD 31-12-2024.IntPrj\Network Model.IntPrjfolder\Network Data.IntPrjfolder\NORTE 138 kV.ElmNet\138 kV Dajabón – Santiago Rodríguez_b.ElmLne,1,ZSRODE,\VM-PF.IntUser\PDD 31-12-2024.IntPrj\Network Model.IntPrjfolder\Network Data.IntPrjfolder\NORTE 138 kV.ElmNet\ZSRODE.ElmSubstat\1.ElmTerm,Tap 2 Santiago Rodríguez,,\VM-PF.IntUser\PDD 31-12-2024.IntPrj\Network Model.IntPrjfolder\Network Data.IntPrjfolder\NORTE 138 kV.ElmNet\Tap 2 Santiago Rodríguez.ElmTerm,T.ACERO S1(2)/1C/138/1xF/559 AAAC,TypTow,0.9700000286102295,1,0.6629999876022339,0.11283794045448303,0.46030330657958984,0.41820618510246277,1.45448899269104,3.4120712280273438,1.7286573648452759,8.07687274237603e-17,,1.0,,,,,,
138 kV Monción – Santiago Rodríguez_b,0,CIBAO NOROESTE,NORTE,NORTE 138 kV,\VM-PF.IntUser\PDD 31-12-2024.IntPrj\Network Model.IntPrjfolder\Network Data.IntPrjfolder\NORTE 138 kV.ElmNet\138 kV Monción – Santiago Rodríguez_b.ElmLne,Tap 1 Santiago Rodríguez,,\VM-PF.IntUser\PDD 31-12-2024.IntPrj\Network Model.IntPrjfolder\Network Data.IntPrjfolder\NORTE 138 kV.ElmNet\Tap 1 Santiago Rodríguez.ElmTerm,Tap 1 Cruce Los Quema,,\VM-PF.IntUser\PDD 31-12-2024.IntPrj\Network Model.IntPrjfolder\Network Data.IntPrjfolder\NORTE 138 kV.ElmNet\Tap 1 Cruce Los Quema.ElmTerm,T.ACERO S1/1C/138/1xF - 559.5 AAAC,TypTow,18.31999969482422,1,0.6629999876022339,2.1247997283935547,9.114434242248535,7.750605583190918,26.771488189697266,60.994163513183594,33.515480041503906,-7.627232052119883e-16,,1.0,,,,,,
138 kV Monción – Santiago Rodríguez_a,0,CIBAO NOROESTE,NORTE,NORTE 138 kV,\VM-PF.IntUser\PDD 31-12-2024.IntPrj\Network Model.IntPrjfolder\Network Data.IntPrjfolder\NORTE 138 kV.ElmNet\138 kV Monción – Santiago Rodríguez_a.ElmLne,Tap 1 Cruce Los Quema,,\VM-PF.IntUser\PDD 31-12-2024.IntPrj\Network Model.IntPrjfolder\Network Data.IntPrjfolder\NORTE 138 kV.ElmNet\Tap 1 Cruce Los Quema.ElmTerm,1,ZMONCE,\VM-PF.IntUser\PDD 31-12-2024.IntPrj\Network Model.IntPrjfolder\Network Data.IntPrjfolder\NORTE 138 kV.ElmNet\Monción.ElmSite\ZMONCE.ElmSubstat\1.ElmTerm,,,14.680000305175781,1,0.6629999876022339,1.7076917886734009,6.9662394523620605,6.329141139984131,22.012266159057617,51.71029281616211,30.162410736083984,-2.0372592925388096e-16,,,,,,,,
138 kV Dajabón – Santiago Rodríguez_a,0,CIBAO NOROESTE,NORTE,NORTE 138 kV,\VM-PF.IntUser\PDD 31-12-2024.IntPrj\Network Model.IntPrjfolder\Network Data.IntPrjfolder\NORTE 138 kV.ElmNet\138 kV Dajabón – Santiago Rodríguez_a.ElmLne,2,ZDAJAE,\VM-PF.IntUser\PDD 31-12-2024.IntPrj\Network Model.IntPrjfolder\Network Data.IntPrjfolder\NORTE 138 kV.ElmNet\ZDAJAE.ElmSubstat\2.ElmTerm,Tap 2 Santiago Rodríguez,,\VM-PF.IntUser\PDD 31-12-2024.IntPrj\Network Model.IntPrjfolder\Network Data.IntPrjfolder\NORTE 138 kV.ElmNet\Tap 2 Santiago Rodríguez.ElmTerm,T.ACERO S1/1C/138/1xF - 559.5 AAAC,TypTow,45.83000183105469,1,0.6629999876022339,5.315478801727295,22.80101203918457,19.38920783996582,66.97256469726562,152.58529663085938,83.84358978271484,-1.908057121929375e-15,,1.0,,,,,,
138 kV Moca – Salcedo,0,CIBAO NORTE,NORTE,NORTE 138 kV,\VM-PF.IntUser\PDD 31-12-2024.IntPrj\Network Model.IntPrjfolder\Network Data.IntPrjfolder\NORTE 138 kV.ElmNet\138 kV Moca – Salcedo.ElmLne,2,ZMOCAE,\VM-PF.IntUser\PDD 31-12-2024.IntPrj\Network Model.IntPrjfolder\Network Data.IntPrjfolder\NORTE 138 kV.ElmNet\ZMOCAE.ElmSubstat\2.ElmTerm,WSALCE(3),ZSALCE,\VM-PF.IntUser\PDD 31-12-2024.IntPrj\Network Model.IntPrjfolder\Network Data.IntPrjfolder\NORTE 138 kV.ElmNet\ZSALCE.ElmSubstat\WSALCE(3).ElmTerm,T.ACERO S1(2)/1C/138/1xF/559 AAAC,TypTow,12.0,1,0.6629999876022339,1.3959332704544067,5.694473743438721,5.173684597015381,17.993677139282227,42.21118927001953,21.385452270507812,9.992007221626409e-16,,1.0,,,,,,
138 kV Salcedo – SFM,0,CIBAO NORESTE,NORTE,NORTE 138 kV,\VM-PF.IntUser\PDD 31-12-2024.IntPrj\Network Model.IntPrjfolder\Network Data.IntPrjfolder\NORTE 138 kV.ElmNet\138 kV Salcedo – SFM.ElmLne,WSALCE(1),ZSALCE,\VM-PF.IntUser\PDD 31-12-2024.IntPrj\Network Model.IntPrjfolder\Network Data.IntPrjfolder\NORTE 138 kV.ElmNet\ZSALCE.ElmSubstat\WSALCE(1).ElmTerm,1,ZSFMAE,\VM-PF.IntUser\PDD 31-12-2024.IntPrj\Network Model.IntPrjfolder\Network Data.IntPrjfolder\NORTE 138 kV.ElmNet\SFM.ElmSite\ZSFMAE.ElmSubstat\1.ElmTerm,T.ACERO S1(2)/1C/138/1xF/559 AAAC,TypTow,22.0,1,0.6629999876022339,2.559211015701294,10.439867973327637,9.485088348388672,32.98841094970703,77.38717651367188,39.206661224365234,1.8318679906315083e-15,,1.0,,,,,,
138 kV Sánchez – Samaná,0,CIBAO NORESTE,NORTE,NORTE 138 kV,\VM-PF.IntUser\PDD 31-12-2024.IntPrj\Network Model.IntPrjfolder\Network Data.IntPrjfolder\NORTE 138 kV.ElmNet\138 kV Sánchez – Samaná.ElmLne,WSANCE(2),ZSANCE,\VM-PF.IntUser\PDD 31-12-2024.IntPrj\Network Model.IntPrjfolder\Network Data.IntPrjfolder\NORTE 138 kV.ElmNet\ZSANCE.ElmSubstat\WSANCE(2).ElmTerm,WSAMAE(2),ZSAMAE,\VM-PF.IntUser\PDD 31-12-2024.IntPrj\Network Model.IntPrjfolder\Network Data.IntPrjfolder\NORTE 138 kV.ElmNet\ZSAMAE.ElmSubstat\WSAMAE(2).ElmTerm,T.ACERO SS1/1C/138/1xF - 559 AAAC,TypTow,32.5,1,0.6629999876022339,3.7712481021881104,16.231563568115234,13.591963768005371,47.49592971801758,107.90306854248047,59.668243408203125,-1.3530843112619095e-15,,1.0,,,,,,
138 kV Nagua 2 – Sánchez,0,CIBAO NORESTE,NORTE,NORTE 138 kV,\VM-PF.IntUser\PDD 31-12-2024.IntPrj\Network Model.IntPrjfolder\Network Data.IntPrjfolder\NORTE 138 kV.ElmNet\138 kV Nagua 2 – Sánchez.ElmLne,WNAG2E(2),ZNAG2E,\VM-PF.IntUser\PDD 31-12-2024.IntPrj\Network Model.IntPrjfolder\Network Data.IntPrjfolder\NORTE 138 kV.ElmNet\Nagua.ElmSite\ZNAG2E.ElmSubstat\WNAG2E(2).ElmTerm,WSANCE(3),ZSANCE,\VM-PF.IntUser\PDD 31-12-2024.IntPrj\Network Model.IntPrjfolder\Network Data.IntPrjfolder\NORTE 138 kV.ElmNet\ZSANCE.ElmSubstat\WSANCE(3).ElmTerm,T.ACERO SS1/1C/138/1xF - 559 AAAC,TypTow,37.5,1,0.6629999876022339,4.3514404296875,18.728727340698242,15.683034896850586,54.80299758911133,124.5035400390625,68.84796905517578,-1.5612511283791264e-15,,1.0,,,,,,
138 kV Canabacoa – Moca,0,CIBAO NORTE,NORTE,NORTE 138 kV,\VM-PF.IntUser\PDD 31-12-2024.IntPrj\Network Model.IntPrjfolder\Network Data.IntPrjfolder\NORTE 138 kV.ElmNet\138 kV Canabacoa – Moca.ElmLne,R4,ZCANAE,\VM-PF.IntUser\PDD 31-12-2024.IntPrj\Network Model.IntPrjfolder\Network Data.IntPrjfolder\NORTE 138 kV.ElmNet\Canabacoa.ElmSite\ZCANAE.ElmSubstat\R4.ElmTerm,3,ZMOCAE,\VM-PF.IntUser\PDD 31-12-2024.IntPrj\Network Model.IntPrjfolder\Network Data.IntPrjfolder\NORTE 138 kV.ElmNet\ZMOCAE.ElmSubstat\3.ElmTerm,T.ACERO S1(2)/1C/138/1xF/559 AAAC,TypTow,21.0,1,0.6629999876022339,2.442883253097534,9.96532917022705,9.053948402404785,31.488935470581055,73.86957550048828,37.42454147338867,1.7486012637846216e-15,,1.0,,,,,,
69 kV Canabacoa – ZF Santiago_a,1,CIBAO NORTE,NORTE,NORTE 138 kV,\VM-PF.IntUser\PDD 31-12-2024.IntPrj\Network Model.IntPrjfolder\Network Data.IntPrjfolder\NORTE 138 kV.ElmNet\69 kV Canabacoa – ZF Santiago_a.ElmLne,2,ZZSANF,\VM-PF.IntUser\PDD 31-12-2024.IntPrj\Network Model.IntPrjfolder\Network Data.IntPrjfolder\NORTE 138 kV.ElmNet\ZF Santiago.ElmSite\ZZSANF.ElmSubstat\2.ElmTerm,Tap 1 69 kV Nibaje,,\VM-PF.IntUser\PDD 31-12-2024.IntPrj\Network Model.IntPrjfolder\Network Data.IntPrjfolder\NORTE 138 kV.ElmNet\Tap 1 69 kV Nibaje.ElmTerm,,,8.0,1,0.5680000185966492,1.0449590682983398,3.8648219108581543,3.4434945583343506,12.168204307556152,27.64661979675293,16.096118927001953,-4.440892098500626e-16,,,,,,,,
138 kV Nibaje – ZF Santiago_b,0,CIBAO NORTE,NORTE,NORTE 138 kV,\VM-PF.IntUser\PDD 31-12-2024.IntPrj\Network Model.IntPrjfolder\Network Data.IntPrjfolder\NORTE 138 kV.ElmNet\138 kV Nibaje – ZF Santiago_b.ElmLne,E9,ZZSANE,\VM-PF.IntUser\PDD 31-12-2024.IntPrj\Network Model.IntPrjfolder\Network Data.IntPrjfolder\NORTE 138 kV.ElmNet\ZF Santiago.ElmSite\ZZSANE.ElmSubstat\E9.ElmTerm,Tap 2 Nibaje,,\VM-PF.IntUser\PDD 31-12-2024.IntPrj\Network Model.IntPrjfolder\Network Data.IntPrjfolder\NORTE 138 kV.ElmNet\Tap 2 Nibaje.ElmTerm,,,8.0,1,0.5680000185966492,1.0449590682983398,3.8648219108581543,3.4434945583343506,12.168204307556152,27.64661979675293,16.096118927001953,7.771561172376096e-16,,,,,,,,
138 kV Puerto Plata 2 – ZF Santiago L1,1,,,NORTE 138 kV,\VM-PF.IntUser\PDD 31-12-2024.IntPrj\Network Model.IntPrjfolder\Network Data.IntPrjfolder\NORTE 138 kV.ElmNet\138 kV Puerto Plata 2 – ZF Santiago L1.ElmLne,,,,E1,ZZSANE,\VM-PF.IntUser\PDD 31-12-2024.IntPrj\Network Model.IntPrjfolder\Network Data.IntPrjfolder\NORTE 138 kV.ElmNet\ZF Santiago.ElmSite\ZZSANE.ElmSubstat\E1.ElmTerm,,,19.18000030517578,1,0.5680000185966492,2.5052895545959473,9.265911102294922,8.255778312683105,29.17327117919922,66.28276824951172,38.59044647216797,1.8632319266024405e-15,,,,,,,,
138 kV Puerto Plata 2 – ZF Santiago L2,1,CIBAO NORTE,NORTE,NORTE 138 kV,\VM-PF.IntUser\PDD 31-12-2024.IntPrj\Network Model.IntPrjfolder\Network Data.IntPrjfolder\NORTE 138 kV.ElmNet\138 kV Puerto Plata 2 – ZF Santiago L2.ElmLne,E5,ZPPL2E,\VM-PF.IntUser\PDD 31-12-2024.IntPrj\Network Model.IntPrjfolder\Network Data.IntPrjfolder\NORTE 138 kV.ElmNet\Puerto Plata 2.ElmSite\ZPPL2E.ElmSubstat\E5.ElmTerm,E2,ZZSANE,\VM-PF.IntUser\PDD 31-12-2024.IntPrj\Network Model.IntPrjfolder\Network Data.IntPrjfolder\NORTE 138 kV.ElmNet\ZF Santiago.ElmSite\ZZSANE.ElmSubstat\E2.ElmTerm,T.ACERO S1 1C 1xF 450 ACAR-138 kV,TypTow,51.70000076293945,1,0.5680000185966492,6.76069450378418,24.9717960357666,23.03650665283203,77.96086883544922,178.60012817382812,91.29292297363281,-5.739853122015354e-15,,1.0,,,,,,
138 kV Puerto Plata 2 – San Felipe L2,0,CIBAO NORTE,NORTE,NORTE 138 kV,\VM-PF.IntUser\PDD 31-12-2024.IntPrj\Network Model.IntPrjfolder\Network Data.IntPrjfolder\NORTE 138 kV.ElmNet\138 kV Puerto Plata 2 – San Felipe L2.ElmLne,138 kV San Felipe B2,ZSFELE,\VM-PF.IntUser\PDD 31-12-2024.IntPrj\Network Model.IntPrjfolder\Network Data.IntPrjfolder\NORTE 138 kV.ElmNet\ZSFELE.ElmSubstat\138 kV San Felipe B2.ElmTerm,E8,ZPPL2E,\VM-PF.IntUser\PDD 31-12-2024.IntPrj\Network Model.IntPrjfolder\Network Data.IntPrjfolder\NORTE 138 kV.ElmNet\Puerto Plata 2.ElmSite\ZPPL2E.ElmSubstat\E8.ElmTerm,P.TUBULAR PA(1)/1C/138/1xF/559 AAAC,TypTow,2.0,1,0.6629999876022339,0.23200707137584686,0.9494706392288208,0.7864548563957214,3.0623059272766113,7.0259246826171875,3.6113102436065674,1.1102230246251565e-16,,1.0,,,,,,
138 kV López Angostura – Tavera,0,CIBAO NORTE,NORTE,NORTE 138 kV,\VM-PF.IntUser\PDD 31-12-2024.IntPrj\Network Model.IntPrjfolder\Network Data.IntPrjfolder\NORTE 138 kV.ElmNet\138 kV López Angostura – Tavera.ElmLne,WLANGE(1),ZLANGE,\VM-PF.IntUser\PDD 31-12-2024.IntPrj\Network Model.IntPrjfolder\Network Data.IntPrjfolder\NORTE 138 kV.ElmNet\López Angostura.ElmSite\ZLANGE.ElmSubstat\WLANGE(1).ElmTerm,5,ZTAVEE,\VM-PF.IntUser\PDD 31-12-2024.IntPrj\Network Model.IntPrjfolder\Network Data.IntPrjfolder\NORTE 138 kV.ElmNet\Tavera.ElmSite\ZTAVEE.ElmSubstat\5.ElmTerm,T.ACERO S2/1C/138/1xF - 477 ACSR,TypTow,5.5,1,0.6589999794960022,0.6449209451675415,2.7199227809906006,2.314603090286255,8.181654930114746,18.67331886291504,10.223143577575684,1.9081958235744878e-16,,1.0,,,,,,
138 kV Bonao 2 – Bonao 3 L1,0,CIBAO SUR,NORTE,NORTE 138 kV,\VM-PF.IntUser\PDD 31-12-2024.IntPrj\Network Model.IntPrjfolder\Network Data.IntPrjfolder\NORTE 138 kV.ElmNet\138 kV Bonao 2 – Bonao 3 L1.ElmLne,1,ZBON3E,\VM-PF.IntUser\PDD 31-12-2024.IntPrj\Network Model.IntPrjfolder\Network Data.IntPrjfolder\Expansión 345 kV.ElmNet\Bonao 3.ElmSite\ZBON3E.ElmSubstat\1.ElmTerm,E1,ZBON2E,\VM-PF.IntUser\PDD 31-12-2024.IntPrj\Network Model.IntPrjfolder\Network Data.IntPrjfolder\NORTE 138 kV.ElmNet\Bonao 2.ElmSite\ZBON2E.ElmSubstat\E1.ElmTerm,,,0.3050000071525574,1,1.3259999752044678,0.017773838713765144,0.1008581593632698,0.10921800881624222,0.41742461919784546,1.535209059715271,0.7779261469841003,-4.2327255460812053e-17,,,,,,,,
138 kV El Naranjo – Puerto Plata 2_a,0,CIBAO NORTE,NORTE,NORTE 138 kV,\VM-PF.IntUser\PDD 31-12-2024.IntPrj\Network Model.IntPrjfolder\Network Data.IntPrjfolder\NORTE 138 kV.ElmNet\138 kV El Naranjo – Puerto Plata 2_a.ElmLne,E2,ZNARAD,\VM-PF.IntUser\PDD 31-12-2024.IntPrj\Network Model.IntPrjfolder\Network Data.IntPrjfolder\Expansión 345 kV.ElmNet\El Naranjo.ElmSite\ZNARAD.ElmSubstat\E2.ElmTerm,Tap Navarrete 2,,\VM-PF.IntUser\PDD 31-12-2024.IntPrj\Network Model.IntPrjfolder\Network Data.IntPrjfolder\NORTE 138 kV.ElmNet\Tap Navarrete 2.ElmTerm,,,27.549999237060547,1,1.3259999752044678,1.6054729223251343,9.110301971435547,9.865428924560547,37.705074310302734,138.6721649169922,70.2684097290039,3.0586643481390115e-15,,,,,,,,
138 kV Bonao 2 – Bonao 3 L2,0,CIBAO SUR,NORTE,NORTE 138 kV,\VM-PF.IntUser\PDD 31-12-2024.IntPrj\Network Model.IntPrjfolder\Network Data.IntPrjfolder\NORTE 138 kV.ElmNet\138 kV Bonao 2 – Bonao 3 L2.ElmLne,4,ZBON3E,\VM-PF.IntUser\PDD 31-12-2024.IntPrj\Network Model.IntPrjfolder\Network Data.IntPrjfolder\Expansión 345 kV.ElmNet\Bonao 3.ElmSite\ZBON3E.ElmSubstat\4.ElmTerm,E8,ZBON2E,\VM-PF.IntUser\PDD 31-12-2024.IntPrj\Network Model.IntPrjfolder\Network Data.IntPrjfolder\NORTE 138 kV.ElmNet\Bonao 2.ElmSite\ZBON2E.ElmSubstat\E8.ElmTerm,,,0.3050000071525574,1,1.3259999752044678,0.017773838713765144,0.1008581593632698,0.10921800881624222,0.41742461919784546,1.535209059715271,0.7779261469841003,3.386180304516066e-17,,,,,,,,
138 kV Monción – Santiago Rodríguez_c,0,CIBAO NOROESTE,NORTE,NORTE 138 kV,\VM-PF.IntUser\PDD 31-12-2024.IntPrj\Network Model.IntPrjfolder\Network Data.IntPrjfolder\NORTE 138 kV.ElmNet\138 kV Monción – Santiago Rodríguez_c.ElmLne,Tap 1 Santiago Rodríguez,,\VM-PF.IntUser\PDD 31-12-2024.IntPrj\Network Model.IntPrjfolder\Network Data.IntPrjfolder\NORTE 138 kV.ElmNet\Tap 1 Santiago Rodríguez.ElmTerm,2,ZSRODE,\VM-PF.IntUser\PDD 31-12-2024.IntPrj\Network Model.IntPrjfolder\Network Data.IntPrjfolder\NORTE 138 kV.ElmNet\ZSRODE.ElmSubstat\2.ElmTerm,T.ACERO S1(2)/1C/138/1xF/559 AAAC,TypTow,0.9700000286102295,1,0.6629999876022339,0.11283794045448303,0.46030330657958984,0.41820618510246277,1.45448899269104,3.4120712280273438,1.7286573648452759,8.07687274237603e-17,,1.0,,,,,,
138 kV Puerto Plata 2 – San Felipe L1,0,CIBAO NORTE,NORTE,NORTE 138 kV,\VM-PF.IntUser\PDD 31-12-2024.IntPrj\Network Model.IntPrjfolder\Network Data.IntPrjfolder\NORTE 138 kV.ElmNet\138 kV Puerto Plata 2 – San Felipe L1.ElmLne,E4,ZPPL2E,\VM-PF.IntUser\PDD 31-12-2024.IntPrj\Network Model.IntPrjfolder\Network Data.IntPrjfolder\NORTE 138 kV.ElmNet\Puerto Plata 2.ElmSite\ZPPL2E.ElmSubstat\E4.ElmTerm,1,ZSFELE,\VM-PF.IntUser\PDD 31-12-2024.IntPrj\Network Model.IntPrjfolder\Network Data.IntPrjfolder\NORTE 138 kV.ElmNet\ZSFELE.ElmSubstat\1.ElmTerm,P.TUBULAR PA(1)/1C/138/1xF/559 AAAC,TypTow,2.0,1,0.6629999876022339,0.23200707137584686,0.9494706392288208,0.7864548563957214,3.0623059272766113,7.0259246826171875,3.6113102436065674,1.1102230246251565e-16,,1.0,,,,,,
138 kV Agua Clara – Navarrete 2_b,0,CIBAO NOROESTE,NORTE,NORTE 138 kV,\VM-PF.IntUser\PDD 31-12-2024.IntPrj\Network Model.IntPrjfolder\Network Data.IntPrjfolder\NORTE 138 kV.ElmNet\138 kV Agua Clara – Navarrete 2_b.ElmLne,Tap 1 Cruce Esperanza,,\VM-PF.IntUser\PDD 31-12-2024.IntPrj\Network Model.IntPrjfolder\Network Data.IntPrjfolder\NORTE 138 kV.ElmNet\Tap 1 Cruce Esperanza.ElmTerm,Tap 2 Agua Clara,,\VM-PF.IntUser\PDD 31-12-2024.IntPrj\Network Model.IntPrjfolder\Network Data.IntPrjfolder\NORTE 138 kV.ElmNet\Tap 2 Agua Clara.ElmTerm,T.ACERO S1(2)/1C/138/1xF/559 AAAC,TypTow,17.799999237060547,1,0.6629999876022339,2.070634365081787,8.446802139282227,7.6742987632751465,26.69062042236328,62.613258361816406,31.721752166748047,1.482147674347113e-15,,1.0,,,,,,
138 kV Guanillo – Guayubín_b,0,CIBAO NOROESTE,NORTE,NORTE 138 kV,\VM-PF.IntUser\PDD 31-12-2024.IntPrj\Network Model.IntPrjfolder\Network Data.IntPrjfolder\NORTE 138 kV.ElmNet\138 kV Guanillo – Guayubín_b.ElmLne,Tap 1 Guanillo,,\VM-PF.IntUser\PDD 31-12-2024.IntPrj\Network Model.IntPrjfolder\Network Data.IntPrjfolder\NORTE 138 kV.ElmNet\Tap 1 Guanillo.ElmTerm,Tap 1 Guayubín,,\VM-PF.IntUser\PDD 31-12-2024.IntPrj\Network Model.IntPrjfolder\Network Data.IntPrjfolder\NORTE 138 kV.ElmNet\Tap 1 Guayubín.ElmTerm,T.ACERO S1(2)/1C/138/1xF/559 AAAC,TypTow,6.900000095367432,1,0.6629999876022339,0.802661657333374,3.274322271347046,2.9748687744140625,10.346364974975586,24.271432876586914,12.296634674072266,5.745404364193422e-16,,1.0,,,,,,
138 kV Agua Clara – Guanillo_b,0,CIBAO NOROESTE,NORTE,NORTE 138 kV,\VM-PF.IntUser\PDD 31-12-2024.IntPrj\Network Model.IntPrjfolder\Network Data.IntPrjfolder\NORTE 138 kV.ElmNet\138 kV Agua Clara – Guanillo_b.ElmLne,Tap 1 Agua Clara,,\VM-PF.IntUser\PDD 31-12-2024.IntPrj\Network Model.IntPrjfolder\Network Data.IntPrjfolder\NORTE 138 kV.ElmNet\Tap 1 Agua Clara.ElmTerm,Tap 2 Guanillo,,\VM-PF.IntUser\PDD 31-12-2024.IntPrj\Network Model.IntPrjfolder\Network Data.IntPrjfolder\NORTE 138 kV.ElmNet\Tap 2 Guanillo.ElmTerm,T.ACERO S1(2)/1C/138/1xF/559 AAAC,TypTow,8.800000190734863,1,0.6629999876022339,1.0236843824386597,4.175947189331055,3.7940356731414795,13.195363998413086,30.954872131347656,15.68266487121582,7.327472386042507e-16,,1.0,,,,,,
138 kV Agua Clara – Navarrete 2_a,0,CIBAO NOROESTE,NORTE,NORTE 138 kV,\VM-PF.IntUser\PDD 31-12-2024.IntPrj\Network Model.IntPrjfolder\Network Data.IntPrjfolder\NORTE 138 kV.ElmNet\138 kV Agua Clara – Navarrete 2_a.ElmLne,Tap 2 Agua Clara,,\VM-PF.IntUser\PDD 31-12-2024.IntPrj\Network Model.IntPrjfolder\Network Data.IntPrjfolder\NORTE 138 kV.ElmNet\Tap 2 Agua Clara.ElmTerm,2,ZACLAE,\VM-PF.IntUser\PDD 31-12-2024.IntPrj\Network Model.IntPrjfolder\Network Data.IntPrjfolder\NORTE 138 kV.ElmNet\Agua Clara.ElmSite\ZACLAE.ElmSubstat\2.ElmTerm,,,3.9100000858306885,1,0.6629999876022339,0.45484161376953125,1.8554493188858032,1.6857589483261108,5.862940311431885,13.77297306060791,8.033720970153809,5.968836832602529e-16,,,,,,,,
138 kV Agua Clara – Guanillo_c,0,CIBAO NOROESTE,NORTE,NORTE 138 kV,\VM-PF.IntUser\PDD 31-12-2024.IntPrj\Network Model.IntPrjfolder\Network Data.IntPrjfolder\NORTE 138 kV.ElmNet\138 kV Agua Clara – Guanillo_c.ElmLne,Tap 1 Agua Clara,,\VM-PF.IntUser\PDD 31-12-2024.IntPrj\Network Model.IntPrjfolder\Network Data.IntPrjfolder\NORTE 138 kV.ElmNet\Tap 1 Agua Clara.ElmTerm,1,ZACLAE,\VM-PF.IntUser\PDD 31-12-2024.IntPrj\Network Model.IntPrjfolder\Network Data.IntPrjfolder\NORTE 138 kV.ElmNet\Agua Clara.ElmSite\ZACLAE.ElmSubstat\1.ElmTerm,,,3.9100000858306885,1,0.6629999876022339,0.45484161376953125,1.8554493188858032,1.6857589483261108,5.862940311431885,13.77297306060791,8.033720970153809,-5.426215151969461e-17,,,,,,,,
138 kV Agua Clara – Guanillo_a,0,CIBAO NOROESTE,NORTE,NORTE 138 kV,\VM-PF.IntUser\PDD 31-12-2024.IntPrj\Network Model.IntPrjfolder\Network Data.IntPrjfolder\NORTE 138 kV.ElmNet\138 kV Agua Clara – Guanillo_a.ElmLne,Tap 2 Guanillo,,\VM-PF.IntUser\PDD 31-12-2024.IntPrj\Network Model.IntPrjfolder\Network Data.IntPrjfolder\NORTE 138 kV.ElmNet\Tap 2 Guanillo.ElmTerm,2,ZGNLLE,\VM-PF.IntUser\PDD 31-12-2024.IntPrj\Network Model.IntPrjfolder\Network Data.IntPrjfolder\NORTE 138 kV.ElmNet\Guanillo.ElmSite\ZGNLLE.ElmSubstat\2.ElmTerm,,,13.600000381469727,1,0.6629999876022339,1.5820577144622803,6.453736782073975,5.863509654998779,20.39283561706543,47.9059944152832,27.943378448486328,2.0761171407523375e-15,,,,,,,,
138 kV Guanillo – Guayubín_a,0,CIBAO NOROESTE,NORTE,NORTE 138 kV,\VM-PF.IntUser\PDD 31-12-2024.IntPrj\Network Model.IntPrjfolder\Network Data.IntPrjfolder\NORTE 138 kV.ElmNet\138 kV Guanillo – Guayubín_a.ElmLne,Tap 1 Guanillo,,\VM-PF.IntUser\PDD 31-12-2024.IntPrj\Network Model.IntPrjfolder\Network Data.IntPrjfolder\NORTE 138 kV.ElmNet\Tap 1 Guanillo.ElmTerm,1,ZGNLLE,\VM-PF.IntUser\PDD 31-12-2024.IntPrj\Network Model.IntPrjfolder\Network Data.IntPrjfolder\NORTE 138 kV.ElmNet\Guanillo.ElmSite\ZGNLLE.ElmSubstat\1.ElmTerm,,,13.600000381469727,1,0.6629999876022339,1.5820577144622803,6.453736782073975,5.863509654998779,20.39283561706543,47.9059944152832,27.943378448486328,-1.8873791948023253e-16,,,,,,,,
138 kV Matrisol – Río San Juan_b,0,CIBAO NORTE,NORTE,NORTE 138 kV,\VM-PF.IntUser\PDD 31-12-2024.IntPrj\Network Model.IntPrjfolder\Network Data.IntPrjfolder\NORTE 138 kV.ElmNet\138 kV Matrisol – Río San Juan_b.ElmLne,1,ZRSJUE,\VM-PF.IntUser\PDD 31-12-2024.IntPrj\Network Model.IntPrjfolder\Network Data.IntPrjfolder\NORTE 138 kV.ElmNet\ZRSJUE.ElmSubstat\1.ElmTerm,Tap 2 Matrisol,,\VM-PF.IntUser\PDD 31-12-2024.IntPrj\Network Model.IntPrjfolder\Network Data.IntPrjfolder\NORTE 138 kV.ElmNet\Tap 2 Matrisol.ElmTerm,T.ACERO S1(2)/1C/138/1xF/559 AAAC,TypTow,28.399999618530273,1,0.6629999876022339,3.303708791732788,13.476920127868652,12.244386672973633,42.58503723144531,99.89981079101562,50.61223602294922,2.3647749577482887e-15,,1.0,,,,,,
138 kV Guanillo – Guayubín_c,0,CIBAO NOROESTE,NORTE,NORTE 138 kV,\VM-PF.IntUser\PDD 31-12-2024.IntPrj\Network Model.IntPrjfolder\Network Data.IntPrjfolder\NORTE 138 kV.ElmNet\138 kV Guanillo – Guayubín_c.ElmLne,Tap 1 Guayubín,,\VM-PF.IntUser\PDD 31-12-2024.IntPrj\Network Model.IntPrjfolder\Network Data.IntPrjfolder\NORTE 138 kV.ElmNet\Tap 1 Guayubín.ElmTerm,2,ZGUAYE,\VM-PF.IntUser\PDD 31-12-2024.IntPrj\Network Model.IntPrjfolder\Network Data.IntPrjfolder\NORTE 138 kV.ElmNet\Monte Cristi Solar.ElmSite\ZGUAYE.ElmSubstat\2.ElmTerm,,,0.061000000685453415,1,0.6629999876022339,0.0070959944278001785,0.028946908190846443,0.02629956416785717,0.09146786481142044,0.21487246453762054,0.12533427774906158,-8.465450657892589e-19,,,,,,,,
138 kV Guayubín – Monte Cristi_b,0,CIBAO NOROESTE,NORTE,NORTE 138 kV,\VM-PF.IntUser\PDD 31-12-2024.IntPrj\Network Model.IntPrjfolder\Network Data.IntPrjfolder\NORTE 138 kV.ElmNet\138 kV Guayubín – Monte Cristi_b.ElmLne,Tap 2 Guayubín,,\VM-PF.IntUser\PDD 31-12-2024.IntPrj\Network Model.IntPrjfolder\Network Data.IntPrjfolder\NORTE 138 kV.ElmNet\Tap 2 Guayubín.ElmTerm,1,ZMONTE,\VM-PF.IntUser\PDD 31-12-2024.IntPrj\Network Model.IntPrjfolder\Network Data.IntPrjfolder\NORTE 138 kV.ElmNet\ZMONTE.ElmSubstat\1.ElmTerm,T.ACERO S1(2)/1C/138/1xF/559 AAAC,TypTow,30.69999885559082,1,0.6629999876022339,3.5712625980377197,14.568361282348633,13.23600959777832,46.0338249206543,107.99028778076172,54.71111297607422,2.5562884718477756e-15,,1.0,,,,,,
138 kV Los Guzmancito – Navarrete 2_b,0,CIBAO NORTE,NORTE,NORTE 138 kV,\VM-PF.IntUser\PDD 31-12-2024.IntPrj\Network Model.IntPrjfolder\Network Data.IntPrjfolder\NORTE 138 kV.ElmNet\138 kV Los Guzmancito – Navarrete 2_b.ElmLne,Tap 1 Guzmancito,,\VM-PF.IntUser\PDD 31-12-2024.IntPrj\Network Model.IntPrjfolder\Network Data.IntPrjfolder\NORTE 138 kV.ElmNet\Tap 1 Guzmancito.ElmTerm,L2,ZNAV2E,\VM-PF.IntUser\PDD 31-12-2024.IntPrj\Network Model.IntPrjfolder\Network Data.IntPrjfolder\NORTE 138 kV.ElmNet\ZNAV2E.ElmSubstat\L2.ElmTerm,,,30.700000762939453,1,1.3259999752044678,1.789038896560669,10.151952743530273,10.99341869354248,42.01618194580078,154.52760314941406,78.30272674560547,3.4083847703025253e-15,,,,,,,,
138 kV El Naranjo – Puerto Plata 2_c,0,CIBAO NORTE,NORTE,NORTE 138 kV,\VM-PF.IntUser\PDD 31-12-2024.IntPrj\Network Model.IntPrjfolder\Network Data.IntPrjfolder\NORTE 138 kV.ElmNet\138 kV El Naranjo – Puerto Plata 2_c.ElmLne,Tap 3 Guzmancito,,\VM-PF.IntUser\PDD 31-12-2024.IntPrj\Network Model.IntPrjfolder\Network Data.IntPrjfolder\NORTE 138 kV.ElmNet\Tap 3 Guzmancito.ElmTerm,E1,ZPPL2E,\VM-PF.IntUser\PDD 31-12-2024.IntPrj\Network Model.IntPrjfolder\Network Data.IntPrjfolder\NORTE 138 kV.ElmNet\Puerto Plata 2.ElmSite\ZPPL2E.ElmSubstat\E1.ElmTerm,,,7.199999809265137,1,1.3259999752044678,0.4195791184902191,2.3809139728546143,2.578260898590088,9.853958129882812,36.24100112915039,18.36415672302246,-9.992007221626409e-16,,,,,,,,
138 kV El Naranjo – Puerto Plata 2_b,0,CIBAO NORTE,NORTE,NORTE 138 kV,\VM-PF.IntUser\PDD 31-12-2024.IntPrj\Network Model.IntPrjfolder\Network Data.IntPrjfolder\NORTE 138 kV.ElmNet\138 kV El Naranjo – Puerto Plata 2_b.ElmLne,Tap Navarrete 2,,\VM-PF.IntUser\PDD 31-12-2024.IntPrj\Network Model.IntPrjfolder\Network Data.IntPrjfolder\NORTE 138 kV.ElmNet\Tap Navarrete 2.ElmTerm,Tap 3 Guzmancito,,\VM-PF.IntUser\PDD 31-12-2024.IntPrj\Network Model.IntPrjfolder\Network Data.IntPrjfolder\NORTE 138 kV.ElmNet\Tap 3 Guzmancito.ElmTerm,,,30.700000762939453,1,1.3259999752044678,1.789038896560669,10.151952743530273,10.99341869354248,42.01618194580078,154.52760314941406,78.30272674560547,-4.260480856999038e-15,,,,,,,,
138 kV Los Guzmancito – Navarrete 2_a,0,CIBAO NORTE,NORTE,NORTE 138 kV,\VM-PF.IntUser\PDD 31-12-2024.IntPrj\Network Model.IntPrjfolder\Network Data.IntPrjfolder\NORTE 138 kV.ElmNet\138 kV Los Guzmancito – Navarrete 2_a.ElmLne,Tap 1 Guzmancito,,\VM-PF.IntUser\PDD 31-12-2024.IntPrj\Network Model.IntPrjfolder\Network Data.IntPrjfolder\NORTE 138 kV.ElmNet\Tap 1 Guzmancito.ElmTerm,2,ZLGUZE,\VM-PF.IntUser\PDD 31-12-2024.IntPrj\Network Model.IntPrjfolder\Network Data.IntPrjfolder\NORTE 138 kV.ElmNet\Los Guzmancito.ElmSite\ZLGUZE.ElmSubstat\2.ElmTerm,,,9.989999771118164,1,1.3259999752044678,0.5821660161018372,3.303518056869507,3.5773370265960693,13.67236614227295,50.284385681152344,25.480268478393555,1.109112776189543e-15,,,,,,,,
138 kV Los Guzmancito – Puerto Plata 2_a,0,CIBAO NORTE,NORTE,NORTE 138 kV,\VM-PF.IntUser\PDD 31-12-2024.IntPrj\Network Model.IntPrjfolder\Network Data.IntPrjfolder\NORTE 138 kV.ElmNet\138 kV Los Guzmancito – Puerto Plata 2_a.ElmLne,Tap 2 Guzmancito,,\VM-PF.IntUser\PDD 31-12-2024.IntPrj\Network Model.IntPrjfolder\Network Data.IntPrjfolder\NORTE 138 kV.ElmNet\Tap 2 Guzmancito.ElmTerm,1,ZLGUZE,\VM-PF.IntUser\PDD 31-12-2024.IntPrj\Network Model.IntPrjfolder\Network Data.IntPrjfolder\NORTE 138 kV.ElmNet\Los Guzmancito.ElmSite\ZLGUZE.ElmSubstat\1.ElmTerm,,,9.989999771118164,1,1.3259999752044678,0.5821660161018372,3.303518056869507,3.5773370265960693,13.67236614227295,50.284385681152344,25.480268478393555,-1.3863909172973695e-15,,,,,,,,
138 kV Matrisol – Nagua 2_b,0,CIBAO NORESTE,NORTE,NORTE 138 kV,\VM-PF.IntUser\PDD 31-12-2024.IntPrj\Network Model.IntPrjfolder\Network Data.IntPrjfolder\NORTE 138 kV.ElmNet\138 kV Matrisol – Nagua 2_b.ElmLne,Tap 1 Matrisol,,\VM-PF.IntUser\PDD 31-12-2024.IntPrj\Network Model.IntPrjfolder\Network Data.IntPrjfolder\NORTE 138 kV.ElmNet\Tap 1 Matrisol.ElmTerm,WNAG3E(3),ZNAG2E,\VM-PF.IntUser\PDD 31-12-2024.IntPrj\Network Model.IntPrjfolder\Network Data.IntPrjfolder\NORTE 138 kV.ElmNet\Nagua.ElmSite\ZNAG2E.ElmSubstat\WNAG3E(3).ElmTerm,T.ACERO S1(2)/1C/138/1xF/559 AAAC,TypTow,21.399999618530273,1,0.6629999876022339,2.4894142150878906,10.155144691467285,9.226404190063477,32.08872604370117,75.27661895751953,38.137386322021484,1.7819078698200815e-15,,1.0,,,,,,
138 kV Dajabón – Monte Cristi,0,CIBAO NOROESTE,NORTE,NORTE 138 kV,\VM-PF.IntUser\PDD 31-12-2024.IntPrj\Network Model.IntPrjfolder\Network Data.IntPrjfolder\NORTE 138 kV.ElmNet\138 kV Dajabón – Monte Cristi.ElmLne,2,ZMONTE,\VM-PF.IntUser\PDD 31-12-2024.IntPrj\Network Model.IntPrjfolder\Network Data.IntPrjfolder\NORTE 138 kV.ElmNet\ZMONTE.ElmSubstat\2.ElmTerm,1,ZDAJAE,\VM-PF.IntUser\PDD 31-12-2024.IntPrj\Network Model.IntPrjfolder\Network Data.IntPrjfolder\NORTE 138 kV.ElmNet\ZDAJAE.ElmSubstat\1.ElmTerm,T.ACERO S1/1C/138/1xF - 559.5 AAAC,TypTow,39.20000076293945,1,0.6629999876022339,4.546514511108398,19.50250244140625,16.584266662597656,57.283973693847656,130.51153564453125,71.71434783935547,-1.6320279309022748e-15,,1.0,,,,,,
138 kV El Naranjo – Navarrete 2,0,CIBAO NORTE,NORTE,NORTE 138 kV,\VM-PF.IntUser\PDD 31-12-2024.IntPrj\Network Model.IntPrjfolder\Network Data.IntPrjfolder\NORTE 138 kV.ElmNet\138 kV El Naranjo – Navarrete 2.ElmLne,E1,ZNARAD,\VM-PF.IntUser\PDD 31-12-2024.IntPrj\Network Model.IntPrjfolder\Network Data.IntPrjfolder\Expansión 345 kV.ElmNet\El Naranjo.ElmSite\ZNARAD.ElmSubstat\E1.ElmTerm,L1,ZNAV2E,\VM-PF.IntUser\PDD 31-12-2024.IntPrj\Network Model.IntPrjfolder\Network Data.IntPrjfolder\NORTE 138 kV.ElmNet\ZNAV2E.ElmSubstat\L1.ElmTerm,,,27.549999237060547,1,1.3259999752044678,1.6054729223251343,9.110301971435547,9.865428924560547,37.705074310302734,138.6721649169922,70.2684097290039,-3.823330541052883e-15,,,,,,,,
138 kV Canabacoa – Nibaje_b,0,CIBAO NORTE,NORTE,NORTE 138 kV,\VM-PF.IntUser\PDD 31-12-2024.IntPrj\Network Model.IntPrjfolder\Network Data.IntPrjfolder\NORTE 138 kV.ElmNet\138 kV Canabacoa – Nibaje_b.ElmLne,Tap 3 Nibaje,,\VM-PF.IntUser\PDD 31-12-2024.IntPrj\Network Model.IntPrjfolder\Network Data.IntPrjfolder\NORTE 138 kV.ElmNet\Tap 3 Nibaje.ElmTerm,WNIBAE(7),ZNIBAE,\VM-PF.IntUser\PDD 31-12-2024.IntPrj\Network Model.IntPrjfolder\Network Data.IntPrjfolder\NORTE 138 kV.ElmNet\ZNIBAE.ElmSubstat\WNIBAE(7).ElmTerm,,,2.950000047683716,1,0.5680000185966492,0.3853286802768707,1.425153136253357,1.2697886228561401,4.487025260925293,10.194690704345703,5.935444355010986,-1.6375789877918855e-16,,,,,,,,
138 kV Nibaje – ZF Santiago_a,0,CIBAO NORTE,NORTE,NORTE 138 kV,\VM-PF.IntUser\PDD 31-12-2024.IntPrj\Network Model.IntPrjfolder\Network Data.IntPrjfolder\NORTE 138 kV.ElmNet\138 kV Nibaje – ZF Santiago_a.ElmLne,Tap 2 Nibaje,,\VM-PF.IntUser\PDD 31-12-2024.IntPrj\Network Model.IntPrjfolder\Network Data.IntPrjfolder\NORTE 138 kV.ElmNet\Tap 2 Nibaje.ElmTerm,WNIBAE(9),ZNIBAE,\VM-PF.IntUser\PDD 31-12-2024.IntPrj\Network Model.IntPrjfolder\Network Data.IntPrjfolder\NORTE 138 kV.ElmNet\ZNIBAE.ElmSubstat\WNIBAE(9).ElmTerm,,,2.950000047683716,1,0.5680000185966492,0.3853286802768707,1.425153136253357,1.2697886228561401,4.487025260925293,10.194690704345703,5.935444355010986,2.865763129374126e-16,,,,,,,,
138 kV Bonao 3 – FALCONDO,1,CIBAO SUR,NORTE,NORTE 138 kV,\VM-PF.IntUser\PDD 31-12-2024.IntPrj\Network Model.IntPrjfolder\Network Data.IntPrjfolder\NORTE 138 kV.ElmNet\138 kV Bonao 3 – FALCONDO.ElmLne,2(1),ZFALCE,\VM-PF.IntUser\PDD 31-12-2024.IntPrj\Network Model.IntPrjfolder\Network Data.IntPrjfolder\NORTE 138 kV.ElmNet\Falcondo.ElmSite\ZFALCE.ElmSubstat\2(1).ElmTerm,2,ZBON3E,\VM-PF.IntUser\PDD 31-12-2024.IntPrj\Network Model.IntPrjfolder\Network Data.IntPrjfolder\Expansión 345 kV.ElmNet\Bonao 3.ElmSite\ZBON3E.ElmSubstat\2.ElmTerm,,,3.0,1,0.5680000185966492,0.39185965061187744,1.4493082761764526,1.291310429573059,4.563076496124268,10.36748218536377,6.036044597625732,2.914335439641036e-16,,,,,,,,
138 kV Canabacoa – El Naranjo L2,0,CIBAO NORTE,NORTE,NORTE 138 kV,\VM-PF.IntUser\PDD 31-12-2024.IntPrj\Network Model.IntPrjfolder\Network Data.IntPrjfolder\NORTE 138 kV.ElmNet\138 kV Canabacoa – El Naranjo L2.ElmLne,L2,ZCANAE,\VM-PF.IntUser\PDD 31-12-2024.IntPrj\Network Model.IntPrjfolder\Network Data.IntPrjfolder\NORTE 138 kV.ElmNet\Canabacoa.ElmSite\ZCANAE.ElmSubstat\L2.ElmTerm,E7,ZNARAD,\VM-PF.IntUser\PDD 31-12-2024.IntPrj\Network Model.IntPrjfolder\Network Data.IntPrjfolder\Expansión 345 kV.ElmNet\El Naranjo.ElmSite\ZNARAD.ElmSubstat\E7.ElmTerm,,,16.31999969482422,1,1.3259999752044678,0.9508447647094727,5.396859645843506,5.834231853485107,22.34410285949707,82.0976791381836,41.01480484008789,-4.529709855767344e-15,,,,,,,,
138 kV Canabacoa – El Naranjo L1,0,CIBAO NORTE,NORTE,NORTE 138 kV,\VM-PF.IntUser\PDD 31-12-2024.IntPrj\Network Model.IntPrjfolder\Network Data.IntPrjfolder\NORTE 138 kV.ElmNet\138 kV Canabacoa – El Naranjo L1.ElmLne,L8,ZCANAE,\VM-PF.IntUser\PDD 31-12-2024.IntPrj\Network Model.IntPrjfolder\Network Data.IntPrjfolder\NORTE 138 kV.ElmNet\Canabacoa.ElmSite\ZCANAE.ElmSubstat\L8.ElmTerm,E8,ZNARAD,\VM-PF.IntUser\PDD 31-12-2024.IntPrj\Network Model.IntPrjfolder\Network Data.IntPrjfolder\Expansión 345 kV.ElmNet\El Naranjo.ElmSite\ZNARAD.ElmSubstat\E8.ElmTerm,,,16.31999969482422,1,1.3259999752044678,0.9508447647094727,5.396859645843506,5.834231853485107,22.34410285949707,82.0976791381836,41.01480484008789,0.0,,,,,,,,
138 kV El Naranjo – ZF Santiago L2,0,CIBAO NORTE,NORTE,NORTE 138 kV,\VM-PF.IntUser\PDD 31-12-2024.IntPrj\Network Model.IntPrjfolder\Network Data.IntPrjfolder\NORTE 138 kV.ElmNet\138 kV El Naranjo – ZF Santiago L2.ElmLne,E3,ZNARAD,\VM-PF.IntUser\PDD 31-12-2024.IntPrj\Network Model.IntPrjfolder\Network Data.IntPrjfolder\Expansión 345 kV.ElmNet\El Naranjo.ElmSite\ZNARAD.ElmSubstat\E3.ElmTerm,E8,ZZSANE,\VM-PF.IntUser\PDD 31-12-2024.IntPrj\Network Model.IntPrjfolder\Network Data.IntPrjfolder\NORTE 138 kV.ElmNet\ZF Santiago.ElmSite\ZZSANE.ElmSubstat\E8.ElmTerm,,,8.930000305175781,1,1.3259999752044678,0.5202845931053162,2.95306134223938,3.192383289337158,12.226277351379395,44.922325134277344,22.44253921508789,0.0,,,,,,,,
138 kV El Naranjo – ZF Santiago L1,0,CIBAO NORTE,NORTE,NORTE 138 kV,\VM-PF.IntUser\PDD 31-12-2024.IntPrj\Network Model.IntPrjfolder\Network Data.IntPrjfolder\NORTE 138 kV.ElmNet\138 kV El Naranjo – ZF Santiago L1.ElmLne,E5,ZNARAD,\VM-PF.IntUser\PDD 31-12-2024.IntPrj\Network Model.IntPrjfolder\Network Data.IntPrjfolder\Expansión 345 kV.ElmNet\El Naranjo.ElmSite\ZNARAD.ElmSubstat\E5.ElmTerm,E9(1),ZZSANE,\VM-PF.IntUser\PDD 31-12-2024.IntPrj\Network Model.IntPrjfolder\Network Data.IntPrjfolder\NORTE 138 kV.ElmNet\ZF Santiago.ElmSite\ZZSANE.ElmSubstat\E9(1).ElmTerm,,,8.930000305175781,1,1.3259999752044678,0.5202845931053162,2.95306134223938,3.192383289337158,12.226277351379395,44.922325134277344,22.44253921508789,-2.4785729871789567e-15,,,,,,,,
138 kV Esperanza – Navarrete 2 L1,0,CIBAO NORTE,NORTE,NORTE 138 kV,\VM-PF.IntUser\PDD 31-12-2024.IntPrj\Network Model.IntPrjfolder\Network Data.IntPrjfolder\NORTE 138 kV.ElmNet\138 kV Esperanza – Navarrete 2 L1.ElmLne,2,ZESPEE,\VM-PF.IntUser\PDD 31-12-2024.IntPrj\Network Model.IntPrjfolder\Network Data.IntPrjfolder\NORTE 138 kV.ElmNet\Esperanza.ElmSite\ZESPEE.ElmSubstat\2.ElmTerm,R3,ZNAV2E,\VM-PF.IntUser\PDD 31-12-2024.IntPrj\Network Model.IntPrjfolder\Network Data.IntPrjfolder\NORTE 138 kV.ElmNet\ZNAV2E.ElmSubstat\R3.ElmTerm,,,13.579999923706055,1,1.3259999752044678,0.7912054061889648,4.490769386291504,4.854710102081299,18.592702865600586,68.31412506103516,34.12874221801758,0.0,,,,,,,,
138 kV Esperanza – Navarrete 2 L2,1,CIBAO NORTE,NORTE,NORTE 138 kV,\VM-PF.IntUser\PDD 31-12-2024.IntPrj\Network Model.IntPrjfolder\Network Data.IntPrjfolder\NORTE 138 kV.ElmNet\138 kV Esperanza – Navarrete 2 L2.ElmLne,3,ZESPEE,\VM-PF.IntUser\PDD 31-12-2024.IntPrj\Network Model.IntPrjfolder\Network Data.IntPrjfolder\NORTE 138 kV.ElmNet\Esperanza.ElmSite\ZESPEE.ElmSubstat\3.ElmTerm,R4,ZNAV2E,\VM-PF.IntUser\PDD 31-12-2024.IntPrj\Network Model.IntPrjfolder\Network Data.IntPrjfolder\NORTE 138 kV.ElmNet\ZNAV2E.ElmSubstat\R4.ElmTerm,,,13.579999923706055,1,1.3259999752044678,0.7912054061889648,4.490769386291504,4.854710102081299,18.592702865600586,68.31412506103516,34.12874221801758,-3.769207253305701e-15,,,,,,,,
138 kV Matrisol – Nagua 2_a,0,CIBAO NORESTE,NORTE,NORTE 138 kV,\VM-PF.IntUser\PDD 31-12-2024.IntPrj\Network Model.IntPrjfolder\Network Data.IntPrjfolder\NORTE 138 kV.ElmNet\138 kV Matrisol – Nagua 2_a.ElmLne,3,ZMATRE,\VM-PF.IntUser\PDD 31-12-2024.IntPrj\Network Model.IntPrjfolder\Network Data.IntPrjfolder\NORTE 138 kV.ElmNet\Matrisol.ElmSite\ZMATRE.ElmSubstat\3.ElmTerm,Tap 1 Matrisol,,\VM-PF.IntUser\PDD 31-12-2024.IntPrj\Network Model.IntPrjfolder\Network Data.IntPrjfolder\NORTE 138 kV.ElmNet\Tap 1 Matrisol.ElmTerm,,,3.5999999046325684,1,0.6629999876022339,0.41877996921539307,1.7083420753479004,1.55210542678833,5.3981032371521,12.680997848510742,7.39677619934082,-4.9960034784643064e-17,,,,,,,,
138 kV Matrisol – Río San Juan_a,0,CIBAO NORESTE,NORTE,NORTE 138 kV,\VM-PF.IntUser\PDD 31-12-2024.IntPrj\Network Model.IntPrjfolder\Network Data.IntPrjfolder\NORTE 138 kV.ElmNet\138 kV Matrisol – Río San Juan_a.ElmLne,2,ZMATRE,\VM-PF.IntUser\PDD 31-12-2024.IntPrj\Network Model.IntPrjfolder\Network Data.IntPrjfolder\NORTE 138 kV.ElmNet\Matrisol.ElmSite\ZMATRE.ElmSubstat\2.ElmTerm,Tap 2 Matrisol,,\VM-PF.IntUser\PDD 31-12-2024.IntPrj\Network Model.IntPrjfolder\Network Data.IntPrjfolder\NORTE 138 kV.ElmNet\Tap 2 Matrisol.ElmTerm,,,3.5999999046325684,1,0.6629999876022339,0.41877996921539307,1.7083420753479004,1.55210542678833,5.3981032371521,12.680997848510742,7.39677619934082,5.495603760136288e-16,,,,,,,,
34.5 kV Jánico – Tavera,0,CIBAO NORTE,NORTE,NORTE 138 kV,\VM-PF.IntUser\PDD 31-12-2024.IntPrj\Network Model.IntPrjfolder\Network Data.IntPrjfolder\NORTE 138 kV.ElmNet\34.5 kV Jánico – Tavera.ElmLne,34.5 kV Tavera,,\VM-PF.IntUser\PDD 31-12-2024.IntPrj\Network Model.IntPrjfolder\Network Data.IntPrjfolder\NORTE 138 kV.ElmNet\34.5 kV Tavera.ElmTerm,34.5 kV Jánico,,\VM-PF.IntUser\PDD 31-12-2024.IntPrj\Network Model.IntPrjfolder\Network Data.IntPrjfolder\NORTE 138 kV.ElmNet\34.5 kV Jánico.ElmTerm,P.MADERA TP-IG 50 P/34.5 - 4/0 ACSR,TypTow,11.199999809265137,1,0.3569999933242798,2.941236972808838,5.306618690490723,7.462068557739258,17.330766677856445,40.25446319580078,22.20978546142578,-6.217248832021758e-16,,1.0,,,,,,
138 kV El Naranjo – SAJOMA L2,0,CIBAO NORTE,NORTE,NORTE 138 kV,\VM-PF.IntUser\PDD 31-12-2024.IntPrj\Network Model.IntPrjfolder\Network Data.IntPrjfolder\NORTE 138 kV.ElmNet\138 kV El Naranjo – SAJOMA L2.ElmLne,2,ZSAJOM,\VM-PF.IntUser\PDD 31-12-2024.IntPrj\Network Model.IntPrjfolder\Network Data.IntPrjfolder\NORTE 138 kV.ElmNet\SAJOMA.ElmSite\ZSAJOM.ElmSubstat\2.ElmTerm,E6(2),ZNARAD,\VM-PF.IntUser\PDD 31-12-2024.IntPrj\Network Model.IntPrjfolder\Network Data.IntPrjfolder\Expansión 345 kV.ElmNet\El Naranjo.ElmSite\ZNARAD.ElmSubstat\E6(2).ElmTerm,,,14.5,1,1.8300000429153442,0.5208942294120789,4.646762847900391,3.1688735485076904,16.6874942779541,75.29891967773438,37.1987190246582,-4.0245584642661925e-16,,,,,,,,
138 kV El Naranjo – SAJOMA L1,0,CIBAO NORTE,NORTE,NORTE 138 kV,\VM-PF.IntUser\PDD 31-12-2024.IntPrj\Network Model.IntPrjfolder\Network Data.IntPrjfolder\NORTE 138 kV.ElmNet\138 kV El Naranjo – SAJOMA L1.ElmLne,3,ZSAJOM,\VM-PF.IntUser\PDD 31-12-2024.IntPrj\Network Model.IntPrjfolder\Network Data.IntPrjfolder\NORTE 138 kV.ElmNet\SAJOMA.ElmSite\ZSAJOM.ElmSubstat\3.ElmTerm,E7(2),ZNARAD,\VM-PF.IntUser\PDD 31-12-2024.IntPrj\Network Model.IntPrjfolder\Network Data.IntPrjfolder\Expansión 345 kV.ElmNet\El Naranjo.ElmSite\ZNARAD.ElmSubstat\E7(2).ElmTerm,,,14.5,1,1.8300000429153442,0.5208942294120789,4.646762847900391,3.1688735485076904,16.6874942779541,75.29891967773438,37.1987190246582,-8.049116928532385e-16,,,,,,,,
Line,1,CIBAO NORTE,NORTE,NORTE 138 kV,\VM-PF.IntUser\PDD 31-12-2024.IntPrj\Network Model.IntPrjfolder\Network Data.IntPrjfolder\NORTE 138 kV.ElmNet\Line.ElmLne,Tap 69 kV provisional Canabaoca,,\VM-PF.IntUser\PDD 31-12-2024.IntPrj\Network Model.IntPrjfolder\Network Data.IntPrjfolder\NORTE 138 kV.ElmNet\Tap 69 kV provisional Canabaoca.ElmTerm,R4,ZCANAF,\VM-PF.IntUser\PDD 31-12-2024.IntPrj\Network Model.IntPrjfolder\Network Data.IntPrjfolder\NORTE 138 kV.ElmNet\Canabacoa.ElmSite\ZCANAF.ElmSubstat\R4.ElmTerm,T.ACERO S1 1C 1xF 450 ACAR-138 kV,TypTow,0.0010000000474974513,1,0.5680000185966492,0.00013076778850518167,0.00048301348579116166,0.00044558043009601533,0.0015079472213983536,0.0034545480739325285,0.0017658206634223461,-1.1102230773579206e-19,,1.0,,,,,,
138 kV Canabacoa – ZF Santiago_b,0,CIBAO NORTE,NORTE,NORTE 138 kV,\VM-PF.IntUser\PDD 31-12-2024.IntPrj\Network Model.IntPrjfolder\Network Data.IntPrjfolder\NORTE 138 kV.ElmNet\138 kV Canabacoa – ZF Santiago_b.ElmLne,Tap 1 Nibaje,,\VM-PF.IntUser\PDD 31-12-2024.IntPrj\Network Model.IntPrjfolder\Network Data.IntPrjfolder\NORTE 138 kV.ElmNet\Tap 1 Nibaje.ElmTerm,L3,ZCANAE,\VM-PF.IntUser\PDD 31-12-2024.IntPrj\Network Model.IntPrjfolder\Network Data.IntPrjfolder\NORTE 138 kV.ElmNet\Canabacoa.ElmSite\ZCANAE.ElmSubstat\L3.ElmTerm,T.ACERO S1 1C 1xF 450 ACAR-138 kV,TypTow,8.0,1,0.5680000185966492,1.0461422204971313,3.864107608795166,3.564643144607544,12.063577651977539,27.636383056640625,14.126564025878906,-8.881784197001252e-16,,1.0,,,,,,
138 kV Canabacoa – ZF Santiago_a,0,CIBAO NORTE,NORTE,NORTE 138 kV,\VM-PF.IntUser\PDD 31-12-2024.IntPrj\Network Model.IntPrjfolder\Network Data.IntPrjfolder\NORTE 138 kV.ElmNet\138 kV Canabacoa – ZF Santiago_a.ElmLne,Tap 1 Nibaje,,\VM-PF.IntUser\PDD 31-12-2024.IntPrj\Network Model.IntPrjfolder\Network Data.IntPrjfolder\NORTE 138 kV.ElmNet\Tap 1 Nibaje.ElmTerm,E5,ZZSANE,\VM-PF.IntUser\PDD 31-12-2024.IntPrj\Network Model.IntPrjfolder\Network Data.IntPrjfolder\NORTE 138 kV.ElmNet\ZF Santiago.ElmSite\ZZSANE.ElmSubstat\E5.ElmTerm,T.ACERO S1 1C 1xF 450 ACAR-138 kV,TypTow,8.0,1,0.5680000185966492,1.0461422204971313,3.864107608795166,3.564643144607544,12.063577651977539,27.636383056640625,14.126564025878906,-8.881784197001252e-16,,1.0,,,,,,
69 kV Derivación Ingenio CAEI,0,SUR CERCANO,SUR,SUR 69 kV,\VM-PF.IntUser\PDD 31-12-2024.IntPrj\Network Model.IntPrjfolder\Network Data.IntPrjfolder\SUR 69 kV.ElmNet\69 kV Derivación Ingenio CAEI.ElmLne,69 kV Ingenio CAEI,,\VM-PF.IntUser\PDD 31-12-2024.IntPrj\Network Model.IntPrjfolder\Network Data.IntPrjfolder\SUR 69 kV.ElmNet\69 kV Ingenio CAEI.ElmTerm,Tap Ingenio CAEI,,\VM-PF.IntUser\PDD 31-12-2024.IntPrj\Network Model.IntPrjfolder\Network Data.IntPrjfolder\SUR 69 kV.ElmNet\Tap Ingenio CAEI.ElmTerm,P.MADERA TVS/1C/69/1xF - 4/0 AAAC,TypTow,0.5899999737739563,1,0.3799999952316284,0.18103447556495667,0.2695888876914978,0.41453978419303894,0.9370680451393127,2.1643974781036377,1.103879451751709,-6.550315554120848e-17,,1.0,,,,,,
69 kV Cruce de Ocoa – km 15 de Azua_b,0,SUR MEDIO,SUR,SUR 69 kV,\VM-PF.IntUser\PDD 31-12-2024.IntPrj\Network Model.IntPrjfolder\Network Data.IntPrjfolder\SUR 69 kV.ElmNet\69 kV Cruce de Ocoa – km 15 de Azua_b.ElmLne,Tap Azua,,\VM-PF.IntUser\PDD 31-12-2024.IntPrj\Network Model.IntPrjfolder\Network Data.IntPrjfolder\SUR 69 kV.ElmNet\Tap Azua.ElmTerm,Tap ABCO,,\VM-PF.IntUser\PDD 31-12-2024.IntPrj\Network Model.IntPrjfolder\Network Data.IntPrjfolder\SUR 69 kV.ElmNet\Tap ABCO.ElmTerm,P.MADERA/69 TH-1G- 450 ACAR,TypTow,21.3700008392334,1,0.5320000052452087,2.8088743686676025,10.127820014953613,12.822282791137695,26.691160202026367,75.71934509277344,51.52600860595703,-1.7794099696586286e-15,,1.0,,,,,,
69 kV Cruce de Ocoa – km 15 de Azua_c,0,SUR MEDIO,SUR,SUR 69 kV,\VM-PF.IntUser\PDD 31-12-2024.IntPrj\Network Model.IntPrjfolder\Network Data.IntPrjfolder\SUR 69 kV.ElmNet\69 kV Cruce de Ocoa – km 15 de Azua_c.ElmLne,Tap Productos Linda,,\VM-PF.IntUser\PDD 31-12-2024.IntPrj\Network Model.IntPrjfolder\Network Data.IntPrjfolder\SUR 69 kV.ElmNet\Tap Productos Linda.ElmTerm,Tap Azua,,\VM-PF.IntUser\PDD 31-12-2024.IntPrj\Network Model.IntPrjfolder\Network Data.IntPrjfolder\SUR 69 kV.ElmNet\Tap Azua.ElmTerm,P.MADERA/69 TH-1G- 450 ACAR,TypTow,3.2100000381469727,1,0.5320000052452087,0.42192262411117554,1.5213056802749634,1.9260424375534058,4.009294509887695,11.373846054077148,7.73975133895874,-2.6728619635488e-16,,1.0,,,,,,
69 kV Derivación Baní Matadero,0,SUR CERCANO,SUR,SUR 69 kV,\VM-PF.IntUser\PDD 31-12-2024.IntPrj\Network Model.IntPrjfolder\Network Data.IntPrjfolder\SUR 69 kV.ElmNet\69 kV Derivación Baní Matadero.ElmLne,Tap Baní Matadero,,\VM-PF.IntUser\PDD 31-12-2024.IntPrj\Network Model.IntPrjfolder\Network Data.IntPrjfolder\SUR 69 kV.ElmNet\Tap Baní Matadero.ElmTerm,69 kV Baní Matadero,ZBMATF,\VM-PF.IntUser\PDD 31-12-2024.IntPrj\Network Model.IntPrjfolder\Network Data.IntPrjfolder\SUR 69 kV.ElmNet\ZBMATF.ElmSubstat\69 kV Baní Matadero.ElmTerm,P.MADERA TP-IG 55 P/69 - 4/0 AAAC,TypTow,0.7599999904632568,1,0.3799999952316284,0.2334950566291809,0.3600918650627136,0.5401273369789124,1.1764850616455078,2.6956698894500732,1.470463514328003,-4.2188474406360357e-17,,1.0,,,,,,
69 kV Sabaneta – San Juan_a,0,SUR MEDIO,SUR,SUR 69 kV,\VM-PF.IntUser\PDD 31-12-2024.IntPrj\Network Model.IntPrjfolder\Network Data.IntPrjfolder\SUR 69 kV.ElmNet\69 kV Sabaneta – San Juan_a.ElmLne,WSJUAF(5),ZSJUAF,\VM-PF.IntUser\PDD 31-12-2024.IntPrj\Network Model.IntPrjfolder\Network Data.IntPrjfolder\SUR 69 kV.ElmNet\ZSJUAF.ElmSubstat\WSJUAF(5).ElmTerm,Tap 69 kV Sabeneta,,\VM-PF.IntUser\PDD 31-12-2024.IntPrj\Network Model.IntPrjfolder\Network Data.IntPrjfolder\SUR 69 kV.ElmNet\Tap 69 kV Sabeneta.ElmTerm,P.MADERA TP-IG 50 P/69 - 559 AAAC,TypTow,0.949999988079071,1,0.6629999876022339,0.11072062700986862,0.4052221477031708,0.4978063404560089,1.4388110637664795,3.7305679321289062,1.9460663795471191,-2.6367796503975223e-17,,1.0,,,,,,
69 kV km 15 de Azua – Sabana Yegua_c,0,SUR MEDIO,SUR,SUR 69 kV,\VM-PF.IntUser\PDD 31-12-2024.IntPrj\Network Model.IntPrjfolder\Network Data.IntPrjfolder\SUR 69 kV.ElmNet\69 kV km 15 de Azua – Sabana Yegua_c.ElmLne,Tap Villarpando,,\VM-PF.IntUser\PDD 31-12-2024.IntPrj\Network Model.IntPrjfolder\Network Data.IntPrjfolder\SUR 69 kV.ElmNet\Tap Villarpando.ElmTerm,Tap Sabana Yegua,,\VM-PF.IntUser\PDD 31-12-2024.IntPrj\Network Model.IntPrjfolder\Network Data.IntPrjfolder\SUR 69 kV.ElmNet\Tap Sabana Yegua.ElmTerm,P.MADERA TP-IG 55 P/69 - 559 AAAC,TypTow,7.900000095367432,1,0.6629999876022339,0.9212216138839722,3.4154446125030518,4.108583450317383,11.90163803100586,30.59866714477539,16.020788192749023,6.0298989083745e-16,,1.0,,,,,,
69 kV Cruce de Ocoa – km 15 de Azua_a,0,SUR MEDIO,SUR,SUR 69 kV,\VM-PF.IntUser\PDD 31-12-2024.IntPrj\Network Model.IntPrjfolder\Network Data.IntPrjfolder\SUR 69 kV.ElmNet\69 kV Cruce de Ocoa – km 15 de Azua_a.ElmLne,Tap ABCO,,\VM-PF.IntUser\PDD 31-12-2024.IntPrj\Network Model.IntPrjfolder\Network Data.IntPrjfolder\SUR 69 kV.ElmNet\Tap ABCO.ElmTerm,WCOCOF(3),ZCOCOF,\VM-PF.IntUser\PDD 31-12-2024.IntPrj\Network Model.IntPrjfolder\Network Data.IntPrjfolder\SUR 69 kV.ElmNet\ZCOCOF.ElmSubstat\WCOCOF(3).ElmTerm,P.MADERA/69 60 P TH-1G- 450 ACAR,TypTow,13.4399995803833,1,0.5320000052452087,1.756389856338501,6.373969078063965,7.5303497314453125,17.405513763427734,47.33953857421875,29.253053665161133,-3.7303492462734957e-16,,1.0,,,,,,
69 kV Cruce de Ocoa – Pizarrete_a,0,SUR CERCANO,SUR,SUR 69 kV,\VM-PF.IntUser\PDD 31-12-2024.IntPrj\Network Model.IntPrjfolder\Network Data.IntPrjfolder\SUR 69 kV.ElmNet\69 kV Cruce de Ocoa – Pizarrete_a.ElmLne,1,ZCOCOF,\VM-PF.IntUser\PDD 31-12-2024.IntPrj\Network Model.IntPrjfolder\Network Data.IntPrjfolder\SUR 69 kV.ElmNet\ZCOCOF.ElmSubstat\1.ElmTerm,Tap Baní PER,,\VM-PF.IntUser\PDD 31-12-2024.IntPrj\Network Model.IntPrjfolder\Network Data.IntPrjfolder\SUR 69 kV.ElmNet\Tap Baní PER.ElmTerm,P.MADERA/69 TH-1G- 450 ACAR,TypTow,16.520000457763672,1,0.5320000052452087,2.1713900566101074,7.8292741775512695,9.912219047546387,20.633502960205078,58.5345573425293,39.831993103027344,-1.3755663656270516e-15,,1.0,,,,,,
69 kV Cruce de Ocoa – San José de Ocoa,0,SUR CERCANO,SUR,SUR 69 kV,\VM-PF.IntUser\PDD 31-12-2024.IntPrj\Network Model.IntPrjfolder\Network Data.IntPrjfolder\SUR 69 kV.ElmNet\69 kV Cruce de Ocoa – San José de Ocoa.ElmLne,WCOCOF(1),ZCOCOF,\VM-PF.IntUser\PDD 31-12-2024.IntPrj\Network Model.IntPrjfolder\Network Data.IntPrjfolder\SUR 69 kV.ElmNet\ZCOCOF.ElmSubstat\WCOCOF(1).ElmTerm,69 kV San José de Ocoa,,\VM-PF.IntUser\PDD 31-12-2024.IntPrj\Network Model.IntPrjfolder\Network Data.IntPrjfolder\SUR 69 kV.ElmNet\69 kV San José de Ocoa.ElmTerm,P.MADERA/69 TH-1G- 1/0 CU,TypTow,26.0,1,0.3100000023841858,9.87844181060791,13.866764068603516,22.061344146728516,34.01869583129883,81.86918640136719,57.783016204833984,0.0,,1.0,,,,,,
69 kV Cruce de Ocoa – km 15 de Azua_d,0,SUR MEDIO,SUR,SUR 69 kV,\VM-PF.IntUser\PDD 31-12-2024.IntPrj\Network Model.IntPrjfolder\Network Data.IntPrjfolder\SUR 69 kV.ElmNet\69 kV Cruce de Ocoa – km 15 de Azua_d.ElmLne,Tap Acueducto INAPA Azua,,\VM-PF.IntUser\PDD 31-12-2024.IntPrj\Network Model.IntPrjfolder\Network Data.IntPrjfolder\SUR 69 kV.ElmNet\Tap Acueducto INAPA Azua.ElmTerm,Tap Productos Linda,,\VM-PF.IntUser\PDD 31-12-2024.IntPrj\Network Model.IntPrjfolder\Network Data.IntPrjfolder\SUR 69 kV.ElmNet\Tap Productos Linda.ElmTerm,P.MADERA/69 TH-1G- 450 ACAR,TypTow,0.30000001192092896,1,0.5320000052452087,0.03943202272057533,0.14217810332775116,0.18000397086143494,0.3747004270553589,1.0629762411117554,0.7233412861824036,-2.4980019046682757e-17,,1.0,,,,,,
69 kV Derivación Magueyal,0,SUR MEDIO,SUR,SUR 69 kV,\VM-PF.IntUser\PDD 31-12-2024.IntPrj\Network Model.IntPrjfolder\Network Data.IntPrjfolder\SUR 69 kV.ElmNet\69 kV Derivación Magueyal.ElmLne,Tap Magueyal,,\VM-PF.IntUser\PDD 31-12-2024.IntPrj\Network Model.IntPrjfolder\Network Data.IntPrjfolder\SUR 69 kV.ElmNet\Tap Magueyal.ElmTerm,WMAGUF(2),ZMAGUF,\VM-PF.IntUser\PDD 31-12-2024.IntPrj\Network Model.IntPrjfolder\Network Data.IntPrjfolder\SUR 69 kV.ElmNet\Magueyal.ElmSite\ZMAGUF.ElmSubstat\WMAGUF(2).ElmTerm,P.MADERA TVS-1/1C/69/1xF - 559 AAAC,TypTow,0.03999999910593033,1,0.6629999876022339,0.0046666949056088924,0.016932541504502296,0.01995585486292839,0.06165836378931999,0.15939168632030487,0.07787097990512848,0.0,,1.0,,,,,,
69 kV Cruce de Ocoa – Pizarrete_d,0,SUR CERCANO,SUR,SUR 69 kV,\VM-PF.IntUser\PDD 31-12-2024.IntPrj\Network Model.IntPrjfolder\Network Data.IntPrjfolder\SUR 69 kV.ElmNet\69 kV Cruce de Ocoa – Pizarrete_d.ElmLne,Tap La Famosa,,\VM-PF.IntUser\PDD 31-12-2024.IntPrj\Network Model.IntPrjfolder\Network Data.IntPrjfolder\SUR 69 kV.ElmNet\Tap La Famosa.ElmTerm,Tap Baní,,\VM-PF.IntUser\PDD 31-12-2024.IntPrj\Network Model.IntPrjfolder\Network Data.IntPrjfolder\SUR 69 kV.ElmNet\Tap Baní.ElmTerm,P.MADERA TVS-1/1C/69/1xF - 450 ACAR,TypTow,0.3400000035762787,1,0.5320000052452087,0.04457651078701019,0.14680776000022888,0.1745343804359436,0.5269773006439209,1.3273510932922363,0.6552761197090149,-4.718447904287752e-18,,1.0,,,,,,
69 kV Cruce de Ocoa – Pizarrete_c,0,SUR CERCANO,SUR,SUR 69 kV,\VM-PF.IntUser\PDD 31-12-2024.IntPrj\Network Model.IntPrjfolder\Network Data.IntPrjfolder\SUR 69 kV.ElmNet\69 kV Cruce de Ocoa – Pizarrete_c.ElmLne,Tap Baní Matadero,,\VM-PF.IntUser\PDD 31-12-2024.IntPrj\Network Model.IntPrjfolder\Network Data.IntPrjfolder\SUR 69 kV.ElmNet\Tap Baní Matadero.ElmTerm,Tap La Famosa,,\VM-PF.IntUser\PDD 31-12-2024.IntPrj\Network Model.IntPrjfolder\Network Data.IntPrjfolder\SUR 69 kV.ElmNet\Tap La Famosa.ElmTerm,P.MADERA TVS-1/1C/69/1xF - 450 ACAR,TypTow,1.2599999904632568,1,0.5320000052452087,0.1651953011751175,0.5440523028373718,0.6468038558959961,1.9529157876968384,4.919006824493408,2.4283761978149414,-1.7486012505497318e-17,,1.0,,,,,,
69 kV Cruce de Ocoa – Pizarrete_b,0,SUR CERCANO,SUR,SUR 69 kV,\VM-PF.IntUser\PDD 31-12-2024.IntPrj\Network Model.IntPrjfolder\Network Data.IntPrjfolder\SUR 69 kV.ElmNet\69 kV Cruce de Ocoa – Pizarrete_b.ElmLne,Tap Baní PER,,\VM-PF.IntUser\PDD 31-12-2024.IntPrj\Network Model.IntPrjfolder\Network Data.IntPrjfolder\SUR 69 kV.ElmNet\Tap Baní PER.ElmTerm,Tap Baní Matadero,,\VM-PF.IntUser\PDD 31-12-2024.IntPrj\Network Model.IntPrjfolder\Network Data.IntPrjfolder\SUR 69 kV.ElmNet\Tap Baní Matadero.ElmTerm,P.MADERA TVS-1/1C/69/1xF - 450 ACAR,TypTow,1.440000057220459,1,0.5320000052452087,0.18879464268684387,0.6217740774154663,0.739204466342926,2.2319037914276123,5.62172269821167,2.77528715133667,-1.9984015237346206e-17,,1.0,,,,,,
69 kV Goya – Pizarrete_d,0,SUR CERCANO,SUR,SUR 69 kV,\VM-PF.IntUser\PDD 31-12-2024.IntPrj\Network Model.IntPrjfolder\Network Data.IntPrjfolder\SUR 69 kV.ElmNet\69 kV Goya – Pizarrete_d.ElmLne,Tap Goya,,\VM-PF.IntUser\PDD 31-12-2024.IntPrj\Network Model.IntPrjfolder\Network Data.IntPrjfolder\SUR 69 kV.ElmNet\Tap Goya.ElmTerm,69 kV Goya,,\VM-PF.IntUser\PDD 31-12-2024.IntPrj\Network Model.IntPrjfolder\Network Data.IntPrjfolder\SUR 69 kV.ElmNet\69 kV Goya.ElmTerm,P.MADERA TVS-1/1C/69/1xF - 4/0 AAAC,TypTow,2.799999952316284,1,0.3799999952316284,0.8604046702384949,1.3013948202133179,1.9306459426879883,4.432202339172363,10.189173698425293,5.209146022796631,-3.885780520013599e-17,,1.0,,,,,,
69 kV Derivación ZF Villa Altagracia_a,0,SUR CERCANO,SUR,SUR 69 kV,\VM-PF.IntUser\PDD 31-12-2024.IntPrj\Network Model.IntPrjfolder\Network Data.IntPrjfolder\SUR 69 kV.ElmNet\69 kV Derivación ZF Villa Altagracia_a.ElmLne,Tap Cítricos Nacionales,,\VM-PF.IntUser\PDD 31-12-2024.IntPrj\Network Model.IntPrjfolder\Network Data.IntPrjfolder\CENTRAL 69 kV.ElmNet\Tap Cítricos Nacionales.ElmTerm,Tap Villa Altagracia,,\VM-PF.IntUser\PDD 31-12-2024.IntPrj\Network Model.IntPrjfolder\Network Data.IntPrjfolder\CENTRAL 69 kV.ElmNet\Tap Villa Altagracia.ElmTerm,P.MADERA TP-IG 50 P/69 - 4/0 AAAC,TypTow,0.23399999737739563,1,0.3799999952316284,0.07189192622900009,0.11087042838335037,0.16634501516819,0.36208924651145935,0.8302519917488098,0.4607287645339966,2.5979218485061087e-17,,1.0,,,,,,
69 kV Derivación ZF Villa Altagracia_b,0,SUR CERCANO,SUR,SUR 69 kV,\VM-PF.IntUser\PDD 31-12-2024.IntPrj\Network Model.IntPrjfolder\Network Data.IntPrjfolder\SUR 69 kV.ElmNet\69 kV Derivación ZF Villa Altagracia_b.ElmLne,Tap Villa Altagracia,,\VM-PF.IntUser\PDD 31-12-2024.IntPrj\Network Model.IntPrjfolder\Network Data.IntPrjfolder\CENTRAL 69 kV.ElmNet\Tap Villa Altagracia.ElmTerm,69 kV ZF Villa Altagracia,,\VM-PF.IntUser\PDD 31-12-2024.IntPrj\Network Model.IntPrjfolder\Network Data.IntPrjfolder\CENTRAL 69 kV.ElmNet\69 kV ZF Villa Altagracia.ElmTerm,P.MADERA TP-IG 50 P/69 - 4/0 AAAC,TypTow,0.5099999904632568,1,0.3799999952316284,0.15668752789497375,0.24164067208766937,0.3625468313694,0.7891688346862793,1.809523582458496,1.0041524171829224,5.66213731970918e-17,,1.0,,,,,,
69 kV REFIDOMSA – LAFZID_b,0,SUR CERCANO,SUR,SUR 69 kV,\VM-PF.IntUser\PDD 31-12-2024.IntPrj\Network Model.IntPrjfolder\Network Data.IntPrjfolder\SUR 69 kV.ElmNet\69 kV REFIDOMSA – LAFZID_b.ElmLne,1,ZPIISF9,\VM-PF.IntUser\PDD 31-12-2024.IntPrj\Network Model.IntPrjfolder\Network Data.IntPrjfolder\SUR 69 kV.ElmNet\ZPIISF9.ElmSubstat\1.ElmTerm,Tap 1 LAFZID,,\VM-PF.IntUser\PDD 31-12-2024.IntPrj\Network Model.IntPrjfolder\Network Data.IntPrjfolder\SUR 69 kV.ElmNet\Tap 1 LAFZID.ElmTerm,P.MADERA TP-IG 50 P/69 - 559 AAAC,TypTow,1.4500000476837158,1,0.6629999876022339,0.16899465024471283,0.6184969544410706,0.7598097324371338,2.196079969406128,5.694025039672852,2.9703121185302734,-4.0245585966150905e-17,,1.0,,,,,,
69 kV LAFZID – Palamara_a,1,,,SUR 69 kV,\VM-PF.IntUser\PDD 31-12-2024.IntPrj\Network Model.IntPrjfolder\Network Data.IntPrjfolder\SUR 69 kV.ElmNet\69 kV LAFZID – Palamara_a.ElmLne,,,,,,,P.MADERA TP-IG 50 P/69 - 559 AAAC,TypTow,0.30000001192092896,1,0.6629999876022339,0.03496440872550011,0.12796489894390106,0.15720202028751373,0.4543614089488983,1.1780741214752197,0.6145473122596741,-8.326673015560919e-18,,1.0,,,,,,
69 kV Haina – REFIDOMSA_c,0,SUR CERCANO,SUR,SUR 69 kV,\VM-PF.IntUser\PDD 31-12-2024.IntPrj\Network Model.IntPrjfolder\Network Data.IntPrjfolder\SUR 69 kV.ElmNet\69 kV Haina – REFIDOMSA_c.ElmLne,Tap Granitos Bojos,,\VM-PF.IntUser\PDD 31-12-2024.IntPrj\Network Model.IntPrjfolder\Network Data.IntPrjfolder\SUR 69 kV.ElmNet\Tap Granitos Bojos.ElmTerm,Tap REFIDOMSA,,\VM-PF.IntUser\PDD 31-12-2024.IntPrj\Network Model.IntPrjfolder\Network Data.IntPrjfolder\SUR 69 kV.ElmNet\Tap REFIDOMSA.ElmTerm,P.MADERA TP-IG 50 P/69 - 559 AAAC,TypTow,0.6600000262260437,1,0.6629999876022339,0.07692170143127441,0.2815227806568146,0.34584441781044006,0.999595046043396,2.5917630195617676,1.352004051208496,-1.8318680634234022e-17,,1.0,,,,,,
69 kV Derivación Granitos Bojos,0,SUR CERCANO,SUR,SUR 69 kV,\VM-PF.IntUser\PDD 31-12-2024.IntPrj\Network Model.IntPrjfolder\Network Data.IntPrjfolder\SUR 69 kV.ElmNet\69 kV Derivación Granitos Bojos.ElmLne,Tap Granitos Bojos,,\VM-PF.IntUser\PDD 31-12-2024.IntPrj\Network Model.IntPrjfolder\Network Data.IntPrjfolder\SUR 69 kV.ElmNet\Tap Granitos Bojos.ElmTerm,69 kV Granitos Bojos,,\VM-PF.IntUser\PDD 31-12-2024.IntPrj\Network Model.IntPrjfolder\Network Data.IntPrjfolder\SUR 69 kV.ElmNet\69 kV Granitos Bojos.ElmTerm,P.MADERA TP-IG 50 P/69 - 559 AAAC,TypTow,0.007000000216066837,1,0.6629999876022339,0.0008158362470567226,0.0029858474154025316,0.003668047022074461,0.010601765476167202,0.02748839557170868,0.014339436776936054,-1.9428903530646184e-19,,1.0,,,,,,
69 kV Haina – Herrera_b L2,0,SANTO DOMINGO,CENTRAL,SUR 69 kV,\VM-PF.IntUser\PDD 31-12-2024.IntPrj\Network Model.IntPrjfolder\Network Data.IntPrjfolder\SUR 69 kV.ElmNet\69 kV Haina – Herrera_b L2.ElmLne,Tap Centro Operación Herrera,,\VM-PF.IntUser\PDD 31-12-2024.IntPrj\Network Model.IntPrjfolder\Network Data.IntPrjfolder\CENTRAL 69 kV.ElmNet\Tap Centro Operación Herrera.ElmTerm,Tap Oleoducto FALCONDO,,\VM-PF.IntUser\PDD 31-12-2024.IntPrj\Network Model.IntPrjfolder\Network Data.IntPrjfolder\CENTRAL 69 kV.ElmNet\Tap Oleoducto FALCONDO.ElmTerm,P.CONCRETO TVS-1/1C/69/1xF - 559 AAAC,TypTow,1.899999976158142,1,0.6629999876022339,0.22166800498962402,0.8042957186698914,0.9479031562805176,2.928772449493408,7.571105003356934,3.698871612548828,0.0,,1.0,,,,,,
69 kV Haina – Puerto de Haina_b,0,SANTO DOMINGO,CENTRAL,SUR 69 kV,\VM-PF.IntUser\PDD 31-12-2024.IntPrj\Network Model.IntPrjfolder\Network Data.IntPrjfolder\SUR 69 kV.ElmNet\69 kV Haina – Puerto de Haina_b.ElmLne,Tap Puerto de Haina,,\VM-PF.IntUser\PDD 31-12-2024.IntPrj\Network Model.IntPrjfolder\Network Data.IntPrjfolder\SUR 69 kV.ElmNet\Tap Puerto de Haina.ElmTerm,69 kV Puerto de Haina,,\VM-PF.IntUser\PDD 31-12-2024.IntPrj\Network Model.IntPrjfolder\Network Data.IntPrjfolder\SUR 69 kV.ElmNet\69 kV Puerto de Haina.ElmTerm,P.MADERA TVS-1/1C/69/1xF - 4/0 AAAC,TypTow,0.20000000298023224,1,0.3799999952316284,0.06145747750997543,0.0929567739367485,0.13790328800678253,0.316585898399353,0.7277981638908386,0.3720818758010864,-2.775557602921922e-18,,1.0,,,,,,
69 kV Cruce Cabral 2 – Acd Sur-Oeste_e,0,SUR PROFUNDO,SUR,SUR 69 kV,\VM-PF.IntUser\PDD 31-12-2024.IntPrj\Network Model.IntPrjfolder\Network Data.IntPrjfolder\SUR 69 kV.ElmNet\69 kV Cruce Cabral 2 – Acd Sur-Oeste_e.ElmLne,Tap Vicente Noble,,\VM-PF.IntUser\PDD 31-12-2024.IntPrj\Network Model.IntPrjfolder\Network Data.IntPrjfolder\SUR 69 kV.ElmNet\Tap Vicente Noble.ElmTerm,69 kV Acueducto Sur-Oeste,,\VM-PF.IntUser\PDD 31-12-2024.IntPrj\Network Model.IntPrjfolder\Network Data.IntPrjfolder\SUR 69 kV.ElmNet\69 kV Acueducto Sur-Oeste.ElmTerm,P.MADERA/69 TH-1G- 4/0 ACSR,TypTow,2.130000114440918,1,0.3569999933242798,0.5601901412010193,1.0797468423843384,1.5582510232925415,2.7306551933288574,7.166311264038086,4.957200527191162,1.7735813771298941e-16,,1.0,,,,,,
69 kV Barahona – Cruce de Cabral_b,0,SUR PROFUNDO,SUR,SUR 69 kV,\VM-PF.IntUser\PDD 31-12-2024.IntPrj\Network Model.IntPrjfolder\Network Data.IntPrjfolder\SUR 69 kV.ElmNet\69 kV Barahona – Cruce de Cabral_b.ElmLne,Tap Ingenio Barahona,,\VM-PF.IntUser\PDD 31-12-2024.IntPrj\Network Model.IntPrjfolder\Network Data.IntPrjfolder\SUR 69 kV.ElmNet\Tap Ingenio Barahona.ElmTerm,Tap ZF Barahona,,\VM-PF.IntUser\PDD 31-12-2024.IntPrj\Network Model.IntPrjfolder\Network Data.IntPrjfolder\SUR 69 kV.ElmNet\Tap ZF Barahona.ElmTerm,P.MADERA TP-IG 50 P/69 - 2/0 CU,TypTow,1.5399999618530273,1,0.36000001430511475,0.464202880859375,0.7566717267036438,1.0858172178268433,2.409991979598999,5.257450103759766,2.967491626739502,6.411537808391601e-17,,1.0,,,,,,
69 kV Barahona – Cruce de Cabral_a,0,SUR PROFUNDO,SUR,SUR 69 kV,\VM-PF.IntUser\PDD 31-12-2024.IntPrj\Network Model.IntPrjfolder\Network Data.IntPrjfolder\SUR 69 kV.ElmNet\69 kV Barahona – Cruce de Cabral_a.ElmLne,T0.2,ZBARAF,\VM-PF.IntUser\PDD 31-12-2024.IntPrj\Network Model.IntPrjfolder\Network Data.IntPrjfolder\SUR 69 kV.ElmNet\ZBARAF.ElmSubstat\T0.2.ElmTerm,Tap Ingenio Barahona,,\VM-PF.IntUser\PDD 31-12-2024.IntPrj\Network Model.IntPrjfolder\Network Data.IntPrjfolder\SUR 69 kV.ElmNet\Tap Ingenio Barahona.ElmTerm,P.MADERA TP-IG 50 P/69 - 2/0 CU,TypTow,0.3400000035762787,1,0.36000001430511475,0.10248635709285736,0.16705739498138428,0.23972588777542114,0.5320761799812317,1.160735845565796,0.6551604866981506,1.415534329927295e-17,,1.0,,,,,,
69 kV Cruce Cabral 2 – Acd Sur-Oeste_d,0,SUR PROFUNDO,SUR,SUR 69 kV,\VM-PF.IntUser\PDD 31-12-2024.IntPrj\Network Model.IntPrjfolder\Network Data.IntPrjfolder\SUR 69 kV.ElmNet\69 kV Cruce Cabral 2 – Acd Sur-Oeste_d.ElmLne,Tap Kilómetro 15 de Azua,,\VM-PF.IntUser\PDD 31-12-2024.IntPrj\Network Model.IntPrjfolder\Network Data.IntPrjfolder\SUR 69 kV.ElmNet\Tap Kilómetro 15 de Azua.ElmTerm,Tap Vicente Noble,,\VM-PF.IntUser\PDD 31-12-2024.IntPrj\Network Model.IntPrjfolder\Network Data.IntPrjfolder\SUR 69 kV.ElmNet\Tap Vicente Noble.ElmTerm,P.MADERA TP-IG 50 P/69 - 4/0 CU,TypTow,6.690000057220459,1,0.47999998927116394,1.2680925130844116,3.16973614692688,3.968482255935669,10.352017402648926,23.736692428588867,13.172117233276367,7.427392098269768e-16,,1.0,,,,,,
69 kV Derivación Ingenio Barahona,0,SUR PROFUNDO,SUR,SUR 69 kV,\VM-PF.IntUser\PDD 31-12-2024.IntPrj\Network Model.IntPrjfolder\Network Data.IntPrjfolder\SUR 69 kV.ElmNet\69 kV Derivación Ingenio Barahona.ElmLne,Tap Ingenio Barahona,,\VM-PF.IntUser\PDD 31-12-2024.IntPrj\Network Model.IntPrjfolder\Network Data.IntPrjfolder\SUR 69 kV.ElmNet\Tap Ingenio Barahona.ElmTerm,69 kV Ingenio Barahona,,\VM-PF.IntUser\PDD 31-12-2024.IntPrj\Network Model.IntPrjfolder\Network Data.IntPrjfolder\SUR 69 kV.ElmNet\69 kV Ingenio Barahona.ElmTerm,P.MADERA TP-IG 50 P/69 - 2/0 CU,TypTow,0.30000001192092896,1,0.36000001430511475,0.09042913466691971,0.14740358293056488,0.21152284741401672,0.4694789946079254,1.0241786241531372,0.578082799911499,1.2490009523341379e-17,,1.0,,,,,,
69 kV Barahona – Cruce de Cabral_c,0,SUR PROFUNDO,SUR,SUR 69 kV,\VM-PF.IntUser\PDD 31-12-2024.IntPrj\Network Model.IntPrjfolder\Network Data.IntPrjfolder\SUR 69 kV.ElmNet\69 kV Barahona – Cruce de Cabral_c.ElmLne,Tap ZF Barahona,,\VM-PF.IntUser\PDD 31-12-2024.IntPrj\Network Model.IntPrjfolder\Network Data.IntPrjfolder\SUR 69 kV.ElmNet\Tap ZF Barahona.ElmTerm,WCCABF(1),ZCCABF,\VM-PF.IntUser\PDD 31-12-2024.IntPrj\Network Model.IntPrjfolder\Network Data.IntPrjfolder\SUR 69 kV.ElmNet\ZCCABF.ElmSubstat\WCCABF(1).ElmTerm,P.MADERA TP-IG 50 P/69 - 2/0 CU,TypTow,4.46999979019165,1,0.36000001430511475,1.3473939895629883,2.1963133811950684,3.1516902446746826,6.995236396789551,15.260260581970215,8.613432884216309,1.861011323852095e-16,,1.0,,,,,,
69 kV Duvergé – Neyba,0,SUR PROFUNDO,SUR,SUR 69 kV,\VM-PF.IntUser\PDD 31-12-2024.IntPrj\Network Model.IntPrjfolder\Network Data.IntPrjfolder\SUR 69 kV.ElmNet\69 kV Duvergé – Neyba.ElmLne,2,ZDUVEF,\VM-PF.IntUser\PDD 31-12-2024.IntPrj\Network Model.IntPrjfolder\Network Data.IntPrjfolder\SUR 69 kV.ElmNet\ZDUVEF.ElmSubstat\2.ElmTerm,69 kV Neiba,,\VM-PF.IntUser\PDD 31-12-2024.IntPrj\Network Model.IntPrjfolder\Network Data.IntPrjfolder\SUR 69 kV.ElmNet\69 kV Neiba.ElmTerm,P.MADERA TP-IG 50 P/69 - 4/0 AAAC,TypTow,19.530000686645508,1,0.3799999952316284,6.000211238861084,9.253417015075684,13.88341236114502,30.22052574157715,69.29411315917969,38.45313262939453,2.168265643325896e-15,,1.0,,,,,,
69 kV Cruce de Cabral – Duvergé_c,0,SUR PROFUNDO,SUR,SUR 69 kV,\VM-PF.IntUser\PDD 31-12-2024.IntPrj\Network Model.IntPrjfolder\Network Data.IntPrjfolder\SUR 69 kV.ElmNet\69 kV Cruce de Cabral – Duvergé_c.ElmLne,Tap Salinas,,\VM-PF.IntUser\PDD 31-12-2024.IntPrj\Network Model.IntPrjfolder\Network Data.IntPrjfolder\SUR 69 kV.ElmNet\Tap Salinas.ElmTerm,3,ZDUVEF,\VM-PF.IntUser\PDD 31-12-2024.IntPrj\Network Model.IntPrjfolder\Network Data.IntPrjfolder\SUR 69 kV.ElmNet\ZDUVEF.ElmSubstat\3.ElmTerm,P.MADERA TP-IG 50 P/69 - 4/0 AAAC,TypTow,25.270000457763672,1,0.3799999952316284,7.763713836669922,11.97305965423584,17.96384048461914,39.102542877197266,89.66012573242188,49.7547721862793,2.8055336340497474e-15,,1.0,,,,,,
69 kV Cruce de Cabral – Duvergé_a,0,SUR PROFUNDO,SUR,SUR 69 kV,\VM-PF.IntUser\PDD 31-12-2024.IntPrj\Network Model.IntPrjfolder\Network Data.IntPrjfolder\SUR 69 kV.ElmNet\69 kV Cruce de Cabral – Duvergé_a.ElmLne,WCCABF(5),ZCCABF,\VM-PF.IntUser\PDD 31-12-2024.IntPrj\Network Model.IntPrjfolder\Network Data.IntPrjfolder\SUR 69 kV.ElmNet\ZCCABF.ElmSubstat\WCCABF(5).ElmTerm,Tap Khoury Industrial,,\VM-PF.IntUser\PDD 31-12-2024.IntPrj\Network Model.IntPrjfolder\Network Data.IntPrjfolder\SUR 69 kV.ElmNet\Tap Khoury Industrial.ElmTerm,P.MADERA TP-IG 50 P/69 - 4/0 AAAC,TypTow,5.0,1,0.3799999952316284,1.5361522436141968,2.3690264225006104,3.5543808937072754,7.736949443817139,17.740427017211914,9.844632148742676,5.551115123125783e-16,,1.0,,,,,,
69 kV Derivación Aluminio Dominicano,0,SANTO DOMINGO,CENTRAL,SUR 69 kV,\VM-PF.IntUser\PDD 31-12-2024.IntPrj\Network Model.IntPrjfolder\Network Data.IntPrjfolder\SUR 69 kV.ElmNet\69 kV Derivación Aluminio Dominicano.ElmLne,Tap Aluminios Dominicanos,,\VM-PF.IntUser\PDD 31-12-2024.IntPrj\Network Model.IntPrjfolder\Network Data.IntPrjfolder\SUR 69 kV.ElmNet\Tap Aluminios Dominicanos.ElmTerm,69 kV Aluminio Dominicano,,\VM-PF.IntUser\PDD 31-12-2024.IntPrj\Network Model.IntPrjfolder\Network Data.IntPrjfolder\CENTRAL 69 kV.ElmNet\69 kV Aluminio Dominicano.ElmTerm,P.MADERA TP-IG 50 P/69 - 4/0 AAAC,TypTow,0.3840000033378601,1,0.3799999952316284,0.11797649413347244,0.1819412261247635,0.27297645807266235,0.5941977500915527,1.3624647855758667,0.7560677528381348,4.2632564516182926e-17,,1.0,,,,,,
69 kV Haina – Herrera_b L3,0,SANTO DOMINGO,CENTRAL,SUR 69 kV,\VM-PF.IntUser\PDD 31-12-2024.IntPrj\Network Model.IntPrjfolder\Network Data.IntPrjfolder\SUR 69 kV.ElmNet\69 kV Haina – Herrera_b L3.ElmLne,Tap Plásticos Flexibles(1),,\VM-PF.IntUser\PDD 31-12-2024.IntPrj\Network Model.IntPrjfolder\Network Data.IntPrjfolder\CENTRAL 69 kV.ElmNet\Tap Plásticos Flexibles(1).ElmTerm,Tap TORGINOL,,\VM-PF.IntUser\PDD 31-12-2024.IntPrj\Network Model.IntPrjfolder\Network Data.IntPrjfolder\CENTRAL 69 kV.ElmNet\Tap TORGINOL.ElmTerm,P.MADERA TP-IG 50 P/69 - 477 ACSR,TypTow,0.6000000238418579,1,0.6589999794960022,0.07075826823711395,0.26312509179115295,0.312945693731308,0.907275915145874,2.324765682220459,1.2392531633377075,-8.326673015560919e-18,,1.0,,,,,,
69 kV Elías Piña – San Juan 2_c,0,SUR MEDIO,SUR,SUR 69 kV,\VM-PF.IntUser\PDD 31-12-2024.IntPrj\Network Model.IntPrjfolder\Network Data.IntPrjfolder\SUR 69 kV.ElmNet\69 kV Elías Piña – San Juan 2_c.ElmLne,Tap Las Matas de Farfán,,\VM-PF.IntUser\PDD 31-12-2024.IntPrj\Network Model.IntPrjfolder\Network Data.IntPrjfolder\SUR 69 kV.ElmNet\Tap Las Matas de Farfán.ElmTerm,69 kV Elías Piña,,\VM-PF.IntUser\PDD 31-12-2024.IntPrj\Network Model.IntPrjfolder\Network Data.IntPrjfolder\SUR 69 kV.ElmNet\69 kV Elías Piña.ElmTerm,P.MADERA TP-IG 55 P/69 - 559 AAAC,TypTow,17.600000381469727,1,0.6629999876022339,2.052341938018799,7.609091758728027,9.153299331665039,26.51504135131836,68.16918182373047,35.6918830871582,1.3433699021480868e-15,,1.0,,,,,,
69 kV Derivación Domingo Rodríguez,0,SUR MEDIO,SUR,SUR 69 kV,\VM-PF.IntUser\PDD 31-12-2024.IntPrj\Network Model.IntPrjfolder\Network Data.IntPrjfolder\SUR 69 kV.ElmNet\69 kV Derivación Domingo Rodríguez.ElmLne,Tap Domingo Rodríguez,,\VM-PF.IntUser\PDD 31-12-2024.IntPrj\Network Model.IntPrjfolder\Network Data.IntPrjfolder\SUR 69 kV.ElmNet\Tap Domingo Rodríguez.ElmTerm,69 kV Domingo Rodríguez,Domingo Rodríguez,\VM-PF.IntUser\PDD 31-12-2024.IntPrj\Network Model.IntPrjfolder\Network Data.IntPrjfolder\SUR 69 kV.ElmNet\Domingo Rodríguez.ElmSite\69 kV Domingo Rodríguez.ElmTerm,P.MADERA TP-IG 55 P/69 - 559 AAAC,TypTow,7.0,1,0.6629999876022339,0.8162723183631897,3.02634334564209,3.640516757965088,10.545754432678223,27.112743377685547,14.195634841918945,5.342948306008566e-16,,1.0,,,,,,
69 kV Haina – Kilómetro 10.5_b,0,SANTO DOMINGO,CENTRAL,SUR 69 kV,\VM-PF.IntUser\PDD 31-12-2024.IntPrj\Network Model.IntPrjfolder\Network Data.IntPrjfolder\SUR 69 kV.ElmNet\69 kV Haina – Kilómetro 10.5_b.ElmLne,Tap Bohemia,,\VM-PF.IntUser\PDD 31-12-2024.IntPrj\Network Model.IntPrjfolder\Network Data.IntPrjfolder\CENTRAL 69 kV.ElmNet\Tap Bohemia.ElmTerm,R1,ZKDMEF,\VM-PF.IntUser\PDD 31-12-2024.IntPrj\Network Model.IntPrjfolder\Network Data.IntPrjfolder\CENTRAL 69 kV.ElmNet\ZKDMEF.ElmSubstat\R1.ElmTerm,P.MADERA TP-IG 50 P/69 - 477 ACSR,TypTow,3.559999942779541,1,0.5999999642372131,0.41983237862586975,1.5612088441848755,1.8568110466003418,5.383170127868652,13.793609619140625,7.352901458740234,-4.940492380172608e-17,,1.0,,,,,,
69 kV Sabaneta – San Juan_b,0,SUR MEDIO,SUR,SUR 69 kV,\VM-PF.IntUser\PDD 31-12-2024.IntPrj\Network Model.IntPrjfolder\Network Data.IntPrjfolder\SUR 69 kV.ElmNet\69 kV Sabaneta – San Juan_b.ElmLne,Tap 69 kV Sabeneta,,\VM-PF.IntUser\PDD 31-12-2024.IntPrj\Network Model.IntPrjfolder\Network Data.IntPrjfolder\SUR 69 kV.ElmNet\Tap 69 kV Sabeneta.ElmTerm,WSABAF(2),ZSABAF,\VM-PF.IntUser\PDD 31-12-2024.IntPrj\Network Model.IntPrjfolder\Network Data.IntPrjfolder\SUR 69 kV.ElmNet\Sabaneta.ElmSite\ZSABAF.ElmSubstat\WSABAF(2).ElmTerm,P.MADERA TP-1G/69 /1xF - 1/0 CU,TypTow,23.86400032043457,1,0.3100000023841858,9.058146476745605,11.944897651672363,18.69963264465332,37.53366470336914,79.88851928710938,45.555267333984375,0.0,,1.0,,,,,,
69 kV Derivación REFIDOMSA,0,SUR CERCANO,SUR,SUR 69 kV,\VM-PF.IntUser\PDD 31-12-2024.IntPrj\Network Model.IntPrjfolder\Network Data.IntPrjfolder\SUR 69 kV.ElmNet\69 kV Derivación REFIDOMSA.ElmLne,Tap REFIDOMSA,,\VM-PF.IntUser\PDD 31-12-2024.IntPrj\Network Model.IntPrjfolder\Network Data.IntPrjfolder\SUR 69 kV.ElmNet\Tap REFIDOMSA.ElmTerm,69 kV REFIDOMSA,ZRPETF,\VM-PF.IntUser\PDD 31-12-2024.IntPrj\Network Model.IntPrjfolder\Network Data.IntPrjfolder\SUR 69 kV.ElmNet\ZRPETF.ElmSubstat\69 kV REFIDOMSA.ElmTerm,P.MADERA TP-IG 50 P/69 - 559 AAAC,TypTow,0.017999999225139618,1,0.6629999876022339,0.0020978644024580717,0.007677893154323101,0.009432120248675346,0.027261681854724884,0.07068444043397903,0.03687283769249916,-4.996003395746245e-19,,1.0,,,,,,
69 kV Derivación Zona Franca Barahona,0,SUR PROFUNDO,SUR,SUR 69 kV,\VM-PF.IntUser\PDD 31-12-2024.IntPrj\Network Model.IntPrjfolder\Network Data.IntPrjfolder\SUR 69 kV.ElmNet\69 kV Derivación Zona Franca Barahona.ElmLne,69 kV ZF Barahona,,\VM-PF.IntUser\PDD 31-12-2024.IntPrj\Network Model.IntPrjfolder\Network Data.IntPrjfolder\SUR 69 kV.ElmNet\69 kV ZF Barahona.ElmTerm,Tap ZF Barahona,,\VM-PF.IntUser\PDD 31-12-2024.IntPrj\Network Model.IntPrjfolder\Network Data.IntPrjfolder\SUR 69 kV.ElmNet\Tap ZF Barahona.ElmTerm,P.MADERA TP-IG 50 P/69 - 2/0 CU,TypTow,1.7000000476837158,1,0.36000001430511475,0.512431800365448,0.8352869749069214,1.1986294984817505,2.6603810787200928,5.8036789894104,3.2758026123046875,7.077672311380965e-17,,1.0,,,,,,
69 kV Derivación Vicente Noble,0,SUR PROFUNDO,SUR,SUR 69 kV,\VM-PF.IntUser\PDD 31-12-2024.IntPrj\Network Model.IntPrjfolder\Network Data.IntPrjfolder\SUR 69 kV.ElmNet\69 kV Derivación Vicente Noble.ElmLne,Tap Vicente Noble,,\VM-PF.IntUser\PDD 31-12-2024.IntPrj\Network Model.IntPrjfolder\Network Data.IntPrjfolder\SUR 69 kV.ElmNet\Tap Vicente Noble.ElmTerm,69 kV Vicente Noble,,\VM-PF.IntUser\PDD 31-12-2024.IntPrj\Network Model.IntPrjfolder\Network Data.IntPrjfolder\SUR 69 kV.ElmNet\69 kV Vicente Noble.ElmTerm,P.MADERA TP-IG 50 P/69 - 559 AAAC,TypTow,0.0010000000474974513,1,0.6629999876022339,0.00011654803529381752,0.00042654963908717036,0.0005240067257545888,0.0015145379584282637,0.003926913719624281,0.002048491034656763,-2.7755576933948015e-20,,1.0,,,,,,
69 kV San Juan – San Juan 2,0,SUR MEDIO,SUR,SUR 69 kV,\VM-PF.IntUser\PDD 31-12-2024.IntPrj\Network Model.IntPrjfolder\Network Data.IntPrjfolder\SUR 69 kV.ElmNet\69 kV San Juan – San Juan 2.ElmLne,2,ZSJU2F,\VM-PF.IntUser\PDD 31-12-2024.IntPrj\Network Model.IntPrjfolder\Network Data.IntPrjfolder\SUR 138 kV.ElmNet\San Juan 2.ElmSite\ZSJU2F.ElmSubstat\2.ElmTerm,WSJUAF(1),ZSJUAF,\VM-PF.IntUser\PDD 31-12-2024.IntPrj\Network Model.IntPrjfolder\Network Data.IntPrjfolder\SUR 69 kV.ElmNet\ZSJUAF.ElmSubstat\WSJUAF(1).ElmTerm,P.MADERA TP-IG 55 P/69 - 559 AAAC,TypTow,3.990000009536743,1,0.6629999876022339,0.46527522802352905,1.725015640258789,2.07509446144104,6.011080265045166,15.454263687133789,8.091511726379395,3.045480492073235e-16,,1.0,,,,,,
69 kV km 15 Azua – Los Toros,0,SUR MEDIO,SUR,SUR 69 kV,\VM-PF.IntUser\PDD 31-12-2024.IntPrj\Network Model.IntPrjfolder\Network Data.IntPrjfolder\SUR 69 kV.ElmNet\69 kV km 15 Azua – Los Toros.ElmLne,F7,ZKQAZF,\VM-PF.IntUser\PDD 31-12-2024.IntPrj\Network Model.IntPrjfolder\Network Data.IntPrjfolder\SUR 138 kV.ElmNet\km 15 de Azua.ElmSite\ZKQAZF.ElmSubstat\F7.ElmTerm,69 kV Los Toros,Los Toros,\VM-PF.IntUser\PDD 31-12-2024.IntPrj\Network Model.IntPrjfolder\Network Data.IntPrjfolder\SUR 69 kV.ElmNet\Los Toros.ElmSite\69 kV Los Toros.ElmTerm,T.ACERO S1/69/1xF-559.5 MCM,TypTow,8.100000381469727,1,0.6629999876022339,0.9394606947898865,4.029854774475098,3.430887460708618,11.826369285583496,26.978904724121094,15.160113334655762,-3.3723025961175906e-16,,1.0,,,,,,
69 kV Cruce de Ocoa – km 15 de Azua_e,0,SUR MEDIO,SUR,SUR 69 kV,\VM-PF.IntUser\PDD 31-12-2024.IntPrj\Network Model.IntPrjfolder\Network Data.IntPrjfolder\SUR 69 kV.ElmNet\69 kV Cruce de Ocoa – km 15 de Azua_e.ElmLne,Tap Acueducto INAPA Azua,,\VM-PF.IntUser\PDD 31-12-2024.IntPrj\Network Model.IntPrjfolder\Network Data.IntPrjfolder\SUR 69 kV.ElmNet\Tap Acueducto INAPA Azua.ElmTerm,F6,ZKQAZF,\VM-PF.IntUser\PDD 31-12-2024.IntPrj\Network Model.IntPrjfolder\Network Data.IntPrjfolder\SUR 138 kV.ElmNet\km 15 de Azua.ElmSite\ZKQAZF.ElmSubstat\F6.ElmTerm,P.MADERA/69 TH-1G- 450 ACAR,TypTow,11.789999961853027,1,0.5320000052452087,1.5496784448623657,5.587599277496338,7.074155807495117,14.725725173950195,41.774967193603516,28.427310943603516,-9.817146798786415e-16,,1.0,,,,,,
69 kV km 15 de Azua – Sabana Yegua_a,0,SUR MEDIO,SUR,SUR 69 kV,\VM-PF.IntUser\PDD 31-12-2024.IntPrj\Network Model.IntPrjfolder\Network Data.IntPrjfolder\SUR 69 kV.ElmNet\69 kV km 15 de Azua – Sabana Yegua_a.ElmLne,F2,ZKQAZF,\VM-PF.IntUser\PDD 31-12-2024.IntPrj\Network Model.IntPrjfolder\Network Data.IntPrjfolder\SUR 138 kV.ElmNet\km 15 de Azua.ElmSite\ZKQAZF.ElmSubstat\F2.ElmTerm,Tap Magueyal,,\VM-PF.IntUser\PDD 31-12-2024.IntPrj\Network Model.IntPrjfolder\Network Data.IntPrjfolder\SUR 69 kV.ElmNet\Tap Magueyal.ElmTerm,P.MADERA TP-IG 55 P/69 - 559 AAAC,TypTow,25.200000762939453,1,0.6629999876022339,2.9385805130004883,10.89483642578125,13.105860710144043,37.964717864990234,97.60587310791016,51.10429000854492,1.9234614748663784e-15,,1.0,,,,,,
69 kV km 15 Azua – Quita Coraza_a,0,SUR MEDIO,SUR,SUR 69 kV,\VM-PF.IntUser\PDD 31-12-2024.IntPrj\Network Model.IntPrjfolder\Network Data.IntPrjfolder\SUR 69 kV.ElmNet\69 kV km 15 Azua – Quita Coraza_a.ElmLne,F1,ZKQAZF,\VM-PF.IntUser\PDD 31-12-2024.IntPrj\Network Model.IntPrjfolder\Network Data.IntPrjfolder\SUR 138 kV.ElmNet\km 15 de Azua.ElmSite\ZKQAZF.ElmSubstat\F1.ElmTerm,Tap Quita Coraza,,\VM-PF.IntUser\PDD 31-12-2024.IntPrj\Network Model.IntPrjfolder\Network Data.IntPrjfolder\SUR 69 kV.ElmNet\Tap Quita Coraza.ElmTerm,P.MADERA/69 TH-1G- 2/0 CU,TypTow,23.0,1,0.36000001430511475,6.941861629486084,12.062657356262207,17.719043731689453,29.889366149902344,73.73226928710938,51.76233673095703,-9.575673587391975e-16,,1.0,,,,,,
69 kV Derivación Fondo Negro,1,SUR PROFUNDO,SUR,SUR 69 kV,\VM-PF.IntUser\PDD 31-12-2024.IntPrj\Network Model.IntPrjfolder\Network Data.IntPrjfolder\SUR 69 kV.ElmNet\69 kV Derivación Fondo Negro.ElmLne,Tap Quita Coraza,,\VM-PF.IntUser\PDD 31-12-2024.IntPrj\Network Model.IntPrjfolder\Network Data.IntPrjfolder\SUR 69 kV.ElmNet\Tap Quita Coraza.ElmTerm,69 kV Fondo Negro,,\VM-PF.IntUser\PDD 31-12-2024.IntPrj\Network Model.IntPrjfolder\Network Data.IntPrjfolder\SUR 69 kV.ElmNet\69 kV Fondo Negro.ElmTerm,P.MADERA/69 TH-1G- 2/0 CU,TypTow,6.920000076293945,1,0.36000001430511475,2.088594913482666,3.629286527633667,5.33112096786499,8.99280071258545,22.183795928955078,15.573712348937988,-2.8810287806660167e-16,,1.0,,,,,,
69 kV Duvergé – Las Damas,0,SUR PROFUNDO,SUR,SUR 69 kV,\VM-PF.IntUser\PDD 31-12-2024.IntPrj\Network Model.IntPrjfolder\Network Data.IntPrjfolder\SUR 69 kV.ElmNet\69 kV Duvergé – Las Damas.ElmLne,1,ZDUVEF,\VM-PF.IntUser\PDD 31-12-2024.IntPrj\Network Model.IntPrjfolder\Network Data.IntPrjfolder\SUR 69 kV.ElmNet\ZDUVEF.ElmSubstat\1.ElmTerm,69 kV Las Damas,Las Damas,\VM-PF.IntUser\PDD 31-12-2024.IntPrj\Network Model.IntPrjfolder\Network Data.IntPrjfolder\SUR 69 kV.ElmNet\Las Damas.ElmSite\69 kV Las Damas.ElmTerm,P.MADERA TP-IG 50 P/69 - 4/0 AAAC,TypTow,4.039999961853027,1,0.3799999952316284,1.2412110567092896,1.9141732454299927,2.8719396591186523,6.251455307006836,14.33426570892334,7.95446252822876,4.485300977133985e-16,,1.0,,,,,,
69 kV km 15 de Azua – Sabana Yegua_d,0,SUR MEDIO,SUR,SUR 69 kV,\VM-PF.IntUser\PDD 31-12-2024.IntPrj\Network Model.IntPrjfolder\Network Data.IntPrjfolder\SUR 69 kV.ElmNet\69 kV km 15 de Azua – Sabana Yegua_d.ElmLne,Tap Sabana Yegua,,\VM-PF.IntUser\PDD 31-12-2024.IntPrj\Network Model.IntPrjfolder\Network Data.IntPrjfolder\SUR 69 kV.ElmNet\Tap Sabana Yegua.ElmTerm,1,ZSYEGF,\VM-PF.IntUser\PDD 31-12-2024.IntPrj\Network Model.IntPrjfolder\Network Data.IntPrjfolder\SUR 69 kV.ElmNet\Sabana Yegua.ElmSite\ZSYEGF.ElmSubstat\1.ElmTerm,P.MADERA TP-IG 55 P/69 - 559 AAAC,TypTow,2.0299999713897705,1,0.6629999876022339,0.23671896755695343,0.8776395320892334,1.0557498931884766,3.0582687854766846,7.862695217132568,4.116734027862549,1.5494550034485282e-16,,1.0,,,,,,
69 kV Pizarrete – Madre Vieja_b,0,SUR CERCANO,SUR,SUR 69 kV,\VM-PF.IntUser\PDD 31-12-2024.IntPrj\Network Model.IntPrjfolder\Network Data.IntPrjfolder\SUR 69 kV.ElmNet\69 kV Pizarrete – Madre Vieja_b.ElmLne,Tap Pizarrete-Goya-Madre Vieja,,\VM-PF.IntUser\PDD 31-12-2024.IntPrj\Network Model.IntPrjfolder\Network Data.IntPrjfolder\SUR 69 kV.ElmNet\Tap Pizarrete-Goya-Madre Vieja.ElmTerm,Tap Pizarrete,,\VM-PF.IntUser\PDD 31-12-2024.IntPrj\Network Model.IntPrjfolder\Network Data.IntPrjfolder\SUR 69 kV.ElmNet\Tap Pizarrete.ElmTerm,T.ACERO S1(2)/1C/69/1xF/559 AAAC,TypTow,0.10000000149011612,1,0.6629999876022339,0.011632777750492096,0.047453947365283966,0.04311404004693031,0.14994731545448303,0.3517599105834961,0.17821210622787476,8.326673015560919e-18,,1.0,,,,,,
69 kV LAFZID – Cementos Colón_d,0,SUR CERCANO,SUR,SUR 69 kV,\VM-PF.IntUser\PDD 31-12-2024.IntPrj\Network Model.IntPrjfolder\Network Data.IntPrjfolder\SUR 69 kV.ElmNet\69 kV LAFZID – Cementos Colón_d.ElmLne,69 kV Cemento Colón(Argos),,\VM-PF.IntUser\PDD 31-12-2024.IntPrj\Network Model.IntPrjfolder\Network Data.IntPrjfolder\SUR 69 kV.ElmNet\69 kV Cemento Colón(Argos).ElmTerm,Tap Cemento Colón,,\VM-PF.IntUser\PDD 31-12-2024.IntPrj\Network Model.IntPrjfolder\Network Data.IntPrjfolder\CENTRAL 69 kV.ElmNet\Tap Cemento Colón.ElmTerm,P.MADERA TP-IG 50 P/69 - 559 AAAC,TypTow,5.059999942779541,1,0.6629999876022339,0.5897330045700073,2.1583411693573,2.6514737606048584,7.663561820983887,19.870182037353516,10.365364074707031,-1.4044321102689553e-16,,1.0,,,,,,
69 kV Pizarrete – Madre Vieja_d,0,SUR CERCANO,SUR,SUR 69 kV,\VM-PF.IntUser\PDD 31-12-2024.IntPrj\Network Model.IntPrjfolder\Network Data.IntPrjfolder\SUR 69 kV.ElmNet\69 kV Pizarrete – Madre Vieja_d.ElmLne,Tap Ingenio CAEI,,\VM-PF.IntUser\PDD 31-12-2024.IntPrj\Network Model.IntPrjfolder\Network Data.IntPrjfolder\SUR 69 kV.ElmNet\Tap Ingenio CAEI.ElmTerm,Tap Yaguate,,\VM-PF.IntUser\PDD 31-12-2024.IntPrj\Network Model.IntPrjfolder\Network Data.IntPrjfolder\SUR 69 kV.ElmNet\Tap Yaguate.ElmTerm,P.MADERA TP-IG 55 P/69 - 450 ACAR,TypTow,0.800000011920929,1,0.5680000185966492,0.10484027117490768,0.35264700651168823,0.4276110827922821,1.2120083570480347,3.037733554840088,1.6055285930633545,0.0,,1.0,,,,,,
69 kV Derivación Yaguate,0,SUR CERCANO,SUR,SUR 69 kV,\VM-PF.IntUser\PDD 31-12-2024.IntPrj\Network Model.IntPrjfolder\Network Data.IntPrjfolder\SUR 69 kV.ElmNet\69 kV Derivación Yaguate.ElmLne,Tap Yaguate,,\VM-PF.IntUser\PDD 31-12-2024.IntPrj\Network Model.IntPrjfolder\Network Data.IntPrjfolder\SUR 69 kV.ElmNet\Tap Yaguate.ElmTerm,69 kV Yaguate,,\VM-PF.IntUser\PDD 31-12-2024.IntPrj\Network Model.IntPrjfolder\Network Data.IntPrjfolder\SUR 69 kV.ElmNet\69 kV Yaguate.ElmTerm,P.MADERA TP-IG 55 P/69 - 559 AAAC,TypTow,0.029999999329447746,1,0.6629999876022339,0.003498309990391135,0.012970042414963245,0.015602214261889458,0.04519608989357948,0.11619746685028076,0.06083843484520912,2.2898348724840996e-18,,1.0,,,,,,
69 kV Derivación Guanito 2,0,SUR MEDIO,SUR,SUR 69 kV,\VM-PF.IntUser\PDD 31-12-2024.IntPrj\Network Model.IntPrjfolder\Network Data.IntPrjfolder\SUR 69 kV.ElmNet\69 kV Derivación Guanito 2.ElmLne,Tap Guanito 2,,\VM-PF.IntUser\PDD 31-12-2024.IntPrj\Network Model.IntPrjfolder\Network Data.IntPrjfolder\SUR 69 kV.ElmNet\Tap Guanito 2.ElmTerm,69 kV Guanito 2,,\VM-PF.IntUser\PDD 31-12-2024.IntPrj\Network Model.IntPrjfolder\Network Data.IntPrjfolder\SUR 69 kV.ElmNet\69 kV Guanito 2.ElmTerm,P.MADERA TP-IG 55 P/69 - 559 AAAC,TypTow,0.18000000715255737,1,0.6629999876022339,0.020989861339330673,0.07782025635242462,0.09361328929662704,0.2711765468120575,0.6971848607063293,0.3650306463241577,1.373901006208521e-17,,1.0,,,,,,
69 kV Derivación Acueducto INAPA SCN,0,SUR CERCANO,SUR,SUR 69 kV,\VM-PF.IntUser\PDD 31-12-2024.IntPrj\Network Model.IntPrjfolder\Network Data.IntPrjfolder\SUR 69 kV.ElmNet\69 kV Derivación Acueducto INAPA SCN.ElmLne,Tap Acueducto INAPA SCN,,\VM-PF.IntUser\PDD 31-12-2024.IntPrj\Network Model.IntPrjfolder\Network Data.IntPrjfolder\SUR 69 kV.ElmNet\Tap Acueducto INAPA SCN.ElmTerm,69 kV Acueducto INAPA SCN,,\VM-PF.IntUser\PDD 31-12-2024.IntPrj\Network Model.IntPrjfolder\Network Data.IntPrjfolder\SUR 69 kV.ElmNet\69 kV Acueducto INAPA SCN.ElmTerm,P.MADERA TP-IG 55 P/69 - 559 AAAC,TypTow,0.20000000298023224,1,0.6629999876022339,0.02332206629216671,0.0864669531583786,0.10401476919651031,0.3013072907924652,0.7746497988700867,0.40558958053588867,1.5265566919468147e-17,,1.0,,,,,,
69 kV Derivación Aeropuerto Barahona,0,SUR PROFUNDO,SUR,SUR 69 kV,\VM-PF.IntUser\PDD 31-12-2024.IntPrj\Network Model.IntPrjfolder\Network Data.IntPrjfolder\SUR 69 kV.ElmNet\69 kV Derivación Aeropuerto Barahona.ElmLne,69kV Aeropuerto Barahona,,\VM-PF.IntUser\PDD 31-12-2024.IntPrj\Network Model.IntPrjfolder\Network Data.IntPrjfolder\SUR 69 kV.ElmNet\69kV Aeropuerto Barahona.ElmTerm,Tap Aeropuerto Barahona,,\VM-PF.IntUser\PDD 31-12-2024.IntPrj\Network Model.IntPrjfolder\Network Data.IntPrjfolder\SUR 69 kV.ElmNet\Tap Aeropuerto Barahona.ElmTerm,P.MADERA TP-IG 50 P/69 - 4/0 AAAC,TypTow,0.03999999910593033,1,0.3799999952316284,0.012289217673242092,0.018952209502458572,0.02843504585325718,0.061895594000816345,0.14192341268062592,0.07875705510377884,4.440891999238953e-18,,1.0,,,,,,
69 kV Cruce Cabral 2 – Acd Sur-Oeste_b,0,SUR PROFUNDO,SUR,SUR 69 kV,\VM-PF.IntUser\PDD 31-12-2024.IntPrj\Network Model.IntPrjfolder\Network Data.IntPrjfolder\SUR 69 kV.ElmNet\69 kV Cruce Cabral 2 – Acd Sur-Oeste_b.ElmLne,Tap Aeropuerto Barahona,,\VM-PF.IntUser\PDD 31-12-2024.IntPrj\Network Model.IntPrjfolder\Network Data.IntPrjfolder\SUR 69 kV.ElmNet\Tap Aeropuerto Barahona.ElmTerm,Tap Solar Canoa,,\VM-PF.IntUser\PDD 31-12-2024.IntPrj\Network Model.IntPrjfolder\Network Data.IntPrjfolder\SUR 69 kV.ElmNet\Tap Solar Canoa.ElmTerm,P.MADERA TP-IG 50 P/69 - 2/0 CU,TypTow,14.40999984741211,1,0.36000001430511475,4.3436126708984375,7.080285549163818,10.160147666931152,22.550640106201172,49.1947135925293,27.767242431640625,5.999367605790719e-16,,1.0,,,,,,
69 kV Cruce Cabral – Cruce Cabral 2,0,SUR PROFUNDO,SUR,SUR 69 kV,\VM-PF.IntUser\PDD 31-12-2024.IntPrj\Network Model.IntPrjfolder\Network Data.IntPrjfolder\SUR 69 kV.ElmNet\69 kV Cruce Cabral – Cruce Cabral 2.ElmLne,2,ZCCA2F,\VM-PF.IntUser\PDD 31-12-2024.IntPrj\Network Model.IntPrjfolder\Network Data.IntPrjfolder\SUR 138 kV.ElmNet\Cruce de Cabral 2.ElmSite\ZCCA2F.ElmSubstat\2.ElmTerm,1(1),ZCCABF,\VM-PF.IntUser\PDD 31-12-2024.IntPrj\Network Model.IntPrjfolder\Network Data.IntPrjfolder\SUR 69 kV.ElmNet\ZCCABF.ElmSubstat\1(1).ElmTerm,P.MADERA TP-IG 50 P/69 - 477 ACSR,TypTow,0.4000000059604645,1,0.6589999794960022,0.0471721775829792,0.1754167228937149,0.20863045752048492,0.6048505902290344,1.5498437881469727,0.8261687755584717,-5.551115205843844e-18,,1.0,,,,,,
69 kV Cruce Cabral 2 – Acd Sur-Oeste_a,0,SUR PROFUNDO,SUR,SUR 69 kV,\VM-PF.IntUser\PDD 31-12-2024.IntPrj\Network Model.IntPrjfolder\Network Data.IntPrjfolder\SUR 69 kV.ElmNet\69 kV Cruce Cabral 2 – Acd Sur-Oeste_a.ElmLne,3,ZCCA2F,\VM-PF.IntUser\PDD 31-12-2024.IntPrj\Network Model.IntPrjfolder\Network Data.IntPrjfolder\SUR 138 kV.ElmNet\Cruce de Cabral 2.ElmSite\ZCCA2F.ElmSubstat\3.ElmTerm,Tap Aeropuerto Barahona,,\VM-PF.IntUser\PDD 31-12-2024.IntPrj\Network Model.IntPrjfolder\Network Data.IntPrjfolder\SUR 69 kV.ElmNet\Tap Aeropuerto Barahona.ElmTerm,P.MADERA TP-IG 50 P/69 - 2/0 CU,TypTow,0.75,1,0.36000001430511475,0.22607283294200897,0.3685089647769928,0.5288071036338806,1.1736974716186523,2.5604465007781982,1.4452069997787476,3.122502256758253e-17,,1.0,,,,,,
69 kV Derivación SODOCAL_b,0,SUR CERCANO,SUR,SUR 69 kV,\VM-PF.IntUser\PDD 31-12-2024.IntPrj\Network Model.IntPrjfolder\Network Data.IntPrjfolder\SUR 69 kV.ElmNet\69 kV Derivación SODOCAL_b.ElmLne,Tap SODOCAL,,\VM-PF.IntUser\PDD 31-12-2024.IntPrj\Network Model.IntPrjfolder\Network Data.IntPrjfolder\SUR 69 kV.ElmNet\Tap SODOCAL.ElmTerm,69 kV SODOCAL,,\VM-PF.IntUser\PDD 31-12-2024.IntPrj\Network Model.IntPrjfolder\Network Data.IntPrjfolder\SUR 69 kV.ElmNet\69 kV SODOCAL.ElmTerm,P.MADERA TP-IG 50 P/69 - 559 AAAC,TypTow,0.3700000047683716,1,0.6629999876022339,0.04312277212738991,0.1578233689069748,0.19388248026371002,0.5603790283203125,1.452958106994629,0.7579416632652283,-1.0269563110131596e-17,,1.0,,,,,,
69 kV Derivación SODOCAL_a,0,SUR CERCANO,SUR,SUR 69 kV,\VM-PF.IntUser\PDD 31-12-2024.IntPrj\Network Model.IntPrjfolder\Network Data.IntPrjfolder\SUR 69 kV.ElmNet\69 kV Derivación SODOCAL_a.ElmLne,Tap 2 Madre Vieja,,\VM-PF.IntUser\PDD 31-12-2024.IntPrj\Network Model.IntPrjfolder\Network Data.IntPrjfolder\SUR 69 kV.ElmNet\Tap 2 Madre Vieja.ElmTerm,Tap SODOCAL,,\VM-PF.IntUser\PDD 31-12-2024.IntPrj\Network Model.IntPrjfolder\Network Data.IntPrjfolder\SUR 69 kV.ElmNet\Tap SODOCAL.ElmTerm,P.MADERA TP-IG 50 P/69 - 559 AAAC,TypTow,0.3400000035762787,1,0.6629999876022339,0.03962633013725281,0.14502687752246857,0.17816227674484253,0.5149428844451904,1.3351505994796753,0.6964869499206543,-9.436895808575504e-18,,1.0,,,,,,
69 kV Barahona – Barahona Carbón,0,SUR PROFUNDO,SUR,SUR 69 kV,\VM-PF.IntUser\PDD 31-12-2024.IntPrj\Network Model.IntPrjfolder\Network Data.IntPrjfolder\SUR 69 kV.ElmNet\69 kV Barahona – Barahona Carbón.ElmLne,2,ZBARAF,\VM-PF.IntUser\PDD 31-12-2024.IntPrj\Network Model.IntPrjfolder\Network Data.IntPrjfolder\SUR 69 kV.ElmNet\ZBARAF.ElmSubstat\2.ElmTerm,Terminal Barahona,Barahona Carbón,\VM-PF.IntUser\PDD 31-12-2024.IntPrj\Network Model.IntPrjfolder\Network Data.IntPrjfolder\SUR 138 kV.ElmNet\Barahona Carbón.ElmSite\Terminal Barahona.ElmTerm,P.MADERA TVS-1/1C/69/1xF - 559 AAAC,TypTow,0.7699999809265137,1,0.6629999876022339,0.08983387798070908,0.32595139741897583,0.3841502070426941,1.1869235038757324,3.0682897567749023,1.4990164041519165,0.0,,1.0,,,,,,
69 kV Pizarrete – Madre Vieja_a,0,SUR CERCANO,SUR,SUR 69 kV,\VM-PF.IntUser\PDD 31-12-2024.IntPrj\Network Model.IntPrjfolder\Network Data.IntPrjfolder\SUR 69 kV.ElmNet\69 kV Pizarrete – Madre Vieja_a.ElmLne,3,ZPIZAF,\VM-PF.IntUser\PDD 31-12-2024.IntPrj\Network Model.IntPrjfolder\Network Data.IntPrjfolder\SUR 138 kV.ElmNet\Pizarrete.ElmSite\ZPIZAF.ElmSubstat\3.ElmTerm,Tap Pizarrete-Goya-Madre Vieja,,\VM-PF.IntUser\PDD 31-12-2024.IntPrj\Network Model.IntPrjfolder\Network Data.IntPrjfolder\SUR 69 kV.ElmNet\Tap Pizarrete-Goya-Madre Vieja.ElmTerm,P.MADERA TP-IG 55 P/69 - 450 ACAR,TypTow,0.10000000149011612,1,0.5680000185966492,0.01310503389686346,0.04408087581396103,0.05345138534903526,0.15150104463100433,0.379716694355011,0.2006910741329193,0.0,,1.0,,,,,,
69 kV Haina – REFIDOMSA_a,0,SUR CERCANO,SUR,SUR 69 kV,\VM-PF.IntUser\PDD 31-12-2024.IntPrj\Network Model.IntPrjfolder\Network Data.IntPrjfolder\SUR 69 kV.ElmNet\69 kV Haina – REFIDOMSA_a.ElmLne,R2,ZHAINF,\VM-PF.IntUser\PDD 31-12-2024.IntPrj\Network Model.IntPrjfolder\Network Data.IntPrjfolder\SUR 138 kV.ElmNet\Haina.ElmSite\ZHAINF.ElmSubstat\R2.ElmTerm,Tap Ojiva,,\VM-PF.IntUser\PDD 31-12-2024.IntPrj\Network Model.IntPrjfolder\Network Data.IntPrjfolder\SUR 69 kV.ElmNet\Tap Ojiva.ElmTerm,P.MADERA TP-IG 50 P/69 - 559 AAAC,TypTow,0.9240000247955322,1,0.6629999876022339,0.10769037902355194,0.3941318690776825,0.4841821789741516,1.3994331359863281,3.6284682750701904,1.8928056955337524,-2.5646152557055386e-17,,1.0,,,,,,
69 kV Derivación Azua,0,SUR MEDIO,SUR,SUR 69 kV,\VM-PF.IntUser\PDD 31-12-2024.IntPrj\Network Model.IntPrjfolder\Network Data.IntPrjfolder\SUR 69 kV.ElmNet\69 kV Derivación Azua.ElmLne,69 kV Azua,,\VM-PF.IntUser\PDD 31-12-2024.IntPrj\Network Model.IntPrjfolder\Network Data.IntPrjfolder\SUR 69 kV.ElmNet\69 kV Azua.ElmTerm,Tap Azua,,\VM-PF.IntUser\PDD 31-12-2024.IntPrj\Network Model.IntPrjfolder\Network Data.IntPrjfolder\SUR 69 kV.ElmNet\Tap Azua.ElmTerm,P.MADERA/69 TH-1G- 450 ACAR,TypTow,0.1599999964237213,1,0.5680000185966492,0.02103041112422943,0.07582831382751465,0.09600211679935455,0.19984020292758942,0.5669206380844116,0.3857819736003876,-1.3322675997716858e-17,,1.0,,,,,,
69 kV Cruce Cabral 2 – Acd Sur-Oeste_c,0,SUR PROFUNDO,SUR,SUR 69 kV,\VM-PF.IntUser\PDD 31-12-2024.IntPrj\Network Model.IntPrjfolder\Network Data.IntPrjfolder\SUR 69 kV.ElmNet\69 kV Cruce Cabral 2 – Acd Sur-Oeste_c.ElmLne,Tap Solar Canoa,,\VM-PF.IntUser\PDD 31-12-2024.IntPrj\Network Model.IntPrjfolder\Network Data.IntPrjfolder\SUR 69 kV.ElmNet\Tap Solar Canoa.ElmTerm,Tap Kilómetro 15 de Azua,,\VM-PF.IntUser\PDD 31-12-2024.IntPrj\Network Model.IntPrjfolder\Network Data.IntPrjfolder\SUR 69 kV.ElmNet\Tap Kilómetro 15 de Azua.ElmTerm,P.MADERA TP-IG 50 P/69 - 2/0 CU,TypTow,1.8199996948242188,1,0.36000001430511475,0.5486032962799072,0.8942482471466064,1.283238410949707,2.8481719493865967,6.213349342346191,3.50703501701355,7.577270872517273e-17,,1.0,,,,,,
69 kV Pizarrete – Madre Vieja_c,0,SUR CERCANO,SUR,SUR 69 kV,\VM-PF.IntUser\PDD 31-12-2024.IntPrj\Network Model.IntPrjfolder\Network Data.IntPrjfolder\SUR 69 kV.ElmNet\69 kV Pizarrete – Madre Vieja_c.ElmLne,Tap Pizarrete,,\VM-PF.IntUser\PDD 31-12-2024.IntPrj\Network Model.IntPrjfolder\Network Data.IntPrjfolder\SUR 69 kV.ElmNet\Tap Pizarrete.ElmTerm,Tap Ingenio CAEI,,\VM-PF.IntUser\PDD 31-12-2024.IntPrj\Network Model.IntPrjfolder\Network Data.IntPrjfolder\SUR 69 kV.ElmNet\Tap Ingenio CAEI.ElmTerm,P.MADERA TP-IG 55 P/69 - 450 ACAR,TypTow,8.75,1,0.5680000185966492,1.1466904878616333,3.857076644897461,4.676996231079102,13.256340980529785,33.22521209716797,17.560468673706055,0.0,,1.0,,,,,,
69 kV Derivación Salinas,0,SUR PROFUNDO,SUR,SUR 69 kV,\VM-PF.IntUser\PDD 31-12-2024.IntPrj\Network Model.IntPrjfolder\Network Data.IntPrjfolder\SUR 69 kV.ElmNet\69 kV Derivación Salinas.ElmLne,Tap Salinas,,\VM-PF.IntUser\PDD 31-12-2024.IntPrj\Network Model.IntPrjfolder\Network Data.IntPrjfolder\SUR 69 kV.ElmNet\Tap Salinas.ElmTerm,69 kV Salinas,,\VM-PF.IntUser\PDD 31-12-2024.IntPrj\Network Model.IntPrjfolder\Network Data.IntPrjfolder\SUR 69 kV.ElmNet\69 kV Salinas.ElmTerm,P.MADERA TP-IG 55 P/69 - 4/0 AAAC,TypTow,0.0010000000474974513,1,0.3799999952316284,0.0003072303661610931,0.0004738051211461425,0.0007106938865035772,0.0015480067813768983,0.0035469343420118093,0.001934820436872542,-5.551115386789603e-20,,1.0,,,,,,
69 kV Derivación Villarpando,0,SUR MEDIO,SUR,SUR 69 kV,\VM-PF.IntUser\PDD 31-12-2024.IntPrj\Network Model.IntPrjfolder\Network Data.IntPrjfolder\SUR 69 kV.ElmNet\69 kV Derivación Villarpando.ElmLne,Tap Villarpando,,\VM-PF.IntUser\PDD 31-12-2024.IntPrj\Network Model.IntPrjfolder\Network Data.IntPrjfolder\SUR 69 kV.ElmNet\Tap Villarpando.ElmTerm,69 kV Villarpando,,\VM-PF.IntUser\PDD 31-12-2024.IntPrj\Network Model.IntPrjfolder\Network Data.IntPrjfolder\SUR 69 kV.ElmNet\69 kV Villarpando.ElmTerm,P.MADERA TP-IG 55 P/69 - 559 AAAC,TypTow,0.03999999910593033,1,0.6629999876022339,0.0046644131653010845,0.01729338988661766,0.020802952349185944,0.060261454433202744,0.15492995083332062,0.0811179131269455,3.0531133011755682e-18,,1.0,,,,,,
69 kV Derivación Baní,0,SUR CERCANO,SUR,SUR 69 kV,\VM-PF.IntUser\PDD 31-12-2024.IntPrj\Network Model.IntPrjfolder\Network Data.IntPrjfolder\SUR 69 kV.ElmNet\69 kV Derivación Baní.ElmLne,69 kV Baní Pueblo,,\VM-PF.IntUser\PDD 31-12-2024.IntPrj\Network Model.IntPrjfolder\Network Data.IntPrjfolder\SUR 69 kV.ElmNet\69 kV Baní Pueblo.ElmTerm,Tap Baní,,\VM-PF.IntUser\PDD 31-12-2024.IntPrj\Network Model.IntPrjfolder\Network Data.IntPrjfolder\SUR 69 kV.ElmNet\Tap Baní.ElmTerm,P.MADERA TVS-1/1C/69/1xF - 450 ACAR,TypTow,0.029999999329447746,1,0.5680000185966492,0.0039332215674221516,0.012953625060617924,0.015400092117488384,0.04649799317121506,0.1171192154288292,0.05781847983598709,-4.163336249286518e-19,,1.0,,,,,,
69 kV Derivación Baní PER,0,SUR CERCANO,SUR,SUR 69 kV,\VM-PF.IntUser\PDD 31-12-2024.IntPrj\Network Model.IntPrjfolder\Network Data.IntPrjfolder\SUR 69 kV.ElmNet\69 kV Derivación Baní PER.ElmLne,69 kV Baní PER,,\VM-PF.IntUser\PDD 31-12-2024.IntPrj\Network Model.IntPrjfolder\Network Data.IntPrjfolder\SUR 69 kV.ElmNet\69 kV Baní PER.ElmTerm,Tap Baní PER,,\VM-PF.IntUser\PDD 31-12-2024.IntPrj\Network Model.IntPrjfolder\Network Data.IntPrjfolder\SUR 69 kV.ElmNet\Tap Baní PER.ElmTerm,P.MADERA TP-IG 55 P/69 - 4/0 AAAC,TypTow,0.05000000074505806,1,0.3799999952316284,0.015361517667770386,0.023690255358815193,0.03553469106554985,0.077400341629982,0.17734672129154205,0.09674102067947388,-2.775557602921922e-18,,1.0,,,,,,
69 kV Derivación Acueducto INAPA Azua,1,SUR MEDIO,SUR,SUR 69 kV,\VM-PF.IntUser\PDD 31-12-2024.IntPrj\Network Model.IntPrjfolder\Network Data.IntPrjfolder\SUR 69 kV.ElmNet\69 kV Derivación Acueducto INAPA Azua.ElmLne,69 kV Acueducto INAPA Azua,,\VM-PF.IntUser\PDD 31-12-2024.IntPrj\Network Model.IntPrjfolder\Network Data.IntPrjfolder\SUR 69 kV.ElmNet\69 kV Acueducto INAPA Azua.ElmTerm,Tap Acueducto INAPA Azua,,\VM-PF.IntUser\PDD 31-12-2024.IntPrj\Network Model.IntPrjfolder\Network Data.IntPrjfolder\SUR 69 kV.ElmNet\Tap Acueducto INAPA Azua.ElmTerm,P.MADERA/69 TH-1G- 450 ACAR,TypTow,0.05000000074505806,1,0.5680000185966492,0.006572003476321697,0.023696349933743477,0.030000662431120872,0.062450066208839417,0.17716270685195923,0.12055687606334686,-4.1633365077804595e-18,,1.0,,,,,,
69 kV Derivación ABCO,0,SUR MEDIO,SUR,SUR 69 kV,\VM-PF.IntUser\PDD 31-12-2024.IntPrj\Network Model.IntPrjfolder\Network Data.IntPrjfolder\SUR 69 kV.ElmNet\69 kV Derivación ABCO.ElmLne,69 kV ABCO,,\VM-PF.IntUser\PDD 31-12-2024.IntPrj\Network Model.IntPrjfolder\Network Data.IntPrjfolder\SUR 69 kV.ElmNet\69 kV ABCO.ElmTerm,Tap ABCO,,\VM-PF.IntUser\PDD 31-12-2024.IntPrj\Network Model.IntPrjfolder\Network Data.IntPrjfolder\SUR 69 kV.ElmNet\Tap ABCO.ElmTerm,P.MADERA/69 TH-1G- 450 ACAR,TypTow,0.009999999776482582,1,0.5680000185966492,0.0013144006952643394,0.0047392696142196655,0.00600013229995966,0.012490012682974339,0.035432539880275726,0.024111373350024223,-8.326672498573036e-19,,1.0,,,,,,
69 kV Palamara – Madre Vieja_i,0,SUR CERCANO,SUR,SUR 69 kV,\VM-PF.IntUser\PDD 31-12-2024.IntPrj\Network Model.IntPrjfolder\Network Data.IntPrjfolder\SUR 69 kV.ElmNet\69 kV Palamara – Madre Vieja_i.ElmLne,Tap 2 Madre Vieja,,\VM-PF.IntUser\PDD 31-12-2024.IntPrj\Network Model.IntPrjfolder\Network Data.IntPrjfolder\SUR 69 kV.ElmNet\Tap 2 Madre Vieja.ElmTerm,69 kV Madre Vieja,,\VM-PF.IntUser\PDD 31-12-2024.IntPrj\Network Model.IntPrjfolder\Network Data.IntPrjfolder\SUR 69 kV.ElmNet\69 kV Madre Vieja.ElmTerm,T.ACERO S1(2)/1C/69/1xF/559 AAAC,TypTow,0.07999999821186066,1,0.6629999876022339,0.009306221269071102,0.037963155657052994,0.03449122980237007,0.11995784938335419,0.2814079225063324,0.1425696760416031,6.661337998858429e-18,,1.0,,,,,,
69 kV Derivación Productos Linda,0,SUR MEDIO,SUR,SUR 69 kV,\VM-PF.IntUser\PDD 31-12-2024.IntPrj\Network Model.IntPrjfolder\Network Data.IntPrjfolder\SUR 69 kV.ElmNet\69 kV Derivación Productos Linda.ElmLne,69 kV Productos Linda,,\VM-PF.IntUser\PDD 31-12-2024.IntPrj\Network Model.IntPrjfolder\Network Data.IntPrjfolder\SUR 69 kV.ElmNet\69 kV Productos Linda.ElmTerm,Tap Productos Linda,,\VM-PF.IntUser\PDD 31-12-2024.IntPrj\Network Model.IntPrjfolder\Network Data.IntPrjfolder\SUR 69 kV.ElmNet\Tap Productos Linda.ElmTerm,P.MADERA/1C/69/1xF - 2/0 CU,TypTow,0.05000000074505806,1,0.36000001430511475,0.015041644684970379,0.023675791919231415,0.034287627786397934,0.08089469373226166,0.17722265422344208,0.0870179682970047,-8.326673015560919e-18,,1.0,,,,,,
69 kV Derivación Las Matas de Farfán,0,SUR MEDIO,SUR,SUR 69 kV,\VM-PF.IntUser\PDD 31-12-2024.IntPrj\Network Model.IntPrjfolder\Network Data.IntPrjfolder\SUR 69 kV.ElmNet\69 kV Derivación Las Matas de Farfán.ElmLne,69 kV Las Matas de Farfán,,\VM-PF.IntUser\PDD 31-12-2024.IntPrj\Network Model.IntPrjfolder\Network Data.IntPrjfolder\SUR 69 kV.ElmNet\69 kV Las Matas de Farfán.ElmTerm,Tap Las Matas de Farfán,,\VM-PF.IntUser\PDD 31-12-2024.IntPrj\Network Model.IntPrjfolder\Network Data.IntPrjfolder\SUR 69 kV.ElmNet\Tap Las Matas de Farfán.ElmTerm,P.MADERA TP-IG 55 P/69 - 559 AAAC,TypTow,1.0,1,0.6629999876022339,0.1166103333234787,0.4323347508907318,0.5200738310813904,1.5065363645553589,3.873249053955078,2.0279479026794434,7.632783294297951e-17,,1.0,,,,,,
69 kV Derivación La Famosa,0,SUR CERCANO,SUR,SUR 69 kV,\VM-PF.IntUser\PDD 31-12-2024.IntPrj\Network Model.IntPrjfolder\Network Data.IntPrjfolder\SUR 69 kV.ElmNet\69 kV Derivación La Famosa.ElmLne,69 kV La Famosa,,\VM-PF.IntUser\PDD 31-12-2024.IntPrj\Network Model.IntPrjfolder\Network Data.IntPrjfolder\SUR 69 kV.ElmNet\69 kV La Famosa.ElmTerm,Tap La Famosa,,\VM-PF.IntUser\PDD 31-12-2024.IntPrj\Network Model.IntPrjfolder\Network Data.IntPrjfolder\SUR 69 kV.ElmNet\Tap La Famosa.ElmTerm,P.MADERA TVS-1/1C/69/1xF - 450 ACAR,TypTow,0.05000000074505806,1,0.5680000185966492,0.00655536912381649,0.021589376032352448,0.025666819885373116,0.07749665528535843,0.19519869983196259,0.09636414051055908,-6.938894007304805e-19,,1.0,,,,,,
69 kV Derivación Pizarrete Distribución,0,SUR CERCANO,SUR,SUR 69 kV,\VM-PF.IntUser\PDD 31-12-2024.IntPrj\Network Model.IntPrjfolder\Network Data.IntPrjfolder\SUR 69 kV.ElmNet\69 kV Derivación Pizarrete Distribución.ElmLne,69 kV Pizarrete Distribución,,\VM-PF.IntUser\PDD 31-12-2024.IntPrj\Network Model.IntPrjfolder\Network Data.IntPrjfolder\SUR 69 kV.ElmNet\69 kV Pizarrete Distribución.ElmTerm,Tap Pizarrete Distribución_,,\VM-PF.IntUser\PDD 31-12-2024.IntPrj\Network Model.IntPrjfolder\Network Data.IntPrjfolder\SUR 69 kV.ElmNet\Tap Pizarrete Distribución_.ElmTerm,P.MADERA TVS-1/1C/69/1xF - 450 ACAR,TypTow,0.15000000596046448,1,0.5680000185966492,0.01966610923409462,0.06476812809705734,0.0770004615187645,0.23248997330665588,0.5855960845947266,0.28909242153167725,-2.0816682538902298e-18,,1.0,,,,,,
69 kV Derivación Solar Canoa,0,SUR PROFUNDO,SUR,SUR 69 kV,\VM-PF.IntUser\PDD 31-12-2024.IntPrj\Network Model.IntPrjfolder\Network Data.IntPrjfolder\SUR 69 kV.ElmNet\69 kV Derivación Solar Canoa.ElmLne,Tap Solar Canoa,,\VM-PF.IntUser\PDD 31-12-2024.IntPrj\Network Model.IntPrjfolder\Network Data.IntPrjfolder\SUR 69 kV.ElmNet\Tap Solar Canoa.ElmTerm,1,ZSCANF,\VM-PF.IntUser\PDD 31-12-2024.IntPrj\Network Model.IntPrjfolder\Network Data.IntPrjfolder\SUR 69 kV.ElmNet\Canoa Solar.ElmSite\ZSCANF.ElmSubstat\1.ElmTerm,T.ACERO S2(2)/2C/ 69/559.5 AAAC,TypTow,3.5999999046325684,2,1.3259999752044678,0.2097451537847519,0.8821507692337036,1.286938190460205,4.371091842651367,24.644790649414062,9.21119499206543,-4.9960034784643064e-17,,1.0,,,,,,
69 kV Cruce de Cabral – Duvergé_b,0,SUR PROFUNDO,SUR,SUR 69 kV,\VM-PF.IntUser\PDD 31-12-2024.IntPrj\Network Model.IntPrjfolder\Network Data.IntPrjfolder\SUR 69 kV.ElmNet\69 kV Cruce de Cabral – Duvergé_b.ElmLne,Tap Khoury Industrial,,\VM-PF.IntUser\PDD 31-12-2024.IntPrj\Network Model.IntPrjfolder\Network Data.IntPrjfolder\SUR 69 kV.ElmNet\Tap Khoury Industrial.ElmTerm,Tap Salinas,,\VM-PF.IntUser\PDD 31-12-2024.IntPrj\Network Model.IntPrjfolder\Network Data.IntPrjfolder\SUR 69 kV.ElmNet\Tap Salinas.ElmTerm,P.MADERA TP-IG 50 P/69 - 4/0 AAAC,TypTow,17.729999542236328,1,0.3799999952316284,5.447196006774902,8.400567054748535,12.60383415222168,27.435222625732422,62.907554626464844,34.90906524658203,1.9684253718384257e-15,,1.0,,,,,,
69 kV San Juan 2 – Vallejuelo,0,SUR MEDIO,SUR,SUR 69 kV,\VM-PF.IntUser\PDD 31-12-2024.IntPrj\Network Model.IntPrjfolder\Network Data.IntPrjfolder\SUR 69 kV.ElmNet\69 kV San Juan 2 – Vallejuelo.ElmLne,5,ZSJU2F,\VM-PF.IntUser\PDD 31-12-2024.IntPrj\Network Model.IntPrjfolder\Network Data.IntPrjfolder\SUR 138 kV.ElmNet\San Juan 2.ElmSite\ZSJU2F.ElmSubstat\5.ElmTerm,69 kV Vallejuelo,,\VM-PF.IntUser\PDD 31-12-2024.IntPrj\Network Model.IntPrjfolder\Network Data.IntPrjfolder\SUR 69 kV.ElmNet\69 kV Vallejuelo.ElmTerm,P.MADERA TVS-1/1C/69/1xF - 559 AAAC,TypTow,26.270000457763672,1,0.6629999876022339,3.064851999282837,11.12044620513916,13.106008529663086,40.49413299560547,104.68048858642578,51.14176940917969,0.0,,1.0,,,,,,
69 kV Haina – Herrera_a L2,0,SUR CERCANO,SUR,SUR 69 kV,\VM-PF.IntUser\PDD 31-12-2024.IntPrj\Network Model.IntPrjfolder\Network Data.IntPrjfolder\SUR 69 kV.ElmNet\69 kV Haina – Herrera_a L2.ElmLne,L1,ZHAINF,\VM-PF.IntUser\PDD 31-12-2024.IntPrj\Network Model.IntPrjfolder\Network Data.IntPrjfolder\SUR 138 kV.ElmNet\Haina.ElmSite\ZHAINF.ElmSubstat\L1.ElmTerm,Tap Oleoducto FALCONDO,,\VM-PF.IntUser\PDD 31-12-2024.IntPrj\Network Model.IntPrjfolder\Network Data.IntPrjfolder\CENTRAL 69 kV.ElmNet\Tap Oleoducto FALCONDO.ElmTerm,P.MADERA/69 TH-1G- 559.5 AAAC,TypTow,2.5,1,0.6629999876022339,0.2906089723110199,1.164449691772461,1.3646788597106934,3.2141950130462646,8.980984687805176,5.709811210632324,-1.734723475976807e-16,,1.0,,,,,,
69 kV Haina – Puerto de Haina_a,0,SUR CERCANO,SUR,SUR 69 kV,\VM-PF.IntUser\PDD 31-12-2024.IntPrj\Network Model.IntPrjfolder\Network Data.IntPrjfolder\SUR 69 kV.ElmNet\69 kV Haina – Puerto de Haina_a.ElmLne,L2,ZHAINF,\VM-PF.IntUser\PDD 31-12-2024.IntPrj\Network Model.IntPrjfolder\Network Data.IntPrjfolder\SUR 138 kV.ElmNet\Haina.ElmSite\ZHAINF.ElmSubstat\L2.ElmTerm,Tap Puerto de Haina,,\VM-PF.IntUser\PDD 31-12-2024.IntPrj\Network Model.IntPrjfolder\Network Data.IntPrjfolder\SUR 69 kV.ElmNet\Tap Puerto de Haina.ElmTerm,P.MADERA TP-IG 50 P/69 - 559 AAAC,TypTow,2.0999999046325684,1,0.6629999876022339,0.24475084245204926,0.8957541584968567,1.1004140377044678,3.1805295944213867,8.2465181350708,4.301830768585205,-5.828670614584276e-17,,1.0,,,,,,
69 kV Haina – Herrera_a L3,0,SANTO DOMINGO,CENTRAL,SUR 69 kV,\VM-PF.IntUser\PDD 31-12-2024.IntPrj\Network Model.IntPrjfolder\Network Data.IntPrjfolder\SUR 69 kV.ElmNet\69 kV Haina – Herrera_a L3.ElmLne,Tap TORGINOL,,\VM-PF.IntUser\PDD 31-12-2024.IntPrj\Network Model.IntPrjfolder\Network Data.IntPrjfolder\CENTRAL 69 kV.ElmNet\Tap TORGINOL.ElmTerm,L3,ZHAINF,\VM-PF.IntUser\PDD 31-12-2024.IntPrj\Network Model.IntPrjfolder\Network Data.IntPrjfolder\SUR 138 kV.ElmNet\Haina.ElmSite\ZHAINF.ElmSubstat\L3.ElmTerm,P.MADERA TP-IG 50 P/69 - 477 ACSR,TypTow,5.5,1,0.6589999794960022,0.6486174464225769,2.411979913711548,2.868668794631958,8.316695213317871,21.310352325439453,11.359820365905762,-7.632783294297951e-17,,1.0,,,,,,
69 kV Haina – Kilómetro 10.5_a,0,SUR CERCANO,SUR,SUR 69 kV,\VM-PF.IntUser\PDD 31-12-2024.IntPrj\Network Model.IntPrjfolder\Network Data.IntPrjfolder\SUR 69 kV.ElmNet\69 kV Haina – Kilómetro 10.5_a.ElmLne,R3,ZHAINF,\VM-PF.IntUser\PDD 31-12-2024.IntPrj\Network Model.IntPrjfolder\Network Data.IntPrjfolder\SUR 138 kV.ElmNet\Haina.ElmSite\ZHAINF.ElmSubstat\R3.ElmTerm,Tap Bohemia,,\VM-PF.IntUser\PDD 31-12-2024.IntPrj\Network Model.IntPrjfolder\Network Data.IntPrjfolder\CENTRAL 69 kV.ElmNet\Tap Bohemia.ElmTerm,P.MADERA/69 TH-1G- 477 ACSR,TypTow,4.5,1,0.5999999642372131,0.5324402451515198,2.122469663619995,2.641019582748413,5.61030387878418,16.243017196655273,10.98685073852539,6.245004513516506e-17,,1.0,,,,,,
69 kV Haina – REFIDOMSA_b,0,SUR CERCANO,SUR,SUR 69 kV,\VM-PF.IntUser\PDD 31-12-2024.IntPrj\Network Model.IntPrjfolder\Network Data.IntPrjfolder\SUR 69 kV.ElmNet\69 kV Haina – REFIDOMSA_b.ElmLne,Tap Ojiva,,\VM-PF.IntUser\PDD 31-12-2024.IntPrj\Network Model.IntPrjfolder\Network Data.IntPrjfolder\SUR 69 kV.ElmNet\Tap Ojiva.ElmTerm,Tap Granitos Bojos,,\VM-PF.IntUser\PDD 31-12-2024.IntPrj\Network Model.IntPrjfolder\Network Data.IntPrjfolder\SUR 69 kV.ElmNet\Tap Granitos Bojos.ElmTerm,P.MADERA TP-IG 50 P/69 - 559 AAAC,TypTow,1.2960000038146973,1,0.6629999876022339,0.1510462462902069,0.5528083443641663,0.6791126728057861,1.9628411531448364,5.089280128479004,2.654844284057617,-3.597122610373419e-17,,1.0,,,,,,
69 kV Derivación Ojiva,0,SUR CERCANO,SUR,SUR 69 kV,\VM-PF.IntUser\PDD 31-12-2024.IntPrj\Network Model.IntPrjfolder\Network Data.IntPrjfolder\SUR 69 kV.ElmNet\69 kV Derivación Ojiva.ElmLne,Tap Ojiva,,\VM-PF.IntUser\PDD 31-12-2024.IntPrj\Network Model.IntPrjfolder\Network Data.IntPrjfolder\SUR 69 kV.ElmNet\Tap Ojiva.ElmTerm,69 kV Ojiva,,\VM-PF.IntUser\PDD 31-12-2024.IntPrj\Network Model.IntPrjfolder\Network Data.IntPrjfolder\SUR 69 kV.ElmNet\69 kV Ojiva.ElmTerm,P.MADERA TP-IG 50 P/69 - 559 AAAC,TypTow,0.2919999957084656,1,0.6629999876022339,0.03403202444314957,0.12455248832702637,0.15300995111465454,0.4422450661659241,1.1466587781906128,0.5981593728065491,-8.104627960649635e-18,,1.0,,,,,,
69 kV km 15 Azua – Quita Coraza_b,0,SUR PROFUNDO,SUR,SUR 69 kV,\VM-PF.IntUser\PDD 31-12-2024.IntPrj\Network Model.IntPrjfolder\Network Data.IntPrjfolder\SUR 69 kV.ElmNet\69 kV km 15 Azua – Quita Coraza_b.ElmLne,Tap Quita Coraza,,\VM-PF.IntUser\PDD 31-12-2024.IntPrj\Network Model.IntPrjfolder\Network Data.IntPrjfolder\SUR 69 kV.ElmNet\Tap Quita Coraza.ElmTerm,69 kV Quita Coraza,,\VM-PF.IntUser\PDD 31-12-2024.IntPrj\Network Model.IntPrjfolder\Network Data.IntPrjfolder\SUR 69 kV.ElmNet\69 kV Quita Coraza.ElmTerm,P.MADERA TP-IG 55 P/69 - 559 AAAC,TypTow,0.028179999440908432,1,0.6629999876022339,0.0032860790379345417,0.012183193117380142,0.014655680395662785,0.04245419427752495,0.10914815217256546,0.057147569954395294,2.1509183672070973e-18,,1.0,,,,,,
69 kV Derivación Villa Altagracia,0,SUR CERCANO,SUR,SUR 69 kV,\VM-PF.IntUser\PDD 31-12-2024.IntPrj\Network Model.IntPrjfolder\Network Data.IntPrjfolder\SUR 69 kV.ElmNet\69 kV Derivación Villa Altagracia.ElmLne,69 kV Villa Altagracia,ZVALTF,\VM-PF.IntUser\PDD 31-12-2024.IntPrj\Network Model.IntPrjfolder\Network Data.IntPrjfolder\SUR 69 kV.ElmNet\ZVALTF.ElmSubstat\69 kV Villa Altagracia.ElmTerm,Tap Villa Altagracia,,\VM-PF.IntUser\PDD 31-12-2024.IntPrj\Network Model.IntPrjfolder\Network Data.IntPrjfolder\CENTRAL 69 kV.ElmNet\Tap Villa Altagracia.ElmTerm,P.MADERA TP-IG 50 P/69 - 4/0 AAAC,TypTow,0.0729999989271164,1,0.3799999952316284,0.022427823394536972,0.03458778187632561,0.05189396068453789,0.11295946687459946,0.2590102255344391,0.14373162388801575,8.104627960649635e-18,,1.0,,,,,,
69 kV Derivación ZF Nigua,0,SUR CERCANO,SUR,SUR 69 kV,\VM-PF.IntUser\PDD 31-12-2024.IntPrj\Network Model.IntPrjfolder\Network Data.IntPrjfolder\SUR 69 kV.ElmNet\69 kV Derivación ZF Nigua.ElmLne,69 kV ZF Nigua(1),,\VM-PF.IntUser\PDD 31-12-2024.IntPrj\Network Model.IntPrjfolder\Network Data.IntPrjfolder\SUR 69 kV.ElmNet\69 kV ZF Nigua(1).ElmTerm,Tap 2 Alambres Dominicanos,,\VM-PF.IntUser\PDD 31-12-2024.IntPrj\Network Model.IntPrjfolder\Network Data.IntPrjfolder\CENTRAL 69 kV.ElmNet\Tap 2 Alambres Dominicanos.ElmTerm,P.MADERA TP-IG 55 P/69 - 4/0 AAAC,TypTow,0.05000000074505806,1,0.3799999952316284,0.015361517667770386,0.023690255358815193,0.03553469106554985,0.077400341629982,0.17734672129154205,0.09674102067947388,-2.775557602921922e-18,,1.0,,,,,,
69 kV Derivación Khoury Industrial,0,SUR PROFUNDO,SUR,SUR 69 kV,\VM-PF.IntUser\PDD 31-12-2024.IntPrj\Network Model.IntPrjfolder\Network Data.IntPrjfolder\SUR 69 kV.ElmNet\69 kV Derivación Khoury Industrial.ElmLne,Tap Khoury Industrial,,\VM-PF.IntUser\PDD 31-12-2024.IntPrj\Network Model.IntPrjfolder\Network Data.IntPrjfolder\SUR 69 kV.ElmNet\Tap Khoury Industrial.ElmTerm,69 kV Khoury Industrial,,\VM-PF.IntUser\PDD 31-12-2024.IntPrj\Network Model.IntPrjfolder\Network Data.IntPrjfolder\SUR 69 kV.ElmNet\69 kV Khoury Industrial.ElmTerm,P.MADERA TP-IG 50 P/69 - 559 AAAC,TypTow,2.7300000190734863,1,0.6629999876022339,0.31817612051963806,1.164480447769165,1.430538296699524,4.134688377380371,10.720474243164062,5.592380523681641,-7.577272196006253e-17,,1.0,,,,,,
69 kV Haina – Herrera_d L2,0,SANTO DOMINGO,CENTRAL,SUR 69 kV,\VM-PF.IntUser\PDD 31-12-2024.IntPrj\Network Model.IntPrjfolder\Network Data.IntPrjfolder\SUR 69 kV.ElmNet\69 kV Haina – Herrera_d L2.ElmLne,L3,ZHNVAF,\VM-PF.IntUser\PDD 31-12-2024.IntPrj\Network Model.IntPrjfolder\Network Data.IntPrjfolder\CENTRAL 138 kV.ElmNet\Herrera.ElmSite\ZHNVAF.ElmSubstat\L3.ElmTerm,Tap Aluminios Dominicanos,,\VM-PF.IntUser\PDD 31-12-2024.IntPrj\Network Model.IntPrjfolder\Network Data.IntPrjfolder\SUR 69 kV.ElmNet\Tap Aluminios Dominicanos.ElmTerm,P.MADERA TP-IG 50 P/69 - 559 AAAC,TypTow,0.15199999511241913,1,0.6629999876022339,0.017715299502015114,0.06483554095029831,0.07964901626110077,0.23020975291728973,0.5968908667564392,0.3113706111907959,-4.2188473579179744e-18,,1.0,,,,,,
69 kV Haina – Herrera_c L2,0,SANTO DOMINGO,CENTRAL,SUR 69 kV,\VM-PF.IntUser\PDD 31-12-2024.IntPrj\Network Model.IntPrjfolder\Network Data.IntPrjfolder\SUR 69 kV.ElmNet\69 kV Haina – Herrera_c L2.ElmLne,Tap Aluminios Dominicanos,,\VM-PF.IntUser\PDD 31-12-2024.IntPrj\Network Model.IntPrjfolder\Network Data.IntPrjfolder\SUR 69 kV.ElmNet\Tap Aluminios Dominicanos.ElmTerm,Tap Centro Operación Herrera,,\VM-PF.IntUser\PDD 31-12-2024.IntPrj\Network Model.IntPrjfolder\Network Data.IntPrjfolder\CENTRAL 69 kV.ElmNet\Tap Centro Operación Herrera.ElmTerm,P.MADERA TP-IG 50 P/69 - 559 AAAC,TypTow,1.8480000495910645,1,0.6629999876022339,0.21538075804710388,0.788263738155365,0.9683643579483032,2.7988662719726562,7.256936550140381,3.785611391067505,-5.129230511411077e-17,,1.0,,,,,,
69 kV Haina – Herrera_c L3,0,SANTO DOMINGO,CENTRAL,SUR 69 kV,\VM-PF.IntUser\PDD 31-12-2024.IntPrj\Network Model.IntPrjfolder\Network Data.IntPrjfolder\SUR 69 kV.ElmNet\69 kV Haina – Herrera_c L3.ElmLne,Tap Plásticos Flexibles(1),,\VM-PF.IntUser\PDD 31-12-2024.IntPrj\Network Model.IntPrjfolder\Network Data.IntPrjfolder\CENTRAL 69 kV.ElmNet\Tap Plásticos Flexibles(1).ElmTerm,Tap 1 Herrera,,\VM-PF.IntUser\PDD 31-12-2024.IntPrj\Network Model.IntPrjfolder\Network Data.IntPrjfolder\CENTRAL 69 kV.ElmNet\Tap 1 Herrera.ElmTerm,P.MADERA TP-IG 55 P/69 - 477 ACSR,TypTow,0.9350000023841858,1,0.6589999794960022,0.1102648600935936,0.41003644466400146,0.4875032305717468,1.4144150018692017,3.621487855911255,1.8961312770843506,7.136652274289466e-17,,1.0,,,,,,
69 kV Haina – Herrera_d L3,0,SANTO DOMINGO,CENTRAL,SUR 69 kV,\VM-PF.IntUser\PDD 31-12-2024.IntPrj\Network Model.IntPrjfolder\Network Data.IntPrjfolder\SUR 69 kV.ElmNet\69 kV Haina – Herrera_d L3.ElmLne,Tap 1 Herrera,,\VM-PF.IntUser\PDD 31-12-2024.IntPrj\Network Model.IntPrjfolder\Network Data.IntPrjfolder\CENTRAL 69 kV.ElmNet\Tap 1 Herrera.ElmTerm,L2,ZHNVAF,\VM-PF.IntUser\PDD 31-12-2024.IntPrj\Network Model.IntPrjfolder\Network Data.IntPrjfolder\CENTRAL 138 kV.ElmNet\Herrera.ElmSite\ZHNVAF.ElmSubstat\L2.ElmTerm,P.MADERA TP-IG 55 P/69 - 477 ACSR,TypTow,0.05000000074505806,1,0.6589999794960022,0.005896516609936953,0.021927082911133766,0.02606969140470028,0.07563716918230057,0.19366244971752167,0.10139739513397217,3.816391729867037e-18,,1.0,,,,,,
69 kV km 15 de Azua – Sabana Yegua_b,0,SUR MEDIO,SUR,SUR 69 kV,\VM-PF.IntUser\PDD 31-12-2024.IntPrj\Network Model.IntPrjfolder\Network Data.IntPrjfolder\SUR 69 kV.ElmNet\69 kV km 15 de Azua – Sabana Yegua_b.ElmLne,Tap Magueyal,,\VM-PF.IntUser\PDD 31-12-2024.IntPrj\Network Model.IntPrjfolder\Network Data.IntPrjfolder\SUR 69 kV.ElmNet\Tap Magueyal.ElmTerm,Tap Villarpando,,\VM-PF.IntUser\PDD 31-12-2024.IntPrj\Network Model.IntPrjfolder\Network Data.IntPrjfolder\SUR 69 kV.ElmNet\Tap Villarpando.ElmTerm,P.MADERA TP-IG 55 P/69 - 559 AAAC,TypTow,10.5,1,0.6629999876022339,1.224408507347107,4.539515018463135,5.460775375366211,15.818632125854492,40.66911315917969,21.293453216552734,8.014422459012849e-16,,1.0,,,,,,
69 kV Elías Piña – San Juan 2_b,0,SUR MEDIO,SUR,SUR 69 kV,\VM-PF.IntUser\PDD 31-12-2024.IntPrj\Network Model.IntPrjfolder\Network Data.IntPrjfolder\SUR 69 kV.ElmNet\69 kV Elías Piña – San Juan 2_b.ElmLne,Tap Domingo Rodríguez,,\VM-PF.IntUser\PDD 31-12-2024.IntPrj\Network Model.IntPrjfolder\Network Data.IntPrjfolder\SUR 69 kV.ElmNet\Tap Domingo Rodríguez.ElmTerm,Tap Las Matas de Farfán,,\VM-PF.IntUser\PDD 31-12-2024.IntPrj\Network Model.IntPrjfolder\Network Data.IntPrjfolder\SUR 69 kV.ElmNet\Tap Las Matas de Farfán.ElmTerm,P.MADERA TP-IG 55 P/69 - 559 AAAC,TypTow,16.299999237060547,1,0.6629999876022339,1.900748372077942,7.047056198120117,8.477203369140625,24.556541442871094,63.13395690917969,33.05554962158203,1.2441435922672713e-15,,1.0,,,,,,
69 kV Elías Piña – San Juan 2_a,0,SUR MEDIO,SUR,SUR 69 kV,\VM-PF.IntUser\PDD 31-12-2024.IntPrj\Network Model.IntPrjfolder\Network Data.IntPrjfolder\SUR 69 kV.ElmNet\69 kV Elías Piña – San Juan 2_a.ElmLne,Tap Domingo Rodríguez,,\VM-PF.IntUser\PDD 31-12-2024.IntPrj\Network Model.IntPrjfolder\Network Data.IntPrjfolder\SUR 69 kV.ElmNet\Tap Domingo Rodríguez.ElmTerm,3,ZSJU2F,\VM-PF.IntUser\PDD 31-12-2024.IntPrj\Network Model.IntPrjfolder\Network Data.IntPrjfolder\SUR 138 kV.ElmNet\San Juan 2.ElmSite\ZSJU2F.ElmSubstat\3.ElmTerm,P.MADERA TP-IG 55 P/69 - 559 AAAC,TypTow,18.889999389648438,1,0.6629999876022339,2.2027690410614014,8.166803359985352,9.824193954467773,28.458471298217773,73.1656723022461,38.30793380737305,1.4418327177060709e-15,,1.0,,,,,,
69 kV Pizarrete – Madre Vieja_g,0,SUR CERCANO,SUR,SUR 69 kV,\VM-PF.IntUser\PDD 31-12-2024.IntPrj\Network Model.IntPrjfolder\Network Data.IntPrjfolder\SUR 69 kV.ElmNet\69 kV Pizarrete – Madre Vieja_g.ElmLne,Tap Acueducto INAPA SCN,,\VM-PF.IntUser\PDD 31-12-2024.IntPrj\Network Model.IntPrjfolder\Network Data.IntPrjfolder\SUR 69 kV.ElmNet\Tap Acueducto INAPA SCN.ElmTerm,Tap 2 Madre Vieja,,\VM-PF.IntUser\PDD 31-12-2024.IntPrj\Network Model.IntPrjfolder\Network Data.IntPrjfolder\SUR 69 kV.ElmNet\Tap 2 Madre Vieja.ElmTerm,P.MADERA TP-IG 55 P/69 - 450 ACAR,TypTow,4.190000057220459,1,0.5680000185966492,0.549100935459137,1.8469886779785156,2.2396130561828613,6.347893714904785,15.910130500793457,8.408956527709961,0.0,,1.0,,,,,,
69 kV Pizarrete – Madre Vieja_f,0,SUR CERCANO,SUR,SUR 69 kV,\VM-PF.IntUser\PDD 31-12-2024.IntPrj\Network Model.IntPrjfolder\Network Data.IntPrjfolder\SUR 69 kV.ElmNet\69 kV Pizarrete – Madre Vieja_f.ElmLne,Tap Goya,,\VM-PF.IntUser\PDD 31-12-2024.IntPrj\Network Model.IntPrjfolder\Network Data.IntPrjfolder\SUR 69 kV.ElmNet\Tap Goya.ElmTerm,Tap Acueducto INAPA SCN,,\VM-PF.IntUser\PDD 31-12-2024.IntPrj\Network Model.IntPrjfolder\Network Data.IntPrjfolder\SUR 69 kV.ElmNet\Tap Acueducto INAPA SCN.ElmTerm,P.MADERA TP-IG 55 P/69 - 450 ACAR,TypTow,0.10000000149011612,1,0.5680000185966492,0.01310503389686346,0.04408087581396103,0.05345138534903526,0.15150104463100433,0.379716694355011,0.2006910741329193,0.0,,1.0,,,,,,
69 kV Pizarrete – Madre Vieja_e,0,SUR CERCANO,SUR,SUR 69 kV,\VM-PF.IntUser\PDD 31-12-2024.IntPrj\Network Model.IntPrjfolder\Network Data.IntPrjfolder\SUR 69 kV.ElmNet\69 kV Pizarrete – Madre Vieja_e.ElmLne,Tap Yaguate,,\VM-PF.IntUser\PDD 31-12-2024.IntPrj\Network Model.IntPrjfolder\Network Data.IntPrjfolder\SUR 69 kV.ElmNet\Tap Yaguate.ElmTerm,Tap Goya,,\VM-PF.IntUser\PDD 31-12-2024.IntPrj\Network Model.IntPrjfolder\Network Data.IntPrjfolder\SUR 69 kV.ElmNet\Tap Goya.ElmTerm,P.MADERA TP-IG 55 P/69 - 450 ACAR,TypTow,11.100000381469727,1,0.5680000185966492,1.45465886592865,4.892977237701416,5.933103561401367,16.81661605834961,42.148555755615234,22.276710510253906,0.0,,1.0,,,,,,
69 kV LAFZID – Cementos Colón_c,0,SUR CERCANO,SUR,SUR 69 kV,\VM-PF.IntUser\PDD 31-12-2024.IntPrj\Network Model.IntPrjfolder\Network Data.IntPrjfolder\SUR 69 kV.ElmNet\69 kV LAFZID – Cementos Colón_c.ElmLne,Tap Cemento Colón,,\VM-PF.IntUser\PDD 31-12-2024.IntPrj\Network Model.IntPrjfolder\Network Data.IntPrjfolder\CENTRAL 69 kV.ElmNet\Tap Cemento Colón.ElmTerm,Tap Argos Dominicana,,\VM-PF.IntUser\PDD 31-12-2024.IntPrj\Network Model.IntPrjfolder\Network Data.IntPrjfolder\CENTRAL 69 kV.ElmNet\Tap Argos Dominicana.ElmTerm,P.MADERA TP-IG 50 P/69 - 559 AAAC,TypTow,0.12999999523162842,1,0.6629999876022339,0.015151242725551128,0.05545144900679588,0.06812086701393127,0.19688992202281952,0.5104987621307373,0.26630380749702454,-3.608224697682861e-18,,1.0,,,,,,
69 kV Palamara – Madre Vieja_f,0,SUR CERCANO,SUR,SUR 69 kV,\VM-PF.IntUser\PDD 31-12-2024.IntPrj\Network Model.IntPrjfolder\Network Data.IntPrjfolder\SUR 69 kV.ElmNet\69 kV Palamara – Madre Vieja_f.ElmLne,Tap Argos Dominicana,,\VM-PF.IntUser\PDD 31-12-2024.IntPrj\Network Model.IntPrjfolder\Network Data.IntPrjfolder\CENTRAL 69 kV.ElmNet\Tap Argos Dominicana.ElmTerm,Tap Alambres Dominicano,,\VM-PF.IntUser\PDD 31-12-2024.IntPrj\Network Model.IntPrjfolder\Network Data.IntPrjfolder\SUR 69 kV.ElmNet\Tap Alambres Dominicano.ElmTerm,P.MADERA TP-IG 50 P/69 - 559 AAAC,TypTow,0.3799999952316284,1,0.6629999876022339,0.04428825154900551,0.16208885610103607,0.19912253320217133,0.5755243897438049,1.4922271966934204,0.7784265875816345,-1.0547118601590089e-17,,1.0,,,,,,
69 kV Palamara – Madre Vieja_d,0,SUR CERCANO,SUR,SUR 69 kV,\VM-PF.IntUser\PDD 31-12-2024.IntPrj\Network Model.IntPrjfolder\Network Data.IntPrjfolder\SUR 69 kV.ElmNet\69 kV Palamara – Madre Vieja_d.ElmLne,Tap 2 Alambres Dominicanos,,\VM-PF.IntUser\PDD 31-12-2024.IntPrj\Network Model.IntPrjfolder\Network Data.IntPrjfolder\CENTRAL 69 kV.ElmNet\Tap 2 Alambres Dominicanos.ElmTerm,Tap ZF Nigua,,\VM-PF.IntUser\PDD 31-12-2024.IntPrj\Network Model.IntPrjfolder\Network Data.IntPrjfolder\SUR 69 kV.ElmNet\Tap ZF Nigua.ElmTerm,P.MADERA TP-IG 50 P/69 - 559 AAAC,TypTow,0.029999999329447746,1,0.6629999876022339,0.003496440825983882,0.012796488590538502,0.015720199793577194,0.04543613642454147,0.11780740320682526,0.06145472824573517,-8.326672498573036e-19,,1.0,,,,,,
69 kV Derivación LAFZID,1,SUR CERCANO,SUR,SUR 69 kV,\VM-PF.IntUser\PDD 31-12-2024.IntPrj\Network Model.IntPrjfolder\Network Data.IntPrjfolder\SUR 69 kV.ElmNet\69 kV Derivación LAFZID.ElmLne,Tap ZF Nigua,,\VM-PF.IntUser\PDD 31-12-2024.IntPrj\Network Model.IntPrjfolder\Network Data.IntPrjfolder\SUR 69 kV.ElmNet\Tap ZF Nigua.ElmTerm,2,ZPIISF9,\VM-PF.IntUser\PDD 31-12-2024.IntPrj\Network Model.IntPrjfolder\Network Data.IntPrjfolder\SUR 69 kV.ElmNet\ZPIISF9.ElmSubstat\2.ElmTerm,P.MADERA TP-IG 50 P/69 - 559 AAAC,TypTow,0.47999998927116394,1,0.6629999876022339,0.05594305321574211,0.20474381744861603,0.2515231966972351,0.7269781827926636,1.884918451309204,0.9832756519317627,-1.3322675997716858e-17,,1.0,,,,,,
69 kV Pizarrete – Pizarrete distribución,0,SUR CERCANO,SUR,SUR 69 kV,\VM-PF.IntUser\PDD 31-12-2024.IntPrj\Network Model.IntPrjfolder\Network Data.IntPrjfolder\SUR 69 kV.ElmNet\69 kV Pizarrete – Pizarrete distribución.ElmLne,1,ZPIZAF,\VM-PF.IntUser\PDD 31-12-2024.IntPrj\Network Model.IntPrjfolder\Network Data.IntPrjfolder\SUR 138 kV.ElmNet\Pizarrete.ElmSite\ZPIZAF.ElmSubstat\1.ElmTerm,Tap Pizarrete Distribución_,,\VM-PF.IntUser\PDD 31-12-2024.IntPrj\Network Model.IntPrjfolder\Network Data.IntPrjfolder\SUR 69 kV.ElmNet\Tap Pizarrete Distribución_.ElmTerm,P.MADERA TP-IG 55 P/69 - 450 ACAR,TypTow,0.009999999776482582,1,0.5680000185966492,0.0013105033431202173,0.004408087581396103,0.005345138255506754,0.015150103718042374,0.03797166794538498,0.02006910741329193,0.0,,1.0,,,,,,
69 kV Sabana Yegua – San Juan_a,0,SUR MEDIO,SUR,SUR 69 kV,\VM-PF.IntUser\PDD 31-12-2024.IntPrj\Network Model.IntPrjfolder\Network Data.IntPrjfolder\SUR 69 kV.ElmNet\69 kV Sabana Yegua – San Juan_a.ElmLne,WSYEGF(3),ZSYEGF,\VM-PF.IntUser\PDD 31-12-2024.IntPrj\Network Model.IntPrjfolder\Network Data.IntPrjfolder\SUR 69 kV.ElmNet\Sabana Yegua.ElmSite\ZSYEGF.ElmSubstat\WSYEGF(3).ElmTerm,Tap 2 Sabana Yegua,,\VM-PF.IntUser\PDD 31-12-2024.IntPrj\Network Model.IntPrjfolder\Network Data.IntPrjfolder\SUR 69 kV.ElmNet\Tap 2 Sabana Yegua.ElmTerm,P.MADERA TP-IG 55 P/69 - 559 AAAC,TypTow,2.0299999713897705,1,0.6629999876022339,0.23671896755695343,0.8776395320892334,1.0557498931884766,3.0582687854766846,7.862695217132568,4.116734027862549,1.5494550034485282e-16,,1.0,,,,,,
69 kV REFIDOMSA – LAFZID_a,0,SUR CERCANO,SUR,SUR 69 kV,\VM-PF.IntUser\PDD 31-12-2024.IntPrj\Network Model.IntPrjfolder\Network Data.IntPrjfolder\SUR 69 kV.ElmNet\69 kV REFIDOMSA – LAFZID_a.ElmLne,Tap REFIDOMSA,,\VM-PF.IntUser\PDD 31-12-2024.IntPrj\Network Model.IntPrjfolder\Network Data.IntPrjfolder\SUR 69 kV.ElmNet\Tap REFIDOMSA.ElmTerm,Tap 1 LAFZID,,\VM-PF.IntUser\PDD 31-12-2024.IntPrj\Network Model.IntPrjfolder\Network Data.IntPrjfolder\SUR 69 kV.ElmNet\Tap 1 LAFZID.ElmTerm,P.MADERA TP-IG 50 P/69 - 559 AAAC,TypTow,0.02800000086426735,1,0.6629999876022339,0.0032633449882268906,0.011943389661610126,0.014672188088297844,0.04240706190466881,0.10995358228683472,0.05735774710774422,-7.771561412258473e-19,,1.0,,,,,,
69 kV Derivación San Rafael,0,SUR CERCANO,SUR,SUR 69 kV,\VM-PF.IntUser\PDD 31-12-2024.IntPrj\Network Model.IntPrjfolder\Network Data.IntPrjfolder\SUR 69 kV.ElmNet\69 kV Derivación San Rafael.ElmLne,69 kV San Rafael(1),,\VM-PF.IntUser\PDD 31-12-2024.IntPrj\Network Model.IntPrjfolder\Network Data.IntPrjfolder\SUR 69 kV.ElmNet\69 kV San Rafael(1).ElmTerm,Tap INAPA San Rafael,,\VM-PF.IntUser\PDD 31-12-2024.IntPrj\Network Model.IntPrjfolder\Network Data.IntPrjfolder\SUR 69 kV.ElmNet\Tap INAPA San Rafael.ElmTerm,P.MADERA TP-IG 50 P/69 - 559 AAAC,TypTow,0.006000000052154064,1,0.6629999876022339,0.0006992881535552442,0.0025592977181077003,0.0031440402381122112,0.009087227284908295,0.02356148138642311,0.012290946207940578,-1.6653345514133955e-19,,1.0,,,,,,
69 kV Palamara – Madre Vieja_a,0,SANTO DOMINGO,CENTRAL,SUR 69 kV,\VM-PF.IntUser\PDD 31-12-2024.IntPrj\Network Model.IntPrjfolder\Network Data.IntPrjfolder\SUR 69 kV.ElmNet\69 kV Palamara – Madre Vieja_a.ElmLne,R1,ZPALAF,\VM-PF.IntUser\PDD 31-12-2024.IntPrj\Network Model.IntPrjfolder\Network Data.IntPrjfolder\CENTRAL 138 kV.ElmNet\Palamara.ElmSite\ZPALAF.ElmSubstat\R1.ElmTerm,Tap 1 Palamara,,\VM-PF.IntUser\PDD 31-12-2024.IntPrj\Network Model.IntPrjfolder\Network Data.IntPrjfolder\SUR 69 kV.ElmNet\Tap 1 Palamara.ElmTerm,P.MADERA TP-IG 50 P/69 - 559 AAAC,TypTow,0.20000000298023224,1,0.6629999876022339,0.023309605196118355,0.08530993014574051,0.10480134189128876,0.3029075860977173,0.7853827476501465,0.4096981883049011,-5.551115205843844e-18,,1.0,,,,,,
69 kV Palamara – Madre Vieja_c,0,SANTO DOMINGO,CENTRAL,SUR 69 kV,\VM-PF.IntUser\PDD 31-12-2024.IntPrj\Network Model.IntPrjfolder\Network Data.IntPrjfolder\SUR 69 kV.ElmNet\69 kV Palamara – Madre Vieja_c.ElmLne,Tap 2 Palamara,,\VM-PF.IntUser\PDD 31-12-2024.IntPrj\Network Model.IntPrjfolder\Network Data.IntPrjfolder\SUR 69 kV.ElmNet\Tap 2 Palamara.ElmTerm,Tap 2 Alambres Dominicanos,,\VM-PF.IntUser\PDD 31-12-2024.IntPrj\Network Model.IntPrjfolder\Network Data.IntPrjfolder\CENTRAL 69 kV.ElmNet\Tap 2 Alambres Dominicanos.ElmTerm,P.MADERA TP-IG 50 P/69 - 559 AAAC,TypTow,2.799999952316284,1,0.6629999876022339,0.32633447647094727,1.1943389177322388,1.4672187566757202,4.240705966949463,10.99535846710205,5.735774517059326,-7.771561040027198e-17,,1.0,,,,,,
69 kV Derivación Multiparques,0,SUR CERCANO,SUR,SUR 69 kV,\VM-PF.IntUser\PDD 31-12-2024.IntPrj\Network Model.IntPrjfolder\Network Data.IntPrjfolder\SUR 69 kV.ElmNet\69 kV Derivación Multiparques.ElmLne,Tap 1 LAFZID,,\VM-PF.IntUser\PDD 31-12-2024.IntPrj\Network Model.IntPrjfolder\Network Data.IntPrjfolder\SUR 69 kV.ElmNet\Tap 1 LAFZID.ElmTerm,2,ZMLTPF,\VM-PF.IntUser\PDD 31-12-2024.IntPrj\Network Model.IntPrjfolder\Network Data.IntPrjfolder\CENTRAL 69 kV.ElmNet\ZMLTPF.ElmSubstat\2.ElmTerm,P.MADERA TP-IG 50 P/69 - 559 AAAC,TypTow,1.1699999570846558,1,0.6629999876022339,0.13636118173599243,0.49906304478645325,0.6130878329277039,1.772009253501892,4.594488620758057,2.3967342376708984,-3.2474022279145747e-17,,1.0,,,,,,
69 kV Palamara – Madre Vieja_e,0,SUR CERCANO,SUR,SUR 69 kV,\VM-PF.IntUser\PDD 31-12-2024.IntPrj\Network Model.IntPrjfolder\Network Data.IntPrjfolder\SUR 69 kV.ElmNet\69 kV Palamara – Madre Vieja_e.ElmLne,Tap ZF Nigua,,\VM-PF.IntUser\PDD 31-12-2024.IntPrj\Network Model.IntPrjfolder\Network Data.IntPrjfolder\SUR 69 kV.ElmNet\Tap ZF Nigua.ElmTerm,Tap Alambres Dominicano,,\VM-PF.IntUser\PDD 31-12-2024.IntPrj\Network Model.IntPrjfolder\Network Data.IntPrjfolder\SUR 69 kV.ElmNet\Tap Alambres Dominicano.ElmTerm,P.MADERA TP-IG 50 P/69 - 559 AAAC,TypTow,0.7599999904632568,1,0.6629999876022339,0.08857650309801102,0.32417771220207214,0.39824506640434265,1.1510487794876099,2.984454393386841,1.556853175163269,-2.1094237203180178e-17,,1.0,,,,,,
69 kV Cruce de Ocoa – Pizarrete_e,0,SUR CERCANO,SUR,SUR 69 kV,\VM-PF.IntUser\PDD 31-12-2024.IntPrj\Network Model.IntPrjfolder\Network Data.IntPrjfolder\SUR 69 kV.ElmNet\69 kV Cruce de Ocoa – Pizarrete_e.ElmLne,5,ZPIZAF,\VM-PF.IntUser\PDD 31-12-2024.IntPrj\Network Model.IntPrjfolder\Network Data.IntPrjfolder\SUR 138 kV.ElmNet\Pizarrete.ElmSite\ZPIZAF.ElmSubstat\5.ElmTerm,Tap Baní,,\VM-PF.IntUser\PDD 31-12-2024.IntPrj\Network Model.IntPrjfolder\Network Data.IntPrjfolder\SUR 69 kV.ElmNet\Tap Baní.ElmTerm,P.MADERA TVS-1/1C/69/1xF - 450 ACAR,TypTow,11.859999656677246,1,0.5320000052452087,1.5549335479736328,5.120999813079834,6.088169574737549,18.382205963134766,46.30112838745117,22.857572555541992,-1.6459055863611913e-16,,1.0,,,,,,
138 kV Palamara – SCN L2_a,0,SUR CERCANO,SUR,SUR 138 kV,\VM-PF.IntUser\PDD 31-12-2024.IntPrj\Network Model.IntPrjfolder\Network Data.IntPrjfolder\SUR 138 kV.ElmNet\138 kV Palamara – SCN L2_a.ElmLne,Tap 4 SCN,,\VM-PF.IntUser\PDD 31-12-2024.IntPrj\Network Model.IntPrjfolder\Network Data.IntPrjfolder\SUR 138 kV.ElmNet\Tap 4 SCN.ElmTerm,12,ZPALAE,\VM-PF.IntUser\PDD 31-12-2024.IntPrj\Network Model.IntPrjfolder\Network Data.IntPrjfolder\CENTRAL 138 kV.ElmNet\Palamara.ElmSite\ZPALAE.ElmSubstat\12.ElmTerm,,,22.0,1,0.5680000185966492,2.8736374378204346,10.628260612487793,9.469610214233398,33.462562561035156,76.02820587158203,44.26432800292969,-1.2212453270876722e-15,,,,,,,,
138 kV SCN – Valdesia L2_b,0,SUR CERCANO,SUR,SUR 138 kV,\VM-PF.IntUser\PDD 31-12-2024.IntPrj\Network Model.IntPrjfolder\Network Data.IntPrjfolder\SUR 138 kV.ElmNet\138 kV SCN – Valdesia L2_b.ElmLne,R5,ZVALDE,\VM-PF.IntUser\PDD 31-12-2024.IntPrj\Network Model.IntPrjfolder\Network Data.IntPrjfolder\SUR 138 kV.ElmNet\Valdesia.ElmSite\ZVALDE.ElmSubstat\R5.ElmTerm,Tap 1 Valdesia,,\VM-PF.IntUser\PDD 31-12-2024.IntPrj\Network Model.IntPrjfolder\Network Data.IntPrjfolder\SUR 138 kV.ElmNet\Tap 1 Valdesia.ElmTerm,,,23.0,1,0.5680000185966492,3.0042574405670166,11.111363410949707,9.900047302246094,34.98358917236328,79.4840316772461,46.276344299316406,-1.27675647831893e-15,,,,,,,,
138 kV Palamara – SCN L1_a,0,SUR CERCANO,SUR,SUR 138 kV,\VM-PF.IntUser\PDD 31-12-2024.IntPrj\Network Model.IntPrjfolder\Network Data.IntPrjfolder\SUR 138 kV.ElmNet\138 kV Palamara – SCN L1_a.ElmLne,Tap 1 SCN,,\VM-PF.IntUser\PDD 31-12-2024.IntPrj\Network Model.IntPrjfolder\Network Data.IntPrjfolder\SUR 138 kV.ElmNet\Tap 1 SCN.ElmTerm,11,ZPALAE,\VM-PF.IntUser\PDD 31-12-2024.IntPrj\Network Model.IntPrjfolder\Network Data.IntPrjfolder\CENTRAL 138 kV.ElmNet\Palamara.ElmSite\ZPALAE.ElmSubstat\11.ElmTerm,,,22.0,1,0.5680000185966492,2.8736374378204346,10.628260612487793,9.469610214233398,33.462562561035156,76.02820587158203,44.26432800292969,2.1371793224034263e-15,,,,,,,,
138 kV SCN – Valdesia L1_b,0,SUR CERCANO,SUR,SUR 138 kV,\VM-PF.IntUser\PDD 31-12-2024.IntPrj\Network Model.IntPrjfolder\Network Data.IntPrjfolder\SUR 138 kV.ElmNet\138 kV SCN – Valdesia L1_b.ElmLne,R4,ZVALDE,\VM-PF.IntUser\PDD 31-12-2024.IntPrj\Network Model.IntPrjfolder\Network Data.IntPrjfolder\SUR 138 kV.ElmNet\Valdesia.ElmSite\ZVALDE.ElmSubstat\R4.ElmTerm,Tap 2 SCN,,\VM-PF.IntUser\PDD 31-12-2024.IntPrj\Network Model.IntPrjfolder\Network Data.IntPrjfolder\SUR 138 kV.ElmNet\Tap 2 SCN.ElmTerm,,,23.0,1,0.5680000185966492,3.0042574405670166,11.111363410949707,9.900047302246094,34.98358917236328,79.4840316772461,46.276344299316406,2.2343238370581275e-15,,,,,,,,
138 kV Cruce Cabral 2 – km 15 de Azua L2,0,SUR MEDIO,SUR,SUR 138 kV,\VM-PF.IntUser\PDD 31-12-2024.IntPrj\Network Model.IntPrjfolder\Network Data.IntPrjfolder\SUR 138 kV.ElmNet\138 kV Cruce Cabral 2 – km 15 de Azua L2.ElmLne,6,ZKQAZE,\VM-PF.IntUser\PDD 31-12-2024.IntPrj\Network Model.IntPrjfolder\Network Data.IntPrjfolder\SUR 138 kV.ElmNet\km 15 de Azua.ElmSite\ZKQAZE.ElmSubstat\6.ElmTerm,1,ZCCA2E,\VM-PF.IntUser\PDD 31-12-2024.IntPrj\Network Model.IntPrjfolder\Network Data.IntPrjfolder\SUR 138 kV.ElmNet\Cruce de Cabral 2.ElmSite\ZCCA2E.ElmSubstat\1.ElmTerm,,,59.220001220703125,1,0.5680000185966492,7.735310077667236,28.609344482421875,25.490468978881836,90.07513427734375,204.6540985107422,119.15152740478516,-3.2873704436777243e-15,,,,,,,,
138 kV Aguacate – Valdesia,0,SUR CERCANO,SUR,SUR 138 kV,\VM-PF.IntUser\PDD 31-12-2024.IntPrj\Network Model.IntPrjfolder\Network Data.IntPrjfolder\SUR 138 kV.ElmNet\138 kV Aguacate – Valdesia.ElmLne,L1,ZVALDE,\VM-PF.IntUser\PDD 31-12-2024.IntPrj\Network Model.IntPrjfolder\Network Data.IntPrjfolder\SUR 138 kV.ElmNet\Valdesia.ElmSite\ZVALDE.ElmSubstat\L1.ElmTerm,L2,ZAGUAE,\VM-PF.IntUser\PDD 31-12-2024.IntPrj\Network Model.IntPrjfolder\Network Data.IntPrjfolder\SUR 138 kV.ElmNet\Aguacate.ElmSite\ZAGUAE.ElmSubstat\L2.ElmTerm,,,8.569999694824219,1,0.6589999794960022,1.0082414150238037,4.119996070861816,3.7061853408813477,12.903677940368652,30.18781852722168,17.608436584472656,1.3082590100558567e-15,,,,,,,,
138 kV Pizarrete – Valdesia,0,SUR CERCANO,SUR,SUR 138 kV,\VM-PF.IntUser\PDD 31-12-2024.IntPrj\Network Model.IntPrjfolder\Network Data.IntPrjfolder\SUR 138 kV.ElmNet\138 kV Pizarrete – Valdesia.ElmLne,1,ZPIZAE,\VM-PF.IntUser\PDD 31-12-2024.IntPrj\Network Model.IntPrjfolder\Network Data.IntPrjfolder\SUR 138 kV.ElmNet\Pizarrete.ElmSite\ZPIZAE.ElmSubstat\1.ElmTerm,L2,ZVALDE,\VM-PF.IntUser\PDD 31-12-2024.IntPrj\Network Model.IntPrjfolder\Network Data.IntPrjfolder\SUR 138 kV.ElmNet\Valdesia.ElmSite\ZVALDE.ElmSubstat\L2.ElmTerm,,,16.399999618530273,1,1.3179999589920044,0.9625709652900696,5.698699951171875,5.941259384155273,21.98459243774414,78.2589111328125,36.1866569519043,2.275957200481571e-15,,,,,,,,
138 kV Aguacate – Jigüey,0,SUR CERCANO,SUR,SUR 138 kV,\VM-PF.IntUser\PDD 31-12-2024.IntPrj\Network Model.IntPrjfolder\Network Data.IntPrjfolder\SUR 138 kV.ElmNet\138 kV Aguacate – Jigüey.ElmLne,R1,ZJIGUE,\VM-PF.IntUser\PDD 31-12-2024.IntPrj\Network Model.IntPrjfolder\Network Data.IntPrjfolder\SUR 138 kV.ElmNet\Jiguey.ElmSite\ZJIGUE.ElmSubstat\R1.ElmTerm,R2,ZAGUAE,\VM-PF.IntUser\PDD 31-12-2024.IntPrj\Network Model.IntPrjfolder\Network Data.IntPrjfolder\SUR 138 kV.ElmNet\Aguacate.ElmSite\ZAGUAE.ElmSubstat\R2.ElmTerm,,,13.270000457763672,1,0.6589999794960022,1.5611859560012817,6.379504680633545,5.7387495040893555,19.980375289916992,46.743568420410156,27.26534080505371,2.0257407032473352e-15,,,,,,,,
138 kV km 15 de Azua – Monte Río_a,0,SUR MEDIO,SUR,SUR 138 kV,\VM-PF.IntUser\PDD 31-12-2024.IntPrj\Network Model.IntPrjfolder\Network Data.IntPrjfolder\SUR 138 kV.ElmNet\138 kV km 15 de Azua – Monte Río_a.ElmLne,1,ZKQAZE,\VM-PF.IntUser\PDD 31-12-2024.IntPrj\Network Model.IntPrjfolder\Network Data.IntPrjfolder\SUR 138 kV.ElmNet\km 15 de Azua.ElmSite\ZKQAZE.ElmSubstat\1.ElmTerm,Tap 2 POWERSHIP AZUA,,\VM-PF.IntUser\PDD 31-12-2024.IntPrj\Network Model.IntPrjfolder\Network Data.IntPrjfolder\SUR 138 kV.ElmNet\Tap 2 POWERSHIP AZUA.ElmTerm,,,14.0,1,1.3259999752044678,0.8145023584365845,4.623012065887451,3.3711719512939453,16.248546600341797,70.43988037109375,35.25965118408203,1.1657341758564144e-15,,,,,,,,
138 kV Jigüey – Valdesia_b,0,SUR CERCANO,SUR,SUR 138 kV,\VM-PF.IntUser\PDD 31-12-2024.IntPrj\Network Model.IntPrjfolder\Network Data.IntPrjfolder\SUR 138 kV.ElmNet\138 kV Jigüey – Valdesia_b.ElmLne,Tap Aguacate,,\VM-PF.IntUser\PDD 31-12-2024.IntPrj\Network Model.IntPrjfolder\Network Data.IntPrjfolder\SUR 138 kV.ElmNet\Tap Aguacate.ElmTerm,L4,ZVALDE,\VM-PF.IntUser\PDD 31-12-2024.IntPrj\Network Model.IntPrjfolder\Network Data.IntPrjfolder\SUR 138 kV.ElmNet\Valdesia.ElmSite\ZVALDE.ElmSubstat\L4.ElmTerm,,,8.569999694824219,1,0.6589999794960022,1.0082414150238037,4.119996070861816,3.7061853408813477,12.903677940368652,30.18781852722168,17.608436584472656,-1.1893263727780516e-16,,,,,,,,
138 kV Bayasol – km 15 de Azua_b,0,SUR CERCANO,SUR,SUR 138 kV,\VM-PF.IntUser\PDD 31-12-2024.IntPrj\Network Model.IntPrjfolder\Network Data.IntPrjfolder\SUR 138 kV.ElmNet\138 kV Bayasol – km 15 de Azua_b.ElmLne,Tap Kilómetro 15 de Azua,,\VM-PF.IntUser\PDD 31-12-2024.IntPrj\Network Model.IntPrjfolder\Network Data.IntPrjfolder\SUR 138 kV.ElmNet\Tap Kilómetro 15 de Azua.ElmTerm,Tap 2 Bayasol,,\VM-PF.IntUser\PDD 31-12-2024.IntPrj\Network Model.IntPrjfolder\Network Data.IntPrjfolder\SUR 138 kV.ElmNet\Tap 2 Bayasol.ElmTerm,,,1.0,1,0.5680000185966492,0.13061988353729248,0.4831027388572693,0.4304368197917938,1.521025538444519,3.455827474594116,2.012014865875244,9.71445146547012e-17,,,,,,,,
138 kV Bayasol – km 15 de Azua_c,0,SUR MEDIO,SUR,SUR 138 kV,\VM-PF.IntUser\PDD 31-12-2024.IntPrj\Network Model.IntPrjfolder\Network Data.IntPrjfolder\SUR 138 kV.ElmNet\138 kV Bayasol – km 15 de Azua_c.ElmLne,4,ZKQAZE,\VM-PF.IntUser\PDD 31-12-2024.IntPrj\Network Model.IntPrjfolder\Network Data.IntPrjfolder\SUR 138 kV.ElmNet\km 15 de Azua.ElmSite\ZKQAZE.ElmSubstat\4.ElmTerm,Tap Kilómetro 15 de Azua,,\VM-PF.IntUser\PDD 31-12-2024.IntPrj\Network Model.IntPrjfolder\Network Data.IntPrjfolder\SUR 138 kV.ElmNet\Tap Kilómetro 15 de Azua.ElmTerm,,,45.0,1,0.5680000185966492,5.877894878387451,21.7396240234375,19.369657516479492,68.44615173339844,155.51223754882812,90.5406723022461,4.371503159461554e-15,,,,,,,,
138 kV Matafongo – Pizarrete_b,0,SUR CERCANO,SUR,SUR 138 kV,\VM-PF.IntUser\PDD 31-12-2024.IntPrj\Network Model.IntPrjfolder\Network Data.IntPrjfolder\SUR 138 kV.ElmNet\138 kV Matafongo – Pizarrete_b.ElmLne,Tap 1 Matafongo,,\VM-PF.IntUser\PDD 31-12-2024.IntPrj\Network Model.IntPrjfolder\Network Data.IntPrjfolder\SUR 138 kV.ElmNet\Tap 1 Matafongo.ElmTerm,Tap 1 Pizarrete,,\VM-PF.IntUser\PDD 31-12-2024.IntPrj\Network Model.IntPrjfolder\Network Data.IntPrjfolder\SUR 138 kV.ElmNet\Tap 1 Pizarrete.ElmTerm,,,1.0,1,0.5680000185966492,0.13061988353729248,0.4831027388572693,0.4304368197917938,1.521025538444519,3.455827474594116,2.012014865875244,-5.551115123125783e-17,,,,,,,,
138 kV km 15 de Azua – Matafongo_a,0,SUR MEDIO,SUR,SUR 138 kV,\VM-PF.IntUser\PDD 31-12-2024.IntPrj\Network Model.IntPrjfolder\Network Data.IntPrjfolder\SUR 138 kV.ElmNet\138 kV km 15 de Azua – Matafongo_a.ElmLne,5,ZKQAZE,\VM-PF.IntUser\PDD 31-12-2024.IntPrj\Network Model.IntPrjfolder\Network Data.IntPrjfolder\SUR 138 kV.ElmNet\km 15 de Azua.ElmSite\ZKQAZE.ElmSubstat\5.ElmTerm,Tap 2 Matafongo,,\VM-PF.IntUser\PDD 31-12-2024.IntPrj\Network Model.IntPrjfolder\Network Data.IntPrjfolder\SUR 138 kV.ElmNet\Tap 2 Matafongo.ElmTerm,,,45.0,1,0.5680000185966492,5.877894878387451,21.7396240234375,19.369657516479492,68.44615173339844,155.51223754882812,90.5406723022461,-2.4980018054066022e-15,,,,,,,,
138 kV Jigüey – Valdesia_a,0,SUR CERCANO,SUR,SUR 138 kV,\VM-PF.IntUser\PDD 31-12-2024.IntPrj\Network Model.IntPrjfolder\Network Data.IntPrjfolder\SUR 138 kV.ElmNet\138 kV Jigüey – Valdesia_a.ElmLne,L1,ZJIGUE,\VM-PF.IntUser\PDD 31-12-2024.IntPrj\Network Model.IntPrjfolder\Network Data.IntPrjfolder\SUR 138 kV.ElmNet\Jiguey.ElmSite\ZJIGUE.ElmSubstat\L1.ElmTerm,Tap Aguacate,,\VM-PF.IntUser\PDD 31-12-2024.IntPrj\Network Model.IntPrjfolder\Network Data.IntPrjfolder\SUR 138 kV.ElmNet\Tap Aguacate.ElmTerm,,,13.270000457763672,1,0.6589999794960022,1.5611859560012817,6.379504680633545,5.7387495040893555,19.980375289916992,46.743568420410156,27.26534080505371,-1.8415825056244495e-16,,,,,,,,
138 kV Julio Sauri – Palamara L1,0,SUR CERCANO,SUR,SUR 138 kV,\VM-PF.IntUser\PDD 31-12-2024.IntPrj\Network Model.IntPrjfolder\Network Data.IntPrjfolder\SUR 138 kV.ElmNet\138 kV Julio Sauri – Palamara L1.ElmLne,E7,ZJSAUD,\VM-PF.IntUser\PDD 31-12-2024.IntPrj\Network Model.IntPrjfolder\Network Data.IntPrjfolder\Expansión 345 kV.ElmNet\Julio Sauri.ElmSite\ZJSAUD.ElmSubstat\E7.ElmTerm,4,ZPALAE,\VM-PF.IntUser\PDD 31-12-2024.IntPrj\Network Model.IntPrjfolder\Network Data.IntPrjfolder\CENTRAL 138 kV.ElmNet\Palamara.ElmSite\ZPALAE.ElmSubstat\4.ElmTerm,,,12.510000228881836,1,1.3259999752044678,0.7290187478065491,4.136837959289551,4.479728698730469,17.121252059936523,62.9687385559082,31.907724380493164,-1.7361113394608833e-15,,,,,,,,
138 kV Julio Sauri – Palamara L2,0,SUR CERCANO,SUR,SUR 138 kV,\VM-PF.IntUser\PDD 31-12-2024.IntPrj\Network Model.IntPrjfolder\Network Data.IntPrjfolder\SUR 138 kV.ElmNet\138 kV Julio Sauri – Palamara L2.ElmLne,E8,ZJSAUD,\VM-PF.IntUser\PDD 31-12-2024.IntPrj\Network Model.IntPrjfolder\Network Data.IntPrjfolder\Expansión 345 kV.ElmNet\Julio Sauri.ElmSite\ZJSAUD.ElmSubstat\E8.ElmTerm,3,ZPALAE,\VM-PF.IntUser\PDD 31-12-2024.IntPrj\Network Model.IntPrjfolder\Network Data.IntPrjfolder\CENTRAL 138 kV.ElmNet\Palamara.ElmSite\ZPALAE.ElmSubstat\3.ElmTerm,,,12.510000228881836,1,1.3259999752044678,0.7290187478065491,4.136837959289551,4.479728698730469,17.121252059936523,62.9687385559082,31.907724380493164,1.3888890292170592e-15,,,,,,,,
138 kV Bar Carbón – Cruce Cabral 2 L2,1,SUR PROFUNDO,SUR,SUR 138 kV,\VM-PF.IntUser\PDD 31-12-2024.IntPrj\Network Model.IntPrjfolder\Network Data.IntPrjfolder\SUR 138 kV.ElmNet\138 kV Bar Carbón – Cruce Cabral 2 L2.ElmLne,1,ZBCARE,\VM-PF.IntUser\PDD 31-12-2024.IntPrj\Network Model.IntPrjfolder\Network Data.IntPrjfolder\SUR 138 kV.ElmNet\Barahona Carbón.ElmSite\ZBCARE.ElmSubstat\1.ElmTerm,7,ZCCA2E,\VM-PF.IntUser\PDD 31-12-2024.IntPrj\Network Model.IntPrjfolder\Network Data.IntPrjfolder\SUR 138 kV.ElmNet\Cruce de Cabral 2.ElmSite\ZCCA2E.ElmSubstat\7.ElmTerm,,,6.0,1,0.5680000185966492,0.7837193012237549,2.8986165523529053,2.582620859146118,9.126152992248535,20.73496437072754,12.072089195251465,-3.3306690738754696e-16,,,,,,,,
138 kV Bar Carbón – Cruce Cabral 2 L1,0,SUR PROFUNDO,SUR,SUR 138 kV,\VM-PF.IntUser\PDD 31-12-2024.IntPrj\Network Model.IntPrjfolder\Network Data.IntPrjfolder\SUR 138 kV.ElmNet\138 kV Bar Carbón – Cruce Cabral 2 L1.ElmLne,2,ZBCARE,\VM-PF.IntUser\PDD 31-12-2024.IntPrj\Network Model.IntPrjfolder\Network Data.IntPrjfolder\SUR 138 kV.ElmNet\Barahona Carbón.ElmSite\ZBCARE.ElmSubstat\2.ElmTerm,3,ZCCA2E,\VM-PF.IntUser\PDD 31-12-2024.IntPrj\Network Model.IntPrjfolder\Network Data.IntPrjfolder\SUR 138 kV.ElmNet\Cruce de Cabral 2.ElmSite\ZCCA2E.ElmSubstat\3.ElmTerm,,,6.0,1,0.5680000185966492,0.7837193012237549,2.8986165523529053,2.582620859146118,9.126152992248535,20.73496437072754,12.072089195251465,5.828670879282072e-16,,,,,,,,
138 kV Cruce Cabral 2 – km 15 de Azua L1,0,SUR MEDIO,SUR,SUR 138 kV,\VM-PF.IntUser\PDD 31-12-2024.IntPrj\Network Model.IntPrjfolder\Network Data.IntPrjfolder\SUR 138 kV.ElmNet\138 kV Cruce Cabral 2 – km 15 de Azua L1.ElmLne,7,ZKQAZE,\VM-PF.IntUser\PDD 31-12-2024.IntPrj\Network Model.IntPrjfolder\Network Data.IntPrjfolder\SUR 138 kV.ElmNet\km 15 de Azua.ElmSite\ZKQAZE.ElmSubstat\7.ElmTerm,4,ZCCA2E,\VM-PF.IntUser\PDD 31-12-2024.IntPrj\Network Model.IntPrjfolder\Network Data.IntPrjfolder\SUR 138 kV.ElmNet\Cruce de Cabral 2.ElmSite\ZCCA2E.ElmSubstat\4.ElmTerm,,,59.220001220703125,1,0.5680000185966492,7.735310077667236,28.609344482421875,25.490468978881836,90.07513427734375,204.6540985107422,119.15152740478516,5.7528982764360175e-15,,,,,,,,
138 kV Cruce de Cabral 2 – Los Cocos L1,0,SUR PROFUNDO,SUR,SUR 138 kV,\VM-PF.IntUser\PDD 31-12-2024.IntPrj\Network Model.IntPrjfolder\Network Data.IntPrjfolder\SUR 138 kV.ElmNet\138 kV Cruce de Cabral 2 – Los Cocos L1.ElmLne,5,ZCCA2E,\VM-PF.IntUser\PDD 31-12-2024.IntPrj\Network Model.IntPrjfolder\Network Data.IntPrjfolder\SUR 138 kV.ElmNet\Cruce de Cabral 2.ElmSite\ZCCA2E.ElmSubstat\5.ElmTerm,3,ZLCOCE,\VM-PF.IntUser\PDD 31-12-2024.IntPrj\Network Model.IntPrjfolder\Network Data.IntPrjfolder\SUR 138 kV.ElmNet\Los Cocos.ElmSite\ZLCOCE.ElmSubstat\3.ElmTerm,,,55.5,1,0.6629999876022339,6.456191539764404,26.33694076538086,23.92829132080078,83.22075653076172,195.49871826171875,114.03363800048828,8.472389456670726e-15,,,,,,,,
138 kV Cruce de Cabral 2 – Los Cocos L2,0,SUR PROFUNDO,SUR,SUR 138 kV,\VM-PF.IntUser\PDD 31-12-2024.IntPrj\Network Model.IntPrjfolder\Network Data.IntPrjfolder\SUR 138 kV.ElmNet\138 kV Cruce de Cabral 2 – Los Cocos L2.ElmLne,6,ZCCA2E,\VM-PF.IntUser\PDD 31-12-2024.IntPrj\Network Model.IntPrjfolder\Network Data.IntPrjfolder\SUR 138 kV.ElmNet\Cruce de Cabral 2.ElmSite\ZCCA2E.ElmSubstat\6.ElmTerm,5,ZLCOCE,\VM-PF.IntUser\PDD 31-12-2024.IntPrj\Network Model.IntPrjfolder\Network Data.IntPrjfolder\SUR 138 kV.ElmNet\Los Cocos.ElmSite\ZLCOCE.ElmSubstat\5.ElmTerm,,,55.5,1,0.6629999876022339,6.456191539764404,26.33694076538086,23.92829132080078,83.22075653076172,195.49871826171875,114.03363800048828,-7.7021722333370235e-16,,,,,,,,
138 kV Palenque – Punta Catalina_b,0,SUR CERCANO,SUR,SUR 138 kV,\VM-PF.IntUser\PDD 31-12-2024.IntPrj\Network Model.IntPrjfolder\Network Data.IntPrjfolder\SUR 138 kV.ElmNet\138 kV Palenque – Punta Catalina_b.ElmLne,Tap 2 Pizarrete,,\VM-PF.IntUser\PDD 31-12-2024.IntPrj\Network Model.IntPrjfolder\Network Data.IntPrjfolder\SUR 138 kV.ElmNet\Tap 2 Pizarrete.ElmTerm,Tap 1 Palenque,,\VM-PF.IntUser\PDD 31-12-2024.IntPrj\Network Model.IntPrjfolder\Network Data.IntPrjfolder\SUR 138 kV.ElmNet\Tap 1 Palenque.ElmTerm,,,4.699999809265137,1,1.3259999752044678,0.2738339602947235,1.554242730140686,1.6802016496658325,6.434882164001465,23.643325805664062,11.811861991882324,-1.304512053934559e-15,,,,,,,,
138 kV Julio Sauri – Pizarrete_c,0,SUR CERCANO,SUR,SUR 138 kV,\VM-PF.IntUser\PDD 31-12-2024.IntPrj\Network Model.IntPrjfolder\Network Data.IntPrjfolder\SUR 138 kV.ElmNet\138 kV Julio Sauri – Pizarrete_c.ElmLne,8(1),ZPIZAE,\VM-PF.IntUser\PDD 31-12-2024.IntPrj\Network Model.IntPrjfolder\Network Data.IntPrjfolder\SUR 138 kV.ElmNet\Pizarrete.ElmSite\ZPIZAE.ElmSubstat\8(1).ElmTerm,Tap San Cristóbal Norte,,\VM-PF.IntUser\PDD 31-12-2024.IntPrj\Network Model.IntPrjfolder\Network Data.IntPrjfolder\SUR 69 kV.ElmNet\Tap San Cristóbal Norte.ElmTerm,,,4.699999809265137,1,1.3259999752044678,0.2738339602947235,1.554242730140686,1.6802016496658325,6.434882164001465,23.643325805664062,11.811861991882324,0.0,,,,,,,,
69 kV Sabana Yegua – San Juan_b,0,SUR MEDIO,SUR,SUR 138 kV,\VM-PF.IntUser\PDD 31-12-2024.IntPrj\Network Model.IntPrjfolder\Network Data.IntPrjfolder\SUR 138 kV.ElmNet\ZGUANE.ElmSubstat\69 kV Sabana Yegua – San Juan_b.ElmLne,Tap 2 Sabana Yegua,,\VM-PF.IntUser\PDD 31-12-2024.IntPrj\Network Model.IntPrjfolder\Network Data.IntPrjfolder\SUR 69 kV.ElmNet\Tap 2 Sabana Yegua.ElmTerm,Tap 1 Guanito,,\VM-PF.IntUser\PDD 31-12-2024.IntPrj\Network Model.IntPrjfolder\Network Data.IntPrjfolder\SUR 69 kV.ElmNet\Tap 1 Guanito.ElmTerm,P.MADERA TP-IG 55 P/69 - 559 AAAC,TypTow,2.799999952316284,1,0.6629999876022339,0.32650890946388245,1.210537314414978,1.4562066793441772,4.218301773071289,10.845096588134766,5.678254127502441,2.1371792694638671e-16,,1.0,,,,,,
69 kV Sabana Yegua – San Juan_c,0,SUR MEDIO,SUR,SUR 138 kV,\VM-PF.IntUser\PDD 31-12-2024.IntPrj\Network Model.IntPrjfolder\Network Data.IntPrjfolder\SUR 138 kV.ElmNet\ZGUANE.ElmSubstat\69 kV Sabana Yegua – San Juan_c.ElmLne,Tap 2 Guanito,,\VM-PF.IntUser\PDD 31-12-2024.IntPrj\Network Model.IntPrjfolder\Network Data.IntPrjfolder\SUR 69 kV.ElmNet\Tap 2 Guanito.ElmTerm,Tap Guanito 2,,\VM-PF.IntUser\PDD 31-12-2024.IntPrj\Network Model.IntPrjfolder\Network Data.IntPrjfolder\SUR 69 kV.ElmNet\Tap Guanito 2.ElmTerm,P.MADERA TP-IG 55 P/69 - 559 AAAC,TypTow,0.800000011920929,1,0.6629999876022339,0.09328826516866684,0.3458678126335144,0.41605907678604126,1.2052291631698608,3.0985991954803467,1.6223583221435547,6.106226767787259e-17,,1.0,,,,,,
69 kV Guanito – San Juan 2_a(1),1,SUR MEDIO,SUR,SUR 138 kV,\VM-PF.IntUser\PDD 31-12-2024.IntPrj\Network Model.IntPrjfolder\Network Data.IntPrjfolder\SUR 138 kV.ElmNet\ZGUANE.ElmSubstat\69 kV Guanito – San Juan 2_a(1).ElmLne,Tap 2 Guanito,,\VM-PF.IntUser\PDD 31-12-2024.IntPrj\Network Model.IntPrjfolder\Network Data.IntPrjfolder\SUR 69 kV.ElmNet\Tap 2 Guanito.ElmTerm,5,ZGUANE,\VM-PF.IntUser\PDD 31-12-2024.IntPrj\Network Model.IntPrjfolder\Network Data.IntPrjfolder\SUR 138 kV.ElmNet\ZGUANE.ElmSubstat\5.ElmTerm,P.MADERA TP-IG 55 P/69 - 4/0 AAAC,TypTow,0.007000000216066837,1,0.3799999952316284,0.0021506124176084995,0.0033166357316076756,0.004974856972694397,0.010836047120392323,0.024828540161252022,0.013543742708861828,-3.8857807061292367e-19,,1.0,,,,,,
69 kV Sabana Yegua – San Juan_d,0,SUR MEDIO,SUR,SUR 138 kV,\VM-PF.IntUser\PDD 31-12-2024.IntPrj\Network Model.IntPrjfolder\Network Data.IntPrjfolder\SUR 138 kV.ElmNet\ZGUANE.ElmSubstat\69 kV Sabana Yegua – San Juan_d.ElmLne,Tap Guanito 2,,\VM-PF.IntUser\PDD 31-12-2024.IntPrj\Network Model.IntPrjfolder\Network Data.IntPrjfolder\SUR 69 kV.ElmNet\Tap Guanito 2.ElmTerm,4,ZSJU2F,\VM-PF.IntUser\PDD 31-12-2024.IntPrj\Network Model.IntPrjfolder\Network Data.IntPrjfolder\SUR 138 kV.ElmNet\San Juan 2.ElmSite\ZSJU2F.ElmSubstat\4.ElmTerm,P.MADERA TP-IG 55 P/69 - 4/0 AAAC,TypTow,15.399999618530273,1,0.3799999952316284,4.73134708404541,7.296598434448242,10.944684982299805,23.839303970336914,54.62278747558594,29.796232223510742,-8.548717077855469e-16,,1.0,,,,,,
69 kV Guanito – km 15 Azua_a,1,SUR MEDIO,SUR,SUR 138 kV,\VM-PF.IntUser\PDD 31-12-2024.IntPrj\Network Model.IntPrjfolder\Network Data.IntPrjfolder\SUR 138 kV.ElmNet\ZGUANE.ElmSubstat\69 kV Guanito – km 15 Azua_a.ElmLne,Tap 1 Guanito,,\VM-PF.IntUser\PDD 31-12-2024.IntPrj\Network Model.IntPrjfolder\Network Data.IntPrjfolder\SUR 69 kV.ElmNet\Tap 1 Guanito.ElmTerm,4(1),ZGUANE,\VM-PF.IntUser\PDD 31-12-2024.IntPrj\Network Model.IntPrjfolder\Network Data.IntPrjfolder\SUR 138 kV.ElmNet\ZGUANE.ElmSubstat\4(1).ElmTerm,P.MADERA TP-IG 55 P/69 - 559 AAAC,TypTow,0.00699999975040555,1,0.6629999876022339,0.0008162722806446254,0.003026343183591962,0.00364051666110754,0.010545753873884678,0.027112741023302078,0.014195634983479977,5.342948277057244e-19,,1.0,,,,,,
138 kV Palomino – San Juan 2_a,0,SUR MEDIO,SUR,SUR 138 kV,\VM-PF.IntUser\PDD 31-12-2024.IntPrj\Network Model.IntPrjfolder\Network Data.IntPrjfolder\SUR 138 kV.ElmNet\138 kV Palomino – San Juan 2_a.ElmLne,L1,ZPALOE,\VM-PF.IntUser\PDD 31-12-2024.IntPrj\Network Model.IntPrjfolder\Network Data.IntPrjfolder\SUR 138 kV.ElmNet\Palomino.ElmSite\ZPALOE.ElmSubstat\L1.ElmTerm,Tap 1 Palomino,,\VM-PF.IntUser\PDD 31-12-2024.IntPrj\Network Model.IntPrjfolder\Network Data.IntPrjfolder\SUR 138 kV.ElmNet\Tap 1 Palomino.ElmTerm,,,17.299999237060547,1,0.6629999876022339,2.0104522705078125,8.396240234375,7.108668804168701,25.849225997924805,59.529945373535156,35.75883102416992,-2.1607715193250636e-15,,,,,,,,
138 kV Julio Sauri – Pizarrete_b,0,SUR CERCANO,SUR,SUR 138 kV,\VM-PF.IntUser\PDD 31-12-2024.IntPrj\Network Model.IntPrjfolder\Network Data.IntPrjfolder\SUR 138 kV.ElmNet\138 kV Julio Sauri – Pizarrete_b.ElmLne,E6(2),ZJSAUD,\VM-PF.IntUser\PDD 31-12-2024.IntPrj\Network Model.IntPrjfolder\Network Data.IntPrjfolder\Expansión 345 kV.ElmNet\Julio Sauri.ElmSite\ZJSAUD.ElmSubstat\E6(2).ElmTerm,Tap San Cristóbal Norte,,\VM-PF.IntUser\PDD 31-12-2024.IntPrj\Network Model.IntPrjfolder\Network Data.IntPrjfolder\SUR 69 kV.ElmNet\Tap San Cristóbal Norte.ElmTerm,,,31.940000534057617,1,1.3259999752044678,1.8609058856964111,10.562236785888672,11.418221473693848,43.729820251464844,160.67401123046875,80.27040100097656,0.0,,,,,,,,
138 kV Julio Sauri – Palenque_a,0,SUR CERCANO,SUR,SUR 138 kV,\VM-PF.IntUser\PDD 31-12-2024.IntPrj\Network Model.IntPrjfolder\Network Data.IntPrjfolder\SUR 138 kV.ElmNet\138 kV Julio Sauri – Palenque_a.ElmLne,Tap 2 Palenque,,\VM-PF.IntUser\PDD 31-12-2024.IntPrj\Network Model.IntPrjfolder\Network Data.IntPrjfolder\SUR 138 kV.ElmNet\Tap 2 Palenque.ElmTerm,E11,ZJSAUD,\VM-PF.IntUser\PDD 31-12-2024.IntPrj\Network Model.IntPrjfolder\Network Data.IntPrjfolder\Expansión 345 kV.ElmNet\Julio Sauri.ElmSite\ZJSAUD.ElmSubstat\E11.ElmTerm,,,31.940000534057617,1,1.3259999752044678,1.8609058856964111,10.562236785888672,11.418221473693848,43.729820251464844,160.67401123046875,80.27040100097656,-8.865130682225286e-15,,,,,,,,
138 kV Palenque – Punta Catalina_a,0,SUR CERCANO,SUR,SUR 138 kV,\VM-PF.IntUser\PDD 31-12-2024.IntPrj\Network Model.IntPrjfolder\Network Data.IntPrjfolder\SUR 138 kV.ElmNet\138 kV Palenque – Punta Catalina_a.ElmLne,L1,ZPALEE,\VM-PF.IntUser\PDD 31-12-2024.IntPrj\Network Model.IntPrjfolder\Network Data.IntPrjfolder\SUR 138 kV.ElmNet\Palenque.ElmSite\ZPALEE.ElmSubstat\L1.ElmTerm,Tap 1 Palenque,,\VM-PF.IntUser\PDD 31-12-2024.IntPrj\Network Model.IntPrjfolder\Network Data.IntPrjfolder\SUR 138 kV.ElmNet\Tap 1 Palenque.ElmTerm,,,7.590000152587891,1,1.3259999752044678,0.4422127604484558,2.509936809539795,2.7133469581604004,10.391651153564453,38.18145751953125,19.074901580810547,0.0,,,,,,,,
138 kV Julio Sauri – Palenque_b,0,SUR CERCANO,SUR,SUR 138 kV,\VM-PF.IntUser\PDD 31-12-2024.IntPrj\Network Model.IntPrjfolder\Network Data.IntPrjfolder\SUR 138 kV.ElmNet\138 kV Julio Sauri – Palenque_b.ElmLne,L2,ZPALEE,\VM-PF.IntUser\PDD 31-12-2024.IntPrj\Network Model.IntPrjfolder\Network Data.IntPrjfolder\SUR 138 kV.ElmNet\Palenque.ElmSite\ZPALEE.ElmSubstat\L2.ElmTerm,Tap 2 Palenque,,\VM-PF.IntUser\PDD 31-12-2024.IntPrj\Network Model.IntPrjfolder\Network Data.IntPrjfolder\SUR 138 kV.ElmNet\Tap 2 Palenque.ElmTerm,,,7.590000152587891,1,1.3259999752044678,0.4422127604484558,2.509936809539795,2.7133469581604004,10.391651153564453,38.18145751953125,19.074901580810547,-2.106648231577882e-15,,,,,,,,
138 kV Palamara – SCN L1_b,0,SUR CERCANO,SUR,SUR 138 kV,\VM-PF.IntUser\PDD 31-12-2024.IntPrj\Network Model.IntPrjfolder\Network Data.IntPrjfolder\SUR 138 kV.ElmNet\138 kV Palamara – SCN L1_b.ElmLne,Tap 1 SCN,,\VM-PF.IntUser\PDD 31-12-2024.IntPrj\Network Model.IntPrjfolder\Network Data.IntPrjfolder\SUR 138 kV.ElmNet\Tap 1 SCN.ElmTerm,1,ZSCNOE,\VM-PF.IntUser\PDD 31-12-2024.IntPrj\Network Model.IntPrjfolder\Network Data.IntPrjfolder\SUR 138 kV.ElmNet\ZSCNOE.ElmSubstat\1.ElmTerm,,,0.05000000074505806,1,0.5680000185966492,0.006530994549393654,0.024155138060450554,0.02152184210717678,0.07605127990245819,0.17279137670993805,0.10060074925422668,-2.775557602921922e-18,,,,,,,,
138 kV SCN – Valdesia L1_a,0,SUR CERCANO,SUR,SUR 138 kV,\VM-PF.IntUser\PDD 31-12-2024.IntPrj\Network Model.IntPrjfolder\Network Data.IntPrjfolder\SUR 138 kV.ElmNet\138 kV SCN – Valdesia L1_a.ElmLne,Tap 2 SCN,,\VM-PF.IntUser\PDD 31-12-2024.IntPrj\Network Model.IntPrjfolder\Network Data.IntPrjfolder\SUR 138 kV.ElmNet\Tap 2 SCN.ElmTerm,2,ZSCNOE,\VM-PF.IntUser\PDD 31-12-2024.IntPrj\Network Model.IntPrjfolder\Network Data.IntPrjfolder\SUR 138 kV.ElmNet\ZSCNOE.ElmSubstat\2.ElmTerm,,,0.05000000074505806,1,0.5680000185966492,0.006530994549393654,0.024155138060450554,0.02152184210717678,0.07605127990245819,0.17279137670993805,0.10060074925422668,-2.775557602921922e-18,,,,,,,,
4.16 kV Central Palenque – Palenque,0,SUR CERCANO,SUR,SUR 138 kV,\VM-PF.IntUser\PDD 31-12-2024.IntPrj\Network Model.IntPrjfolder\Network Data.IntPrjfolder\SUR 138 kV.ElmNet\4.16 kV Central Palenque – Palenque.ElmLne,Terminal Palenque 1,Palenque,\VM-PF.IntUser\PDD 31-12-2024.IntPrj\Network Model.IntPrjfolder\Network Data.IntPrjfolder\SUR 138 kV.ElmNet\Palenque.ElmSite\Terminal Palenque 1.ElmTerm,Terminal Palenque 2,Palenque,\VM-PF.IntUser\PDD 31-12-2024.IntPrj\Network Model.IntPrjfolder\Network Data.IntPrjfolder\SUR 138 kV.ElmNet\Palenque.ElmSite\Terminal Palenque 2.ElmTerm,A-N2YSY 1x400 - 13.8 kV,TypLne,0.20999999344348907,6,3.7380001544952393,0.0019249999895691872,0.004409994464367628,0.03500000014901161,0.041999999433755875,174.8022918701172,145.66859436035156,0.0,13.800000190734863,0.6230000257492065,0.054999999701976776,0.12599985301494598,138.7319793701172,0.36799800395965576,1.0,1.2000000476837158
138 kV Kilómetro 15 de Azua – Palomino_b,0,SUR MEDIO,SUR,SUR 138 kV,\VM-PF.IntUser\PDD 31-12-2024.IntPrj\Network Model.IntPrjfolder\Network Data.IntPrjfolder\SUR 138 kV.ElmNet\138 kV Kilómetro 15 de Azua – Palomino_b.ElmLne,R1,ZPALOE,\VM-PF.IntUser\PDD 31-12-2024.IntPrj\Network Model.IntPrjfolder\Network Data.IntPrjfolder\SUR 138 kV.ElmNet\Palomino.ElmSite\ZPALOE.ElmSubstat\R1.ElmTerm,Tap 2 Palomino,,\VM-PF.IntUser\PDD 31-12-2024.IntPrj\Network Model.IntPrjfolder\Network Data.IntPrjfolder\SUR 138 kV.ElmNet\Tap 2 Palomino.ElmTerm,,,17.299999237060547,1,0.6629999876022339,2.0101115703582764,8.396445274353027,7.093473434448242,25.862445831298828,59.521846771240234,35.7188835144043,7.202571554618348e-16,,,,,,,,
138 kV Palenque – Punta Catalina_d,0,SUR CERCANO,SUR,SUR 138 kV,\VM-PF.IntUser\PDD 31-12-2024.IntPrj\Network Model.IntPrjfolder\Network Data.IntPrjfolder\SUR 138 kV.ElmNet\138 kV Palenque – Punta Catalina_d.ElmLne,Tap 2 Punta Catalina,,\VM-PF.IntUser\PDD 31-12-2024.IntPrj\Network Model.IntPrjfolder\Network Data.IntPrjfolder\SUR 138 kV.ElmNet\Tap 2 Punta Catalina.ElmTerm,3,ZPCATE1,\VM-PF.IntUser\PDD 31-12-2024.IntPrj\Network Model.IntPrjfolder\Network Data.IntPrjfolder\Expansión 345 kV.ElmNet\Punta Catalina.ElmSite\ZPCATE1.ElmSubstat\3.ElmTerm,,,4.300000190734863,1,1.3259999752044678,0.2505820095539093,1.4219348430633545,1.5397948026657104,5.885003089904785,21.643932342529297,10.967483520507812,4.77395921764641e-16,,,,,,,,
345 kV Julio Sauri – Punta Catalina L2,0,SUR CERCANO,SUR,SUR 138 kV,\VM-PF.IntUser\PDD 31-12-2024.IntPrj\Network Model.IntPrjfolder\Network Data.IntPrjfolder\SUR 138 kV.ElmNet\345 kV Julio Sauri – Punta Catalina L2.ElmLne,1,ZPCATD,\VM-PF.IntUser\PDD 31-12-2024.IntPrj\Network Model.IntPrjfolder\Network Data.IntPrjfolder\Expansión 345 kV.ElmNet\Punta Catalina.ElmSite\ZPCATD.ElmSubstat\1.ElmTerm,D2,ZJSAUD,\VM-PF.IntUser\PDD 31-12-2024.IntPrj\Network Model.IntPrjfolder\Network Data.IntPrjfolder\Expansión 345 kV.ElmNet\Julio Sauri.ElmSite\ZJSAUD.ElmSubstat\D2.ElmTerm,,,44.93000030517578,1,2.7239999771118164,1.2327253818511963,15.131564140319824,15.987042427062988,48.66032409667969,222.52000427246094,126.00247955322266,8.729406357921993e-15,,,,,,,,
138 kV km 15 de Azua – San Juan 2_a,0,SUR MEDIO,SUR,SUR 138 kV,\VM-PF.IntUser\PDD 31-12-2024.IntPrj\Network Model.IntPrjfolder\Network Data.IntPrjfolder\SUR 138 kV.ElmNet\138 kV km 15 de Azua – San Juan 2_a.ElmLne,9,ZKQAZE,\VM-PF.IntUser\PDD 31-12-2024.IntPrj\Network Model.IntPrjfolder\Network Data.IntPrjfolder\SUR 138 kV.ElmNet\km 15 de Azua.ElmSite\ZKQAZE.ElmSubstat\9.ElmTerm,Tap San Juan 2,,\VM-PF.IntUser\PDD 31-12-2024.IntPrj\Network Model.IntPrjfolder\Network Data.IntPrjfolder\SUR 138 kV.ElmNet\Tap San Juan 2.ElmTerm,,,42.65999984741211,1,0.6629999876022339,4.95672607421875,20.70475959777832,17.49176788330078,63.774105072021484,146.77468872070312,88.07905578613281,1.7760792243517879e-15,,,,,,,,
138 kV km 15 de Azua – Punta Catalina_b,0,SUR CERCANO,SUR,SUR 138 kV,\VM-PF.IntUser\PDD 31-12-2024.IntPrj\Network Model.IntPrjfolder\Network Data.IntPrjfolder\SUR 138 kV.ElmNet\138 kV km 15 de Azua – Punta Catalina_b.ElmLne,Tap 1 Punta Catalina,,\VM-PF.IntUser\PDD 31-12-2024.IntPrj\Network Model.IntPrjfolder\Network Data.IntPrjfolder\SUR 138 kV.ElmNet\Tap 1 Punta Catalina.ElmTerm,1,ZPCATE1,\VM-PF.IntUser\PDD 31-12-2024.IntPrj\Network Model.IntPrjfolder\Network Data.IntPrjfolder\Expansión 345 kV.ElmNet\Punta Catalina.ElmSite\ZPCATE1.ElmSubstat\1.ElmTerm,,,4.300000190734863,1,1.3259999752044678,0.2505820095539093,1.4219348430633545,1.5397948026657104,5.885003089904785,21.643932342529297,10.967483520507812,-5.967448757360216e-16,,,,,,,,
138 kV km 15 de Azua – Punta Catalina_a,0,SUR MEDIO,SUR,SUR 138 kV,\VM-PF.IntUser\PDD 31-12-2024.IntPrj\Network Model.IntPrjfolder\Network Data.IntPrjfolder\SUR 138 kV.ElmNet\138 kV km 15 de Azua – Punta Catalina_a.ElmLne,2,ZKQAZE,\VM-PF.IntUser\PDD 31-12-2024.IntPrj\Network Model.IntPrjfolder\Network Data.IntPrjfolder\SUR 138 kV.ElmNet\km 15 de Azua.ElmSite\ZKQAZE.ElmSubstat\2.ElmTerm,Tap 3 Calabaza,,\VM-PF.IntUser\PDD 31-12-2024.IntPrj\Network Model.IntPrjfolder\Network Data.IntPrjfolder\SUR 138 kV.ElmNet\Tap 3 Calabaza.ElmTerm,,,55.0,1,1.3259999752044678,3.205118417739868,18.187536239624023,19.695049285888672,75.2732925415039,276.8409729003906,140.28175354003906,6.106226635438361e-15,,,,,,,,
138 kV Calabaza – km 15 de Azua_b,0,SUR MEDIO,SUR,SUR 138 kV,\VM-PF.IntUser\PDD 31-12-2024.IntPrj\Network Model.IntPrjfolder\Network Data.IntPrjfolder\SUR 138 kV.ElmNet\138 kV Calabaza – km 15 de Azua_b.ElmLne,3,ZKQAZE,\VM-PF.IntUser\PDD 31-12-2024.IntPrj\Network Model.IntPrjfolder\Network Data.IntPrjfolder\SUR 138 kV.ElmNet\km 15 de Azua.ElmSite\ZKQAZE.ElmSubstat\3.ElmTerm,Tap 1 Calabaza,,\VM-PF.IntUser\PDD 31-12-2024.IntPrj\Network Model.IntPrjfolder\Network Data.IntPrjfolder\SUR 138 kV.ElmNet\Tap 1 Calabaza.ElmTerm,,,55.0,1,1.3259999752044678,3.205118417739868,18.187536239624023,19.695049285888672,75.2732925415039,276.8409729003906,140.28175354003906,-7.632783294297951e-15,,,,,,,,
138 kV Palomino – San Juan 2_b,0,SUR MEDIO,SUR,SUR 138 kV,\VM-PF.IntUser\PDD 31-12-2024.IntPrj\Network Model.IntPrjfolder\Network Data.IntPrjfolder\SUR 138 kV.ElmNet\138 kV Palomino – San Juan 2_b.ElmLne,Tap 1 Palomino,,\VM-PF.IntUser\PDD 31-12-2024.IntPrj\Network Model.IntPrjfolder\Network Data.IntPrjfolder\SUR 138 kV.ElmNet\Tap 1 Palomino.ElmTerm,1,ZSJU2E,\VM-PF.IntUser\PDD 31-12-2024.IntPrj\Network Model.IntPrjfolder\Network Data.IntPrjfolder\SUR 138 kV.ElmNet\San Juan 2.ElmSite\ZSJU2E.ElmSubstat\1.ElmTerm,,,15.0,1,0.6629999876022339,1.7431668043136597,7.279976844787598,6.163586139678955,22.41262435913086,51.615562438964844,31.00476837158203,-1.8735013540549517e-15,,,,,,,,
138 kV km 15 de Azua – San Juan 2_b,0,SUR MEDIO,SUR,SUR 138 kV,\VM-PF.IntUser\PDD 31-12-2024.IntPrj\Network Model.IntPrjfolder\Network Data.IntPrjfolder\SUR 138 kV.ElmNet\138 kV km 15 de Azua – San Juan 2_b.ElmLne,Tap San Juan 2,,\VM-PF.IntUser\PDD 31-12-2024.IntPrj\Network Model.IntPrjfolder\Network Data.IntPrjfolder\SUR 138 kV.ElmNet\Tap San Juan 2.ElmTerm,2,ZSJU2E,\VM-PF.IntUser\PDD 31-12-2024.IntPrj\Network Model.IntPrjfolder\Network Data.IntPrjfolder\SUR 138 kV.ElmNet\San Juan 2.ElmSite\ZSJU2E.ElmSubstat\2.ElmTerm,,,15.0,1,0.6629999876022339,1.7428714036941528,7.280154705047607,6.1504106521606445,22.424087524414062,51.60853958129883,30.970130920410156,6.245004513516506e-16,,,,,,,,
138 kV km 15 de Azua – Matafongo_b,0,SUR CERCANO,SUR,SUR 138 kV,\VM-PF.IntUser\PDD 31-12-2024.IntPrj\Network Model.IntPrjfolder\Network Data.IntPrjfolder\SUR 138 kV.ElmNet\138 kV km 15 de Azua – Matafongo_b.ElmLne,Tap 2 Matafongo,,\VM-PF.IntUser\PDD 31-12-2024.IntPrj\Network Model.IntPrjfolder\Network Data.IntPrjfolder\SUR 138 kV.ElmNet\Tap 2 Matafongo.ElmTerm,2,ZMTFNE,\VM-PF.IntUser\PDD 31-12-2024.IntPrj\Network Model.IntPrjfolder\Network Data.IntPrjfolder\SUR 138 kV.ElmNet\Matafongo.ElmSite\ZMTFNE.ElmSubstat\2.ElmTerm,,,10.539999961853027,1,0.6629999876022339,1.2260947227478027,5.001646041870117,4.544219970703125,15.804447174072266,37.12714385986328,21.656118392944336,1.608990752319326e-15,,,,,,,,
138 kV Matafongo – Pizarrete_a,0,SUR CERCANO,SUR,SUR 138 kV,\VM-PF.IntUser\PDD 31-12-2024.IntPrj\Network Model.IntPrjfolder\Network Data.IntPrjfolder\SUR 138 kV.ElmNet\138 kV Matafongo – Pizarrete_a.ElmLne,Tap 1 Matafongo,,\VM-PF.IntUser\PDD 31-12-2024.IntPrj\Network Model.IntPrjfolder\Network Data.IntPrjfolder\SUR 138 kV.ElmNet\Tap 1 Matafongo.ElmTerm,1,ZMTFNE,\VM-PF.IntUser\PDD 31-12-2024.IntPrj\Network Model.IntPrjfolder\Network Data.IntPrjfolder\SUR 138 kV.ElmNet\Matafongo.ElmSite\ZMTFNE.ElmSubstat\1.ElmTerm,,,10.539999961853027,1,0.6629999876022339,1.2260947227478027,5.001646041870117,4.544219970703125,15.804447174072266,37.12714385986328,21.656118392944336,-1.4627188296496878e-16,,,,,,,,
138 kV Kilómetro 15 de Azua – Palomino_a,0,SUR MEDIO,SUR,SUR 138 kV,\VM-PF.IntUser\PDD 31-12-2024.IntPrj\Network Model.IntPrjfolder\Network Data.IntPrjfolder\SUR 138 kV.ElmNet\138 kV Kilómetro 15 de Azua – Palomino_a.ElmLne,Tap 2 Palomino,,\VM-PF.IntUser\PDD 31-12-2024.IntPrj\Network Model.IntPrjfolder\Network Data.IntPrjfolder\SUR 138 kV.ElmNet\Tap 2 Palomino.ElmTerm,10,ZKQAZE,\VM-PF.IntUser\PDD 31-12-2024.IntPrj\Network Model.IntPrjfolder\Network Data.IntPrjfolder\SUR 138 kV.ElmNet\km 15 de Azua.ElmSite\ZKQAZE.ElmSubstat\10.ElmTerm,,,42.65999984741211,1,0.6629999876022339,4.957566261291504,20.704254150390625,17.529237747192383,63.74150466918945,146.79466247558594,88.17755889892578,-5.3282378848136004e-15,,,,,,,,
34.5 kV Larimar 1 – Los Cocos 1,0,SUR PROFUNDO,SUR,SUR 138 kV,\VM-PF.IntUser\PDD 31-12-2024.IntPrj\Network Model.IntPrjfolder\Network Data.IntPrjfolder\SUR 138 kV.ElmNet\34.5 kV Larimar 1 – Los Cocos 1.ElmLne,L5,ZLCOCK,\VM-PF.IntUser\PDD 31-12-2024.IntPrj\Network Model.IntPrjfolder\Network Data.IntPrjfolder\SUR 138 kV.ElmNet\Los Cocos.ElmSite\ZLCOCK.ElmSubstat\L5.ElmTerm,L1,ZLARIK,\VM-PF.IntUser\PDD 31-12-2024.IntPrj\Network Model.IntPrjfolder\Network Data.IntPrjfolder\SUR 138 kV.ElmNet\Los Cocos.ElmSite\ZLARIK.ElmSubstat\L1.ElmTerm,,,3.0,1,1.1799999475479126,0.21601268649101257,1.2543033361434937,1.0616356134414673,4.113162517547607,11.842500686645508,7.086711883544922,1.249000902703301e-16,,,,,,,,
34.5 kV Larimar 2 – Los Cocos 2,0,SUR PROFUNDO,SUR,SUR 138 kV,\VM-PF.IntUser\PDD 31-12-2024.IntPrj\Network Model.IntPrjfolder\Network Data.IntPrjfolder\SUR 138 kV.ElmNet\34.5 kV Larimar 2 – Los Cocos 2.ElmLne,R1,ZLCOCK,\VM-PF.IntUser\PDD 31-12-2024.IntPrj\Network Model.IntPrjfolder\Network Data.IntPrjfolder\SUR 138 kV.ElmNet\Los Cocos.ElmSite\ZLCOCK.ElmSubstat\R1.ElmTerm,R4,ZLARIK,\VM-PF.IntUser\PDD 31-12-2024.IntPrj\Network Model.IntPrjfolder\Network Data.IntPrjfolder\SUR 138 kV.ElmNet\Los Cocos.ElmSite\ZLARIK.ElmSubstat\R4.ElmTerm,,,3.0,1,1.1799999475479126,0.21601268649101257,1.2543033361434937,1.0616356134414673,4.113162517547607,11.842500686645508,7.086711883544922,4.163336342344337e-16,,,,,,,,
138 kV SCN – Valdesia L2_a,0,SUR CERCANO,SUR,SUR 138 kV,\VM-PF.IntUser\PDD 31-12-2024.IntPrj\Network Model.IntPrjfolder\Network Data.IntPrjfolder\SUR 138 kV.ElmNet\138 kV SCN – Valdesia L2_a.ElmLne,Tap 1 Valdesia,,\VM-PF.IntUser\PDD 31-12-2024.IntPrj\Network Model.IntPrjfolder\Network Data.IntPrjfolder\SUR 138 kV.ElmNet\Tap 1 Valdesia.ElmTerm,4,ZSCNOE,\VM-PF.IntUser\PDD 31-12-2024.IntPrj\Network Model.IntPrjfolder\Network Data.IntPrjfolder\SUR 138 kV.ElmNet\ZSCNOE.ElmSubstat\4.ElmTerm,,,0.05000000074505806,1,0.5680000185966492,0.006530994549393654,0.024155138060450554,0.02152184210717678,0.07605127990245819,0.17279137670993805,0.10060074925422668,4.8572256500169986e-18,,,,,,,,
138 kV Itabo TG – Julio Sauri L1,0,SUR CERCANO,SUR,SUR 138 kV,\VM-PF.IntUser\PDD 31-12-2024.IntPrj\Network Model.IntPrjfolder\Network Data.IntPrjfolder\SUR 138 kV.ElmNet\138 kV Itabo TG – Julio Sauri L1.ElmLne,E3,ZJSAUD,\VM-PF.IntUser\PDD 31-12-2024.IntPrj\Network Model.IntPrjfolder\Network Data.IntPrjfolder\Expansión 345 kV.ElmNet\Julio Sauri.ElmSite\ZJSAUD.ElmSubstat\E3.ElmTerm,4,ZITAGE,\VM-PF.IntUser\PDD 31-12-2024.IntPrj\Network Model.IntPrjfolder\Network Data.IntPrjfolder\SUR 138 kV.ElmNet\Itabo TG.ElmSite\ZITAGE.ElmSubstat\4.ElmTerm,,,18.600000381469727,1,1.3259999752044678,1.0836833715438843,6.1508331298828125,6.649308681488037,25.46570587158203,93.56721496582031,46.74481964111328,-5.162537064506978e-15,,,,,,,,
138 kV Itabo TG – Julio Sauri L2,0,SUR CERCANO,SUR,SUR 138 kV,\VM-PF.IntUser\PDD 31-12-2024.IntPrj\Network Model.IntPrjfolder\Network Data.IntPrjfolder\SUR 138 kV.ElmNet\138 kV Itabo TG – Julio Sauri L2.ElmLne,E4,ZJSAUD,\VM-PF.IntUser\PDD 31-12-2024.IntPrj\Network Model.IntPrjfolder\Network Data.IntPrjfolder\Expansión 345 kV.ElmNet\Julio Sauri.ElmSite\ZJSAUD.ElmSubstat\E4.ElmTerm,3,ZITAGE,\VM-PF.IntUser\PDD 31-12-2024.IntPrj\Network Model.IntPrjfolder\Network Data.IntPrjfolder\SUR 138 kV.ElmNet\Itabo TG.ElmSite\ZITAGE.ElmSubstat\3.ElmTerm,,,18.600000381469727,1,1.3259999752044678,1.0836833715438843,6.1508331298828125,6.649308681488037,25.46570587158203,93.56721496582031,46.74481964111328,0.0,,,,,,,,
138 kV Julio Sauri – Paraíso,0,SUR CERCANO,SUR,SUR 138 kV,\VM-PF.IntUser\PDD 31-12-2024.IntPrj\Network Model.IntPrjfolder\Network Data.IntPrjfolder\SUR 138 kV.ElmNet\138 kV Julio Sauri – Paraíso.ElmLne,E9,ZJSAUD,\VM-PF.IntUser\PDD 31-12-2024.IntPrj\Network Model.IntPrjfolder\Network Data.IntPrjfolder\Expansión 345 kV.ElmNet\Julio Sauri.ElmSite\ZJSAUD.ElmSubstat\E9.ElmTerm,1,ZPARAE,\VM-PF.IntUser\PDD 31-12-2024.IntPrj\Network Model.IntPrjfolder\Network Data.IntPrjfolder\CENTRAL 138 kV.ElmNet\ZPARAE.ElmSubstat\1.ElmTerm,T.ACERO S1/1C/138/2xF - 559.5 AAAC,TypTow,18.899999618530273,1,1.3259999752044678,1.0976649522781372,6.682407379150391,6.901580810546875,24.898473739624023,87.75206756591797,40.92478561401367,2.6229018956769323e-15,,1.0,,,,,,
138 kV km 15 de Azua – Punta Catalina_d,0,SUR CERCANO,SUR,SUR 138 kV,\VM-PF.IntUser\PDD 31-12-2024.IntPrj\Network Model.IntPrjfolder\Network Data.IntPrjfolder\SUR 138 kV.ElmNet\138 kV km 15 de Azua – Punta Catalina_d.ElmLne,Tap 3 Calabaza,,\VM-PF.IntUser\PDD 31-12-2024.IntPrj\Network Model.IntPrjfolder\Network Data.IntPrjfolder\SUR 138 kV.ElmNet\Tap 3 Calabaza.ElmTerm,Tap 1 Punta Catalina,,\VM-PF.IntUser\PDD 31-12-2024.IntPrj\Network Model.IntPrjfolder\Network Data.IntPrjfolder\SUR 138 kV.ElmNet\Tap 1 Punta Catalina.ElmTerm,,,21.400001525878906,1,1.3259999752044678,1.2470824718475342,7.076605796813965,7.663165092468262,29.28815460205078,107.71631622314453,54.58236312866211,2.3758774421044244e-15,,,,,,,,
138 kV Matafongo – Pizarrete_c,0,SUR CERCANO,SUR,SUR 138 kV,\VM-PF.IntUser\PDD 31-12-2024.IntPrj\Network Model.IntPrjfolder\Network Data.IntPrjfolder\SUR 138 kV.ElmNet\138 kV Matafongo – Pizarrete_c.ElmLne,Tap 1 Pizarrete,,\VM-PF.IntUser\PDD 31-12-2024.IntPrj\Network Model.IntPrjfolder\Network Data.IntPrjfolder\SUR 138 kV.ElmNet\Tap 1 Pizarrete.ElmTerm,3,ZPIZAE,\VM-PF.IntUser\PDD 31-12-2024.IntPrj\Network Model.IntPrjfolder\Network Data.IntPrjfolder\SUR 138 kV.ElmNet\Pizarrete.ElmSite\ZPIZAE.ElmSubstat\3.ElmTerm,,,30.0,1,0.5680000185966492,3.9185965061187744,14.493082046508789,12.913105010986328,45.630767822265625,103.67481994628906,60.36044692993164,-1.6653345369377348e-15,,,,,,,,
138 kV Bayasol – Pizarrete_b,0,SUR CERCANO,SUR,SUR 138 kV,\VM-PF.IntUser\PDD 31-12-2024.IntPrj\Network Model.IntPrjfolder\Network Data.IntPrjfolder\SUR 138 kV.ElmNet\138 kV Bayasol – Pizarrete_b.ElmLne,Tap 1 Bayasol,,\VM-PF.IntUser\PDD 31-12-2024.IntPrj\Network Model.IntPrjfolder\Network Data.IntPrjfolder\SUR 138 kV.ElmNet\Tap 1 Bayasol.ElmTerm,4,ZPIZAE,\VM-PF.IntUser\PDD 31-12-2024.IntPrj\Network Model.IntPrjfolder\Network Data.IntPrjfolder\SUR 138 kV.ElmNet\Pizarrete.ElmSite\ZPIZAE.ElmSubstat\4.ElmTerm,,,30.0,1,0.5680000185966492,3.9185965061187744,14.493082046508789,12.913105010986328,45.630767822265625,103.67481994628906,60.36044692993164,2.914335439641036e-15,,,,,,,,
138 kV Calabaza – Pizarrete_c,0,SUR CERCANO,SUR,SUR 138 kV,\VM-PF.IntUser\PDD 31-12-2024.IntPrj\Network Model.IntPrjfolder\Network Data.IntPrjfolder\SUR 138 kV.ElmNet\138 kV Calabaza – Pizarrete_c.ElmLne,Tap 3 Punta Catalina,,\VM-PF.IntUser\PDD 31-12-2024.IntPrj\Network Model.IntPrjfolder\Network Data.IntPrjfolder\SUR 138 kV.ElmNet\Tap 3 Punta Catalina.ElmTerm,5,ZPIZAE,\VM-PF.IntUser\PDD 31-12-2024.IntPrj\Network Model.IntPrjfolder\Network Data.IntPrjfolder\SUR 138 kV.ElmNet\Pizarrete.ElmSite\ZPIZAE.ElmSubstat\5.ElmTerm,,,0.20000000298023224,1,1.3259999752044678,0.011654975824058056,0.06613650172948837,0.07161836326122284,0.2737210690975189,1.0066944360733032,0.5101155042648315,-2.7755575615628914e-17,,,,,,,,
138 kV Bayasol – km 15 de Azua_a,0,SUR CERCANO,SUR,SUR 138 kV,\VM-PF.IntUser\PDD 31-12-2024.IntPrj\Network Model.IntPrjfolder\Network Data.IntPrjfolder\SUR 138 kV.ElmNet\138 kV Bayasol – km 15 de Azua_a.ElmLne,Tap 2 Bayasol,,\VM-PF.IntUser\PDD 31-12-2024.IntPrj\Network Model.IntPrjfolder\Network Data.IntPrjfolder\SUR 138 kV.ElmNet\Tap 2 Bayasol.ElmTerm,1,ZBAYAE,\VM-PF.IntUser\PDD 31-12-2024.IntPrj\Network Model.IntPrjfolder\Network Data.IntPrjfolder\SUR 138 kV.ElmNet\Bayasol.ElmSite\ZBAYAE.ElmSubstat\1.ElmTerm,,,0.10000000149011612,1,0.6629999876022339,0.011632777750492096,0.047453947365283966,0.04311404004693031,0.14994731545448303,0.35224995017051697,0.20546601712703705,1.5265566919468147e-17,,,,,,,,
138 kV Bayasol – Pizarrete_a,0,SUR CERCANO,SUR,SUR 138 kV,\VM-PF.IntUser\PDD 31-12-2024.IntPrj\Network Model.IntPrjfolder\Network Data.IntPrjfolder\SUR 138 kV.ElmNet\138 kV Bayasol – Pizarrete_a.ElmLne,Tap 1 Bayasol,,\VM-PF.IntUser\PDD 31-12-2024.IntPrj\Network Model.IntPrjfolder\Network Data.IntPrjfolder\SUR 138 kV.ElmNet\Tap 1 Bayasol.ElmTerm,3,ZBAYAE,\VM-PF.IntUser\PDD 31-12-2024.IntPrj\Network Model.IntPrjfolder\Network Data.IntPrjfolder\SUR 138 kV.ElmNet\Bayasol.ElmSite\ZBAYAE.ElmSubstat\3.ElmTerm,,,0.10000000149011612,1,0.6629999876022339,0.011632777750492096,0.047453947365283966,0.04311404004693031,0.14994731545448303,0.35224995017051697,0.20546601712703705,-1.387778801460961e-18,,,,,,,,
138 kV Santanasol – Pizarrete_b,0,SUR CERCANO,SUR,SUR 138 kV,\VM-PF.IntUser\PDD 31-12-2024.IntPrj\Network Model.IntPrjfolder\Network Data.IntPrjfolder\SUR 138 kV.ElmNet\138 kV Santanasol – Pizarrete_b.ElmLne,9,ZPIZAE,\VM-PF.IntUser\PDD 31-12-2024.IntPrj\Network Model.IntPrjfolder\Network Data.IntPrjfolder\SUR 138 kV.ElmNet\Pizarrete.ElmSite\ZPIZAE.ElmSubstat\9.ElmTerm,Tap 1 Santanasol,,\VM-PF.IntUser\PDD 31-12-2024.IntPrj\Network Model.IntPrjfolder\Network Data.IntPrjfolder\SUR 138 kV.ElmNet\Tap 1 Santanasol.ElmTerm,,,1.0882099866867065,1,1.3259999752044678,0.06340188533067703,0.3598600924015045,0.38902387022972107,1.4898943901062012,5.4742350578308105,2.7348482608795166,0.0,,,,,,,,
138 kV Girasol – Pizarrete_b,0,SUR CERCANO,SUR,SUR 138 kV,\VM-PF.IntUser\PDD 31-12-2024.IntPrj\Network Model.IntPrjfolder\Network Data.IntPrjfolder\SUR 138 kV.ElmNet\138 kV Girasol – Pizarrete_b.ElmLne,Tap 2 Santanasol,,\VM-PF.IntUser\PDD 31-12-2024.IntPrj\Network Model.IntPrjfolder\Network Data.IntPrjfolder\SUR 138 kV.ElmNet\Tap 2 Santanasol.ElmTerm,10,ZPIZAE,\VM-PF.IntUser\PDD 31-12-2024.IntPrj\Network Model.IntPrjfolder\Network Data.IntPrjfolder\SUR 138 kV.ElmNet\Pizarrete.ElmSite\ZPIZAE.ElmSubstat\10.ElmTerm,,,1.0882099866867065,1,1.3259999752044678,0.06340188533067703,0.3598600924015045,0.38902387022972107,1.4898943901062012,5.4742350578308105,2.7348482608795166,-3.0203895232909907e-16,,,,,,,,
138 kV Palenque – Punta Catalina_c,0,SUR CERCANO,SUR,SUR 138 kV,\VM-PF.IntUser\PDD 31-12-2024.IntPrj\Network Model.IntPrjfolder\Network Data.IntPrjfolder\SUR 138 kV.ElmNet\138 kV Palenque – Punta Catalina_c.ElmLne,Tap 2 Punta Catalina,,\VM-PF.IntUser\PDD 31-12-2024.IntPrj\Network Model.IntPrjfolder\Network Data.IntPrjfolder\SUR 138 kV.ElmNet\Tap 2 Punta Catalina.ElmTerm,Tap 2 Pizarrete,,\VM-PF.IntUser\PDD 31-12-2024.IntPrj\Network Model.IntPrjfolder\Network Data.IntPrjfolder\SUR 138 kV.ElmNet\Tap 2 Pizarrete.ElmTerm,,,0.20000000298023224,1,1.3259999752044678,0.011654975824058056,0.06613650172948837,0.07161836326122284,0.2737210690975189,1.0066944360733032,0.5101155042648315,2.2204460823375376e-17,,,,,,,,
138 kV Girasol – Pizarrete_a,0,SUR CERCANO,SUR,SUR 138 kV,\VM-PF.IntUser\PDD 31-12-2024.IntPrj\Network Model.IntPrjfolder\Network Data.IntPrjfolder\SUR 138 kV.ElmNet\138 kV Girasol – Pizarrete_a.ElmLne,Tap 2 Santanasol,,\VM-PF.IntUser\PDD 31-12-2024.IntPrj\Network Model.IntPrjfolder\Network Data.IntPrjfolder\SUR 138 kV.ElmNet\Tap 2 Santanasol.ElmTerm,R3,ZGIRAE,\VM-PF.IntUser\PDD 31-12-2024.IntPrj\Network Model.IntPrjfolder\Network Data.IntPrjfolder\SUR 138 kV.ElmNet\Girasol.ElmSite\ZGIRAE.ElmSubstat\R3.ElmTerm,,,7.634779930114746,1,1.3259999752044678,0.4448217451572418,2.524744987487793,2.7293553352355957,10.452960014343262,38.40672302246094,19.187440872192383,0.0,,,,,,,,
138 kV Girasol – Santanasol_b,0,SUR CERCANO,SUR,SUR 138 kV,\VM-PF.IntUser\PDD 31-12-2024.IntPrj\Network Model.IntPrjfolder\Network Data.IntPrjfolder\SUR 138 kV.ElmNet\138 kV Girasol – Santanasol_b.ElmLne,Tap 3 Santanasol,,\VM-PF.IntUser\PDD 31-12-2024.IntPrj\Network Model.IntPrjfolder\Network Data.IntPrjfolder\SUR 138 kV.ElmNet\Tap 3 Santanasol.ElmTerm,L3,ZGIRAE,\VM-PF.IntUser\PDD 31-12-2024.IntPrj\Network Model.IntPrjfolder\Network Data.IntPrjfolder\SUR 138 kV.ElmNet\Girasol.ElmSite\ZGIRAE.ElmSubstat\L3.ElmTerm,,,7.634779930114746,1,1.3259999752044678,0.4448217451572418,2.524744987487793,2.7293553352355957,10.452960014343262,38.40672302246094,19.187440872192383,-2.119077169529418e-15,,,,,,,,
138 kV Santanasol – Pizarrete_a,0,SUR CERCANO,SUR,SUR 138 kV,\VM-PF.IntUser\PDD 31-12-2024.IntPrj\Network Model.IntPrjfolder\Network Data.IntPrjfolder\SUR 138 kV.ElmNet\138 kV Santanasol – Pizarrete_a.ElmLne,Tap 1 Santanasol,,\VM-PF.IntUser\PDD 31-12-2024.IntPrj\Network Model.IntPrjfolder\Network Data.IntPrjfolder\SUR 138 kV.ElmNet\Tap 1 Santanasol.ElmTerm,L1,ZSANTE,\VM-PF.IntUser\PDD 31-12-2024.IntPrj\Network Model.IntPrjfolder\Network Data.IntPrjfolder\SUR 138 kV.ElmNet\Santanasol.ElmSite\ZSANTE.ElmSubstat\L1.ElmTerm,,,0.07999999821186066,1,1.3259999752044678,0.004661003593355417,0.026455195620656013,0.028599176555871964,0.10952991247177124,0.40243959426879883,0.2010529786348343,0.0,,,,,,,,
138 kV Girasol – Santanasol_a,0,SUR CERCANO,SUR,SUR 138 kV,\VM-PF.IntUser\PDD 31-12-2024.IntPrj\Network Model.IntPrjfolder\Network Data.IntPrjfolder\SUR 138 kV.ElmNet\138 kV Girasol – Santanasol_a.ElmLne,Tap 3 Santanasol,,\VM-PF.IntUser\PDD 31-12-2024.IntPrj\Network Model.IntPrjfolder\Network Data.IntPrjfolder\SUR 138 kV.ElmNet\Tap 3 Santanasol.ElmTerm,R1,ZSANTE,\VM-PF.IntUser\PDD 31-12-2024.IntPrj\Network Model.IntPrjfolder\Network Data.IntPrjfolder\SUR 138 kV.ElmNet\Santanasol.ElmSite\ZSANTE.ElmSubstat\R1.ElmTerm,,,0.07999999821186066,1,1.3259999752044678,0.004661003593355417,0.026455195620656013,0.028599176555871964,0.10952991247177124,0.40243959426879883,0.2010529786348343,-2.220445916901415e-17,,,,,,,,
138 kV km 15 de Azua –Powership KPS26 _b,0,SUR MEDIO,SUR,SUR 138 kV,\VM-PF.IntUser\PDD 31-12-2024.IntPrj\Network Model.IntPrjfolder\Network Data.IntPrjfolder\SUR 138 kV.ElmNet\138 kV km 15 de Azua –Powership KPS26 _b.ElmLne,1,ZPAK2E,\VM-PF.IntUser\PDD 31-12-2024.IntPrj\Network Model.IntPrjfolder\Network Data.IntPrjfolder\SUR 138 kV.ElmNet\POWERSHIP AZUA KPS 26.ElmSite\ZPAK2E.ElmSubstat\1.ElmTerm,Tap 1 POWERSHIP AZUA,,\VM-PF.IntUser\PDD 31-12-2024.IntPrj\Network Model.IntPrjfolder\Network Data.IntPrjfolder\SUR 138 kV.ElmNet\Tap 1 POWERSHIP AZUA.ElmTerm,,,1.2799999713897705,1,1.3259999752044678,0.07446878403425217,0.42267540097236633,0.3082214295864105,1.485581398010254,6.4402174949646,3.2237393856048584,-1.776356733521132e-16,,,,,,,,
138 kV Monte Río–Powership Azua KPS26_b,1,SUR MEDIO,SUR,SUR 138 kV,\VM-PF.IntUser\PDD 31-12-2024.IntPrj\Network Model.IntPrjfolder\Network Data.IntPrjfolder\SUR 138 kV.ElmNet\138 kV Monte Río–Powership Azua KPS26_b.ElmLne,2,ZPAK2E,\VM-PF.IntUser\PDD 31-12-2024.IntPrj\Network Model.IntPrjfolder\Network Data.IntPrjfolder\SUR 138 kV.ElmNet\POWERSHIP AZUA KPS 26.ElmSite\ZPAK2E.ElmSubstat\2.ElmTerm,Tap 3 POWERSHIP AZUA,,\VM-PF.IntUser\PDD 31-12-2024.IntPrj\Network Model.IntPrjfolder\Network Data.IntPrjfolder\SUR 138 kV.ElmNet\Tap 3 POWERSHIP AZUA.ElmTerm,,,1.2799999713897705,1,1.3259999752044678,0.07446878403425217,0.42267540097236633,0.3082214295864105,1.485581398010254,6.4402174949646,3.2237393856048584,1.0658140798173486e-16,,,,,,,,
138 kV Calabaza – km 15 de Azua_a,0,SUR CERCANO,SUR,SUR 138 kV,\VM-PF.IntUser\PDD 31-12-2024.IntPrj\Network Model.IntPrjfolder\Network Data.IntPrjfolder\SUR 138 kV.ElmNet\138 kV Calabaza – km 15 de Azua_a.ElmLne,L2,ZCALAE,\VM-PF.IntUser\PDD 31-12-2024.IntPrj\Network Model.IntPrjfolder\Network Data.IntPrjfolder\SUR 138 kV.ElmNet\Calabaza.ElmSite\ZCALAE.ElmSubstat\L2.ElmTerm,Tap 1 Calabaza,,\VM-PF.IntUser\PDD 31-12-2024.IntPrj\Network Model.IntPrjfolder\Network Data.IntPrjfolder\SUR 138 kV.ElmNet\Tap 1 Calabaza.ElmTerm,,,0.13600000739097595,1,1.3259999752044678,0.007912308908998966,0.044909264892339706,0.03274853155016899,0.15784303843975067,0.6842731833457947,0.34252235293388367,-1.8873793271512233e-17,,,,,,,,
138 kV Calabaza – Pizarrete_a,0,SUR CERCANO,SUR,SUR 138 kV,\VM-PF.IntUser\PDD 31-12-2024.IntPrj\Network Model.IntPrjfolder\Network Data.IntPrjfolder\SUR 138 kV.ElmNet\138 kV Calabaza – Pizarrete_a.ElmLne,R1,ZCALAE,\VM-PF.IntUser\PDD 31-12-2024.IntPrj\Network Model.IntPrjfolder\Network Data.IntPrjfolder\SUR 138 kV.ElmNet\Calabaza.ElmSite\ZCALAE.ElmSubstat\R1.ElmTerm,Tap 2 Calabaza,,\VM-PF.IntUser\PDD 31-12-2024.IntPrj\Network Model.IntPrjfolder\Network Data.IntPrjfolder\SUR 138 kV.ElmNet\Tap 2 Calabaza.ElmTerm,,,0.13600000739097595,1,1.3259999752044678,0.007912308908998966,0.044909264892339706,0.03274853155016899,0.15784303843975067,0.6842731833457947,0.34252235293388367,1.1324275466598972e-17,,,,,,,,
138 kV Calabaza – Pizarrete_b,0,SUR CERCANO,SUR,SUR 138 kV,\VM-PF.IntUser\PDD 31-12-2024.IntPrj\Network Model.IntPrjfolder\Network Data.IntPrjfolder\SUR 138 kV.ElmNet\138 kV Calabaza – Pizarrete_b.ElmLne,Tap 2 Calabaza,,\VM-PF.IntUser\PDD 31-12-2024.IntPrj\Network Model.IntPrjfolder\Network Data.IntPrjfolder\SUR 138 kV.ElmNet\Tap 2 Calabaza.ElmTerm,Tap 3 Punta Catalina,,\VM-PF.IntUser\PDD 31-12-2024.IntPrj\Network Model.IntPrjfolder\Network Data.IntPrjfolder\SUR 138 kV.ElmNet\Tap 3 Punta Catalina.ElmTerm,T.ACERO S1(2)/1C/138/2xF/559 AAAC,TypTow,21.399999618530273,1,1.3259999752044678,1.2502473592758179,7.074694633483887,7.987237453460693,29.008275985717773,107.58061981201172,44.96272277832031,1.1879386151730938e-15,,1.0,,,,,,
138 kV Powership KPS26 – Powership KPS60,0,SUR MEDIO,SUR,SUR 138 kV,\VM-PF.IntUser\PDD 31-12-2024.IntPrj\Network Model.IntPrjfolder\Network Data.IntPrjfolder\SUR 138 kV.ElmNet\138 kV Powership KPS26 – Powership KPS60.ElmLne,2,ZPAK6E,\VM-PF.IntUser\PDD 31-12-2024.IntPrj\Network Model.IntPrjfolder\Network Data.IntPrjfolder\SUR 138 kV.ElmNet\POWERSHIP AZUA KPS 60.ElmSite\ZPAK6E.ElmSubstat\2.ElmTerm,4,ZPAK2E,\VM-PF.IntUser\PDD 31-12-2024.IntPrj\Network Model.IntPrjfolder\Network Data.IntPrjfolder\SUR 138 kV.ElmNet\POWERSHIP AZUA KPS 26.ElmSite\ZPAK2E.ElmSubstat\4.ElmTerm,T.ACERO S1/1C/138/1xF/605 AAAC,TypTow,0.014999999664723873,1,0.8450000286102295,0.0013873449061065912,0.006624624598771334,0.003973496612161398,0.02508431486785412,0.05569860339164734,0.027938177809119225,1.4571676743255843e-18,,1.0,,,,,,
138 kV km 15 de Azua –Powership KPS26 _a,0,SUR MEDIO,SUR,SUR 138 kV,\VM-PF.IntUser\PDD 31-12-2024.IntPrj\Network Model.IntPrjfolder\Network Data.IntPrjfolder\SUR 138 kV.ElmNet\138 kV km 15 de Azua –Powership KPS26 _a.ElmLne,12,ZKQAZE,\VM-PF.IntUser\PDD 31-12-2024.IntPrj\Network Model.IntPrjfolder\Network Data.IntPrjfolder\SUR 138 kV.ElmNet\km 15 de Azua.ElmSite\ZKQAZE.ElmSubstat\12.ElmTerm,Tap 1 POWERSHIP AZUA,,\VM-PF.IntUser\PDD 31-12-2024.IntPrj\Network Model.IntPrjfolder\Network Data.IntPrjfolder\SUR 138 kV.ElmNet\Tap 1 POWERSHIP AZUA.ElmTerm,,,14.0,1,1.3259999752044678,0.8145023584365845,4.623012065887451,3.3711719512939453,16.248546600341797,70.43988037109375,35.25965118408203,-1.942890293094024e-15,,,,,,,,
138 kV Monte Río–Powership Azua KPS26_a,1,SUR MEDIO,SUR,SUR 138 kV,\VM-PF.IntUser\PDD 31-12-2024.IntPrj\Network Model.IntPrjfolder\Network Data.IntPrjfolder\SUR 138 kV.ElmNet\138 kV Monte Río–Powership Azua KPS26_a.ElmLne,Tap 3 POWERSHIP AZUA,,\VM-PF.IntUser\PDD 31-12-2024.IntPrj\Network Model.IntPrjfolder\Network Data.IntPrjfolder\SUR 138 kV.ElmNet\Tap 3 POWERSHIP AZUA.ElmTerm,1,ZMRIOE,\VM-PF.IntUser\PDD 31-12-2024.IntPrj\Network Model.IntPrjfolder\Network Data.IntPrjfolder\SUR 138 kV.ElmNet\Monte Río.ElmSite\ZMRIOE.ElmSubstat\1.ElmTerm,,,0.30000001192092896,1,1.3259999752044678,0.017453622072935104,0.09906455129384995,0.07223940640687943,0.34818315505981445,1.5094261169433594,0.7555639743804932,2.4980019046682757e-17,,,,,,,,
138 kV km 15 de Azua – Monte Río_b,0,SUR MEDIO,SUR,SUR 138 kV,\VM-PF.IntUser\PDD 31-12-2024.IntPrj\Network Model.IntPrjfolder\Network Data.IntPrjfolder\SUR 138 kV.ElmNet\138 kV km 15 de Azua – Monte Río_b.ElmLne,Tap 2 POWERSHIP AZUA,,\VM-PF.IntUser\PDD 31-12-2024.IntPrj\Network Model.IntPrjfolder\Network Data.IntPrjfolder\SUR 138 kV.ElmNet\Tap 2 POWERSHIP AZUA.ElmTerm,5(1),ZMRIOE,\VM-PF.IntUser\PDD 31-12-2024.IntPrj\Network Model.IntPrjfolder\Network Data.IntPrjfolder\SUR 138 kV.ElmNet\Monte Río.ElmSite\ZMRIOE.ElmSubstat\5(1).ElmTerm,,,0.30000001192092896,1,1.3259999752044678,0.017453622072935104,0.09906455129384995,0.07223940640687943,0.34818315505981445,1.5094261169433594,0.7555639743804932,-4.163336342344337e-17,,,,,,,,
138 kV Palamara – SCN L2_b(1),0,SUR CERCANO,SUR,SUR 138 kV,\VM-PF.IntUser\PDD 31-12-2024.IntPrj\Network Model.IntPrjfolder\Network Data.IntPrjfolder\SUR 138 kV.ElmNet\138 kV Palamara – SCN L2_b(1).ElmLne,Tap 4 SCN,,\VM-PF.IntUser\PDD 31-12-2024.IntPrj\Network Model.IntPrjfolder\Network Data.IntPrjfolder\SUR 138 kV.ElmNet\Tap 4 SCN.ElmTerm,5(1),ZSCNOE,\VM-PF.IntUser\PDD 31-12-2024.IntPrj\Network Model.IntPrjfolder\Network Data.IntPrjfolder\SUR 138 kV.ElmNet\ZSCNOE.ElmSubstat\5(1).ElmTerm,,,0.05000000074505806,1,0.5680000185966492,0.006530994549393654,0.024155138060450554,0.02152184210717678,0.07605127990245819,0.17279137670993805,0.10060074925422668,4.8572256500169986e-18,,,,,,,,
138 kV Boca Chica – SPM 2_b,0,SANTO DOMINGO,CENTRAL,CENTRAL 138 kV,\VM-PF.IntUser\PDD 31-12-2024.IntPrj\Network Model.IntPrjfolder\Network Data.IntPrjfolder\CENTRAL 138 kV.ElmNet\138 kV Boca Chica – SPM 2_b.ElmLne,Tap 3 Boca Chica,,\VM-PF.IntUser\PDD 31-12-2024.IntPrj\Network Model.IntPrjfolder\Network Data.IntPrjfolder\CENTRAL 138 kV.ElmNet\Tap 3 Boca Chica.ElmTerm,Tap 1 Juan Dolio,,\VM-PF.IntUser\PDD 31-12-2024.IntPrj\Network Model.IntPrjfolder\Network Data.IntPrjfolder\ESTE 138 kV.ElmNet\Tap 1 Juan Dolio.ElmTerm,,,20.121999740600586,1,1.3259999752044678,1.1723589897155762,6.6541428565979,7.193408012390137,27.54951286315918,101.22362518310547,50.56985092163086,-5.584976959258168e-15,,,,,,,,
138 kV Boca Chica – SPM 2_c,0,ESTE CERCANO,ESTE,CENTRAL 138 kV,\VM-PF.IntUser\PDD 31-12-2024.IntPrj\Network Model.IntPrjfolder\Network Data.IntPrjfolder\CENTRAL 138 kV.ElmNet\138 kV Boca Chica – SPM 2_c.ElmLne,Tap 1 Juan Dolio,,\VM-PF.IntUser\PDD 31-12-2024.IntPrj\Network Model.IntPrjfolder\Network Data.IntPrjfolder\ESTE 138 kV.ElmNet\Tap 1 Juan Dolio.ElmTerm,R3,ZSPM2E,\VM-PF.IntUser\PDD 31-12-2024.IntPrj\Network Model.IntPrjfolder\Network Data.IntPrjfolder\ESTE 138 kV.ElmNet\SPM 2.ElmSite\ZSPM2E.ElmSubstat\R3.ElmTerm,,,7.199999809265137,1,1.3259999752044678,0.41949033737182617,2.380967617034912,2.5739259719848633,9.85769271850586,36.21956253051758,18.09476661682129,-1.9984014443252818e-15,,,,,,,,
138 kV Boca Chica – SPM 2_a,0,SANTO DOMINGO,CENTRAL,CENTRAL 138 kV,\VM-PF.IntUser\PDD 31-12-2024.IntPrj\Network Model.IntPrjfolder\Network Data.IntPrjfolder\CENTRAL 138 kV.ElmNet\138 kV Boca Chica – SPM 2_a.ElmLne,Tap 3 Boca Chica,,\VM-PF.IntUser\PDD 31-12-2024.IntPrj\Network Model.IntPrjfolder\Network Data.IntPrjfolder\CENTRAL 138 kV.ElmNet\Tap 3 Boca Chica.ElmTerm,5,ZBCHIE,\VM-PF.IntUser\PDD 31-12-2024.IntPrj\Network Model.IntPrjfolder\Network Data.IntPrjfolder\CENTRAL 138 kV.ElmNet\Boca Chica.ElmSite\ZBCHIE.ElmSubstat\5.ElmTerm,,,5.0,1,1.3259999752044678,0.2913127541542053,1.6534497737884521,1.787448525428772,6.8456196784973145,25.152475357055664,12.565811157226562,0.0,,,,,,,,
138 kV Itabo – Palamara,0,SUR CERCANO,SUR,CENTRAL 138 kV,\VM-PF.IntUser\PDD 31-12-2024.IntPrj\Network Model.IntPrjfolder\Network Data.IntPrjfolder\CENTRAL 138 kV.ElmNet\138 kV Itabo – Palamara.ElmLne,2,ZITABE,\VM-PF.IntUser\PDD 31-12-2024.IntPrj\Network Model.IntPrjfolder\Network Data.IntPrjfolder\SUR 138 kV.ElmNet\Itabo.ElmSite\ZITABE.ElmSubstat\2.ElmTerm,8,ZPALAE,\VM-PF.IntUser\PDD 31-12-2024.IntPrj\Network Model.IntPrjfolder\Network Data.IntPrjfolder\CENTRAL 138 kV.ElmNet\Palamara.ElmSite\ZPALAE.ElmSubstat\8.ElmTerm,T.ACERO S1 1C 1xF 450 ACAR-138 kV,TypTow,23.0,1,0.5680000185966492,3.0076589584350586,11.109309196472168,10.2483491897583,34.68278503417969,79.45460510253906,40.61387252807617,-2.55351295663786e-15,,1.0,,,,,,
138 kV Hainamosa – Palamara_b,0,SANTO DOMINGO,CENTRAL,CENTRAL 138 kV,\VM-PF.IntUser\PDD 31-12-2024.IntPrj\Network Model.IntPrjfolder\Network Data.IntPrjfolder\CENTRAL 138 kV.ElmNet\138 kV Hainamosa – Palamara_b.ElmLne,6,ZPALAE,\VM-PF.IntUser\PDD 31-12-2024.IntPrj\Network Model.IntPrjfolder\Network Data.IntPrjfolder\CENTRAL 138 kV.ElmNet\Palamara.ElmSite\ZPALAE.ElmSubstat\6.ElmTerm,Tap 1 Villa Mella,,\VM-PF.IntUser\PDD 31-12-2024.IntPrj\Network Model.IntPrjfolder\Network Data.IntPrjfolder\CENTRAL 138 kV.ElmNet\Tap 1 Villa Mella.ElmTerm,,,12.699999809265137,1,0.5680000185966492,1.6588724851608276,6.135404586791992,5.46654748916626,19.31702423095703,43.889007568359375,25.552589416503906,1.2337353572905289e-15,,,,,,,,
138 kV Palamara – Villa Mella_b,0,SANTO DOMINGO,CENTRAL,CENTRAL 138 kV,\VM-PF.IntUser\PDD 31-12-2024.IntPrj\Network Model.IntPrjfolder\Network Data.IntPrjfolder\CENTRAL 138 kV.ElmNet\138 kV Palamara – Villa Mella_b.ElmLne,1,ZVMELE,\VM-PF.IntUser\PDD 31-12-2024.IntPrj\Network Model.IntPrjfolder\Network Data.IntPrjfolder\CENTRAL 138 kV.ElmNet\ZVMELE.ElmSubstat\1.ElmTerm,Tap 3 Villa Mella,,\VM-PF.IntUser\PDD 31-12-2024.IntPrj\Network Model.IntPrjfolder\Network Data.IntPrjfolder\CENTRAL 138 kV.ElmNet\Tap 3 Villa Mella.ElmTerm,,,1.899999976158142,1,0.5680000185966492,0.24817778170108795,0.9178951978683472,0.817829966545105,2.889948606491089,6.5660719871521,3.8228282928466797,1.8457458049091024e-16,,,,,,,,
138 kV Embajador – Los Prados,0,DISTRITO NACIONAL,CENTRAL,CENTRAL 138 kV,\VM-PF.IntUser\PDD 31-12-2024.IntPrj\Network Model.IntPrjfolder\Network Data.IntPrjfolder\CENTRAL 138 kV.ElmNet\138 kV Embajador – Los Prados.ElmLne,WEMBAE(2),ZEMBAE,\VM-PF.IntUser\PDD 31-12-2024.IntPrj\Network Model.IntPrjfolder\Network Data.IntPrjfolder\CENTRAL 138 kV.ElmNet\ZEMBAE.ElmSubstat\WEMBAE(2).ElmTerm,1,ZLPRAE,\VM-PF.IntUser\PDD 31-12-2024.IntPrj\Network Model.IntPrjfolder\Network Data.IntPrjfolder\CENTRAL 138 kV.ElmNet\ZLPRAE.ElmSubstat\1.ElmTerm,P.TUBULAR TVS-1/1C/138/1xF - 559 AAAC,TypTow,3.5,1,0.6629999876022339,0.40809163451194763,1.5587489604949951,1.6560438871383667,5.318386554718018,13.20207405090332,6.68660831451416,2.914335439641036e-16,,1.0,,,,,,
138 kV Hainamosa – Los Mina L1,0,SANTO DOMINGO,CENTRAL,CENTRAL 138 kV,\VM-PF.IntUser\PDD 31-12-2024.IntPrj\Network Model.IntPrjfolder\Network Data.IntPrjfolder\CENTRAL 138 kV.ElmNet\138 kV Hainamosa – Los Mina L1.ElmLne,L6,ZLMINE,\VM-PF.IntUser\PDD 31-12-2024.IntPrj\Network Model.IntPrjfolder\Network Data.IntPrjfolder\CENTRAL 138 kV.ElmNet\ZLMINE.ElmSubstat\L6.ElmTerm,E11,ZHNSAE,\VM-PF.IntUser\PDD 31-12-2024.IntPrj\Network Model.IntPrjfolder\Network Data.IntPrjfolder\CENTRAL 138 kV.ElmNet\Hainamosa.ElmSite\ZHNSAE.ElmSubstat\E11.ElmTerm,,,7.0,1,0.6629999876022339,0.8130534291267395,3.3225271701812744,2.891676187515259,10.601155281066895,24.635265350341797,14.357612609863281,-3.885780586188048e-16,,,,,,,,
138 kV Hainamosa – Los Mina L2,0,SANTO DOMINGO,CENTRAL,CENTRAL 138 kV,\VM-PF.IntUser\PDD 31-12-2024.IntPrj\Network Model.IntPrjfolder\Network Data.IntPrjfolder\CENTRAL 138 kV.ElmNet\138 kV Hainamosa – Los Mina L2.ElmLne,R1,ZLMINE,\VM-PF.IntUser\PDD 31-12-2024.IntPrj\Network Model.IntPrjfolder\Network Data.IntPrjfolder\CENTRAL 138 kV.ElmNet\ZLMINE.ElmSubstat\R1.ElmTerm,E12,ZHNSAE,\VM-PF.IntUser\PDD 31-12-2024.IntPrj\Network Model.IntPrjfolder\Network Data.IntPrjfolder\CENTRAL 138 kV.ElmNet\Hainamosa.ElmSite\ZHNSAE.ElmSubstat\E12.ElmTerm,,,7.0,1,0.6629999876022339,0.8130534291267395,3.3225271701812744,2.891676187515259,10.601155281066895,24.635265350341797,14.357612609863281,6.800116025829084e-16,,,,,,,,
138 kV Timbeque 2 – Villa Duarte,0,DISTRITO NACIONAL,CENTRAL,CENTRAL 138 kV,\VM-PF.IntUser\PDD 31-12-2024.IntPrj\Network Model.IntPrjfolder\Network Data.IntPrjfolder\CENTRAL 138 kV.ElmNet\138 kV Timbeque 2 – Villa Duarte.ElmLne,R1,ZTIM2E,\VM-PF.IntUser\PDD 31-12-2024.IntPrj\Network Model.IntPrjfolder\Network Data.IntPrjfolder\CENTRAL 138 kV.ElmNet\Timbeque 2.ElmSite\ZTIM2E.ElmSubstat\R1.ElmTerm,E4,ZVDUAE,\VM-PF.IntUser\PDD 31-12-2024.IntPrj\Network Model.IntPrjfolder\Network Data.IntPrjfolder\CENTRAL 138 kV.ElmNet\Villa Duarte.ElmSite\ZVDUAE.ElmSubstat\E4.ElmTerm,P.TUBULAR TVS-1/1C/138/2xF - 559 AAAC,TypTow,3.430000066757202,1,1.3259999752044678,0.20010361075401306,1.0125480890274048,1.3536306619644165,4.8223652839660645,19.446678161621094,7.35439920425415,-1.904032524289835e-16,,1.0,,,,,,
138 kV Los Mina – Timbeque 2,0,DISTRITO NACIONAL,CENTRAL,CENTRAL 138 kV,\VM-PF.IntUser\PDD 31-12-2024.IntPrj\Network Model.IntPrjfolder\Network Data.IntPrjfolder\CENTRAL 138 kV.ElmNet\138 kV Los Mina – Timbeque 2.ElmLne,L2,ZTIM2E,\VM-PF.IntUser\PDD 31-12-2024.IntPrj\Network Model.IntPrjfolder\Network Data.IntPrjfolder\CENTRAL 138 kV.ElmNet\Timbeque 2.ElmSite\ZTIM2E.ElmSubstat\L2.ElmTerm,R5,ZLMINE,\VM-PF.IntUser\PDD 31-12-2024.IntPrj\Network Model.IntPrjfolder\Network Data.IntPrjfolder\CENTRAL 138 kV.ElmNet\ZLMINE.ElmSubstat\R5.ElmTerm,P.TUBULAR TVS-1/1C/138/2xF - 559 AAAC,TypTow,3.390000104904175,1,1.3259999752044678,0.19777004420757294,1.0007399320602417,1.3378448486328125,4.766127586364746,19.21989631652832,7.2686333656311035,-1.8818280849731555e-16,,1.0,,,,,,
138 kV Itabo TG – UASD,0,SUR CERCANO,SUR,CENTRAL 138 kV,\VM-PF.IntUser\PDD 31-12-2024.IntPrj\Network Model.IntPrjfolder\Network Data.IntPrjfolder\CENTRAL 138 kV.ElmNet\138 kV Itabo TG – UASD.ElmLne,2,ZITAGE,\VM-PF.IntUser\PDD 31-12-2024.IntPrj\Network Model.IntPrjfolder\Network Data.IntPrjfolder\SUR 138 kV.ElmNet\Itabo TG.ElmSite\ZITAGE.ElmSubstat\2.ElmTerm,L2,ZUASDE,\VM-PF.IntUser\PDD 31-12-2024.IntPrj\Network Model.IntPrjfolder\Network Data.IntPrjfolder\CENTRAL 138 kV.ElmNet\ZUASDE.ElmSubstat\L2.ElmTerm,P.TUBULAR TVS-1/1C/138/2xF - 559 AAAC,TypTow,20.65999984741211,1,1.3259999752044678,1.2052887678146362,6.098904609680176,8.15335464477539,29.04666519165039,117.13363647460938,44.29792404174805,-1.1468603759674572e-15,,1.0,,,,,,
138 kV Haina – Matadero L1,0,SUR CERCANO,SUR,CENTRAL 138 kV,\VM-PF.IntUser\PDD 31-12-2024.IntPrj\Network Model.IntPrjfolder\Network Data.IntPrjfolder\CENTRAL 138 kV.ElmNet\138 kV Haina – Matadero L1.ElmLne,5,ZHAINE,\VM-PF.IntUser\PDD 31-12-2024.IntPrj\Network Model.IntPrjfolder\Network Data.IntPrjfolder\SUR 138 kV.ElmNet\Haina.ElmSite\ZHAINE.ElmSubstat\5.ElmTerm,L1,ZMATAE,\VM-PF.IntUser\PDD 31-12-2024.IntPrj\Network Model.IntPrjfolder\Network Data.IntPrjfolder\CENTRAL 138 kV.ElmNet\ZMATAE.ElmSubstat\L1.ElmTerm,,,9.140000343322754,1,0.6629999876022339,1.063235878944397,4.3372907638549805,3.9406232833862305,13.705184936523438,32.195648193359375,18.77959442138672,1.3952727989031597e-15,,,,,,,,
138 kV Haina – Matadero L2,0,SUR CERCANO,SUR,CENTRAL 138 kV,\VM-PF.IntUser\PDD 31-12-2024.IntPrj\Network Model.IntPrjfolder\Network Data.IntPrjfolder\CENTRAL 138 kV.ElmNet\138 kV Haina – Matadero L2.ElmLne,6,ZHAINE,\VM-PF.IntUser\PDD 31-12-2024.IntPrj\Network Model.IntPrjfolder\Network Data.IntPrjfolder\SUR 138 kV.ElmNet\Haina.ElmSite\ZHAINE.ElmSubstat\6.ElmTerm,R1,ZMATAE,\VM-PF.IntUser\PDD 31-12-2024.IntPrj\Network Model.IntPrjfolder\Network Data.IntPrjfolder\CENTRAL 138 kV.ElmNet\ZMATAE.ElmSubstat\R1.ElmTerm,,,9.140000343322754,1,0.6629999876022339,1.063235878944397,4.3372907638549805,3.9406232833862305,13.705184936523438,32.195648193359375,18.77959442138672,-1.2684298532798446e-16,,,,,,,,
138 kV Herrera – Itabo_b,0,SUR CERCANO,SUR,CENTRAL 138 kV,\VM-PF.IntUser\PDD 31-12-2024.IntPrj\Network Model.IntPrjfolder\Network Data.IntPrjfolder\CENTRAL 138 kV.ElmNet\138 kV Herrera – Itabo_b.ElmLne,6,ZITABE,\VM-PF.IntUser\PDD 31-12-2024.IntPrj\Network Model.IntPrjfolder\Network Data.IntPrjfolder\SUR 138 kV.ElmNet\Itabo.ElmSite\ZITABE.ElmSubstat\6.ElmTerm,Tap 2 Herrera,,\VM-PF.IntUser\PDD 31-12-2024.IntPrj\Network Model.IntPrjfolder\Network Data.IntPrjfolder\CENTRAL 138 kV.ElmNet\Tap 2 Herrera.ElmTerm,,,11.199999809265137,1,0.6629999876022339,1.3028709888458252,5.3148417472839355,4.82877254486084,16.794099807739258,39.45199203491211,23.01219367980957,1.7097434155710937e-15,,,,,,,,
138 kV Herrera – Itabo_a,0,SANTO DOMINGO,CENTRAL,CENTRAL 138 kV,\VM-PF.IntUser\PDD 31-12-2024.IntPrj\Network Model.IntPrjfolder\Network Data.IntPrjfolder\CENTRAL 138 kV.ElmNet\138 kV Herrera – Itabo_a.ElmLne,Tap 2 Herrera,,\VM-PF.IntUser\PDD 31-12-2024.IntPrj\Network Model.IntPrjfolder\Network Data.IntPrjfolder\CENTRAL 138 kV.ElmNet\Tap 2 Herrera.ElmTerm,WHERRE(8),ZHERRE,\VM-PF.IntUser\PDD 31-12-2024.IntPrj\Network Model.IntPrjfolder\Network Data.IntPrjfolder\CENTRAL 138 kV.ElmNet\Herrera.ElmSite\ZHERRE.ElmSubstat\WHERRE(8).ElmTerm,,,0.019999999552965164,1,0.6629999876022339,0.0023265553172677755,0.009490788914263248,0.008622807450592518,0.029989462345838547,0.07044998556375504,0.04109320044517517,-2.7755574995243454e-19,,,,,,,,
138 kV Hainamosa – Villa Mella_a,0,SANTO DOMINGO,CENTRAL,CENTRAL 138 kV,\VM-PF.IntUser\PDD 31-12-2024.IntPrj\Network Model.IntPrjfolder\Network Data.IntPrjfolder\CENTRAL 138 kV.ElmNet\138 kV Hainamosa – Villa Mella_a.ElmLne,Tap 2 Villa Mella,,\VM-PF.IntUser\PDD 31-12-2024.IntPrj\Network Model.IntPrjfolder\Network Data.IntPrjfolder\CENTRAL 138 kV.ElmNet\Tap 2 Villa Mella.ElmTerm,E16,ZHNSAE,\VM-PF.IntUser\PDD 31-12-2024.IntPrj\Network Model.IntPrjfolder\Network Data.IntPrjfolder\CENTRAL 138 kV.ElmNet\Hainamosa.ElmSite\ZHNSAE.ElmSubstat\E16.ElmTerm,,,11.286999702453613,1,0.5680000185966492,1.474306583404541,5.452780723571777,4.858340263366699,17.167814254760742,39.005924224853516,22.709611892700195,1.0964700682979437e-15,,,,,,,,
138 kV Herrera – Los Prados_b,0,DISTRITO NACIONAL,CENTRAL,CENTRAL 138 kV,\VM-PF.IntUser\PDD 31-12-2024.IntPrj\Network Model.IntPrjfolder\Network Data.IntPrjfolder\CENTRAL 138 kV.ElmNet\138 kV Herrera – Los Prados_b.ElmLne,3,ZLPRAE,\VM-PF.IntUser\PDD 31-12-2024.IntPrj\Network Model.IntPrjfolder\Network Data.IntPrjfolder\CENTRAL 138 kV.ElmNet\ZLPRAE.ElmSubstat\3.ElmTerm,Tap 3 Herrera,,\VM-PF.IntUser\PDD 31-12-2024.IntPrj\Network Model.IntPrjfolder\Network Data.IntPrjfolder\CENTRAL 138 kV.ElmNet\Tap 3 Herrera.ElmTerm,,,6.199999809265137,1,0.6629999876022339,0.7212321758270264,2.9421446323394775,2.6730704307556152,9.296732902526855,21.839496612548828,12.738892555236816,9.464650861412986e-16,,,,,,,,
138 kV Herrera – Los Prados_a,0,SANTO DOMINGO,CENTRAL,CENTRAL 138 kV,\VM-PF.IntUser\PDD 31-12-2024.IntPrj\Network Model.IntPrjfolder\Network Data.IntPrjfolder\CENTRAL 138 kV.ElmNet\138 kV Herrera – Los Prados_a.ElmLne,Tap 3 Herrera,,\VM-PF.IntUser\PDD 31-12-2024.IntPrj\Network Model.IntPrjfolder\Network Data.IntPrjfolder\CENTRAL 138 kV.ElmNet\Tap 3 Herrera.ElmTerm,WHERRE(7),ZHERRE,\VM-PF.IntUser\PDD 31-12-2024.IntPrj\Network Model.IntPrjfolder\Network Data.IntPrjfolder\CENTRAL 138 kV.ElmNet\Herrera.ElmSite\ZHERRE.ElmSubstat\WHERRE(7).ElmTerm,,,0.019999999552965164,1,0.6629999876022339,0.0023265553172677755,0.009490788914263248,0.008622807450592518,0.029989462345838547,0.07044998556375504,0.04109320044517517,3.0531133011755682e-18,,,,,,,,
138 kV Itabo – Los Prados_a,0,SUR CERCANO,SUR,CENTRAL 138 kV,\VM-PF.IntUser\PDD 31-12-2024.IntPrj\Network Model.IntPrjfolder\Network Data.IntPrjfolder\CENTRAL 138 kV.ElmNet\138 kV Itabo – Los Prados_a.ElmLne,Tap 1 Herrera,,\VM-PF.IntUser\PDD 31-12-2024.IntPrj\Network Model.IntPrjfolder\Network Data.IntPrjfolder\CENTRAL 138 kV.ElmNet\Tap 1 Herrera.ElmTerm,7,ZITABE,\VM-PF.IntUser\PDD 31-12-2024.IntPrj\Network Model.IntPrjfolder\Network Data.IntPrjfolder\SUR 138 kV.ElmNet\Itabo.ElmSite\ZITABE.ElmSubstat\7.ElmTerm,,,11.199999809265137,1,0.6629999876022339,1.3028709888458252,5.3148417472839355,4.82877254486084,16.794099807739258,39.45199203491211,23.01219367980957,-1.5543122080054396e-16,,,,,,,,
138 kV El Brisal – Hainamosa_a,0,SANTO DOMINGO,CENTRAL,CENTRAL 138 kV,\VM-PF.IntUser\PDD 31-12-2024.IntPrj\Network Model.IntPrjfolder\Network Data.IntPrjfolder\CENTRAL 138 kV.ElmNet\138 kV El Brisal – Hainamosa_a.ElmLne,E15,ZHNSAE,\VM-PF.IntUser\PDD 31-12-2024.IntPrj\Network Model.IntPrjfolder\Network Data.IntPrjfolder\CENTRAL 138 kV.ElmNet\Hainamosa.ElmSite\ZHNSAE.ElmSubstat\E15.ElmTerm,Tap 1 El Brisal,,\VM-PF.IntUser\PDD 31-12-2024.IntPrj\Network Model.IntPrjfolder\Network Data.IntPrjfolder\CENTRAL 138 kV.ElmNet\Tap 1 El Brisal.ElmTerm,,,8.529999732971191,1,0.5680000185966492,1.1139369010925293,4.1210198402404785,3.6468873023986816,12.990548133850098,29.480844497680664,17.287885665893555,-9.470202103591054e-16,,,,,,,,
138 kV César Nicolás Penson – Timbeque 2,0,DISTRITO NACIONAL,CENTRAL,CENTRAL 138 kV,\VM-PF.IntUser\PDD 31-12-2024.IntPrj\Network Model.IntPrjfolder\Network Data.IntPrjfolder\CENTRAL 138 kV.ElmNet\138 kV César Nicolás Penson – Timbeque 2.ElmLne,R2,ZTIM2E,\VM-PF.IntUser\PDD 31-12-2024.IntPrj\Network Model.IntPrjfolder\Network Data.IntPrjfolder\CENTRAL 138 kV.ElmNet\Timbeque 2.ElmSite\ZTIM2E.ElmSubstat\R2.ElmTerm,R3,ZCNPEE,\VM-PF.IntUser\PDD 31-12-2024.IntPrj\Network Model.IntPrjfolder\Network Data.IntPrjfolder\CENTRAL 138 kV.ElmNet\ZCNPEE.ElmSubstat\R3.ElmTerm,P.TUBULAR TVS-1/1C/138/2xF - ACCC GDANSK,TypTow,2.9000000953674316,1,2.0,0.16452930867671967,0.8793427348136902,1.1398144960403442,4.100471019744873,15.859710693359375,6.133143901824951,1.6098234386460362e-16,,1.0,,,,,,
138 kV César Nicolás Penson – Metro,0,DISTRITO NACIONAL,CENTRAL,CENTRAL 138 kV,\VM-PF.IntUser\PDD 31-12-2024.IntPrj\Network Model.IntPrjfolder\Network Data.IntPrjfolder\CENTRAL 138 kV.ElmNet\138 kV César Nicolás Penson – Metro.ElmLne,1,ZMETRE,\VM-PF.IntUser\PDD 31-12-2024.IntPrj\Network Model.IntPrjfolder\Network Data.IntPrjfolder\CENTRAL 138 kV.ElmNet\Metropolitano.ElmSite\ZMETRE.ElmSubstat\1.ElmTerm,R1,ZCNPEE,\VM-PF.IntUser\PDD 31-12-2024.IntPrj\Network Model.IntPrjfolder\Network Data.IntPrjfolder\CENTRAL 138 kV.ElmNet\ZCNPEE.ElmSubstat\R1.ElmTerm,P.TUBULAR TVS-1/1C/138/2xF - 559 AAAC,TypTow,3.200000047683716,1,1.3259999752044678,0.18668557703495026,0.9446513056755066,1.2628623247146606,4.49899959564209,18.14267349243164,6.8612470626831055,-1.77635686587003e-16,,1.0,,,,,,
138 kV Embajador – Matadero,0,DISTRITO NACIONAL,CENTRAL,CENTRAL 138 kV,\VM-PF.IntUser\PDD 31-12-2024.IntPrj\Network Model.IntPrjfolder\Network Data.IntPrjfolder\CENTRAL 138 kV.ElmNet\138 kV Embajador – Matadero.ElmLne,R2,ZMATAE,\VM-PF.IntUser\PDD 31-12-2024.IntPrj\Network Model.IntPrjfolder\Network Data.IntPrjfolder\CENTRAL 138 kV.ElmNet\ZMATAE.ElmSubstat\R2.ElmTerm,WEMBAE(1),ZEMBAE,\VM-PF.IntUser\PDD 31-12-2024.IntPrj\Network Model.IntPrjfolder\Network Data.IntPrjfolder\CENTRAL 138 kV.ElmNet\ZEMBAE.ElmSubstat\WEMBAE(1).ElmTerm,P.TUBULAR TVS-1/1C/138/1xF - 559 AAAC,TypTow,2.299999952316284,1,0.6629999876022339,0.26817449927330017,1.0243207216262817,1.0882573127746582,3.4949398040771484,8.67564868927002,4.394056797027588,1.9151346115992766e-16,,1.0,,,,,,
138 kV Matadero – UASD,0,DISTRITO NACIONAL,CENTRAL,CENTRAL 138 kV,\VM-PF.IntUser\PDD 31-12-2024.IntPrj\Network Model.IntPrjfolder\Network Data.IntPrjfolder\CENTRAL 138 kV.ElmNet\138 kV Matadero – UASD.ElmLne,R1,ZUASDE,\VM-PF.IntUser\PDD 31-12-2024.IntPrj\Network Model.IntPrjfolder\Network Data.IntPrjfolder\CENTRAL 138 kV.ElmNet\ZUASDE.ElmSubstat\R1.ElmTerm,L2,ZMATAE,\VM-PF.IntUser\PDD 31-12-2024.IntPrj\Network Model.IntPrjfolder\Network Data.IntPrjfolder\CENTRAL 138 kV.ElmNet\ZMATAE.ElmSubstat\L2.ElmTerm,P.TUBULAR TVS-1/1C/138/2xF - 559 AAAC,TypTow,3.5,1,1.3259999752044678,0.20418734848499298,1.0332123041152954,1.3812557458877563,4.920780658721924,19.843549728393555,7.504488468170166,-1.942890293094024e-16,,1.0,,,,,,
138 kV El Brisal – Hainamosa_b,0,SANTO DOMINGO,CENTRAL,CENTRAL 138 kV,\VM-PF.IntUser\PDD 31-12-2024.IntPrj\Network Model.IntPrjfolder\Network Data.IntPrjfolder\CENTRAL 138 kV.ElmNet\138 kV El Brisal – Hainamosa_b.ElmLne,Tap 1 El Brisal,,\VM-PF.IntUser\PDD 31-12-2024.IntPrj\Network Model.IntPrjfolder\Network Data.IntPrjfolder\CENTRAL 138 kV.ElmNet\Tap 1 El Brisal.ElmTerm,2,ZEBRIE,\VM-PF.IntUser\PDD 31-12-2024.IntPrj\Network Model.IntPrjfolder\Network Data.IntPrjfolder\CENTRAL 138 kV.ElmNet\ZEBRIE.ElmSubstat\2.ElmTerm,,,5.807000160217285,1,0.6629999876022339,0.6755154132843018,2.755650758743286,2.5036323070526123,8.707441329956055,20.455154418945312,11.931411743164062,8.864714894927302e-16,,,,,,,,
138 kV Hainamosa – Villa Duarte_a,0,SANTO DOMINGO,CENTRAL,CENTRAL 138 kV,\VM-PF.IntUser\PDD 31-12-2024.IntPrj\Network Model.IntPrjfolder\Network Data.IntPrjfolder\CENTRAL 138 kV.ElmNet\138 kV Hainamosa – Villa Duarte_a.ElmLne,E13,ZHNSAE,\VM-PF.IntUser\PDD 31-12-2024.IntPrj\Network Model.IntPrjfolder\Network Data.IntPrjfolder\CENTRAL 138 kV.ElmNet\Hainamosa.ElmSite\ZHNSAE.ElmSubstat\E13.ElmTerm,Tap 4 El Brisal,,\VM-PF.IntUser\PDD 31-12-2024.IntPrj\Network Model.IntPrjfolder\Network Data.IntPrjfolder\CENTRAL 138 kV.ElmNet\Tap 4 El Brisal.ElmTerm,,,8.529999732971191,1,0.5680000185966492,1.1139369010925293,4.1210198402404785,3.6468873023986816,12.990548133850098,29.480844497680664,17.287885665893555,2.3675505258977634e-16,,,,,,,,
138 kV Itabo – Los Prados_b,0,DISTRITO NACIONAL,CENTRAL,CENTRAL 138 kV,\VM-PF.IntUser\PDD 31-12-2024.IntPrj\Network Model.IntPrjfolder\Network Data.IntPrjfolder\CENTRAL 138 kV.ElmNet\138 kV Itabo – Los Prados_b.ElmLne,2,ZLPRAE,\VM-PF.IntUser\PDD 31-12-2024.IntPrj\Network Model.IntPrjfolder\Network Data.IntPrjfolder\CENTRAL 138 kV.ElmNet\ZLPRAE.ElmSubstat\2.ElmTerm,Tap 1 Herrera,,\VM-PF.IntUser\PDD 31-12-2024.IntPrj\Network Model.IntPrjfolder\Network Data.IntPrjfolder\CENTRAL 138 kV.ElmNet\Tap 1 Herrera.ElmTerm,,,6.199999809265137,1,0.6629999876022339,0.7212321758270264,2.9421446323394775,2.6730704307556152,9.296732902526855,21.839496612548828,12.738892555236816,-8.604228176147167e-17,,,,,,,,
138 kV Metropolitano – Paraíso,0,DISTRITO NACIONAL,CENTRAL,CENTRAL 138 kV,\VM-PF.IntUser\PDD 31-12-2024.IntPrj\Network Model.IntPrjfolder\Network Data.IntPrjfolder\CENTRAL 138 kV.ElmNet\138 kV Metropolitano – Paraíso.ElmLne,2,ZMETRE,\VM-PF.IntUser\PDD 31-12-2024.IntPrj\Network Model.IntPrjfolder\Network Data.IntPrjfolder\CENTRAL 138 kV.ElmNet\Metropolitano.ElmSite\ZMETRE.ElmSubstat\2.ElmTerm,WPARAE(6),ZPARAE,\VM-PF.IntUser\PDD 31-12-2024.IntPrj\Network Model.IntPrjfolder\Network Data.IntPrjfolder\CENTRAL 138 kV.ElmNet\ZPARAE.ElmSubstat\WPARAE(6).ElmTerm,P.TUBULAR TVS-1/1C/138/2xF - 559 AAAC,TypTow,3.700000047683716,1,1.3259999752044678,0.2158551961183548,1.0922530889511108,1.4601845741271973,5.201968193054199,20.977466583251953,7.933316707611084,-2.0539126220263192e-16,,1.0,,,,,,
138 kV Matadero – METALDOM,0,DISTRITO NACIONAL,CENTRAL,CENTRAL 138 kV,\VM-PF.IntUser\PDD 31-12-2024.IntPrj\Network Model.IntPrjfolder\Network Data.IntPrjfolder\CENTRAL 138 kV.ElmNet\138 kV Matadero – METALDOM.ElmLne,L3,ZMATAE,\VM-PF.IntUser\PDD 31-12-2024.IntPrj\Network Model.IntPrjfolder\Network Data.IntPrjfolder\CENTRAL 138 kV.ElmNet\ZMATAE.ElmSubstat\L3.ElmTerm,WMETAE(1),ZMETAE,\VM-PF.IntUser\PDD 31-12-2024.IntPrj\Network Model.IntPrjfolder\Network Data.IntPrjfolder\CENTRAL 138 kV.ElmNet\METALDOM.ElmSite\ZMETAE.ElmSubstat\WMETAE(1).ElmTerm,P.TUBULAR TVS-1/1C/138/1xF - 559 AAAC,TypTow,0.5,1,0.6629999876022339,0.058298803865909576,0.22267842292785645,0.23657768964767456,0.7597694993019104,1.8860105276107788,0.9552297592163086,4.163336342344337e-17,,1.0,,,,,,
138 kV Haina – Itabo L1,0,SUR CERCANO,SUR,CENTRAL 138 kV,\VM-PF.IntUser\PDD 31-12-2024.IntPrj\Network Model.IntPrjfolder\Network Data.IntPrjfolder\CENTRAL 138 kV.ElmNet\138 kV Haina – Itabo L1.ElmLne,3,ZHAINE,\VM-PF.IntUser\PDD 31-12-2024.IntPrj\Network Model.IntPrjfolder\Network Data.IntPrjfolder\SUR 138 kV.ElmNet\Haina.ElmSite\ZHAINE.ElmSubstat\3.ElmTerm,8,ZITABE,\VM-PF.IntUser\PDD 31-12-2024.IntPrj\Network Model.IntPrjfolder\Network Data.IntPrjfolder\SUR 138 kV.ElmNet\Itabo.ElmSite\ZITABE.ElmSubstat\8.ElmTerm,,,2.5,1,0.5680000185966492,0.3265497088432312,1.2077568769454956,1.076092004776001,3.8025639057159424,8.639568328857422,5.0300374031066895,2.42861286636753e-16,,,,,,,,
138 kV Haina – Itabo L2,0,SUR CERCANO,SUR,CENTRAL 138 kV,\VM-PF.IntUser\PDD 31-12-2024.IntPrj\Network Model.IntPrjfolder\Network Data.IntPrjfolder\CENTRAL 138 kV.ElmNet\138 kV Haina – Itabo L2.ElmLne,9,ZITABE,\VM-PF.IntUser\PDD 31-12-2024.IntPrj\Network Model.IntPrjfolder\Network Data.IntPrjfolder\SUR 138 kV.ElmNet\Itabo.ElmSite\ZITABE.ElmSubstat\9.ElmTerm,4,ZHAINE,\VM-PF.IntUser\PDD 31-12-2024.IntPrj\Network Model.IntPrjfolder\Network Data.IntPrjfolder\SUR 138 kV.ElmNet\Haina.ElmSite\ZHAINE.ElmSubstat\4.ElmTerm,,,2.5,1,0.5680000185966492,0.3265497088432312,1.2077568769454956,1.076092004776001,3.8025639057159424,8.639568328857422,5.0300374031066895,-1.3877787807814457e-16,,,,,,,,
138 kV Itabo – ItaboTG,0,SUR CERCANO,SUR,CENTRAL 138 kV,\VM-PF.IntUser\PDD 31-12-2024.IntPrj\Network Model.IntPrjfolder\Network Data.IntPrjfolder\CENTRAL 138 kV.ElmNet\138 kV Itabo – ItaboTG.ElmLne,1,ZITAGE,\VM-PF.IntUser\PDD 31-12-2024.IntPrj\Network Model.IntPrjfolder\Network Data.IntPrjfolder\SUR 138 kV.ElmNet\Itabo TG.ElmSite\ZITAGE.ElmSubstat\1.ElmTerm,1,ZITABE,\VM-PF.IntUser\PDD 31-12-2024.IntPrj\Network Model.IntPrjfolder\Network Data.IntPrjfolder\SUR 138 kV.ElmNet\Itabo.ElmSite\ZITABE.ElmSubstat\1.ElmTerm,T.ACERO S1/1C/138/2xF - 559.5 AAAC,TypTow,0.20999999344348907,1,1.3259999752044678,0.012196277268230915,0.07424896955490112,0.07668422907590866,0.27664971351623535,0.9750229716300964,0.45471981167793274,2.914335307292138e-17,,1.0,,,,,,
138 kV Los Mina – Los Mina 6,0,SANTO DOMINGO,CENTRAL,CENTRAL 138 kV,\VM-PF.IntUser\PDD 31-12-2024.IntPrj\Network Model.IntPrjfolder\Network Data.IntPrjfolder\CENTRAL 138 kV.ElmNet\138 kV Los Mina – Los Mina 6.ElmLne,1,ZLMI6E,\VM-PF.IntUser\PDD 31-12-2024.IntPrj\Network Model.IntPrjfolder\Network Data.IntPrjfolder\CENTRAL 138 kV.ElmNet\Los Mina 6.ElmSite\ZLMI6E.ElmSubstat\1.ElmTerm,L3,ZLMINE,\VM-PF.IntUser\PDD 31-12-2024.IntPrj\Network Model.IntPrjfolder\Network Data.IntPrjfolder\CENTRAL 138 kV.ElmNet\ZLMINE.ElmSubstat\L3.ElmTerm,P.TUBULAR TVS-1/1C/138/1xF - 559 AAAC,TypTow,0.20999999344348907,1,0.6629999876022339,0.024485496804118156,0.09352493286132812,0.09936262667179108,0.3191031813621521,0.7921243906021118,0.4011964797973633,1.7486012505497318e-17,,1.0,,,,,,
138 kV Los Mina – Los Mina 5,0,SANTO DOMINGO,CENTRAL,CENTRAL 138 kV,\VM-PF.IntUser\PDD 31-12-2024.IntPrj\Network Model.IntPrjfolder\Network Data.IntPrjfolder\CENTRAL 138 kV.ElmNet\138 kV Los Mina – Los Mina 5.ElmLne,L2,ZLMINE,\VM-PF.IntUser\PDD 31-12-2024.IntPrj\Network Model.IntPrjfolder\Network Data.IntPrjfolder\CENTRAL 138 kV.ElmNet\ZLMINE.ElmSubstat\L2.ElmTerm,1,ZLMI5E,\VM-PF.IntUser\PDD 31-12-2024.IntPrj\Network Model.IntPrjfolder\Network Data.IntPrjfolder\CENTRAL 138 kV.ElmNet\Los Mina 5.ElmSite\ZLMI5E.ElmSubstat\1.ElmTerm,P.TUBULAR TVS-1/1C/138/1xF - 559 AAAC,TypTow,0.17000000178813934,1,0.6629999876022339,0.019821593537926674,0.07571066170930862,0.08043641597032547,0.2583216428756714,0.641243577003479,0.32477810978889465,1.415534329927295e-17,,1.0,,,,,,
138 kV El Brisal – Villa Duarte_c,0,SANTO DOMINGO,CENTRAL,CENTRAL 138 kV,\VM-PF.IntUser\PDD 31-12-2024.IntPrj\Network Model.IntPrjfolder\Network Data.IntPrjfolder\CENTRAL 138 kV.ElmNet\138 kV El Brisal – Villa Duarte_c.ElmLne,E5,ZVDUAE,\VM-PF.IntUser\PDD 31-12-2024.IntPrj\Network Model.IntPrjfolder\Network Data.IntPrjfolder\CENTRAL 138 kV.ElmNet\Villa Duarte.ElmSite\ZVDUAE.ElmSubstat\E5.ElmTerm,Tap 5 El Brisal,,\VM-PF.IntUser\PDD 31-12-2024.IntPrj\Network Model.IntPrjfolder\Network Data.IntPrjfolder\CENTRAL 138 kV.ElmNet\Tap 5 El Brisal.ElmTerm,,,2.940000057220459,1,0.5680000185966492,0.3839360773563385,1.4203749895095825,1.2569576501846313,4.477398872375488,10.161041259765625,5.9585442543029785,8.160139389813578e-17,,,,,,,,
138 kV El Brisal – Villa Duarte_a,0,SANTO DOMINGO,CENTRAL,CENTRAL 138 kV,\VM-PF.IntUser\PDD 31-12-2024.IntPrj\Network Model.IntPrjfolder\Network Data.IntPrjfolder\CENTRAL 138 kV.ElmNet\138 kV El Brisal – Villa Duarte_a.ElmLne,Tap 2 El Brisal,,\VM-PF.IntUser\PDD 31-12-2024.IntPrj\Network Model.IntPrjfolder\Network Data.IntPrjfolder\CENTRAL 138 kV.ElmNet\Tap 2 El Brisal.ElmTerm,1,ZEBRIE,\VM-PF.IntUser\PDD 31-12-2024.IntPrj\Network Model.IntPrjfolder\Network Data.IntPrjfolder\CENTRAL 138 kV.ElmNet\ZEBRIE.ElmSubstat\1.ElmTerm,,,5.807000160217285,1,0.6629999876022339,0.6755154132843018,2.755650758743286,2.5036323070526123,8.707441329956055,20.455154418945312,11.931411743164062,-8.058831602344004e-17,,,,,,,,
138 kV Hainamosa – Villa Duarte_c,0,SANTO DOMINGO,CENTRAL,CENTRAL 138 kV,\VM-PF.IntUser\PDD 31-12-2024.IntPrj\Network Model.IntPrjfolder\Network Data.IntPrjfolder\CENTRAL 138 kV.ElmNet\138 kV Hainamosa – Villa Duarte_c.ElmLne,E3,ZVDUAE,\VM-PF.IntUser\PDD 31-12-2024.IntPrj\Network Model.IntPrjfolder\Network Data.IntPrjfolder\CENTRAL 138 kV.ElmNet\Villa Duarte.ElmSite\ZVDUAE.ElmSubstat\E3.ElmTerm,Tap 3 El Brisal,,\VM-PF.IntUser\PDD 31-12-2024.IntPrj\Network Model.IntPrjfolder\Network Data.IntPrjfolder\CENTRAL 138 kV.ElmNet\Tap 3 El Brisal.ElmTerm,,,2.940000057220459,1,0.5680000185966492,0.3839360773563385,1.4203749895095825,1.2569576501846313,4.477398872375488,10.161041259765625,5.9585442543029785,-3.2640557559254313e-16,,,,,,,,
138 kV AES Andrés – AES Andrés Intercon,0,SANTO DOMINGO,CENTRAL,CENTRAL 138 kV,\VM-PF.IntUser\PDD 31-12-2024.IntPrj\Network Model.IntPrjfolder\Network Data.IntPrjfolder\CENTRAL 138 kV.ElmNet\138 kV AES Andrés – AES Andrés Intercon.ElmLne,1,ZIAANE,\VM-PF.IntUser\PDD 31-12-2024.IntPrj\Network Model.IntPrjfolder\Network Data.IntPrjfolder\CENTRAL 138 kV.ElmNet\ZIAANE.ElmSubstat\1.ElmTerm,1,ZAANDE,\VM-PF.IntUser\PDD 31-12-2024.IntPrj\Network Model.IntPrjfolder\Network Data.IntPrjfolder\CENTRAL 138 kV.ElmNet\AES Andrés.ElmSite\ZAANDE.ElmSubstat\1.ElmTerm,T.ACERO S1/1C/138/2xF - 652 AAAC,TypTow,16.0,1,1.4600000381469727,0.8137834072113037,5.610408782958984,5.727151393890381,21.031417846679688,74.93228912353516,34.78449249267578,4.440892098500626e-16,,1.0,,,,,,
138 kV Guerra – La Luisa_a,0,ESTE CERCANO,ESTE,CENTRAL 138 kV,\VM-PF.IntUser\PDD 31-12-2024.IntPrj\Network Model.IntPrjfolder\Network Data.IntPrjfolder\CENTRAL 138 kV.ElmNet\138 kV Guerra – La Luisa_a.ElmLne,Tap 2 CIP La Luisa,,\VM-PF.IntUser\PDD 31-12-2024.IntPrj\Network Model.IntPrjfolder\Network Data.IntPrjfolder\ESTE 138 kV.ElmNet\Tap 2 CIP La Luisa.ElmTerm,Terminal(3),ZGUERE,\VM-PF.IntUser\PDD 31-12-2024.IntPrj\Network Model.IntPrjfolder\Network Data.IntPrjfolder\Expansión 345 kV.ElmNet\Guerra.ElmSite\ZGUERE.ElmSubstat\Terminal(3).ElmTerm,,,26.086000442504883,1,1.3259999752044678,1.5198369026184082,8.626378059387207,9.32547664642334,35.714969635009766,131.22549438476562,65.558349609375,-7.240319895550091e-15,,,,,,,,
138 kV Guerra – SPM 2_a,0,ESTE CERCANO,ESTE,CENTRAL 138 kV,\VM-PF.IntUser\PDD 31-12-2024.IntPrj\Network Model.IntPrjfolder\Network Data.IntPrjfolder\CENTRAL 138 kV.ElmNet\138 kV Guerra – SPM 2_a.ElmLne,Tap 1 CIP La Luisa,,\VM-PF.IntUser\PDD 31-12-2024.IntPrj\Network Model.IntPrjfolder\Network Data.IntPrjfolder\ESTE 138 kV.ElmNet\Tap 1 CIP La Luisa.ElmTerm,Terminal(2),ZGUERE,\VM-PF.IntUser\PDD 31-12-2024.IntPrj\Network Model.IntPrjfolder\Network Data.IntPrjfolder\Expansión 345 kV.ElmNet\Guerra.ElmSite\ZGUERE.ElmSubstat\Terminal(2).ElmTerm,,,26.086000442504883,1,1.3259999752044678,1.5198369026184082,8.626378059387207,9.32547664642334,35.714969635009766,131.22549438476562,65.558349609375,0.0,,,,,,,,
138 kV Guerra – SPM 2_b,0,ESTE CERCANO,ESTE,CENTRAL 138 kV,\VM-PF.IntUser\PDD 31-12-2024.IntPrj\Network Model.IntPrjfolder\Network Data.IntPrjfolder\CENTRAL 138 kV.ElmNet\138 kV Guerra – SPM 2_b.ElmLne,Tap 1 CIP La Luisa,,\VM-PF.IntUser\PDD 31-12-2024.IntPrj\Network Model.IntPrjfolder\Network Data.IntPrjfolder\ESTE 138 kV.ElmNet\Tap 1 CIP La Luisa.ElmTerm,R6,ZSPM2E,\VM-PF.IntUser\PDD 31-12-2024.IntPrj\Network Model.IntPrjfolder\Network Data.IntPrjfolder\ESTE 138 kV.ElmNet\SPM 2.ElmSite\ZSPM2E.ElmSubstat\R6.ElmTerm,,,30.364999771118164,1,1.3259999752044678,1.7691422700881958,10.041399955749512,10.855175018310547,41.573448181152344,152.7509765625,76.31217193603516,0.0,,,,,,,,
138 kV Hainamosa – Juan Dolio_c,0,ESTE CERCANO,ESTE,CENTRAL 138 kV,\VM-PF.IntUser\PDD 31-12-2024.IntPrj\Network Model.IntPrjfolder\Network Data.IntPrjfolder\CENTRAL 138 kV.ElmNet\138 kV Hainamosa – Juan Dolio_c.ElmLne,Tap 2 Juan Dolio,,\VM-PF.IntUser\PDD 31-12-2024.IntPrj\Network Model.IntPrjfolder\Network Data.IntPrjfolder\ESTE 138 kV.ElmNet\Tap 2 Juan Dolio.ElmTerm,1,ZJDOLE,\VM-PF.IntUser\PDD 31-12-2024.IntPrj\Network Model.IntPrjfolder\Network Data.IntPrjfolder\ESTE 138 kV.ElmNet\ZJDOLE.ElmSubstat\1.ElmTerm,,,5.288000106811523,1,1.3259999752044678,0.3080923557281494,1.7486884593963623,1.8904056549072266,7.239927768707275,26.601259231567383,13.289602279663086,0.0,,,,,,,,
138 kV Boca Chica – Hainamosa_a,0,SANTO DOMINGO,CENTRAL,CENTRAL 138 kV,\VM-PF.IntUser\PDD 31-12-2024.IntPrj\Network Model.IntPrjfolder\Network Data.IntPrjfolder\CENTRAL 138 kV.ElmNet\138 kV Boca Chica – Hainamosa_a.ElmLne,Tap 2 Boca Chica,,\VM-PF.IntUser\PDD 31-12-2024.IntPrj\Network Model.IntPrjfolder\Network Data.IntPrjfolder\CENTRAL 138 kV.ElmNet\Tap 2 Boca Chica.ElmTerm,1,ZBCHIE,\VM-PF.IntUser\PDD 31-12-2024.IntPrj\Network Model.IntPrjfolder\Network Data.IntPrjfolder\CENTRAL 138 kV.ElmNet\Boca Chica.ElmSite\ZBCHIE.ElmSubstat\1.ElmTerm,,,5.0,1,1.3259999752044678,0.2913127541542053,1.6534497737884521,1.787448525428772,6.8456196784973145,25.152475357055664,12.565811157226562,-1.3877787807814457e-15,,,,,,,,
138 kV Hainamosa – Juan Dolio_b,0,SANTO DOMINGO,CENTRAL,CENTRAL 138 kV,\VM-PF.IntUser\PDD 31-12-2024.IntPrj\Network Model.IntPrjfolder\Network Data.IntPrjfolder\CENTRAL 138 kV.ElmNet\138 kV Hainamosa – Juan Dolio_b.ElmLne,Tap 1 Boca Chica,,\VM-PF.IntUser\PDD 31-12-2024.IntPrj\Network Model.IntPrjfolder\Network Data.IntPrjfolder\CENTRAL 138 kV.ElmNet\Tap 1 Boca Chica.ElmTerm,Tap 2 Juan Dolio,,\VM-PF.IntUser\PDD 31-12-2024.IntPrj\Network Model.IntPrjfolder\Network Data.IntPrjfolder\ESTE 138 kV.ElmNet\Tap 2 Juan Dolio.ElmTerm,,,20.121999740600586,1,1.3259999752044678,1.1723589897155762,6.6541428565979,7.193408012390137,27.54951286315918,101.22362518310547,50.56985092163086,0.0,,,,,,,,
138 kV Boca Chica – Hainamosa_b,0,SANTO DOMINGO,CENTRAL,CENTRAL 138 kV,\VM-PF.IntUser\PDD 31-12-2024.IntPrj\Network Model.IntPrjfolder\Network Data.IntPrjfolder\CENTRAL 138 kV.ElmNet\138 kV Boca Chica – Hainamosa_b.ElmLne,E5,ZHNSAE,\VM-PF.IntUser\PDD 31-12-2024.IntPrj\Network Model.IntPrjfolder\Network Data.IntPrjfolder\CENTRAL 138 kV.ElmNet\Hainamosa.ElmSite\ZHNSAE.ElmSubstat\E5.ElmTerm,Tap 2 Boca Chica,,\VM-PF.IntUser\PDD 31-12-2024.IntPrj\Network Model.IntPrjfolder\Network Data.IntPrjfolder\CENTRAL 138 kV.ElmNet\Tap 2 Boca Chica.ElmTerm,,,27.5,1,1.3259999752044678,1.602220058441162,9.093973159790039,9.83096694946289,37.650909423828125,138.338623046875,69.1119613647461,-7.632783294297951e-15,,,,,,,,
138 kV Hainamosa – Juan Dolio_a,0,SANTO DOMINGO,CENTRAL,CENTRAL 138 kV,\VM-PF.IntUser\PDD 31-12-2024.IntPrj\Network Model.IntPrjfolder\Network Data.IntPrjfolder\CENTRAL 138 kV.ElmNet\138 kV Hainamosa – Juan Dolio_a.ElmLne,Tap 1 Boca Chica,,\VM-PF.IntUser\PDD 31-12-2024.IntPrj\Network Model.IntPrjfolder\Network Data.IntPrjfolder\CENTRAL 138 kV.ElmNet\Tap 1 Boca Chica.ElmTerm,E4,ZHNSAE,\VM-PF.IntUser\PDD 31-12-2024.IntPrj\Network Model.IntPrjfolder\Network Data.IntPrjfolder\CENTRAL 138 kV.ElmNet\Hainamosa.ElmSite\ZHNSAE.ElmSubstat\E4.ElmTerm,,,27.5,1,1.3259999752044678,1.602220058441162,9.093973159790039,9.83096694946289,37.650909423828125,138.338623046875,69.1119613647461,0.0,,,,,,,,
138 kV Hainamosa – Palamara_a,0,SANTO DOMINGO,CENTRAL,CENTRAL 138 kV,\VM-PF.IntUser\PDD 31-12-2024.IntPrj\Network Model.IntPrjfolder\Network Data.IntPrjfolder\CENTRAL 138 kV.ElmNet\138 kV Hainamosa – Palamara_a.ElmLne,Tap 1 Villa Mella,,\VM-PF.IntUser\PDD 31-12-2024.IntPrj\Network Model.IntPrjfolder\Network Data.IntPrjfolder\CENTRAL 138 kV.ElmNet\Tap 1 Villa Mella.ElmTerm,E14,ZHNSAE,\VM-PF.IntUser\PDD 31-12-2024.IntPrj\Network Model.IntPrjfolder\Network Data.IntPrjfolder\CENTRAL 138 kV.ElmNet\Hainamosa.ElmSite\ZHNSAE.ElmSubstat\E14.ElmTerm,,,11.286999702453613,1,0.5680000185966492,1.474306583404541,5.452780723571777,4.858340263366699,17.167814254760742,39.005924224853516,22.709611892700195,-6.265543474300646e-16,,,,,,,,
138 kV AES Interconexión – Guerra L1,0,SANTO DOMINGO,CENTRAL,CENTRAL 138 kV,\VM-PF.IntUser\PDD 31-12-2024.IntPrj\Network Model.IntPrjfolder\Network Data.IntPrjfolder\CENTRAL 138 kV.ElmNet\138 kV AES Interconexión – Guerra L1.ElmLne,3,ZIAANE,\VM-PF.IntUser\PDD 31-12-2024.IntPrj\Network Model.IntPrjfolder\Network Data.IntPrjfolder\CENTRAL 138 kV.ElmNet\ZIAANE.ElmSubstat\3.ElmTerm,Terminal(1),ZGUERE,\VM-PF.IntUser\PDD 31-12-2024.IntPrj\Network Model.IntPrjfolder\Network Data.IntPrjfolder\Expansión 345 kV.ElmNet\Guerra.ElmSite\ZGUERE.ElmSubstat\Terminal(1).ElmTerm,,,17.836000442504883,1,1.3259999752044678,1.0391708612442017,5.898186206817627,6.376186847686768,24.419694900512695,89.72391510009766,44.824764251708984,-4.950484483744232e-15,,,,,,,,
138 kV Guerra – Hainamosa L1,0,SANTO DOMINGO,CENTRAL,CENTRAL 138 kV,\VM-PF.IntUser\PDD 31-12-2024.IntPrj\Network Model.IntPrjfolder\Network Data.IntPrjfolder\CENTRAL 138 kV.ElmNet\138 kV Guerra – Hainamosa L1.ElmLne,E1,ZHNSAE,\VM-PF.IntUser\PDD 31-12-2024.IntPrj\Network Model.IntPrjfolder\Network Data.IntPrjfolder\CENTRAL 138 kV.ElmNet\Hainamosa.ElmSite\ZHNSAE.ElmSubstat\E1.ElmTerm,4(1),ZGUERE,\VM-PF.IntUser\PDD 31-12-2024.IntPrj\Network Model.IntPrjfolder\Network Data.IntPrjfolder\Expansión 345 kV.ElmNet\Guerra.ElmSite\ZGUERE.ElmSubstat\4(1).ElmTerm,,,9.359999656677246,1,1.3259999752044678,0.545337438583374,3.0952577590942383,3.3461036682128906,12.8149995803833,47.08543395996094,23.523197174072266,0.0,,,,,,,,
138 kV AES Interconexión – Guerra L2,0,SANTO DOMINGO,CENTRAL,CENTRAL 138 kV,\VM-PF.IntUser\PDD 31-12-2024.IntPrj\Network Model.IntPrjfolder\Network Data.IntPrjfolder\CENTRAL 138 kV.ElmNet\138 kV AES Interconexión – Guerra L2.ElmLne,Terminal,ZGUERE,\VM-PF.IntUser\PDD 31-12-2024.IntPrj\Network Model.IntPrjfolder\Network Data.IntPrjfolder\Expansión 345 kV.ElmNet\Guerra.ElmSite\ZGUERE.ElmSubstat\Terminal.ElmTerm,2,ZIAANE,\VM-PF.IntUser\PDD 31-12-2024.IntPrj\Network Model.IntPrjfolder\Network Data.IntPrjfolder\CENTRAL 138 kV.ElmNet\ZIAANE.ElmSubstat\2.ElmTerm,,,17.836000442504883,1,1.3259999752044678,1.0391708612442017,5.898186206817627,6.376186847686768,24.419694900512695,89.72391510009766,44.824764251708984,0.0,,,,,,,,
138 kV Guerra – Hainamosa L2,0,SANTO DOMINGO,CENTRAL,CENTRAL 138 kV,\VM-PF.IntUser\PDD 31-12-2024.IntPrj\Network Model.IntPrjfolder\Network Data.IntPrjfolder\CENTRAL 138 kV.ElmNet\138 kV Guerra – Hainamosa L2.ElmLne,4(2),ZGUERE,\VM-PF.IntUser\PDD 31-12-2024.IntPrj\Network Model.IntPrjfolder\Network Data.IntPrjfolder\Expansión 345 kV.ElmNet\Guerra.ElmSite\ZGUERE.ElmSubstat\4(2).ElmTerm,E2,ZHNSAE,\VM-PF.IntUser\PDD 31-12-2024.IntPrj\Network Model.IntPrjfolder\Network Data.IntPrjfolder\CENTRAL 138 kV.ElmNet\Hainamosa.ElmSite\ZHNSAE.ElmSubstat\E2.ElmTerm,,,9.359999656677246,1,1.3259999752044678,0.545337438583374,3.0952577590942383,3.3461036682128906,12.8149995803833,47.08543395996094,23.523197174072266,-2.597921835271219e-15,,,,,,,,
138 kV La Isabela – Los Mina,0,SANTO DOMINGO,CENTRAL,CENTRAL 138 kV,\VM-PF.IntUser\PDD 31-12-2024.IntPrj\Network Model.IntPrjfolder\Network Data.IntPrjfolder\CENTRAL 138 kV.ElmNet\138 kV La Isabela – Los Mina.ElmLne,L5,ZLMINE,\VM-PF.IntUser\PDD 31-12-2024.IntPrj\Network Model.IntPrjfolder\Network Data.IntPrjfolder\CENTRAL 138 kV.ElmNet\ZLMINE.ElmSubstat\L5.ElmTerm,4,ZLISAE,\VM-PF.IntUser\PDD 31-12-2024.IntPrj\Network Model.IntPrjfolder\Network Data.IntPrjfolder\CENTRAL 138 kV.ElmNet\ZLISAE.ElmSubstat\4.ElmTerm,P.TUBULAR TVS-1/1C/138/2xF - 559 AAAC,TypTow,9.699999809265137,1,1.3259999752044678,0.5658906698226929,2.863474130630493,3.8280513286590576,13.637591361999512,54.99497985839844,20.798154830932617,-5.384581563552891e-16,,1.0,,,,,,
138 kV Arroyo Hondo – Palamara_b,0,SANTO DOMINGO,CENTRAL,CENTRAL 138 kV,\VM-PF.IntUser\PDD 31-12-2024.IntPrj\Network Model.IntPrjfolder\Network Data.IntPrjfolder\CENTRAL 138 kV.ElmNet\138 kV Arroyo Hondo – Palamara_b.ElmLne,Tap Palamara,,\VM-PF.IntUser\PDD 31-12-2024.IntPrj\Network Model.IntPrjfolder\Network Data.IntPrjfolder\CENTRAL 138 kV.ElmNet\Tap Palamara.ElmTerm,7,ZPALAE,\VM-PF.IntUser\PDD 31-12-2024.IntPrj\Network Model.IntPrjfolder\Network Data.IntPrjfolder\CENTRAL 138 kV.ElmNet\Palamara.ElmSite\ZPALAE.ElmSubstat\7.ElmTerm,,,6.710000038146973,1,1.3259999752044678,0.3910244405269623,2.218879461288452,2.4027960300445557,9.183341979980469,33.774600982666016,17.1143741607666,-9.311995407285264e-16,,,,,,,,
138 kV Guerra – La Luisa_b,0,ESTE CERCANO,ESTE,CENTRAL 138 kV,\VM-PF.IntUser\PDD 31-12-2024.IntPrj\Network Model.IntPrjfolder\Network Data.IntPrjfolder\CENTRAL 138 kV.ElmNet\138 kV Guerra – La Luisa_b.ElmLne,Tap 2 CIP La Luisa,,\VM-PF.IntUser\PDD 31-12-2024.IntPrj\Network Model.IntPrjfolder\Network Data.IntPrjfolder\ESTE 138 kV.ElmNet\Tap 2 CIP La Luisa.ElmTerm,E1,ZCLUIE,\VM-PF.IntUser\PDD 31-12-2024.IntPrj\Network Model.IntPrjfolder\Network Data.IntPrjfolder\ESTE 138 kV.ElmNet\ZCLUIE.ElmSubstat\E1.ElmTerm,,,1.5579999685287476,1,1.3259999752044678,0.09079226106405258,0.5152032971382141,0.5579070448875427,2.13228702545166,7.84214973449707,3.973799705505371,1.7297274374258848e-16,,,,,,,,
138 kV Arroyo Hondo – Palamara_a,0,DISTRITO NACIONAL,CENTRAL,CENTRAL 138 kV,\VM-PF.IntUser\PDD 31-12-2024.IntPrj\Network Model.IntPrjfolder\Network Data.IntPrjfolder\CENTRAL 138 kV.ElmNet\138 kV Arroyo Hondo – Palamara_a.ElmLne,E02,ZAHONE,\VM-PF.IntUser\PDD 31-12-2024.IntPrj\Network Model.IntPrjfolder\Network Data.IntPrjfolder\CENTRAL 138 kV.ElmNet\Arroyo Hondo.ElmSite\ZAHONE.ElmSubstat\E02.ElmTerm,Tap Palamara,,\VM-PF.IntUser\PDD 31-12-2024.IntPrj\Network Model.IntPrjfolder\Network Data.IntPrjfolder\CENTRAL 138 kV.ElmNet\Tap Palamara.ElmTerm,,,5.690000057220459,1,1.3259999752044678,0.33158406615257263,1.8815834522247314,2.0375423431396484,7.7873640060424805,28.640457153320312,14.512785911560059,-7.896461474404663e-16,,,,,,,,
138 kV Arroyo Hondo – La Isabela,0,DISTRITO NACIONAL,CENTRAL,CENTRAL 138 kV,\VM-PF.IntUser\PDD 31-12-2024.IntPrj\Network Model.IntPrjfolder\Network Data.IntPrjfolder\CENTRAL 138 kV.ElmNet\138 kV Arroyo Hondo – La Isabela.ElmLne,E08,ZAHONE,\VM-PF.IntUser\PDD 31-12-2024.IntPrj\Network Model.IntPrjfolder\Network Data.IntPrjfolder\CENTRAL 138 kV.ElmNet\Arroyo Hondo.ElmSite\ZAHONE.ElmSubstat\E08.ElmTerm,1,ZLISAE,\VM-PF.IntUser\PDD 31-12-2024.IntPrj\Network Model.IntPrjfolder\Network Data.IntPrjfolder\CENTRAL 138 kV.ElmNet\ZLISAE.ElmSubstat\1.ElmTerm,T.ACERO S1/1C/138/2xF - 559.5 AAAC,TypTow,3.0,1,1.3259999752044678,0.17423254251480103,1.060699701309204,1.0954890251159668,3.952138662338257,13.928899765014648,6.495997428894043,4.163336342344337e-16,,1.0,,,,,,
138 kV Los Mina – Los Mina 7,0,SANTO DOMINGO,CENTRAL,CENTRAL 138 kV,\VM-PF.IntUser\PDD 31-12-2024.IntPrj\Network Model.IntPrjfolder\Network Data.IntPrjfolder\CENTRAL 138 kV.ElmNet\138 kV Los Mina – Los Mina 7.ElmLne,2,ZLMI7E,\VM-PF.IntUser\PDD 31-12-2024.IntPrj\Network Model.IntPrjfolder\Network Data.IntPrjfolder\CENTRAL 138 kV.ElmNet\Los Mina 7.ElmSite\ZLMI7E.ElmSubstat\2.ElmTerm,R3,ZLMINE,\VM-PF.IntUser\PDD 31-12-2024.IntPrj\Network Model.IntPrjfolder\Network Data.IntPrjfolder\CENTRAL 138 kV.ElmNet\ZLMINE.ElmSubstat\R3.ElmTerm,T.ACERO S1/1C/138/2xF - 559.5 AAAC,TypTow,0.20000000298023224,1,1.3259999752044678,0.011615502648055553,0.07071331143379211,0.07303260266780853,0.2634759247303009,0.9285933375358582,0.4330665171146393,2.7755575615628914e-17,,1.0,,,,,,
138 kV Los Mina – Villa Duarte,0,SANTO DOMINGO,CENTRAL,CENTRAL 138 kV,\VM-PF.IntUser\PDD 31-12-2024.IntPrj\Network Model.IntPrjfolder\Network Data.IntPrjfolder\CENTRAL 138 kV.ElmNet\138 kV Los Mina – Villa Duarte.ElmLne,R2,ZLMINE,\VM-PF.IntUser\PDD 31-12-2024.IntPrj\Network Model.IntPrjfolder\Network Data.IntPrjfolder\CENTRAL 138 kV.ElmNet\ZLMINE.ElmSubstat\R2.ElmTerm,E1,ZVDUAE,\VM-PF.IntUser\PDD 31-12-2024.IntPrj\Network Model.IntPrjfolder\Network Data.IntPrjfolder\CENTRAL 138 kV.ElmNet\Villa Duarte.ElmSite\ZVDUAE.ElmSubstat\E1.ElmTerm,P.TUBULAR TVS-1/1C/138/2xF - 559 AAAC,TypTow,3.0399999618530273,1,1.3259999752044678,0.17735129594802856,0.897418737411499,1.1997191905975342,4.274049282073975,17.23554039001465,6.518184185028076,-1.6875389762544143e-16,,1.0,,,,,,
138 kV Hainamosa – La Victoria_b,0,SANTO DOMINGO,CENTRAL,CENTRAL 138 kV,\VM-PF.IntUser\PDD 31-12-2024.IntPrj\Network Model.IntPrjfolder\Network Data.IntPrjfolder\CENTRAL 138 kV.ElmNet\138 kV Hainamosa – La Victoria_b.ElmLne,Tap 1 La Victoria,,\VM-PF.IntUser\PDD 31-12-2024.IntPrj\Network Model.IntPrjfolder\Network Data.IntPrjfolder\CENTRAL 138 kV.ElmNet\Tap 1 La Victoria.ElmTerm,E7,ZHNSAE,\VM-PF.IntUser\PDD 31-12-2024.IntPrj\Network Model.IntPrjfolder\Network Data.IntPrjfolder\CENTRAL 138 kV.ElmNet\Hainamosa.ElmSite\ZHNSAE.ElmSubstat\E7.ElmTerm,,,5.559999942779541,1,0.6629999876022339,0.646782398223877,2.638439416885376,2.3971405029296875,8.33707046508789,19.58509635925293,11.423910140991211,8.487655002083498e-16,,,,,,,,
138 kV César Nicolás Penson – UASD,0,DISTRITO NACIONAL,CENTRAL,CENTRAL 138 kV,\VM-PF.IntUser\PDD 31-12-2024.IntPrj\Network Model.IntPrjfolder\Network Data.IntPrjfolder\CENTRAL 138 kV.ElmNet\138 kV César Nicolás Penson – UASD.ElmLne,L1,ZUASDE,\VM-PF.IntUser\PDD 31-12-2024.IntPrj\Network Model.IntPrjfolder\Network Data.IntPrjfolder\CENTRAL 138 kV.ElmNet\ZUASDE.ElmSubstat\L1.ElmTerm,L1,ZCNPEE,\VM-PF.IntUser\PDD 31-12-2024.IntPrj\Network Model.IntPrjfolder\Network Data.IntPrjfolder\CENTRAL 138 kV.ElmNet\ZCNPEE.ElmSubstat\L1.ElmTerm,P.TUBULAR TVS-1/1C/138/2xF - 559 AAAC,TypTow,3.4000000953674316,1,1.3259999752044678,0.19835342466831207,1.0036920309066772,1.3417912721633911,4.780187129974365,19.27659034729004,7.290074825286865,-1.8873791948023253e-16,,1.0,,,,,,
138 kV Palamara – Villa Mella_a,0,SANTO DOMINGO,CENTRAL,CENTRAL 138 kV,\VM-PF.IntUser\PDD 31-12-2024.IntPrj\Network Model.IntPrjfolder\Network Data.IntPrjfolder\CENTRAL 138 kV.ElmNet\138 kV Palamara – Villa Mella_a.ElmLne,Tap 3 Villa Mella,,\VM-PF.IntUser\PDD 31-12-2024.IntPrj\Network Model.IntPrjfolder\Network Data.IntPrjfolder\CENTRAL 138 kV.ElmNet\Tap 3 Villa Mella.ElmTerm,5,ZPALAE,\VM-PF.IntUser\PDD 31-12-2024.IntPrj\Network Model.IntPrjfolder\Network Data.IntPrjfolder\CENTRAL 138 kV.ElmNet\Palamara.ElmSite\ZPALAE.ElmSubstat\5.ElmTerm,,,12.699999809265137,1,0.5680000185966492,1.6588724851608276,6.135404586791992,5.46654748916626,19.31702423095703,43.889007568359375,25.552589416503906,-7.049916100490626e-16,,,,,,,,
138 kV Hainamosa – Villa Mella_b,0,SANTO DOMINGO,CENTRAL,CENTRAL 138 kV,\VM-PF.IntUser\PDD 31-12-2024.IntPrj\Network Model.IntPrjfolder\Network Data.IntPrjfolder\CENTRAL 138 kV.ElmNet\138 kV Hainamosa – Villa Mella_b.ElmLne,Tap 2 Villa Mella,,\VM-PF.IntUser\PDD 31-12-2024.IntPrj\Network Model.IntPrjfolder\Network Data.IntPrjfolder\CENTRAL 138 kV.ElmNet\Tap 2 Villa Mella.ElmTerm,2,ZVMELE,\VM-PF.IntUser\PDD 31-12-2024.IntPrj\Network Model.IntPrjfolder\Network Data.IntPrjfolder\CENTRAL 138 kV.ElmNet\ZVMELE.ElmSubstat\2.ElmTerm,,,1.899999976158142,1,0.5680000185966492,0.24817778170108795,0.9178951978683472,0.817829966545105,2.889948606491089,6.5660719871521,3.8228282928466797,-1.0547118601590089e-16,,,,,,,,
138 kV Estrella del Mar 2 – Timbeque 2,0,DISTRITO NACIONAL,CENTRAL,CENTRAL 138 kV,\VM-PF.IntUser\PDD 31-12-2024.IntPrj\Network Model.IntPrjfolder\Network Data.IntPrjfolder\CENTRAL 138 kV.ElmNet\138 kV Estrella del Mar 2 – Timbeque 2.ElmLne,L3,ZTIM2E,\VM-PF.IntUser\PDD 31-12-2024.IntPrj\Network Model.IntPrjfolder\Network Data.IntPrjfolder\CENTRAL 138 kV.ElmNet\Timbeque 2.ElmSite\ZTIM2E.ElmSubstat\L3.ElmTerm,Terminal Estrella del Mar 2,EDM 2,\VM-PF.IntUser\PDD 31-12-2024.IntPrj\Network Model.IntPrjfolder\Network Data.IntPrjfolder\CENTRAL 138 kV.ElmNet\EDM 2.ElmSite\Terminal Estrella del Mar 2.ElmTerm,T.ACERO S1(2)/1C/138/2xF/559 AAAC,TypTow,0.22300000488758087,1,1.3259999752044678,0.013028278946876526,0.07372228801250458,0.08323149383068085,0.30228251218795776,1.121050477027893,0.4685368239879608,1.2378986995885736e-17,,1.0,,,,,,
138 kV El Brisal – Villa Duarte_b,0,SANTO DOMINGO,CENTRAL,CENTRAL 138 kV,\VM-PF.IntUser\PDD 31-12-2024.IntPrj\Network Model.IntPrjfolder\Network Data.IntPrjfolder\CENTRAL 138 kV.ElmNet\138 kV El Brisal – Villa Duarte_b.ElmLne,Tap 5 El Brisal,,\VM-PF.IntUser\PDD 31-12-2024.IntPrj\Network Model.IntPrjfolder\Network Data.IntPrjfolder\CENTRAL 138 kV.ElmNet\Tap 5 El Brisal.ElmTerm,Tap 2 El Brisal,,\VM-PF.IntUser\PDD 31-12-2024.IntPrj\Network Model.IntPrjfolder\Network Data.IntPrjfolder\CENTRAL 138 kV.ElmNet\Tap 2 El Brisal.ElmTerm,T.ACERO S1 1C 1xF 450 ACAR-138 kV,TypTow,0.2999999523162842,1,0.5680000185966492,0.03923032805323601,0.1449040174484253,0.13367410004138947,0.4523840844631195,1.036364197731018,0.5297460556030273,-3.3306685444798776e-17,,1.0,,,,,,
138 kV Hainamosa – Villa Duarte_b,0,SANTO DOMINGO,CENTRAL,CENTRAL 138 kV,\VM-PF.IntUser\PDD 31-12-2024.IntPrj\Network Model.IntPrjfolder\Network Data.IntPrjfolder\CENTRAL 138 kV.ElmNet\138 kV Hainamosa – Villa Duarte_b.ElmLne,Tap 4 El Brisal,,\VM-PF.IntUser\PDD 31-12-2024.IntPrj\Network Model.IntPrjfolder\Network Data.IntPrjfolder\CENTRAL 138 kV.ElmNet\Tap 4 El Brisal.ElmTerm,Tap 3 El Brisal,,\VM-PF.IntUser\PDD 31-12-2024.IntPrj\Network Model.IntPrjfolder\Network Data.IntPrjfolder\CENTRAL 138 kV.ElmNet\Tap 3 El Brisal.ElmTerm,T.ACERO S1 1C 1xF 450 ACAR-138 kV,TypTow,0.4499998092651367,1,0.5680000185966492,0.05884547531604767,0.21735596656799316,0.20051109790802002,0.6785759329795837,1.5545458793640137,0.7946189045906067,-4.996001493230836e-17,,1.0,,,,,,
138 kV Hainamosa – Los Mina L3,0,SANTO DOMINGO,CENTRAL,CENTRAL 138 kV,\VM-PF.IntUser\PDD 31-12-2024.IntPrj\Network Model.IntPrjfolder\Network Data.IntPrjfolder\CENTRAL 138 kV.ElmNet\138 kV Hainamosa – Los Mina L3.ElmLne,L4,ZLMINE,\VM-PF.IntUser\PDD 31-12-2024.IntPrj\Network Model.IntPrjfolder\Network Data.IntPrjfolder\CENTRAL 138 kV.ElmNet\ZLMINE.ElmSubstat\L4.ElmTerm,E8,ZHNSAE,\VM-PF.IntUser\PDD 31-12-2024.IntPrj\Network Model.IntPrjfolder\Network Data.IntPrjfolder\CENTRAL 138 kV.ElmNet\Hainamosa.ElmSite\ZHNSAE.ElmSubstat\E8.ElmTerm,P.TUBULAR TVS-1/1C/138/2xF - 559 AAAC,TypTow,9.369999885559082,1,1.3259999752044678,0.5466387271881104,2.766057014465332,3.6978187561035156,13.173632621765137,53.12401580810547,20.090587615966797,-5.201394806841387e-16,,1.0,,,,,,
138 kV Guerra – Mirasol L1,0,SANTO DOMINGO,CENTRAL,CENTRAL 138 kV,\VM-PF.IntUser\PDD 31-12-2024.IntPrj\Network Model.IntPrjfolder\Network Data.IntPrjfolder\CENTRAL 138 kV.ElmNet\138 kV Guerra – Mirasol L1.ElmLne,4(7),ZGUERE,\VM-PF.IntUser\PDD 31-12-2024.IntPrj\Network Model.IntPrjfolder\Network Data.IntPrjfolder\Expansión 345 kV.ElmNet\Guerra.ElmSite\ZGUERE.ElmSubstat\4(7).ElmTerm,6,ZMIRAS,\VM-PF.IntUser\PDD 31-12-2024.IntPrj\Network Model.IntPrjfolder\Network Data.IntPrjfolder\CENTRAL 138 kV.ElmNet\ZMIRAS.ElmSubstat\6.ElmTerm,,,4.900000095367432,1,2.744999885559082,0.11771150678396225,1.4452617168426514,0.9662644863128662,5.443910121917725,27.535503387451172,13.618435859680176,8.160139654511374e-16,,,,,,,,
138 kV Boca Chica – SIBA,0,SANTO DOMINGO,CENTRAL,CENTRAL 138 kV,\VM-PF.IntUser\PDD 31-12-2024.IntPrj\Network Model.IntPrjfolder\Network Data.IntPrjfolder\CENTRAL 138 kV.ElmNet\138 kV Boca Chica – SIBA.ElmLne,6,ZBCHIE,\VM-PF.IntUser\PDD 31-12-2024.IntPrj\Network Model.IntPrjfolder\Network Data.IntPrjfolder\CENTRAL 138 kV.ElmNet\Boca Chica.ElmSite\ZBCHIE.ElmSubstat\6.ElmTerm,R2,ZSIBAE,\VM-PF.IntUser\PDD 31-12-2024.IntPrj\Network Model.IntPrjfolder\Network Data.IntPrjfolder\CENTRAL 138 kV.ElmNet\SIBA.ElmSite\ZSIBAE.ElmSubstat\R2.ElmTerm,P.TUBULAR TVS-1/1C/138/3xF - 559 AAAC,TypTow,0.3449999988079071,1,1.9889999628067017,0.01346796378493309,0.08529139310121536,0.12949326634407043,0.46849456429481506,2.3363354206085205,0.7880802750587463,1.53210776868876e-16,,1.0,,,,,,
138 kV Dajao – Hainamosa_b,0,SANTO DOMINGO,CENTRAL,CENTRAL 138 kV,\VM-PF.IntUser\PDD 31-12-2024.IntPrj\Network Model.IntPrjfolder\Network Data.IntPrjfolder\CENTRAL 138 kV.ElmNet\138 kV Dajao – Hainamosa_b.ElmLne,3,ZDJAOE,\VM-PF.IntUser\PDD 31-12-2024.IntPrj\Network Model.IntPrjfolder\Network Data.IntPrjfolder\CENTRAL 138 kV.ElmNet\Dajao.ElmSite\ZDJAOE.ElmSubstat\3.ElmTerm,Tap 2 La Victoria,,\VM-PF.IntUser\PDD 31-12-2024.IntPrj\Network Model.IntPrjfolder\Network Data.IntPrjfolder\CENTRAL 138 kV.ElmNet\Tap 2 La Victoria.ElmTerm,T.ACERO S1(2)/1C/138/1xF/559 AAAC,TypTow,3.677999973297119,1,0.6629999876022339,0.4278535544872284,1.7453560829162598,1.5857343673706055,5.51506233215332,12.937728881835938,6.554640769958496,3.0625503235427775e-16,,1.0,,,,,,
138 kV Dajao – Hainamosa_a,0,SANTO DOMINGO,CENTRAL,CENTRAL 138 kV,\VM-PF.IntUser\PDD 31-12-2024.IntPrj\Network Model.IntPrjfolder\Network Data.IntPrjfolder\CENTRAL 138 kV.ElmNet\138 kV Dajao – Hainamosa_a.ElmLne,Tap 2 La Victoria,,\VM-PF.IntUser\PDD 31-12-2024.IntPrj\Network Model.IntPrjfolder\Network Data.IntPrjfolder\CENTRAL 138 kV.ElmNet\Tap 2 La Victoria.ElmTerm,E9(1),ZHNSAE,\VM-PF.IntUser\PDD 31-12-2024.IntPrj\Network Model.IntPrjfolder\Network Data.IntPrjfolder\CENTRAL 138 kV.ElmNet\Hainamosa.ElmSite\ZHNSAE.ElmSubstat\E9(1).ElmTerm,,,5.559999942779541,1,0.6629999876022339,0.646782398223877,2.638439416885376,2.3971405029296875,8.33707046508789,19.58509635925293,11.423910140991211,-7.716049941735499e-17,,,,,,,,
138 kV AES Andrés – ENADOM,0,SANTO DOMINGO,CENTRAL,CENTRAL 138 kV,\VM-PF.IntUser\PDD 31-12-2024.IntPrj\Network Model.IntPrjfolder\Network Data.IntPrjfolder\CENTRAL 138 kV.ElmNet\138 kV AES Andrés – ENADOM.ElmLne,5,ZAANDE,\VM-PF.IntUser\PDD 31-12-2024.IntPrj\Network Model.IntPrjfolder\Network Data.IntPrjfolder\CENTRAL 138 kV.ElmNet\AES Andrés.ElmSite\ZAANDE.ElmSubstat\5.ElmTerm,1,ZENADE,\VM-PF.IntUser\PDD 31-12-2024.IntPrj\Network Model.IntPrjfolder\Network Data.IntPrjfolder\CENTRAL 138 kV.ElmNet\AES Andrés.ElmSite\ZENADE.ElmSubstat\1.ElmTerm,138 kV XLPE 300 mm^2,TypCabsys,0.8320000171661377,1,0.462799996137619,0.0689440593123436,0.07903555780649185,0.06887838244438171,0.07433613389730453,50.181640625,50.181640625,0.0,,,,,,,,
138 kV Hainamosa – La Victoria_a,0,SANTO DOMINGO,CENTRAL,CENTRAL 138 kV,\VM-PF.IntUser\PDD 31-12-2024.IntPrj\Network Model.IntPrjfolder\Network Data.IntPrjfolder\CENTRAL 138 kV.ElmNet\138 kV Hainamosa – La Victoria_a.ElmLne,2,ZLVICE,\VM-PF.IntUser\PDD 31-12-2024.IntPrj\Network Model.IntPrjfolder\Network Data.IntPrjfolder\CENTRAL 138 kV.ElmNet\La Victoria.ElmSite\ZLVICE.ElmSubstat\2.ElmTerm,Tap 1 La Victoria,,\VM-PF.IntUser\PDD 31-12-2024.IntPrj\Network Model.IntPrjfolder\Network Data.IntPrjfolder\CENTRAL 138 kV.ElmNet\Tap 1 La Victoria.ElmTerm,T.ACERO S1(2)/1C/138/1xF/559 AAAC,TypTow,6.630000114440918,1,0.6629999876022339,0.7712531685829163,3.1461966037750244,2.8584609031677246,9.941507339477539,23.32168197631836,11.815462112426758,5.520583820542001e-16,,1.0,,,,,,
138 kV Guerra – Mirasol L2,0,SANTO DOMINGO,CENTRAL,CENTRAL 138 kV,\VM-PF.IntUser\PDD 31-12-2024.IntPrj\Network Model.IntPrjfolder\Network Data.IntPrjfolder\CENTRAL 138 kV.ElmNet\138 kV Guerra – Mirasol L2.ElmLne,4(6),ZGUERE,\VM-PF.IntUser\PDD 31-12-2024.IntPrj\Network Model.IntPrjfolder\Network Data.IntPrjfolder\Expansión 345 kV.ElmNet\Guerra.ElmSite\ZGUERE.ElmSubstat\4(6).ElmTerm,5,ZMIRAS,\VM-PF.IntUser\PDD 31-12-2024.IntPrj\Network Model.IntPrjfolder\Network Data.IntPrjfolder\CENTRAL 138 kV.ElmNet\ZMIRAS.ElmSubstat\5.ElmTerm,,,4.900000095367432,1,2.744999885559082,0.11771150678396225,1.4452617168426514,0.9662644863128662,5.443910121917725,27.535503387451172,13.618435859680176,9.52016222440248e-16,,,,,,,,
138 kV Mirasol – Mata de Palma 2 L1,0,SANTO DOMINGO,CENTRAL,CENTRAL 138 kV,\VM-PF.IntUser\PDD 31-12-2024.IntPrj\Network Model.IntPrjfolder\Network Data.IntPrjfolder\CENTRAL 138 kV.ElmNet\138 kV Mirasol – Mata de Palma 2 L1.ElmLne,L2,ZWCAPI,\VM-PF.IntUser\PDD 31-12-2024.IntPrj\Network Model.IntPrjfolder\Network Data.IntPrjfolder\CENTRAL 138 kV.ElmNet\ZWCAPI.ElmSubstat\L2.ElmTerm,2,ZMIRAS,\VM-PF.IntUser\PDD 31-12-2024.IntPrj\Network Model.IntPrjfolder\Network Data.IntPrjfolder\CENTRAL 138 kV.ElmNet\ZMIRAS.ElmSubstat\2.ElmTerm,,,20.815000534057617,1,2.744999885559082,0.5000336766242981,6.139412879943848,4.104651927947998,23.125507354736328,116.96969604492188,57.85055923461914,4.044126195897188e-15,,,,,,,,
138 kV Mirasol – Mata de Palma 2 L2,1,SANTO DOMINGO,CENTRAL,CENTRAL 138 kV,\VM-PF.IntUser\PDD 31-12-2024.IntPrj\Network Model.IntPrjfolder\Network Data.IntPrjfolder\CENTRAL 138 kV.ElmNet\138 kV Mirasol – Mata de Palma 2 L2.ElmLne,R2,ZWCAPI,\VM-PF.IntUser\PDD 31-12-2024.IntPrj\Network Model.IntPrjfolder\Network Data.IntPrjfolder\CENTRAL 138 kV.ElmNet\ZWCAPI.ElmSubstat\R2.ElmTerm,3,ZMIRAS,\VM-PF.IntUser\PDD 31-12-2024.IntPrj\Network Model.IntPrjfolder\Network Data.IntPrjfolder\CENTRAL 138 kV.ElmNet\ZMIRAS.ElmSubstat\3.ElmTerm,,,20.815000534057617,1,2.744999885559082,0.5000336766242981,6.139412879943848,4.104651927947998,23.125507354736328,116.96969604492188,57.85055923461914,3.466393821695236e-15,,,,,,,,
69 kV CZFI Santiago – SAJOMA_b,0,CIBAO NORTE,NORTE,NORTE 69 kV,\VM-PF.IntUser\PDD 31-12-2024.IntPrj\Network Model.IntPrjfolder\Network Data.IntPrjfolder\NORTE 69 kV.ElmNet\69 kV CZFI Santiago – SAJOMA_b.ElmLne,Tap Interamericana Products,,\VM-PF.IntUser\PDD 31-12-2024.IntPrj\Network Model.IntPrjfolder\Network Data.IntPrjfolder\NORTE 69 kV.ElmNet\Tap Interamericana Products.ElmTerm,Tap CZF Santiago,,\VM-PF.IntUser\PDD 31-12-2024.IntPrj\Network Model.IntPrjfolder\Network Data.IntPrjfolder\NORTE 69 kV.ElmNet\Tap CZF Santiago.ElmTerm,P.MADERA TP-IG 55 P/69 - 4/0 AAAC,TypTow,1.6469999551773071,1,0.3799999952316284,0.5060083866119385,0.7803570032119751,1.1705126762390137,2.5495669841766357,5.841800689697266,3.1866490840911865,-9.142686358972236e-17,,1.0,,,,,,
69 kV CZFI Santiago – SAJOMA_e,0,CIBAO NORTE,NORTE,NORTE 69 kV,\VM-PF.IntUser\PDD 31-12-2024.IntPrj\Network Model.IntPrjfolder\Network Data.IntPrjfolder\NORTE 69 kV.ElmNet\69 kV CZFI Santiago – SAJOMA_e.ElmLne,Tap Ochoa,,\VM-PF.IntUser\PDD 31-12-2024.IntPrj\Network Model.IntPrjfolder\Network Data.IntPrjfolder\NORTE 69 kV.ElmNet\Tap Ochoa.ElmTerm,Tap Ferretería Ochoa,,\VM-PF.IntUser\PDD 31-12-2024.IntPrj\Network Model.IntPrjfolder\Network Data.IntPrjfolder\NORTE 69 kV.ElmNet\Tap Ferretería Ochoa.ElmTerm,P.MADERA TVS-1/1C/69/1xF - 4/0 AAAC,TypTow,1.75,1,0.3799999952316284,0.5377529263496399,0.8133717775344849,1.2066537141799927,2.7701265811920166,6.368233680725098,3.255716562271118,-2.42861286636753e-17,,1.0,,,,,,
69 kV Imbert 2 – Navarrete_d,0,CIBAO NORTE,NORTE,NORTE 69 kV,\VM-PF.IntUser\PDD 31-12-2024.IntPrj\Network Model.IntPrjfolder\Network Data.IntPrjfolder\NORTE 69 kV.ElmNet\69 kV Imbert 2 – Navarrete_d.ElmLne,3,ZNAVAF,\VM-PF.IntUser\PDD 31-12-2024.IntPrj\Network Model.IntPrjfolder\Network Data.IntPrjfolder\NORTE 69 kV.ElmNet\ZNAVAF.ElmSubstat\3.ElmTerm,Tap Navarrete,,\VM-PF.IntUser\PDD 31-12-2024.IntPrj\Network Model.IntPrjfolder\Network Data.IntPrjfolder\NORTE 69 kV.ElmNet\Tap Navarrete.ElmTerm,P.MADERA TP-IG 55 P/69 - 4/0 ACSR,TypTow,4.328999996185303,1,0.3569999933242798,1.1368401050567627,2.0511021614074707,2.8834335803985596,6.701321125030518,15.553961753845215,8.434745788574219,7.209232939352911e-16,,1.0,,,,,,
69 kV Navarrete – ZF Esperanza_e,0,CIBAO NOROESTE,NORTE,NORTE 69 kV,\VM-PF.IntUser\PDD 31-12-2024.IntPrj\Network Model.IntPrjfolder\Network Data.IntPrjfolder\NORTE 69 kV.ElmNet\69 kV Navarrete – ZF Esperanza_e.ElmLne,Tap Esperanza,,\VM-PF.IntUser\PDD 31-12-2024.IntPrj\Network Model.IntPrjfolder\Network Data.IntPrjfolder\NORTE 69 kV.ElmNet\Tap Esperanza.ElmTerm,69 kV ZF Esperanza(1),,\VM-PF.IntUser\PDD 31-12-2024.IntPrj\Network Model.IntPrjfolder\Network Data.IntPrjfolder\NORTE 69 kV.ElmNet\69 kV ZF Esperanza(1).ElmTerm,P.MADERA TP-IG 55 P/69 - 4/0 ACSR,TypTow,1.2100000381469727,1,0.3569999933242798,0.3177585303783417,0.5733041763305664,0.805949330329895,1.8730882406234741,4.347492218017578,2.357598304748535,2.0150548532221302e-16,,1.0,,,,,,
69 kV Derivación Cruce de Esperanza,0,CIBAO NOROESTE,NORTE,NORTE 69 kV,\VM-PF.IntUser\PDD 31-12-2024.IntPrj\Network Model.IntPrjfolder\Network Data.IntPrjfolder\NORTE 69 kV.ElmNet\69 kV Derivación Cruce de Esperanza.ElmLne,69 kV Cruce de Esperanza,,\VM-PF.IntUser\PDD 31-12-2024.IntPrj\Network Model.IntPrjfolder\Network Data.IntPrjfolder\NORTE 69 kV.ElmNet\69 kV Cruce de Esperanza.ElmTerm,Tap Esperanza,,\VM-PF.IntUser\PDD 31-12-2024.IntPrj\Network Model.IntPrjfolder\Network Data.IntPrjfolder\NORTE 69 kV.ElmNet\Tap Esperanza.ElmTerm,P.MADERA TP-IG 55 P/69 - 4/0 ACSR,TypTow,0.20999999344348907,1,0.3569999933242798,0.0551481693983078,0.09949906915426254,0.13987550139427185,0.32508140802383423,0.7545233964920044,0.4091699421405792,3.4972025010994635e-17,,1.0,,,,,,
69 kV Navarrete – ZF Esperanza_b,0,CIBAO NORTE,NORTE,NORTE 69 kV,\VM-PF.IntUser\PDD 31-12-2024.IntPrj\Network Model.IntPrjfolder\Network Data.IntPrjfolder\NORTE 69 kV.ElmNet\69 kV Navarrete – ZF Esperanza_b.ElmLne,Tap Portela Pasta Linda,,\VM-PF.IntUser\PDD 31-12-2024.IntPrj\Network Model.IntPrjfolder\Network Data.IntPrjfolder\NORTE 69 kV.ElmNet\Tap Portela Pasta Linda.ElmTerm,Tap Arroz Bisonó,,\VM-PF.IntUser\PDD 31-12-2024.IntPrj\Network Model.IntPrjfolder\Network Data.IntPrjfolder\NORTE 69 kV.ElmNet\Tap Arroz Bisonó.ElmTerm,P.MADERA TP-IG 55 P/69 - 4/0 ACSR,TypTow,0.6499999761581421,1,0.3569999933242798,0.17069672048091888,0.30797329545021057,0.43294796347618103,1.00620436668396,2.3354296684265137,1.266478419303894,1.0824674093048582e-16,,1.0,,,,,,
69 kV Navarrete – ZF Esperanza_d,0,CIBAO NOROESTE,NORTE,NORTE 69 kV,\VM-PF.IntUser\PDD 31-12-2024.IntPrj\Network Model.IntPrjfolder\Network Data.IntPrjfolder\NORTE 69 kV.ElmNet\69 kV Navarrete – ZF Esperanza_d.ElmLne,Tap Brazo Derecho,,\VM-PF.IntUser\PDD 31-12-2024.IntPrj\Network Model.IntPrjfolder\Network Data.IntPrjfolder\NORTE 69 kV.ElmNet\Tap Brazo Derecho.ElmTerm,Tap Esperanza,,\VM-PF.IntUser\PDD 31-12-2024.IntPrj\Network Model.IntPrjfolder\Network Data.IntPrjfolder\NORTE 69 kV.ElmNet\Tap Esperanza.ElmTerm,P.MADERA TP-IG 55 P/69 - 4/0 ACSR,TypTow,4.890000343322754,1,0.3569999933242798,1.2841646671295166,2.3169071674346924,3.25710129737854,7.569753646850586,17.569618225097656,9.527814865112305,8.143486457372763e-16,,1.0,,,,,,
69 kV Navarrete – ZF Esperanza_c,0,CIBAO NORTE,NORTE,NORTE 69 kV,\VM-PF.IntUser\PDD 31-12-2024.IntPrj\Network Model.IntPrjfolder\Network Data.IntPrjfolder\NORTE 69 kV.ElmNet\69 kV Navarrete – ZF Esperanza_c.ElmLne,Tap Arroz Bisonó,,\VM-PF.IntUser\PDD 31-12-2024.IntPrj\Network Model.IntPrjfolder\Network Data.IntPrjfolder\NORTE 69 kV.ElmNet\Tap Arroz Bisonó.ElmTerm,Tap Brazo Derecho,,\VM-PF.IntUser\PDD 31-12-2024.IntPrj\Network Model.IntPrjfolder\Network Data.IntPrjfolder\NORTE 69 kV.ElmNet\Tap Brazo Derecho.ElmTerm,P.MADERA TP-IG 55 P/69 - 4/0 ACSR,TypTow,7.0,1,0.3569999933242798,1.8382723331451416,3.3166356086730957,4.6625165939331055,10.836047172546387,25.150781631469727,13.638998031616211,1.1657341758564144e-15,,1.0,,,,,,
69 kV CZFI Santiago – SAJOMA_g,0,CIBAO NORTE,NORTE,NORTE 69 kV,\VM-PF.IntUser\PDD 31-12-2024.IntPrj\Network Model.IntPrjfolder\Network Data.IntPrjfolder\NORTE 69 kV.ElmNet\69 kV CZFI Santiago – SAJOMA_g.ElmLne,Tap Acero Cibao,,\VM-PF.IntUser\PDD 31-12-2024.IntPrj\Network Model.IntPrjfolder\Network Data.IntPrjfolder\NORTE 69 kV.ElmNet\Tap Acero Cibao.ElmTerm,Tap PIMCO,,\VM-PF.IntUser\PDD 31-12-2024.IntPrj\Network Model.IntPrjfolder\Network Data.IntPrjfolder\NORTE 69 kV.ElmNet\Tap PIMCO.ElmTerm,P.MADERA TVS-1/1C/69/1xF - 4/0 AAAC,TypTow,3.619999885559082,1,0.3799999952316284,1.1123802661895752,1.6825175285339355,2.496049404144287,5.7302045822143555,13.17314624786377,6.734681606292725,-5.023759027610156e-17,,1.0,,,,,,
69 kV CZFI Santiago – SAJOMA_c,0,CIBAO NORTE,NORTE,NORTE 69 kV,\VM-PF.IntUser\PDD 31-12-2024.IntPrj\Network Model.IntPrjfolder\Network Data.IntPrjfolder\NORTE 69 kV.ElmNet\69 kV CZFI Santiago – SAJOMA_c.ElmLne,Tap Art Piel Favoritos,,\VM-PF.IntUser\PDD 31-12-2024.IntPrj\Network Model.IntPrjfolder\Network Data.IntPrjfolder\NORTE 69 kV.ElmNet\Tap Art Piel Favoritos.ElmTerm,Tap Interamericana Products,,\VM-PF.IntUser\PDD 31-12-2024.IntPrj\Network Model.IntPrjfolder\Network Data.IntPrjfolder\NORTE 69 kV.ElmNet\Tap Interamericana Products.ElmTerm,P.MADERA/1C/69/1xF - 4/0 ACSR,TypTow,0.6600000262260437,1,0.3569999933242798,0.17292851209640503,0.3009440302848816,0.4269754886627197,1.0562336444854736,2.4682371616363525,1.1787453889846802,-3.6637361268468044e-17,,1.0,,,,,,
69 kV Navarrete – ZF Santiago_c,0,CIBAO NORTE,NORTE,NORTE 69 kV,\VM-PF.IntUser\PDD 31-12-2024.IntPrj\Network Model.IntPrjfolder\Network Data.IntPrjfolder\NORTE 69 kV.ElmNet\69 kV Navarrete – ZF Santiago_c.ElmLne,Tap Acueducto Quiniga,,\VM-PF.IntUser\PDD 31-12-2024.IntPrj\Network Model.IntPrjfolder\Network Data.IntPrjfolder\NORTE 69 kV.ElmNet\Tap Acueducto Quiniga.ElmTerm,Tap Quinigua,,\VM-PF.IntUser\PDD 31-12-2024.IntPrj\Network Model.IntPrjfolder\Network Data.IntPrjfolder\NORTE 69 kV.ElmNet\Tap Quinigua.ElmTerm,P.MADERA TP-IG 50 P/69 - 559 AAAC,TypTow,0.5199999809265137,1,0.6629999876022339,0.060604970902204514,0.22180579602718353,0.2724834680557251,0.7875596880912781,2.041995048522949,1.0652152299880981,-1.4432898790731443e-17,,1.0,,,,,,
69 kV Derivación F Ochoa Las Lavas,0,CIBAO NORTE,NORTE,NORTE 69 kV,\VM-PF.IntUser\PDD 31-12-2024.IntPrj\Network Model.IntPrjfolder\Network Data.IntPrjfolder\NORTE 69 kV.ElmNet\69 kV Derivación F Ochoa Las Lavas.ElmLne,Tap Ochoa Las Lavas,,\VM-PF.IntUser\PDD 31-12-2024.IntPrj\Network Model.IntPrjfolder\Network Data.IntPrjfolder\NORTE 69 kV.ElmNet\Tap Ochoa Las Lavas.ElmTerm,69 kV Ferretería Ochoa Las Lavas,,\VM-PF.IntUser\PDD 31-12-2024.IntPrj\Network Model.IntPrjfolder\Network Data.IntPrjfolder\NORTE 69 kV.ElmNet\69 kV Ferretería Ochoa Las Lavas.ElmTerm,P.MADERA TP-IG 55 P/69 - 4/0 ACSR,TypTow,0.949999988079071,1,0.3569999933242798,0.24947981536388397,0.4501148462295532,0.6327701210975647,1.4706063270568848,3.413320302963257,1.8510068655014038,1.5820677571512889e-16,,1.0,,,,,,
69 kV Navarrete – ZF Santiago_b,0,CIBAO NORTE,NORTE,NORTE 69 kV,\VM-PF.IntUser\PDD 31-12-2024.IntPrj\Network Model.IntPrjfolder\Network Data.IntPrjfolder\NORTE 69 kV.ElmNet\69 kV Navarrete – ZF Santiago_b.ElmLne,Tap Ochoa Las Lavas,,\VM-PF.IntUser\PDD 31-12-2024.IntPrj\Network Model.IntPrjfolder\Network Data.IntPrjfolder\NORTE 69 kV.ElmNet\Tap Ochoa Las Lavas.ElmTerm,Tap Quinigua,,\VM-PF.IntUser\PDD 31-12-2024.IntPrj\Network Model.IntPrjfolder\Network Data.IntPrjfolder\NORTE 69 kV.ElmNet\Tap Quinigua.ElmTerm,P.MADERA TP-IG 55 P/69 - 450 ACAR,TypTow,6.010000228881836,1,0.5680000185966492,0.7876125574111938,2.6492607593536377,3.212428331375122,9.105213165283203,22.820974349975586,12.06153392791748,0.0,,1.0,,,,,,
69 kV Derivación Portela Pasta Linda,0,CIBAO NORTE,NORTE,NORTE 69 kV,\VM-PF.IntUser\PDD 31-12-2024.IntPrj\Network Model.IntPrjfolder\Network Data.IntPrjfolder\NORTE 69 kV.ElmNet\69 kV Derivación Portela Pasta Linda.ElmLne,Tap Portela Pasta Linda,,\VM-PF.IntUser\PDD 31-12-2024.IntPrj\Network Model.IntPrjfolder\Network Data.IntPrjfolder\NORTE 69 kV.ElmNet\Tap Portela Pasta Linda.ElmTerm,69 kV Portela Pastas Linda,,\VM-PF.IntUser\PDD 31-12-2024.IntPrj\Network Model.IntPrjfolder\Network Data.IntPrjfolder\NORTE 69 kV.ElmNet\69 kV Portela Pastas Linda.ElmTerm,P.MADERA TP-IG 55 P/69 - 4/0 ACSR,TypTow,0.4000000059604645,1,0.3569999933242798,0.10504413396120071,0.18952204287052155,0.2664295434951782,0.6192026734352112,1.4371875524520874,0.7793713212013245,6.661338412448735e-17,,1.0,,,,,,
69 kV Navarrete – ZF Esperanza_a,0,CIBAO NORTE,NORTE,NORTE 69 kV,\VM-PF.IntUser\PDD 31-12-2024.IntPrj\Network Model.IntPrjfolder\Network Data.IntPrjfolder\NORTE 69 kV.ElmNet\69 kV Navarrete – ZF Esperanza_a.ElmLne,2,ZNAVAF,\VM-PF.IntUser\PDD 31-12-2024.IntPrj\Network Model.IntPrjfolder\Network Data.IntPrjfolder\NORTE 69 kV.ElmNet\ZNAVAF.ElmSubstat\2.ElmTerm,Tap Portela Pasta Linda,,\VM-PF.IntUser\PDD 31-12-2024.IntPrj\Network Model.IntPrjfolder\Network Data.IntPrjfolder\NORTE 69 kV.ElmNet\Tap Portela Pasta Linda.ElmTerm,P.MADERA TP-IG 55 P/69 - 4/0 ACSR,TypTow,0.7599999904632568,1,0.3569999933242798,0.19958385825157166,0.3600918650627136,0.5062161087989807,1.1764850616455078,2.730656147003174,1.480805516242981,1.2656542321908107e-16,,1.0,,,,,,
69 kV Derivación Imbert,0,CIBAO NORTE,NORTE,NORTE 69 kV,\VM-PF.IntUser\PDD 31-12-2024.IntPrj\Network Model.IntPrjfolder\Network Data.IntPrjfolder\NORTE 69 kV.ElmNet\69 kV Derivación Imbert.ElmLne,69 kV Imbert,,\VM-PF.IntUser\PDD 31-12-2024.IntPrj\Network Model.IntPrjfolder\Network Data.IntPrjfolder\NORTE 69 kV.ElmNet\69 kV Imbert.ElmTerm,Tap Imbert,,\VM-PF.IntUser\PDD 31-12-2024.IntPrj\Network Model.IntPrjfolder\Network Data.IntPrjfolder\NORTE 69 kV.ElmNet\Tap Imbert.ElmTerm,P.MADERA TP-IG 50 P/69 - 4/0 ACSR,TypTow,1.350000023841858,1,0.3569999933242798,0.3545241057872772,0.6396371126174927,0.8994458317756653,2.0889763832092285,4.852100849151611,2.677072525024414,-7.494005548568705e-17,,1.0,,,,,,
69 kV CZFI Santiago – SAJOMA_h,0,CIBAO NORTE,NORTE,NORTE 69 kV,\VM-PF.IntUser\PDD 31-12-2024.IntPrj\Network Model.IntPrjfolder\Network Data.IntPrjfolder\NORTE 69 kV.ElmNet\69 kV CZFI Santiago – SAJOMA_h.ElmLne,69 kV San José de las Matas,,\VM-PF.IntUser\PDD 31-12-2024.IntPrj\Network Model.IntPrjfolder\Network Data.IntPrjfolder\NORTE 69 kV.ElmNet\69 kV San José de las Matas.ElmTerm,Tap PIMCO,,\VM-PF.IntUser\PDD 31-12-2024.IntPrj\Network Model.IntPrjfolder\Network Data.IntPrjfolder\NORTE 69 kV.ElmNet\Tap PIMCO.ElmTerm,P.MADERA TP-IG 55 P/69 - 4/0 AAAC,TypTow,28.0,1,0.3799999952316284,8.602449417114258,13.266542434692383,19.89942741394043,43.34418869018555,99.31415557861328,54.17496871948242,-1.5543122344752192e-15,,1.0,,,,,,
69 kV Sosúa 2 – Sabaneta de Yásica_d,0,CIBAO NORTE,NORTE,NORTE 69 kV,\VM-PF.IntUser\PDD 31-12-2024.IntPrj\Network Model.IntPrjfolder\Network Data.IntPrjfolder\NORTE 69 kV.ElmNet\69 kV Sosúa 2 – Sabaneta de Yásica_d.ElmLne,Tap Sosúa,,\VM-PF.IntUser\PDD 31-12-2024.IntPrj\Network Model.IntPrjfolder\Network Data.IntPrjfolder\NORTE 69 kV.ElmNet\Tap Sosúa.ElmTerm,Tap Cabarete,,\VM-PF.IntUser\PDD 31-12-2024.IntPrj\Network Model.IntPrjfolder\Network Data.IntPrjfolder\NORTE 69 kV.ElmNet\Tap Cabarete.ElmTerm,P.MADERA TP-IG 50 P/69 - 559 AAAC,TypTow,12.880000114440918,1,0.6629999876022339,1.5011385679244995,5.493959426879883,6.749206066131592,19.507247924804688,50.57864761352539,26.384563446044922,-3.5749181710567396e-16,,1.0,,,,,,
69 kV Derivación Hosp Metropilitano Stgo,0,CIBAO NORTE,NORTE,NORTE 69 kV,\VM-PF.IntUser\PDD 31-12-2024.IntPrj\Network Model.IntPrjfolder\Network Data.IntPrjfolder\NORTE 69 kV.ElmNet\69 kV Derivación Hosp Metropilitano Stgo.ElmLne,Tap Hospital Metropolitano Santiago,,\VM-PF.IntUser\PDD 31-12-2024.IntPrj\Network Model.IntPrjfolder\Network Data.IntPrjfolder\NORTE 69 kV.ElmNet\Tap Hospital Metropolitano Santiago.ElmTerm,69 kV Hospital Metropolitano Santiago,,\VM-PF.IntUser\PDD 31-12-2024.IntPrj\Network Model.IntPrjfolder\Network Data.IntPrjfolder\NORTE 69 kV.ElmNet\69 kV Hospital Metropolitano Santiago.ElmTerm,P.MADERA TVS-1/1C/69/1xF - 4/0 AAAC,TypTow,0.14000000059604645,1,0.3799999952316284,0.043020233511924744,0.06506974250078201,0.09653230011463165,0.22161012887954712,0.5094587206840515,0.260457307100296,-1.94289030136583e-18,,1.0,,,,,,
69 kV Derivación Pto Plata Electricidad,0,CIBAO NORTE,NORTE,NORTE 69 kV,\VM-PF.IntUser\PDD 31-12-2024.IntPrj\Network Model.IntPrjfolder\Network Data.IntPrjfolder\NORTE 69 kV.ElmNet\69 kV Derivación Pto Plata Electricidad.ElmLne,69 kV Puerto Plata Electricidad,,\VM-PF.IntUser\PDD 31-12-2024.IntPrj\Network Model.IntPrjfolder\Network Data.IntPrjfolder\NORTE 69 kV.ElmNet\69 kV Puerto Plata Electricidad.ElmTerm,Tap Puerto Plata Electricidad,,\VM-PF.IntUser\PDD 31-12-2024.IntPrj\Network Model.IntPrjfolder\Network Data.IntPrjfolder\NORTE 69 kV.ElmNet\Tap Puerto Plata Electricidad.ElmTerm,P.MADERA TP-IG 55 P/69 - 559 AAAC,TypTow,0.05000000074505806,1,0.6629999876022339,0.0058305165730416775,0.02161673828959465,0.02600369229912758,0.0753268226981163,0.19366244971752167,0.10139739513397217,3.816391729867037e-18,,1.0,,,,,,
69 kV Derivación Aero de Puerto Plata,0,CIBAO NORTE,NORTE,NORTE 69 kV,\VM-PF.IntUser\PDD 31-12-2024.IntPrj\Network Model.IntPrjfolder\Network Data.IntPrjfolder\NORTE 69 kV.ElmNet\69 kV Derivación Aero de Puerto Plata.ElmLne,Tap Aeropuerto de Puerto Plata,,\VM-PF.IntUser\PDD 31-12-2024.IntPrj\Network Model.IntPrjfolder\Network Data.IntPrjfolder\NORTE 69 kV.ElmNet\Tap Aeropuerto de Puerto Plata.ElmTerm,69 kV Aeropuerto de Puerto Plata,,\VM-PF.IntUser\PDD 31-12-2024.IntPrj\Network Model.IntPrjfolder\Network Data.IntPrjfolder\NORTE 69 kV.ElmNet\69 kV Aeropuerto de Puerto Plata.ElmTerm,P.MADERA TP-IG 55 P/69 - 4/0 ACSR,TypTow,0.23999999463558197,1,0.3569999933242798,0.06302648037672043,0.11371321976184845,0.15985772013664246,0.37152162194252014,0.8623124957084656,0.4676227867603302,3.996802716596996e-17,,1.0,,,,,,
69 kV Derivación Acueducto Sosúa,0,CIBAO NORTE,NORTE,NORTE 69 kV,\VM-PF.IntUser\PDD 31-12-2024.IntPrj\Network Model.IntPrjfolder\Network Data.IntPrjfolder\NORTE 69 kV.ElmNet\69 kV Derivación Acueducto Sosúa.ElmLne,Tap Acueducto de Sosúa,,\VM-PF.IntUser\PDD 31-12-2024.IntPrj\Network Model.IntPrjfolder\Network Data.IntPrjfolder\NORTE 69 kV.ElmNet\Tap Acueducto de Sosúa.ElmTerm,69 kV Acueducto INAPA Sosúa,,\VM-PF.IntUser\PDD 31-12-2024.IntPrj\Network Model.IntPrjfolder\Network Data.IntPrjfolder\NORTE 69 kV.ElmNet\69 kV Acueducto INAPA Sosúa.ElmTerm,P.MADERA TP-IG 55 P/69 - 4/0 ACSR,TypTow,13.710000038146973,1,0.3569999933242798,3.6003878116607666,6.495867729187012,9.131872177124023,21.223173141479492,49.25960159301758,26.71295166015625,2.2831737094339407e-15,,1.0,,,,,,
69 kV Derivación ZF de Gurabo,0,CIBAO NORTE,NORTE,NORTE 69 kV,\VM-PF.IntUser\PDD 31-12-2024.IntPrj\Network Model.IntPrjfolder\Network Data.IntPrjfolder\NORTE 69 kV.ElmNet\69 kV Derivación ZF de Gurabo.ElmLne,Tap ZF Gurabo,,\VM-PF.IntUser\PDD 31-12-2024.IntPrj\Network Model.IntPrjfolder\Network Data.IntPrjfolder\NORTE 69 kV.ElmNet\Tap ZF Gurabo.ElmTerm,69 kV ZF de Gurabo,,\VM-PF.IntUser\PDD 31-12-2024.IntPrj\Network Model.IntPrjfolder\Network Data.IntPrjfolder\NORTE 69 kV.ElmNet\69 kV ZF de Gurabo.ElmTerm,P.MADERA TP-IG 55 P/69 - 4/0 ACSR,TypTow,4.389999866485596,1,0.3569999933242798,1.1528593301773071,2.0800042152404785,2.9240639209747314,6.795749187469482,15.77313232421875,8.553600311279297,7.310818659508303e-16,,1.0,,,,,,
69 kV Derivación Pastas Princesa,0,CIBAO NORTE,NORTE,NORTE 69 kV,\VM-PF.IntUser\PDD 31-12-2024.IntPrj\Network Model.IntPrjfolder\Network Data.IntPrjfolder\NORTE 69 kV.ElmNet\69 kV Derivación Pastas Princesa.ElmLne,69 kV Pastas Princesa,,\VM-PF.IntUser\PDD 31-12-2024.IntPrj\Network Model.IntPrjfolder\Network Data.IntPrjfolder\NORTE 69 kV.ElmNet\69 kV Pastas Princesa.ElmTerm,Tap Pastas Princesa,,\VM-PF.IntUser\PDD 31-12-2024.IntPrj\Network Model.IntPrjfolder\Network Data.IntPrjfolder\NORTE 69 kV.ElmNet\Tap Pastas Princesa.ElmTerm,P.MADERA TP-IG 50 P/69 - 4/0 ACSR,TypTow,0.23000000417232513,1,0.3569999933242798,0.060400404036045074,0.10897520929574966,0.1532389223575592,0.3558996915817261,0.8266541957855225,0.45609384775161743,-1.2767565014799872e-17,,1.0,,,,,,
69 kV Derivación E León Jiménez_a,0,CIBAO NORTE,NORTE,NORTE 69 kV,\VM-PF.IntUser\PDD 31-12-2024.IntPrj\Network Model.IntPrjfolder\Network Data.IntPrjfolder\NORTE 69 kV.ElmNet\69 kV Derivación E León Jiménez_a.ElmLne,Tap Licey,,\VM-PF.IntUser\PDD 31-12-2024.IntPrj\Network Model.IntPrjfolder\Network Data.IntPrjfolder\NORTE 69 kV.ElmNet\Tap Licey.ElmTerm,Tap Molinos del Valle,,\VM-PF.IntUser\PDD 31-12-2024.IntPrj\Network Model.IntPrjfolder\Network Data.IntPrjfolder\NORTE 69 kV.ElmNet\Tap Molinos del Valle.ElmTerm,P.MADERA TP-IG 50 P/69 - 4/0 ACSR,TypTow,1.3700000047683716,1,0.3569999933242798,0.3597763180732727,0.6491132378578186,0.9127709269523621,2.119924306869507,4.923983573913574,2.7167327404022217,-7.605027745152102e-17,,1.0,,,,,,
69 kV Canabacoa – Playa Dorada_c,0,CIBAO NORTE,NORTE,NORTE 69 kV,\VM-PF.IntUser\PDD 31-12-2024.IntPrj\Network Model.IntPrjfolder\Network Data.IntPrjfolder\NORTE 69 kV.ElmNet\69 kV Canabacoa – Playa Dorada_c.ElmLne,Tap ZF Gurabo,,\VM-PF.IntUser\PDD 31-12-2024.IntPrj\Network Model.IntPrjfolder\Network Data.IntPrjfolder\NORTE 69 kV.ElmNet\Tap ZF Gurabo.ElmTerm,Tap Don Pedro,,\VM-PF.IntUser\PDD 31-12-2024.IntPrj\Network Model.IntPrjfolder\Network Data.IntPrjfolder\NORTE 69 kV.ElmNet\Tap Don Pedro.ElmTerm,P.MADERA TP-IG 50 P/69 - 4/0 ACSR,TypTow,3.5899999141693115,1,0.3569999933242798,0.9427714943885803,1.7009608745574951,2.391859531402588,5.555129528045654,12.902993202209473,7.119029521942139,-1.9928502815565527e-16,,1.0,,,,,,
69 kV Canabacoa – Unión Médica_c,0,CIBAO NORTE,NORTE,NORTE 69 kV,\VM-PF.IntUser\PDD 31-12-2024.IntPrj\Network Model.IntPrjfolder\Network Data.IntPrjfolder\NORTE 69 kV.ElmNet\69 kV Canabacoa – Unión Médica_c.ElmLne,Tap Villa Olga,,\VM-PF.IntUser\PDD 31-12-2024.IntPrj\Network Model.IntPrjfolder\Network Data.IntPrjfolder\NORTE 69 kV.ElmNet\Tap Villa Olga.ElmTerm,69 kV Unión Médica,,\VM-PF.IntUser\PDD 31-12-2024.IntPrj\Network Model.IntPrjfolder\Network Data.IntPrjfolder\NORTE 69 kV.ElmNet\69 kV Unión Médica.ElmTerm,P.MADERA TP-IG 55 P/69 - 4/0 ACSR,TypTow,0.7599999904632568,1,0.3569999933242798,0.19958385825157166,0.3600918650627136,0.5062161087989807,1.1764850616455078,2.730656147003174,1.480805516242981,1.2656542321908107e-16,,1.0,,,,,,
69 kV Derivación E León Jiménez_d,0,CIBAO NORTE,NORTE,NORTE 69 kV,\VM-PF.IntUser\PDD 31-12-2024.IntPrj\Network Model.IntPrjfolder\Network Data.IntPrjfolder\NORTE 69 kV.ElmNet\69 kV Derivación E León Jiménez_d.ElmLne,Tap Pastas Princesa,,\VM-PF.IntUser\PDD 31-12-2024.IntPrj\Network Model.IntPrjfolder\Network Data.IntPrjfolder\NORTE 69 kV.ElmNet\Tap Pastas Princesa.ElmTerm,69 kV E León Jiménez,,\VM-PF.IntUser\PDD 31-12-2024.IntPrj\Network Model.IntPrjfolder\Network Data.IntPrjfolder\NORTE 69 kV.ElmNet\69 kV E León Jiménez.ElmTerm,P.MADERA TP-IG 50 P/69 - 4/0 ACSR,TypTow,2.450000047683716,1,0.3569999933242798,0.6433956027030945,1.160822868347168,1.6323275566101074,3.7911055088043213,8.8056640625,4.858390808105469,-1.3600232316355964e-16,,1.0,,,,,,
69 kV Derivación E León Jiménez_b,0,CIBAO NORTE,NORTE,NORTE 69 kV,\VM-PF.IntUser\PDD 31-12-2024.IntPrj\Network Model.IntPrjfolder\Network Data.IntPrjfolder\NORTE 69 kV.ElmNet\69 kV Derivación E León Jiménez_b.ElmLne,Tap Molinos del Valle,,\VM-PF.IntUser\PDD 31-12-2024.IntPrj\Network Model.IntPrjfolder\Network Data.IntPrjfolder\NORTE 69 kV.ElmNet\Tap Molinos del Valle.ElmTerm,Tap ZF Licey,,\VM-PF.IntUser\PDD 31-12-2024.IntPrj\Network Model.IntPrjfolder\Network Data.IntPrjfolder\NORTE 69 kV.ElmNet\Tap ZF Licey.ElmTerm,P.MADERA TP-IG 50 P/69 - 4/0 ACSR,TypTow,0.23999999463558197,1,0.3569999933242798,0.06302651017904282,0.11371325701475143,0.1599014699459076,0.37137356400489807,0.8625956177711487,0.47592398524284363,-1.3322675997716858e-17,,1.0,,,,,,
69 kV Canabacoa – Playa Dorada_b,0,CIBAO NORTE,NORTE,NORTE 69 kV,\VM-PF.IntUser\PDD 31-12-2024.IntPrj\Network Model.IntPrjfolder\Network Data.IntPrjfolder\NORTE 69 kV.ElmNet\69 kV Canabacoa – Playa Dorada_b.ElmLne,Tap Licey,,\VM-PF.IntUser\PDD 31-12-2024.IntPrj\Network Model.IntPrjfolder\Network Data.IntPrjfolder\NORTE 69 kV.ElmNet\Tap Licey.ElmTerm,Tap Don Pedro,,\VM-PF.IntUser\PDD 31-12-2024.IntPrj\Network Model.IntPrjfolder\Network Data.IntPrjfolder\NORTE 69 kV.ElmNet\Tap Don Pedro.ElmTerm,P.MADERA TP-IG 50 P/69 - 4/0 ACSR,TypTow,2.940000057220459,1,0.3569999933242798,0.7720747590065002,1.3929874897003174,1.9587931632995605,4.549326419830322,10.566797256469727,5.830069065093994,-1.6320278779627156e-16,,1.0,,,,,,
69 kV Sosúa 2 – Sabaneta de Yásica_e,0,CIBAO NORTE,NORTE,NORTE 69 kV,\VM-PF.IntUser\PDD 31-12-2024.IntPrj\Network Model.IntPrjfolder\Network Data.IntPrjfolder\NORTE 69 kV.ElmNet\69 kV Sosúa 2 – Sabaneta de Yásica_e.ElmLne,Tap Cabarete,,\VM-PF.IntUser\PDD 31-12-2024.IntPrj\Network Model.IntPrjfolder\Network Data.IntPrjfolder\NORTE 69 kV.ElmNet\Tap Cabarete.ElmTerm,69 kV Sabaneta de Yásica,,\VM-PF.IntUser\PDD 31-12-2024.IntPrj\Network Model.IntPrjfolder\Network Data.IntPrjfolder\NORTE 69 kV.ElmNet\69 kV Sabaneta de Yásica.ElmTerm,P.MADERA TP-IG 50 P/69 - 559 AAAC,TypTow,10.5,1,0.6629999876022339,1.2237542867660522,4.478771209716797,5.502070426940918,15.902647972106934,41.23259353637695,21.5091552734375,-2.914335439641036e-16,,1.0,,,,,,
69 kV Sosúa 2 – Sabaneta de Yásica_c,0,CIBAO NORTE,NORTE,NORTE 69 kV,\VM-PF.IntUser\PDD 31-12-2024.IntPrj\Network Model.IntPrjfolder\Network Data.IntPrjfolder\NORTE 69 kV.ElmNet\69 kV Sosúa 2 – Sabaneta de Yásica_c.ElmLne,Tap Acueducto de Sosúa,,\VM-PF.IntUser\PDD 31-12-2024.IntPrj\Network Model.IntPrjfolder\Network Data.IntPrjfolder\NORTE 69 kV.ElmNet\Tap Acueducto de Sosúa.ElmTerm,Tap Sosúa,,\VM-PF.IntUser\PDD 31-12-2024.IntPrj\Network Model.IntPrjfolder\Network Data.IntPrjfolder\NORTE 69 kV.ElmNet\Tap Sosúa.ElmTerm,P.MADERA TP-IG 50 P/69 - 559 AAAC,TypTow,3.25,1,0.6629999876022339,0.3787810802459717,1.3862862586975098,1.703021764755249,4.922248363494873,12.762469291687012,6.657595634460449,-9.020562075079397e-17,,1.0,,,,,,
69 kV Playa Dorada – Sosúa 2_b,0,CIBAO NORTE,NORTE,NORTE 69 kV,\VM-PF.IntUser\PDD 31-12-2024.IntPrj\Network Model.IntPrjfolder\Network Data.IntPrjfolder\NORTE 69 kV.ElmNet\69 kV Playa Dorada – Sosúa 2_b.ElmLne,Tap Aeropuerto de Puerto Plata,,\VM-PF.IntUser\PDD 31-12-2024.IntPrj\Network Model.IntPrjfolder\Network Data.IntPrjfolder\NORTE 69 kV.ElmNet\Tap Aeropuerto de Puerto Plata.ElmTerm,Tap 1 Sosúa 2,,\VM-PF.IntUser\PDD 31-12-2024.IntPrj\Network Model.IntPrjfolder\Network Data.IntPrjfolder\NORTE 69 kV.ElmNet\Tap 1 Sosúa 2.ElmTerm,P.MADERA TP-IG 50 P/69 - 559 AAAC,TypTow,2.7899999618530273,1,0.6629999876022339,0.32516899704933167,1.1900734901428223,1.4619786739349365,4.225560665130615,10.95608901977539,5.71528959274292,-7.743805490881348e-17,,1.0,,,,,,
69 kV Playa Dorada – Sosúa 2_a,0,CIBAO NORTE,NORTE,NORTE 69 kV,\VM-PF.IntUser\PDD 31-12-2024.IntPrj\Network Model.IntPrjfolder\Network Data.IntPrjfolder\NORTE 69 kV.ElmNet\69 kV Playa Dorada – Sosúa 2_a.ElmLne,1,ZPDORF,\VM-PF.IntUser\PDD 31-12-2024.IntPrj\Network Model.IntPrjfolder\Network Data.IntPrjfolder\NORTE 69 kV.ElmNet\ZPDORF.ElmSubstat\1.ElmTerm,Tap Aeropuerto de Puerto Plata,,\VM-PF.IntUser\PDD 31-12-2024.IntPrj\Network Model.IntPrjfolder\Network Data.IntPrjfolder\NORTE 69 kV.ElmNet\Tap Aeropuerto de Puerto Plata.ElmTerm,P.MADERA TP-IG 50 P/69 - 559 AAAC,TypTow,11.829999923706055,1,0.6629999876022339,1.378763198852539,5.046082019805908,6.198998928070068,17.916982650756836,46.455387115478516,24.2336483001709,-3.283484574153077e-16,,1.0,,,,,,
69 kV Derivación Caribbean Ind Park,0,CIBAO NORTE,NORTE,NORTE 69 kV,\VM-PF.IntUser\PDD 31-12-2024.IntPrj\Network Model.IntPrjfolder\Network Data.IntPrjfolder\NORTE 69 kV.ElmNet\69 kV Derivación Caribbean Ind Park.ElmLne,Tap Parque Industrial,,\VM-PF.IntUser\PDD 31-12-2024.IntPrj\Network Model.IntPrjfolder\Network Data.IntPrjfolder\NORTE 69 kV.ElmNet\Tap Parque Industrial.ElmTerm,69 kV Caribbean Ind Park,,\VM-PF.IntUser\PDD 31-12-2024.IntPrj\Network Model.IntPrjfolder\Network Data.IntPrjfolder\NORTE 69 kV.ElmNet\69 kV Caribbean Ind Park.ElmTerm,P.MADERA TP-IG 50 P/69 - 2/0 ACSR,TypTow,0.5199999809265137,1,0.26499998569488525,0.2167414128780365,0.2555622458457947,0.4266371726989746,0.8138262629508972,1.797727346420288,1.0091279745101929,-3.608224697682861e-17,,1.0,,,,,,
69 kV Derivación Maimón,0,CIBAO SUR,NORTE,NORTE 69 kV,\VM-PF.IntUser\PDD 31-12-2024.IntPrj\Network Model.IntPrjfolder\Network Data.IntPrjfolder\NORTE 69 kV.ElmNet\69 kV Derivación Maimón.ElmLne,Tap Maimón,,\VM-PF.IntUser\PDD 31-12-2024.IntPrj\Network Model.IntPrjfolder\Network Data.IntPrjfolder\NORTE 69 kV.ElmNet\Tap Maimón.ElmTerm,69 kV Maimón,,\VM-PF.IntUser\PDD 31-12-2024.IntPrj\Network Model.IntPrjfolder\Network Data.IntPrjfolder\NORTE 69 kV.ElmNet\69 kV Maimón.ElmTerm,P.MADERA TP-IG 50 P/69 - 4/0 AAAC,TypTow,0.28999999165534973,1,0.3799999952316284,0.08909682929515839,0.13740351796150208,0.20615407824516296,0.44874307513237,1.028944730758667,0.570988655090332,3.2196466787687254e-17,,1.0,,,,,,
69 kV SFM – El Chivo_b,0,CIBAO NORESTE,NORTE,NORTE 69 kV,\VM-PF.IntUser\PDD 31-12-2024.IntPrj\Network Model.IntPrjfolder\Network Data.IntPrjfolder\NORTE 69 kV.ElmNet\69 kV SFM – El Chivo_b.ElmLne,Tap El Chivo,,\VM-PF.IntUser\PDD 31-12-2024.IntPrj\Network Model.IntPrjfolder\Network Data.IntPrjfolder\NORTE 69 kV.ElmNet\Tap El Chivo.ElmTerm,69 kV El Chivo,ZECHIF,\VM-PF.IntUser\PDD 31-12-2024.IntPrj\Network Model.IntPrjfolder\Network Data.IntPrjfolder\NORTE 69 kV.ElmNet\ZECHIF.ElmSubstat\69 kV El Chivo.ElmTerm,P.MADERA TP-IG 50 P/69 - 559 AAAC,TypTow,1.409999966621399,1,0.6629999876022339,0.16433271765708923,0.6014349460601807,0.738849401473999,2.135498523712158,5.536948204040527,2.8883721828460693,-3.913536069159448e-17,,1.0,,,,,,
69 kV Derivación Grupo Ramos SFM,0,CIBAO NORESTE,NORTE,NORTE 69 kV,\VM-PF.IntUser\PDD 31-12-2024.IntPrj\Network Model.IntPrjfolder\Network Data.IntPrjfolder\NORTE 69 kV.ElmNet\69 kV Derivación Grupo Ramos SFM.ElmLne,69 kV Grupo Ramos SFM,,\VM-PF.IntUser\PDD 31-12-2024.IntPrj\Network Model.IntPrjfolder\Network Data.IntPrjfolder\NORTE 69 kV.ElmNet\69 kV Grupo Ramos SFM.ElmTerm,Tap Grupo Ramos,,\VM-PF.IntUser\PDD 31-12-2024.IntPrj\Network Model.IntPrjfolder\Network Data.IntPrjfolder\NORTE 69 kV.ElmNet\Tap Grupo Ramos.ElmTerm,P.MADERA TVS/1C/69/1xF - 4/0 AAAC,TypTow,0.3100000023841858,1,0.3799999952316284,0.09511981159448624,0.14164841175079346,0.2178090512752533,0.4923577904701233,1.1372257471084595,0.5800044536590576,-3.441691402807765e-17,,1.0,,,,,,
69 kV Derivación CODAL,0,CIBAO NORESTE,NORTE,NORTE 69 kV,\VM-PF.IntUser\PDD 31-12-2024.IntPrj\Network Model.IntPrjfolder\Network Data.IntPrjfolder\NORTE 69 kV.ElmNet\69 kV Derivación CODAL.ElmLne,Tap CODAL,,\VM-PF.IntUser\PDD 31-12-2024.IntPrj\Network Model.IntPrjfolder\Network Data.IntPrjfolder\NORTE 69 kV.ElmNet\Tap CODAL.ElmTerm,69 kV CODAL,ZCODAF,\VM-PF.IntUser\PDD 31-12-2024.IntPrj\Network Model.IntPrjfolder\Network Data.IntPrjfolder\NORTE 69 kV.ElmNet\ZCODAF.ElmSubstat\69 kV CODAL.ElmTerm,P.MADERA TP-IG 50 P/69 - 4/0 AAAC,TypTow,0.20000000298023224,1,0.3799999952316284,0.061446093022823334,0.09476105123758316,0.14217522740364075,0.3094779849052429,0.7096171379089355,0.3937852680683136,2.2204460823375376e-17,,1.0,,,,,,
69 kV Pimentel – SFM_b,0,CIBAO NORESTE,NORTE,NORTE 69 kV,\VM-PF.IntUser\PDD 31-12-2024.IntPrj\Network Model.IntPrjfolder\Network Data.IntPrjfolder\NORTE 69 kV.ElmNet\69 kV Pimentel – SFM_b.ElmLne,Tap Grupo Ramos,,\VM-PF.IntUser\PDD 31-12-2024.IntPrj\Network Model.IntPrjfolder\Network Data.IntPrjfolder\NORTE 69 kV.ElmNet\Tap Grupo Ramos.ElmTerm,Tap CODAL,,\VM-PF.IntUser\PDD 31-12-2024.IntPrj\Network Model.IntPrjfolder\Network Data.IntPrjfolder\NORTE 69 kV.ElmNet\Tap CODAL.ElmTerm,P.MADERA TP-IG 55 P/69 - 559 AAAC,TypTow,3.319999933242798,1,0.6629999876022339,0.3871462941169739,1.4353513717651367,1.7266451120376587,5.0017008781433105,12.859186172485352,6.732786655426025,2.5340840854706553e-16,,1.0,,,,,,
69 kV Pimentel – SFM_c,0,CIBAO NORESTE,NORTE,NORTE 69 kV,\VM-PF.IntUser\PDD 31-12-2024.IntPrj\Network Model.IntPrjfolder\Network Data.IntPrjfolder\NORTE 69 kV.ElmNet\69 kV Pimentel – SFM_c.ElmLne,4,ZSFMAF,\VM-PF.IntUser\PDD 31-12-2024.IntPrj\Network Model.IntPrjfolder\Network Data.IntPrjfolder\NORTE 138 kV.ElmNet\SFM.ElmSite\ZSFMAF.ElmSubstat\4.ElmTerm,Tap Grupo Ramos,,\VM-PF.IntUser\PDD 31-12-2024.IntPrj\Network Model.IntPrjfolder\Network Data.IntPrjfolder\NORTE 69 kV.ElmNet\Tap Grupo Ramos.ElmTerm,P.CONCRETO TVS-1/1C/69/1xF - 559 AAAC,TypTow,5.420000076293945,1,0.6629999876022339,0.632337212562561,2.2943594455718994,2.7040185928344727,8.354708671569824,21.59757423400879,10.551518440246582,0.0,,1.0,,,,,,
69 kV Pimentel – Abanico_a,0,CIBAO NORESTE,NORTE,NORTE 69 kV,\VM-PF.IntUser\PDD 31-12-2024.IntPrj\Network Model.IntPrjfolder\Network Data.IntPrjfolder\NORTE 69 kV.ElmNet\69 kV Pimentel – Abanico_a.ElmLne,3,ZPIMEF,\VM-PF.IntUser\PDD 31-12-2024.IntPrj\Network Model.IntPrjfolder\Network Data.IntPrjfolder\NORTE 69 kV.ElmNet\ZPIMEF.ElmSubstat\3.ElmTerm,Tap Pimentel,,\VM-PF.IntUser\PDD 31-12-2024.IntPrj\Network Model.IntPrjfolder\Network Data.IntPrjfolder\NORTE 69 kV.ElmNet\Tap Pimentel.ElmTerm,P.MADERA TP-IG 50 P/69 - 4/0 CU,TypTow,2.4000000953674316,1,0.47999998927116394,0.45492109656333923,1.1371251344680786,1.423670768737793,3.713728427886963,8.515405654907227,4.725423336029053,2.664535364979494e-16,,1.0,,,,,,
69 kV Pimentel – Abanico_b,0,CIBAO NORESTE,NORTE,NORTE 69 kV,\VM-PF.IntUser\PDD 31-12-2024.IntPrj\Network Model.IntPrjfolder\Network Data.IntPrjfolder\NORTE 69 kV.ElmNet\69 kV Pimentel – Abanico_b.ElmLne,Tap Pimentel,,\VM-PF.IntUser\PDD 31-12-2024.IntPrj\Network Model.IntPrjfolder\Network Data.IntPrjfolder\NORTE 69 kV.ElmNet\Tap Pimentel.ElmTerm,69 kV Abanico PER,ZABANF,\VM-PF.IntUser\PDD 31-12-2024.IntPrj\Network Model.IntPrjfolder\Network Data.IntPrjfolder\NORTE 69 kV.ElmNet\ZABANF.ElmSubstat\69 kV Abanico PER.ElmTerm,P.MADERA TP-IG 55 P/69 - 559 AAAC,TypTow,18.43000030517578,1,0.6629999876022339,2.1491284370422363,7.967929840087891,9.5849609375,27.765466690063477,71.38397979736328,37.37508010864258,1.4067220373720777e-15,,1.0,,,,,,
69 kV Hatillo – Pimentel_b,0,CIBAO SUR,NORTE,NORTE 69 kV,\VM-PF.IntUser\PDD 31-12-2024.IntPrj\Network Model.IntPrjfolder\Network Data.IntPrjfolder\NORTE 69 kV.ElmNet\69 kV Hatillo – Pimentel_b.ElmLne,Tap Cotuí,,\VM-PF.IntUser\PDD 31-12-2024.IntPrj\Network Model.IntPrjfolder\Network Data.IntPrjfolder\NORTE 69 kV.ElmNet\Tap Cotuí.ElmTerm,Tap Cotuí 2,,\VM-PF.IntUser\PDD 31-12-2024.IntPrj\Network Model.IntPrjfolder\Network Data.IntPrjfolder\NORTE 69 kV.ElmNet\Tap Cotuí 2.ElmTerm,P.MADERA TP-IG 55 P/69 - 4/0 AAAC,TypTow,4.0,1,0.3799999952316284,1.2289214134216309,1.895220398902893,2.842775344848633,6.1920270919799805,14.187737464904785,7.73928165435791,-2.220446049250313e-16,,1.0,,,,,,
69 kV Hatillo – Pimentel_a,0,CIBAO SUR,NORTE,NORTE 69 kV,\VM-PF.IntUser\PDD 31-12-2024.IntPrj\Network Model.IntPrjfolder\Network Data.IntPrjfolder\NORTE 69 kV.ElmNet\69 kV Hatillo – Pimentel_a.ElmLne,Tap Cotuí,,\VM-PF.IntUser\PDD 31-12-2024.IntPrj\Network Model.IntPrjfolder\Network Data.IntPrjfolder\NORTE 69 kV.ElmNet\Tap Cotuí.ElmTerm,Tap Cotuí 3,,\VM-PF.IntUser\PDD 31-12-2024.IntPrj\Network Model.IntPrjfolder\Network Data.IntPrjfolder\NORTE 69 kV.ElmNet\Tap Cotuí 3.ElmTerm,P.MADERA TP-IG 55 P/69 - 4/0 AAAC,TypTow,0.10000000149011612,1,0.3799999952316284,0.03072303533554077,0.047380510717630386,0.0710693821310997,0.154800683259964,0.3546934425830841,0.19348204135894775,-5.551115205843844e-18,,1.0,,,,,,
69 kV Bonao 2 – Hatillo_e,0,CIBAO SUR,NORTE,NORTE 69 kV,\VM-PF.IntUser\PDD 31-12-2024.IntPrj\Network Model.IntPrjfolder\Network Data.IntPrjfolder\NORTE 69 kV.ElmNet\69 kV Bonao 2 – Hatillo_e.ElmLne,Tap CORMIDOM,,\VM-PF.IntUser\PDD 31-12-2024.IntPrj\Network Model.IntPrjfolder\Network Data.IntPrjfolder\NORTE 69 kV.ElmNet\Tap CORMIDOM.ElmTerm,Tap Las Lagunas,,\VM-PF.IntUser\PDD 31-12-2024.IntPrj\Network Model.IntPrjfolder\Network Data.IntPrjfolder\NORTE 69 kV.ElmNet\Tap Las Lagunas.ElmTerm,P.MADERA TP-IG 50 P/69 - 559 AAAC,TypTow,10.300000190734863,1,0.6629999876022339,1.2004446983337402,4.393461227416992,5.397268772125244,15.599740982055664,40.44721221923828,21.099456787109375,-2.8588243413493373e-16,,1.0,,,,,,
69 kV Bonao 2 – Hatillo_d,0,CIBAO SUR,NORTE,NORTE 69 kV,\VM-PF.IntUser\PDD 31-12-2024.IntPrj\Network Model.IntPrjfolder\Network Data.IntPrjfolder\NORTE 69 kV.ElmNet\69 kV Bonao 2 – Hatillo_d.ElmLne,Tap Maimón,,\VM-PF.IntUser\PDD 31-12-2024.IntPrj\Network Model.IntPrjfolder\Network Data.IntPrjfolder\NORTE 69 kV.ElmNet\Tap Maimón.ElmTerm,Tap CORMIDOM,,\VM-PF.IntUser\PDD 31-12-2024.IntPrj\Network Model.IntPrjfolder\Network Data.IntPrjfolder\NORTE 69 kV.ElmNet\Tap CORMIDOM.ElmTerm,P.MADERA TP-IG 50 P/69 - 559 AAAC,TypTow,3.09999942779541,1,0.6629999876022339,0.3612988293170929,1.3223036527633667,1.624420404434204,4.695066928863525,12.173430442810059,6.350320816040039,-8.604226852658187e-17,,1.0,,,,,,
69 kV Bonao 2 – Hatillo_c,0,CIBAO SUR,NORTE,NORTE 69 kV,\VM-PF.IntUser\PDD 31-12-2024.IntPrj\Network Model.IntPrjfolder\Network Data.IntPrjfolder\NORTE 69 kV.ElmNet\69 kV Bonao 2 – Hatillo_c.ElmLne,Tap La Cumbre Bonao,,\VM-PF.IntUser\PDD 31-12-2024.IntPrj\Network Model.IntPrjfolder\Network Data.IntPrjfolder\NORTE 69 kV.ElmNet\Tap La Cumbre Bonao.ElmTerm,Tap Maimón,,\VM-PF.IntUser\PDD 31-12-2024.IntPrj\Network Model.IntPrjfolder\Network Data.IntPrjfolder\NORTE 69 kV.ElmNet\Tap Maimón.ElmTerm,P.MADERA TP-IG 50 P/69 - 559 AAAC,TypTow,8.420000076293945,1,0.6629999876022339,0.981334388256073,3.591547966003418,4.412136554718018,12.752409934997559,33.064613342285156,17.248294830322266,-2.337019488011778e-16,,1.0,,,,,,
69 kV Derivación La Cumbre Bonao,0,CIBAO SUR,NORTE,NORTE 69 kV,\VM-PF.IntUser\PDD 31-12-2024.IntPrj\Network Model.IntPrjfolder\Network Data.IntPrjfolder\NORTE 69 kV.ElmNet\69 kV Derivación La Cumbre Bonao.ElmLne,Tap La Cumbre Bonao,,\VM-PF.IntUser\PDD 31-12-2024.IntPrj\Network Model.IntPrjfolder\Network Data.IntPrjfolder\NORTE 69 kV.ElmNet\Tap La Cumbre Bonao.ElmTerm,69 kV La Cumbre Bonao,,\VM-PF.IntUser\PDD 31-12-2024.IntPrj\Network Model.IntPrjfolder\Network Data.IntPrjfolder\NORTE 69 kV.ElmNet\69 kV La Cumbre Bonao.ElmTerm,P.MADERA TP-IG 50 P/69 - 4/0 AAAC,TypTow,20.299999237060547,1,0.3799999952316284,6.236778259277344,9.618246078491211,14.430785179138184,31.41201400756836,72.02613067626953,39.96920394897461,2.253752655285773e-15,,1.0,,,,,,
69 kV Nagua 2 – Payita_b,0,CIBAO NORESTE,NORTE,NORTE 69 kV,\VM-PF.IntUser\PDD 31-12-2024.IntPrj\Network Model.IntPrjfolder\Network Data.IntPrjfolder\NORTE 69 kV.ElmNet\69 kV Nagua 2 – Payita_b.ElmLne,69 kV Payita,ZPAYIF,\VM-PF.IntUser\PDD 31-12-2024.IntPrj\Network Model.IntPrjfolder\Network Data.IntPrjfolder\NORTE 69 kV.ElmNet\ZPAYIF.ElmSubstat\69 kV Payita.ElmTerm,Tap Nagua,,\VM-PF.IntUser\PDD 31-12-2024.IntPrj\Network Model.IntPrjfolder\Network Data.IntPrjfolder\NORTE 69 kV.ElmNet\Tap Nagua.ElmTerm,P.MADERA TP-IG 55 P/69 - 559 AAAC,TypTow,22.649999618530273,1,0.6629999876022339,2.641223907470703,9.79238224029541,11.779671669006348,34.123046875,87.72908782958984,45.93301773071289,1.7288253738068386e-15,,1.0,,,,,,
69 kV La Vega – Constanza_a,0,CIBAO SUR,NORTE,NORTE 69 kV,\VM-PF.IntUser\PDD 31-12-2024.IntPrj\Network Model.IntPrjfolder\Network Data.IntPrjfolder\NORTE 69 kV.ElmNet\69 kV La Vega – Constanza_a.ElmLne,6,ZLVEGF,\VM-PF.IntUser\PDD 31-12-2024.IntPrj\Network Model.IntPrjfolder\Network Data.IntPrjfolder\NORTE 69 kV.ElmNet\ZLVEGF.ElmSubstat\6.ElmTerm,Tap Jimenoa,,\VM-PF.IntUser\PDD 31-12-2024.IntPrj\Network Model.IntPrjfolder\Network Data.IntPrjfolder\NORTE 69 kV.ElmNet\Tap Jimenoa.ElmTerm,T.ACERO S1/69/1xF-559.5 MCM,TypTow,17.700000762939453,1,0.6629999876022339,2.0528955459594727,8.805978775024414,7.497124195098877,25.84280776977539,58.95390319824219,33.127655029296875,-7.369105643586832e-16,,1.0,,,,,,
69 kV La Vega – Constanza_e,0,CIBAO SUR,NORTE,NORTE 69 kV,\VM-PF.IntUser\PDD 31-12-2024.IntPrj\Network Model.IntPrjfolder\Network Data.IntPrjfolder\NORTE 69 kV.ElmNet\69 kV La Vega – Constanza_e.ElmLne,69 kV Constanza,ZCONSF,\VM-PF.IntUser\PDD 31-12-2024.IntPrj\Network Model.IntPrjfolder\Network Data.IntPrjfolder\NORTE 69 kV.ElmNet\Constanza/El Salto.ElmSite\ZCONSF.ElmSubstat\69 kV Constanza.ElmTerm,Tap Tireo,,\VM-PF.IntUser\PDD 31-12-2024.IntPrj\Network Model.IntPrjfolder\Network Data.IntPrjfolder\NORTE 69 kV.ElmNet\Tap Tireo.ElmTerm,P.MADERA/69 TH-1G- 2/0 AAAC,TypTow,6.210000038146973,1,0.2849999964237213,3.032902240753174,3.25766658782959,5.942741394042969,8.070878028869629,19.907712936401367,13.975831031799316,-2.585432016826599e-16,,1.0,,,,,,
69 kV Canabacoa – La Vega Generadora_d,0,CIBAO SUR,NORTE,NORTE 69 kV,\VM-PF.IntUser\PDD 31-12-2024.IntPrj\Network Model.IntPrjfolder\Network Data.IntPrjfolder\NORTE 69 kV.ElmNet\69 kV Canabacoa – La Vega Generadora_d.ElmLne,Tap ZF La Vega,,\VM-PF.IntUser\PDD 31-12-2024.IntPrj\Network Model.IntPrjfolder\Network Data.IntPrjfolder\NORTE 69 kV.ElmNet\Tap ZF La Vega.ElmTerm,R3,ZGVEGF,\VM-PF.IntUser\PDD 31-12-2024.IntPrj\Network Model.IntPrjfolder\Network Data.IntPrjfolder\NORTE 69 kV.ElmNet\Diésel La Vega.ElmSite\ZGVEGF.ElmSubstat\R3.ElmTerm,P.MADERA TP-IG 50 P/69 - 559 AAAC,TypTow,0.75,1,0.5999999642372131,0.08741102367639542,0.31991222500801086,0.39300501346588135,1.1359034776687622,2.9451851844787598,1.5363682508468628,-2.0816681711721685e-17,,1.0,,,,,,
69 kV Canabacoa – La Vega Generadora_c,0,CIBAO SUR,NORTE,NORTE 69 kV,\VM-PF.IntUser\PDD 31-12-2024.IntPrj\Network Model.IntPrjfolder\Network Data.IntPrjfolder\NORTE 69 kV.ElmNet\69 kV Canabacoa – La Vega Generadora_c.ElmLne,Tap ZF La Vega,,\VM-PF.IntUser\PDD 31-12-2024.IntPrj\Network Model.IntPrjfolder\Network Data.IntPrjfolder\NORTE 69 kV.ElmNet\Tap ZF La Vega.ElmTerm,Tap La Penda,,\VM-PF.IntUser\PDD 31-12-2024.IntPrj\Network Model.IntPrjfolder\Network Data.IntPrjfolder\NORTE 69 kV.ElmNet\Tap La Penda.ElmTerm,P.MADERA TP-IG 50 P/69 - 559 AAAC,TypTow,10.399999618530273,1,0.5999999642372131,1.2120994329452515,4.436115741729736,5.449669361114502,15.75119400024414,40.839900970458984,21.304306030273438,-2.8865797581462886e-16,,1.0,,,,,,
69 kV Canabacoa – La Vega Generadora_b,0,CIBAO SUR,NORTE,NORTE 69 kV,\VM-PF.IntUser\PDD 31-12-2024.IntPrj\Network Model.IntPrjfolder\Network Data.IntPrjfolder\NORTE 69 kV.ElmNet\69 kV Canabacoa – La Vega Generadora_b.ElmLne,Tap La Penda,,\VM-PF.IntUser\PDD 31-12-2024.IntPrj\Network Model.IntPrjfolder\Network Data.IntPrjfolder\NORTE 69 kV.ElmNet\Tap La Penda.ElmTerm,Tap Cruce Tavera,,\VM-PF.IntUser\PDD 31-12-2024.IntPrj\Network Model.IntPrjfolder\Network Data.IntPrjfolder\NORTE 69 kV.ElmNet\Tap Cruce Tavera.ElmTerm,P.MADERA TP-IG 50 P/69 - 559 AAAC,TypTow,2.270000457763672,1,0.5999999642372131,0.26456406712532043,0.9682678580284119,1.1894954442977905,3.438001871109009,8.914095878601074,4.650075435638428,-6.300516935297184e-17,,1.0,,,,,,
69 kV La Vega – Constanza_b,0,CIBAO SUR,NORTE,NORTE 69 kV,\VM-PF.IntUser\PDD 31-12-2024.IntPrj\Network Model.IntPrjfolder\Network Data.IntPrjfolder\NORTE 69 kV.ElmNet\69 kV La Vega – Constanza_b.ElmLne,Tap Jimenoa,,\VM-PF.IntUser\PDD 31-12-2024.IntPrj\Network Model.IntPrjfolder\Network Data.IntPrjfolder\NORTE 69 kV.ElmNet\Tap Jimenoa.ElmTerm,Tap Paso Bajito,,\VM-PF.IntUser\PDD 31-12-2024.IntPrj\Network Model.IntPrjfolder\Network Data.IntPrjfolder\NORTE 69 kV.ElmNet\Tap Paso Bajito.ElmTerm,P.MADERA/69 TH-1G- 2/0 CU,TypTow,4.559999942779541,1,0.36000001430511475,1.376299500465393,2.3915529251098633,3.512993097305298,5.925891876220703,14.618224143981934,10.262445449829102,-1.898481414460665e-16,,1.0,,,,,,
69 kV La Vega – SFM_a,0,CIBAO SUR,NORTE,NORTE 69 kV,\VM-PF.IntUser\PDD 31-12-2024.IntPrj\Network Model.IntPrjfolder\Network Data.IntPrjfolder\NORTE 69 kV.ElmNet\69 kV La Vega – SFM_a.ElmLne,2,ZLVEGF,\VM-PF.IntUser\PDD 31-12-2024.IntPrj\Network Model.IntPrjfolder\Network Data.IntPrjfolder\NORTE 69 kV.ElmNet\ZLVEGF.ElmSubstat\2.ElmTerm,Tap La Vega Per,,\VM-PF.IntUser\PDD 31-12-2024.IntPrj\Network Model.IntPrjfolder\Network Data.IntPrjfolder\NORTE 69 kV.ElmNet\Tap La Vega Per.ElmTerm,P.MADERA TP-IG 50 P/69 - 559 AAAC,TypTow,2.180000066757202,1,0.6629999876022339,0.25407472252845764,0.9298782348632812,1.1423345804214478,3.3016927242279053,8.56067180633545,4.465710639953613,-6.05071566949556e-17,,1.0,,,,,,
69 kV Derivación Bonao,0,CIBAO SUR,NORTE,NORTE 69 kV,\VM-PF.IntUser\PDD 31-12-2024.IntPrj\Network Model.IntPrjfolder\Network Data.IntPrjfolder\NORTE 69 kV.ElmNet\69 kV Derivación Bonao.ElmLne,Tap Bonao,,\VM-PF.IntUser\PDD 31-12-2024.IntPrj\Network Model.IntPrjfolder\Network Data.IntPrjfolder\NORTE 69 kV.ElmNet\Tap Bonao.ElmTerm,69 kV Bonao,,\VM-PF.IntUser\PDD 31-12-2024.IntPrj\Network Model.IntPrjfolder\Network Data.IntPrjfolder\NORTE 69 kV.ElmNet\69 kV Bonao.ElmTerm,P.MADERA TP-1G/69 /1xF - 1/0 CU,TypTow,2.5199999809265137,1,0.3100000023841858,0.9565256237983704,1.2613619565963745,1.9746510982513428,3.9634945392608643,8.4360990524292,4.810562610626221,0.0,,1.0,,,,,,
69 kV Derivación Bonao Per_a,0,CIBAO SUR,NORTE,NORTE 69 kV,\VM-PF.IntUser\PDD 31-12-2024.IntPrj\Network Model.IntPrjfolder\Network Data.IntPrjfolder\NORTE 69 kV.ElmNet\69 kV Derivación Bonao Per_a.ElmLne,Tap Bonao Per,,\VM-PF.IntUser\PDD 31-12-2024.IntPrj\Network Model.IntPrjfolder\Network Data.IntPrjfolder\NORTE 69 kV.ElmNet\Tap Bonao Per.ElmTerm,Tap Bonao,,\VM-PF.IntUser\PDD 31-12-2024.IntPrj\Network Model.IntPrjfolder\Network Data.IntPrjfolder\NORTE 69 kV.ElmNet\Tap Bonao.ElmTerm,P.MADERA TP-IG 50 P/69 - 4/0 AAAC,TypTow,2.130000114440918,1,0.3799999952316284,0.6544008851051331,1.0092052221298218,1.5141663551330566,3.295940637588501,7.557422637939453,4.193813323974609,2.3647751695065255e-16,,1.0,,,,,,
69 kV La Vega – ZF Dos Ríos_b,1,CIBAO SUR,NORTE,NORTE 69 kV,\VM-PF.IntUser\PDD 31-12-2024.IntPrj\Network Model.IntPrjfolder\Network Data.IntPrjfolder\NORTE 69 kV.ElmNet\69 kV La Vega – ZF Dos Ríos_b.ElmLne,Tap Las Marías,,\VM-PF.IntUser\PDD 31-12-2024.IntPrj\Network Model.IntPrjfolder\Network Data.IntPrjfolder\NORTE 69 kV.ElmNet\Tap Las Marías.ElmTerm,Tap Bonao Per,,\VM-PF.IntUser\PDD 31-12-2024.IntPrj\Network Model.IntPrjfolder\Network Data.IntPrjfolder\NORTE 69 kV.ElmNet\Tap Bonao Per.ElmTerm,P.MADERA TP-IG 50 P/69 - 559 AAAC,TypTow,0.38999998569488525,1,0.6629999876022339,0.04545373097062111,0.16635434329509735,0.20436260104179382,0.5906697511672974,1.531496286392212,0.798911452293396,-1.0824674093048582e-17,,1.0,,,,,,
69 kV La Vega – Constanza_c,0,CIBAO SUR,NORTE,NORTE 69 kV,\VM-PF.IntUser\PDD 31-12-2024.IntPrj\Network Model.IntPrjfolder\Network Data.IntPrjfolder\NORTE 69 kV.ElmNet\69 kV La Vega – Constanza_c.ElmLne,Tap Paso Bajito,,\VM-PF.IntUser\PDD 31-12-2024.IntPrj\Network Model.IntPrjfolder\Network Data.IntPrjfolder\NORTE 69 kV.ElmNet\Tap Paso Bajito.ElmTerm,Tap El Río,,\VM-PF.IntUser\PDD 31-12-2024.IntPrj\Network Model.IntPrjfolder\Network Data.IntPrjfolder\NORTE 69 kV.ElmNet\Tap El Río.ElmTerm,P.MADERA/69 TH-1G- 2/0 CU,TypTow,11.34000015258789,1,0.36000001430511475,3.4226396083831787,5.947414875030518,8.736259460449219,14.736757278442383,36.353214263916016,25.52108383178711,-4.721223475745949e-16,,1.0,,,,,,
69 kV La Vega – Cervecería Vegana,0,CIBAO SUR,NORTE,NORTE 69 kV,\VM-PF.IntUser\PDD 31-12-2024.IntPrj\Network Model.IntPrjfolder\Network Data.IntPrjfolder\NORTE 69 kV.ElmNet\69 kV La Vega – Cervecería Vegana.ElmLne,69 kV Cervecería Vegana,,\VM-PF.IntUser\PDD 31-12-2024.IntPrj\Network Model.IntPrjfolder\Network Data.IntPrjfolder\NORTE 69 kV.ElmNet\69 kV Cervecería Vegana.ElmTerm,4,ZLVEGF,\VM-PF.IntUser\PDD 31-12-2024.IntPrj\Network Model.IntPrjfolder\Network Data.IntPrjfolder\NORTE 69 kV.ElmNet\ZLVEGF.ElmSubstat\4.ElmTerm,P.MADERA TP-IG 50 P/69 - 2/0 ACSR,TypTow,1.059999942779541,1,0.26499998569488525,0.44181904196739197,0.5209538340568542,0.8696834444999695,1.6589535474777222,3.664597988128662,2.0570685863494873,-7.355227141094968e-17,,1.0,,,,,,
69 kV Derivación Moca,0,CIBAO NORTE,NORTE,NORTE 69 kV,\VM-PF.IntUser\PDD 31-12-2024.IntPrj\Network Model.IntPrjfolder\Network Data.IntPrjfolder\NORTE 69 kV.ElmNet\69 kV Derivación Moca.ElmLne,Tap Cruce Tavera,,\VM-PF.IntUser\PDD 31-12-2024.IntPrj\Network Model.IntPrjfolder\Network Data.IntPrjfolder\NORTE 69 kV.ElmNet\Tap Cruce Tavera.ElmTerm,69 kV Moca,,\VM-PF.IntUser\PDD 31-12-2024.IntPrj\Network Model.IntPrjfolder\Network Data.IntPrjfolder\NORTE 69 kV.ElmNet\69 kV Moca.ElmTerm,P.MADERA/69 TH-1G- 559.5 AAAC,TypTow,9.1899995803833,1,0.6629999876022339,1.0682785511016846,4.280516624450684,5.01655912399292,11.815381050109863,33.01409912109375,20.98926544189453,-6.376843074174269e-16,,1.0,,,,,,
69 kV Derivación Rincón,0,CIBAO SUR,NORTE,NORTE 69 kV,\VM-PF.IntUser\PDD 31-12-2024.IntPrj\Network Model.IntPrjfolder\Network Data.IntPrjfolder\NORTE 69 kV.ElmNet\69 kV Derivación Rincón.ElmLne,Tap 69 kV Rincón,,\VM-PF.IntUser\PDD 31-12-2024.IntPrj\Network Model.IntPrjfolder\Network Data.IntPrjfolder\NORTE 69 kV.ElmNet\Tap 69 kV Rincón.ElmTerm,69 kV Rincón,ZRINCF,\VM-PF.IntUser\PDD 31-12-2024.IntPrj\Network Model.IntPrjfolder\Network Data.IntPrjfolder\NORTE 69 kV.ElmNet\Rincón.ElmSite\ZRINCF.ElmSubstat\69 kV Rincón.ElmTerm,P.MADERA/69 TH-1G- 4/0 ACSR,TypTow,0.22499999403953552,1,0.3569999933242798,0.05917501449584961,0.1140577495098114,0.16460396349430084,0.2884494662284851,0.7570046186447144,0.5236479043960571,1.8735012217060537e-17,,1.0,,,,,,
69 kV Derivación Fantino_a,0,CIBAO SUR,NORTE,NORTE 69 kV,\VM-PF.IntUser\PDD 31-12-2024.IntPrj\Network Model.IntPrjfolder\Network Data.IntPrjfolder\NORTE 69 kV.ElmNet\69 kV Derivación Fantino_a.ElmLne,Tap 69 kV Rincón,,\VM-PF.IntUser\PDD 31-12-2024.IntPrj\Network Model.IntPrjfolder\Network Data.IntPrjfolder\NORTE 69 kV.ElmNet\Tap 69 kV Rincón.ElmTerm,Tap Rincón,,\VM-PF.IntUser\PDD 31-12-2024.IntPrj\Network Model.IntPrjfolder\Network Data.IntPrjfolder\NORTE 69 kV.ElmNet\Tap Rincón.ElmTerm,P.MADERA/69 TH-1G- 4/0 ACSR,TypTow,3.5,1,0.3569999933242798,0.9205002188682556,1.7742316722869873,2.5605063438415527,4.486991882324219,11.775628089904785,8.145634651184082,2.914335439641036e-16,,1.0,,,,,,
69 kV Derivación Hospital Juan Bosch,0,CIBAO SUR,NORTE,NORTE 69 kV,\VM-PF.IntUser\PDD 31-12-2024.IntPrj\Network Model.IntPrjfolder\Network Data.IntPrjfolder\NORTE 69 kV.ElmNet\69 kV Derivación Hospital Juan Bosch.ElmLne,Tap Hospital Juan Bosch,,\VM-PF.IntUser\PDD 31-12-2024.IntPrj\Network Model.IntPrjfolder\Network Data.IntPrjfolder\NORTE 69 kV.ElmNet\Tap Hospital Juan Bosch.ElmTerm,69 kV Hospital Juan Bosch,,\VM-PF.IntUser\PDD 31-12-2024.IntPrj\Network Model.IntPrjfolder\Network Data.IntPrjfolder\NORTE 69 kV.ElmNet\69 kV Hospital Juan Bosch.ElmTerm,P.MADERA TVS-1/1C/69/1xF - 4/0 AAAC,TypTow,0.20000000298023224,1,0.3799999952316284,0.06145747750997543,0.0929567739367485,0.13790328800678253,0.316585898399353,0.7277981638908386,0.3720818758010864,-2.775557602921922e-18,,1.0,,,,,,
69 kV Bonao 2 – La Vega_d,0,CIBAO SUR,NORTE,NORTE 69 kV,\VM-PF.IntUser\PDD 31-12-2024.IntPrj\Network Model.IntPrjfolder\Network Data.IntPrjfolder\NORTE 69 kV.ElmNet\69 kV Bonao 2 – La Vega_d.ElmLne,Tap Hospital Juan Bosch,,\VM-PF.IntUser\PDD 31-12-2024.IntPrj\Network Model.IntPrjfolder\Network Data.IntPrjfolder\NORTE 69 kV.ElmNet\Tap Hospital Juan Bosch.ElmTerm,Tap 69 kV INDAL,,\VM-PF.IntUser\PDD 31-12-2024.IntPrj\Network Model.IntPrjfolder\Network Data.IntPrjfolder\NORTE 69 kV.ElmNet\Tap 69 kV INDAL.ElmTerm,P.MADERA TP-IG 50 P/69 - 559 AAAC,TypTow,1.5700000524520874,1,0.6629999876022339,0.18298040330410004,0.6696829199790955,0.8226905465126038,2.377824544906616,6.165254592895508,3.2161309719085693,-4.357625517237527e-17,,1.0,,,,,,
69 kV Bonao 2 – La Vega_e,0,CIBAO SUR,NORTE,NORTE 69 kV,\VM-PF.IntUser\PDD 31-12-2024.IntPrj\Network Model.IntPrjfolder\Network Data.IntPrjfolder\NORTE 69 kV.ElmNet\69 kV Bonao 2 – La Vega_e.ElmLne,Tap 69 kV INDAL,,\VM-PF.IntUser\PDD 31-12-2024.IntPrj\Network Model.IntPrjfolder\Network Data.IntPrjfolder\NORTE 69 kV.ElmNet\Tap 69 kV INDAL.ElmTerm,5,ZLVEGF,\VM-PF.IntUser\PDD 31-12-2024.IntPrj\Network Model.IntPrjfolder\Network Data.IntPrjfolder\NORTE 69 kV.ElmNet\ZLVEGF.ElmSubstat\5.ElmTerm,P.MADERA TP-IG 50 P/69 - 559 AAAC,TypTow,6.179999828338623,1,0.6629999876022339,0.7202668190002441,2.6360766887664795,3.238361358642578,9.359844207763672,24.268325805664062,12.659673690795898,-1.7152945254002636e-16,,1.0,,,,,,
69 kV Bonao 2 – La Vega_c,0,CIBAO SUR,NORTE,NORTE 69 kV,\VM-PF.IntUser\PDD 31-12-2024.IntPrj\Network Model.IntPrjfolder\Network Data.IntPrjfolder\NORTE 69 kV.ElmNet\69 kV Bonao 2 – La Vega_c.ElmLne,Tap Hospital Juan Bosch,,\VM-PF.IntUser\PDD 31-12-2024.IntPrj\Network Model.IntPrjfolder\Network Data.IntPrjfolder\NORTE 69 kV.ElmNet\Tap Hospital Juan Bosch.ElmTerm,Tap Rincón,,\VM-PF.IntUser\PDD 31-12-2024.IntPrj\Network Model.IntPrjfolder\Network Data.IntPrjfolder\NORTE 69 kV.ElmNet\Tap Rincón.ElmTerm,P.MADERA TP-IG 50 P/69 - 559 AAAC,TypTow,12.0,1,0.6629999876022339,1.3985763788223267,5.118595600128174,6.288080215454102,18.174455642700195,47.122962951660156,24.581892013549805,-3.3306690738754696e-16,,1.0,,,,,,
69 kV La Vega – ZF Dos Ríos_a,0,CIBAO SUR,NORTE,NORTE 69 kV,\VM-PF.IntUser\PDD 31-12-2024.IntPrj\Network Model.IntPrjfolder\Network Data.IntPrjfolder\NORTE 69 kV.ElmNet\69 kV La Vega – ZF Dos Ríos_a.ElmLne,WDRIOF(3),ZDRIOF,\VM-PF.IntUser\PDD 31-12-2024.IntPrj\Network Model.IntPrjfolder\Network Data.IntPrjfolder\NORTE 69 kV.ElmNet\ZDRIOF.ElmSubstat\WDRIOF(3).ElmTerm,Tap Bonao Per,,\VM-PF.IntUser\PDD 31-12-2024.IntPrj\Network Model.IntPrjfolder\Network Data.IntPrjfolder\NORTE 69 kV.ElmNet\Tap Bonao Per.ElmTerm,P.MADERA TP-IG 50 P/69 - 559 AAAC,TypTow,2.5999999046325684,1,0.6629999876022339,0.30302485823631287,1.109028935432434,1.3624173402786255,3.937798500061035,10.209975242614746,5.326076507568359,-7.216449395365721e-17,,1.0,,,,,,
69 kV La Vega – SFM_b,0,CIBAO SUR,NORTE,NORTE 69 kV,\VM-PF.IntUser\PDD 31-12-2024.IntPrj\Network Model.IntPrjfolder\Network Data.IntPrjfolder\NORTE 69 kV.ElmNet\69 kV La Vega – SFM_b.ElmLne,Tap La Vega Per,,\VM-PF.IntUser\PDD 31-12-2024.IntPrj\Network Model.IntPrjfolder\Network Data.IntPrjfolder\NORTE 69 kV.ElmNet\Tap La Vega Per.ElmTerm,Tap Acueducto Hermanas Mirabal,,\VM-PF.IntUser\PDD 31-12-2024.IntPrj\Network Model.IntPrjfolder\Network Data.IntPrjfolder\NORTE 69 kV.ElmNet\Tap Acueducto Hermanas Mirabal.ElmTerm,P.MADERA/1C/69/1xF - 4/0 AAAC,TypTow,11.649999618530273,1,0.3799999952316284,3.572273015975952,5.312118053436279,8.056587219238281,18.644121170043945,42.985557556152344,20.673376083374023,-8.083811398051921e-16,,1.0,,,,,,
69 kV Derivación Acueducto Hnas Mirabal,0,CIBAO SUR,NORTE,NORTE 69 kV,\VM-PF.IntUser\PDD 31-12-2024.IntPrj\Network Model.IntPrjfolder\Network Data.IntPrjfolder\NORTE 69 kV.ElmNet\69 kV Derivación Acueducto Hnas Mirabal.ElmLne,Tap Acueducto Hermanas Mirabal,,\VM-PF.IntUser\PDD 31-12-2024.IntPrj\Network Model.IntPrjfolder\Network Data.IntPrjfolder\NORTE 69 kV.ElmNet\Tap Acueducto Hermanas Mirabal.ElmTerm,69 kV Acueducto Hermanas Mirabal,,\VM-PF.IntUser\PDD 31-12-2024.IntPrj\Network Model.IntPrjfolder\Network Data.IntPrjfolder\NORTE 69 kV.ElmNet\69 kV Acueducto Hermanas Mirabal.ElmTerm,P.MADERA TP-IG 50 P/69 - 4/0 AAAC,TypTow,2.5799999237060547,1,0.3799999952316284,0.7926545739173889,1.2224175930023193,1.8340604305267334,3.9922659397125244,9.154060363769531,5.079829692840576,2.864375318829609e-16,,1.0,,,,,,
69 kV La Vega – SFM_c,0,CIBAO SUR,NORTE,NORTE 69 kV,\VM-PF.IntUser\PDD 31-12-2024.IntPrj\Network Model.IntPrjfolder\Network Data.IntPrjfolder\NORTE 69 kV.ElmNet\69 kV La Vega – SFM_c.ElmLne,Tap CENOVI,,\VM-PF.IntUser\PDD 31-12-2024.IntPrj\Network Model.IntPrjfolder\Network Data.IntPrjfolder\NORTE 69 kV.ElmNet\Tap CENOVI.ElmTerm,Tap Acueducto Hermanas Mirabal,,\VM-PF.IntUser\PDD 31-12-2024.IntPrj\Network Model.IntPrjfolder\Network Data.IntPrjfolder\NORTE 69 kV.ElmNet\Tap Acueducto Hermanas Mirabal.ElmTerm,P.MADERA/1C/69/1xF - 4/0 AAAC,TypTow,8.550000190734863,1,0.3799999952316284,2.621711254119873,3.8985931873321533,5.912774562835693,13.683026313781738,31.547344207763672,15.172307968139648,-5.93275428784068e-16,,1.0,,,,,,
69 kV Derivación CENOVI,0,CIBAO SUR,NORTE,NORTE 69 kV,\VM-PF.IntUser\PDD 31-12-2024.IntPrj\Network Model.IntPrjfolder\Network Data.IntPrjfolder\NORTE 69 kV.ElmNet\69 kV Derivación CENOVI.ElmLne,69 kV CENOVI,,\VM-PF.IntUser\PDD 31-12-2024.IntPrj\Network Model.IntPrjfolder\Network Data.IntPrjfolder\NORTE 69 kV.ElmNet\69 kV CENOVI.ElmTerm,Tap CENOVI,,\VM-PF.IntUser\PDD 31-12-2024.IntPrj\Network Model.IntPrjfolder\Network Data.IntPrjfolder\NORTE 69 kV.ElmNet\Tap CENOVI.ElmTerm,P.MADERA TP-IG 50 P/69 - 4/0 AAAC,TypTow,1.5399999618530273,1,0.3799999952316284,0.4731349050998688,0.7296600937843323,1.0947492122650146,2.3829803466796875,5.464051723480225,3.032146453857422,1.7097434155710937e-16,,1.0,,,,,,
69 kV La Vega – Constanza_d,0,CIBAO SUR,NORTE,NORTE 69 kV,\VM-PF.IntUser\PDD 31-12-2024.IntPrj\Network Model.IntPrjfolder\Network Data.IntPrjfolder\NORTE 69 kV.ElmNet\69 kV La Vega – Constanza_d.ElmLne,Tap El Río,,\VM-PF.IntUser\PDD 31-12-2024.IntPrj\Network Model.IntPrjfolder\Network Data.IntPrjfolder\NORTE 69 kV.ElmNet\Tap El Río.ElmTerm,Tap Tireo,,\VM-PF.IntUser\PDD 31-12-2024.IntPrj\Network Model.IntPrjfolder\Network Data.IntPrjfolder\NORTE 69 kV.ElmNet\Tap Tireo.ElmTerm,P.MADERA/69 TH-1G- 2/0 AAAC,TypTow,9.329999923706055,1,0.2849999964237213,4.5566792488098145,4.894368648529053,8.928466796875,12.125811576843262,29.909656524658203,20.99750518798828,-3.884392775643531e-16,,1.0,,,,,,
69 kV Derivación Jarabacoa,0,CIBAO SUR,NORTE,NORTE 69 kV,\VM-PF.IntUser\PDD 31-12-2024.IntPrj\Network Model.IntPrjfolder\Network Data.IntPrjfolder\NORTE 69 kV.ElmNet\69 kV Derivación Jarabacoa.ElmLne,Tap Jimenoa,,\VM-PF.IntUser\PDD 31-12-2024.IntPrj\Network Model.IntPrjfolder\Network Data.IntPrjfolder\NORTE 69 kV.ElmNet\Tap Jimenoa.ElmTerm,69 kV Jarabacoa,,\VM-PF.IntUser\PDD 31-12-2024.IntPrj\Network Model.IntPrjfolder\Network Data.IntPrjfolder\NORTE 69 kV.ElmNet\69 kV Jarabacoa.ElmTerm,P.MADERA/69 TH-1G- 4/0 AAAC,TypTow,0.6000000238418579,1,0.3799999952316284,0.18457205593585968,0.30415400862693787,0.4657159447669983,0.7691986560821533,1.994394302368164,1.3847756385803223,6.661338412448735e-17,,1.0,,,,,,
69 kV Imbert 2 – Puerto Plata 2_b,0,CIBAO NORTE,NORTE,NORTE 69 kV,\VM-PF.IntUser\PDD 31-12-2024.IntPrj\Network Model.IntPrjfolder\Network Data.IntPrjfolder\NORTE 69 kV.ElmNet\69 kV Imbert 2 – Puerto Plata 2_b.ElmLne,Tap 1 69 kV Imbert 2,,\VM-PF.IntUser\PDD 31-12-2024.IntPrj\Network Model.IntPrjfolder\Network Data.IntPrjfolder\NORTE 69 kV.ElmNet\Tap 1 69 kV Imbert 2.ElmTerm,3,ZPPL2F,\VM-PF.IntUser\PDD 31-12-2024.IntPrj\Network Model.IntPrjfolder\Network Data.IntPrjfolder\NORTE 138 kV.ElmNet\Puerto Plata 2.ElmSite\ZPPL2F.ElmSubstat\3.ElmTerm,P.MADERA TP-IG 55 P/69 - 450 ACAR,TypTow,20.719999313354492,1,0.5680000185966492,2.715363025665283,9.133557319641113,11.075126647949219,31.391014099121094,78.67729949951172,41.58319091796875,0.0,,1.0,,,,,,
69 kV Pimentel – SFM_a,0,CIBAO NORESTE,NORTE,NORTE 69 kV,\VM-PF.IntUser\PDD 31-12-2024.IntPrj\Network Model.IntPrjfolder\Network Data.IntPrjfolder\NORTE 69 kV.ElmNet\69 kV Pimentel – SFM_a.ElmLne,Tap CODAL,,\VM-PF.IntUser\PDD 31-12-2024.IntPrj\Network Model.IntPrjfolder\Network Data.IntPrjfolder\NORTE 69 kV.ElmNet\Tap CODAL.ElmTerm,1,ZPIMEF,\VM-PF.IntUser\PDD 31-12-2024.IntPrj\Network Model.IntPrjfolder\Network Data.IntPrjfolder\NORTE 69 kV.ElmNet\ZPIMEF.ElmSubstat\1.ElmTerm,P.MADERA TP-IG 55 P/69 - 559 AAAC,TypTow,15.9399995803833,1,0.6629999876022339,1.8587687015533447,6.891415596008301,8.289976119995117,24.014188766479492,61.739585876464844,32.32548904418945,1.216665631700105e-15,,1.0,,,,,,
69 kV Canabacoa – Playa Dorada_e,0,CIBAO NORTE,NORTE,NORTE 69 kV,\VM-PF.IntUser\PDD 31-12-2024.IntPrj\Network Model.IntPrjfolder\Network Data.IntPrjfolder\NORTE 69 kV.ElmNet\69 kV Canabacoa – Playa Dorada_e.ElmLne,3,ZPDORF,\VM-PF.IntUser\PDD 31-12-2024.IntPrj\Network Model.IntPrjfolder\Network Data.IntPrjfolder\NORTE 69 kV.ElmNet\ZPDORF.ElmSubstat\3.ElmTerm,Tap Pedro García,,\VM-PF.IntUser\PDD 31-12-2024.IntPrj\Network Model.IntPrjfolder\Network Data.IntPrjfolder\NORTE 69 kV.ElmNet\Tap Pedro García.ElmTerm,P.MADERA TP-IG 50 P/69 - 4/0 ACSR,TypTow,15.0,1,0.3569999933242798,3.9391567707061768,7.107079029083252,9.993842124938965,23.21084976196289,53.912227630615234,29.745250701904297,-8.326672684688674e-16,,1.0,,,,,,
69 kV Derivación E León Jiménez_c,0,CIBAO NORTE,NORTE,NORTE 69 kV,\VM-PF.IntUser\PDD 31-12-2024.IntPrj\Network Model.IntPrjfolder\Network Data.IntPrjfolder\NORTE 69 kV.ElmNet\69 kV Derivación E León Jiménez_c.ElmLne,Tap ZF Licey,,\VM-PF.IntUser\PDD 31-12-2024.IntPrj\Network Model.IntPrjfolder\Network Data.IntPrjfolder\NORTE 69 kV.ElmNet\Tap ZF Licey.ElmTerm,Tap Pastas Princesa,,\VM-PF.IntUser\PDD 31-12-2024.IntPrj\Network Model.IntPrjfolder\Network Data.IntPrjfolder\NORTE 69 kV.ElmNet\Tap Pastas Princesa.ElmTerm,P.MADERA TP-IG 50 P/69 - 4/0 ACSR,TypTow,2.0899999141693115,1,0.3569999933242798,0.5488558411598206,0.9902529716491699,1.3924752473831177,3.2340447902679443,7.511770248413086,4.144504547119141,-1.1601830130876853e-16,,1.0,,,,,,
69 kV Derivación Acueducto Quinigua,0,CIBAO NORTE,NORTE,NORTE 69 kV,\VM-PF.IntUser\PDD 31-12-2024.IntPrj\Network Model.IntPrjfolder\Network Data.IntPrjfolder\NORTE 69 kV.ElmNet\69 kV Derivación Acueducto Quinigua.ElmLne,69 kV Acueducto Quinigua,,\VM-PF.IntUser\PDD 31-12-2024.IntPrj\Network Model.IntPrjfolder\Network Data.IntPrjfolder\NORTE 69 kV.ElmNet\69 kV Acueducto Quinigua.ElmTerm,Tap Acueducto Quiniga,,\VM-PF.IntUser\PDD 31-12-2024.IntPrj\Network Model.IntPrjfolder\Network Data.IntPrjfolder\NORTE 69 kV.ElmNet\Tap Acueducto Quiniga.ElmTerm,P.MADERA TP-IG 50 P/69 - 4/0 ACSR,TypTow,2.4200000762939453,1,0.3569999933242798,0.6355172991752625,1.1466087102890015,1.612339973449707,3.7446837425231934,8.697839736938477,4.798900604248047,-1.3433699021480868e-16,,1.0,,,,,,
69 kV Canabacoa – Playa Dorada_d,0,CIBAO NORTE,NORTE,NORTE 69 kV,\VM-PF.IntUser\PDD 31-12-2024.IntPrj\Network Model.IntPrjfolder\Network Data.IntPrjfolder\NORTE 69 kV.ElmNet\69 kV Canabacoa – Playa Dorada_d.ElmLne,Tap Pedro García,,\VM-PF.IntUser\PDD 31-12-2024.IntPrj\Network Model.IntPrjfolder\Network Data.IntPrjfolder\NORTE 69 kV.ElmNet\Tap Pedro García.ElmTerm,Tap ZF Gurabo,,\VM-PF.IntUser\PDD 31-12-2024.IntPrj\Network Model.IntPrjfolder\Network Data.IntPrjfolder\NORTE 69 kV.ElmNet\Tap ZF Gurabo.ElmTerm,P.MADERA TP-IG 50 P/69 - 4/0 ACSR,TypTow,29.220001220703125,1,0.3569999933242798,7.673477649688721,13.844590187072754,19.468006134033203,45.21473693847656,105.02102661132812,57.943748474121094,-1.6220359067399895e-15,,1.0,,,,,,
69 kV Derivación Pedro García,0,CIBAO NORTE,NORTE,NORTE 69 kV,\VM-PF.IntUser\PDD 31-12-2024.IntPrj\Network Model.IntPrjfolder\Network Data.IntPrjfolder\NORTE 69 kV.ElmNet\69 kV Derivación Pedro García.ElmLne,Tap Pedro García,,\VM-PF.IntUser\PDD 31-12-2024.IntPrj\Network Model.IntPrjfolder\Network Data.IntPrjfolder\NORTE 69 kV.ElmNet\Tap Pedro García.ElmTerm,69 kV Pedro García,,\VM-PF.IntUser\PDD 31-12-2024.IntPrj\Network Model.IntPrjfolder\Network Data.IntPrjfolder\NORTE 69 kV.ElmNet\69 kV Pedro García.ElmTerm,P.MADERA TP-IG 50 P/69 - 4/0 ACSR,TypTow,0.30000001192092896,1,0.3569999933242798,0.07878313958644867,0.14214158058166504,0.19987685978412628,0.46421700716018677,1.0782445669174194,0.5949050188064575,-1.6653346031121838e-17,,1.0,,,,,,
69 kV Canabacoa – Playa Dorada_a,0,CIBAO NORTE,NORTE,NORTE 69 kV,\VM-PF.IntUser\PDD 31-12-2024.IntPrj\Network Model.IntPrjfolder\Network Data.IntPrjfolder\NORTE 69 kV.ElmNet\69 kV Canabacoa – Playa Dorada_a.ElmLne,L3,ZCANAF,\VM-PF.IntUser\PDD 31-12-2024.IntPrj\Network Model.IntPrjfolder\Network Data.IntPrjfolder\NORTE 138 kV.ElmNet\Canabacoa.ElmSite\ZCANAF.ElmSubstat\L3.ElmTerm,Tap Licey,,\VM-PF.IntUser\PDD 31-12-2024.IntPrj\Network Model.IntPrjfolder\Network Data.IntPrjfolder\NORTE 69 kV.ElmNet\Tap Licey.ElmTerm,P.MADERA TP-IG 50 P/69 - 4/0 ACSR,TypTow,3.700000047683716,1,0.3569999933242798,0.9716587066650391,1.7530795335769653,2.4651477336883545,5.725342750549316,13.29835033416748,7.337162017822266,-2.0539126220263192e-16,,1.0,,,,,,
69 kV Nagua 2 – Payita_a,0,CIBAO NORESTE,NORTE,NORTE 69 kV,\VM-PF.IntUser\PDD 31-12-2024.IntPrj\Network Model.IntPrjfolder\Network Data.IntPrjfolder\NORTE 69 kV.ElmNet\69 kV Nagua 2 – Payita_a.ElmLne,2,ZNAG2F,\VM-PF.IntUser\PDD 31-12-2024.IntPrj\Network Model.IntPrjfolder\Network Data.IntPrjfolder\NORTE 138 kV.ElmNet\Nagua.ElmSite\ZNAG2F.ElmSubstat\2.ElmTerm,Tap Nagua,,\VM-PF.IntUser\PDD 31-12-2024.IntPrj\Network Model.IntPrjfolder\Network Data.IntPrjfolder\NORTE 69 kV.ElmNet\Tap Nagua.ElmTerm,P.MADERA TP-IG 50 P/69 - 559 AAAC,TypTow,0.41999998688697815,1,0.6629999876022339,0.04895016923546791,0.17915083467960358,0.22008280456066132,0.6361058950424194,1.649303674697876,0.86036616563797,-1.1657341394604674e-17,,1.0,,,,,,
69 kV Bonao 2 – Pinalito,0,CIBAO SUR,NORTE,NORTE 69 kV,\VM-PF.IntUser\PDD 31-12-2024.IntPrj\Network Model.IntPrjfolder\Network Data.IntPrjfolder\NORTE 69 kV.ElmNet\69 kV Bonao 2 – Pinalito.ElmLne,WPINAF(1),ZPINAF,\VM-PF.IntUser\PDD 31-12-2024.IntPrj\Network Model.IntPrjfolder\Network Data.IntPrjfolder\NORTE 69 kV.ElmNet\Pinalito.ElmSite\ZPINAF.ElmSubstat\WPINAF(1).ElmTerm,F6,ZBON2E,\VM-PF.IntUser\PDD 31-12-2024.IntPrj\Network Model.IntPrjfolder\Network Data.IntPrjfolder\NORTE 138 kV.ElmNet\Bonao 2.ElmSite\ZBON2E.ElmSubstat\F6.ElmTerm,P.MADERA TP-IG 50 P/69 - 559 AAAC,TypTow,22.549999237060547,1,0.6629999876022339,2.6281578540802,9.618693351745605,11.816349983215332,34.152828216552734,88.5519027709961,46.1934700012207,-6.258882089566083e-16,,1.0,,,,,,
69 kV Bonao 2 – Hatillo_a,0,CIBAO SUR,NORTE,NORTE 69 kV,\VM-PF.IntUser\PDD 31-12-2024.IntPrj\Network Model.IntPrjfolder\Network Data.IntPrjfolder\NORTE 69 kV.ElmNet\69 kV Bonao 2 – Hatillo_a.ElmLne,F5,ZBON2E,\VM-PF.IntUser\PDD 31-12-2024.IntPrj\Network Model.IntPrjfolder\Network Data.IntPrjfolder\NORTE 138 kV.ElmNet\Bonao 2.ElmSite\ZBON2E.ElmSubstat\F5.ElmTerm,Tap Bonao 2,,\VM-PF.IntUser\PDD 31-12-2024.IntPrj\Network Model.IntPrjfolder\Network Data.IntPrjfolder\NORTE 69 kV.ElmNet\Tap Bonao 2.ElmTerm,P.MADERA TP-IG 50 P/69 - 559 AAAC,TypTow,5.5,1,0.6629999876022339,0.6410141587257385,2.346022844314575,2.8820366859436035,8.32995891571045,21.598024368286133,11.266700744628906,-1.5265566588595902e-16,,1.0,,,,,,
69 kV Bonao 2 – Hatillo_b,0,CIBAO SUR,NORTE,NORTE 69 kV,\VM-PF.IntUser\PDD 31-12-2024.IntPrj\Network Model.IntPrjfolder\Network Data.IntPrjfolder\NORTE 69 kV.ElmNet\69 kV Bonao 2 – Hatillo_b.ElmLne,Tap Bonao 2,,\VM-PF.IntUser\PDD 31-12-2024.IntPrj\Network Model.IntPrjfolder\Network Data.IntPrjfolder\NORTE 69 kV.ElmNet\Tap Bonao 2.ElmTerm,Tap La Cumbre Bonao,,\VM-PF.IntUser\PDD 31-12-2024.IntPrj\Network Model.IntPrjfolder\Network Data.IntPrjfolder\NORTE 69 kV.ElmNet\Tap La Cumbre Bonao.ElmTerm,P.MADERA TP-IG 50 P/69 - 559 AAAC,TypTow,7.119999885559082,1,0.6629999876022339,0.8298219442367554,3.0370333194732666,3.7309274673461914,10.783510208129883,27.959625244140625,14.58525562286377,-1.976196952069043e-16,,1.0,,,,,,
69 kV Bonao 2 – Río Blanco,0,CIBAO SUR,NORTE,NORTE 69 kV,\VM-PF.IntUser\PDD 31-12-2024.IntPrj\Network Model.IntPrjfolder\Network Data.IntPrjfolder\NORTE 69 kV.ElmNet\69 kV Bonao 2 – Río Blanco.ElmLne,WRBLAF(1),ZRBLAF,\VM-PF.IntUser\PDD 31-12-2024.IntPrj\Network Model.IntPrjfolder\Network Data.IntPrjfolder\NORTE 69 kV.ElmNet\Río Blanco.ElmSite\ZRBLAF.ElmSubstat\WRBLAF(1).ElmTerm,F4,ZBON2E,\VM-PF.IntUser\PDD 31-12-2024.IntPrj\Network Model.IntPrjfolder\Network Data.IntPrjfolder\NORTE 138 kV.ElmNet\Bonao 2.ElmSite\ZBON2E.ElmSubstat\F4.ElmTerm,P.MADERA TP-IG 50 P/69 - 559 AAAC,TypTow,14.899999618530273,1,0.6629999876022339,1.7365655899047852,6.355589389801025,7.807699680328369,22.566614151000977,58.51101303100586,30.52251434326172,-4.1355806608495897e-16,,1.0,,,,,,
69 kV Bonao 2 – ZF Dos Ríos,0,CIBAO SUR,NORTE,NORTE 69 kV,\VM-PF.IntUser\PDD 31-12-2024.IntPrj\Network Model.IntPrjfolder\Network Data.IntPrjfolder\NORTE 69 kV.ElmNet\69 kV Bonao 2 – ZF Dos Ríos.ElmLne,WDRIOF(2),ZDRIOF,\VM-PF.IntUser\PDD 31-12-2024.IntPrj\Network Model.IntPrjfolder\Network Data.IntPrjfolder\NORTE 69 kV.ElmNet\ZDRIOF.ElmSubstat\WDRIOF(2).ElmTerm,F3,ZBON2E,\VM-PF.IntUser\PDD 31-12-2024.IntPrj\Network Model.IntPrjfolder\Network Data.IntPrjfolder\NORTE 138 kV.ElmNet\Bonao 2.ElmSite\ZBON2E.ElmSubstat\F3.ElmTerm,P.MADERA TP-IG 50 P/69 2C/F- 559 AAAC,TypTow,1.100000023841858,1,1.3259999752044678,0.06450733542442322,0.36622491478919983,0.5127118825912476,1.5630120038986206,5.455051422119141,2.527845621109009,9.159340482553133e-17,,1.0,,,,,,
69 kV Bonao 2 – FALCONDO,1,,,NORTE 69 kV,\VM-PF.IntUser\PDD 31-12-2024.IntPrj\Network Model.IntPrjfolder\Network Data.IntPrjfolder\NORTE 69 kV.ElmNet\69 kV Bonao 2 – FALCONDO.ElmLne,,,,,,,,,0.3050000071525574,1,0.0,0.0,0.0,0.0,0.0,0.0,0.0,0.0,,,,,,,,
69 kV Canabacoa – Cementos Cibao_a,0,CIBAO NORTE,NORTE,NORTE 69 kV,\VM-PF.IntUser\PDD 31-12-2024.IntPrj\Network Model.IntPrjfolder\Network Data.IntPrjfolder\NORTE 69 kV.ElmNet\69 kV Canabacoa – Cementos Cibao_a.ElmLne,L4,ZCANAF,\VM-PF.IntUser\PDD 31-12-2024.IntPrj\Network Model.IntPrjfolder\Network Data.IntPrjfolder\NORTE 138 kV.ElmNet\Canabacoa.ElmSite\ZCANAF.ElmSubstat\L4.ElmTerm,Tap Troquelados Dominicanos,,\VM-PF.IntUser\PDD 31-12-2024.IntPrj\Network Model.IntPrjfolder\Network Data.IntPrjfolder\NORTE 69 kV.ElmNet\Tap Troquelados Dominicanos.ElmTerm,P.MADERA TP-IG 50 P/69 - 2/0 ACSR,TypTow,0.5799999833106995,1,0.26499998569488525,0.24175004661083221,0.2850502133369446,0.47586455941200256,0.9077293276786804,2.005157470703125,1.125565767288208,-4.0245582657428454e-17,,1.0,,,,,,
69 kV Canabacoa – Cementos Cibao_b,0,CIBAO NORTE,NORTE,NORTE 69 kV,\VM-PF.IntUser\PDD 31-12-2024.IntPrj\Network Model.IntPrjfolder\Network Data.IntPrjfolder\NORTE 69 kV.ElmNet\69 kV Canabacoa – Cementos Cibao_b.ElmLne,Tap Troquelados Dominicanos,,\VM-PF.IntUser\PDD 31-12-2024.IntPrj\Network Model.IntPrjfolder\Network Data.IntPrjfolder\NORTE 69 kV.ElmNet\Tap Troquelados Dominicanos.ElmTerm,Tap Parque Industrial,,\VM-PF.IntUser\PDD 31-12-2024.IntPrj\Network Model.IntPrjfolder\Network Data.IntPrjfolder\NORTE 69 kV.ElmNet\Tap Parque Industrial.ElmTerm,P.MADERA TP-IG 50 P/69 - 2/0 ACSR,TypTow,1.7899999618530273,1,0.26499998569488525,0.7460906505584717,0.8797239065170288,1.4686164855957031,2.801440477371216,6.188331127166748,3.473728895187378,-1.2420619823296143e-16,,1.0,,,,,,
69 kV Canabacoa – Unión Médica_a,0,CIBAO NORTE,NORTE,NORTE 69 kV,\VM-PF.IntUser\PDD 31-12-2024.IntPrj\Network Model.IntPrjfolder\Network Data.IntPrjfolder\NORTE 69 kV.ElmNet\69 kV Canabacoa – Unión Médica_a.ElmLne,L2,ZCANAF,\VM-PF.IntUser\PDD 31-12-2024.IntPrj\Network Model.IntPrjfolder\Network Data.IntPrjfolder\NORTE 138 kV.ElmNet\Canabacoa.ElmSite\ZCANAF.ElmSubstat\L2.ElmTerm,Tap Hospital Metropolitano Santiago,,\VM-PF.IntUser\PDD 31-12-2024.IntPrj\Network Model.IntPrjfolder\Network Data.IntPrjfolder\NORTE 69 kV.ElmNet\Tap Hospital Metropolitano Santiago.ElmTerm,P.MADERA TP-IG 55 P/69 - 4/0 ACSR,TypTow,2.700000047683716,1,0.3569999933242798,0.7090479135513306,1.2792737483978271,1.7983993291854858,4.1796183586120605,9.70101547241211,5.260756492614746,4.496403461490121e-16,,1.0,,,,,,
69 kV Canabacoa – La Vega Generadora_a,0,CIBAO NORTE,NORTE,NORTE 69 kV,\VM-PF.IntUser\PDD 31-12-2024.IntPrj\Network Model.IntPrjfolder\Network Data.IntPrjfolder\NORTE 69 kV.ElmNet\69 kV Canabacoa – La Vega Generadora_a.ElmLne,Tap Cruce Tavera,,\VM-PF.IntUser\PDD 31-12-2024.IntPrj\Network Model.IntPrjfolder\Network Data.IntPrjfolder\NORTE 69 kV.ElmNet\Tap Cruce Tavera.ElmTerm,R3,ZCANAF,\VM-PF.IntUser\PDD 31-12-2024.IntPrj\Network Model.IntPrjfolder\Network Data.IntPrjfolder\NORTE 138 kV.ElmNet\Canabacoa.ElmSite\ZCANAF.ElmSubstat\R3.ElmTerm,P.MADERA TP-IG 50 P/69 - 559 AAAC,TypTow,10.149999618530273,1,0.5999999642372131,1.182962417602539,4.329478740692139,5.318667888641357,15.372559547424316,39.85817337036133,20.79218292236328,-2.8171908191072163e-16,,1.0,,,,,,
69 kV Navarrete – ZF Santiago_e,0,CIBAO NORTE,NORTE,NORTE 69 kV,\VM-PF.IntUser\PDD 31-12-2024.IntPrj\Network Model.IntPrjfolder\Network Data.IntPrjfolder\NORTE 69 kV.ElmNet\69 kV Navarrete – ZF Santiago_e.ElmLne,3,ZZSANF,\VM-PF.IntUser\PDD 31-12-2024.IntPrj\Network Model.IntPrjfolder\Network Data.IntPrjfolder\NORTE 138 kV.ElmNet\ZF Santiago.ElmSite\ZZSANF.ElmSubstat\3.ElmTerm,Tap ZF Pisano,,\VM-PF.IntUser\PDD 31-12-2024.IntPrj\Network Model.IntPrjfolder\Network Data.IntPrjfolder\NORTE 69 kV.ElmNet\Tap ZF Pisano.ElmTerm,P.MADERA TP-IG 55 P/69 - 559 AAAC,TypTow,5.730000019073486,1,0.6629999876022339,0.6681771874427795,2.477278232574463,2.98002290725708,8.632453918457031,22.193716049194336,11.62014102935791,4.3735847429294313e-16,,1.0,,,,,,
69 kV Bonao 2 – Hatillo_f,0,CIBAO SUR,NORTE,NORTE 69 kV,\VM-PF.IntUser\PDD 31-12-2024.IntPrj\Network Model.IntPrjfolder\Network Data.IntPrjfolder\NORTE 69 kV.ElmNet\69 kV Bonao 2 – Hatillo_f.ElmLne,4,ZHATIF,\VM-PF.IntUser\PDD 31-12-2024.IntPrj\Network Model.IntPrjfolder\Network Data.IntPrjfolder\NORTE 69 kV.ElmNet\Hatillo.ElmSite\ZHATIF.ElmSubstat\4.ElmTerm,Tap Las Lagunas,,\VM-PF.IntUser\PDD 31-12-2024.IntPrj\Network Model.IntPrjfolder\Network Data.IntPrjfolder\NORTE 69 kV.ElmNet\Tap Las Lagunas.ElmTerm,P.MADERA TP-IG 50 P/69 - 477 ACSR,TypTow,25.0,1,0.6589999794960022,2.948261022567749,10.963545799255371,13.039403915405273,37.80316162109375,96.865234375,51.63554763793945,-3.469446951953614e-16,,1.0,,,,,,
69 kV Derivación Arroz Bisonó,0,CIBAO NORTE,NORTE,NORTE 69 kV,\VM-PF.IntUser\PDD 31-12-2024.IntPrj\Network Model.IntPrjfolder\Network Data.IntPrjfolder\NORTE 69 kV.ElmNet\69 kV Derivación Arroz Bisonó.ElmLne,69 kV Arturo Bisonó,,\VM-PF.IntUser\PDD 31-12-2024.IntPrj\Network Model.IntPrjfolder\Network Data.IntPrjfolder\NORTE 69 kV.ElmNet\69 kV Arturo Bisonó.ElmTerm,Tap Arroz Bisonó,,\VM-PF.IntUser\PDD 31-12-2024.IntPrj\Network Model.IntPrjfolder\Network Data.IntPrjfolder\NORTE 69 kV.ElmNet\Tap Arroz Bisonó.ElmTerm,P.MADERA TP-IG 55 P/69 - 4/0 ACSR,TypTow,0.3499999940395355,1,0.3569999933242798,0.0919136181473732,0.1658317893743515,0.23312583565711975,0.5418023467063904,1.2575390338897705,0.6819499135017395,5.828670614584276e-17,,1.0,,,,,,
69 kV Derivación CORMIDOM,0,CIBAO SUR,NORTE,NORTE 69 kV,\VM-PF.IntUser\PDD 31-12-2024.IntPrj\Network Model.IntPrjfolder\Network Data.IntPrjfolder\NORTE 69 kV.ElmNet\69 kV Derivación CORMIDOM.ElmLne,Tap CORMIDOM,,\VM-PF.IntUser\PDD 31-12-2024.IntPrj\Network Model.IntPrjfolder\Network Data.IntPrjfolder\NORTE 69 kV.ElmNet\Tap CORMIDOM.ElmTerm,Tap CORMIDOM 2,,\VM-PF.IntUser\PDD 31-12-2024.IntPrj\Network Model.IntPrjfolder\Network Data.IntPrjfolder\NORTE 69 kV.ElmNet\Tap CORMIDOM 2.ElmTerm,P.MADERA TP-IG 50 P/69 - 4/0 AAAC,TypTow,2.4030001163482666,1,0.3799999952316284,0.7382748126983643,1.1385540962219238,1.708235502243042,3.7183780670166016,8.526049613952637,4.731330394744873,2.6678660573467756e-16,,1.0,,,,,,
69 kV Derivación Brazo Derecho,0,CIBAO NOROESTE,NORTE,NORTE 69 kV,\VM-PF.IntUser\PDD 31-12-2024.IntPrj\Network Model.IntPrjfolder\Network Data.IntPrjfolder\NORTE 69 kV.ElmNet\69 kV Derivación Brazo Derecho.ElmLne,Tap Brazo Derecho,,\VM-PF.IntUser\PDD 31-12-2024.IntPrj\Network Model.IntPrjfolder\Network Data.IntPrjfolder\NORTE 69 kV.ElmNet\Tap Brazo Derecho.ElmTerm,69 kV Brazo Derecho,Brazo Derecho,\VM-PF.IntUser\PDD 31-12-2024.IntPrj\Network Model.IntPrjfolder\Network Data.IntPrjfolder\NORTE 69 kV.ElmNet\Brazo Derecho.ElmSite\69 kV Brazo Derecho.ElmTerm,P.MADERA TP-IG 55 P/69 - 559 AAAC,TypTow,1.4199999570846558,1,0.6629999876022339,0.1655866652727127,0.6139153242111206,0.7385048270225525,2.1392815113067627,5.50001335144043,2.879685878753662,1.0838552198493752e-16,,1.0,,,,,,
69 kV Derivación INDAL,0,CIBAO SUR,NORTE,NORTE 69 kV,\VM-PF.IntUser\PDD 31-12-2024.IntPrj\Network Model.IntPrjfolder\Network Data.IntPrjfolder\NORTE 69 kV.ElmNet\69 kV Derivación INDAL.ElmLne,69 kV INDAL,,\VM-PF.IntUser\PDD 31-12-2024.IntPrj\Network Model.IntPrjfolder\Network Data.IntPrjfolder\NORTE 69 kV.ElmNet\69 kV INDAL.ElmTerm,Tap 69 kV INDAL,,\VM-PF.IntUser\PDD 31-12-2024.IntPrj\Network Model.IntPrjfolder\Network Data.IntPrjfolder\NORTE 69 kV.ElmNet\Tap 69 kV INDAL.ElmTerm,P.MADERA TVS-1 65/1C/69/1xF - 559 AAA,TypTow,0.18000000715255737,1,0.6629999876022339,0.02097531035542488,0.07613711804151535,0.08840307593345642,0.2788381278514862,0.7168701887130737,0.3398038446903229,9.992007618673103e-18,,1.0,,,,,,
69 kV Imbert 2 – Luperón,0,CIBAO NORTE,NORTE,NORTE 69 kV,\VM-PF.IntUser\PDD 31-12-2024.IntPrj\Network Model.IntPrjfolder\Network Data.IntPrjfolder\NORTE 69 kV.ElmNet\69 kV Imbert 2 – Luperón.ElmLne,3,ZIMB2F,\VM-PF.IntUser\PDD 31-12-2024.IntPrj\Network Model.IntPrjfolder\Network Data.IntPrjfolder\NORTE 69 kV.ElmNet\ZIMB2F.ElmSubstat\3.ElmTerm,69 kV Luperón,,\VM-PF.IntUser\PDD 31-12-2024.IntPrj\Network Model.IntPrjfolder\Network Data.IntPrjfolder\NORTE 69 kV.ElmNet\69 kV Luperón.ElmTerm,P.MADERA TP-IG 55 P/69 - 559 AAAC,TypTow,24.187000274658203,1,0.6629999876022339,2.8204541206359863,10.456880569458008,12.579025268554688,36.438594818115234,93.6822738647461,49.04997634887695,1.8461413428256905e-15,,1.0,,,,,,
69 kV Puerto Plata – Puerto Plata 2,0,CIBAO NORTE,NORTE,NORTE 69 kV,\VM-PF.IntUser\PDD 31-12-2024.IntPrj\Network Model.IntPrjfolder\Network Data.IntPrjfolder\NORTE 69 kV.ElmNet\69 kV Puerto Plata – Puerto Plata 2.ElmLne,1,ZPPLAF,\VM-PF.IntUser\PDD 31-12-2024.IntPrj\Network Model.IntPrjfolder\Network Data.IntPrjfolder\NORTE 69 kV.ElmNet\ZPPLAF.ElmSubstat\1.ElmTerm,2,ZPPL2F,\VM-PF.IntUser\PDD 31-12-2024.IntPrj\Network Model.IntPrjfolder\Network Data.IntPrjfolder\NORTE 138 kV.ElmNet\Puerto Plata 2.ElmSite\ZPPL2F.ElmSubstat\2.ElmTerm,P.MADERA TP-IG 55 P/69 - 559 AAAC,TypTow,3.4000000953674316,1,0.6629999876022339,0.3964751362800598,1.4699381589889526,1.7682510614395142,5.122223854064941,13.169046401977539,6.895022869110107,2.595146425940422e-16,,1.0,,,,,,
69 kV Derivación La Vega Per_a,0,CIBAO SUR,NORTE,NORTE 69 kV,\VM-PF.IntUser\PDD 31-12-2024.IntPrj\Network Model.IntPrjfolder\Network Data.IntPrjfolder\NORTE 69 kV.ElmNet\69 kV Derivación La Vega Per_a.ElmLne,Tap La Vega Per,,\VM-PF.IntUser\PDD 31-12-2024.IntPrj\Network Model.IntPrjfolder\Network Data.IntPrjfolder\NORTE 69 kV.ElmNet\Tap La Vega Per.ElmTerm,Tap La Vega PER C1,,\VM-PF.IntUser\PDD 31-12-2024.IntPrj\Network Model.IntPrjfolder\Network Data.IntPrjfolder\NORTE 69 kV.ElmNet\Tap La Vega PER C1.ElmTerm,P.MADERA/1C/69/1xF - 4/0 AAAC,TypTow,0.019999999552965164,1,0.3799999952316284,0.006132657639682293,0.009119516238570213,0.01383105106651783,0.03200707584619522,0.07379495352506638,0.03549077734351158,-1.3877786980633844e-18,,1.0,,,,,,
69 kV Derivación Fantino_c,0,CIBAO SUR,NORTE,NORTE 69 kV,\VM-PF.IntUser\PDD 31-12-2024.IntPrj\Network Model.IntPrjfolder\Network Data.IntPrjfolder\NORTE 69 kV.ElmNet\69 kV Derivación Fantino_c.ElmLne,Tap Rincón Nueva,,\VM-PF.IntUser\PDD 31-12-2024.IntPrj\Network Model.IntPrjfolder\Network Data.IntPrjfolder\NORTE 69 kV.ElmNet\Tap Rincón Nueva.ElmTerm,69 kV Fantino,,\VM-PF.IntUser\PDD 31-12-2024.IntPrj\Network Model.IntPrjfolder\Network Data.IntPrjfolder\NORTE 69 kV.ElmNet\69 kV Fantino.ElmTerm,P.MADERA TP-IG 50 P/69 - 559 AAAC,TypTow,12.699999809265137,1,0.6629999876022339,1.4801599979400635,5.417180061340332,6.6548848152160645,19.234630584716797,49.871803283691406,26.01583480834961,-3.524958050245313e-16,,1.0,,,,,,
69 kV CZFI Santiago – SAJOMA_f,0,CIBAO NORTE,NORTE,NORTE 69 kV,\VM-PF.IntUser\PDD 31-12-2024.IntPrj\Network Model.IntPrjfolder\Network Data.IntPrjfolder\NORTE 69 kV.ElmNet\69 kV CZFI Santiago – SAJOMA_f.ElmLne,Tap Ferretería Ochoa,,\VM-PF.IntUser\PDD 31-12-2024.IntPrj\Network Model.IntPrjfolder\Network Data.IntPrjfolder\NORTE 69 kV.ElmNet\Tap Ferretería Ochoa.ElmTerm,Tap Acero Cibao,,\VM-PF.IntUser\PDD 31-12-2024.IntPrj\Network Model.IntPrjfolder\Network Data.IntPrjfolder\NORTE 69 kV.ElmNet\Tap Acero Cibao.ElmTerm,P.MADERA TP-IG 55 P/69 - 559 AAAC,TypTow,1.600000023841858,1,0.6629999876022339,0.18657653033733368,0.6917356252670288,0.8321181535720825,2.4104583263397217,6.197198390960693,3.2447166442871094,1.2212453535574518e-16,,1.0,,,,,,
69 kV Derivación Troquelados Dominicanos,0,CIBAO NORTE,NORTE,NORTE 69 kV,\VM-PF.IntUser\PDD 31-12-2024.IntPrj\Network Model.IntPrjfolder\Network Data.IntPrjfolder\NORTE 69 kV.ElmNet\69 kV Derivación Troquelados Dominicanos.ElmLne,Tap Troquelados Dominicanos,,\VM-PF.IntUser\PDD 31-12-2024.IntPrj\Network Model.IntPrjfolder\Network Data.IntPrjfolder\NORTE 69 kV.ElmNet\Tap Troquelados Dominicanos.ElmTerm,69 kV Troquelados Dominicanos(1),,\VM-PF.IntUser\PDD 31-12-2024.IntPrj\Network Model.IntPrjfolder\Network Data.IntPrjfolder\NORTE 69 kV.ElmNet\69 kV Troquelados Dominicanos(1).ElmTerm,P.MADERA TP-IG 50 P/69 - 2/0 ACSR,TypTow,0.10244999825954437,1,0.26499998569488525,0.04270222783088684,0.05035068094730377,0.08405572921037674,0.16033942997455597,0.35418686270713806,0.19881762564182281,-7.108896890579739e-18,,1.0,,,,,,
69 kV Canabacoa – Cementos Cibao_c,0,CIBAO NORTE,NORTE,NORTE 69 kV,\VM-PF.IntUser\PDD 31-12-2024.IntPrj\Network Model.IntPrjfolder\Network Data.IntPrjfolder\NORTE 69 kV.ElmNet\69 kV Canabacoa – Cementos Cibao_c.ElmLne,Tap Parque Industrial,,\VM-PF.IntUser\PDD 31-12-2024.IntPrj\Network Model.IntPrjfolder\Network Data.IntPrjfolder\NORTE 69 kV.ElmNet\Tap Parque Industrial.ElmTerm,69 kV Cementos Cibao,,\VM-PF.IntUser\PDD 31-12-2024.IntPrj\Network Model.IntPrjfolder\Network Data.IntPrjfolder\NORTE 69 kV.ElmNet\69 kV Cementos Cibao.ElmTerm,P.MADERA TP-IG 55 P/69 - 4/0 AAAC,TypTow,3.4000000953674316,1,0.3799999952316284,1.0445832014083862,1.6109373569488525,2.4163591861724854,5.263223171234131,12.059576988220215,6.578389644622803,-1.8873791948023253e-16,,1.0,,,,,,
69 kV La Vega – SFM_d,0,CIBAO SUR,NORTE,NORTE 69 kV,\VM-PF.IntUser\PDD 31-12-2024.IntPrj\Network Model.IntPrjfolder\Network Data.IntPrjfolder\NORTE 69 kV.ElmNet\69 kV La Vega – SFM_d.ElmLne,Tap CENOVI,,\VM-PF.IntUser\PDD 31-12-2024.IntPrj\Network Model.IntPrjfolder\Network Data.IntPrjfolder\NORTE 69 kV.ElmNet\Tap CENOVI.ElmTerm,1,ZSFMAF,\VM-PF.IntUser\PDD 31-12-2024.IntPrj\Network Model.IntPrjfolder\Network Data.IntPrjfolder\NORTE 138 kV.ElmNet\SFM.ElmSite\ZSFMAF.ElmSubstat\1.ElmTerm,P.MADERA/1C/69/1xF - 4/0 AAAC,TypTow,12.770000457763672,1,0.3799999952316284,3.9157021045684814,5.822811126708984,8.83112621307373,20.436519622802734,47.118080139160156,22.66086196899414,-8.860967832926886e-16,,1.0,,,,,,
69 kV SFM – El Chivo_a,0,CIBAO NORESTE,NORTE,NORTE 69 kV,\VM-PF.IntUser\PDD 31-12-2024.IntPrj\Network Model.IntPrjfolder\Network Data.IntPrjfolder\NORTE 69 kV.ElmNet\69 kV SFM – El Chivo_a.ElmLne,Tap El Chivo,,\VM-PF.IntUser\PDD 31-12-2024.IntPrj\Network Model.IntPrjfolder\Network Data.IntPrjfolder\NORTE 69 kV.ElmNet\Tap El Chivo.ElmTerm,2,ZSFMAF,\VM-PF.IntUser\PDD 31-12-2024.IntPrj\Network Model.IntPrjfolder\Network Data.IntPrjfolder\NORTE 138 kV.ElmNet\SFM.ElmSite\ZSFMAF.ElmSubstat\2.ElmTerm,P.MADERA TP-IG 55 P/69 - 559 AAAC,TypTow,1.7799999713897705,1,0.6629999876022339,0.20756638050079346,0.7695558667182922,0.9257314205169678,2.6816346645355225,6.894382953643799,3.6097471714019775,1.3586354210910794e-16,,1.0,,,,,,
69 kV Derivación Envases Antillanos,0,CIBAO NORTE,NORTE,NORTE 69 kV,\VM-PF.IntUser\PDD 31-12-2024.IntPrj\Network Model.IntPrjfolder\Network Data.IntPrjfolder\NORTE 69 kV.ElmNet\69 kV Derivación Envases Antillanos.ElmLne,Tap Envases Antillanos,,\VM-PF.IntUser\PDD 31-12-2024.IntPrj\Network Model.IntPrjfolder\Network Data.IntPrjfolder\NORTE 69 kV.ElmNet\Tap Envases Antillanos.ElmTerm,69 kV Envases Antillanos,,\VM-PF.IntUser\PDD 31-12-2024.IntPrj\Network Model.IntPrjfolder\Network Data.IntPrjfolder\NORTE 69 kV.ElmNet\69 kV Envases Antillanos.ElmTerm,P.MADERA TP-IG 55 P/69 - 4/0 AAAC,TypTow,0.0010659999679774046,1,0.3799999952316284,0.0003275075287092477,0.0005050761974416673,0.0007575995987281203,0.001650175079703331,0.0037810318171977997,0.0020625183824449778,-5.917488543490971e-20,,1.0,,,,,,
69 kV  Derivación Ferretería Ochoa,0,CIBAO NORTE,NORTE,NORTE 69 kV,\VM-PF.IntUser\PDD 31-12-2024.IntPrj\Network Model.IntPrjfolder\Network Data.IntPrjfolder\NORTE 69 kV.ElmNet\69 kV  Derivación Ferretería Ochoa.ElmLne,69 kV Ferretería Ochoa,,\VM-PF.IntUser\PDD 31-12-2024.IntPrj\Network Model.IntPrjfolder\Network Data.IntPrjfolder\NORTE 69 kV.ElmNet\69 kV Ferretería Ochoa.ElmTerm,Tap Ferretería Ochoa,,\VM-PF.IntUser\PDD 31-12-2024.IntPrj\Network Model.IntPrjfolder\Network Data.IntPrjfolder\NORTE 69 kV.ElmNet\Tap Ferretería Ochoa.ElmTerm,P.MADERA TP-IG 55 P/69 - 4/0 ACSR,TypTow,0.5,1,0.3569999933242798,0.13130517303943634,0.23690254986286163,0.3330368995666504,0.7740033864974976,1.796484351158142,0.9742141366004944,8.326672684688674e-17,,1.0,,,,,,
69 kV Derivación Acero Cibao,0,CIBAO NORTE,NORTE,NORTE 69 kV,\VM-PF.IntUser\PDD 31-12-2024.IntPrj\Network Model.IntPrjfolder\Network Data.IntPrjfolder\NORTE 69 kV.ElmNet\69 kV Derivación Acero Cibao.ElmLne,69 kV Acero Cibao,,\VM-PF.IntUser\PDD 31-12-2024.IntPrj\Network Model.IntPrjfolder\Network Data.IntPrjfolder\NORTE 69 kV.ElmNet\69 kV Acero Cibao.ElmTerm,Tap Acero Cibao,,\VM-PF.IntUser\PDD 31-12-2024.IntPrj\Network Model.IntPrjfolder\Network Data.IntPrjfolder\NORTE 69 kV.ElmNet\Tap Acero Cibao.ElmTerm,P.MADERA TP-IG 55 P/69 - 4/0 ACSR,TypTow,0.018279999494552612,1,0.3569999933242798,0.0048005166463553905,0.00866115652024746,0.012175829149782658,0.028297562152147293,0.06567946821451187,0.035617269575595856,3.04423144934828e-18,,1.0,,,,,,
69 kV Derivación PIMCO,0,CIBAO NORTE,NORTE,NORTE 69 kV,\VM-PF.IntUser\PDD 31-12-2024.IntPrj\Network Model.IntPrjfolder\Network Data.IntPrjfolder\NORTE 69 kV.ElmNet\69 kV Derivación PIMCO.ElmLne,69 kV PIMCO,,\VM-PF.IntUser\PDD 31-12-2024.IntPrj\Network Model.IntPrjfolder\Network Data.IntPrjfolder\NORTE 69 kV.ElmNet\69 kV PIMCO.ElmTerm,Tap PIMCO,,\VM-PF.IntUser\PDD 31-12-2024.IntPrj\Network Model.IntPrjfolder\Network Data.IntPrjfolder\NORTE 69 kV.ElmNet\Tap PIMCO.ElmTerm,P.MADERA TP-IG 55 P/69 - 4/0 ACSR,TypTow,0.018279999494552612,1,0.3569999933242798,0.0048005166463553905,0.00866115652024746,0.012175829149782658,0.028297562152147293,0.06567946821451187,0.035617269575595856,3.04423144934828e-18,,1.0,,,,,,
69 kV Derivación ZF Pisano,0,CIBAO NORTE,NORTE,NORTE 69 kV,\VM-PF.IntUser\PDD 31-12-2024.IntPrj\Network Model.IntPrjfolder\Network Data.IntPrjfolder\NORTE 69 kV.ElmNet\69 kV Derivación ZF Pisano.ElmLne,Tap ZF Pisano,,\VM-PF.IntUser\PDD 31-12-2024.IntPrj\Network Model.IntPrjfolder\Network Data.IntPrjfolder\NORTE 69 kV.ElmNet\Tap ZF Pisano.ElmTerm,69 kV ZF Pisano,,\VM-PF.IntUser\PDD 31-12-2024.IntPrj\Network Model.IntPrjfolder\Network Data.IntPrjfolder\NORTE 69 kV.ElmNet\69 kV ZF Pisano.ElmTerm,P.MADERA TP-IG 55 P/69 - 4/0 ACSR,TypTow,0.007619999814778566,1,0.3569999933242798,0.0020010906737297773,0.003610394662246108,0.005075482651591301,0.011795811355113983,0.027378421276807785,0.014847023412585258,1.268984912150383e-18,,1.0,,,,,,
69 kV Derivación Quinigua,0,CIBAO NORTE,NORTE,NORTE 69 kV,\VM-PF.IntUser\PDD 31-12-2024.IntPrj\Network Model.IntPrjfolder\Network Data.IntPrjfolder\NORTE 69 kV.ElmNet\69 kV Derivación Quinigua.ElmLne,69 kV Quinigua,,\VM-PF.IntUser\PDD 31-12-2024.IntPrj\Network Model.IntPrjfolder\Network Data.IntPrjfolder\NORTE 69 kV.ElmNet\69 kV Quinigua.ElmTerm,Tap Quinigua,,\VM-PF.IntUser\PDD 31-12-2024.IntPrj\Network Model.IntPrjfolder\Network Data.IntPrjfolder\NORTE 69 kV.ElmNet\Tap Quinigua.ElmTerm,P.MADERA TP-IG 50 P/69 - 4/0 ACSR,TypTow,0.00914399977773428,1,0.3569999933242798,0.002401309786364436,0.0043324753642082214,0.006092246156185865,0.014149333350360394,0.03286489471793175,0.018132703378796577,-5.075939545203956e-19,,1.0,,,,,,
69 kV Derivación Cotuí,0,CIBAO SUR,NORTE,NORTE 69 kV,\VM-PF.IntUser\PDD 31-12-2024.IntPrj\Network Model.IntPrjfolder\Network Data.IntPrjfolder\NORTE 69 kV.ElmNet\69 kV Derivación Cotuí.ElmLne,Tap Cotuí,,\VM-PF.IntUser\PDD 31-12-2024.IntPrj\Network Model.IntPrjfolder\Network Data.IntPrjfolder\NORTE 69 kV.ElmNet\Tap Cotuí.ElmTerm,69 kV Cotuí,,\VM-PF.IntUser\PDD 31-12-2024.IntPrj\Network Model.IntPrjfolder\Network Data.IntPrjfolder\NORTE 69 kV.ElmNet\69 kV Cotuí.ElmTerm,P.MADERA TP-IG 50 P/69 - 4/0 AAAC,TypTow,0.014999999664723873,1,0.3799999952316284,0.00460845697671175,0.007107078563421965,0.010663142427802086,0.02321084775030613,0.05322128161787987,0.02953389473259449,1.6653344997146072e-18,,1.0,,,,,,
69 kV Derivación Nagua,0,CIBAO NORESTE,NORTE,NORTE 69 kV,\VM-PF.IntUser\PDD 31-12-2024.IntPrj\Network Model.IntPrjfolder\Network Data.IntPrjfolder\NORTE 69 kV.ElmNet\69 kV Derivación Nagua.ElmLne,69 kV Nagua,ZNAGUF,\VM-PF.IntUser\PDD 31-12-2024.IntPrj\Network Model.IntPrjfolder\Network Data.IntPrjfolder\NORTE 69 kV.ElmNet\Nagua/Rosa Julia de la Cruz.ElmSite\ZNAGUF.ElmSubstat\69 kV Nagua.ElmTerm,Tap Nagua,,\VM-PF.IntUser\PDD 31-12-2024.IntPrj\Network Model.IntPrjfolder\Network Data.IntPrjfolder\NORTE 69 kV.ElmNet\Tap Nagua.ElmTerm,P.MADERA TP-IG 55 P/69 - 559 AAAC,TypTow,0.009999999776482582,1,0.6629999876022339,0.0011661032913252711,0.004323347471654415,0.005200738087296486,0.015065363608300686,0.038732487708330154,0.020279478281736374,7.632783252938921e-19,,1.0,,,,,,
69 kV Derivación INDUVECA,0,CIBAO SUR,NORTE,NORTE 69 kV,\VM-PF.IntUser\PDD 31-12-2024.IntPrj\Network Model.IntPrjfolder\Network Data.IntPrjfolder\NORTE 69 kV.ElmNet\69 kV Derivación INDUVECA.ElmLne,Tap INDUVECA,,\VM-PF.IntUser\PDD 31-12-2024.IntPrj\Network Model.IntPrjfolder\Network Data.IntPrjfolder\NORTE 69 kV.ElmNet\Tap INDUVECA.ElmTerm,69 kV INDUVECA,,\VM-PF.IntUser\PDD 31-12-2024.IntPrj\Network Model.IntPrjfolder\Network Data.IntPrjfolder\NORTE 69 kV.ElmNet\69 kV INDUVECA.ElmTerm,P.MADERA TP-IG 50 P/69 - 4/0 ACSR,TypTow,0.003656999906525016,1,0.3569999933242798,0.0009603663929738104,0.0017327057430520654,0.0024364986456930637,0.005658804904669523,0.013143801130354404,0.007251891773194075,-2.030042748638059e-19,,1.0,,,,,,
69 kV Derivación ZF La Vega,0,CIBAO SUR,NORTE,NORTE 69 kV,\VM-PF.IntUser\PDD 31-12-2024.IntPrj\Network Model.IntPrjfolder\Network Data.IntPrjfolder\NORTE 69 kV.ElmNet\69 kV Derivación ZF La Vega.ElmLne,69 kV ZF La Vega,,\VM-PF.IntUser\PDD 31-12-2024.IntPrj\Network Model.IntPrjfolder\Network Data.IntPrjfolder\NORTE 69 kV.ElmNet\69 kV ZF La Vega.ElmTerm,Tap ZF La Vega,,\VM-PF.IntUser\PDD 31-12-2024.IntPrj\Network Model.IntPrjfolder\Network Data.IntPrjfolder\NORTE 69 kV.ElmNet\Tap ZF La Vega.ElmTerm,P.MADERA TP-IG 50 P/69 - 4/0 AAAC,TypTow,0.14000000059604645,1,0.3799999952316284,0.043012265115976334,0.06633273512125015,0.099522665143013,0.2166345864534378,0.4967319667339325,0.27564969658851624,1.554312241092664e-17,,1.0,,,,,,
69 kV Derivación Jimenoa,0,CIBAO SUR,NORTE,NORTE 69 kV,\VM-PF.IntUser\PDD 31-12-2024.IntPrj\Network Model.IntPrjfolder\Network Data.IntPrjfolder\NORTE 69 kV.ElmNet\69 kV Derivación Jimenoa.ElmLne,69 kV Jimenoa,Jimenoa,\VM-PF.IntUser\PDD 31-12-2024.IntPrj\Network Model.IntPrjfolder\Network Data.IntPrjfolder\NORTE 69 kV.ElmNet\Jimenoa.ElmSite\69 kV Jimenoa.ElmTerm,Tap Jimenoa,,\VM-PF.IntUser\PDD 31-12-2024.IntPrj\Network Model.IntPrjfolder\Network Data.IntPrjfolder\NORTE 69 kV.ElmNet\Tap Jimenoa.ElmTerm,T.ACERO S1/69/1xF-559.5 MCM,TypTow,0.0010000000474974513,1,0.6629999876022339,0.00011598280252655968,0.000497512926813215,0.0004235663509462029,0.001460045576095581,0.0033307289704680443,0.0018716190243139863,-4.163336378533489e-20,,1.0,,,,,,
69 kV Derivación Paso Bajito,0,CIBAO SUR,NORTE,NORTE 69 kV,\VM-PF.IntUser\PDD 31-12-2024.IntPrj\Network Model.IntPrjfolder\Network Data.IntPrjfolder\NORTE 69 kV.ElmNet\69 kV Derivación Paso Bajito.ElmLne,Tap Paso Bajito,,\VM-PF.IntUser\PDD 31-12-2024.IntPrj\Network Model.IntPrjfolder\Network Data.IntPrjfolder\NORTE 69 kV.ElmNet\Tap Paso Bajito.ElmTerm,69 kV Paso Bajito,,\VM-PF.IntUser\PDD 31-12-2024.IntPrj\Network Model.IntPrjfolder\Network Data.IntPrjfolder\NORTE 69 kV.ElmNet\69 kV Paso Bajito.ElmTerm,P.MADERA/69 TH-1G- 2/0 CU,TypTow,0.0030479999259114265,1,0.36000001430511475,0.0009199475171044469,0.0015985643258318305,0.0023481585085392,0.003960990812629461,0.009771128185093403,0.006859635002911091,-1.268984886300989e-19,,1.0,,,,,,
69 kV Derivación El Río,0,CIBAO SUR,NORTE,NORTE 69 kV,\VM-PF.IntUser\PDD 31-12-2024.IntPrj\Network Model.IntPrjfolder\Network Data.IntPrjfolder\NORTE 69 kV.ElmNet\69 kV Derivación El Río.ElmLne,69 kV El Río,,\VM-PF.IntUser\PDD 31-12-2024.IntPrj\Network Model.IntPrjfolder\Network Data.IntPrjfolder\NORTE 69 kV.ElmNet\69 kV El Río.ElmTerm,Tap El Río,,\VM-PF.IntUser\PDD 31-12-2024.IntPrj\Network Model.IntPrjfolder\Network Data.IntPrjfolder\NORTE 69 kV.ElmNet\Tap El Río.ElmTerm,P.MADERA/69 TH-1G- 2/0 CU,TypTow,0.012190000154078007,1,0.36000001430511475,0.0036791865713894367,0.006393208634108305,0.009391093626618385,0.015841364860534668,0.03907810524106026,0.02743403986096382,-5.075107194712574e-19,,1.0,,,,,,
69 kV Derivación Tireo,0,CIBAO SUR,NORTE,NORTE 69 kV,\VM-PF.IntUser\PDD 31-12-2024.IntPrj\Network Model.IntPrjfolder\Network Data.IntPrjfolder\NORTE 69 kV.ElmNet\69 kV Derivación Tireo.ElmLne,Tap Tireo,,\VM-PF.IntUser\PDD 31-12-2024.IntPrj\Network Model.IntPrjfolder\Network Data.IntPrjfolder\NORTE 69 kV.ElmNet\Tap Tireo.ElmTerm,69 kV Tireo,,\VM-PF.IntUser\PDD 31-12-2024.IntPrj\Network Model.IntPrjfolder\Network Data.IntPrjfolder\NORTE 69 kV.ElmNet\69 kV Tireo.ElmTerm,P.MADERA/69 TH-1G- 2/0 CU,TypTow,0.0030479999259114265,1,0.36000001430511475,0.0009199475171044469,0.0015985643258318305,0.0023481585085392,0.003960990812629461,0.009771128185093403,0.006859635002911091,-1.268984886300989e-19,,1.0,,,,,,
69 kV Derivación Bonao Per_b,0,CIBAO SUR,NORTE,NORTE 69 kV,\VM-PF.IntUser\PDD 31-12-2024.IntPrj\Network Model.IntPrjfolder\Network Data.IntPrjfolder\NORTE 69 kV.ElmNet\69 kV Derivación Bonao Per_b.ElmLne,69 kV Bonao PER,ZBPERF,\VM-PF.IntUser\PDD 31-12-2024.IntPrj\Network Model.IntPrjfolder\Network Data.IntPrjfolder\NORTE 69 kV.ElmNet\Bonao PER/Anaiana Vargas.ElmSite\ZBPERF.ElmSubstat\69 kV Bonao PER.ElmTerm,Tap Bonao,,\VM-PF.IntUser\PDD 31-12-2024.IntPrj\Network Model.IntPrjfolder\Network Data.IntPrjfolder\NORTE 69 kV.ElmNet\Tap Bonao.ElmTerm,P.MADERA TP-IG 50 P/69 - 4/0 AAAC,TypTow,1.5,1,0.3799999952316284,0.4608456790447235,0.7107079029083252,1.0663142204284668,2.321084976196289,5.3221282958984375,2.9533896446228027,1.6653345369377348e-16,,1.0,,,,,,
69 kV Derivación Sosúa,0,CIBAO NORTE,NORTE,NORTE 69 kV,\VM-PF.IntUser\PDD 31-12-2024.IntPrj\Network Model.IntPrjfolder\Network Data.IntPrjfolder\NORTE 69 kV.ElmNet\69 kV Derivación Sosúa.ElmLne,69 kV Sosúa,,\VM-PF.IntUser\PDD 31-12-2024.IntPrj\Network Model.IntPrjfolder\Network Data.IntPrjfolder\NORTE 69 kV.ElmNet\69 kV Sosúa.ElmTerm,Tap Sosúa,,\VM-PF.IntUser\PDD 31-12-2024.IntPrj\Network Model.IntPrjfolder\Network Data.IntPrjfolder\NORTE 69 kV.ElmNet\Tap Sosúa.ElmTerm,P.MADERA TP-IG 50 P/69 - 559 AAAC,TypTow,0.00457199988886714,1,0.6629999876022339,0.000532857549842447,0.001950184814631939,0.0023957586381584406,0.006924467161297798,0.017953848466277122,0.00936570018529892,-1.268984886300989e-19,,1.0,,,,,,
69 kV Derivación Cabarete,0,CIBAO NORTE,NORTE,NORTE 69 kV,\VM-PF.IntUser\PDD 31-12-2024.IntPrj\Network Model.IntPrjfolder\Network Data.IntPrjfolder\NORTE 69 kV.ElmNet\69 kV Derivación Cabarete.ElmLne,69 kV Cabarete,,\VM-PF.IntUser\PDD 31-12-2024.IntPrj\Network Model.IntPrjfolder\Network Data.IntPrjfolder\NORTE 69 kV.ElmNet\69 kV Cabarete.ElmTerm,Tap Cabarete,,\VM-PF.IntUser\PDD 31-12-2024.IntPrj\Network Model.IntPrjfolder\Network Data.IntPrjfolder\NORTE 69 kV.ElmNet\Tap Cabarete.ElmTerm,P.MADERA TP-IG 50 P/69 - 559 AAAC,TypTow,0.00457199988886714,1,0.6629999876022339,0.000532857549842447,0.001950184814631939,0.0023957586381584406,0.006924467161297798,0.017953848466277122,0.00936570018529892,-1.268984886300989e-19,,1.0,,,,,,
69 kV Derivación Don Pedro,0,CIBAO NORTE,NORTE,NORTE 69 kV,\VM-PF.IntUser\PDD 31-12-2024.IntPrj\Network Model.IntPrjfolder\Network Data.IntPrjfolder\NORTE 69 kV.ElmNet\69 kV Derivación Don Pedro.ElmLne,69 kV Don Pedro,,\VM-PF.IntUser\PDD 31-12-2024.IntPrj\Network Model.IntPrjfolder\Network Data.IntPrjfolder\NORTE 69 kV.ElmNet\69 kV Don Pedro.ElmTerm,Tap Don Pedro,,\VM-PF.IntUser\PDD 31-12-2024.IntPrj\Network Model.IntPrjfolder\Network Data.IntPrjfolder\NORTE 69 kV.ElmNet\Tap Don Pedro.ElmTerm,P.MADERA TP-IG 50 P/69 - 4/0 AAAC,TypTow,0.005499999970197678,1,0.3799999952316284,0.0016897674649953842,0.0026059290394186974,0.0039098188281059265,0.008510644547641277,0.01951446942985058,0.010829094797372818,6.106226602351136e-19,,1.0,,,,,,
69 kV Derivación Molinos Valle Cibao,0,CIBAO NORTE,NORTE,NORTE 69 kV,\VM-PF.IntUser\PDD 31-12-2024.IntPrj\Network Model.IntPrjfolder\Network Data.IntPrjfolder\NORTE 69 kV.ElmNet\69 kV Derivación Molinos Valle Cibao.ElmLne,69 kV Molinos Valle Cibao,,\VM-PF.IntUser\PDD 31-12-2024.IntPrj\Network Model.IntPrjfolder\Network Data.IntPrjfolder\NORTE 69 kV.ElmNet\69 kV Molinos Valle Cibao.ElmTerm,Tap Molinos del Valle,,\VM-PF.IntUser\PDD 31-12-2024.IntPrj\Network Model.IntPrjfolder\Network Data.IntPrjfolder\NORTE 69 kV.ElmNet\Tap Molinos del Valle.ElmTerm,P.MADERA TP-IG 50 P/69 - 4/0 ACSR,TypTow,0.0010659999679774046,1,0.3569999933242798,0.0002799427311401814,0.0005050763720646501,0.0007102290401235223,0.0016495175659656525,0.0038313623517751694,0.0021138957235962152,-5.917488543490971e-20,,1.0,,,,,,
69 kV Derivación ZF Licey,0,CIBAO NORTE,NORTE,NORTE 69 kV,\VM-PF.IntUser\PDD 31-12-2024.IntPrj\Network Model.IntPrjfolder\Network Data.IntPrjfolder\NORTE 69 kV.ElmNet\69 kV Derivación ZF Licey.ElmLne,69 kV ZF Licey,,\VM-PF.IntUser\PDD 31-12-2024.IntPrj\Network Model.IntPrjfolder\Network Data.IntPrjfolder\NORTE 69 kV.ElmNet\69 kV ZF Licey.ElmTerm,Tap ZF Licey,,\VM-PF.IntUser\PDD 31-12-2024.IntPrj\Network Model.IntPrjfolder\Network Data.IntPrjfolder\NORTE 69 kV.ElmNet\Tap ZF Licey.ElmTerm,P.MADERA TP-IG 50 P/69 - 4/0 ACSR,TypTow,0.0010659999679774046,1,0.3569999933242798,0.0002799427311401814,0.0005050763720646501,0.0007102290401235223,0.0016495175659656525,0.0038313623517751694,0.0021138957235962152,-5.917488543490971e-20,,1.0,,,,,,
69 kV Derivación Villa Olga,0,CIBAO NORTE,NORTE,NORTE 69 kV,\VM-PF.IntUser\PDD 31-12-2024.IntPrj\Network Model.IntPrjfolder\Network Data.IntPrjfolder\NORTE 69 kV.ElmNet\69 kV Derivación Villa Olga.ElmLne,Tap Villa Olga,,\VM-PF.IntUser\PDD 31-12-2024.IntPrj\Network Model.IntPrjfolder\Network Data.IntPrjfolder\NORTE 69 kV.ElmNet\Tap Villa Olga.ElmTerm,69 kV Villa Olga,,\VM-PF.IntUser\PDD 31-12-2024.IntPrj\Network Model.IntPrjfolder\Network Data.IntPrjfolder\NORTE 69 kV.ElmNet\69 kV Villa Olga.ElmTerm,P.MADERA TP-IG 55 P/69 - 4/0 ACSR,TypTow,0.015239999629557133,1,0.3569999933242798,0.004002181347459555,0.007220789324492216,0.010150965303182602,0.023591622710227966,0.05475684255361557,0.029694046825170517,2.537969824300766e-18,,1.0,,,,,,
69 kV Navarrete – ZF Santiago_a,0,CIBAO NORTE,NORTE,NORTE 69 kV,\VM-PF.IntUser\PDD 31-12-2024.IntPrj\Network Model.IntPrjfolder\Network Data.IntPrjfolder\NORTE 69 kV.ElmNet\69 kV Navarrete – ZF Santiago_a.ElmLne,1,ZNAVAF,\VM-PF.IntUser\PDD 31-12-2024.IntPrj\Network Model.IntPrjfolder\Network Data.IntPrjfolder\NORTE 69 kV.ElmNet\ZNAVAF.ElmSubstat\1.ElmTerm,Tap Ochoa Las Lavas,,\VM-PF.IntUser\PDD 31-12-2024.IntPrj\Network Model.IntPrjfolder\Network Data.IntPrjfolder\NORTE 69 kV.ElmNet\Tap Ochoa Las Lavas.ElmTerm,P.MADERA TP-IG 55 P/69 - 450 ACAR,TypTow,7.099999904632568,1,0.5680000185966492,0.9304574131965637,3.12974214553833,3.795048236846924,10.756573677062988,26.959884643554688,14.249066352844238,0.0,,1.0,,,,,,
69 kV Playa Dorada – Puerto Plata_b,0,CIBAO NORTE,NORTE,NORTE 69 kV,\VM-PF.IntUser\PDD 31-12-2024.IntPrj\Network Model.IntPrjfolder\Network Data.IntPrjfolder\NORTE 69 kV.ElmNet\69 kV Playa Dorada – Puerto Plata_b.ElmLne,3,ZPPLAF,\VM-PF.IntUser\PDD 31-12-2024.IntPrj\Network Model.IntPrjfolder\Network Data.IntPrjfolder\NORTE 69 kV.ElmNet\ZPPLAF.ElmSubstat\3.ElmTerm,Tap Puerto Plata Electricidad,,\VM-PF.IntUser\PDD 31-12-2024.IntPrj\Network Model.IntPrjfolder\Network Data.IntPrjfolder\NORTE 69 kV.ElmNet\Tap Puerto Plata Electricidad.ElmTerm,P.MADERA TP-IG 55 P/69 - 559 AAAC,TypTow,7.409999847412109,1,0.6629999876022339,0.8640825152397156,3.2036004066467285,3.8537468910217285,11.163434028625488,28.700775146484375,15.027093887329102,5.655892039909956e-16,,1.0,,,,,,
69 kV Playa Dorada – Puerto Plata_a,0,CIBAO NORTE,NORTE,NORTE 69 kV,\VM-PF.IntUser\PDD 31-12-2024.IntPrj\Network Model.IntPrjfolder\Network Data.IntPrjfolder\NORTE 69 kV.ElmNet\69 kV Playa Dorada – Puerto Plata_a.ElmLne,Tap Puerto Plata Electricidad,,\VM-PF.IntUser\PDD 31-12-2024.IntPrj\Network Model.IntPrjfolder\Network Data.IntPrjfolder\NORTE 69 kV.ElmNet\Tap Puerto Plata Electricidad.ElmTerm,2,ZPDORF,\VM-PF.IntUser\PDD 31-12-2024.IntPrj\Network Model.IntPrjfolder\Network Data.IntPrjfolder\NORTE 69 kV.ElmNet\ZPDORF.ElmSubstat\2.ElmTerm,P.MADERA TP-IG 55 P/69 - 559 AAAC,TypTow,0.30999991297721863,1,0.6629999876022339,0.03614919260144234,0.1340237408876419,0.16122284531593323,0.46702614426612854,1.2007068395614624,0.6286636590957642,2.366162219044879e-17,,1.0,,,,,,
69 kV Derivación Baltimore Domincana_b,0,CIBAO NORTE,NORTE,NORTE 69 kV,\VM-PF.IntUser\PDD 31-12-2024.IntPrj\Network Model.IntPrjfolder\Network Data.IntPrjfolder\NORTE 69 kV.ElmNet\69 kV Derivación Baltimore Domincana_b.ElmLne,69 kV Baltimore Dominicana,,\VM-PF.IntUser\PDD 31-12-2024.IntPrj\Network Model.IntPrjfolder\Network Data.IntPrjfolder\NORTE 69 kV.ElmNet\69 kV Baltimore Dominicana.ElmTerm,Tap Envases Antillanos,,\VM-PF.IntUser\PDD 31-12-2024.IntPrj\Network Model.IntPrjfolder\Network Data.IntPrjfolder\NORTE 69 kV.ElmNet\Tap Envases Antillanos.ElmTerm,P.MADERA TP-IG 55 P/69 - 4/0 AAAC,TypTow,1.809999942779541,1,0.3799999952316284,0.5560868978500366,0.8575872182846069,1.2863558530807495,2.801892042160034,6.41995096206665,3.5020246505737305,-1.0047518055220311e-16,,1.0,,,,,,
69 kV Derivación Art Piel Favoritos,0,CIBAO NORTE,NORTE,NORTE 69 kV,\VM-PF.IntUser\PDD 31-12-2024.IntPrj\Network Model.IntPrjfolder\Network Data.IntPrjfolder\NORTE 69 kV.ElmNet\69 kV Derivación Art Piel Favoritos.ElmLne,69 kV Art Piel Favoritos,,\VM-PF.IntUser\PDD 31-12-2024.IntPrj\Network Model.IntPrjfolder\Network Data.IntPrjfolder\NORTE 69 kV.ElmNet\69 kV Art Piel Favoritos.ElmTerm,Tap Ochoa,,\VM-PF.IntUser\PDD 31-12-2024.IntPrj\Network Model.IntPrjfolder\Network Data.IntPrjfolder\NORTE 69 kV.ElmNet\Tap Ochoa.ElmTerm,P.MADERA TP-IG 55 P/69 - 4/0 AAAC,TypTow,0.28999999165534973,1,0.3799999952316284,0.089096799492836,0.1374034732580185,0.2061012089252472,0.44892194867134094,1.0286109447479248,0.5610978603363037,-1.6098233393843627e-17,,1.0,,,,,,
69 kV CZFI Santiago – SAJOMA_d,0,CIBAO NORTE,NORTE,NORTE 69 kV,\VM-PF.IntUser\PDD 31-12-2024.IntPrj\Network Model.IntPrjfolder\Network Data.IntPrjfolder\NORTE 69 kV.ElmNet\69 kV CZFI Santiago – SAJOMA_d.ElmLne,Tap Ochoa,,\VM-PF.IntUser\PDD 31-12-2024.IntPrj\Network Model.IntPrjfolder\Network Data.IntPrjfolder\NORTE 69 kV.ElmNet\Tap Ochoa.ElmTerm,Tap Art Piel Favoritos,,\VM-PF.IntUser\PDD 31-12-2024.IntPrj\Network Model.IntPrjfolder\Network Data.IntPrjfolder\NORTE 69 kV.ElmNet\Tap Art Piel Favoritos.ElmTerm,P.MADERA TP-IG 55 P/69 - 4/0 AAAC,TypTow,1.1100000143051147,1,0.3799999952316284,0.3410256803035736,0.5259236693382263,0.7888701558113098,1.718287467956543,3.9370970726013184,2.147650718688965,-6.161737866078958e-17,,1.0,,,,,,
69 kV Derivación Baltimore Domincana_a,0,CIBAO NORTE,NORTE,NORTE 69 kV,\VM-PF.IntUser\PDD 31-12-2024.IntPrj\Network Model.IntPrjfolder\Network Data.IntPrjfolder\NORTE 69 kV.ElmNet\69 kV Derivación Baltimore Domincana_a.ElmLne,Tap Art Piel Favoritos,,\VM-PF.IntUser\PDD 31-12-2024.IntPrj\Network Model.IntPrjfolder\Network Data.IntPrjfolder\NORTE 69 kV.ElmNet\Tap Art Piel Favoritos.ElmTerm,Tap Envases Antillanos,,\VM-PF.IntUser\PDD 31-12-2024.IntPrj\Network Model.IntPrjfolder\Network Data.IntPrjfolder\NORTE 69 kV.ElmNet\Tap Envases Antillanos.ElmTerm,P.MADERA TP-IG 55 P/69 - 4/0 AAAC,TypTow,1.4600000381469727,1,0.3799999952316284,0.4485563039779663,0.691755473613739,1.037613034248352,2.260089874267578,5.178524017333984,2.8248376846313477,-8.10462829152188e-17,,1.0,,,,,,
69 kV Canabacoa – Unión Médica_b,0,CIBAO NORTE,NORTE,NORTE 69 kV,\VM-PF.IntUser\PDD 31-12-2024.IntPrj\Network Model.IntPrjfolder\Network Data.IntPrjfolder\NORTE 69 kV.ElmNet\69 kV Canabacoa – Unión Médica_b.ElmLne,Tap Villa Olga,,\VM-PF.IntUser\PDD 31-12-2024.IntPrj\Network Model.IntPrjfolder\Network Data.IntPrjfolder\NORTE 69 kV.ElmNet\Tap Villa Olga.ElmTerm,Tap Hospital Metropolitano Santiago,,\VM-PF.IntUser\PDD 31-12-2024.IntPrj\Network Model.IntPrjfolder\Network Data.IntPrjfolder\NORTE 69 kV.ElmNet\Tap Hospital Metropolitano Santiago.ElmTerm,P.MADERA TP-IG 55 P/69 - 4/0 ACSR,TypTow,3.549999952316284,1,0.3569999933242798,0.9322667121887207,1.6820080280303955,2.3645620346069336,5.495423793792725,12.75503921508789,6.9169206619262695,5.911937394370722e-16,,1.0,,,,,,
69 kV Navarrete – ZF Santiago_d,0,CIBAO NORTE,NORTE,NORTE 69 kV,\VM-PF.IntUser\PDD 31-12-2024.IntPrj\Network Model.IntPrjfolder\Network Data.IntPrjfolder\NORTE 69 kV.ElmNet\69 kV Navarrete – ZF Santiago_d.ElmLne,Tap ZF Pisano,,\VM-PF.IntUser\PDD 31-12-2024.IntPrj\Network Model.IntPrjfolder\Network Data.IntPrjfolder\NORTE 69 kV.ElmNet\Tap ZF Pisano.ElmTerm,Tap Acueducto Quiniga,,\VM-PF.IntUser\PDD 31-12-2024.IntPrj\Network Model.IntPrjfolder\Network Data.IntPrjfolder\NORTE 69 kV.ElmNet\Tap Acueducto Quiniga.ElmTerm,P.MADERA TP-IG 55 P/69 - 559 AAAC,TypTow,1.9800000190734863,1,0.6629999876022339,0.2308884561061859,0.856022834777832,1.029746174812317,2.9829421043395996,7.669033050537109,4.015336990356445,1.5112911399165976e-16,,1.0,,,,,,
69 kV La Vega – La Vega Generadora_a,0,CIBAO SUR,NORTE,NORTE 69 kV,\VM-PF.IntUser\PDD 31-12-2024.IntPrj\Network Model.IntPrjfolder\Network Data.IntPrjfolder\NORTE 69 kV.ElmNet\69 kV La Vega – La Vega Generadora_a.ElmLne,Tap INDUVECA,,\VM-PF.IntUser\PDD 31-12-2024.IntPrj\Network Model.IntPrjfolder\Network Data.IntPrjfolder\NORTE 69 kV.ElmNet\Tap INDUVECA.ElmTerm,1,ZLVEGF,\VM-PF.IntUser\PDD 31-12-2024.IntPrj\Network Model.IntPrjfolder\Network Data.IntPrjfolder\NORTE 69 kV.ElmNet\ZLVEGF.ElmSubstat\1.ElmTerm,P.MADERA TP-IG 50 P/69 - 559 AAAC,TypTow,1.590000033378601,1,0.6629999876022339,0.18531136214733124,0.678213894367218,0.8331706523895264,2.4081153869628906,6.24379301071167,3.257100820541382,-4.413136615529226e-17,,1.0,,,,,,
69 kV La Vega – La Vega Generadora_b,0,CIBAO SUR,NORTE,NORTE 69 kV,\VM-PF.IntUser\PDD 31-12-2024.IntPrj\Network Model.IntPrjfolder\Network Data.IntPrjfolder\NORTE 69 kV.ElmNet\69 kV La Vega – La Vega Generadora_b.ElmLne,Tap INDUVECA,,\VM-PF.IntUser\PDD 31-12-2024.IntPrj\Network Model.IntPrjfolder\Network Data.IntPrjfolder\NORTE 69 kV.ElmNet\Tap INDUVECA.ElmTerm,R1,ZGVEGF,\VM-PF.IntUser\PDD 31-12-2024.IntPrj\Network Model.IntPrjfolder\Network Data.IntPrjfolder\NORTE 69 kV.ElmNet\Diésel La Vega.ElmSite\ZGVEGF.ElmSubstat\R1.ElmTerm,P.MADERA TP-IG 50 P/69 - 559 AAAC,TypTow,2.240000009536743,1,0.6629999876022339,0.26106759905815125,0.9554711580276489,1.1737749576568604,3.3925650119781494,8.796286582946777,4.588619709014893,-6.217248964370656e-17,,1.0,,,,,,
69 kV Derivación La Penda,0,CIBAO SUR,NORTE,NORTE 69 kV,\VM-PF.IntUser\PDD 31-12-2024.IntPrj\Network Model.IntPrjfolder\Network Data.IntPrjfolder\NORTE 69 kV.ElmNet\69 kV Derivación La Penda.ElmLne,Tap La Penda,,\VM-PF.IntUser\PDD 31-12-2024.IntPrj\Network Model.IntPrjfolder\Network Data.IntPrjfolder\NORTE 69 kV.ElmNet\Tap La Penda.ElmTerm,69 kV La Penda,,\VM-PF.IntUser\PDD 31-12-2024.IntPrj\Network Model.IntPrjfolder\Network Data.IntPrjfolder\NORTE 69 kV.ElmNet\69 kV La Penda.ElmTerm,P.MADERA TP-IG 50 P/69 - 559 AAAC,TypTow,0.07558999955654144,1,0.6629999876022339,0.008809865452349186,0.03224288672208786,0.03960966691374779,0.11448392271995544,0.29683539271354675,0.1548454314470291,-2.098043948476942e-18,,1.0,,,,,,
69 kV Imbert 2 – Puerto Plata 2_a,0,CIBAO NORTE,NORTE,NORTE 69 kV,\VM-PF.IntUser\PDD 31-12-2024.IntPrj\Network Model.IntPrjfolder\Network Data.IntPrjfolder\NORTE 69 kV.ElmNet\69 kV Imbert 2 – Puerto Plata 2_a.ElmLne,1,ZIMB2F,\VM-PF.IntUser\PDD 31-12-2024.IntPrj\Network Model.IntPrjfolder\Network Data.IntPrjfolder\NORTE 69 kV.ElmNet\ZIMB2F.ElmSubstat\1.ElmTerm,Tap 1 69 kV Imbert 2,,\VM-PF.IntUser\PDD 31-12-2024.IntPrj\Network Model.IntPrjfolder\Network Data.IntPrjfolder\NORTE 69 kV.ElmNet\Tap 1 69 kV Imbert 2.ElmTerm,P.MADERA TP-IG 55 P/69 - 559 AAAC,TypTow,0.25999999046325684,1,0.6629999876022339,0.03031868487596512,0.11240702867507935,0.13521918654441833,0.3916994333267212,1.0070446729660034,0.5272664427757263,1.9845235837255734e-17,,1.0,,,,,,
69 kV Imbert 2 – Navarrete_c,0,CIBAO NORTE,NORTE,NORTE 69 kV,\VM-PF.IntUser\PDD 31-12-2024.IntPrj\Network Model.IntPrjfolder\Network Data.IntPrjfolder\NORTE 69 kV.ElmNet\69 kV Imbert 2 – Navarrete_c.ElmLne,Tap Imbert,,\VM-PF.IntUser\PDD 31-12-2024.IntPrj\Network Model.IntPrjfolder\Network Data.IntPrjfolder\NORTE 69 kV.ElmNet\Tap Imbert.ElmTerm,Tap Navarrete,,\VM-PF.IntUser\PDD 31-12-2024.IntPrj\Network Model.IntPrjfolder\Network Data.IntPrjfolder\NORTE 69 kV.ElmNet\Tap Navarrete.ElmTerm,,,21.0,1,0.5680000185966492,2.7430176734924316,10.145157814025879,9.039173126220703,31.94153594970703,72.57237243652344,42.252315521240234,2.040034807748725e-15,,,,,,,,
69 kV Derivación CORMIDOM_a,0,CIBAO SUR,NORTE,NORTE 69 kV,\VM-PF.IntUser\PDD 31-12-2024.IntPrj\Network Model.IntPrjfolder\Network Data.IntPrjfolder\NORTE 69 kV.ElmNet\69 kV Derivación CORMIDOM_a.ElmLne,69 kV CORMIDOM,,\VM-PF.IntUser\PDD 31-12-2024.IntPrj\Network Model.IntPrjfolder\Network Data.IntPrjfolder\NORTE 69 kV.ElmNet\69 kV CORMIDOM.ElmTerm,Tap CORMIDOM 2,,\VM-PF.IntUser\PDD 31-12-2024.IntPrj\Network Model.IntPrjfolder\Network Data.IntPrjfolder\NORTE 69 kV.ElmNet\Tap CORMIDOM 2.ElmTerm,P.MADERA TP-IG 50 P/69 - 4/0 AAAC,TypTow,0.04699999839067459,1,0.3799999952316284,0.014439830556511879,0.02226884663105011,0.0334111787378788,0.07272732257843018,0.16676001250743866,0.09253953397274017,5.2180480370672234e-18,,1.0,,,,,,
69 kV Hatillo – Pimentel_d,0,CIBAO SUR,NORTE,NORTE 69 kV,\VM-PF.IntUser\PDD 31-12-2024.IntPrj\Network Model.IntPrjfolder\Network Data.IntPrjfolder\NORTE 69 kV.ElmNet\69 kV Hatillo – Pimentel_d.ElmLne,Tap Cotuí 3,,\VM-PF.IntUser\PDD 31-12-2024.IntPrj\Network Model.IntPrjfolder\Network Data.IntPrjfolder\NORTE 69 kV.ElmNet\Tap Cotuí 3.ElmTerm,1,ZHATIF,\VM-PF.IntUser\PDD 31-12-2024.IntPrj\Network Model.IntPrjfolder\Network Data.IntPrjfolder\NORTE 69 kV.ElmNet\Hatillo.ElmSite\ZHATIF.ElmSubstat\1.ElmTerm,P.MADERA TP-IG 50 P/69 - 559 AAAC,TypTow,6.800000190734863,1,0.6629999876022339,0.7925266027450562,2.9005374908447266,3.5632455348968506,10.298858642578125,26.703014373779297,13.929738998413086,-1.8873791948023253e-16,,1.0,,,,,,
69 kV Hatillo – Pimentel_c,0,CIBAO NORESTE,NORTE,NORTE 69 kV,\VM-PF.IntUser\PDD 31-12-2024.IntPrj\Network Model.IntPrjfolder\Network Data.IntPrjfolder\NORTE 69 kV.ElmNet\69 kV Hatillo – Pimentel_c.ElmLne,Tap Cotuí 2,,\VM-PF.IntUser\PDD 31-12-2024.IntPrj\Network Model.IntPrjfolder\Network Data.IntPrjfolder\NORTE 69 kV.ElmNet\Tap Cotuí 2.ElmTerm,2,ZPIMEF,\VM-PF.IntUser\PDD 31-12-2024.IntPrj\Network Model.IntPrjfolder\Network Data.IntPrjfolder\NORTE 69 kV.ElmNet\ZPIMEF.ElmSubstat\2.ElmTerm,P.MADERA TP-IG 50 P/69 - 559 AAAC,TypTow,12.899999618530273,1,0.6629999876022339,1.503469467163086,5.502490043640137,6.75968599319458,19.537538528442383,50.65718460083008,26.425533294677734,-3.5804691485370114e-16,,1.0,,,,,,
69 kV Bonao 2 – FALCONDO_a,0,CIBAO SUR,NORTE,NORTE 69 kV,\VM-PF.IntUser\PDD 31-12-2024.IntPrj\Network Model.IntPrjfolder\Network Data.IntPrjfolder\NORTE 69 kV.ElmNet\69 kV Bonao 2 – FALCONDO_a.ElmLne,WFALCF(2),ZFALCF,\VM-PF.IntUser\PDD 31-12-2024.IntPrj\Network Model.IntPrjfolder\Network Data.IntPrjfolder\NORTE 138 kV.ElmNet\Falcondo.ElmSite\ZFALCF.ElmSubstat\WFALCF(2).ElmTerm,F7,ZBON2E,\VM-PF.IntUser\PDD 31-12-2024.IntPrj\Network Model.IntPrjfolder\Network Data.IntPrjfolder\NORTE 138 kV.ElmNet\Bonao 2.ElmSite\ZBON2E.ElmSubstat\F7.ElmTerm,,,3.0,1,0.5680000185966492,0.39185965061187744,1.4493082761764526,1.291310429573059,4.563076496124268,10.36748218536377,6.036044597625732,-1.6653345369377348e-16,,,,,,,,
69 kV CZF Santiago – ZF Santiago,0,CIBAO NORTE,NORTE,NORTE 69 kV,\VM-PF.IntUser\PDD 31-12-2024.IntPrj\Network Model.IntPrjfolder\Network Data.IntPrjfolder\NORTE 69 kV.ElmNet\69 kV CZF Santiago – ZF Santiago.ElmLne,1,ZCZFSF,\VM-PF.IntUser\PDD 31-12-2024.IntPrj\Network Model.IntPrjfolder\Network Data.IntPrjfolder\NORTE 69 kV.ElmNet\ZCZFSF.ElmSubstat\1.ElmTerm,5(1),ZZSANF,\VM-PF.IntUser\PDD 31-12-2024.IntPrj\Network Model.IntPrjfolder\Network Data.IntPrjfolder\NORTE 138 kV.ElmNet\ZF Santiago.ElmSite\ZZSANF.ElmSubstat\5(1).ElmTerm,P.MADERA TVS-1/1C/69/2xF - 559 AAAC,TypTow,0.016499999910593033,1,1.3259999752044678,0.0009695792105048895,0.004609560128301382,0.0072763580828905106,0.02305896207690239,0.09976184368133545,0.038545671850442886,-3.663735961410682e-18,,1.0,,,,,,
69 kV CZFI Santiago – SAJOMA_a,0,CIBAO NORTE,NORTE,NORTE 69 kV,\VM-PF.IntUser\PDD 31-12-2024.IntPrj\Network Model.IntPrjfolder\Network Data.IntPrjfolder\NORTE 69 kV.ElmNet\69 kV CZFI Santiago – SAJOMA_a.ElmLne,2,ZCZFSF,\VM-PF.IntUser\PDD 31-12-2024.IntPrj\Network Model.IntPrjfolder\Network Data.IntPrjfolder\NORTE 69 kV.ElmNet\ZCZFSF.ElmSubstat\2.ElmTerm,Tap CZF Santiago,,\VM-PF.IntUser\PDD 31-12-2024.IntPrj\Network Model.IntPrjfolder\Network Data.IntPrjfolder\NORTE 69 kV.ElmNet\Tap CZF Santiago.ElmTerm,P.MADERA TVS-1/1C/69/1xF - 559 AAAC,TypTow,0.028999999165534973,1,0.6629999876022339,0.003383353818207979,0.012276091612875462,0.014467994682490826,0.04470231384038925,0.11555896699428558,0.05645646154880524,0.0,,1.0,,,,,,
69 kV Derivación CORMIDOM 2,0,CIBAO SUR,NORTE,NORTE 69 kV,\VM-PF.IntUser\PDD 31-12-2024.IntPrj\Network Model.IntPrjfolder\Network Data.IntPrjfolder\NORTE 69 kV.ElmNet\69 kV Derivación CORMIDOM 2.ElmLne,69 kV CORMIDOM 2,,\VM-PF.IntUser\PDD 31-12-2024.IntPrj\Network Model.IntPrjfolder\Network Data.IntPrjfolder\NORTE 69 kV.ElmNet\69 kV CORMIDOM 2.ElmTerm,Tap CORMIDOM 2,,\VM-PF.IntUser\PDD 31-12-2024.IntPrj\Network Model.IntPrjfolder\Network Data.IntPrjfolder\NORTE 69 kV.ElmNet\Tap CORMIDOM 2.ElmTerm,P.MADERA TVS-1 65/1C/69/1xF - 559 AAA,TypTow,0.0949999988079071,1,0.6629999876022339,0.01107030175626278,0.040183477103710175,0.04665717855095863,0.14716455340385437,0.37834811210632324,0.1793408989906311,5.2735593007950446e-18,,1.0,,,,,,
69 kV Derivación Fantino_b,0,CIBAO SUR,NORTE,NORTE 69 kV,\VM-PF.IntUser\PDD 31-12-2024.IntPrj\Network Model.IntPrjfolder\Network Data.IntPrjfolder\NORTE 69 kV.ElmNet\69 kV Derivación Fantino_b.ElmLne,Tap 69 kV Rincón,,\VM-PF.IntUser\PDD 31-12-2024.IntPrj\Network Model.IntPrjfolder\Network Data.IntPrjfolder\NORTE 69 kV.ElmNet\Tap 69 kV Rincón.ElmTerm,Tap Rincón Nueva,,\VM-PF.IntUser\PDD 31-12-2024.IntPrj\Network Model.IntPrjfolder\Network Data.IntPrjfolder\NORTE 69 kV.ElmNet\Tap Rincón Nueva.ElmTerm,P.MADERA/69 TH-1G- 4/0 ACSR,TypTow,0.27000001072883606,1,0.3569999933242798,0.07101002335548401,0.13686931133270264,0.1975247710943222,0.34613940119743347,0.908405601978302,0.6283775568008423,2.2482017969195094e-17,,1.0,,,,,,
69 kV Derivación Rincón Nueva,0,CIBAO SUR,NORTE,NORTE 69 kV,\VM-PF.IntUser\PDD 31-12-2024.IntPrj\Network Model.IntPrjfolder\Network Data.IntPrjfolder\NORTE 69 kV.ElmNet\69 kV Derivación Rincón Nueva.ElmLne,69 kV Rincón Nueva,,\VM-PF.IntUser\PDD 31-12-2024.IntPrj\Network Model.IntPrjfolder\Network Data.IntPrjfolder\NORTE 69 kV.ElmNet\69 kV Rincón Nueva.ElmTerm,Tap Rincón Nueva,,\VM-PF.IntUser\PDD 31-12-2024.IntPrj\Network Model.IntPrjfolder\Network Data.IntPrjfolder\NORTE 69 kV.ElmNet\Tap Rincón Nueva.ElmTerm,P.MADERA TP-IG 50 P/69 - 559 AAAC,TypTow,0.029999999329447746,1,0.6629999876022339,0.003496440825983882,0.012796488590538502,0.015720199793577194,0.04543613642454147,0.11780740320682526,0.06145472824573517,-8.326672498573036e-19,,1.0,,,,,,
69 kV Imbert 2 – Navarrete_a,0,CIBAO NORTE,NORTE,NORTE 69 kV,\VM-PF.IntUser\PDD 31-12-2024.IntPrj\Network Model.IntPrjfolder\Network Data.IntPrjfolder\NORTE 69 kV.ElmNet\69 kV Imbert 2 – Navarrete_a.ElmLne,Tap 2 69 kV Imbert 2,,\VM-PF.IntUser\PDD 31-12-2024.IntPrj\Network Model.IntPrjfolder\Network Data.IntPrjfolder\NORTE 69 kV.ElmNet\Tap 2 69 kV Imbert 2.ElmTerm,2,ZIMB2F,\VM-PF.IntUser\PDD 31-12-2024.IntPrj\Network Model.IntPrjfolder\Network Data.IntPrjfolder\NORTE 69 kV.ElmNet\ZIMB2F.ElmSubstat\2.ElmTerm,P.MADERA TP-IG 55 P/69 - 559 AAAC,TypTow,0.25999999046325684,1,0.6629999876022339,0.03031868487596512,0.11240702867507935,0.13521918654441833,0.3916994333267212,1.0070446729660034,0.5272664427757263,1.9845235837255734e-17,,1.0,,,,,,
69 kV Imbert 2 – Navarrete_b,0,CIBAO NORTE,NORTE,NORTE 69 kV,\VM-PF.IntUser\PDD 31-12-2024.IntPrj\Network Model.IntPrjfolder\Network Data.IntPrjfolder\NORTE 69 kV.ElmNet\69 kV Imbert 2 – Navarrete_b.ElmLne,Tap 2 69 kV Imbert 2,,\VM-PF.IntUser\PDD 31-12-2024.IntPrj\Network Model.IntPrjfolder\Network Data.IntPrjfolder\NORTE 69 kV.ElmNet\Tap 2 69 kV Imbert 2.ElmTerm,Tap Imbert,,\VM-PF.IntUser\PDD 31-12-2024.IntPrj\Network Model.IntPrjfolder\Network Data.IntPrjfolder\NORTE 69 kV.ElmNet\Tap Imbert.ElmTerm,P.MADERA TP-IG 55 P/69 - 450 ACAR,TypTow,0.2800000011920929,1,0.5680000185966492,0.03669409453868866,0.12342645227909088,0.14966388046741486,0.42420291900634766,1.0632067918777466,0.5619350075721741,0.0,,1.0,,,,,,
69 kV Sosúa 2 – Sabaneta de Yásica_b,0,CIBAO NORTE,NORTE,NORTE 69 kV,\VM-PF.IntUser\PDD 31-12-2024.IntPrj\Network Model.IntPrjfolder\Network Data.IntPrjfolder\NORTE 69 kV.ElmNet\69 kV Sosúa 2 – Sabaneta de Yásica_b.ElmLne,Tap 2 Sosúa 2,,\VM-PF.IntUser\PDD 31-12-2024.IntPrj\Network Model.IntPrjfolder\Network Data.IntPrjfolder\NORTE 69 kV.ElmNet\Tap 2 Sosúa 2.ElmTerm,Tap Acueducto de Sosúa,,\VM-PF.IntUser\PDD 31-12-2024.IntPrj\Network Model.IntPrjfolder\Network Data.IntPrjfolder\NORTE 69 kV.ElmNet\Tap Acueducto de Sosúa.ElmTerm,P.MADERA TP-IG 50 P/69 - 559 AAAC,TypTow,1.5199999809265137,1,0.6629999876022339,0.17715300619602203,0.6483554244041443,0.7964901328086853,2.3020975589752197,5.968908786773682,3.113706350326538,-4.2188474406360357e-17,,1.0,,,,,,
69 kV Playa Dorada – Sosúa 2_c,0,CIBAO NORTE,NORTE,NORTE 69 kV,\VM-PF.IntUser\PDD 31-12-2024.IntPrj\Network Model.IntPrjfolder\Network Data.IntPrjfolder\NORTE 69 kV.ElmNet\69 kV Playa Dorada – Sosúa 2_c.ElmLne,Tap 1 Sosúa 2,,\VM-PF.IntUser\PDD 31-12-2024.IntPrj\Network Model.IntPrjfolder\Network Data.IntPrjfolder\NORTE 69 kV.ElmNet\Tap 1 Sosúa 2.ElmTerm,69 kV Sosúa 2,ZSOSU2,\VM-PF.IntUser\PDD 31-12-2024.IntPrj\Network Model.IntPrjfolder\Network Data.IntPrjfolder\NORTE 69 kV.ElmNet\ZSOSU2.ElmSubstat\69 kV Sosúa 2.ElmTerm,P.MADERA TP-IG 50 P/69 - 559 AAAC,TypTow,0.20000000298023224,1,0.6629999876022339,0.023309605196118355,0.08530993014574051,0.10480134189128876,0.3029075860977173,0.7853827476501465,0.4096981883049011,-5.551115205843844e-18,,1.0,,,,,,
69 kV Sosúa 2 – Sabaneta de Yásica_a,0,CIBAO NORTE,NORTE,NORTE 69 kV,\VM-PF.IntUser\PDD 31-12-2024.IntPrj\Network Model.IntPrjfolder\Network Data.IntPrjfolder\NORTE 69 kV.ElmNet\69 kV Sosúa 2 – Sabaneta de Yásica_a.ElmLne,3,ZSOSU2,\VM-PF.IntUser\PDD 31-12-2024.IntPrj\Network Model.IntPrjfolder\Network Data.IntPrjfolder\NORTE 69 kV.ElmNet\ZSOSU2.ElmSubstat\3.ElmTerm,Tap 2 Sosúa 2,,\VM-PF.IntUser\PDD 31-12-2024.IntPrj\Network Model.IntPrjfolder\Network Data.IntPrjfolder\NORTE 69 kV.ElmNet\Tap 2 Sosúa 2.ElmTerm,P.MADERA TP-IG 50 P/69 - 559 AAAC,TypTow,0.20000000298023224,1,0.6629999876022339,0.023309605196118355,0.08530993014574051,0.10480134189128876,0.3029075860977173,0.7853827476501465,0.4096981883049011,-5.551115205843844e-18,,1.0,,,,,,
69 kV Derivación La Vega Per_b,0,CIBAO SUR,NORTE,NORTE 69 kV,\VM-PF.IntUser\PDD 31-12-2024.IntPrj\Network Model.IntPrjfolder\Network Data.IntPrjfolder\NORTE 69 kV.ElmNet\69 kV Derivación La Vega Per_b.ElmLne,Tap La Vega PER C1,,\VM-PF.IntUser\PDD 31-12-2024.IntPrj\Network Model.IntPrjfolder\Network Data.IntPrjfolder\NORTE 69 kV.ElmNet\Tap La Vega PER C1.ElmTerm,69 kV La Vega PER,,\VM-PF.IntUser\PDD 31-12-2024.IntPrj\Network Model.IntPrjfolder\Network Data.IntPrjfolder\NORTE 69 kV.ElmNet\69 kV La Vega PER.ElmTerm,P.MADERA/1C/69/1xF - 4/0 AAAC,TypTow,0.004999999888241291,1,0.3799999952316284,0.0015331644099205732,0.0022798790596425533,0.0034577627666294575,0.008001768961548805,0.018448738381266594,0.008872694335877895,-3.469446745158461e-19,,1.0,,,,,,
69 kV Derivación La Vega PER C1,0,CIBAO SUR,NORTE,NORTE 69 kV,\VM-PF.IntUser\PDD 31-12-2024.IntPrj\Network Model.IntPrjfolder\Network Data.IntPrjfolder\NORTE 69 kV.ElmNet\69 kV Derivación La Vega PER C1.ElmLne,69 kV Tap La Vega PER C1_a,,\VM-PF.IntUser\PDD 31-12-2024.IntPrj\Network Model.IntPrjfolder\Network Data.IntPrjfolder\NORTE 69 kV.ElmNet\69 kV Tap La Vega PER C1_a.ElmTerm,Tap La Vega PER C1,,\VM-PF.IntUser\PDD 31-12-2024.IntPrj\Network Model.IntPrjfolder\Network Data.IntPrjfolder\NORTE 69 kV.ElmNet\Tap La Vega PER C1.ElmTerm,P.MADERA/1C/69/1xF - 4/0 AAAC,TypTow,0.004000000189989805,1,0.3799999952316284,0.0012265315745025873,0.0018239032942801714,0.002766210353001952,0.006401415914297104,0.01475899200886488,0.007098155561834574,-2.775557758018287e-19,,1.0,,,,,,
69 kV Bonao 2 – La Vega_b,0,CIBAO SUR,NORTE,NORTE 69 kV,\VM-PF.IntUser\PDD 31-12-2024.IntPrj\Network Model.IntPrjfolder\Network Data.IntPrjfolder\NORTE 69 kV.ElmNet\69 kV Bonao 2 – La Vega_b.ElmLne,Tap Rincón,,\VM-PF.IntUser\PDD 31-12-2024.IntPrj\Network Model.IntPrjfolder\Network Data.IntPrjfolder\NORTE 69 kV.ElmNet\Tap Rincón.ElmTerm,Tap Las Marías,,\VM-PF.IntUser\PDD 31-12-2024.IntPrj\Network Model.IntPrjfolder\Network Data.IntPrjfolder\NORTE 69 kV.ElmNet\Tap Las Marías.ElmTerm,P.MADERA TP-IG 50 P/69 - 559 AAAC,TypTow,22.0,1,0.6629999876022339,2.564056634902954,9.3840913772583,11.528146743774414,33.3198356628418,86.39209747314453,45.066802978515625,-6.106226635438361e-16,,1.0,,,,,,
69 kV Bonao 2 – La Vega_a,0,CIBAO SUR,NORTE,NORTE 69 kV,\VM-PF.IntUser\PDD 31-12-2024.IntPrj\Network Model.IntPrjfolder\Network Data.IntPrjfolder\NORTE 69 kV.ElmNet\69 kV Bonao 2 – La Vega_a.ElmLne,F2,ZBON2E,\VM-PF.IntUser\PDD 31-12-2024.IntPrj\Network Model.IntPrjfolder\Network Data.IntPrjfolder\NORTE 138 kV.ElmNet\Bonao 2.ElmSite\ZBON2E.ElmSubstat\F2.ElmTerm,Tap Las Marías,,\VM-PF.IntUser\PDD 31-12-2024.IntPrj\Network Model.IntPrjfolder\Network Data.IntPrjfolder\NORTE 69 kV.ElmNet\Tap Las Marías.ElmTerm,P.MADERA TP-IG 50 P/69 - 559 AAAC,TypTow,4.099999904632568,1,0.6629999876022339,0.4778468906879425,1.7488534450531006,2.1484274864196777,6.2096052169799805,16.100345611572266,8.398813247680664,-1.1379785737710059e-16,,1.0,,,,,,
69 kV Derivación Plaza Santiago Center_a,0,CIBAO NORTE,NORTE,NORTE 69 kV,\VM-PF.IntUser\PDD 31-12-2024.IntPrj\Network Model.IntPrjfolder\Network Data.IntPrjfolder\NORTE 69 kV.ElmNet\69 kV Derivación Plaza Santiago Center_a.ElmLne,69 kV Unión Médica,,\VM-PF.IntUser\PDD 31-12-2024.IntPrj\Network Model.IntPrjfolder\Network Data.IntPrjfolder\NORTE 69 kV.ElmNet\69 kV Unión Médica.ElmTerm,Tap Plaza Santiago Center,,\VM-PF.IntUser\PDD 31-12-2024.IntPrj\Network Model.IntPrjfolder\Network Data.IntPrjfolder\NORTE 69 kV.ElmNet\Tap Plaza Santiago Center.ElmTerm,P.MADERA TP-IG 50 P/69 - 559 AAAC,TypTow,1.0,1,0.6629999876022339,0.11654803156852722,0.42654964327812195,0.5240066647529602,1.5145379304885864,3.9269137382507324,2.0484910011291504,-2.7755575615628914e-17,,1.0,,,,,,
69 kV Derivación Plaza Santiago Center_b,0,CIBAO NORTE,NORTE,NORTE 69 kV,\VM-PF.IntUser\PDD 31-12-2024.IntPrj\Network Model.IntPrjfolder\Network Data.IntPrjfolder\NORTE 69 kV.ElmNet\69 kV Derivación Plaza Santiago Center_b.ElmLne,Tap Plaza Santiago Center,,\VM-PF.IntUser\PDD 31-12-2024.IntPrj\Network Model.IntPrjfolder\Network Data.IntPrjfolder\NORTE 69 kV.ElmNet\Tap Plaza Santiago Center.ElmTerm,69 kV Plaza Santiago Center,,\VM-PF.IntUser\PDD 31-12-2024.IntPrj\Network Model.IntPrjfolder\Network Data.IntPrjfolder\NORTE 69 kV.ElmNet\69 kV Plaza Santiago Center.ElmTerm,69 kV Cu Santiago Center,TypCabsys,0.11299999803304672,1,0.5350000262260437,0.011864167638123035,0.015912245959043503,0.025490999221801758,0.010315929539501667,8.73862075805664,8.73862075805664,0.0,,,,,,,,
