nombre,fuera_servicio,zona,area,red,ruta,barra_AT,subest_AT,barra_AT_id,barra_BT,subest_BT,barra_BT_id,tipo,num_paralelos,tap_actual,S_nom_MVA,U_AT_kV,U_BT_kV,uk_pct,uk0_pct,Pcu_kW,Pfe_kW,i0_pct,grupo_conexion,r1_pu,x1_pu,tap_lado,tap_min,tap_max,tap_neutro,tap_dU_pct,tap_fase_deg
69/20 kV Transformador Monte Plata Solar,0,ESTE CERCANO,ESTE,ESTE 69 kV,\VM-PF.IntUser\PDD 31-12-2024.IntPrj\Network Model.IntPrjfolder\Network Data.IntPrjfolder\ESTE 69 kV.ElmNet\Monte Plata Solar.ElmSite\69/20 kV Transformador Monte Plata Solar.ElmTr2,69 kV Monte Plata Solar,Monte Plata Solar,\VM-PF.IntUser\PDD 31-12-2024.IntPrj\Network Model.IntPrjfolder\Network Data.IntPrjfolder\ESTE 69 kV.ElmNet\Monte Plata Solar.ElmSite\69 kV Monte Plata Solar.ElmTerm,1,ZMPSOK,\VM-PF.IntUser\PDD 31-12-2024.IntPrj\Network Model.IntPrjfolder\Network Data.IntPrjfolder\ESTE 69 kV.ElmNet\Monte Plata Solar.ElmSite\ZMPSOK.ElmSubstat\1.ElmTerm,69/20 kV Trafo Monte Plata Solar 60 MVA,1,0,60.0,69.0,20.0,12.0,10.800000190734863,115.0,0.0,0.0,YNyn0,0.0019166666315868497,0.1199846863746643,0,-8,10,0,2.0,0.0
69/13.8 kV Transformador Palamara Grupo3,0,SANTO DOMINGO,CENTRAL,CENTRAL 69 kV,\VM-PF.IntUser\PDD 31-12-2024.IntPrj\Network Model.IntPrjfolder\Network Data.IntPrjfolder\CENTRAL 69 kV.ElmNet\Diésel Palamara.ElmSite\69/13.8 kV Transformador Palamara Grupo3.ElmTr2,4,ZGPALF,\VM-PF.IntUser\PDD 31-12-2024.IntPrj\Network Model.IntPrjfolder\Network Data.IntPrjfolder\CENTRAL 69 kV.ElmNet\ZGPALF.ElmSubstat\4.ElmTerm,4,ZPAL3K,\VM-PF.IntUser\PDD 31-12-2024.IntPrj\Network Model.IntPrjfolder\Network Data.IntPrjfolder\CENTRAL 69 kV.ElmNet\Diésel Palamara.ElmSite\ZPAL3K.ElmSubstat\4.ElmTerm,69/13.8 kV Trafo Palamara G1 55 MVA,1,0,55.0,69.0,13.800000190734863,10.15999984741211,9.140000343322754,270.0,0.0,0.0,YNd11,0.00490909069776535,0.10148133337497711,0,-2,2,0,2.5,0.0
69/13.8 kV Transformador Palamara Grupo2,0,SANTO DOMINGO,CENTRAL,CENTRAL 69 kV,\VM-PF.IntUser\PDD 31-12-2024.IntPrj\Network Model.IntPrjfolder\Network Data.IntPrjfolder\CENTRAL 69 kV.ElmNet\Diésel Palamara.ElmSite\69/13.8 kV Transformador Palamara Grupo2.ElmTr2,2,ZGPALF,\VM-PF.IntUser\PDD 31-12-2024.IntPrj\Network Model.IntPrjfolder\Network Data.IntPrjfolder\CENTRAL 69 kV.ElmNet\ZGPALF.ElmSubstat\2.ElmTerm,R4,ZPAL1K,\VM-PF.IntUser\PDD 31-12-2024.IntPrj\Network Model.IntPrjfolder\Network Data.IntPrjfolder\CENTRAL 69 kV.ElmNet\Diésel Palamara.ElmSite\ZPAL1K.ElmSubstat\R4.ElmTerm,69/13.8 kV Trafo Palamara G1 55 MVA,1,0,55.0,69.0,13.800000190734863,10.15999984741211,9.140000343322754,270.0,0.0,0.0,YNd11,0.00490909069776535,0.10148133337497711,0,-2,2,0,2.5,0.0
69/13.8 kV Transformador Palamara Grupo1,0,SANTO DOMINGO,CENTRAL,CENTRAL 69 kV,\VM-PF.IntUser\PDD 31-12-2024.IntPrj\Network Model.IntPrjfolder\Network Data.IntPrjfolder\CENTRAL 69 kV.ElmNet\Diésel Palamara.ElmSite\69/13.8 kV Transformador Palamara Grupo1.ElmTr2,3,ZGPALF,\VM-PF.IntUser\PDD 31-12-2024.IntPrj\Network Model.IntPrjfolder\Network Data.IntPrjfolder\CENTRAL 69 kV.ElmNet\ZGPALF.ElmSubstat\3.ElmTerm,L1,ZPAL1K,\VM-PF.IntUser\PDD 31-12-2024.IntPrj\Network Model.IntPrjfolder\Network Data.IntPrjfolder\CENTRAL 69 kV.ElmNet\Diésel Palamara.ElmSite\ZPAL1K.ElmSubstat\L1.ElmTerm,69/13.8 kV Trafo Palamara G1 55 MVA,1,0,55.0,69.0,13.800000190734863,10.15999984741211,9.140000343322754,270.0,0.0,0.0,YNd11,0.00490909069776535,0.10148133337497711,0,-2,2,0,2.5,0.0
69/12.5 kV Transformador INCA km 22,0,SANTO DOMINGO,CENTRAL,CENTRAL 69 kV,\VM-PF.IntUser\PDD 31-12-2024.IntPrj\Network Model.IntPrjfolder\Network Data.IntPrjfolder\CENTRAL 69 kV.ElmNet\INCA km 22.ElmSite\69/12.5 kV Transformador INCA km 22.ElmTr2,3,ZINCAF,\VM-PF.IntUser\PDD 31-12-2024.IntPrj\Network Model.IntPrjfolder\Network Data.IntPrjfolder\CENTRAL 69 kV.ElmNet\INCA km 22.ElmSite\ZINCAF.ElmSubstat\3.ElmTerm,R4,ZINCAK,\VM-PF.IntUser\PDD 31-12-2024.IntPrj\Network Model.IntPrjfolder\Network Data.IntPrjfolder\CENTRAL 69 kV.ElmNet\ZINCAK.ElmSubstat\R4.ElmTerm,69/12.47 kV Trafo INCA 28 MVA,1,0,28.0,69.0,12.470000267028809,8.0,6.96999979019165,140.0,0.0,0.0,Dyn1,0.004999999888241291,0.07984359562397003,0,-2,2,0,2.5,0.0
66/13.8 kV Transformador EDM3,0,DISTRITO NACIONAL,CENTRAL,CENTRAL 69 kV,\VM-PF.IntUser\PDD 31-12-2024.IntPrj\Network Model.IntPrjfolder\Network Data.IntPrjfolder\CENTRAL 69 kV.ElmNet\EDM 3.ElmSite\66/13.8 kV Transformador EDM3.ElmTr2,T01,ZEMA3F,\VM-PF.IntUser\PDD 31-12-2024.IntPrj\Network Model.IntPrjfolder\Network Data.IntPrjfolder\CENTRAL 69 kV.ElmNet\EDM 3.ElmSite\ZEMA3F.ElmSubstat\T01.ElmTerm,Terminal EDM3 TG2,EDM 3,\VM-PF.IntUser\PDD 31-12-2024.IntPrj\Network Model.IntPrjfolder\Network Data.IntPrjfolder\CENTRAL 69 kV.ElmNet\EDM 3.ElmSite\Terminal EDM3 TG2.ElmTerm,66/13.8 kV Trafo EDM3 66 MVA,1,0,66.0,66.0,13.800000190734863,12.170000076293945,10.95300006866455,190.38900756835938,0.0,0.0,YNd11,0.002884682035073638,0.12166581302881241,0,-9,9,0,1.6696969270706177,0.0
69/34.5 kV Transformador Mata de Palma,0,SANTO DOMINGO,CENTRAL,CENTRAL 69 kV,\VM-PF.IntUser\PDD 31-12-2024.IntPrj\Network Model.IntPrjfolder\Network Data.IntPrjfolder\CENTRAL 69 kV.ElmNet\Mata de Palma.ElmSite\69/34.5 kV Transformador Mata de Palma.ElmTr2,69 kV Mata de Palma,Mata de Palma,\VM-PF.IntUser\PDD 31-12-2024.IntPrj\Network Model.IntPrjfolder\Network Data.IntPrjfolder\CENTRAL 69 kV.ElmNet\Mata de Palma.ElmSite\69 kV Mata de Palma.ElmTerm,Terminal Mata de Palma_,Mata de Palma,\VM-PF.IntUser\PDD 31-12-2024.IntPrj\Network Model.IntPrjfolder\Network Data.IntPrjfolder\CENTRAL 69 kV.ElmNet\Mata de Palma.ElmSite\Terminal Mata de Palma_.ElmTerm,69/12.5 kV Trafo de Mata de Palma 60 MVA,1,8,60.0,69.0,34.5,12.48783016204834,11.229999542236328,265.20001220703125,0.0,0.0,YNd11,0.0044200001284480095,0.12480005621910095,0,-10,10,0,1.0,0.0
69/13.8 kV Transformador Maranatha,0,SANTO DOMINGO,CENTRAL,CENTRAL 69 kV,\VM-PF.IntUser\PDD 31-12-2024.IntPrj\Network Model.IntPrjfolder\Network Data.IntPrjfolder\CENTRAL 69 kV.ElmNet\Maranatha.ElmSite\69/13.8 kV Transformador Maranatha.ElmTr2,69 kV Maranatha,Maranatha,\VM-PF.IntUser\PDD 31-12-2024.IntPrj\Network Model.IntPrjfolder\Network Data.IntPrjfolder\CENTRAL 69 kV.ElmNet\Maranatha.ElmSite\69 kV Maranatha.ElmTerm,Terminal Maranatha,Maranatha,\VM-PF.IntUser\PDD 31-12-2024.IntPrj\Network Model.IntPrjfolder\Network Data.IntPrjfolder\CENTRAL 69 kV.ElmNet\Maranatha.ElmSite\Terminal Maranatha.ElmTerm,69/13.8 kV Trafo Maranatha,1,0,24.0,69.0,13.800000190734863,9.720000267028809,8.75,171.83999633789062,0.0,0.0,YNd11,0.007160000037401915,0.09693593531847,0,-16,16,0,0.625,0.0
345/138 kV Transformador 1 Julio Sauri,0,SUR CERCANO,SUR,Expansión 345 kV,\VM-PF.IntUser\PDD 31-12-2024.IntPrj\Network Model.IntPrjfolder\Network Data.IntPrjfolder\Expansión 345 kV.ElmNet\Julio Sauri.ElmSite\ZJSAUD.ElmSubstat\345/138 kV Transformador 1 Julio Sauri.ElmTr2,D4,ZJSAUD,\VM-PF.IntUser\PDD 31-12-2024.IntPrj\Network Model.IntPrjfolder\Network Data.IntPrjfolder\Expansión 345 kV.ElmNet\Julio Sauri.ElmSite\ZJSAUD.ElmSubstat\D4.ElmTerm,E5,ZJSAUD,\VM-PF.IntUser\PDD 31-12-2024.IntPrj\Network Model.IntPrjfolder\Network Data.IntPrjfolder\Expansión 345 kV.ElmNet\Julio Sauri.ElmSite\ZJSAUD.ElmSubstat\E5.ElmTerm,345/138 kV Julio Sauri T1 y T2 (600 MVA),1,8,600.0,345.0,138.0,13.770000457763672,13.961275100708008,118.78199768066406,0.0,0.041999999433755875,YNyn0,0.00019797000277321786,0.13769985735416412,0,-10,10,0,1.25,0.0
345/138 kV Transformador 2 Julio Sauri,0,SUR CERCANO,SUR,Expansión 345 kV,\VM-PF.IntUser\PDD 31-12-2024.IntPrj\Network Model.IntPrjfolder\Network Data.IntPrjfolder\Expansión 345 kV.ElmNet\Julio Sauri.ElmSite\345/138 kV Transformador 2 Julio Sauri.ElmTr2,D1(1),ZJSAUD,\VM-PF.IntUser\PDD 31-12-2024.IntPrj\Network Model.IntPrjfolder\Network Data.IntPrjfolder\Expansión 345 kV.ElmNet\Julio Sauri.ElmSite\ZJSAUD.ElmSubstat\D1(1).ElmTerm,E1(1),ZJSAUD,\VM-PF.IntUser\PDD 31-12-2024.IntPrj\Network Model.IntPrjfolder\Network Data.IntPrjfolder\Expansión 345 kV.ElmNet\Julio Sauri.ElmSite\ZJSAUD.ElmSubstat\E1(1).ElmTerm,345/138 kV Julio Sauri T1 y T2 (600 MVA),1,8,600.0,345.0,138.0,13.770000457763672,13.961275100708008,118.78199768066406,0.0,0.041999999433755875,YNyn0,0.00019797000277321786,0.13769985735416412,0,-10,10,0,1.25,0.0
345/138 kV Transformador 2 El Naranjo,0,CIBAO NORTE,NORTE,Expansión 345 kV,\VM-PF.IntUser\PDD 31-12-2024.IntPrj\Network Model.IntPrjfolder\Network Data.IntPrjfolder\Expansión 345 kV.ElmNet\El Naranjo.ElmSite\ZNARAD.ElmSubstat\345/138 kV Transformador 2 El Naranjo.ElmTr2,D4,ZNARAD,\VM-PF.IntUser\PDD 31-12-2024.IntPrj\Network Model.IntPrjfolder\Network Data.IntPrjfolder\Expansión 345 kV.ElmNet\El Naranjo.ElmSite\ZNARAD.ElmSubstat\D4.ElmTerm,E4,ZNARAD,\VM-PF.IntUser\PDD 31-12-2024.IntPrj\Network Model.IntPrjfolder\Network Data.IntPrjfolder\Expansión 345 kV.ElmNet\El Naranjo.ElmSite\ZNARAD.ElmSubstat\E4.ElmTerm,345/138 kV El Naranjo T1 y T2 (450 MVA),1,4,450.0,345.0,138.0,13.5,12.320429801940918,118.78199768066406,0.0,0.0,YNyn0,0.00026395998429507017,0.13499975204467773,0,-10,10,0,1.25,0.0
345/138 kV Transformador 1 El Naranjo,0,CIBAO NORTE,NORTE,Expansión 345 kV,\VM-PF.IntUser\PDD 31-12-2024.IntPrj\Network Model.IntPrjfolder\Network Data.IntPrjfolder\Expansión 345 kV.ElmNet\El Naranjo.ElmSite\345/138 kV Transformador 1 El Naranjo.ElmTr2,D5,ZNARAD,\VM-PF.IntUser\PDD 31-12-2024.IntPrj\Network Model.IntPrjfolder\Network Data.IntPrjfolder\Expansión 345 kV.ElmNet\El Naranjo.ElmSite\ZNARAD.ElmSubstat\D5.ElmTerm,E6,ZNARAD,\VM-PF.IntUser\PDD 31-12-2024.IntPrj\Network Model.IntPrjfolder\Network Data.IntPrjfolder\Expansión 345 kV.ElmNet\El Naranjo.ElmSite\ZNARAD.ElmSubstat\E6.ElmTerm,345/138 kV El Naranjo T1 y T2 (450 MVA),1,4,450.0,345.0,138.0,13.5,12.320429801940918,118.78199768066406,0.0,0.0,YNyn0,0.00026395998429507017,0.13499975204467773,0,-10,10,0,1.25,0.0
230/13.8 kV Transformador Quisqueya 2 G1,0,ESTE CERCANO,ESTE,Expansión 345 kV,\VM-PF.IntUser\PDD 31-12-2024.IntPrj\Network Model.IntPrjfolder\Network Data.IntPrjfolder\Expansión 345 kV.ElmNet\Quisqueya.ElmSite\230/13.8 kV Transformador Quisqueya 2 G1.ElmTr2,9,QUISQUEYA 2,\VM-PF.IntUser\PDD 31-12-2024.IntPrj\Network Model.IntPrjfolder\Network Data.IntPrjfolder\Expansión 345 kV.ElmNet\Quisqueya.ElmSite\QUISQUEYA 2.ElmSubstat\9.ElmTerm,E2,TER QUISQUEYA2,\VM-PF.IntUser\PDD 31-12-2024.IntPrj\Network Model.IntPrjfolder\Network Data.IntPrjfolder\Expansión 345 kV.ElmNet\Quisqueya.ElmSite\TER QUISQUEYA2.ElmSubstat\E2.ElmTerm,230/13.8 kV Trafo 18% Quisqueya 90 MVA,1,0,90.0,230.0,13.800000190734863,18.004444122314453,4.300000190734863,360.0,0.0,0.0,YNd11,0.004000000189989805,0.18000000715255737,0,-2,2,0,2.5,0.0
230/13.8 kV Transformador Quisqueya 2 G2,0,ESTE CERCANO,ESTE,Expansión 345 kV,\VM-PF.IntUser\PDD 31-12-2024.IntPrj\Network Model.IntPrjfolder\Network Data.IntPrjfolder\Expansión 345 kV.ElmNet\Quisqueya.ElmSite\230/13.8 kV Transformador Quisqueya 2 G2.ElmTr2,8,QUISQUEYA 2,\VM-PF.IntUser\PDD 31-12-2024.IntPrj\Network Model.IntPrjfolder\Network Data.IntPrjfolder\Expansión 345 kV.ElmNet\Quisqueya.ElmSite\QUISQUEYA 2.ElmSubstat\8.ElmTerm,E6,TER QUISQUEYA2,\VM-PF.IntUser\PDD 31-12-2024.IntPrj\Network Model.IntPrjfolder\Network Data.IntPrjfolder\Expansión 345 kV.ElmNet\Quisqueya.ElmSite\TER QUISQUEYA2.ElmSubstat\E6.ElmTerm,230/13.8 kV Trafo 18% Quisqueya 90 MVA,1,0,90.0,230.0,13.800000190734863,18.004444122314453,4.300000190734863,360.0,0.0,0.0,YNd11,0.004000000189989805,0.18000000715255737,0,-2,2,0,2.5,0.0
230/13.8 kV Transformador Quisqueya 2 G3,0,ESTE CERCANO,ESTE,Expansión 345 kV,\VM-PF.IntUser\PDD 31-12-2024.IntPrj\Network Model.IntPrjfolder\Network Data.IntPrjfolder\Expansión 345 kV.ElmNet\Quisqueya.ElmSite\230/13.8 kV Transformador Quisqueya 2 G3.ElmTr2,6,QUISQUEYA 2,\VM-PF.IntUser\PDD 31-12-2024.IntPrj\Network Model.IntPrjfolder\Network Data.IntPrjfolder\Expansión 345 kV.ElmNet\Quisqueya.ElmSite\QUISQUEYA 2.ElmSubstat\6.ElmTerm,10,Quisqueya,\VM-PF.IntUser\PDD 31-12-2024.IntPrj\Network Model.IntPrjfolder\Network Data.IntPrjfolder\Expansión 345 kV.ElmNet\Quisqueya.ElmSite\10.ElmTerm,230/13.8 kV Trafo18% Quisqueya 106 MVA,1,0,106.0,230.0,13.800000190734863,18.0,4.300000190734863,420.0,0.0,0.0,YNd11,0.003962263930588961,0.17995639145374298,0,-2,2,0,2.5,0.0
230/13.8 kV Transformador Q1 San Pedro,0,ESTE CERCANO,ESTE,Expansión 345 kV,\VM-PF.IntUser\PDD 31-12-2024.IntPrj\Network Model.IntPrjfolder\Network Data.IntPrjfolder\Expansión 345 kV.ElmNet\Quisqueya.ElmSite\230/13.8 kV Transformador Q1 San Pedro.ElmTr2,1,QUISQUEYA 1,\VM-PF.IntUser\PDD 31-12-2024.IntPrj\Network Model.IntPrjfolder\Network Data.IntPrjfolder\Expansión 345 kV.ElmNet\Quisqueya.ElmSite\QUISQUEYA 1.ElmSubstat\1.ElmTerm,E2,TER QUISQUEYA1,\VM-PF.IntUser\PDD 31-12-2024.IntPrj\Network Model.IntPrjfolder\Network Data.IntPrjfolder\Expansión 345 kV.ElmNet\Quisqueya.ElmSite\TER QUISQUEYA1.ElmSubstat\E2.ElmTerm,230/13.8 kV Trafo 18% Quisqueya 90 MVA,1,0,90.0,230.0,13.800000190734863,18.004444122314453,4.300000190734863,360.0,0.0,0.0,YNd11,0.004000000189989805,0.18000000715255737,0,-2,2,0,2.5,0.0
230/13.8 kV Transformador Quisqueya 1 G2,0,ESTE CERCANO,ESTE,Expansión 345 kV,\VM-PF.IntUser\PDD 31-12-2024.IntPrj\Network Model.IntPrjfolder\Network Data.IntPrjfolder\Expansión 345 kV.ElmNet\Quisqueya.ElmSite\230/13.8 kV Transformador Quisqueya 1 G2.ElmTr2,2,QUISQUEYA 1,\VM-PF.IntUser\PDD 31-12-2024.IntPrj\Network Model.IntPrjfolder\Network Data.IntPrjfolder\Expansión 345 kV.ElmNet\Quisqueya.ElmSite\QUISQUEYA 1.ElmSubstat\2.ElmTerm,E6,TER QUISQUEYA1,\VM-PF.IntUser\PDD 31-12-2024.IntPrj\Network Model.IntPrjfolder\Network Data.IntPrjfolder\Expansión 345 kV.ElmNet\Quisqueya.ElmSite\TER QUISQUEYA1.ElmSubstat\E6.ElmTerm,230/13.8 kV Trafo 18% Quisqueya 90 MVA,1,0,90.0,230.0,13.800000190734863,18.004444122314453,4.300000190734863,360.0,0.0,0.0,YNd11,0.004000000189989805,0.18000000715255737,0,-2,2,0,2.5,0.0
230/13.8 kV Transformador Quisqueya 1 G3,0,ESTE CERCANO,ESTE,Expansión 345 kV,\VM-PF.IntUser\PDD 31-12-2024.IntPrj\Network Model.IntPrjfolder\Network Data.IntPrjfolder\Expansión 345 kV.ElmNet\Quisqueya.ElmSite\230/13.8 kV Transformador Quisqueya 1 G3.ElmTr2,3,QUISQUEYA 1,\VM-PF.IntUser\PDD 31-12-2024.IntPrj\Network Model.IntPrjfolder\Network Data.IntPrjfolder\Expansión 345 kV.ElmNet\Quisqueya.ElmSite\QUISQUEYA 1.ElmSubstat\3.ElmTerm,5,Quisqueya,\VM-PF.IntUser\PDD 31-12-2024.IntPrj\Network Model.IntPrjfolder\Network Data.IntPrjfolder\Expansión 345 kV.ElmNet\Quisqueya.ElmSite\5.ElmTerm,230/13.8 kV Trafo18% Quisqueya 106 MVA,1,0,106.0,230.0,13.800000190734863,18.0,4.300000190734863,420.0,0.0,0.0,YNd11,0.003962263930588961,0.17995639145374298,0,-2,2,0,2.5,0.0
230/34.5 kV Transformador 1 PVDC,0,CIBAO SUR,NORTE,Expansión 345 kV,\VM-PF.IntUser\PDD 31-12-2024.IntPrj\Network Model.IntPrjfolder\Network Data.IntPrjfolder\Expansión 345 kV.ElmNet\PVDC.ElmSite\230/34.5 kV Transformador 1 PVDC.ElmTr2,L4,ZPVDCD,\VM-PF.IntUser\PDD 31-12-2024.IntPrj\Network Model.IntPrjfolder\Network Data.IntPrjfolder\Expansión 345 kV.ElmNet\PVDC.ElmSite\ZPVDCD.ElmSubstat\L4.ElmTerm,Terminal PVDC 1,PVDC,\VM-PF.IntUser\PDD 31-12-2024.IntPrj\Network Model.IntPrjfolder\Network Data.IntPrjfolder\Expansión 345 kV.ElmNet\PVDC.ElmSite\Terminal PVDC 1.ElmTerm,230/34.5 kV Trafo Barrick Carga 150 MVA,1,0,150.0,230.0,34.5,11.0,11.0,659.4727172851562,0.0,0.10999999940395355,YNyn11,0.004396484699100256,0.10991210490465164,0,-5,5,0,1.7999999523162842,0.0
230/34.5 kV Transformador 2 PVDC,0,CIBAO SUR,NORTE,Expansión 345 kV,\VM-PF.IntUser\PDD 31-12-2024.IntPrj\Network Model.IntPrjfolder\Network Data.IntPrjfolder\Expansión 345 kV.ElmNet\PVDC.ElmSite\230/34.5 kV Transformador 2 PVDC.ElmTr2,R2,ZPVDCD,\VM-PF.IntUser\PDD 31-12-2024.IntPrj\Network Model.IntPrjfolder\Network Data.IntPrjfolder\Expansión 345 kV.ElmNet\PVDC.ElmSite\ZPVDCD.ElmSubstat\R2.ElmTerm,Terminal PVDC 2,PVDC,\VM-PF.IntUser\PDD 31-12-2024.IntPrj\Network Model.IntPrjfolder\Network Data.IntPrjfolder\Expansión 345 kV.ElmNet\PVDC.ElmSite\Terminal PVDC 2.ElmTerm,230/34.5 kV Trafo Barrick Carga 150 MVA,1,0,150.0,230.0,34.5,11.0,11.0,659.4727172851562,0.0,0.10999999940395355,YNyn11,0.004396484699100256,0.10991210490465164,0,-5,5,0,1.7999999523162842,0.0
345/22 kV Transformador Punta Catalina 1,0,SUR CERCANO,SUR,Expansión 345 kV,\VM-PF.IntUser\PDD 31-12-2024.IntPrj\Network Model.IntPrjfolder\Network Data.IntPrjfolder\Expansión 345 kV.ElmNet\Punta Catalina.ElmSite\345/22 kV Transformador Punta Catalina 1.ElmTr2,4,ZPCATD,\VM-PF.IntUser\PDD 31-12-2024.IntPrj\Network Model.IntPrjfolder\Network Data.IntPrjfolder\Expansión 345 kV.ElmNet\Punta Catalina.ElmSite\ZPCATD.ElmSubstat\4.ElmTerm,Terminal Punta Catalina 1,Punta Catalina,\VM-PF.IntUser\PDD 31-12-2024.IntPrj\Network Model.IntPrjfolder\Network Data.IntPrjfolder\Expansión 345 kV.ElmNet\Punta Catalina.ElmSite\Terminal Punta Catalina 1.ElmTerm,345/22 kV Trafo Punta Catalina 425 MVA,1,3,425.0,345.0,22.0,16.0,14.399999618530273,212.5,0.0,0.0,YNd1,0.0005000000237487257,0.15999922156333923,0,-16,16,0,0.623199999332428,0.0
345/22 kV Transformador Punta Catalina 2,0,SUR CERCANO,SUR,Expansión 345 kV,\VM-PF.IntUser\PDD 31-12-2024.IntPrj\Network Model.IntPrjfolder\Network Data.IntPrjfolder\Expansión 345 kV.ElmNet\Punta Catalina.ElmSite\345/22 kV Transformador Punta Catalina 2.ElmTr2,2,ZPCATD,\VM-PF.IntUser\PDD 31-12-2024.IntPrj\Network Model.IntPrjfolder\Network Data.IntPrjfolder\Expansión 345 kV.ElmNet\Punta Catalina.ElmSite\ZPCATD.ElmSubstat\2.ElmTerm,Terminal Punta Catalina 2,Punta Catalina,\VM-PF.IntUser\PDD 31-12-2024.IntPrj\Network Model.IntPrjfolder\Network Data.IntPrjfolder\Expansión 345 kV.ElmNet\Punta Catalina.ElmSite\Terminal Punta Catalina 2.ElmTerm,345/22 kV Trafo Punta Catalina 425 MVA,1,3,425.0,345.0,22.0,16.0,14.399999618530273,212.5,0.0,0.0,YNd1,0.0005000000237487257,0.15999922156333923,0,-16,16,0,0.623199999332428,0.0
345/230 kV Transformador 2 Bonao 3,0,CIBAO SUR,NORTE,Expansión 345 kV,\VM-PF.IntUser\PDD 31-12-2024.IntPrj\Network Model.IntPrjfolder\Network Data.IntPrjfolder\Expansión 345 kV.ElmNet\Bonao 3.ElmSite\345/230 kV Transformador 2 Bonao 3.ElmTr2,L3,ZBON3D,\VM-PF.IntUser\PDD 31-12-2024.IntPrj\Network Model.IntPrjfolder\Network Data.IntPrjfolder\Expansión 345 kV.ElmNet\Bonao 3.ElmSite\ZBON3D.ElmSubstat\L3.ElmTerm,Tap 230 kV Bonao 3 D03,Bonao 3,\VM-PF.IntUser\PDD 31-12-2024.IntPrj\Network Model.IntPrjfolder\Network Data.IntPrjfolder\Expansión 345 kV.ElmNet\Bonao 3.ElmSite\Tap 230 kV Bonao 3 D03.ElmTerm,345/230 kV Bonao 3 T1 (300 MVA),1,2,300.0,345.0,230.0,17.016000747680664,15.45181655883789,150.0,0.0,0.0,YNyn0,0.0005000000237487257,0.17015928030014038,0,-16,16,0,0.6230000257492065,0.0
230/138 kV Transformador 2 Bonao 3,0,CIBAO SUR,NORTE,Expansión 345 kV,\VM-PF.IntUser\PDD 31-12-2024.IntPrj\Network Model.IntPrjfolder\Network Data.IntPrjfolder\Expansión 345 kV.ElmNet\Bonao 3.ElmSite\230/138 kV Transformador 2 Bonao 3.ElmTr2,Tap 230 kV Bonao 3 D04,Bonao 3,\VM-PF.IntUser\PDD 31-12-2024.IntPrj\Network Model.IntPrjfolder\Network Data.IntPrjfolder\Expansión 345 kV.ElmNet\Bonao 3.ElmSite\Tap 230 kV Bonao 3 D04.ElmTerm,3,ZBON3E,\VM-PF.IntUser\PDD 31-12-2024.IntPrj\Network Model.IntPrjfolder\Network Data.IntPrjfolder\Expansión 345 kV.ElmNet\Bonao 3.ElmSite\ZBON3E.ElmSubstat\3.ElmTerm,230/138 kV Bonao 3 T1 (250MVA),1,-5,250.0,230.0,138.0,14.579999923706055,13.227599143981934,755.0,0.0,0.0,YNyn0,0.003019999945536256,0.14576871693134308,0,-10,10,0,0.6259999871253967,0.0
345/138 kV Transformador 1 Guerra,0,SANTO DOMINGO,CENTRAL,Expansión 345 kV,\VM-PF.IntUser\PDD 31-12-2024.IntPrj\Network Model.IntPrjfolder\Network Data.IntPrjfolder\Expansión 345 kV.ElmNet\Guerra.ElmSite\345/138 kV Transformador 1 Guerra.ElmTr2,3,ZGUERD,\VM-PF.IntUser\PDD 31-12-2024.IntPrj\Network Model.IntPrjfolder\Network Data.IntPrjfolder\Expansión 345 kV.ElmNet\Guerra.ElmSite\ZGUERD.ElmSubstat\3.ElmTerm,2,ZGUERE,\VM-PF.IntUser\PDD 31-12-2024.IntPrj\Network Model.IntPrjfolder\Network Data.IntPrjfolder\Expansión 345 kV.ElmNet\Guerra.ElmSite\ZGUERE.ElmSubstat\2.ElmTerm,345/138 kV Guerra T1 (450 MVA),1,-9,450.0,345.0,138.0,9.029999732971191,8.268671989440918,2250.0,0.0,0.0,YNyn0,0.004999999888241291,0.09016145765781403,0,-11,11,0,1.0,0.0
345/138 kV Transformador 2 Guerra,0,SANTO DOMINGO,CENTRAL,Expansión 345 kV,\VM-PF.IntUser\PDD 31-12-2024.IntPrj\Network Model.IntPrjfolder\Network Data.IntPrjfolder\Expansión 345 kV.ElmNet\Guerra.ElmSite\345/138 kV Transformador 2 Guerra.ElmTr2,4,ZGUERD,\VM-PF.IntUser\PDD 31-12-2024.IntPrj\Network Model.IntPrjfolder\Network Data.IntPrjfolder\Expansión 345 kV.ElmNet\Guerra.ElmSite\ZGUERD.ElmSubstat\4.ElmTerm,1,ZGUERE,\VM-PF.IntUser\PDD 31-12-2024.IntPrj\Network Model.IntPrjfolder\Network Data.IntPrjfolder\Expansión 345 kV.ElmNet\Guerra.ElmSite\ZGUERE.ElmSubstat\1.ElmTerm,345/138 kV Guerra T1 (450 MVA),1,-9,450.0,345.0,138.0,9.029999732971191,8.268671989440918,2250.0,0.0,0.0,YNyn0,0.004999999888241291,0.09016145765781403,0,-11,11,0,1.0,0.0
138/13.8 kV Transformador Sultana Este 1,0,ESTE CERCANO,ESTE,ESTE 138 kV,\VM-PF.IntUser\PDD 31-12-2024.IntPrj\Network Model.IntPrjfolder\Network Data.IntPrjfolder\ESTE 138 kV.ElmNet\Sultana del Este.ElmSite\138/13.8 kV Transformador Sultana Este 1.ElmTr2,4,ZSESTE,\VM-PF.IntUser\PDD 31-12-2024.IntPrj\Network Model.IntPrjfolder\Network Data.IntPrjfolder\ESTE 138 kV.ElmNet\Sultana del Este.ElmSite\ZSESTE.ElmSubstat\4.ElmTerm,Terminal Sultana del Este 1,Sultana del Este,\VM-PF.IntUser\PDD 31-12-2024.IntPrj\Network Model.IntPrjfolder\Network Data.IntPrjfolder\ESTE 138 kV.ElmNet\Sultana del Este.ElmSite\Terminal Sultana del Este 1.ElmTerm,138/13.8 kV Traf Sult. del Este 100 MVA,1,0,100.0,138.0,13.800000190734863,9.800000190734863,8.819999694824219,500.0,0.0,0.0,YNd1,0.004999999888241291,0.09787236899137497,0,-2,2,0,2.5,0.0
138/13.8 kV Transformador Sultana Este 2,1,ESTE CERCANO,ESTE,ESTE 138 kV,\VM-PF.IntUser\PDD 31-12-2024.IntPrj\Network Model.IntPrjfolder\Network Data.IntPrjfolder\ESTE 138 kV.ElmNet\Sultana del Este.ElmSite\138/13.8 kV Transformador Sultana Este 2.ElmTr2,2,ZSESTE,\VM-PF.IntUser\PDD 31-12-2024.IntPrj\Network Model.IntPrjfolder\Network Data.IntPrjfolder\ESTE 138 kV.ElmNet\Sultana del Este.ElmSite\ZSESTE.ElmSubstat\2.ElmTerm,Terminal Sultana del Este 2,Sultana del Este,\VM-PF.IntUser\PDD 31-12-2024.IntPrj\Network Model.IntPrjfolder\Network Data.IntPrjfolder\ESTE 138 kV.ElmNet\Sultana del Este.ElmSite\Terminal Sultana del Este 2.ElmTerm,138/13.8 kV Tr 75 MVA Sultana del Este 2,1,-2,75.0,145.6999969482422,13.800000190734863,14.5,13.050000190734863,355.0,0.0,0.0,YNd5,0.0047333333641290665,0.14492271840572357,0,-16,-1,-4,0.8500000238418579,0.0
138/13.8 kV Transformador Sultana Este 3,1,ESTE CERCANO,ESTE,ESTE 138 kV,\VM-PF.IntUser\PDD 31-12-2024.IntPrj\Network Model.IntPrjfolder\Network Data.IntPrjfolder\ESTE 138 kV.ElmNet\Sultana del Este.ElmSite\138/13.8 kV Transformador Sultana Este 3.ElmTr2,1,ZSESTE,\VM-PF.IntUser\PDD 31-12-2024.IntPrj\Network Model.IntPrjfolder\Network Data.IntPrjfolder\ESTE 138 kV.ElmNet\Sultana del Este.ElmSite\ZSESTE.ElmSubstat\1.ElmTerm,Terminal Sultana del Este 3,Sultana del Este,\VM-PF.IntUser\PDD 31-12-2024.IntPrj\Network Model.IntPrjfolder\Network Data.IntPrjfolder\ESTE 138 kV.ElmNet\Sultana del Este.ElmSite\Terminal Sultana del Este 3.ElmTerm,138/13.8 kV Tr 75 MVA Sultana del Este 3,1,-10,75.0,145.6999969482422,13.800000190734863,14.5,13.050000190734863,355.0,0.0,0.0,YNd5,0.0047333333641290665,0.14492271840572357,0,-16,-1,-4,0.8849999904632568,0.0
138/69 kV Transformador La Romana,0,ESTE PROFUNDO,ESTE,ESTE 138 kV,\VM-PF.IntUser\PDD 31-12-2024.IntPrj\Network Model.IntPrjfolder\Network Data.IntPrjfolder\ESTE 138 kV.ElmNet\La Romana.ElmSite\138/69 kV Transformador La Romana.ElmTr2,2,ZLROME,\VM-PF.IntUser\PDD 31-12-2024.IntPrj\Network Model.IntPrjfolder\Network Data.IntPrjfolder\ESTE 138 kV.ElmNet\La Romana.ElmSite\ZLROME.ElmSubstat\2.ElmTerm,1,ZLROMF,\VM-PF.IntUser\PDD 31-12-2024.IntPrj\Network Model.IntPrjfolder\Network Data.IntPrjfolder\ESTE 138 kV.ElmNet\La Romana.ElmSite\ZLROMF.ElmSubstat\1.ElmTerm,133/69 kV La Romana T1 (100 MVA),1,-4,100.0,133.0,69.0,9.829999923706055,8.885011672973633,500.0,0.0,0.0,YNyn0,0.004999999888241291,0.09817276149988174,1,-16,16,0,0.625,0.0
138/13.8 kV Transformador CESPM 3,0,ESTE CERCANO,ESTE,ESTE 138 kV,\VM-PF.IntUser\PDD 31-12-2024.IntPrj\Network Model.IntPrjfolder\Network Data.IntPrjfolder\ESTE 138 kV.ElmNet\SPM 2.ElmSite\138/13.8 kV Transformador CESPM 3.ElmTr2,L3,ZSPM2E,\VM-PF.IntUser\PDD 31-12-2024.IntPrj\Network Model.IntPrjfolder\Network Data.IntPrjfolder\ESTE 138 kV.ElmNet\SPM 2.ElmSite\ZSPM2E.ElmSubstat\L3.ElmTerm,Terminal CESPM 3,SPM 2,\VM-PF.IntUser\PDD 31-12-2024.IntPrj\Network Model.IntPrjfolder\Network Data.IntPrjfolder\ESTE 138 kV.ElmNet\SPM 2.ElmSite\Terminal CESPM 3.ElmTerm,140/13.8 kV Trafo CESPM 3 150 MVA,1,0,150.0,138.0,13.800000190734863,16.579999923706055,14.930000305175781,451.8800048828125,0.0,0.0,YNd1,0.00301253329962492,0.16577263176441193,0,-2,2,0,2.5,0.0
138/13.8 kV Transformador CESPM 2,0,ESTE CERCANO,ESTE,ESTE 138 kV,\VM-PF.IntUser\PDD 31-12-2024.IntPrj\Network Model.IntPrjfolder\Network Data.IntPrjfolder\ESTE 138 kV.ElmNet\SPM 2.ElmSite\138/13.8 kV Transformador CESPM 2.ElmTr2,L2,ZSPM2E,\VM-PF.IntUser\PDD 31-12-2024.IntPrj\Network Model.IntPrjfolder\Network Data.IntPrjfolder\ESTE 138 kV.ElmNet\SPM 2.ElmSite\ZSPM2E.ElmSubstat\L2.ElmTerm,Terminal CESPM 2,SPM 2,\VM-PF.IntUser\PDD 31-12-2024.IntPrj\Network Model.IntPrjfolder\Network Data.IntPrjfolder\ESTE 138 kV.ElmNet\SPM 2.ElmSite\Terminal CESPM 2.ElmTerm,140/13.8 kV Trafo CESPM 2 120 MVA,1,0,120.0,140.0,13.800000190734863,13.25,11.930000305175781,600.0,0.0,0.0,YNd11,0.004999999888241291,0.132405623793602,0,-2,2,0,2.5,0.0
138/13.8 kV Transformador CESPM 1,0,ESTE CERCANO,ESTE,ESTE 138 kV,\VM-PF.IntUser\PDD 31-12-2024.IntPrj\Network Model.IntPrjfolder\Network Data.IntPrjfolder\ESTE 138 kV.ElmNet\SPM 2.ElmSite\138/13.8 kV Transformador CESPM 1.ElmTr2,R5,ZSPM2E,\VM-PF.IntUser\PDD 31-12-2024.IntPrj\Network Model.IntPrjfolder\Network Data.IntPrjfolder\ESTE 138 kV.ElmNet\SPM 2.ElmSite\ZSPM2E.ElmSubstat\R5.ElmTerm,Terminal CESPM 1,SPM 2,\VM-PF.IntUser\PDD 31-12-2024.IntPrj\Network Model.IntPrjfolder\Network Data.IntPrjfolder\ESTE 138 kV.ElmNet\SPM 2.ElmSite\Terminal CESPM 1.ElmTerm,140/13.8 kV Trafo CESPM 1 120 MVA,1,0,120.0,140.0,13.800000190734863,13.25,11.930000305175781,600.0,0.0,0.0,YNd11,0.004999999888241291,0.132405623793602,0,-2,2,0,2.5,0.0
138/13.8 kV Transformador CEMEX,0,ESTE CERCANO,ESTE,ESTE 138 kV,\VM-PF.IntUser\PDD 31-12-2024.IntPrj\Network Model.IntPrjfolder\Network Data.IntPrjfolder\ESTE 138 kV.ElmNet\CEMEX.ElmSite\138/13.8 kV Transformador CEMEX.ElmTr2,1,ZCEMEE,\VM-PF.IntUser\PDD 31-12-2024.IntPrj\Network Model.IntPrjfolder\Network Data.IntPrjfolder\ESTE 138 kV.ElmNet\CEMEX.ElmSite\ZCEMEE.ElmSubstat\1.ElmTerm,L1,ZCEMEK,\VM-PF.IntUser\PDD 31-12-2024.IntPrj\Network Model.IntPrjfolder\Network Data.IntPrjfolder\ESTE 138 kV.ElmNet\CEMEX.ElmSite\ZCEMEK.ElmSubstat\L1.ElmTerm,138/13.8 kV Trafo CEMEX 40 MVA,1,0,40.0,138.0,13.800000190734863,11.0,9.899999618530273,200.0,0.0,0.0,Dyn1,0.004999999888241291,0.1098863035440445,0,-2,2,0,2.5,0.0
138/12.47 kV Transformador Los Orígenes,0,ESTE CERCANO,ESTE,ESTE 138 kV,\VM-PF.IntUser\PDD 31-12-2024.IntPrj\Network Model.IntPrjfolder\Network Data.IntPrjfolder\ESTE 138 kV.ElmNet\Los Orígenes.ElmSite\138/12.47 kV Transformador Los Orígenes.ElmTr2,3,ZLORIE,\VM-PF.IntUser\PDD 31-12-2024.IntPrj\Network Model.IntPrjfolder\Network Data.IntPrjfolder\ESTE 138 kV.ElmNet\Los Orígenes.ElmSite\ZLORIE.ElmSubstat\3.ElmTerm,Terminal Los Orígenes,Los Orígenes,\VM-PF.IntUser\PDD 31-12-2024.IntPrj\Network Model.IntPrjfolder\Network Data.IntPrjfolder\ESTE 138 kV.ElmNet\Los Orígenes.ElmSite\Terminal Los Orígenes.ElmTerm,138/12.47 kV Trafo Los Orígenes 65 MVA,1,1,65.0,138.0,12.470000267028809,18.3700008392334,18.3700008392334,325.0,0.0,0.0,YNd1,0.004999999888241291,0.18363195657730103,0,-2,2,0,2.5,0.0
138/13.8 kV Transformador SP Bio-Energy,0,ESTE CERCANO,ESTE,ESTE 138 kV,\VM-PF.IntUser\PDD 31-12-2024.IntPrj\Network Model.IntPrjfolder\Network Data.IntPrjfolder\ESTE 138 kV.ElmNet\San Pedro Bio-Energy.ElmSite\138/13.8 kV Transformador SP Bio-Energy.ElmTr2,2,ZSPBEE,\VM-PF.IntUser\PDD 31-12-2024.IntPrj\Network Model.IntPrjfolder\Network Data.IntPrjfolder\ESTE 138 kV.ElmNet\San Pedro Bio-Energy.ElmSite\ZSPBEE.ElmSubstat\2.ElmTerm,L1,ZSPBEK,\VM-PF.IntUser\PDD 31-12-2024.IntPrj\Network Model.IntPrjfolder\Network Data.IntPrjfolder\ESTE 138 kV.ElmNet\San Pedro Bio-Energy.ElmSite\ZSPBEK.ElmSubstat\L1.ElmTerm,138/13.8 kV Trafo SP Bio-Energy 45 MVA,1,5,45.0,138.0,13.800000190734863,13.170000076293945,11.852999687194824,225.0,0.0,0.0,YNd5,0.004999999888241291,0.13160504400730133,0,-11,11,0,1.0,0.0
138/69 kV Transformador SPM,0,ESTE CERCANO,ESTE,ESTE 138 kV,\VM-PF.IntUser\PDD 31-12-2024.IntPrj\Network Model.IntPrjfolder\Network Data.IntPrjfolder\ESTE 138 kV.ElmNet\San Pedro.ElmSite\138/69 kV Transformador SPM.ElmTr2,L1,ZSPMAE,\VM-PF.IntUser\PDD 31-12-2024.IntPrj\Network Model.IntPrjfolder\Network Data.IntPrjfolder\ESTE 138 kV.ElmNet\San Pedro.ElmSite\ZSPMAE.ElmSubstat\L1.ElmTerm,1,ZSPMAF,\VM-PF.IntUser\PDD 31-12-2024.IntPrj\Network Model.IntPrjfolder\Network Data.IntPrjfolder\ESTE 138 kV.ElmNet\San Pedro.ElmSite\ZSPMAF.ElmSubstat\1.ElmTerm,138/69 kV SPM T1 (125 MVA),1,-2,125.0,138.0,69.0,12.399999618530273,11.15999984741211,531.25,0.0,0.0,YNyn0,0.0042500002309679985,0.12392714619636536,0,-11,11,0,1.0,0.0
138/69 kV Transformador Hato Mayor 2,0,ESTE CERCANO,ESTE,ESTE 138 kV,\VM-PF.IntUser\PDD 31-12-2024.IntPrj\Network Model.IntPrjfolder\Network Data.IntPrjfolder\ESTE 138 kV.ElmNet\Hato Mayor 2.ElmSite\138/69 kV Transformador Hato Mayor 2.ElmTr2,2,ZHMA2E,\VM-PF.IntUser\PDD 31-12-2024.IntPrj\Network Model.IntPrjfolder\Network Data.IntPrjfolder\ESTE 138 kV.ElmNet\Hato Mayor 2.ElmSite\ZHMA2E.ElmSubstat\2.ElmTerm,1,WHMA2F,\VM-PF.IntUser\PDD 31-12-2024.IntPrj\Network Model.IntPrjfolder\Network Data.IntPrjfolder\ESTE 138 kV.ElmNet\Hato Mayor 2.ElmSite\WHMA2F.ElmSubstat\1.ElmTerm,138/69 kV Hato Mayor 2 T1 (80MVA),1,-3,80.0,138.0,69.0,10.0,9.036667823791504,400.0,0.0,0.0,YNyn0,0.004999999888241291,0.09987492114305496,0,-13,13,0,1.0,0.0
138/34.5 kV Transformador PS El Soco,0,ESTE CERCANO,ESTE,ESTE 138 kV,\VM-PF.IntUser\PDD 31-12-2024.IntPrj\Network Model.IntPrjfolder\Network Data.IntPrjfolder\ESTE 138 kV.ElmNet\El Soco.ElmSite\138/34.5 kV Transformador PS El Soco.ElmTr2,2,ZESOCE,\VM-PF.IntUser\PDD 31-12-2024.IntPrj\Network Model.IntPrjfolder\Network Data.IntPrjfolder\ESTE 138 kV.ElmNet\El Soco.ElmSite\ZESOCE.ElmSubstat\2.ElmTerm,Terminal Parque Solar El Soco,El Soco,\VM-PF.IntUser\PDD 31-12-2024.IntPrj\Network Model.IntPrjfolder\Network Data.IntPrjfolder\ESTE 138 kV.ElmNet\El Soco.ElmSite\Terminal Parque Solar El Soco.ElmTerm,138/34.5 kV Trafo El Soco 80 MVA,1,0,80.0,138.0,34.5,12.693300247192383,11.423999786376953,400.0,0.0,0.0,YNd11,0.004999999888241291,0.12683449685573578,0,-10,10,0,1.0099999904632568,0.0
138/34.5 kV Transformador PF Cumayasa 1,0,ESTE PROFUNDO,ESTE,ESTE 138 kV,\VM-PF.IntUser\PDD 31-12-2024.IntPrj\Network Model.IntPrjfolder\Network Data.IntPrjfolder\ESTE 138 kV.ElmNet\Cumayasa.ElmSite\138/34.5 kV Transformador PF Cumayasa 1.ElmTr2,L1,ZCUMAE,\VM-PF.IntUser\PDD 31-12-2024.IntPrj\Network Model.IntPrjfolder\Network Data.IntPrjfolder\ESTE 138 kV.ElmNet\Cumayasa.ElmSite\ZCUMAE.ElmSubstat\L1.ElmTerm,Terminal PF Cumayasa 1,Cumayasa,\VM-PF.IntUser\PDD 31-12-2024.IntPrj\Network Model.IntPrjfolder\Network Data.IntPrjfolder\ESTE 138 kV.ElmNet\Cumayasa.ElmSite\Terminal PF Cumayasa 1.ElmTerm,138/34.5 kV Trafo Cumayasa 65 MVA,1,0,65.0,138.0,34.5,12.5,11.25,250.0,35.0,0.5,YNd11,0.003846153849735856,0.12494081258773804,0,-10,10,0,1.0,0.0
138/34.5 kV Transformador PF Cumayasa 2,0,ESTE PROFUNDO,ESTE,ESTE 138 kV,\VM-PF.IntUser\PDD 31-12-2024.IntPrj\Network Model.IntPrjfolder\Network Data.IntPrjfolder\ESTE 138 kV.ElmNet\Cumayasa.ElmSite\138/34.5 kV Transformador PF Cumayasa 2.ElmTr2,R2,ZCUMAE,\VM-PF.IntUser\PDD 31-12-2024.IntPrj\Network Model.IntPrjfolder\Network Data.IntPrjfolder\ESTE 138 kV.ElmNet\Cumayasa.ElmSite\ZCUMAE.ElmSubstat\R2.ElmTerm,Terminal PF Cumayasa 2,Cumayasa,\VM-PF.IntUser\PDD 31-12-2024.IntPrj\Network Model.IntPrjfolder\Network Data.IntPrjfolder\ESTE 138 kV.ElmNet\Cumayasa.ElmSite\Terminal PF Cumayasa 2.ElmTerm,138/34.5 kV Trafo Cumayasa 65 MVA,1,0,65.0,138.0,34.5,12.5,11.25,250.0,35.0,0.5,YNd11,0.003846153849735856,0.12494081258773804,0,-10,10,0,1.0,0.0
138/69 kV Transformador ZF Santiago,0,CIBAO NORTE,NORTE,NORTE 138 kV,\VM-PF.IntUser\PDD 31-12-2024.IntPrj\Network Model.IntPrjfolder\Network Data.IntPrjfolder\NORTE 138 kV.ElmNet\ZF Santiago.ElmSite\138/69 kV Transformador ZF Santiago.ElmTr2,E6,ZZSANE,\VM-PF.IntUser\PDD 31-12-2024.IntPrj\Network Model.IntPrjfolder\Network Data.IntPrjfolder\NORTE 138 kV.ElmNet\ZF Santiago.ElmSite\ZZSANE.ElmSubstat\E6.ElmTerm,1,ZZSANF,\VM-PF.IntUser\PDD 31-12-2024.IntPrj\Network Model.IntPrjfolder\Network Data.IntPrjfolder\NORTE 138 kV.ElmNet\ZF Santiago.ElmSite\ZZSANF.ElmSubstat\1.ElmTerm,138/69 kV ZF Santiago T1 (140 MVA),1,0,140.0,138.0,69.0,14.800000190734863,13.42111873626709,192.0800018310547,0.0,0.0,YNyn0,0.0013719999697059393,0.14799363911151886,0,-8,8,0,0.0,0.0
138/69 kV Transformador Bonao 2,0,CIBAO SUR,NORTE,NORTE 138 kV,\VM-PF.IntUser\PDD 31-12-2024.IntPrj\Network Model.IntPrjfolder\Network Data.IntPrjfolder\NORTE 138 kV.ElmNet\Bonao 2.ElmSite\138/69 kV Transformador Bonao 2.ElmTr2,E2,ZBON2E,\VM-PF.IntUser\PDD 31-12-2024.IntPrj\Network Model.IntPrjfolder\Network Data.IntPrjfolder\NORTE 138 kV.ElmNet\Bonao 2.ElmSite\ZBON2E.ElmSubstat\E2.ElmTerm,F1,ZBON2E,\VM-PF.IntUser\PDD 31-12-2024.IntPrj\Network Model.IntPrjfolder\Network Data.IntPrjfolder\NORTE 138 kV.ElmNet\Bonao 2.ElmSite\ZBON2E.ElmSubstat\F1.ElmTerm,138/69 kV Bonao 2 T1 (140 MVA),1,-4,140.0,138.0,69.0,11.9399995803833,10.80886459350586,537.0399780273438,0.0,0.0,YNyn0,0.003835999872535467,0.11933836340904236,0,-15,15,0,1.0,0.0
13.8/4.16 kV Transformador CE Monción,0,CIBAO NOROESTE,NORTE,NORTE 138 kV,\VM-PF.IntUser\PDD 31-12-2024.IntPrj\Network Model.IntPrjfolder\Network Data.IntPrjfolder\NORTE 138 kV.ElmNet\Monción.ElmSite\13.8/4.16 kV Transformador CE Monción.ElmTr2,13.8 kV Zona Monción,Monción,\VM-PF.IntUser\PDD 31-12-2024.IntPrj\Network Model.IntPrjfolder\Network Data.IntPrjfolder\NORTE 138 kV.ElmNet\Monción.ElmSite\13.8 kV Zona Monción.ElmTerm,Terminal Contra Embalse Monción,Monción,\VM-PF.IntUser\PDD 31-12-2024.IntPrj\Network Model.IntPrjfolder\Network Data.IntPrjfolder\NORTE 138 kV.ElmNet\Monción.ElmSite\Terminal Contra Embalse Monción.ElmTerm,13.8/4.16 kV Trafo C.E Monción 4 MVA,1,0,4.0,13.800000190734863,4.159999847412109,5.8002800941467285,5.21999979019165,4.062099933624268,0.0,0.0,YNd1,0.0010155249619856477,0.05799391120672226,1,-2,2,0,2.5,0.0
138/13.8 kV Transformador Monción 2,0,CIBAO NOROESTE,NORTE,NORTE 138 kV,\VM-PF.IntUser\PDD 31-12-2024.IntPrj\Network Model.IntPrjfolder\Network Data.IntPrjfolder\NORTE 138 kV.ElmNet\Monción.ElmSite\138/13.8 kV Transformador Monción 2.ElmTr2,3,ZMONCE,\VM-PF.IntUser\PDD 31-12-2024.IntPrj\Network Model.IntPrjfolder\Network Data.IntPrjfolder\NORTE 138 kV.ElmNet\Monción.ElmSite\ZMONCE.ElmSubstat\3.ElmTerm,Terminal Monción,Monción,\VM-PF.IntUser\PDD 31-12-2024.IntPrj\Network Model.IntPrjfolder\Network Data.IntPrjfolder\NORTE 138 kV.ElmNet\Monción.ElmSite\Terminal Monción.ElmTerm,138/13.8 kV Trafo Monción 30 MVA,1,2,30.0,138.0,13.800000190734863,7.998680114746094,7.199999809265137,93.125,0.0,0.0,YNd1,0.003104166593402624,0.07992654293775558,0,-2,2,0,2.5,0.0
138/13.8 kV Transformador Monción 1,0,CIBAO NOROESTE,NORTE,NORTE 138 kV,\VM-PF.IntUser\PDD 31-12-2024.IntPrj\Network Model.IntPrjfolder\Network Data.IntPrjfolder\NORTE 138 kV.ElmNet\Monción.ElmSite\138/13.8 kV Transformador Monción 1.ElmTr2,2,ZMONCE,\VM-PF.IntUser\PDD 31-12-2024.IntPrj\Network Model.IntPrjfolder\Network Data.IntPrjfolder\NORTE 138 kV.ElmNet\Monción.ElmSite\ZMONCE.ElmSubstat\2.ElmTerm,Terminal Monción,Monción,\VM-PF.IntUser\PDD 31-12-2024.IntPrj\Network Model.IntPrjfolder\Network Data.IntPrjfolder\NORTE 138 kV.ElmNet\Monción.ElmSite\Terminal Monción.ElmTerm,138/13.8 kV Trafo Monción 30 MVA,1,2,30.0,138.0,13.800000190734863,7.998680114746094,7.199999809265137,93.125,0.0,0.0,YNd1,0.003104166593402624,0.07992654293775558,0,-2,2,0,2.5,0.0
13.8/4.16 kV Transformador Zona Monción,0,CIBAO NOROESTE,NORTE,NORTE 138 kV,\VM-PF.IntUser\PDD 31-12-2024.IntPrj\Network Model.IntPrjfolder\Network Data.IntPrjfolder\NORTE 138 kV.ElmNet\Monción.ElmSite\13.8/4.16 kV Transformador Zona Monción.ElmTr2,Terminal Monción,Monción,\VM-PF.IntUser\PDD 31-12-2024.IntPrj\Network Model.IntPrjfolder\Network Data.IntPrjfolder\NORTE 138 kV.ElmNet\Monción.ElmSite\Terminal Monción.ElmTerm,13.8 kV Zona Monción,Monción,\VM-PF.IntUser\PDD 31-12-2024.IntPrj\Network Model.IntPrjfolder\Network Data.IntPrjfolder\NORTE 138 kV.ElmNet\Monción.ElmSite\13.8 kV Zona Monción.ElmTerm,13.8/13.8 kV Trafo Moncion 5 MVA,1,0,5.0,13.800000190734863,13.800000190734863,7.039999961853027,6.335999965667725,25.0,0.0,0.0,Dyn7,0.004999999888241291,0.07022221386432648,0,-2,2,0,2.5,0.0
138/13.8 kV Trafo Pimentel Grupo 3,0,CIBAO NORESTE,NORTE,NORTE 138 kV,\VM-PF.IntUser\PDD 31-12-2024.IntPrj\Network Model.IntPrjfolder\Network Data.IntPrjfolder\NORTE 138 kV.ElmNet\Pimentel.ElmSite\138/13.8 kV Trafo Pimentel Grupo 3.ElmTr2,R2,ZPIMEE,\VM-PF.IntUser\PDD 31-12-2024.IntPrj\Network Model.IntPrjfolder\Network Data.IntPrjfolder\NORTE 138 kV.ElmNet\Pimentel.ElmSite\ZPIMEE.ElmSubstat\R2.ElmTerm,Terminal Pimentel Grupo 3,Pimentel,\VM-PF.IntUser\PDD 31-12-2024.IntPrj\Network Model.IntPrjfolder\Network Data.IntPrjfolder\NORTE 138 kV.ElmNet\Pimentel.ElmSite\Terminal Pimentel Grupo 3.ElmTerm,138/13.8 kV Trafo Pimentel 3 100 MVA,1,1,100.0,138.0,13.800000190734863,15.79170036315918,14.212499618530273,409.010009765625,0.0,0.0,YNd1,0.004090100061148405,0.1578640341758728,0,-2,2,0,2.5,0.0
138/13.8 kV Trafo Pimentel Grupo 2,0,CIBAO NORESTE,NORTE,NORTE 138 kV,\VM-PF.IntUser\PDD 31-12-2024.IntPrj\Network Model.IntPrjfolder\Network Data.IntPrjfolder\NORTE 138 kV.ElmNet\Pimentel.ElmSite\138/13.8 kV Trafo Pimentel Grupo 2.ElmTr2,R1,ZPIMEE,\VM-PF.IntUser\PDD 31-12-2024.IntPrj\Network Model.IntPrjfolder\Network Data.IntPrjfolder\NORTE 138 kV.ElmNet\Pimentel.ElmSite\ZPIMEE.ElmSubstat\R1.ElmTerm,R1,ZPIMEK,\VM-PF.IntUser\PDD 31-12-2024.IntPrj\Network Model.IntPrjfolder\Network Data.IntPrjfolder\NORTE 138 kV.ElmNet\Pimentel.ElmSite\ZPIMEK.ElmSubstat\R1.ElmTerm,138/13.8 kV Trafo Pimentel 2 60 MVA,1,1,60.0,138.0,13.800000190734863,14.414999961853027,12.97350025177002,300.0,0.0,0.0,YNd1,0.004999999888241291,0.14406326413154602,0,-2,2,0,2.5,0.0
138/13.8 kV Trafo Pimentel Grupo 1,0,CIBAO NORESTE,NORTE,NORTE 138 kV,\VM-PF.IntUser\PDD 31-12-2024.IntPrj\Network Model.IntPrjfolder\Network Data.IntPrjfolder\NORTE 138 kV.ElmNet\Pimentel.ElmSite\138/13.8 kV Trafo Pimentel Grupo 1.ElmTr2,L1,ZPIMEE,\VM-PF.IntUser\PDD 31-12-2024.IntPrj\Network Model.IntPrjfolder\Network Data.IntPrjfolder\NORTE 138 kV.ElmNet\Pimentel.ElmSite\ZPIMEE.ElmSubstat\L1.ElmTerm,L1,ZPIMEK,\VM-PF.IntUser\PDD 31-12-2024.IntPrj\Network Model.IntPrjfolder\Network Data.IntPrjfolder\NORTE 138 kV.ElmNet\Pimentel.ElmSite\ZPIMEK.ElmSubstat\L1.ElmTerm,138/13.8 kV Trafo Pimentel 1 60 MVA,1,1,60.0,138.0,13.800000190734863,14.414999961853027,12.97350025177002,300.0,0.0,0.0,YNd1,0.004999999888241291,0.14406326413154602,0,-2,2,0,2.5,0.0
138/69 kV Transformador 2 Canabacoa,0,CIBAO NORTE,NORTE,NORTE 138 kV,\VM-PF.IntUser\PDD 31-12-2024.IntPrj\Network Model.IntPrjfolder\Network Data.IntPrjfolder\NORTE 138 kV.ElmNet\Canabacoa.ElmSite\138/69 kV Transformador 2 Canabacoa.ElmTr2,L8(1),ZCANAE,\VM-PF.IntUser\PDD 31-12-2024.IntPrj\Network Model.IntPrjfolder\Network Data.IntPrjfolder\NORTE 138 kV.ElmNet\Canabacoa.ElmSite\ZCANAE.ElmSubstat\L8(1).ElmTerm,L4(1),ZCANAF,\VM-PF.IntUser\PDD 31-12-2024.IntPrj\Network Model.IntPrjfolder\Network Data.IntPrjfolder\NORTE 138 kV.ElmNet\Canabacoa.ElmSite\ZCANAF.ElmSubstat\L4(1).ElmTerm,138/69 kV Canabacoa T2 (140 MVA),1,-2,140.0,139.0,69.0,11.010000228881836,9.956537246704102,700.0,0.0,0.0,YNyn0,0.004999999888241291,0.10998640209436417,0,-15,15,0,1.0,0.0
138/69 kV Transformador Canabacoa,1,CIBAO NORTE,NORTE,NORTE 138 kV,\VM-PF.IntUser\PDD 31-12-2024.IntPrj\Network Model.IntPrjfolder\Network Data.IntPrjfolder\NORTE 138 kV.ElmNet\Canabacoa.ElmSite\138/69 kV Transformador Canabacoa.ElmTr2,L1,ZCANAE,\VM-PF.IntUser\PDD 31-12-2024.IntPrj\Network Model.IntPrjfolder\Network Data.IntPrjfolder\NORTE 138 kV.ElmNet\Canabacoa.ElmSite\ZCANAE.ElmSubstat\L1.ElmTerm,Tap 69 kV provisional Canabaoca,,\VM-PF.IntUser\PDD 31-12-2024.IntPrj\Network Model.IntPrjfolder\Network Data.IntPrjfolder\NORTE 138 kV.ElmNet\Tap 69 kV provisional Canabaoca.ElmTerm,132/66 kV Canabacoa T1 (200 MVA),1,-5,200.0,132.0,66.0,7.5,6.765868186950684,272.0,0.0,0.0,YNyn0,0.0013599999947473407,0.07498767226934433,0,-20,12,0,0.625,0.0
138/69 kV Trafo Puerto Plata 2,0,CIBAO NORTE,NORTE,NORTE 138 kV,\VM-PF.IntUser\PDD 31-12-2024.IntPrj\Network Model.IntPrjfolder\Network Data.IntPrjfolder\NORTE 138 kV.ElmNet\Puerto Plata 2.ElmSite\138/69 kV Trafo Puerto Plata 2.ElmTr2,E7,ZPPL2E,\VM-PF.IntUser\PDD 31-12-2024.IntPrj\Network Model.IntPrjfolder\Network Data.IntPrjfolder\NORTE 138 kV.ElmNet\Puerto Plata 2.ElmSite\ZPPL2E.ElmSubstat\E7.ElmTerm,1,ZPPL2F,\VM-PF.IntUser\PDD 31-12-2024.IntPrj\Network Model.IntPrjfolder\Network Data.IntPrjfolder\NORTE 138 kV.ElmNet\Puerto Plata 2.ElmSite\ZPPL2F.ElmSubstat\1.ElmTerm,138/69 kV Puerto Plata 2 T1 (140 MVA),1,5,140.0,138.0,69.0,12.039999961853027,10.896093368530273,192.0800018310547,0.0,0.0,YNyn0,0.0013719999697059393,0.12039218097925186,0,-15,15,0,1.0,0.0
138/69 kV Transformador Nagua 2,0,CIBAO NORESTE,NORTE,NORTE 138 kV,\VM-PF.IntUser\PDD 31-12-2024.IntPrj\Network Model.IntPrjfolder\Network Data.IntPrjfolder\NORTE 138 kV.ElmNet\Nagua.ElmSite\138/69 kV Transformador Nagua 2.ElmTr2,WNAG2E(1),ZNAG2E,\VM-PF.IntUser\PDD 31-12-2024.IntPrj\Network Model.IntPrjfolder\Network Data.IntPrjfolder\NORTE 138 kV.ElmNet\Nagua.ElmSite\ZNAG2E.ElmSubstat\WNAG2E(1).ElmTerm,1,ZNAG2F,\VM-PF.IntUser\PDD 31-12-2024.IntPrj\Network Model.IntPrjfolder\Network Data.IntPrjfolder\NORTE 138 kV.ElmNet\Nagua.ElmSite\ZNAG2F.ElmSubstat\1.ElmTerm,138/69 kV Nagua 2 T1 (70 MVA),1,0,70.0,138.0,69.0,11.8100004196167,10.687173843383789,350.0,0.0,0.0,YNyn0,0.004999999888241291,0.11799411475658417,0,-13,13,0,1.25,0.0
138/13.8 Transformador López Angostura,0,CIBAO NORTE,NORTE,NORTE 138 kV,\VM-PF.IntUser\PDD 31-12-2024.IntPrj\Network Model.IntPrjfolder\Network Data.IntPrjfolder\NORTE 138 kV.ElmNet\López Angostura.ElmSite\138/13.8 Transformador López Angostura.ElmTr2,WLANGE(2),ZLANGE,\VM-PF.IntUser\PDD 31-12-2024.IntPrj\Network Model.IntPrjfolder\Network Data.IntPrjfolder\NORTE 138 kV.ElmNet\López Angostura.ElmSite\ZLANGE.ElmSubstat\WLANGE(2).ElmTerm,Terminal López Angostura,López Angostura,\VM-PF.IntUser\PDD 31-12-2024.IntPrj\Network Model.IntPrjfolder\Network Data.IntPrjfolder\NORTE 138 kV.ElmNet\López Angostura.ElmSite\Terminal López Angostura.ElmTerm,138/13.8 kV López Angostura 23 MVA,1,0,23.0,138.0,13.800000190734863,7.998680114746094,7.199999809265137,93.125,0.0,0.0,YNd5,0.00404891325160861,0.07988426089286804,0,-2,2,0,2.5,0.0
138/34.5 kV Transformador FALCONDO,1,CIBAO SUR,NORTE,NORTE 138 kV,\VM-PF.IntUser\PDD 31-12-2024.IntPrj\Network Model.IntPrjfolder\Network Data.IntPrjfolder\NORTE 138 kV.ElmNet\Falcondo.ElmSite\ZFALCE.ElmSubstat\138/34.5 kV Transformador FALCONDO.ElmTr2,WFALCE(2),ZFALCE,\VM-PF.IntUser\PDD 31-12-2024.IntPrj\Network Model.IntPrjfolder\Network Data.IntPrjfolder\NORTE 138 kV.ElmNet\Falcondo.ElmSite\ZFALCE.ElmSubstat\WFALCE(2).ElmTerm,R4,ZFALCK_B,\VM-PF.IntUser\PDD 31-12-2024.IntPrj\Network Model.IntPrjfolder\Network Data.IntPrjfolder\NORTE 138 kV.ElmNet\Falcondo.ElmSite\ZFALCK_B.ElmSubstat\R4.ElmTerm,138/34.5 kV Falcondo T1 (133 MVA),1,0,133.0,138.0,34.5,16.31999969482422,14.818384170532227,665.0,0.0,0.0,YNyn0,0.004999999888241291,0.16312338411808014,1,-4,4,0,1.25,0.0
12.47/0.44 kV Transfomador 1 Baiguaque,0,CIBAO NORTE,,NORTE 138 kV,\VM-PF.IntUser\PDD 31-12-2024.IntPrj\Network Model.IntPrjfolder\Network Data.IntPrjfolder\NORTE 138 kV.ElmNet\Site.ElmSite\12.47/0.44 kV Transfomador 1 Baiguaque.ElmTr2,Terminal 2 Baigüaque,Site,\VM-PF.IntUser\PDD 31-12-2024.IntPrj\Network Model.IntPrjfolder\Network Data.IntPrjfolder\NORTE 138 kV.ElmNet\Site.ElmSite\Terminal 2 Baigüaque.ElmTerm,Terminal 1 Baiguaque,Site,\VM-PF.IntUser\PDD 31-12-2024.IntPrj\Network Model.IntPrjfolder\Network Data.IntPrjfolder\NORTE 138 kV.ElmNet\Site.ElmSite\Terminal 1 Baiguaque.ElmTerm,12.47/0.44 kV Trafo 1 Baiguaque,1,-3,1.600000023841858,12.470000267028809,0.4399999976158142,6.0,5.400000095367432,8.0,0.0,0.0,YNd11,0.004999999888241291,0.05979130417108536,0,-5,-1,-3,2.5,0.0
34.5/12.47 kV Trafo Jánico,0,CIBAO NORTE,NORTE,NORTE 138 kV,\VM-PF.IntUser\PDD 31-12-2024.IntPrj\Network Model.IntPrjfolder\Network Data.IntPrjfolder\NORTE 138 kV.ElmNet\34.5/12.47 kV Trafo Jánico.ElmTr2,34.5 kV Jánico,,\VM-PF.IntUser\PDD 31-12-2024.IntPrj\Network Model.IntPrjfolder\Network Data.IntPrjfolder\NORTE 138 kV.ElmNet\34.5 kV Jánico.ElmTerm,Terminal 2 Baigüaque,Site,\VM-PF.IntUser\PDD 31-12-2024.IntPrj\Network Model.IntPrjfolder\Network Data.IntPrjfolder\NORTE 138 kV.ElmNet\Site.ElmSite\Terminal 2 Baigüaque.ElmTerm,34.5/12.47 kV Trafo 2 Baiguaque,1,-3,7.0,34.5,12.470000267028809,7.0,6.300000190734863,35.0,0.0,0.0,Dyn1,0.004999999888241291,0.06982120126485825,0,-5,-1,-3,2.5,0.0
138/13.8 kV Transformador Tavera 2,0,CIBAO NORTE,NORTE,NORTE 138 kV,\VM-PF.IntUser\PDD 31-12-2024.IntPrj\Network Model.IntPrjfolder\Network Data.IntPrjfolder\NORTE 138 kV.ElmNet\Tavera.ElmSite\138/13.8 kV Transformador Tavera 2.ElmTr2,4,ZTAVEE,\VM-PF.IntUser\PDD 31-12-2024.IntPrj\Network Model.IntPrjfolder\Network Data.IntPrjfolder\NORTE 138 kV.ElmNet\Tavera.ElmSite\ZTAVEE.ElmSubstat\4.ElmTerm,Terminal Tavera 2,Tavera,\VM-PF.IntUser\PDD 31-12-2024.IntPrj\Network Model.IntPrjfolder\Network Data.IntPrjfolder\NORTE 138 kV.ElmNet\Tavera.ElmSite\Terminal Tavera 2.ElmTerm,138/13.8 kV Trafo Tavera 2 65 MVA,1,2,65.0,138.0,13.800000190734863,10.880000114440918,9.800000190734863,200.0,0.0,0.0,YNd1,0.003076923079788685,0.10875648260116577,0,-2,2,0,2.1700000762939453,0.0
138/13.8 kV Transformador Tavera 1,0,CIBAO NORTE,NORTE,NORTE 138 kV,\VM-PF.IntUser\PDD 31-12-2024.IntPrj\Network Model.IntPrjfolder\Network Data.IntPrjfolder\NORTE 138 kV.ElmNet\Tavera.ElmSite\138/13.8 kV Transformador Tavera 1.ElmTr2,3,ZTAVEE,\VM-PF.IntUser\PDD 31-12-2024.IntPrj\Network Model.IntPrjfolder\Network Data.IntPrjfolder\NORTE 138 kV.ElmNet\Tavera.ElmSite\ZTAVEE.ElmSubstat\3.ElmTerm,Terminal Tavera 1,Tavera,\VM-PF.IntUser\PDD 31-12-2024.IntPrj\Network Model.IntPrjfolder\Network Data.IntPrjfolder\NORTE 138 kV.ElmNet\Tavera.ElmSite\Terminal Tavera 1.ElmTerm,138/13.8 kV Trafo Tavera 2 65 MVA,1,2,65.0,138.0,13.800000190734863,10.880000114440918,9.800000190734863,200.0,0.0,0.0,YNd1,0.003076923079788685,0.10875648260116577,0,-2,2,0,2.1700000762939453,0.0
69/34.5 kV Transformador FALCONDO,1,CIBAO SUR,NORTE,NORTE 138 kV,\VM-PF.IntUser\PDD 31-12-2024.IntPrj\Network Model.IntPrjfolder\Network Data.IntPrjfolder\NORTE 138 kV.ElmNet\69/34.5 kV Transformador FALCONDO.ElmTr2,WFALCF(1),ZFALCF,\VM-PF.IntUser\PDD 31-12-2024.IntPrj\Network Model.IntPrjfolder\Network Data.IntPrjfolder\NORTE 138 kV.ElmNet\Falcondo.ElmSite\ZFALCF.ElmSubstat\WFALCF(1).ElmTerm,R3,ZFALCK,\VM-PF.IntUser\PDD 31-12-2024.IntPrj\Network Model.IntPrjfolder\Network Data.IntPrjfolder\NORTE 138 kV.ElmNet\Falcondo.ElmSite\ZFALCK.ElmSubstat\R3.ElmTerm,69/34.5 kV Falcondo T1 (78.4 MVA),1,0,78.4000015258789,69.0,34.5,13.65999984741211,12.382966995239258,273.1719970703125,0.0,0.0,YNyn0,0.0034843366593122482,0.13655555248260498,0,-2,2,0,2.5,0.0
138/34.5 kV Transformador PF SAJOMA,0,CIBAO NORTE,NORTE,NORTE 138 kV,\VM-PF.IntUser\PDD 31-12-2024.IntPrj\Network Model.IntPrjfolder\Network Data.IntPrjfolder\NORTE 138 kV.ElmNet\SAJOMA.ElmSite\138/34.5 kV Transformador PF SAJOMA.ElmTr2,1,ZSAJOM,\VM-PF.IntUser\PDD 31-12-2024.IntPrj\Network Model.IntPrjfolder\Network Data.IntPrjfolder\NORTE 138 kV.ElmNet\SAJOMA.ElmSite\ZSAJOM.ElmSubstat\1.ElmTerm,Terminal PF SAJOMA,SAJOMA,\VM-PF.IntUser\PDD 31-12-2024.IntPrj\Network Model.IntPrjfolder\Network Data.IntPrjfolder\NORTE 138 kV.ElmNet\SAJOMA.ElmSite\Terminal PF SAJOMA.ElmTerm,138/34.5 kV SAJOMA T1(75 MVA),1,0,75.0,138.0,34.5,13.399999618530273,12.0600004196167,375.0,0.0,0.0,YNd11,0.004999999888241291,0.13390669226646423,0,-13,13,0,1.0,0.0
138/20 kV Trafo Monte Cristi Solar G1,0,CIBAO NOROESTE,NORTE,NORTE 138 kV,\VM-PF.IntUser\PDD 31-12-2024.IntPrj\Network Model.IntPrjfolder\Network Data.IntPrjfolder\NORTE 138 kV.ElmNet\Monte Cristi Solar.ElmSite\138/20 kV Trafo Monte Cristi Solar G1.ElmTr2,4,ZGUAYE,\VM-PF.IntUser\PDD 31-12-2024.IntPrj\Network Model.IntPrjfolder\Network Data.IntPrjfolder\NORTE 138 kV.ElmNet\Monte Cristi Solar.ElmSite\ZGUAYE.ElmSubstat\4.ElmTerm,L1,ZPFMSK,\VM-PF.IntUser\PDD 31-12-2024.IntPrj\Network Model.IntPrjfolder\Network Data.IntPrjfolder\NORTE 138 kV.ElmNet\Monte Cristi Solar.ElmSite\ZPFMSK.ElmSubstat\L1.ElmTerm,138/20 kV Traf Monte Cristi Solar 25 MVA,1,3,25.0,138.0,20.0,9.0,8.100000381469727,125.0,0.0,0.0,YNd11,0.004999999888241291,0.08986100554466248,0,-10,10,0,1.0042999982833862,0.0
138/20 kV Trafo Monte Cristi Solar G2,0,CIBAO NOROESTE,NORTE,NORTE 138 kV,\VM-PF.IntUser\PDD 31-12-2024.IntPrj\Network Model.IntPrjfolder\Network Data.IntPrjfolder\NORTE 138 kV.ElmNet\Monte Cristi Solar.ElmSite\138/20 kV Trafo Monte Cristi Solar G2.ElmTr2,3,ZGUAYE,\VM-PF.IntUser\PDD 31-12-2024.IntPrj\Network Model.IntPrjfolder\Network Data.IntPrjfolder\NORTE 138 kV.ElmNet\Monte Cristi Solar.ElmSite\ZGUAYE.ElmSubstat\3.ElmTerm,R1,ZPFMSK,\VM-PF.IntUser\PDD 31-12-2024.IntPrj\Network Model.IntPrjfolder\Network Data.IntPrjfolder\NORTE 138 kV.ElmNet\Monte Cristi Solar.ElmSite\ZPFMSK.ElmSubstat\R1.ElmTerm,138/20 kV Traf Monte Cristi Solar 25 MVA,1,3,25.0,138.0,20.0,9.0,8.100000381469727,125.0,0.0,0.0,YNd11,0.004999999888241291,0.08986100554466248,0,-10,10,0,1.0042999982833862,0.0
138/34.5 kV Transformador Agua Clara,0,CIBAO NOROESTE,NORTE,NORTE 138 kV,\VM-PF.IntUser\PDD 31-12-2024.IntPrj\Network Model.IntPrjfolder\Network Data.IntPrjfolder\NORTE 138 kV.ElmNet\Agua Clara.ElmSite\138/34.5 kV Transformador Agua Clara.ElmTr2,3,ZACLAE,\VM-PF.IntUser\PDD 31-12-2024.IntPrj\Network Model.IntPrjfolder\Network Data.IntPrjfolder\NORTE 138 kV.ElmNet\Agua Clara.ElmSite\ZACLAE.ElmSubstat\3.ElmTerm,Terminal Agua Clara,Agua Clara,\VM-PF.IntUser\PDD 31-12-2024.IntPrj\Network Model.IntPrjfolder\Network Data.IntPrjfolder\NORTE 138 kV.ElmNet\Agua Clara.ElmSite\Terminal Agua Clara.ElmTerm,138/34.5 kV Trafo Agua Clara 60 MVA,1,2,60.0,138.0,34.5,12.5,12.5,280.0,30.0,1.0,YNd11,0.004666666500270367,0.12491285800933838,0,-7,7,0,1.5,0.0
138/34.5 kV Transformador Guanillo,0,CIBAO NOROESTE,NORTE,NORTE 138 kV,\VM-PF.IntUser\PDD 31-12-2024.IntPrj\Network Model.IntPrjfolder\Network Data.IntPrjfolder\NORTE 138 kV.ElmNet\Guanillo.ElmSite\138/34.5 kV Transformador Guanillo.ElmTr2,3,ZGNLLE,\VM-PF.IntUser\PDD 31-12-2024.IntPrj\Network Model.IntPrjfolder\Network Data.IntPrjfolder\NORTE 138 kV.ElmNet\Guanillo.ElmSite\ZGNLLE.ElmSubstat\3.ElmTerm,Terminal Guanillo,Guanillo,\VM-PF.IntUser\PDD 31-12-2024.IntPrj\Network Model.IntPrjfolder\Network Data.IntPrjfolder\NORTE 138 kV.ElmNet\Guanillo.ElmSite\Terminal Guanillo.ElmTerm,138/34.5 kV Trafo Guanilo 63 MVA,1,0,63.0,138.0,34.5,11.449999809265137,10.305000305175781,315.0,30.0,0.17000000178813934,YNd11,0.004999999888241291,0.1143907755613327,0,-10,10,0,1.0,0.0
138/69 kV Transformador SFM,0,CIBAO NORESTE,NORTE,NORTE 138 kV,\VM-PF.IntUser\PDD 31-12-2024.IntPrj\Network Model.IntPrjfolder\Network Data.IntPrjfolder\NORTE 138 kV.ElmNet\SFM.ElmSite\138/69 kV Transformador SFM.ElmTr2,3,ZSFMAE,\VM-PF.IntUser\PDD 31-12-2024.IntPrj\Network Model.IntPrjfolder\Network Data.IntPrjfolder\NORTE 138 kV.ElmNet\SFM.ElmSite\ZSFMAE.ElmSubstat\3.ElmTerm,3,ZSFMAF,\VM-PF.IntUser\PDD 31-12-2024.IntPrj\Network Model.IntPrjfolder\Network Data.IntPrjfolder\NORTE 138 kV.ElmNet\SFM.ElmSite\ZSFMAF.ElmSubstat\3.ElmTerm,138/69 kV SFM T1 (140 MVA),1,-3,140.0,138.0,69.0,11.930000305175781,10.79568099975586,192.0,0.0,0.0,YNyn0,0.0013714286033064127,0.11929211765527725,0,-15,15,0,1.0,0.0
138/34.5 kV Trafo Los Guzmancito,0,CIBAO NORTE,NORTE,NORTE 138 kV,\VM-PF.IntUser\PDD 31-12-2024.IntPrj\Network Model.IntPrjfolder\Network Data.IntPrjfolder\NORTE 138 kV.ElmNet\Los Guzmancito.ElmSite\138/34.5 kV Trafo Los Guzmancito.ElmTr2,3,ZLGUZE,\VM-PF.IntUser\PDD 31-12-2024.IntPrj\Network Model.IntPrjfolder\Network Data.IntPrjfolder\NORTE 138 kV.ElmNet\Los Guzmancito.ElmSite\ZLGUZE.ElmSubstat\3.ElmTerm,Terminal Los Guzmancito,Los Guzmancito,\VM-PF.IntUser\PDD 31-12-2024.IntPrj\Network Model.IntPrjfolder\Network Data.IntPrjfolder\NORTE 138 kV.ElmNet\Los Guzmancito.ElmSite\Terminal Los Guzmancito.ElmTerm,138/34.5 Trafo Los Guzmancitos 72 MVA,1,0,72.0,138.0,34.5,13.119999885559082,11.8100004196167,360.0,0.0,0.0,YNd11,0.004999999888241291,0.13110469281673431,0,-2,2,0,2.5,0.0
138/34.5 kV Trafo 2 Guzmancito,0,CIBAO NORTE,NORTE,NORTE 138 kV,\VM-PF.IntUser\PDD 31-12-2024.IntPrj\Network Model.IntPrjfolder\Network Data.IntPrjfolder\NORTE 138 kV.ElmNet\Los Guzmancito.ElmSite\138/34.5 kV Trafo 2 Guzmancito.ElmTr2,4,ZLGUZE,\VM-PF.IntUser\PDD 31-12-2024.IntPrj\Network Model.IntPrjfolder\Network Data.IntPrjfolder\NORTE 138 kV.ElmNet\Los Guzmancito.ElmSite\ZLGUZE.ElmSubstat\4.ElmTerm,Terminal Los Guzmancito 2,Los Guzmancito,\VM-PF.IntUser\PDD 31-12-2024.IntPrj\Network Model.IntPrjfolder\Network Data.IntPrjfolder\NORTE 138 kV.ElmNet\Los Guzmancito.ElmSite\Terminal Los Guzmancito 2.ElmTerm,34.5/138 kV Trafo Guzmancito 2 72 MVA,1,0,72.0,138.0,34.5,13.119999885559082,11.8100004196167,360.0,0.0,0.0,YNd11,0.004999999888241291,0.13110469281673431,0,-2,2,0,2.5,0.0
138/34.5 kV Transformador MATRISOL,0,CIBAO NORESTE,NORTE,NORTE 138 kV,\VM-PF.IntUser\PDD 31-12-2024.IntPrj\Network Model.IntPrjfolder\Network Data.IntPrjfolder\NORTE 138 kV.ElmNet\Matrisol.ElmSite\138/34.5 kV Transformador MATRISOL.ElmTr2,1,ZMATRE,\VM-PF.IntUser\PDD 31-12-2024.IntPrj\Network Model.IntPrjfolder\Network Data.IntPrjfolder\NORTE 138 kV.ElmNet\Matrisol.ElmSite\ZMATRE.ElmSubstat\1.ElmTerm,Terminal MATRISOL,Matrisol,\VM-PF.IntUser\PDD 31-12-2024.IntPrj\Network Model.IntPrjfolder\Network Data.IntPrjfolder\NORTE 138 kV.ElmNet\Matrisol.ElmSite\Terminal MATRISOL.ElmTerm,138/34.5 kV Trafo Matrisol 50 MVA,1,10,50.0,138.0,34.5,11.680000305175781,10.510000228881836,250.0,0.0,0.0,YNd11,0.004999999888241291,0.1166929304599762,0,-10,10,0,1.0,0.0
138/34.5 kV Transformador PS Esperanza,0,CIBAO NORTE,NORTE,NORTE 138 kV,\VM-PF.IntUser\PDD 31-12-2024.IntPrj\Network Model.IntPrjfolder\Network Data.IntPrjfolder\NORTE 138 kV.ElmNet\Esperanza.ElmSite\138/34.5 kV Transformador PS Esperanza.ElmTr2,1,ZESPEE,\VM-PF.IntUser\PDD 31-12-2024.IntPrj\Network Model.IntPrjfolder\Network Data.IntPrjfolder\NORTE 138 kV.ElmNet\Esperanza.ElmSite\ZESPEE.ElmSubstat\1.ElmTerm,Terminal 1 Parque Solar Esperanza,Esperanza,\VM-PF.IntUser\PDD 31-12-2024.IntPrj\Network Model.IntPrjfolder\Network Data.IntPrjfolder\NORTE 138 kV.ElmNet\Esperanza.ElmSite\Terminal 1 Parque Solar Esperanza.ElmTerm,138/34.5 kV Trafo PS Esperanza 75 MVA,1,-2,75.0,138.0,34.5,10.619999885559082,9.557999610900879,375.0,0.0,0.0,YNd11,0.004999999888241291,0.10608223080635071,0,-13,13,0,1.0,0.0
138/13.8 kV Pimentel 4 T1,0,CIBAO NORESTE,NORTE,NORTE 138 kV,\VM-PF.IntUser\PDD 31-12-2024.IntPrj\Network Model.IntPrjfolder\Network Data.IntPrjfolder\NORTE 138 kV.ElmNet\138/13.8 kV Pimentel 4 T1.ElmTr2,R4,ZPIMEE,\VM-PF.IntUser\PDD 31-12-2024.IntPrj\Network Model.IntPrjfolder\Network Data.IntPrjfolder\NORTE 138 kV.ElmNet\Pimentel.ElmSite\ZPIMEE.ElmSubstat\R4.ElmTerm,Terminal Pimentel 4,,\VM-PF.IntUser\PDD 31-12-2024.IntPrj\Network Model.IntPrjfolder\Network Data.IntPrjfolder\NORTE 138 kV.ElmNet\Terminal Pimentel 4.ElmTerm,138/13.8 kV Pimentel 4(100 MVA),1,0,100.0,138.0,13.800000190734863,15.699999809265137,14.130000114440918,144.4499969482422,0.0,0.0,YNd1,0.0014444999396800995,0.15699335932731628,0,-2,2,0,2.5,0.0
138/34.5 kV Tavera T1,0,CIBAO NORTE,NORTE,NORTE 138 kV,\VM-PF.IntUser\PDD 31-12-2024.IntPrj\Network Model.IntPrjfolder\Network Data.IntPrjfolder\NORTE 138 kV.ElmNet\138/34.5 kV Tavera T1.ElmTr2,7,ZTAVEE,\VM-PF.IntUser\PDD 31-12-2024.IntPrj\Network Model.IntPrjfolder\Network Data.IntPrjfolder\NORTE 138 kV.ElmNet\Tavera.ElmSite\ZTAVEE.ElmSubstat\7.ElmTerm,34.5 kV Tavera,,\VM-PF.IntUser\PDD 31-12-2024.IntPrj\Network Model.IntPrjfolder\Network Data.IntPrjfolder\NORTE 138 kV.ElmNet\34.5 kV Tavera.ElmTerm,138/34.5 kV Trafo Tavera,1,0,14.0,138.0,34.5,10.170000076293945,9.191396713256836,0.0,0.0,0.0,YNyn0,0.0,0.10170000046491623,0,-11,11,0,1.0499999523162842,0.0
69/6.9 kV Transformador Los Toros,0,SUR MEDIO,SUR,SUR 69 kV,\VM-PF.IntUser\PDD 31-12-2024.IntPrj\Network Model.IntPrjfolder\Network Data.IntPrjfolder\SUR 69 kV.ElmNet\Los Toros.ElmSite\69/6.9 kV Transformador Los Toros.ElmTr2,69 kV Los Toros,Los Toros,\VM-PF.IntUser\PDD 31-12-2024.IntPrj\Network Model.IntPrjfolder\Network Data.IntPrjfolder\SUR 69 kV.ElmNet\Los Toros.ElmSite\69 kV Los Toros.ElmTerm,Terminal Los Toros,Los Toros,\VM-PF.IntUser\PDD 31-12-2024.IntPrj\Network Model.IntPrjfolder\Network Data.IntPrjfolder\SUR 69 kV.ElmNet\Los Toros.ElmSite\Terminal Los Toros.ElmTerm,72/6.9 kV Trafo Los Toros 10.5 MVA,1,0,10.5,72.0,6.900000095367432,7.840000152587891,7.059999942779541,10.5,0.0,0.0,YNd5,0.0010000000474974513,0.07839362323284149,0,-2,2,0,5.0,0.0
69/13.8 kV Transformador Sabana Yegua,0,SUR MEDIO,SUR,SUR 69 kV,\VM-PF.IntUser\PDD 31-12-2024.IntPrj\Network Model.IntPrjfolder\Network Data.IntPrjfolder\SUR 69 kV.ElmNet\Sabana Yegua.ElmSite\69/13.8 kV Transformador Sabana Yegua.ElmTr2,2,ZSYEGF,\VM-PF.IntUser\PDD 31-12-2024.IntPrj\Network Model.IntPrjfolder\Network Data.IntPrjfolder\SUR 69 kV.ElmNet\Sabana Yegua.ElmSite\ZSYEGF.ElmSubstat\2.ElmTerm,Terminal Sabana Yegua,Sabana Yegua,\VM-PF.IntUser\PDD 31-12-2024.IntPrj\Network Model.IntPrjfolder\Network Data.IntPrjfolder\SUR 69 kV.ElmNet\Sabana Yegua.ElmSite\Terminal Sabana Yegua.ElmTerm,69/13.8 kV Trafo Sabana Yegua 15 MVA,1,1,15.0,69.0,13.800000190734863,9.899820327758789,8.949999809265137,300.0799865722656,0.0,0.0,YNd11,0.020005332306027412,0.09695582091808319,0,-3,3,0,2.5,0.0
69/12.5 kV Transformador Sabaneta,0,SUR MEDIO,SUR,SUR 69 kV,\VM-PF.IntUser\PDD 31-12-2024.IntPrj\Network Model.IntPrjfolder\Network Data.IntPrjfolder\SUR 69 kV.ElmNet\Sabaneta.ElmSite\69/12.5 kV Transformador Sabaneta.ElmTr2,WSABAF(1),ZSABAF,\VM-PF.IntUser\PDD 31-12-2024.IntPrj\Network Model.IntPrjfolder\Network Data.IntPrjfolder\SUR 69 kV.ElmNet\Sabaneta.ElmSite\ZSABAF.ElmSubstat\WSABAF(1).ElmTerm,Terminal Sabaneta,Sabaneta,\VM-PF.IntUser\PDD 31-12-2024.IntPrj\Network Model.IntPrjfolder\Network Data.IntPrjfolder\SUR 69 kV.ElmNet\Sabaneta.ElmSite\Terminal Sabaneta.ElmTerm,67/12.47 kV Trafo Sabaneta 15 MVA,1,1,15.0,67.0,12.470000267028809,5.599999904632568,5.039999961853027,75.0,0.0,0.0,YNd1,0.004999999888241291,0.055776335299015045,0,-2,2,0,2.690000057220459,0.0
69/22 kV Transformador Magueyal,0,SUR MEDIO,SUR,SUR 69 kV,\VM-PF.IntUser\PDD 31-12-2024.IntPrj\Network Model.IntPrjfolder\Network Data.IntPrjfolder\SUR 69 kV.ElmNet\Magueyal.ElmSite\69/22 kV Transformador Magueyal.ElmTr2,69 kV Magueyal,ZMAGUF,\VM-PF.IntUser\PDD 31-12-2024.IntPrj\Network Model.IntPrjfolder\Network Data.IntPrjfolder\SUR 69 kV.ElmNet\Magueyal.ElmSite\ZMAGUF.ElmSubstat\69 kV Magueyal.ElmTerm,Terminal Magueyal,Magueyal,\VM-PF.IntUser\PDD 31-12-2024.IntPrj\Network Model.IntPrjfolder\Network Data.IntPrjfolder\SUR 69 kV.ElmNet\Magueyal.ElmSite\Terminal Magueyal.ElmTerm,69/13.8 kV Trafo Magueyal 4 MVA,1,0,4.0,69.0,13.800000190734863,7.829999923706055,7.050000190734863,20.0,0.0,0.0,YNd11,0.004999999888241291,0.07814019173383713,0,-2,2,0,2.5,0.0
69/12.5 kV Transformador Las Damas,0,SUR PROFUNDO,SUR,SUR 69 kV,\VM-PF.IntUser\PDD 31-12-2024.IntPrj\Network Model.IntPrjfolder\Network Data.IntPrjfolder\SUR 69 kV.ElmNet\Las Damas.ElmSite\69/12.5 kV Transformador Las Damas.ElmTr2,69 kV Las Damas,Las Damas,\VM-PF.IntUser\PDD 31-12-2024.IntPrj\Network Model.IntPrjfolder\Network Data.IntPrjfolder\SUR 69 kV.ElmNet\Las Damas.ElmSite\69 kV Las Damas.ElmTerm,WLDAMK(11),ZLDAMK,\VM-PF.IntUser\PDD 31-12-2024.IntPrj\Network Model.IntPrjfolder\Network Data.IntPrjfolder\SUR 69 kV.ElmNet\Las Damas.ElmSite\ZLDAMK.ElmSubstat\WLDAMK(11).ElmTerm,69/12.5 kV Trafo Las Damas 9.4 MVA,1,-1,9.399999618530273,69.0,12.5,7.400000095367432,6.659999847412109,47.0,0.0,0.0,Dyn11,0.004999999888241291,0.07383088767528534,0,-5,4,0,2.0,0.0
12.47/4.16 kV Trafo Domingo Rodríguez,0,SUR MEDIO,SUR,SUR 69 kV,\VM-PF.IntUser\PDD 31-12-2024.IntPrj\Network Model.IntPrjfolder\Network Data.IntPrjfolder\SUR 69 kV.ElmNet\Domingo Rodríguez.ElmSite\12.47/4.16 kV Trafo Domingo Rodríguez.ElmTr2,Terminal Domingo Rodríguez 1,Domingo Rodríguez,\VM-PF.IntUser\PDD 31-12-2024.IntPrj\Network Model.IntPrjfolder\Network Data.IntPrjfolder\SUR 69 kV.ElmNet\Domingo Rodríguez.ElmSite\Terminal Domingo Rodríguez 1.ElmTerm,Terminal Domingo Rodríguez 2,Domingo Rodríguez,\VM-PF.IntUser\PDD 31-12-2024.IntPrj\Network Model.IntPrjfolder\Network Data.IntPrjfolder\SUR 69 kV.ElmNet\Domingo Rodríguez.ElmSite\Terminal Domingo Rodríguez 2.ElmTerm,12.5/4.16 Trafo Dgo Rod 7 MVA,1,0,7.0,12.5,4.159999847412109,5.8002800941467285,5.21999979019165,4.062099933624268,0.0,0.0,YNd11,0.0005802999949082732,0.05799989774823189,1,-2,2,0,2.5,0.0
69/12.47 kV Trafo Domingo Rodríguez,0,SUR MEDIO,SUR,SUR 69 kV,\VM-PF.IntUser\PDD 31-12-2024.IntPrj\Network Model.IntPrjfolder\Network Data.IntPrjfolder\SUR 69 kV.ElmNet\Domingo Rodríguez.ElmSite\69/12.47 kV Trafo Domingo Rodríguez.ElmTr2,69 kV Domingo Rodríguez,Domingo Rodríguez,\VM-PF.IntUser\PDD 31-12-2024.IntPrj\Network Model.IntPrjfolder\Network Data.IntPrjfolder\SUR 69 kV.ElmNet\Domingo Rodríguez.ElmSite\69 kV Domingo Rodríguez.ElmTerm,Terminal Domingo Rodríguez 1,Domingo Rodríguez,\VM-PF.IntUser\PDD 31-12-2024.IntPrj\Network Model.IntPrjfolder\Network Data.IntPrjfolder\SUR 69 kV.ElmNet\Domingo Rodríguez.ElmSite\Terminal Domingo Rodríguez 1.ElmTerm,69/12.5 Trafo Dgo Rod 5 MVA,1,0,5.0,69.0,12.5,10.0,9.0,25.0,0.0,0.0,YNd1,0.004999999888241291,0.09987492114305496,0,-2,2,0,2.5,0.0
69/34.5 kV Transformador Canoa Solar,0,SUR PROFUNDO,SUR,SUR 69 kV,\VM-PF.IntUser\PDD 31-12-2024.IntPrj\Network Model.IntPrjfolder\Network Data.IntPrjfolder\SUR 69 kV.ElmNet\Canoa Solar.ElmSite\69/34.5 kV Transformador Canoa Solar.ElmTr2,2,ZSCANF,\VM-PF.IntUser\PDD 31-12-2024.IntPrj\Network Model.IntPrjfolder\Network Data.IntPrjfolder\SUR 69 kV.ElmNet\Canoa Solar.ElmSite\ZSCANF.ElmSubstat\2.ElmTerm,Terminal Canoa Solar,Canoa Solar,\VM-PF.IntUser\PDD 31-12-2024.IntPrj\Network Model.IntPrjfolder\Network Data.IntPrjfolder\SUR 69 kV.ElmNet\Canoa Solar.ElmSite\Terminal Canoa Solar.ElmTerm,69/34.5 kV Trafo Canoa Solar 32 MVA,1,-1,32.0,69.0,34.5,14.140000343322754,12.72599983215332,160.0,0.0,0.0,YNd11,0.004999999888241291,0.14131158590316772,0,-13,13,0,1.25,0.0
69/12.47 kV Nizao-Najayo T1,0,SUR CERCANO,SUR,SUR 69 kV,\VM-PF.IntUser\PDD 31-12-2024.IntPrj\Network Model.IntPrjfolder\Network Data.IntPrjfolder\SUR 69 kV.ElmNet\69/12.47 kV Nizao-Najayo T1.ElmTr2,69 kV Yaguate,,\VM-PF.IntUser\PDD 31-12-2024.IntPrj\Network Model.IntPrjfolder\Network Data.IntPrjfolder\SUR 69 kV.ElmNet\69 kV Yaguate.ElmTerm,Terminal Nizao-Najayo,,\VM-PF.IntUser\PDD 31-12-2024.IntPrj\Network Model.IntPrjfolder\Network Data.IntPrjfolder\SUR 69 kV.ElmNet\Terminal Nizao-Najayo.ElmTerm,69/12.47 kV Nizao-Najayo (18.5 MVA) T1,1,0,18.5,69.0,12.470000267028809,8.0,7.219335079193115,92.5,0.0,0.0,YNyn0,0.004999999888241291,0.07984359562397003,0,-13,13,0,1.0,0.0
69/12.47 kV Pizarrete Distribución T1,0,SUR CERCANO,SUR,SUR 69 kV,\VM-PF.IntUser\PDD 31-12-2024.IntPrj\Network Model.IntPrjfolder\Network Data.IntPrjfolder\SUR 69 kV.ElmNet\69/12.47 kV Pizarrete Distribución T1.ElmTr2,69 kV Pizarrete Distribución,,\VM-PF.IntUser\PDD 31-12-2024.IntPrj\Network Model.IntPrjfolder\Network Data.IntPrjfolder\SUR 69 kV.ElmNet\69 kV Pizarrete Distribución.ElmTerm,Terminal Los Anones,,\VM-PF.IntUser\PDD 31-12-2024.IntPrj\Network Model.IntPrjfolder\Network Data.IntPrjfolder\SUR 69 kV.ElmNet\Terminal Los Anones.ElmTerm,69/12.47 kV Los Anones (14 MVA) T1,1,0,14.0,67.0,12.470000267028809,10.934000015258789,9.84060001373291,0.0,0.0,0.0,Dyn1,0.0,0.10933999717235565,0,-2,2,0,2.5999999046325684,0.0
138/69 kV Transformador km 15 de Azua,0,SUR MEDIO,SUR,SUR 138 kV,\VM-PF.IntUser\PDD 31-12-2024.IntPrj\Network Model.IntPrjfolder\Network Data.IntPrjfolder\SUR 138 kV.ElmNet\km 15 de Azua.ElmSite\138/69 kV Transformador km 15 de Azua.ElmTr2,8,ZKQAZE,\VM-PF.IntUser\PDD 31-12-2024.IntPrj\Network Model.IntPrjfolder\Network Data.IntPrjfolder\SUR 138 kV.ElmNet\km 15 de Azua.ElmSite\ZKQAZE.ElmSubstat\8.ElmTerm,T1,ZKQAZF,\VM-PF.IntUser\PDD 31-12-2024.IntPrj\Network Model.IntPrjfolder\Network Data.IntPrjfolder\SUR 138 kV.ElmNet\km 15 de Azua.ElmSite\ZKQAZF.ElmSubstat\T1.ElmTerm,138/69 kV km 15,1,2,90.0,138.0,69.0,19.799999237060547,18.0231990814209,206.5500030517578,0.0,0.0,YNyn0,0.0022950000129640102,0.19798670709133148,0,-13,13,0,1.0,0.0
138/13.8 kV Transformador Haina TG,0,SUR CERCANO,SUR,SUR 138 kV,\VM-PF.IntUser\PDD 31-12-2024.IntPrj\Network Model.IntPrjfolder\Network Data.IntPrjfolder\SUR 138 kV.ElmNet\Haina.ElmSite\138/13.8 kV Transformador Haina TG.ElmTr2,1,ZHAINE,\VM-PF.IntUser\PDD 31-12-2024.IntPrj\Network Model.IntPrjfolder\Network Data.IntPrjfolder\SUR 138 kV.ElmNet\Haina.ElmSite\ZHAINE.ElmSubstat\1.ElmTerm,Terminal Haina TG,Haina,\VM-PF.IntUser\PDD 31-12-2024.IntPrj\Network Model.IntPrjfolder\Network Data.IntPrjfolder\SUR 138 kV.ElmNet\Haina.ElmSite\Terminal Haina TG.ElmTerm,145/13.8 kV Trafo Haina TG 150 MVA,1,-1,150.0,145.0,13.800000190734863,7.997379779815674,7.199999809265137,292.5,0.0,0.0,YNd1,0.0019499999471008778,0.07995001971721649,0,-2,2,0,2.5,0.0
138/69 kV Transformador Haina,0,SUR CERCANO,SUR,SUR 138 kV,\VM-PF.IntUser\PDD 31-12-2024.IntPrj\Network Model.IntPrjfolder\Network Data.IntPrjfolder\SUR 138 kV.ElmNet\Haina.ElmSite\138/69 kV Transformador Haina.ElmTr2,2,ZHAINE,\VM-PF.IntUser\PDD 31-12-2024.IntPrj\Network Model.IntPrjfolder\Network Data.IntPrjfolder\SUR 138 kV.ElmNet\Haina.ElmSite\ZHAINE.ElmSubstat\2.ElmTerm,R1,ZHAINF,\VM-PF.IntUser\PDD 31-12-2024.IntPrj\Network Model.IntPrjfolder\Network Data.IntPrjfolder\SUR 138 kV.ElmNet\Haina.ElmSite\ZHAINF.ElmSubstat\R1.ElmTerm,138/69 kV Haina T1 T1 (140 MVA),1,0,140.0,138.0,69.0,14.800000190734863,13.42111873626709,192.0800018310547,0.0,0.0,YNyn0,0.0013719999697059393,0.14799363911151886,0,-8,8,0,1.2699999809265137,0.0
138/13.8 kV Transformador Valdesia 2,0,SUR CERCANO,SUR,SUR 138 kV,\VM-PF.IntUser\PDD 31-12-2024.IntPrj\Network Model.IntPrjfolder\Network Data.IntPrjfolder\SUR 138 kV.ElmNet\Valdesia.ElmSite\138/13.8 kV Transformador Valdesia 2.ElmTr2,R2,ZVALDE,\VM-PF.IntUser\PDD 31-12-2024.IntPrj\Network Model.IntPrjfolder\Network Data.IntPrjfolder\SUR 138 kV.ElmNet\Valdesia.ElmSite\ZVALDE.ElmSubstat\R2.ElmTerm,Terminal Valdesia 2,Valdesia,\VM-PF.IntUser\PDD 31-12-2024.IntPrj\Network Model.IntPrjfolder\Network Data.IntPrjfolder\SUR 138 kV.ElmNet\Valdesia.ElmSite\Terminal Valdesia 2.ElmTerm,138/13.8 kV Trafo Valdesia 30 MVA,1,1,30.0,138.0,13.800000190734863,8.879150390625,7.980000019073486,150.3000030517578,0.0,0.0,YNd11,0.005009999964386225,0.08865004777908325,0,-2,2,0,2.5,0.0
138/13.8 kV Transformador Valdesia 1,0,SUR CERCANO,SUR,SUR 138 kV,\VM-PF.IntUser\PDD 31-12-2024.IntPrj\Network Model.IntPrjfolder\Network Data.IntPrjfolder\SUR 138 kV.ElmNet\Valdesia.ElmSite\138/13.8 kV Transformador Valdesia 1.ElmTr2,R1,ZVALDE,\VM-PF.IntUser\PDD 31-12-2024.IntPrj\Network Model.IntPrjfolder\Network Data.IntPrjfolder\SUR 138 kV.ElmNet\Valdesia.ElmSite\ZVALDE.ElmSubstat\R1.ElmTerm,Terminal Valdesia 1,Valdesia,\VM-PF.IntUser\PDD 31-12-2024.IntPrj\Network Model.IntPrjfolder\Network Data.IntPrjfolder\SUR 138 kV.ElmNet\Valdesia.ElmSite\Terminal Valdesia 1.ElmTerm,138/13.8 kV Trafo Valdesia 1 30 MVA,1,1,30.0,138.0,13.800000190734863,8.879150390625,7.980000019073486,150.0,0.0,0.0,YNd11,0.004999999888241291,0.08865061402320862,0,-2,2,0,2.5,0.0
138/13.8 kV Transformador Las Barias,0,SUR CERCANO,SUR,SUR 138 kV,\VM-PF.IntUser\PDD 31-12-2024.IntPrj\Network Model.IntPrjfolder\Network Data.IntPrjfolder\SUR 138 kV.ElmNet\Valdesia.ElmSite\138/13.8 kV Transformador Las Barias.ElmTr2,R3,ZVALDE,\VM-PF.IntUser\PDD 31-12-2024.IntPrj\Network Model.IntPrjfolder\Network Data.IntPrjfolder\SUR 138 kV.ElmNet\Valdesia.ElmSite\ZVALDE.ElmSubstat\R3.ElmTerm,Terminal Las Barías,Valdesia,\VM-PF.IntUser\PDD 31-12-2024.IntPrj\Network Model.IntPrjfolder\Network Data.IntPrjfolder\SUR 138 kV.ElmNet\Valdesia.ElmSite\Terminal Las Barías.ElmTerm,Trafo SSAA Valdesia 5 MVA,1,7,5.0,138.0,13.800000190734863,10.300000190734863,9.270000457763672,25.0,0.0,0.0,Yyn0,0.004999999888241291,0.10287857055664062,0,-9,9,0,1.5,0.0
138/13.8 kV Transformado Barahona Carbón,0,SUR PROFUNDO,SUR,SUR 138 kV,\VM-PF.IntUser\PDD 31-12-2024.IntPrj\Network Model.IntPrjfolder\Network Data.IntPrjfolder\SUR 138 kV.ElmNet\Barahona Carbón.ElmSite\138/13.8 kV Transformado Barahona Carbón.ElmTr2,4,ZBCARE,\VM-PF.IntUser\PDD 31-12-2024.IntPrj\Network Model.IntPrjfolder\Network Data.IntPrjfolder\SUR 138 kV.ElmNet\Barahona Carbón.ElmSite\ZBCARE.ElmSubstat\4.ElmTerm,Terminal Barahona Carbón,Barahona Carbón,\VM-PF.IntUser\PDD 31-12-2024.IntPrj\Network Model.IntPrjfolder\Network Data.IntPrjfolder\SUR 138 kV.ElmNet\Barahona Carbón.ElmSite\Terminal Barahona Carbón.ElmTerm,138/13.8 kV Trafo Barahona Carbón 95 MVA,1,-2,95.0,138.0,13.199999809265137,10.699999809265137,9.630000114440918,475.0,0.0,0.0,YNd1,0.004999999888241291,0.10688310861587524,0,-2,2,0,2.5,0.0
138/69 kV Transformador Barahona Carbón,0,SUR PROFUNDO,SUR,SUR 138 kV,\VM-PF.IntUser\PDD 31-12-2024.IntPrj\Network Model.IntPrjfolder\Network Data.IntPrjfolder\SUR 138 kV.ElmNet\Barahona Carbón.ElmSite\138/69 kV Transformador Barahona Carbón.ElmTr2,3,ZBCARE,\VM-PF.IntUser\PDD 31-12-2024.IntPrj\Network Model.IntPrjfolder\Network Data.IntPrjfolder\SUR 138 kV.ElmNet\Barahona Carbón.ElmSite\ZBCARE.ElmSubstat\3.ElmTerm,Terminal Barahona,Barahona Carbón,\VM-PF.IntUser\PDD 31-12-2024.IntPrj\Network Model.IntPrjfolder\Network Data.IntPrjfolder\SUR 138 kV.ElmNet\Barahona Carbón.ElmSite\Terminal Barahona.ElmTerm,138/69 kV Trafo Barahona Carbón 40 MVA,1,-1,40.0,138.0,69.0,9.600000381469727,8.600000381469727,200.0,0.0,0.0,YNyn0,0.004999999888241291,0.09586970508098602,0,-2,2,0,2.5,0.0
138/13.8 kV Transformador Jigüey 2,0,SUR CERCANO,SUR,SUR 138 kV,\VM-PF.IntUser\PDD 31-12-2024.IntPrj\Network Model.IntPrjfolder\Network Data.IntPrjfolder\SUR 138 kV.ElmNet\Jiguey.ElmSite\138/13.8 kV Transformador Jigüey 2.ElmTr2,L2,ZJIGUE,\VM-PF.IntUser\PDD 31-12-2024.IntPrj\Network Model.IntPrjfolder\Network Data.IntPrjfolder\SUR 138 kV.ElmNet\Jiguey.ElmSite\ZJIGUE.ElmSubstat\L2.ElmTerm,Terminal Jigüey 2,Jiguey,\VM-PF.IntUser\PDD 31-12-2024.IntPrj\Network Model.IntPrjfolder\Network Data.IntPrjfolder\SUR 138 kV.ElmNet\Jiguey.ElmSite\Terminal Jigüey 2.ElmTerm,138/13.8 Trafo Jigüey 2  61.3 MVA,1,0,61.29999923706055,138.0,13.800000190734863,8.000040054321289,7.199999809265137,244.6020050048828,0.0,0.0,YNd1,0.003990244586020708,0.0799008309841156,0,-2,2,0,2.5,0.0
138/13.8 kV Transformador Jigüey 1,0,SUR CERCANO,SUR,SUR 138 kV,\VM-PF.IntUser\PDD 31-12-2024.IntPrj\Network Model.IntPrjfolder\Network Data.IntPrjfolder\SUR 138 kV.ElmNet\Jiguey.ElmSite\138/13.8 kV Transformador Jigüey 1.ElmTr2,R2,ZJIGUE,\VM-PF.IntUser\PDD 31-12-2024.IntPrj\Network Model.IntPrjfolder\Network Data.IntPrjfolder\SUR 138 kV.ElmNet\Jiguey.ElmSite\ZJIGUE.ElmSubstat\R2.ElmTerm,Terminal Jigüey 1,Jiguey,\VM-PF.IntUser\PDD 31-12-2024.IntPrj\Network Model.IntPrjfolder\Network Data.IntPrjfolder\SUR 138 kV.ElmNet\Jiguey.ElmSite\Terminal Jigüey 1.ElmTerm,138/13.8 Trafo Jigüey 1 61.3 MVA,1,0,61.29999923706055,138.0,13.800000190734863,8.000040054321289,7.199999809265137,244.6020050048828,0.0,0.0,YNd1,0.003990244586020708,0.0799008309841156,0,-2,2,0,2.5,0.0
138/13.8 kV Transformador Aguacate 2,0,SUR CERCANO,SUR,SUR 138 kV,\VM-PF.IntUser\PDD 31-12-2024.IntPrj\Network Model.IntPrjfolder\Network Data.IntPrjfolder\SUR 138 kV.ElmNet\Aguacate.ElmSite\138/13.8 kV Transformador Aguacate 2.ElmTr2,L1,ZAGUAE,\VM-PF.IntUser\PDD 31-12-2024.IntPrj\Network Model.IntPrjfolder\Network Data.IntPrjfolder\SUR 138 kV.ElmNet\Aguacate.ElmSite\ZAGUAE.ElmSubstat\L1.ElmTerm,Terminal Aguacate 2,Aguacate,\VM-PF.IntUser\PDD 31-12-2024.IntPrj\Network Model.IntPrjfolder\Network Data.IntPrjfolder\SUR 138 kV.ElmNet\Aguacate.ElmSite\Terminal Aguacate 2.ElmTerm,138/13.8 kV Trafo Valdesia 2 32.5 MVA,1,2,32.5,138.0,13.800000190734863,9.970000267028809,9.0,133.94700622558594,0.0,0.0,YNd0,0.004121446516364813,0.09961477667093277,0,-2,2,0,2.5,0.0
138/13.8 kV Transformador Aguacate 1,0,SUR CERCANO,SUR,SUR 138 kV,\VM-PF.IntUser\PDD 31-12-2024.IntPrj\Network Model.IntPrjfolder\Network Data.IntPrjfolder\SUR 138 kV.ElmNet\Aguacate.ElmSite\138/13.8 kV Transformador Aguacate 1.ElmTr2,R1,ZAGUAE,\VM-PF.IntUser\PDD 31-12-2024.IntPrj\Network Model.IntPrjfolder\Network Data.IntPrjfolder\SUR 138 kV.ElmNet\Aguacate.ElmSite\ZAGUAE.ElmSubstat\R1.ElmTerm,Terminal Aguacate 1,Aguacate,\VM-PF.IntUser\PDD 31-12-2024.IntPrj\Network Model.IntPrjfolder\Network Data.IntPrjfolder\SUR 138 kV.ElmNet\Aguacate.ElmSite\Terminal Aguacate 1.ElmTerm,138/13.8 kV Trafo Valdesia 32.5 MVA,1,2,32.5,138.0,13.800000190734863,9.920000076293945,9.0,133.94700622558594,0.0,0.0,YNd0,0.004121446516364813,0.09911435097455978,0,-2,2,0,2.5,0.0
138/13.8 kV Transformador Monte Río G3,0,SUR MEDIO,SUR,SUR 138 kV,\VM-PF.IntUser\PDD 31-12-2024.IntPrj\Network Model.IntPrjfolder\Network Data.IntPrjfolder\SUR 138 kV.ElmNet\Monte Río.ElmSite\138/13.8 kV Transformador Monte Río G3.ElmTr2,2,ZMRIOE,\VM-PF.IntUser\PDD 31-12-2024.IntPrj\Network Model.IntPrjfolder\Network Data.IntPrjfolder\SUR 138 kV.ElmNet\Monte Río.ElmSite\ZMRIOE.ElmSubstat\2.ElmTerm,Terminal Monte Río 3,Monte Río,\VM-PF.IntUser\PDD 31-12-2024.IntPrj\Network Model.IntPrjfolder\Network Data.IntPrjfolder\SUR 138 kV.ElmNet\Monte Río.ElmSite\Terminal Monte Río 3.ElmTerm,138/13.2 kV Trafo Monterío 70 MVA,1,-2,70.0,138.0,13.199999809265137,14.380000114440918,13.0,350.0,0.0,0.0,YNd5,0.004999999888241291,0.1437130570411682,0,-2,2,0,2.5,0.0
138/13.8 kV Transformador Monte Río G2,0,SUR MEDIO,SUR,SUR 138 kV,\VM-PF.IntUser\PDD 31-12-2024.IntPrj\Network Model.IntPrjfolder\Network Data.IntPrjfolder\SUR 138 kV.ElmNet\Monte Río.ElmSite\138/13.8 kV Transformador Monte Río G2.ElmTr2,3,ZMRIOE,\VM-PF.IntUser\PDD 31-12-2024.IntPrj\Network Model.IntPrjfolder\Network Data.IntPrjfolder\SUR 138 kV.ElmNet\Monte Río.ElmSite\ZMRIOE.ElmSubstat\3.ElmTerm,Terminal Monte Río 2,Monte Río,\VM-PF.IntUser\PDD 31-12-2024.IntPrj\Network Model.IntPrjfolder\Network Data.IntPrjfolder\SUR 138 kV.ElmNet\Monte Río.ElmSite\Terminal Monte Río 2.ElmTerm,138/13.2 kV Trafo Monterío 70 MVA,1,-2,70.0,138.0,13.199999809265137,14.380000114440918,13.0,350.0,0.0,0.0,YNd5,0.004999999888241291,0.1437130570411682,0,-2,2,0,2.5,0.0
138/13.8 kV Transformador Monte Río G1,0,SUR MEDIO,SUR,SUR 138 kV,\VM-PF.IntUser\PDD 31-12-2024.IntPrj\Network Model.IntPrjfolder\Network Data.IntPrjfolder\SUR 138 kV.ElmNet\Monte Río.ElmSite\138/13.8 kV Transformador Monte Río G1.ElmTr2,4,ZMRIOE,\VM-PF.IntUser\PDD 31-12-2024.IntPrj\Network Model.IntPrjfolder\Network Data.IntPrjfolder\SUR 138 kV.ElmNet\Monte Río.ElmSite\ZMRIOE.ElmSubstat\4.ElmTerm,Terminal Monte Río 1,Monte Río,\VM-PF.IntUser\PDD 31-12-2024.IntPrj\Network Model.IntPrjfolder\Network Data.IntPrjfolder\SUR 138 kV.ElmNet\Monte Río.ElmSite\Terminal Monte Río 1.ElmTerm,138/13.2 kV Trafo Monterío 70 MVA,1,-2,70.0,138.0,13.199999809265137,14.380000114440918,13.0,350.0,0.0,0.0,YNd5,0.004999999888241291,0.1437130570411682,0,-2,2,0,2.5,0.0
138/13.8 kV Transformador Itabo 1,0,SUR CERCANO,SUR,SUR 138 kV,\VM-PF.IntUser\PDD 31-12-2024.IntPrj\Network Model.IntPrjfolder\Network Data.IntPrjfolder\SUR 138 kV.ElmNet\Itabo.ElmSite\138/13.8 kV Transformador Itabo 1.ElmTr2,3,ZITABE,\VM-PF.IntUser\PDD 31-12-2024.IntPrj\Network Model.IntPrjfolder\Network Data.IntPrjfolder\SUR 138 kV.ElmNet\Itabo.ElmSite\ZITABE.ElmSubstat\3.ElmTerm,Terminal Itabo 1,Itabo,\VM-PF.IntUser\PDD 31-12-2024.IntPrj\Network Model.IntPrjfolder\Network Data.IntPrjfolder\SUR 138 kV.ElmNet\Itabo.ElmSite\Terminal Itabo 1.ElmTerm,144.27/13.8 kV Trafo Itabo 1 150 MVA,1,-2,150.0,144.27000427246094,13.800000190734863,11.630000114440918,10.470000267028809,832.5,0.0,0.0,YNd5,0.005549999885261059,0.11616750061511993,0,-2,2,0,2.5,0.0
138/13.8 kV Transformador Itabo 2,0,SUR CERCANO,SUR,SUR 138 kV,\VM-PF.IntUser\PDD 31-12-2024.IntPrj\Network Model.IntPrjfolder\Network Data.IntPrjfolder\SUR 138 kV.ElmNet\Itabo.ElmSite\138/13.8 kV Transformador Itabo 2.ElmTr2,10,ZITABE,\VM-PF.IntUser\PDD 31-12-2024.IntPrj\Network Model.IntPrjfolder\Network Data.IntPrjfolder\SUR 138 kV.ElmNet\Itabo.ElmSite\ZITABE.ElmSubstat\10.ElmTerm,Terminal Itabo 2,Itabo,\VM-PF.IntUser\PDD 31-12-2024.IntPrj\Network Model.IntPrjfolder\Network Data.IntPrjfolder\SUR 138 kV.ElmNet\Itabo.ElmSite\Terminal Itabo 2.ElmTerm,144.138/13.8 Trafo Itabo 2 156 MVA,1,-2,156.0,144.13800048828125,13.800000190734863,12.799400329589844,11.520000457763672,1057.5,0.0,0.0,YNd5,0.006778846029192209,0.1278143674135208,0,-2,2,0,2.5,0.0
138/13.8 kV Transformador San Lorenzo,0,SUR CERCANO,SUR,SUR 138 kV,\VM-PF.IntUser\PDD 31-12-2024.IntPrj\Network Model.IntPrjfolder\Network Data.IntPrjfolder\SUR 138 kV.ElmNet\Itabo TG.ElmSite\138/13.8 kV Transformador San Lorenzo.ElmTr2,5,ZITAGE,\VM-PF.IntUser\PDD 31-12-2024.IntPrj\Network Model.IntPrjfolder\Network Data.IntPrjfolder\SUR 138 kV.ElmNet\Itabo TG.ElmSite\ZITAGE.ElmSubstat\5.ElmTerm,2,ZITAGK,\VM-PF.IntUser\PDD 31-12-2024.IntPrj\Network Model.IntPrjfolder\Network Data.IntPrjfolder\SUR 138 kV.ElmNet\Itabo TG.ElmSite\ZITAGK.ElmSubstat\2.ElmTerm,145/13.8 kV Trafo San Lorenzo 48 MVA,1,-2,48.0,145.0,13.800000190734863,12.5,3.0,160.0,0.0,0.0,YNd1,0.0033333334140479565,0.12495554983615875,0,-2,2,0,2.5,0.0
138/34.5 kV Transformador 1 Los Cocos,0,SUR PROFUNDO,SUR,SUR 138 kV,\VM-PF.IntUser\PDD 31-12-2024.IntPrj\Network Model.IntPrjfolder\Network Data.IntPrjfolder\SUR 138 kV.ElmNet\Los Cocos.ElmSite\138/34.5 kV Transformador 1 Los Cocos.ElmTr2,1,ZLCOCE,\VM-PF.IntUser\PDD 31-12-2024.IntPrj\Network Model.IntPrjfolder\Network Data.IntPrjfolder\SUR 138 kV.ElmNet\Los Cocos.ElmSite\ZLCOCE.ElmSubstat\1.ElmTerm,L1,ZLCOCK,\VM-PF.IntUser\PDD 31-12-2024.IntPrj\Network Model.IntPrjfolder\Network Data.IntPrjfolder\SUR 138 kV.ElmNet\Los Cocos.ElmSite\ZLCOCK.ElmSubstat\L1.ElmTerm,138/34.5 kV Trafo Los Cocos 45 MVA,1,0,45.0,138.0,34.5,9.600000381469727,8.640000343322754,225.0,0.0,0.0,YNd11,0.004999999888241291,0.09586970508098602,0,-13,13,0,1.0,0.0
138/34.5 kV Transformador 2 Los Cocos,0,SUR PROFUNDO,SUR,SUR 138 kV,\VM-PF.IntUser\PDD 31-12-2024.IntPrj\Network Model.IntPrjfolder\Network Data.IntPrjfolder\SUR 138 kV.ElmNet\Los Cocos.ElmSite\138/34.5 kV Transformador 2 Los Cocos.ElmTr2,2,ZLCOCE,\VM-PF.IntUser\PDD 31-12-2024.IntPrj\Network Model.IntPrjfolder\Network Data.IntPrjfolder\SUR 138 kV.ElmNet\Los Cocos.ElmSite\ZLCOCE.ElmSubstat\2.ElmTerm,L2,ZLCOCK,\VM-PF.IntUser\PDD 31-12-2024.IntPrj\Network Model.IntPrjfolder\Network Data.IntPrjfolder\SUR 138 kV.ElmNet\Los Cocos.ElmSite\ZLCOCK.ElmSubstat\L2.ElmTerm,138/34.5 kV Trafo Los Cocos 45 MVA,1,0,45.0,138.0,34.5,9.600000381469727,8.640000343322754,225.0,0.0,0.0,YNd11,0.004999999888241291,0.09586970508098602,0,-13,13,0,1.0,0.0
138/34.5 kV Transformador 3 Los Cocos,0,SUR PROFUNDO,SUR,SUR 138 kV,\VM-PF.IntUser\PDD 31-12-2024.IntPrj\Network Model.IntPrjfolder\Network Data.IntPrjfolder\SUR 138 kV.ElmNet\Los Cocos.ElmSite\138/34.5 kV Transformador 3 Los Cocos.ElmTr2,6,ZLCOCE,\VM-PF.IntUser\PDD 31-12-2024.IntPrj\Network Model.IntPrjfolder\Network Data.IntPrjfolder\SUR 138 kV.ElmNet\Los Cocos.ElmSite\ZLCOCE.ElmSubstat\6.ElmTerm,R4,ZLCOCK,\VM-PF.IntUser\PDD 31-12-2024.IntPrj\Network Model.IntPrjfolder\Network Data.IntPrjfolder\SUR 138 kV.ElmNet\Los Cocos.ElmSite\ZLCOCK.ElmSubstat\R4.ElmTerm,138/34.5 kV Trafo Los Cocos 2 45 MVA,1,0,45.0,138.0,34.5,12.460000038146973,11.21399974822998,225.0,0.0,0.0,YNd11,0.004999999888241291,0.12449964135885239,0,-13,13,0,1.0,0.0
138/34.5 kV Transformador 4 Los Cocos,0,SUR PROFUNDO,SUR,SUR 138 kV,\VM-PF.IntUser\PDD 31-12-2024.IntPrj\Network Model.IntPrjfolder\Network Data.IntPrjfolder\SUR 138 kV.ElmNet\Los Cocos.ElmSite\138/34.5 kV Transformador 4 Los Cocos.ElmTr2,7,ZLCOCE,\VM-PF.IntUser\PDD 31-12-2024.IntPrj\Network Model.IntPrjfolder\Network Data.IntPrjfolder\SUR 138 kV.ElmNet\Los Cocos.ElmSite\ZLCOCE.ElmSubstat\7.ElmTerm,R5,ZLCOCK,\VM-PF.IntUser\PDD 31-12-2024.IntPrj\Network Model.IntPrjfolder\Network Data.IntPrjfolder\SUR 138 kV.ElmNet\Los Cocos.ElmSite\ZLCOCK.ElmSubstat\R5.ElmTerm,138/34.5 kV Trafo Los Cocos 45 MVA,1,0,45.0,138.0,34.5,9.600000381469727,8.640000343322754,225.0,0.0,0.0,YNd11,0.004999999888241291,0.09586970508098602,0,-13,13,0,1.0,0.0
138/13.8 kV Transformador Palomino 1,0,SUR MEDIO,SUR,SUR 138 kV,\VM-PF.IntUser\PDD 31-12-2024.IntPrj\Network Model.IntPrjfolder\Network Data.IntPrjfolder\SUR 138 kV.ElmNet\Palomino.ElmSite\138/13.8 kV Transformador Palomino 1.ElmTr2,L2,ZPALOE,\VM-PF.IntUser\PDD 31-12-2024.IntPrj\Network Model.IntPrjfolder\Network Data.IntPrjfolder\SUR 138 kV.ElmNet\Palomino.ElmSite\ZPALOE.ElmSubstat\L2.ElmTerm,Terminal Palomino 1,Palomino,\VM-PF.IntUser\PDD 31-12-2024.IntPrj\Network Model.IntPrjfolder\Network Data.IntPrjfolder\SUR 138 kV.ElmNet\Palomino.ElmSite\Terminal Palomino 1.ElmTerm,138/13.8 kV Trafo Palomino 48 MVA,1,0,48.0,138.0,13.800000190734863,12.972999572753906,11.675700187683105,240.0,0.0,0.0,YNd1,0.004999999888241291,0.1296336054801941,0,-2,2,0,2.5,0.0
138/13.8 kV Transformador Palomino 2,0,SUR MEDIO,SUR,SUR 138 kV,\VM-PF.IntUser\PDD 31-12-2024.IntPrj\Network Model.IntPrjfolder\Network Data.IntPrjfolder\SUR 138 kV.ElmNet\Palomino.ElmSite\138/13.8 kV Transformador Palomino 2.ElmTr2,R2,ZPALOE,\VM-PF.IntUser\PDD 31-12-2024.IntPrj\Network Model.IntPrjfolder\Network Data.IntPrjfolder\SUR 138 kV.ElmNet\Palomino.ElmSite\ZPALOE.ElmSubstat\R2.ElmTerm,Terminal Palomino 2,Palomino,\VM-PF.IntUser\PDD 31-12-2024.IntPrj\Network Model.IntPrjfolder\Network Data.IntPrjfolder\SUR 138 kV.ElmNet\Palomino.ElmSite\Terminal Palomino 2.ElmTerm,138/13.8 kV Trafo Palomino 48 MVA,1,0,48.0,138.0,13.800000190734863,12.972999572753906,11.675700187683105,240.0,0.0,0.0,YNd1,0.004999999888241291,0.1296336054801941,0,-2,2,0,2.5,0.0
154/11 kV Transformador 1 Powership Azua,0,SUR MEDIO,SUR,SUR 138 kV,\VM-PF.IntUser\PDD 31-12-2024.IntPrj\Network Model.IntPrjfolder\Network Data.IntPrjfolder\SUR 138 kV.ElmNet\POWERSHIP AZUA KPS 26.ElmSite\154/11 kV Transformador 1 Powership Azua.ElmTr2,3,ZPAK2E,\VM-PF.IntUser\PDD 31-12-2024.IntPrj\Network Model.IntPrjfolder\Network Data.IntPrjfolder\SUR 138 kV.ElmNet\POWERSHIP AZUA KPS 26.ElmSite\ZPAK2E.ElmSubstat\3.ElmTerm,Terminal POWERSHIP AZUA KPS26 1,POWERSHIP AZUA KPS 26,\VM-PF.IntUser\PDD 31-12-2024.IntPrj\Network Model.IntPrjfolder\Network Data.IntPrjfolder\SUR 138 kV.ElmNet\POWERSHIP AZUA KPS 26.ElmSite\Terminal POWERSHIP AZUA KPS26 1.ElmTerm,154/11 kV Trafo KARPOWERSHIP 62.5 MVA,1,-8,62.5,154.0,11.0,17.479999542236328,15.729999542236328,312.5,0.0,0.0,YNd11,0.004999999888241291,0.17472846806049347,0,-12,12,0,1.25,0.0
154/11 kV Transformador 2 Powership Azua,0,SUR MEDIO,SUR,SUR 138 kV,\VM-PF.IntUser\PDD 31-12-2024.IntPrj\Network Model.IntPrjfolder\Network Data.IntPrjfolder\SUR 138 kV.ElmNet\POWERSHIP AZUA KPS 26.ElmSite\154/11 kV Transformador 2 Powership Azua.ElmTr2,5,ZPAK2E,\VM-PF.IntUser\PDD 31-12-2024.IntPrj\Network Model.IntPrjfolder\Network Data.IntPrjfolder\SUR 138 kV.ElmNet\POWERSHIP AZUA KPS 26.ElmSite\ZPAK2E.ElmSubstat\5.ElmTerm,Terminal POWERSHIP AZUA KPS26 2,POWERSHIP AZUA KPS 26,\VM-PF.IntUser\PDD 31-12-2024.IntPrj\Network Model.IntPrjfolder\Network Data.IntPrjfolder\SUR 138 kV.ElmNet\POWERSHIP AZUA KPS 26.ElmSite\Terminal POWERSHIP AZUA KPS26 2.ElmTerm,154/11 kV Trafo KARPOWERSHIP 62.5 MVA,1,-8,62.5,154.0,11.0,17.479999542236328,15.729999542236328,312.5,0.0,0.0,YNd11,0.004999999888241291,0.17472846806049347,0,-12,12,0,1.25,0.0
154/15 kV Transformador 1 Powership Azua,0,SUR MEDIO,SUR,SUR 138 kV,\VM-PF.IntUser\PDD 31-12-2024.IntPrj\Network Model.IntPrjfolder\Network Data.IntPrjfolder\SUR 138 kV.ElmNet\POWERSHIP AZUA KPS 60.ElmSite\154/15 kV Transformador 1 Powership Azua.ElmTr2,1,ZPAK6E,\VM-PF.IntUser\PDD 31-12-2024.IntPrj\Network Model.IntPrjfolder\Network Data.IntPrjfolder\SUR 138 kV.ElmNet\POWERSHIP AZUA KPS 60.ElmSite\ZPAK6E.ElmSubstat\1.ElmTerm,Terminal Powership Azua KPS60,POWERSHIP AZUA KPS 60,\VM-PF.IntUser\PDD 31-12-2024.IntPrj\Network Model.IntPrjfolder\Network Data.IntPrjfolder\SUR 138 kV.ElmNet\POWERSHIP AZUA KPS 60.ElmSite\Terminal Powership Azua KPS60.ElmTerm,154/15 kV Trafo KARPOWERSHIP,1,-6,100.0,154.0,15.0,17.0,15.300000190734863,320.0,46.0,0.4000000059604645,YNd11,0.0031999999191612005,0.16996988654136658,0,-12,12,0,1.25,0.0
138/4.16 kV Transformador 1 Palenque,0,SUR CERCANO,SUR,SUR 138 kV,\VM-PF.IntUser\PDD 31-12-2024.IntPrj\Network Model.IntPrjfolder\Network Data.IntPrjfolder\SUR 138 kV.ElmNet\Palenque.ElmSite\138/4.16 kV Transformador 1 Palenque.ElmTr2,R1,ZPALEE,\VM-PF.IntUser\PDD 31-12-2024.IntPrj\Network Model.IntPrjfolder\Network Data.IntPrjfolder\SUR 138 kV.ElmNet\Palenque.ElmSite\ZPALEE.ElmSubstat\R1.ElmTerm,Terminal Palenque 1,Palenque,\VM-PF.IntUser\PDD 31-12-2024.IntPrj\Network Model.IntPrjfolder\Network Data.IntPrjfolder\SUR 138 kV.ElmNet\Palenque.ElmSite\Terminal Palenque 1.ElmTerm,138/4.2 kV Trafo Palenque 1 30 MVA,1,-1,30.0,138.0,4.199999809265137,13.670000076293945,12.300000190734863,150.0,0.0,0.0,YNyn0,0.004999999888241291,0.1366085261106491,0,-13,13,0,1.0,0.0
138/4.16 kV Transformador 2 Palenque,0,SUR CERCANO,SUR,SUR 138 kV,\VM-PF.IntUser\PDD 31-12-2024.IntPrj\Network Model.IntPrjfolder\Network Data.IntPrjfolder\SUR 138 kV.ElmNet\Palenque.ElmSite\138/4.16 kV Transformador 2 Palenque.ElmTr2,R2,ZPALEE,\VM-PF.IntUser\PDD 31-12-2024.IntPrj\Network Model.IntPrjfolder\Network Data.IntPrjfolder\SUR 138 kV.ElmNet\Palenque.ElmSite\ZPALEE.ElmSubstat\R2.ElmTerm,Terminal Palenque 1,Palenque,\VM-PF.IntUser\PDD 31-12-2024.IntPrj\Network Model.IntPrjfolder\Network Data.IntPrjfolder\SUR 138 kV.ElmNet\Palenque.ElmSite\Terminal Palenque 1.ElmTerm,138/4.2 kV Trafo Palenque 2 30 MVA,1,1,30.0,138.0,4.199999809265137,13.670000076293945,12.300000190734863,150.0,0.0,0.0,YNyn0,0.004999999888241291,0.1366085261106491,0,-13,13,0,1.0,0.0
138/69 kV Transformado Cruce de Cabral 2,0,SUR PROFUNDO,SUR,SUR 138 kV,\VM-PF.IntUser\PDD 31-12-2024.IntPrj\Network Model.IntPrjfolder\Network Data.IntPrjfolder\SUR 138 kV.ElmNet\Cruce de Cabral 2.ElmSite\138/69 kV Transformado Cruce de Cabral 2.ElmTr2,2,ZCCA2E,\VM-PF.IntUser\PDD 31-12-2024.IntPrj\Network Model.IntPrjfolder\Network Data.IntPrjfolder\SUR 138 kV.ElmNet\Cruce de Cabral 2.ElmSite\ZCCA2E.ElmSubstat\2.ElmTerm,1,ZCCA2F,\VM-PF.IntUser\PDD 31-12-2024.IntPrj\Network Model.IntPrjfolder\Network Data.IntPrjfolder\SUR 138 kV.ElmNet\Cruce de Cabral 2.ElmSite\ZCCA2F.ElmSubstat\1.ElmTerm,138/69 kV Cruce de Cabral 2 T1 (75 MVA),1,1,75.0,138.0,69.0,9.039999961853027,8.157597541809082,375.0,0.0,0.0,YNyn0,0.004999999888241291,0.09026162326335907,0,-11,11,0,1.0,0.0
138/69 kV Transformador San Juan 2,0,SUR MEDIO,SUR,SUR 138 kV,\VM-PF.IntUser\PDD 31-12-2024.IntPrj\Network Model.IntPrjfolder\Network Data.IntPrjfolder\SUR 138 kV.ElmNet\San Juan 2.ElmSite\138/69 kV Transformador San Juan 2.ElmTr2,3,ZSJU2E,\VM-PF.IntUser\PDD 31-12-2024.IntPrj\Network Model.IntPrjfolder\Network Data.IntPrjfolder\SUR 138 kV.ElmNet\San Juan 2.ElmSite\ZSJU2E.ElmSubstat\3.ElmTerm,6,ZSJU2F,\VM-PF.IntUser\PDD 31-12-2024.IntPrj\Network Model.IntPrjfolder\Network Data.IntPrjfolder\SUR 138 kV.ElmNet\San Juan 2.ElmSite\ZSJU2F.ElmSubstat\6.ElmTerm,138/69 kV San Juan 2 T1 75 MVA,1,-3,75.0,138.0,69.0,9.029999732971191,8.119999885559082,375.0,0.0,0.0,YNyn0,0.004999999888241291,0.09016145765781403,0,-11,11,0,1.0,0.0
138/69 kV Transformador 1 Pizarrete,0,SUR CERCANO,SUR,SUR 138 kV,\VM-PF.IntUser\PDD 31-12-2024.IntPrj\Network Model.IntPrjfolder\Network Data.IntPrjfolder\SUR 138 kV.ElmNet\Pizarrete.ElmSite\138/69 kV Transformador 1 Pizarrete.ElmTr2,6,ZPIZAE,\VM-PF.IntUser\PDD 31-12-2024.IntPrj\Network Model.IntPrjfolder\Network Data.IntPrjfolder\SUR 138 kV.ElmNet\Pizarrete.ElmSite\ZPIZAE.ElmSubstat\6.ElmTerm,2,ZPIZAF,\VM-PF.IntUser\PDD 31-12-2024.IntPrj\Network Model.IntPrjfolder\Network Data.IntPrjfolder\SUR 138 kV.ElmNet\Pizarrete.ElmSite\ZPIZAF.ElmSubstat\2.ElmTerm,138/69 kV Pizarrete T1 (150 MVA),1,0,150.0,138.0,69.0,12.390000343322754,11.214683532714844,750.0,0.0,0.0,YNyn0,0.004999999888241291,0.12379907071590424,0,-11,11,0,1.0,0.0
138/34.5 kV Transformador Matafongo,0,SUR CERCANO,SUR,SUR 138 kV,\VM-PF.IntUser\PDD 31-12-2024.IntPrj\Network Model.IntPrjfolder\Network Data.IntPrjfolder\SUR 138 kV.ElmNet\Matafongo.ElmSite\138/34.5 kV Transformador Matafongo.ElmTr2,3,ZMTFNE,\VM-PF.IntUser\PDD 31-12-2024.IntPrj\Network Model.IntPrjfolder\Network Data.IntPrjfolder\SUR 138 kV.ElmNet\Matafongo.ElmSite\ZMTFNE.ElmSubstat\3.ElmTerm,Terminal Matafongo,Matafongo,\VM-PF.IntUser\PDD 31-12-2024.IntPrj\Network Model.IntPrjfolder\Network Data.IntPrjfolder\SUR 138 kV.ElmNet\Matafongo.ElmSite\Terminal Matafongo.ElmTerm,138/34.5 kV Trafo Matafongo 55 MVA,1,0,55.0,138.0,34.5,15.402728080749512,13.862457275390625,159.49998474121094,0.0,0.0,YNd11,0.0028999997302889824,0.15399998426437378,0,-8,8,0,1.25,0.0
138/34.5 kV Transformador Bayasol,0,SUR CERCANO,SUR,SUR 138 kV,\VM-PF.IntUser\PDD 31-12-2024.IntPrj\Network Model.IntPrjfolder\Network Data.IntPrjfolder\SUR 138 kV.ElmNet\Bayasol.ElmSite\138/34.5 kV Transformador Bayasol.ElmTr2,2,ZBAYAE,\VM-PF.IntUser\PDD 31-12-2024.IntPrj\Network Model.IntPrjfolder\Network Data.IntPrjfolder\SUR 138 kV.ElmNet\Bayasol.ElmSite\ZBAYAE.ElmSubstat\2.ElmTerm,Terminal Bayasol,Bayasol,\VM-PF.IntUser\PDD 31-12-2024.IntPrj\Network Model.IntPrjfolder\Network Data.IntPrjfolder\SUR 138 kV.ElmNet\Bayasol.ElmSite\Terminal Bayasol.ElmTerm,138/34.5 kV Trafo Bayasol 60 MVA,1,0,60.0,138.0,34.5,12.369999885559082,11.130000114440918,245.36500549316406,51.13800048828125,0.28999999165534973,YNd11,0.004089416936039925,0.12363238632678986,0,-7,7,0,1.5,0.0
138/34.5 kV Transformador 1 Girasol,0,SUR CERCANO,SUR,SUR 138 kV,\VM-PF.IntUser\PDD 31-12-2024.IntPrj\Network Model.IntPrjfolder\Network Data.IntPrjfolder\SUR 138 kV.ElmNet\Girasol.ElmSite\138/34.5 kV Transformador 1 Girasol.ElmTr2,L2,ZGIRAE,\VM-PF.IntUser\PDD 31-12-2024.IntPrj\Network Model.IntPrjfolder\Network Data.IntPrjfolder\SUR 138 kV.ElmNet\Girasol.ElmSite\ZGIRAE.ElmSubstat\L2.ElmTerm,L1,ZGIRAK,\VM-PF.IntUser\PDD 31-12-2024.IntPrj\Network Model.IntPrjfolder\Network Data.IntPrjfolder\SUR 138 kV.ElmNet\Girasol.ElmSite\ZGIRAK.ElmSubstat\L1.ElmTerm,138/34.5 kV Trafo Girasol 75 MVA,1,0,75.0,138.0,34.5,10.619999885559082,9.557999610900879,375.0,0.0,0.0,YNd11,0.004999999888241291,0.10608223080635071,0,-13,13,0,1.0,0.0
138/34.5 kV Transformador 2 Girasol,0,SUR CERCANO,SUR,SUR 138 kV,\VM-PF.IntUser\PDD 31-12-2024.IntPrj\Network Model.IntPrjfolder\Network Data.IntPrjfolder\SUR 138 kV.ElmNet\Girasol.ElmSite\138/34.5 kV Transformador 2 Girasol.ElmTr2,R2,ZGIRAE,\VM-PF.IntUser\PDD 31-12-2024.IntPrj\Network Model.IntPrjfolder\Network Data.IntPrjfolder\SUR 138 kV.ElmNet\Girasol.ElmSite\ZGIRAE.ElmSubstat\R2.ElmTerm,R4,ZGIRAK,\VM-PF.IntUser\PDD 31-12-2024.IntPrj\Network Model.IntPrjfolder\Network Data.IntPrjfolder\SUR 138 kV.ElmNet\Girasol.ElmSite\ZGIRAK.ElmSubstat\R4.ElmTerm,138/34.5 kV Trafo Girasol 75 MVA,1,0,75.0,138.0,34.5,10.619999885559082,9.557999610900879,375.0,0.0,0.0,YNd11,0.004999999888241291,0.10608223080635071,0,-13,13,0,1.0,0.0
138/34.5 kV Transformador Santanasol,0,SUR CERCANO,SUR,SUR 138 kV,\VM-PF.IntUser\PDD 31-12-2024.IntPrj\Network Model.IntPrjfolder\Network Data.IntPrjfolder\SUR 138 kV.ElmNet\Santanasol.ElmSite\138/34.5 kV Transformador Santanasol.ElmTr2,L2,ZSANTE,\VM-PF.IntUser\PDD 31-12-2024.IntPrj\Network Model.IntPrjfolder\Network Data.IntPrjfolder\SUR 138 kV.ElmNet\Santanasol.ElmSite\ZSANTE.ElmSubstat\L2.ElmTerm,Terminal Santanasol,Santanasol,\VM-PF.IntUser\PDD 31-12-2024.IntPrj\Network Model.IntPrjfolder\Network Data.IntPrjfolder\SUR 138 kV.ElmNet\Santanasol.ElmSite\Terminal Santanasol.ElmTerm,138/34.5 kV Trafo Santanasol 60 MVA,1,0,60.0,138.0,34.5,12.460000038146973,11.21399974822998,300.0,0.0,0.0,YNd11,0.004999999888241291,0.12449964135885239,0,-7,7,0,1.5,0.0
138/34.5 kV Transformador PF Calabaza 1,0,SUR CERCANO,SUR,SUR 138 kV,\VM-PF.IntUser\PDD 31-12-2024.IntPrj\Network Model.IntPrjfolder\Network Data.IntPrjfolder\SUR 138 kV.ElmNet\Calabaza.ElmSite\138/34.5 kV Transformador PF Calabaza 1.ElmTr2,L1,ZCALAE,\VM-PF.IntUser\PDD 31-12-2024.IntPrj\Network Model.IntPrjfolder\Network Data.IntPrjfolder\SUR 138 kV.ElmNet\Calabaza.ElmSite\ZCALAE.ElmSubstat\L1.ElmTerm,Terminal PF Calabaza 1,Calabaza,\VM-PF.IntUser\PDD 31-12-2024.IntPrj\Network Model.IntPrjfolder\Network Data.IntPrjfolder\SUR 138 kV.ElmNet\Calabaza.ElmSite\Terminal PF Calabaza 1.ElmTerm,138/34.5 kV Trafo PF Calabaza 1 60 MVA,1,-8,60.0,138.0,34.5,12.460000038146973,11.21399974822998,300.0,0.0,0.0,YNd11,0.004999999888241291,0.12449964135885239,0,-15,-1,-8,1.25,0.0
138/69 kV Transformador Arroyo Hondo,0,DISTRITO NACIONAL,CENTRAL,CENTRAL 138 kV,\VM-PF.IntUser\PDD 31-12-2024.IntPrj\Network Model.IntPrjfolder\Network Data.IntPrjfolder\CENTRAL 138 kV.ElmNet\Arroyo Hondo.ElmSite\138/69 kV Transformador Arroyo Hondo.ElmTr2,E01,ZAHONE,\VM-PF.IntUser\PDD 31-12-2024.IntPrj\Network Model.IntPrjfolder\Network Data.IntPrjfolder\CENTRAL 138 kV.ElmNet\Arroyo Hondo.ElmSite\ZAHONE.ElmSubstat\E01.ElmTerm,WAHONF(15),ZAHONF,\VM-PF.IntUser\PDD 31-12-2024.IntPrj\Network Model.IntPrjfolder\Network Data.IntPrjfolder\CENTRAL 138 kV.ElmNet\Arroyo Hondo.ElmSite\ZAHONF.ElmSubstat\WAHONF(15).ElmTerm,138/69 kV Arroyo Hondo T1 (200 MVA),1,0,200.0,138.0,69.0,14.628000259399414,12.840749740600586,1000.0,0.0,0.0,YNyn0,0.004999999888241291,0.14619453251361847,0,-13,13,0,1.1538000106811523,0.0
138/69 kV Transformador Herrera,0,SANTO DOMINGO,CENTRAL,CENTRAL 138 kV,\VM-PF.IntUser\PDD 31-12-2024.IntPrj\Network Model.IntPrjfolder\Network Data.IntPrjfolder\CENTRAL 138 kV.ElmNet\Herrera.ElmSite\138/69 kV Transformador Herrera.ElmTr2,1,ZHERRE,\VM-PF.IntUser\PDD 31-12-2024.IntPrj\Network Model.IntPrjfolder\Network Data.IntPrjfolder\CENTRAL 138 kV.ElmNet\Herrera.ElmSite\ZHERRE.ElmSubstat\1.ElmTerm,2,ZHNV3F,\VM-PF.IntUser\PDD 31-12-2024.IntPrj\Network Model.IntPrjfolder\Network Data.IntPrjfolder\CENTRAL 138 kV.ElmNet\Herrera.ElmSite\ZHNV3F.ElmSubstat\2.ElmTerm,138/69 kV Herrera T1 (70 MVA),1,0,70.0,138.0,69.0,10.899999618530273,9.856284141540527,124.94999694824219,0.0,0.0,YNyn0,0.0017849999712780118,0.10898537933826447,0,-15,15,0,1.0,0.0
138/69 kV Transformador Dajao,0,SANTO DOMINGO,CENTRAL,CENTRAL 138 kV,\VM-PF.IntUser\PDD 31-12-2024.IntPrj\Network Model.IntPrjfolder\Network Data.IntPrjfolder\CENTRAL 138 kV.ElmNet\Dajao.ElmSite\138/69 kV Transformador Dajao.ElmTr2,1,ZDJAOE,\VM-PF.IntUser\PDD 31-12-2024.IntPrj\Network Model.IntPrjfolder\Network Data.IntPrjfolder\CENTRAL 138 kV.ElmNet\Dajao.ElmSite\ZDJAOE.ElmSubstat\1.ElmTerm,WDJAOF(10),ZDJAOF,\VM-PF.IntUser\PDD 31-12-2024.IntPrj\Network Model.IntPrjfolder\Network Data.IntPrjfolder\CENTRAL 138 kV.ElmNet\Dajao.ElmSite\ZDJAOF.ElmSubstat\WDJAOF(10).ElmTerm,138/69 kV Dajao T1(150 MVA),1,-6,150.0,138.0,69.0,11.8100004196167,10.687173843383789,282.1000061035156,26.200000762939453,0.029999999329447746,YNyn0,0.0018806667067110538,0.11808502674102783,0,-11,11,0,1.0,0.0
138/69 kV Transformador Boca Chica,0,SANTO DOMINGO,CENTRAL,CENTRAL 138 kV,\VM-PF.IntUser\PDD 31-12-2024.IntPrj\Network Model.IntPrjfolder\Network Data.IntPrjfolder\CENTRAL 138 kV.ElmNet\Boca Chica.ElmSite\138/69 kV Transformador Boca Chica.ElmTr2,3,ZBCHIE,\VM-PF.IntUser\PDD 31-12-2024.IntPrj\Network Model.IntPrjfolder\Network Data.IntPrjfolder\CENTRAL 138 kV.ElmNet\Boca Chica.ElmSite\ZBCHIE.ElmSubstat\3.ElmTerm,1,ZBCHIF,\VM-PF.IntUser\PDD 31-12-2024.IntPrj\Network Model.IntPrjfolder\Network Data.IntPrjfolder\CENTRAL 138 kV.ElmNet\Boca Chica.ElmSite\ZBCHIF.ElmSubstat\1.ElmTerm,138/69 kV Boca Chica T1 (80 MVA),1,-4,80.0,138.0,69.0,9.899999618530273,8.945669174194336,400.0,0.0,0.0,YNyn0,0.004999999888241291,0.09887365996837616,0,-13,13,0,1.0,0.0
138/69 kV Transformador Hainamosa,0,SANTO DOMINGO,CENTRAL,CENTRAL 138 kV,\VM-PF.IntUser\PDD 31-12-2024.IntPrj\Network Model.IntPrjfolder\Network Data.IntPrjfolder\CENTRAL 138 kV.ElmNet\Hainamosa.ElmSite\138/69 kV Transformador Hainamosa.ElmTr2,E3,ZHNSAE,\VM-PF.IntUser\PDD 31-12-2024.IntPrj\Network Model.IntPrjfolder\Network Data.IntPrjfolder\CENTRAL 138 kV.ElmNet\Hainamosa.ElmSite\ZHNSAE.ElmSubstat\E3.ElmTerm,F1,ZHNSAE,\VM-PF.IntUser\PDD 31-12-2024.IntPrj\Network Model.IntPrjfolder\Network Data.IntPrjfolder\CENTRAL 138 kV.ElmNet\Hainamosa.ElmSite\ZHNSAE.ElmSubstat\F1.ElmTerm,138/69 kV Haina,1,0,150.0,138.0,69.0,12.369999885559082,11.19438648223877,750.0,0.0,0.0,YNyn0,0.004999999888241291,0.12359891086816788,0,-11,11,0,1.0,0.0
138/69 kV Transformador Villa Duarte,0,SANTO DOMINGO,CENTRAL,CENTRAL 138 kV,\VM-PF.IntUser\PDD 31-12-2024.IntPrj\Network Model.IntPrjfolder\Network Data.IntPrjfolder\CENTRAL 138 kV.ElmNet\Villa Duarte.ElmSite\138/69 kV Transformador Villa Duarte.ElmTr2,E6,ZVDUAE,\VM-PF.IntUser\PDD 31-12-2024.IntPrj\Network Model.IntPrjfolder\Network Data.IntPrjfolder\CENTRAL 138 kV.ElmNet\Villa Duarte.ElmSite\ZVDUAE.ElmSubstat\E6.ElmTerm,F1,ZVDUAE,\VM-PF.IntUser\PDD 31-12-2024.IntPrj\Network Model.IntPrjfolder\Network Data.IntPrjfolder\CENTRAL 138 kV.ElmNet\Villa Duarte.ElmSite\ZVDUAE.ElmSubstat\F1.ElmTerm,138/69 kV Villa Duarte T1 (140 MVA),1,-2,140.0,138.0,69.0,14.800000190734863,13.42111873626709,192.0800018310547,0.0,0.0,YNyn0,0.0013719999697059393,0.14799363911151886,0,-8,8,0,1.2699999809265137,0.0
138/13.8 kV Transformador Los Mina 6,0,SANTO DOMINGO,CENTRAL,CENTRAL 138 kV,\VM-PF.IntUser\PDD 31-12-2024.IntPrj\Network Model.IntPrjfolder\Network Data.IntPrjfolder\CENTRAL 138 kV.ElmNet\Los Mina 6.ElmSite\138/13.8 kV Transformador Los Mina 6.ElmTr2,2,ZLMI6E,\VM-PF.IntUser\PDD 31-12-2024.IntPrj\Network Model.IntPrjfolder\Network Data.IntPrjfolder\CENTRAL 138 kV.ElmNet\Los Mina 6.ElmSite\ZLMI6E.ElmSubstat\2.ElmTerm,Terminal Los Mina 6,Los Mina 6,\VM-PF.IntUser\PDD 31-12-2024.IntPrj\Network Model.IntPrjfolder\Network Data.IntPrjfolder\CENTRAL 138 kV.ElmNet\Los Mina 6.ElmSite\Terminal Los Mina 6.ElmTerm,138/13.8 kV Trafo Los Mina 6 150 MVA,1,2,150.0,138.0,13.800000190734863,16.520000457763672,14.869999885559082,292.5,0.0,0.0,YNd1,0.0019499999471008778,0.1651885062456131,0,-2,2,0,2.5,0.0
138/13.8 kV Transformador AES Andrés TV,0,SANTO DOMINGO,CENTRAL,CENTRAL 138 kV,\VM-PF.IntUser\PDD 31-12-2024.IntPrj\Network Model.IntPrjfolder\Network Data.IntPrjfolder\CENTRAL 138 kV.ElmNet\AES Andrés.ElmSite\138/13.8 kV Transformador AES Andrés TV.ElmTr2,4,ZAANDE,\VM-PF.IntUser\PDD 31-12-2024.IntPrj\Network Model.IntPrjfolder\Network Data.IntPrjfolder\CENTRAL 138 kV.ElmNet\AES Andrés.ElmSite\ZAANDE.ElmSubstat\4.ElmTerm,Terminal AES Andrés Vapor,AES Andrés,\VM-PF.IntUser\PDD 31-12-2024.IntPrj\Network Model.IntPrjfolder\Network Data.IntPrjfolder\CENTRAL 138 kV.ElmNet\AES Andrés.ElmSite\Terminal AES Andrés Vapor.ElmTerm,138/13.8 kV Trafo AES Andrés TV 141 MVA,1,2,141.0,138.0,13.800000190734863,16.65999984741211,15.0,549.0,0.0,0.0,YNd1,0.0038936170749366283,0.1665544956922531,0,-2,2,0,2.5,0.0
138/19 kV Transformador AES Andrés TG,0,SANTO DOMINGO,CENTRAL,CENTRAL 138 kV,\VM-PF.IntUser\PDD 31-12-2024.IntPrj\Network Model.IntPrjfolder\Network Data.IntPrjfolder\CENTRAL 138 kV.ElmNet\AES Andrés.ElmSite\138/19 kV Transformador AES Andrés TG.ElmTr2,3,ZAANDE,\VM-PF.IntUser\PDD 31-12-2024.IntPrj\Network Model.IntPrjfolder\Network Data.IntPrjfolder\CENTRAL 138 kV.ElmNet\AES Andrés.ElmSite\ZAANDE.ElmSubstat\3.ElmTerm,Terminal AES Andrés Gas,AES Andrés,\VM-PF.IntUser\PDD 31-12-2024.IntPrj\Network Model.IntPrjfolder\Network Data.IntPrjfolder\CENTRAL 138 kV.ElmNet\AES Andrés.ElmSite\Terminal AES Andrés Gas.ElmTerm,138/19 kV Trafo AES Andrés TG 264 MVA,1,2,264.0,138.0,19.0,11.420000076293945,11.420000076293945,1321.0,0.0,0.0,YNd1,0.0050037880428135395,0.11409033089876175,0,-2,2,0,2.5,0.0
138/4.16 kV BESS AES Andrés T1,0,SANTO DOMINGO,CENTRAL,CENTRAL 138 kV,\VM-PF.IntUser\PDD 31-12-2024.IntPrj\Network Model.IntPrjfolder\Network Data.IntPrjfolder\CENTRAL 138 kV.ElmNet\AES Andrés.ElmSite\138/4.16 kV BESS AES Andrés T1.ElmTr2,6,ZAANDE,\VM-PF.IntUser\PDD 31-12-2024.IntPrj\Network Model.IntPrjfolder\Network Data.IntPrjfolder\CENTRAL 138 kV.ElmNet\AES Andrés.ElmSite\ZAANDE.ElmSubstat\6.ElmTerm,Terminal BESS AES Andrés,AES Andrés,\VM-PF.IntUser\PDD 31-12-2024.IntPrj\Network Model.IntPrjfolder\Network Data.IntPrjfolder\CENTRAL 138 kV.ElmNet\AES Andrés.ElmSite\Terminal BESS AES Andrés.ElmTerm,138/4.16 kV BESS AES Andrés T1(22.4 MVA),1,0,22.440000534057617,138.0,4.159999847412109,10.48390007019043,9.43550968170166,0.0,0.0,0.0,Dyn1,0.0,0.10483899712562561,0,-6,6,0,2.5,0.0
138/13.2 kV Transformador METALDOM,0,DISTRITO NACIONAL,CENTRAL,CENTRAL 138 kV,\VM-PF.IntUser\PDD 31-12-2024.IntPrj\Network Model.IntPrjfolder\Network Data.IntPrjfolder\CENTRAL 138 kV.ElmNet\METALDOM.ElmSite\138/13.2 kV Transformador METALDOM.ElmTr2,WMETAE(2),ZMETAE,\VM-PF.IntUser\PDD 31-12-2024.IntPrj\Network Model.IntPrjfolder\Network Data.IntPrjfolder\CENTRAL 138 kV.ElmNet\METALDOM.ElmSite\ZMETAE.ElmSubstat\WMETAE(2).ElmTerm,Terminal METALDOM,METALDOM,\VM-PF.IntUser\PDD 31-12-2024.IntPrj\Network Model.IntPrjfolder\Network Data.IntPrjfolder\CENTRAL 138 kV.ElmNet\METALDOM.ElmSite\Terminal METALDOM.ElmTerm,138/13.8 kV Trafo METALDOM 60 MVA,1,0,60.0,138.0,13.800000190734863,16.492000579833984,14.800000190734863,300.0,0.0,0.0,YNd1,0.004999999888241291,0.16484418511390686,0,-2,2,0,2.5,0.0
138/69 kV Transformador Timbeque 2,0,DISTRITO NACIONAL,CENTRAL,CENTRAL 138 kV,\VM-PF.IntUser\PDD 31-12-2024.IntPrj\Network Model.IntPrjfolder\Network Data.IntPrjfolder\CENTRAL 138 kV.ElmNet\Timbeque 2.ElmSite\138/69 kV Transformador Timbeque 2.ElmTr2,R3,ZTIM2E,\VM-PF.IntUser\PDD 31-12-2024.IntPrj\Network Model.IntPrjfolder\Network Data.IntPrjfolder\CENTRAL 138 kV.ElmNet\Timbeque 2.ElmSite\ZTIM2E.ElmSubstat\R3.ElmTerm,4,ZTIM2F,\VM-PF.IntUser\PDD 31-12-2024.IntPrj\Network Model.IntPrjfolder\Network Data.IntPrjfolder\CENTRAL 138 kV.ElmNet\Timbeque 2.ElmSite\ZTIM2F.ElmSubstat\4.ElmTerm,138/69 kV Timbeque 2 T1(140MVA),1,1,140.0,138.0,69.0,12.010000228881836,10.859577178955078,192.0800018310547,0.0,0.0,YNyn0,0.0013719999697059393,0.12009216099977493,0,-15,15,0,1.0,0.0
138/13.8 kV Transformador Los Mina 5,0,SANTO DOMINGO,CENTRAL,CENTRAL 138 kV,\VM-PF.IntUser\PDD 31-12-2024.IntPrj\Network Model.IntPrjfolder\Network Data.IntPrjfolder\CENTRAL 138 kV.ElmNet\Los Mina 5.ElmSite\138/13.8 kV Transformador Los Mina 5.ElmTr2,2,ZLMI5E,\VM-PF.IntUser\PDD 31-12-2024.IntPrj\Network Model.IntPrjfolder\Network Data.IntPrjfolder\CENTRAL 138 kV.ElmNet\Los Mina 5.ElmSite\ZLMI5E.ElmSubstat\2.ElmTerm,Terminal Los Mina 5,Los Mina 5,\VM-PF.IntUser\PDD 31-12-2024.IntPrj\Network Model.IntPrjfolder\Network Data.IntPrjfolder\CENTRAL 138 kV.ElmNet\Los Mina 5.ElmSite\Terminal Los Mina 5.ElmTerm,138/13.8 Trafo Los Mina 5 150 MVA,1,2,150.0,138.0,13.800000190734863,17.937000274658203,16.139999389648438,292.5,0.0,0.0,YNd1,0.0019499999471008778,0.17935939133167267,0,-2,2,0,2.5,0.0
138/69 kV Transformador 1 Palamara,0,SANTO DOMINGO,CENTRAL,CENTRAL 138 kV,\VM-PF.IntUser\PDD 31-12-2024.IntPrj\Network Model.IntPrjfolder\Network Data.IntPrjfolder\CENTRAL 138 kV.ElmNet\Palamara.ElmSite\138/69 kV Transformador 1 Palamara.ElmTr2,10,ZPALAE,\VM-PF.IntUser\PDD 31-12-2024.IntPrj\Network Model.IntPrjfolder\Network Data.IntPrjfolder\CENTRAL 138 kV.ElmNet\Palamara.ElmSite\ZPALAE.ElmSubstat\10.ElmTerm,R4,ZPALAF,\VM-PF.IntUser\PDD 31-12-2024.IntPrj\Network Model.IntPrjfolder\Network Data.IntPrjfolder\CENTRAL 138 kV.ElmNet\Palamara.ElmSite\ZPALAF.ElmSubstat\R4.ElmTerm,138/69 kV Palamara T1 (140 MVA),1,-1,140.0,138.0,69.0,10.850000381469727,9.81578254699707,248.3000030517578,0.0,0.0,YNyn0,0.0017735714791342616,0.10848550498485565,0,-11,11,0,1.0,0.0
138/69 kV Transformador 2 Palamara,0,SANTO DOMINGO,CENTRAL,CENTRAL 138 kV,\VM-PF.IntUser\PDD 31-12-2024.IntPrj\Network Model.IntPrjfolder\Network Data.IntPrjfolder\CENTRAL 138 kV.ElmNet\Palamara.ElmSite\138/69 kV Transformador 2 Palamara.ElmTr2,9,ZPALAE,\VM-PF.IntUser\PDD 31-12-2024.IntPrj\Network Model.IntPrjfolder\Network Data.IntPrjfolder\CENTRAL 138 kV.ElmNet\Palamara.ElmSite\ZPALAE.ElmSubstat\9.ElmTerm,L1,ZPALAF,\VM-PF.IntUser\PDD 31-12-2024.IntPrj\Network Model.IntPrjfolder\Network Data.IntPrjfolder\CENTRAL 138 kV.ElmNet\Palamara.ElmSite\ZPALAF.ElmSubstat\L1.ElmTerm,138/69 kV Palamara T2 (200 MVA),1,-4,200.0,138.0,69.0,15.675000190734863,14.22388744354248,1000.0,0.0,0.0,YNyn0,0.004999999888241291,0.1566702425479889,0,-10,10,0,1.25,0.0
138/13.8 kV Transformador EDM2,0,SANTO DOMINGO,CENTRAL,CENTRAL 138 kV,\VM-PF.IntUser\PDD 31-12-2024.IntPrj\Network Model.IntPrjfolder\Network Data.IntPrjfolder\CENTRAL 138 kV.ElmNet\EDM 2.ElmSite\138/13.8 kV Transformador EDM2.ElmTr2,Terminal Estrella del Mar 2,EDM 2,\VM-PF.IntUser\PDD 31-12-2024.IntPrj\Network Model.IntPrjfolder\Network Data.IntPrjfolder\CENTRAL 138 kV.ElmNet\EDM 2.ElmSite\Terminal Estrella del Mar 2.ElmTerm,13.8 kV Estrella del Mar 2,,\VM-PF.IntUser\PDD 31-12-2024.IntPrj\Network Model.IntPrjfolder\Network Data.IntPrjfolder\CENTRAL 138 kV.ElmNet\13.8 kV Estrella del Mar 2.ElmTerm,138/13.8 kV Trafo EDM2 150 MVA,1,0,150.0,138.0,13.800000190734863,14.229999542236328,12.807000160217285,750.0,0.0,0.0,YNd11,0.004999999888241291,0.1422121226787567,0,-8,8,0,1.25,0.0
138/13.8 kV Transformador Los Mina 7,0,SANTO DOMINGO,CENTRAL,CENTRAL 138 kV,\VM-PF.IntUser\PDD 31-12-2024.IntPrj\Network Model.IntPrjfolder\Network Data.IntPrjfolder\CENTRAL 138 kV.ElmNet\Los Mina 7.ElmSite\138/13.8 kV Transformador Los Mina 7.ElmTr2,1,ZLMI7E,\VM-PF.IntUser\PDD 31-12-2024.IntPrj\Network Model.IntPrjfolder\Network Data.IntPrjfolder\CENTRAL 138 kV.ElmNet\Los Mina 7.ElmSite\ZLMI7E.ElmSubstat\1.ElmTerm,Terminal Los Mina 7,Los Mina 7,\VM-PF.IntUser\PDD 31-12-2024.IntPrj\Network Model.IntPrjfolder\Network Data.IntPrjfolder\CENTRAL 138 kV.ElmNet\Los Mina 7.ElmSite\Terminal Los Mina 7.ElmTerm,138/13. Trafo Los Mina 7 150 MVA,1,2,150.0,138.0,13.800000190734863,16.950000762939453,15.25510025024414,451.8800048828125,58.13999938964844,0.041999999433755875,YNd1,0.00301253329962492,0.16947323083877563,0,-2,2,0,2.5,0.0
138/69 kV Transformador Metropolitano 2,0,DISTRITO NACIONAL,CENTRAL,CENTRAL 138 kV,\VM-PF.IntUser\PDD 31-12-2024.IntPrj\Network Model.IntPrjfolder\Network Data.IntPrjfolder\CENTRAL 138 kV.ElmNet\Metropolitano.ElmSite\138/69 kV Transformador Metropolitano 2.ElmTr2,3,ZMETRE,\VM-PF.IntUser\PDD 31-12-2024.IntPrj\Network Model.IntPrjfolder\Network Data.IntPrjfolder\CENTRAL 138 kV.ElmNet\Metropolitano.ElmSite\ZMETRE.ElmSubstat\3.ElmTerm,R3,WMETRF,\VM-PF.IntUser\PDD 31-12-2024.IntPrj\Network Model.IntPrjfolder\Network Data.IntPrjfolder\CENTRAL 138 kV.ElmNet\Metropolitano.ElmSite\WMETRF.ElmSubstat\R3.ElmTerm,138/69 kV Autotr Metropolitano 125 MVA,1,-3,125.0,138.0,69.0,12.399999618530273,11.15999984741211,625.0,0.0,0.0,YNyn0,0.004999999888241291,0.12389914691448212,0,-11,11,0,1.0,0.0
138/13.8 kV Trafo SIBA Grupo 1,0,SANTO DOMINGO,CENTRAL,CENTRAL 138 kV,\VM-PF.IntUser\PDD 31-12-2024.IntPrj\Network Model.IntPrjfolder\Network Data.IntPrjfolder\CENTRAL 138 kV.ElmNet\SIBA.ElmSite\138/13.8 kV Trafo SIBA Grupo 1.ElmTr2,L1,ZSIBAE,\VM-PF.IntUser\PDD 31-12-2024.IntPrj\Network Model.IntPrjfolder\Network Data.IntPrjfolder\CENTRAL 138 kV.ElmNet\SIBA.ElmSite\ZSIBAE.ElmSubstat\L1.ElmTerm,Terminal SIBA Grupo 1,SIBA,\VM-PF.IntUser\PDD 31-12-2024.IntPrj\Network Model.IntPrjfolder\Network Data.IntPrjfolder\CENTRAL 138 kV.ElmNet\SIBA.ElmSite\Terminal SIBA Grupo 1.ElmTerm,138/13.8 kV Trafo SIBA 42 MVA,1,-2,42.0,138.0,13.800000190734863,12.75,11.479999542236328,108.08000183105469,26.554000854492188,0.10000000149011612,YNd1,0.0025733334477990866,0.12747402489185333,0,-2,2,0,2.5,0.0
138/13.8 kV Trafo SIBA Grupo 2,0,SANTO DOMINGO,CENTRAL,CENTRAL 138 kV,\VM-PF.IntUser\PDD 31-12-2024.IntPrj\Network Model.IntPrjfolder\Network Data.IntPrjfolder\CENTRAL 138 kV.ElmNet\SIBA.ElmSite\138/13.8 kV Trafo SIBA Grupo 2.ElmTr2,L2,ZSIBAE,\VM-PF.IntUser\PDD 31-12-2024.IntPrj\Network Model.IntPrjfolder\Network Data.IntPrjfolder\CENTRAL 138 kV.ElmNet\SIBA.ElmSite\ZSIBAE.ElmSubstat\L2.ElmTerm,Terminal SIBA Grupo 2,SIBA,\VM-PF.IntUser\PDD 31-12-2024.IntPrj\Network Model.IntPrjfolder\Network Data.IntPrjfolder\CENTRAL 138 kV.ElmNet\SIBA.ElmSite\Terminal SIBA Grupo 2.ElmTerm,138/13.8 kV Trafo SIBA 42 MVA,1,-2,42.0,138.0,13.800000190734863,12.75,11.479999542236328,108.08000183105469,26.554000854492188,0.10000000149011612,YNd1,0.0025733334477990866,0.12747402489185333,0,-2,2,0,2.5,0.0
138/13.8 kV Trafo SIBA Grupo 3,0,SANTO DOMINGO,CENTRAL,CENTRAL 138 kV,\VM-PF.IntUser\PDD 31-12-2024.IntPrj\Network Model.IntPrjfolder\Network Data.IntPrjfolder\CENTRAL 138 kV.ElmNet\SIBA.ElmSite\138/13.8 kV Trafo SIBA Grupo 3.ElmTr2,L3,ZSIBAE,\VM-PF.IntUser\PDD 31-12-2024.IntPrj\Network Model.IntPrjfolder\Network Data.IntPrjfolder\CENTRAL 138 kV.ElmNet\SIBA.ElmSite\ZSIBAE.ElmSubstat\L3.ElmTerm,Terminal SIBA Grupo 3,SIBA,\VM-PF.IntUser\PDD 31-12-2024.IntPrj\Network Model.IntPrjfolder\Network Data.IntPrjfolder\CENTRAL 138 kV.ElmNet\SIBA.ElmSite\Terminal SIBA Grupo 3.ElmTerm,138/13.8 kV Trafo SIBA 42 MVA,1,-2,42.0,138.0,13.800000190734863,12.75,11.479999542236328,108.08000183105469,26.554000854492188,0.10000000149011612,YNd1,0.0025733334477990866,0.12747402489185333,0,-2,2,0,2.5,0.0
138/13.8 kV Trafo SIBA Grupo 4,0,SANTO DOMINGO,CENTRAL,CENTRAL 138 kV,\VM-PF.IntUser\PDD 31-12-2024.IntPrj\Network Model.IntPrjfolder\Network Data.IntPrjfolder\CENTRAL 138 kV.ElmNet\SIBA.ElmSite\138/13.8 kV Trafo SIBA Grupo 4.ElmTr2,L4,ZSIBAE,\VM-PF.IntUser\PDD 31-12-2024.IntPrj\Network Model.IntPrjfolder\Network Data.IntPrjfolder\CENTRAL 138 kV.ElmNet\SIBA.ElmSite\ZSIBAE.ElmSubstat\L4.ElmTerm,Terminal SIBA Grupo 4,SIBA,\VM-PF.IntUser\PDD 31-12-2024.IntPrj\Network Model.IntPrjfolder\Network Data.IntPrjfolder\CENTRAL 138 kV.ElmNet\SIBA.ElmSite\Terminal SIBA Grupo 4.ElmTerm,138/13.8 kV Trafo SIBA 42 MVA,1,-2,42.0,138.0,13.800000190734863,12.75,11.479999542236328,108.08000183105469,26.554000854492188,0.10000000149011612,YNd1,0.0025733334477990866,0.12747402489185333,0,-2,2,0,2.5,0.0
138/13.8 kV Trafo SIBA Grupo 5,0,SANTO DOMINGO,CENTRAL,CENTRAL 138 kV,\VM-PF.IntUser\PDD 31-12-2024.IntPrj\Network Model.IntPrjfolder\Network Data.IntPrjfolder\CENTRAL 138 kV.ElmNet\SIBA.ElmSite\138/13.8 kV Trafo SIBA Grupo 5.ElmTr2,R1,ZSIBAE,\VM-PF.IntUser\PDD 31-12-2024.IntPrj\Network Model.IntPrjfolder\Network Data.IntPrjfolder\CENTRAL 138 kV.ElmNet\SIBA.ElmSite\ZSIBAE.ElmSubstat\R1.ElmTerm,Terminal SIBA Grupo 5,SIBA,\VM-PF.IntUser\PDD 31-12-2024.IntPrj\Network Model.IntPrjfolder\Network Data.IntPrjfolder\CENTRAL 138 kV.ElmNet\SIBA.ElmSite\Terminal SIBA Grupo 5.ElmTerm,145/13.8 kV Trafo SIBA 48 MVA,1,-2,48.0,145.0,13.800000190734863,11.600000381469727,10.4399995803833,157.98300170898438,36.76499938964844,0.17000000178813934,YNd1,0.0032913126051425934,0.11595329642295837,0,-2,2,0,2.5,0.0
138/13.8 kV Trafo SIBA Grupo 6,0,SANTO DOMINGO,CENTRAL,CENTRAL 138 kV,\VM-PF.IntUser\PDD 31-12-2024.IntPrj\Network Model.IntPrjfolder\Network Data.IntPrjfolder\CENTRAL 138 kV.ElmNet\SIBA.ElmSite\138/13.8 kV Trafo SIBA Grupo 6.ElmTr2,L5,ZSIBAE,\VM-PF.IntUser\PDD 31-12-2024.IntPrj\Network Model.IntPrjfolder\Network Data.IntPrjfolder\CENTRAL 138 kV.ElmNet\SIBA.ElmSite\ZSIBAE.ElmSubstat\L5.ElmTerm,Terminal SIBA Grupo 6,SIBA,\VM-PF.IntUser\PDD 31-12-2024.IntPrj\Network Model.IntPrjfolder\Network Data.IntPrjfolder\CENTRAL 138 kV.ElmNet\SIBA.ElmSite\Terminal SIBA Grupo 6.ElmTerm,138/13.8 kV Trafo SIBA 65 MVA,1,-2,65.0,138.0,13.800000190734863,16.670000076293945,15.0,280.0,0.0,0.0,YNd1,0.004307692404836416,0.16664433479309082,0,-2,2,0,2.5,0.0
138/4.16 kV SA Parque Energ. Los Mina,0,SANTO DOMINGO,CENTRAL,CENTRAL 138 kV,\VM-PF.IntUser\PDD 31-12-2024.IntPrj\Network Model.IntPrjfolder\Network Data.IntPrjfolder\CENTRAL 138 kV.ElmNet\138/4.16 kV SA Parque Energ. Los Mina.ElmTr2,4,ZLMI6E,\VM-PF.IntUser\PDD 31-12-2024.IntPrj\Network Model.IntPrjfolder\Network Data.IntPrjfolder\CENTRAL 138 kV.ElmNet\Los Mina 6.ElmSite\ZLMI6E.ElmSubstat\4.ElmTerm,Terminal SA PE Los Mina,,\VM-PF.IntUser\PDD 31-12-2024.IntPrj\Network Model.IntPrjfolder\Network Data.IntPrjfolder\CENTRAL 138 kV.ElmNet\Terminal SA PE Los Mina.ElmTerm,138/4.16 SA PE Los Mina T1(20MVA),1,0,20.0,138.0,4.159999847412109,8.299957275390625,8.299957275390625,83.69999694824219,0.0,0.0,Dyn1,0.004184999968856573,0.08289399743080139,0,-15,15,0,2.5,0.0
138/34.5 kV Transformador La Victoria,0,SANTO DOMINGO,CENTRAL,CENTRAL 138 kV,\VM-PF.IntUser\PDD 31-12-2024.IntPrj\Network Model.IntPrjfolder\Network Data.IntPrjfolder\CENTRAL 138 kV.ElmNet\La Victoria.ElmSite\138/34.5 kV Transformador La Victoria.ElmTr2,1,ZLVICE,\VM-PF.IntUser\PDD 31-12-2024.IntPrj\Network Model.IntPrjfolder\Network Data.IntPrjfolder\CENTRAL 138 kV.ElmNet\La Victoria.ElmSite\ZLVICE.ElmSubstat\1.ElmTerm,Terminal La Victoria,La Victoria,\VM-PF.IntUser\PDD 31-12-2024.IntPrj\Network Model.IntPrjfolder\Network Data.IntPrjfolder\CENTRAL 138 kV.ElmNet\La Victoria.ElmSite\Terminal La Victoria.ElmTerm,138/34.5 kV La Victoria (80 MVA),1,0,80.0,138.0,34.5,12.799993515014648,11.198100090026855,412.56805419921875,0.0,0.0,YNd11,0.00515710050240159,0.1278960108757019,0,-10,10,0,1.0,0.0
138/34.5 kV Transformador Mirasol,0,SANTO DOMINGO,CENTRAL,CENTRAL 138 kV,\VM-PF.IntUser\PDD 31-12-2024.IntPrj\Network Model.IntPrjfolder\Network Data.IntPrjfolder\CENTRAL 138 kV.ElmNet\138/34.5 kV Transformador Mirasol.ElmTr2,1,ZMIRAS,\VM-PF.IntUser\PDD 31-12-2024.IntPrj\Network Model.IntPrjfolder\Network Data.IntPrjfolder\CENTRAL 138 kV.ElmNet\ZMIRAS.ElmSubstat\1.ElmTerm,Terminal Mirasol,,\VM-PF.IntUser\PDD 31-12-2024.IntPrj\Network Model.IntPrjfolder\Network Data.IntPrjfolder\CENTRAL 138 kV.ElmNet\Terminal Mirasol.ElmTerm,138/34.5 kV Trafo Mirasol 120 MVA,1,0,120.0,138.0,34.5,11.987384796142578,10.800000190734863,264.0,0.0,0.0,YNd11,0.002199999988079071,0.1198536604642868,0,-10,10,0,1.0,0.0
138/34.5 kV Transformador WCSP 2,0,SANTO DOMINGO,CENTRAL,CENTRAL 138 kV,\VM-PF.IntUser\PDD 31-12-2024.IntPrj\Network Model.IntPrjfolder\Network Data.IntPrjfolder\CENTRAL 138 kV.ElmNet\138/34.5 kV Transformador WCSP 2.ElmTr2,L1,ZWCAPI,\VM-PF.IntUser\PDD 31-12-2024.IntPrj\Network Model.IntPrjfolder\Network Data.IntPrjfolder\CENTRAL 138 kV.ElmNet\ZWCAPI.ElmSubstat\L1.ElmTerm,Terminal Washington Capital Solar Park 2,,\VM-PF.IntUser\PDD 31-12-2024.IntPrj\Network Model.IntPrjfolder\Network Data.IntPrjfolder\CENTRAL 138 kV.ElmNet\Terminal Washington Capital Solar Park 2.ElmTerm,138/34.5 kV WCSP 2 T1(80 MVA),1,0,80.0,138.0,34.5,12.799993515014648,11.198100090026855,412.56805419921875,0.0,0.0,YNd11,0.00515710050240159,0.1278960108757019,0,-10,10,0,1.0,0.0
138/34.5 kV Transformador WCSP 3,0,SANTO DOMINGO,CENTRAL,CENTRAL 138 kV,\VM-PF.IntUser\PDD 31-12-2024.IntPrj\Network Model.IntPrjfolder\Network Data.IntPrjfolder\CENTRAL 138 kV.ElmNet\138/34.5 kV Transformador WCSP 3.ElmTr2,R1,ZWCAPI,\VM-PF.IntUser\PDD 31-12-2024.IntPrj\Network Model.IntPrjfolder\Network Data.IntPrjfolder\CENTRAL 138 kV.ElmNet\ZWCAPI.ElmSubstat\R1.ElmTerm,Terminal Washington Capital Solar Park 3,,\VM-PF.IntUser\PDD 31-12-2024.IntPrj\Network Model.IntPrjfolder\Network Data.IntPrjfolder\CENTRAL 138 kV.ElmNet\Terminal Washington Capital Solar Park 3.ElmTerm,138/34.5 kV WCSP 2 T1(80 MVA),1,0,80.0,138.0,34.5,12.799993515014648,11.198100090026855,412.56805419921875,0.0,0.0,YNd11,0.00515710050240159,0.1278960108757019,0,-10,10,0,1.0,0.0
69/13.8 kV Transformador Pinalito 2,0,CIBAO SUR,NORTE,NORTE 69 kV,\VM-PF.IntUser\PDD 31-12-2024.IntPrj\Network Model.IntPrjfolder\Network Data.IntPrjfolder\NORTE 69 kV.ElmNet\Pinalito.ElmSite\69/13.8 kV Transformador Pinalito 2.ElmTr2,WPINAF(2),ZPINAF,\VM-PF.IntUser\PDD 31-12-2024.IntPrj\Network Model.IntPrjfolder\Network Data.IntPrjfolder\NORTE 69 kV.ElmNet\Pinalito.ElmSite\ZPINAF.ElmSubstat\WPINAF(2).ElmTerm,Terminal Pinalito 2,Pinalito,\VM-PF.IntUser\PDD 31-12-2024.IntPrj\Network Model.IntPrjfolder\Network Data.IntPrjfolder\NORTE 69 kV.ElmNet\Pinalito.ElmSite\Terminal Pinalito 2.ElmTerm,69/13.8 kV Trafo Pinalito 30.12 MVA,1,0,30.1200008392334,69.0,13.800000190734863,10.0,9.0,159.5279998779297,0.0,0.0,YNd1,0.005296414252370596,0.09985964000225067,0,-2,2,0,2.5,0.0
69/13.8 kV Transformador Pinalito 1,0,CIBAO SUR,NORTE,NORTE 69 kV,\VM-PF.IntUser\PDD 31-12-2024.IntPrj\Network Model.IntPrjfolder\Network Data.IntPrjfolder\NORTE 69 kV.ElmNet\Pinalito.ElmSite\69/13.8 kV Transformador Pinalito 1.ElmTr2,WPINAF(3),ZPINAF,\VM-PF.IntUser\PDD 31-12-2024.IntPrj\Network Model.IntPrjfolder\Network Data.IntPrjfolder\NORTE 69 kV.ElmNet\Pinalito.ElmSite\ZPINAF.ElmSubstat\WPINAF(3).ElmTerm,Terminal Pinalito 1,Pinalito,\VM-PF.IntUser\PDD 31-12-2024.IntPrj\Network Model.IntPrjfolder\Network Data.IntPrjfolder\NORTE 69 kV.ElmNet\Pinalito.ElmSite\Terminal Pinalito 1.ElmTerm,69/13.8 kV Trafo Pinalito 30.12 MVA,1,0,30.1200008392334,69.0,13.800000190734863,10.0,9.0,159.5279998779297,0.0,0.0,YNd1,0.005296414252370596,0.09985964000225067,0,-2,2,0,2.5,0.0
69/13.8 kV Transformador Río Blanco 2,0,CIBAO SUR,NORTE,NORTE 69 kV,\VM-PF.IntUser\PDD 31-12-2024.IntPrj\Network Model.IntPrjfolder\Network Data.IntPrjfolder\NORTE 69 kV.ElmNet\Río Blanco.ElmSite\69/13.8 kV Transformador Río Blanco 2.ElmTr2,WRBLAF(3),ZRBLAF,\VM-PF.IntUser\PDD 31-12-2024.IntPrj\Network Model.IntPrjfolder\Network Data.IntPrjfolder\NORTE 69 kV.ElmNet\Río Blanco.ElmSite\ZRBLAF.ElmSubstat\WRBLAF(3).ElmTerm,Terminal Río Blanco Secc. C,Río Blanco,\VM-PF.IntUser\PDD 31-12-2024.IntPrj\Network Model.IntPrjfolder\Network Data.IntPrjfolder\NORTE 69 kV.ElmNet\Río Blanco.ElmSite\Terminal Río Blanco Secc. C.ElmTerm,69/13.8 kV Trafo Río Blanco 15 MVA,1,1,15.0,69.0,13.800000190734863,10.0,9.0,159.5279998779297,0.0,0.0,YNd1,0.010635199956595898,0.09943285584449768,0,-4,5,0,2.0,0.0
69/13.8 kV Transformador Río Blanco 1,0,CIBAO SUR,NORTE,NORTE 69 kV,\VM-PF.IntUser\PDD 31-12-2024.IntPrj\Network Model.IntPrjfolder\Network Data.IntPrjfolder\NORTE 69 kV.ElmNet\Río Blanco.ElmSite\69/13.8 kV Transformador Río Blanco 1.ElmTr2,WRBLAF(2),ZRBLAF,\VM-PF.IntUser\PDD 31-12-2024.IntPrj\Network Model.IntPrjfolder\Network Data.IntPrjfolder\NORTE 69 kV.ElmNet\Río Blanco.ElmSite\ZRBLAF.ElmSubstat\WRBLAF(2).ElmTerm,Terminal Río Blanco Secc. A,Río Blanco,\VM-PF.IntUser\PDD 31-12-2024.IntPrj\Network Model.IntPrjfolder\Network Data.IntPrjfolder\NORTE 69 kV.ElmNet\Río Blanco.ElmSite\Terminal Río Blanco Secc. A.ElmTerm,69/13.8 kV Trafo Río Blanco 15 MVA,1,1,15.0,69.0,13.800000190734863,10.0,9.0,159.5279998779297,0.0,0.0,YNd1,0.010635199956595898,0.09943285584449768,0,-4,5,0,2.0,0.0
69/12.5 kV Transformador Rincón,0,CIBAO SUR,NORTE,NORTE 69 kV,\VM-PF.IntUser\PDD 31-12-2024.IntPrj\Network Model.IntPrjfolder\Network Data.IntPrjfolder\NORTE 69 kV.ElmNet\Rincón.ElmSite\69/12.5 kV Transformador Rincón.ElmTr2,WRINCF(1),ZRINCF,\VM-PF.IntUser\PDD 31-12-2024.IntPrj\Network Model.IntPrjfolder\Network Data.IntPrjfolder\NORTE 69 kV.ElmNet\Rincón.ElmSite\ZRINCF.ElmSubstat\WRINCF(1).ElmTerm,Terminal Rincón,Rincón,\VM-PF.IntUser\PDD 31-12-2024.IntPrj\Network Model.IntPrjfolder\Network Data.IntPrjfolder\NORTE 69 kV.ElmNet\Rincón.ElmSite\Terminal Rincón.ElmTerm,69/12.5 kV Trafo Rincón 10.1 MVA,1,0,10.100000381469727,69.0,12.5,8.037819862365723,7.199999809265137,119.06999969482422,0.0,0.0,YNd1,0.011789108626544476,0.079508937895298,0,-2,2,0,2.5,0.0
69/4.16 kV Transformador Rosa Julia Cruz,0,CIBAO NORESTE,NORTE,NORTE 69 kV,\VM-PF.IntUser\PDD 31-12-2024.IntPrj\Network Model.IntPrjfolder\Network Data.IntPrjfolder\NORTE 69 kV.ElmNet\Nagua/Rosa Julia de la Cruz.ElmSite\69/4.16 kV Transformador Rosa Julia Cruz.ElmTr2,WNAGUF(6),ZNAGUF,\VM-PF.IntUser\PDD 31-12-2024.IntPrj\Network Model.IntPrjfolder\Network Data.IntPrjfolder\NORTE 69 kV.ElmNet\Nagua/Rosa Julia de la Cruz.ElmSite\ZNAGUF.ElmSubstat\WNAGUF(6).ElmTerm,Terminal Rosa Julia De La Cruz,Nagua/Rosa Julia de la Cruz,\VM-PF.IntUser\PDD 31-12-2024.IntPrj\Network Model.IntPrjfolder\Network Data.IntPrjfolder\NORTE 69 kV.ElmNet\Nagua/Rosa Julia de la Cruz.ElmSite\Terminal Rosa Julia De La Cruz.ElmTerm,69/4.16 kV Trafo Boba 1.25 MVA,1,0,1.25,69.0,4.159999847412109,4.699999809265137,4.230000019073486,5.0,0.0,0.0,YNd1,0.004000000189989805,0.046829476952552795,0,-2,2,0,2.5,0.0
69/12.5 kV Transformador El Salto,0,CIBAO SUR,NORTE,NORTE 69 kV,\VM-PF.IntUser\PDD 31-12-2024.IntPrj\Network Model.IntPrjfolder\Network Data.IntPrjfolder\NORTE 69 kV.ElmNet\Constanza/El Salto.ElmSite\69/12.5 kV Transformador El Salto.ElmTr2,WCONSF(2),ZCONSF,\VM-PF.IntUser\PDD 31-12-2024.IntPrj\Network Model.IntPrjfolder\Network Data.IntPrjfolder\NORTE 69 kV.ElmNet\Constanza/El Salto.ElmSite\ZCONSF.ElmSubstat\WCONSF(2).ElmTerm,Terminal El Salto,Constanza/El Salto,\VM-PF.IntUser\PDD 31-12-2024.IntPrj\Network Model.IntPrjfolder\Network Data.IntPrjfolder\NORTE 69 kV.ElmNet\Constanza/El Salto.ElmSite\Terminal El Salto.ElmTerm,69/12.5 Trafo El Salto 14 MVA,1,0,14.0,69.0,12.5,10.0,9.0,70.0,0.0,0.0,YNd1,0.004999999888241291,0.09987492114305496,0,-2,2,0,2.5,0.0
69/13.8 kV Transformador La Vega Grupo 1,0,CIBAO SUR,NORTE,NORTE 69 kV,\VM-PF.IntUser\PDD 31-12-2024.IntPrj\Network Model.IntPrjfolder\Network Data.IntPrjfolder\NORTE 69 kV.ElmNet\Diésel La Vega.ElmSite\69/13.8 kV Transformador La Vega Grupo 1.ElmTr2,R2,ZGVEGF,\VM-PF.IntUser\PDD 31-12-2024.IntPrj\Network Model.IntPrjfolder\Network Data.IntPrjfolder\NORTE 69 kV.ElmNet\Diésel La Vega.ElmSite\ZGVEGF.ElmSubstat\R2.ElmTerm,R1,ZLVEGK,\VM-PF.IntUser\PDD 31-12-2024.IntPrj\Network Model.IntPrjfolder\Network Data.IntPrjfolder\NORTE 69 kV.ElmNet\Diésel La Vega.ElmSite\ZLVEGK.ElmSubstat\R1.ElmTerm,69/13.8 kV Trafo La Vega G1 69 MVA,1,4,69.0,69.0,13.800000190734863,13.166000366210938,11.850000381469727,480.0,0.0,0.0,YNd11,0.006956521887332201,0.13147608935832977,0,-8,8,0,1.25,0.0
69/13.8 kV Transformador La Vega Grupo 2,0,CIBAO SUR,NORTE,NORTE 69 kV,\VM-PF.IntUser\PDD 31-12-2024.IntPrj\Network Model.IntPrjfolder\Network Data.IntPrjfolder\NORTE 69 kV.ElmNet\Diésel La Vega.ElmSite\69/13.8 kV Transformador La Vega Grupo 2.ElmTr2,L2,ZGVEGF,\VM-PF.IntUser\PDD 31-12-2024.IntPrj\Network Model.IntPrjfolder\Network Data.IntPrjfolder\NORTE 69 kV.ElmNet\Diésel La Vega.ElmSite\ZGVEGF.ElmSubstat\L2.ElmTerm,L1,ZLVEGK,\VM-PF.IntUser\PDD 31-12-2024.IntPrj\Network Model.IntPrjfolder\Network Data.IntPrjfolder\NORTE 69 kV.ElmNet\Diésel La Vega.ElmSite\ZLVEGK.ElmSubstat\L1.ElmTerm,69/13.8 kV Trafo La Vega G2 69 MVA,1,4,69.0,69.0,13.800000190734863,13.050000190734863,11.75,480.0,0.0,0.0,YNd11,0.006956521887332201,0.13031445443630219,0,-8,8,0,1.25,0.0
69/12.5 kV Transformador Aniana Vargas,0,CIBAO SUR,NORTE,NORTE 69 kV,\VM-PF.IntUser\PDD 31-12-2024.IntPrj\Network Model.IntPrjfolder\Network Data.IntPrjfolder\NORTE 69 kV.ElmNet\Bonao PER/Anaiana Vargas.ElmSite\69/12.5 kV Transformador Aniana Vargas.ElmTr2,WBPERF(5),ZBPERF,\VM-PF.IntUser\PDD 31-12-2024.IntPrj\Network Model.IntPrjfolder\Network Data.IntPrjfolder\NORTE 69 kV.ElmNet\Bonao PER/Anaiana Vargas.ElmSite\ZBPERF.ElmSubstat\WBPERF(5).ElmTerm,Terminal Aniana Vargas,Bonao PER/Anaiana Vargas,\VM-PF.IntUser\PDD 31-12-2024.IntPrj\Network Model.IntPrjfolder\Network Data.IntPrjfolder\NORTE 69 kV.ElmNet\Bonao PER/Anaiana Vargas.ElmSite\Terminal Aniana Vargas.ElmTerm,69/12.5 kV Trafo Aniana Vargas 0.8 MVA,1,0,0.800000011920929,69.0,12.5,10.0,9.0,4.0,0.0,0.0,YNd1,0.004999999888241291,0.09987492114305496,0,-2,2,0,2.5,0.0
69/12.5 kV Transformador Jimenoa,0,CIBAO SUR,NORTE,NORTE 69 kV,\VM-PF.IntUser\PDD 31-12-2024.IntPrj\Network Model.IntPrjfolder\Network Data.IntPrjfolder\NORTE 69 kV.ElmNet\Jimenoa.ElmSite\69/12.5 kV Transformador Jimenoa.ElmTr2,69 kV Jimenoa,Jimenoa,\VM-PF.IntUser\PDD 31-12-2024.IntPrj\Network Model.IntPrjfolder\Network Data.IntPrjfolder\NORTE 69 kV.ElmNet\Jimenoa.ElmSite\69 kV Jimenoa.ElmTerm,Terminal Jimenoa,Jimenoa,\VM-PF.IntUser\PDD 31-12-2024.IntPrj\Network Model.IntPrjfolder\Network Data.IntPrjfolder\NORTE 69 kV.ElmNet\Jimenoa.ElmSite\Terminal Jimenoa.ElmTerm,69/12.5 kV Trafo Jimenoa 14 MVA,1,0,14.0,69.0,12.5,7.120069980621338,6.400000095367432,70.03079986572266,0.0,0.0,YNd1,0.00500220013782382,0.07102476805448532,0,-2,2,0,2.5,0.0
69/12.5 kV Transformador Hatillo 1,0,CIBAO SUR,NORTE,NORTE 69 kV,\VM-PF.IntUser\PDD 31-12-2024.IntPrj\Network Model.IntPrjfolder\Network Data.IntPrjfolder\NORTE 69 kV.ElmNet\Hatillo.ElmSite\69/12.5 kV Transformador Hatillo 1.ElmTr2,3,ZHATIF,\VM-PF.IntUser\PDD 31-12-2024.IntPrj\Network Model.IntPrjfolder\Network Data.IntPrjfolder\NORTE 69 kV.ElmNet\Hatillo.ElmSite\ZHATIF.ElmSubstat\3.ElmTerm,Terminal Hatillo 1,Hatillo,\VM-PF.IntUser\PDD 31-12-2024.IntPrj\Network Model.IntPrjfolder\Network Data.IntPrjfolder\NORTE 69 kV.ElmNet\Hatillo.ElmSite\Terminal Hatillo 1.ElmTerm,69/12.5 kV Trafo Hatillo 1 10.7 MVA,1,2,10.699999809265137,69.0,12.5,8.262280464172363,7.429999828338623,44.89099884033203,0.0,0.0,YNd1,0.004195420537143946,0.08251621574163437,0,-4,4,0,1.5,0.0
69/12.5 kV Transformador Hatillo 2,0,CIBAO SUR,NORTE,NORTE 69 kV,\VM-PF.IntUser\PDD 31-12-2024.IntPrj\Network Model.IntPrjfolder\Network Data.IntPrjfolder\NORTE 69 kV.ElmNet\Hatillo.ElmSite\69/12.5 kV Transformador Hatillo 2.ElmTr2,2,ZHATIF,\VM-PF.IntUser\PDD 31-12-2024.IntPrj\Network Model.IntPrjfolder\Network Data.IntPrjfolder\NORTE 69 kV.ElmNet\Hatillo.ElmSite\ZHATIF.ElmSubstat\2.ElmTerm,3,ZHAT2K,\VM-PF.IntUser\PDD 31-12-2024.IntPrj\Network Model.IntPrjfolder\Network Data.IntPrjfolder\NORTE 69 kV.ElmNet\Hatillo.ElmSite\ZHAT2K.ElmSubstat\3.ElmTerm,69/12.5 kV Trafo Hatillo 2 14 MVA,1,0,24.0,69.0,13.800000190734863,10.0,9.199999809265137,82.0,13.5,0.4000000059604645,YNd11,0.0034166667610406876,0.09994161874055862,0,-16,16,0,0.625,0.0
69/13.8 kV Transformador Brazo Derecho,0,CIBAO NOROESTE,NORTE,NORTE 69 kV,\VM-PF.IntUser\PDD 31-12-2024.IntPrj\Network Model.IntPrjfolder\Network Data.IntPrjfolder\NORTE 69 kV.ElmNet\Brazo Derecho.ElmSite\69/13.8 kV Transformador Brazo Derecho.ElmTr2,69 kV Brazo Derecho,Brazo Derecho,\VM-PF.IntUser\PDD 31-12-2024.IntPrj\Network Model.IntPrjfolder\Network Data.IntPrjfolder\NORTE 69 kV.ElmNet\Brazo Derecho.ElmSite\69 kV Brazo Derecho.ElmTerm,Terminal Brazo Derecho,Brazo Derecho,\VM-PF.IntUser\PDD 31-12-2024.IntPrj\Network Model.IntPrjfolder\Network Data.IntPrjfolder\NORTE 69 kV.ElmNet\Brazo Derecho.ElmSite\Terminal Brazo Derecho.ElmTerm,69/13.8 kV Trafo Brazo Derecho 4 MVA,1,0,4.0,69.0,13.800000190734863,8.0,7.199999809265137,32.0,6.5,0.699999988079071,YNd1,0.00800000037997961,0.07959899306297302,0,-2,2,0,2.5,0.0
138/69 kV Trafo Playa Dorada,0,CIBAO NORTE,NORTE,NORTE 69 kV,\VM-PF.IntUser\PDD 31-12-2024.IntPrj\Network Model.IntPrjfolder\Network Data.IntPrjfolder\NORTE 69 kV.ElmNet\138/69 kV Trafo Playa Dorada.ElmTr2,1,ZPDORE,\VM-PF.IntUser\PDD 31-12-2024.IntPrj\Network Model.IntPrjfolder\Network Data.IntPrjfolder\NORTE 69 kV.ElmNet\ZPDORE.ElmSubstat\1.ElmTerm,5,ZPDORF,\VM-PF.IntUser\PDD 31-12-2024.IntPrj\Network Model.IntPrjfolder\Network Data.IntPrjfolder\NORTE 69 kV.ElmNet\ZPDORF.ElmSubstat\5.ElmTerm,138/69 kV Pizarrete T1 (150 MVA),1,0,150.0,138.0,69.0,12.390000343322754,11.214683532714844,750.0,0.0,0.0,YNyn0,0.004999999888241291,0.12379907071590424,0,-11,11,0,1.0,0.0
