loc_name,for_name,outserv,zona,area,red,ruta,typ_id,barra_con,barra_con_for,barra_con_kV,barra_con_id,P_MW,Q_Mvar,S_MVA,cos_phi,escala,modo_entrada
Demanda Río Chavón,ZRCHAF-D1,0,ESTE PROFUNDO,ESTE,ESTE 69 kV,\VM-PF.IntUser\PDD 30-09-2025.IntPrj\Network Model.IntPrjfolder\Network Data.IntPrjfolder\ESTE 69 kV.ElmNet\Demanda Río Chavón.ElmLod,,69 kV Río Chavón,WRCHAF,69.0,\VM-PF.IntUser\PDD 30-09-2025.IntPrj\Network Model.IntPrjfolder\Network Data.IntPrjfolder\ESTE 69 kV.ElmNet\69 kV Río Chavón.ElmTerm,1.2000000476837158,0.4000000059604645,1.2649110555648804,0.9486833214759827,1.0,DEF
Demanda Buena Vista,ZBVISF-D1,0,ESTE PROFUNDO,ESTE,ESTE 69 kV,\VM-PF.IntUser\PDD 30-09-2025.IntPrj\Network Model.IntPrjfolder\Network Data.IntPrjfolder\ESTE 69 kV.ElmNet\Demanda Buena Vista.ElmLod,,3,,69.0,\VM-PF.IntUser\PDD 30-09-2025.IntPrj\Network Model.IntPrjfolder\Network Data.IntPrjfolder\ESTE 69 kV.ElmNet\ZBVISF.ElmSubstat\3.ElmTerm,14.789999961853027,4.269999980926514,15.394057273864746,0.9607603549957275,1.0,PQ
Demanda Benedicto,ZBENEF-D1,0,ESTE PROFUNDO,ESTE,ESTE 69 kV,\VM-PF.IntUser\PDD 30-09-2025.IntPrj\Network Model.IntPrjfolder\Network Data.IntPrjfolder\ESTE 69 kV.ElmNet\Demanda Benedicto.ElmLod,,69 kV Benedicto,WBENEF,69.0,\VM-PF.IntUser\PDD 30-09-2025.IntPrj\Network Model.IntPrjfolder\Network Data.IntPrjfolder\ESTE 69 kV.ElmNet\69 kV Benedicto.ElmTerm,1.1399999856948853,0.3799999952316284,1.2016655206680298,0.9486832618713379,1.0,PQ
Demanda Higüey 69 kV,ZHIGUF-D1,0,ESTE PROFUNDO,ESTE,ESTE 69 kV,\VM-PF.IntUser\PDD 30-09-2025.IntPrj\Network Model.IntPrjfolder\Network Data.IntPrjfolder\ESTE 69 kV.ElmNet\Demanda Higüey 69 kV.ElmLod,,WHIGUF(6),,69.0,\VM-PF.IntUser\PDD 30-09-2025.IntPrj\Network Model.IntPrjfolder\Network Data.IntPrjfolder\ESTE 69 kV.ElmNet\ZHIGUF.ElmSubstat\WHIGUF(6).ElmTerm,25.3700008392334,8.34000015258789,26.705665588378906,0.9499857425689697,1.0,PQ
Demanda 1 La Romana Pueblo,ZLRMAF-D1,0,ESTE PROFUNDO,ESTE,ESTE 69 kV,\VM-PF.IntUser\PDD 30-09-2025.IntPrj\Network Model.IntPrjfolder\Network Data.IntPrjfolder\ESTE 69 kV.ElmNet\Demanda 1 La Romana Pueblo.ElmLod,,WLRPUF(1),,69.0,\VM-PF.IntUser\PDD 30-09-2025.IntPrj\Network Model.IntPrjfolder\Network Data.IntPrjfolder\ESTE 69 kV.ElmNet\ZLRPUF.ElmSubstat\WLRPUF(1).ElmTerm,6.650000095367432,2.180000066757202,6.998207092285156,0.9502434134483337,1.0,PQ
Demanda Batey Lechuga,ZBLECF-D1,0,ESTE PROFUNDO,ESTE,ESTE 69 kV,\VM-PF.IntUser\PDD 30-09-2025.IntPrj\Network Model.IntPrjfolder\Network Data.IntPrjfolder\ESTE 69 kV.ElmNet\Demanda Batey Lechuga.ElmLod,,69 kV Batey Lechuga,WBLECF,69.0,\VM-PF.IntUser\PDD 30-09-2025.IntPrj\Network Model.IntPrjfolder\Network Data.IntPrjfolder\ESTE 69 kV.ElmNet\69 kV Batey Lechuga.ElmTerm,0.12999999523162842,0.05000000074505806,0.13928388059139252,0.9333456158638,1.0,PQ
Demanda Guaymate,ZGUAYF-D1,0,ESTE PROFUNDO,ESTE,ESTE 69 kV,\VM-PF.IntUser\PDD 30-09-2025.IntPrj\Network Model.IntPrjfolder\Network Data.IntPrjfolder\ESTE 69 kV.ElmNet\Demanda Guaymate.ElmLod,,69 kV Guaymate,WGUAYF,69.0,\VM-PF.IntUser\PDD 30-09-2025.IntPrj\Network Model.IntPrjfolder\Network Data.IntPrjfolder\ESTE 69 kV.ElmNet\69 kV Guaymate.ElmTerm,1.0,0.4300000071525574,1.0885311365127563,0.9186691641807556,1.0,PQ
Demanda Rancho Peligro,ZRPELF-D1,0,ESTE PROFUNDO,ESTE,ESTE 69 kV,\VM-PF.IntUser\PDD 30-09-2025.IntPrj\Network Model.IntPrjfolder\Network Data.IntPrjfolder\ESTE 69 kV.ElmNet\Demanda Rancho Peligro.ElmLod,,69 kV Rancho Peligro,WRPELF,69.0,\VM-PF.IntUser\PDD 30-09-2025.IntPrj\Network Model.IntPrjfolder\Network Data.IntPrjfolder\ESTE 69 kV.ElmNet\69 kV Rancho Peligro.ElmTerm,0.019999999552965164,0.009999999776482582,0.022360678762197495,0.8944272398948669,1.0,PQ
Demanda Consuelo,ZCSULF-D1,0,ESTE CERCANO,ESTE,ESTE 69 kV,\VM-PF.IntUser\PDD 30-09-2025.IntPrj\Network Model.IntPrjfolder\Network Data.IntPrjfolder\ESTE 69 kV.ElmNet\Demanda Consuelo.ElmLod,,69 kV Consuelo,WCSULF,69.0,\VM-PF.IntUser\PDD 30-09-2025.IntPrj\Network Model.IntPrjfolder\Network Data.IntPrjfolder\ESTE 69 kV.ElmNet\69 kV Consuelo.ElmTerm,10.710000038146973,4.150000095367432,11.485930442810059,0.9324451684951782,1.0,PQ
Demanda Sabana de la Mar,ZSMARF-D1,0,ESTE CERCANO,ESTE,ESTE 69 kV,\VM-PF.IntUser\PDD 30-09-2025.IntPrj\Network Model.IntPrjfolder\Network Data.IntPrjfolder\ESTE 69 kV.ElmNet\Demanda Sabana de la Mar.ElmLod,,69 kV Sabana de la Mar,WSMARF,69.0,\VM-PF.IntUser\PDD 30-09-2025.IntPrj\Network Model.IntPrjfolder\Network Data.IntPrjfolder\ESTE 69 kV.ElmNet\69 kV Sabana de la Mar.ElmTerm,4.800000190734863,2.319999933242798,5.331266403198242,0.900348961353302,1.0,DEF
Demanda Hato Mayor,ZHMAYF-D1,0,ESTE CERCANO,ESTE,ESTE 69 kV,\VM-PF.IntUser\PDD 30-09-2025.IntPrj\Network Model.IntPrjfolder\Network Data.IntPrjfolder\ESTE 69 kV.ElmNet\Demanda Hato Mayor.ElmLod,,69 kV Hato Mayor,WHMAYF,69.0,\VM-PF.IntUser\PDD 30-09-2025.IntPrj\Network Model.IntPrjfolder\Network Data.IntPrjfolder\ESTE 69 kV.ElmNet\69 kV Hato Mayor.ElmTerm,15.010000228881836,6.389999866485596,16.31355857849121,0.9200935363769531,1.0,PQ
Demanda Destilería Brugal,ZXDBRF-D1,0,ESTE CERCANO,ESTE,ESTE 69 kV,\VM-PF.IntUser\PDD 30-09-2025.IntPrj\Network Model.IntPrjfolder\Network Data.IntPrjfolder\ESTE 69 kV.ElmNet\Demanda Destilería Brugal.ElmLod,,69 kV Destilería Brugal,WDBRUF,69.0,\VM-PF.IntUser\PDD 30-09-2025.IntPrj\Network Model.IntPrjfolder\Network Data.IntPrjfolder\ESTE 69 kV.ElmNet\69 kV Destilería Brugal.ElmTerm,1.0099999904632568,0.46000000834465027,1.109819769859314,0.9100576639175415,1.0,PQ
Demanda ZF San Pedro AES,ZZSPAF-D1,0,ESTE CERCANO,ESTE,ESTE 69 kV,\VM-PF.IntUser\PDD 30-09-2025.IntPrj\Network Model.IntPrjfolder\Network Data.IntPrjfolder\ESTE 69 kV.ElmNet\Demanda ZF San Pedro AES.ElmLod,,69 kV ZF San Pedro AES,WZSPAF,69.0,\VM-PF.IntUser\PDD 30-09-2025.IntPrj\Network Model.IntPrjfolder\Network Data.IntPrjfolder\ESTE 69 kV.ElmNet\69 kV ZF San Pedro AES.ElmTerm,33.650001525878906,1.5800000429153442,33.687076568603516,0.9988994002342224,1.0,PQ
Demanda ZF San Pedro Chentec,ZZSPCF-D1,0,ESTE CERCANO,ESTE,ESTE 69 kV,\VM-PF.IntUser\PDD 30-09-2025.IntPrj\Network Model.IntPrjfolder\Network Data.IntPrjfolder\ESTE 69 kV.ElmNet\Demanda ZF San Pedro Chentec.ElmLod,,69 kV ZF San Pedro Chentec,WZSPCF,69.0,\VM-PF.IntUser\PDD 30-09-2025.IntPrj\Network Model.IntPrjfolder\Network Data.IntPrjfolder\ESTE 69 kV.ElmNet\69 kV ZF San Pedro Chentec.ElmTerm,0.6399999856948853,0.20999999344348907,0.6735725402832031,0.9501574635505676,1.0,PQ
Demanda Yamasá,ZYAMAF-D1,0,ESTE CERCANO,ESTE,ESTE 69 kV,\VM-PF.IntUser\PDD 30-09-2025.IntPrj\Network Model.IntPrjfolder\Network Data.IntPrjfolder\ESTE 69 kV.ElmNet\Demanda Yamasá.ElmLod,,69 kV Yamasá,WYAMAF,69.0,\VM-PF.IntUser\PDD 30-09-2025.IntPrj\Network Model.IntPrjfolder\Network Data.IntPrjfolder\ESTE 69 kV.ElmNet\69 kV Yamasá.ElmTerm,13.100000381469727,4.880000114440918,13.9794282913208,0.9370912909507751,1.0,PQ
Demanda 1 Monte Plata,ZMPLAF-D1,0,ESTE CERCANO,ESTE,ESTE 69 kV,\VM-PF.IntUser\PDD 30-09-2025.IntPrj\Network Model.IntPrjfolder\Network Data.IntPrjfolder\ESTE 69 kV.ElmNet\Demanda 1 Monte Plata.ElmLod,,WMPLAF(6),,69.0,\VM-PF.IntUser\PDD 30-09-2025.IntPrj\Network Model.IntPrjfolder\Network Data.IntPrjfolder\ESTE 69 kV.ElmNet\ZMPLAF.ElmSubstat\WMPLAF(6).ElmTerm,12.6899995803833,4.809999942779541,13.571004867553711,0.9350817799568176,1.0,PQ
Demanda Guavaberry,ZGUAVF-D1,0,ESTE CERCANO,ESTE,ESTE 69 kV,\VM-PF.IntUser\PDD 30-09-2025.IntPrj\Network Model.IntPrjfolder\Network Data.IntPrjfolder\ESTE 69 kV.ElmNet\Demanda Guavaberry.ElmLod,,69 kV Guavaberry,WGUAVF,69.0,\VM-PF.IntUser\PDD 30-09-2025.IntPrj\Network Model.IntPrjfolder\Network Data.IntPrjfolder\ESTE 69 kV.ElmNet\69 kV Guavaberry.ElmTerm,0.3199999928474426,0.5400000214576721,0.6276941895484924,0.5098024010658264,1.0,PQ
Demanda César Iglesias,ZXCIGF-D1,0,ESTE CERCANO,ESTE,ESTE 69 kV,\VM-PF.IntUser\PDD 30-09-2025.IntPrj\Network Model.IntPrjfolder\Network Data.IntPrjfolder\ESTE 69 kV.ElmNet\Demanda César Iglesias.ElmLod,,69 kV César Iglesias,WCIGLF,69.0,\VM-PF.IntUser\PDD 30-09-2025.IntPrj\Network Model.IntPrjfolder\Network Data.IntPrjfolder\ESTE 69 kV.ElmNet\69 kV César Iglesias.ElmTerm,6.269999980926514,2.8499999046325684,6.887336254119873,0.9103664755821228,1.0,PQ
SSAA Monte Plata Solar,ZMPSOK-D1,1,ESTE CERCANO,ESTE,ESTE 69 kV,\VM-PF.IntUser\PDD 30-09-2025.IntPrj\Network Model.IntPrjfolder\Network Data.IntPrjfolder\ESTE 69 kV.ElmNet\Monte Plata Solar.ElmSite\SSAA Monte Plata Solar.ElmLod,,3,,20.0,\VM-PF.IntUser\PDD 30-09-2025.IntPrj\Network Model.IntPrjfolder\Network Data.IntPrjfolder\ESTE 69 kV.ElmNet\Monte Plata Solar.ElmSite\ZMPSOK.ElmSubstat\3.ElmTerm,0.0,0.0,0.0,1.0,1.0,DEF
Demanda 2 La Romana Pueblo,ZLRMAF-D2,0,ESTE PROFUNDO,ESTE,ESTE 69 kV,\VM-PF.IntUser\PDD 30-09-2025.IntPrj\Network Model.IntPrjfolder\Network Data.IntPrjfolder\ESTE 69 kV.ElmNet\Demanda 2 La Romana Pueblo.ElmLod,,1,,69.0,\VM-PF.IntUser\PDD 30-09-2025.IntPrj\Network Model.IntPrjfolder\Network Data.IntPrjfolder\ESTE 69 kV.ElmNet\ZLRPUF.ElmSubstat\1.ElmTerm,8.899999618530273,2.930000066757202,9.369893074035645,0.9498507380485535,1.0,DEF
Demanda 2 Monte Plata,ZMPLAF-D2,0,ESTE CERCANO,ESTE,ESTE 69 kV,\VM-PF.IntUser\PDD 30-09-2025.IntPrj\Network Model.IntPrjfolder\Network Data.IntPrjfolder\ESTE 69 kV.ElmNet\Demanda 2 Monte Plata.ElmLod,,1(1),,69.0,\VM-PF.IntUser\PDD 30-09-2025.IntPrj\Network Model.IntPrjfolder\Network Data.IntPrjfolder\ESTE 69 kV.ElmNet\ZMPLAF.ElmSubstat\1(1).ElmTerm,14.510000228881836,5.489999771118164,15.513871192932129,0.9352920651435852,1.0,DEF
Demanda Sierra Prieta,ZSPRIF-D1,0,ESTE CERCANO,ESTE,ESTE 69 kV,\VM-PF.IntUser\PDD 30-09-2025.IntPrj\Network Model.IntPrjfolder\Network Data.IntPrjfolder\ESTE 69 kV.ElmNet\Demanda Sierra Prieta.ElmLod,,69 kV Sierra Prieta,WSPRIF,69.0,\VM-PF.IntUser\PDD 30-09-2025.IntPrj\Network Model.IntPrjfolder\Network Data.IntPrjfolder\ESTE 69 kV.ElmNet\69 kV Sierra Prieta.ElmTerm,2.0899999141693115,0.8899999856948853,2.2716073989868164,0.9200533032417297,1.0,DEF
SSAA Sultana del Este 1,ZSES1K-D1,0,ESTE CERCANO,ESTE,ESTE 69 kV,\VM-PF.IntUser\PDD 30-09-2025.IntPrj\Network Model.IntPrjfolder\Network Data.IntPrjfolder\ESTE 69 kV.ElmNet\SSAA Sultana del Este 1.ElmLod,,69 kV Servicio Estación Sultana del Este,WSESEF,69.0,\VM-PF.IntUser\PDD 30-09-2025.IntPrj\Network Model.IntPrjfolder\Network Data.IntPrjfolder\ESTE 69 kV.ElmNet\69 kV Servicio Estación Sultana del Este.ElmTerm,0.9100000262260437,0.38999998569488525,0.9900504946708679,0.9191450476646423,1.0,DEF
Demanda 3 La Romana Pueblo,ZLRMAF-D3,0,ESTE PROFUNDO,ESTE,ESTE 69 kV,\VM-PF.IntUser\PDD 30-09-2025.IntPrj\Network Model.IntPrjfolder\Network Data.IntPrjfolder\ESTE 69 kV.ElmNet\Demanda 3 La Romana Pueblo.ElmLod,,WLRPUF(2),,69.0,\VM-PF.IntUser\PDD 30-09-2025.IntPrj\Network Model.IntPrjfolder\Network Data.IntPrjfolder\ESTE 69 kV.ElmNet\ZLRPUF.ElmSubstat\WLRPUF(2).ElmTerm,14.989999771118164,4.929999828338623,15.779891967773438,0.9499431252479553,1.0,DEF
Demanda Hato Nuevo,ZHNUEF-D1,0,SANTO DOMINGO,CENTRAL,CENTRAL 69 kV,\VM-PF.IntUser\PDD 30-09-2025.IntPrj\Network Model.IntPrjfolder\Network Data.IntPrjfolder\CENTRAL 69 kV.ElmNet\Demanda Hato Nuevo.ElmLod,,69 kV Hato Nuevo,WHNUEF,69.0,\VM-PF.IntUser\PDD 30-09-2025.IntPrj\Network Model.IntPrjfolder\Network Data.IntPrjfolder\CENTRAL 69 kV.ElmNet\69 kV Hato Nuevo.ElmTerm,8.319999694824219,3.3299999237060547,8.96165657043457,0.9283997416496277,1.0,PQ
Demanda Grupo Malla,ZGMALF-D1,0,DISTRITO NACIONAL,CENTRAL,CENTRAL 69 kV,\VM-PF.IntUser\PDD 30-09-2025.IntPrj\Network Model.IntPrjfolder\Network Data.IntPrjfolder\CENTRAL 69 kV.ElmNet\Demanda Grupo Malla.ElmLod,,69 kV Molinos Modernos,WGMALF,69.0,\VM-PF.IntUser\PDD 30-09-2025.IntPrj\Network Model.IntPrjfolder\Network Data.IntPrjfolder\CENTRAL 69 kV.ElmNet\69 kV Molinos Modernos.ElmTerm,2.609999895095825,0.7699999809265137,2.721212863922119,0.959131121635437,1.0,PQ
Demanda La Cuarenta,ZLCUAF-D1,0,DISTRITO NACIONAL,CENTRAL,CENTRAL 69 kV,\VM-PF.IntUser\PDD 30-09-2025.IntPrj\Network Model.IntPrjfolder\Network Data.IntPrjfolder\CENTRAL 69 kV.ElmNet\Demanda La Cuarenta.ElmLod,,3,,69.0,\VM-PF.IntUser\PDD 30-09-2025.IntPrj\Network Model.IntPrjfolder\Network Data.IntPrjfolder\CENTRAL 69 kV.ElmNet\ZLCUAF.ElmSubstat\3.ElmTerm,19.739999771118164,6.619999885559082,20.820470809936523,0.9481053352355957,1.0,PQ
Demanda Plastifar,ZPLASF-D1,0,SANTO DOMINGO,CENTRAL,CENTRAL 69 kV,\VM-PF.IntUser\PDD 30-09-2025.IntPrj\Network Model.IntPrjfolder\Network Data.IntPrjfolder\CENTRAL 69 kV.ElmNet\Demanda Plastifar.ElmLod,,69 kV Plastifar,WPLASF,69.0,\VM-PF.IntUser\PDD 30-09-2025.IntPrj\Network Model.IntPrjfolder\Network Data.IntPrjfolder\CENTRAL 69 kV.ElmNet\69 kV Plastifar.ElmTerm,7.21999979019165,2.4200000762939453,7.614774703979492,0.9481567144393921,1.0,PQ
Demanda Productos Diversos,ZPDIVF-D1,0,SANTO DOMINGO,CENTRAL,CENTRAL 69 kV,\VM-PF.IntUser\PDD 30-09-2025.IntPrj\Network Model.IntPrjfolder\Network Data.IntPrjfolder\CENTRAL 69 kV.ElmNet\Demanda Productos Diversos.ElmLod,,69 kV Productos Diversos,WPDIVF,69.0,\VM-PF.IntUser\PDD 30-09-2025.IntPrj\Network Model.IntPrjfolder\Network Data.IntPrjfolder\CENTRAL 69 kV.ElmNet\69 kV Productos Diversos.ElmTerm,2.5799999237060547,0.7900000214576721,2.698240041732788,0.9561787843704224,1.0,PQ
Demanda ZF Los Alcarrizos,ZZALCF-D1,0,SANTO DOMINGO,CENTRAL,CENTRAL 69 kV,\VM-PF.IntUser\PDD 30-09-2025.IntPrj\Network Model.IntPrjfolder\Network Data.IntPrjfolder\CENTRAL 69 kV.ElmNet\Demanda ZF Los Alcarrizos.ElmLod,,69 kV ZF Los Alcarrizos,WZALCF,69.0,\VM-PF.IntUser\PDD 30-09-2025.IntPrj\Network Model.IntPrjfolder\Network Data.IntPrjfolder\CENTRAL 69 kV.ElmNet\69 kV ZF Los Alcarrizos.ElmTerm,25.110000610351562,8.5,26.509660720825195,0.9472019076347351,1.0,PQ
Demanda Ciudad Satélite,ZCSATF-D1,0,SANTO DOMINGO,CENTRAL,CENTRAL 69 kV,\VM-PF.IntUser\PDD 30-09-2025.IntPrj\Network Model.IntPrjfolder\Network Data.IntPrjfolder\CENTRAL 69 kV.ElmNet\Demanda Ciudad Satélite.ElmLod,,69 kV Ciudad Satélite,WCSATF,69.0,\VM-PF.IntUser\PDD 30-09-2025.IntPrj\Network Model.IntPrjfolder\Network Data.IntPrjfolder\CENTRAL 69 kV.ElmNet\69 kV Ciudad Satélite.ElmTerm,13.300000190734863,0.07999999821186066,13.300240516662598,0.9999819397926331,1.0,PQ
Demanda Carrefour,ZXCARF-D1,0,DISTRITO NACIONAL,CENTRAL,CENTRAL 69 kV,\VM-PF.IntUser\PDD 30-09-2025.IntPrj\Network Model.IntPrjfolder\Network Data.IntPrjfolder\CENTRAL 69 kV.ElmNet\Demanda Carrefour.ElmLod,,69 kV Carrefour(1),WCARRF,69.0,\VM-PF.IntUser\PDD 30-09-2025.IntPrj\Network Model.IntPrjfolder\Network Data.IntPrjfolder\CENTRAL 69 kV.ElmNet\69 kV Carrefour(1).ElmTerm,0.9100000262260437,0.3499999940395355,0.9749872088432312,0.9333456158638,1.0,PQ
Demanda Banco Nacional Vivienda,ZBNVIF-D1,0,SANTO DOMINGO,CENTRAL,CENTRAL 69 kV,\VM-PF.IntUser\PDD 30-09-2025.IntPrj\Network Model.IntPrjfolder\Network Data.IntPrjfolder\CENTRAL 69 kV.ElmNet\Demanda Banco Nacional Vivienda.ElmLod,,69 kV Banco Nacional de la Vivienda,WBNVIF,69.0,\VM-PF.IntUser\PDD 30-09-2025.IntPrj\Network Model.IntPrjfolder\Network Data.IntPrjfolder\CENTRAL 69 kV.ElmNet\69 kV Banco Nacional de la Vivienda.ElmTerm,18.790000915527344,19.43000030517578,27.02941131591797,0.6951687335968018,1.0,PQ
Demanda 2 Kilómetro 10.5,ZKDMEF-D1,0,SANTO DOMINGO,CENTRAL,CENTRAL 69 kV,\VM-PF.IntUser\PDD 30-09-2025.IntPrj\Network Model.IntPrjfolder\Network Data.IntPrjfolder\CENTRAL 69 kV.ElmNet\Demanda 2 Kilómetro 10.5.ElmLod,,L2,,69.0,\VM-PF.IntUser\PDD 30-09-2025.IntPrj\Network Model.IntPrjfolder\Network Data.IntPrjfolder\CENTRAL 69 kV.ElmNet\ZKDMEF.ElmSubstat\L2.ElmTerm,36.0,14.050000190734863,38.64456558227539,0.9315669536590576,1.0,PQ
Demanda Grupo Petroquímica,ZGPETF-D1,0,DISTRITO NACIONAL,CENTRAL,CENTRAL 69 kV,\VM-PF.IntUser\PDD 30-09-2025.IntPrj\Network Model.IntPrjfolder\Network Data.IntPrjfolder\CENTRAL 69 kV.ElmNet\Demanda Grupo Petroquímica.ElmLod,,69 kV Grupo Petroquímica,WGPETF,69.0,\VM-PF.IntUser\PDD 30-09-2025.IntPrj\Network Model.IntPrjfolder\Network Data.IntPrjfolder\CENTRAL 69 kV.ElmNet\69 kV Grupo Petroquímica.ElmTerm,8.619999885559082,3.7300000190734863,9.392406463623047,0.9177626371383667,1.0,PQ
Demanda Bayona,ZBAYOF-D1,0,SANTO DOMINGO,CENTRAL,CENTRAL 69 kV,\VM-PF.IntUser\PDD 30-09-2025.IntPrj\Network Model.IntPrjfolder\Network Data.IntPrjfolder\CENTRAL 69 kV.ElmNet\Demanda Bayona.ElmLod,,4,,69.0,\VM-PF.IntUser\PDD 30-09-2025.IntPrj\Network Model.IntPrjfolder\Network Data.IntPrjfolder\CENTRAL 69 kV.ElmNet\ZBAYOF.ElmSubstat\4.ElmTerm,12.100000381469727,3.740000009536743,12.664817810058594,0.9554026126861572,1.0,PQ
Demanda Caballona,ZCBYNF-D1,0,SANTO DOMINGO,CENTRAL,CENTRAL 69 kV,\VM-PF.IntUser\PDD 30-09-2025.IntPrj\Network Model.IntPrjfolder\Network Data.IntPrjfolder\CENTRAL 69 kV.ElmNet\Demanda Caballona.ElmLod,,69 kV Caballona,WCBYNF,69.0,\VM-PF.IntUser\PDD 30-09-2025.IntPrj\Network Model.IntPrjfolder\Network Data.IntPrjfolder\CENTRAL 69 kV.ElmNet\69 kV Caballona.ElmTerm,7.699999809265137,3.3499999046325684,8.397171974182129,0.9169753789901733,1.0,PQ
Demanda Campamento 16 de Agosto,ZCDAGF-D1,0,SANTO DOMINGO,CENTRAL,CENTRAL 69 kV,\VM-PF.IntUser\PDD 30-09-2025.IntPrj\Network Model.IntPrjfolder\Network Data.IntPrjfolder\CENTRAL 69 kV.ElmNet\Demanda Campamento 16 de Agosto.ElmLod,,69 kV Campamento 16 Agosto,WCDAGF,69.0,\VM-PF.IntUser\PDD 30-09-2025.IntPrj\Network Model.IntPrjfolder\Network Data.IntPrjfolder\CENTRAL 69 kV.ElmNet\69 kV Campamento 16 Agosto.ElmTerm,0.6399999856948853,0.20000000298023224,0.670522153377533,0.954479992389679,1.0,PQ
Demanda 1 Kilómetro 10.5,ZKDMBF-D1,0,SANTO DOMINGO,CENTRAL,CENTRAL 69 kV,\VM-PF.IntUser\PDD 30-09-2025.IntPrj\Network Model.IntPrjfolder\Network Data.IntPrjfolder\CENTRAL 69 kV.ElmNet\Demanda 1 Kilómetro 10.5.ElmLod,,R2,,69.0,\VM-PF.IntUser\PDD 30-09-2025.IntPrj\Network Model.IntPrjfolder\Network Data.IntPrjfolder\CENTRAL 69 kV.ElmNet\ZKDMEF.ElmSubstat\R2.ElmTerm,26.43000030517578,10.0600004196167,28.27982521057129,0.9345885515213013,1.0,PQ
Demanda Novoplast,ZNOVOF-D1,0,SANTO DOMINGO,CENTRAL,CENTRAL 69 kV,\VM-PF.IntUser\PDD 30-09-2025.IntPrj\Network Model.IntPrjfolder\Network Data.IntPrjfolder\CENTRAL 69 kV.ElmNet\Demanda Novoplast.ElmLod,,69 kV Novoplast,WNOVOF,69.0,\VM-PF.IntUser\PDD 30-09-2025.IntPrj\Network Model.IntPrjfolder\Network Data.IntPrjfolder\CENTRAL 69 kV.ElmNet\69 kV Novoplast.ElmTerm,4.980000019073486,2.130000114440918,5.416391849517822,0.9194312691688538,1.0,PQ
Demanda CORVI PVC,ZCPVCF-D1,0,SANTO DOMINGO,CENTRAL,CENTRAL 69 kV,\VM-PF.IntUser\PDD 30-09-2025.IntPrj\Network Model.IntPrjfolder\Network Data.IntPrjfolder\CENTRAL 69 kV.ElmNet\Demanda CORVI PVC.ElmLod,,69 kV CORVI PVC,WCPVCF,69.0,\VM-PF.IntUser\PDD 30-09-2025.IntPrj\Network Model.IntPrjfolder\Network Data.IntPrjfolder\CENTRAL 69 kV.ElmNet\69 kV CORVI PVC.ElmTerm,2.6500000953674316,0.8700000047683716,2.7891576290130615,0.9501076936721802,1.0,PQ
Demanda Bohemia,ZCBOHF-D1,0,SANTO DOMINGO,CENTRAL,CENTRAL 69 kV,\VM-PF.IntUser\PDD 30-09-2025.IntPrj\Network Model.IntPrjfolder\Network Data.IntPrjfolder\CENTRAL 69 kV.ElmNet\Demanda Bohemia.ElmLod,,69 kV Cervecería Bohemia,WCBOHF,69.0,\VM-PF.IntUser\PDD 30-09-2025.IntPrj\Network Model.IntPrjfolder\Network Data.IntPrjfolder\CENTRAL 69 kV.ElmNet\69 kV Cervecería Bohemia.ElmTerm,1.7300000190734863,0.8500000238418579,1.9275373220443726,0.8975182771682739,1.0,PQ
Demanda Banco Popular,ZBPOPF-D1,0,DISTRITO NACIONAL,CENTRAL,CENTRAL 69 kV,\VM-PF.IntUser\PDD 30-09-2025.IntPrj\Network Model.IntPrjfolder\Network Data.IntPrjfolder\CENTRAL 69 kV.ElmNet\Demanda Banco Popular.ElmLod,,69 kV Banco Popular,WBPOPF,69.0,\VM-PF.IntUser\PDD 30-09-2025.IntPrj\Network Model.IntPrjfolder\Network Data.IntPrjfolder\CENTRAL 69 kV.ElmNet\69 kV Banco Popular.ElmTerm,0.7799999713897705,0.2800000011920929,0.8287339210510254,0.9411947131156921,1.0,PQ
Demanda Centro Operación Herrrera,ZCOHEF-D1,0,SANTO DOMINGO,CENTRAL,CENTRAL 69 kV,\VM-PF.IntUser\PDD 30-09-2025.IntPrj\Network Model.IntPrjfolder\Network Data.IntPrjfolder\CENTRAL 69 kV.ElmNet\Demanda Centro Operación Herrrera.ElmLod,,69 kV Centro Operaciones Herrera,WCOHEF,69.0,\VM-PF.IntUser\PDD 30-09-2025.IntPrj\Network Model.IntPrjfolder\Network Data.IntPrjfolder\CENTRAL 69 kV.ElmNet\69 kV Centro Operaciones Herrera.ElmTerm,33.959999084472656,0.10000000149011612,33.96014404296875,0.9999957084655762,1.0,PQ
Demanda Oleoducto FALCONDO,ZOFALF-D1,0,SUR CERCANO,SUR,CENTRAL 69 kV,\VM-PF.IntUser\PDD 30-09-2025.IntPrj\Network Model.IntPrjfolder\Network Data.IntPrjfolder\CENTRAL 69 kV.ElmNet\Demanda Oleoducto FALCONDO.ElmLod,,69 kV Oleoducto FALCONDO,WOFALF,69.0,\VM-PF.IntUser\PDD 30-09-2025.IntPrj\Network Model.IntPrjfolder\Network Data.IntPrjfolder\CENTRAL 69 kV.ElmNet\69 kV Oleoducto FALCONDO.ElmTerm,0.019999999552965164,0.0,0.019999999552965164,1.0,1.0,PQ
Demanda Listín Diario,ZLDIAF-D1,0,DISTRITO NACIONAL,CENTRAL,CENTRAL 69 kV,\VM-PF.IntUser\PDD 30-09-2025.IntPrj\Network Model.IntPrjfolder\Network Data.IntPrjfolder\CENTRAL 69 kV.ElmNet\Demanda Listín Diario.ElmLod,,69 kV Listín Diario,WLDIAF,69.0,\VM-PF.IntUser\PDD 30-09-2025.IntPrj\Network Model.IntPrjfolder\Network Data.IntPrjfolder\CENTRAL 69 kV.ElmNet\69 kV Listín Diario.ElmTerm,0.15000000596046448,0.05999999865889549,0.1615549474954605,0.9284766912460327,1.0,PQ
Demanda CAASD Bayona 1,ZXCBAF-D1,0,SANTO DOMINGO,CENTRAL,CENTRAL 69 kV,\VM-PF.IntUser\PDD 30-09-2025.IntPrj\Network Model.IntPrjfolder\Network Data.IntPrjfolder\CENTRAL 69 kV.ElmNet\Demanda CAASD Bayona 1.ElmLod,,69 kV CAASD Bayona 1,WCBA1F,69.0,\VM-PF.IntUser\PDD 30-09-2025.IntPrj\Network Model.IntPrjfolder\Network Data.IntPrjfolder\CENTRAL 69 kV.ElmNet\69 kV CAASD Bayona 1.ElmTerm,1.0800000429153442,0.3700000047683716,1.141621708869934,0.9460226893424988,1.0,PQ
Demanda CAASD Bayona 2,ZXCB2F-D1,0,SANTO DOMINGO,CENTRAL,CENTRAL 69 kV,\VM-PF.IntUser\PDD 30-09-2025.IntPrj\Network Model.IntPrjfolder\Network Data.IntPrjfolder\CENTRAL 69 kV.ElmNet\Demanda CAASD Bayona 2.ElmLod,,69 kV CAASD Bayona 2,WCBA2F,69.0,\VM-PF.IntUser\PDD 30-09-2025.IntPrj\Network Model.IntPrjfolder\Network Data.IntPrjfolder\CENTRAL 69 kV.ElmNet\69 kV CAASD Bayona 2.ElmTerm,1.3700000047683716,0.5400000214576721,1.4725826978683472,0.9303382635116577,1.0,PQ
Demanda CODETEL,ZXCODF-D1,0,DISTRITO NACIONAL,CENTRAL,CENTRAL 69 kV,\VM-PF.IntUser\PDD 30-09-2025.IntPrj\Network Model.IntPrjfolder\Network Data.IntPrjfolder\CENTRAL 69 kV.ElmNet\Demanda CODETEL.ElmLod,,69 kV CODETEL,WCODEF,69.0,\VM-PF.IntUser\PDD 30-09-2025.IntPrj\Network Model.IntPrjfolder\Network Data.IntPrjfolder\CENTRAL 69 kV.ElmNet\69 kV CODETEL.ElmTerm,1.3799999952316284,0.36000001430511475,1.4261837005615234,0.9676172733306885,1.0,PQ
Demanda Grupo Haché,ZGHACF-D1,0,DISTRITO NACIONAL,CENTRAL,CENTRAL 69 kV,\VM-PF.IntUser\PDD 30-09-2025.IntPrj\Network Model.IntPrjfolder\Network Data.IntPrjfolder\CENTRAL 69 kV.ElmNet\Demanda Grupo Haché.ElmLod,,69 kV Grupo Haché,WGHACF,69.0,\VM-PF.IntUser\PDD 30-09-2025.IntPrj\Network Model.IntPrjfolder\Network Data.IntPrjfolder\CENTRAL 69 kV.ElmNet\69 kV Grupo Haché.ElmTerm,0.27000001072883606,0.0,0.27000001072883606,1.0,1.0,PQ
Demanda Templástica,ZTEMPF-D1,0,SANTO DOMINGO,CENTRAL,CENTRAL 69 kV,\VM-PF.IntUser\PDD 30-09-2025.IntPrj\Network Model.IntPrjfolder\Network Data.IntPrjfolder\CENTRAL 69 kV.ElmNet\Demanda Templástica.ElmLod,,69 kV Templastisa,WTEMPF,69.0,\VM-PF.IntUser\PDD 30-09-2025.IntPrj\Network Model.IntPrjfolder\Network Data.IntPrjfolder\CENTRAL 69 kV.ElmNet\69 kV Templastisa.ElmTerm,0.05999999865889549,0.07000000029802322,0.09219544380903244,0.650791347026825,1.0,PQ
Demanda Acueducto Oriental,ZAORIF-D1,0,SANTO DOMINGO,CENTRAL,CENTRAL 69 kV,\VM-PF.IntUser\PDD 30-09-2025.IntPrj\Network Model.IntPrjfolder\Network Data.IntPrjfolder\CENTRAL 69 kV.ElmNet\Demanda Acueducto Oriental.ElmLod,,69 kV Acueducto Oriental,WAORIF,69.0,\VM-PF.IntUser\PDD 30-09-2025.IntPrj\Network Model.IntPrjfolder\Network Data.IntPrjfolder\CENTRAL 69 kV.ElmNet\69 kV Acueducto Oriental.ElmTerm,5.380000114440918,4.789999961853027,7.203367233276367,0.7468729615211487,1.0,PQ
Demanda 1 Tamarindo,ZTAMAF-D1,0,SANTO DOMINGO,CENTRAL,CENTRAL 69 kV,\VM-PF.IntUser\PDD 30-09-2025.IntPrj\Network Model.IntPrjfolder\Network Data.IntPrjfolder\CENTRAL 69 kV.ElmNet\Demanda 1 Tamarindo.ElmLod,,69 kV Tamarindo,WTAMAF,69.0,\VM-PF.IntUser\PDD 30-09-2025.IntPrj\Network Model.IntPrjfolder\Network Data.IntPrjfolder\CENTRAL 69 kV.ElmNet\69 kV Tamarindo.ElmTerm,1.1799999475479126,1.2100000381469727,1.690118432044983,0.6981759071350098,1.0,PQ
Demanda Grupo Alaska,ZGALAF-D1,0,SANTO DOMINGO,CENTRAL,CENTRAL 69 kV,\VM-PF.IntUser\PDD 30-09-2025.IntPrj\Network Model.IntPrjfolder\Network Data.IntPrjfolder\CENTRAL 69 kV.ElmNet\Demanda Grupo Alaska.ElmLod,,69 kV Grupo Alaska,WGALAF,69.0,\VM-PF.IntUser\PDD 30-09-2025.IntPrj\Network Model.IntPrjfolder\Network Data.IntPrjfolder\CENTRAL 69 kV.ElmNet\69 kV Grupo Alaska.ElmTerm,0.44999998807907104,0.1899999976158142,0.4884669780731201,0.9212495684623718,1.0,PQ
Demanda Grupo Ramos Charles,ZGRCHF-D1,0,SANTO DOMINGO,CENTRAL,CENTRAL 69 kV,\VM-PF.IntUser\PDD 30-09-2025.IntPrj\Network Model.IntPrjfolder\Network Data.IntPrjfolder\CENTRAL 69 kV.ElmNet\Demanda Grupo Ramos Charles.ElmLod,,69 kV Grupo Ramos Charles,WGRCHF,69.0,\VM-PF.IntUser\PDD 30-09-2025.IntPrj\Network Model.IntPrjfolder\Network Data.IntPrjfolder\CENTRAL 69 kV.ElmNet\69 kV Grupo Ramos Charles.ElmTerm,0.5400000214576721,0.23000000417232513,0.5869412422180176,0.9200239777565002,1.0,PQ
Demanda Megacentro,ZMEGAF-D1,0,SANTO DOMINGO,CENTRAL,CENTRAL 69 kV,\VM-PF.IntUser\PDD 30-09-2025.IntPrj\Network Model.IntPrjfolder\Network Data.IntPrjfolder\CENTRAL 69 kV.ElmNet\Demanda Megacentro.ElmLod,,69 kV Megacentro,WMEGAF,69.0,\VM-PF.IntUser\PDD 30-09-2025.IntPrj\Network Model.IntPrjfolder\Network Data.IntPrjfolder\CENTRAL 69 kV.ElmNet\69 kV Megacentro.ElmTerm,1.7000000476837158,0.6700000166893005,1.827265739440918,0.9303518533706665,1.0,PQ
Demanda Gomas y Plásticos,ZGPLAF-D1,0,SANTO DOMINGO,CENTRAL,CENTRAL 69 kV,\VM-PF.IntUser\PDD 30-09-2025.IntPrj\Network Model.IntPrjfolder\Network Data.IntPrjfolder\CENTRAL 69 kV.ElmNet\Demanda Gomas y Plásticos.ElmLod,,69 kV Gomas y Plásticos,WGPLAF,69.0,\VM-PF.IntUser\PDD 30-09-2025.IntPrj\Network Model.IntPrjfolder\Network Data.IntPrjfolder\CENTRAL 69 kV.ElmNet\69 kV Gomas y Plásticos.ElmTerm,0.33000001311302185,0.05000000074505806,0.3337664008140564,0.9887154698371887,1.0,PQ
Demanda Sabana Perdida,ZSPERF-D1,0,SANTO DOMINGO,CENTRAL,CENTRAL 69 kV,\VM-PF.IntUser\PDD 30-09-2025.IntPrj\Network Model.IntPrjfolder\Network Data.IntPrjfolder\CENTRAL 69 kV.ElmNet\Demanda Sabana Perdida.ElmLod,,69 kV Sabana Perdida,WSPERF,69.0,\VM-PF.IntUser\PDD 30-09-2025.IntPrj\Network Model.IntPrjfolder\Network Data.IntPrjfolder\CENTRAL 69 kV.ElmNet\69 kV Sabana Perdida.ElmTerm,29.979999542236328,10.59000015258789,31.7954158782959,0.9429032206535339,1.0,PQ
Demanda Los Mina,ZLMINF-D1,0,SANTO DOMINGO,CENTRAL,CENTRAL 69 kV,\VM-PF.IntUser\PDD 30-09-2025.IntPrj\Network Model.IntPrjfolder\Network Data.IntPrjfolder\CENTRAL 69 kV.ElmNet\Demanda Los Mina.ElmLod,,4,,69.0,\VM-PF.IntUser\PDD 30-09-2025.IntPrj\Network Model.IntPrjfolder\Network Data.IntPrjfolder\CENTRAL 69 kV.ElmNet\ZLMINF.ElmSubstat\4.ElmTerm,15.850000381469727,6.059999942779541,16.968975067138672,0.9340575933456421,1.0,PQ
Demanda Kilómetro 24,ZKVENF-D1,0,SANTO DOMINGO,CENTRAL,CENTRAL 69 kV,\VM-PF.IntUser\PDD 30-09-2025.IntPrj\Network Model.IntPrjfolder\Network Data.IntPrjfolder\CENTRAL 69 kV.ElmNet\Demanda Kilómetro 24.ElmLod,,69 kV Kilómetro 24,WKVENF,69.0,\VM-PF.IntUser\PDD 30-09-2025.IntPrj\Network Model.IntPrjfolder\Network Data.IntPrjfolder\CENTRAL 69 kV.ElmNet\69 kV Kilómetro 24.ElmTerm,7.739999771118164,3.630000114440918,8.54894733428955,0.9053745865821838,1.0,PQ
Demanda 1 Capotillo,ZCAPOF-D1,0,DISTRITO NACIONAL,CENTRAL,CENTRAL 69 kV,\VM-PF.IntUser\PDD 30-09-2025.IntPrj\Network Model.IntPrjfolder\Network Data.IntPrjfolder\CENTRAL 69 kV.ElmNet\Demanda 1 Capotillo.ElmLod,,3,,69.0,\VM-PF.IntUser\PDD 30-09-2025.IntPrj\Network Model.IntPrjfolder\Network Data.IntPrjfolder\CENTRAL 69 kV.ElmNet\ZCAPOF.ElmSubstat\3.ElmTerm,10.829999923706055,3.5,11.381515502929688,0.951542854309082,1.0,PQ
SSAA Palamara Grupo 3,ZPAL3K-D1,0,SANTO DOMINGO,CENTRAL,CENTRAL 69 kV,\VM-PF.IntUser\PDD 30-09-2025.IntPrj\Network Model.IntPrjfolder\Network Data.IntPrjfolder\CENTRAL 69 kV.ElmNet\Diésel Palamara.ElmSite\SSAA Palamara Grupo 3.ElmLod,,2,,13.800000190734863,\VM-PF.IntUser\PDD 30-09-2025.IntPrj\Network Model.IntPrjfolder\Network Data.IntPrjfolder\CENTRAL 69 kV.ElmNet\Diésel Palamara.ElmSite\ZPAL3K.ElmSubstat\2.ElmTerm,0.25,0.10999999940395355,0.27312999963760376,0.9153150320053101,1.0,PQ
SSAA Palamara Grupo 2,ZPAL2K-D1,0,SANTO DOMINGO,CENTRAL,CENTRAL 69 kV,\VM-PF.IntUser\PDD 30-09-2025.IntPrj\Network Model.IntPrjfolder\Network Data.IntPrjfolder\CENTRAL 69 kV.ElmNet\Diésel Palamara.ElmSite\SSAA Palamara Grupo 2.ElmLod,,R2,,13.800000190734863,\VM-PF.IntUser\PDD 30-09-2025.IntPrj\Network Model.IntPrjfolder\Network Data.IntPrjfolder\CENTRAL 69 kV.ElmNet\Diésel Palamara.ElmSite\ZPAL1K.ElmSubstat\R2.ElmTerm,0.7300000190734863,0.3100000023841858,0.7930952310562134,0.9204443693161011,1.0,PQ
SSAA Palamara Grupo 1,ZPAL1K-D1,0,SANTO DOMINGO,CENTRAL,CENTRAL 69 kV,\VM-PF.IntUser\PDD 30-09-2025.IntPrj\Network Model.IntPrjfolder\Network Data.IntPrjfolder\CENTRAL 69 kV.ElmNet\Diésel Palamara.ElmSite\SSAA Palamara Grupo 1.ElmLod,,L3,,13.800000190734863,\VM-PF.IntUser\PDD 30-09-2025.IntPrj\Network Model.IntPrjfolder\Network Data.IntPrjfolder\CENTRAL 69 kV.ElmNet\Diésel Palamara.ElmSite\ZPAL1K.ElmSubstat\L3.ElmTerm,1.4600000381469727,0.6200000047683716,1.5861904621124268,0.9204443693161011,1.0,PQ
Demanda Multimodal Caucedo,ZZMCAF-D1,0,SANTO DOMINGO,CENTRAL,CENTRAL 69 kV,\VM-PF.IntUser\PDD 30-09-2025.IntPrj\Network Model.IntPrjfolder\Network Data.IntPrjfolder\CENTRAL 69 kV.ElmNet\Demanda Multimodal Caucedo.ElmLod,,69 kV ZF Multimodal Caucedo,WZMCAF,69.0,\VM-PF.IntUser\PDD 30-09-2025.IntPrj\Network Model.IntPrjfolder\Network Data.IntPrjfolder\CENTRAL 69 kV.ElmNet\69 kV ZF Multimodal Caucedo.ElmTerm,3.5399999618530273,1.1200000047683716,3.7129502296447754,0.9534197449684143,1.0,PQ
Demanda ZF Gildan,ZZGILF-D1,0,SANTO DOMINGO,CENTRAL,CENTRAL 69 kV,\VM-PF.IntUser\PDD 30-09-2025.IntPrj\Network Model.IntPrjfolder\Network Data.IntPrjfolder\CENTRAL 69 kV.ElmNet\Demanda ZF Gildan.ElmLod,,69 kV ZF Gildan,WZGILF,69.0,\VM-PF.IntUser\PDD 30-09-2025.IntPrj\Network Model.IntPrjfolder\Network Data.IntPrjfolder\CENTRAL 69 kV.ElmNet\69 kV ZF Gildan.ElmTerm,5.159999847412109,1.8700000047683716,5.488396644592285,0.9401652812957764,1.0,PQ
Demanda 1 ZF Las Américas,ZZAMEF-D1,1,SANTO DOMINGO,CENTRAL,CENTRAL 69 kV,\VM-PF.IntUser\PDD 30-09-2025.IntPrj\Network Model.IntPrjfolder\Network Data.IntPrjfolder\CENTRAL 69 kV.ElmNet\Demanda 1 ZF Las Américas.ElmLod,,WZAMEF(5),,69.0,\VM-PF.IntUser\PDD 30-09-2025.IntPrj\Network Model.IntPrjfolder\Network Data.IntPrjfolder\CENTRAL 69 kV.ElmNet\ZZAMEF.ElmSubstat\WZAMEF(5).ElmTerm,0.0,0.0,0.0,1.0,1.0,PQ
Demanda TORGINOL,ZTORGF-D1,0,SANTO DOMINGO,CENTRAL,CENTRAL 69 kV,\VM-PF.IntUser\PDD 30-09-2025.IntPrj\Network Model.IntPrjfolder\Network Data.IntPrjfolder\CENTRAL 69 kV.ElmNet\Demanda TORGINOL.ElmLod,,69 kV TORGINOL,WTORGF,69.0,\VM-PF.IntUser\PDD 30-09-2025.IntPrj\Network Model.IntPrjfolder\Network Data.IntPrjfolder\CENTRAL 69 kV.ElmNet\69 kV TORGINOL.ElmTerm,1.7699999809265137,0.009999999776482582,1.7700282335281372,0.9999840259552002,1.0,PQ
Demanda Smurfit Kappa,ZSKAPF-D1,0,DISTRITO NACIONAL,CENTRAL,CENTRAL 69 kV,\VM-PF.IntUser\PDD 30-09-2025.IntPrj\Network Model.IntPrjfolder\Network Data.IntPrjfolder\CENTRAL 69 kV.ElmNet\Demanda Smurfit Kappa.ElmLod,,69 kV Smurfit Kappa,WSKAPF,69.0,\VM-PF.IntUser\PDD 30-09-2025.IntPrj\Network Model.IntPrjfolder\Network Data.IntPrjfolder\CENTRAL 69 kV.ElmNet\69 kV Smurfit Kappa.ElmTerm,0.9599999785423279,0.4099999964237213,1.0438868999481201,0.9196398258209229,1.0,PQ
Demanda Parque Cibernético,ZPCIBF-D1,0,SANTO DOMINGO,CENTRAL,CENTRAL 69 kV,\VM-PF.IntUser\PDD 30-09-2025.IntPrj\Network Model.IntPrjfolder\Network Data.IntPrjfolder\CENTRAL 69 kV.ElmNet\Demanda Parque Cibernético.ElmLod,,69 kV Parque Cibernético,WPCIBF,69.0,\VM-PF.IntUser\PDD 30-09-2025.IntPrj\Network Model.IntPrjfolder\Network Data.IntPrjfolder\CENTRAL 69 kV.ElmNet\69 kV Parque Cibernético.ElmTerm,1.5199999809265137,1.5499999523162842,2.170921564102173,0.7001634836196899,1.0,PQ
Demanda Molinos del Ozama,ZMOZAF-D1,0,SANTO DOMINGO,CENTRAL,CENTRAL 69 kV,\VM-PF.IntUser\PDD 30-09-2025.IntPrj\Network Model.IntPrjfolder\Network Data.IntPrjfolder\CENTRAL 69 kV.ElmNet\Demanda Molinos del Ozama.ElmLod,,69 kV Molinos del Ozama,WMOZAF,69.0,\VM-PF.IntUser\PDD 30-09-2025.IntPrj\Network Model.IntPrjfolder\Network Data.IntPrjfolder\CENTRAL 69 kV.ElmNet\69 kV Molinos del Ozama.ElmTerm,2.240000009536743,1.0299999713897705,2.465461492538452,0.9085519909858704,1.0,PQ
Demanda MERCASID,ZMERCF-D1,0,DISTRITO NACIONAL,CENTRAL,CENTRAL 69 kV,\VM-PF.IntUser\PDD 30-09-2025.IntPrj\Network Model.IntPrjfolder\Network Data.IntPrjfolder\CENTRAL 69 kV.ElmNet\Demanda MERCASID.ElmLod,,69 kV MERCASID,WMERCF,69.0,\VM-PF.IntUser\PDD 30-09-2025.IntPrj\Network Model.IntPrjfolder\Network Data.IntPrjfolder\CENTRAL 69 kV.ElmNet\69 kV MERCASID.ElmTerm,6.75,3.299999952316284,7.513487815856934,0.8983843922615051,1.0,PQ
Demanda INCA La Isabela,ZIISAF-D1,0,SANTO DOMINGO,CENTRAL,CENTRAL 69 kV,\VM-PF.IntUser\PDD 30-09-2025.IntPrj\Network Model.IntPrjfolder\Network Data.IntPrjfolder\CENTRAL 69 kV.ElmNet\Demanda INCA La Isabela.ElmLod,,69 kV INCA La Isabela,WIISAF,69.0,\VM-PF.IntUser\PDD 30-09-2025.IntPrj\Network Model.IntPrjfolder\Network Data.IntPrjfolder\CENTRAL 69 kV.ElmNet\69 kV INCA La Isabela.ElmTerm,0.10999999940395355,0.05000000074505806,0.1208304613828659,0.9103664755821228,1.0,PQ
Demanda INCA Gerdau,ZINCAF-D1,0,SANTO DOMINGO,CENTRAL,CENTRAL 69 kV,\VM-PF.IntUser\PDD 30-09-2025.IntPrj\Network Model.IntPrjfolder\Network Data.IntPrjfolder\CENTRAL 69 kV.ElmNet\INCA km 22.ElmSite\Demanda INCA Gerdau.ElmLod,,R1,,12.470000267028809,\VM-PF.IntUser\PDD 30-09-2025.IntPrj\Network Model.IntPrjfolder\Network Data.IntPrjfolder\CENTRAL 69 kV.ElmNet\ZINCAK.ElmSubstat\R1.ElmTerm,9.369999885559082,2.359999895095825,9.662633895874023,0.969714879989624,1.0,DEF
SSAA INCA km 22,ZINCAK-D1,0,SANTO DOMINGO,CENTRAL,CENTRAL 69 kV,\VM-PF.IntUser\PDD 30-09-2025.IntPrj\Network Model.IntPrjfolder\Network Data.IntPrjfolder\CENTRAL 69 kV.ElmNet\INCA km 22.ElmSite\SSAA INCA km 22.ElmLod,,L3,,12.470000267028809,\VM-PF.IntUser\PDD 30-09-2025.IntPrj\Network Model.IntPrjfolder\Network Data.IntPrjfolder\CENTRAL 69 kV.ElmNet\ZINCAK.ElmSubstat\L3.ElmTerm,0.28999999165534973,0.11999999731779099,0.3138470947742462,0.9240168333053589,1.0,DEF
Demanda Harinas del Higuamo,ZHHIGF-D1,0,ESTE CERCANO,ESTE,CENTRAL 69 kV,\VM-PF.IntUser\PDD 30-09-2025.IntPrj\Network Model.IntPrjfolder\Network Data.IntPrjfolder\CENTRAL 69 kV.ElmNet\Demanda Harinas del Higuamo.ElmLod,,69 kV Harinas del Higuamo,WHHIGF,69.0,\VM-PF.IntUser\PDD 30-09-2025.IntPrj\Network Model.IntPrjfolder\Network Data.IntPrjfolder\ESTE 69 kV.ElmNet\69 kV Harinas del Higuamo.ElmTerm,0.6499999761581421,0.30000001192092896,0.7158910036087036,0.9079594016075134,1.0,PQ
Demanda 1 Despacho,ZDESPF-D1,0,DISTRITO NACIONAL,CENTRAL,CENTRAL 69 kV,\VM-PF.IntUser\PDD 30-09-2025.IntPrj\Network Model.IntPrjfolder\Network Data.IntPrjfolder\CENTRAL 69 kV.ElmNet\Demanda 1 Despacho.ElmLod,,WDESPF(2),,69.0,\VM-PF.IntUser\PDD 30-09-2025.IntPrj\Network Model.IntPrjfolder\Network Data.IntPrjfolder\CENTRAL 69 kV.ElmNet\ZDESPF.ElmSubstat\WDESPF(2).ElmTerm,3.7899999618530273,1.25,3.990814447402954,0.9496808052062988,1.0,PQ
Demanda Cartonera del Caribe,ZCCARF-D1,0,SANTO DOMINGO,CENTRAL,CENTRAL 69 kV,\VM-PF.IntUser\PDD 30-09-2025.IntPrj\Network Model.IntPrjfolder\Network Data.IntPrjfolder\CENTRAL 69 kV.ElmNet\Demanda Cartonera del Caribe.ElmLod,,69 kV Cartones del Caribe,WCCARF,69.0,\VM-PF.IntUser\PDD 30-09-2025.IntPrj\Network Model.IntPrjfolder\Network Data.IntPrjfolder\CENTRAL 69 kV.ElmNet\69 kV Cartones del Caribe.ElmTerm,0.8799999952316284,0.8899999856948853,1.2515989542007446,0.7031006217002869,1.0,PQ
Demanda Cayacoa,ZCAYAF-D1,0,ESTE CERCANO,ESTE,CENTRAL 69 kV,\VM-PF.IntUser\PDD 30-09-2025.IntPrj\Network Model.IntPrjfolder\Network Data.IntPrjfolder\CENTRAL 69 kV.ElmNet\Demanda Cayacoa.ElmLod,,69 kV Cayacoa,WCAYAF,69.0,\VM-PF.IntUser\PDD 30-09-2025.IntPrj\Network Model.IntPrjfolder\Network Data.IntPrjfolder\ESTE 69 kV.ElmNet\69 kV Cayacoa.ElmTerm,4.880000114440918,0.0,4.880000114440918,1.0,1.0,PQ
Demanda Catalina,ZCATAF-D1,0,SANTO DOMINGO,CENTRAL,CENTRAL 69 kV,\VM-PF.IntUser\PDD 30-09-2025.IntPrj\Network Model.IntPrjfolder\Network Data.IntPrjfolder\CENTRAL 69 kV.ElmNet\Demanda Catalina.ElmLod,,69 kV Catalina,WCATAF,69.0,\VM-PF.IntUser\PDD 30-09-2025.IntPrj\Network Model.IntPrjfolder\Network Data.IntPrjfolder\CENTRAL 69 kV.ElmNet\69 kV Catalina.ElmTerm,6.150000095367432,6.110000133514404,8.669175148010254,0.7094100713729858,1.0,PQ
Demanda 1 La Caleta,ZLCALF-D1,0,SANTO DOMINGO,CENTRAL,CENTRAL 69 kV,\VM-PF.IntUser\PDD 30-09-2025.IntPrj\Network Model.IntPrjfolder\Network Data.IntPrjfolder\CENTRAL 69 kV.ElmNet\Demanda 1 La Caleta.ElmLod,,WLCALF(5),,69.0,\VM-PF.IntUser\PDD 30-09-2025.IntPrj\Network Model.IntPrjfolder\Network Data.IntPrjfolder\CENTRAL 69 kV.ElmNet\ZLCALF.ElmSubstat\WLCALF(5).ElmTerm,15.9399995803833,7.659999847412109,17.684999465942383,0.9013288021087646,1.0,PQ
Demanda Base Aérea San Isidro,ZBASIF-D1,0,SANTO DOMINGO,CENTRAL,CENTRAL 69 kV,\VM-PF.IntUser\PDD 30-09-2025.IntPrj\Network Model.IntPrjfolder\Network Data.IntPrjfolder\CENTRAL 69 kV.ElmNet\Demanda Base Aérea San Isidro.ElmLod,,69 kV Base Aérea San Isidro,WBASIF,69.0,\VM-PF.IntUser\PDD 30-09-2025.IntPrj\Network Model.IntPrjfolder\Network Data.IntPrjfolder\CENTRAL 69 kV.ElmNet\69 kV Base Aérea San Isidro.ElmTerm,2.4100000858306885,2.059999942779541,3.1704416275024414,0.7601464986801147,1.0,PQ
Demanda Asociación Industrial ZF SPM,ZZSPMF-D1,0,ESTE CERCANO,ESTE,CENTRAL 69 kV,\VM-PF.IntUser\PDD 30-09-2025.IntPrj\Network Model.IntPrjfolder\Network Data.IntPrjfolder\CENTRAL 69 kV.ElmNet\Demanda Asociación Industrial ZF SPM.ElmLod,,69 kV Asociación Industrial ZF SPM,WZSPMF,69.0,\VM-PF.IntUser\PDD 30-09-2025.IntPrj\Network Model.IntPrjfolder\Network Data.IntPrjfolder\ESTE 69 kV.ElmNet\69 kV Asociación Industrial ZF SPM.ElmTerm,4.199999809265137,0.6499999761581421,4.25,0.9882352352142334,1.0,PQ
Demanda Aeropuerto El Higüero,ZAHIGF-D1,0,SANTO DOMINGO,CENTRAL,CENTRAL 69 kV,\VM-PF.IntUser\PDD 30-09-2025.IntPrj\Network Model.IntPrjfolder\Network Data.IntPrjfolder\CENTRAL 69 kV.ElmNet\Demanda Aeropuerto El Higüero.ElmLod,,69 kV Aeropuerto El Higüero,WAHIGF,69.0,\VM-PF.IntUser\PDD 30-09-2025.IntPrj\Network Model.IntPrjfolder\Network Data.IntPrjfolder\CENTRAL 69 kV.ElmNet\69 kV Aeropuerto El Higüero.ElmTerm,0.28999999165534973,0.27000001072883606,0.3962322473526001,0.7318939566612244,1.0,PQ
Demanda Aero Las Américas,ZAAMEF-D1,0,SANTO DOMINGO,CENTRAL,CENTRAL 69 kV,\VM-PF.IntUser\PDD 30-09-2025.IntPrj\Network Model.IntPrjfolder\Network Data.IntPrjfolder\CENTRAL 69 kV.ElmNet\Demanda Aero Las Américas.ElmLod,,69 kV Aero Las Américas,WAAMEF,69.0,\VM-PF.IntUser\PDD 30-09-2025.IntPrj\Network Model.IntPrjfolder\Network Data.IntPrjfolder\CENTRAL 69 kV.ElmNet\69 kV Aero Las Américas.ElmTerm,3.8299999237060547,1.1299999952316284,3.9932191371917725,0.9591258764266968,1.0,PQ
Demanda Aluminio Dominicano,ZADOMF-D1,0,SANTO DOMINGO,CENTRAL,CENTRAL 69 kV,\VM-PF.IntUser\PDD 30-09-2025.IntPrj\Network Model.IntPrjfolder\Network Data.IntPrjfolder\CENTRAL 69 kV.ElmNet\Demanda Aluminio Dominicano.ElmLod,,69 kV Aluminio Dominicano,WADOMF,69.0,\VM-PF.IntUser\PDD 30-09-2025.IntPrj\Network Model.IntPrjfolder\Network Data.IntPrjfolder\CENTRAL 69 kV.ElmNet\69 kV Aluminio Dominicano.ElmTerm,0.25,0.0,0.25,1.0,1.0,PQ
Demanda Acueducto Brujuela,ZABRUF-D1,0,SANTO DOMINGO,CENTRAL,CENTRAL 69 kV,\VM-PF.IntUser\PDD 30-09-2025.IntPrj\Network Model.IntPrjfolder\Network Data.IntPrjfolder\CENTRAL 69 kV.ElmNet\Demanda Acueducto Brujuela.ElmLod,,69 kV Acueducto Brujuela,WABRUF,69.0,\VM-PF.IntUser\PDD 30-09-2025.IntPrj\Network Model.IntPrjfolder\Network Data.IntPrjfolder\CENTRAL 69 kV.ElmNet\69 kV Acueducto Brujuela.ElmTerm,4.619999885559082,4.659999847412109,6.56201171875,0.7040523886680603,1.0,PQ
Demanda 1 Invivienda,ZINVIF-D1,0,SANTO DOMINGO,CENTRAL,CENTRAL 69 kV,\VM-PF.IntUser\PDD 30-09-2025.IntPrj\Network Model.IntPrjfolder\Network Data.IntPrjfolder\CENTRAL 69 kV.ElmNet\Demanda 1 Invivienda.ElmLod,,R2,,69.0,\VM-PF.IntUser\PDD 30-09-2025.IntPrj\Network Model.IntPrjfolder\Network Data.IntPrjfolder\CENTRAL 69 kV.ElmNet\ZINVIF.ElmSubstat\R2.ElmTerm,30.940000534057617,9.770000457763672,32.44590377807617,0.9535872340202332,1.0,PQ
Demanda Acueducto La Isabela,ZALISF-D1,0,SANTO DOMINGO,CENTRAL,CENTRAL 69 kV,\VM-PF.IntUser\PDD 30-09-2025.IntPrj\Network Model.IntPrjfolder\Network Data.IntPrjfolder\CENTRAL 69 kV.ElmNet\Demanda Acueducto La Isabela.ElmLod,,69 kV Acueducto La Isabela,WALISF,69.0,\VM-PF.IntUser\PDD 30-09-2025.IntPrj\Network Model.IntPrjfolder\Network Data.IntPrjfolder\CENTRAL 69 kV.ElmNet\69 kV Acueducto La Isabela.ElmTerm,0.47999998927116394,0.49000000953674316,0.6859300136566162,0.6997798085212708,1.0,DEF
SSAA EDM3 TG1,ZEM31K-D1,0,DISTRITO NACIONAL,CENTRAL,CENTRAL 69 kV,\VM-PF.IntUser\PDD 30-09-2025.IntPrj\Network Model.IntPrjfolder\Network Data.IntPrjfolder\CENTRAL 69 kV.ElmNet\EDM 3.ElmSite\SSAA EDM3 TG1.ElmLod,,Terminal EDM3 TG1,WEM31K,13.800000190734863,\VM-PF.IntUser\PDD 30-09-2025.IntPrj\Network Model.IntPrjfolder\Network Data.IntPrjfolder\CENTRAL 69 kV.ElmNet\EDM 3.ElmSite\Terminal EDM3 TG1.ElmTerm,0.9700000286102295,0.4099999964237213,1.0530906915664673,0.9210982918739319,1.0,DEF
SSAA EDM3 TG2,ZEM32K-D1,0,DISTRITO NACIONAL,CENTRAL,CENTRAL 69 kV,\VM-PF.IntUser\PDD 30-09-2025.IntPrj\Network Model.IntPrjfolder\Network Data.IntPrjfolder\CENTRAL 69 kV.ElmNet\EDM 3.ElmSite\SSAA EDM3 TG2.ElmLod,,Terminal EDM3 TG2,WEM32K,13.800000190734863,\VM-PF.IntUser\PDD 30-09-2025.IntPrj\Network Model.IntPrjfolder\Network Data.IntPrjfolder\CENTRAL 69 kV.ElmNet\EDM 3.ElmSite\Terminal EDM3 TG2.ElmTerm,0.9700000286102295,0.4099999964237213,1.0530906915664673,0.9210982918739319,1.0,DEF
Demanda Multiform,ZMULTF-D1,0,SANTO DOMINGO,CENTRAL,CENTRAL 69 kV,\VM-PF.IntUser\PDD 30-09-2025.IntPrj\Network Model.IntPrjfolder\Network Data.IntPrjfolder\CENTRAL 69 kV.ElmNet\Demanda Multiform.ElmLod,,69 kV Multiform,WMULTF,69.0,\VM-PF.IntUser\PDD 30-09-2025.IntPrj\Network Model.IntPrjfolder\Network Data.IntPrjfolder\CENTRAL 69 kV.ElmNet\69 kV Multiform.ElmTerm,3.740000009536743,1.809999942779541,4.154961109161377,0.9001287817955017,1.0,DEF
Demanda Textiles Titán,ZTTITF-D1,0,DISTRITO NACIONAL,CENTRAL,CENTRAL 69 kV,\VM-PF.IntUser\PDD 30-09-2025.IntPrj\Network Model.IntPrjfolder\Network Data.IntPrjfolder\CENTRAL 69 kV.ElmNet\Demanda Textiles Titán.ElmLod,,69 kV Textiles Titán,WTTITF,69.0,\VM-PF.IntUser\PDD 30-09-2025.IntPrj\Network Model.IntPrjfolder\Network Data.IntPrjfolder\CENTRAL 69 kV.ElmNet\69 kV Textiles Titán.ElmTerm,0.7400000095367432,0.3100000023841858,0.8023091554641724,0.9223377108573914,1.0,DEF
Demanda ZF San Isidro,ZZSISF-D1,0,SANTO DOMINGO,CENTRAL,CENTRAL 69 kV,\VM-PF.IntUser\PDD 30-09-2025.IntPrj\Network Model.IntPrjfolder\Network Data.IntPrjfolder\CENTRAL 69 kV.ElmNet\Demanda ZF San Isidro.ElmLod,,69 kV ZF San Isidro,WZSISF,69.0,\VM-PF.IntUser\PDD 30-09-2025.IntPrj\Network Model.IntPrjfolder\Network Data.IntPrjfolder\CENTRAL 69 kV.ElmNet\69 kV ZF San Isidro.ElmTerm,5.409999847412109,0.6800000071525574,5.452568054199219,0.9921929836273193,1.0,DEF
Demanda Guerra,ZGUERF-D1,0,SANTO DOMINGO,CENTRAL,CENTRAL 69 kV,\VM-PF.IntUser\PDD 30-09-2025.IntPrj\Network Model.IntPrjfolder\Network Data.IntPrjfolder\CENTRAL 69 kV.ElmNet\Demanda Guerra.ElmLod,,69 kV Guerra,WGUERF,69.0,\VM-PF.IntUser\PDD 30-09-2025.IntPrj\Network Model.IntPrjfolder\Network Data.IntPrjfolder\CENTRAL 69 kV.ElmNet\69 kV Guerra.ElmTerm,2.5799999237060547,2.7100000381469727,3.7417242527008057,0.6895216703414917,1.0,DEF
Demanda 2 ZF Las Américas,ZZAMEF-D2,0,SANTO DOMINGO,CENTRAL,CENTRAL 69 kV,\VM-PF.IntUser\PDD 30-09-2025.IntPrj\Network Model.IntPrjfolder\Network Data.IntPrjfolder\CENTRAL 69 kV.ElmNet\Demanda 2 ZF Las Américas.ElmLod,,1(1),,69.0,\VM-PF.IntUser\PDD 30-09-2025.IntPrj\Network Model.IntPrjfolder\Network Data.IntPrjfolder\CENTRAL 69 kV.ElmNet\ZZAMEF.ElmSubstat\1(1).ElmTerm,12.84000015258789,5.46999979019165,13.95659351348877,0.9199953079223633,1.0,DEF
Demanda 2 Invivienda,ZINVBF-D1,0,SANTO DOMINGO,CENTRAL,CENTRAL 69 kV,\VM-PF.IntUser\PDD 30-09-2025.IntPrj\Network Model.IntPrjfolder\Network Data.IntPrjfolder\CENTRAL 69 kV.ElmNet\Demanda 2 Invivienda.ElmLod,,L2,,69.0,\VM-PF.IntUser\PDD 30-09-2025.IntPrj\Network Model.IntPrjfolder\Network Data.IntPrjfolder\CENTRAL 69 kV.ElmNet\ZINVIF.ElmSubstat\L2.ElmTerm,31.209999084472656,10.020000457763672,32.77902603149414,0.9521331787109375,1.0,DEF
Demanda 3 Kilómetro 10.5,ZKDMEF-D2,0,SANTO DOMINGO,CENTRAL,CENTRAL 69 kV,\VM-PF.IntUser\PDD 30-09-2025.IntPrj\Network Model.IntPrjfolder\Network Data.IntPrjfolder\CENTRAL 69 kV.ElmNet\Demanda 3 Kilómetro 10.5.ElmLod,,L3,,69.0,\VM-PF.IntUser\PDD 30-09-2025.IntPrj\Network Model.IntPrjfolder\Network Data.IntPrjfolder\CENTRAL 69 kV.ElmNet\ZKDMEF.ElmSubstat\L3.ElmTerm,25.8700008392334,0.3199999928474426,25.871980667114258,0.9999234676361084,1.0,PQ
SSAA Mata de Palma,ZMPALK-D1,1,SANTO DOMINGO,CENTRAL,CENTRAL 69 kV,\VM-PF.IntUser\PDD 30-09-2025.IntPrj\Network Model.IntPrjfolder\Network Data.IntPrjfolder\CENTRAL 69 kV.ElmNet\Mata de Palma.ElmSite\SSAA Mata de Palma.ElmLod,,Terminal Mata de Palma,WMPALK,34.5,\VM-PF.IntUser\PDD 30-09-2025.IntPrj\Network Model.IntPrjfolder\Network Data.IntPrjfolder\CENTRAL 69 kV.ElmNet\Mata de Palma.ElmSite\Terminal Mata de Palma.ElmTerm,0.0,0.0,0.0,1.0,1.0,DEF
Demanda 2 Capotillo,ZCAPOF-D2,0,DISTRITO NACIONAL,CENTRAL,CENTRAL 69 kV,\VM-PF.IntUser\PDD 30-09-2025.IntPrj\Network Model.IntPrjfolder\Network Data.IntPrjfolder\CENTRAL 69 kV.ElmNet\Demanda 2 Capotillo.ElmLod,,4,,69.0,\VM-PF.IntUser\PDD 30-09-2025.IntPrj\Network Model.IntPrjfolder\Network Data.IntPrjfolder\CENTRAL 69 kV.ElmNet\ZCAPOF.ElmSubstat\4.ElmTerm,36.08000183105469,11.649999618530273,37.91423416137695,0.9516215324401855,1.0,DEF
Demanda Grupo Ramos Mella,ZXGRMF-D1,0,SANTO DOMINGO,CENTRAL,CENTRAL 69 kV,\VM-PF.IntUser\PDD 30-09-2025.IntPrj\Network Model.IntPrjfolder\Network Data.IntPrjfolder\CENTRAL 69 kV.ElmNet\Demanda Grupo Ramos Mella.ElmLod,,69 kV Grupo Ramos Mella,WGRMEF,69.0,\VM-PF.IntUser\PDD 30-09-2025.IntPrj\Network Model.IntPrjfolder\Network Data.IntPrjfolder\CENTRAL 69 kV.ElmNet\69 kV Grupo Ramos Mella.ElmTerm,0.4099999964237213,0.8100000023841858,0.9078546166419983,0.4516141414642334,1.0,DEF
Demanda 2 La Caleta,ZLCALF-D2,0,SANTO DOMINGO,CENTRAL,CENTRAL 69 kV,\VM-PF.IntUser\PDD 30-09-2025.IntPrj\Network Model.IntPrjfolder\Network Data.IntPrjfolder\CENTRAL 69 kV.ElmNet\Demanda 2 La Caleta.ElmLod,,WLCALF(6),,69.0,\VM-PF.IntUser\PDD 30-09-2025.IntPrj\Network Model.IntPrjfolder\Network Data.IntPrjfolder\CENTRAL 69 kV.ElmNet\ZLCALF.ElmSubstat\WLCALF(6).ElmTerm,1.6699999570846558,0.800000011920929,1.851728916168213,0.9018598198890686,1.0,DEF
Demanda 2 Despacho,ZDESPF-D2,0,DISTRITO NACIONAL,CENTRAL,CENTRAL 69 kV,\VM-PF.IntUser\PDD 30-09-2025.IntPrj\Network Model.IntPrjfolder\Network Data.IntPrjfolder\CENTRAL 69 kV.ElmNet\Demanda 2 Despacho.ElmLod,,1,,69.0,\VM-PF.IntUser\PDD 30-09-2025.IntPrj\Network Model.IntPrjfolder\Network Data.IntPrjfolder\CENTRAL 69 kV.ElmNet\ZDESPF.ElmSubstat\1.ElmTerm,28.459999084472656,9.970000267028809,30.15580177307129,0.9437652826309204,1.0,DEF
Demanda 3 Despacho,ZDESPF-D3,0,DISTRITO NACIONAL,CENTRAL,CENTRAL 69 kV,\VM-PF.IntUser\PDD 30-09-2025.IntPrj\Network Model.IntPrjfolder\Network Data.IntPrjfolder\CENTRAL 69 kV.ElmNet\Demanda 3 Despacho.ElmLod,,2,,69.0,\VM-PF.IntUser\PDD 30-09-2025.IntPrj\Network Model.IntPrjfolder\Network Data.IntPrjfolder\CENTRAL 69 kV.ElmNet\ZDESPF.ElmSubstat\2.ElmTerm,0.0,0.0,0.0,1.0,1.0,DEF
Demanda Parque Industrial Duarte,ZPIDUF-D1,0,SANTO DOMINGO,CENTRAL,CENTRAL 69 kV,\VM-PF.IntUser\PDD 30-09-2025.IntPrj\Network Model.IntPrjfolder\Network Data.IntPrjfolder\CENTRAL 69 kV.ElmNet\Demanda Parque Industrial Duarte.ElmLod,,69 kV Parque Industrial Duarte,WPIDUF,69.0,\VM-PF.IntUser\PDD 30-09-2025.IntPrj\Network Model.IntPrjfolder\Network Data.IntPrjfolder\CENTRAL 69 kV.ElmNet\69 kV Parque Industrial Duarte.ElmTerm,11.0,3.619999885559082,11.580345153808594,0.9498853087425232,1.0,DEF
Demanda Parque Caribbean Glass,ZPCGLF-D1,0,SANTO DOMINGO,CENTRAL,CENTRAL 69 kV,\VM-PF.IntUser\PDD 30-09-2025.IntPrj\Network Model.IntPrjfolder\Network Data.IntPrjfolder\CENTRAL 69 kV.ElmNet\Demanda Parque Caribbean Glass.ElmLod,,69 kV Parque Caribbean Glass,WPCGLF,69.0,\VM-PF.IntUser\PDD 30-09-2025.IntPrj\Network Model.IntPrjfolder\Network Data.IntPrjfolder\CENTRAL 69 kV.ElmNet\69 kV Parque Caribbean Glass.ElmTerm,2.200000047683716,0.44999998807907104,2.245551109313965,0.9797149896621704,1.0,DEF
SSAA Martí,ZMARTK-D1,1,SANTO DOMINGO,CENTRAL,CENTRAL 69 kV,\VM-PF.IntUser\PDD 30-09-2025.IntPrj\Network Model.IntPrjfolder\Network Data.IntPrjfolder\CENTRAL 69 kV.ElmNet\Martí.ElmSite\SSAA Martí.ElmLod,,Terminal Martí,WMARTK,34.5,\VM-PF.IntUser\PDD 30-09-2025.IntPrj\Network Model.IntPrjfolder\Network Data.IntPrjfolder\CENTRAL 69 kV.ElmNet\Martí.ElmSite\Terminal Martí.ElmTerm,0.0,0.0,0.0,1.0,1.0,DEF
SSAA Maranatha,ZMARAK-D1,1,SANTO DOMINGO,CENTRAL,CENTRAL 69 kV,\VM-PF.IntUser\PDD 30-09-2025.IntPrj\Network Model.IntPrjfolder\Network Data.IntPrjfolder\CENTRAL 69 kV.ElmNet\Maranatha.ElmSite\SSAA Maranatha.ElmLod,Cargas zona sur,Terminal Maranatha,WMARAK,13.800000190734863,\VM-PF.IntUser\PDD 30-09-2025.IntPrj\Network Model.IntPrjfolder\Network Data.IntPrjfolder\CENTRAL 69 kV.ElmNet\Maranatha.ElmSite\Terminal Maranatha.ElmTerm,0.0,0.0,0.0,1.0,1.0,DEF
Demanda DISDO,ZDISDF-D1,0,SANTO DOMINGO,CENTRAL,CENTRAL 69 kV,\VM-PF.IntUser\PDD 30-09-2025.IntPrj\Network Model.IntPrjfolder\Network Data.IntPrjfolder\CENTRAL 69 kV.ElmNet\Demanda DISDO.ElmLod,,69 kV DISDO,WDISDF,69.0,\VM-PF.IntUser\PDD 30-09-2025.IntPrj\Network Model.IntPrjfolder\Network Data.IntPrjfolder\CENTRAL 69 kV.ElmNet\69 kV DISDO.ElmTerm,2.549999952316284,0.800000011920929,2.6725454330444336,0.9541465044021606,1.0,DEF
69 kV CCN Parq. Logís Pedro Brand D1,ZPLCCF-D1,1,SANTO DOMINGO,CENTRAL,CENTRAL 69 kV,\VM-PF.IntUser\PDD 30-09-2025.IntPrj\Network Model.IntPrjfolder\Network Data.IntPrjfolder\CENTRAL 69 kV.ElmNet\69 kV CCN Parq. Logís Pedro Brand D1.ElmLod,,69 kV Parque Logístico CCN,WPLCCF,69.0,\VM-PF.IntUser\PDD 30-09-2025.IntPrj\Network Model.IntPrjfolder\Network Data.IntPrjfolder\CENTRAL 69 kV.ElmNet\69 kV Parque Logístico CCN.ElmTerm,0.0,0.0,0.0,1.0,1.0,DEF
69 kV Templastisa D1,ZTHAIF-D1,1,SANTO DOMINGO,CENTRAL,CENTRAL 69 kV,\VM-PF.IntUser\PDD 30-09-2025.IntPrj\Network Model.IntPrjfolder\Network Data.IntPrjfolder\CENTRAL 69 kV.ElmNet\69 kV Templastisa D1.ElmLod,,69 kV Templastisa Hainamosa,WTHAIF,69.0,\VM-PF.IntUser\PDD 30-09-2025.IntPrj\Network Model.IntPrjfolder\Network Data.IntPrjfolder\CENTRAL 69 kV.ElmNet\69 kV Templastisa Hainamosa.ElmTerm,0.0,0.0,0.0,1.0,1.0,DEF
Demanda 3 La Caleta,ZLCALF-D3,0,SANTO DOMINGO,CENTRAL,CENTRAL 69 kV,\VM-PF.IntUser\PDD 30-09-2025.IntPrj\Network Model.IntPrjfolder\Network Data.IntPrjfolder\CENTRAL 69 kV.ElmNet\Demanda 3 La Caleta.ElmLod,,1,,69.0,\VM-PF.IntUser\PDD 30-09-2025.IntPrj\Network Model.IntPrjfolder\Network Data.IntPrjfolder\CENTRAL 69 kV.ElmNet\ZLCALF.ElmSubstat\1.ElmTerm,0.0,0.0,0.0,1.0,1.0,DEF
69 kV Las Parras D1,WLPARF-D1,0,SANTO DOMINGO,CENTRAL,CENTRAL 69 kV,\VM-PF.IntUser\PDD 30-09-2025.IntPrj\Network Model.IntPrjfolder\Network Data.IntPrjfolder\CENTRAL 69 kV.ElmNet\69 kV Las Parras D1.ElmLod,,69 kV Las Parras,WLPARF,69.0,\VM-PF.IntUser\PDD 30-09-2025.IntPrj\Network Model.IntPrjfolder\Network Data.IntPrjfolder\CENTRAL 69 kV.ElmNet\69 kV Las Parras.ElmTerm,0.0,0.0,0.0,1.0,1.0,DEF
69 kV ZF Hainamosa D1,ZHAINF-D1,1,SANTO DOMINGO,CENTRAL,CENTRAL 69 kV,\VM-PF.IntUser\PDD 30-09-2025.IntPrj\Network Model.IntPrjfolder\Network Data.IntPrjfolder\CENTRAL 69 kV.ElmNet\69 kV ZF Hainamosa D1.ElmLod,,69 kV ZF Hainamosa,WZHAIF,69.0,\VM-PF.IntUser\PDD 30-09-2025.IntPrj\Network Model.IntPrjfolder\Network Data.IntPrjfolder\CENTRAL 69 kV.ElmNet\69 kV ZF Hainamosa.ElmTerm,0.0,0.0,0.0,1.0,1.0,DEF
SSAA Quisqueya 1 San Pedro,ZQ1SPK -D1,0,ESTE CERCANO,ESTE,Expansión 345 kV,\VM-PF.IntUser\PDD 30-09-2025.IntPrj\Network Model.IntPrjfolder\Network Data.IntPrjfolder\Expansión 345 kV.ElmNet\Quisqueya.ElmSite\SSAA Quisqueya 1 San Pedro.ElmLod,,E3,,13.800000190734863,\VM-PF.IntUser\PDD 30-09-2025.IntPrj\Network Model.IntPrjfolder\Network Data.IntPrjfolder\Expansión 345 kV.ElmNet\Quisqueya.ElmSite\TER QUISQUEYA1.ElmSubstat\E3.ElmTerm,1.3200000524520874,0.5600000023841858,1.4338759183883667,0.9205817580223083,1.0,DEF
SSAA Quisqueya 2 G3,ZQU23K-D1,0,ESTE CERCANO,ESTE,Expansión 345 kV,\VM-PF.IntUser\PDD 30-09-2025.IntPrj\Network Model.IntPrjfolder\Network Data.IntPrjfolder\Expansión 345 kV.ElmNet\Quisqueya.ElmSite\SSAA Quisqueya 2 G3.ElmLod,,E10,,13.800000190734863,\VM-PF.IntUser\PDD 30-09-2025.IntPrj\Network Model.IntPrjfolder\Network Data.IntPrjfolder\Expansión 345 kV.ElmNet\Quisqueya.ElmSite\TER QUISQUEYA2.ElmSubstat\E10.ElmTerm,0.8999999761581421,0.3799999952316284,0.9769339561462402,0.9212495684623718,1.0,DEF
SSAA Quisqueya 2 G2,ZQU22K-D1,0,ESTE CERCANO,ESTE,Expansión 345 kV,\VM-PF.IntUser\PDD 30-09-2025.IntPrj\Network Model.IntPrjfolder\Network Data.IntPrjfolder\Expansión 345 kV.ElmNet\Quisqueya.ElmSite\SSAA Quisqueya 2 G2.ElmLod,,E7,,13.800000190734863,\VM-PF.IntUser\PDD 30-09-2025.IntPrj\Network Model.IntPrjfolder\Network Data.IntPrjfolder\Expansión 345 kV.ElmNet\Quisqueya.ElmSite\TER QUISQUEYA2.ElmSubstat\E7.ElmTerm,1.3700000047683716,0.44999998807907104,1.4420125484466553,0.9500610828399658,1.0,DEF
SSAA Quisqueya 2 G1,ZQU21K-D1,0,ESTE CERCANO,ESTE,Expansión 345 kV,\VM-PF.IntUser\PDD 30-09-2025.IntPrj\Network Model.IntPrjfolder\Network Data.IntPrjfolder\Expansión 345 kV.ElmNet\Quisqueya.ElmSite\SSAA Quisqueya 2 G1.ElmLod,,E3,,13.800000190734863,\VM-PF.IntUser\PDD 30-09-2025.IntPrj\Network Model.IntPrjfolder\Network Data.IntPrjfolder\Expansión 345 kV.ElmNet\Quisqueya.ElmSite\TER QUISQUEYA2.ElmSubstat\E3.ElmTerm,1.3700000047683716,0.44999998807907104,1.4420125484466553,0.9500610828399658,1.0,DEF
SSAA Quisqueya 1 G2,ZQU12K-D1,0,ESTE CERCANO,ESTE,Expansión 345 kV,\VM-PF.IntUser\PDD 30-09-2025.IntPrj\Network Model.IntPrjfolder\Network Data.IntPrjfolder\Expansión 345 kV.ElmNet\Quisqueya.ElmSite\SSAA Quisqueya 1 G2.ElmLod,,E7,,13.800000190734863,\VM-PF.IntUser\PDD 30-09-2025.IntPrj\Network Model.IntPrjfolder\Network Data.IntPrjfolder\Expansión 345 kV.ElmNet\Quisqueya.ElmSite\TER QUISQUEYA1.ElmSubstat\E7.ElmTerm,1.3700000047683716,0.5799999833106995,1.4877163171768188,0.9208744764328003,1.0,DEF
SSAA Quisqueya 1 G3,ZQU13K-D1,0,ESTE CERCANO,ESTE,Expansión 345 kV,\VM-PF.IntUser\PDD 30-09-2025.IntPrj\Network Model.IntPrjfolder\Network Data.IntPrjfolder\Expansión 345 kV.ElmNet\Quisqueya.ElmSite\SSAA Quisqueya 1 G3.ElmLod,,E11,,13.800000190734863,\VM-PF.IntUser\PDD 30-09-2025.IntPrj\Network Model.IntPrjfolder\Network Data.IntPrjfolder\Expansión 345 kV.ElmNet\Quisqueya.ElmSite\TER QUISQUEYA1.ElmSubstat\E11.ElmTerm,1.5399999618530273,0.6600000262260437,1.6754701137542725,0.9191449880599976,1.0,DEF
Demanda PVDC,ZPVDCD-D1,0,CIBAO SUR,NORTE,Expansión 345 kV,\VM-PF.IntUser\PDD 30-09-2025.IntPrj\Network Model.IntPrjfolder\Network Data.IntPrjfolder\Expansión 345 kV.ElmNet\PVDC.ElmSite\Demanda PVDC.ElmLod,,L2,,230.0,\VM-PF.IntUser\PDD 30-09-2025.IntPrj\Network Model.IntPrjfolder\Network Data.IntPrjfolder\Expansión 345 kV.ElmNet\PVDC.ElmSite\ZPVDCD.ElmSubstat\L2.ElmTerm,185.0,0.0,185.0,1.0,1.0,DEF
Demanda Punta Catalina,ZPCATL-D1,1,SUR CERCANO,SUR,Expansión 345 kV,\VM-PF.IntUser\PDD 30-09-2025.IntPrj\Network Model.IntPrjfolder\Network Data.IntPrjfolder\Expansión 345 kV.ElmNet\Punta Catalina.ElmSite\Demanda Punta Catalina.ElmLod,,2,,138.0,\VM-PF.IntUser\PDD 30-09-2025.IntPrj\Network Model.IntPrjfolder\Network Data.IntPrjfolder\Expansión 345 kV.ElmNet\Punta Catalina.ElmSite\ZPCATE1.ElmSubstat\2.ElmTerm,0.0,0.0,0.0,1.0,1.0,DEF
SSAA Punta Catalina 1,ZPCA1L-D1,0,SUR CERCANO,SUR,Expansión 345 kV,\VM-PF.IntUser\PDD 30-09-2025.IntPrj\Network Model.IntPrjfolder\Network Data.IntPrjfolder\Expansión 345 kV.ElmNet\Punta Catalina.ElmSite\SSAA Punta Catalina 1.ElmLod,,Terminal Punta Catalina 1,WPCA1K,22.0,\VM-PF.IntUser\PDD 30-09-2025.IntPrj\Network Model.IntPrjfolder\Network Data.IntPrjfolder\Expansión 345 kV.ElmNet\Punta Catalina.ElmSite\Terminal Punta Catalina 1.ElmTerm,34.0,14.479999542236328,36.954978942871094,0.9200384020805359,1.0,DEF
SSAA Punta Catalina 2,ZPCA2L-D1,0,SUR CERCANO,SUR,Expansión 345 kV,\VM-PF.IntUser\PDD 30-09-2025.IntPrj\Network Model.IntPrjfolder\Network Data.IntPrjfolder\Expansión 345 kV.ElmNet\Punta Catalina.ElmSite\SSAA Punta Catalina 2.ElmLod,,Terminal Punta Catalina 2,WPCA2K,22.0,\VM-PF.IntUser\PDD 30-09-2025.IntPrj\Network Model.IntPrjfolder\Network Data.IntPrjfolder\Expansión 345 kV.ElmNet\Punta Catalina.ElmSite\Terminal Punta Catalina 2.ElmTerm,36.0,15.34000015258789,39.13202667236328,0.9199625849723816,1.0,DEF
SSAA Sultana del Este 2,ZSES2K-D1,1,ESTE CERCANO,ESTE,ESTE 138 kV,\VM-PF.IntUser\PDD 30-09-2025.IntPrj\Network Model.IntPrjfolder\Network Data.IntPrjfolder\ESTE 138 kV.ElmNet\Sultana del Este.ElmSite\SSAA Sultana del Este 2.ElmLod,,Terminal Sultana del Este 2,WSES2K,13.800000190734863,\VM-PF.IntUser\PDD 30-09-2025.IntPrj\Network Model.IntPrjfolder\Network Data.IntPrjfolder\ESTE 138 kV.ElmNet\Sultana del Este.ElmSite\Terminal Sultana del Este 2.ElmTerm,0.0,0.0,0.0,1.0,1.0,PQ
SSAA Sultana del Este 3,ZSES3K-D1,1,ESTE CERCANO,ESTE,ESTE 138 kV,\VM-PF.IntUser\PDD 30-09-2025.IntPrj\Network Model.IntPrjfolder\Network Data.IntPrjfolder\ESTE 138 kV.ElmNet\Sultana del Este.ElmSite\SSAA Sultana del Este 3.ElmLod,,Terminal Sultana del Este 3,WSES3K,13.800000190734863,\VM-PF.IntUser\PDD 30-09-2025.IntPrj\Network Model.IntPrjfolder\Network Data.IntPrjfolder\ESTE 138 kV.ElmNet\Sultana del Este.ElmSite\Terminal Sultana del Este 3.ElmTerm,0.0,0.0,0.0,1.0,1.0,PQ
Demanda La Romana,ZLROME-D1,0,ESTE PROFUNDO,ESTE,ESTE 138 kV,\VM-PF.IntUser\PDD 30-09-2025.IntPrj\Network Model.IntPrjfolder\Network Data.IntPrjfolder\ESTE 138 kV.ElmNet\La Romana.ElmSite\Demanda La Romana.ElmLod,,3,,138.0,\VM-PF.IntUser\PDD 30-09-2025.IntPrj\Network Model.IntPrjfolder\Network Data.IntPrjfolder\ESTE 138 kV.ElmNet\La Romana.ElmSite\ZLROME.ElmSubstat\3.ElmTerm,15.430000305175781,4.75,16.14457893371582,0.9557387828826904,1.0,PQ
Demanda 2 La Romana,WLROME-D2,0,ESTE PROFUNDO,ESTE,ESTE 138 kV,\VM-PF.IntUser\PDD 30-09-2025.IntPrj\Network Model.IntPrjfolder\Network Data.IntPrjfolder\ESTE 138 kV.ElmNet\La Romana.ElmSite\Demanda 2 La Romana.ElmLod,,7,,138.0,\VM-PF.IntUser\PDD 30-09-2025.IntPrj\Network Model.IntPrjfolder\Network Data.IntPrjfolder\ESTE 138 kV.ElmNet\La Romana.ElmSite\ZLROME.ElmSubstat\7.ElmTerm,19.549999237060547,6.420000076293945,20.577144622802734,0.9500831961631775,1.0,DEF
SSAA CESPM 3,ZCES3K-D1,0,ESTE CERCANO,ESTE,ESTE 138 kV,\VM-PF.IntUser\PDD 30-09-2025.IntPrj\Network Model.IntPrjfolder\Network Data.IntPrjfolder\ESTE 138 kV.ElmNet\SPM 2.ElmSite\SSAA CESPM 3.ElmLod,,Terminal CESPM 3,WCES3K,13.800000190734863,\VM-PF.IntUser\PDD 30-09-2025.IntPrj\Network Model.IntPrjfolder\Network Data.IntPrjfolder\ESTE 138 kV.ElmNet\SPM 2.ElmSite\Terminal CESPM 3.ElmTerm,3.059999942779541,1.2999999523162842,3.324695348739624,0.9203850626945496,1.0,PQ
SSAA CESPM 2,ZCES2K-D1,0,ESTE CERCANO,ESTE,ESTE 138 kV,\VM-PF.IntUser\PDD 30-09-2025.IntPrj\Network Model.IntPrjfolder\Network Data.IntPrjfolder\ESTE 138 kV.ElmNet\SPM 2.ElmSite\SSAA CESPM 2.ElmLod,,Terminal CESPM 2,WCES2K,13.800000190734863,\VM-PF.IntUser\PDD 30-09-2025.IntPrj\Network Model.IntPrjfolder\Network Data.IntPrjfolder\ESTE 138 kV.ElmNet\SPM 2.ElmSite\Terminal CESPM 2.ElmTerm,3.059999942779541,1.2999999523162842,3.324695348739624,0.9203850626945496,1.0,PQ
SSAA CESPM 1,ZCES1K-D1,0,ESTE CERCANO,ESTE,ESTE 138 kV,\VM-PF.IntUser\PDD 30-09-2025.IntPrj\Network Model.IntPrjfolder\Network Data.IntPrjfolder\ESTE 138 kV.ElmNet\SPM 2.ElmSite\SSAA CESPM 1.ElmLod,,Terminal CESPM 1,WCES1K,13.800000190734863,\VM-PF.IntUser\PDD 30-09-2025.IntPrj\Network Model.IntPrjfolder\Network Data.IntPrjfolder\ESTE 138 kV.ElmNet\SPM 2.ElmSite\Terminal CESPM 1.ElmTerm,3.059999942779541,1.2999999523162842,3.324695348739624,0.9203850626945496,1.0,PQ
Demanda SPM 2,ZSPM2E-D1,0,ESTE CERCANO,ESTE,ESTE 138 kV,\VM-PF.IntUser\PDD 30-09-2025.IntPrj\Network Model.IntPrjfolder\Network Data.IntPrjfolder\ESTE 138 kV.ElmNet\SPM 2.ElmSite\Demanda SPM 2.ElmLod,,R4,,138.0,\VM-PF.IntUser\PDD 30-09-2025.IntPrj\Network Model.IntPrjfolder\Network Data.IntPrjfolder\ESTE 138 kV.ElmNet\SPM 2.ElmSite\ZSPM2E.ElmSubstat\R4.ElmTerm,12.329999923706055,5.210000038146973,13.385552406311035,0.9211423993110657,1.0,PQ
SSAA ENERGAS 4 TG,ZXEN4K-D1,0,ESTE CERCANO,ESTE,ESTE 138 kV,\VM-PF.IntUser\PDD 30-09-2025.IntPrj\Network Model.IntPrjfolder\Network Data.IntPrjfolder\ESTE 138 kV.ElmNet\SPM 2.ElmSite\SSAA ENERGAS 4 TG.ElmLod,,Terminal ENERGAS 4 TG,WXEN4K,13.800000190734863,\VM-PF.IntUser\PDD 30-09-2025.IntPrj\Network Model.IntPrjfolder\Network Data.IntPrjfolder\ESTE 138 kV.ElmNet\SPM 2.ElmSite\Terminal ENERGAS 4 TG.ElmTerm,1.2000000476837158,0.5099999904632568,1.303878903388977,0.9203308820724487,1.0,DEF
Demanda CEMEX,ZCEMEE-D1,0,ESTE CERCANO,ESTE,ESTE 138 kV,\VM-PF.IntUser\PDD 30-09-2025.IntPrj\Network Model.IntPrjfolder\Network Data.IntPrjfolder\ESTE 138 kV.ElmNet\CEMEX.ElmSite\Demanda CEMEX.ElmLod,,L2,,13.800000190734863,\VM-PF.IntUser\PDD 30-09-2025.IntPrj\Network Model.IntPrjfolder\Network Data.IntPrjfolder\ESTE 138 kV.ElmNet\CEMEX.ElmSite\ZCEMEK.ElmSubstat\L2.ElmTerm,31.610000610351562,4.420000076293945,31.917526245117188,0.9903649687767029,1.0,PQ
SSAA BERSAL,ZCEMBK-D1,0,ESTE CERCANO,ESTE,ESTE 138 kV,\VM-PF.IntUser\PDD 30-09-2025.IntPrj\Network Model.IntPrjfolder\Network Data.IntPrjfolder\ESTE 138 kV.ElmNet\CEMEX.ElmSite\SSAA BERSAL.ElmLod,,R2,,13.800000190734863,\VM-PF.IntUser\PDD 30-09-2025.IntPrj\Network Model.IntPrjfolder\Network Data.IntPrjfolder\ESTE 138 kV.ElmNet\CEMEX.ElmSite\ZCEMEK.ElmSubstat\R2.ElmTerm,0.15000000596046448,0.07000000029802322,0.16552945971488953,0.906183123588562,1.0,DEF
Demanda El Seibo,ZESEIE-D1,0,ESTE PROFUNDO,ESTE,ESTE 138 kV,\VM-PF.IntUser\PDD 30-09-2025.IntPrj\Network Model.IntPrjfolder\Network Data.IntPrjfolder\ESTE 138 kV.ElmNet\Demanda El Seibo.ElmLod,,2,,138.0,\VM-PF.IntUser\PDD 30-09-2025.IntPrj\Network Model.IntPrjfolder\Network Data.IntPrjfolder\ESTE 138 kV.ElmNet\ZESEIE.ElmSubstat\2.ElmTerm,15.949999809265137,5.239999771118164,16.7886905670166,0.9500442743301392,1.0,PQ
Demanda 1 Higüey 138 kV,ZHIGUE-D1,0,ESTE PROFUNDO,ESTE,ESTE 138 kV,\VM-PF.IntUser\PDD 30-09-2025.IntPrj\Network Model.IntPrjfolder\Network Data.IntPrjfolder\ESTE 138 kV.ElmNet\Demanda 1 Higüey 138 kV.ElmLod,,3,,138.0,\VM-PF.IntUser\PDD 30-09-2025.IntPrj\Network Model.IntPrjfolder\Network Data.IntPrjfolder\ESTE 138 kV.ElmNet\ZHIGUE.ElmSubstat\3.ElmTerm,12.729999542236328,4.179999828338623,13.398704528808594,0.9500918388366699,1.0,PQ
Demanda Juan Dolio,ZJDOLE-D1,0,ESTE CERCANO,ESTE,ESTE 138 kV,\VM-PF.IntUser\PDD 30-09-2025.IntPrj\Network Model.IntPrjfolder\Network Data.IntPrjfolder\ESTE 138 kV.ElmNet\Demanda Juan Dolio.ElmLod,,3,,138.0,\VM-PF.IntUser\PDD 30-09-2025.IntPrj\Network Model.IntPrjfolder\Network Data.IntPrjfolder\ESTE 138 kV.ElmNet\ZJDOLE.ElmSubstat\3.ElmTerm,8.350000381469727,0.0,8.350000381469727,1.0,1.0,PQ
SSAA PF Cumayasa 1,ZXCU1K-D1,1,ESTE PROFUNDO,ESTE,ESTE 138 kV,\VM-PF.IntUser\PDD 30-09-2025.IntPrj\Network Model.IntPrjfolder\Network Data.IntPrjfolder\ESTE 138 kV.ElmNet\Cumayasa.ElmSite\SSAA PF Cumayasa 1.ElmLod,Cargas zona sur,Terminal PF Cumayasa 1,WXCU1K,34.5,\VM-PF.IntUser\PDD 30-09-2025.IntPrj\Network Model.IntPrjfolder\Network Data.IntPrjfolder\ESTE 138 kV.ElmNet\Cumayasa.ElmSite\Terminal PF Cumayasa 1.ElmTerm,0.0,0.0,0.0,1.0,1.0,DEF
SSAA PF Cumayasa 2,ZXCU2K-D1,1,ESTE PROFUNDO,ESTE,ESTE 138 kV,\VM-PF.IntUser\PDD 30-09-2025.IntPrj\Network Model.IntPrjfolder\Network Data.IntPrjfolder\ESTE 138 kV.ElmNet\Cumayasa.ElmSite\SSAA PF Cumayasa 2.ElmLod,Cargas zona sur,Terminal PF Cumayasa 2,WXCU2K,34.5,\VM-PF.IntUser\PDD 30-09-2025.IntPrj\Network Model.IntPrjfolder\Network Data.IntPrjfolder\ESTE 138 kV.ElmNet\Cumayasa.ElmSite\Terminal PF Cumayasa 2.ElmTerm,0.0,0.0,0.0,1.0,1.0,DEF
SSAA PF Cumayasa 4,ZXCU4K-D1,1,ESTE PROFUNDO,ESTE,ESTE 138 kV,\VM-PF.IntUser\PDD 30-09-2025.IntPrj\Network Model.IntPrjfolder\Network Data.IntPrjfolder\ESTE 138 kV.ElmNet\Cumayasa.ElmSite\SSAA PF Cumayasa 4.ElmLod,,Terminal Cumayasa 4,WXCU4K,34.5,\VM-PF.IntUser\PDD 30-09-2025.IntPrj\Network Model.IntPrjfolder\Network Data.IntPrjfolder\ESTE 138 kV.ElmNet\Cumayasa.ElmSite\Terminal Cumayasa 4.ElmTerm,0.0,0.0,0.0,1.0,1.0,DEF
SSAA Los Orígenes,ZLORIK-D1,0,ESTE CERCANO,ESTE,ESTE 138 kV,\VM-PF.IntUser\PDD 30-09-2025.IntPrj\Network Model.IntPrjfolder\Network Data.IntPrjfolder\ESTE 138 kV.ElmNet\Los Orígenes.ElmSite\SSAA Los Orígenes.ElmLod,,Terminal Los Orígenes,WLORIK,12.470000267028809,\VM-PF.IntUser\PDD 30-09-2025.IntPrj\Network Model.IntPrjfolder\Network Data.IntPrjfolder\ESTE 138 kV.ElmNet\Los Orígenes.ElmSite\Terminal Los Orígenes.ElmTerm,0.12999999523162842,0.05000000074505806,0.13928388059139252,0.9333456158638,1.0,DEF
SSAA San Pedro Bio-Energy,ZSPBEE-D1,0,ESTE CERCANO,ESTE,ESTE 138 kV,\VM-PF.IntUser\PDD 30-09-2025.IntPrj\Network Model.IntPrjfolder\Network Data.IntPrjfolder\ESTE 138 kV.ElmNet\San Pedro Bio-Energy.ElmSite\SSAA San Pedro Bio-Energy.ElmLod,,R2,,13.800000190734863,\VM-PF.IntUser\PDD 30-09-2025.IntPrj\Network Model.IntPrjfolder\Network Data.IntPrjfolder\ESTE 138 kV.ElmNet\San Pedro Bio-Energy.ElmSite\ZSPBEK.ElmSubstat\R2.ElmTerm,0.6000000238418579,0.25999999046325684,0.6539113521575928,0.9175556302070618,1.0,DEF
Demanda Ingenio Cristóbal Colón,ZICCOK-D1,0,ESTE CERCANO,ESTE,ESTE 138 kV,\VM-PF.IntUser\PDD 30-09-2025.IntPrj\Network Model.IntPrjfolder\Network Data.IntPrjfolder\ESTE 138 kV.ElmNet\San Pedro Bio-Energy.ElmSite\Demanda Ingenio Cristóbal Colón.ElmLod,,L2,,13.800000190734863,\VM-PF.IntUser\PDD 30-09-2025.IntPrj\Network Model.IntPrjfolder\Network Data.IntPrjfolder\ESTE 138 kV.ElmNet\San Pedro Bio-Energy.ElmSite\ZSPBEK.ElmSubstat\L2.ElmTerm,0.5600000023841858,0.1599999964237213,0.5824087858200073,0.9615239500999451,1.0,DEF
Demanda CIP La Luisa,ZCLUIE-D1,0,ESTE CERCANO,ESTE,ESTE 138 kV,\VM-PF.IntUser\PDD 30-09-2025.IntPrj\Network Model.IntPrjfolder\Network Data.IntPrjfolder\ESTE 138 kV.ElmNet\Demanda CIP La Luisa.ElmLod,,E3,,138.0,\VM-PF.IntUser\PDD 30-09-2025.IntPrj\Network Model.IntPrjfolder\Network Data.IntPrjfolder\ESTE 138 kV.ElmNet\ZCLUIE.ElmSubstat\E3.ElmTerm,8.779999732971191,2.640000104904175,9.168314933776855,0.9576459527015686,1.0,DEF
Demanda SPM,ZSPMAF-D1,0,ESTE CERCANO,ESTE,ESTE 138 kV,\VM-PF.IntUser\PDD 30-09-2025.IntPrj\Network Model.IntPrjfolder\Network Data.IntPrjfolder\ESTE 138 kV.ElmNet\San Pedro.ElmSite\Demanda SPM.ElmLod,,2,,69.0,\VM-PF.IntUser\PDD 30-09-2025.IntPrj\Network Model.IntPrjfolder\Network Data.IntPrjfolder\ESTE 138 kV.ElmNet\San Pedro.ElmSite\ZSPMAF.ElmSubstat\2.ElmTerm,39.20000076293945,13.319999694824219,41.40123748779297,0.9468316435813904,1.0,DEF
69 kV SPM D2,ZSPMAF-D2,1,ESTE CERCANO,ESTE,ESTE 138 kV,\VM-PF.IntUser\PDD 30-09-2025.IntPrj\Network Model.IntPrjfolder\Network Data.IntPrjfolder\ESTE 138 kV.ElmNet\San Pedro.ElmSite\69 kV SPM D2.ElmLod,,7(1),,69.0,\VM-PF.IntUser\PDD 30-09-2025.IntPrj\Network Model.IntPrjfolder\Network Data.IntPrjfolder\ESTE 138 kV.ElmNet\San Pedro.ElmSite\ZSPMAF.ElmSubstat\7(1).ElmTerm,0.0,0.0,0.0,1.0,1.0,DEF
SSAA El Soco,ZXESOE-D1,1,ESTE PROFUNDO,ESTE,ESTE 138 kV,\VM-PF.IntUser\PDD 30-09-2025.IntPrj\Network Model.IntPrjfolder\Network Data.IntPrjfolder\ESTE 138 kV.ElmNet\El Soco.ElmSite\SSAA El Soco.ElmLod,,Terminal Parque Solar El Soco,WXESOK,34.5,\VM-PF.IntUser\PDD 30-09-2025.IntPrj\Network Model.IntPrjfolder\Network Data.IntPrjfolder\ESTE 138 kV.ElmNet\El Soco.ElmSite\Terminal Parque Solar El Soco.ElmTerm,0.0,0.0,0.0,1.0,1.0,DEF
Demanda 2 Higüey 138 kV,ZHIGUE-D2,0,ESTE PROFUNDO,ESTE,ESTE 138 kV,\VM-PF.IntUser\PDD 30-09-2025.IntPrj\Network Model.IntPrjfolder\Network Data.IntPrjfolder\ESTE 138 kV.ElmNet\Demanda 2 Higüey 138 kV.ElmLod,,4,,138.0,\VM-PF.IntUser\PDD 30-09-2025.IntPrj\Network Model.IntPrjfolder\Network Data.IntPrjfolder\ESTE 138 kV.ElmNet\ZHIGUE.ElmSubstat\4.ElmTerm,45.43000030517578,14.930000305175781,47.82039260864258,0.9500131011009216,1.0,DEF
SSAA PF Cotoperí  1,ZCSO1K-D1,1,ESTE PROFUNDO,ESTE,ESTE 138 kV,\VM-PF.IntUser\PDD 30-09-2025.IntPrj\Network Model.IntPrjfolder\Network Data.IntPrjfolder\ESTE 138 kV.ElmNet\Cotoperí.ElmSite\SSAA PF Cotoperí  1.ElmLod,Cargas zona sur,Terminal PF Cotoperí 1,WCSO1K,34.5,\VM-PF.IntUser\PDD 30-09-2025.IntPrj\Network Model.IntPrjfolder\Network Data.IntPrjfolder\ESTE 138 kV.ElmNet\Cotoperí.ElmSite\Terminal PF Cotoperí 1.ElmTerm,0.0,0.0,0.0,1.0,1.0,DEF
SSAA PF Cotoperí  2,ZCSO2K-D1,1,ESTE PROFUNDO,ESTE,ESTE 138 kV,\VM-PF.IntUser\PDD 30-09-2025.IntPrj\Network Model.IntPrjfolder\Network Data.IntPrjfolder\ESTE 138 kV.ElmNet\Cotoperí.ElmSite\SSAA PF Cotoperí  2.ElmLod,Cargas zona sur,Terminal PF Cotoperí 2,WCSO2K,34.5,\VM-PF.IntUser\PDD 30-09-2025.IntPrj\Network Model.IntPrjfolder\Network Data.IntPrjfolder\ESTE 138 kV.ElmNet\Cotoperí.ElmSite\Terminal PF Cotoperí 2.ElmTerm,0.0,0.0,0.0,1.0,1.0,DEF
SSAA PF Cotoperí  3,ZCSO3K-D1,1,ESTE PROFUNDO,ESTE,ESTE 138 kV,\VM-PF.IntUser\PDD 30-09-2025.IntPrj\Network Model.IntPrjfolder\Network Data.IntPrjfolder\ESTE 138 kV.ElmNet\Cotoperí.ElmSite\SSAA PF Cotoperí  3.ElmLod,Cargas zona sur,Terminal PF Cotoperí 3,WCSO3K,34.5,\VM-PF.IntUser\PDD 30-09-2025.IntPrj\Network Model.IntPrjfolder\Network Data.IntPrjfolder\ESTE 138 kV.ElmNet\Cotoperí.ElmSite\Terminal PF Cotoperí 3.ElmTerm,0.0,0.0,0.0,1.0,1.0,DEF
SSAA PF Coastal G1,ZCOA1K-D1,1,ESTE CERCANO,ESTE,ESTE 138 kV,\VM-PF.IntUser\PDD 30-09-2025.IntPrj\Network Model.IntPrjfolder\Network Data.IntPrjfolder\ESTE 138 kV.ElmNet\Coastal.ElmSite\SSAA PF Coastal G1.ElmLod,Cargas zona sur,Terminal Coastal,WCOA1K,34.5,\VM-PF.IntUser\PDD 30-09-2025.IntPrj\Network Model.IntPrjfolder\Network Data.IntPrjfolder\ESTE 138 kV.ElmNet\Coastal.ElmSite\Terminal Coastal.ElmTerm,0.0,0.0,0.0,1.0,1.0,DEF
SSAA PF Coastal G2,ZCOA2K-D1,1,ESTE CERCANO,ESTE,ESTE 138 kV,\VM-PF.IntUser\PDD 30-09-2025.IntPrj\Network Model.IntPrjfolder\Network Data.IntPrjfolder\ESTE 138 kV.ElmNet\Coastal.ElmSite\SSAA PF Coastal G2.ElmLod,Cargas zona sur,Terminal Coastal 2,WCOA2K,34.5,\VM-PF.IntUser\PDD 30-09-2025.IntPrj\Network Model.IntPrjfolder\Network Data.IntPrjfolder\ESTE 138 kV.ElmNet\Coastal.ElmSite\Terminal Coastal 2.ElmTerm,0.0,0.0,0.0,1.0,1.0,DEF
Demanda 2 CIP La Luisa,ZCLUIE-D2,0,ESTE CERCANO,ESTE,ESTE 138 kV,\VM-PF.IntUser\PDD 30-09-2025.IntPrj\Network Model.IntPrjfolder\Network Data.IntPrjfolder\ESTE 138 kV.ElmNet\Demanda 2 CIP La Luisa.ElmLod,,E4,,138.0,\VM-PF.IntUser\PDD 30-09-2025.IntPrj\Network Model.IntPrjfolder\Network Data.IntPrjfolder\ESTE 138 kV.ElmNet\ZCLUIE.ElmSubstat\E4.ElmTerm,10.170000076293945,3.059999942779541,10.620381355285645,0.9575927257537842,1.0,DEF
Demanda 3 Higüey 138 kV,ZHIGUE-D3,0,ESTE PROFUNDO,ESTE,ESTE 138 kV,\VM-PF.IntUser\PDD 30-09-2025.IntPrj\Network Model.IntPrjfolder\Network Data.IntPrjfolder\ESTE 138 kV.ElmNet\Demanda 3 Higüey 138 kV.ElmLod,,5(1),,138.0,\VM-PF.IntUser\PDD 30-09-2025.IntPrj\Network Model.IntPrjfolder\Network Data.IntPrjfolder\ESTE 138 kV.ElmNet\ZHIGUE.ElmSubstat\5(1).ElmTerm,5.940000057220459,0.0,5.940000057220459,1.0,1.0,DEF
138 kV La Luisa D3,WCLUIE-D3,1,ESTE CERCANO,ESTE,ESTE 138 kV,\VM-PF.IntUser\PDD 30-09-2025.IntPrj\Network Model.IntPrjfolder\Network Data.IntPrjfolder\ESTE 138 kV.ElmNet\138 kV La Luisa D3.ElmLod,,E5,,138.0,\VM-PF.IntUser\PDD 30-09-2025.IntPrj\Network Model.IntPrjfolder\Network Data.IntPrjfolder\ESTE 138 kV.ElmNet\ZCLUIE.ElmSubstat\E5.ElmTerm,0.0,0.0,0.0,1.0,1.0,DEF
138 kV La Luisa D4,WCLUIE-D4,1,ESTE CERCANO,ESTE,ESTE 138 kV,\VM-PF.IntUser\PDD 30-09-2025.IntPrj\Network Model.IntPrjfolder\Network Data.IntPrjfolder\ESTE 138 kV.ElmNet\138 kV La Luisa D4.ElmLod,,E6,,138.0,\VM-PF.IntUser\PDD 30-09-2025.IntPrj\Network Model.IntPrjfolder\Network Data.IntPrjfolder\ESTE 138 kV.ElmNet\ZCLUIE.ElmSubstat\E6.ElmTerm,0.0,0.0,0.0,1.0,1.0,DEF
Demanda 1 ZF Santiago,ZZSA1E-D1,0,CIBAO NORTE,NORTE,NORTE 138 kV,\VM-PF.IntUser\PDD 30-09-2025.IntPrj\Network Model.IntPrjfolder\Network Data.IntPrjfolder\NORTE 138 kV.ElmNet\ZF Santiago.ElmSite\Demanda 1 ZF Santiago.ElmLod,,E4,,138.0,\VM-PF.IntUser\PDD 30-09-2025.IntPrj\Network Model.IntPrjfolder\Network Data.IntPrjfolder\NORTE 138 kV.ElmNet\ZF Santiago.ElmSite\ZZSANE.ElmSubstat\E4.ElmTerm,36.13999938964844,0.0,36.13999938964844,1.0,1.0,PQ
Demanda 2 ZF Santiago,ZZSA1E-D2,0,CIBAO NORTE,NORTE,NORTE 138 kV,\VM-PF.IntUser\PDD 30-09-2025.IntPrj\Network Model.IntPrjfolder\Network Data.IntPrjfolder\NORTE 138 kV.ElmNet\ZF Santiago.ElmSite\Demanda 2 ZF Santiago.ElmLod,,E7,,138.0,\VM-PF.IntUser\PDD 30-09-2025.IntPrj\Network Model.IntPrjfolder\Network Data.IntPrjfolder\NORTE 138 kV.ElmNet\ZF Santiago.ElmSite\ZZSANE.ElmSubstat\E7.ElmTerm,29.989999771118164,11.460000038146973,32.105010986328125,0.9341220855712891,1.0,DEF
SSAA Monción,ZMONCK-D1,0,CIBAO NOROESTE,NORTE,NORTE 138 kV,\VM-PF.IntUser\PDD 30-09-2025.IntPrj\Network Model.IntPrjfolder\Network Data.IntPrjfolder\NORTE 138 kV.ElmNet\Monción.ElmSite\SSAA Monción.ElmLod,,Terminal Monción,WMONCK,13.800000190734863,\VM-PF.IntUser\PDD 30-09-2025.IntPrj\Network Model.IntPrjfolder\Network Data.IntPrjfolder\NORTE 138 kV.ElmNet\Monción.ElmSite\Terminal Monción.ElmTerm,0.8299999833106995,0.36000001430511475,0.9047098755836487,0.9174211621284485,1.0,PQ
Demanda Monción,ZZMONK-D1,0,CIBAO NOROESTE,NORTE,NORTE 138 kV,\VM-PF.IntUser\PDD 30-09-2025.IntPrj\Network Model.IntPrjfolder\Network Data.IntPrjfolder\NORTE 138 kV.ElmNet\Monción.ElmSite\Demanda Monción.ElmLod,,13.8 kV Zona Monción,WZMONK,13.800000190734863,\VM-PF.IntUser\PDD 30-09-2025.IntPrj\Network Model.IntPrjfolder\Network Data.IntPrjfolder\NORTE 138 kV.ElmNet\Monción.ElmSite\13.8 kV Zona Monción.ElmTerm,0.3499999940395355,0.0,0.3499999940395355,1.0,1.0,PQ
SSAA Contra Embalse Monción,ZCEMOK-D1,0,CIBAO NOROESTE,NORTE,NORTE 138 kV,\VM-PF.IntUser\PDD 30-09-2025.IntPrj\Network Model.IntPrjfolder\Network Data.IntPrjfolder\NORTE 138 kV.ElmNet\Monción.ElmSite\SSAA Contra Embalse Monción.ElmLod,,Terminal Contra Embalse Monción,WCEMOK,4.159999847412109,\VM-PF.IntUser\PDD 30-09-2025.IntPrj\Network Model.IntPrjfolder\Network Data.IntPrjfolder\NORTE 138 kV.ElmNet\Monción.ElmSite\Terminal Contra Embalse Monción.ElmTerm,0.029999999329447746,0.009999999776482582,0.03162277489900589,0.9486833214759827,1.0,PQ
SSAA Pimentel Grupo 3,ZPIM3K-D1,0,CIBAO NORESTE,NORTE,NORTE 138 kV,\VM-PF.IntUser\PDD 30-09-2025.IntPrj\Network Model.IntPrjfolder\Network Data.IntPrjfolder\NORTE 138 kV.ElmNet\Pimentel.ElmSite\SSAA Pimentel Grupo 3.ElmLod,,Terminal Pimentel Grupo 3,WPIM3K,13.800000190734863,\VM-PF.IntUser\PDD 30-09-2025.IntPrj\Network Model.IntPrjfolder\Network Data.IntPrjfolder\NORTE 138 kV.ElmNet\Pimentel.ElmSite\Terminal Pimentel Grupo 3.ElmTerm,0.6100000143051147,0.25999999046325684,0.6630988121032715,0.9199232459068298,1.0,DEF
SSAA Pimentel Grupo 2,ZPIM2K-D1,0,CIBAO NORESTE,NORTE,NORTE 138 kV,\VM-PF.IntUser\PDD 30-09-2025.IntPrj\Network Model.IntPrjfolder\Network Data.IntPrjfolder\NORTE 138 kV.ElmNet\Pimentel.ElmSite\SSAA Pimentel Grupo 2.ElmLod,,R3,,13.800000190734863,\VM-PF.IntUser\PDD 30-09-2025.IntPrj\Network Model.IntPrjfolder\Network Data.IntPrjfolder\NORTE 138 kV.ElmNet\Pimentel.ElmSite\ZPIMEK.ElmSubstat\R3.ElmTerm,0.4300000071525574,0.18000000715255737,0.4661544859409332,0.9224410057067871,1.0,PQ
SSAA Pimentel Grupo 1,ZPIM1K-D1,0,CIBAO NORESTE,NORTE,NORTE 138 kV,\VM-PF.IntUser\PDD 30-09-2025.IntPrj\Network Model.IntPrjfolder\Network Data.IntPrjfolder\NORTE 138 kV.ElmNet\Pimentel.ElmSite\SSAA Pimentel Grupo 1.ElmLod,,L3,,13.800000190734863,\VM-PF.IntUser\PDD 30-09-2025.IntPrj\Network Model.IntPrjfolder\Network Data.IntPrjfolder\NORTE 138 kV.ElmNet\Pimentel.ElmSite\ZPIMEK.ElmSubstat\L3.ElmTerm,0.3499999940395355,0.15000000596046448,0.380788654088974,0.9191449880599976,1.0,PQ
Demanda Canabacoa,ZCANAE-D1,0,CIBAO NORTE,NORTE,NORTE 138 kV,\VM-PF.IntUser\PDD 30-09-2025.IntPrj\Network Model.IntPrjfolder\Network Data.IntPrjfolder\NORTE 138 kV.ElmNet\Canabacoa.ElmSite\Demanda Canabacoa.ElmLod,,L4,,138.0,\VM-PF.IntUser\PDD 30-09-2025.IntPrj\Network Model.IntPrjfolder\Network Data.IntPrjfolder\NORTE 138 kV.ElmNet\Canabacoa.ElmSite\ZCANAE.ElmSubstat\L4.ElmTerm,34.0099983215332,13.029999732971191,36.42060852050781,0.9338119029998779,1.0,PQ
Demanda 1 Puerto Plata 2,ZPP22E-D1,0,CIBAO NORTE,NORTE,NORTE 138 kV,\VM-PF.IntUser\PDD 30-09-2025.IntPrj\Network Model.IntPrjfolder\Network Data.IntPrjfolder\NORTE 138 kV.ElmNet\Puerto Plata 2.ElmSite\Demanda 1 Puerto Plata 2.ElmLod,,E2,,138.0,\VM-PF.IntUser\PDD 30-09-2025.IntPrj\Network Model.IntPrjfolder\Network Data.IntPrjfolder\NORTE 138 kV.ElmNet\Puerto Plata 2.ElmSite\ZPPL2E.ElmSubstat\E2.ElmTerm,18.510000228881836,0.20000000298023224,18.51108169555664,0.9999415874481201,1.0,PQ
SSAA López Angostura,ZLANGK-D1,0,CIBAO NORTE,NORTE,NORTE 138 kV,\VM-PF.IntUser\PDD 30-09-2025.IntPrj\Network Model.IntPrjfolder\Network Data.IntPrjfolder\NORTE 138 kV.ElmNet\López Angostura.ElmSite\SSAA López Angostura.ElmLod,,Terminal López Angostura,WLANGK,13.800000190734863,\VM-PF.IntUser\PDD 30-09-2025.IntPrj\Network Model.IntPrjfolder\Network Data.IntPrjfolder\NORTE 138 kV.ElmNet\López Angostura.ElmSite\Terminal López Angostura.ElmTerm,0.07999999821186066,0.029999999329447746,0.08544003218412399,0.936329185962677,1.0,PQ
Demanda FALCONDO,ZFALCK-D1,1,CIBAO SUR,NORTE,NORTE 138 kV,\VM-PF.IntUser\PDD 30-09-2025.IntPrj\Network Model.IntPrjfolder\Network Data.IntPrjfolder\NORTE 138 kV.ElmNet\Falcondo.ElmSite\Demanda FALCONDO.ElmLod,,L3,,34.5,\VM-PF.IntUser\PDD 30-09-2025.IntPrj\Network Model.IntPrjfolder\Network Data.IntPrjfolder\NORTE 138 kV.ElmNet\Falcondo.ElmSite\ZFALCK.ElmSubstat\L3.ElmTerm,0.0,0.0,0.0,1.0,1.0,DEF
Demanda de Procesos FALCONDO,ZPFALK-D1,1,CIBAO SUR,NORTE,NORTE 138 kV,\VM-PF.IntUser\PDD 30-09-2025.IntPrj\Network Model.IntPrjfolder\Network Data.IntPrjfolder\NORTE 138 kV.ElmNet\Falcondo.ElmSite\Demanda de Procesos FALCONDO.ElmLod,,L3,,34.5,\VM-PF.IntUser\PDD 30-09-2025.IntPrj\Network Model.IntPrjfolder\Network Data.IntPrjfolder\NORTE 138 kV.ElmNet\Falcondo.ElmSite\ZFALCK_B.ElmSubstat\L3.ElmTerm,0.0,0.0,0.0,1.0,1.0,DEF
SSAA San Felipe TG,ZSFEGK-D1,1,CIBAO NORTE,NORTE,NORTE 138 kV,\VM-PF.IntUser\PDD 30-09-2025.IntPrj\Network Model.IntPrjfolder\Network Data.IntPrjfolder\NORTE 138 kV.ElmNet\ZSFELE(1).ElmSubstat\SSAA San Felipe TG.ElmLod,,WSFEGK(3),,13.800000190734863,\VM-PF.IntUser\PDD 30-09-2025.IntPrj\Network Model.IntPrjfolder\Network Data.IntPrjfolder\NORTE 138 kV.ElmNet\ZSFELE(1).ElmSubstat\WSFEGK(3).ElmTerm,0.0,0.0,0.0,1.0,1.0,PQ
SSAA San Felipe Vapor,ZSFEVK-D1,1,CIBAO NORTE,NORTE,NORTE 138 kV,\VM-PF.IntUser\PDD 30-09-2025.IntPrj\Network Model.IntPrjfolder\Network Data.IntPrjfolder\NORTE 138 kV.ElmNet\ZSFELE(1).ElmSubstat\SSAA San Felipe Vapor.ElmLod,,Terminal San Felipe Vapor,WSFEVK,13.800000190734863,\VM-PF.IntUser\PDD 30-09-2025.IntPrj\Network Model.IntPrjfolder\Network Data.IntPrjfolder\NORTE 138 kV.ElmNet\ZSFELE(1).ElmSubstat\Terminal San Felipe Vapor.ElmTerm,0.0,0.0,0.0,1.0,1.0,PQ
Demanda Puerto Plata,ZPPLAF-D1,0,CIBAO NORTE,NORTE,NORTE 138 kV,\VM-PF.IntUser\PDD 30-09-2025.IntPrj\Network Model.IntPrjfolder\Network Data.IntPrjfolder\NORTE 138 kV.ElmNet\Demanda Puerto Plata.ElmLod,,5,,69.0,\VM-PF.IntUser\PDD 30-09-2025.IntPrj\Network Model.IntPrjfolder\Network Data.IntPrjfolder\NORTE 69 kV.ElmNet\ZPPLAF.ElmSubstat\5.ElmTerm,25.219999313354492,9.149999618530273,26.82854461669922,0.9400435090065002,1.0,DEF
Demanda 1 La Gallera,ZLGALE-D1,0,CIBAO NORTE,NORTE,NORTE 138 kV,\VM-PF.IntUser\PDD 30-09-2025.IntPrj\Network Model.IntPrjfolder\Network Data.IntPrjfolder\NORTE 138 kV.ElmNet\Demanda 1 La Gallera.ElmLod,,L2,,138.0,\VM-PF.IntUser\PDD 30-09-2025.IntPrj\Network Model.IntPrjfolder\Network Data.IntPrjfolder\NORTE 138 kV.ElmNet\ZLGALE.ElmSubstat\L2.ElmTerm,27.670000076293945,8.020000457763672,28.808841705322266,0.9604690074920654,1.0,PC
Demanda Samaná,ZSAMAE-D1,0,CIBAO NORESTE,NORTE,NORTE 138 kV,\VM-PF.IntUser\PDD 30-09-2025.IntPrj\Network Model.IntPrjfolder\Network Data.IntPrjfolder\NORTE 138 kV.ElmNet\Demanda Samaná.ElmLod,,WSAMAE(1),,138.0,\VM-PF.IntUser\PDD 30-09-2025.IntPrj\Network Model.IntPrjfolder\Network Data.IntPrjfolder\NORTE 138 kV.ElmNet\ZSAMAE.ElmSubstat\WSAMAE(1).ElmTerm,12.180000305175781,4.730000019073486,13.06618881225586,0.932176947593689,1.0,PQ
Demanda Montecristi,ZMONTE-D1,0,CIBAO NOROESTE,NORTE,NORTE 138 kV,\VM-PF.IntUser\PDD 30-09-2025.IntPrj\Network Model.IntPrjfolder\Network Data.IntPrjfolder\NORTE 138 kV.ElmNet\Demanda Montecristi.ElmLod,,3,,138.0,\VM-PF.IntUser\PDD 30-09-2025.IntPrj\Network Model.IntPrjfolder\Network Data.IntPrjfolder\NORTE 138 kV.ElmNet\ZMONTE.ElmSubstat\3.ElmTerm,23.920000076293945,8.5,25.385356903076172,0.9422755241394043,1.0,PQ
Demanda Valverde Mao,ZVMAOE-D1,0,CIBAO NOROESTE,NORTE,NORTE 138 kV,\VM-PF.IntUser\PDD 30-09-2025.IntPrj\Network Model.IntPrjfolder\Network Data.IntPrjfolder\NORTE 138 kV.ElmNet\Demanda Valverde Mao.ElmLod,,2,,138.0,\VM-PF.IntUser\PDD 30-09-2025.IntPrj\Network Model.IntPrjfolder\Network Data.IntPrjfolder\NORTE 138 kV.ElmNet\ZVMAOE.ElmSubstat\2.ElmTerm,24.729999542236328,8.890000343322754,26.27936363220215,0.9410425424575806,1.0,PQ
Demanda Santiago Rodríguez,ZSRODE-D1,0,CIBAO NOROESTE,NORTE,NORTE 138 kV,\VM-PF.IntUser\PDD 30-09-2025.IntPrj\Network Model.IntPrjfolder\Network Data.IntPrjfolder\NORTE 138 kV.ElmNet\Demanda Santiago Rodríguez.ElmLod,,3,,138.0,\VM-PF.IntUser\PDD 30-09-2025.IntPrj\Network Model.IntPrjfolder\Network Data.IntPrjfolder\NORTE 138 kV.ElmNet\ZSRODE.ElmSubstat\3.ElmTerm,20.940000534057617,7.599999904632568,22.276525497436523,0.940002977848053,1.0,PQ
Demanda Salcedo,ZSALCE-D1,0,CIBAO NORESTE,NORTE,NORTE 138 kV,\VM-PF.IntUser\PDD 30-09-2025.IntPrj\Network Model.IntPrjfolder\Network Data.IntPrjfolder\NORTE 138 kV.ElmNet\Demanda Salcedo.ElmLod,,WSALCE(2),,138.0,\VM-PF.IntUser\PDD 30-09-2025.IntPrj\Network Model.IntPrjfolder\Network Data.IntPrjfolder\NORTE 138 kV.ElmNet\ZSALCE.ElmSubstat\WSALCE(2).ElmTerm,21.639999389648438,8.0,23.071401596069336,0.9379577040672302,1.0,PQ
Demanda Moca,ZMOCAE-D1,0,CIBAO NORTE,NORTE,NORTE 138 kV,\VM-PF.IntUser\PDD 30-09-2025.IntPrj\Network Model.IntPrjfolder\Network Data.IntPrjfolder\NORTE 138 kV.ElmNet\Demanda Moca.ElmLod,,1,,138.0,\VM-PF.IntUser\PDD 30-09-2025.IntPrj\Network Model.IntPrjfolder\Network Data.IntPrjfolder\NORTE 138 kV.ElmNet\ZMOCAE.ElmSubstat\1.ElmTerm,27.459999084472656,10.119999885559082,29.265439987182617,0.93830806016922,1.0,PQ
Demanda Sánchez,ZSANCE-D1,0,CIBAO NORESTE,NORTE,NORTE 138 kV,\VM-PF.IntUser\PDD 30-09-2025.IntPrj\Network Model.IntPrjfolder\Network Data.IntPrjfolder\NORTE 138 kV.ElmNet\Demanda Sánchez.ElmLod,,WSANCE(1),,138.0,\VM-PF.IntUser\PDD 30-09-2025.IntPrj\Network Model.IntPrjfolder\Network Data.IntPrjfolder\NORTE 138 kV.ElmNet\ZSANCE.ElmSubstat\WSANCE(1).ElmTerm,22.270000457763672,3.0999999046325684,22.484725952148438,0.9904501438140869,1.0,PQ
Demanda 1 Nibaje,ZNIBAE-D1,0,CIBAO NORTE,NORTE,NORTE 138 kV,\VM-PF.IntUser\PDD 30-09-2025.IntPrj\Network Model.IntPrjfolder\Network Data.IntPrjfolder\NORTE 138 kV.ElmNet\Demanda 1 Nibaje.ElmLod,,WNIBAE(8),,138.0,\VM-PF.IntUser\PDD 30-09-2025.IntPrj\Network Model.IntPrjfolder\Network Data.IntPrjfolder\NORTE 138 kV.ElmNet\ZNIBAE.ElmSubstat\WNIBAE(8).ElmTerm,27.899999618530273,8.4399995803833,29.148645401000977,0.9571627974510193,1.0,PQ
Demanda Tavera,ZTAVBE-D1,0,CIBAO NORTE,NORTE,NORTE 138 kV,\VM-PF.IntUser\PDD 30-09-2025.IntPrj\Network Model.IntPrjfolder\Network Data.IntPrjfolder\NORTE 138 kV.ElmNet\Tavera.ElmSite\Demanda Tavera.ElmLod,,34.5 kV Tavera,WTAVEK,34.5,\VM-PF.IntUser\PDD 30-09-2025.IntPrj\Network Model.IntPrjfolder\Network Data.IntPrjfolder\NORTE 138 kV.ElmNet\34.5 kV Tavera.ElmTerm,9.34000015258789,2.890000104904175,9.776896476745605,0.9553133845329285,1.0,PQ
SSAA Tavera 2,ZTAV2K-D1,0,CIBAO NORTE,NORTE,NORTE 138 kV,\VM-PF.IntUser\PDD 30-09-2025.IntPrj\Network Model.IntPrjfolder\Network Data.IntPrjfolder\NORTE 138 kV.ElmNet\Tavera.ElmSite\SSAA Tavera 2.ElmLod,,Terminal Tavera 2,WTAV2K,13.800000190734863,\VM-PF.IntUser\PDD 30-09-2025.IntPrj\Network Model.IntPrjfolder\Network Data.IntPrjfolder\NORTE 138 kV.ElmNet\Tavera.ElmSite\Terminal Tavera 2.ElmTerm,0.9200000166893005,0.38999998569488525,0.9992496967315674,0.9206908345222473,1.0,PQ
SSAA Tavera 1,ZTAV1K-D1,1,CIBAO NORTE,NORTE,NORTE 138 kV,\VM-PF.IntUser\PDD 30-09-2025.IntPrj\Network Model.IntPrjfolder\Network Data.IntPrjfolder\NORTE 138 kV.ElmNet\Tavera.ElmSite\SSAA Tavera 1.ElmLod,,Terminal Tavera 1,WTAV1K,13.800000190734863,\VM-PF.IntUser\PDD 30-09-2025.IntPrj\Network Model.IntPrjfolder\Network Data.IntPrjfolder\NORTE 138 kV.ElmNet\Tavera.ElmSite\Terminal Tavera 1.ElmTerm,0.0,0.0,0.0,1.0,1.0,PQ
SSAA SAJOMA,ZXPFSK-D1,1,CIBAO NORTE,NORTE,NORTE 138 kV,\VM-PF.IntUser\PDD 30-09-2025.IntPrj\Network Model.IntPrjfolder\Network Data.IntPrjfolder\NORTE 138 kV.ElmNet\SAJOMA.ElmSite\SSAA SAJOMA.ElmLod,Cargas zona sur,Terminal PF SAJOMA,WXPFSK,34.5,\VM-PF.IntUser\PDD 30-09-2025.IntPrj\Network Model.IntPrjfolder\Network Data.IntPrjfolder\NORTE 138 kV.ElmNet\SAJOMA.ElmSite\Terminal PF SAJOMA.ElmTerm,0.0,0.0,0.0,1.0,1.0,DEF
SSAA Monte Cristi Solar Grupo 1,WPFMSK-D1,1,CIBAO NOROESTE,NORTE,NORTE 138 kV,\VM-PF.IntUser\PDD 30-09-2025.IntPrj\Network Model.IntPrjfolder\Network Data.IntPrjfolder\NORTE 138 kV.ElmNet\Monte Cristi Solar.ElmSite\SSAA Monte Cristi Solar Grupo 1.ElmLod,,L2,,20.0,\VM-PF.IntUser\PDD 30-09-2025.IntPrj\Network Model.IntPrjfolder\Network Data.IntPrjfolder\NORTE 138 kV.ElmNet\Monte Cristi Solar.ElmSite\ZPFMSK.ElmSubstat\L2.ElmTerm,0.0,0.0,0.0,1.0,1.0,DEF
SSAA Monte Cristi Solar Grupo 2,WPFMSK-D2,1,CIBAO NOROESTE,NORTE,NORTE 138 kV,\VM-PF.IntUser\PDD 30-09-2025.IntPrj\Network Model.IntPrjfolder\Network Data.IntPrjfolder\NORTE 138 kV.ElmNet\Monte Cristi Solar.ElmSite\SSAA Monte Cristi Solar Grupo 2.ElmLod,,R2,,20.0,\VM-PF.IntUser\PDD 30-09-2025.IntPrj\Network Model.IntPrjfolder\Network Data.IntPrjfolder\NORTE 138 kV.ElmNet\Monte Cristi Solar.ElmSite\ZPFMSK.ElmSubstat\R2.ElmTerm,0.0,0.0,0.0,1.0,1.0,DEF
SSAA Agua Clara,ZACLAK-D1,0,CIBAO NOROESTE,NORTE,NORTE 138 kV,\VM-PF.IntUser\PDD 30-09-2025.IntPrj\Network Model.IntPrjfolder\Network Data.IntPrjfolder\NORTE 138 kV.ElmNet\Agua Clara.ElmSite\SSAA Agua Clara.ElmLod,,Terminal Agua Clara,WACLAK,34.5,\VM-PF.IntUser\PDD 30-09-2025.IntPrj\Network Model.IntPrjfolder\Network Data.IntPrjfolder\NORTE 138 kV.ElmNet\Agua Clara.ElmSite\Terminal Agua Clara.ElmTerm,0.029999999329447746,0.009999999776482582,0.03162277489900589,0.9486833214759827,1.0,PQ
SSAA Guanillo,ZGNLLK-D1,0,CIBAO NOROESTE,NORTE,NORTE 138 kV,\VM-PF.IntUser\PDD 30-09-2025.IntPrj\Network Model.IntPrjfolder\Network Data.IntPrjfolder\NORTE 138 kV.ElmNet\Guanillo.ElmSite\SSAA Guanillo.ElmLod,,Terminal Guanillo,WGNLLK,34.5,\VM-PF.IntUser\PDD 30-09-2025.IntPrj\Network Model.IntPrjfolder\Network Data.IntPrjfolder\NORTE 138 kV.ElmNet\Guanillo.ElmSite\Terminal Guanillo.ElmTerm,0.029999999329447746,0.009999999776482582,0.03162277489900589,0.9486833214759827,1.0,DEF
Demanda 2 Nibaje,ZNIBAE-D2,0,CIBAO NORTE,NORTE,NORTE 138 kV,\VM-PF.IntUser\PDD 30-09-2025.IntPrj\Network Model.IntPrjfolder\Network Data.IntPrjfolder\NORTE 138 kV.ElmNet\Demanda 2 Nibaje.ElmLod,,1,,138.0,\VM-PF.IntUser\PDD 30-09-2025.IntPrj\Network Model.IntPrjfolder\Network Data.IntPrjfolder\NORTE 138 kV.ElmNet\ZNIBAE.ElmSubstat\1.ElmTerm,39.31999969482422,0.019999999552965164,39.320003509521484,0.9999998807907104,1.0,DEF
Demanda Río San Juan,ZRSJUE-D1,0,CIBAO NORTE,NORTE,NORTE 138 kV,\VM-PF.IntUser\PDD 30-09-2025.IntPrj\Network Model.IntPrjfolder\Network Data.IntPrjfolder\NORTE 138 kV.ElmNet\Demanda Río San Juan.ElmLod,,2,,138.0,\VM-PF.IntUser\PDD 30-09-2025.IntPrj\Network Model.IntPrjfolder\Network Data.IntPrjfolder\NORTE 138 kV.ElmNet\ZRSJUE.ElmSubstat\2.ElmTerm,7.090000152587891,3.0199999809265137,7.706393241882324,0.9200153350830078,1.0,PQ
Demanda Dajabón,ZDAJAE-D1,0,CIBAO NOROESTE,NORTE,NORTE 138 kV,\VM-PF.IntUser\PDD 30-09-2025.IntPrj\Network Model.IntPrjfolder\Network Data.IntPrjfolder\NORTE 138 kV.ElmNet\Demanda Dajabón.ElmLod,,3,,138.0,\VM-PF.IntUser\PDD 30-09-2025.IntPrj\Network Model.IntPrjfolder\Network Data.IntPrjfolder\NORTE 138 kV.ElmNet\ZDAJAE.ElmSubstat\3.ElmTerm,12.319999694824219,3.809999942779541,12.89567756652832,0.9553588628768921,1.0,PQ
Demanda 2 La Gallera,ZLGALE-D2,0,CIBAO NORTE,NORTE,NORTE 138 kV,\VM-PF.IntUser\PDD 30-09-2025.IntPrj\Network Model.IntPrjfolder\Network Data.IntPrjfolder\NORTE 138 kV.ElmNet\Demanda 2 La Gallera.ElmLod,,R2,,138.0,\VM-PF.IntUser\PDD 30-09-2025.IntPrj\Network Model.IntPrjfolder\Network Data.IntPrjfolder\NORTE 138 kV.ElmNet\ZLGALE.ElmSubstat\R2.ElmTerm,37.099998474121094,6.230000019073486,37.61944580078125,0.9861920475959778,1.0,DEF
SSAA PE Los Guzmancito,ZLGUZK-D1,0,CIBAO NORTE,NORTE,NORTE 138 kV,\VM-PF.IntUser\PDD 30-09-2025.IntPrj\Network Model.IntPrjfolder\Network Data.IntPrjfolder\NORTE 138 kV.ElmNet\Los Guzmancito.ElmSite\SSAA PE Los Guzmancito.ElmLod,,Terminal Los Guzmancito,WLGUZK,34.5,\VM-PF.IntUser\PDD 30-09-2025.IntPrj\Network Model.IntPrjfolder\Network Data.IntPrjfolder\NORTE 138 kV.ElmNet\Los Guzmancito.ElmSite\Terminal Los Guzmancito.ElmTerm,0.019999999552965164,0.009999999776482582,0.022360678762197495,0.8944272398948669,1.0,DEF
SSAA Los Guzmancito 2,ZLGU2K-D1,0,CIBAO NORTE,NORTE,NORTE 138 kV,\VM-PF.IntUser\PDD 30-09-2025.IntPrj\Network Model.IntPrjfolder\Network Data.IntPrjfolder\NORTE 138 kV.ElmNet\Los Guzmancito.ElmSite\SSAA Los Guzmancito 2.ElmLod,,Terminal Los Guzmancito 2,WLGU2K,34.5,\VM-PF.IntUser\PDD 30-09-2025.IntPrj\Network Model.IntPrjfolder\Network Data.IntPrjfolder\NORTE 138 kV.ElmNet\Los Guzmancito.ElmSite\Terminal Los Guzmancito 2.ElmTerm,0.0,0.0,0.0,1.0,1.0,DEF
SSAA MATRISOL,ZXMATK-D1,1,CIBAO NOROESTE,NORTE,NORTE 138 kV,\VM-PF.IntUser\PDD 30-09-2025.IntPrj\Network Model.IntPrjfolder\Network Data.IntPrjfolder\NORTE 138 kV.ElmNet\Matrisol.ElmSite\SSAA MATRISOL.ElmLod,,Terminal MATRISOL,WXMATK,34.5,\VM-PF.IntUser\PDD 30-09-2025.IntPrj\Network Model.IntPrjfolder\Network Data.IntPrjfolder\NORTE 138 kV.ElmNet\Matrisol.ElmSite\Terminal MATRISOL.ElmTerm,0.0,0.0,0.0,1.0,1.0,DEF
SSAA Parque Solar Esperanza,ZXPSEK-D1,1,CIBAO NORTE,NORTE,NORTE 138 kV,\VM-PF.IntUser\PDD 30-09-2025.IntPrj\Network Model.IntPrjfolder\Network Data.IntPrjfolder\NORTE 138 kV.ElmNet\Esperanza.ElmSite\SSAA Parque Solar Esperanza.ElmLod,Cargas zona sur,Terminal 1 Parque Solar Esperanza,WXPS1K,34.5,\VM-PF.IntUser\PDD 30-09-2025.IntPrj\Network Model.IntPrjfolder\Network Data.IntPrjfolder\NORTE 138 kV.ElmNet\Esperanza.ElmSite\Terminal 1 Parque Solar Esperanza.ElmTerm,0.0,0.0,0.0,1.0,1.0,DEF
SSAA Pimentel 4,ZXPI4K-D1,0,CIBAO NORESTE,NORTE,NORTE 138 kV,\VM-PF.IntUser\PDD 30-09-2025.IntPrj\Network Model.IntPrjfolder\Network Data.IntPrjfolder\NORTE 138 kV.ElmNet\SSAA Pimentel 4.ElmLod,Carga zona norte,Terminal Pimentel 4,WXPI4K,13.800000190734863,\VM-PF.IntUser\PDD 30-09-2025.IntPrj\Network Model.IntPrjfolder\Network Data.IntPrjfolder\NORTE 138 kV.ElmNet\Terminal Pimentel 4.ElmTerm,0.8399999737739563,0.36000001430511475,0.9138927459716797,0.9191450476646423,1.0,DEF
Demanda Goya,ZGOYAF-D1,0,SUR CERCANO,SUR,SUR 69 kV,\VM-PF.IntUser\PDD 30-09-2025.IntPrj\Network Model.IntPrjfolder\Network Data.IntPrjfolder\SUR 69 kV.ElmNet\Demanda Goya.ElmLod,,69 kV Goya,WGOYAF,69.0,\VM-PF.IntUser\PDD 30-09-2025.IntPrj\Network Model.IntPrjfolder\Network Data.IntPrjfolder\SUR 69 kV.ElmNet\69 kV Goya.ElmTerm,0.6800000071525574,0.28999999165534973,0.7392563819885254,0.9198432564735413,1.0,PQ
Demanda ABCO,ZABCOF-D1,0,SUR MEDIO,SUR,SUR 69 kV,\VM-PF.IntUser\PDD 30-09-2025.IntPrj\Network Model.IntPrjfolder\Network Data.IntPrjfolder\SUR 69 kV.ElmNet\Demanda ABCO.ElmLod,,69 kV ABCO,WABCOF,69.0,\VM-PF.IntUser\PDD 30-09-2025.IntPrj\Network Model.IntPrjfolder\Network Data.IntPrjfolder\SUR 69 kV.ElmNet\69 kV ABCO.ElmTerm,3.200000047683716,1.3700000047683716,3.480933904647827,0.9192935228347778,1.0,PQ
SSAA Los Toros,ZLTO1K-D1,1,SUR MEDIO,SUR,SUR 69 kV,\VM-PF.IntUser\PDD 30-09-2025.IntPrj\Network Model.IntPrjfolder\Network Data.IntPrjfolder\SUR 69 kV.ElmNet\Los Toros.ElmSite\SSAA Los Toros.ElmLod,,Terminal Los Toros,WLTO1K,6.900000095367432,\VM-PF.IntUser\PDD 30-09-2025.IntPrj\Network Model.IntPrjfolder\Network Data.IntPrjfolder\SUR 69 kV.ElmNet\Los Toros.ElmSite\Terminal Los Toros.ElmTerm,0.0,0.0,0.0,1.0,1.0,PQ
Demanda Productos Linda,ZPLINF-D1,0,SUR MEDIO,SUR,SUR 69 kV,\VM-PF.IntUser\PDD 30-09-2025.IntPrj\Network Model.IntPrjfolder\Network Data.IntPrjfolder\SUR 69 kV.ElmNet\Demanda Productos Linda.ElmLod,,69 kV Productos Linda,WPLINF,69.0,\VM-PF.IntUser\PDD 30-09-2025.IntPrj\Network Model.IntPrjfolder\Network Data.IntPrjfolder\SUR 69 kV.ElmNet\69 kV Productos Linda.ElmTerm,0.14000000059604645,0.05999999865889549,0.15231546759605408,0.9191449880599976,1.0,PQ
Demanda Ingenio CAEI,ZICAEF-D1,0,SUR CERCANO,SUR,SUR 69 kV,\VM-PF.IntUser\PDD 30-09-2025.IntPrj\Network Model.IntPrjfolder\Network Data.IntPrjfolder\SUR 69 kV.ElmNet\Demanda Ingenio CAEI.ElmLod,,69 kV Ingenio CAEI,WICAEF,69.0,\VM-PF.IntUser\PDD 30-09-2025.IntPrj\Network Model.IntPrjfolder\Network Data.IntPrjfolder\SUR 69 kV.ElmNet\69 kV Ingenio CAEI.ElmTerm,0.05999999865889549,0.029999999329447746,0.06708204001188278,0.8944271802902222,1.0,PQ
SSAA Sabana Yegua,ZSYEGK-D1,1,SUR MEDIO,SUR,SUR 69 kV,\VM-PF.IntUser\PDD 30-09-2025.IntPrj\Network Model.IntPrjfolder\Network Data.IntPrjfolder\SUR 69 kV.ElmNet\Sabana Yegua.ElmSite\SSAA Sabana Yegua.ElmLod,,Terminal Sabana Yegua,WSYEGK,13.800000190734863,\VM-PF.IntUser\PDD 30-09-2025.IntPrj\Network Model.IntPrjfolder\Network Data.IntPrjfolder\SUR 69 kV.ElmNet\Sabana Yegua.ElmSite\Terminal Sabana Yegua.ElmTerm,0.0,0.0,0.0,1.0,1.0,PQ
Demanda La Famosa,ZXLFAF-D1,0,SUR CERCANO,SUR,SUR 69 kV,\VM-PF.IntUser\PDD 30-09-2025.IntPrj\Network Model.IntPrjfolder\Network Data.IntPrjfolder\SUR 69 kV.ElmNet\Demanda La Famosa.ElmLod,,69 kV La Famosa,WLFAMF,69.0,\VM-PF.IntUser\PDD 30-09-2025.IntPrj\Network Model.IntPrjfolder\Network Data.IntPrjfolder\SUR 69 kV.ElmNet\69 kV La Famosa.ElmTerm,0.8999999761581421,0.0,0.8999999761581421,1.0,1.0,PQ
Demanda 1 Baní Matadero,ZBMATF-D1,0,SUR CERCANO,SUR,SUR 69 kV,\VM-PF.IntUser\PDD 30-09-2025.IntPrj\Network Model.IntPrjfolder\Network Data.IntPrjfolder\SUR 69 kV.ElmNet\Demanda 1 Baní Matadero.ElmLod,,WBMATF(1),,69.0,\VM-PF.IntUser\PDD 30-09-2025.IntPrj\Network Model.IntPrjfolder\Network Data.IntPrjfolder\SUR 69 kV.ElmNet\ZBMATF.ElmSubstat\WBMATF(1).ElmTerm,7.809999942779541,3.299999952316284,8.478567123413086,0.9211462140083313,1.0,PQ
SSAA Sabaneta,ZSABAK-D1,1,SUR MEDIO,SUR,SUR 69 kV,\VM-PF.IntUser\PDD 30-09-2025.IntPrj\Network Model.IntPrjfolder\Network Data.IntPrjfolder\SUR 69 kV.ElmNet\Sabaneta.ElmSite\SSAA Sabaneta.ElmLod,,Terminal Sabaneta,WSABAK,12.5,\VM-PF.IntUser\PDD 30-09-2025.IntPrj\Network Model.IntPrjfolder\Network Data.IntPrjfolder\SUR 69 kV.ElmNet\Sabaneta.ElmSite\Terminal Sabaneta.ElmTerm,0.0,0.0,0.0,1.0,1.0,PQ
Demanda Sabaneta,ZSABAK-D2,0,SUR MEDIO,SUR,SUR 69 kV,\VM-PF.IntUser\PDD 30-09-2025.IntPrj\Network Model.IntPrjfolder\Network Data.IntPrjfolder\SUR 69 kV.ElmNet\Sabaneta.ElmSite\Demanda Sabaneta.ElmLod,,Terminal Sabaneta,WSABAK,12.5,\VM-PF.IntUser\PDD 30-09-2025.IntPrj\Network Model.IntPrjfolder\Network Data.IntPrjfolder\SUR 69 kV.ElmNet\Sabaneta.ElmSite\Terminal Sabaneta.ElmTerm,1.4900000095367432,0.5400000214576721,1.584834337234497,0.9401613473892212,1.0,PQ
Demanda San Juan,ZSJUAF-D1,0,SUR MEDIO,SUR,SUR 69 kV,\VM-PF.IntUser\PDD 30-09-2025.IntPrj\Network Model.IntPrjfolder\Network Data.IntPrjfolder\SUR 69 kV.ElmNet\Demanda San Juan.ElmLod,,WSJUAF(2),,69.0,\VM-PF.IntUser\PDD 30-09-2025.IntPrj\Network Model.IntPrjfolder\Network Data.IntPrjfolder\SUR 69 kV.ElmNet\ZSJUAF.ElmSubstat\WSJUAF(2).ElmTerm,20.059999465942383,6.880000114440918,21.207027435302734,0.9459128379821777,1.0,PQ
Demanda Villarpando,ZVILLF-D1,0,SUR MEDIO,SUR,SUR 69 kV,\VM-PF.IntUser\PDD 30-09-2025.IntPrj\Network Model.IntPrjfolder\Network Data.IntPrjfolder\SUR 69 kV.ElmNet\Demanda Villarpando.ElmLod,,69 kV Villarpando,WVILLF,69.0,\VM-PF.IntUser\PDD 30-09-2025.IntPrj\Network Model.IntPrjfolder\Network Data.IntPrjfolder\SUR 69 kV.ElmNet\69 kV Villarpando.ElmTerm,7.78000020980835,2.819999933242798,8.275313377380371,0.9401456713676453,1.0,PQ
Demanda 1 Madre Vieja,ZMVIEF-D1,0,SUR CERCANO,SUR,SUR 69 kV,\VM-PF.IntUser\PDD 30-09-2025.IntPrj\Network Model.IntPrjfolder\Network Data.IntPrjfolder\SUR 69 kV.ElmNet\Demanda 1 Madre Vieja.ElmLod,,69 kV Madre Vieja,WMVIEF,69.0,\VM-PF.IntUser\PDD 30-09-2025.IntPrj\Network Model.IntPrjfolder\Network Data.IntPrjfolder\SUR 69 kV.ElmNet\69 kV Madre Vieja.ElmTerm,35.2400016784668,0.30000001192092896,35.241275787353516,0.9999638199806213,1.0,PQ
Demanda Pizarrete Distribución,ZPIZDF-D1,0,SUR CERCANO,SUR,SUR 69 kV,\VM-PF.IntUser\PDD 30-09-2025.IntPrj\Network Model.IntPrjfolder\Network Data.IntPrjfolder\SUR 69 kV.ElmNet\Demanda Pizarrete Distribución.ElmLod,,Terminal Los Anones,WXLANK,12.470000267028809,\VM-PF.IntUser\PDD 30-09-2025.IntPrj\Network Model.IntPrjfolder\Network Data.IntPrjfolder\SUR 69 kV.ElmNet\Terminal Los Anones.ElmTerm,11.270000457763672,4.090000152587891,11.989204406738281,0.9400123953819275,1.0,PQ
Demanda Cruce de Ocoa,ZCOCOF-D1,0,SUR CERCANO,SUR,SUR 69 kV,\VM-PF.IntUser\PDD 30-09-2025.IntPrj\Network Model.IntPrjfolder\Network Data.IntPrjfolder\SUR 69 kV.ElmNet\Demanda Cruce de Ocoa.ElmLod,,WCOCOF(2),,69.0,\VM-PF.IntUser\PDD 30-09-2025.IntPrj\Network Model.IntPrjfolder\Network Data.IntPrjfolder\SUR 69 kV.ElmNet\ZCOCOF.ElmSubstat\WCOCOF(2).ElmTerm,1.600000023841858,0.5899999737739563,1.7053152322769165,0.9382429718971252,1.0,PQ
Demanda San José de Ocoa,ZSJOCF-D1,0,SUR CERCANO,SUR,SUR 69 kV,\VM-PF.IntUser\PDD 30-09-2025.IntPrj\Network Model.IntPrjfolder\Network Data.IntPrjfolder\SUR 69 kV.ElmNet\Demanda San José de Ocoa.ElmLod,,69 kV San José de Ocoa,WSJOCF,69.0,\VM-PF.IntUser\PDD 30-09-2025.IntPrj\Network Model.IntPrjfolder\Network Data.IntPrjfolder\SUR 69 kV.ElmNet\69 kV San José de Ocoa.ElmTerm,7.269999980926514,2.7799999713897705,7.7833991050720215,0.9340392351150513,1.0,PQ
Demanda Baní Per,ZBAPEF-D1,0,SUR CERCANO,SUR,SUR 69 kV,\VM-PF.IntUser\PDD 30-09-2025.IntPrj\Network Model.IntPrjfolder\Network Data.IntPrjfolder\SUR 69 kV.ElmNet\Demanda Baní Per.ElmLod,,69 kV Baní PER,WBAPEF,69.0,\VM-PF.IntUser\PDD 30-09-2025.IntPrj\Network Model.IntPrjfolder\Network Data.IntPrjfolder\SUR 69 kV.ElmNet\69 kV Baní PER.ElmTerm,21.200000762939453,9.119999885559082,23.078441619873047,0.9186062812805176,1.0,PQ
Demanda Azua,ZAZUAF-D1,0,SUR MEDIO,SUR,SUR 69 kV,\VM-PF.IntUser\PDD 30-09-2025.IntPrj\Network Model.IntPrjfolder\Network Data.IntPrjfolder\SUR 69 kV.ElmNet\Demanda Azua.ElmLod,,69 kV Azua,WAZUAF,69.0,\VM-PF.IntUser\PDD 30-09-2025.IntPrj\Network Model.IntPrjfolder\Network Data.IntPrjfolder\SUR 69 kV.ElmNet\69 kV Azua.ElmTerm,27.219999313354492,10.869999885559082,29.310155868530273,0.9286882877349854,1.0,PQ
SSAA Magueyal,ZMAGUK-D1,1,SUR MEDIO,SUR,SUR 69 kV,\VM-PF.IntUser\PDD 30-09-2025.IntPrj\Network Model.IntPrjfolder\Network Data.IntPrjfolder\SUR 69 kV.ElmNet\Magueyal.ElmSite\SSAA Magueyal.ElmLod,,Terminal Magueyal,WMAGUK,13.800000190734863,\VM-PF.IntUser\PDD 30-09-2025.IntPrj\Network Model.IntPrjfolder\Network Data.IntPrjfolder\SUR 69 kV.ElmNet\Magueyal.ElmSite\Terminal Magueyal.ElmTerm,0.0,0.0,0.0,1.0,1.0,PQ
Demanda 1 Cítricos Nacionales,ZCINAF-D1,0,SUR CERCANO,SUR,SUR 69 kV,\VM-PF.IntUser\PDD 30-09-2025.IntPrj\Network Model.IntPrjfolder\Network Data.IntPrjfolder\SUR 69 kV.ElmNet\Demanda 1 Cítricos Nacionales.ElmLod,,WCINAF(6),,69.0,\VM-PF.IntUser\PDD 30-09-2025.IntPrj\Network Model.IntPrjfolder\Network Data.IntPrjfolder\CENTRAL 69 kV.ElmNet\ZCINAF.ElmSubstat\WCINAF(6).ElmTerm,0.5799999833106995,0.20999999344348907,0.6168467998504639,0.9402658343315125,1.0,PQ
Demanda ZF Villa Altagracia,ZZVALF-D1,0,SUR CERCANO,SUR,SUR 69 kV,\VM-PF.IntUser\PDD 30-09-2025.IntPrj\Network Model.IntPrjfolder\Network Data.IntPrjfolder\SUR 69 kV.ElmNet\Demanda ZF Villa Altagracia.ElmLod,,69 kV ZF Villa Altagracia,WZVALF,69.0,\VM-PF.IntUser\PDD 30-09-2025.IntPrj\Network Model.IntPrjfolder\Network Data.IntPrjfolder\CENTRAL 69 kV.ElmNet\69 kV ZF Villa Altagracia.ElmTerm,0.4000000059604645,0.15000000596046448,0.42720019817352295,0.936329185962677,1.0,PQ
Demanda Villa Altagracia,ZVALTF-D1,0,SUR CERCANO,SUR,SUR 69 kV,\VM-PF.IntUser\PDD 30-09-2025.IntPrj\Network Model.IntPrjfolder\Network Data.IntPrjfolder\SUR 69 kV.ElmNet\Demanda Villa Altagracia.ElmLod,,WVALTF(1),,69.0,\VM-PF.IntUser\PDD 30-09-2025.IntPrj\Network Model.IntPrjfolder\Network Data.IntPrjfolder\SUR 69 kV.ElmNet\ZVALTF.ElmSubstat\WVALTF(1).ElmTerm,9.789999961853027,3.869999885559082,10.527154922485352,0.9299758672714233,1.0,PQ
Demanda Granitos Bojos,ZGBOJF-D1,0,SUR CERCANO,SUR,SUR 69 kV,\VM-PF.IntUser\PDD 30-09-2025.IntPrj\Network Model.IntPrjfolder\Network Data.IntPrjfolder\SUR 69 kV.ElmNet\Demanda Granitos Bojos.ElmLod,,69 kV Granitos Bojos,WGBOJF,69.0,\VM-PF.IntUser\PDD 30-09-2025.IntPrj\Network Model.IntPrjfolder\Network Data.IntPrjfolder\SUR 69 kV.ElmNet\69 kV Granitos Bojos.ElmTerm,38.130001068115234,15.069999694824219,41.000022888183594,0.9299995303153992,1.0,PQ
Demanda 1 LAFZID,ZLAFZF-D1,0,SUR CERCANO,SUR,SUR 69 kV,\VM-PF.IntUser\PDD 30-09-2025.IntPrj\Network Model.IntPrjfolder\Network Data.IntPrjfolder\SUR 69 kV.ElmNet\Demanda 1 LAFZID.ElmLod,,3,,69.0,\VM-PF.IntUser\PDD 30-09-2025.IntPrj\Network Model.IntPrjfolder\Network Data.IntPrjfolder\SUR 69 kV.ElmNet\ZPIISF9.ElmSubstat\3.ElmTerm,18.530000686645508,7.889999866485596,20.13983726501465,0.9200670719146729,1.0,PQ
Demanda Multiparques,ZMLTPF-D1,0,SUR CERCANO,SUR,SUR 69 kV,\VM-PF.IntUser\PDD 30-09-2025.IntPrj\Network Model.IntPrjfolder\Network Data.IntPrjfolder\SUR 69 kV.ElmNet\Demanda Multiparques.ElmLod,,3,,69.0,\VM-PF.IntUser\PDD 30-09-2025.IntPrj\Network Model.IntPrjfolder\Network Data.IntPrjfolder\CENTRAL 69 kV.ElmNet\ZMLTPF.ElmSubstat\3.ElmTerm,8.350000381469727,2.1700000762939453,8.627364158630371,0.9678506851196289,1.0,PQ
Demanda 1 REFIDOMSA,ZREFIF-D1,0,SUR CERCANO,SUR,SUR 69 kV,\VM-PF.IntUser\PDD 30-09-2025.IntPrj\Network Model.IntPrjfolder\Network Data.IntPrjfolder\SUR 69 kV.ElmNet\Demanda 1 REFIDOMSA.ElmLod,,WRPETF(1),,69.0,\VM-PF.IntUser\PDD 30-09-2025.IntPrj\Network Model.IntPrjfolder\Network Data.IntPrjfolder\SUR 69 kV.ElmNet\ZRPETF.ElmSubstat\WRPETF(1).ElmTerm,0.1899999976158142,0.20000000298023224,0.27586230635643005,0.688749372959137,1.0,PQ
Demanda Puerto de Haina,ZPHAIF-D1,0,SUR CERCANO,SUR,SUR 69 kV,\VM-PF.IntUser\PDD 30-09-2025.IntPrj\Network Model.IntPrjfolder\Network Data.IntPrjfolder\SUR 69 kV.ElmNet\Demanda Puerto de Haina.ElmLod,,69 kV Puerto de Haina,WPHAIF,69.0,\VM-PF.IntUser\PDD 30-09-2025.IntPrj\Network Model.IntPrjfolder\Network Data.IntPrjfolder\SUR 69 kV.ElmNet\69 kV Puerto de Haina.ElmTerm,1.4700000286102295,0.5199999809265137,1.559262752532959,0.942753255367279,1.0,PQ
Demanda Alambres Dominicano,ZXADOF-D1,0,SUR CERCANO,SUR,SUR 69 kV,\VM-PF.IntUser\PDD 30-09-2025.IntPrj\Network Model.IntPrjfolder\Network Data.IntPrjfolder\SUR 69 kV.ElmNet\Demanda Alambres Dominicano.ElmLod,,69 kV Alambres Dominicanos,WALDOF,69.0,\VM-PF.IntUser\PDD 30-09-2025.IntPrj\Network Model.IntPrjfolder\Network Data.IntPrjfolder\SUR 69 kV.ElmNet\69 kV Alambres Dominicanos.ElmTerm,0.07000000029802322,0.10000000149011612,0.12206555902957916,0.5734623074531555,1.0,PQ
Demanda ZF Nigua,ZXZNIF-D1,0,SUR CERCANO,SUR,SUR 69 kV,\VM-PF.IntUser\PDD 30-09-2025.IntPrj\Network Model.IntPrjfolder\Network Data.IntPrjfolder\SUR 69 kV.ElmNet\Demanda ZF Nigua.ElmLod,,69 kV ZF Nigua(1),WZNIGF,69.0,\VM-PF.IntUser\PDD 30-09-2025.IntPrj\Network Model.IntPrjfolder\Network Data.IntPrjfolder\SUR 69 kV.ElmNet\69 kV ZF Nigua(1).ElmTerm,0.8799999952316284,0.41999998688697815,0.9750897288322449,0.9024810194969177,1.0,PQ
Demanda Acueducto Sur – Oeste,ZASOEF-D1,0,SUR PROFUNDO,SUR,SUR 69 kV,\VM-PF.IntUser\PDD 30-09-2025.IntPrj\Network Model.IntPrjfolder\Network Data.IntPrjfolder\SUR 69 kV.ElmNet\Demanda Acueducto Sur – Oeste.ElmLod,,69 kV Acueducto Sur-Oeste,WASOEF,69.0,\VM-PF.IntUser\PDD 30-09-2025.IntPrj\Network Model.IntPrjfolder\Network Data.IntPrjfolder\SUR 69 kV.ElmNet\69 kV Acueducto Sur-Oeste.ElmTerm,2.680000066757202,0.9700000286102295,2.850140333175659,0.9403045773506165,1.0,PQ
Demanda Ingenio Barahona,ZIBARF-D1,0,SUR PROFUNDO,SUR,SUR 69 kV,\VM-PF.IntUser\PDD 30-09-2025.IntPrj\Network Model.IntPrjfolder\Network Data.IntPrjfolder\SUR 69 kV.ElmNet\Demanda Ingenio Barahona.ElmLod,,69 kV Ingenio Barahona,WIBARF,69.0,\VM-PF.IntUser\PDD 30-09-2025.IntPrj\Network Model.IntPrjfolder\Network Data.IntPrjfolder\SUR 69 kV.ElmNet\69 kV Ingenio Barahona.ElmTerm,0.23999999463558197,0.10999999940395355,0.264007568359375,0.9090648293495178,1.0,PQ
SSAA Las Damas,ZLDAMK-D1,0,SUR PROFUNDO,SUR,SUR 69 kV,\VM-PF.IntUser\PDD 30-09-2025.IntPrj\Network Model.IntPrjfolder\Network Data.IntPrjfolder\SUR 69 kV.ElmNet\Las Damas.ElmSite\SSAA Las Damas.ElmLod,,WLDAMK(6),,12.5,\VM-PF.IntUser\PDD 30-09-2025.IntPrj\Network Model.IntPrjfolder\Network Data.IntPrjfolder\SUR 69 kV.ElmNet\Las Damas.ElmSite\ZLDAMK.ElmSubstat\WLDAMK(6).ElmTerm,0.03999999910593033,0.019999999552965164,0.04472135752439499,0.8944272398948669,1.0,PQ
Demanda Las Damas,ZLDAMK-D2,0,SUR PROFUNDO,SUR,SUR 69 kV,\VM-PF.IntUser\PDD 30-09-2025.IntPrj\Network Model.IntPrjfolder\Network Data.IntPrjfolder\SUR 69 kV.ElmNet\Las Damas.ElmSite\Demanda Las Damas.ElmLod,,WLDAMK(5),,12.5,\VM-PF.IntUser\PDD 30-09-2025.IntPrj\Network Model.IntPrjfolder\Network Data.IntPrjfolder\SUR 69 kV.ElmNet\Las Damas.ElmSite\ZLDAMK.ElmSubstat\WLDAMK(5).ElmTerm,8.020000457763672,2.140000104904175,8.300602912902832,0.9661949276924133,1.0,PQ
Demanda Zona Franca Barahona,ZZBARF-D1,0,SUR PROFUNDO,SUR,SUR 69 kV,\VM-PF.IntUser\PDD 30-09-2025.IntPrj\Network Model.IntPrjfolder\Network Data.IntPrjfolder\SUR 69 kV.ElmNet\Demanda Zona Franca Barahona.ElmLod,,69 kV ZF Barahona,WZBARF,69.0,\VM-PF.IntUser\PDD 30-09-2025.IntPrj\Network Model.IntPrjfolder\Network Data.IntPrjfolder\SUR 69 kV.ElmNet\69 kV ZF Barahona.ElmTerm,1.2699999809265137,0.5799999833106995,1.3961732387542725,0.909629225730896,1.0,PQ
Demanda Neyba,ZNEYBF-D1,0,SUR PROFUNDO,SUR,SUR 69 kV,\VM-PF.IntUser\PDD 30-09-2025.IntPrj\Network Model.IntPrjfolder\Network Data.IntPrjfolder\SUR 69 kV.ElmNet\Demanda Neyba.ElmLod,,69 kV Neiba,WNEYBF,69.0,\VM-PF.IntUser\PDD 30-09-2025.IntPrj\Network Model.IntPrjfolder\Network Data.IntPrjfolder\SUR 69 kV.ElmNet\69 kV Neiba.ElmTerm,19.139999389648438,5.349999904632568,19.873653411865234,0.9630841016769409,1.0,PQ
Demanda Salinas,ZSALIF-D1,0,SUR PROFUNDO,SUR,SUR 69 kV,\VM-PF.IntUser\PDD 30-09-2025.IntPrj\Network Model.IntPrjfolder\Network Data.IntPrjfolder\SUR 69 kV.ElmNet\Demanda Salinas.ElmLod,,69 kV Salinas,WSALIF,69.0,\VM-PF.IntUser\PDD 30-09-2025.IntPrj\Network Model.IntPrjfolder\Network Data.IntPrjfolder\SUR 69 kV.ElmNet\69 kV Salinas.ElmTerm,2.119999885559082,0.5600000023841858,2.1927151679992676,0.9668377637863159,1.0,PQ
Demanda Vicente Noble,ZVNOBF-D1,0,SUR PROFUNDO,SUR,SUR 69 kV,\VM-PF.IntUser\PDD 30-09-2025.IntPrj\Network Model.IntPrjfolder\Network Data.IntPrjfolder\SUR 69 kV.ElmNet\Demanda Vicente Noble.ElmLod,,69 kV Vicente Noble,WVNOBF,69.0,\VM-PF.IntUser\PDD 30-09-2025.IntPrj\Network Model.IntPrjfolder\Network Data.IntPrjfolder\SUR 69 kV.ElmNet\69 kV Vicente Noble.ElmTerm,13.880000114440918,5.039999961853027,14.766718864440918,0.9399515390396118,1.0,PQ
SSAA Domingo Rodríguez,ZDRODL-D1,1,SUR MEDIO,SUR,SUR 69 kV,\VM-PF.IntUser\PDD 30-09-2025.IntPrj\Network Model.IntPrjfolder\Network Data.IntPrjfolder\SUR 69 kV.ElmNet\Domingo Rodríguez.ElmSite\SSAA Domingo Rodríguez.ElmLod,,Terminal Domingo Rodríguez 2,WDRODL,4.159999847412109,\VM-PF.IntUser\PDD 30-09-2025.IntPrj\Network Model.IntPrjfolder\Network Data.IntPrjfolder\SUR 69 kV.ElmNet\Domingo Rodríguez.ElmSite\Terminal Domingo Rodríguez 2.ElmTerm,0.0,0.0,0.0,1.0,1.0,PQ
Demanda Las Matas Farfán,ZLMFAF-D1,0,SUR MEDIO,SUR,SUR 69 kV,\VM-PF.IntUser\PDD 30-09-2025.IntPrj\Network Model.IntPrjfolder\Network Data.IntPrjfolder\SUR 69 kV.ElmNet\Demanda Las Matas Farfán.ElmLod,,69 kV Las Matas de Farfán,WLMFAF,69.0,\VM-PF.IntUser\PDD 30-09-2025.IntPrj\Network Model.IntPrjfolder\Network Data.IntPrjfolder\SUR 69 kV.ElmNet\69 kV Las Matas de Farfán.ElmTerm,7.300000190734863,2.2300000190734863,7.633013725280762,0.9563719630241394,1.0,PQ
Demanda Elías Piña,ZEPINF-D1,0,SUR MEDIO,SUR,SUR 69 kV,\VM-PF.IntUser\PDD 30-09-2025.IntPrj\Network Model.IntPrjfolder\Network Data.IntPrjfolder\SUR 69 kV.ElmNet\Demanda Elías Piña.ElmLod,,69 kV Elías Piña,WEPINF,69.0,\VM-PF.IntUser\PDD 30-09-2025.IntPrj\Network Model.IntPrjfolder\Network Data.IntPrjfolder\SUR 69 kV.ElmNet\69 kV Elías Piña.ElmTerm,5.349999904632568,1.5,5.556302547454834,0.9628705382347107,1.0,PQ
Demanda Cemento Colón,ZCCOLF-D1,0,SUR CERCANO,SUR,SUR 69 kV,\VM-PF.IntUser\PDD 30-09-2025.IntPrj\Network Model.IntPrjfolder\Network Data.IntPrjfolder\SUR 69 kV.ElmNet\Demanda Cemento Colón.ElmLod,,69 kV Cemento Colón(Argos),WCCOLF,69.0,\VM-PF.IntUser\PDD 30-09-2025.IntPrj\Network Model.IntPrjfolder\Network Data.IntPrjfolder\SUR 69 kV.ElmNet\69 kV Cemento Colón(Argos).ElmTerm,2.799999952316284,1.0199999809265137,2.9800000190734863,0.9395973086357117,1.0,DEF
Demanda Yaguate,ZYAGUF-D1,0,SUR CERCANO,SUR,SUR 69 kV,\VM-PF.IntUser\PDD 30-09-2025.IntPrj\Network Model.IntPrjfolder\Network Data.IntPrjfolder\SUR 69 kV.ElmNet\Demanda Yaguate.ElmLod,,Terminal Nizao-Najayo,WXNNAK,12.470000267028809,\VM-PF.IntUser\PDD 30-09-2025.IntPrj\Network Model.IntPrjfolder\Network Data.IntPrjfolder\SUR 69 kV.ElmNet\Terminal Nizao-Najayo.ElmTerm,13.3100004196167,6.449999809265137,14.79049015045166,0.8999025821685791,1.0,DEF
Demanda Guanito 2,ZGUA2F-D1,0,SUR MEDIO,SUR,SUR 69 kV,\VM-PF.IntUser\PDD 30-09-2025.IntPrj\Network Model.IntPrjfolder\Network Data.IntPrjfolder\SUR 69 kV.ElmNet\Demanda Guanito 2.ElmLod,,69 kV Guanito 2,WGUA2F,69.0,\VM-PF.IntUser\PDD 30-09-2025.IntPrj\Network Model.IntPrjfolder\Network Data.IntPrjfolder\SUR 69 kV.ElmNet\69 kV Guanito 2.ElmTerm,2.1700000762939453,0.9200000166893005,2.356968641281128,0.9206741452217102,1.0,DEF
Demanda Acueducto INAPA SCN,ZAISCF-D1,0,SUR CERCANO,SUR,SUR 69 kV,\VM-PF.IntUser\PDD 30-09-2025.IntPrj\Network Model.IntPrjfolder\Network Data.IntPrjfolder\SUR 69 kV.ElmNet\Demanda Acueducto INAPA SCN.ElmLod,,69 kV Acueducto INAPA SCN,WAISCF,69.0,\VM-PF.IntUser\PDD 30-09-2025.IntPrj\Network Model.IntPrjfolder\Network Data.IntPrjfolder\SUR 69 kV.ElmNet\69 kV Acueducto INAPA SCN.ElmTerm,0.3700000047683716,0.1599999964237213,0.40311288833618164,0.9178570508956909,1.0,DEF
Demanda 2 Baní Matadero,ZBMATF-D2,0,SUR CERCANO,SUR,SUR 69 kV,\VM-PF.IntUser\PDD 30-09-2025.IntPrj\Network Model.IntPrjfolder\Network Data.IntPrjfolder\SUR 69 kV.ElmNet\Demanda 2 Baní Matadero.ElmLod,,1,,69.0,\VM-PF.IntUser\PDD 30-09-2025.IntPrj\Network Model.IntPrjfolder\Network Data.IntPrjfolder\SUR 69 kV.ElmNet\ZBMATF.ElmSubstat\1.ElmTerm,0.019999999552965164,0.019999999552965164,0.02828427031636238,0.7071067690849304,1.0,DEF
Demanda Aeropuerto Barahona,ZABARF-D1,0,SUR PROFUNDO,SUR,SUR 69 kV,\VM-PF.IntUser\PDD 30-09-2025.IntPrj\Network Model.IntPrjfolder\Network Data.IntPrjfolder\SUR 69 kV.ElmNet\Demanda Aeropuerto Barahona.ElmLod,,69kV Aeropuerto Barahona,WABARF,69.0,\VM-PF.IntUser\PDD 30-09-2025.IntPrj\Network Model.IntPrjfolder\Network Data.IntPrjfolder\SUR 69 kV.ElmNet\69kV Aeropuerto Barahona.ElmTerm,0.05999999865889549,0.029999999329447746,0.06708204001188278,0.8944271802902222,1.0,PQ
Demanda 2 LAFZID,ZLAFZF-D2,1,SUR CERCANO,SUR,SUR 69 kV,\VM-PF.IntUser\PDD 30-09-2025.IntPrj\Network Model.IntPrjfolder\Network Data.IntPrjfolder\SUR 69 kV.ElmNet\Demanda 2 LAFZID.ElmLod,,4,,69.0,\VM-PF.IntUser\PDD 30-09-2025.IntPrj\Network Model.IntPrjfolder\Network Data.IntPrjfolder\SUR 69 kV.ElmNet\ZPIISF9.ElmSubstat\4.ElmTerm,0.0,0.0,0.0,1.0,1.0,PQ
Demanda SODOCAL,ZSODOF-D1,0,SUR CERCANO,SUR,SUR 69 kV,\VM-PF.IntUser\PDD 30-09-2025.IntPrj\Network Model.IntPrjfolder\Network Data.IntPrjfolder\SUR 69 kV.ElmNet\Demanda SODOCAL.ElmLod,,69 kV SODOCAL,WSODOF,69.0,\VM-PF.IntUser\PDD 30-09-2025.IntPrj\Network Model.IntPrjfolder\Network Data.IntPrjfolder\SUR 69 kV.ElmNet\69 kV SODOCAL.ElmTerm,0.3199999928474426,0.09000000357627869,0.3324154019355774,0.9626508951187134,1.0,PQ
Demanda Kilómetro 15 Azua,ZKQA1F-D1,0,SUR MEDIO,SUR,SUR 69 kV,\VM-PF.IntUser\PDD 30-09-2025.IntPrj\Network Model.IntPrjfolder\Network Data.IntPrjfolder\SUR 69 kV.ElmNet\Demanda Kilómetro 15 Azua.ElmLod,,F3,,69.0,\VM-PF.IntUser\PDD 30-09-2025.IntPrj\Network Model.IntPrjfolder\Network Data.IntPrjfolder\SUR 138 kV.ElmNet\km 15 de Azua.ElmSite\ZKQAZF.ElmSubstat\F3.ElmTerm,11.449999809265137,4.880000114440918,12.446561813354492,0.9199327230453491,1.0,PQ
Demanda Barahona Pueblo,ZBARAF-D1,0,SUR PROFUNDO,SUR,SUR 69 kV,\VM-PF.IntUser\PDD 30-09-2025.IntPrj\Network Model.IntPrjfolder\Network Data.IntPrjfolder\SUR 69 kV.ElmNet\Demanda Barahona Pueblo.ElmLod,,1,,69.0,\VM-PF.IntUser\PDD 30-09-2025.IntPrj\Network Model.IntPrjfolder\Network Data.IntPrjfolder\SUR 69 kV.ElmNet\ZBARAF.ElmSubstat\1.ElmTerm,27.260000228881836,7.619999885559082,28.304981231689453,0.9630813598632812,1.0,PQ
SSAA Canoa Solar,ZSCANK-D1,1,SUR PROFUNDO,SUR,SUR 69 kV,\VM-PF.IntUser\PDD 30-09-2025.IntPrj\Network Model.IntPrjfolder\Network Data.IntPrjfolder\SUR 69 kV.ElmNet\Canoa Solar.ElmSite\SSAA Canoa Solar.ElmLod,,Terminal Canoa Solar,WSCANK,34.5,\VM-PF.IntUser\PDD 30-09-2025.IntPrj\Network Model.IntPrjfolder\Network Data.IntPrjfolder\SUR 69 kV.ElmNet\Canoa Solar.ElmSite\Terminal Canoa Solar.ElmTerm,0.0,0.0,0.0,1.0,1.0,DEF
Demanda Vallejuelo,ZVALLF-D1,0,SUR MEDIO,SUR,SUR 69 kV,\VM-PF.IntUser\PDD 30-09-2025.IntPrj\Network Model.IntPrjfolder\Network Data.IntPrjfolder\SUR 69 kV.ElmNet\Demanda Vallejuelo.ElmLod,,69 kV Vallejuelo,WVALLF,69.0,\VM-PF.IntUser\PDD 30-09-2025.IntPrj\Network Model.IntPrjfolder\Network Data.IntPrjfolder\SUR 69 kV.ElmNet\69 kV Vallejuelo.ElmTerm,1.8600000143051147,0.7900000214576721,2.0208168029785156,0.9204199314117432,1.0,DEF
Demanda Ojiva,ZOJIVF-D1,0,SUR CERCANO,SUR,SUR 69 kV,\VM-PF.IntUser\PDD 30-09-2025.IntPrj\Network Model.IntPrjfolder\Network Data.IntPrjfolder\SUR 69 kV.ElmNet\Demanda Ojiva.ElmLod,,69 kV Ojiva,WOJIVF,69.0,\VM-PF.IntUser\PDD 30-09-2025.IntPrj\Network Model.IntPrjfolder\Network Data.IntPrjfolder\SUR 69 kV.ElmNet\69 kV Ojiva.ElmTerm,1.5299999713897705,0.05000000074505806,1.5308167934417725,0.9994664192199707,1.0,DEF
Demanda Quita Coraza,ZQCORF-D1,0,SUR PROFUNDO,SUR,SUR 69 kV,\VM-PF.IntUser\PDD 30-09-2025.IntPrj\Network Model.IntPrjfolder\Network Data.IntPrjfolder\SUR 69 kV.ElmNet\Demanda Quita Coraza.ElmLod,,69 kV Quita Coraza,WQCORF,69.0,\VM-PF.IntUser\PDD 30-09-2025.IntPrj\Network Model.IntPrjfolder\Network Data.IntPrjfolder\SUR 69 kV.ElmNet\69 kV Quita Coraza.ElmTerm,2.0799999237060547,0.8899999856948853,2.2624101638793945,0.9193735122680664,1.0,DEF
Demanda 2 Cítricos Nacionales,ZCINAF-D2,1,SUR CERCANO,SUR,SUR 69 kV,\VM-PF.IntUser\PDD 30-09-2025.IntPrj\Network Model.IntPrjfolder\Network Data.IntPrjfolder\SUR 69 kV.ElmNet\Demanda 2 Cítricos Nacionales.ElmLod,,1,,69.0,\VM-PF.IntUser\PDD 30-09-2025.IntPrj\Network Model.IntPrjfolder\Network Data.IntPrjfolder\CENTRAL 69 kV.ElmNet\ZCINAF.ElmSubstat\1.ElmTerm,0.0,0.0,0.0,1.0,1.0,DEF
Demanda 2 REFIDOMSA,ZREFIF-D2,0,SUR CERCANO,SUR,SUR 69 kV,\VM-PF.IntUser\PDD 30-09-2025.IntPrj\Network Model.IntPrjfolder\Network Data.IntPrjfolder\SUR 69 kV.ElmNet\Demanda 2 REFIDOMSA.ElmLod,,WRPETF(3),,69.0,\VM-PF.IntUser\PDD 30-09-2025.IntPrj\Network Model.IntPrjfolder\Network Data.IntPrjfolder\SUR 69 kV.ElmNet\ZRPETF.ElmSubstat\WRPETF(3).ElmTerm,0.1899999976158142,0.20000000298023224,0.27586230635643005,0.688749372959137,1.0,DEF
Demanda Khoury Industrial,ZKINDF-D1,0,SUR PROFUNDO,SUR,SUR 69 kV,\VM-PF.IntUser\PDD 30-09-2025.IntPrj\Network Model.IntPrjfolder\Network Data.IntPrjfolder\SUR 69 kV.ElmNet\Demanda Khoury Industrial.ElmLod,,69 kV Khoury Industrial,WKINDF,69.0,\VM-PF.IntUser\PDD 30-09-2025.IntPrj\Network Model.IntPrjfolder\Network Data.IntPrjfolder\SUR 69 kV.ElmNet\69 kV Khoury Industrial.ElmTerm,7.590000152587891,3.700000047683716,8.443819999694824,0.898882269859314,1.0,DEF
Demanda 2 Baní Pueblo,ZBANIF-D2,0,SUR CERCANO,SUR,SUR 69 kV,\VM-PF.IntUser\PDD 30-09-2025.IntPrj\Network Model.IntPrjfolder\Network Data.IntPrjfolder\SUR 69 kV.ElmNet\Demanda 2 Baní Pueblo.ElmLod,,69 kV Baní Pueblo,WBANIF,69.0,\VM-PF.IntUser\PDD 30-09-2025.IntPrj\Network Model.IntPrjfolder\Network Data.IntPrjfolder\SUR 69 kV.ElmNet\69 kV Baní Pueblo.ElmTerm,18.65999984741211,0.0,18.65999984741211,1.0,1.0,DEF
Demanda 2 Madre Vieja,ZMVIEF-D2,0,SUR CERCANO,SUR,SUR 69 kV,\VM-PF.IntUser\PDD 30-09-2025.IntPrj\Network Model.IntPrjfolder\Network Data.IntPrjfolder\SUR 69 kV.ElmNet\Demanda 2 Madre Vieja.ElmLod,,69 kV Madre Vieja,WMVIEF,69.0,\VM-PF.IntUser\PDD 30-09-2025.IntPrj\Network Model.IntPrjfolder\Network Data.IntPrjfolder\SUR 69 kV.ElmNet\69 kV Madre Vieja.ElmTerm,11.739999771118164,5.380000114440918,12.914022445678711,0.9090893268585205,1.0,DEF
Demanda 2 Villa Altagracia,ZVALTF-D2,1,SUR CERCANO,SUR,SUR 69 kV,\VM-PF.IntUser\PDD 30-09-2025.IntPrj\Network Model.IntPrjfolder\Network Data.IntPrjfolder\SUR 69 kV.ElmNet\Demanda 2 Villa Altagracia.ElmLod,,WVALTF(2),,69.0,\VM-PF.IntUser\PDD 30-09-2025.IntPrj\Network Model.IntPrjfolder\Network Data.IntPrjfolder\SUR 69 kV.ElmNet\ZVALTF.ElmSubstat\WVALTF(2).ElmTerm,0.0,0.0,0.0,1.0,1.0,DEF
SSAA PF LUCILA,ZXLUCK-D1,1,SUR CERCANO,SUR,SUR 69 kV,\VM-PF.IntUser\PDD 30-09-2025.IntPrj\Network Model.IntPrjfolder\Network Data.IntPrjfolder\SUR 69 kV.ElmNet\Lucila.ElmSite\SSAA PF LUCILA.ElmLod,,Terminal Lucila,WXLUCK,34.5,\VM-PF.IntUser\PDD 30-09-2025.IntPrj\Network Model.IntPrjfolder\Network Data.IntPrjfolder\SUR 69 kV.ElmNet\Lucila.ElmSite\Terminal Lucila.ElmTerm,0.0,0.0,0.0,1.0,1.0,DEF
69 kV Jimaní D1,WJIBPE-D1,0,SUR PROFUNDO,SUR,SUR 69 kV,\VM-PF.IntUser\PDD 30-09-2025.IntPrj\Network Model.IntPrjfolder\Network Data.IntPrjfolder\SUR 69 kV.ElmNet\69 kV Jimaní D1.ElmLod,,2,,69.0,\VM-PF.IntUser\PDD 30-09-2025.IntPrj\Network Model.IntPrjfolder\Network Data.IntPrjfolder\SUR 69 kV.ElmNet\ZJIMAN.ElmSubstat\2.ElmTerm,0.0,0.0,0.0,1.0,1.0,DEF
SSAA Haina TG,ZHAIGK-D1,1,SUR CERCANO,SUR,SUR 138 kV,\VM-PF.IntUser\PDD 30-09-2025.IntPrj\Network Model.IntPrjfolder\Network Data.IntPrjfolder\SUR 138 kV.ElmNet\Haina.ElmSite\SSAA Haina TG.ElmLod,,Terminal Haina TG,WHAIGK,13.800000190734863,\VM-PF.IntUser\PDD 30-09-2025.IntPrj\Network Model.IntPrjfolder\Network Data.IntPrjfolder\SUR 138 kV.ElmNet\Haina.ElmSite\Terminal Haina TG.ElmTerm,0.0,0.0,0.0,1.0,1.0,PQ
SSAA Valdesia,ZVALDE-D1,1,SUR CERCANO,SUR,SUR 138 kV,\VM-PF.IntUser\PDD 30-09-2025.IntPrj\Network Model.IntPrjfolder\Network Data.IntPrjfolder\SUR 138 kV.ElmNet\Valdesia.ElmSite\SSAA Valdesia.ElmLod,,Terminal Las Barías,WLBARK,13.800000190734863,\VM-PF.IntUser\PDD 30-09-2025.IntPrj\Network Model.IntPrjfolder\Network Data.IntPrjfolder\SUR 138 kV.ElmNet\Valdesia.ElmSite\Terminal Las Barías.ElmTerm,0.0,0.0,0.0,1.0,1.0,PQ
Demanda Valdesia,ZVALDE-D2,0,SUR CERCANO,SUR,SUR 138 kV,\VM-PF.IntUser\PDD 30-09-2025.IntPrj\Network Model.IntPrjfolder\Network Data.IntPrjfolder\SUR 138 kV.ElmNet\Valdesia.ElmSite\Demanda Valdesia.ElmLod,,Terminal Las Barías,WLBARK,13.800000190734863,\VM-PF.IntUser\PDD 30-09-2025.IntPrj\Network Model.IntPrjfolder\Network Data.IntPrjfolder\SUR 138 kV.ElmNet\Valdesia.ElmSite\Terminal Las Barías.ElmTerm,0.44999998807907104,0.20000000298023224,0.49244287610054016,0.9138115644454956,1.0,PQ
SSAA Barahona Carbón,ZBARCK-D1,0,SUR PROFUNDO,SUR,SUR 138 kV,\VM-PF.IntUser\PDD 30-09-2025.IntPrj\Network Model.IntPrjfolder\Network Data.IntPrjfolder\SUR 138 kV.ElmNet\Barahona Carbón.ElmSite\SSAA Barahona Carbón.ElmLod,,Terminal Barahona Carbón,WBCARK,13.800000190734863,\VM-PF.IntUser\PDD 30-09-2025.IntPrj\Network Model.IntPrjfolder\Network Data.IntPrjfolder\SUR 138 kV.ElmNet\Barahona Carbón.ElmSite\Terminal Barahona Carbón.ElmTerm,3.799999952316284,1.6200000047683716,4.130908012390137,0.9198945760726929,1.0,PQ
SSAA Jigüey 1,ZJIG1K-D1,0,SUR CERCANO,SUR,SUR 138 kV,\VM-PF.IntUser\PDD 30-09-2025.IntPrj\Network Model.IntPrjfolder\Network Data.IntPrjfolder\SUR 138 kV.ElmNet\Jiguey.ElmSite\SSAA Jigüey 1.ElmLod,,Terminal Jigüey 1,WJIG1K,13.800000190734863,\VM-PF.IntUser\PDD 30-09-2025.IntPrj\Network Model.IntPrjfolder\Network Data.IntPrjfolder\SUR 138 kV.ElmNet\Jiguey.ElmSite\Terminal Jigüey 1.ElmTerm,1.3600000143051147,0.5799999833106995,1.4785127639770508,0.9198432564735413,1.0,PQ
SSAA Jigüey 2,ZJIG2K-D1,0,SUR CERCANO,SUR,SUR 138 kV,\VM-PF.IntUser\PDD 30-09-2025.IntPrj\Network Model.IntPrjfolder\Network Data.IntPrjfolder\SUR 138 kV.ElmNet\Jiguey.ElmSite\SSAA Jigüey 2.ElmLod,,Terminal Jigüey 2,WJIG2K,13.800000190734863,\VM-PF.IntUser\PDD 30-09-2025.IntPrj\Network Model.IntPrjfolder\Network Data.IntPrjfolder\SUR 138 kV.ElmNet\Jiguey.ElmSite\Terminal Jigüey 2.ElmTerm,1.4500000476837158,0.6200000047683716,1.5769909620285034,0.9194726347923279,1.0,DEF
SSAA Aguacate 2,ZAGU2K-D1,0,SUR CERCANO,SUR,SUR 138 kV,\VM-PF.IntUser\PDD 30-09-2025.IntPrj\Network Model.IntPrjfolder\Network Data.IntPrjfolder\SUR 138 kV.ElmNet\Aguacate.ElmSite\SSAA Aguacate 2.ElmLod,,Terminal Aguacate 2,WAGU2K,13.800000190734863,\VM-PF.IntUser\PDD 30-09-2025.IntPrj\Network Model.IntPrjfolder\Network Data.IntPrjfolder\SUR 138 kV.ElmNet\Aguacate.ElmSite\Terminal Aguacate 2.ElmTerm,0.5400000214576721,0.23000000417232513,0.5869412422180176,0.9200239777565002,1.0,PQ
SSAA Aguacate 1,ZAGU1K-D1,0,SUR CERCANO,SUR,SUR 138 kV,\VM-PF.IntUser\PDD 30-09-2025.IntPrj\Network Model.IntPrjfolder\Network Data.IntPrjfolder\SUR 138 kV.ElmNet\Aguacate.ElmSite\SSAA Aguacate 1.ElmLod,,Terminal Aguacate 1,WAGU1K,13.800000190734863,\VM-PF.IntUser\PDD 30-09-2025.IntPrj\Network Model.IntPrjfolder\Network Data.IntPrjfolder\SUR 138 kV.ElmNet\Aguacate.ElmSite\Terminal Aguacate 1.ElmTerm,0.5,0.20999999344348907,0.5423098802566528,0.9219821095466614,1.0,DEF
SSAA Monte Río Grupo 1,ZMRI1K-D1,0,SUR MEDIO,SUR,SUR 138 kV,\VM-PF.IntUser\PDD 30-09-2025.IntPrj\Network Model.IntPrjfolder\Network Data.IntPrjfolder\SUR 138 kV.ElmNet\Monte Río.ElmSite\SSAA Monte Río Grupo 1.ElmLod,,Terminal Monte Río 1,WMRI1K,13.800000190734863,\VM-PF.IntUser\PDD 30-09-2025.IntPrj\Network Model.IntPrjfolder\Network Data.IntPrjfolder\SUR 138 kV.ElmNet\Monte Río.ElmSite\Terminal Monte Río 1.ElmTerm,1.0299999713897705,0.4399999976158142,1.1200445890426636,0.9196062088012695,1.0,DEF
SSAA Monte Río Grupo 3,ZMRI3K-D1,0,SUR MEDIO,SUR,SUR 138 kV,\VM-PF.IntUser\PDD 30-09-2025.IntPrj\Network Model.IntPrjfolder\Network Data.IntPrjfolder\SUR 138 kV.ElmNet\Monte Río.ElmSite\SSAA Monte Río Grupo 3.ElmLod,,Terminal Monte Río 3,WMRI3K,13.800000190734863,\VM-PF.IntUser\PDD 30-09-2025.IntPrj\Network Model.IntPrjfolder\Network Data.IntPrjfolder\SUR 138 kV.ElmNet\Monte Río.ElmSite\Terminal Monte Río 3.ElmTerm,0.8899999856948853,0.3799999952316284,0.9677292704582214,0.9196786880493164,1.0,DEF
SSAA Itabo 2,ZITA2K-D1,1,SUR CERCANO,SUR,SUR 138 kV,\VM-PF.IntUser\PDD 30-09-2025.IntPrj\Network Model.IntPrjfolder\Network Data.IntPrjfolder\SUR 138 kV.ElmNet\Itabo.ElmSite\SSAA Itabo 2.ElmLod,,Terminal Itabo 2,WITA2K,13.800000190734863,\VM-PF.IntUser\PDD 30-09-2025.IntPrj\Network Model.IntPrjfolder\Network Data.IntPrjfolder\SUR 138 kV.ElmNet\Itabo.ElmSite\Terminal Itabo 2.ElmTerm,0.0,0.0,0.0,1.0,1.0,PQ
SSAA Itabo 1,ZITA1K-D1,0,SUR CERCANO,SUR,SUR 138 kV,\VM-PF.IntUser\PDD 30-09-2025.IntPrj\Network Model.IntPrjfolder\Network Data.IntPrjfolder\SUR 138 kV.ElmNet\Itabo.ElmSite\SSAA Itabo 1.ElmLod,,Terminal Itabo 1,WITA1K,13.800000190734863,\VM-PF.IntUser\PDD 30-09-2025.IntPrj\Network Model.IntPrjfolder\Network Data.IntPrjfolder\SUR 138 kV.ElmNet\Itabo.ElmSite\Terminal Itabo 1.ElmTerm,10.529999732971191,4.480000019073486,11.443395614624023,0.920181393623352,1.0,PQ
SSAA San Lorenzo,ZSLORK-D1,1,SUR CERCANO,SUR,SUR 138 kV,\VM-PF.IntUser\PDD 30-09-2025.IntPrj\Network Model.IntPrjfolder\Network Data.IntPrjfolder\SUR 138 kV.ElmNet\Itabo TG.ElmSite\SSAA San Lorenzo.ElmLod,,3,,13.800000190734863,\VM-PF.IntUser\PDD 30-09-2025.IntPrj\Network Model.IntPrjfolder\Network Data.IntPrjfolder\SUR 138 kV.ElmNet\Itabo TG.ElmSite\ZITAGK.ElmSubstat\3.ElmTerm,0.0,0.0,0.0,1.0,1.0,DEF
SSAA Los Cocos,ZLCOCK-D1,0,SUR PROFUNDO,SUR,SUR 138 kV,\VM-PF.IntUser\PDD 30-09-2025.IntPrj\Network Model.IntPrjfolder\Network Data.IntPrjfolder\SUR 138 kV.ElmNet\Los Cocos.ElmSite\SSAA Los Cocos.ElmLod,,R3,,34.5,\VM-PF.IntUser\PDD 30-09-2025.IntPrj\Network Model.IntPrjfolder\Network Data.IntPrjfolder\SUR 138 kV.ElmNet\Los Cocos.ElmSite\ZLCOCK.ElmSubstat\R3.ElmTerm,0.17000000178813934,0.07000000029802322,0.18384777009487152,0.9246780872344971,1.0,DEF
Demanda Los Cocos,ZLCOCE-D1,0,SUR PROFUNDO,SUR,SUR 138 kV,\VM-PF.IntUser\PDD 30-09-2025.IntPrj\Network Model.IntPrjfolder\Network Data.IntPrjfolder\SUR 138 kV.ElmNet\Los Cocos.ElmSite\Demanda Los Cocos.ElmLod,,4,,138.0,\VM-PF.IntUser\PDD 30-09-2025.IntPrj\Network Model.IntPrjfolder\Network Data.IntPrjfolder\SUR 138 kV.ElmNet\Los Cocos.ElmSite\ZLCOCE.ElmSubstat\4.ElmTerm,7.420000076293945,3.1600000858306885,8.064862251281738,0.9200405478477478,1.0,DEF
SSAA Palomino 1,ZPLM1K-D1,0,SUR MEDIO,SUR,SUR 138 kV,\VM-PF.IntUser\PDD 30-09-2025.IntPrj\Network Model.IntPrjfolder\Network Data.IntPrjfolder\SUR 138 kV.ElmNet\Palomino.ElmSite\SSAA Palomino 1.ElmLod,,Terminal Palomino 1,WPLM1K,13.800000190734863,\VM-PF.IntUser\PDD 30-09-2025.IntPrj\Network Model.IntPrjfolder\Network Data.IntPrjfolder\SUR 138 kV.ElmNet\Palomino.ElmSite\Terminal Palomino 1.ElmTerm,0.4000000059604645,0.17000000178813934,0.4346262812614441,0.9203309416770935,1.0,DEF
SSAA Palomino 2,ZPLM2K-D1,0,SUR MEDIO,SUR,SUR 138 kV,\VM-PF.IntUser\PDD 30-09-2025.IntPrj\Network Model.IntPrjfolder\Network Data.IntPrjfolder\SUR 138 kV.ElmNet\Palomino.ElmSite\SSAA Palomino 2.ElmLod,,Terminal Palomino 2,WPLM2K,13.800000190734863,\VM-PF.IntUser\PDD 30-09-2025.IntPrj\Network Model.IntPrjfolder\Network Data.IntPrjfolder\SUR 138 kV.ElmNet\Palomino.ElmSite\Terminal Palomino 2.ElmTerm,0.699999988079071,0.30000001192092896,0.761577308177948,0.9191449880599976,1.0,DEF
SSAA POWERSHIP AZUA KPS 26 1,ZXPA1K-D1,0,SUR MEDIO,SUR,SUR 138 kV,\VM-PF.IntUser\PDD 30-09-2025.IntPrj\Network Model.IntPrjfolder\Network Data.IntPrjfolder\SUR 138 kV.ElmNet\POWERSHIP AZUA KPS 26.ElmSite\SSAA POWERSHIP AZUA KPS 26 1.ElmLod,,Terminal POWERSHIP AZUA KPS26 1,WXPA1K,11.0,\VM-PF.IntUser\PDD 30-09-2025.IntPrj\Network Model.IntPrjfolder\Network Data.IntPrjfolder\SUR 138 kV.ElmNet\POWERSHIP AZUA KPS 26.ElmSite\Terminal POWERSHIP AZUA KPS26 1.ElmTerm,1.090000033378601,0.46000000834465027,1.183089256286621,0.9213168025016785,1.0,DEF
SSAA POWERSHIP AZUA KPS 26 2,ZXPA2K-D1,0,SUR MEDIO,SUR,SUR 138 kV,\VM-PF.IntUser\PDD 30-09-2025.IntPrj\Network Model.IntPrjfolder\Network Data.IntPrjfolder\SUR 138 kV.ElmNet\POWERSHIP AZUA KPS 26.ElmSite\SSAA POWERSHIP AZUA KPS 26 2.ElmLod,,Terminal POWERSHIP AZUA KPS26 2,WXPA2K,11.0,\VM-PF.IntUser\PDD 30-09-2025.IntPrj\Network Model.IntPrjfolder\Network Data.IntPrjfolder\SUR 138 kV.ElmNet\POWERSHIP AZUA KPS 26.ElmSite\Terminal POWERSHIP AZUA KPS26 2.ElmTerm,1.0099999904632568,0.33000001311302185,1.0625441074371338,0.9505487680435181,1.0,DEF
SSAA POWERSHIP AZUA KPS 60,ZXPA3K-D1,0,SUR MEDIO,SUR,SUR 138 kV,\VM-PF.IntUser\PDD 30-09-2025.IntPrj\Network Model.IntPrjfolder\Network Data.IntPrjfolder\SUR 138 kV.ElmNet\POWERSHIP AZUA KPS 60.ElmSite\SSAA POWERSHIP AZUA KPS 60.ElmLod,,Terminal Powership Azua KPS60,WXPA3K,15.0,\VM-PF.IntUser\PDD 30-09-2025.IntPrj\Network Model.IntPrjfolder\Network Data.IntPrjfolder\SUR 138 kV.ElmNet\POWERSHIP AZUA KPS 60.ElmSite\Terminal Powership Azua KPS60.ElmTerm,1.4800000190734863,0.49000000953674316,1.5590060949325562,0.9493228197097778,1.0,DEF
Demanda Domicem,ZPAQ1K-D1,0,SUR CERCANO,SUR,SUR 138 kV,\VM-PF.IntUser\PDD 30-09-2025.IntPrj\Network Model.IntPrjfolder\Network Data.IntPrjfolder\SUR 138 kV.ElmNet\Palenque.ElmSite\Demanda Domicem.ElmLod,,Terminal Palenque 1,WPAQ1K,4.159999847412109,\VM-PF.IntUser\PDD 30-09-2025.IntPrj\Network Model.IntPrjfolder\Network Data.IntPrjfolder\SUR 138 kV.ElmNet\Palenque.ElmSite\Terminal Palenque 1.ElmTerm,22.81999969482422,6.659999847412109,23.77199935913086,0.9599528908729553,1.0,DEF
SSAA Palenque,ZPAQ2K-D1,0,SUR CERCANO,SUR,SUR 138 kV,\VM-PF.IntUser\PDD 30-09-2025.IntPrj\Network Model.IntPrjfolder\Network Data.IntPrjfolder\SUR 138 kV.ElmNet\Palenque.ElmSite\SSAA Palenque.ElmLod,,Terminal Palenque 2,WPAQ2K,4.159999847412109,\VM-PF.IntUser\PDD 30-09-2025.IntPrj\Network Model.IntPrjfolder\Network Data.IntPrjfolder\SUR 138 kV.ElmNet\Palenque.ElmSite\Terminal Palenque 2.ElmTerm,0.47999998927116394,0.20000000298023224,0.5199999809265137,0.9230769276618958,1.0,DEF
SSAA Matafongo,ZMTFNK-D1,0,SUR CERCANO,SUR,SUR 138 kV,\VM-PF.IntUser\PDD 30-09-2025.IntPrj\Network Model.IntPrjfolder\Network Data.IntPrjfolder\SUR 138 kV.ElmNet\Matafongo.ElmSite\SSAA Matafongo.ElmLod,,Terminal Matafongo,WMTFNK,34.5,\VM-PF.IntUser\PDD 30-09-2025.IntPrj\Network Model.IntPrjfolder\Network Data.IntPrjfolder\SUR 138 kV.ElmNet\Matafongo.ElmSite\Terminal Matafongo.ElmTerm,0.0,0.0,0.0,1.0,1.0,DEF
Demanda San Cristóbal Norte,ZSCNOE-D1,0,SUR CERCANO,SUR,SUR 138 kV,\VM-PF.IntUser\PDD 30-09-2025.IntPrj\Network Model.IntPrjfolder\Network Data.IntPrjfolder\SUR 138 kV.ElmNet\Demanda San Cristóbal Norte.ElmLod,,3,,138.0,\VM-PF.IntUser\PDD 30-09-2025.IntPrj\Network Model.IntPrjfolder\Network Data.IntPrjfolder\SUR 138 kV.ElmNet\ZSCNOE.ElmSubstat\3.ElmTerm,37.06999969482422,7.53000020980835,37.82705307006836,0.9799864292144775,1.0,DEF
SSAA Bayasol,ZBAYAK-D1,0,SUR CERCANO,SUR,SUR 138 kV,\VM-PF.IntUser\PDD 30-09-2025.IntPrj\Network Model.IntPrjfolder\Network Data.IntPrjfolder\SUR 138 kV.ElmNet\Bayasol.ElmSite\SSAA Bayasol.ElmLod,,Terminal Bayasol,WBAYAK,34.5,\VM-PF.IntUser\PDD 30-09-2025.IntPrj\Network Model.IntPrjfolder\Network Data.IntPrjfolder\SUR 138 kV.ElmNet\Bayasol.ElmSite\Terminal Bayasol.ElmTerm,0.0,0.0,0.0,1.0,1.0,DEF
SSAA Girasol Grupo 1,ZGIRAK-D1,1,SUR CERCANO,SUR,SUR 138 kV,\VM-PF.IntUser\PDD 30-09-2025.IntPrj\Network Model.IntPrjfolder\Network Data.IntPrjfolder\SUR 138 kV.ElmNet\Girasol.ElmSite\SSAA Girasol Grupo 1.ElmLod,,L3,,34.5,\VM-PF.IntUser\PDD 30-09-2025.IntPrj\Network Model.IntPrjfolder\Network Data.IntPrjfolder\SUR 138 kV.ElmNet\Girasol.ElmSite\ZGIRAK.ElmSubstat\L3.ElmTerm,0.0,0.0,0.0,1.0,1.0,DEF
SSAA Girasol Grupo 2,ZGIRAK-D2,1,SUR CERCANO,SUR,SUR 138 kV,\VM-PF.IntUser\PDD 30-09-2025.IntPrj\Network Model.IntPrjfolder\Network Data.IntPrjfolder\SUR 138 kV.ElmNet\Girasol.ElmSite\SSAA Girasol Grupo 2.ElmLod,,R2,,34.5,\VM-PF.IntUser\PDD 30-09-2025.IntPrj\Network Model.IntPrjfolder\Network Data.IntPrjfolder\SUR 138 kV.ElmNet\Girasol.ElmSite\ZGIRAK.ElmSubstat\R2.ElmTerm,0.0,0.0,0.0,1.0,1.0,DEF
SSAA Santanasol,ZSANTK-D1,1,SUR CERCANO,SUR,SUR 138 kV,\VM-PF.IntUser\PDD 30-09-2025.IntPrj\Network Model.IntPrjfolder\Network Data.IntPrjfolder\SUR 138 kV.ElmNet\Santanasol.ElmSite\SSAA Santanasol.ElmLod,,Terminal Santanasol,WSANTK,34.5,\VM-PF.IntUser\PDD 30-09-2025.IntPrj\Network Model.IntPrjfolder\Network Data.IntPrjfolder\SUR 138 kV.ElmNet\Santanasol.ElmSite\Terminal Santanasol.ElmTerm,0.0,0.0,0.0,1.0,1.0,DEF
SSAA Los Negros,ZLNEGK-D1,1,SUR MEDIO,SUR,SUR 138 kV,\VM-PF.IntUser\PDD 30-09-2025.IntPrj\Network Model.IntPrjfolder\Network Data.IntPrjfolder\SUR 138 kV.ElmNet\SSAA Los Negros.ElmLod,,Terminal Monte Río 2,WMRI2K,13.800000190734863,\VM-PF.IntUser\PDD 30-09-2025.IntPrj\Network Model.IntPrjfolder\Network Data.IntPrjfolder\SUR 138 kV.ElmNet\Monte Río.ElmSite\Terminal Monte Río 2.ElmTerm,0.0,0.0,0.0,1.0,1.0,DEF
SSAA PF Calabaza 1,ZXCA1K-D1,1,SUR CERCANO,SUR,SUR 138 kV,\VM-PF.IntUser\PDD 30-09-2025.IntPrj\Network Model.IntPrjfolder\Network Data.IntPrjfolder\SUR 138 kV.ElmNet\Calabaza.ElmSite\SSAA PF Calabaza 1.ElmLod,Cargas zona sur,Terminal PF Calabaza 1,WXCA1K,34.5,\VM-PF.IntUser\PDD 30-09-2025.IntPrj\Network Model.IntPrjfolder\Network Data.IntPrjfolder\SUR 138 kV.ElmNet\Calabaza.ElmSite\Terminal PF Calabaza 1.ElmTerm,0.0,0.0,0.0,1.0,1.0,DEF
SSAA Peravia Solar 1,ZPES1K-D1,1,SUR MEDIO,SUR,SUR 138 kV,\VM-PF.IntUser\PDD 30-09-2025.IntPrj\Network Model.IntPrjfolder\Network Data.IntPrjfolder\SUR 138 kV.ElmNet\SSAA Peravia Solar 1.ElmLod,Cargas zona sur,Terminal Peravia Solar 1,WPES1K,34.5,\VM-PF.IntUser\PDD 30-09-2025.IntPrj\Network Model.IntPrjfolder\Network Data.IntPrjfolder\SUR 138 kV.ElmNet\Terminal Peravia Solar 1.ElmTerm,0.0,0.0,0.0,1.0,1.0,DEF
SSAA Peravia Solar 2,ZPES2K-D1,1,SUR MEDIO,SUR,SUR 138 kV,\VM-PF.IntUser\PDD 30-09-2025.IntPrj\Network Model.IntPrjfolder\Network Data.IntPrjfolder\SUR 138 kV.ElmNet\SSAA Peravia Solar 2.ElmLod,Cargas zona sur,Terminal Peravia Solar 2,WPES2K,34.5,\VM-PF.IntUser\PDD 30-09-2025.IntPrj\Network Model.IntPrjfolder\Network Data.IntPrjfolder\SUR 138 kV.ElmNet\Terminal Peravia Solar 2.ElmTerm,0.0,0.0,0.0,1.0,1.0,DEF
138 kV Pedernales D1,WPEBPE-D1,0,SUR PROFUNDO,SUR,SUR 138 kV,\VM-PF.IntUser\PDD 30-09-2025.IntPrj\Network Model.IntPrjfolder\Network Data.IntPrjfolder\SUR 138 kV.ElmNet\138 kV Pedernales D1.ElmLod,,138 kV Pedernales BP,WPEBPE,138.0,\VM-PF.IntUser\PDD 30-09-2025.IntPrj\Network Model.IntPrjfolder\Network Data.IntPrjfolder\SUR 138 kV.ElmNet\ZPEDER.ElmSubstat\138 kV Pedernales BP.ElmTerm,1.0299999713897705,0.28999999165534973,1.0700466632843018,0.96257483959198,1.0,DEF
SSAA POWERSHIP AZUA KPS56,ZXPA4K-D1,0,SUR MEDIO,SUR,SUR 138 kV,\VM-PF.IntUser\PDD 30-09-2025.IntPrj\Network Model.IntPrjfolder\Network Data.IntPrjfolder\SUR 138 kV.ElmNet\SSAA POWERSHIP AZUA KPS56.ElmLod,,Terminal POWERSHIP AZUA KPS56,WXPA4K,11.0,\VM-PF.IntUser\PDD 30-09-2025.IntPrj\Network Model.IntPrjfolder\Network Data.IntPrjfolder\SUR 138 kV.ElmNet\Terminal POWERSHIP AZUA KPS56.ElmTerm,1.2999999523162842,0.4300000071525574,1.369269847869873,0.9494110941886902,1.0,DEF
Demanda 1 Arroyo Hondo,ZAHONF-D1,1,DISTRITO NACIONAL,CENTRAL,CENTRAL 138 kV,\VM-PF.IntUser\PDD 30-09-2025.IntPrj\Network Model.IntPrjfolder\Network Data.IntPrjfolder\CENTRAL 138 kV.ElmNet\Arroyo Hondo.ElmSite\Demanda 1 Arroyo Hondo.ElmLod,,WAHONF(16),,69.0,\VM-PF.IntUser\PDD 30-09-2025.IntPrj\Network Model.IntPrjfolder\Network Data.IntPrjfolder\CENTRAL 138 kV.ElmNet\Arroyo Hondo.ElmSite\ZAHONF.ElmSubstat\WAHONF(16).ElmTerm,0.0,0.0,0.0,1.0,1.0,PQ
Demanda 2 Arroyo Hondo,ZAHOBF-D1,0,DISTRITO NACIONAL,CENTRAL,CENTRAL 138 kV,\VM-PF.IntUser\PDD 30-09-2025.IntPrj\Network Model.IntPrjfolder\Network Data.IntPrjfolder\CENTRAL 138 kV.ElmNet\Arroyo Hondo.ElmSite\Demanda 2 Arroyo Hondo.ElmLod,,WAHONF(2),,69.0,\VM-PF.IntUser\PDD 30-09-2025.IntPrj\Network Model.IntPrjfolder\Network Data.IntPrjfolder\CENTRAL 138 kV.ElmNet\Arroyo Hondo.ElmSite\ZAHONF.ElmSubstat\WAHONF(2).ElmTerm,23.200000762939453,5.710000038146973,23.892345428466797,0.9710223078727722,1.0,PQ
Demanda Herrera Nueva,ZHNVAF-D1,0,SANTO DOMINGO,CENTRAL,CENTRAL 138 kV,\VM-PF.IntUser\PDD 30-09-2025.IntPrj\Network Model.IntPrjfolder\Network Data.IntPrjfolder\CENTRAL 138 kV.ElmNet\Herrera.ElmSite\Demanda Herrera Nueva.ElmLod,,1,,69.0,\VM-PF.IntUser\PDD 30-09-2025.IntPrj\Network Model.IntPrjfolder\Network Data.IntPrjfolder\CENTRAL 138 kV.ElmNet\Herrera.ElmSite\ZHNV3F.ElmSubstat\1.ElmTerm,14.270000457763672,4.039999961853027,14.830863952636719,0.9621827006340027,1.0,PQ
Demanda Herrera 138 kV,ZHERRE-D1,0,SANTO DOMINGO,CENTRAL,CENTRAL 138 kV,\VM-PF.IntUser\PDD 30-09-2025.IntPrj\Network Model.IntPrjfolder\Network Data.IntPrjfolder\CENTRAL 138 kV.ElmNet\Herrera.ElmSite\Demanda Herrera 138 kV.ElmLod,,WHERRE(9),,138.0,\VM-PF.IntUser\PDD 30-09-2025.IntPrj\Network Model.IntPrjfolder\Network Data.IntPrjfolder\CENTRAL 138 kV.ElmNet\Herrera.ElmSite\ZHERRE.ElmSubstat\WHERRE(9).ElmTerm,32.27000045776367,9.479999542236328,33.633663177490234,0.9594554305076599,1.0,PQ
Demanda 1 Dajao,ZDJAOF-D1,0,SANTO DOMINGO,CENTRAL,CENTRAL 138 kV,\VM-PF.IntUser\PDD 30-09-2025.IntPrj\Network Model.IntPrjfolder\Network Data.IntPrjfolder\CENTRAL 138 kV.ElmNet\Dajao.ElmSite\Demanda 1 Dajao.ElmLod,,Terminal 69 kV Dajao,WXTDAF,69.0,\VM-PF.IntUser\PDD 30-09-2025.IntPrj\Network Model.IntPrjfolder\Network Data.IntPrjfolder\CENTRAL 138 kV.ElmNet\Dajao.ElmSite\Terminal 69 kV Dajao.ElmTerm,21.049999237060547,10.760000228881836,23.640644073486328,0.8904156684875488,1.0,PQ
Demanda 2 Dajao,ZDJAOF-D2,0,SANTO DOMINGO,CENTRAL,CENTRAL 138 kV,\VM-PF.IntUser\PDD 30-09-2025.IntPrj\Network Model.IntPrjfolder\Network Data.IntPrjfolder\CENTRAL 138 kV.ElmNet\Dajao.ElmSite\Demanda 2 Dajao.ElmLod,,Terminal 69 kV Dajao,WXTDAF,69.0,\VM-PF.IntUser\PDD 30-09-2025.IntPrj\Network Model.IntPrjfolder\Network Data.IntPrjfolder\CENTRAL 138 kV.ElmNet\Dajao.ElmSite\Terminal 69 kV Dajao.ElmTerm,0.0,0.0,0.0,1.0,1.0,DEF
138 kV Dajao D1,ZDJAOE-D1,0,SANTO DOMINGO,CENTRAL,CENTRAL 138 kV,\VM-PF.IntUser\PDD 30-09-2025.IntPrj\Network Model.IntPrjfolder\Network Data.IntPrjfolder\CENTRAL 138 kV.ElmNet\Dajao.ElmSite\138 kV Dajao D1.ElmLod,,2,,138.0,\VM-PF.IntUser\PDD 30-09-2025.IntPrj\Network Model.IntPrjfolder\Network Data.IntPrjfolder\CENTRAL 138 kV.ElmNet\Dajao.ElmSite\ZDJAOE.ElmSubstat\2.ElmTerm,26.329999923706055,11.220000267028809,28.620925903320312,0.9199562668800354,1.0,DEF
Demanda Boca Chica,ZBCHIE-D1,0,SANTO DOMINGO,CENTRAL,CENTRAL 138 kV,\VM-PF.IntUser\PDD 30-09-2025.IntPrj\Network Model.IntPrjfolder\Network Data.IntPrjfolder\CENTRAL 138 kV.ElmNet\Boca Chica.ElmSite\Demanda Boca Chica.ElmLod,,4,,138.0,\VM-PF.IntUser\PDD 30-09-2025.IntPrj\Network Model.IntPrjfolder\Network Data.IntPrjfolder\CENTRAL 138 kV.ElmNet\Boca Chica.ElmSite\ZBCHIE.ElmSubstat\4.ElmTerm,35.220001220703125,12.25,37.289554595947266,0.9445004463195801,1.0,PQ
Demanda 1 Hainamosa,ZHNS1E-D1,0,SANTO DOMINGO,CENTRAL,CENTRAL 138 kV,\VM-PF.IntUser\PDD 30-09-2025.IntPrj\Network Model.IntPrjfolder\Network Data.IntPrjfolder\CENTRAL 138 kV.ElmNet\Hainamosa.ElmSite\Demanda 1 Hainamosa.ElmLod,,E6,,138.0,\VM-PF.IntUser\PDD 30-09-2025.IntPrj\Network Model.IntPrjfolder\Network Data.IntPrjfolder\CENTRAL 138 kV.ElmNet\Hainamosa.ElmSite\ZHNSAE.ElmSubstat\E6.ElmTerm,25.959999084472656,9.640000343322754,27.69207763671875,0.9374521970748901,1.0,PQ
Demanda 2 Hainamosa,ZHNS2E-D1,0,SANTO DOMINGO,CENTRAL,CENTRAL 138 kV,\VM-PF.IntUser\PDD 30-09-2025.IntPrj\Network Model.IntPrjfolder\Network Data.IntPrjfolder\CENTRAL 138 kV.ElmNet\Hainamosa.ElmSite\Demanda 2 Hainamosa.ElmLod,,E18,,138.0,\VM-PF.IntUser\PDD 30-09-2025.IntPrj\Network Model.IntPrjfolder\Network Data.IntPrjfolder\CENTRAL 138 kV.ElmNet\Hainamosa.ElmSite\ZHNSAE.ElmSubstat\E18.ElmTerm,24.6200008392334,9.140000343322754,26.261837005615234,0.9374820590019226,1.0,DEF
Demanda Villa Duarte,ZVDU1E-D1,0,SANTO DOMINGO,CENTRAL,CENTRAL 138 kV,\VM-PF.IntUser\PDD 30-09-2025.IntPrj\Network Model.IntPrjfolder\Network Data.IntPrjfolder\CENTRAL 138 kV.ElmNet\Villa Duarte.ElmSite\Demanda Villa Duarte.ElmLod,,E2,,138.0,\VM-PF.IntUser\PDD 30-09-2025.IntPrj\Network Model.IntPrjfolder\Network Data.IntPrjfolder\CENTRAL 138 kV.ElmNet\Villa Duarte.ElmSite\ZVDUAE.ElmSubstat\E2.ElmTerm,27.850000381469727,0.28999999165534973,27.85150909423828,0.9999458193778992,1.0,PQ
SSAA Los Mina 5 y 6,ZLMI6E-D1,0,SANTO DOMINGO,CENTRAL,CENTRAL 138 kV,\VM-PF.IntUser\PDD 30-09-2025.IntPrj\Network Model.IntPrjfolder\Network Data.IntPrjfolder\CENTRAL 138 kV.ElmNet\Los Mina 6.ElmSite\SSAA Los Mina 5 y 6.ElmLod,,Terminal SA PE Los Mina,WXSALMK,4.159999847412109,\VM-PF.IntUser\PDD 30-09-2025.IntPrj\Network Model.IntPrjfolder\Network Data.IntPrjfolder\CENTRAL 138 kV.ElmNet\Terminal SA PE Los Mina.ElmTerm,4.039999961853027,1.7200000286102295,4.390899658203125,0.9200847744941711,1.0,PQ
SSAA AES Andrés,ZAANDE-D1,0,SANTO DOMINGO,CENTRAL,CENTRAL 138 kV,\VM-PF.IntUser\PDD 30-09-2025.IntPrj\Network Model.IntPrjfolder\Network Data.IntPrjfolder\CENTRAL 138 kV.ElmNet\AES Andrés.ElmSite\SSAA AES Andrés.ElmLod,,2,,138.0,\VM-PF.IntUser\PDD 30-09-2025.IntPrj\Network Model.IntPrjfolder\Network Data.IntPrjfolder\CENTRAL 138 kV.ElmNet\AES Andrés.ElmSite\ZAANDE.ElmSubstat\2.ElmTerm,8.899999618530273,3.7899999618530273,9.673370361328125,0.9200515747070312,1.0,PQ
Demanda 2 ENADOM,ZENADE-D2,1,SANTO DOMINGO,CENTRAL,CENTRAL 138 kV,\VM-PF.IntUser\PDD 30-09-2025.IntPrj\Network Model.IntPrjfolder\Network Data.IntPrjfolder\CENTRAL 138 kV.ElmNet\AES Andrés.ElmSite\Demanda 2 ENADOM.ElmLod,,3,,138.0,\VM-PF.IntUser\PDD 30-09-2025.IntPrj\Network Model.IntPrjfolder\Network Data.IntPrjfolder\CENTRAL 138 kV.ElmNet\AES Andrés.ElmSite\ZENADE.ElmSubstat\3.ElmTerm,0.0,0.0,0.0,1.0,1.0,DEF
Demanda 1 ENADOM,ZENADE-D1,0,SANTO DOMINGO,CENTRAL,CENTRAL 138 kV,\VM-PF.IntUser\PDD 30-09-2025.IntPrj\Network Model.IntPrjfolder\Network Data.IntPrjfolder\CENTRAL 138 kV.ElmNet\AES Andrés.ElmSite\Demanda 1 ENADOM.ElmLod,,2,,138.0,\VM-PF.IntUser\PDD 30-09-2025.IntPrj\Network Model.IntPrjfolder\Network Data.IntPrjfolder\CENTRAL 138 kV.ElmNet\AES Andrés.ElmSite\ZENADE.ElmSubstat\2.ElmTerm,0.8199999928474426,0.25,0.8572630882263184,0.9565324783325195,1.0,DEF
SSAA Metaldom,ZMETAK-D1,0,DISTRITO NACIONAL,CENTRAL,CENTRAL 138 kV,\VM-PF.IntUser\PDD 30-09-2025.IntPrj\Network Model.IntPrjfolder\Network Data.IntPrjfolder\CENTRAL 138 kV.ElmNet\METALDOM.ElmSite\SSAA Metaldom.ElmLod,,Terminal METALDOM,WMETAK,13.199999809265137,\VM-PF.IntUser\PDD 30-09-2025.IntPrj\Network Model.IntPrjfolder\Network Data.IntPrjfolder\CENTRAL 138 kV.ElmNet\METALDOM.ElmSite\Terminal METALDOM.ElmTerm,2.0799999237060547,0.8899999856948853,2.2624101638793945,0.9193735122680664,1.0,PQ
Demanda 1 Villa Mella,ZVMELE-D1,0,SANTO DOMINGO,CENTRAL,CENTRAL 138 kV,\VM-PF.IntUser\PDD 30-09-2025.IntPrj\Network Model.IntPrjfolder\Network Data.IntPrjfolder\CENTRAL 138 kV.ElmNet\Demanda 1 Villa Mella.ElmLod,,3,,138.0,\VM-PF.IntUser\PDD 30-09-2025.IntPrj\Network Model.IntPrjfolder\Network Data.IntPrjfolder\CENTRAL 138 kV.ElmNet\ZVMELE.ElmSubstat\3.ElmTerm,19.15999984741211,0.0,19.15999984741211,1.0,1.0,PQ
Demanda 1 UASD,ZUASDE-D1,0,DISTRITO NACIONAL,CENTRAL,CENTRAL 138 kV,\VM-PF.IntUser\PDD 30-09-2025.IntPrj\Network Model.IntPrjfolder\Network Data.IntPrjfolder\CENTRAL 138 kV.ElmNet\Demanda 1 UASD.ElmLod,,L3,,138.0,\VM-PF.IntUser\PDD 30-09-2025.IntPrj\Network Model.IntPrjfolder\Network Data.IntPrjfolder\CENTRAL 138 kV.ElmNet\ZUASDE.ElmSubstat\L3.ElmTerm,17.040000915527344,5.550000190734863,17.921052932739258,0.9508370161056519,1.0,PQ
Demanda Paraíso,ZPARAE-D1,0,DISTRITO NACIONAL,CENTRAL,CENTRAL 138 kV,\VM-PF.IntUser\PDD 30-09-2025.IntPrj\Network Model.IntPrjfolder\Network Data.IntPrjfolder\CENTRAL 138 kV.ElmNet\Demanda Paraíso.ElmLod,,WPARAE(5),,138.0,\VM-PF.IntUser\PDD 30-09-2025.IntPrj\Network Model.IntPrjfolder\Network Data.IntPrjfolder\CENTRAL 138 kV.ElmNet\ZPARAE.ElmSubstat\WPARAE(5).ElmTerm,37.06999969482422,2.130000114440918,37.131141662597656,0.9983533620834351,1.0,PQ
Demanda 1 Los Prados,ZLPRAE-D1,0,DISTRITO NACIONAL,CENTRAL,CENTRAL 138 kV,\VM-PF.IntUser\PDD 30-09-2025.IntPrj\Network Model.IntPrjfolder\Network Data.IntPrjfolder\CENTRAL 138 kV.ElmNet\Demanda 1 Los Prados.ElmLod,,4,,138.0,\VM-PF.IntUser\PDD 30-09-2025.IntPrj\Network Model.IntPrjfolder\Network Data.IntPrjfolder\CENTRAL 138 kV.ElmNet\ZLPRAE.ElmSubstat\4.ElmTerm,47.5099983215332,3.9700000286102295,47.67557907104492,0.9965269565582275,1.0,PQ
Demanda 1 Embajador,ZEMBAE-D1,0,DISTRITO NACIONAL,CENTRAL,CENTRAL 138 kV,\VM-PF.IntUser\PDD 30-09-2025.IntPrj\Network Model.IntPrjfolder\Network Data.IntPrjfolder\CENTRAL 138 kV.ElmNet\Demanda 1 Embajador.ElmLod,,WEMBAE(3),,138.0,\VM-PF.IntUser\PDD 30-09-2025.IntPrj\Network Model.IntPrjfolder\Network Data.IntPrjfolder\CENTRAL 138 kV.ElmNet\ZEMBAE.ElmSubstat\WEMBAE(3).ElmTerm,35.27000045776367,10.729999542236328,36.866050720214844,0.9567067623138428,1.0,PQ
Demanda 2 Matadero,ZMATAE-D2,0,DISTRITO NACIONAL,CENTRAL,CENTRAL 138 kV,\VM-PF.IntUser\PDD 30-09-2025.IntPrj\Network Model.IntPrjfolder\Network Data.IntPrjfolder\CENTRAL 138 kV.ElmNet\Demanda 2 Matadero.ElmLod,,L4,,138.0,\VM-PF.IntUser\PDD 30-09-2025.IntPrj\Network Model.IntPrjfolder\Network Data.IntPrjfolder\CENTRAL 138 kV.ElmNet\ZMATAE.ElmSubstat\L4.ElmTerm,10.569999694824219,1.4600000381469727,10.670355796813965,0.9905948638916016,1.0,PQ
Demanda 1 César Nicolás Penson,ZCNPEE-D1,0,DISTRITO NACIONAL,CENTRAL,CENTRAL 138 kV,\VM-PF.IntUser\PDD 30-09-2025.IntPrj\Network Model.IntPrjfolder\Network Data.IntPrjfolder\CENTRAL 138 kV.ElmNet\Demanda 1 César Nicolás Penson.ElmLod,,R2,,138.0,\VM-PF.IntUser\PDD 30-09-2025.IntPrj\Network Model.IntPrjfolder\Network Data.IntPrjfolder\CENTRAL 138 kV.ElmNet\ZCNPEE.ElmSubstat\R2.ElmTerm,22.56999969482422,0.3700000047683716,22.57303237915039,0.9998656511306763,1.0,PQ
Demanda 1 El Brisal,ZEBRIE-D1,0,SANTO DOMINGO,CENTRAL,CENTRAL 138 kV,\VM-PF.IntUser\PDD 30-09-2025.IntPrj\Network Model.IntPrjfolder\Network Data.IntPrjfolder\CENTRAL 138 kV.ElmNet\Demanda 1 El Brisal.ElmLod,,3,,138.0,\VM-PF.IntUser\PDD 30-09-2025.IntPrj\Network Model.IntPrjfolder\Network Data.IntPrjfolder\CENTRAL 138 kV.ElmNet\ZEBRIE.ElmSubstat\3.ElmTerm,44.36000061035156,19.100000381469727,48.29719924926758,0.9184798002243042,1.0,PQ
Demanda Timbeque 2,ZTIM2E-D1,0,DISTRITO NACIONAL,CENTRAL,CENTRAL 138 kV,\VM-PF.IntUser\PDD 30-09-2025.IntPrj\Network Model.IntPrjfolder\Network Data.IntPrjfolder\CENTRAL 138 kV.ElmNet\Timbeque 2.ElmSite\Demanda Timbeque 2.ElmLod,,L1,,138.0,\VM-PF.IntUser\PDD 30-09-2025.IntPrj\Network Model.IntPrjfolder\Network Data.IntPrjfolder\CENTRAL 138 kV.ElmNet\Timbeque 2.ElmSite\ZTIM2E.ElmSubstat\L1.ElmTerm,21.860000610351562,6.440000057220459,22.78888511657715,0.9592396020889282,1.0,PQ
Demanda Palamara,ZPALAF-D1,0,SANTO DOMINGO,CENTRAL,CENTRAL 138 kV,\VM-PF.IntUser\PDD 30-09-2025.IntPrj\Network Model.IntPrjfolder\Network Data.IntPrjfolder\CENTRAL 138 kV.ElmNet\Palamara.ElmSite\Demanda Palamara.ElmLod,,L6,,69.0,\VM-PF.IntUser\PDD 30-09-2025.IntPrj\Network Model.IntPrjfolder\Network Data.IntPrjfolder\CENTRAL 138 kV.ElmNet\Palamara.ElmSite\ZPALAF.ElmSubstat\L6.ElmTerm,36.11000061035156,0.05999999865889549,36.110050201416016,0.9999986290931702,1.0,PQ
SSAA EDM2 G1,ZEM21K-D1,0,DISTRITO NACIONAL,CENTRAL,CENTRAL 138 kV,\VM-PF.IntUser\PDD 30-09-2025.IntPrj\Network Model.IntPrjfolder\Network Data.IntPrjfolder\CENTRAL 138 kV.ElmNet\EDM 2.ElmSite\SSAA EDM2 G1.ElmLod,,L3,,13.800000190734863,\VM-PF.IntUser\PDD 30-09-2025.IntPrj\Network Model.IntPrjfolder\Network Data.IntPrjfolder\CENTRAL 138 kV.ElmNet\EDM 2.ElmSite\ZEDM2K.ElmSubstat\L3.ElmTerm,1.309999942779541,0.5600000023841858,1.4246753454208374,0.9195076823234558,1.0,DEF
SSAA EDM2 G2,ZEM22K-D1,0,DISTRITO NACIONAL,CENTRAL,CENTRAL 138 kV,\VM-PF.IntUser\PDD 30-09-2025.IntPrj\Network Model.IntPrjfolder\Network Data.IntPrjfolder\CENTRAL 138 kV.ElmNet\EDM 2.ElmSite\SSAA EDM2 G2.ElmLod,,R3,,13.800000190734863,\VM-PF.IntUser\PDD 30-09-2025.IntPrj\Network Model.IntPrjfolder\Network Data.IntPrjfolder\CENTRAL 138 kV.ElmNet\EDM 2.ElmSite\ZEDM2K.ElmSubstat\R3.ElmTerm,1.149999976158142,0.49000000953674316,1.250040054321289,0.9199705123901367,1.0,DEF
SSAA Washington Capital Solar Park 2,ZXWC2K-D1,1,SANTO DOMINGO,CENTRAL,CENTRAL 138 kV,\VM-PF.IntUser\PDD 30-09-2025.IntPrj\Network Model.IntPrjfolder\Network Data.IntPrjfolder\CENTRAL 138 kV.ElmNet\Mata de Palma 2.ElmSite\SSAA Washington Capital Solar Park 2.ElmLod,Cargas zona sur,Terminal Washington Capital Solar Park 2,WXWC2K,34.5,\VM-PF.IntUser\PDD 30-09-2025.IntPrj\Network Model.IntPrjfolder\Network Data.IntPrjfolder\CENTRAL 138 kV.ElmNet\Mata de Palma 2.ElmSite\Terminal Washington Capital Solar Park 2.ElmTerm,0.0,0.0,0.0,1.0,1.0,DEF
SSAA Washington Capital Solar Park 3,ZXWC3K-D1,1,SANTO DOMINGO,CENTRAL,CENTRAL 138 kV,\VM-PF.IntUser\PDD 30-09-2025.IntPrj\Network Model.IntPrjfolder\Network Data.IntPrjfolder\CENTRAL 138 kV.ElmNet\Mata de Palma 2.ElmSite\SSAA Washington Capital Solar Park 3.ElmLod,Cargas zona sur,Terminal Washington Capital Solar Park 3,WXWC3K,34.5,\VM-PF.IntUser\PDD 30-09-2025.IntPrj\Network Model.IntPrjfolder\Network Data.IntPrjfolder\CENTRAL 138 kV.ElmNet\Mata de Palma 2.ElmSite\Terminal Washington Capital Solar Park 3.ElmTerm,0.0,0.0,0.0,1.0,1.0,DEF
SSAA Los Mina 7,ZLMI7E-D1,0,SANTO DOMINGO,CENTRAL,CENTRAL 138 kV,\VM-PF.IntUser\PDD 30-09-2025.IntPrj\Network Model.IntPrjfolder\Network Data.IntPrjfolder\CENTRAL 138 kV.ElmNet\Los Mina 7.ElmSite\SSAA Los Mina 7.ElmLod,,3,,138.0,\VM-PF.IntUser\PDD 30-09-2025.IntPrj\Network Model.IntPrjfolder\Network Data.IntPrjfolder\CENTRAL 138 kV.ElmNet\Los Mina 7.ElmSite\ZLMI7E.ElmSubstat\3.ElmTerm,2.180000066757202,0.9300000071525574,2.370084524154663,0.9197984337806702,1.0,DEF
Demanda 2 César Nicolás Penson,ZCNPEE-D2,1,DISTRITO NACIONAL,CENTRAL,CENTRAL 138 kV,\VM-PF.IntUser\PDD 30-09-2025.IntPrj\Network Model.IntPrjfolder\Network Data.IntPrjfolder\CENTRAL 138 kV.ElmNet\Demanda 2 César Nicolás Penson.ElmLod,,L2,,138.0,\VM-PF.IntUser\PDD 30-09-2025.IntPrj\Network Model.IntPrjfolder\Network Data.IntPrjfolder\CENTRAL 138 kV.ElmNet\ZCNPEE.ElmSubstat\L2.ElmTerm,0.0,0.0,0.0,1.0,1.0,DEF
Demanda 2 Los Prados,ZLPRAE-D2,0,DISTRITO NACIONAL,CENTRAL,CENTRAL 138 kV,\VM-PF.IntUser\PDD 30-09-2025.IntPrj\Network Model.IntPrjfolder\Network Data.IntPrjfolder\CENTRAL 138 kV.ElmNet\Demanda 2 Los Prados.ElmLod,,5,,138.0,\VM-PF.IntUser\PDD 30-09-2025.IntPrj\Network Model.IntPrjfolder\Network Data.IntPrjfolder\CENTRAL 138 kV.ElmNet\ZLPRAE.ElmSubstat\5.ElmTerm,0.8999999761581421,0.4399999976158142,1.0017982721328735,0.8983844518661499,1.0,DEF
Demanda 2 UASD,ZUASDE-D2,0,DISTRITO NACIONAL,CENTRAL,CENTRAL 138 kV,\VM-PF.IntUser\PDD 30-09-2025.IntPrj\Network Model.IntPrjfolder\Network Data.IntPrjfolder\CENTRAL 138 kV.ElmNet\Demanda 2 UASD.ElmLod,,R2,,138.0,\VM-PF.IntUser\PDD 30-09-2025.IntPrj\Network Model.IntPrjfolder\Network Data.IntPrjfolder\CENTRAL 138 kV.ElmNet\ZUASDE.ElmSubstat\R2.ElmTerm,18.200000762939453,0.0,18.200000762939453,1.0,1.0,DEF
Demanda 2 Los Mina,ZLMINE-D1,0,SANTO DOMINGO,CENTRAL,CENTRAL 138 kV,\VM-PF.IntUser\PDD 30-09-2025.IntPrj\Network Model.IntPrjfolder\Network Data.IntPrjfolder\CENTRAL 138 kV.ElmNet\Demanda 2 Los Mina.ElmLod,,L1,,138.0,\VM-PF.IntUser\PDD 30-09-2025.IntPrj\Network Model.IntPrjfolder\Network Data.IntPrjfolder\CENTRAL 138 kV.ElmNet\ZLMINE.ElmSubstat\L1.ElmTerm,67.08000183105469,8.760000228881836,67.64956665039062,0.9915806651115417,1.0,DEF
Demanda 1 Los Mina,ZLM21E-D1,0,SANTO DOMINGO,CENTRAL,CENTRAL 138 kV,\VM-PF.IntUser\PDD 30-09-2025.IntPrj\Network Model.IntPrjfolder\Network Data.IntPrjfolder\CENTRAL 138 kV.ElmNet\Demanda 1 Los Mina.ElmLod,,R4,,138.0,\VM-PF.IntUser\PDD 30-09-2025.IntPrj\Network Model.IntPrjfolder\Network Data.IntPrjfolder\CENTRAL 138 kV.ElmNet\ZLMINE.ElmSubstat\R4.ElmTerm,0.0,0.0,0.0,1.0,1.0,DEF
Demanda La Isabela,ZLISAE-D1,0,DISTRITO NACIONAL,CENTRAL,CENTRAL 138 kV,\VM-PF.IntUser\PDD 30-09-2025.IntPrj\Network Model.IntPrjfolder\Network Data.IntPrjfolder\CENTRAL 138 kV.ElmNet\Demanda La Isabela.ElmLod,,2,,138.0,\VM-PF.IntUser\PDD 30-09-2025.IntPrj\Network Model.IntPrjfolder\Network Data.IntPrjfolder\CENTRAL 138 kV.ElmNet\ZLISAE.ElmSubstat\2.ElmTerm,5.460000038146973,0.0,5.460000038146973,1.0,1.0,DEF
Demanda 1 Metropolitano,ZMETRF-D1,0,DISTRITO NACIONAL,CENTRAL,CENTRAL 138 kV,\VM-PF.IntUser\PDD 30-09-2025.IntPrj\Network Model.IntPrjfolder\Network Data.IntPrjfolder\CENTRAL 138 kV.ElmNet\Metropolitano.ElmSite\Demanda 1 Metropolitano.ElmLod,,L2,,69.0,\VM-PF.IntUser\PDD 30-09-2025.IntPrj\Network Model.IntPrjfolder\Network Data.IntPrjfolder\CENTRAL 138 kV.ElmNet\Metropolitano.ElmSite\WMETRF.ElmSubstat\L2.ElmTerm,23.06999969482422,0.10000000149011612,23.07021713256836,0.9999905824661255,1.0,DEF
Demanda 2 Metropolitano,ZMETRF-D2,1,DISTRITO NACIONAL,CENTRAL,CENTRAL 138 kV,\VM-PF.IntUser\PDD 30-09-2025.IntPrj\Network Model.IntPrjfolder\Network Data.IntPrjfolder\CENTRAL 138 kV.ElmNet\Metropolitano.ElmSite\Demanda 2 Metropolitano.ElmLod,,R2,,69.0,\VM-PF.IntUser\PDD 30-09-2025.IntPrj\Network Model.IntPrjfolder\Network Data.IntPrjfolder\CENTRAL 138 kV.ElmNet\Metropolitano.ElmSite\WMETRF.ElmSubstat\R2.ElmTerm,0.0,0.0,0.0,1.0,1.0,DEF
Demanda 3 UASD,ZUASDE-D3,1,DISTRITO NACIONAL,CENTRAL,CENTRAL 138 kV,\VM-PF.IntUser\PDD 30-09-2025.IntPrj\Network Model.IntPrjfolder\Network Data.IntPrjfolder\CENTRAL 138 kV.ElmNet\Demanda 3 UASD.ElmLod,,L4,,138.0,\VM-PF.IntUser\PDD 30-09-2025.IntPrj\Network Model.IntPrjfolder\Network Data.IntPrjfolder\CENTRAL 138 kV.ElmNet\ZUASDE.ElmSubstat\L4.ElmTerm,0.0,0.0,0.0,1.0,1.0,DEF
Demanda 2 Embajador,ZEMBAE-D2,0,DISTRITO NACIONAL,CENTRAL,CENTRAL 138 kV,\VM-PF.IntUser\PDD 30-09-2025.IntPrj\Network Model.IntPrjfolder\Network Data.IntPrjfolder\CENTRAL 138 kV.ElmNet\Demanda 2 Embajador.ElmLod,,2,,138.0,\VM-PF.IntUser\PDD 30-09-2025.IntPrj\Network Model.IntPrjfolder\Network Data.IntPrjfolder\CENTRAL 138 kV.ElmNet\ZEMBAE.ElmSubstat\2.ElmTerm,28.829999923706055,12.279999732971191,31.33635711669922,0.9200176000595093,1.0,DEF
Demanda 3 Los Prados,ZLPRAE-D3,0,DISTRITO NACIONAL,CENTRAL,CENTRAL 138 kV,\VM-PF.IntUser\PDD 30-09-2025.IntPrj\Network Model.IntPrjfolder\Network Data.IntPrjfolder\CENTRAL 138 kV.ElmNet\Demanda 3 Los Prados.ElmLod,,6,,138.0,\VM-PF.IntUser\PDD 30-09-2025.IntPrj\Network Model.IntPrjfolder\Network Data.IntPrjfolder\CENTRAL 138 kV.ElmNet\ZLPRAE.ElmSubstat\6.ElmTerm,27.549999237060547,5.159999847412109,28.029056549072266,0.9829085469245911,1.0,DEF
Demanda 2 El Brisal,ZEBRIE-D2,0,SANTO DOMINGO,CENTRAL,CENTRAL 138 kV,\VM-PF.IntUser\PDD 30-09-2025.IntPrj\Network Model.IntPrjfolder\Network Data.IntPrjfolder\CENTRAL 138 kV.ElmNet\Demanda 2 El Brisal.ElmLod,,4,,138.0,\VM-PF.IntUser\PDD 30-09-2025.IntPrj\Network Model.IntPrjfolder\Network Data.IntPrjfolder\CENTRAL 138 kV.ElmNet\ZEBRIE.ElmSubstat\4.ElmTerm,37.72999954223633,16.25,41.080596923828125,0.9184384346008301,1.0,DEF
Demanda 2 Villa Mella,ZVMELE-D2,0,SANTO DOMINGO,CENTRAL,CENTRAL 138 kV,\VM-PF.IntUser\PDD 30-09-2025.IntPrj\Network Model.IntPrjfolder\Network Data.IntPrjfolder\CENTRAL 138 kV.ElmNet\Demanda 2 Villa Mella.ElmLod,,4,,138.0,\VM-PF.IntUser\PDD 30-09-2025.IntPrj\Network Model.IntPrjfolder\Network Data.IntPrjfolder\CENTRAL 138 kV.ElmNet\ZVMELE.ElmSubstat\4.ElmTerm,39.5,0.20999999344348907,39.50055694580078,0.9999858736991882,1.0,DEF
SSAA La Victoria,ZLVICK-D1,1,SANTO DOMINGO,CENTRAL,CENTRAL 138 kV,\VM-PF.IntUser\PDD 30-09-2025.IntPrj\Network Model.IntPrjfolder\Network Data.IntPrjfolder\CENTRAL 138 kV.ElmNet\La Victoria.ElmSite\SSAA La Victoria.ElmLod,Cargas zona sur,Terminal La Victoria,WLVICK,34.5,\VM-PF.IntUser\PDD 30-09-2025.IntPrj\Network Model.IntPrjfolder\Network Data.IntPrjfolder\CENTRAL 138 kV.ElmNet\La Victoria.ElmSite\Terminal La Victoria.ElmTerm,0.0,0.0,0.0,1.0,1.0,DEF
SSAA Mirasol,ZMIRAK-D1,1,SANTO DOMINGO,CENTRAL,CENTRAL 138 kV,\VM-PF.IntUser\PDD 30-09-2025.IntPrj\Network Model.IntPrjfolder\Network Data.IntPrjfolder\CENTRAL 138 kV.ElmNet\Mirasol(1).ElmSite\SSAA Mirasol.ElmLod,Cargas zona sur,Terminal Mirasol,WMIRAK,34.5,\VM-PF.IntUser\PDD 30-09-2025.IntPrj\Network Model.IntPrjfolder\Network Data.IntPrjfolder\CENTRAL 138 kV.ElmNet\Mirasol(1).ElmSite\Terminal Mirasol.ElmTerm,0.0,0.0,0.0,1.0,1.0,DEF
SSAA SIBA Grupo 1,ZXSI1K-D1,0,SANTO DOMINGO,CENTRAL,CENTRAL 138 kV,\VM-PF.IntUser\PDD 30-09-2025.IntPrj\Network Model.IntPrjfolder\Network Data.IntPrjfolder\CENTRAL 138 kV.ElmNet\SIBA.ElmSite\SSAA SIBA Grupo 1.ElmLod,,Terminal SIBA Grupo 1,WXSI1K,13.800000190734863,\VM-PF.IntUser\PDD 30-09-2025.IntPrj\Network Model.IntPrjfolder\Network Data.IntPrjfolder\CENTRAL 138 kV.ElmNet\SIBA.ElmSite\Terminal SIBA Grupo 1.ElmTerm,0.019999999552965164,0.009999999776482582,0.022360678762197495,0.8944272398948669,1.0,DEF
SSAA SIBA Grupo 2,ZXSI2K-D1,0,SANTO DOMINGO,CENTRAL,CENTRAL 138 kV,\VM-PF.IntUser\PDD 30-09-2025.IntPrj\Network Model.IntPrjfolder\Network Data.IntPrjfolder\CENTRAL 138 kV.ElmNet\SIBA.ElmSite\SSAA SIBA Grupo 2.ElmLod,,Terminal SIBA Grupo 2,WXSI2K,13.800000190734863,\VM-PF.IntUser\PDD 30-09-2025.IntPrj\Network Model.IntPrjfolder\Network Data.IntPrjfolder\CENTRAL 138 kV.ElmNet\SIBA.ElmSite\Terminal SIBA Grupo 2.ElmTerm,0.699999988079071,0.30000001192092896,0.761577308177948,0.9191449880599976,1.0,DEF
SSAA SIBA Grupo 3,ZXSI3K-D1,1,SANTO DOMINGO,CENTRAL,CENTRAL 138 kV,\VM-PF.IntUser\PDD 30-09-2025.IntPrj\Network Model.IntPrjfolder\Network Data.IntPrjfolder\CENTRAL 138 kV.ElmNet\SIBA.ElmSite\SSAA SIBA Grupo 3.ElmLod,,Terminal SIBA Grupo 3,WXSI3K,13.800000190734863,\VM-PF.IntUser\PDD 30-09-2025.IntPrj\Network Model.IntPrjfolder\Network Data.IntPrjfolder\CENTRAL 138 kV.ElmNet\SIBA.ElmSite\Terminal SIBA Grupo 3.ElmTerm,0.0,0.0,0.0,1.0,1.0,DEF
SSAA SIBA Grupo 4,ZXSI4K-D1,0,SANTO DOMINGO,CENTRAL,CENTRAL 138 kV,\VM-PF.IntUser\PDD 30-09-2025.IntPrj\Network Model.IntPrjfolder\Network Data.IntPrjfolder\CENTRAL 138 kV.ElmNet\SIBA.ElmSite\SSAA SIBA Grupo 4.ElmLod,,Terminal SIBA Grupo 4,WXSI4K,13.800000190734863,\VM-PF.IntUser\PDD 30-09-2025.IntPrj\Network Model.IntPrjfolder\Network Data.IntPrjfolder\CENTRAL 138 kV.ElmNet\SIBA.ElmSite\Terminal SIBA Grupo 4.ElmTerm,0.699999988079071,0.30000001192092896,0.761577308177948,0.9191449880599976,1.0,DEF
SSAA SIBA Grupo 5,ZXSI5K-D1,0,SANTO DOMINGO,CENTRAL,CENTRAL 138 kV,\VM-PF.IntUser\PDD 30-09-2025.IntPrj\Network Model.IntPrjfolder\Network Data.IntPrjfolder\CENTRAL 138 kV.ElmNet\SIBA.ElmSite\SSAA SIBA Grupo 5.ElmLod,,Terminal SIBA Grupo 5,WXSI5K,13.800000190734863,\VM-PF.IntUser\PDD 30-09-2025.IntPrj\Network Model.IntPrjfolder\Network Data.IntPrjfolder\CENTRAL 138 kV.ElmNet\SIBA.ElmSite\Terminal SIBA Grupo 5.ElmTerm,0.699999988079071,0.30000001192092896,0.761577308177948,0.9191449880599976,1.0,DEF
SSAA SIBA Grupo 6,ZXSI6K-D1,0,SANTO DOMINGO,CENTRAL,CENTRAL 138 kV,\VM-PF.IntUser\PDD 30-09-2025.IntPrj\Network Model.IntPrjfolder\Network Data.IntPrjfolder\CENTRAL 138 kV.ElmNet\SSAA SIBA Grupo 6.ElmLod,,Terminal SIBA Grupo 6,WXSI6K,13.800000190734863,\VM-PF.IntUser\PDD 30-09-2025.IntPrj\Network Model.IntPrjfolder\Network Data.IntPrjfolder\CENTRAL 138 kV.ElmNet\SIBA.ElmSite\Terminal SIBA Grupo 6.ElmTerm,1.0499999523162842,0.44999998807907104,1.1423659324645996,0.9191449880599976,1.0,DEF
Demanda 3 Villa Mella,ZVMELE-D3,0,SANTO DOMINGO,CENTRAL,CENTRAL 138 kV,\VM-PF.IntUser\PDD 30-09-2025.IntPrj\Network Model.IntPrjfolder\Network Data.IntPrjfolder\CENTRAL 138 kV.ElmNet\Demanda 3 Villa Mella.ElmLod,,5,,138.0,\VM-PF.IntUser\PDD 30-09-2025.IntPrj\Network Model.IntPrjfolder\Network Data.IntPrjfolder\CENTRAL 138 kV.ElmNet\ZVMELE.ElmSubstat\5.ElmTerm,24.469999313354492,24.899999618530273,34.91118621826172,0.7009214758872986,1.0,DEF
Demanda 3 Paraíso,ZPARAE-D3,0,DISTRITO NACIONAL,CENTRAL,CENTRAL 138 kV,\VM-PF.IntUser\PDD 30-09-2025.IntPrj\Network Model.IntPrjfolder\Network Data.IntPrjfolder\CENTRAL 138 kV.ElmNet\Demanda 3 Paraíso.ElmLod,,138 kV OPRET,WOPREE,138.0,\VM-PF.IntUser\PDD 30-09-2025.IntPrj\Network Model.IntPrjfolder\Network Data.IntPrjfolder\CENTRAL 138 kV.ElmNet\138 kV OPRET.ElmTerm,0.0,0.0,0.0,1.0,1.0,DEF
Demanda 1 Matadero,ZMATAE-D1,0,DISTRITO NACIONAL,CENTRAL,CENTRAL 138 kV,\VM-PF.IntUser\PDD 30-09-2025.IntPrj\Network Model.IntPrjfolder\Network Data.IntPrjfolder\CENTRAL 138 kV.ElmNet\Demanda 1 Matadero.ElmLod,,R3,,138.0,\VM-PF.IntUser\PDD 30-09-2025.IntPrj\Network Model.IntPrjfolder\Network Data.IntPrjfolder\CENTRAL 138 kV.ElmNet\ZMATAE.ElmSubstat\R3.ElmTerm,30.829999923706055,5.239999771118164,31.27213478088379,0.9858617186546326,1.0,DEF
Demanda Ferretería Ochoa,ZFOCHF-D1,0,CIBAO NORTE,NORTE,NORTE 69 kV,\VM-PF.IntUser\PDD 30-09-2025.IntPrj\Network Model.IntPrjfolder\Network Data.IntPrjfolder\NORTE 69 kV.ElmNet\Demanda Ferretería Ochoa.ElmLod,,69 kV Ferretería Ochoa,WFOCHF,69.0,\VM-PF.IntUser\PDD 30-09-2025.IntPrj\Network Model.IntPrjfolder\Network Data.IntPrjfolder\NORTE 69 kV.ElmNet\69 kV Ferretería Ochoa.ElmTerm,0.05999999865889549,0.019999999552965164,0.06324554979801178,0.9486833214759827,1.0,PQ
Demanda ZF Pisano,ZZPISF-D1,0,CIBAO NORTE,NORTE,NORTE 69 kV,\VM-PF.IntUser\PDD 30-09-2025.IntPrj\Network Model.IntPrjfolder\Network Data.IntPrjfolder\NORTE 69 kV.ElmNet\Demanda ZF Pisano.ElmLod,,69 kV ZF Pisano,WZPISF,69.0,\VM-PF.IntUser\PDD 30-09-2025.IntPrj\Network Model.IntPrjfolder\Network Data.IntPrjfolder\NORTE 69 kV.ElmNet\69 kV ZF Pisano.ElmTerm,0.9800000190734863,0.8199999928474426,1.2778106927871704,0.7669367790222168,1.0,PQ
Demanda Envases Antillanos,ZXEANF-D1,0,CIBAO NORTE,NORTE,NORTE 69 kV,\VM-PF.IntUser\PDD 30-09-2025.IntPrj\Network Model.IntPrjfolder\Network Data.IntPrjfolder\NORTE 69 kV.ElmNet\Demanda Envases Antillanos.ElmLod,,69 kV Envases Antillanos,WEANTF,69.0,\VM-PF.IntUser\PDD 30-09-2025.IntPrj\Network Model.IntPrjfolder\Network Data.IntPrjfolder\NORTE 69 kV.ElmNet\69 kV Envases Antillanos.ElmTerm,0.4099999964237213,0.20000000298023224,0.45617979764938354,0.898768424987793,1.0,PQ
Demanda Navarrete Distribución,ZNAVAF-D1,0,CIBAO NORTE,NORTE,NORTE 69 kV,\VM-PF.IntUser\PDD 30-09-2025.IntPrj\Network Model.IntPrjfolder\Network Data.IntPrjfolder\NORTE 69 kV.ElmNet\Demanda Navarrete Distribución.ElmLod,,4,,69.0,\VM-PF.IntUser\PDD 30-09-2025.IntPrj\Network Model.IntPrjfolder\Network Data.IntPrjfolder\NORTE 69 kV.ElmNet\ZNAVAF.ElmSubstat\4.ElmTerm,12.319999694824219,2.2899999618530273,12.531021118164062,0.9831600785255432,1.0,PQ
Demanda PIMCO,ZPIMCF-D1,0,CIBAO NORTE,NORTE,NORTE 69 kV,\VM-PF.IntUser\PDD 30-09-2025.IntPrj\Network Model.IntPrjfolder\Network Data.IntPrjfolder\NORTE 69 kV.ElmNet\Demanda PIMCO.ElmLod,,69 kV PIMCO,WPIMCF,69.0,\VM-PF.IntUser\PDD 30-09-2025.IntPrj\Network Model.IntPrjfolder\Network Data.IntPrjfolder\NORTE 69 kV.ElmNet\69 kV PIMCO.ElmTerm,2.0299999713897705,0.3400000035762787,2.0582759380340576,0.986262321472168,1.0,PQ
Demanda Acero Cibao,ZACIBF-D1,0,CIBAO NORTE,NORTE,NORTE 69 kV,\VM-PF.IntUser\PDD 30-09-2025.IntPrj\Network Model.IntPrjfolder\Network Data.IntPrjfolder\NORTE 69 kV.ElmNet\Demanda Acero Cibao.ElmLod,,69 kV Acero Cibao,WACIBF,69.0,\VM-PF.IntUser\PDD 30-09-2025.IntPrj\Network Model.IntPrjfolder\Network Data.IntPrjfolder\NORTE 69 kV.ElmNet\69 kV Acero Cibao.ElmTerm,0.8700000047683716,0.18000000715255737,0.8884255886077881,0.9792603850364685,1.0,PQ
Demanda Art Piel Favoritos,ZAPFAF-D1,0,CIBAO NORTE,NORTE,NORTE 69 kV,\VM-PF.IntUser\PDD 30-09-2025.IntPrj\Network Model.IntPrjfolder\Network Data.IntPrjfolder\NORTE 69 kV.ElmNet\Demanda Art Piel Favoritos.ElmLod,,69 kV Art Piel Favoritos,WAPFAF,69.0,\VM-PF.IntUser\PDD 30-09-2025.IntPrj\Network Model.IntPrjfolder\Network Data.IntPrjfolder\NORTE 69 kV.ElmNet\69 kV Art Piel Favoritos.ElmTerm,0.05000000074505806,0.03999999910593033,0.06403124332427979,0.7808688282966614,1.0,PQ
Demanda Baltimore Dominicana,ZBALDF-D1,0,CIBAO NORTE,NORTE,NORTE 69 kV,\VM-PF.IntUser\PDD 30-09-2025.IntPrj\Network Model.IntPrjfolder\Network Data.IntPrjfolder\NORTE 69 kV.ElmNet\Demanda Baltimore Dominicana.ElmLod,,69 kV Baltimore Dominicana,WBALDF,69.0,\VM-PF.IntUser\PDD 30-09-2025.IntPrj\Network Model.IntPrjfolder\Network Data.IntPrjfolder\NORTE 69 kV.ElmNet\69 kV Baltimore Dominicana.ElmTerm,1.1799999475479126,0.33000001311302185,1.2252753973007202,0.9630487561225891,1.0,PQ
Demanda Acueducto Quinigua,ZAQUIF-D1,0,CIBAO NORTE,NORTE,NORTE 69 kV,\VM-PF.IntUser\PDD 30-09-2025.IntPrj\Network Model.IntPrjfolder\Network Data.IntPrjfolder\NORTE 69 kV.ElmNet\Demanda Acueducto Quinigua.ElmLod,,69 kV Acueducto Quinigua,WAQUIF,69.0,\VM-PF.IntUser\PDD 30-09-2025.IntPrj\Network Model.IntPrjfolder\Network Data.IntPrjfolder\NORTE 69 kV.ElmNet\69 kV Acueducto Quinigua.ElmTerm,0.009999999776482582,0.009999999776482582,0.01414213515818119,0.7071067690849304,1.0,PQ
Demanda Quinigua,ZQUINF-D1,0,CIBAO NORTE,NORTE,NORTE 69 kV,\VM-PF.IntUser\PDD 30-09-2025.IntPrj\Network Model.IntPrjfolder\Network Data.IntPrjfolder\NORTE 69 kV.ElmNet\Demanda Quinigua.ElmLod,,69 kV Quinigua,WQUINF,69.0,\VM-PF.IntUser\PDD 30-09-2025.IntPrj\Network Model.IntPrjfolder\Network Data.IntPrjfolder\NORTE 69 kV.ElmNet\69 kV Quinigua.ElmTerm,16.0,5.320000171661377,16.861268997192383,0.9489202499389648,1.0,PQ
Demanda Ferretería Ochoa Las Lavas,ZFOLVF-D1,0,CIBAO NORTE,NORTE,NORTE 69 kV,\VM-PF.IntUser\PDD 30-09-2025.IntPrj\Network Model.IntPrjfolder\Network Data.IntPrjfolder\NORTE 69 kV.ElmNet\Demanda Ferretería Ochoa Las Lavas.ElmLod,,69 kV Ferretería Ochoa Las Lavas,WFOLVF,69.0,\VM-PF.IntUser\PDD 30-09-2025.IntPrj\Network Model.IntPrjfolder\Network Data.IntPrjfolder\NORTE 69 kV.ElmNet\69 kV Ferretería Ochoa Las Lavas.ElmTerm,0.5099999904632568,0.3700000047683716,0.6300793290138245,0.8094218969345093,1.0,PQ
Demanda 1 Cruce de Esperanza,ZCESPF-D1,0,CIBAO NOROESTE,NORTE,NORTE 69 kV,\VM-PF.IntUser\PDD 30-09-2025.IntPrj\Network Model.IntPrjfolder\Network Data.IntPrjfolder\NORTE 69 kV.ElmNet\Demanda 1 Cruce de Esperanza.ElmLod,,69 kV Cruce de Esperanza,WCESPF,69.0,\VM-PF.IntUser\PDD 30-09-2025.IntPrj\Network Model.IntPrjfolder\Network Data.IntPrjfolder\NORTE 69 kV.ElmNet\69 kV Cruce de Esperanza.ElmTerm,20.100000381469727,7.860000133514404,21.5821590423584,0.93132483959198,1.0,PQ
Demanda ZF Esperanza,ZZESPF-D1,0,CIBAO NOROESTE,NORTE,NORTE 69 kV,\VM-PF.IntUser\PDD 30-09-2025.IntPrj\Network Model.IntPrjfolder\Network Data.IntPrjfolder\NORTE 69 kV.ElmNet\Demanda ZF Esperanza.ElmLod,,69 kV ZF Esperanza(1),WZESPF,69.0,\VM-PF.IntUser\PDD 30-09-2025.IntPrj\Network Model.IntPrjfolder\Network Data.IntPrjfolder\NORTE 69 kV.ElmNet\69 kV ZF Esperanza(1).ElmTerm,0.12999999523162842,0.11999999731779099,0.17691805958747864,0.7348034381866455,1.0,PQ
Demanda Portela Pasta Linda,ZPPLIF-D1,0,CIBAO NORTE,NORTE,NORTE 69 kV,\VM-PF.IntUser\PDD 30-09-2025.IntPrj\Network Model.IntPrjfolder\Network Data.IntPrjfolder\NORTE 69 kV.ElmNet\Demanda Portela Pasta Linda.ElmLod,,69 kV Portela Pastas Linda,WPPLIF,69.0,\VM-PF.IntUser\PDD 30-09-2025.IntPrj\Network Model.IntPrjfolder\Network Data.IntPrjfolder\NORTE 69 kV.ElmNet\69 kV Portela Pastas Linda.ElmTerm,0.7200000286102295,0.019999999552965164,0.720277726650238,0.9996144771575928,1.0,PQ
Demanda Imbert,ZIMBEF-D1,0,CIBAO NORTE,NORTE,NORTE 69 kV,\VM-PF.IntUser\PDD 30-09-2025.IntPrj\Network Model.IntPrjfolder\Network Data.IntPrjfolder\NORTE 69 kV.ElmNet\Demanda Imbert.ElmLod,,69 kV Imbert,WIMBEF,69.0,\VM-PF.IntUser\PDD 30-09-2025.IntPrj\Network Model.IntPrjfolder\Network Data.IntPrjfolder\NORTE 69 kV.ElmNet\69 kV Imbert.ElmTerm,10.039999961853027,3.369999885559082,10.590490341186523,0.948020339012146,1.0,PQ
Demanda San José de las Matas,ZSJMAF-D1,0,CIBAO NORTE,NORTE,NORTE 69 kV,\VM-PF.IntUser\PDD 30-09-2025.IntPrj\Network Model.IntPrjfolder\Network Data.IntPrjfolder\NORTE 69 kV.ElmNet\Demanda San José de las Matas.ElmLod,,69 kV San José de las Matas,WSJMAF,69.0,\VM-PF.IntUser\PDD 30-09-2025.IntPrj\Network Model.IntPrjfolder\Network Data.IntPrjfolder\NORTE 69 kV.ElmNet\69 kV San José de las Matas.ElmTerm,8.760000228881836,1.1399999856948853,8.833867073059082,0.9916382431983948,1.0,PQ
Demanda Cabarete,ZCABAF-D1,0,CIBAO NORTE,NORTE,NORTE 69 kV,\VM-PF.IntUser\PDD 30-09-2025.IntPrj\Network Model.IntPrjfolder\Network Data.IntPrjfolder\NORTE 69 kV.ElmNet\Demanda Cabarete.ElmLod,,69 kV Cabarete,WCABAF,69.0,\VM-PF.IntUser\PDD 30-09-2025.IntPrj\Network Model.IntPrjfolder\Network Data.IntPrjfolder\NORTE 69 kV.ElmNet\69 kV Cabarete.ElmTerm,6.460000038146973,1.0,6.5369415283203125,0.9882297515869141,1.0,PQ
Demanda Hospital Metropilitano Stgo,ZHMSAF-D1,0,CIBAO NORTE,NORTE,NORTE 69 kV,\VM-PF.IntUser\PDD 30-09-2025.IntPrj\Network Model.IntPrjfolder\Network Data.IntPrjfolder\NORTE 69 kV.ElmNet\Demanda Hospital Metropilitano Stgo.ElmLod,,69 kV Hospital Metropolitano Santiago,WHMSAF,69.0,\VM-PF.IntUser\PDD 30-09-2025.IntPrj\Network Model.IntPrjfolder\Network Data.IntPrjfolder\NORTE 69 kV.ElmNet\69 kV Hospital Metropolitano Santiago.ElmTerm,1.25,0.15000000596046448,1.2589678764343262,0.9928768277168274,1.0,PQ
Demanda Puerto Plata Electricidad,ZPPELF-D1,0,CIBAO NORTE,NORTE,NORTE 69 kV,\VM-PF.IntUser\PDD 30-09-2025.IntPrj\Network Model.IntPrjfolder\Network Data.IntPrjfolder\NORTE 69 kV.ElmNet\Demanda Puerto Plata Electricidad.ElmLod,,69 kV Puerto Plata Electricidad,WPPELF,69.0,\VM-PF.IntUser\PDD 30-09-2025.IntPrj\Network Model.IntPrjfolder\Network Data.IntPrjfolder\NORTE 69 kV.ElmNet\69 kV Puerto Plata Electricidad.ElmTerm,7.210000038146973,1.5099999904632568,7.366423606872559,0.9787653088569641,1.0,PQ
Demanda Unión Médica,ZUMEDF-D1,0,CIBAO NORTE,NORTE,NORTE 69 kV,\VM-PF.IntUser\PDD 30-09-2025.IntPrj\Network Model.IntPrjfolder\Network Data.IntPrjfolder\NORTE 69 kV.ElmNet\Demanda Unión Médica.ElmLod,,69 kV Unión Médica,WUMEDF,69.0,\VM-PF.IntUser\PDD 30-09-2025.IntPrj\Network Model.IntPrjfolder\Network Data.IntPrjfolder\NORTE 69 kV.ElmNet\69 kV Unión Médica.ElmTerm,1.409999966621399,0.6000000238418579,1.5323511362075806,0.9201546311378479,1.0,PQ
Demanda Caribbean Industrial Park,ZCIPAF-D1,0,CIBAO NORTE,NORTE,NORTE 69 kV,\VM-PF.IntUser\PDD 30-09-2025.IntPrj\Network Model.IntPrjfolder\Network Data.IntPrjfolder\NORTE 69 kV.ElmNet\Demanda Caribbean Industrial Park.ElmLod,,69 kV Caribbean Ind Park,WCIPAF,69.0,\VM-PF.IntUser\PDD 30-09-2025.IntPrj\Network Model.IntPrjfolder\Network Data.IntPrjfolder\NORTE 69 kV.ElmNet\69 kV Caribbean Ind Park.ElmTerm,1.7699999809265137,0.20000000298023224,1.7812635898590088,0.9936766028404236,1.0,PQ
Demanda Playa Dorada,ZPDORF-D1,0,CIBAO NORTE,NORTE,NORTE 69 kV,\VM-PF.IntUser\PDD 30-09-2025.IntPrj\Network Model.IntPrjfolder\Network Data.IntPrjfolder\NORTE 69 kV.ElmNet\Demanda Playa Dorada.ElmLod,,4,,69.0,\VM-PF.IntUser\PDD 30-09-2025.IntPrj\Network Model.IntPrjfolder\Network Data.IntPrjfolder\NORTE 69 kV.ElmNet\ZPDORF.ElmSubstat\4.ElmTerm,4.539999961853027,1.3300000429153442,4.7308030128479,0.9596679210662842,1.0,PQ
Demanda ZF Gurabo,ZZGURF-D1,0,CIBAO NORTE,NORTE,NORTE 69 kV,\VM-PF.IntUser\PDD 30-09-2025.IntPrj\Network Model.IntPrjfolder\Network Data.IntPrjfolder\NORTE 69 kV.ElmNet\Demanda ZF Gurabo.ElmLod,,69 kV ZF de Gurabo,WZGURF,69.0,\VM-PF.IntUser\PDD 30-09-2025.IntPrj\Network Model.IntPrjfolder\Network Data.IntPrjfolder\NORTE 69 kV.ElmNet\69 kV ZF de Gurabo.ElmTerm,0.2800000011920929,0.11999999731779099,0.30463093519210815,0.9191449880599976,1.0,PQ
Demanda Villa Olga,ZVOLGF-D1,0,CIBAO NORTE,NORTE,NORTE 69 kV,\VM-PF.IntUser\PDD 30-09-2025.IntPrj\Network Model.IntPrjfolder\Network Data.IntPrjfolder\NORTE 69 kV.ElmNet\Demanda Villa Olga.ElmLod,,69 kV Villa Olga,WVOLGF,69.0,\VM-PF.IntUser\PDD 30-09-2025.IntPrj\Network Model.IntPrjfolder\Network Data.IntPrjfolder\NORTE 69 kV.ElmNet\69 kV Villa Olga.ElmTerm,24.350000381469727,5.46999979019165,24.956830978393555,0.9756847620010376,1.0,PQ
Demanda E León Jiménez,ZELJIF-D1,0,CIBAO NORTE,NORTE,NORTE 69 kV,\VM-PF.IntUser\PDD 30-09-2025.IntPrj\Network Model.IntPrjfolder\Network Data.IntPrjfolder\NORTE 69 kV.ElmNet\Demanda E León Jiménez.ElmLod,,69 kV E León Jiménez,WELJIF,69.0,\VM-PF.IntUser\PDD 30-09-2025.IntPrj\Network Model.IntPrjfolder\Network Data.IntPrjfolder\NORTE 69 kV.ElmNet\69 kV E León Jiménez.ElmTerm,0.5400000214576721,0.23000000417232513,0.5869412422180176,0.9200239777565002,1.0,PQ
Demanda Pastas Princesa,ZPPRIF-D1,0,CIBAO NORTE,NORTE,NORTE 69 kV,\VM-PF.IntUser\PDD 30-09-2025.IntPrj\Network Model.IntPrjfolder\Network Data.IntPrjfolder\NORTE 69 kV.ElmNet\Demanda Pastas Princesa.ElmLod,,69 kV Pastas Princesa,WPPRIF,69.0,\VM-PF.IntUser\PDD 30-09-2025.IntPrj\Network Model.IntPrjfolder\Network Data.IntPrjfolder\NORTE 69 kV.ElmNet\69 kV Pastas Princesa.ElmTerm,1.2400000095367432,0.6600000262260437,1.404706358909607,0.8827467560768127,1.0,PQ
Demanda ZF Licey,ZZLICF-D1,0,CIBAO NORTE,NORTE,NORTE 69 kV,\VM-PF.IntUser\PDD 30-09-2025.IntPrj\Network Model.IntPrjfolder\Network Data.IntPrjfolder\NORTE 69 kV.ElmNet\Demanda ZF Licey.ElmLod,,69 kV ZF Licey,WZLICF,69.0,\VM-PF.IntUser\PDD 30-09-2025.IntPrj\Network Model.IntPrjfolder\Network Data.IntPrjfolder\NORTE 69 kV.ElmNet\69 kV ZF Licey.ElmTerm,0.05000000074505806,0.05999999865889549,0.07810249924659729,0.6401844024658203,1.0,PQ
Demanda Molinos Valle Cibao,ZMVCIF-D1,0,CIBAO NORTE,NORTE,NORTE 69 kV,\VM-PF.IntUser\PDD 30-09-2025.IntPrj\Network Model.IntPrjfolder\Network Data.IntPrjfolder\NORTE 69 kV.ElmNet\Demanda Molinos Valle Cibao.ElmLod,,69 kV Molinos Valle Cibao,WMVCIF,69.0,\VM-PF.IntUser\PDD 30-09-2025.IntPrj\Network Model.IntPrjfolder\Network Data.IntPrjfolder\NORTE 69 kV.ElmNet\69 kV Molinos Valle Cibao.ElmTerm,1.7999999523162842,0.6700000166893005,1.920650839805603,0.9371823072433472,1.0,PQ
Demanda Don Pedro,ZDPEDF-D1,0,CIBAO NORTE,NORTE,NORTE 69 kV,\VM-PF.IntUser\PDD 30-09-2025.IntPrj\Network Model.IntPrjfolder\Network Data.IntPrjfolder\NORTE 69 kV.ElmNet\Demanda Don Pedro.ElmLod,,69 kV Don Pedro,WDPEDF,69.0,\VM-PF.IntUser\PDD 30-09-2025.IntPrj\Network Model.IntPrjfolder\Network Data.IntPrjfolder\NORTE 69 kV.ElmNet\69 kV Don Pedro.ElmTerm,17.709999084472656,6.329999923706055,18.80725860595703,0.9416576623916626,1.0,PQ
Demanda Sabaneta de Yásica,ZSYASF-D1,0,CIBAO NORTE,NORTE,NORTE 69 kV,\VM-PF.IntUser\PDD 30-09-2025.IntPrj\Network Model.IntPrjfolder\Network Data.IntPrjfolder\NORTE 69 kV.ElmNet\Demanda Sabaneta de Yásica.ElmLod,,69 kV Sabaneta de Yásica,WSYASF,69.0,\VM-PF.IntUser\PDD 30-09-2025.IntPrj\Network Model.IntPrjfolder\Network Data.IntPrjfolder\NORTE 69 kV.ElmNet\69 kV Sabaneta de Yásica.ElmTerm,11.579999923706055,3.190000057220459,12.011348724365234,0.9640882015228271,1.0,PQ
Demanda Sosúa,ZSOSUF-D1,0,CIBAO NORTE,NORTE,NORTE 69 kV,\VM-PF.IntUser\PDD 30-09-2025.IntPrj\Network Model.IntPrjfolder\Network Data.IntPrjfolder\NORTE 69 kV.ElmNet\Demanda Sosúa.ElmLod,,69 kV Sosúa,WSOSUF,69.0,\VM-PF.IntUser\PDD 30-09-2025.IntPrj\Network Model.IntPrjfolder\Network Data.IntPrjfolder\NORTE 69 kV.ElmNet\69 kV Sosúa.ElmTerm,14.390000343322754,4.019999980926514,14.940967559814453,0.9631237387657166,1.0,PQ
Demanda Acueducto INAPA Sosúa,ZAISOF-D1,0,CIBAO NORTE,NORTE,NORTE 69 kV,\VM-PF.IntUser\PDD 30-09-2025.IntPrj\Network Model.IntPrjfolder\Network Data.IntPrjfolder\NORTE 69 kV.ElmNet\Demanda Acueducto INAPA Sosúa.ElmLod,,69 kV Acueducto INAPA Sosúa,WAISOF,69.0,\VM-PF.IntUser\PDD 30-09-2025.IntPrj\Network Model.IntPrjfolder\Network Data.IntPrjfolder\NORTE 69 kV.ElmNet\69 kV Acueducto INAPA Sosúa.ElmTerm,2.5399999618530273,0.49000000953674316,2.586832046508789,0.9818959832191467,1.0,PQ
Demanda Aeropuerto de Puerto Plata,ZAPPLF-D1,0,CIBAO NORTE,NORTE,NORTE 69 kV,\VM-PF.IntUser\PDD 30-09-2025.IntPrj\Network Model.IntPrjfolder\Network Data.IntPrjfolder\NORTE 69 kV.ElmNet\Demanda Aeropuerto de Puerto Plata.ElmLod,,69 kV Aeropuerto de Puerto Plata,WAPPLF,69.0,\VM-PF.IntUser\PDD 30-09-2025.IntPrj\Network Model.IntPrjfolder\Network Data.IntPrjfolder\NORTE 69 kV.ElmNet\69 kV Aeropuerto de Puerto Plata.ElmTerm,7.210000038146973,1.6200000047683716,7.389756679534912,0.9756748676300049,1.0,PC
Demanda 1 CODAL,ZCODAF-D1,1,CIBAO NORESTE,NORTE,NORTE 69 kV,\VM-PF.IntUser\PDD 30-09-2025.IntPrj\Network Model.IntPrjfolder\Network Data.IntPrjfolder\NORTE 69 kV.ElmNet\Demanda 1 CODAL.ElmLod,,WCODAF(2),,69.0,\VM-PF.IntUser\PDD 30-09-2025.IntPrj\Network Model.IntPrjfolder\Network Data.IntPrjfolder\NORTE 69 kV.ElmNet\ZCODAF.ElmSubstat\WCODAF(2).ElmTerm,0.0,0.0,0.0,1.0,1.0,PQ
Demanda 1 El Chivo,ZECHIF-D1,0,CIBAO NORESTE,NORTE,NORTE 69 kV,\VM-PF.IntUser\PDD 30-09-2025.IntPrj\Network Model.IntPrjfolder\Network Data.IntPrjfolder\NORTE 69 kV.ElmNet\Demanda 1 El Chivo.ElmLod,,WECHIF(2),,69.0,\VM-PF.IntUser\PDD 30-09-2025.IntPrj\Network Model.IntPrjfolder\Network Data.IntPrjfolder\NORTE 69 kV.ElmNet\ZECHIF.ElmSubstat\WECHIF(2).ElmTerm,28.8799991607666,10.479999542236328,30.722705841064453,0.9400213360786438,1.0,PQ
Demanda Grupo Ramos SFM,ZGRSFF-D1,0,CIBAO NORESTE,NORTE,NORTE 69 kV,\VM-PF.IntUser\PDD 30-09-2025.IntPrj\Network Model.IntPrjfolder\Network Data.IntPrjfolder\NORTE 69 kV.ElmNet\Demanda Grupo Ramos SFM.ElmLod,,69 kV Grupo Ramos SFM,WGRSFF,69.0,\VM-PF.IntUser\PDD 30-09-2025.IntPrj\Network Model.IntPrjfolder\Network Data.IntPrjfolder\NORTE 69 kV.ElmNet\69 kV Grupo Ramos SFM.ElmTerm,0.2800000011920929,0.11999999731779099,0.30463093519210815,0.9191449880599976,1.0,PQ
Demanda La Cumbre Bonao,ZLCBOF-D1,0,SUR CERCANO,SUR,NORTE 69 kV,\VM-PF.IntUser\PDD 30-09-2025.IntPrj\Network Model.IntPrjfolder\Network Data.IntPrjfolder\NORTE 69 kV.ElmNet\Demanda La Cumbre Bonao.ElmLod,,69 kV La Cumbre Bonao,WLCBOF,69.0,\VM-PF.IntUser\PDD 30-09-2025.IntPrj\Network Model.IntPrjfolder\Network Data.IntPrjfolder\NORTE 69 kV.ElmNet\69 kV La Cumbre Bonao.ElmTerm,1.5299999713897705,0.7799999713897705,1.7173525094985962,0.8909061551094055,1.0,PQ
SSAA Pinalito 2,ZPIN2K-D1,0,CIBAO SUR,NORTE,NORTE 69 kV,\VM-PF.IntUser\PDD 30-09-2025.IntPrj\Network Model.IntPrjfolder\Network Data.IntPrjfolder\NORTE 69 kV.ElmNet\Pinalito.ElmSite\SSAA Pinalito 2.ElmLod,,Terminal Pinalito 2,WPIN2K,13.800000190734863,\VM-PF.IntUser\PDD 30-09-2025.IntPrj\Network Model.IntPrjfolder\Network Data.IntPrjfolder\NORTE 69 kV.ElmNet\Pinalito.ElmSite\Terminal Pinalito 2.ElmTerm,0.49000000953674316,0.20999999344348907,0.5331041216850281,0.9191450476646423,1.0,PQ
SSAA Pinalito 1,ZPIN1K-D1,1,CIBAO SUR,NORTE,NORTE 69 kV,\VM-PF.IntUser\PDD 30-09-2025.IntPrj\Network Model.IntPrjfolder\Network Data.IntPrjfolder\NORTE 69 kV.ElmNet\Pinalito.ElmSite\SSAA Pinalito 1.ElmLod,,Terminal Pinalito 1,WPIN1K,13.800000190734863,\VM-PF.IntUser\PDD 30-09-2025.IntPrj\Network Model.IntPrjfolder\Network Data.IntPrjfolder\NORTE 69 kV.ElmNet\Pinalito.ElmSite\Terminal Pinalito 1.ElmTerm,0.0,0.0,0.0,1.0,1.0,DEF
SSAA Río Blanco,ZRBL2K-D1,0,CIBAO SUR,NORTE,NORTE 69 kV,\VM-PF.IntUser\PDD 30-09-2025.IntPrj\Network Model.IntPrjfolder\Network Data.IntPrjfolder\NORTE 69 kV.ElmNet\Río Blanco.ElmSite\SSAA Río Blanco.ElmLod,,Terminal Río Blanco Secc. B,WRBLBK,13.800000190734863,\VM-PF.IntUser\PDD 30-09-2025.IntPrj\Network Model.IntPrjfolder\Network Data.IntPrjfolder\NORTE 69 kV.ElmNet\Río Blanco.ElmSite\Terminal Río Blanco Secc. B.ElmTerm,0.23999999463558197,0.10000000149011612,0.25999999046325684,0.9230769276618958,1.0,PQ
Demanda Pimentel,ZPIMEF-D1,0,CIBAO NORESTE,NORTE,NORTE 69 kV,\VM-PF.IntUser\PDD 30-09-2025.IntPrj\Network Model.IntPrjfolder\Network Data.IntPrjfolder\NORTE 69 kV.ElmNet\Demanda Pimentel.ElmLod,,4,,69.0,\VM-PF.IntUser\PDD 30-09-2025.IntPrj\Network Model.IntPrjfolder\Network Data.IntPrjfolder\NORTE 69 kV.ElmNet\ZPIMEF.ElmSubstat\4.ElmTerm,4.769999980926514,0.9700000286102295,4.8676276206970215,0.9799435138702393,1.0,PQ
Demanda Cotuí,ZCOTUF-D1,0,CIBAO SUR,NORTE,NORTE 69 kV,\VM-PF.IntUser\PDD 30-09-2025.IntPrj\Network Model.IntPrjfolder\Network Data.IntPrjfolder\NORTE 69 kV.ElmNet\Demanda Cotuí.ElmLod,,69 kV Cotuí,WCOTUF,69.0,\VM-PF.IntUser\PDD 30-09-2025.IntPrj\Network Model.IntPrjfolder\Network Data.IntPrjfolder\NORTE 69 kV.ElmNet\69 kV Cotuí.ElmTerm,31.770000457763672,6.449999809265137,32.41813278198242,0.9800071120262146,1.0,PQ
Demanda Maimón,ZMAIMF-D1,0,CIBAO SUR,NORTE,NORTE 69 kV,\VM-PF.IntUser\PDD 30-09-2025.IntPrj\Network Model.IntPrjfolder\Network Data.IntPrjfolder\NORTE 69 kV.ElmNet\Demanda Maimón.ElmLod,,69 kV Maimón,WMAIMF,69.0,\VM-PF.IntUser\PDD 30-09-2025.IntPrj\Network Model.IntPrjfolder\Network Data.IntPrjfolder\NORTE 69 kV.ElmNet\69 kV Maimón.ElmTerm,14.829999923706055,3.009999990463257,15.1323823928833,0.9800175428390503,1.0,PQ
SSAA Rincón,ZRINCK-D1,1,CIBAO SUR,NORTE,NORTE 69 kV,\VM-PF.IntUser\PDD 30-09-2025.IntPrj\Network Model.IntPrjfolder\Network Data.IntPrjfolder\NORTE 69 kV.ElmNet\Rincón.ElmSite\SSAA Rincón.ElmLod,,Terminal Rincón,WRINCK,12.5,\VM-PF.IntUser\PDD 30-09-2025.IntPrj\Network Model.IntPrjfolder\Network Data.IntPrjfolder\NORTE 69 kV.ElmNet\Rincón.ElmSite\Terminal Rincón.ElmTerm,0.0,0.0,0.0,1.0,1.0,PQ
Demanda Nagua,ZNAGUF-D1,0,CIBAO NORESTE,NORTE,NORTE 69 kV,\VM-PF.IntUser\PDD 30-09-2025.IntPrj\Network Model.IntPrjfolder\Network Data.IntPrjfolder\NORTE 69 kV.ElmNet\Nagua/Rosa Julia de la Cruz.ElmSite\Demanda Nagua.ElmLod,,WNAGUF(1),,69.0,\VM-PF.IntUser\PDD 30-09-2025.IntPrj\Network Model.IntPrjfolder\Network Data.IntPrjfolder\NORTE 69 kV.ElmNet\Nagua/Rosa Julia de la Cruz.ElmSite\ZNAGUF.ElmSubstat\WNAGUF(1).ElmTerm,25.280000686645508,8.819999694824219,26.774444580078125,0.9441839456558228,1.0,PQ
SSAA Rosa Julia De La Cruz,ZRJCRK-D1,1,CIBAO NORESTE,NORTE,NORTE 69 kV,\VM-PF.IntUser\PDD 30-09-2025.IntPrj\Network Model.IntPrjfolder\Network Data.IntPrjfolder\NORTE 69 kV.ElmNet\Nagua/Rosa Julia de la Cruz.ElmSite\SSAA Rosa Julia De La Cruz.ElmLod,,Terminal Rosa Julia De La Cruz,WRJCRK,4.159999847412109,\VM-PF.IntUser\PDD 30-09-2025.IntPrj\Network Model.IntPrjfolder\Network Data.IntPrjfolder\NORTE 69 kV.ElmNet\Nagua/Rosa Julia de la Cruz.ElmSite\Terminal Rosa Julia De La Cruz.ElmTerm,0.0,0.0,0.0,1.0,1.0,PQ
Demanda Abanico Per,ZAPERF-D1,0,CIBAO NORESTE,NORTE,NORTE 69 kV,\VM-PF.IntUser\PDD 30-09-2025.IntPrj\Network Model.IntPrjfolder\Network Data.IntPrjfolder\NORTE 69 kV.ElmNet\Demanda Abanico Per.ElmLod,,69 kV Abanico PER,WAPERF,69.0,\VM-PF.IntUser\PDD 30-09-2025.IntPrj\Network Model.IntPrjfolder\Network Data.IntPrjfolder\NORTE 69 kV.ElmNet\69 kV Abanico PER.ElmTerm,11.0,2.2300000190734863,11.22376537322998,0.980063259601593,1.0,PQ
Demanda Payita,ZPAYIF-D1,0,CIBAO NORESTE,NORTE,NORTE 69 kV,\VM-PF.IntUser\PDD 30-09-2025.IntPrj\Network Model.IntPrjfolder\Network Data.IntPrjfolder\NORTE 69 kV.ElmNet\Demanda Payita.ElmLod,,WPAYIF(1),,69.0,\VM-PF.IntUser\PDD 30-09-2025.IntPrj\Network Model.IntPrjfolder\Network Data.IntPrjfolder\NORTE 69 kV.ElmNet\ZPAYIF.ElmSubstat\WPAYIF(1).ElmTerm,7.949999809265137,3.140000104904175,8.547636985778809,0.9300816059112549,1.0,PQ
Demanda Rincón Nueva,ZRNUEF-D1,0,CIBAO SUR,NORTE,NORTE 69 kV,\VM-PF.IntUser\PDD 30-09-2025.IntPrj\Network Model.IntPrjfolder\Network Data.IntPrjfolder\NORTE 69 kV.ElmNet\Demanda Rincón Nueva.ElmLod,,69 kV Rincón Nueva,WRNUEF,69.0,\VM-PF.IntUser\PDD 30-09-2025.IntPrj\Network Model.IntPrjfolder\Network Data.IntPrjfolder\NORTE 69 kV.ElmNet\69 kV Rincón Nueva.ElmTerm,7.059999942779541,1.5800000429153442,7.234638690948486,0.9758607745170593,1.0,PQ
Demanda La Vega,ZLVEGF-D1,0,CIBAO SUR,NORTE,NORTE 69 kV,\VM-PF.IntUser\PDD 30-09-2025.IntPrj\Network Model.IntPrjfolder\Network Data.IntPrjfolder\NORTE 69 kV.ElmNet\Demanda La Vega.ElmLod,,3,,69.0,\VM-PF.IntUser\PDD 30-09-2025.IntPrj\Network Model.IntPrjfolder\Network Data.IntPrjfolder\NORTE 69 kV.ElmNet\ZLVEGF.ElmSubstat\3.ElmTerm,22.149999618530273,5.679999828338623,22.866676330566406,0.968658447265625,1.0,PQ
Demanda Constanza,ZCONSF-D1,0,CIBAO SUR,NORTE,NORTE 69 kV,\VM-PF.IntUser\PDD 30-09-2025.IntPrj\Network Model.IntPrjfolder\Network Data.IntPrjfolder\NORTE 69 kV.ElmNet\Constanza/El Salto.ElmSite\Demanda Constanza.ElmLod,,69 kV Constanza,WCONSF,69.0,\VM-PF.IntUser\PDD 30-09-2025.IntPrj\Network Model.IntPrjfolder\Network Data.IntPrjfolder\NORTE 69 kV.ElmNet\69 kV Constanza.ElmTerm,6.409999847412109,1.159999966621399,6.514115333557129,0.9840169548988342,1.0,PQ
SSAA El Salto,ZESALK-D1,1,CIBAO SUR,NORTE,NORTE 69 kV,\VM-PF.IntUser\PDD 30-09-2025.IntPrj\Network Model.IntPrjfolder\Network Data.IntPrjfolder\NORTE 69 kV.ElmNet\Constanza/El Salto.ElmSite\SSAA El Salto.ElmLod,,Terminal El Salto,WESALK,12.5,\VM-PF.IntUser\PDD 30-09-2025.IntPrj\Network Model.IntPrjfolder\Network Data.IntPrjfolder\NORTE 69 kV.ElmNet\Constanza/El Salto.ElmSite\Terminal El Salto.ElmTerm,0.0,0.0,0.0,1.0,1.0,PQ
Demanda ZF La Vega,ZZLVEF-D1,0,CIBAO SUR,NORTE,NORTE 69 kV,\VM-PF.IntUser\PDD 30-09-2025.IntPrj\Network Model.IntPrjfolder\Network Data.IntPrjfolder\NORTE 69 kV.ElmNet\Demanda ZF La Vega.ElmLod,,69 kV ZF La Vega,WZLVEF,69.0,\VM-PF.IntUser\PDD 30-09-2025.IntPrj\Network Model.IntPrjfolder\Network Data.IntPrjfolder\NORTE 69 kV.ElmNet\69 kV ZF La Vega.ElmTerm,4.940000057220459,0.3199999928474426,4.950353622436523,0.9979085326194763,1.0,DEF
Demanda El Río,ZERIOF-D1,0,CIBAO SUR,NORTE,NORTE 69 kV,\VM-PF.IntUser\PDD 30-09-2025.IntPrj\Network Model.IntPrjfolder\Network Data.IntPrjfolder\NORTE 69 kV.ElmNet\Demanda El Río.ElmLod,,69 kV El Río,WERIOF,69.0,\VM-PF.IntUser\PDD 30-09-2025.IntPrj\Network Model.IntPrjfolder\Network Data.IntPrjfolder\NORTE 69 kV.ElmNet\69 kV El Río.ElmTerm,1.6399999856948853,0.23999999463558197,1.6574679613113403,0.9894610643386841,1.0,PQ
SSAA La Vega Grupo 1,ZLVE1K-D1,0,CIBAO SUR,NORTE,NORTE 69 kV,\VM-PF.IntUser\PDD 30-09-2025.IntPrj\Network Model.IntPrjfolder\Network Data.IntPrjfolder\NORTE 69 kV.ElmNet\Diésel La Vega.ElmSite\SSAA La Vega Grupo 1.ElmLod,,R3,,13.800000190734863,\VM-PF.IntUser\PDD 30-09-2025.IntPrj\Network Model.IntPrjfolder\Network Data.IntPrjfolder\NORTE 69 kV.ElmNet\Diésel La Vega.ElmSite\ZLVEGK.ElmSubstat\R3.ElmTerm,3.2100000381469727,1.3700000047683716,3.490128993988037,0.9197368025779724,1.0,PQ
SSAA La Vega Grupo 2,ZLVE2K-D1,0,CIBAO SUR,NORTE,NORTE 69 kV,\VM-PF.IntUser\PDD 30-09-2025.IntPrj\Network Model.IntPrjfolder\Network Data.IntPrjfolder\NORTE 69 kV.ElmNet\Diésel La Vega.ElmSite\SSAA La Vega Grupo 2.ElmLod,,L3,,13.800000190734863,\VM-PF.IntUser\PDD 30-09-2025.IntPrj\Network Model.IntPrjfolder\Network Data.IntPrjfolder\NORTE 69 kV.ElmNet\Diésel La Vega.ElmSite\ZLVEGK.ElmSubstat\L3.ElmTerm,0.75,0.3199999928474426,0.8154140114784241,0.9197781682014465,1.0,PQ
Demanda Cervecería Vegana,ZCVEGF-D1,0,CIBAO SUR,NORTE,NORTE 69 kV,\VM-PF.IntUser\PDD 30-09-2025.IntPrj\Network Model.IntPrjfolder\Network Data.IntPrjfolder\NORTE 69 kV.ElmNet\Demanda Cervecería Vegana.ElmLod,,69 kV Cervecería Vegana,WCVEGF,69.0,\VM-PF.IntUser\PDD 30-09-2025.IntPrj\Network Model.IntPrjfolder\Network Data.IntPrjfolder\NORTE 69 kV.ElmNet\69 kV Cervecería Vegana.ElmTerm,0.5,0.07000000029802322,0.5048762559890747,0.9903416633605957,1.0,PQ
Demanda La Vega Per,ZLVPEF-D1,0,CIBAO SUR,NORTE,NORTE 69 kV,\VM-PF.IntUser\PDD 30-09-2025.IntPrj\Network Model.IntPrjfolder\Network Data.IntPrjfolder\NORTE 69 kV.ElmNet\Demanda La Vega Per.ElmLod,,69 kV La Vega PER,WLVPEF,69.0,\VM-PF.IntUser\PDD 30-09-2025.IntPrj\Network Model.IntPrjfolder\Network Data.IntPrjfolder\NORTE 69 kV.ElmNet\69 kV La Vega PER.ElmTerm,28.270000457763672,0.15000000596046448,28.27039909362793,0.9999858736991882,1.0,PQ
Demanda CENOVI,ZCENOF-D1,0,CIBAO SUR,NORTE,NORTE 69 kV,\VM-PF.IntUser\PDD 30-09-2025.IntPrj\Network Model.IntPrjfolder\Network Data.IntPrjfolder\NORTE 69 kV.ElmNet\Demanda CENOVI.ElmLod,,69 kV CENOVI,WCENOF,69.0,\VM-PF.IntUser\PDD 30-09-2025.IntPrj\Network Model.IntPrjfolder\Network Data.IntPrjfolder\NORTE 69 kV.ElmNet\69 kV CENOVI.ElmTerm,9.779999732971191,3.549999952316284,10.404369354248047,0.9399896860122681,1.0,PQ
Demanda Bonao PER,ZBPERF-D1,0,CIBAO SUR,NORTE,NORTE 69 kV,\VM-PF.IntUser\PDD 30-09-2025.IntPrj\Network Model.IntPrjfolder\Network Data.IntPrjfolder\NORTE 69 kV.ElmNet\Bonao PER/Anaiana Vargas.ElmSite\Demanda Bonao PER.ElmLod,,WBPERF(6),,69.0,\VM-PF.IntUser\PDD 30-09-2025.IntPrj\Network Model.IntPrjfolder\Network Data.IntPrjfolder\NORTE 69 kV.ElmNet\Bonao PER/Anaiana Vargas.ElmSite\ZBPERF.ElmSubstat\WBPERF(6).ElmTerm,21.399999618530273,7.03000020980835,22.525115966796875,0.9500505924224854,1.0,PQ
Demanda 2 Bonao PER,ZBPERF-D2,0,CIBAO SUR,NORTE,NORTE 69 kV,\VM-PF.IntUser\PDD 30-09-2025.IntPrj\Network Model.IntPrjfolder\Network Data.IntPrjfolder\NORTE 69 kV.ElmNet\Bonao PER/Anaiana Vargas.ElmSite\ZBPERF.ElmSubstat\Demanda 2 Bonao PER.ElmLod,,WBPERF(10),,69.0,\VM-PF.IntUser\PDD 30-09-2025.IntPrj\Network Model.IntPrjfolder\Network Data.IntPrjfolder\NORTE 69 kV.ElmNet\Bonao PER/Anaiana Vargas.ElmSite\ZBPERF.ElmSubstat\WBPERF(10).ElmTerm,18.610000610351562,6.119999885559082,19.590471267700195,0.9499516487121582,1.0,DEF
SSAA Aniana Vargas,ZAVA1K-D1,0,CIBAO SUR,NORTE,NORTE 69 kV,\VM-PF.IntUser\PDD 30-09-2025.IntPrj\Network Model.IntPrjfolder\Network Data.IntPrjfolder\NORTE 69 kV.ElmNet\Bonao PER/Anaiana Vargas.ElmSite\SSAA Aniana Vargas.ElmLod,,Terminal Aniana Vargas,WAVA1K,12.5,\VM-PF.IntUser\PDD 30-09-2025.IntPrj\Network Model.IntPrjfolder\Network Data.IntPrjfolder\NORTE 69 kV.ElmNet\Bonao PER/Anaiana Vargas.ElmSite\Terminal Aniana Vargas.ElmTerm,0.0,0.0,0.0,1.0,1.0,PQ
Demanda Bonao,ZBONAF-D1,0,CIBAO SUR,NORTE,NORTE 69 kV,\VM-PF.IntUser\PDD 30-09-2025.IntPrj\Network Model.IntPrjfolder\Network Data.IntPrjfolder\NORTE 69 kV.ElmNet\Demanda Bonao.ElmLod,,69 kV Bonao,WBONAF,69.0,\VM-PF.IntUser\PDD 30-09-2025.IntPrj\Network Model.IntPrjfolder\Network Data.IntPrjfolder\NORTE 69 kV.ElmNet\69 kV Bonao.ElmTerm,4.809999942779541,0.9700000286102295,4.906831741333008,0.9802659153938293,1.0,PQ
SSAA Jimenoa,ZJIMEK-D1,0,CIBAO SUR,NORTE,NORTE 69 kV,\VM-PF.IntUser\PDD 30-09-2025.IntPrj\Network Model.IntPrjfolder\Network Data.IntPrjfolder\NORTE 69 kV.ElmNet\Jimenoa.ElmSite\SSAA Jimenoa.ElmLod,,Terminal Jimenoa,WJIMEK,12.5,\VM-PF.IntUser\PDD 30-09-2025.IntPrj\Network Model.IntPrjfolder\Network Data.IntPrjfolder\NORTE 69 kV.ElmNet\Jimenoa.ElmSite\Terminal Jimenoa.ElmTerm,0.11999999731779099,0.05000000074505806,0.12999999523162842,0.9230769276618958,1.0,PQ
Demanda Moca,ZMOCAF-D1,0,CIBAO NORTE,NORTE,NORTE 69 kV,\VM-PF.IntUser\PDD 30-09-2025.IntPrj\Network Model.IntPrjfolder\Network Data.IntPrjfolder\NORTE 69 kV.ElmNet\Demanda Moca.ElmLod,,69 kV Moca,WMOCAF,69.0,\VM-PF.IntUser\PDD 30-09-2025.IntPrj\Network Model.IntPrjfolder\Network Data.IntPrjfolder\NORTE 69 kV.ElmNet\69 kV Moca.ElmTerm,23.110000610351562,9.550000190734863,25.0054931640625,0.9241969585418701,1.0,PQ
Demanda Hospital Juan Bosch,ZHJBOF-D1,0,CIBAO SUR,NORTE,NORTE 69 kV,\VM-PF.IntUser\PDD 30-09-2025.IntPrj\Network Model.IntPrjfolder\Network Data.IntPrjfolder\NORTE 69 kV.ElmNet\Demanda Hospital Juan Bosch.ElmLod,,69 kV Hospital Juan Bosch,WHJBOF,69.0,\VM-PF.IntUser\PDD 30-09-2025.IntPrj\Network Model.IntPrjfolder\Network Data.IntPrjfolder\NORTE 69 kV.ElmNet\69 kV Hospital Juan Bosch.ElmTerm,0.5699999928474426,0.33000001311302185,0.6586349606513977,0.865426242351532,1.0,PQ
Demanda Jarabacoa,ZJARAF-D1,0,CIBAO SUR,NORTE,NORTE 69 kV,\VM-PF.IntUser\PDD 30-09-2025.IntPrj\Network Model.IntPrjfolder\Network Data.IntPrjfolder\NORTE 69 kV.ElmNet\Demanda Jarabacoa.ElmLod,,69 kV Jarabacoa,WJARAF,69.0,\VM-PF.IntUser\PDD 30-09-2025.IntPrj\Network Model.IntPrjfolder\Network Data.IntPrjfolder\NORTE 69 kV.ElmNet\69 kV Jarabacoa.ElmTerm,15.890000343322754,5.96999979019165,16.9744815826416,0.9361110925674438,1.0,PQ
Demanda ZF Dos Ríos,ZZDRIF-D1,0,CIBAO SUR,NORTE,NORTE 69 kV,\VM-PF.IntUser\PDD 30-09-2025.IntPrj\Network Model.IntPrjfolder\Network Data.IntPrjfolder\NORTE 69 kV.ElmNet\Demanda ZF Dos Ríos.ElmLod,,WDRIOF(1),,69.0,\VM-PF.IntUser\PDD 30-09-2025.IntPrj\Network Model.IntPrjfolder\Network Data.IntPrjfolder\NORTE 69 kV.ElmNet\ZDRIOF.ElmSubstat\WDRIOF(1).ElmTerm,6.429999828338623,2.740000009536743,6.9894561767578125,0.9199571013450623,1.0,PQ
Demanda INDUVECA,ZXINDF-D1,0,CIBAO SUR,NORTE,NORTE 69 kV,\VM-PF.IntUser\PDD 30-09-2025.IntPrj\Network Model.IntPrjfolder\Network Data.IntPrjfolder\NORTE 69 kV.ElmNet\Demanda INDUVECA.ElmLod,,69 kV INDUVECA,WINDUF,69.0,\VM-PF.IntUser\PDD 30-09-2025.IntPrj\Network Model.IntPrjfolder\Network Data.IntPrjfolder\NORTE 69 kV.ElmNet\69 kV INDUVECA.ElmTerm,2.7200000286102295,1.3300000429153442,3.02775502204895,0.8983553647994995,1.0,PQ
Demanda Tireo,ZTIREF-D1,0,CIBAO SUR,NORTE,NORTE 69 kV,\VM-PF.IntUser\PDD 30-09-2025.IntPrj\Network Model.IntPrjfolder\Network Data.IntPrjfolder\NORTE 69 kV.ElmNet\Demanda Tireo.ElmLod,,69 kV Tireo,WTIREF,69.0,\VM-PF.IntUser\PDD 30-09-2025.IntPrj\Network Model.IntPrjfolder\Network Data.IntPrjfolder\NORTE 69 kV.ElmNet\69 kV Tireo.ElmTerm,1.6699999570846558,0.3100000023841858,1.69852876663208,0.9832038283348083,1.0,PQ
Demanda Acueducto Hermanas Mirabal,ZAHMIF-D1,0,CIBAO SUR,NORTE,NORTE 69 kV,\VM-PF.IntUser\PDD 30-09-2025.IntPrj\Network Model.IntPrjfolder\Network Data.IntPrjfolder\NORTE 69 kV.ElmNet\Demanda Acueducto Hermanas Mirabal.ElmLod,,69 kV Acueducto Hermanas Mirabal,WAHMIF,69.0,\VM-PF.IntUser\PDD 30-09-2025.IntPrj\Network Model.IntPrjfolder\Network Data.IntPrjfolder\NORTE 69 kV.ElmNet\69 kV Acueducto Hermanas Mirabal.ElmTerm,1.149999976158142,0.23000000417232513,1.1727744340896606,0.9805806875228882,1.0,PQ
Demanda Paso Bajito,ZPBAJF-D1,0,CIBAO SUR,NORTE,NORTE 69 kV,\VM-PF.IntUser\PDD 30-09-2025.IntPrj\Network Model.IntPrjfolder\Network Data.IntPrjfolder\NORTE 69 kV.ElmNet\Demanda Paso Bajito.ElmLod,,69 kV Paso Bajito,WPBAJF,69.0,\VM-PF.IntUser\PDD 30-09-2025.IntPrj\Network Model.IntPrjfolder\Network Data.IntPrjfolder\NORTE 69 kV.ElmNet\69 kV Paso Bajito.ElmTerm,0.6299999952316284,0.18000000715255737,0.6552098989486694,0.9615239500999451,1.0,PQ
SSAA Hatillo 1,ZHATIK-D1,0,CIBAO SUR,NORTE,NORTE 69 kV,\VM-PF.IntUser\PDD 30-09-2025.IntPrj\Network Model.IntPrjfolder\Network Data.IntPrjfolder\NORTE 69 kV.ElmNet\Hatillo.ElmSite\SSAA Hatillo 1.ElmLod,,Terminal Hatillo 1,WHATIK,12.5,\VM-PF.IntUser\PDD 30-09-2025.IntPrj\Network Model.IntPrjfolder\Network Data.IntPrjfolder\NORTE 69 kV.ElmNet\Hatillo.ElmSite\Terminal Hatillo 1.ElmTerm,0.1599999964237213,0.07000000029802322,0.17464248836040497,0.9161573052406311,1.0,PQ
SSAA Hatillo 2,ZHAT2K-D1,0,CIBAO SUR,NORTE,NORTE 69 kV,\VM-PF.IntUser\PDD 30-09-2025.IntPrj\Network Model.IntPrjfolder\Network Data.IntPrjfolder\NORTE 69 kV.ElmNet\Hatillo.ElmSite\SSAA Hatillo 2.ElmLod,,1,,13.800000190734863,\VM-PF.IntUser\PDD 30-09-2025.IntPrj\Network Model.IntPrjfolder\Network Data.IntPrjfolder\NORTE 69 kV.ElmNet\Hatillo.ElmSite\ZHAT2K.ElmSubstat\1.ElmTerm,0.029999999329447746,0.019999999552965164,0.036055512726306915,0.8320502638816833,1.0,PQ
Demanda Pedro García,ZPGARF-D1,0,CIBAO NORTE,NORTE,NORTE 69 kV,\VM-PF.IntUser\PDD 30-09-2025.IntPrj\Network Model.IntPrjfolder\Network Data.IntPrjfolder\NORTE 69 kV.ElmNet\Demanda Pedro García.ElmLod,,69 kV Pedro García,WPGARF,69.0,\VM-PF.IntUser\PDD 30-09-2025.IntPrj\Network Model.IntPrjfolder\Network Data.IntPrjfolder\NORTE 69 kV.ElmNet\69 kV Pedro García.ElmTerm,1.25,0.4699999988079071,1.3354400396347046,0.9360210299491882,1.0,DEF
SSAA Brazo Derecho,ZBDERK-D1,1,CIBAO NOROESTE,NORTE,NORTE 69 kV,\VM-PF.IntUser\PDD 30-09-2025.IntPrj\Network Model.IntPrjfolder\Network Data.IntPrjfolder\NORTE 69 kV.ElmNet\Brazo Derecho.ElmSite\SSAA Brazo Derecho.ElmLod,,Terminal Brazo Derecho,WBDERK,13.800000190734863,\VM-PF.IntUser\PDD 30-09-2025.IntPrj\Network Model.IntPrjfolder\Network Data.IntPrjfolder\NORTE 69 kV.ElmNet\Brazo Derecho.ElmSite\Terminal Brazo Derecho.ElmTerm,0.0,0.0,0.0,1.0,1.0,DEF
Demanda Arturo Bisonó,ZABISF-D1,0,CIBAO NORTE,NORTE,NORTE 69 kV,\VM-PF.IntUser\PDD 30-09-2025.IntPrj\Network Model.IntPrjfolder\Network Data.IntPrjfolder\NORTE 69 kV.ElmNet\Demanda Arturo Bisonó.ElmLod,,69 kV Arturo Bisonó,WABISF,69.0,\VM-PF.IntUser\PDD 30-09-2025.IntPrj\Network Model.IntPrjfolder\Network Data.IntPrjfolder\NORTE 69 kV.ElmNet\69 kV Arturo Bisonó.ElmTerm,0.5400000214576721,0.23000000417232513,0.5869412422180176,0.9200239777565002,1.0,DEF
Demanda CORMIDOM,ZCORMF-D1,0,CIBAO SUR,NORTE,NORTE 69 kV,\VM-PF.IntUser\PDD 30-09-2025.IntPrj\Network Model.IntPrjfolder\Network Data.IntPrjfolder\NORTE 69 kV.ElmNet\Demanda CORMIDOM.ElmLod,,69 kV CORMIDOM,WCORMF,69.0,\VM-PF.IntUser\PDD 30-09-2025.IntPrj\Network Model.IntPrjfolder\Network Data.IntPrjfolder\NORTE 69 kV.ElmNet\69 kV CORMIDOM.ElmTerm,6.25,1.2699999809265137,6.377727031707764,0.9799729585647583,1.0,DEF
69 kV INDAL D1,ZIDALF-D1,0,CIBAO SUR,NORTE,NORTE 69 kV,\VM-PF.IntUser\PDD 30-09-2025.IntPrj\Network Model.IntPrjfolder\Network Data.IntPrjfolder\NORTE 69 kV.ElmNet\69 kV INDAL D1.ElmLod,,69 kV INDAL,WIDALF,69.0,\VM-PF.IntUser\PDD 30-09-2025.IntPrj\Network Model.IntPrjfolder\Network Data.IntPrjfolder\NORTE 69 kV.ElmNet\69 kV INDAL.ElmTerm,0.4099999964237213,0.17000000178813934,0.44384682178497314,0.9237421154975891,1.0,DEF
Demanda Luperón,ZLUPEF-D1,0,CIBAO NORTE,NORTE,NORTE 69 kV,\VM-PF.IntUser\PDD 30-09-2025.IntPrj\Network Model.IntPrjfolder\Network Data.IntPrjfolder\NORTE 69 kV.ElmNet\Demanda Luperón.ElmLod,,69 kV Luperón,WLUPEF,69.0,\VM-PF.IntUser\PDD 30-09-2025.IntPrj\Network Model.IntPrjfolder\Network Data.IntPrjfolder\NORTE 69 kV.ElmNet\69 kV Luperón.ElmTerm,7.150000095367432,2.4600000381469727,7.561356067657471,0.9455975890159607,1.0,DEF
Demanda Fantino,ZFANTF-D1,0,CIBAO SUR,NORTE,NORTE 69 kV,\VM-PF.IntUser\PDD 30-09-2025.IntPrj\Network Model.IntPrjfolder\Network Data.IntPrjfolder\NORTE 69 kV.ElmNet\Demanda Fantino.ElmLod,,69 kV Fantino,WFANTF,69.0,\VM-PF.IntUser\PDD 30-09-2025.IntPrj\Network Model.IntPrjfolder\Network Data.IntPrjfolder\NORTE 69 kV.ElmNet\69 kV Fantino.ElmTerm,5.130000114440918,1.2599999904632568,5.282471179962158,0.9711363911628723,1.0,DEF
Demanda Cementos Cibao,ZCCIBF-D1,0,CIBAO NORTE,NORTE,NORTE 69 kV,\VM-PF.IntUser\PDD 30-09-2025.IntPrj\Network Model.IntPrjfolder\Network Data.IntPrjfolder\NORTE 69 kV.ElmNet\Demanda Cementos Cibao.ElmLod,,69 kV Cementos Cibao,WCCIBF,69.0,\VM-PF.IntUser\PDD 30-09-2025.IntPrj\Network Model.IntPrjfolder\Network Data.IntPrjfolder\NORTE 69 kV.ElmNet\69 kV Cementos Cibao.ElmTerm,12.0,0.0,12.0,1.0,1.0,DEF
Demanda Troquelados Dominicanos,ZTROQF-D1,0,CIBAO NORTE,NORTE,NORTE 69 kV,\VM-PF.IntUser\PDD 30-09-2025.IntPrj\Network Model.IntPrjfolder\Network Data.IntPrjfolder\NORTE 69 kV.ElmNet\Demanda Troquelados Dominicanos.ElmLod,,69 kV Troquelados Dominicanos(1),WTROQF,69.0,\VM-PF.IntUser\PDD 30-09-2025.IntPrj\Network Model.IntPrjfolder\Network Data.IntPrjfolder\NORTE 69 kV.ElmNet\69 kV Troquelados Dominicanos(1).ElmTerm,1.649999976158142,0.3700000047683716,1.6909760236740112,0.9757677912712097,1.0,PQ
Demanda La Penda,ZLPENF-D1,0,CIBAO SUR,NORTE,NORTE 69 kV,\VM-PF.IntUser\PDD 30-09-2025.IntPrj\Network Model.IntPrjfolder\Network Data.IntPrjfolder\NORTE 69 kV.ElmNet\Demanda La Penda.ElmLod,,69 kV La Penda,WLPENF,69.0,\VM-PF.IntUser\PDD 30-09-2025.IntPrj\Network Model.IntPrjfolder\Network Data.IntPrjfolder\NORTE 69 kV.ElmNet\69 kV La Penda.ElmTerm,19.799999237060547,5.269999980926514,20.489336013793945,0.9663563370704651,1.0,PQ
Demanda 2 El Chivo,ZECHIF-D2,0,CIBAO NORESTE,NORTE,NORTE 69 kV,\VM-PF.IntUser\PDD 30-09-2025.IntPrj\Network Model.IntPrjfolder\Network Data.IntPrjfolder\NORTE 69 kV.ElmNet\Demanda 2 El Chivo.ElmLod,,1,,69.0,\VM-PF.IntUser\PDD 30-09-2025.IntPrj\Network Model.IntPrjfolder\Network Data.IntPrjfolder\NORTE 69 kV.ElmNet\ZECHIF.ElmSubstat\1.ElmTerm,18.329999923706055,6.650000095367432,19.49901008605957,0.9400477409362793,1.0,DEF
Demanda 1 Corporación ZF Santiago,ZCZFSF-D1,0,CIBAO NORTE,NORTE,NORTE 69 kV,\VM-PF.IntUser\PDD 30-09-2025.IntPrj\Network Model.IntPrjfolder\Network Data.IntPrjfolder\NORTE 69 kV.ElmNet\Demanda 1 Corporación ZF Santiago.ElmLod,,3,,69.0,\VM-PF.IntUser\PDD 30-09-2025.IntPrj\Network Model.IntPrjfolder\Network Data.IntPrjfolder\NORTE 69 kV.ElmNet\ZCZFSF.ElmSubstat\3.ElmTerm,2.7100000381469727,0.9800000190734863,2.8817529678344727,0.9403998255729675,1.0,DEF
Demanda 2 Corporación ZF Santiago,ZCZFSF-D2,0,CIBAO NORTE,NORTE,NORTE 69 kV,\VM-PF.IntUser\PDD 30-09-2025.IntPrj\Network Model.IntPrjfolder\Network Data.IntPrjfolder\NORTE 69 kV.ElmNet\Demanda 2 Corporación ZF Santiago.ElmLod,,4,,69.0,\VM-PF.IntUser\PDD 30-09-2025.IntPrj\Network Model.IntPrjfolder\Network Data.IntPrjfolder\NORTE 69 kV.ElmNet\ZCZFSF.ElmSubstat\4.ElmTerm,5.309999942779541,1.9199999570846558,5.646459102630615,0.9404123425483704,1.0,DEF
Demanda 2 CODAL,ZCODAF-D2,0,CIBAO NORESTE,NORTE,NORTE 69 kV,\VM-PF.IntUser\PDD 30-09-2025.IntPrj\Network Model.IntPrjfolder\Network Data.IntPrjfolder\NORTE 69 kV.ElmNet\Demanda 2 CODAL.ElmLod,,2,,69.0,\VM-PF.IntUser\PDD 30-09-2025.IntPrj\Network Model.IntPrjfolder\Network Data.IntPrjfolder\NORTE 69 kV.ElmNet\ZCODAF.ElmSubstat\2.ElmTerm,0.8799999952316284,0.3199999928474426,0.9363759756088257,0.9397934079170227,1.0,DEF
Demanda CORMIDOM 2,ZCOR2F-D1,1,CIBAO SUR,NORTE,NORTE 69 kV,\VM-PF.IntUser\PDD 30-09-2025.IntPrj\Network Model.IntPrjfolder\Network Data.IntPrjfolder\NORTE 69 kV.ElmNet\Demanda CORMIDOM 2.ElmLod,,69 kV CORMIDOM 2,WCOR2F,69.0,\VM-PF.IntUser\PDD 30-09-2025.IntPrj\Network Model.IntPrjfolder\Network Data.IntPrjfolder\NORTE 69 kV.ElmNet\69 kV CORMIDOM 2.ElmTerm,0.0,0.0,0.0,1.0,1.0,DEF
69 kV Plaza Santiago Center D1,ZPSCEN-D1,0,CIBAO NORTE,NORTE,NORTE 69 kV,\VM-PF.IntUser\PDD 30-09-2025.IntPrj\Network Model.IntPrjfolder\Network Data.IntPrjfolder\NORTE 69 kV.ElmNet\69 kV Plaza Santiago Center D1.ElmLod,,69 kV Plaza Santiago Center,WPSCEF,69.0,\VM-PF.IntUser\PDD 30-09-2025.IntPrj\Network Model.IntPrjfolder\Network Data.IntPrjfolder\NORTE 69 kV.ElmNet\69 kV Plaza Santiago Center.ElmTerm,0.3700000047683716,0.1599999964237213,0.40311288833618164,0.9178570508956909,1.0,DEF
69 kV Rancho Arriba D1,WRARRF-D1,0,SUR CERCANO,SUR,NORTE 69 kV,\VM-PF.IntUser\PDD 30-09-2025.IntPrj\Network Model.IntPrjfolder\Network Data.IntPrjfolder\NORTE 69 kV.ElmNet\69 kV Rancho Arriba D1.ElmLod,,69 kV Rancho Arriba,WRARRF,69.0,\VM-PF.IntUser\PDD 30-09-2025.IntPrj\Network Model.IntPrjfolder\Network Data.IntPrjfolder\NORTE 69 kV.ElmNet\69 kV Rancho Arriba.ElmTerm,0.0,0.0,0.0,1.0,1.0,DEF
