loc_name,for_name,ruta,outserv,cpZone,cpArea,cpGrid,cpSubstat,typ_id
Pol_Z1,,\VM-PF.IntUser\PDD 30-09-2025.IntPrj\Network Model.IntPrjfolder\Network Data.IntPrjfolder\Expansión 345 kV.ElmNet\Julio Sauri.ElmSite\ZJSAUD.ElmSubstat\E7.ElmTerm\Cub_1.StaCubic\ZJSA2E_ZPAL1E-L1-7SA522.ElmRelay\Pol_Z1.RelZpol,0,SUR CERCANO,SUR,Expansión 345 kV,ZJSAUD,Pol_Z1
Pol_Z1b-Z2-Z5,,\VM-PF.IntUser\PDD 30-09-2025.IntPrj\Network Model.IntPrjfolder\Network Data.IntPrjfolder\Expansión 345 kV.ElmNet\Julio Sauri.ElmSite\ZJSAUD.ElmSubstat\E7.ElmTerm\Cub_1.StaCubic\ZJSA2E_ZPAL1E-L1-7SA522.ElmRelay\Pol_Z1b-Z2-Z5.RelZpol,0,SUR CERCANO,SUR,Expansión 345 kV,ZJSAUD,Pol_Z1b-Z2-Z5
ZPol15,,\VM-PF.IntUser\PDD 30-09-2025.IntPrj\Network Model.IntPrjfolder\Network Data.IntPrjfolder\Expansión 345 kV.ElmNet\Julio Sauri.ElmSite\ZJSAUD.ElmSubstat\E7.ElmTerm\Cub_1.StaCubic\ZJSA2E_ZPAL1E-L1-7SA522.ElmRelay\ZPol15.RelZpol,0,SUR CERCANO,SUR,Expansión 345 kV,ZJSAUD,ZPol15
Pol_Z1,,\VM-PF.IntUser\PDD 30-09-2025.IntPrj\Network Model.IntPrjfolder\Network Data.IntPrjfolder\Expansión 345 kV.ElmNet\Julio Sauri.ElmSite\ZJSAUD.ElmSubstat\E8.ElmTerm\Cub_1.StaCubic\ZJSA2E_ZPAL1E-L2-7SA522.ElmRelay\Pol_Z1.RelZpol,0,SUR CERCANO,SUR,Expansión 345 kV,ZJSAUD,Pol_Z1
Pol_Z1b-Z2-Z5,,\VM-PF.IntUser\PDD 30-09-2025.IntPrj\Network Model.IntPrjfolder\Network Data.IntPrjfolder\Expansión 345 kV.ElmNet\Julio Sauri.ElmSite\ZJSAUD.ElmSubstat\E8.ElmTerm\Cub_1.StaCubic\ZJSA2E_ZPAL1E-L2-7SA522.ElmRelay\Pol_Z1b-Z2-Z5.RelZpol,0,SUR CERCANO,SUR,Expansión 345 kV,ZJSAUD,Pol_Z1b-Z2-Z5
ZPol15,,\VM-PF.IntUser\PDD 30-09-2025.IntPrj\Network Model.IntPrjfolder\Network Data.IntPrjfolder\Expansión 345 kV.ElmNet\Julio Sauri.ElmSite\ZJSAUD.ElmSubstat\E8.ElmTerm\Cub_1.StaCubic\ZJSA2E_ZPAL1E-L2-7SA522.ElmRelay\ZPol15.RelZpol,0,SUR CERCANO,SUR,Expansión 345 kV,ZJSAUD,ZPol15
Pol_Z1,,\VM-PF.IntUser\PDD 30-09-2025.IntPrj\Network Model.IntPrjfolder\Network Data.IntPrjfolder\Expansión 345 kV.ElmNet\Julio Sauri.ElmSite\ZJSAUD.ElmSubstat\E3.ElmTerm\Cub_1.StaCubic\ZJSA1E_ZITAGE-L1-7SA522.ElmRelay\Pol_Z1.RelZpol,0,SUR CERCANO,SUR,Expansión 345 kV,ZJSAUD,Pol_Z1
Pol_Z1b-Z2-Z5,,\VM-PF.IntUser\PDD 30-09-2025.IntPrj\Network Model.IntPrjfolder\Network Data.IntPrjfolder\Expansión 345 kV.ElmNet\Julio Sauri.ElmSite\ZJSAUD.ElmSubstat\E3.ElmTerm\Cub_1.StaCubic\ZJSA1E_ZITAGE-L1-7SA522.ElmRelay\Pol_Z1b-Z2-Z5.RelZpol,0,SUR CERCANO,SUR,Expansión 345 kV,ZJSAUD,Pol_Z1b-Z2-Z5
ZPol15,,\VM-PF.IntUser\PDD 30-09-2025.IntPrj\Network Model.IntPrjfolder\Network Data.IntPrjfolder\Expansión 345 kV.ElmNet\Julio Sauri.ElmSite\ZJSAUD.ElmSubstat\E3.ElmTerm\Cub_1.StaCubic\ZJSA1E_ZITAGE-L1-7SA522.ElmRelay\ZPol15.RelZpol,0,SUR CERCANO,SUR,Expansión 345 kV,ZJSAUD,ZPol15
Pol_Z1,,\VM-PF.IntUser\PDD 30-09-2025.IntPrj\Network Model.IntPrjfolder\Network Data.IntPrjfolder\Expansión 345 kV.ElmNet\Julio Sauri.ElmSite\ZJSAUD.ElmSubstat\E4.ElmTerm\Cub_1.StaCubic\ZJSA1E_ZITAGE-L2-7SA522.ElmRelay\Pol_Z1.RelZpol,0,SUR CERCANO,SUR,Expansión 345 kV,ZJSAUD,Pol_Z1
Pol_Z1b-Z2-Z5,,\VM-PF.IntUser\PDD 30-09-2025.IntPrj\Network Model.IntPrjfolder\Network Data.IntPrjfolder\Expansión 345 kV.ElmNet\Julio Sauri.ElmSite\ZJSAUD.ElmSubstat\E4.ElmTerm\Cub_1.StaCubic\ZJSA1E_ZITAGE-L2-7SA522.ElmRelay\Pol_Z1b-Z2-Z5.RelZpol,0,SUR CERCANO,SUR,Expansión 345 kV,ZJSAUD,Pol_Z1b-Z2-Z5
ZPol15,,\VM-PF.IntUser\PDD 30-09-2025.IntPrj\Network Model.IntPrjfolder\Network Data.IntPrjfolder\Expansión 345 kV.ElmNet\Julio Sauri.ElmSite\ZJSAUD.ElmSubstat\E4.ElmTerm\Cub_1.StaCubic\ZJSA1E_ZITAGE-L2-7SA522.ElmRelay\ZPol15.RelZpol,0,SUR CERCANO,SUR,Expansión 345 kV,ZJSAUD,ZPol15
Pol_Z1,,\VM-PF.IntUser\PDD 30-09-2025.IntPrj\Network Model.IntPrjfolder\Network Data.IntPrjfolder\Expansión 345 kV.ElmNet\Julio Sauri.ElmSite\ZJSAUD.ElmSubstat\E9.ElmTerm\Cub_1.StaCubic\ZJSA1E_ZPARAE-L1-7SA522.ElmRelay\Pol_Z1.RelZpol,0,SUR CERCANO,SUR,Expansión 345 kV,ZJSAUD,Pol_Z1
Pol_Z1b-Z2-Z5,,\VM-PF.IntUser\PDD 30-09-2025.IntPrj\Network Model.IntPrjfolder\Network Data.IntPrjfolder\Expansión 345 kV.ElmNet\Julio Sauri.ElmSite\ZJSAUD.ElmSubstat\E9.ElmTerm\Cub_1.StaCubic\ZJSA1E_ZPARAE-L1-7SA522.ElmRelay\Pol_Z1b-Z2-Z5.RelZpol,0,SUR CERCANO,SUR,Expansión 345 kV,ZJSAUD,Pol_Z1b-Z2-Z5
ZPol15,,\VM-PF.IntUser\PDD 30-09-2025.IntPrj\Network Model.IntPrjfolder\Network Data.IntPrjfolder\Expansión 345 kV.ElmNet\Julio Sauri.ElmSite\ZJSAUD.ElmSubstat\E9.ElmTerm\Cub_1.StaCubic\ZJSA1E_ZPARAE-L1-7SA522.ElmRelay\ZPol15.RelZpol,0,SUR CERCANO,SUR,Expansión 345 kV,ZJSAUD,ZPol15
Pol_Z1,,\VM-PF.IntUser\PDD 30-09-2025.IntPrj\Network Model.IntPrjfolder\Network Data.IntPrjfolder\Expansión 345 kV.ElmNet\Julio Sauri.ElmSite\ZJSAUD.ElmSubstat\E6(2).ElmTerm\Cub_1.StaCubic\ZJSA1E_ZITAGE-L2-7SA522.ElmRelay\Pol_Z1.RelZpol,0,SUR CERCANO,SUR,Expansión 345 kV,ZJSAUD,Pol_Z1
Pol_Z1b-Z2-Z5,,\VM-PF.IntUser\PDD 30-09-2025.IntPrj\Network Model.IntPrjfolder\Network Data.IntPrjfolder\Expansión 345 kV.ElmNet\Julio Sauri.ElmSite\ZJSAUD.ElmSubstat\E6(2).ElmTerm\Cub_1.StaCubic\ZJSA1E_ZITAGE-L2-7SA522.ElmRelay\Pol_Z1b-Z2-Z5.RelZpol,0,SUR CERCANO,SUR,Expansión 345 kV,ZJSAUD,Pol_Z1b-Z2-Z5
ZPol15,,\VM-PF.IntUser\PDD 30-09-2025.IntPrj\Network Model.IntPrjfolder\Network Data.IntPrjfolder\Expansión 345 kV.ElmNet\Julio Sauri.ElmSite\ZJSAUD.ElmSubstat\E6(2).ElmTerm\Cub_1.StaCubic\ZJSA1E_ZITAGE-L2-7SA522.ElmRelay\ZPol15.RelZpol,0,SUR CERCANO,SUR,Expansión 345 kV,ZJSAUD,ZPol15
Polarizing,,\VM-PF.IntUser\PDD 30-09-2025.IntPrj\Network Model.IntPrjfolder\Network Data.IntPrjfolder\Expansión 345 kV.ElmNet\Quisqueya.ElmSite\QUISQUEYA 2.ElmSubstat\7.ElmTerm\Cub_1.StaCubic\ZQU21D_ZPBLAD-L1-REL670.ElmRelay\Polarizing.RelZpol,0,ESTE CERCANO,ESTE,Expansión 345 kV,QUISQUEYA 2,Polarizing
Polarizing20,,\VM-PF.IntUser\PDD 30-09-2025.IntPrj\Network Model.IntPrjfolder\Network Data.IntPrjfolder\Expansión 345 kV.ElmNet\Quisqueya.ElmSite\QUISQUEYA 2.ElmSubstat\7.ElmTerm\Cub_1.StaCubic\ZQU21D_ZPBLAD-L1-REL670.ElmRelay\Polarizing20.RelZpol,0,ESTE CERCANO,ESTE,Expansión 345 kV,QUISQUEYA 2,Polarizing20
ZMH1 KN,,\VM-PF.IntUser\PDD 30-09-2025.IntPrj\Network Model.IntPrjfolder\Network Data.IntPrjfolder\Expansión 345 kV.ElmNet\Quisqueya.ElmSite\QUISQUEYA 2.ElmSubstat\7.ElmTerm\Cub_1.StaCubic\ZQU21D_ZPBLAD-L1-REL670.ElmRelay\ZMHPDIS.ElmRelay\ZMH1 KN.RelZpol,0,ESTE CERCANO,ESTE,Expansión 345 kV,QUISQUEYA 2,ZMH1 KN
ZMH2 KN,,\VM-PF.IntUser\PDD 30-09-2025.IntPrj\Network Model.IntPrjfolder\Network Data.IntPrjfolder\Expansión 345 kV.ElmNet\Quisqueya.ElmSite\QUISQUEYA 2.ElmSubstat\7.ElmTerm\Cub_1.StaCubic\ZQU21D_ZPBLAD-L1-REL670.ElmRelay\ZMHPDIS.ElmRelay\ZMH2 KN.RelZpol,0,ESTE CERCANO,ESTE,Expansión 345 kV,QUISQUEYA 2,ZMH2 KN
ZMH3 KN,,\VM-PF.IntUser\PDD 30-09-2025.IntPrj\Network Model.IntPrjfolder\Network Data.IntPrjfolder\Expansión 345 kV.ElmNet\Quisqueya.ElmSite\QUISQUEYA 2.ElmSubstat\7.ElmTerm\Cub_1.StaCubic\ZQU21D_ZPBLAD-L1-REL670.ElmRelay\ZMHPDIS.ElmRelay\ZMH3 KN.RelZpol,0,ESTE CERCANO,ESTE,Expansión 345 kV,QUISQUEYA 2,ZMH3 KN
ZMH4 KN,,\VM-PF.IntUser\PDD 30-09-2025.IntPrj\Network Model.IntPrjfolder\Network Data.IntPrjfolder\Expansión 345 kV.ElmNet\Quisqueya.ElmSite\QUISQUEYA 2.ElmSubstat\7.ElmTerm\Cub_1.StaCubic\ZQU21D_ZPBLAD-L1-REL670.ElmRelay\ZMHPDIS.ElmRelay\ZMH4 KN.RelZpol,0,ESTE CERCANO,ESTE,Expansión 345 kV,QUISQUEYA 2,ZMH4 KN
ZMH5 KN,,\VM-PF.IntUser\PDD 30-09-2025.IntPrj\Network Model.IntPrjfolder\Network Data.IntPrjfolder\Expansión 345 kV.ElmNet\Quisqueya.ElmSite\QUISQUEYA 2.ElmSubstat\7.ElmTerm\Cub_1.StaCubic\ZQU21D_ZPBLAD-L1-REL670.ElmRelay\ZMHPDIS.ElmRelay\ZMH5 KN.RelZpol,0,ESTE CERCANO,ESTE,Expansión 345 kV,QUISQUEYA 2,ZMH5 KN
Polarizing,,\VM-PF.IntUser\PDD 30-09-2025.IntPrj\Network Model.IntPrjfolder\Network Data.IntPrjfolder\Expansión 345 kV.ElmNet\Quisqueya.ElmSite\QUISQUEYA 2.ElmSubstat\7.ElmTerm\Cub_1.StaCubic\ZQU21D_ZPBLAD-L1-REL670.ElmRelay\SC Dir-Z.ElmRelay\Polarizing.RelZpol,0,ESTE CERCANO,ESTE,Expansión 345 kV,QUISQUEYA 2,Polarizing
Pol-Z,,\VM-PF.IntUser\PDD 30-09-2025.IntPrj\Network Model.IntPrjfolder\Network Data.IntPrjfolder\Expansión 345 kV.ElmNet\Quisqueya.ElmSite\QUISQUEYA 2.ElmSubstat\7.ElmTerm\Cub_1.StaCubic\ZQU21D_ZPBLAD-L1-SEL 311L.ElmRelay\Pol-Z.RelZpol,0,ESTE CERCANO,ESTE,Expansión 345 kV,QUISQUEYA 2,Pol-Z
Pol-Z 2-3-4,,\VM-PF.IntUser\PDD 30-09-2025.IntPrj\Network Model.IntPrjfolder\Network Data.IntPrjfolder\Expansión 345 kV.ElmNet\Quisqueya.ElmSite\QUISQUEYA 2.ElmSubstat\7.ElmTerm\Cub_1.StaCubic\ZQU21D_ZPBLAD-L1-SEL 311L.ElmRelay\Pol-Z 2-3-4.RelZpol,0,ESTE CERCANO,ESTE,Expansión 345 kV,QUISQUEYA 2,Pol-Z 2-3-4
Polarizing,,\VM-PF.IntUser\PDD 30-09-2025.IntPrj\Network Model.IntPrjfolder\Network Data.IntPrjfolder\Expansión 345 kV.ElmNet\Quisqueya.ElmSite\QUISQUEYA 1.ElmSubstat\4.ElmTerm\Cub_1.StaCubic\ZQU11D_ZPVDCD-L1-REL670.ElmRelay\Polarizing.RelZpol,0,ESTE CERCANO,ESTE,Expansión 345 kV,QUISQUEYA 1,Polarizing
Polarizing20,,\VM-PF.IntUser\PDD 30-09-2025.IntPrj\Network Model.IntPrjfolder\Network Data.IntPrjfolder\Expansión 345 kV.ElmNet\Quisqueya.ElmSite\QUISQUEYA 1.ElmSubstat\4.ElmTerm\Cub_1.StaCubic\ZQU11D_ZPVDCD-L1-REL670.ElmRelay\Polarizing20.RelZpol,0,ESTE CERCANO,ESTE,Expansión 345 kV,QUISQUEYA 1,Polarizing20
ZMH1 KN,,\VM-PF.IntUser\PDD 30-09-2025.IntPrj\Network Model.IntPrjfolder\Network Data.IntPrjfolder\Expansión 345 kV.ElmNet\Quisqueya.ElmSite\QUISQUEYA 1.ElmSubstat\4.ElmTerm\Cub_1.StaCubic\ZQU11D_ZPVDCD-L1-REL670.ElmRelay\ZMHPDIS.ElmRelay\ZMH1 KN.RelZpol,0,ESTE CERCANO,ESTE,Expansión 345 kV,QUISQUEYA 1,ZMH1 KN
ZMH2 KN,,\VM-PF.IntUser\PDD 30-09-2025.IntPrj\Network Model.IntPrjfolder\Network Data.IntPrjfolder\Expansión 345 kV.ElmNet\Quisqueya.ElmSite\QUISQUEYA 1.ElmSubstat\4.ElmTerm\Cub_1.StaCubic\ZQU11D_ZPVDCD-L1-REL670.ElmRelay\ZMHPDIS.ElmRelay\ZMH2 KN.RelZpol,0,ESTE CERCANO,ESTE,Expansión 345 kV,QUISQUEYA 1,ZMH2 KN
ZMH3 KN,,\VM-PF.IntUser\PDD 30-09-2025.IntPrj\Network Model.IntPrjfolder\Network Data.IntPrjfolder\Expansión 345 kV.ElmNet\Quisqueya.ElmSite\QUISQUEYA 1.ElmSubstat\4.ElmTerm\Cub_1.StaCubic\ZQU11D_ZPVDCD-L1-REL670.ElmRelay\ZMHPDIS.ElmRelay\ZMH3 KN.RelZpol,0,ESTE CERCANO,ESTE,Expansión 345 kV,QUISQUEYA 1,ZMH3 KN
ZMH4 KN,,\VM-PF.IntUser\PDD 30-09-2025.IntPrj\Network Model.IntPrjfolder\Network Data.IntPrjfolder\Expansión 345 kV.ElmNet\Quisqueya.ElmSite\QUISQUEYA 1.ElmSubstat\4.ElmTerm\Cub_1.StaCubic\ZQU11D_ZPVDCD-L1-REL670.ElmRelay\ZMHPDIS.ElmRelay\ZMH4 KN.RelZpol,0,ESTE CERCANO,ESTE,Expansión 345 kV,QUISQUEYA 1,ZMH4 KN
ZMH5 KN,,\VM-PF.IntUser\PDD 30-09-2025.IntPrj\Network Model.IntPrjfolder\Network Data.IntPrjfolder\Expansión 345 kV.ElmNet\Quisqueya.ElmSite\QUISQUEYA 1.ElmSubstat\4.ElmTerm\Cub_1.StaCubic\ZQU11D_ZPVDCD-L1-REL670.ElmRelay\ZMHPDIS.ElmRelay\ZMH5 KN.RelZpol,0,ESTE CERCANO,ESTE,Expansión 345 kV,QUISQUEYA 1,ZMH5 KN
Polarizing,,\VM-PF.IntUser\PDD 30-09-2025.IntPrj\Network Model.IntPrjfolder\Network Data.IntPrjfolder\Expansión 345 kV.ElmNet\Quisqueya.ElmSite\QUISQUEYA 1.ElmSubstat\4.ElmTerm\Cub_1.StaCubic\ZQU11D_ZPVDCD-L1-REL670.ElmRelay\SC Dir-Z.ElmRelay\Polarizing.RelZpol,0,ESTE CERCANO,ESTE,Expansión 345 kV,QUISQUEYA 1,Polarizing
Pol-Z,,\VM-PF.IntUser\PDD 30-09-2025.IntPrj\Network Model.IntPrjfolder\Network Data.IntPrjfolder\Expansión 345 kV.ElmNet\Quisqueya.ElmSite\QUISQUEYA 1.ElmSubstat\4.ElmTerm\Cub_1.StaCubic\ZQU11D_ZPVDCD-L1-SEL 311L.ElmRelay\Pol-Z.RelZpol,0,ESTE CERCANO,ESTE,Expansión 345 kV,QUISQUEYA 1,Pol-Z
Pol-Z 2-3-4,,\VM-PF.IntUser\PDD 30-09-2025.IntPrj\Network Model.IntPrjfolder\Network Data.IntPrjfolder\Expansión 345 kV.ElmNet\Quisqueya.ElmSite\QUISQUEYA 1.ElmSubstat\4.ElmTerm\Cub_1.StaCubic\ZQU11D_ZPVDCD-L1-SEL 311L.ElmRelay\Pol-Z 2-3-4.RelZpol,0,ESTE CERCANO,ESTE,Expansión 345 kV,QUISQUEYA 1,Pol-Z 2-3-4
Pol-Z,,\VM-PF.IntUser\PDD 30-09-2025.IntPrj\Network Model.IntPrjfolder\Network Data.IntPrjfolder\Expansión 345 kV.ElmNet\PVDC.ElmSite\ZPVDCD.ElmSubstat\L1.ElmTerm\Cub_1.StaCubic\ZPVDCD_ZPBLAD-L1-SEL 311L.ElmRelay\Pol-Z.RelZpol,0,CIBAO SUR,NORTE,Expansión 345 kV,ZPVDCD,Pol-Z
Pol-Z 2-3-4,,\VM-PF.IntUser\PDD 30-09-2025.IntPrj\Network Model.IntPrjfolder\Network Data.IntPrjfolder\Expansión 345 kV.ElmNet\PVDC.ElmSite\ZPVDCD.ElmSubstat\L1.ElmTerm\Cub_1.StaCubic\ZPVDCD_ZPBLAD-L1-SEL 311L.ElmRelay\Pol-Z 2-3-4.RelZpol,0,CIBAO SUR,NORTE,Expansión 345 kV,ZPVDCD,Pol-Z 2-3-4
Pol-Z,,\VM-PF.IntUser\PDD 30-09-2025.IntPrj\Network Model.IntPrjfolder\Network Data.IntPrjfolder\Expansión 345 kV.ElmNet\PVDC.ElmSite\ZPVDCD.ElmSubstat\R1.ElmTerm\Cub_1.StaCubic\ZPVDCD_ZQU11D-L1-SEL 311L.ElmRelay\Pol-Z.RelZpol,0,CIBAO SUR,NORTE,Expansión 345 kV,ZPVDCD,Pol-Z
Pol-Z 2-3-4,,\VM-PF.IntUser\PDD 30-09-2025.IntPrj\Network Model.IntPrjfolder\Network Data.IntPrjfolder\Expansión 345 kV.ElmNet\PVDC.ElmSite\ZPVDCD.ElmSubstat\R1.ElmTerm\Cub_1.StaCubic\ZPVDCD_ZQU11D-L1-SEL 311L.ElmRelay\Pol-Z 2-3-4.RelZpol,0,CIBAO SUR,NORTE,Expansión 345 kV,ZPVDCD,Pol-Z 2-3-4
Pol-Z,,\VM-PF.IntUser\PDD 30-09-2025.IntPrj\Network Model.IntPrjfolder\Network Data.IntPrjfolder\ESTE 138 kV.ElmNet\Sultana del Este.ElmSite\ZSESTE.ElmSubstat\5.ElmTerm\Cub_1.StaCubic\ZSESTE_ZSPBEE-L1-SEL 311L.ElmRelay\Pol-Z.RelZpol,0,ESTE CERCANO,ESTE,ESTE 138 kV,ZSESTE,Pol-Z
Pol-Z 2-3-4,,\VM-PF.IntUser\PDD 30-09-2025.IntPrj\Network Model.IntPrjfolder\Network Data.IntPrjfolder\ESTE 138 kV.ElmNet\Sultana del Este.ElmSite\ZSESTE.ElmSubstat\5.ElmTerm\Cub_1.StaCubic\ZSESTE_ZSPBEE-L1-SEL 311L.ElmRelay\Pol-Z 2-3-4.RelZpol,0,ESTE CERCANO,ESTE,ESTE 138 kV,ZSESTE,Pol-Z 2-3-4
Polarizing Z1,,\VM-PF.IntUser\PDD 30-09-2025.IntPrj\Network Model.IntPrjfolder\Network Data.IntPrjfolder\ESTE 138 kV.ElmNet\Sultana del Este.ElmSite\ZSESTE.ElmSubstat\5.ElmTerm\Cub_1.StaCubic\ZSESTE_ZSPBEE-L1-SEL 421.ElmRelay\Polarizing Z1.RelZpol,0,ESTE CERCANO,ESTE,ESTE 138 kV,ZSESTE,Polarizing Z1
Polarizing Z,,\VM-PF.IntUser\PDD 30-09-2025.IntPrj\Network Model.IntPrjfolder\Network Data.IntPrjfolder\ESTE 138 kV.ElmNet\Sultana del Este.ElmSite\ZSESTE.ElmSubstat\5.ElmTerm\Cub_1.StaCubic\ZSESTE_ZSPBEE-L1-SEL 421.ElmRelay\Polarizing Z.RelZpol,0,ESTE CERCANO,ESTE,ESTE 138 kV,ZSESTE,Polarizing Z
Pol_Z1,,\VM-PF.IntUser\PDD 30-09-2025.IntPrj\Network Model.IntPrjfolder\Network Data.IntPrjfolder\ESTE 138 kV.ElmNet\La Romana.ElmSite\ZLROME.ElmSubstat\1.ElmTerm\Cub_1.StaCubic\ZLROME_ZHIGUE-L1-7SD52.ElmRelay\Distance/Overcurrent/Voltage.ElmRelay\Pol_Z1.RelZpol,0,ESTE PROFUNDO,ESTE,ESTE 138 kV,ZLROME,Pol_Z1
Pol_Z1b-Z2-Z5,,\VM-PF.IntUser\PDD 30-09-2025.IntPrj\Network Model.IntPrjfolder\Network Data.IntPrjfolder\ESTE 138 kV.ElmNet\La Romana.ElmSite\ZLROME.ElmSubstat\1.ElmTerm\Cub_1.StaCubic\ZLROME_ZHIGUE-L1-7SD52.ElmRelay\Distance/Overcurrent/Voltage.ElmRelay\Pol_Z1b-Z2-Z5.RelZpol,0,ESTE PROFUNDO,ESTE,ESTE 138 kV,ZLROME,Pol_Z1b-Z2-Z5
Polarizing,,\VM-PF.IntUser\PDD 30-09-2025.IntPrj\Network Model.IntPrjfolder\Network Data.IntPrjfolder\ESTE 138 kV.ElmNet\La Romana.ElmSite\ZLROME.ElmSubstat\1.ElmTerm\Cub_1.StaCubic\ZLROME_ZHIGUE-L1-REL670.ElmRelay\Polarizing.RelZpol,0,ESTE PROFUNDO,ESTE,ESTE 138 kV,ZLROME,Polarizing
Polarizing20,,\VM-PF.IntUser\PDD 30-09-2025.IntPrj\Network Model.IntPrjfolder\Network Data.IntPrjfolder\ESTE 138 kV.ElmNet\La Romana.ElmSite\ZLROME.ElmSubstat\1.ElmTerm\Cub_1.StaCubic\ZLROME_ZHIGUE-L1-REL670.ElmRelay\Polarizing20.RelZpol,0,ESTE PROFUNDO,ESTE,ESTE 138 kV,ZLROME,Polarizing20
ZMH1 KN,,\VM-PF.IntUser\PDD 30-09-2025.IntPrj\Network Model.IntPrjfolder\Network Data.IntPrjfolder\ESTE 138 kV.ElmNet\La Romana.ElmSite\ZLROME.ElmSubstat\1.ElmTerm\Cub_1.StaCubic\ZLROME_ZHIGUE-L1-REL670.ElmRelay\ZMHPDIS.ElmRelay\ZMH1 KN.RelZpol,0,ESTE PROFUNDO,ESTE,ESTE 138 kV,ZLROME,ZMH1 KN
ZMH2 KN,,\VM-PF.IntUser\PDD 30-09-2025.IntPrj\Network Model.IntPrjfolder\Network Data.IntPrjfolder\ESTE 138 kV.ElmNet\La Romana.ElmSite\ZLROME.ElmSubstat\1.ElmTerm\Cub_1.StaCubic\ZLROME_ZHIGUE-L1-REL670.ElmRelay\ZMHPDIS.ElmRelay\ZMH2 KN.RelZpol,0,ESTE PROFUNDO,ESTE,ESTE 138 kV,ZLROME,ZMH2 KN
ZMH3 KN,,\VM-PF.IntUser\PDD 30-09-2025.IntPrj\Network Model.IntPrjfolder\Network Data.IntPrjfolder\ESTE 138 kV.ElmNet\La Romana.ElmSite\ZLROME.ElmSubstat\1.ElmTerm\Cub_1.StaCubic\ZLROME_ZHIGUE-L1-REL670.ElmRelay\ZMHPDIS.ElmRelay\ZMH3 KN.RelZpol,0,ESTE PROFUNDO,ESTE,ESTE 138 kV,ZLROME,ZMH3 KN
ZMH4 KN,,\VM-PF.IntUser\PDD 30-09-2025.IntPrj\Network Model.IntPrjfolder\Network Data.IntPrjfolder\ESTE 138 kV.ElmNet\La Romana.ElmSite\ZLROME.ElmSubstat\1.ElmTerm\Cub_1.StaCubic\ZLROME_ZHIGUE-L1-REL670.ElmRelay\ZMHPDIS.ElmRelay\ZMH4 KN.RelZpol,0,ESTE PROFUNDO,ESTE,ESTE 138 kV,ZLROME,ZMH4 KN
ZMH5 KN,,\VM-PF.IntUser\PDD 30-09-2025.IntPrj\Network Model.IntPrjfolder\Network Data.IntPrjfolder\ESTE 138 kV.ElmNet\La Romana.ElmSite\ZLROME.ElmSubstat\1.ElmTerm\Cub_1.StaCubic\ZLROME_ZHIGUE-L1-REL670.ElmRelay\ZMHPDIS.ElmRelay\ZMH5 KN.RelZpol,0,ESTE PROFUNDO,ESTE,ESTE 138 kV,ZLROME,ZMH5 KN
Polarizing,,\VM-PF.IntUser\PDD 30-09-2025.IntPrj\Network Model.IntPrjfolder\Network Data.IntPrjfolder\ESTE 138 kV.ElmNet\La Romana.ElmSite\ZLROME.ElmSubstat\1.ElmTerm\Cub_1.StaCubic\ZLROME_ZHIGUE-L1-REL670.ElmRelay\SC Dir-Z.ElmRelay\Polarizing.RelZpol,0,ESTE PROFUNDO,ESTE,ESTE 138 kV,ZLROME,Polarizing
Pol_Z1,,\VM-PF.IntUser\PDD 30-09-2025.IntPrj\Network Model.IntPrjfolder\Network Data.IntPrjfolder\ESTE 138 kV.ElmNet\La Romana.ElmSite\ZLROME.ElmSubstat\4.ElmTerm\Cub_1.StaCubic\ZLROME_ZSPMBE-L2-7SD52.ElmRelay\Distance/Overcurrent/Voltage.ElmRelay\Pol_Z1.RelZpol,0,ESTE PROFUNDO,ESTE,ESTE 138 kV,ZLROME,Pol_Z1
Pol_Z1b-Z2-Z5,,\VM-PF.IntUser\PDD 30-09-2025.IntPrj\Network Model.IntPrjfolder\Network Data.IntPrjfolder\ESTE 138 kV.ElmNet\La Romana.ElmSite\ZLROME.ElmSubstat\4.ElmTerm\Cub_1.StaCubic\ZLROME_ZSPMBE-L2-7SD52.ElmRelay\Distance/Overcurrent/Voltage.ElmRelay\Pol_Z1b-Z2-Z5.RelZpol,0,ESTE PROFUNDO,ESTE,ESTE 138 kV,ZLROME,Pol_Z1b-Z2-Z5
Polarizing,,\VM-PF.IntUser\PDD 30-09-2025.IntPrj\Network Model.IntPrjfolder\Network Data.IntPrjfolder\ESTE 138 kV.ElmNet\La Romana.ElmSite\ZLROME.ElmSubstat\4.ElmTerm\Cub_1.StaCubic\ZLROME_ZSPMBE-L2-REL670.ElmRelay\Polarizing.RelZpol,0,ESTE PROFUNDO,ESTE,ESTE 138 kV,ZLROME,Polarizing
Polarizing20,,\VM-PF.IntUser\PDD 30-09-2025.IntPrj\Network Model.IntPrjfolder\Network Data.IntPrjfolder\ESTE 138 kV.ElmNet\La Romana.ElmSite\ZLROME.ElmSubstat\4.ElmTerm\Cub_1.StaCubic\ZLROME_ZSPMBE-L2-REL670.ElmRelay\Polarizing20.RelZpol,0,ESTE PROFUNDO,ESTE,ESTE 138 kV,ZLROME,Polarizing20
ZMH1 KN,,\VM-PF.IntUser\PDD 30-09-2025.IntPrj\Network Model.IntPrjfolder\Network Data.IntPrjfolder\ESTE 138 kV.ElmNet\La Romana.ElmSite\ZLROME.ElmSubstat\4.ElmTerm\Cub_1.StaCubic\ZLROME_ZSPMBE-L2-REL670.ElmRelay\ZMHPDIS.ElmRelay\ZMH1 KN.RelZpol,0,ESTE PROFUNDO,ESTE,ESTE 138 kV,ZLROME,ZMH1 KN
ZMH2 KN,,\VM-PF.IntUser\PDD 30-09-2025.IntPrj\Network Model.IntPrjfolder\Network Data.IntPrjfolder\ESTE 138 kV.ElmNet\La Romana.ElmSite\ZLROME.ElmSubstat\4.ElmTerm\Cub_1.StaCubic\ZLROME_ZSPMBE-L2-REL670.ElmRelay\ZMHPDIS.ElmRelay\ZMH2 KN.RelZpol,0,ESTE PROFUNDO,ESTE,ESTE 138 kV,ZLROME,ZMH2 KN
ZMH3 KN,,\VM-PF.IntUser\PDD 30-09-2025.IntPrj\Network Model.IntPrjfolder\Network Data.IntPrjfolder\ESTE 138 kV.ElmNet\La Romana.ElmSite\ZLROME.ElmSubstat\4.ElmTerm\Cub_1.StaCubic\ZLROME_ZSPMBE-L2-REL670.ElmRelay\ZMHPDIS.ElmRelay\ZMH3 KN.RelZpol,0,ESTE PROFUNDO,ESTE,ESTE 138 kV,ZLROME,ZMH3 KN
ZMH4 KN,,\VM-PF.IntUser\PDD 30-09-2025.IntPrj\Network Model.IntPrjfolder\Network Data.IntPrjfolder\ESTE 138 kV.ElmNet\La Romana.ElmSite\ZLROME.ElmSubstat\4.ElmTerm\Cub_1.StaCubic\ZLROME_ZSPMBE-L2-REL670.ElmRelay\ZMHPDIS.ElmRelay\ZMH4 KN.RelZpol,0,ESTE PROFUNDO,ESTE,ESTE 138 kV,ZLROME,ZMH4 KN
ZMH5 KN,,\VM-PF.IntUser\PDD 30-09-2025.IntPrj\Network Model.IntPrjfolder\Network Data.IntPrjfolder\ESTE 138 kV.ElmNet\La Romana.ElmSite\ZLROME.ElmSubstat\4.ElmTerm\Cub_1.StaCubic\ZLROME_ZSPMBE-L2-REL670.ElmRelay\ZMHPDIS.ElmRelay\ZMH5 KN.RelZpol,0,ESTE PROFUNDO,ESTE,ESTE 138 kV,ZLROME,ZMH5 KN
Polarizing,,\VM-PF.IntUser\PDD 30-09-2025.IntPrj\Network Model.IntPrjfolder\Network Data.IntPrjfolder\ESTE 138 kV.ElmNet\La Romana.ElmSite\ZLROME.ElmSubstat\4.ElmTerm\Cub_1.StaCubic\ZLROME_ZSPMBE-L2-REL670.ElmRelay\SC Dir-Z.ElmRelay\Polarizing.RelZpol,0,ESTE PROFUNDO,ESTE,ESTE 138 kV,ZLROME,Polarizing
Pol_Z1,,\VM-PF.IntUser\PDD 30-09-2025.IntPrj\Network Model.IntPrjfolder\Network Data.IntPrjfolder\ESTE 138 kV.ElmNet\La Romana.ElmSite\ZLROME.ElmSubstat\5.ElmTerm\Cub_1.StaCubic\ZLROME_ZSPMBE-L1-7SD52.ElmRelay\Distance/Overcurrent/Voltage.ElmRelay\Pol_Z1.RelZpol,0,ESTE PROFUNDO,ESTE,ESTE 138 kV,ZLROME,Pol_Z1
Pol_Z1b-Z2-Z5,,\VM-PF.IntUser\PDD 30-09-2025.IntPrj\Network Model.IntPrjfolder\Network Data.IntPrjfolder\ESTE 138 kV.ElmNet\La Romana.ElmSite\ZLROME.ElmSubstat\5.ElmTerm\Cub_1.StaCubic\ZLROME_ZSPMBE-L1-7SD52.ElmRelay\Distance/Overcurrent/Voltage.ElmRelay\Pol_Z1b-Z2-Z5.RelZpol,0,ESTE PROFUNDO,ESTE,ESTE 138 kV,ZLROME,Pol_Z1b-Z2-Z5
Polarizing,,\VM-PF.IntUser\PDD 30-09-2025.IntPrj\Network Model.IntPrjfolder\Network Data.IntPrjfolder\ESTE 138 kV.ElmNet\La Romana.ElmSite\ZLROME.ElmSubstat\5.ElmTerm\Cub_1.StaCubic\ZLROME_ZSPMBE-L1-REL670.ElmRelay\Polarizing.RelZpol,0,ESTE PROFUNDO,ESTE,ESTE 138 kV,ZLROME,Polarizing
Polarizing20,,\VM-PF.IntUser\PDD 30-09-2025.IntPrj\Network Model.IntPrjfolder\Network Data.IntPrjfolder\ESTE 138 kV.ElmNet\La Romana.ElmSite\ZLROME.ElmSubstat\5.ElmTerm\Cub_1.StaCubic\ZLROME_ZSPMBE-L1-REL670.ElmRelay\Polarizing20.RelZpol,0,ESTE PROFUNDO,ESTE,ESTE 138 kV,ZLROME,Polarizing20
ZMH1 KN,,\VM-PF.IntUser\PDD 30-09-2025.IntPrj\Network Model.IntPrjfolder\Network Data.IntPrjfolder\ESTE 138 kV.ElmNet\La Romana.ElmSite\ZLROME.ElmSubstat\5.ElmTerm\Cub_1.StaCubic\ZLROME_ZSPMBE-L1-REL670.ElmRelay\ZMHPDIS.ElmRelay\ZMH1 KN.RelZpol,0,ESTE PROFUNDO,ESTE,ESTE 138 kV,ZLROME,ZMH1 KN
ZMH2 KN,,\VM-PF.IntUser\PDD 30-09-2025.IntPrj\Network Model.IntPrjfolder\Network Data.IntPrjfolder\ESTE 138 kV.ElmNet\La Romana.ElmSite\ZLROME.ElmSubstat\5.ElmTerm\Cub_1.StaCubic\ZLROME_ZSPMBE-L1-REL670.ElmRelay\ZMHPDIS.ElmRelay\ZMH2 KN.RelZpol,0,ESTE PROFUNDO,ESTE,ESTE 138 kV,ZLROME,ZMH2 KN
ZMH3 KN,,\VM-PF.IntUser\PDD 30-09-2025.IntPrj\Network Model.IntPrjfolder\Network Data.IntPrjfolder\ESTE 138 kV.ElmNet\La Romana.ElmSite\ZLROME.ElmSubstat\5.ElmTerm\Cub_1.StaCubic\ZLROME_ZSPMBE-L1-REL670.ElmRelay\ZMHPDIS.ElmRelay\ZMH3 KN.RelZpol,0,ESTE PROFUNDO,ESTE,ESTE 138 kV,ZLROME,ZMH3 KN
ZMH4 KN,,\VM-PF.IntUser\PDD 30-09-2025.IntPrj\Network Model.IntPrjfolder\Network Data.IntPrjfolder\ESTE 138 kV.ElmNet\La Romana.ElmSite\ZLROME.ElmSubstat\5.ElmTerm\Cub_1.StaCubic\ZLROME_ZSPMBE-L1-REL670.ElmRelay\ZMHPDIS.ElmRelay\ZMH4 KN.RelZpol,0,ESTE PROFUNDO,ESTE,ESTE 138 kV,ZLROME,ZMH4 KN
ZMH5 KN,,\VM-PF.IntUser\PDD 30-09-2025.IntPrj\Network Model.IntPrjfolder\Network Data.IntPrjfolder\ESTE 138 kV.ElmNet\La Romana.ElmSite\ZLROME.ElmSubstat\5.ElmTerm\Cub_1.StaCubic\ZLROME_ZSPMBE-L1-REL670.ElmRelay\ZMHPDIS.ElmRelay\ZMH5 KN.RelZpol,0,ESTE PROFUNDO,ESTE,ESTE 138 kV,ZLROME,ZMH5 KN
Polarizing,,\VM-PF.IntUser\PDD 30-09-2025.IntPrj\Network Model.IntPrjfolder\Network Data.IntPrjfolder\ESTE 138 kV.ElmNet\La Romana.ElmSite\ZLROME.ElmSubstat\5.ElmTerm\Cub_1.StaCubic\ZLROME_ZSPMBE-L1-REL670.ElmRelay\SC Dir-Z.ElmRelay\Polarizing.RelZpol,0,ESTE PROFUNDO,ESTE,ESTE 138 kV,ZLROME,Polarizing
Pol_Z1,,\VM-PF.IntUser\PDD 30-09-2025.IntPrj\Network Model.IntPrjfolder\Network Data.IntPrjfolder\ESTE 138 kV.ElmNet\La Romana.ElmSite\ZLROME.ElmSubstat\6(1).ElmTerm\Cub_1.StaCubic\ZLROME_ZSPMBE-L2-7SD52.ElmRelay\Distance/Overcurrent/Voltage.ElmRelay\Pol_Z1.RelZpol,0,ESTE PROFUNDO,ESTE,ESTE 138 kV,ZLROME,Pol_Z1
Pol_Z1b-Z2-Z5,,\VM-PF.IntUser\PDD 30-09-2025.IntPrj\Network Model.IntPrjfolder\Network Data.IntPrjfolder\ESTE 138 kV.ElmNet\La Romana.ElmSite\ZLROME.ElmSubstat\6(1).ElmTerm\Cub_1.StaCubic\ZLROME_ZSPMBE-L2-7SD52.ElmRelay\Distance/Overcurrent/Voltage.ElmRelay\Pol_Z1b-Z2-Z5.RelZpol,0,ESTE PROFUNDO,ESTE,ESTE 138 kV,ZLROME,Pol_Z1b-Z2-Z5
Polarizing,,\VM-PF.IntUser\PDD 30-09-2025.IntPrj\Network Model.IntPrjfolder\Network Data.IntPrjfolder\ESTE 138 kV.ElmNet\La Romana.ElmSite\ZLROME.ElmSubstat\6(1).ElmTerm\Cub_1.StaCubic\ZLROME_ZSPMBE-L2-REL670.ElmRelay\Polarizing.RelZpol,0,ESTE PROFUNDO,ESTE,ESTE 138 kV,ZLROME,Polarizing
Polarizing20,,\VM-PF.IntUser\PDD 30-09-2025.IntPrj\Network Model.IntPrjfolder\Network Data.IntPrjfolder\ESTE 138 kV.ElmNet\La Romana.ElmSite\ZLROME.ElmSubstat\6(1).ElmTerm\Cub_1.StaCubic\ZLROME_ZSPMBE-L2-REL670.ElmRelay\Polarizing20.RelZpol,0,ESTE PROFUNDO,ESTE,ESTE 138 kV,ZLROME,Polarizing20
ZMH1 KN,,\VM-PF.IntUser\PDD 30-09-2025.IntPrj\Network Model.IntPrjfolder\Network Data.IntPrjfolder\ESTE 138 kV.ElmNet\La Romana.ElmSite\ZLROME.ElmSubstat\6(1).ElmTerm\Cub_1.StaCubic\ZLROME_ZSPMBE-L2-REL670.ElmRelay\ZMHPDIS.ElmRelay\ZMH1 KN.RelZpol,0,ESTE PROFUNDO,ESTE,ESTE 138 kV,ZLROME,ZMH1 KN
ZMH2 KN,,\VM-PF.IntUser\PDD 30-09-2025.IntPrj\Network Model.IntPrjfolder\Network Data.IntPrjfolder\ESTE 138 kV.ElmNet\La Romana.ElmSite\ZLROME.ElmSubstat\6(1).ElmTerm\Cub_1.StaCubic\ZLROME_ZSPMBE-L2-REL670.ElmRelay\ZMHPDIS.ElmRelay\ZMH2 KN.RelZpol,0,ESTE PROFUNDO,ESTE,ESTE 138 kV,ZLROME,ZMH2 KN
ZMH3 KN,,\VM-PF.IntUser\PDD 30-09-2025.IntPrj\Network Model.IntPrjfolder\Network Data.IntPrjfolder\ESTE 138 kV.ElmNet\La Romana.ElmSite\ZLROME.ElmSubstat\6(1).ElmTerm\Cub_1.StaCubic\ZLROME_ZSPMBE-L2-REL670.ElmRelay\ZMHPDIS.ElmRelay\ZMH3 KN.RelZpol,0,ESTE PROFUNDO,ESTE,ESTE 138 kV,ZLROME,ZMH3 KN
ZMH4 KN,,\VM-PF.IntUser\PDD 30-09-2025.IntPrj\Network Model.IntPrjfolder\Network Data.IntPrjfolder\ESTE 138 kV.ElmNet\La Romana.ElmSite\ZLROME.ElmSubstat\6(1).ElmTerm\Cub_1.StaCubic\ZLROME_ZSPMBE-L2-REL670.ElmRelay\ZMHPDIS.ElmRelay\ZMH4 KN.RelZpol,0,ESTE PROFUNDO,ESTE,ESTE 138 kV,ZLROME,ZMH4 KN
ZMH5 KN,,\VM-PF.IntUser\PDD 30-09-2025.IntPrj\Network Model.IntPrjfolder\Network Data.IntPrjfolder\ESTE 138 kV.ElmNet\La Romana.ElmSite\ZLROME.ElmSubstat\6(1).ElmTerm\Cub_1.StaCubic\ZLROME_ZSPMBE-L2-REL670.ElmRelay\ZMHPDIS.ElmRelay\ZMH5 KN.RelZpol,0,ESTE PROFUNDO,ESTE,ESTE 138 kV,ZLROME,ZMH5 KN
Polarizing,,\VM-PF.IntUser\PDD 30-09-2025.IntPrj\Network Model.IntPrjfolder\Network Data.IntPrjfolder\ESTE 138 kV.ElmNet\La Romana.ElmSite\ZLROME.ElmSubstat\6(1).ElmTerm\Cub_1.StaCubic\ZLROME_ZSPMBE-L2-REL670.ElmRelay\SC Dir-Z.ElmRelay\Polarizing.RelZpol,0,ESTE PROFUNDO,ESTE,ESTE 138 kV,ZLROME,Polarizing
Pol_Z1,,\VM-PF.IntUser\PDD 30-09-2025.IntPrj\Network Model.IntPrjfolder\Network Data.IntPrjfolder\ESTE 138 kV.ElmNet\CEMEX.ElmSite\ZCEMEE.ElmSubstat\WCEMEE(2).ElmTerm\WBCEMEE(2).StaCubic\ZCEMEE_ZSPM2E-L1-7SD52.ElmRelay\Distance/Overcurrent/Voltage.ElmRelay\Pol_Z1.RelZpol,0,ESTE CERCANO,ESTE,ESTE 138 kV,ZCEMEE,Pol_Z1
Pol_Z1b-Z2-Z5,,\VM-PF.IntUser\PDD 30-09-2025.IntPrj\Network Model.IntPrjfolder\Network Data.IntPrjfolder\ESTE 138 kV.ElmNet\CEMEX.ElmSite\ZCEMEE.ElmSubstat\WCEMEE(2).ElmTerm\WBCEMEE(2).StaCubic\ZCEMEE_ZSPM2E-L1-7SD52.ElmRelay\Distance/Overcurrent/Voltage.ElmRelay\Pol_Z1b-Z2-Z5.RelZpol,0,ESTE CERCANO,ESTE,ESTE 138 kV,ZCEMEE,Pol_Z1b-Z2-Z5
Polarizing,,\VM-PF.IntUser\PDD 30-09-2025.IntPrj\Network Model.IntPrjfolder\Network Data.IntPrjfolder\ESTE 138 kV.ElmNet\Los Orígenes.ElmSite\ZLORIE.ElmSubstat\1.ElmTerm\Cub_1.StaCubic\ZLORIE_ZSPM2E-L1-7SA511.ElmRelay\Polarizing.RelZpol,0,ESTE CERCANO,ESTE,ESTE 138 kV,ZLORIE,Polarizing
Pol_Z1,,\VM-PF.IntUser\PDD 30-09-2025.IntPrj\Network Model.IntPrjfolder\Network Data.IntPrjfolder\ESTE 138 kV.ElmNet\Los Orígenes.ElmSite\ZLORIE.ElmSubstat\1.ElmTerm\Cub_1.StaCubic\ZLORIE_ZSPM2E-L1-7SD52.ElmRelay\Distance/Overcurrent/Voltage.ElmRelay\Pol_Z1.RelZpol,0,ESTE CERCANO,ESTE,ESTE 138 kV,ZLORIE,Pol_Z1
Pol_Z1b-Z2-Z5,,\VM-PF.IntUser\PDD 30-09-2025.IntPrj\Network Model.IntPrjfolder\Network Data.IntPrjfolder\ESTE 138 kV.ElmNet\Los Orígenes.ElmSite\ZLORIE.ElmSubstat\1.ElmTerm\Cub_1.StaCubic\ZLORIE_ZSPM2E-L1-7SD52.ElmRelay\Distance/Overcurrent/Voltage.ElmRelay\Pol_Z1b-Z2-Z5.RelZpol,0,ESTE CERCANO,ESTE,ESTE 138 kV,ZLORIE,Pol_Z1b-Z2-Z5
Polarizing,,\VM-PF.IntUser\PDD 30-09-2025.IntPrj\Network Model.IntPrjfolder\Network Data.IntPrjfolder\ESTE 138 kV.ElmNet\Los Orígenes.ElmSite\ZLORIE.ElmSubstat\2.ElmTerm\Cub_1.StaCubic\ZLORIE_ZXLO1E-L1-RED670.ElmRelay\Polarizing.RelZpol,0,ESTE CERCANO,ESTE,ESTE 138 kV,ZLORIE,Polarizing
Polarizing20,,\VM-PF.IntUser\PDD 30-09-2025.IntPrj\Network Model.IntPrjfolder\Network Data.IntPrjfolder\ESTE 138 kV.ElmNet\Los Orígenes.ElmSite\ZLORIE.ElmSubstat\2.ElmTerm\Cub_1.StaCubic\ZLORIE_ZXLO1E-L1-RED670.ElmRelay\Polarizing20.RelZpol,0,ESTE CERCANO,ESTE,ESTE 138 kV,ZLORIE,Polarizing20
ZMH1 KN,,\VM-PF.IntUser\PDD 30-09-2025.IntPrj\Network Model.IntPrjfolder\Network Data.IntPrjfolder\ESTE 138 kV.ElmNet\Los Orígenes.ElmSite\ZLORIE.ElmSubstat\2.ElmTerm\Cub_1.StaCubic\ZLORIE_ZXLO1E-L1-RED670.ElmRelay\ZMHPDIS.ElmRelay\ZMH1 KN.RelZpol,0,ESTE CERCANO,ESTE,ESTE 138 kV,ZLORIE,ZMH1 KN
ZMH2 KN,,\VM-PF.IntUser\PDD 30-09-2025.IntPrj\Network Model.IntPrjfolder\Network Data.IntPrjfolder\ESTE 138 kV.ElmNet\Los Orígenes.ElmSite\ZLORIE.ElmSubstat\2.ElmTerm\Cub_1.StaCubic\ZLORIE_ZXLO1E-L1-RED670.ElmRelay\ZMHPDIS.ElmRelay\ZMH2 KN.RelZpol,0,ESTE CERCANO,ESTE,ESTE 138 kV,ZLORIE,ZMH2 KN
ZMH3 KN,,\VM-PF.IntUser\PDD 30-09-2025.IntPrj\Network Model.IntPrjfolder\Network Data.IntPrjfolder\ESTE 138 kV.ElmNet\Los Orígenes.ElmSite\ZLORIE.ElmSubstat\2.ElmTerm\Cub_1.StaCubic\ZLORIE_ZXLO1E-L1-RED670.ElmRelay\ZMHPDIS.ElmRelay\ZMH3 KN.RelZpol,0,ESTE CERCANO,ESTE,ESTE 138 kV,ZLORIE,ZMH3 KN
ZMH4 KN,,\VM-PF.IntUser\PDD 30-09-2025.IntPrj\Network Model.IntPrjfolder\Network Data.IntPrjfolder\ESTE 138 kV.ElmNet\Los Orígenes.ElmSite\ZLORIE.ElmSubstat\2.ElmTerm\Cub_1.StaCubic\ZLORIE_ZXLO1E-L1-RED670.ElmRelay\ZMHPDIS.ElmRelay\ZMH4 KN.RelZpol,0,ESTE CERCANO,ESTE,ESTE 138 kV,ZLORIE,ZMH4 KN
ZMH5 KN,,\VM-PF.IntUser\PDD 30-09-2025.IntPrj\Network Model.IntPrjfolder\Network Data.IntPrjfolder\ESTE 138 kV.ElmNet\Los Orígenes.ElmSite\ZLORIE.ElmSubstat\2.ElmTerm\Cub_1.StaCubic\ZLORIE_ZXLO1E-L1-RED670.ElmRelay\ZMHPDIS.ElmRelay\ZMH5 KN.RelZpol,0,ESTE CERCANO,ESTE,ESTE 138 kV,ZLORIE,ZMH5 KN
Polarizing,,\VM-PF.IntUser\PDD 30-09-2025.IntPrj\Network Model.IntPrjfolder\Network Data.IntPrjfolder\ESTE 138 kV.ElmNet\Los Orígenes.ElmSite\ZLORIE.ElmSubstat\2.ElmTerm\Cub_1.StaCubic\ZLORIE_ZXLO1E-L1-RED670.ElmRelay\SC Dir-Z.ElmRelay\Polarizing.RelZpol,0,ESTE CERCANO,ESTE,ESTE 138 kV,ZLORIE,Polarizing
Polarizing,,\VM-PF.IntUser\PDD 30-09-2025.IntPrj\Network Model.IntPrjfolder\Network Data.IntPrjfolder\ESTE 138 kV.ElmNet\Tap 1 Los Orígenes.ElmTerm\Cub_3.StaCubic\ZLORIE_ZSPMAE-L1-RED670.ElmRelay\Polarizing.RelZpol,0,ESTE CERCANO,ESTE,ESTE 138 kV,,Polarizing
Polarizing20,,\VM-PF.IntUser\PDD 30-09-2025.IntPrj\Network Model.IntPrjfolder\Network Data.IntPrjfolder\ESTE 138 kV.ElmNet\Tap 1 Los Orígenes.ElmTerm\Cub_3.StaCubic\ZLORIE_ZSPMAE-L1-RED670.ElmRelay\Polarizing20.RelZpol,0,ESTE CERCANO,ESTE,ESTE 138 kV,,Polarizing20
ZMH1 KN,,\VM-PF.IntUser\PDD 30-09-2025.IntPrj\Network Model.IntPrjfolder\Network Data.IntPrjfolder\ESTE 138 kV.ElmNet\Tap 1 Los Orígenes.ElmTerm\Cub_3.StaCubic\ZLORIE_ZSPMAE-L1-RED670.ElmRelay\ZMHPDIS.ElmRelay\ZMH1 KN.RelZpol,0,ESTE CERCANO,ESTE,ESTE 138 kV,,ZMH1 KN
ZMH2 KN,,\VM-PF.IntUser\PDD 30-09-2025.IntPrj\Network Model.IntPrjfolder\Network Data.IntPrjfolder\ESTE 138 kV.ElmNet\Tap 1 Los Orígenes.ElmTerm\Cub_3.StaCubic\ZLORIE_ZSPMAE-L1-RED670.ElmRelay\ZMHPDIS.ElmRelay\ZMH2 KN.RelZpol,0,ESTE CERCANO,ESTE,ESTE 138 kV,,ZMH2 KN
ZMH3 KN,,\VM-PF.IntUser\PDD 30-09-2025.IntPrj\Network Model.IntPrjfolder\Network Data.IntPrjfolder\ESTE 138 kV.ElmNet\Tap 1 Los Orígenes.ElmTerm\Cub_3.StaCubic\ZLORIE_ZSPMAE-L1-RED670.ElmRelay\ZMHPDIS.ElmRelay\ZMH3 KN.RelZpol,0,ESTE CERCANO,ESTE,ESTE 138 kV,,ZMH3 KN
ZMH4 KN,,\VM-PF.IntUser\PDD 30-09-2025.IntPrj\Network Model.IntPrjfolder\Network Data.IntPrjfolder\ESTE 138 kV.ElmNet\Tap 1 Los Orígenes.ElmTerm\Cub_3.StaCubic\ZLORIE_ZSPMAE-L1-RED670.ElmRelay\ZMHPDIS.ElmRelay\ZMH4 KN.RelZpol,0,ESTE CERCANO,ESTE,ESTE 138 kV,,ZMH4 KN
ZMH5 KN,,\VM-PF.IntUser\PDD 30-09-2025.IntPrj\Network Model.IntPrjfolder\Network Data.IntPrjfolder\ESTE 138 kV.ElmNet\Tap 1 Los Orígenes.ElmTerm\Cub_3.StaCubic\ZLORIE_ZSPMAE-L1-RED670.ElmRelay\ZMHPDIS.ElmRelay\ZMH5 KN.RelZpol,0,ESTE CERCANO,ESTE,ESTE 138 kV,,ZMH5 KN
Polarizing,,\VM-PF.IntUser\PDD 30-09-2025.IntPrj\Network Model.IntPrjfolder\Network Data.IntPrjfolder\ESTE 138 kV.ElmNet\Tap 1 Los Orígenes.ElmTerm\Cub_3.StaCubic\ZLORIE_ZSPMAE-L1-RED670.ElmRelay\SC Dir-Z.ElmRelay\Polarizing.RelZpol,0,ESTE CERCANO,ESTE,ESTE 138 kV,,Polarizing
Pol-Z,,\VM-PF.IntUser\PDD 30-09-2025.IntPrj\Network Model.IntPrjfolder\Network Data.IntPrjfolder\ESTE 138 kV.ElmNet\ZCLUIE.ElmSubstat\E1.ElmTerm\Cub_1.StaCubic\ZCLUIE_ZAAINE-L1-SEL 311C.ElmRelay\Pol-Z.RelZpol,0,ESTE CERCANO,ESTE,ESTE 138 kV,ZCLUIE,Pol-Z
Pol-Z 2-3-4,,\VM-PF.IntUser\PDD 30-09-2025.IntPrj\Network Model.IntPrjfolder\Network Data.IntPrjfolder\ESTE 138 kV.ElmNet\ZCLUIE.ElmSubstat\E1.ElmTerm\Cub_1.StaCubic\ZCLUIE_ZAAINE-L1-SEL 311C.ElmRelay\Pol-Z 2-3-4.RelZpol,0,ESTE CERCANO,ESTE,ESTE 138 kV,ZCLUIE,Pol-Z 2-3-4
Polarizing,,\VM-PF.IntUser\PDD 30-09-2025.IntPrj\Network Model.IntPrjfolder\Network Data.IntPrjfolder\ESTE 138 kV.ElmNet\ZCLUIE.ElmSubstat\E1.ElmTerm\Cub_1.StaCubic\ZCLUIE_ZAAINE-L1-REL670.ElmRelay\Polarizing.RelZpol,0,ESTE CERCANO,ESTE,ESTE 138 kV,ZCLUIE,Polarizing
Polarizing20,,\VM-PF.IntUser\PDD 30-09-2025.IntPrj\Network Model.IntPrjfolder\Network Data.IntPrjfolder\ESTE 138 kV.ElmNet\ZCLUIE.ElmSubstat\E1.ElmTerm\Cub_1.StaCubic\ZCLUIE_ZAAINE-L1-REL670.ElmRelay\Polarizing20.RelZpol,0,ESTE CERCANO,ESTE,ESTE 138 kV,ZCLUIE,Polarizing20
ZMH1 KN,,\VM-PF.IntUser\PDD 30-09-2025.IntPrj\Network Model.IntPrjfolder\Network Data.IntPrjfolder\ESTE 138 kV.ElmNet\ZCLUIE.ElmSubstat\E1.ElmTerm\Cub_1.StaCubic\ZCLUIE_ZAAINE-L1-REL670.ElmRelay\ZMHPDIS.ElmRelay\ZMH1 KN.RelZpol,0,ESTE CERCANO,ESTE,ESTE 138 kV,ZCLUIE,ZMH1 KN
ZMH2 KN,,\VM-PF.IntUser\PDD 30-09-2025.IntPrj\Network Model.IntPrjfolder\Network Data.IntPrjfolder\ESTE 138 kV.ElmNet\ZCLUIE.ElmSubstat\E1.ElmTerm\Cub_1.StaCubic\ZCLUIE_ZAAINE-L1-REL670.ElmRelay\ZMHPDIS.ElmRelay\ZMH2 KN.RelZpol,0,ESTE CERCANO,ESTE,ESTE 138 kV,ZCLUIE,ZMH2 KN
ZMH3 KN,,\VM-PF.IntUser\PDD 30-09-2025.IntPrj\Network Model.IntPrjfolder\Network Data.IntPrjfolder\ESTE 138 kV.ElmNet\ZCLUIE.ElmSubstat\E1.ElmTerm\Cub_1.StaCubic\ZCLUIE_ZAAINE-L1-REL670.ElmRelay\ZMHPDIS.ElmRelay\ZMH3 KN.RelZpol,0,ESTE CERCANO,ESTE,ESTE 138 kV,ZCLUIE,ZMH3 KN
ZMH4 KN,,\VM-PF.IntUser\PDD 30-09-2025.IntPrj\Network Model.IntPrjfolder\Network Data.IntPrjfolder\ESTE 138 kV.ElmNet\ZCLUIE.ElmSubstat\E1.ElmTerm\Cub_1.StaCubic\ZCLUIE_ZAAINE-L1-REL670.ElmRelay\ZMHPDIS.ElmRelay\ZMH4 KN.RelZpol,0,ESTE CERCANO,ESTE,ESTE 138 kV,ZCLUIE,ZMH4 KN
ZMH5 KN,,\VM-PF.IntUser\PDD 30-09-2025.IntPrj\Network Model.IntPrjfolder\Network Data.IntPrjfolder\ESTE 138 kV.ElmNet\ZCLUIE.ElmSubstat\E1.ElmTerm\Cub_1.StaCubic\ZCLUIE_ZAAINE-L1-REL670.ElmRelay\ZMHPDIS.ElmRelay\ZMH5 KN.RelZpol,0,ESTE CERCANO,ESTE,ESTE 138 kV,ZCLUIE,ZMH5 KN
Polarizing,,\VM-PF.IntUser\PDD 30-09-2025.IntPrj\Network Model.IntPrjfolder\Network Data.IntPrjfolder\ESTE 138 kV.ElmNet\ZCLUIE.ElmSubstat\E1.ElmTerm\Cub_1.StaCubic\ZCLUIE_ZAAINE-L1-REL670.ElmRelay\SC Dir-Z.ElmRelay\Polarizing.RelZpol,0,ESTE CERCANO,ESTE,ESTE 138 kV,ZCLUIE,Polarizing
Polarizing,,\VM-PF.IntUser\PDD 30-09-2025.IntPrj\Network Model.IntPrjfolder\Network Data.IntPrjfolder\ESTE 138 kV.ElmNet\ZCLUIE.ElmSubstat\E2.ElmTerm\Cub_1.StaCubic\ZCLUIE_ZSPM2E-L1-REL670.ElmRelay\Polarizing.RelZpol,0,ESTE CERCANO,ESTE,ESTE 138 kV,ZCLUIE,Polarizing
Polarizing20,,\VM-PF.IntUser\PDD 30-09-2025.IntPrj\Network Model.IntPrjfolder\Network Data.IntPrjfolder\ESTE 138 kV.ElmNet\ZCLUIE.ElmSubstat\E2.ElmTerm\Cub_1.StaCubic\ZCLUIE_ZSPM2E-L1-REL670.ElmRelay\Polarizing20.RelZpol,0,ESTE CERCANO,ESTE,ESTE 138 kV,ZCLUIE,Polarizing20
ZMH1 KN,,\VM-PF.IntUser\PDD 30-09-2025.IntPrj\Network Model.IntPrjfolder\Network Data.IntPrjfolder\ESTE 138 kV.ElmNet\ZCLUIE.ElmSubstat\E2.ElmTerm\Cub_1.StaCubic\ZCLUIE_ZSPM2E-L1-REL670.ElmRelay\ZMHPDIS.ElmRelay\ZMH1 KN.RelZpol,0,ESTE CERCANO,ESTE,ESTE 138 kV,ZCLUIE,ZMH1 KN
ZMH2 KN,,\VM-PF.IntUser\PDD 30-09-2025.IntPrj\Network Model.IntPrjfolder\Network Data.IntPrjfolder\ESTE 138 kV.ElmNet\ZCLUIE.ElmSubstat\E2.ElmTerm\Cub_1.StaCubic\ZCLUIE_ZSPM2E-L1-REL670.ElmRelay\ZMHPDIS.ElmRelay\ZMH2 KN.RelZpol,0,ESTE CERCANO,ESTE,ESTE 138 kV,ZCLUIE,ZMH2 KN
ZMH3 KN,,\VM-PF.IntUser\PDD 30-09-2025.IntPrj\Network Model.IntPrjfolder\Network Data.IntPrjfolder\ESTE 138 kV.ElmNet\ZCLUIE.ElmSubstat\E2.ElmTerm\Cub_1.StaCubic\ZCLUIE_ZSPM2E-L1-REL670.ElmRelay\ZMHPDIS.ElmRelay\ZMH3 KN.RelZpol,0,ESTE CERCANO,ESTE,ESTE 138 kV,ZCLUIE,ZMH3 KN
ZMH4 KN,,\VM-PF.IntUser\PDD 30-09-2025.IntPrj\Network Model.IntPrjfolder\Network Data.IntPrjfolder\ESTE 138 kV.ElmNet\ZCLUIE.ElmSubstat\E2.ElmTerm\Cub_1.StaCubic\ZCLUIE_ZSPM2E-L1-REL670.ElmRelay\ZMHPDIS.ElmRelay\ZMH4 KN.RelZpol,0,ESTE CERCANO,ESTE,ESTE 138 kV,ZCLUIE,ZMH4 KN
ZMH5 KN,,\VM-PF.IntUser\PDD 30-09-2025.IntPrj\Network Model.IntPrjfolder\Network Data.IntPrjfolder\ESTE 138 kV.ElmNet\ZCLUIE.ElmSubstat\E2.ElmTerm\Cub_1.StaCubic\ZCLUIE_ZSPM2E-L1-REL670.ElmRelay\ZMHPDIS.ElmRelay\ZMH5 KN.RelZpol,0,ESTE CERCANO,ESTE,ESTE 138 kV,ZCLUIE,ZMH5 KN
Polarizing,,\VM-PF.IntUser\PDD 30-09-2025.IntPrj\Network Model.IntPrjfolder\Network Data.IntPrjfolder\ESTE 138 kV.ElmNet\ZCLUIE.ElmSubstat\E2.ElmTerm\Cub_1.StaCubic\ZCLUIE_ZSPM2E-L1-REL670.ElmRelay\SC Dir-Z.ElmRelay\Polarizing.RelZpol,0,ESTE CERCANO,ESTE,ESTE 138 kV,ZCLUIE,Polarizing
Pol-Z,,\VM-PF.IntUser\PDD 30-09-2025.IntPrj\Network Model.IntPrjfolder\Network Data.IntPrjfolder\ESTE 138 kV.ElmNet\ZCLUIE.ElmSubstat\E2.ElmTerm\Cub_1.StaCubic\ZCLUIE_ZSPM2E-L1-SEL 311C.ElmRelay\Pol-Z.RelZpol,0,ESTE CERCANO,ESTE,ESTE 138 kV,ZCLUIE,Pol-Z
Pol-Z 2-3-4,,\VM-PF.IntUser\PDD 30-09-2025.IntPrj\Network Model.IntPrjfolder\Network Data.IntPrjfolder\ESTE 138 kV.ElmNet\ZCLUIE.ElmSubstat\E2.ElmTerm\Cub_1.StaCubic\ZCLUIE_ZSPM2E-L1-SEL 311C.ElmRelay\Pol-Z 2-3-4.RelZpol,0,ESTE CERCANO,ESTE,ESTE 138 kV,ZCLUIE,Pol-Z 2-3-4
Polarizing,,\VM-PF.IntUser\PDD 30-09-2025.IntPrj\Network Model.IntPrjfolder\Network Data.IntPrjfolder\ESTE 138 kV.ElmNet\ZCLUIE.ElmSubstat\E5.ElmTerm\Cub_1.StaCubic\ZCLUIE_ZSPM2E-L1-REL670.ElmRelay\Polarizing.RelZpol,0,ESTE CERCANO,ESTE,ESTE 138 kV,ZCLUIE,Polarizing
Polarizing20,,\VM-PF.IntUser\PDD 30-09-2025.IntPrj\Network Model.IntPrjfolder\Network Data.IntPrjfolder\ESTE 138 kV.ElmNet\ZCLUIE.ElmSubstat\E5.ElmTerm\Cub_1.StaCubic\ZCLUIE_ZSPM2E-L1-REL670.ElmRelay\Polarizing20.RelZpol,0,ESTE CERCANO,ESTE,ESTE 138 kV,ZCLUIE,Polarizing20
ZMH1 KN,,\VM-PF.IntUser\PDD 30-09-2025.IntPrj\Network Model.IntPrjfolder\Network Data.IntPrjfolder\ESTE 138 kV.ElmNet\ZCLUIE.ElmSubstat\E5.ElmTerm\Cub_1.StaCubic\ZCLUIE_ZSPM2E-L1-REL670.ElmRelay\ZMHPDIS.ElmRelay\ZMH1 KN.RelZpol,0,ESTE CERCANO,ESTE,ESTE 138 kV,ZCLUIE,ZMH1 KN
ZMH2 KN,,\VM-PF.IntUser\PDD 30-09-2025.IntPrj\Network Model.IntPrjfolder\Network Data.IntPrjfolder\ESTE 138 kV.ElmNet\ZCLUIE.ElmSubstat\E5.ElmTerm\Cub_1.StaCubic\ZCLUIE_ZSPM2E-L1-REL670.ElmRelay\ZMHPDIS.ElmRelay\ZMH2 KN.RelZpol,0,ESTE CERCANO,ESTE,ESTE 138 kV,ZCLUIE,ZMH2 KN
ZMH3 KN,,\VM-PF.IntUser\PDD 30-09-2025.IntPrj\Network Model.IntPrjfolder\Network Data.IntPrjfolder\ESTE 138 kV.ElmNet\ZCLUIE.ElmSubstat\E5.ElmTerm\Cub_1.StaCubic\ZCLUIE_ZSPM2E-L1-REL670.ElmRelay\ZMHPDIS.ElmRelay\ZMH3 KN.RelZpol,0,ESTE CERCANO,ESTE,ESTE 138 kV,ZCLUIE,ZMH3 KN
ZMH4 KN,,\VM-PF.IntUser\PDD 30-09-2025.IntPrj\Network Model.IntPrjfolder\Network Data.IntPrjfolder\ESTE 138 kV.ElmNet\ZCLUIE.ElmSubstat\E5.ElmTerm\Cub_1.StaCubic\ZCLUIE_ZSPM2E-L1-REL670.ElmRelay\ZMHPDIS.ElmRelay\ZMH4 KN.RelZpol,0,ESTE CERCANO,ESTE,ESTE 138 kV,ZCLUIE,ZMH4 KN
ZMH5 KN,,\VM-PF.IntUser\PDD 30-09-2025.IntPrj\Network Model.IntPrjfolder\Network Data.IntPrjfolder\ESTE 138 kV.ElmNet\ZCLUIE.ElmSubstat\E5.ElmTerm\Cub_1.StaCubic\ZCLUIE_ZSPM2E-L1-REL670.ElmRelay\ZMHPDIS.ElmRelay\ZMH5 KN.RelZpol,0,ESTE CERCANO,ESTE,ESTE 138 kV,ZCLUIE,ZMH5 KN
Polarizing,,\VM-PF.IntUser\PDD 30-09-2025.IntPrj\Network Model.IntPrjfolder\Network Data.IntPrjfolder\ESTE 138 kV.ElmNet\ZCLUIE.ElmSubstat\E5.ElmTerm\Cub_1.StaCubic\ZCLUIE_ZSPM2E-L1-REL670.ElmRelay\SC Dir-Z.ElmRelay\Polarizing.RelZpol,0,ESTE CERCANO,ESTE,ESTE 138 kV,ZCLUIE,Polarizing
Pol-Z,,\VM-PF.IntUser\PDD 30-09-2025.IntPrj\Network Model.IntPrjfolder\Network Data.IntPrjfolder\ESTE 138 kV.ElmNet\ZCLUIE.ElmSubstat\E5.ElmTerm\Cub_1.StaCubic\ZCLUIE_ZSPM2E-L1-SEL 311C.ElmRelay\Pol-Z.RelZpol,0,ESTE CERCANO,ESTE,ESTE 138 kV,ZCLUIE,Pol-Z
Pol-Z 2-3-4,,\VM-PF.IntUser\PDD 30-09-2025.IntPrj\Network Model.IntPrjfolder\Network Data.IntPrjfolder\ESTE 138 kV.ElmNet\ZCLUIE.ElmSubstat\E5.ElmTerm\Cub_1.StaCubic\ZCLUIE_ZSPM2E-L1-SEL 311C.ElmRelay\Pol-Z 2-3-4.RelZpol,0,ESTE CERCANO,ESTE,ESTE 138 kV,ZCLUIE,Pol-Z 2-3-4
Polarizing,,\VM-PF.IntUser\PDD 30-09-2025.IntPrj\Network Model.IntPrjfolder\Network Data.IntPrjfolder\ESTE 138 kV.ElmNet\ZCLUIE.ElmSubstat\E6.ElmTerm\Cub_1.StaCubic\ZCLUIE_ZSPM2E-L1-REL670.ElmRelay\Polarizing.RelZpol,0,ESTE CERCANO,ESTE,ESTE 138 kV,ZCLUIE,Polarizing
Polarizing20,,\VM-PF.IntUser\PDD 30-09-2025.IntPrj\Network Model.IntPrjfolder\Network Data.IntPrjfolder\ESTE 138 kV.ElmNet\ZCLUIE.ElmSubstat\E6.ElmTerm\Cub_1.StaCubic\ZCLUIE_ZSPM2E-L1-REL670.ElmRelay\Polarizing20.RelZpol,0,ESTE CERCANO,ESTE,ESTE 138 kV,ZCLUIE,Polarizing20
ZMH1 KN,,\VM-PF.IntUser\PDD 30-09-2025.IntPrj\Network Model.IntPrjfolder\Network Data.IntPrjfolder\ESTE 138 kV.ElmNet\ZCLUIE.ElmSubstat\E6.ElmTerm\Cub_1.StaCubic\ZCLUIE_ZSPM2E-L1-REL670.ElmRelay\ZMHPDIS.ElmRelay\ZMH1 KN.RelZpol,0,ESTE CERCANO,ESTE,ESTE 138 kV,ZCLUIE,ZMH1 KN
ZMH2 KN,,\VM-PF.IntUser\PDD 30-09-2025.IntPrj\Network Model.IntPrjfolder\Network Data.IntPrjfolder\ESTE 138 kV.ElmNet\ZCLUIE.ElmSubstat\E6.ElmTerm\Cub_1.StaCubic\ZCLUIE_ZSPM2E-L1-REL670.ElmRelay\ZMHPDIS.ElmRelay\ZMH2 KN.RelZpol,0,ESTE CERCANO,ESTE,ESTE 138 kV,ZCLUIE,ZMH2 KN
ZMH3 KN,,\VM-PF.IntUser\PDD 30-09-2025.IntPrj\Network Model.IntPrjfolder\Network Data.IntPrjfolder\ESTE 138 kV.ElmNet\ZCLUIE.ElmSubstat\E6.ElmTerm\Cub_1.StaCubic\ZCLUIE_ZSPM2E-L1-REL670.ElmRelay\ZMHPDIS.ElmRelay\ZMH3 KN.RelZpol,0,ESTE CERCANO,ESTE,ESTE 138 kV,ZCLUIE,ZMH3 KN
ZMH4 KN,,\VM-PF.IntUser\PDD 30-09-2025.IntPrj\Network Model.IntPrjfolder\Network Data.IntPrjfolder\ESTE 138 kV.ElmNet\ZCLUIE.ElmSubstat\E6.ElmTerm\Cub_1.StaCubic\ZCLUIE_ZSPM2E-L1-REL670.ElmRelay\ZMHPDIS.ElmRelay\ZMH4 KN.RelZpol,0,ESTE CERCANO,ESTE,ESTE 138 kV,ZCLUIE,ZMH4 KN
ZMH5 KN,,\VM-PF.IntUser\PDD 30-09-2025.IntPrj\Network Model.IntPrjfolder\Network Data.IntPrjfolder\ESTE 138 kV.ElmNet\ZCLUIE.ElmSubstat\E6.ElmTerm\Cub_1.StaCubic\ZCLUIE_ZSPM2E-L1-REL670.ElmRelay\ZMHPDIS.ElmRelay\ZMH5 KN.RelZpol,0,ESTE CERCANO,ESTE,ESTE 138 kV,ZCLUIE,ZMH5 KN
Polarizing,,\VM-PF.IntUser\PDD 30-09-2025.IntPrj\Network Model.IntPrjfolder\Network Data.IntPrjfolder\ESTE 138 kV.ElmNet\ZCLUIE.ElmSubstat\E6.ElmTerm\Cub_1.StaCubic\ZCLUIE_ZSPM2E-L1-REL670.ElmRelay\SC Dir-Z.ElmRelay\Polarizing.RelZpol,0,ESTE CERCANO,ESTE,ESTE 138 kV,ZCLUIE,Polarizing
Pol-Z,,\VM-PF.IntUser\PDD 30-09-2025.IntPrj\Network Model.IntPrjfolder\Network Data.IntPrjfolder\ESTE 138 kV.ElmNet\ZCLUIE.ElmSubstat\E6.ElmTerm\Cub_1.StaCubic\ZCLUIE_ZSPM2E-L1-SEL 311C.ElmRelay\Pol-Z.RelZpol,0,ESTE CERCANO,ESTE,ESTE 138 kV,ZCLUIE,Pol-Z
Pol-Z 2-3-4,,\VM-PF.IntUser\PDD 30-09-2025.IntPrj\Network Model.IntPrjfolder\Network Data.IntPrjfolder\ESTE 138 kV.ElmNet\ZCLUIE.ElmSubstat\E6.ElmTerm\Cub_1.StaCubic\ZCLUIE_ZSPM2E-L1-SEL 311C.ElmRelay\Pol-Z 2-3-4.RelZpol,0,ESTE CERCANO,ESTE,ESTE 138 kV,ZCLUIE,Pol-Z 2-3-4
Pol-Z,,\VM-PF.IntUser\PDD 30-09-2025.IntPrj\Network Model.IntPrjfolder\Network Data.IntPrjfolder\ESTE 138 kV.ElmNet\San Pedro Bio-Energy.ElmSite\ZSPBEE.ElmSubstat\3.ElmTerm\Cub_1.StaCubic\ZSPBEE_ZSESTE-L1-SEL 311L.ElmRelay\Pol-Z.RelZpol,0,ESTE CERCANO,ESTE,ESTE 138 kV,ZSPBEE,Pol-Z
Pol-Z 2-3-4,,\VM-PF.IntUser\PDD 30-09-2025.IntPrj\Network Model.IntPrjfolder\Network Data.IntPrjfolder\ESTE 138 kV.ElmNet\San Pedro Bio-Energy.ElmSite\ZSPBEE.ElmSubstat\3.ElmTerm\Cub_1.StaCubic\ZSPBEE_ZSESTE-L1-SEL 311L.ElmRelay\Pol-Z 2-3-4.RelZpol,0,ESTE CERCANO,ESTE,ESTE 138 kV,ZSPBEE,Pol-Z 2-3-4
Polarizing Z1,,\VM-PF.IntUser\PDD 30-09-2025.IntPrj\Network Model.IntPrjfolder\Network Data.IntPrjfolder\ESTE 138 kV.ElmNet\San Pedro Bio-Energy.ElmSite\ZSPBEE.ElmSubstat\3.ElmTerm\Cub_1.StaCubic\ZSPBEE_ZSESTE-L1-SEL 421.ElmRelay\Polarizing Z1.RelZpol,0,ESTE CERCANO,ESTE,ESTE 138 kV,ZSPBEE,Polarizing Z1
Polarizing Z,,\VM-PF.IntUser\PDD 30-09-2025.IntPrj\Network Model.IntPrjfolder\Network Data.IntPrjfolder\ESTE 138 kV.ElmNet\San Pedro Bio-Energy.ElmSite\ZSPBEE.ElmSubstat\3.ElmTerm\Cub_1.StaCubic\ZSPBEE_ZSESTE-L1-SEL 421.ElmRelay\Polarizing Z.RelZpol,0,ESTE CERCANO,ESTE,ESTE 138 kV,ZSPBEE,Polarizing Z
Pol-Z,,\VM-PF.IntUser\PDD 30-09-2025.IntPrj\Network Model.IntPrjfolder\Network Data.IntPrjfolder\ESTE 138 kV.ElmNet\San Pedro Bio-Energy.ElmSite\ZSPBEE.ElmSubstat\5.ElmTerm\Cub_1.StaCubic\ZSPBEE_ZQUISE-L1-SEL 311L.ElmRelay\Pol-Z.RelZpol,0,ESTE CERCANO,ESTE,ESTE 138 kV,ZSPBEE,Pol-Z
Pol-Z 2-3-4,,\VM-PF.IntUser\PDD 30-09-2025.IntPrj\Network Model.IntPrjfolder\Network Data.IntPrjfolder\ESTE 138 kV.ElmNet\San Pedro Bio-Energy.ElmSite\ZSPBEE.ElmSubstat\5.ElmTerm\Cub_1.StaCubic\ZSPBEE_ZQUISE-L1-SEL 311L.ElmRelay\Pol-Z 2-3-4.RelZpol,0,ESTE CERCANO,ESTE,ESTE 138 kV,ZSPBEE,Pol-Z 2-3-4
Polarizing Z1,,\VM-PF.IntUser\PDD 30-09-2025.IntPrj\Network Model.IntPrjfolder\Network Data.IntPrjfolder\ESTE 138 kV.ElmNet\San Pedro Bio-Energy.ElmSite\ZSPBEE.ElmSubstat\5.ElmTerm\Cub_1.StaCubic\ZSPBEE_ZQUISE-L1-SEL 421.ElmRelay\Polarizing Z1.RelZpol,0,ESTE CERCANO,ESTE,ESTE 138 kV,ZSPBEE,Polarizing Z1
Polarizing Z,,\VM-PF.IntUser\PDD 30-09-2025.IntPrj\Network Model.IntPrjfolder\Network Data.IntPrjfolder\ESTE 138 kV.ElmNet\San Pedro Bio-Energy.ElmSite\ZSPBEE.ElmSubstat\5.ElmTerm\Cub_1.StaCubic\ZSPBEE_ZQUISE-L1-SEL 421.ElmRelay\Polarizing Z.RelZpol,0,ESTE CERCANO,ESTE,ESTE 138 kV,ZSPBEE,Polarizing Z
Polarizing Z1,,\VM-PF.IntUser\PDD 30-09-2025.IntPrj\Network Model.IntPrjfolder\Network Data.IntPrjfolder\ESTE 138 kV.ElmNet\San Pedro.ElmSite\ZSPMAE.ElmSubstat\L2.ElmTerm\Cub_2.StaCubic\ZSPMBE_ZSPM2E-L1-7SA6.ElmRelay\Distance Polygonal.ElmRelay\Polarizing Z1.RelZpol,0,ESTE CERCANO,ESTE,ESTE 138 kV,ZSPMAE,Polarizing Z1
Polarizing Z1b-Z5,,\VM-PF.IntUser\PDD 30-09-2025.IntPrj\Network Model.IntPrjfolder\Network Data.IntPrjfolder\ESTE 138 kV.ElmNet\San Pedro.ElmSite\ZSPMAE.ElmSubstat\L2.ElmTerm\Cub_2.StaCubic\ZSPMBE_ZSPM2E-L1-7SA6.ElmRelay\Distance Polygonal.ElmRelay\Polarizing Z1b-Z5.RelZpol,0,ESTE CERCANO,ESTE,ESTE 138 kV,ZSPMAE,Polarizing Z1b-Z5
Polarizing Z1,,\VM-PF.IntUser\PDD 30-09-2025.IntPrj\Network Model.IntPrjfolder\Network Data.IntPrjfolder\ESTE 138 kV.ElmNet\San Pedro.ElmSite\ZSPMAE.ElmSubstat\R1.ElmTerm\Cub_2.StaCubic\ZSPMBE_ZLROME-L1-7SA6.ElmRelay\Distance Polygonal.ElmRelay\Polarizing Z1.RelZpol,0,ESTE CERCANO,ESTE,ESTE 138 kV,ZSPMAE,Polarizing Z1
Polarizing Z1b-Z5,,\VM-PF.IntUser\PDD 30-09-2025.IntPrj\Network Model.IntPrjfolder\Network Data.IntPrjfolder\ESTE 138 kV.ElmNet\San Pedro.ElmSite\ZSPMAE.ElmSubstat\R1.ElmTerm\Cub_2.StaCubic\ZSPMBE_ZLROME-L1-7SA6.ElmRelay\Distance Polygonal.ElmRelay\Polarizing Z1b-Z5.RelZpol,0,ESTE CERCANO,ESTE,ESTE 138 kV,ZSPMAE,Polarizing Z1b-Z5
Pol_Z1,,\VM-PF.IntUser\PDD 30-09-2025.IntPrj\Network Model.IntPrjfolder\Network Data.IntPrjfolder\ESTE 138 kV.ElmNet\San Pedro.ElmSite\ZSPMAE.ElmSubstat\R1.ElmTerm\Cub_2.StaCubic\ZSPMBE_ZLROME-L1-7SD52.ElmRelay\Distance/Overcurrent/Voltage.ElmRelay\Pol_Z1.RelZpol,0,ESTE CERCANO,ESTE,ESTE 138 kV,ZSPMAE,Pol_Z1
Pol_Z1b-Z2-Z5,,\VM-PF.IntUser\PDD 30-09-2025.IntPrj\Network Model.IntPrjfolder\Network Data.IntPrjfolder\ESTE 138 kV.ElmNet\San Pedro.ElmSite\ZSPMAE.ElmSubstat\R1.ElmTerm\Cub_2.StaCubic\ZSPMBE_ZLROME-L1-7SD52.ElmRelay\Distance/Overcurrent/Voltage.ElmRelay\Pol_Z1b-Z2-Z5.RelZpol,0,ESTE CERCANO,ESTE,ESTE 138 kV,ZSPMAE,Pol_Z1b-Z2-Z5
Polarizing Z1,,\VM-PF.IntUser\PDD 30-09-2025.IntPrj\Network Model.IntPrjfolder\Network Data.IntPrjfolder\ESTE 138 kV.ElmNet\San Pedro.ElmSite\ZSPMAE.ElmSubstat\R2.ElmTerm\Cub_2.StaCubic\ZSPMBE_ZLROME-L2-7SA6.ElmRelay\Distance Polygonal.ElmRelay\Polarizing Z1.RelZpol,0,ESTE CERCANO,ESTE,ESTE 138 kV,ZSPMAE,Polarizing Z1
Polarizing Z1b-Z5,,\VM-PF.IntUser\PDD 30-09-2025.IntPrj\Network Model.IntPrjfolder\Network Data.IntPrjfolder\ESTE 138 kV.ElmNet\San Pedro.ElmSite\ZSPMAE.ElmSubstat\R2.ElmTerm\Cub_2.StaCubic\ZSPMBE_ZLROME-L2-7SA6.ElmRelay\Distance Polygonal.ElmRelay\Polarizing Z1b-Z5.RelZpol,0,ESTE CERCANO,ESTE,ESTE 138 kV,ZSPMAE,Polarizing Z1b-Z5
Pol_Z1,,\VM-PF.IntUser\PDD 30-09-2025.IntPrj\Network Model.IntPrjfolder\Network Data.IntPrjfolder\ESTE 138 kV.ElmNet\San Pedro.ElmSite\ZSPMAE.ElmSubstat\R2.ElmTerm\Cub_2.StaCubic\ZSPMBE_ZLROME-L2-7SD52.ElmRelay\Distance/Overcurrent/Voltage.ElmRelay\Pol_Z1.RelZpol,0,ESTE CERCANO,ESTE,ESTE 138 kV,ZSPMAE,Pol_Z1
Pol_Z1b-Z2-Z5,,\VM-PF.IntUser\PDD 30-09-2025.IntPrj\Network Model.IntPrjfolder\Network Data.IntPrjfolder\ESTE 138 kV.ElmNet\San Pedro.ElmSite\ZSPMAE.ElmSubstat\R2.ElmTerm\Cub_2.StaCubic\ZSPMBE_ZLROME-L2-7SD52.ElmRelay\Distance/Overcurrent/Voltage.ElmRelay\Pol_Z1b-Z2-Z5.RelZpol,0,ESTE CERCANO,ESTE,ESTE 138 kV,ZSPMAE,Pol_Z1b-Z2-Z5
Polarizing Z1,,\VM-PF.IntUser\PDD 30-09-2025.IntPrj\Network Model.IntPrjfolder\Network Data.IntPrjfolder\ESTE 138 kV.ElmNet\San Pedro.ElmSite\ZSPMAE.ElmSubstat\R3.ElmTerm\Cub_2.StaCubic\ZSPMAE_ZLORIE-L1-7SA6.ElmRelay\Distance Polygonal.ElmRelay\Polarizing Z1.RelZpol,0,ESTE CERCANO,ESTE,ESTE 138 kV,ZSPMAE,Polarizing Z1
Polarizing Z1b-Z5,,\VM-PF.IntUser\PDD 30-09-2025.IntPrj\Network Model.IntPrjfolder\Network Data.IntPrjfolder\ESTE 138 kV.ElmNet\San Pedro.ElmSite\ZSPMAE.ElmSubstat\R3.ElmTerm\Cub_2.StaCubic\ZSPMAE_ZLORIE-L1-7SA6.ElmRelay\Distance Polygonal.ElmRelay\Polarizing Z1b-Z5.RelZpol,0,ESTE CERCANO,ESTE,ESTE 138 kV,ZSPMAE,Polarizing Z1b-Z5
Pol_Z1,,\VM-PF.IntUser\PDD 30-09-2025.IntPrj\Network Model.IntPrjfolder\Network Data.IntPrjfolder\ESTE 138 kV.ElmNet\ZESEIE.ElmSubstat\1.ElmTerm\Cub_1.StaCubic\ZESEIE_ZHIGUE-L1-7SD52.ElmRelay\Distance/Overcurrent/Voltage.ElmRelay\Pol_Z1.RelZpol,0,ESTE PROFUNDO,ESTE,ESTE 138 kV,ZESEIE,Pol_Z1
Pol_Z1b-Z2-Z5,,\VM-PF.IntUser\PDD 30-09-2025.IntPrj\Network Model.IntPrjfolder\Network Data.IntPrjfolder\ESTE 138 kV.ElmNet\ZESEIE.ElmSubstat\1.ElmTerm\Cub_1.StaCubic\ZESEIE_ZHIGUE-L1-7SD52.ElmRelay\Distance/Overcurrent/Voltage.ElmRelay\Pol_Z1b-Z2-Z5.RelZpol,0,ESTE PROFUNDO,ESTE,ESTE 138 kV,ZESEIE,Pol_Z1b-Z2-Z5
Pol_Z1,,\VM-PF.IntUser\PDD 30-09-2025.IntPrj\Network Model.IntPrjfolder\Network Data.IntPrjfolder\ESTE 138 kV.ElmNet\ZHIGUE.ElmSubstat\1.ElmTerm\Cub_1.StaCubic\ZHIGUE_ZLROME-L1-7SD52.ElmRelay\Distance/Overcurrent/Voltage.ElmRelay\Pol_Z1.RelZpol,0,ESTE PROFUNDO,ESTE,ESTE 138 kV,ZHIGUE,Pol_Z1
Pol_Z1b-Z2-Z5,,\VM-PF.IntUser\PDD 30-09-2025.IntPrj\Network Model.IntPrjfolder\Network Data.IntPrjfolder\ESTE 138 kV.ElmNet\ZHIGUE.ElmSubstat\1.ElmTerm\Cub_1.StaCubic\ZHIGUE_ZLROME-L1-7SD52.ElmRelay\Distance/Overcurrent/Voltage.ElmRelay\Pol_Z1b-Z2-Z5.RelZpol,0,ESTE PROFUNDO,ESTE,ESTE 138 kV,ZHIGUE,Pol_Z1b-Z2-Z5
Polarizing,,\VM-PF.IntUser\PDD 30-09-2025.IntPrj\Network Model.IntPrjfolder\Network Data.IntPrjfolder\ESTE 138 kV.ElmNet\ZHIGUE.ElmSubstat\1.ElmTerm\Cub_1.StaCubic\ZHIGUE_ZLROME-L1-REL670.ElmRelay\Polarizing.RelZpol,0,ESTE PROFUNDO,ESTE,ESTE 138 kV,ZHIGUE,Polarizing
Polarizing20,,\VM-PF.IntUser\PDD 30-09-2025.IntPrj\Network Model.IntPrjfolder\Network Data.IntPrjfolder\ESTE 138 kV.ElmNet\ZHIGUE.ElmSubstat\1.ElmTerm\Cub_1.StaCubic\ZHIGUE_ZLROME-L1-REL670.ElmRelay\Polarizing20.RelZpol,0,ESTE PROFUNDO,ESTE,ESTE 138 kV,ZHIGUE,Polarizing20
ZMH1 KN,,\VM-PF.IntUser\PDD 30-09-2025.IntPrj\Network Model.IntPrjfolder\Network Data.IntPrjfolder\ESTE 138 kV.ElmNet\ZHIGUE.ElmSubstat\1.ElmTerm\Cub_1.StaCubic\ZHIGUE_ZLROME-L1-REL670.ElmRelay\ZMHPDIS.ElmRelay\ZMH1 KN.RelZpol,0,ESTE PROFUNDO,ESTE,ESTE 138 kV,ZHIGUE,ZMH1 KN
ZMH2 KN,,\VM-PF.IntUser\PDD 30-09-2025.IntPrj\Network Model.IntPrjfolder\Network Data.IntPrjfolder\ESTE 138 kV.ElmNet\ZHIGUE.ElmSubstat\1.ElmTerm\Cub_1.StaCubic\ZHIGUE_ZLROME-L1-REL670.ElmRelay\ZMHPDIS.ElmRelay\ZMH2 KN.RelZpol,0,ESTE PROFUNDO,ESTE,ESTE 138 kV,ZHIGUE,ZMH2 KN
ZMH3 KN,,\VM-PF.IntUser\PDD 30-09-2025.IntPrj\Network Model.IntPrjfolder\Network Data.IntPrjfolder\ESTE 138 kV.ElmNet\ZHIGUE.ElmSubstat\1.ElmTerm\Cub_1.StaCubic\ZHIGUE_ZLROME-L1-REL670.ElmRelay\ZMHPDIS.ElmRelay\ZMH3 KN.RelZpol,0,ESTE PROFUNDO,ESTE,ESTE 138 kV,ZHIGUE,ZMH3 KN
ZMH4 KN,,\VM-PF.IntUser\PDD 30-09-2025.IntPrj\Network Model.IntPrjfolder\Network Data.IntPrjfolder\ESTE 138 kV.ElmNet\ZHIGUE.ElmSubstat\1.ElmTerm\Cub_1.StaCubic\ZHIGUE_ZLROME-L1-REL670.ElmRelay\ZMHPDIS.ElmRelay\ZMH4 KN.RelZpol,0,ESTE PROFUNDO,ESTE,ESTE 138 kV,ZHIGUE,ZMH4 KN
ZMH5 KN,,\VM-PF.IntUser\PDD 30-09-2025.IntPrj\Network Model.IntPrjfolder\Network Data.IntPrjfolder\ESTE 138 kV.ElmNet\ZHIGUE.ElmSubstat\1.ElmTerm\Cub_1.StaCubic\ZHIGUE_ZLROME-L1-REL670.ElmRelay\ZMHPDIS.ElmRelay\ZMH5 KN.RelZpol,0,ESTE PROFUNDO,ESTE,ESTE 138 kV,ZHIGUE,ZMH5 KN
Polarizing,,\VM-PF.IntUser\PDD 30-09-2025.IntPrj\Network Model.IntPrjfolder\Network Data.IntPrjfolder\ESTE 138 kV.ElmNet\ZHIGUE.ElmSubstat\1.ElmTerm\Cub_1.StaCubic\ZHIGUE_ZLROME-L1-REL670.ElmRelay\SC Dir-Z.ElmRelay\Polarizing.RelZpol,0,ESTE PROFUNDO,ESTE,ESTE 138 kV,ZHIGUE,Polarizing
Pol_Z1,,\VM-PF.IntUser\PDD 30-09-2025.IntPrj\Network Model.IntPrjfolder\Network Data.IntPrjfolder\ESTE 138 kV.ElmNet\ZHIGUE.ElmSubstat\2.ElmTerm\Cub_1.StaCubic\ZHIGUE_ZESEIE-L1-7SD52.ElmRelay\Distance/Overcurrent/Voltage.ElmRelay\Pol_Z1.RelZpol,0,ESTE PROFUNDO,ESTE,ESTE 138 kV,ZHIGUE,Pol_Z1
Pol_Z1b-Z2-Z5,,\VM-PF.IntUser\PDD 30-09-2025.IntPrj\Network Model.IntPrjfolder\Network Data.IntPrjfolder\ESTE 138 kV.ElmNet\ZHIGUE.ElmSubstat\2.ElmTerm\Cub_1.StaCubic\ZHIGUE_ZESEIE-L1-7SD52.ElmRelay\Distance/Overcurrent/Voltage.ElmRelay\Pol_Z1b-Z2-Z5.RelZpol,0,ESTE PROFUNDO,ESTE,ESTE 138 kV,ZHIGUE,Pol_Z1b-Z2-Z5
Polarizing,,\VM-PF.IntUser\PDD 30-09-2025.IntPrj\Network Model.IntPrjfolder\Network Data.IntPrjfolder\ESTE 138 kV.ElmNet\ZHIGUE.ElmSubstat\2.ElmTerm\Cub_1.StaCubic\ZHIGUE_ZESEIE-L1-REL670.ElmRelay\Polarizing.RelZpol,0,ESTE PROFUNDO,ESTE,ESTE 138 kV,ZHIGUE,Polarizing
Polarizing20,,\VM-PF.IntUser\PDD 30-09-2025.IntPrj\Network Model.IntPrjfolder\Network Data.IntPrjfolder\ESTE 138 kV.ElmNet\ZHIGUE.ElmSubstat\2.ElmTerm\Cub_1.StaCubic\ZHIGUE_ZESEIE-L1-REL670.ElmRelay\Polarizing20.RelZpol,0,ESTE PROFUNDO,ESTE,ESTE 138 kV,ZHIGUE,Polarizing20
ZMH1 KN,,\VM-PF.IntUser\PDD 30-09-2025.IntPrj\Network Model.IntPrjfolder\Network Data.IntPrjfolder\ESTE 138 kV.ElmNet\ZHIGUE.ElmSubstat\2.ElmTerm\Cub_1.StaCubic\ZHIGUE_ZESEIE-L1-REL670.ElmRelay\ZMHPDIS.ElmRelay\ZMH1 KN.RelZpol,0,ESTE PROFUNDO,ESTE,ESTE 138 kV,ZHIGUE,ZMH1 KN
ZMH2 KN,,\VM-PF.IntUser\PDD 30-09-2025.IntPrj\Network Model.IntPrjfolder\Network Data.IntPrjfolder\ESTE 138 kV.ElmNet\ZHIGUE.ElmSubstat\2.ElmTerm\Cub_1.StaCubic\ZHIGUE_ZESEIE-L1-REL670.ElmRelay\ZMHPDIS.ElmRelay\ZMH2 KN.RelZpol,0,ESTE PROFUNDO,ESTE,ESTE 138 kV,ZHIGUE,ZMH2 KN
ZMH3 KN,,\VM-PF.IntUser\PDD 30-09-2025.IntPrj\Network Model.IntPrjfolder\Network Data.IntPrjfolder\ESTE 138 kV.ElmNet\ZHIGUE.ElmSubstat\2.ElmTerm\Cub_1.StaCubic\ZHIGUE_ZESEIE-L1-REL670.ElmRelay\ZMHPDIS.ElmRelay\ZMH3 KN.RelZpol,0,ESTE PROFUNDO,ESTE,ESTE 138 kV,ZHIGUE,ZMH3 KN
ZMH4 KN,,\VM-PF.IntUser\PDD 30-09-2025.IntPrj\Network Model.IntPrjfolder\Network Data.IntPrjfolder\ESTE 138 kV.ElmNet\ZHIGUE.ElmSubstat\2.ElmTerm\Cub_1.StaCubic\ZHIGUE_ZESEIE-L1-REL670.ElmRelay\ZMHPDIS.ElmRelay\ZMH4 KN.RelZpol,0,ESTE PROFUNDO,ESTE,ESTE 138 kV,ZHIGUE,ZMH4 KN
ZMH5 KN,,\VM-PF.IntUser\PDD 30-09-2025.IntPrj\Network Model.IntPrjfolder\Network Data.IntPrjfolder\ESTE 138 kV.ElmNet\ZHIGUE.ElmSubstat\2.ElmTerm\Cub_1.StaCubic\ZHIGUE_ZESEIE-L1-REL670.ElmRelay\ZMHPDIS.ElmRelay\ZMH5 KN.RelZpol,0,ESTE PROFUNDO,ESTE,ESTE 138 kV,ZHIGUE,ZMH5 KN
Polarizing,,\VM-PF.IntUser\PDD 30-09-2025.IntPrj\Network Model.IntPrjfolder\Network Data.IntPrjfolder\ESTE 138 kV.ElmNet\ZHIGUE.ElmSubstat\2.ElmTerm\Cub_1.StaCubic\ZHIGUE_ZESEIE-L1-REL670.ElmRelay\SC Dir-Z.ElmRelay\Polarizing.RelZpol,0,ESTE PROFUNDO,ESTE,ESTE 138 kV,ZHIGUE,Polarizing
Pol_Z1,,\VM-PF.IntUser\PDD 30-09-2025.IntPrj\Network Model.IntPrjfolder\Network Data.IntPrjfolder\ESTE 138 kV.ElmNet\ZHIGUE.ElmSubstat\5.ElmTerm\Cub_1.StaCubic\ZHIGUE_ZESEIE-L1-7SD52.ElmRelay\Distance/Overcurrent/Voltage.ElmRelay\Pol_Z1.RelZpol,0,ESTE PROFUNDO,ESTE,ESTE 138 kV,ZHIGUE,Pol_Z1
Pol_Z1b-Z2-Z5,,\VM-PF.IntUser\PDD 30-09-2025.IntPrj\Network Model.IntPrjfolder\Network Data.IntPrjfolder\ESTE 138 kV.ElmNet\ZHIGUE.ElmSubstat\5.ElmTerm\Cub_1.StaCubic\ZHIGUE_ZESEIE-L1-7SD52.ElmRelay\Distance/Overcurrent/Voltage.ElmRelay\Pol_Z1b-Z2-Z5.RelZpol,0,ESTE PROFUNDO,ESTE,ESTE 138 kV,ZHIGUE,Pol_Z1b-Z2-Z5
Polarizing,,\VM-PF.IntUser\PDD 30-09-2025.IntPrj\Network Model.IntPrjfolder\Network Data.IntPrjfolder\ESTE 138 kV.ElmNet\ZHIGUE.ElmSubstat\5.ElmTerm\Cub_1.StaCubic\ZHIGUE_ZESEIE-L1-REL670.ElmRelay\Polarizing.RelZpol,0,ESTE PROFUNDO,ESTE,ESTE 138 kV,ZHIGUE,Polarizing
Polarizing20,,\VM-PF.IntUser\PDD 30-09-2025.IntPrj\Network Model.IntPrjfolder\Network Data.IntPrjfolder\ESTE 138 kV.ElmNet\ZHIGUE.ElmSubstat\5.ElmTerm\Cub_1.StaCubic\ZHIGUE_ZESEIE-L1-REL670.ElmRelay\Polarizing20.RelZpol,0,ESTE PROFUNDO,ESTE,ESTE 138 kV,ZHIGUE,Polarizing20
ZMH1 KN,,\VM-PF.IntUser\PDD 30-09-2025.IntPrj\Network Model.IntPrjfolder\Network Data.IntPrjfolder\ESTE 138 kV.ElmNet\ZHIGUE.ElmSubstat\5.ElmTerm\Cub_1.StaCubic\ZHIGUE_ZESEIE-L1-REL670.ElmRelay\ZMHPDIS.ElmRelay\ZMH1 KN.RelZpol,0,ESTE PROFUNDO,ESTE,ESTE 138 kV,ZHIGUE,ZMH1 KN
ZMH2 KN,,\VM-PF.IntUser\PDD 30-09-2025.IntPrj\Network Model.IntPrjfolder\Network Data.IntPrjfolder\ESTE 138 kV.ElmNet\ZHIGUE.ElmSubstat\5.ElmTerm\Cub_1.StaCubic\ZHIGUE_ZESEIE-L1-REL670.ElmRelay\ZMHPDIS.ElmRelay\ZMH2 KN.RelZpol,0,ESTE PROFUNDO,ESTE,ESTE 138 kV,ZHIGUE,ZMH2 KN
ZMH3 KN,,\VM-PF.IntUser\PDD 30-09-2025.IntPrj\Network Model.IntPrjfolder\Network Data.IntPrjfolder\ESTE 138 kV.ElmNet\ZHIGUE.ElmSubstat\5.ElmTerm\Cub_1.StaCubic\ZHIGUE_ZESEIE-L1-REL670.ElmRelay\ZMHPDIS.ElmRelay\ZMH3 KN.RelZpol,0,ESTE PROFUNDO,ESTE,ESTE 138 kV,ZHIGUE,ZMH3 KN
ZMH4 KN,,\VM-PF.IntUser\PDD 30-09-2025.IntPrj\Network Model.IntPrjfolder\Network Data.IntPrjfolder\ESTE 138 kV.ElmNet\ZHIGUE.ElmSubstat\5.ElmTerm\Cub_1.StaCubic\ZHIGUE_ZESEIE-L1-REL670.ElmRelay\ZMHPDIS.ElmRelay\ZMH4 KN.RelZpol,0,ESTE PROFUNDO,ESTE,ESTE 138 kV,ZHIGUE,ZMH4 KN
ZMH5 KN,,\VM-PF.IntUser\PDD 30-09-2025.IntPrj\Network Model.IntPrjfolder\Network Data.IntPrjfolder\ESTE 138 kV.ElmNet\ZHIGUE.ElmSubstat\5.ElmTerm\Cub_1.StaCubic\ZHIGUE_ZESEIE-L1-REL670.ElmRelay\ZMHPDIS.ElmRelay\ZMH5 KN.RelZpol,0,ESTE PROFUNDO,ESTE,ESTE 138 kV,ZHIGUE,ZMH5 KN
Polarizing,,\VM-PF.IntUser\PDD 30-09-2025.IntPrj\Network Model.IntPrjfolder\Network Data.IntPrjfolder\ESTE 138 kV.ElmNet\ZHIGUE.ElmSubstat\5.ElmTerm\Cub_1.StaCubic\ZHIGUE_ZESEIE-L1-REL670.ElmRelay\SC Dir-Z.ElmRelay\Polarizing.RelZpol,0,ESTE PROFUNDO,ESTE,ESTE 138 kV,ZHIGUE,Polarizing
Pol_Z1,,\VM-PF.IntUser\PDD 30-09-2025.IntPrj\Network Model.IntPrjfolder\Network Data.IntPrjfolder\ESTE 138 kV.ElmNet\ZHIGUE.ElmSubstat\6.ElmTerm\Cub_1.StaCubic\ZHIGUE_ZESEIE-L1-7SD52.ElmRelay\Distance/Overcurrent/Voltage.ElmRelay\Pol_Z1.RelZpol,0,ESTE PROFUNDO,ESTE,ESTE 138 kV,ZHIGUE,Pol_Z1
Pol_Z1b-Z2-Z5,,\VM-PF.IntUser\PDD 30-09-2025.IntPrj\Network Model.IntPrjfolder\Network Data.IntPrjfolder\ESTE 138 kV.ElmNet\ZHIGUE.ElmSubstat\6.ElmTerm\Cub_1.StaCubic\ZHIGUE_ZESEIE-L1-7SD52.ElmRelay\Distance/Overcurrent/Voltage.ElmRelay\Pol_Z1b-Z2-Z5.RelZpol,0,ESTE PROFUNDO,ESTE,ESTE 138 kV,ZHIGUE,Pol_Z1b-Z2-Z5
Polarizing,,\VM-PF.IntUser\PDD 30-09-2025.IntPrj\Network Model.IntPrjfolder\Network Data.IntPrjfolder\ESTE 138 kV.ElmNet\ZHIGUE.ElmSubstat\6.ElmTerm\Cub_1.StaCubic\ZHIGUE_ZESEIE-L1-REL670.ElmRelay\Polarizing.RelZpol,0,ESTE PROFUNDO,ESTE,ESTE 138 kV,ZHIGUE,Polarizing
Polarizing20,,\VM-PF.IntUser\PDD 30-09-2025.IntPrj\Network Model.IntPrjfolder\Network Data.IntPrjfolder\ESTE 138 kV.ElmNet\ZHIGUE.ElmSubstat\6.ElmTerm\Cub_1.StaCubic\ZHIGUE_ZESEIE-L1-REL670.ElmRelay\Polarizing20.RelZpol,0,ESTE PROFUNDO,ESTE,ESTE 138 kV,ZHIGUE,Polarizing20
ZMH1 KN,,\VM-PF.IntUser\PDD 30-09-2025.IntPrj\Network Model.IntPrjfolder\Network Data.IntPrjfolder\ESTE 138 kV.ElmNet\ZHIGUE.ElmSubstat\6.ElmTerm\Cub_1.StaCubic\ZHIGUE_ZESEIE-L1-REL670.ElmRelay\ZMHPDIS.ElmRelay\ZMH1 KN.RelZpol,0,ESTE PROFUNDO,ESTE,ESTE 138 kV,ZHIGUE,ZMH1 KN
ZMH2 KN,,\VM-PF.IntUser\PDD 30-09-2025.IntPrj\Network Model.IntPrjfolder\Network Data.IntPrjfolder\ESTE 138 kV.ElmNet\ZHIGUE.ElmSubstat\6.ElmTerm\Cub_1.StaCubic\ZHIGUE_ZESEIE-L1-REL670.ElmRelay\ZMHPDIS.ElmRelay\ZMH2 KN.RelZpol,0,ESTE PROFUNDO,ESTE,ESTE 138 kV,ZHIGUE,ZMH2 KN
ZMH3 KN,,\VM-PF.IntUser\PDD 30-09-2025.IntPrj\Network Model.IntPrjfolder\Network Data.IntPrjfolder\ESTE 138 kV.ElmNet\ZHIGUE.ElmSubstat\6.ElmTerm\Cub_1.StaCubic\ZHIGUE_ZESEIE-L1-REL670.ElmRelay\ZMHPDIS.ElmRelay\ZMH3 KN.RelZpol,0,ESTE PROFUNDO,ESTE,ESTE 138 kV,ZHIGUE,ZMH3 KN
ZMH4 KN,,\VM-PF.IntUser\PDD 30-09-2025.IntPrj\Network Model.IntPrjfolder\Network Data.IntPrjfolder\ESTE 138 kV.ElmNet\ZHIGUE.ElmSubstat\6.ElmTerm\Cub_1.StaCubic\ZHIGUE_ZESEIE-L1-REL670.ElmRelay\ZMHPDIS.ElmRelay\ZMH4 KN.RelZpol,0,ESTE PROFUNDO,ESTE,ESTE 138 kV,ZHIGUE,ZMH4 KN
ZMH5 KN,,\VM-PF.IntUser\PDD 30-09-2025.IntPrj\Network Model.IntPrjfolder\Network Data.IntPrjfolder\ESTE 138 kV.ElmNet\ZHIGUE.ElmSubstat\6.ElmTerm\Cub_1.StaCubic\ZHIGUE_ZESEIE-L1-REL670.ElmRelay\ZMHPDIS.ElmRelay\ZMH5 KN.RelZpol,0,ESTE PROFUNDO,ESTE,ESTE 138 kV,ZHIGUE,ZMH5 KN
Polarizing,,\VM-PF.IntUser\PDD 30-09-2025.IntPrj\Network Model.IntPrjfolder\Network Data.IntPrjfolder\ESTE 138 kV.ElmNet\ZHIGUE.ElmSubstat\6.ElmTerm\Cub_1.StaCubic\ZHIGUE_ZESEIE-L1-REL670.ElmRelay\SC Dir-Z.ElmRelay\Polarizing.RelZpol,0,ESTE PROFUNDO,ESTE,ESTE 138 kV,ZHIGUE,Polarizing
Pol_Z1,,\VM-PF.IntUser\PDD 30-09-2025.IntPrj\Network Model.IntPrjfolder\Network Data.IntPrjfolder\ESTE 138 kV.ElmNet\ZHIGUE.ElmSubstat\5(1).ElmTerm\Cub_1.StaCubic\ZHIGUE_ZLROME-L1-7SD52.ElmRelay\Distance/Overcurrent/Voltage.ElmRelay\Pol_Z1.RelZpol,0,ESTE PROFUNDO,ESTE,ESTE 138 kV,ZHIGUE,Pol_Z1
Pol_Z1b-Z2-Z5,,\VM-PF.IntUser\PDD 30-09-2025.IntPrj\Network Model.IntPrjfolder\Network Data.IntPrjfolder\ESTE 138 kV.ElmNet\ZHIGUE.ElmSubstat\5(1).ElmTerm\Cub_1.StaCubic\ZHIGUE_ZLROME-L1-7SD52.ElmRelay\Distance/Overcurrent/Voltage.ElmRelay\Pol_Z1b-Z2-Z5.RelZpol,0,ESTE PROFUNDO,ESTE,ESTE 138 kV,ZHIGUE,Pol_Z1b-Z2-Z5
Polarizing,,\VM-PF.IntUser\PDD 30-09-2025.IntPrj\Network Model.IntPrjfolder\Network Data.IntPrjfolder\ESTE 138 kV.ElmNet\ZHIGUE.ElmSubstat\5(1).ElmTerm\Cub_1.StaCubic\ZHIGUE_ZLROME-L1-REL670.ElmRelay\Polarizing.RelZpol,0,ESTE PROFUNDO,ESTE,ESTE 138 kV,ZHIGUE,Polarizing
Polarizing20,,\VM-PF.IntUser\PDD 30-09-2025.IntPrj\Network Model.IntPrjfolder\Network Data.IntPrjfolder\ESTE 138 kV.ElmNet\ZHIGUE.ElmSubstat\5(1).ElmTerm\Cub_1.StaCubic\ZHIGUE_ZLROME-L1-REL670.ElmRelay\Polarizing20.RelZpol,0,ESTE PROFUNDO,ESTE,ESTE 138 kV,ZHIGUE,Polarizing20
ZMH1 KN,,\VM-PF.IntUser\PDD 30-09-2025.IntPrj\Network Model.IntPrjfolder\Network Data.IntPrjfolder\ESTE 138 kV.ElmNet\ZHIGUE.ElmSubstat\5(1).ElmTerm\Cub_1.StaCubic\ZHIGUE_ZLROME-L1-REL670.ElmRelay\ZMHPDIS.ElmRelay\ZMH1 KN.RelZpol,0,ESTE PROFUNDO,ESTE,ESTE 138 kV,ZHIGUE,ZMH1 KN
ZMH2 KN,,\VM-PF.IntUser\PDD 30-09-2025.IntPrj\Network Model.IntPrjfolder\Network Data.IntPrjfolder\ESTE 138 kV.ElmNet\ZHIGUE.ElmSubstat\5(1).ElmTerm\Cub_1.StaCubic\ZHIGUE_ZLROME-L1-REL670.ElmRelay\ZMHPDIS.ElmRelay\ZMH2 KN.RelZpol,0,ESTE PROFUNDO,ESTE,ESTE 138 kV,ZHIGUE,ZMH2 KN
ZMH3 KN,,\VM-PF.IntUser\PDD 30-09-2025.IntPrj\Network Model.IntPrjfolder\Network Data.IntPrjfolder\ESTE 138 kV.ElmNet\ZHIGUE.ElmSubstat\5(1).ElmTerm\Cub_1.StaCubic\ZHIGUE_ZLROME-L1-REL670.ElmRelay\ZMHPDIS.ElmRelay\ZMH3 KN.RelZpol,0,ESTE PROFUNDO,ESTE,ESTE 138 kV,ZHIGUE,ZMH3 KN
ZMH4 KN,,\VM-PF.IntUser\PDD 30-09-2025.IntPrj\Network Model.IntPrjfolder\Network Data.IntPrjfolder\ESTE 138 kV.ElmNet\ZHIGUE.ElmSubstat\5(1).ElmTerm\Cub_1.StaCubic\ZHIGUE_ZLROME-L1-REL670.ElmRelay\ZMHPDIS.ElmRelay\ZMH4 KN.RelZpol,0,ESTE PROFUNDO,ESTE,ESTE 138 kV,ZHIGUE,ZMH4 KN
ZMH5 KN,,\VM-PF.IntUser\PDD 30-09-2025.IntPrj\Network Model.IntPrjfolder\Network Data.IntPrjfolder\ESTE 138 kV.ElmNet\ZHIGUE.ElmSubstat\5(1).ElmTerm\Cub_1.StaCubic\ZHIGUE_ZLROME-L1-REL670.ElmRelay\ZMHPDIS.ElmRelay\ZMH5 KN.RelZpol,0,ESTE PROFUNDO,ESTE,ESTE 138 kV,ZHIGUE,ZMH5 KN
Polarizing,,\VM-PF.IntUser\PDD 30-09-2025.IntPrj\Network Model.IntPrjfolder\Network Data.IntPrjfolder\ESTE 138 kV.ElmNet\ZHIGUE.ElmSubstat\5(1).ElmTerm\Cub_1.StaCubic\ZHIGUE_ZLROME-L1-REL670.ElmRelay\SC Dir-Z.ElmRelay\Polarizing.RelZpol,0,ESTE PROFUNDO,ESTE,ESTE 138 kV,ZHIGUE,Polarizing
Pol_Z1,,\VM-PF.IntUser\PDD 30-09-2025.IntPrj\Network Model.IntPrjfolder\Network Data.IntPrjfolder\ESTE 138 kV.ElmNet\ZJDOLE.ElmSubstat\1.ElmTerm\Cub_1.StaCubic\ZJDOLE_ZHNSAE-L1-7SA522.ElmRelay\Pol_Z1.RelZpol,0,ESTE CERCANO,ESTE,ESTE 138 kV,ZJDOLE,Pol_Z1
Pol_Z1b-Z2-Z5,,\VM-PF.IntUser\PDD 30-09-2025.IntPrj\Network Model.IntPrjfolder\Network Data.IntPrjfolder\ESTE 138 kV.ElmNet\ZJDOLE.ElmSubstat\1.ElmTerm\Cub_1.StaCubic\ZJDOLE_ZHNSAE-L1-7SA522.ElmRelay\Pol_Z1b-Z2-Z5.RelZpol,0,ESTE CERCANO,ESTE,ESTE 138 kV,ZJDOLE,Pol_Z1b-Z2-Z5
ZPol15,,\VM-PF.IntUser\PDD 30-09-2025.IntPrj\Network Model.IntPrjfolder\Network Data.IntPrjfolder\ESTE 138 kV.ElmNet\ZJDOLE.ElmSubstat\1.ElmTerm\Cub_1.StaCubic\ZJDOLE_ZHNSAE-L1-7SA522.ElmRelay\ZPol15.RelZpol,0,ESTE CERCANO,ESTE,ESTE 138 kV,ZJDOLE,ZPol15
Polarizing Z1,,\VM-PF.IntUser\PDD 30-09-2025.IntPrj\Network Model.IntPrjfolder\Network Data.IntPrjfolder\ESTE 138 kV.ElmNet\ZJDOLE.ElmSubstat\1.ElmTerm\Cub_1.StaCubic\ZJDOLE_ZHNSAE-L1-7SA6.ElmRelay\Distance Polygonal.ElmRelay\Polarizing Z1.RelZpol,0,ESTE CERCANO,ESTE,ESTE 138 kV,ZJDOLE,Polarizing Z1
Polarizing Z1b-Z5,,\VM-PF.IntUser\PDD 30-09-2025.IntPrj\Network Model.IntPrjfolder\Network Data.IntPrjfolder\ESTE 138 kV.ElmNet\ZJDOLE.ElmSubstat\1.ElmTerm\Cub_1.StaCubic\ZJDOLE_ZHNSAE-L1-7SA6.ElmRelay\Distance Polygonal.ElmRelay\Polarizing Z1b-Z5.RelZpol,0,ESTE CERCANO,ESTE,ESTE 138 kV,ZJDOLE,Polarizing Z1b-Z5
Pol_Z1,,\VM-PF.IntUser\PDD 30-09-2025.IntPrj\Network Model.IntPrjfolder\Network Data.IntPrjfolder\ESTE 138 kV.ElmNet\ZJDOLE.ElmSubstat\2.ElmTerm\Cub_1.StaCubic\ZJDOLE_ZSPM2E-L1-7SA522.ElmRelay\Pol_Z1.RelZpol,0,ESTE CERCANO,ESTE,ESTE 138 kV,ZJDOLE,Pol_Z1
Pol_Z1b-Z2-Z5,,\VM-PF.IntUser\PDD 30-09-2025.IntPrj\Network Model.IntPrjfolder\Network Data.IntPrjfolder\ESTE 138 kV.ElmNet\ZJDOLE.ElmSubstat\2.ElmTerm\Cub_1.StaCubic\ZJDOLE_ZSPM2E-L1-7SA522.ElmRelay\Pol_Z1b-Z2-Z5.RelZpol,0,ESTE CERCANO,ESTE,ESTE 138 kV,ZJDOLE,Pol_Z1b-Z2-Z5
ZPol15,,\VM-PF.IntUser\PDD 30-09-2025.IntPrj\Network Model.IntPrjfolder\Network Data.IntPrjfolder\ESTE 138 kV.ElmNet\ZJDOLE.ElmSubstat\2.ElmTerm\Cub_1.StaCubic\ZJDOLE_ZSPM2E-L1-7SA522.ElmRelay\ZPol15.RelZpol,0,ESTE CERCANO,ESTE,ESTE 138 kV,ZJDOLE,ZPol15
Polarizing Z1,,\VM-PF.IntUser\PDD 30-09-2025.IntPrj\Network Model.IntPrjfolder\Network Data.IntPrjfolder\ESTE 138 kV.ElmNet\ZJDOLE.ElmSubstat\2.ElmTerm\Cub_1.StaCubic\ZJDOLE_ZSPM2E-L1-7SA6.ElmRelay\Distance Polygonal.ElmRelay\Polarizing Z1.RelZpol,0,ESTE CERCANO,ESTE,ESTE 138 kV,ZJDOLE,Polarizing Z1
Polarizing Z1b-Z5,,\VM-PF.IntUser\PDD 30-09-2025.IntPrj\Network Model.IntPrjfolder\Network Data.IntPrjfolder\ESTE 138 kV.ElmNet\ZJDOLE.ElmSubstat\2.ElmTerm\Cub_1.StaCubic\ZJDOLE_ZSPM2E-L1-7SA6.ElmRelay\Distance Polygonal.ElmRelay\Polarizing Z1b-Z5.RelZpol,0,ESTE CERCANO,ESTE,ESTE 138 kV,ZJDOLE,Polarizing Z1b-Z5
Pol-Z,,\VM-PF.IntUser\PDD 30-09-2025.IntPrj\Network Model.IntPrjfolder\Network Data.IntPrjfolder\SUR 138 kV.ElmNet\Haina.ElmSite\ZHAINE.ElmSubstat\3.ElmTerm\Cub_1.StaCubic\ZHAINE_ZITABE-L1-SEL 311L.ElmRelay\Pol-Z.RelZpol,0,SUR CERCANO,SUR,SUR 138 kV,ZHAINE,Pol-Z
Pol-Z 2-3-4,,\VM-PF.IntUser\PDD 30-09-2025.IntPrj\Network Model.IntPrjfolder\Network Data.IntPrjfolder\SUR 138 kV.ElmNet\Haina.ElmSite\ZHAINE.ElmSubstat\3.ElmTerm\Cub_1.StaCubic\ZHAINE_ZITABE-L1-SEL 311L.ElmRelay\Pol-Z 2-3-4.RelZpol,0,SUR CERCANO,SUR,SUR 138 kV,ZHAINE,Pol-Z 2-3-4
Pol-Z,,\VM-PF.IntUser\PDD 30-09-2025.IntPrj\Network Model.IntPrjfolder\Network Data.IntPrjfolder\SUR 138 kV.ElmNet\Haina.ElmSite\ZHAINE.ElmSubstat\4.ElmTerm\Cub_1.StaCubic\ZHAINE_ZITABE-L2-SEL 311L.ElmRelay\Pol-Z.RelZpol,0,SUR CERCANO,SUR,SUR 138 kV,ZHAINE,Pol-Z
Pol-Z 2-3-4,,\VM-PF.IntUser\PDD 30-09-2025.IntPrj\Network Model.IntPrjfolder\Network Data.IntPrjfolder\SUR 138 kV.ElmNet\Haina.ElmSite\ZHAINE.ElmSubstat\4.ElmTerm\Cub_1.StaCubic\ZHAINE_ZITABE-L2-SEL 311L.ElmRelay\Pol-Z 2-3-4.RelZpol,0,SUR CERCANO,SUR,SUR 138 kV,ZHAINE,Pol-Z 2-3-4
Pol-Z,,\VM-PF.IntUser\PDD 30-09-2025.IntPrj\Network Model.IntPrjfolder\Network Data.IntPrjfolder\SUR 138 kV.ElmNet\Haina.ElmSite\ZHAINE.ElmSubstat\6.ElmTerm\Cub_1.StaCubic\ZHAINE_ZMATAE-L2-SEL 311C.ElmRelay\Pol-Z.RelZpol,0,SUR CERCANO,SUR,SUR 138 kV,ZHAINE,Pol-Z
Pol-Z 2-3-4,,\VM-PF.IntUser\PDD 30-09-2025.IntPrj\Network Model.IntPrjfolder\Network Data.IntPrjfolder\SUR 138 kV.ElmNet\Haina.ElmSite\ZHAINE.ElmSubstat\6.ElmTerm\Cub_1.StaCubic\ZHAINE_ZMATAE-L2-SEL 311C.ElmRelay\Pol-Z 2-3-4.RelZpol,0,SUR CERCANO,SUR,SUR 138 kV,ZHAINE,Pol-Z 2-3-4
Pol-Z,,\VM-PF.IntUser\PDD 30-09-2025.IntPrj\Network Model.IntPrjfolder\Network Data.IntPrjfolder\SUR 138 kV.ElmNet\Haina.ElmSite\ZHAINE.ElmSubstat\5.ElmTerm\Cub_1.StaCubic\ZHAINE_ZMATBE-L1-SEL 311C.ElmRelay\Pol-Z.RelZpol,0,SUR CERCANO,SUR,SUR 138 kV,ZHAINE,Pol-Z
Pol-Z 2-3-4,,\VM-PF.IntUser\PDD 30-09-2025.IntPrj\Network Model.IntPrjfolder\Network Data.IntPrjfolder\SUR 138 kV.ElmNet\Haina.ElmSite\ZHAINE.ElmSubstat\5.ElmTerm\Cub_1.StaCubic\ZHAINE_ZMATBE-L1-SEL 311C.ElmRelay\Pol-Z 2-3-4.RelZpol,0,SUR CERCANO,SUR,SUR 138 kV,ZHAINE,Pol-Z 2-3-4
Polarizing Z1,,\VM-PF.IntUser\PDD 30-09-2025.IntPrj\Network Model.IntPrjfolder\Network Data.IntPrjfolder\SUR 138 kV.ElmNet\Itabo.ElmSite\ZITABE.ElmSubstat\1.ElmTerm\Cub_1.StaCubic\ZITABE_ZITAGE-L1-SEL 411L.ElmRelay\Polarizing Z1.RelZpol,0,SUR CERCANO,SUR,SUR 138 kV,ZITABE,Polarizing Z1
Polarizing Z,,\VM-PF.IntUser\PDD 30-09-2025.IntPrj\Network Model.IntPrjfolder\Network Data.IntPrjfolder\SUR 138 kV.ElmNet\Itabo.ElmSite\ZITABE.ElmSubstat\1.ElmTerm\Cub_1.StaCubic\ZITABE_ZITAGE-L1-SEL 411L.ElmRelay\Polarizing Z.RelZpol,0,SUR CERCANO,SUR,SUR 138 kV,ZITABE,Polarizing Z
Pol-Z,,\VM-PF.IntUser\PDD 30-09-2025.IntPrj\Network Model.IntPrjfolder\Network Data.IntPrjfolder\SUR 138 kV.ElmNet\Itabo.ElmSite\ZITABE.ElmSubstat\1.ElmTerm\Cub_1.StaCubic\ZITABE_ZITAGE-L1-SEL 311C.ElmRelay\Pol-Z.RelZpol,0,SUR CERCANO,SUR,SUR 138 kV,ZITABE,Pol-Z
Pol-Z 2-3-4,,\VM-PF.IntUser\PDD 30-09-2025.IntPrj\Network Model.IntPrjfolder\Network Data.IntPrjfolder\SUR 138 kV.ElmNet\Itabo.ElmSite\ZITABE.ElmSubstat\1.ElmTerm\Cub_1.StaCubic\ZITABE_ZITAGE-L1-SEL 311C.ElmRelay\Pol-Z 2-3-4.RelZpol,0,SUR CERCANO,SUR,SUR 138 kV,ZITABE,Pol-Z 2-3-4
Polarizing,,\VM-PF.IntUser\PDD 30-09-2025.IntPrj\Network Model.IntPrjfolder\Network Data.IntPrjfolder\SUR 138 kV.ElmNet\Itabo.ElmSite\ZITABE.ElmSubstat\2.ElmTerm\Cub_1.StaCubic\ZITABE_ZPALAE-L1-REL670.ElmRelay\Polarizing.RelZpol,0,SUR CERCANO,SUR,SUR 138 kV,ZITABE,Polarizing
Polarizing20,,\VM-PF.IntUser\PDD 30-09-2025.IntPrj\Network Model.IntPrjfolder\Network Data.IntPrjfolder\SUR 138 kV.ElmNet\Itabo.ElmSite\ZITABE.ElmSubstat\2.ElmTerm\Cub_1.StaCubic\ZITABE_ZPALAE-L1-REL670.ElmRelay\Polarizing20.RelZpol,0,SUR CERCANO,SUR,SUR 138 kV,ZITABE,Polarizing20
ZMH1 KN,,\VM-PF.IntUser\PDD 30-09-2025.IntPrj\Network Model.IntPrjfolder\Network Data.IntPrjfolder\SUR 138 kV.ElmNet\Itabo.ElmSite\ZITABE.ElmSubstat\2.ElmTerm\Cub_1.StaCubic\ZITABE_ZPALAE-L1-REL670.ElmRelay\ZMHPDIS.ElmRelay\ZMH1 KN.RelZpol,0,SUR CERCANO,SUR,SUR 138 kV,ZITABE,ZMH1 KN
ZMH2 KN,,\VM-PF.IntUser\PDD 30-09-2025.IntPrj\Network Model.IntPrjfolder\Network Data.IntPrjfolder\SUR 138 kV.ElmNet\Itabo.ElmSite\ZITABE.ElmSubstat\2.ElmTerm\Cub_1.StaCubic\ZITABE_ZPALAE-L1-REL670.ElmRelay\ZMHPDIS.ElmRelay\ZMH2 KN.RelZpol,0,SUR CERCANO,SUR,SUR 138 kV,ZITABE,ZMH2 KN
ZMH3 KN,,\VM-PF.IntUser\PDD 30-09-2025.IntPrj\Network Model.IntPrjfolder\Network Data.IntPrjfolder\SUR 138 kV.ElmNet\Itabo.ElmSite\ZITABE.ElmSubstat\2.ElmTerm\Cub_1.StaCubic\ZITABE_ZPALAE-L1-REL670.ElmRelay\ZMHPDIS.ElmRelay\ZMH3 KN.RelZpol,0,SUR CERCANO,SUR,SUR 138 kV,ZITABE,ZMH3 KN
ZMH4 KN,,\VM-PF.IntUser\PDD 30-09-2025.IntPrj\Network Model.IntPrjfolder\Network Data.IntPrjfolder\SUR 138 kV.ElmNet\Itabo.ElmSite\ZITABE.ElmSubstat\2.ElmTerm\Cub_1.StaCubic\ZITABE_ZPALAE-L1-REL670.ElmRelay\ZMHPDIS.ElmRelay\ZMH4 KN.RelZpol,0,SUR CERCANO,SUR,SUR 138 kV,ZITABE,ZMH4 KN
ZMH5 KN,,\VM-PF.IntUser\PDD 30-09-2025.IntPrj\Network Model.IntPrjfolder\Network Data.IntPrjfolder\SUR 138 kV.ElmNet\Itabo.ElmSite\ZITABE.ElmSubstat\2.ElmTerm\Cub_1.StaCubic\ZITABE_ZPALAE-L1-REL670.ElmRelay\ZMHPDIS.ElmRelay\ZMH5 KN.RelZpol,0,SUR CERCANO,SUR,SUR 138 kV,ZITABE,ZMH5 KN
Polarizing,,\VM-PF.IntUser\PDD 30-09-2025.IntPrj\Network Model.IntPrjfolder\Network Data.IntPrjfolder\SUR 138 kV.ElmNet\Itabo.ElmSite\ZITABE.ElmSubstat\2.ElmTerm\Cub_1.StaCubic\ZITABE_ZPALAE-L1-REL670.ElmRelay\SC Dir-Z.ElmRelay\Polarizing.RelZpol,0,SUR CERCANO,SUR,SUR 138 kV,ZITABE,Polarizing
Polarizing,,\VM-PF.IntUser\PDD 30-09-2025.IntPrj\Network Model.IntPrjfolder\Network Data.IntPrjfolder\SUR 138 kV.ElmNet\Itabo.ElmSite\ZITABE.ElmSubstat\6.ElmTerm\Cub_1.StaCubic\ZITABE_ZHERRE-L1-REL670.ElmRelay\Polarizing.RelZpol,0,SUR CERCANO,SUR,SUR 138 kV,ZITABE,Polarizing
Polarizing20,,\VM-PF.IntUser\PDD 30-09-2025.IntPrj\Network Model.IntPrjfolder\Network Data.IntPrjfolder\SUR 138 kV.ElmNet\Itabo.ElmSite\ZITABE.ElmSubstat\6.ElmTerm\Cub_1.StaCubic\ZITABE_ZHERRE-L1-REL670.ElmRelay\Polarizing20.RelZpol,0,SUR CERCANO,SUR,SUR 138 kV,ZITABE,Polarizing20
ZMH1 KN,,\VM-PF.IntUser\PDD 30-09-2025.IntPrj\Network Model.IntPrjfolder\Network Data.IntPrjfolder\SUR 138 kV.ElmNet\Itabo.ElmSite\ZITABE.ElmSubstat\6.ElmTerm\Cub_1.StaCubic\ZITABE_ZHERRE-L1-REL670.ElmRelay\ZMHPDIS.ElmRelay\ZMH1 KN.RelZpol,0,SUR CERCANO,SUR,SUR 138 kV,ZITABE,ZMH1 KN
ZMH2 KN,,\VM-PF.IntUser\PDD 30-09-2025.IntPrj\Network Model.IntPrjfolder\Network Data.IntPrjfolder\SUR 138 kV.ElmNet\Itabo.ElmSite\ZITABE.ElmSubstat\6.ElmTerm\Cub_1.StaCubic\ZITABE_ZHERRE-L1-REL670.ElmRelay\ZMHPDIS.ElmRelay\ZMH2 KN.RelZpol,0,SUR CERCANO,SUR,SUR 138 kV,ZITABE,ZMH2 KN
ZMH3 KN,,\VM-PF.IntUser\PDD 30-09-2025.IntPrj\Network Model.IntPrjfolder\Network Data.IntPrjfolder\SUR 138 kV.ElmNet\Itabo.ElmSite\ZITABE.ElmSubstat\6.ElmTerm\Cub_1.StaCubic\ZITABE_ZHERRE-L1-REL670.ElmRelay\ZMHPDIS.ElmRelay\ZMH3 KN.RelZpol,0,SUR CERCANO,SUR,SUR 138 kV,ZITABE,ZMH3 KN
ZMH4 KN,,\VM-PF.IntUser\PDD 30-09-2025.IntPrj\Network Model.IntPrjfolder\Network Data.IntPrjfolder\SUR 138 kV.ElmNet\Itabo.ElmSite\ZITABE.ElmSubstat\6.ElmTerm\Cub_1.StaCubic\ZITABE_ZHERRE-L1-REL670.ElmRelay\ZMHPDIS.ElmRelay\ZMH4 KN.RelZpol,0,SUR CERCANO,SUR,SUR 138 kV,ZITABE,ZMH4 KN
ZMH5 KN,,\VM-PF.IntUser\PDD 30-09-2025.IntPrj\Network Model.IntPrjfolder\Network Data.IntPrjfolder\SUR 138 kV.ElmNet\Itabo.ElmSite\ZITABE.ElmSubstat\6.ElmTerm\Cub_1.StaCubic\ZITABE_ZHERRE-L1-REL670.ElmRelay\ZMHPDIS.ElmRelay\ZMH5 KN.RelZpol,0,SUR CERCANO,SUR,SUR 138 kV,ZITABE,ZMH5 KN
Polarizing,,\VM-PF.IntUser\PDD 30-09-2025.IntPrj\Network Model.IntPrjfolder\Network Data.IntPrjfolder\SUR 138 kV.ElmNet\Itabo.ElmSite\ZITABE.ElmSubstat\6.ElmTerm\Cub_1.StaCubic\ZITABE_ZHERRE-L1-REL670.ElmRelay\SC Dir-Z.ElmRelay\Polarizing.RelZpol,0,SUR CERCANO,SUR,SUR 138 kV,ZITABE,Polarizing
Polarizing,,\VM-PF.IntUser\PDD 30-09-2025.IntPrj\Network Model.IntPrjfolder\Network Data.IntPrjfolder\SUR 138 kV.ElmNet\Itabo.ElmSite\ZITABE.ElmSubstat\7.ElmTerm\Cub_1.StaCubic\ZITABE_ZLPRAE-L1-REL670.ElmRelay\Polarizing.RelZpol,0,SUR CERCANO,SUR,SUR 138 kV,ZITABE,Polarizing
Polarizing20,,\VM-PF.IntUser\PDD 30-09-2025.IntPrj\Network Model.IntPrjfolder\Network Data.IntPrjfolder\SUR 138 kV.ElmNet\Itabo.ElmSite\ZITABE.ElmSubstat\7.ElmTerm\Cub_1.StaCubic\ZITABE_ZLPRAE-L1-REL670.ElmRelay\Polarizing20.RelZpol,0,SUR CERCANO,SUR,SUR 138 kV,ZITABE,Polarizing20
ZMH1 KN,,\VM-PF.IntUser\PDD 30-09-2025.IntPrj\Network Model.IntPrjfolder\Network Data.IntPrjfolder\SUR 138 kV.ElmNet\Itabo.ElmSite\ZITABE.ElmSubstat\7.ElmTerm\Cub_1.StaCubic\ZITABE_ZLPRAE-L1-REL670.ElmRelay\ZMHPDIS.ElmRelay\ZMH1 KN.RelZpol,0,SUR CERCANO,SUR,SUR 138 kV,ZITABE,ZMH1 KN
ZMH2 KN,,\VM-PF.IntUser\PDD 30-09-2025.IntPrj\Network Model.IntPrjfolder\Network Data.IntPrjfolder\SUR 138 kV.ElmNet\Itabo.ElmSite\ZITABE.ElmSubstat\7.ElmTerm\Cub_1.StaCubic\ZITABE_ZLPRAE-L1-REL670.ElmRelay\ZMHPDIS.ElmRelay\ZMH2 KN.RelZpol,0,SUR CERCANO,SUR,SUR 138 kV,ZITABE,ZMH2 KN
ZMH3 KN,,\VM-PF.IntUser\PDD 30-09-2025.IntPrj\Network Model.IntPrjfolder\Network Data.IntPrjfolder\SUR 138 kV.ElmNet\Itabo.ElmSite\ZITABE.ElmSubstat\7.ElmTerm\Cub_1.StaCubic\ZITABE_ZLPRAE-L1-REL670.ElmRelay\ZMHPDIS.ElmRelay\ZMH3 KN.RelZpol,0,SUR CERCANO,SUR,SUR 138 kV,ZITABE,ZMH3 KN
ZMH4 KN,,\VM-PF.IntUser\PDD 30-09-2025.IntPrj\Network Model.IntPrjfolder\Network Data.IntPrjfolder\SUR 138 kV.ElmNet\Itabo.ElmSite\ZITABE.ElmSubstat\7.ElmTerm\Cub_1.StaCubic\ZITABE_ZLPRAE-L1-REL670.ElmRelay\ZMHPDIS.ElmRelay\ZMH4 KN.RelZpol,0,SUR CERCANO,SUR,SUR 138 kV,ZITABE,ZMH4 KN
ZMH5 KN,,\VM-PF.IntUser\PDD 30-09-2025.IntPrj\Network Model.IntPrjfolder\Network Data.IntPrjfolder\SUR 138 kV.ElmNet\Itabo.ElmSite\ZITABE.ElmSubstat\7.ElmTerm\Cub_1.StaCubic\ZITABE_ZLPRAE-L1-REL670.ElmRelay\ZMHPDIS.ElmRelay\ZMH5 KN.RelZpol,0,SUR CERCANO,SUR,SUR 138 kV,ZITABE,ZMH5 KN
Polarizing,,\VM-PF.IntUser\PDD 30-09-2025.IntPrj\Network Model.IntPrjfolder\Network Data.IntPrjfolder\SUR 138 kV.ElmNet\Itabo.ElmSite\ZITABE.ElmSubstat\7.ElmTerm\Cub_1.StaCubic\ZITABE_ZLPRAE-L1-REL670.ElmRelay\SC Dir-Z.ElmRelay\Polarizing.RelZpol,0,SUR CERCANO,SUR,SUR 138 kV,ZITABE,Polarizing
Pol-Z,,\VM-PF.IntUser\PDD 30-09-2025.IntPrj\Network Model.IntPrjfolder\Network Data.IntPrjfolder\SUR 138 kV.ElmNet\Itabo.ElmSite\ZITABE.ElmSubstat\8.ElmTerm\Cub_1.StaCubic\ZITABE_ZHAINE-L1-SEL 311L.ElmRelay\Pol-Z.RelZpol,0,SUR CERCANO,SUR,SUR 138 kV,ZITABE,Pol-Z
Pol-Z 2-3-4,,\VM-PF.IntUser\PDD 30-09-2025.IntPrj\Network Model.IntPrjfolder\Network Data.IntPrjfolder\SUR 138 kV.ElmNet\Itabo.ElmSite\ZITABE.ElmSubstat\8.ElmTerm\Cub_1.StaCubic\ZITABE_ZHAINE-L1-SEL 311L.ElmRelay\Pol-Z 2-3-4.RelZpol,0,SUR CERCANO,SUR,SUR 138 kV,ZITABE,Pol-Z 2-3-4
Polarizing,,\VM-PF.IntUser\PDD 30-09-2025.IntPrj\Network Model.IntPrjfolder\Network Data.IntPrjfolder\SUR 138 kV.ElmNet\Itabo.ElmSite\ZITABE.ElmSubstat\8.ElmTerm\Cub_1.StaCubic\ZITABE_ZHAINE-L1-REL670.ElmRelay\Polarizing.RelZpol,0,SUR CERCANO,SUR,SUR 138 kV,ZITABE,Polarizing
Polarizing20,,\VM-PF.IntUser\PDD 30-09-2025.IntPrj\Network Model.IntPrjfolder\Network Data.IntPrjfolder\SUR 138 kV.ElmNet\Itabo.ElmSite\ZITABE.ElmSubstat\8.ElmTerm\Cub_1.StaCubic\ZITABE_ZHAINE-L1-REL670.ElmRelay\Polarizing20.RelZpol,0,SUR CERCANO,SUR,SUR 138 kV,ZITABE,Polarizing20
ZMH1 KN,,\VM-PF.IntUser\PDD 30-09-2025.IntPrj\Network Model.IntPrjfolder\Network Data.IntPrjfolder\SUR 138 kV.ElmNet\Itabo.ElmSite\ZITABE.ElmSubstat\8.ElmTerm\Cub_1.StaCubic\ZITABE_ZHAINE-L1-REL670.ElmRelay\ZMHPDIS.ElmRelay\ZMH1 KN.RelZpol,0,SUR CERCANO,SUR,SUR 138 kV,ZITABE,ZMH1 KN
ZMH2 KN,,\VM-PF.IntUser\PDD 30-09-2025.IntPrj\Network Model.IntPrjfolder\Network Data.IntPrjfolder\SUR 138 kV.ElmNet\Itabo.ElmSite\ZITABE.ElmSubstat\8.ElmTerm\Cub_1.StaCubic\ZITABE_ZHAINE-L1-REL670.ElmRelay\ZMHPDIS.ElmRelay\ZMH2 KN.RelZpol,0,SUR CERCANO,SUR,SUR 138 kV,ZITABE,ZMH2 KN
ZMH3 KN,,\VM-PF.IntUser\PDD 30-09-2025.IntPrj\Network Model.IntPrjfolder\Network Data.IntPrjfolder\SUR 138 kV.ElmNet\Itabo.ElmSite\ZITABE.ElmSubstat\8.ElmTerm\Cub_1.StaCubic\ZITABE_ZHAINE-L1-REL670.ElmRelay\ZMHPDIS.ElmRelay\ZMH3 KN.RelZpol,0,SUR CERCANO,SUR,SUR 138 kV,ZITABE,ZMH3 KN
ZMH4 KN,,\VM-PF.IntUser\PDD 30-09-2025.IntPrj\Network Model.IntPrjfolder\Network Data.IntPrjfolder\SUR 138 kV.ElmNet\Itabo.ElmSite\ZITABE.ElmSubstat\8.ElmTerm\Cub_1.StaCubic\ZITABE_ZHAINE-L1-REL670.ElmRelay\ZMHPDIS.ElmRelay\ZMH4 KN.RelZpol,0,SUR CERCANO,SUR,SUR 138 kV,ZITABE,ZMH4 KN
ZMH5 KN,,\VM-PF.IntUser\PDD 30-09-2025.IntPrj\Network Model.IntPrjfolder\Network Data.IntPrjfolder\SUR 138 kV.ElmNet\Itabo.ElmSite\ZITABE.ElmSubstat\8.ElmTerm\Cub_1.StaCubic\ZITABE_ZHAINE-L1-REL670.ElmRelay\ZMHPDIS.ElmRelay\ZMH5 KN.RelZpol,0,SUR CERCANO,SUR,SUR 138 kV,ZITABE,ZMH5 KN
Polarizing,,\VM-PF.IntUser\PDD 30-09-2025.IntPrj\Network Model.IntPrjfolder\Network Data.IntPrjfolder\SUR 138 kV.ElmNet\Itabo.ElmSite\ZITABE.ElmSubstat\8.ElmTerm\Cub_1.StaCubic\ZITABE_ZHAINE-L1-REL670.ElmRelay\SC Dir-Z.ElmRelay\Polarizing.RelZpol,0,SUR CERCANO,SUR,SUR 138 kV,ZITABE,Polarizing
Pol-Z,,\VM-PF.IntUser\PDD 30-09-2025.IntPrj\Network Model.IntPrjfolder\Network Data.IntPrjfolder\SUR 138 kV.ElmNet\Itabo.ElmSite\ZITABE.ElmSubstat\9.ElmTerm\Cub_1.StaCubic\ZITABE_ZHAINE-L2-SEL 311L.ElmRelay\Pol-Z.RelZpol,0,SUR CERCANO,SUR,SUR 138 kV,ZITABE,Pol-Z
Pol-Z 2-3-4,,\VM-PF.IntUser\PDD 30-09-2025.IntPrj\Network Model.IntPrjfolder\Network Data.IntPrjfolder\SUR 138 kV.ElmNet\Itabo.ElmSite\ZITABE.ElmSubstat\9.ElmTerm\Cub_1.StaCubic\ZITABE_ZHAINE-L2-SEL 311L.ElmRelay\Pol-Z 2-3-4.RelZpol,0,SUR CERCANO,SUR,SUR 138 kV,ZITABE,Pol-Z 2-3-4
Polarizing,,\VM-PF.IntUser\PDD 30-09-2025.IntPrj\Network Model.IntPrjfolder\Network Data.IntPrjfolder\SUR 138 kV.ElmNet\Itabo.ElmSite\ZITABE.ElmSubstat\9.ElmTerm\Cub_1.StaCubic\ZITABE_ZHAINE-L2-REL670.ElmRelay\Polarizing.RelZpol,0,SUR CERCANO,SUR,SUR 138 kV,ZITABE,Polarizing
Polarizing20,,\VM-PF.IntUser\PDD 30-09-2025.IntPrj\Network Model.IntPrjfolder\Network Data.IntPrjfolder\SUR 138 kV.ElmNet\Itabo.ElmSite\ZITABE.ElmSubstat\9.ElmTerm\Cub_1.StaCubic\ZITABE_ZHAINE-L2-REL670.ElmRelay\Polarizing20.RelZpol,0,SUR CERCANO,SUR,SUR 138 kV,ZITABE,Polarizing20
ZMH1 KN,,\VM-PF.IntUser\PDD 30-09-2025.IntPrj\Network Model.IntPrjfolder\Network Data.IntPrjfolder\SUR 138 kV.ElmNet\Itabo.ElmSite\ZITABE.ElmSubstat\9.ElmTerm\Cub_1.StaCubic\ZITABE_ZHAINE-L2-REL670.ElmRelay\ZMHPDIS.ElmRelay\ZMH1 KN.RelZpol,0,SUR CERCANO,SUR,SUR 138 kV,ZITABE,ZMH1 KN
ZMH2 KN,,\VM-PF.IntUser\PDD 30-09-2025.IntPrj\Network Model.IntPrjfolder\Network Data.IntPrjfolder\SUR 138 kV.ElmNet\Itabo.ElmSite\ZITABE.ElmSubstat\9.ElmTerm\Cub_1.StaCubic\ZITABE_ZHAINE-L2-REL670.ElmRelay\ZMHPDIS.ElmRelay\ZMH2 KN.RelZpol,0,SUR CERCANO,SUR,SUR 138 kV,ZITABE,ZMH2 KN
ZMH3 KN,,\VM-PF.IntUser\PDD 30-09-2025.IntPrj\Network Model.IntPrjfolder\Network Data.IntPrjfolder\SUR 138 kV.ElmNet\Itabo.ElmSite\ZITABE.ElmSubstat\9.ElmTerm\Cub_1.StaCubic\ZITABE_ZHAINE-L2-REL670.ElmRelay\ZMHPDIS.ElmRelay\ZMH3 KN.RelZpol,0,SUR CERCANO,SUR,SUR 138 kV,ZITABE,ZMH3 KN
ZMH4 KN,,\VM-PF.IntUser\PDD 30-09-2025.IntPrj\Network Model.IntPrjfolder\Network Data.IntPrjfolder\SUR 138 kV.ElmNet\Itabo.ElmSite\ZITABE.ElmSubstat\9.ElmTerm\Cub_1.StaCubic\ZITABE_ZHAINE-L2-REL670.ElmRelay\ZMHPDIS.ElmRelay\ZMH4 KN.RelZpol,0,SUR CERCANO,SUR,SUR 138 kV,ZITABE,ZMH4 KN
ZMH5 KN,,\VM-PF.IntUser\PDD 30-09-2025.IntPrj\Network Model.IntPrjfolder\Network Data.IntPrjfolder\SUR 138 kV.ElmNet\Itabo.ElmSite\ZITABE.ElmSubstat\9.ElmTerm\Cub_1.StaCubic\ZITABE_ZHAINE-L2-REL670.ElmRelay\ZMHPDIS.ElmRelay\ZMH5 KN.RelZpol,0,SUR CERCANO,SUR,SUR 138 kV,ZITABE,ZMH5 KN
Polarizing,,\VM-PF.IntUser\PDD 30-09-2025.IntPrj\Network Model.IntPrjfolder\Network Data.IntPrjfolder\SUR 138 kV.ElmNet\Itabo.ElmSite\ZITABE.ElmSubstat\9.ElmTerm\Cub_1.StaCubic\ZITABE_ZHAINE-L2-REL670.ElmRelay\SC Dir-Z.ElmRelay\Polarizing.RelZpol,0,SUR CERCANO,SUR,SUR 138 kV,ZITABE,Polarizing
Polarizing Z1,,\VM-PF.IntUser\PDD 30-09-2025.IntPrj\Network Model.IntPrjfolder\Network Data.IntPrjfolder\SUR 138 kV.ElmNet\Itabo TG.ElmSite\ZITAGE.ElmSubstat\1.ElmTerm\Cub_1.StaCubic\ZITAGE_ZITABE-L1-SEL 411L.ElmRelay\Polarizing Z1.RelZpol,0,SUR CERCANO,SUR,SUR 138 kV,ZITAGE,Polarizing Z1
Polarizing Z,,\VM-PF.IntUser\PDD 30-09-2025.IntPrj\Network Model.IntPrjfolder\Network Data.IntPrjfolder\SUR 138 kV.ElmNet\Itabo TG.ElmSite\ZITAGE.ElmSubstat\1.ElmTerm\Cub_1.StaCubic\ZITAGE_ZITABE-L1-SEL 411L.ElmRelay\Polarizing Z.RelZpol,0,SUR CERCANO,SUR,SUR 138 kV,ZITAGE,Polarizing Z
Pol-Z,,\VM-PF.IntUser\PDD 30-09-2025.IntPrj\Network Model.IntPrjfolder\Network Data.IntPrjfolder\SUR 138 kV.ElmNet\Itabo TG.ElmSite\ZITAGE.ElmSubstat\1.ElmTerm\Cub_1.StaCubic\ZITAGE_ZITABE-L1-SEL 311C.ElmRelay\Pol-Z.RelZpol,0,SUR CERCANO,SUR,SUR 138 kV,ZITAGE,Pol-Z
Pol-Z 2-3-4,,\VM-PF.IntUser\PDD 30-09-2025.IntPrj\Network Model.IntPrjfolder\Network Data.IntPrjfolder\SUR 138 kV.ElmNet\Itabo TG.ElmSite\ZITAGE.ElmSubstat\1.ElmTerm\Cub_1.StaCubic\ZITAGE_ZITABE-L1-SEL 311C.ElmRelay\Pol-Z 2-3-4.RelZpol,0,SUR CERCANO,SUR,SUR 138 kV,ZITAGE,Pol-Z 2-3-4
Polarizing Z1,,\VM-PF.IntUser\PDD 30-09-2025.IntPrj\Network Model.IntPrjfolder\Network Data.IntPrjfolder\SUR 138 kV.ElmNet\Itabo TG.ElmSite\ZITAGE.ElmSubstat\4.ElmTerm\Cub_1.StaCubic\ZITAGE_ZJSA1E-L1-SEL 411L.ElmRelay\Polarizing Z1.RelZpol,0,SUR CERCANO,SUR,SUR 138 kV,ZITAGE,Polarizing Z1
Polarizing Z,,\VM-PF.IntUser\PDD 30-09-2025.IntPrj\Network Model.IntPrjfolder\Network Data.IntPrjfolder\SUR 138 kV.ElmNet\Itabo TG.ElmSite\ZITAGE.ElmSubstat\4.ElmTerm\Cub_1.StaCubic\ZITAGE_ZJSA1E-L1-SEL 411L.ElmRelay\Polarizing Z.RelZpol,0,SUR CERCANO,SUR,SUR 138 kV,ZITAGE,Polarizing Z
Pol-Z,,\VM-PF.IntUser\PDD 30-09-2025.IntPrj\Network Model.IntPrjfolder\Network Data.IntPrjfolder\SUR 138 kV.ElmNet\Itabo TG.ElmSite\ZITAGE.ElmSubstat\4.ElmTerm\Cub_1.StaCubic\ZITAGE_ZJSA1E-L1-SEL 311C.ElmRelay\Pol-Z.RelZpol,0,SUR CERCANO,SUR,SUR 138 kV,ZITAGE,Pol-Z
Pol-Z 2-3-4,,\VM-PF.IntUser\PDD 30-09-2025.IntPrj\Network Model.IntPrjfolder\Network Data.IntPrjfolder\SUR 138 kV.ElmNet\Itabo TG.ElmSite\ZITAGE.ElmSubstat\4.ElmTerm\Cub_1.StaCubic\ZITAGE_ZJSA1E-L1-SEL 311C.ElmRelay\Pol-Z 2-3-4.RelZpol,0,SUR CERCANO,SUR,SUR 138 kV,ZITAGE,Pol-Z 2-3-4
Polarizing Z1,,\VM-PF.IntUser\PDD 30-09-2025.IntPrj\Network Model.IntPrjfolder\Network Data.IntPrjfolder\SUR 138 kV.ElmNet\Itabo TG.ElmSite\ZITAGE.ElmSubstat\3.ElmTerm\Cub_1.StaCubic\ZITAGE_ZJSA1E-L2-SEL 411L.ElmRelay\Polarizing Z1.RelZpol,0,SUR CERCANO,SUR,SUR 138 kV,ZITAGE,Polarizing Z1
Polarizing Z,,\VM-PF.IntUser\PDD 30-09-2025.IntPrj\Network Model.IntPrjfolder\Network Data.IntPrjfolder\SUR 138 kV.ElmNet\Itabo TG.ElmSite\ZITAGE.ElmSubstat\3.ElmTerm\Cub_1.StaCubic\ZITAGE_ZJSA1E-L2-SEL 411L.ElmRelay\Polarizing Z.RelZpol,0,SUR CERCANO,SUR,SUR 138 kV,ZITAGE,Polarizing Z
Pol-Z,,\VM-PF.IntUser\PDD 30-09-2025.IntPrj\Network Model.IntPrjfolder\Network Data.IntPrjfolder\SUR 138 kV.ElmNet\Itabo TG.ElmSite\ZITAGE.ElmSubstat\3.ElmTerm\Cub_1.StaCubic\ZITAGE_ZJSA1E-L2-SEL 311C.ElmRelay\Pol-Z.RelZpol,0,SUR CERCANO,SUR,SUR 138 kV,ZITAGE,Pol-Z
Pol-Z 2-3-4,,\VM-PF.IntUser\PDD 30-09-2025.IntPrj\Network Model.IntPrjfolder\Network Data.IntPrjfolder\SUR 138 kV.ElmNet\Itabo TG.ElmSite\ZITAGE.ElmSubstat\3.ElmTerm\Cub_1.StaCubic\ZITAGE_ZJSA1E-L2-SEL 311C.ElmRelay\Pol-Z 2-3-4.RelZpol,0,SUR CERCANO,SUR,SUR 138 kV,ZITAGE,Pol-Z 2-3-4
Polarizing Z1,,\VM-PF.IntUser\PDD 30-09-2025.IntPrj\Network Model.IntPrjfolder\Network Data.IntPrjfolder\SUR 138 kV.ElmNet\Itabo TG.ElmSite\ZITAGE.ElmSubstat\2.ElmTerm\Cub_1.StaCubic\ZITAGE_ZUASDE-L1-SEL 411L.ElmRelay\Polarizing Z1.RelZpol,0,SUR CERCANO,SUR,SUR 138 kV,ZITAGE,Polarizing Z1
Polarizing Z,,\VM-PF.IntUser\PDD 30-09-2025.IntPrj\Network Model.IntPrjfolder\Network Data.IntPrjfolder\SUR 138 kV.ElmNet\Itabo TG.ElmSite\ZITAGE.ElmSubstat\2.ElmTerm\Cub_1.StaCubic\ZITAGE_ZUASDE-L1-SEL 411L.ElmRelay\Polarizing Z.RelZpol,0,SUR CERCANO,SUR,SUR 138 kV,ZITAGE,Polarizing Z
Pol-Z,,\VM-PF.IntUser\PDD 30-09-2025.IntPrj\Network Model.IntPrjfolder\Network Data.IntPrjfolder\SUR 138 kV.ElmNet\Itabo TG.ElmSite\ZITAGE.ElmSubstat\2.ElmTerm\Cub_1.StaCubic\ZITAGE_ZUASDE-L1-SEL 311C.ElmRelay\Pol-Z.RelZpol,0,SUR CERCANO,SUR,SUR 138 kV,ZITAGE,Pol-Z
Pol-Z 2-3-4,,\VM-PF.IntUser\PDD 30-09-2025.IntPrj\Network Model.IntPrjfolder\Network Data.IntPrjfolder\SUR 138 kV.ElmNet\Itabo TG.ElmSite\ZITAGE.ElmSubstat\2.ElmTerm\Cub_1.StaCubic\ZITAGE_ZUASDE-L1-SEL 311C.ElmRelay\Pol-Z 2-3-4.RelZpol,0,SUR CERCANO,SUR,SUR 138 kV,ZITAGE,Pol-Z 2-3-4
Polarizing,,\VM-PF.IntUser\PDD 30-09-2025.IntPrj\Network Model.IntPrjfolder\Network Data.IntPrjfolder\CENTRAL 138 kV.ElmNet\Arroyo Hondo.ElmSite\ZAHONE.ElmSubstat\E02.ElmTerm\Cub_1.StaCubic\ZAHO1E_ZPAL2E-L1-REL 670.ElmRelay\Polarizing.RelZpol,0,DISTRITO NACIONAL,CENTRAL,CENTRAL 138 kV,ZAHONE,Polarizing
Polarizing20,,\VM-PF.IntUser\PDD 30-09-2025.IntPrj\Network Model.IntPrjfolder\Network Data.IntPrjfolder\CENTRAL 138 kV.ElmNet\Arroyo Hondo.ElmSite\ZAHONE.ElmSubstat\E02.ElmTerm\Cub_1.StaCubic\ZAHO1E_ZPAL2E-L1-REL 670.ElmRelay\Polarizing20.RelZpol,0,DISTRITO NACIONAL,CENTRAL,CENTRAL 138 kV,ZAHONE,Polarizing20
ZMH1 KN,,\VM-PF.IntUser\PDD 30-09-2025.IntPrj\Network Model.IntPrjfolder\Network Data.IntPrjfolder\CENTRAL 138 kV.ElmNet\Arroyo Hondo.ElmSite\ZAHONE.ElmSubstat\E02.ElmTerm\Cub_1.StaCubic\ZAHO1E_ZPAL2E-L1-REL 670.ElmRelay\ZMHPDIS.ElmRelay\ZMH1 KN.RelZpol,0,DISTRITO NACIONAL,CENTRAL,CENTRAL 138 kV,ZAHONE,ZMH1 KN
ZMH2 KN,,\VM-PF.IntUser\PDD 30-09-2025.IntPrj\Network Model.IntPrjfolder\Network Data.IntPrjfolder\CENTRAL 138 kV.ElmNet\Arroyo Hondo.ElmSite\ZAHONE.ElmSubstat\E02.ElmTerm\Cub_1.StaCubic\ZAHO1E_ZPAL2E-L1-REL 670.ElmRelay\ZMHPDIS.ElmRelay\ZMH2 KN.RelZpol,0,DISTRITO NACIONAL,CENTRAL,CENTRAL 138 kV,ZAHONE,ZMH2 KN
ZMH3 KN,,\VM-PF.IntUser\PDD 30-09-2025.IntPrj\Network Model.IntPrjfolder\Network Data.IntPrjfolder\CENTRAL 138 kV.ElmNet\Arroyo Hondo.ElmSite\ZAHONE.ElmSubstat\E02.ElmTerm\Cub_1.StaCubic\ZAHO1E_ZPAL2E-L1-REL 670.ElmRelay\ZMHPDIS.ElmRelay\ZMH3 KN.RelZpol,0,DISTRITO NACIONAL,CENTRAL,CENTRAL 138 kV,ZAHONE,ZMH3 KN
ZMH4 KN,,\VM-PF.IntUser\PDD 30-09-2025.IntPrj\Network Model.IntPrjfolder\Network Data.IntPrjfolder\CENTRAL 138 kV.ElmNet\Arroyo Hondo.ElmSite\ZAHONE.ElmSubstat\E02.ElmTerm\Cub_1.StaCubic\ZAHO1E_ZPAL2E-L1-REL 670.ElmRelay\ZMHPDIS.ElmRelay\ZMH4 KN.RelZpol,0,DISTRITO NACIONAL,CENTRAL,CENTRAL 138 kV,ZAHONE,ZMH4 KN
ZMH5 KN,,\VM-PF.IntUser\PDD 30-09-2025.IntPrj\Network Model.IntPrjfolder\Network Data.IntPrjfolder\CENTRAL 138 kV.ElmNet\Arroyo Hondo.ElmSite\ZAHONE.ElmSubstat\E02.ElmTerm\Cub_1.StaCubic\ZAHO1E_ZPAL2E-L1-REL 670.ElmRelay\ZMHPDIS.ElmRelay\ZMH5 KN.RelZpol,0,DISTRITO NACIONAL,CENTRAL,CENTRAL 138 kV,ZAHONE,ZMH5 KN
Polarizing,,\VM-PF.IntUser\PDD 30-09-2025.IntPrj\Network Model.IntPrjfolder\Network Data.IntPrjfolder\CENTRAL 138 kV.ElmNet\Arroyo Hondo.ElmSite\ZAHONE.ElmSubstat\E02.ElmTerm\Cub_1.StaCubic\ZAHO1E_ZPAL2E-L1-REL 670.ElmRelay\SC Dir-Z.ElmRelay\Polarizing.RelZpol,0,DISTRITO NACIONAL,CENTRAL,CENTRAL 138 kV,ZAHONE,Polarizing
Polarizing,,\VM-PF.IntUser\PDD 30-09-2025.IntPrj\Network Model.IntPrjfolder\Network Data.IntPrjfolder\CENTRAL 138 kV.ElmNet\Arroyo Hondo.ElmSite\ZAHONE.ElmSubstat\E02.ElmTerm\Cub_1.StaCubic\ZAHO1E_ZPAL2E-L1-RED 670.ElmRelay\Polarizing.RelZpol,0,DISTRITO NACIONAL,CENTRAL,CENTRAL 138 kV,ZAHONE,Polarizing
Polarizing20,,\VM-PF.IntUser\PDD 30-09-2025.IntPrj\Network Model.IntPrjfolder\Network Data.IntPrjfolder\CENTRAL 138 kV.ElmNet\Arroyo Hondo.ElmSite\ZAHONE.ElmSubstat\E02.ElmTerm\Cub_1.StaCubic\ZAHO1E_ZPAL2E-L1-RED 670.ElmRelay\Polarizing20.RelZpol,0,DISTRITO NACIONAL,CENTRAL,CENTRAL 138 kV,ZAHONE,Polarizing20
ZMH1 KN,,\VM-PF.IntUser\PDD 30-09-2025.IntPrj\Network Model.IntPrjfolder\Network Data.IntPrjfolder\CENTRAL 138 kV.ElmNet\Arroyo Hondo.ElmSite\ZAHONE.ElmSubstat\E02.ElmTerm\Cub_1.StaCubic\ZAHO1E_ZPAL2E-L1-RED 670.ElmRelay\ZMHPDIS.ElmRelay\ZMH1 KN.RelZpol,0,DISTRITO NACIONAL,CENTRAL,CENTRAL 138 kV,ZAHONE,ZMH1 KN
ZMH2 KN,,\VM-PF.IntUser\PDD 30-09-2025.IntPrj\Network Model.IntPrjfolder\Network Data.IntPrjfolder\CENTRAL 138 kV.ElmNet\Arroyo Hondo.ElmSite\ZAHONE.ElmSubstat\E02.ElmTerm\Cub_1.StaCubic\ZAHO1E_ZPAL2E-L1-RED 670.ElmRelay\ZMHPDIS.ElmRelay\ZMH2 KN.RelZpol,0,DISTRITO NACIONAL,CENTRAL,CENTRAL 138 kV,ZAHONE,ZMH2 KN
ZMH3 KN,,\VM-PF.IntUser\PDD 30-09-2025.IntPrj\Network Model.IntPrjfolder\Network Data.IntPrjfolder\CENTRAL 138 kV.ElmNet\Arroyo Hondo.ElmSite\ZAHONE.ElmSubstat\E02.ElmTerm\Cub_1.StaCubic\ZAHO1E_ZPAL2E-L1-RED 670.ElmRelay\ZMHPDIS.ElmRelay\ZMH3 KN.RelZpol,0,DISTRITO NACIONAL,CENTRAL,CENTRAL 138 kV,ZAHONE,ZMH3 KN
ZMH4 KN,,\VM-PF.IntUser\PDD 30-09-2025.IntPrj\Network Model.IntPrjfolder\Network Data.IntPrjfolder\CENTRAL 138 kV.ElmNet\Arroyo Hondo.ElmSite\ZAHONE.ElmSubstat\E02.ElmTerm\Cub_1.StaCubic\ZAHO1E_ZPAL2E-L1-RED 670.ElmRelay\ZMHPDIS.ElmRelay\ZMH4 KN.RelZpol,0,DISTRITO NACIONAL,CENTRAL,CENTRAL 138 kV,ZAHONE,ZMH4 KN
ZMH5 KN,,\VM-PF.IntUser\PDD 30-09-2025.IntPrj\Network Model.IntPrjfolder\Network Data.IntPrjfolder\CENTRAL 138 kV.ElmNet\Arroyo Hondo.ElmSite\ZAHONE.ElmSubstat\E02.ElmTerm\Cub_1.StaCubic\ZAHO1E_ZPAL2E-L1-RED 670.ElmRelay\ZMHPDIS.ElmRelay\ZMH5 KN.RelZpol,0,DISTRITO NACIONAL,CENTRAL,CENTRAL 138 kV,ZAHONE,ZMH5 KN
Polarizing,,\VM-PF.IntUser\PDD 30-09-2025.IntPrj\Network Model.IntPrjfolder\Network Data.IntPrjfolder\CENTRAL 138 kV.ElmNet\Arroyo Hondo.ElmSite\ZAHONE.ElmSubstat\E02.ElmTerm\Cub_1.StaCubic\ZAHO1E_ZPAL2E-L1-RED 670.ElmRelay\SC Dir-Z.ElmRelay\Polarizing.RelZpol,0,DISTRITO NACIONAL,CENTRAL,CENTRAL 138 kV,ZAHONE,Polarizing
Polarizing,,\VM-PF.IntUser\PDD 30-09-2025.IntPrj\Network Model.IntPrjfolder\Network Data.IntPrjfolder\CENTRAL 138 kV.ElmNet\Arroyo Hondo.ElmSite\ZAHONE.ElmSubstat\E08.ElmTerm\Cub_1.StaCubic\ZAHO1E_ZLISAE-L1-REL 670.ElmRelay\Polarizing.RelZpol,0,DISTRITO NACIONAL,CENTRAL,CENTRAL 138 kV,ZAHONE,Polarizing
Polarizing20,,\VM-PF.IntUser\PDD 30-09-2025.IntPrj\Network Model.IntPrjfolder\Network Data.IntPrjfolder\CENTRAL 138 kV.ElmNet\Arroyo Hondo.ElmSite\ZAHONE.ElmSubstat\E08.ElmTerm\Cub_1.StaCubic\ZAHO1E_ZLISAE-L1-REL 670.ElmRelay\Polarizing20.RelZpol,0,DISTRITO NACIONAL,CENTRAL,CENTRAL 138 kV,ZAHONE,Polarizing20
ZMH1 KN,,\VM-PF.IntUser\PDD 30-09-2025.IntPrj\Network Model.IntPrjfolder\Network Data.IntPrjfolder\CENTRAL 138 kV.ElmNet\Arroyo Hondo.ElmSite\ZAHONE.ElmSubstat\E08.ElmTerm\Cub_1.StaCubic\ZAHO1E_ZLISAE-L1-REL 670.ElmRelay\ZMHPDIS.ElmRelay\ZMH1 KN.RelZpol,0,DISTRITO NACIONAL,CENTRAL,CENTRAL 138 kV,ZAHONE,ZMH1 KN
ZMH2 KN,,\VM-PF.IntUser\PDD 30-09-2025.IntPrj\Network Model.IntPrjfolder\Network Data.IntPrjfolder\CENTRAL 138 kV.ElmNet\Arroyo Hondo.ElmSite\ZAHONE.ElmSubstat\E08.ElmTerm\Cub_1.StaCubic\ZAHO1E_ZLISAE-L1-REL 670.ElmRelay\ZMHPDIS.ElmRelay\ZMH2 KN.RelZpol,0,DISTRITO NACIONAL,CENTRAL,CENTRAL 138 kV,ZAHONE,ZMH2 KN
ZMH3 KN,,\VM-PF.IntUser\PDD 30-09-2025.IntPrj\Network Model.IntPrjfolder\Network Data.IntPrjfolder\CENTRAL 138 kV.ElmNet\Arroyo Hondo.ElmSite\ZAHONE.ElmSubstat\E08.ElmTerm\Cub_1.StaCubic\ZAHO1E_ZLISAE-L1-REL 670.ElmRelay\ZMHPDIS.ElmRelay\ZMH3 KN.RelZpol,0,DISTRITO NACIONAL,CENTRAL,CENTRAL 138 kV,ZAHONE,ZMH3 KN
ZMH4 KN,,\VM-PF.IntUser\PDD 30-09-2025.IntPrj\Network Model.IntPrjfolder\Network Data.IntPrjfolder\CENTRAL 138 kV.ElmNet\Arroyo Hondo.ElmSite\ZAHONE.ElmSubstat\E08.ElmTerm\Cub_1.StaCubic\ZAHO1E_ZLISAE-L1-REL 670.ElmRelay\ZMHPDIS.ElmRelay\ZMH4 KN.RelZpol,0,DISTRITO NACIONAL,CENTRAL,CENTRAL 138 kV,ZAHONE,ZMH4 KN
ZMH5 KN,,\VM-PF.IntUser\PDD 30-09-2025.IntPrj\Network Model.IntPrjfolder\Network Data.IntPrjfolder\CENTRAL 138 kV.ElmNet\Arroyo Hondo.ElmSite\ZAHONE.ElmSubstat\E08.ElmTerm\Cub_1.StaCubic\ZAHO1E_ZLISAE-L1-REL 670.ElmRelay\ZMHPDIS.ElmRelay\ZMH5 KN.RelZpol,0,DISTRITO NACIONAL,CENTRAL,CENTRAL 138 kV,ZAHONE,ZMH5 KN
Polarizing,,\VM-PF.IntUser\PDD 30-09-2025.IntPrj\Network Model.IntPrjfolder\Network Data.IntPrjfolder\CENTRAL 138 kV.ElmNet\Arroyo Hondo.ElmSite\ZAHONE.ElmSubstat\E08.ElmTerm\Cub_1.StaCubic\ZAHO1E_ZLISAE-L1-REL 670.ElmRelay\SC Dir-Z.ElmRelay\Polarizing.RelZpol,0,DISTRITO NACIONAL,CENTRAL,CENTRAL 138 kV,ZAHONE,Polarizing
Polarizing,,\VM-PF.IntUser\PDD 30-09-2025.IntPrj\Network Model.IntPrjfolder\Network Data.IntPrjfolder\CENTRAL 138 kV.ElmNet\Arroyo Hondo.ElmSite\ZAHONE.ElmSubstat\E08.ElmTerm\Cub_1.StaCubic\ZAHO1E_ZLISAE-L1-RED 670.ElmRelay\Polarizing.RelZpol,0,DISTRITO NACIONAL,CENTRAL,CENTRAL 138 kV,ZAHONE,Polarizing
Polarizing20,,\VM-PF.IntUser\PDD 30-09-2025.IntPrj\Network Model.IntPrjfolder\Network Data.IntPrjfolder\CENTRAL 138 kV.ElmNet\Arroyo Hondo.ElmSite\ZAHONE.ElmSubstat\E08.ElmTerm\Cub_1.StaCubic\ZAHO1E_ZLISAE-L1-RED 670.ElmRelay\Polarizing20.RelZpol,0,DISTRITO NACIONAL,CENTRAL,CENTRAL 138 kV,ZAHONE,Polarizing20
ZMH1 KN,,\VM-PF.IntUser\PDD 30-09-2025.IntPrj\Network Model.IntPrjfolder\Network Data.IntPrjfolder\CENTRAL 138 kV.ElmNet\Arroyo Hondo.ElmSite\ZAHONE.ElmSubstat\E08.ElmTerm\Cub_1.StaCubic\ZAHO1E_ZLISAE-L1-RED 670.ElmRelay\ZMHPDIS.ElmRelay\ZMH1 KN.RelZpol,0,DISTRITO NACIONAL,CENTRAL,CENTRAL 138 kV,ZAHONE,ZMH1 KN
ZMH2 KN,,\VM-PF.IntUser\PDD 30-09-2025.IntPrj\Network Model.IntPrjfolder\Network Data.IntPrjfolder\CENTRAL 138 kV.ElmNet\Arroyo Hondo.ElmSite\ZAHONE.ElmSubstat\E08.ElmTerm\Cub_1.StaCubic\ZAHO1E_ZLISAE-L1-RED 670.ElmRelay\ZMHPDIS.ElmRelay\ZMH2 KN.RelZpol,0,DISTRITO NACIONAL,CENTRAL,CENTRAL 138 kV,ZAHONE,ZMH2 KN
ZMH3 KN,,\VM-PF.IntUser\PDD 30-09-2025.IntPrj\Network Model.IntPrjfolder\Network Data.IntPrjfolder\CENTRAL 138 kV.ElmNet\Arroyo Hondo.ElmSite\ZAHONE.ElmSubstat\E08.ElmTerm\Cub_1.StaCubic\ZAHO1E_ZLISAE-L1-RED 670.ElmRelay\ZMHPDIS.ElmRelay\ZMH3 KN.RelZpol,0,DISTRITO NACIONAL,CENTRAL,CENTRAL 138 kV,ZAHONE,ZMH3 KN
ZMH4 KN,,\VM-PF.IntUser\PDD 30-09-2025.IntPrj\Network Model.IntPrjfolder\Network Data.IntPrjfolder\CENTRAL 138 kV.ElmNet\Arroyo Hondo.ElmSite\ZAHONE.ElmSubstat\E08.ElmTerm\Cub_1.StaCubic\ZAHO1E_ZLISAE-L1-RED 670.ElmRelay\ZMHPDIS.ElmRelay\ZMH4 KN.RelZpol,0,DISTRITO NACIONAL,CENTRAL,CENTRAL 138 kV,ZAHONE,ZMH4 KN
ZMH5 KN,,\VM-PF.IntUser\PDD 30-09-2025.IntPrj\Network Model.IntPrjfolder\Network Data.IntPrjfolder\CENTRAL 138 kV.ElmNet\Arroyo Hondo.ElmSite\ZAHONE.ElmSubstat\E08.ElmTerm\Cub_1.StaCubic\ZAHO1E_ZLISAE-L1-RED 670.ElmRelay\ZMHPDIS.ElmRelay\ZMH5 KN.RelZpol,0,DISTRITO NACIONAL,CENTRAL,CENTRAL 138 kV,ZAHONE,ZMH5 KN
Polarizing,,\VM-PF.IntUser\PDD 30-09-2025.IntPrj\Network Model.IntPrjfolder\Network Data.IntPrjfolder\CENTRAL 138 kV.ElmNet\Arroyo Hondo.ElmSite\ZAHONE.ElmSubstat\E08.ElmTerm\Cub_1.StaCubic\ZAHO1E_ZLISAE-L1-RED 670.ElmRelay\SC Dir-Z.ElmRelay\Polarizing.RelZpol,0,DISTRITO NACIONAL,CENTRAL,CENTRAL 138 kV,ZAHONE,Polarizing
Polarizing Z1,,\VM-PF.IntUser\PDD 30-09-2025.IntPrj\Network Model.IntPrjfolder\Network Data.IntPrjfolder\CENTRAL 138 kV.ElmNet\Herrera.ElmSite\ZHERRE.ElmSubstat\WHERRE(8).ElmTerm\WBHE38E(2).StaCubic\ZHERRE_ZITABE-L1-P44x.ElmRelay\Polarizing Z1.RelZpol,0,SANTO DOMINGO,CENTRAL,CENTRAL 138 kV,ZHERRE,Polarizing Z1
Polarizing Z2,,\VM-PF.IntUser\PDD 30-09-2025.IntPrj\Network Model.IntPrjfolder\Network Data.IntPrjfolder\CENTRAL 138 kV.ElmNet\Herrera.ElmSite\ZHERRE.ElmSubstat\WHERRE(8).ElmTerm\WBHE38E(2).StaCubic\ZHERRE_ZITABE-L1-P44x.ElmRelay\Polarizing Z2.RelZpol,0,SANTO DOMINGO,CENTRAL,CENTRAL 138 kV,ZHERRE,Polarizing Z2
Polarizing Z3,,\VM-PF.IntUser\PDD 30-09-2025.IntPrj\Network Model.IntPrjfolder\Network Data.IntPrjfolder\CENTRAL 138 kV.ElmNet\Herrera.ElmSite\ZHERRE.ElmSubstat\WHERRE(8).ElmTerm\WBHE38E(2).StaCubic\ZHERRE_ZITABE-L1-P44x.ElmRelay\Polarizing Z3.RelZpol,0,SANTO DOMINGO,CENTRAL,CENTRAL 138 kV,ZHERRE,Polarizing Z3
Polarizing ZP,,\VM-PF.IntUser\PDD 30-09-2025.IntPrj\Network Model.IntPrjfolder\Network Data.IntPrjfolder\CENTRAL 138 kV.ElmNet\Herrera.ElmSite\ZHERRE.ElmSubstat\WHERRE(8).ElmTerm\WBHE38E(2).StaCubic\ZHERRE_ZITABE-L1-P44x.ElmRelay\Polarizing ZP.RelZpol,0,SANTO DOMINGO,CENTRAL,CENTRAL 138 kV,ZHERRE,Polarizing ZP
Polarizing Z4,,\VM-PF.IntUser\PDD 30-09-2025.IntPrj\Network Model.IntPrjfolder\Network Data.IntPrjfolder\CENTRAL 138 kV.ElmNet\Herrera.ElmSite\ZHERRE.ElmSubstat\WHERRE(8).ElmTerm\WBHE38E(2).StaCubic\ZHERRE_ZITABE-L1-P44x.ElmRelay\Polarizing Z4.RelZpol,0,SANTO DOMINGO,CENTRAL,CENTRAL 138 kV,ZHERRE,Polarizing Z4
Polarizing Z1,,\VM-PF.IntUser\PDD 30-09-2025.IntPrj\Network Model.IntPrjfolder\Network Data.IntPrjfolder\CENTRAL 138 kV.ElmNet\Herrera.ElmSite\ZHERRE.ElmSubstat\WHERRE(7).ElmTerm\WBHE38E(1).StaCubic\ZHERRE_ZLPRAE-L1-P44x.ElmRelay\Polarizing Z1.RelZpol,0,SANTO DOMINGO,CENTRAL,CENTRAL 138 kV,ZHERRE,Polarizing Z1
Polarizing Z2,,\VM-PF.IntUser\PDD 30-09-2025.IntPrj\Network Model.IntPrjfolder\Network Data.IntPrjfolder\CENTRAL 138 kV.ElmNet\Herrera.ElmSite\ZHERRE.ElmSubstat\WHERRE(7).ElmTerm\WBHE38E(1).StaCubic\ZHERRE_ZLPRAE-L1-P44x.ElmRelay\Polarizing Z2.RelZpol,0,SANTO DOMINGO,CENTRAL,CENTRAL 138 kV,ZHERRE,Polarizing Z2
Polarizing Z3,,\VM-PF.IntUser\PDD 30-09-2025.IntPrj\Network Model.IntPrjfolder\Network Data.IntPrjfolder\CENTRAL 138 kV.ElmNet\Herrera.ElmSite\ZHERRE.ElmSubstat\WHERRE(7).ElmTerm\WBHE38E(1).StaCubic\ZHERRE_ZLPRAE-L1-P44x.ElmRelay\Polarizing Z3.RelZpol,0,SANTO DOMINGO,CENTRAL,CENTRAL 138 kV,ZHERRE,Polarizing Z3
Polarizing ZP,,\VM-PF.IntUser\PDD 30-09-2025.IntPrj\Network Model.IntPrjfolder\Network Data.IntPrjfolder\CENTRAL 138 kV.ElmNet\Herrera.ElmSite\ZHERRE.ElmSubstat\WHERRE(7).ElmTerm\WBHE38E(1).StaCubic\ZHERRE_ZLPRAE-L1-P44x.ElmRelay\Polarizing ZP.RelZpol,0,SANTO DOMINGO,CENTRAL,CENTRAL 138 kV,ZHERRE,Polarizing ZP
Polarizing Z4,,\VM-PF.IntUser\PDD 30-09-2025.IntPrj\Network Model.IntPrjfolder\Network Data.IntPrjfolder\CENTRAL 138 kV.ElmNet\Herrera.ElmSite\ZHERRE.ElmSubstat\WHERRE(7).ElmTerm\WBHE38E(1).StaCubic\ZHERRE_ZLPRAE-L1-P44x.ElmRelay\Polarizing Z4.RelZpol,0,SANTO DOMINGO,CENTRAL,CENTRAL 138 kV,ZHERRE,Polarizing Z4
Polarizing Z1,,\VM-PF.IntUser\PDD 30-09-2025.IntPrj\Network Model.IntPrjfolder\Network Data.IntPrjfolder\CENTRAL 138 kV.ElmNet\Boca Chica.ElmSite\ZBCHIE.ElmSubstat\1.ElmTerm\Cub_1.StaCubic\ZBCHIE_ZHNSAE-L1-7SA6.ElmRelay\Distance Polygonal.ElmRelay\Polarizing Z1.RelZpol,0,SANTO DOMINGO,CENTRAL,CENTRAL 138 kV,ZBCHIE,Polarizing Z1
Polarizing Z1b-Z5,,\VM-PF.IntUser\PDD 30-09-2025.IntPrj\Network Model.IntPrjfolder\Network Data.IntPrjfolder\CENTRAL 138 kV.ElmNet\Boca Chica.ElmSite\ZBCHIE.ElmSubstat\1.ElmTerm\Cub_1.StaCubic\ZBCHIE_ZHNSAE-L1-7SA6.ElmRelay\Distance Polygonal.ElmRelay\Polarizing Z1b-Z5.RelZpol,0,SANTO DOMINGO,CENTRAL,CENTRAL 138 kV,ZBCHIE,Polarizing Z1b-Z5
Pol_Z1,,\VM-PF.IntUser\PDD 30-09-2025.IntPrj\Network Model.IntPrjfolder\Network Data.IntPrjfolder\CENTRAL 138 kV.ElmNet\Boca Chica.ElmSite\ZBCHIE.ElmSubstat\1.ElmTerm\Cub_1.StaCubic\ZBCHIE_ZHNSAE-L1-7SD52.ElmRelay\Distance/Overcurrent/Voltage.ElmRelay\Pol_Z1.RelZpol,0,SANTO DOMINGO,CENTRAL,CENTRAL 138 kV,ZBCHIE,Pol_Z1
Pol_Z1b-Z2-Z5,,\VM-PF.IntUser\PDD 30-09-2025.IntPrj\Network Model.IntPrjfolder\Network Data.IntPrjfolder\CENTRAL 138 kV.ElmNet\Boca Chica.ElmSite\ZBCHIE.ElmSubstat\1.ElmTerm\Cub_1.StaCubic\ZBCHIE_ZHNSAE-L1-7SD52.ElmRelay\Distance/Overcurrent/Voltage.ElmRelay\Pol_Z1b-Z2-Z5.RelZpol,0,SANTO DOMINGO,CENTRAL,CENTRAL 138 kV,ZBCHIE,Pol_Z1b-Z2-Z5
Polarizing Z1,,\VM-PF.IntUser\PDD 30-09-2025.IntPrj\Network Model.IntPrjfolder\Network Data.IntPrjfolder\CENTRAL 138 kV.ElmNet\Boca Chica.ElmSite\ZBCHIE.ElmSubstat\2.ElmTerm\Cub_1.StaCubic\ZBCHIE_ZSPM2E-L1-7SA6.ElmRelay\Distance Polygonal.ElmRelay\Polarizing Z1.RelZpol,0,SANTO DOMINGO,CENTRAL,CENTRAL 138 kV,ZBCHIE,Polarizing Z1
Polarizing Z1b-Z5,,\VM-PF.IntUser\PDD 30-09-2025.IntPrj\Network Model.IntPrjfolder\Network Data.IntPrjfolder\CENTRAL 138 kV.ElmNet\Boca Chica.ElmSite\ZBCHIE.ElmSubstat\2.ElmTerm\Cub_1.StaCubic\ZBCHIE_ZSPM2E-L1-7SA6.ElmRelay\Distance Polygonal.ElmRelay\Polarizing Z1b-Z5.RelZpol,0,SANTO DOMINGO,CENTRAL,CENTRAL 138 kV,ZBCHIE,Polarizing Z1b-Z5
Pol_Z1,,\VM-PF.IntUser\PDD 30-09-2025.IntPrj\Network Model.IntPrjfolder\Network Data.IntPrjfolder\CENTRAL 138 kV.ElmNet\Boca Chica.ElmSite\ZBCHIE.ElmSubstat\2.ElmTerm\Cub_1.StaCubic\ZBCHIE_ZSPM2E-L1-7SD52.ElmRelay\Distance/Overcurrent/Voltage.ElmRelay\Pol_Z1.RelZpol,0,SANTO DOMINGO,CENTRAL,CENTRAL 138 kV,ZBCHIE,Pol_Z1
Pol_Z1b-Z2-Z5,,\VM-PF.IntUser\PDD 30-09-2025.IntPrj\Network Model.IntPrjfolder\Network Data.IntPrjfolder\CENTRAL 138 kV.ElmNet\Boca Chica.ElmSite\ZBCHIE.ElmSubstat\2.ElmTerm\Cub_1.StaCubic\ZBCHIE_ZSPM2E-L1-7SD52.ElmRelay\Distance/Overcurrent/Voltage.ElmRelay\Pol_Z1b-Z2-Z5.RelZpol,0,SANTO DOMINGO,CENTRAL,CENTRAL 138 kV,ZBCHIE,Pol_Z1b-Z2-Z5
Polarizing Z1,,\VM-PF.IntUser\PDD 30-09-2025.IntPrj\Network Model.IntPrjfolder\Network Data.IntPrjfolder\CENTRAL 138 kV.ElmNet\ZEMBAE.ElmSubstat\WEMBAE(2).ElmTerm\WBEMBAE(2).StaCubic\ZEMBAE_ZLPRAE-L1-7SA6.ElmRelay\Distance Polygonal.ElmRelay\Polarizing Z1.RelZpol,0,DISTRITO NACIONAL,CENTRAL,CENTRAL 138 kV,ZEMBAE,Polarizing Z1
Polarizing Z1b-Z5,,\VM-PF.IntUser\PDD 30-09-2025.IntPrj\Network Model.IntPrjfolder\Network Data.IntPrjfolder\CENTRAL 138 kV.ElmNet\ZEMBAE.ElmSubstat\WEMBAE(2).ElmTerm\WBEMBAE(2).StaCubic\ZEMBAE_ZLPRAE-L1-7SA6.ElmRelay\Distance Polygonal.ElmRelay\Polarizing Z1b-Z5.RelZpol,0,DISTRITO NACIONAL,CENTRAL,CENTRAL 138 kV,ZEMBAE,Polarizing Z1b-Z5
Polarizing Z1,,\VM-PF.IntUser\PDD 30-09-2025.IntPrj\Network Model.IntPrjfolder\Network Data.IntPrjfolder\CENTRAL 138 kV.ElmNet\ZEMBAE.ElmSubstat\WEMBAE(1).ElmTerm\WBEMBAE(1).StaCubic\ZEMBAE_ZMATAE-L1-7SA6.ElmRelay\Distance Polygonal.ElmRelay\Polarizing Z1.RelZpol,0,DISTRITO NACIONAL,CENTRAL,CENTRAL 138 kV,ZEMBAE,Polarizing Z1
Polarizing Z1b-Z5,,\VM-PF.IntUser\PDD 30-09-2025.IntPrj\Network Model.IntPrjfolder\Network Data.IntPrjfolder\CENTRAL 138 kV.ElmNet\ZEMBAE.ElmSubstat\WEMBAE(1).ElmTerm\WBEMBAE(1).StaCubic\ZEMBAE_ZMATAE-L1-7SA6.ElmRelay\Distance Polygonal.ElmRelay\Polarizing Z1b-Z5.RelZpol,0,DISTRITO NACIONAL,CENTRAL,CENTRAL 138 kV,ZEMBAE,Polarizing Z1b-Z5
Pol_Z1,,\VM-PF.IntUser\PDD 30-09-2025.IntPrj\Network Model.IntPrjfolder\Network Data.IntPrjfolder\CENTRAL 138 kV.ElmNet\Hainamosa.ElmSite\ZHNSAE.ElmSubstat\E11.ElmTerm\Cub_1.StaCubic\ZHNS2E_ZLM11E-L1-7SD52.ElmRelay\Distance/Overcurrent/Voltage.ElmRelay\Pol_Z1.RelZpol,0,SANTO DOMINGO,CENTRAL,CENTRAL 138 kV,ZHNSAE,Pol_Z1
Pol_Z1b-Z2-Z5,,\VM-PF.IntUser\PDD 30-09-2025.IntPrj\Network Model.IntPrjfolder\Network Data.IntPrjfolder\CENTRAL 138 kV.ElmNet\Hainamosa.ElmSite\ZHNSAE.ElmSubstat\E11.ElmTerm\Cub_1.StaCubic\ZHNS2E_ZLM11E-L1-7SD52.ElmRelay\Distance/Overcurrent/Voltage.ElmRelay\Pol_Z1b-Z2-Z5.RelZpol,0,SANTO DOMINGO,CENTRAL,CENTRAL 138 kV,ZHNSAE,Pol_Z1b-Z2-Z5
Pol_Z1,,\VM-PF.IntUser\PDD 30-09-2025.IntPrj\Network Model.IntPrjfolder\Network Data.IntPrjfolder\CENTRAL 138 kV.ElmNet\Hainamosa.ElmSite\ZHNSAE.ElmSubstat\E12.ElmTerm\Cub_1.StaCubic\ZHNSAE_ZLMINE-L2-7SD52.ElmRelay\Distance/Overcurrent/Voltage.ElmRelay\Pol_Z1.RelZpol,0,SANTO DOMINGO,CENTRAL,CENTRAL 138 kV,ZHNSAE,Pol_Z1
Pol_Z1b-Z2-Z5,,\VM-PF.IntUser\PDD 30-09-2025.IntPrj\Network Model.IntPrjfolder\Network Data.IntPrjfolder\CENTRAL 138 kV.ElmNet\Hainamosa.ElmSite\ZHNSAE.ElmSubstat\E12.ElmTerm\Cub_1.StaCubic\ZHNSAE_ZLMINE-L2-7SD52.ElmRelay\Distance/Overcurrent/Voltage.ElmRelay\Pol_Z1b-Z2-Z5.RelZpol,0,SANTO DOMINGO,CENTRAL,CENTRAL 138 kV,ZHNSAE,Pol_Z1b-Z2-Z5
Polarizing Z1,,\VM-PF.IntUser\PDD 30-09-2025.IntPrj\Network Model.IntPrjfolder\Network Data.IntPrjfolder\CENTRAL 138 kV.ElmNet\Hainamosa.ElmSite\ZHNSAE.ElmSubstat\E16.ElmTerm\Cub_1.StaCubic\ZHNSAE_ZVMELE-L1-7SA6.ElmRelay\Distance Polygonal.ElmRelay\Polarizing Z1.RelZpol,0,SANTO DOMINGO,CENTRAL,CENTRAL 138 kV,ZHNSAE,Polarizing Z1
Polarizing Z1b-Z5,,\VM-PF.IntUser\PDD 30-09-2025.IntPrj\Network Model.IntPrjfolder\Network Data.IntPrjfolder\CENTRAL 138 kV.ElmNet\Hainamosa.ElmSite\ZHNSAE.ElmSubstat\E16.ElmTerm\Cub_1.StaCubic\ZHNSAE_ZVMELE-L1-7SA6.ElmRelay\Distance Polygonal.ElmRelay\Polarizing Z1b-Z5.RelZpol,0,SANTO DOMINGO,CENTRAL,CENTRAL 138 kV,ZHNSAE,Polarizing Z1b-Z5
Polarizing Z1,,\VM-PF.IntUser\PDD 30-09-2025.IntPrj\Network Model.IntPrjfolder\Network Data.IntPrjfolder\CENTRAL 138 kV.ElmNet\Hainamosa.ElmSite\ZHNSAE.ElmSubstat\E15.ElmTerm\Cub_1.StaCubic\ZHNSAE_ZEBRIE-L1-7SA6.ElmRelay\Distance Polygonal.ElmRelay\Polarizing Z1.RelZpol,0,SANTO DOMINGO,CENTRAL,CENTRAL 138 kV,ZHNSAE,Polarizing Z1
Polarizing Z1b-Z5,,\VM-PF.IntUser\PDD 30-09-2025.IntPrj\Network Model.IntPrjfolder\Network Data.IntPrjfolder\CENTRAL 138 kV.ElmNet\Hainamosa.ElmSite\ZHNSAE.ElmSubstat\E15.ElmTerm\Cub_1.StaCubic\ZHNSAE_ZEBRIE-L1-7SA6.ElmRelay\Distance Polygonal.ElmRelay\Polarizing Z1b-Z5.RelZpol,0,SANTO DOMINGO,CENTRAL,CENTRAL 138 kV,ZHNSAE,Polarizing Z1b-Z5
Polarizing Z1,,\VM-PF.IntUser\PDD 30-09-2025.IntPrj\Network Model.IntPrjfolder\Network Data.IntPrjfolder\CENTRAL 138 kV.ElmNet\Hainamosa.ElmSite\ZHNSAE.ElmSubstat\E17.ElmTerm\Cub_1.StaCubic\ZHNSAE_ZVDU1E-L1-7SA6.ElmRelay\Distance Polygonal.ElmRelay\Polarizing Z1.RelZpol,0,SANTO DOMINGO,CENTRAL,CENTRAL 138 kV,ZHNSAE,Polarizing Z1
Polarizing Z1b-Z5,,\VM-PF.IntUser\PDD 30-09-2025.IntPrj\Network Model.IntPrjfolder\Network Data.IntPrjfolder\CENTRAL 138 kV.ElmNet\Hainamosa.ElmSite\ZHNSAE.ElmSubstat\E17.ElmTerm\Cub_1.StaCubic\ZHNSAE_ZVDU1E-L1-7SA6.ElmRelay\Distance Polygonal.ElmRelay\Polarizing Z1b-Z5.RelZpol,0,SANTO DOMINGO,CENTRAL,CENTRAL 138 kV,ZHNSAE,Polarizing Z1b-Z5
Pol_Z1,,\VM-PF.IntUser\PDD 30-09-2025.IntPrj\Network Model.IntPrjfolder\Network Data.IntPrjfolder\CENTRAL 138 kV.ElmNet\Hainamosa.ElmSite\ZHNSAE.ElmSubstat\E5.ElmTerm\Cub_1.StaCubic\ZHNSAE_ZBCHIE-L1-7SD52.ElmRelay\Distance/Overcurrent/Voltage.ElmRelay\Pol_Z1.RelZpol,0,SANTO DOMINGO,CENTRAL,CENTRAL 138 kV,ZHNSAE,Pol_Z1
Pol_Z1b-Z2-Z5,,\VM-PF.IntUser\PDD 30-09-2025.IntPrj\Network Model.IntPrjfolder\Network Data.IntPrjfolder\CENTRAL 138 kV.ElmNet\Hainamosa.ElmSite\ZHNSAE.ElmSubstat\E5.ElmTerm\Cub_1.StaCubic\ZHNSAE_ZBCHIE-L1-7SD52.ElmRelay\Distance/Overcurrent/Voltage.ElmRelay\Pol_Z1b-Z2-Z5.RelZpol,0,SANTO DOMINGO,CENTRAL,CENTRAL 138 kV,ZHNSAE,Pol_Z1b-Z2-Z5
Polarizing Z1,,\VM-PF.IntUser\PDD 30-09-2025.IntPrj\Network Model.IntPrjfolder\Network Data.IntPrjfolder\CENTRAL 138 kV.ElmNet\Hainamosa.ElmSite\ZHNSAE.ElmSubstat\E4.ElmTerm\Cub_1.StaCubic\ZHNSAE_ZJDOLE-L1-7SA6.ElmRelay\Distance Polygonal.ElmRelay\Polarizing Z1.RelZpol,0,SANTO DOMINGO,CENTRAL,CENTRAL 138 kV,ZHNSAE,Polarizing Z1
Polarizing Z1b-Z5,,\VM-PF.IntUser\PDD 30-09-2025.IntPrj\Network Model.IntPrjfolder\Network Data.IntPrjfolder\CENTRAL 138 kV.ElmNet\Hainamosa.ElmSite\ZHNSAE.ElmSubstat\E4.ElmTerm\Cub_1.StaCubic\ZHNSAE_ZJDOLE-L1-7SA6.ElmRelay\Distance Polygonal.ElmRelay\Polarizing Z1b-Z5.RelZpol,0,SANTO DOMINGO,CENTRAL,CENTRAL 138 kV,ZHNSAE,Polarizing Z1b-Z5
Polarizing Z1,,\VM-PF.IntUser\PDD 30-09-2025.IntPrj\Network Model.IntPrjfolder\Network Data.IntPrjfolder\CENTRAL 138 kV.ElmNet\Hainamosa.ElmSite\ZHNSAE.ElmSubstat\E14.ElmTerm\Cub_1.StaCubic\ZHNSAE_ZPAL2E-L1-7SA6.ElmRelay\Distance Polygonal.ElmRelay\Polarizing Z1.RelZpol,0,SANTO DOMINGO,CENTRAL,CENTRAL 138 kV,ZHNSAE,Polarizing Z1
Polarizing Z1b-Z5,,\VM-PF.IntUser\PDD 30-09-2025.IntPrj\Network Model.IntPrjfolder\Network Data.IntPrjfolder\CENTRAL 138 kV.ElmNet\Hainamosa.ElmSite\ZHNSAE.ElmSubstat\E14.ElmTerm\Cub_1.StaCubic\ZHNSAE_ZPAL2E-L1-7SA6.ElmRelay\Distance Polygonal.ElmRelay\Polarizing Z1b-Z5.RelZpol,0,SANTO DOMINGO,CENTRAL,CENTRAL 138 kV,ZHNSAE,Polarizing Z1b-Z5
Polarizing Z1,,\VM-PF.IntUser\PDD 30-09-2025.IntPrj\Network Model.IntPrjfolder\Network Data.IntPrjfolder\CENTRAL 138 kV.ElmNet\Hainamosa.ElmSite\ZHNSAE.ElmSubstat\E1.ElmTerm\Cub_1.StaCubic\ZHNSAE_ZAAINE-L1-7SA6.ElmRelay\Distance Polygonal.ElmRelay\Polarizing Z1.RelZpol,0,SANTO DOMINGO,CENTRAL,CENTRAL 138 kV,ZHNSAE,Polarizing Z1
Polarizing Z1b-Z5,,\VM-PF.IntUser\PDD 30-09-2025.IntPrj\Network Model.IntPrjfolder\Network Data.IntPrjfolder\CENTRAL 138 kV.ElmNet\Hainamosa.ElmSite\ZHNSAE.ElmSubstat\E1.ElmTerm\Cub_1.StaCubic\ZHNSAE_ZAAINE-L1-7SA6.ElmRelay\Distance Polygonal.ElmRelay\Polarizing Z1b-Z5.RelZpol,0,SANTO DOMINGO,CENTRAL,CENTRAL 138 kV,ZHNSAE,Polarizing Z1b-Z5
Polarizing Z1,,\VM-PF.IntUser\PDD 30-09-2025.IntPrj\Network Model.IntPrjfolder\Network Data.IntPrjfolder\CENTRAL 138 kV.ElmNet\Hainamosa.ElmSite\ZHNSAE.ElmSubstat\E2.ElmTerm\Cub_1.StaCubic\ZHNSAE_ZAAINE-L2-7SA6.ElmRelay\Distance Polygonal.ElmRelay\Polarizing Z1.RelZpol,0,SANTO DOMINGO,CENTRAL,CENTRAL 138 kV,ZHNSAE,Polarizing Z1
Polarizing Z1b-Z5,,\VM-PF.IntUser\PDD 30-09-2025.IntPrj\Network Model.IntPrjfolder\Network Data.IntPrjfolder\CENTRAL 138 kV.ElmNet\Hainamosa.ElmSite\ZHNSAE.ElmSubstat\E2.ElmTerm\Cub_1.StaCubic\ZHNSAE_ZAAINE-L2-7SA6.ElmRelay\Distance Polygonal.ElmRelay\Polarizing Z1b-Z5.RelZpol,0,SANTO DOMINGO,CENTRAL,CENTRAL 138 kV,ZHNSAE,Polarizing Z1b-Z5
Pol_Z1,,\VM-PF.IntUser\PDD 30-09-2025.IntPrj\Network Model.IntPrjfolder\Network Data.IntPrjfolder\CENTRAL 138 kV.ElmNet\Hainamosa.ElmSite\ZHNSAE.ElmSubstat\E7.ElmTerm\Cub_1.StaCubic\ZHNSAE_ZLMINE-L3-7SD52.ElmRelay\Distance/Overcurrent/Voltage.ElmRelay\Pol_Z1.RelZpol,0,SANTO DOMINGO,CENTRAL,CENTRAL 138 kV,ZHNSAE,Pol_Z1
Pol_Z1b-Z2-Z5,,\VM-PF.IntUser\PDD 30-09-2025.IntPrj\Network Model.IntPrjfolder\Network Data.IntPrjfolder\CENTRAL 138 kV.ElmNet\Hainamosa.ElmSite\ZHNSAE.ElmSubstat\E7.ElmTerm\Cub_1.StaCubic\ZHNSAE_ZLMINE-L3-7SD52.ElmRelay\Distance/Overcurrent/Voltage.ElmRelay\Pol_Z1b-Z2-Z5.RelZpol,0,SANTO DOMINGO,CENTRAL,CENTRAL 138 kV,ZHNSAE,Pol_Z1b-Z2-Z5
Pol_Z1,,\VM-PF.IntUser\PDD 30-09-2025.IntPrj\Network Model.IntPrjfolder\Network Data.IntPrjfolder\CENTRAL 138 kV.ElmNet\Hainamosa.ElmSite\ZHNSAE.ElmSubstat\E7.ElmTerm\Cub_1.StaCubic\ZHNSAE_ZLMINE-L3-7SA522.ElmRelay\Pol_Z1.RelZpol,0,SANTO DOMINGO,CENTRAL,CENTRAL 138 kV,ZHNSAE,Pol_Z1
Pol_Z1b-Z2-Z5,,\VM-PF.IntUser\PDD 30-09-2025.IntPrj\Network Model.IntPrjfolder\Network Data.IntPrjfolder\CENTRAL 138 kV.ElmNet\Hainamosa.ElmSite\ZHNSAE.ElmSubstat\E7.ElmTerm\Cub_1.StaCubic\ZHNSAE_ZLMINE-L3-7SA522.ElmRelay\Pol_Z1b-Z2-Z5.RelZpol,0,SANTO DOMINGO,CENTRAL,CENTRAL 138 kV,ZHNSAE,Pol_Z1b-Z2-Z5
ZPol15,,\VM-PF.IntUser\PDD 30-09-2025.IntPrj\Network Model.IntPrjfolder\Network Data.IntPrjfolder\CENTRAL 138 kV.ElmNet\Hainamosa.ElmSite\ZHNSAE.ElmSubstat\E7.ElmTerm\Cub_1.StaCubic\ZHNSAE_ZLMINE-L3-7SA522.ElmRelay\ZPol15.RelZpol,0,SANTO DOMINGO,CENTRAL,CENTRAL 138 kV,ZHNSAE,ZPol15
Pol_Z1,,\VM-PF.IntUser\PDD 30-09-2025.IntPrj\Network Model.IntPrjfolder\Network Data.IntPrjfolder\CENTRAL 138 kV.ElmNet\Hainamosa.ElmSite\ZHNSAE.ElmSubstat\E9.ElmTerm\Cub_1.StaCubic\ZHNSAE_ZLMINE-L3-7SA522.ElmRelay\Pol_Z1.RelZpol,0,SANTO DOMINGO,CENTRAL,CENTRAL 138 kV,ZHNSAE,Pol_Z1
Pol_Z1b-Z2-Z5,,\VM-PF.IntUser\PDD 30-09-2025.IntPrj\Network Model.IntPrjfolder\Network Data.IntPrjfolder\CENTRAL 138 kV.ElmNet\Hainamosa.ElmSite\ZHNSAE.ElmSubstat\E9.ElmTerm\Cub_1.StaCubic\ZHNSAE_ZLMINE-L3-7SA522.ElmRelay\Pol_Z1b-Z2-Z5.RelZpol,0,SANTO DOMINGO,CENTRAL,CENTRAL 138 kV,ZHNSAE,Pol_Z1b-Z2-Z5
ZPol15,,\VM-PF.IntUser\PDD 30-09-2025.IntPrj\Network Model.IntPrjfolder\Network Data.IntPrjfolder\CENTRAL 138 kV.ElmNet\Hainamosa.ElmSite\ZHNSAE.ElmSubstat\E9.ElmTerm\Cub_1.StaCubic\ZHNSAE_ZLMINE-L3-7SA522.ElmRelay\ZPol15.RelZpol,0,SANTO DOMINGO,CENTRAL,CENTRAL 138 kV,ZHNSAE,ZPol15
Pol_Z1,,\VM-PF.IntUser\PDD 30-09-2025.IntPrj\Network Model.IntPrjfolder\Network Data.IntPrjfolder\CENTRAL 138 kV.ElmNet\Hainamosa.ElmSite\ZHNSAE.ElmSubstat\E9.ElmTerm\Cub_1.StaCubic\ZHNSAE_ZLMINE-L3-7SD52.ElmRelay\Distance/Overcurrent/Voltage.ElmRelay\Pol_Z1.RelZpol,0,SANTO DOMINGO,CENTRAL,CENTRAL 138 kV,ZHNSAE,Pol_Z1
Pol_Z1b-Z2-Z5,,\VM-PF.IntUser\PDD 30-09-2025.IntPrj\Network Model.IntPrjfolder\Network Data.IntPrjfolder\CENTRAL 138 kV.ElmNet\Hainamosa.ElmSite\ZHNSAE.ElmSubstat\E9.ElmTerm\Cub_1.StaCubic\ZHNSAE_ZLMINE-L3-7SD52.ElmRelay\Distance/Overcurrent/Voltage.ElmRelay\Pol_Z1b-Z2-Z5.RelZpol,0,SANTO DOMINGO,CENTRAL,CENTRAL 138 kV,ZHNSAE,Pol_Z1b-Z2-Z5
Polarizing Z1,,\VM-PF.IntUser\PDD 30-09-2025.IntPrj\Network Model.IntPrjfolder\Network Data.IntPrjfolder\CENTRAL 138 kV.ElmNet\Villa Duarte.ElmSite\ZVDUAE.ElmSubstat\E4.ElmTerm\Cub_1.StaCubic\ZVDUAE_ZTIM2E-L1-7SA6.ElmRelay\Distance Polygonal.ElmRelay\Polarizing Z1.RelZpol,0,SANTO DOMINGO,CENTRAL,CENTRAL 138 kV,ZVDUAE,Polarizing Z1
Polarizing Z1b-Z5,,\VM-PF.IntUser\PDD 30-09-2025.IntPrj\Network Model.IntPrjfolder\Network Data.IntPrjfolder\CENTRAL 138 kV.ElmNet\Villa Duarte.ElmSite\ZVDUAE.ElmSubstat\E4.ElmTerm\Cub_1.StaCubic\ZVDUAE_ZTIM2E-L1-7SA6.ElmRelay\Distance Polygonal.ElmRelay\Polarizing Z1b-Z5.RelZpol,0,SANTO DOMINGO,CENTRAL,CENTRAL 138 kV,ZVDUAE,Polarizing Z1b-Z5
Polarizing Z1,,\VM-PF.IntUser\PDD 30-09-2025.IntPrj\Network Model.IntPrjfolder\Network Data.IntPrjfolder\CENTRAL 138 kV.ElmNet\Villa Duarte.ElmSite\ZVDUAE.ElmSubstat\E1.ElmTerm\Cub_1.StaCubic\ZVDUAE_ZLMINE-L1-7SA6.ElmRelay\Distance Polygonal.ElmRelay\Polarizing Z1.RelZpol,0,SANTO DOMINGO,CENTRAL,CENTRAL 138 kV,ZVDUAE,Polarizing Z1
Polarizing Z1b-Z5,,\VM-PF.IntUser\PDD 30-09-2025.IntPrj\Network Model.IntPrjfolder\Network Data.IntPrjfolder\CENTRAL 138 kV.ElmNet\Villa Duarte.ElmSite\ZVDUAE.ElmSubstat\E1.ElmTerm\Cub_1.StaCubic\ZVDUAE_ZLMINE-L1-7SA6.ElmRelay\Distance Polygonal.ElmRelay\Polarizing Z1b-Z5.RelZpol,0,SANTO DOMINGO,CENTRAL,CENTRAL 138 kV,ZVDUAE,Polarizing Z1b-Z5
Polarizing Z1,,\VM-PF.IntUser\PDD 30-09-2025.IntPrj\Network Model.IntPrjfolder\Network Data.IntPrjfolder\CENTRAL 138 kV.ElmNet\Villa Duarte.ElmSite\ZVDUAE.ElmSubstat\E5.ElmTerm\Cub_1.StaCubic\ZVDUAE_ZEBRIE-L1-7SA6.ElmRelay\Distance Polygonal.ElmRelay\Polarizing Z1.RelZpol,0,SANTO DOMINGO,CENTRAL,CENTRAL 138 kV,ZVDUAE,Polarizing Z1
Polarizing Z1b-Z5,,\VM-PF.IntUser\PDD 30-09-2025.IntPrj\Network Model.IntPrjfolder\Network Data.IntPrjfolder\CENTRAL 138 kV.ElmNet\Villa Duarte.ElmSite\ZVDUAE.ElmSubstat\E5.ElmTerm\Cub_1.StaCubic\ZVDUAE_ZEBRIE-L1-7SA6.ElmRelay\Distance Polygonal.ElmRelay\Polarizing Z1b-Z5.RelZpol,0,SANTO DOMINGO,CENTRAL,CENTRAL 138 kV,ZVDUAE,Polarizing Z1b-Z5
Polarizing Z1,,\VM-PF.IntUser\PDD 30-09-2025.IntPrj\Network Model.IntPrjfolder\Network Data.IntPrjfolder\CENTRAL 138 kV.ElmNet\Villa Duarte.ElmSite\ZVDUAE.ElmSubstat\E3.ElmTerm\Cub_1.StaCubic\ZVDUAE_ZHNSAE-L1-7SA6.ElmRelay\Distance Polygonal.ElmRelay\Polarizing Z1.RelZpol,0,SANTO DOMINGO,CENTRAL,CENTRAL 138 kV,ZVDUAE,Polarizing Z1
Polarizing Z1b-Z5,,\VM-PF.IntUser\PDD 30-09-2025.IntPrj\Network Model.IntPrjfolder\Network Data.IntPrjfolder\CENTRAL 138 kV.ElmNet\Villa Duarte.ElmSite\ZVDUAE.ElmSubstat\E3.ElmTerm\Cub_1.StaCubic\ZVDUAE_ZHNSAE-L1-7SA6.ElmRelay\Distance Polygonal.ElmRelay\Polarizing Z1b-Z5.RelZpol,0,SANTO DOMINGO,CENTRAL,CENTRAL 138 kV,ZVDUAE,Polarizing Z1b-Z5
Polarizing Z1,,\VM-PF.IntUser\PDD 30-09-2025.IntPrj\Network Model.IntPrjfolder\Network Data.IntPrjfolder\CENTRAL 138 kV.ElmNet\ZMATAE.ElmSubstat\L1.ElmTerm\Cub_1.StaCubic\ZMATBE_ZHAINE-L1-7SA6.ElmRelay\Distance Polygonal.ElmRelay\Polarizing Z1.RelZpol,0,DISTRITO NACIONAL,CENTRAL,CENTRAL 138 kV,ZMATAE,Polarizing Z1
Polarizing Z1b-Z5,,\VM-PF.IntUser\PDD 30-09-2025.IntPrj\Network Model.IntPrjfolder\Network Data.IntPrjfolder\CENTRAL 138 kV.ElmNet\ZMATAE.ElmSubstat\L1.ElmTerm\Cub_1.StaCubic\ZMATBE_ZHAINE-L1-7SA6.ElmRelay\Distance Polygonal.ElmRelay\Polarizing Z1b-Z5.RelZpol,0,DISTRITO NACIONAL,CENTRAL,CENTRAL 138 kV,ZMATAE,Polarizing Z1b-Z5
Polarizing,,\VM-PF.IntUser\PDD 30-09-2025.IntPrj\Network Model.IntPrjfolder\Network Data.IntPrjfolder\CENTRAL 138 kV.ElmNet\ZMATAE.ElmSubstat\L2.ElmTerm\Cub_1.StaCubic\ZMATBE_ZUASDE-L1-REL316-87L.ElmRelay\Polarizing.RelZpol,0,DISTRITO NACIONAL,CENTRAL,CENTRAL 138 kV,ZMATAE,Polarizing
Polarizing,,\VM-PF.IntUser\PDD 30-09-2025.IntPrj\Network Model.IntPrjfolder\Network Data.IntPrjfolder\CENTRAL 138 kV.ElmNet\ZMATAE.ElmSubstat\L2.ElmTerm\Cub_1.StaCubic\ZMATBE_ZUASDE-L1-REL316.ElmRelay\Polarizing.RelZpol,0,DISTRITO NACIONAL,CENTRAL,CENTRAL 138 kV,ZMATAE,Polarizing
Polarizing,,\VM-PF.IntUser\PDD 30-09-2025.IntPrj\Network Model.IntPrjfolder\Network Data.IntPrjfolder\CENTRAL 138 kV.ElmNet\ZMATAE.ElmSubstat\L3.ElmTerm\Cub_1.StaCubic\ZMATBE_ZMETAE-L1-RED670.ElmRelay\Polarizing.RelZpol,0,DISTRITO NACIONAL,CENTRAL,CENTRAL 138 kV,ZMATAE,Polarizing
Polarizing20,,\VM-PF.IntUser\PDD 30-09-2025.IntPrj\Network Model.IntPrjfolder\Network Data.IntPrjfolder\CENTRAL 138 kV.ElmNet\ZMATAE.ElmSubstat\L3.ElmTerm\Cub_1.StaCubic\ZMATBE_ZMETAE-L1-RED670.ElmRelay\Polarizing20.RelZpol,0,DISTRITO NACIONAL,CENTRAL,CENTRAL 138 kV,ZMATAE,Polarizing20
ZMH1 KN,,\VM-PF.IntUser\PDD 30-09-2025.IntPrj\Network Model.IntPrjfolder\Network Data.IntPrjfolder\CENTRAL 138 kV.ElmNet\ZMATAE.ElmSubstat\L3.ElmTerm\Cub_1.StaCubic\ZMATBE_ZMETAE-L1-RED670.ElmRelay\ZMHPDIS.ElmRelay\ZMH1 KN.RelZpol,0,DISTRITO NACIONAL,CENTRAL,CENTRAL 138 kV,ZMATAE,ZMH1 KN
ZMH2 KN,,\VM-PF.IntUser\PDD 30-09-2025.IntPrj\Network Model.IntPrjfolder\Network Data.IntPrjfolder\CENTRAL 138 kV.ElmNet\ZMATAE.ElmSubstat\L3.ElmTerm\Cub_1.StaCubic\ZMATBE_ZMETAE-L1-RED670.ElmRelay\ZMHPDIS.ElmRelay\ZMH2 KN.RelZpol,0,DISTRITO NACIONAL,CENTRAL,CENTRAL 138 kV,ZMATAE,ZMH2 KN
ZMH3 KN,,\VM-PF.IntUser\PDD 30-09-2025.IntPrj\Network Model.IntPrjfolder\Network Data.IntPrjfolder\CENTRAL 138 kV.ElmNet\ZMATAE.ElmSubstat\L3.ElmTerm\Cub_1.StaCubic\ZMATBE_ZMETAE-L1-RED670.ElmRelay\ZMHPDIS.ElmRelay\ZMH3 KN.RelZpol,0,DISTRITO NACIONAL,CENTRAL,CENTRAL 138 kV,ZMATAE,ZMH3 KN
ZMH4 KN,,\VM-PF.IntUser\PDD 30-09-2025.IntPrj\Network Model.IntPrjfolder\Network Data.IntPrjfolder\CENTRAL 138 kV.ElmNet\ZMATAE.ElmSubstat\L3.ElmTerm\Cub_1.StaCubic\ZMATBE_ZMETAE-L1-RED670.ElmRelay\ZMHPDIS.ElmRelay\ZMH4 KN.RelZpol,0,DISTRITO NACIONAL,CENTRAL,CENTRAL 138 kV,ZMATAE,ZMH4 KN
ZMH5 KN,,\VM-PF.IntUser\PDD 30-09-2025.IntPrj\Network Model.IntPrjfolder\Network Data.IntPrjfolder\CENTRAL 138 kV.ElmNet\ZMATAE.ElmSubstat\L3.ElmTerm\Cub_1.StaCubic\ZMATBE_ZMETAE-L1-RED670.ElmRelay\ZMHPDIS.ElmRelay\ZMH5 KN.RelZpol,0,DISTRITO NACIONAL,CENTRAL,CENTRAL 138 kV,ZMATAE,ZMH5 KN
Polarizing,,\VM-PF.IntUser\PDD 30-09-2025.IntPrj\Network Model.IntPrjfolder\Network Data.IntPrjfolder\CENTRAL 138 kV.ElmNet\ZMATAE.ElmSubstat\L3.ElmTerm\Cub_1.StaCubic\ZMATBE_ZMETAE-L1-RED670.ElmRelay\SC Dir-Z.ElmRelay\Polarizing.RelZpol,0,DISTRITO NACIONAL,CENTRAL,CENTRAL 138 kV,ZMATAE,Polarizing
Polarizing Z1,,\VM-PF.IntUser\PDD 30-09-2025.IntPrj\Network Model.IntPrjfolder\Network Data.IntPrjfolder\CENTRAL 138 kV.ElmNet\ZMATAE.ElmSubstat\R1.ElmTerm\Cub_1.StaCubic\ZMATBE_ZHAINE-L2-7SA6.ElmRelay\Distance Polygonal.ElmRelay\Polarizing Z1.RelZpol,0,DISTRITO NACIONAL,CENTRAL,CENTRAL 138 kV,ZMATAE,Polarizing Z1
Polarizing Z1b-Z5,,\VM-PF.IntUser\PDD 30-09-2025.IntPrj\Network Model.IntPrjfolder\Network Data.IntPrjfolder\CENTRAL 138 kV.ElmNet\ZMATAE.ElmSubstat\R1.ElmTerm\Cub_1.StaCubic\ZMATBE_ZHAINE-L2-7SA6.ElmRelay\Distance Polygonal.ElmRelay\Polarizing Z1b-Z5.RelZpol,0,DISTRITO NACIONAL,CENTRAL,CENTRAL 138 kV,ZMATAE,Polarizing Z1b-Z5
Polarizing Z1,,\VM-PF.IntUser\PDD 30-09-2025.IntPrj\Network Model.IntPrjfolder\Network Data.IntPrjfolder\CENTRAL 138 kV.ElmNet\ZMATAE.ElmSubstat\R2.ElmTerm\Cub_1.StaCubic\ZMATAE_ZEMBAE-L1-7SA6.ElmRelay\Distance Polygonal.ElmRelay\Polarizing Z1.RelZpol,0,DISTRITO NACIONAL,CENTRAL,CENTRAL 138 kV,ZMATAE,Polarizing Z1
Polarizing Z1b-Z5,,\VM-PF.IntUser\PDD 30-09-2025.IntPrj\Network Model.IntPrjfolder\Network Data.IntPrjfolder\CENTRAL 138 kV.ElmNet\ZMATAE.ElmSubstat\R2.ElmTerm\Cub_1.StaCubic\ZMATAE_ZEMBAE-L1-7SA6.ElmRelay\Distance Polygonal.ElmRelay\Polarizing Z1b-Z5.RelZpol,0,DISTRITO NACIONAL,CENTRAL,CENTRAL 138 kV,ZMATAE,Polarizing Z1b-Z5
Polarizing Z1,,\VM-PF.IntUser\PDD 30-09-2025.IntPrj\Network Model.IntPrjfolder\Network Data.IntPrjfolder\CENTRAL 138 kV.ElmNet\AES Andrés.ElmSite\ZAANDE.ElmSubstat\1.ElmTerm\Cub_1.StaCubic\ZAANDE_ZAAINE-L1-P44x.ElmRelay\Polarizing Z1.RelZpol,0,SANTO DOMINGO,CENTRAL,CENTRAL 138 kV,ZAANDE,Polarizing Z1
Polarizing Z2,,\VM-PF.IntUser\PDD 30-09-2025.IntPrj\Network Model.IntPrjfolder\Network Data.IntPrjfolder\CENTRAL 138 kV.ElmNet\AES Andrés.ElmSite\ZAANDE.ElmSubstat\1.ElmTerm\Cub_1.StaCubic\ZAANDE_ZAAINE-L1-P44x.ElmRelay\Polarizing Z2.RelZpol,0,SANTO DOMINGO,CENTRAL,CENTRAL 138 kV,ZAANDE,Polarizing Z2
Polarizing Z3,,\VM-PF.IntUser\PDD 30-09-2025.IntPrj\Network Model.IntPrjfolder\Network Data.IntPrjfolder\CENTRAL 138 kV.ElmNet\AES Andrés.ElmSite\ZAANDE.ElmSubstat\1.ElmTerm\Cub_1.StaCubic\ZAANDE_ZAAINE-L1-P44x.ElmRelay\Polarizing Z3.RelZpol,0,SANTO DOMINGO,CENTRAL,CENTRAL 138 kV,ZAANDE,Polarizing Z3
Polarizing ZP,,\VM-PF.IntUser\PDD 30-09-2025.IntPrj\Network Model.IntPrjfolder\Network Data.IntPrjfolder\CENTRAL 138 kV.ElmNet\AES Andrés.ElmSite\ZAANDE.ElmSubstat\1.ElmTerm\Cub_1.StaCubic\ZAANDE_ZAAINE-L1-P44x.ElmRelay\Polarizing ZP.RelZpol,0,SANTO DOMINGO,CENTRAL,CENTRAL 138 kV,ZAANDE,Polarizing ZP
Polarizing Z4,,\VM-PF.IntUser\PDD 30-09-2025.IntPrj\Network Model.IntPrjfolder\Network Data.IntPrjfolder\CENTRAL 138 kV.ElmNet\AES Andrés.ElmSite\ZAANDE.ElmSubstat\1.ElmTerm\Cub_1.StaCubic\ZAANDE_ZAAINE-L1-P44x.ElmRelay\Polarizing Z4.RelZpol,0,SANTO DOMINGO,CENTRAL,CENTRAL 138 kV,ZAANDE,Polarizing Z4
Polarizing,,\VM-PF.IntUser\PDD 30-09-2025.IntPrj\Network Model.IntPrjfolder\Network Data.IntPrjfolder\CENTRAL 138 kV.ElmNet\METALDOM.ElmSite\ZMETAE.ElmSubstat\WMETAE(1).ElmTerm\WBMETAE(1).StaCubic\ZMETAE_ZMATBE-L1-RED670.ElmRelay\Polarizing.RelZpol,0,DISTRITO NACIONAL,CENTRAL,CENTRAL 138 kV,ZMETAE,Polarizing
Polarizing20,,\VM-PF.IntUser\PDD 30-09-2025.IntPrj\Network Model.IntPrjfolder\Network Data.IntPrjfolder\CENTRAL 138 kV.ElmNet\METALDOM.ElmSite\ZMETAE.ElmSubstat\WMETAE(1).ElmTerm\WBMETAE(1).StaCubic\ZMETAE_ZMATBE-L1-RED670.ElmRelay\Polarizing20.RelZpol,0,DISTRITO NACIONAL,CENTRAL,CENTRAL 138 kV,ZMETAE,Polarizing20
ZMH1 KN,,\VM-PF.IntUser\PDD 30-09-2025.IntPrj\Network Model.IntPrjfolder\Network Data.IntPrjfolder\CENTRAL 138 kV.ElmNet\METALDOM.ElmSite\ZMETAE.ElmSubstat\WMETAE(1).ElmTerm\WBMETAE(1).StaCubic\ZMETAE_ZMATBE-L1-RED670.ElmRelay\ZMHPDIS.ElmRelay\ZMH1 KN.RelZpol,0,DISTRITO NACIONAL,CENTRAL,CENTRAL 138 kV,ZMETAE,ZMH1 KN
ZMH2 KN,,\VM-PF.IntUser\PDD 30-09-2025.IntPrj\Network Model.IntPrjfolder\Network Data.IntPrjfolder\CENTRAL 138 kV.ElmNet\METALDOM.ElmSite\ZMETAE.ElmSubstat\WMETAE(1).ElmTerm\WBMETAE(1).StaCubic\ZMETAE_ZMATBE-L1-RED670.ElmRelay\ZMHPDIS.ElmRelay\ZMH2 KN.RelZpol,0,DISTRITO NACIONAL,CENTRAL,CENTRAL 138 kV,ZMETAE,ZMH2 KN
ZMH3 KN,,\VM-PF.IntUser\PDD 30-09-2025.IntPrj\Network Model.IntPrjfolder\Network Data.IntPrjfolder\CENTRAL 138 kV.ElmNet\METALDOM.ElmSite\ZMETAE.ElmSubstat\WMETAE(1).ElmTerm\WBMETAE(1).StaCubic\ZMETAE_ZMATBE-L1-RED670.ElmRelay\ZMHPDIS.ElmRelay\ZMH3 KN.RelZpol,0,DISTRITO NACIONAL,CENTRAL,CENTRAL 138 kV,ZMETAE,ZMH3 KN
ZMH4 KN,,\VM-PF.IntUser\PDD 30-09-2025.IntPrj\Network Model.IntPrjfolder\Network Data.IntPrjfolder\CENTRAL 138 kV.ElmNet\METALDOM.ElmSite\ZMETAE.ElmSubstat\WMETAE(1).ElmTerm\WBMETAE(1).StaCubic\ZMETAE_ZMATBE-L1-RED670.ElmRelay\ZMHPDIS.ElmRelay\ZMH4 KN.RelZpol,0,DISTRITO NACIONAL,CENTRAL,CENTRAL 138 kV,ZMETAE,ZMH4 KN
ZMH5 KN,,\VM-PF.IntUser\PDD 30-09-2025.IntPrj\Network Model.IntPrjfolder\Network Data.IntPrjfolder\CENTRAL 138 kV.ElmNet\METALDOM.ElmSite\ZMETAE.ElmSubstat\WMETAE(1).ElmTerm\WBMETAE(1).StaCubic\ZMETAE_ZMATBE-L1-RED670.ElmRelay\ZMHPDIS.ElmRelay\ZMH5 KN.RelZpol,0,DISTRITO NACIONAL,CENTRAL,CENTRAL 138 kV,ZMETAE,ZMH5 KN
Polarizing,,\VM-PF.IntUser\PDD 30-09-2025.IntPrj\Network Model.IntPrjfolder\Network Data.IntPrjfolder\CENTRAL 138 kV.ElmNet\METALDOM.ElmSite\ZMETAE.ElmSubstat\WMETAE(1).ElmTerm\WBMETAE(1).StaCubic\ZMETAE_ZMATBE-L1-RED670.ElmRelay\SC Dir-Z.ElmRelay\Polarizing.RelZpol,0,DISTRITO NACIONAL,CENTRAL,CENTRAL 138 kV,ZMETAE,Polarizing
Polarizing,,\VM-PF.IntUser\PDD 30-09-2025.IntPrj\Network Model.IntPrjfolder\Network Data.IntPrjfolder\CENTRAL 138 kV.ElmNet\ZPARAE.ElmSubstat\WPARAE(6).ElmTerm\WBPARA(1).StaCubic\ZPARAE_ZMETRE-L1-REL316-87L.ElmRelay\Polarizing.RelZpol,0,DISTRITO NACIONAL,CENTRAL,CENTRAL 138 kV,ZPARAE,Polarizing
Polarizing,,\VM-PF.IntUser\PDD 30-09-2025.IntPrj\Network Model.IntPrjfolder\Network Data.IntPrjfolder\CENTRAL 138 kV.ElmNet\ZPARAE.ElmSubstat\WPARAE(6).ElmTerm\WBPARA(1).StaCubic\ZPARAE_ZMETRE-L1-REL316.ElmRelay\Polarizing.RelZpol,0,DISTRITO NACIONAL,CENTRAL,CENTRAL 138 kV,ZPARAE,Polarizing
Polarizing,,\VM-PF.IntUser\PDD 30-09-2025.IntPrj\Network Model.IntPrjfolder\Network Data.IntPrjfolder\CENTRAL 138 kV.ElmNet\ZPARAE.ElmSubstat\1.ElmTerm\Cub_1.StaCubic\ZPARAE_ZJSA2E-L1-REL316.ElmRelay\Polarizing.RelZpol,0,DISTRITO NACIONAL,CENTRAL,CENTRAL 138 kV,ZPARAE,Polarizing
Polarizing,,\VM-PF.IntUser\PDD 30-09-2025.IntPrj\Network Model.IntPrjfolder\Network Data.IntPrjfolder\CENTRAL 138 kV.ElmNet\ZPARAE.ElmSubstat\2.ElmTerm\WBPARA(1).StaCubic\ZPARAE_ZMETRE-L1-REL316.ElmRelay\Polarizing.RelZpol,0,DISTRITO NACIONAL,CENTRAL,CENTRAL 138 kV,ZPARAE,Polarizing
Polarizing,,\VM-PF.IntUser\PDD 30-09-2025.IntPrj\Network Model.IntPrjfolder\Network Data.IntPrjfolder\CENTRAL 138 kV.ElmNet\ZPARAE.ElmSubstat\2.ElmTerm\WBPARA(1).StaCubic\ZPARAE_ZMETRE-L1-REL316-87L.ElmRelay\Polarizing.RelZpol,0,DISTRITO NACIONAL,CENTRAL,CENTRAL 138 kV,ZPARAE,Polarizing
Polarizing Z1,,\VM-PF.IntUser\PDD 30-09-2025.IntPrj\Network Model.IntPrjfolder\Network Data.IntPrjfolder\CENTRAL 138 kV.ElmNet\Timbeque 2.ElmSite\ZTIM2E.ElmSubstat\L2.ElmTerm\Cub_1.StaCubic\ZTIM2E_ZLMINE-L1-7SA6.ElmRelay\Distance Polygonal.ElmRelay\Polarizing Z1.RelZpol,0,DISTRITO NACIONAL,CENTRAL,CENTRAL 138 kV,ZTIM2E,Polarizing Z1
Polarizing Z1b-Z5,,\VM-PF.IntUser\PDD 30-09-2025.IntPrj\Network Model.IntPrjfolder\Network Data.IntPrjfolder\CENTRAL 138 kV.ElmNet\Timbeque 2.ElmSite\ZTIM2E.ElmSubstat\L2.ElmTerm\Cub_1.StaCubic\ZTIM2E_ZLMINE-L1-7SA6.ElmRelay\Distance Polygonal.ElmRelay\Polarizing Z1b-Z5.RelZpol,0,DISTRITO NACIONAL,CENTRAL,CENTRAL 138 kV,ZTIM2E,Polarizing Z1b-Z5
Polarizing Z1,,\VM-PF.IntUser\PDD 30-09-2025.IntPrj\Network Model.IntPrjfolder\Network Data.IntPrjfolder\CENTRAL 138 kV.ElmNet\Timbeque 2.ElmSite\ZTIM2E.ElmSubstat\R1.ElmTerm\Cub_1.StaCubic\ZTIM2E_ZVDUAE-L1-7SA6.ElmRelay\Distance Polygonal.ElmRelay\Polarizing Z1.RelZpol,0,DISTRITO NACIONAL,CENTRAL,CENTRAL 138 kV,ZTIM2E,Polarizing Z1
Polarizing Z1b-Z5,,\VM-PF.IntUser\PDD 30-09-2025.IntPrj\Network Model.IntPrjfolder\Network Data.IntPrjfolder\CENTRAL 138 kV.ElmNet\Timbeque 2.ElmSite\ZTIM2E.ElmSubstat\R1.ElmTerm\Cub_1.StaCubic\ZTIM2E_ZVDUAE-L1-7SA6.ElmRelay\Distance Polygonal.ElmRelay\Polarizing Z1b-Z5.RelZpol,0,DISTRITO NACIONAL,CENTRAL,CENTRAL 138 kV,ZTIM2E,Polarizing Z1b-Z5
Polarizing Z1,,\VM-PF.IntUser\PDD 30-09-2025.IntPrj\Network Model.IntPrjfolder\Network Data.IntPrjfolder\CENTRAL 138 kV.ElmNet\Timbeque 2.ElmSite\ZTIM2E.ElmSubstat\R2.ElmTerm\Cub_1.StaCubic\ZTIM2E_ZCNPEE-L1-7SA6.ElmRelay\Distance Polygonal.ElmRelay\Polarizing Z1.RelZpol,0,DISTRITO NACIONAL,CENTRAL,CENTRAL 138 kV,ZTIM2E,Polarizing Z1
Polarizing Z1b-Z5,,\VM-PF.IntUser\PDD 30-09-2025.IntPrj\Network Model.IntPrjfolder\Network Data.IntPrjfolder\CENTRAL 138 kV.ElmNet\Timbeque 2.ElmSite\ZTIM2E.ElmSubstat\R2.ElmTerm\Cub_1.StaCubic\ZTIM2E_ZCNPEE-L1-7SA6.ElmRelay\Distance Polygonal.ElmRelay\Polarizing Z1b-Z5.RelZpol,0,DISTRITO NACIONAL,CENTRAL,CENTRAL 138 kV,ZTIM2E,Polarizing Z1b-Z5
Polarizing Z1,,\VM-PF.IntUser\PDD 30-09-2025.IntPrj\Network Model.IntPrjfolder\Network Data.IntPrjfolder\CENTRAL 138 kV.ElmNet\Palamara.ElmSite\ZPALAE.ElmSubstat\1.ElmTerm\Cub_1.StaCubic\ZPALAE_ZBON2E-L1-7SA6.ElmRelay\Distance Polygonal.ElmRelay\Polarizing Z1.RelZpol,0,SANTO DOMINGO,CENTRAL,CENTRAL 138 kV,ZPALAE,Polarizing Z1
Polarizing Z1b-Z5,,\VM-PF.IntUser\PDD 30-09-2025.IntPrj\Network Model.IntPrjfolder\Network Data.IntPrjfolder\CENTRAL 138 kV.ElmNet\Palamara.ElmSite\ZPALAE.ElmSubstat\1.ElmTerm\Cub_1.StaCubic\ZPALAE_ZBON2E-L1-7SA6.ElmRelay\Distance Polygonal.ElmRelay\Polarizing Z1b-Z5.RelZpol,0,SANTO DOMINGO,CENTRAL,CENTRAL 138 kV,ZPALAE,Polarizing Z1b-Z5
Polarizing Z1,,\VM-PF.IntUser\PDD 30-09-2025.IntPrj\Network Model.IntPrjfolder\Network Data.IntPrjfolder\CENTRAL 138 kV.ElmNet\Palamara.ElmSite\ZPALAE.ElmSubstat\2.ElmTerm\Cub_1.StaCubic\ZPALAE_ZBON2E-L2-7SA6.ElmRelay\Distance Polygonal.ElmRelay\Polarizing Z1.RelZpol,0,SANTO DOMINGO,CENTRAL,CENTRAL 138 kV,ZPALAE,Polarizing Z1
Polarizing Z1b-Z5,,\VM-PF.IntUser\PDD 30-09-2025.IntPrj\Network Model.IntPrjfolder\Network Data.IntPrjfolder\CENTRAL 138 kV.ElmNet\Palamara.ElmSite\ZPALAE.ElmSubstat\2.ElmTerm\Cub_1.StaCubic\ZPALAE_ZBON2E-L2-7SA6.ElmRelay\Distance Polygonal.ElmRelay\Polarizing Z1b-Z5.RelZpol,0,SANTO DOMINGO,CENTRAL,CENTRAL 138 kV,ZPALAE,Polarizing Z1b-Z5
Pol_Z1,,\VM-PF.IntUser\PDD 30-09-2025.IntPrj\Network Model.IntPrjfolder\Network Data.IntPrjfolder\CENTRAL 138 kV.ElmNet\Palamara.ElmSite\ZPALAE.ElmSubstat\3.ElmTerm\Cub_1.StaCubic\ZPAL1E_ZJSA2E-L2-7SA522.ElmRelay\Pol_Z1.RelZpol,0,SANTO DOMINGO,CENTRAL,CENTRAL 138 kV,ZPALAE,Pol_Z1
Pol_Z1b-Z2-Z5,,\VM-PF.IntUser\PDD 30-09-2025.IntPrj\Network Model.IntPrjfolder\Network Data.IntPrjfolder\CENTRAL 138 kV.ElmNet\Palamara.ElmSite\ZPALAE.ElmSubstat\3.ElmTerm\Cub_1.StaCubic\ZPAL1E_ZJSA2E-L2-7SA522.ElmRelay\Pol_Z1b-Z2-Z5.RelZpol,0,SANTO DOMINGO,CENTRAL,CENTRAL 138 kV,ZPALAE,Pol_Z1b-Z2-Z5
ZPol15,,\VM-PF.IntUser\PDD 30-09-2025.IntPrj\Network Model.IntPrjfolder\Network Data.IntPrjfolder\CENTRAL 138 kV.ElmNet\Palamara.ElmSite\ZPALAE.ElmSubstat\3.ElmTerm\Cub_1.StaCubic\ZPAL1E_ZJSA2E-L2-7SA522.ElmRelay\ZPol15.RelZpol,0,SANTO DOMINGO,CENTRAL,CENTRAL 138 kV,ZPALAE,ZPol15
Pol_Z1,,\VM-PF.IntUser\PDD 30-09-2025.IntPrj\Network Model.IntPrjfolder\Network Data.IntPrjfolder\CENTRAL 138 kV.ElmNet\Palamara.ElmSite\ZPALAE.ElmSubstat\4.ElmTerm\Cub_1.StaCubic\ZPAL1E_ZJSA2E-L1-7SA522.ElmRelay\Pol_Z1.RelZpol,0,SANTO DOMINGO,CENTRAL,CENTRAL 138 kV,ZPALAE,Pol_Z1
Pol_Z1b-Z2-Z5,,\VM-PF.IntUser\PDD 30-09-2025.IntPrj\Network Model.IntPrjfolder\Network Data.IntPrjfolder\CENTRAL 138 kV.ElmNet\Palamara.ElmSite\ZPALAE.ElmSubstat\4.ElmTerm\Cub_1.StaCubic\ZPAL1E_ZJSA2E-L1-7SA522.ElmRelay\Pol_Z1b-Z2-Z5.RelZpol,0,SANTO DOMINGO,CENTRAL,CENTRAL 138 kV,ZPALAE,Pol_Z1b-Z2-Z5
ZPol15,,\VM-PF.IntUser\PDD 30-09-2025.IntPrj\Network Model.IntPrjfolder\Network Data.IntPrjfolder\CENTRAL 138 kV.ElmNet\Palamara.ElmSite\ZPALAE.ElmSubstat\4.ElmTerm\Cub_1.StaCubic\ZPAL1E_ZJSA2E-L1-7SA522.ElmRelay\ZPol15.RelZpol,0,SANTO DOMINGO,CENTRAL,CENTRAL 138 kV,ZPALAE,ZPol15
Polarizing Z1,,\VM-PF.IntUser\PDD 30-09-2025.IntPrj\Network Model.IntPrjfolder\Network Data.IntPrjfolder\CENTRAL 138 kV.ElmNet\Palamara.ElmSite\ZPALAE.ElmSubstat\5.ElmTerm\Cub_1.StaCubic\ZPALAE_ZVMELE-L1-7SA611.ElmRelay\Distance Polygonal.ElmRelay\Polarizing Z1.RelZpol,0,SANTO DOMINGO,CENTRAL,CENTRAL 138 kV,ZPALAE,Polarizing Z1
Polarizing Z1b-Z5,,\VM-PF.IntUser\PDD 30-09-2025.IntPrj\Network Model.IntPrjfolder\Network Data.IntPrjfolder\CENTRAL 138 kV.ElmNet\Palamara.ElmSite\ZPALAE.ElmSubstat\5.ElmTerm\Cub_1.StaCubic\ZPALAE_ZVMELE-L1-7SA611.ElmRelay\Distance Polygonal.ElmRelay\Polarizing Z1b-Z5.RelZpol,0,SANTO DOMINGO,CENTRAL,CENTRAL 138 kV,ZPALAE,Polarizing Z1b-Z5
Polarizing Z1,,\VM-PF.IntUser\PDD 30-09-2025.IntPrj\Network Model.IntPrjfolder\Network Data.IntPrjfolder\CENTRAL 138 kV.ElmNet\Palamara.ElmSite\ZPALAE.ElmSubstat\6.ElmTerm\Cub_1.StaCubic\ZPALAE_ZHNS2E-L1-7SA611.ElmRelay\Distance Polygonal.ElmRelay\Polarizing Z1.RelZpol,0,SANTO DOMINGO,CENTRAL,CENTRAL 138 kV,ZPALAE,Polarizing Z1
Polarizing Z1b-Z5,,\VM-PF.IntUser\PDD 30-09-2025.IntPrj\Network Model.IntPrjfolder\Network Data.IntPrjfolder\CENTRAL 138 kV.ElmNet\Palamara.ElmSite\ZPALAE.ElmSubstat\6.ElmTerm\Cub_1.StaCubic\ZPALAE_ZHNS2E-L1-7SA611.ElmRelay\Distance Polygonal.ElmRelay\Polarizing Z1b-Z5.RelZpol,0,SANTO DOMINGO,CENTRAL,CENTRAL 138 kV,ZPALAE,Polarizing Z1b-Z5
Pol_Z1,,\VM-PF.IntUser\PDD 30-09-2025.IntPrj\Network Model.IntPrjfolder\Network Data.IntPrjfolder\CENTRAL 138 kV.ElmNet\Palamara.ElmSite\ZPALAE.ElmSubstat\7.ElmTerm\Cub_1.StaCubic\ZPALAE_ZAHO1E-L1-7SA522.ElmRelay\Pol_Z1.RelZpol,0,SANTO DOMINGO,CENTRAL,CENTRAL 138 kV,ZPALAE,Pol_Z1
Pol_Z1b-Z2-Z5,,\VM-PF.IntUser\PDD 30-09-2025.IntPrj\Network Model.IntPrjfolder\Network Data.IntPrjfolder\CENTRAL 138 kV.ElmNet\Palamara.ElmSite\ZPALAE.ElmSubstat\7.ElmTerm\Cub_1.StaCubic\ZPALAE_ZAHO1E-L1-7SA522.ElmRelay\Pol_Z1b-Z2-Z5.RelZpol,0,SANTO DOMINGO,CENTRAL,CENTRAL 138 kV,ZPALAE,Pol_Z1b-Z2-Z5
ZPol15,,\VM-PF.IntUser\PDD 30-09-2025.IntPrj\Network Model.IntPrjfolder\Network Data.IntPrjfolder\CENTRAL 138 kV.ElmNet\Palamara.ElmSite\ZPALAE.ElmSubstat\7.ElmTerm\Cub_1.StaCubic\ZPALAE_ZAHO1E-L1-7SA522.ElmRelay\ZPol15.RelZpol,0,SANTO DOMINGO,CENTRAL,CENTRAL 138 kV,ZPALAE,ZPol15
Polarizing Z1,,\VM-PF.IntUser\PDD 30-09-2025.IntPrj\Network Model.IntPrjfolder\Network Data.IntPrjfolder\CENTRAL 138 kV.ElmNet\Palamara.ElmSite\ZPALAE.ElmSubstat\8.ElmTerm\Cub_1.StaCubic\ZPALAE_ZITABE-L1-7SA6.ElmRelay\Distance Polygonal.ElmRelay\Polarizing Z1.RelZpol,0,SANTO DOMINGO,CENTRAL,CENTRAL 138 kV,ZPALAE,Polarizing Z1
Polarizing Z1b-Z5,,\VM-PF.IntUser\PDD 30-09-2025.IntPrj\Network Model.IntPrjfolder\Network Data.IntPrjfolder\CENTRAL 138 kV.ElmNet\Palamara.ElmSite\ZPALAE.ElmSubstat\8.ElmTerm\Cub_1.StaCubic\ZPALAE_ZITABE-L1-7SA6.ElmRelay\Distance Polygonal.ElmRelay\Polarizing Z1b-Z5.RelZpol,0,SANTO DOMINGO,CENTRAL,CENTRAL 138 kV,ZPALAE,Polarizing Z1b-Z5
Polarizing Z1,,\VM-PF.IntUser\PDD 30-09-2025.IntPrj\Network Model.IntPrjfolder\Network Data.IntPrjfolder\CENTRAL 138 kV.ElmNet\Palamara.ElmSite\ZPALAE.ElmSubstat\11.ElmTerm\Cub_1.StaCubic\ZPALAE_ZSCNOE-L1-7SA6.ElmRelay\Distance Polygonal.ElmRelay\Polarizing Z1.RelZpol,0,SANTO DOMINGO,CENTRAL,CENTRAL 138 kV,ZPALAE,Polarizing Z1
Polarizing Z1b-Z5,,\VM-PF.IntUser\PDD 30-09-2025.IntPrj\Network Model.IntPrjfolder\Network Data.IntPrjfolder\CENTRAL 138 kV.ElmNet\Palamara.ElmSite\ZPALAE.ElmSubstat\11.ElmTerm\Cub_1.StaCubic\ZPALAE_ZSCNOE-L1-7SA6.ElmRelay\Distance Polygonal.ElmRelay\Polarizing Z1b-Z5.RelZpol,0,SANTO DOMINGO,CENTRAL,CENTRAL 138 kV,ZPALAE,Polarizing Z1b-Z5
Polarizing Z1,,\VM-PF.IntUser\PDD 30-09-2025.IntPrj\Network Model.IntPrjfolder\Network Data.IntPrjfolder\CENTRAL 138 kV.ElmNet\Palamara.ElmSite\ZPALAE.ElmSubstat\12.ElmTerm\Cub_1.StaCubic\ZPALAE_ZVALDE-L1-7SA6.ElmRelay\Distance Polygonal.ElmRelay\Polarizing Z1.RelZpol,0,SANTO DOMINGO,CENTRAL,CENTRAL 138 kV,ZPALAE,Polarizing Z1
Polarizing Z1b-Z5,,\VM-PF.IntUser\PDD 30-09-2025.IntPrj\Network Model.IntPrjfolder\Network Data.IntPrjfolder\CENTRAL 138 kV.ElmNet\Palamara.ElmSite\ZPALAE.ElmSubstat\12.ElmTerm\Cub_1.StaCubic\ZPALAE_ZVALDE-L1-7SA6.ElmRelay\Distance Polygonal.ElmRelay\Polarizing Z1b-Z5.RelZpol,0,SANTO DOMINGO,CENTRAL,CENTRAL 138 kV,ZPALAE,Polarizing Z1b-Z5
Polarizing Z1,,\VM-PF.IntUser\PDD 30-09-2025.IntPrj\Network Model.IntPrjfolder\Network Data.IntPrjfolder\CENTRAL 138 kV.ElmNet\ZLMINE.ElmSubstat\R2.ElmTerm\Cub_1.StaCubic\ZLMINE_ZVDUAE-L1-7SA6.ElmRelay\Distance Polygonal.ElmRelay\Polarizing Z1.RelZpol,0,SANTO DOMINGO,CENTRAL,CENTRAL 138 kV,ZLMINE,Polarizing Z1
Polarizing Z1b-Z5,,\VM-PF.IntUser\PDD 30-09-2025.IntPrj\Network Model.IntPrjfolder\Network Data.IntPrjfolder\CENTRAL 138 kV.ElmNet\ZLMINE.ElmSubstat\R2.ElmTerm\Cub_1.StaCubic\ZLMINE_ZVDUAE-L1-7SA6.ElmRelay\Distance Polygonal.ElmRelay\Polarizing Z1b-Z5.RelZpol,0,SANTO DOMINGO,CENTRAL,CENTRAL 138 kV,ZLMINE,Polarizing Z1b-Z5
Pol_Z1,,\VM-PF.IntUser\PDD 30-09-2025.IntPrj\Network Model.IntPrjfolder\Network Data.IntPrjfolder\CENTRAL 138 kV.ElmNet\ZLMINE.ElmSubstat\L1.ElmTerm\Cub_1.StaCubic\ZLMINE_ZHNSAE-L3-7SD52.ElmRelay\Distance/Overcurrent/Voltage.ElmRelay\Pol_Z1.RelZpol,0,SANTO DOMINGO,CENTRAL,CENTRAL 138 kV,ZLMINE,Pol_Z1
Pol_Z1b-Z2-Z5,,\VM-PF.IntUser\PDD 30-09-2025.IntPrj\Network Model.IntPrjfolder\Network Data.IntPrjfolder\CENTRAL 138 kV.ElmNet\ZLMINE.ElmSubstat\L1.ElmTerm\Cub_1.StaCubic\ZLMINE_ZHNSAE-L3-7SD52.ElmRelay\Distance/Overcurrent/Voltage.ElmRelay\Pol_Z1b-Z2-Z5.RelZpol,0,SANTO DOMINGO,CENTRAL,CENTRAL 138 kV,ZLMINE,Pol_Z1b-Z2-Z5
Pol_Z1,,\VM-PF.IntUser\PDD 30-09-2025.IntPrj\Network Model.IntPrjfolder\Network Data.IntPrjfolder\CENTRAL 138 kV.ElmNet\ZLMINE.ElmSubstat\L1.ElmTerm\Cub_1.StaCubic\ZLMINE_ZHNSAE-L3-7SA522.ElmRelay\Pol_Z1.RelZpol,0,SANTO DOMINGO,CENTRAL,CENTRAL 138 kV,ZLMINE,Pol_Z1
Pol_Z1b-Z2-Z5,,\VM-PF.IntUser\PDD 30-09-2025.IntPrj\Network Model.IntPrjfolder\Network Data.IntPrjfolder\CENTRAL 138 kV.ElmNet\ZLMINE.ElmSubstat\L1.ElmTerm\Cub_1.StaCubic\ZLMINE_ZHNSAE-L3-7SA522.ElmRelay\Pol_Z1b-Z2-Z5.RelZpol,0,SANTO DOMINGO,CENTRAL,CENTRAL 138 kV,ZLMINE,Pol_Z1b-Z2-Z5
ZPol15,,\VM-PF.IntUser\PDD 30-09-2025.IntPrj\Network Model.IntPrjfolder\Network Data.IntPrjfolder\CENTRAL 138 kV.ElmNet\ZLMINE.ElmSubstat\L1.ElmTerm\Cub_1.StaCubic\ZLMINE_ZHNSAE-L3-7SA522.ElmRelay\ZPol15.RelZpol,0,SANTO DOMINGO,CENTRAL,CENTRAL 138 kV,ZLMINE,ZPol15
Pol_Z1,,\VM-PF.IntUser\PDD 30-09-2025.IntPrj\Network Model.IntPrjfolder\Network Data.IntPrjfolder\CENTRAL 138 kV.ElmNet\ZLMINE.ElmSubstat\R1.ElmTerm\Cub_1.StaCubic\ZLMINE_ZHNSAE-L2-7SD52.ElmRelay\Distance/Overcurrent/Voltage.ElmRelay\Pol_Z1.RelZpol,0,SANTO DOMINGO,CENTRAL,CENTRAL 138 kV,ZLMINE,Pol_Z1
Pol_Z1b-Z2-Z5,,\VM-PF.IntUser\PDD 30-09-2025.IntPrj\Network Model.IntPrjfolder\Network Data.IntPrjfolder\CENTRAL 138 kV.ElmNet\ZLMINE.ElmSubstat\R1.ElmTerm\Cub_1.StaCubic\ZLMINE_ZHNSAE-L2-7SD52.ElmRelay\Distance/Overcurrent/Voltage.ElmRelay\Pol_Z1b-Z2-Z5.RelZpol,0,SANTO DOMINGO,CENTRAL,CENTRAL 138 kV,ZLMINE,Pol_Z1b-Z2-Z5
Polarizing Z1,,\VM-PF.IntUser\PDD 30-09-2025.IntPrj\Network Model.IntPrjfolder\Network Data.IntPrjfolder\CENTRAL 138 kV.ElmNet\ZLMINE.ElmSubstat\L5.ElmTerm\Cub_1.StaCubic\ZLM11E_ZLISAE-L1-7SA6.ElmRelay\Distance Polygonal.ElmRelay\Polarizing Z1.RelZpol,0,SANTO DOMINGO,CENTRAL,CENTRAL 138 kV,ZLMINE,Polarizing Z1
Polarizing Z1b-Z5,,\VM-PF.IntUser\PDD 30-09-2025.IntPrj\Network Model.IntPrjfolder\Network Data.IntPrjfolder\CENTRAL 138 kV.ElmNet\ZLMINE.ElmSubstat\L5.ElmTerm\Cub_1.StaCubic\ZLM11E_ZLISAE-L1-7SA6.ElmRelay\Distance Polygonal.ElmRelay\Polarizing Z1b-Z5.RelZpol,0,SANTO DOMINGO,CENTRAL,CENTRAL 138 kV,ZLMINE,Polarizing Z1b-Z5
Pol_Z1,,\VM-PF.IntUser\PDD 30-09-2025.IntPrj\Network Model.IntPrjfolder\Network Data.IntPrjfolder\CENTRAL 138 kV.ElmNet\ZLMINE.ElmSubstat\L6.ElmTerm\Cub_1.StaCubic\ZLM11E_ZHNS2E-L1-7SD52.ElmRelay\Distance/Overcurrent/Voltage.ElmRelay\Pol_Z1.RelZpol,0,SANTO DOMINGO,CENTRAL,CENTRAL 138 kV,ZLMINE,Pol_Z1
Pol_Z1b-Z2-Z5,,\VM-PF.IntUser\PDD 30-09-2025.IntPrj\Network Model.IntPrjfolder\Network Data.IntPrjfolder\CENTRAL 138 kV.ElmNet\ZLMINE.ElmSubstat\L6.ElmTerm\Cub_1.StaCubic\ZLM11E_ZHNS2E-L1-7SD52.ElmRelay\Distance/Overcurrent/Voltage.ElmRelay\Pol_Z1b-Z2-Z5.RelZpol,0,SANTO DOMINGO,CENTRAL,CENTRAL 138 kV,ZLMINE,Pol_Z1b-Z2-Z5
Polarizing,,\VM-PF.IntUser\PDD 30-09-2025.IntPrj\Network Model.IntPrjfolder\Network Data.IntPrjfolder\CENTRAL 138 kV.ElmNet\ZLMINE.ElmSubstat\R5.ElmTerm\Cub_1.StaCubic\ZLMINE_ZTIM2E-L1-7SA511.ElmRelay\Polarizing.RelZpol,0,SANTO DOMINGO,CENTRAL,CENTRAL 138 kV,ZLMINE,Polarizing
Pol_Z1,,\VM-PF.IntUser\PDD 30-09-2025.IntPrj\Network Model.IntPrjfolder\Network Data.IntPrjfolder\CENTRAL 138 kV.ElmNet\ZLISAE.ElmSubstat\1.ElmTerm\Cub_1.StaCubic\ZLISAE_ZAHO1E-L1-7SA522.ElmRelay\Pol_Z1.RelZpol,0,DISTRITO NACIONAL,CENTRAL,CENTRAL 138 kV,ZLISAE,Pol_Z1
Pol_Z1b-Z2-Z5,,\VM-PF.IntUser\PDD 30-09-2025.IntPrj\Network Model.IntPrjfolder\Network Data.IntPrjfolder\CENTRAL 138 kV.ElmNet\ZLISAE.ElmSubstat\1.ElmTerm\Cub_1.StaCubic\ZLISAE_ZAHO1E-L1-7SA522.ElmRelay\Pol_Z1b-Z2-Z5.RelZpol,0,DISTRITO NACIONAL,CENTRAL,CENTRAL 138 kV,ZLISAE,Pol_Z1b-Z2-Z5
ZPol15,,\VM-PF.IntUser\PDD 30-09-2025.IntPrj\Network Model.IntPrjfolder\Network Data.IntPrjfolder\CENTRAL 138 kV.ElmNet\ZLISAE.ElmSubstat\1.ElmTerm\Cub_1.StaCubic\ZLISAE_ZAHO1E-L1-7SA522.ElmRelay\ZPol15.RelZpol,0,DISTRITO NACIONAL,CENTRAL,CENTRAL 138 kV,ZLISAE,ZPol15
Pol_Z1,,\VM-PF.IntUser\PDD 30-09-2025.IntPrj\Network Model.IntPrjfolder\Network Data.IntPrjfolder\CENTRAL 138 kV.ElmNet\ZLISAE.ElmSubstat\4.ElmTerm\Cub_1.StaCubic\ZLISAE_ZLM11E-L1-7SA522.ElmRelay\Pol_Z1.RelZpol,0,DISTRITO NACIONAL,CENTRAL,CENTRAL 138 kV,ZLISAE,Pol_Z1
Pol_Z1b-Z2-Z5,,\VM-PF.IntUser\PDD 30-09-2025.IntPrj\Network Model.IntPrjfolder\Network Data.IntPrjfolder\CENTRAL 138 kV.ElmNet\ZLISAE.ElmSubstat\4.ElmTerm\Cub_1.StaCubic\ZLISAE_ZLM11E-L1-7SA522.ElmRelay\Pol_Z1b-Z2-Z5.RelZpol,0,DISTRITO NACIONAL,CENTRAL,CENTRAL 138 kV,ZLISAE,Pol_Z1b-Z2-Z5
ZPol15,,\VM-PF.IntUser\PDD 30-09-2025.IntPrj\Network Model.IntPrjfolder\Network Data.IntPrjfolder\CENTRAL 138 kV.ElmNet\ZLISAE.ElmSubstat\4.ElmTerm\Cub_1.StaCubic\ZLISAE_ZLM11E-L1-7SA522.ElmRelay\ZPol15.RelZpol,0,DISTRITO NACIONAL,CENTRAL,CENTRAL 138 kV,ZLISAE,ZPol15
Polarizing Z1,,\VM-PF.IntUser\PDD 30-09-2025.IntPrj\Network Model.IntPrjfolder\Network Data.IntPrjfolder\CENTRAL 138 kV.ElmNet\ZIAANE.ElmSubstat\1.ElmTerm\Cub_1.StaCubic\ZAAINE_ZAANDE-L1-P44x.ElmRelay\Polarizing Z1.RelZpol,0,SANTO DOMINGO,CENTRAL,CENTRAL 138 kV,ZIAANE,Polarizing Z1
Polarizing Z2,,\VM-PF.IntUser\PDD 30-09-2025.IntPrj\Network Model.IntPrjfolder\Network Data.IntPrjfolder\CENTRAL 138 kV.ElmNet\ZIAANE.ElmSubstat\1.ElmTerm\Cub_1.StaCubic\ZAAINE_ZAANDE-L1-P44x.ElmRelay\Polarizing Z2.RelZpol,0,SANTO DOMINGO,CENTRAL,CENTRAL 138 kV,ZIAANE,Polarizing Z2
Polarizing Z3,,\VM-PF.IntUser\PDD 30-09-2025.IntPrj\Network Model.IntPrjfolder\Network Data.IntPrjfolder\CENTRAL 138 kV.ElmNet\ZIAANE.ElmSubstat\1.ElmTerm\Cub_1.StaCubic\ZAAINE_ZAANDE-L1-P44x.ElmRelay\Polarizing Z3.RelZpol,0,SANTO DOMINGO,CENTRAL,CENTRAL 138 kV,ZIAANE,Polarizing Z3
Polarizing ZP,,\VM-PF.IntUser\PDD 30-09-2025.IntPrj\Network Model.IntPrjfolder\Network Data.IntPrjfolder\CENTRAL 138 kV.ElmNet\ZIAANE.ElmSubstat\1.ElmTerm\Cub_1.StaCubic\ZAAINE_ZAANDE-L1-P44x.ElmRelay\Polarizing ZP.RelZpol,0,SANTO DOMINGO,CENTRAL,CENTRAL 138 kV,ZIAANE,Polarizing ZP
Polarizing Z4,,\VM-PF.IntUser\PDD 30-09-2025.IntPrj\Network Model.IntPrjfolder\Network Data.IntPrjfolder\CENTRAL 138 kV.ElmNet\ZIAANE.ElmSubstat\1.ElmTerm\Cub_1.StaCubic\ZAAINE_ZAANDE-L1-P44x.ElmRelay\Polarizing Z4.RelZpol,0,SANTO DOMINGO,CENTRAL,CENTRAL 138 kV,ZIAANE,Polarizing Z4
Polarizing Z1,,\VM-PF.IntUser\PDD 30-09-2025.IntPrj\Network Model.IntPrjfolder\Network Data.IntPrjfolder\CENTRAL 138 kV.ElmNet\ZIAANE.ElmSubstat\2.ElmTerm\Cub_1.StaCubic\ZAAINE_ZHNSAE-L2-7SA6.ElmRelay\Distance Polygonal.ElmRelay\Polarizing Z1.RelZpol,0,SANTO DOMINGO,CENTRAL,CENTRAL 138 kV,ZIAANE,Polarizing Z1
Polarizing Z1b-Z5,,\VM-PF.IntUser\PDD 30-09-2025.IntPrj\Network Model.IntPrjfolder\Network Data.IntPrjfolder\CENTRAL 138 kV.ElmNet\ZIAANE.ElmSubstat\2.ElmTerm\Cub_1.StaCubic\ZAAINE_ZHNSAE-L2-7SA6.ElmRelay\Distance Polygonal.ElmRelay\Polarizing Z1b-Z5.RelZpol,0,SANTO DOMINGO,CENTRAL,CENTRAL 138 kV,ZIAANE,Polarizing Z1b-Z5
Pol_Z1,,\VM-PF.IntUser\PDD 30-09-2025.IntPrj\Network Model.IntPrjfolder\Network Data.IntPrjfolder\CENTRAL 138 kV.ElmNet\ZIAANE.ElmSubstat\2.ElmTerm\Cub_1.StaCubic\ZAAINE_ZHNSAE-L2-7SD52.ElmRelay\Distance/Overcurrent/Voltage.ElmRelay\Pol_Z1.RelZpol,0,SANTO DOMINGO,CENTRAL,CENTRAL 138 kV,ZIAANE,Pol_Z1
Pol_Z1b-Z2-Z5,,\VM-PF.IntUser\PDD 30-09-2025.IntPrj\Network Model.IntPrjfolder\Network Data.IntPrjfolder\CENTRAL 138 kV.ElmNet\ZIAANE.ElmSubstat\2.ElmTerm\Cub_1.StaCubic\ZAAINE_ZHNSAE-L2-7SD52.ElmRelay\Distance/Overcurrent/Voltage.ElmRelay\Pol_Z1b-Z2-Z5.RelZpol,0,SANTO DOMINGO,CENTRAL,CENTRAL 138 kV,ZIAANE,Pol_Z1b-Z2-Z5
Polarizing Z1,,\VM-PF.IntUser\PDD 30-09-2025.IntPrj\Network Model.IntPrjfolder\Network Data.IntPrjfolder\CENTRAL 138 kV.ElmNet\ZIAANE.ElmSubstat\3.ElmTerm\Cub_1.StaCubic\ZAAINE_ZHNSAE-L1-7SA6.ElmRelay\Distance Polygonal.ElmRelay\Polarizing Z1.RelZpol,0,SANTO DOMINGO,CENTRAL,CENTRAL 138 kV,ZIAANE,Polarizing Z1
Polarizing Z1b-Z5,,\VM-PF.IntUser\PDD 30-09-2025.IntPrj\Network Model.IntPrjfolder\Network Data.IntPrjfolder\CENTRAL 138 kV.ElmNet\ZIAANE.ElmSubstat\3.ElmTerm\Cub_1.StaCubic\ZAAINE_ZHNSAE-L1-7SA6.ElmRelay\Distance Polygonal.ElmRelay\Polarizing Z1b-Z5.RelZpol,0,SANTO DOMINGO,CENTRAL,CENTRAL 138 kV,ZIAANE,Polarizing Z1b-Z5
Pol_Z1,,\VM-PF.IntUser\PDD 30-09-2025.IntPrj\Network Model.IntPrjfolder\Network Data.IntPrjfolder\CENTRAL 138 kV.ElmNet\ZIAANE.ElmSubstat\3.ElmTerm\Cub_1.StaCubic\ZAAINE_ZHNSAE-L1-7SD52.ElmRelay\Distance/Overcurrent/Voltage.ElmRelay\Pol_Z1.RelZpol,0,SANTO DOMINGO,CENTRAL,CENTRAL 138 kV,ZIAANE,Pol_Z1
Pol_Z1b-Z2-Z5,,\VM-PF.IntUser\PDD 30-09-2025.IntPrj\Network Model.IntPrjfolder\Network Data.IntPrjfolder\CENTRAL 138 kV.ElmNet\ZIAANE.ElmSubstat\3.ElmTerm\Cub_1.StaCubic\ZAAINE_ZHNSAE-L1-7SD52.ElmRelay\Distance/Overcurrent/Voltage.ElmRelay\Pol_Z1b-Z2-Z5.RelZpol,0,SANTO DOMINGO,CENTRAL,CENTRAL 138 kV,ZIAANE,Pol_Z1b-Z2-Z5
Polarizing Z1,,\VM-PF.IntUser\PDD 30-09-2025.IntPrj\Network Model.IntPrjfolder\Network Data.IntPrjfolder\CENTRAL 138 kV.ElmNet\ZIAANE.ElmSubstat\4.ElmTerm\Cub_1.StaCubic\ZAAINE_ZHNSAE-L1-7SA6.ElmRelay\Distance Polygonal.ElmRelay\Polarizing Z1.RelZpol,0,SANTO DOMINGO,CENTRAL,CENTRAL 138 kV,ZIAANE,Polarizing Z1
Polarizing Z1b-Z5,,\VM-PF.IntUser\PDD 30-09-2025.IntPrj\Network Model.IntPrjfolder\Network Data.IntPrjfolder\CENTRAL 138 kV.ElmNet\ZIAANE.ElmSubstat\4.ElmTerm\Cub_1.StaCubic\ZAAINE_ZHNSAE-L1-7SA6.ElmRelay\Distance Polygonal.ElmRelay\Polarizing Z1b-Z5.RelZpol,0,SANTO DOMINGO,CENTRAL,CENTRAL 138 kV,ZIAANE,Polarizing Z1b-Z5
Pol_Z1,,\VM-PF.IntUser\PDD 30-09-2025.IntPrj\Network Model.IntPrjfolder\Network Data.IntPrjfolder\CENTRAL 138 kV.ElmNet\ZIAANE.ElmSubstat\4.ElmTerm\Cub_1.StaCubic\ZAAINE_ZHNSAE-L1-7SD52.ElmRelay\Distance/Overcurrent/Voltage.ElmRelay\Pol_Z1.RelZpol,0,SANTO DOMINGO,CENTRAL,CENTRAL 138 kV,ZIAANE,Pol_Z1
Pol_Z1b-Z2-Z5,,\VM-PF.IntUser\PDD 30-09-2025.IntPrj\Network Model.IntPrjfolder\Network Data.IntPrjfolder\CENTRAL 138 kV.ElmNet\ZIAANE.ElmSubstat\4.ElmTerm\Cub_1.StaCubic\ZAAINE_ZHNSAE-L1-7SD52.ElmRelay\Distance/Overcurrent/Voltage.ElmRelay\Pol_Z1b-Z2-Z5.RelZpol,0,SANTO DOMINGO,CENTRAL,CENTRAL 138 kV,ZIAANE,Pol_Z1b-Z2-Z5
Polarizing Z1,,\VM-PF.IntUser\PDD 30-09-2025.IntPrj\Network Model.IntPrjfolder\Network Data.IntPrjfolder\CENTRAL 138 kV.ElmNet\ZIAANE.ElmSubstat\5.ElmTerm\Cub_1.StaCubic\ZAAINE_ZCLUIE-L1-7SA6.ElmRelay\Distance Polygonal.ElmRelay\Polarizing Z1.RelZpol,0,SANTO DOMINGO,CENTRAL,CENTRAL 138 kV,ZIAANE,Polarizing Z1
Polarizing Z1b-Z5,,\VM-PF.IntUser\PDD 30-09-2025.IntPrj\Network Model.IntPrjfolder\Network Data.IntPrjfolder\CENTRAL 138 kV.ElmNet\ZIAANE.ElmSubstat\5.ElmTerm\Cub_1.StaCubic\ZAAINE_ZCLUIE-L1-7SA6.ElmRelay\Distance Polygonal.ElmRelay\Polarizing Z1b-Z5.RelZpol,0,SANTO DOMINGO,CENTRAL,CENTRAL 138 kV,ZIAANE,Polarizing Z1b-Z5
Pol_Z1,,\VM-PF.IntUser\PDD 30-09-2025.IntPrj\Network Model.IntPrjfolder\Network Data.IntPrjfolder\CENTRAL 138 kV.ElmNet\ZIAANE.ElmSubstat\5.ElmTerm\Cub_1.StaCubic\ZAAINE_ZCLUIE-L1-7SD52.ElmRelay\Distance/Overcurrent/Voltage.ElmRelay\Pol_Z1.RelZpol,0,SANTO DOMINGO,CENTRAL,CENTRAL 138 kV,ZIAANE,Pol_Z1
Pol_Z1b-Z2-Z5,,\VM-PF.IntUser\PDD 30-09-2025.IntPrj\Network Model.IntPrjfolder\Network Data.IntPrjfolder\CENTRAL 138 kV.ElmNet\ZIAANE.ElmSubstat\5.ElmTerm\Cub_1.StaCubic\ZAAINE_ZCLUIE-L1-7SD52.ElmRelay\Distance/Overcurrent/Voltage.ElmRelay\Pol_Z1b-Z2-Z5.RelZpol,0,SANTO DOMINGO,CENTRAL,CENTRAL 138 kV,ZIAANE,Pol_Z1b-Z2-Z5
Polarizing Z1,,\VM-PF.IntUser\PDD 30-09-2025.IntPrj\Network Model.IntPrjfolder\Network Data.IntPrjfolder\CENTRAL 138 kV.ElmNet\ZLPRAE.ElmSubstat\1.ElmTerm\Cub_1.StaCubic\ZLPRAE_ZEMBAE-L1-7SA6.ElmRelay\Distance Polygonal.ElmRelay\Polarizing Z1.RelZpol,0,DISTRITO NACIONAL,CENTRAL,CENTRAL 138 kV,ZLPRAE,Polarizing Z1
Polarizing Z1b-Z5,,\VM-PF.IntUser\PDD 30-09-2025.IntPrj\Network Model.IntPrjfolder\Network Data.IntPrjfolder\CENTRAL 138 kV.ElmNet\ZLPRAE.ElmSubstat\1.ElmTerm\Cub_1.StaCubic\ZLPRAE_ZEMBAE-L1-7SA6.ElmRelay\Distance Polygonal.ElmRelay\Polarizing Z1b-Z5.RelZpol,0,DISTRITO NACIONAL,CENTRAL,CENTRAL 138 kV,ZLPRAE,Polarizing Z1b-Z5
Polarizing Z1,,\VM-PF.IntUser\PDD 30-09-2025.IntPrj\Network Model.IntPrjfolder\Network Data.IntPrjfolder\CENTRAL 138 kV.ElmNet\ZLPRAE.ElmSubstat\3.ElmTerm\Cub_1.StaCubic\ZLPRAE_ZHERRE-L1-7SA6.ElmRelay\Distance Polygonal.ElmRelay\Polarizing Z1.RelZpol,0,DISTRITO NACIONAL,CENTRAL,CENTRAL 138 kV,ZLPRAE,Polarizing Z1
Polarizing Z1b-Z5,,\VM-PF.IntUser\PDD 30-09-2025.IntPrj\Network Model.IntPrjfolder\Network Data.IntPrjfolder\CENTRAL 138 kV.ElmNet\ZLPRAE.ElmSubstat\3.ElmTerm\Cub_1.StaCubic\ZLPRAE_ZHERRE-L1-7SA6.ElmRelay\Distance Polygonal.ElmRelay\Polarizing Z1b-Z5.RelZpol,0,DISTRITO NACIONAL,CENTRAL,CENTRAL 138 kV,ZLPRAE,Polarizing Z1b-Z5
Polarizing Z1,,\VM-PF.IntUser\PDD 30-09-2025.IntPrj\Network Model.IntPrjfolder\Network Data.IntPrjfolder\CENTRAL 138 kV.ElmNet\ZLPRAE.ElmSubstat\2.ElmTerm\Cub_1.StaCubic\ZLPRAE_WITA2E-L1-7SA6.ElmRelay\Distance Polygonal.ElmRelay\Polarizing Z1.RelZpol,0,DISTRITO NACIONAL,CENTRAL,CENTRAL 138 kV,ZLPRAE,Polarizing Z1
Polarizing Z1b-Z5,,\VM-PF.IntUser\PDD 30-09-2025.IntPrj\Network Model.IntPrjfolder\Network Data.IntPrjfolder\CENTRAL 138 kV.ElmNet\ZLPRAE.ElmSubstat\2.ElmTerm\Cub_1.StaCubic\ZLPRAE_WITA2E-L1-7SA6.ElmRelay\Distance Polygonal.ElmRelay\Polarizing Z1b-Z5.RelZpol,0,DISTRITO NACIONAL,CENTRAL,CENTRAL 138 kV,ZLPRAE,Polarizing Z1b-Z5
Polarizing,,\VM-PF.IntUser\PDD 30-09-2025.IntPrj\Network Model.IntPrjfolder\Network Data.IntPrjfolder\CENTRAL 138 kV.ElmNet\ZUASDE.ElmSubstat\L1.ElmTerm\Cub_1.StaCubic\ZUASDE_ZCNPEE-L1-REL316-87L.ElmRelay\Polarizing.RelZpol,0,DISTRITO NACIONAL,CENTRAL,CENTRAL 138 kV,ZUASDE,Polarizing
Polarizing,,\VM-PF.IntUser\PDD 30-09-2025.IntPrj\Network Model.IntPrjfolder\Network Data.IntPrjfolder\CENTRAL 138 kV.ElmNet\ZUASDE.ElmSubstat\L1.ElmTerm\Cub_1.StaCubic\ZUASDE_ZCNPEE-L1-REL316.ElmRelay\Polarizing.RelZpol,0,DISTRITO NACIONAL,CENTRAL,CENTRAL 138 kV,ZUASDE,Polarizing
Polarizing,,\VM-PF.IntUser\PDD 30-09-2025.IntPrj\Network Model.IntPrjfolder\Network Data.IntPrjfolder\CENTRAL 138 kV.ElmNet\ZUASDE.ElmSubstat\R1.ElmTerm\Cub_1.StaCubic\ZUASDE_ZMATBE-L1-REL316-87L.ElmRelay\Polarizing.RelZpol,0,DISTRITO NACIONAL,CENTRAL,CENTRAL 138 kV,ZUASDE,Polarizing
Polarizing,,\VM-PF.IntUser\PDD 30-09-2025.IntPrj\Network Model.IntPrjfolder\Network Data.IntPrjfolder\CENTRAL 138 kV.ElmNet\ZUASDE.ElmSubstat\R1.ElmTerm\Cub_1.StaCubic\ZUASDE_ZMATBE-L1-REL316.ElmRelay\Polarizing.RelZpol,0,DISTRITO NACIONAL,CENTRAL,CENTRAL 138 kV,ZUASDE,Polarizing
Polarizing Z1,,\VM-PF.IntUser\PDD 30-09-2025.IntPrj\Network Model.IntPrjfolder\Network Data.IntPrjfolder\CENTRAL 138 kV.ElmNet\ZUASDE.ElmSubstat\L2.ElmTerm\Cub_1.StaCubic\ZUASDE_ZITAGE-L1-SEL 411L.ElmRelay\Polarizing Z1.RelZpol,0,DISTRITO NACIONAL,CENTRAL,CENTRAL 138 kV,ZUASDE,Polarizing Z1
Polarizing Z,,\VM-PF.IntUser\PDD 30-09-2025.IntPrj\Network Model.IntPrjfolder\Network Data.IntPrjfolder\CENTRAL 138 kV.ElmNet\ZUASDE.ElmSubstat\L2.ElmTerm\Cub_1.StaCubic\ZUASDE_ZITAGE-L1-SEL 411L.ElmRelay\Polarizing Z.RelZpol,0,DISTRITO NACIONAL,CENTRAL,CENTRAL 138 kV,ZUASDE,Polarizing Z
Polarizing Z1,,\VM-PF.IntUser\PDD 30-09-2025.IntPrj\Network Model.IntPrjfolder\Network Data.IntPrjfolder\CENTRAL 138 kV.ElmNet\ZEBRIE.ElmSubstat\2.ElmTerm\Cub_1.StaCubic\ZEBRIE_ZHNSAE-L1-7SA6.ElmRelay\Distance Polygonal.ElmRelay\Polarizing Z1.RelZpol,0,SANTO DOMINGO,CENTRAL,CENTRAL 138 kV,ZEBRIE,Polarizing Z1
Polarizing Z1b-Z5,,\VM-PF.IntUser\PDD 30-09-2025.IntPrj\Network Model.IntPrjfolder\Network Data.IntPrjfolder\CENTRAL 138 kV.ElmNet\ZEBRIE.ElmSubstat\2.ElmTerm\Cub_1.StaCubic\ZEBRIE_ZHNSAE-L1-7SA6.ElmRelay\Distance Polygonal.ElmRelay\Polarizing Z1b-Z5.RelZpol,0,SANTO DOMINGO,CENTRAL,CENTRAL 138 kV,ZEBRIE,Polarizing Z1b-Z5
Polarizing Z1,,\VM-PF.IntUser\PDD 30-09-2025.IntPrj\Network Model.IntPrjfolder\Network Data.IntPrjfolder\CENTRAL 138 kV.ElmNet\ZEBRIE.ElmSubstat\1.ElmTerm\Cub_1.StaCubic\ZEBRIE_VDU1E-L1-7SA6.ElmRelay\Distance Polygonal.ElmRelay\Polarizing Z1.RelZpol,0,SANTO DOMINGO,CENTRAL,CENTRAL 138 kV,ZEBRIE,Polarizing Z1
Polarizing Z1b-Z5,,\VM-PF.IntUser\PDD 30-09-2025.IntPrj\Network Model.IntPrjfolder\Network Data.IntPrjfolder\CENTRAL 138 kV.ElmNet\ZEBRIE.ElmSubstat\1.ElmTerm\Cub_1.StaCubic\ZEBRIE_VDU1E-L1-7SA6.ElmRelay\Distance Polygonal.ElmRelay\Polarizing Z1b-Z5.RelZpol,0,SANTO DOMINGO,CENTRAL,CENTRAL 138 kV,ZEBRIE,Polarizing Z1b-Z5
Polarizing,,\VM-PF.IntUser\PDD 30-09-2025.IntPrj\Network Model.IntPrjfolder\Network Data.IntPrjfolder\CENTRAL 138 kV.ElmNet\Metropolitano.ElmSite\ZMETRE.ElmSubstat\1.ElmTerm\Cub_1.StaCubic\ZMETRE_ZCNPEE-L1-REL316-87L.ElmRelay\Polarizing.RelZpol,0,DISTRITO NACIONAL,CENTRAL,CENTRAL 138 kV,ZMETRE,Polarizing
Polarizing,,\VM-PF.IntUser\PDD 30-09-2025.IntPrj\Network Model.IntPrjfolder\Network Data.IntPrjfolder\CENTRAL 138 kV.ElmNet\Metropolitano.ElmSite\ZMETRE.ElmSubstat\1.ElmTerm\Cub_1.StaCubic\ZMETRE_ZCNPEE-L1-REL316.ElmRelay\Polarizing.RelZpol,0,DISTRITO NACIONAL,CENTRAL,CENTRAL 138 kV,ZMETRE,Polarizing
Polarizing,,\VM-PF.IntUser\PDD 30-09-2025.IntPrj\Network Model.IntPrjfolder\Network Data.IntPrjfolder\CENTRAL 138 kV.ElmNet\Metropolitano.ElmSite\ZMETRE.ElmSubstat\2.ElmTerm\Cub_1.StaCubic\ZMETRE_ZPARAE-L1-REL316-87L.ElmRelay\Polarizing.RelZpol,0,DISTRITO NACIONAL,CENTRAL,CENTRAL 138 kV,ZMETRE,Polarizing
Polarizing,,\VM-PF.IntUser\PDD 30-09-2025.IntPrj\Network Model.IntPrjfolder\Network Data.IntPrjfolder\CENTRAL 138 kV.ElmNet\Metropolitano.ElmSite\ZMETRE.ElmSubstat\2.ElmTerm\Cub_1.StaCubic\ZMETRE_ZPARAE-L1-REL316.ElmRelay\Polarizing.RelZpol,0,DISTRITO NACIONAL,CENTRAL,CENTRAL 138 kV,ZMETRE,Polarizing
Polarizing,,\VM-PF.IntUser\PDD 30-09-2025.IntPrj\Network Model.IntPrjfolder\Network Data.IntPrjfolder\CENTRAL 138 kV.ElmNet\ZVMELE.ElmSubstat\1.ElmTerm\Cub_1.StaCubic\ZVMELE_ZPAL2E-L1-REF542.ElmRelay\Distance elements (F21).ElmRelay\Polarizing.RelZpol,0,SANTO DOMINGO,CENTRAL,CENTRAL 138 kV,ZVMELE,Polarizing
Polarizing,,\VM-PF.IntUser\PDD 30-09-2025.IntPrj\Network Model.IntPrjfolder\Network Data.IntPrjfolder\CENTRAL 138 kV.ElmNet\ZVMELE.ElmSubstat\1.ElmTerm\Cub_1.StaCubic\ZVMELE_ZPAL2E-L1-REL316.ElmRelay\Polarizing.RelZpol,0,SANTO DOMINGO,CENTRAL,CENTRAL 138 kV,ZVMELE,Polarizing
Polarizing,,\VM-PF.IntUser\PDD 30-09-2025.IntPrj\Network Model.IntPrjfolder\Network Data.IntPrjfolder\CENTRAL 138 kV.ElmNet\ZVMELE.ElmSubstat\2.ElmTerm\Cub_1.StaCubic\ZVMELE_ZHNSAE-L1-REF542.ElmRelay\Distance elements (F21).ElmRelay\Polarizing.RelZpol,0,SANTO DOMINGO,CENTRAL,CENTRAL 138 kV,ZVMELE,Polarizing
Polarizing,,\VM-PF.IntUser\PDD 30-09-2025.IntPrj\Network Model.IntPrjfolder\Network Data.IntPrjfolder\CENTRAL 138 kV.ElmNet\ZVMELE.ElmSubstat\2.ElmTerm\Cub_1.StaCubic\ZVMELE_ZHNSAE-L1-REL316.ElmRelay\Polarizing.RelZpol,0,SANTO DOMINGO,CENTRAL,CENTRAL 138 kV,ZVMELE,Polarizing
Polarizing,,\VM-PF.IntUser\PDD 30-09-2025.IntPrj\Network Model.IntPrjfolder\Network Data.IntPrjfolder\CENTRAL 138 kV.ElmNet\ZVMELE.ElmSubstat\5.ElmTerm\Cub_1.StaCubic\ZVMELE_ZPAL2E-L1-REF542.ElmRelay\Distance elements (F21).ElmRelay\Polarizing.RelZpol,0,SANTO DOMINGO,CENTRAL,CENTRAL 138 kV,ZVMELE,Polarizing
Polarizing,,\VM-PF.IntUser\PDD 30-09-2025.IntPrj\Network Model.IntPrjfolder\Network Data.IntPrjfolder\CENTRAL 138 kV.ElmNet\ZVMELE.ElmSubstat\5.ElmTerm\Cub_1.StaCubic\ZVMELE_ZPAL2E-L1-REL316.ElmRelay\Polarizing.RelZpol,0,SANTO DOMINGO,CENTRAL,CENTRAL 138 kV,ZVMELE,Polarizing
